{"type":"FeatureCollection","features":[{"type":"Feature","properties":{"n":"Mount Everest","m":8848,"cla":"mountain","r":1},"geometry":{"type":"Point","coordinates":[86.881,27.98]}},{"type":"Feature","properties":{"n":"K2","m":8611,"cla":"mountain","r":2},"geometry":{"type":"Point","coordinates":[76.513,35.882]}},{"type":"Feature","properties":{"n":"Kanchenjunga","m":8586,"cla":"mountain","r":9},"geometry":{"type":"Point","coordinates":[88.15,27.7]}},{"type":"Feature","properties":{"n":"Dhaulagiri","m":8172,"cla":"mountain","r":3},"geometry":{"type":"Point","coordinates":[83.495,28.696]}},{"type":"Feature","properties":{"n":"Nanga Parbat","m":8125,"cla":"mountain","r":9},"geometry":{"type":"Point","coordinates":[74.59,35.24]}},{"type":"Feature","properties":{"n":"Nanda Devi","m":7817,"cla":"mountain","r":5},"geometry":{"type":"Point","coordinates":[79.971,30.542]}},{"type":"Feature","properties":{"n":"Batura Sar","m":7795,"cla":"mountain","r":7},"geometry":{"type":"Point","coordinates":[74.56,36.538]}},{"type":"Feature","properties":{"n":"Namcha Barwa","m":7782,"cla":"mountain","r":7},"geometry":{"type":"Point","coordinates":[95.066,29.643]}},{"type":"Feature","properties":{"n":"Tirich Mir","m":7708,"cla":"mountain","r":9},"geometry":{"type":"Point","coordinates":[71.84,36.25]}},{"type":"Feature","properties":{"n":"Kongur Tagh","m":7649,"cla":"mountain","r":9},"geometry":{"type":"Point","coordinates":[75.31,38.59]}},{"type":"Feature","properties":{"n":"Gangkhar Puensum","m":7570,"cla":"mountain","r":9},"geometry":{"type":"Point","coordinates":[90.46,28.05]}},{"type":"Feature","properties":{"n":"Mount Gongga","m":7556,"cla":"mountain","r":3},"geometry":{"type":"Point","coordinates":[101.879,29.596]}},{"type":"Feature","properties":{"n":"Ismoil Somoni Peak","m":7495,"cla":"mountain","r":4},"geometry":{"type":"Point","coordinates":[72.022,38.932]}},{"type":"Feature","properties":{"n":"Noshaq","m":7492,"cla":"mountain","r":9},"geometry":{"type":"Point","coordinates":[71.781,36.422]}},{"type":"Feature","properties":{"n":"Jengish Chokusu","m":7439,"cla":"mountain","r":9},"geometry":{"type":"Point","coordinates":[80.13,42.04]}},{"type":"Feature","properties":{"n":"Gyala Peri","m":7294,"cla":"mountain","r":9},"geometry":{"type":"Point","coordinates":[94.97,29.81]}},{"type":"Feature","properties":{"n":"Liushi Shan","m":7167,"cla":"mountain","r":7},"geometry":{"type":"Point","coordinates":[80.926,35.323]}},{"type":"Feature","properties":{"n":"Mount Nyenchen Tanglha","m":7162,"cla":"mountain","r":6},"geometry":{"type":"Point","coordinates":[90.589,30.39]}},{"type":"Feature","properties":{"n":"Mount Nun","m":7135,"cla":"mountain","r":7},"geometry":{"type":"Point","coordinates":[76.024,33.984]}},{"type":"Feature","properties":{"n":"Lunpo Gangri","m":7095,"cla":"mountain","r":9},"geometry":{"type":"Point","coordinates":[84.61,29.83]}},{"type":"Feature","properties":{"n":"Kangto","m":7060,"cla":"mountain","r":4},"geometry":{"type":"Point","coordinates":[92.532,27.875]}},{"type":"Feature","properties":{"n":"Ulugh Muztagh","m":6973,"cla":"mountain","r":2},"geometry":{"type":"Point","coordinates":[87.413,36.417]}},{"type":"Feature","properties":{"n":"Aconcagua","m":6959,"cla":"mountain","r":2},"geometry":{"type":"Point","coordinates":[-70.016,-32.656]}},{"type":"Feature","properties":{"n":"Saser Kangri","m":6934,"cla":"mountain","r":9},"geometry":{"type":"Point","coordinates":[77.83,35.17]}},{"type":"Feature","properties":{"n":"Purog Kangri","m":6929,"cla":"mountain","r":9},"geometry":{"type":"Point","coordinates":[89.21,33.92]}},{"type":"Feature","properties":{"n":"Bairiga","m":6882,"cla":"mountain","r":9},"geometry":{"type":"Point","coordinates":[96.72,29.17]}},{"type":"Feature","properties":{"n":"Ojos del Salado","m":6880,"cla":"mountain","r":6},"geometry":{"type":"Point","coordinates":[-68.542,-27.11]}},{"type":"Feature","properties":{"n":"Huascar\u00e1n","m":6768,"cla":"mountain","r":6},"geometry":{"type":"Point","coordinates":[-77.609,-9.121]}},{"type":"Feature","properties":{"n":"Aktag","m":6748,"cla":"mountain","r":7},"geometry":{"type":"Point","coordinates":[84.602,36.734]}},{"type":"Feature","properties":{"n":"Llullaillaco","m":6739,"cla":"mountain","r":6},"geometry":{"type":"Point","coordinates":[-68.537,-24.72]}},{"type":"Feature","properties":{"n":"Kangju Kangri","m":6725,"cla":"mountain","r":7},"geometry":{"type":"Point","coordinates":[78.489,33.751]}},{"type":"Feature","properties":{"n":"Nganglong Mountains","m":6720,"cla":"mountain","r":3},"geometry":{"type":"Point","coordinates":[81.0,32.817]}},{"type":"Feature","properties":{"n":"Mount Kailash","m":6638,"cla":"mountain","r":2},"geometry":{"type":"Point","coordinates":[81.313,31.067]}},{"type":"Feature","properties":{"n":"Geladaindong Peak","m":6621,"cla":"mountain","r":3},"geometry":{"type":"Point","coordinates":[91.083,33.417]}},{"type":"Feature","properties":{"n":"Tupungato Volcano","m":6550,"cla":"mountain","r":6},"geometry":{"type":"Point","coordinates":[-69.769,-33.355]}},{"type":"Feature","properties":{"n":"Nevado Sajama","m":6542,"cla":"mountain","r":6},"geometry":{"type":"Point","coordinates":[-68.894,-18.102]}},{"type":"Feature","properties":{"n":"Coropuna","m":6425,"cla":"mountain","r":6},"geometry":{"type":"Point","coordinates":[-72.65,-15.517]}},{"type":"Feature","properties":{"n":"Illimani","m":6402,"cla":"mountain","r":6},"geometry":{"type":"Point","coordinates":[-67.785,-16.654]}},{"type":"Feature","properties":{"n":"Ausangate","m":6372,"cla":"mountain","r":6},"geometry":{"type":"Point","coordinates":[-71.233,-13.8]}},{"type":"Feature","properties":{"n":"Amne Machin","m":6282,"cla":"mountain","r":5},"geometry":{"type":"Point","coordinates":[99.467,34.8]}},{"type":"Feature","properties":{"n":"Chimborazo volcano","m":6267,"cla":"mountain","r":4},"geometry":{"type":"Point","coordinates":[-78.817,-1.469]}},{"type":"Feature","properties":{"n":"Denali","m":6194,"cla":"mountain","r":2},"geometry":{"type":"Point","coordinates":[-151.007,63.069]}},{"type":"Feature","properties":{"n":"Aucanquilcha","m":6176,"cla":"mountain","r":6},"geometry":{"type":"Point","coordinates":[-68.472,-21.228]}},{"type":"Feature","properties":{"n":"","m":5982,"cla":"spot elevation","r":7},"geometry":{"type":"Point","coordinates":[77.671,41.076]}},{"type":"Feature","properties":{"n":"Mount Logan","m":5959,"cla":"mountain","r":6},"geometry":{"type":"Point","coordinates":[-140.412,60.58]}},{"type":"Feature","properties":{"n":"Mount Kilimanjaro","m":5895,"cla":"mountain","r":2},"geometry":{"type":"Point","coordinates":[37.353,-3.076]}},{"type":"Feature","properties":{"n":"Hkakabo Razi","m":5881,"cla":"mountain","r":9},"geometry":{"type":"Point","coordinates":[97.54,28.33]}},{"type":"Feature","properties":{"n":"Kangze'gyai","m":5808,"cla":"mountain","r":7},"geometry":{"type":"Point","coordinates":[97.716,38.515]}},{"type":"Feature","properties":{"n":"Pico Crist\u00f3bal Col\u00f3n","m":5775,"cla":"mountain","r":7},"geometry":{"type":"Point","coordinates":[-73.692,10.842]}},{"type":"Feature","properties":{"n":"Mount Elbrus","m":5642,"cla":"mountain","r":2},"geometry":{"type":"Point","coordinates":[42.439,43.355]}},{"type":"Feature","properties":{"n":"Pico de Orizaba","m":5636,"cla":"mountain","r":6},"geometry":{"type":"Point","coordinates":[-97.278,19.034]}},{"type":"Feature","properties":{"n":"","m":5621,"cla":"spot elevation","r":9},"geometry":{"type":"Point","coordinates":[70.72,39.62]}},{"type":"Feature","properties":{"n":"Damavand","m":5610,"cla":"mountain","r":6},"geometry":{"type":"Point","coordinates":[52.109,35.955]}},{"type":"Feature","properties":{"n":"Bogda Peak","m":5445,"cla":"mountain","r":4},"geometry":{"type":"Point","coordinates":[88.317,43.795]}},{"type":"Feature","properties":{"n":"Popocat\u00e9petl","m":5420,"cla":"mountain","r":6},"geometry":{"type":"Point","coordinates":[-98.623,19.034]}},{"type":"Feature","properties":{"n":"Ritacuba Blanco","m":5410,"cla":"mountain","r":9},"geometry":{"type":"Point","coordinates":[-72.3,6.49]}},{"type":"Feature","properties":{"n":"Nevado del Ruiz","m":5311,"cla":"mountain","r":6},"geometry":{"type":"Point","coordinates":[-75.322,4.9]}},{"type":"Feature","properties":{"n":"Pik Karakol","m":5216,"cla":"mountain","r":9},"geometry":{"type":"Point","coordinates":[78.46,42.16]}},{"type":"Feature","properties":{"n":"Shkhara","m":5200,"cla":"mountain","r":9},"geometry":{"type":"Point","coordinates":[43.1,43.0]}},{"type":"Feature","properties":{"n":"Mount Kenya","m":5199,"cla":"mountain","r":4},"geometry":{"type":"Point","coordinates":[37.3,-0.15]}},{"type":"Feature","properties":{"n":"Mount Ararat","m":5137,"cla":"mountain","r":9},"geometry":{"type":"Point","coordinates":[44.3,39.7]}},{"type":"Feature","properties":{"n":"Sh\u0101h F\u014dl\u0101d\u012b","m":5048,"cla":"mountain","r":4},"geometry":{"type":"Point","coordinates":[67.628,34.642]}},{"type":"Feature","properties":{"n":"Mount Blackburn","m":4996,"cla":"mountain","r":6},"geometry":{"type":"Point","coordinates":[-143.443,61.737]}},{"type":"Feature","properties":{"n":"Pico Bol\u00edvar","m":4980,"cla":"mountain","r":4},"geometry":{"type":"Point","coordinates":[-71.053,8.553]}},{"type":"Feature","properties":{"n":"Mount Stanley","m":4979,"cla":"mountain","r":4},"geometry":{"type":"Point","coordinates":[29.872,0.38]}},{"type":"Feature","properties":{"n":"Pik Talgar","m":4979,"cla":"mountain","r":7},"geometry":{"type":"Point","coordinates":[77.331,43.105]}},{"type":"Feature","properties":{"n":"Vinson Massif","m":4892,"cla":"mountain","r":2},"geometry":{"type":"Point","coordinates":[-85.634,-78.529]}},{"type":"Feature","properties":{"n":"Puncak Jaya","m":4884,"cla":"mountain","r":4},"geometry":{"type":"Point","coordinates":[137.166,-4.078]}},{"type":"Feature","properties":{"n":"Mount Sabalan","m":4814,"cla":"mountain","r":7},"geometry":{"type":"Point","coordinates":[47.822,38.255]}},{"type":"Feature","properties":{"n":"Mont Blanc","m":4807,"cla":"mountain","r":3},"geometry":{"type":"Point","coordinates":[6.865,45.834]}},{"type":"Feature","properties":{"n":"Sikaram","m":4755,"cla":"mountain","r":9},"geometry":{"type":"Point","coordinates":[69.9,34.04]}},{"type":"Feature","properties":{"n":"Klyuchevskaya Sopka","m":4750,"cla":"mountain","r":4},"geometry":{"type":"Point","coordinates":[160.644,56.056]}},{"type":"Feature","properties":{"n":"Domuyo","m":4709,"cla":"mountain","r":6},"geometry":{"type":"Point","coordinates":[-70.42,-36.58]}},{"type":"Feature","properties":{"n":"Mount Fairweather","m":4671,"cla":"mountain","r":6},"geometry":{"type":"Point","coordinates":[-137.527,58.907]}},{"type":"Feature","properties":{"n":"","m":4643,"cla":"spot elevation","r":9},"geometry":{"type":"Point","coordinates":[68.17,38.95]}},{"type":"Feature","properties":{"n":"Monte Rosa Massif","m":4634,"cla":"mountain","r":9},"geometry":{"type":"Point","coordinates":[7.87,45.94]}},{"type":"Feature","properties":{"n":"K\u00f6ketau","m":4622,"cla":"mountain","r":9},"geometry":{"type":"Point","coordinates":[80.94,45.17]}},{"type":"Feature","properties":{"n":"Zard Kuh","m":4548,"cla":"mountain","r":9},"geometry":{"type":"Point","coordinates":[50.09,32.37]}},{"type":"Feature","properties":{"n":"Ras Dashen","m":4533,"cla":"mountain","r":5},"geometry":{"type":"Point","coordinates":[38.372,13.237]}},{"type":"Feature","properties":{"n":"Mount Kirkpatrick","m":4528,"cla":"mountain","r":6},"geometry":{"type":"Point","coordinates":[166.45,-84.34]}},{"type":"Feature","properties":{"n":"Mount Karisimbi","m":4519,"cla":"mountain","r":9},"geometry":{"type":"Point","coordinates":[29.45,-1.5]}},{"type":"Feature","properties":{"n":"Mount Wilhelm","m":4509,"cla":"mountain","r":6},"geometry":{"type":"Point","coordinates":[145.033,-5.8]}},{"type":"Feature","properties":{"n":"Belukha Mountain","m":4506,"cla":"mountain","r":3},"geometry":{"type":"Point","coordinates":[86.606,49.807]}},{"type":"Feature","properties":{"n":"Laotzyunshan","m":4500,"cla":"mountain","r":7},"geometry":{"type":"Point","coordinates":[99.617,26.873]}},{"type":"Feature","properties":{"n":"Tebulosmta","m":4494,"cla":"mountain","r":9},"geometry":{"type":"Point","coordinates":[45.3,42.59]}},{"type":"Feature","properties":{"n":"Gora Manas","m":4482,"cla":"mountain","r":4},"geometry":{"type":"Point","coordinates":[71.054,42.29]}},{"type":"Feature","properties":{"n":"Matterhorn","m":4478,"cla":"mountain","r":6},"geometry":{"type":"Point","coordinates":[7.73,45.938]}},{"type":"Feature","properties":{"n":"Mount Bazard\u00fcz\u00fc","m":4466,"cla":"mountain","r":9},"geometry":{"type":"Point","coordinates":[47.86,41.21]}},{"type":"Feature","properties":{"n":"K\u016bh-e Hez\u0101r","m":4465,"cla":"mountain","r":6},"geometry":{"type":"Point","coordinates":[57.272,29.512]}},{"type":"Feature","properties":{"n":"Mount Whitney","m":4421,"cla":"mountain","r":2},"geometry":{"type":"Point","coordinates":[-118.292,36.583]}},{"type":"Feature","properties":{"n":"Talo","m":4413,"cla":"mountain","r":5},"geometry":{"type":"Point","coordinates":[37.882,10.657]}},{"type":"Feature","properties":{"n":"Dena","m":4409,"cla":"mountain","r":9},"geometry":{"type":"Point","coordinates":[51.44,30.95]}},{"type":"Feature","properties":{"n":"Mount Elbert","m":4402,"cla":"mountain","r":5},"geometry":{"type":"Point","coordinates":[-106.446,39.125]}},{"type":"Feature","properties":{"n":"Mount Rainier","m":4392,"cla":"mountain","r":9},"geometry":{"type":"Point","coordinates":[-121.76,46.85]}},{"type":"Feature","properties":{"n":"Tavan Bogd","m":4374,"cla":"mountain","r":9},"geometry":{"type":"Point","coordinates":[87.82,49.15]}},{"type":"Feature","properties":{"n":"Uncompahgre Peak","m":4361,"cla":"mountain","r":5},"geometry":{"type":"Point","coordinates":[-107.477,38.073]}},{"type":"Feature","properties":{"n":"Longs Peak","m":4346,"cla":"mountain","r":6},"geometry":{"type":"Point","coordinates":[-105.62,40.255]}},{"type":"Feature","properties":{"n":"White Mountain Peak","m":4342,"cla":"mountain","r":9},"geometry":{"type":"Point","coordinates":[-118.26,37.63]}},{"type":"Feature","properties":{"n":"","m":4330,"cla":"spot elevation","r":9},"geometry":{"type":"Point","coordinates":[102.91,26.15]}},{"type":"Feature","properties":{"n":"Colima","m":4330,"cla":"mountain","r":6},"geometry":{"type":"Point","coordinates":[-103.634,19.567]}},{"type":"Feature","properties":{"n":"Mount Shasta","m":4322,"cla":"mountain","r":3},"geometry":{"type":"Point","coordinates":[-122.195,41.409]}},{"type":"Feature","properties":{"n":"Mount Elgon","m":4321,"cla":"mountain","r":5},"geometry":{"type":"Point","coordinates":[34.534,1.123]}},{"type":"Feature","properties":{"n":"Mount Batu","m":4307,"cla":"mountain","r":5},"geometry":{"type":"Point","coordinates":[39.417,6.667]}},{"type":"Feature","properties":{"n":"Mount Sidley","m":4285,"cla":"mountain","r":3},"geometry":{"type":"Point","coordinates":[-126.067,-77.032]}},{"type":"Feature","properties":{"n":"Galeras","m":4276,"cla":"mountain","r":6},"geometry":{"type":"Point","coordinates":[-77.367,1.217]}},{"type":"Feature","properties":{"n":"Finsteraarhorn","m":4274,"cla":"mountain","r":9},"geometry":{"type":"Point","coordinates":[8.13,46.54]}},{"type":"Feature","properties":{"n":"Amba Farit","m":4270,"cla":"mountain","r":9},"geometry":{"type":"Point","coordinates":[39.1,10.95]}},{"type":"Feature","properties":{"n":"M\u00f6nkh Khairkhan","m":4231,"cla":"mountain","r":7},"geometry":{"type":"Point","coordinates":[91.465,46.89]}},{"type":"Feature","properties":{"n":"Mount Kaplan","m":4230,"cla":"mountain","r":9},"geometry":{"type":"Point","coordinates":[175.36,-84.56]}},{"type":"Feature","properties":{"n":"Volc\u00e1n Tajumulco y Tacana","m":4220,"cla":"mountain","r":7},"geometry":{"type":"Point","coordinates":[-91.896,15.043]}},{"type":"Feature","properties":{"n":"Gannett Peak","m":4207,"cla":"mountain","r":9},"geometry":{"type":"Point","coordinates":[-109.65,43.18]}},{"type":"Feature","properties":{"n":"Mauna Kea","m":4205,"cla":"mountain","r":6},"geometry":{"type":"Point","coordinates":[-155.468,19.82]}},{"type":"Feature","properties":{"n":"Grand Teton","m":4199,"cla":"mountain","r":3},"geometry":{"type":"Point","coordinates":[-110.802,43.763]}},{"type":"Feature","properties":{"n":"Kuh-e Jang Qal'eh","m":4171,"cla":"mountain","r":4},"geometry":{"type":"Point","coordinates":[64.188,33.117]}},{"type":"Feature","properties":{"n":"Mount Minto","m":4166,"cla":"mountain","r":6},"geometry":{"type":"Point","coordinates":[168.757,-71.77]}},{"type":"Feature","properties":{"n":"Jbel Toubkal","m":4165,"cla":"mountain","r":5},"geometry":{"type":"Point","coordinates":[-7.916,31.062]}},{"type":"Feature","properties":{"n":"","m":4125,"cla":"spot elevation","r":9},"geometry":{"type":"Point","coordinates":[146.37,-5.95]}},{"type":"Feature","properties":{"n":"King's Peak","m":4123,"cla":"mountain","r":5},"geometry":{"type":"Point","coordinates":[-110.373,40.782]}},{"type":"Feature","properties":{"n":"Mount Kinabalu","m":4101,"cla":"mountain","r":4},"geometry":{"type":"Point","coordinates":[116.55,6.083]}},{"type":"Feature","properties":{"n":"Dome A (Dome Argus)","m":4093,"cla":"plateau","r":6},"geometry":{"type":"Point","coordinates":[77.348,-80.356]}},{"type":"Feature","properties":{"n":"Mount Aragats","m":4090,"cla":"mountain","r":9},"geometry":{"type":"Point","coordinates":[44.2,40.53]}},{"type":"Feature","properties":{"n":"Mount Fridtjof Nansen","m":4069,"cla":"mountain","r":3},"geometry":{"type":"Point","coordinates":[-167.555,-85.348]}},{"type":"Feature","properties":{"n":"Volc\u00e1n Tacan\u00e1","m":4067,"cla":"mountain","r":9},"geometry":{"type":"Point","coordinates":[-92.11,15.13]}},{"type":"Feature","properties":{"n":"Monte San Valentin","m":4058,"cla":"mountain","r":6},"geometry":{"type":"Point","coordinates":[-73.346,-46.595]}},{"type":"Feature","properties":{"n":"Mount Cameroon","m":4040,"cla":"mountain","r":9},"geometry":{"type":"Point","coordinates":[9.17,4.22]}},{"type":"Feature","properties":{"n":"Dombai-Ulgen","m":4038,"cla":"mountain","r":9},"geometry":{"type":"Point","coordinates":[41.74,43.23]}},{"type":"Feature","properties":{"n":"Mount Victoria","m":4038,"cla":"mountain","r":7},"geometry":{"type":"Point","coordinates":[147.543,-8.896]}},{"type":"Feature","properties":{"n":"Mount Lister","m":4023,"cla":"mountain","r":9},"geometry":{"type":"Point","coordinates":[162.69,-78.06]}},{"type":"Feature","properties":{"n":"Mount Waddington","m":4019,"cla":"mountain","r":6},"geometry":{"type":"Point","coordinates":[-125.262,51.372]}},{"type":"Feature","properties":{"n":"Mount Satima","m":4001,"cla":"mountain","r":5},"geometry":{"type":"Point","coordinates":[36.624,-0.325]}},{"type":"Feature","properties":{"n":"Otgontenger","m":4000,"cla":"mountain","r":5},"geometry":{"type":"Point","coordinates":[97.55,47.6]}},{"type":"Feature","properties":{"n":"Truchas Peak","m":3993,"cla":"mountain","r":6},"geometry":{"type":"Point","coordinates":[-105.645,35.963]}},{"type":"Feature","properties":{"n":"Wheeler Peak","m":3982,"cla":"mountain","r":5},"geometry":{"type":"Point","coordinates":[-114.313,38.986]}},{"type":"Feature","properties":{"n":"Ikh Bogd","m":3957,"cla":"mountain","r":7},"geometry":{"type":"Point","coordinates":[100.238,45.005]}},{"type":"Feature","properties":{"n":"Mount Robson","m":3954,"cla":"mountain","r":6},"geometry":{"type":"Point","coordinates":[-119.155,53.11]}},{"type":"Feature","properties":{"n":"Yushan Main Peak","m":3952,"cla":"mountain","r":6},"geometry":{"type":"Point","coordinates":[120.957,23.47]}},{"type":"Feature","properties":{"n":"Mount Taftan","m":3941,"cla":"mountain","r":7},"geometry":{"type":"Point","coordinates":[61.132,28.63]}},{"type":"Feature","properties":{"n":"Faure Peak","m":3940,"cla":"mountain","r":9},"geometry":{"type":"Point","coordinates":[-128.63,-85.71]}},{"type":"Feature","properties":{"n":"Ka\u00e7kar Da\u011f\u0131","m":3931,"cla":"mountain","r":7},"geometry":{"type":"Point","coordinates":[41.128,40.841]}},{"type":"Feature","properties":{"n":"Erciyes Dagi","m":3917,"cla":"mountain","r":9},"geometry":{"type":"Point","coordinates":[35.45,38.53]}},{"type":"Feature","properties":{"n":"Mount Peale","m":3877,"cla":"mountain","r":9},"geometry":{"type":"Point","coordinates":[-109.23,38.44]}},{"type":"Feature","properties":{"n":"Borah Peak","m":3859,"cla":"mountain","r":5},"geometry":{"type":"Point","coordinates":[-113.782,44.14]}},{"type":"Feature","properties":{"n":"Humphreys Peak","m":3851,"cla":"mountain","r":6},"geometry":{"type":"Point","coordinates":[-111.678,35.346]}},{"type":"Feature","properties":{"n":"Mount Saramati","m":3826,"cla":"mountain","r":9},"geometry":{"type":"Point","coordinates":[95.04,25.73]}},{"type":"Feature","properties":{"n":"Cerro Chirrip\u00f3","m":3820,"cla":"mountain","r":6},"geometry":{"type":"Point","coordinates":[-83.489,9.484]}},{"type":"Feature","properties":{"n":"Dome Fuji Station","m":3810,"cla":"plateau","r":6},"geometry":{"type":"Point","coordinates":[39.698,-77.323]}},{"type":"Feature","properties":{"n":"Mount Kerinci","m":3805,"cla":"mountain","r":6},"geometry":{"type":"Point","coordinates":[101.271,-1.698]}},{"type":"Feature","properties":{"n":"Grossglockner","m":3798,"cla":"mountain","r":6},"geometry":{"type":"Point","coordinates":[12.695,47.075]}},{"type":"Feature","properties":{"n":"Mount Erebus","m":3795,"cla":"mountain","r":6},"geometry":{"type":"Point","coordinates":[167.183,-77.514]}},{"type":"Feature","properties":{"n":"Mount Fuji","m":3776,"cla":"mountain","r":6},"geometry":{"type":"Point","coordinates":[138.731,35.358]}},{"type":"Feature","properties":{"n":"Mount Taibai","m":3767,"cla":"mountain","r":5},"geometry":{"type":"Point","coordinates":[107.75,33.95]}},{"type":"Feature","properties":{"n":"Kizilkaya","m":3767,"cla":"mountain","r":9},"geometry":{"type":"Point","coordinates":[32.07,37.97]}},{"type":"Feature","properties":{"n":"Demirkaz\u0131k Peak","m":3756,"cla":"mountain","r":7},"geometry":{"type":"Point","coordinates":[35.156,37.836]}},{"type":"Feature","properties":{"n":"Aoraki / Mount Cook","m":3754,"cla":"mountain","r":6},"geometry":{"type":"Point","coordinates":[170.141,-43.596]}},{"type":"Feature","properties":{"n":"Cerro Nube Flane","m":3750,"cla":"mountain","r":6},"geometry":{"type":"Point","coordinates":[-96.187,16.214]}},{"type":"Feature","properties":{"n":"Rinjani","m":3726,"cla":"mountain","r":9},"geometry":{"type":"Point","coordinates":[116.46,-8.41]}},{"type":"Feature","properties":{"n":"Teide","m":3718,"cla":"mountain","r":6},"geometry":{"type":"Point","coordinates":[-16.639,28.271]}},{"type":"Feature","properties":{"n":"Cerro San Rafael","m":3710,"cla":"mountain","r":9},"geometry":{"type":"Point","coordinates":[-100.56,25.36]}},{"type":"Feature","properties":{"n":"Gunnbj\u00f8rn Fjeld","m":3694,"cla":"mountain","r":6},"geometry":{"type":"Point","coordinates":[-29.898,68.919]}},{"type":"Feature","properties":{"n":"Mount Loolmalasin","m":3682,"cla":"mountain","r":6},"geometry":{"type":"Point","coordinates":[35.84,-3.043]}},{"type":"Feature","properties":{"n":"Gunung Semeru","m":3676,"cla":"mountain","r":6},"geometry":{"type":"Point","coordinates":[112.92,-8.108]}},{"type":"Feature","properties":{"n":"Jabal an Nabi Shu'ayb","m":3666,"cla":"mountain","r":6},"geometry":{"type":"Point","coordinates":[43.971,15.275]}},{"type":"Feature","properties":{"n":"Sierra Blanca","m":3649,"cla":"mountain","r":9},"geometry":{"type":"Point","coordinates":[-105.81,33.37]}},{"type":"Feature","properties":{"n":"K\u016bh-e Gar\u012bn","m":3630,"cla":"mountain","r":9},"geometry":{"type":"Point","coordinates":[48.48,33.96]}},{"type":"Feature","properties":{"n":"Gugu","m":3626,"cla":"mountain","r":9},"geometry":{"type":"Point","coordinates":[39.96,8.21]}},{"type":"Feature","properties":{"n":"Cheekha Dar","m":3611,"cla":"mountain","r":9},"geometry":{"type":"Point","coordinates":[44.92,36.78]}},{"type":"Feature","properties":{"n":"K\u016bh-e \u1e28\u0101jj\u012b Ebr\u0101h\u012bm","m":3587,"cla":"mountain","r":7},"geometry":{"type":"Point","coordinates":[45.006,36.545]}},{"type":"Feature","properties":{"n":"Tronador","m":3554,"cla":"mountain","r":6},"geometry":{"type":"Point","coordinates":[-71.885,-41.157]}},{"type":"Feature","properties":{"n":"Helan Mountains","m":3540,"cla":"mountain","r":7},"geometry":{"type":"Point","coordinates":[105.945,38.837]}},{"type":"Feature","properties":{"n":"Mount Sir Sandford","m":3519,"cla":"mountain","r":9},"geometry":{"type":"Point","coordinates":[-117.886,51.664]}},{"type":"Feature","properties":{"n":"San Gorgonio Mountain","m":3505,"cla":"mountain","r":6},"geometry":{"type":"Point","coordinates":[-116.826,34.108]}},{"type":"Feature","properties":{"n":"Daxue shan","m":3500,"cla":"mountain","r":9},"geometry":{"type":"Point","coordinates":[99.64,24.11]}},{"type":"Feature","properties":{"n":"Sierra El Viejo","m":3500,"cla":"mountain","r":7},"geometry":{"type":"Point","coordinates":[-99.732,24.001]}},{"type":"Feature","properties":{"n":"M\u00f6nkh Saridag","m":3491,"cla":"mountain","r":4},"geometry":{"type":"Point","coordinates":[100.617,51.716]}},{"type":"Feature","properties":{"n":"Vostok Station","m":3488,"cla":"plateau","r":6},"geometry":{"type":"Point","coordinates":[106.84,-78.427]}},{"type":"Feature","properties":{"n":"Thabana Ntlenyana","m":3482,"cla":"mountain","r":5},"geometry":{"type":"Point","coordinates":[29.267,-29.467]}},{"type":"Feature","properties":{"n":"Mont Mohi","m":3480,"cla":"mountain","r":9},"geometry":{"type":"Point","coordinates":[28.78,-2.95]}},{"type":"Feature","properties":{"n":"Mulhac\u00e9n","m":3479,"cla":"mountain","r":7},"geometry":{"type":"Point","coordinates":[-3.311,37.051]}},{"type":"Feature","properties":{"n":"Mount Baldy","m":3476,"cla":"mountain","r":6},"geometry":{"type":"Point","coordinates":[-109.571,33.92]}},{"type":"Feature","properties":{"n":"Bar\u00fa Volcano","m":3475,"cla":"mountain","r":6},"geometry":{"type":"Point","coordinates":[-82.547,8.808]}},{"type":"Feature","properties":{"n":"Mount Takahe","m":3460,"cla":"mountain","r":3},"geometry":{"type":"Point","coordinates":[-112.1,-76.273]}},{"type":"Feature","properties":{"n":"Koryaksky","m":3456,"cla":"mountain","r":6},"geometry":{"type":"Point","coordinates":[158.72,53.335]}},{"type":"Feature","properties":{"n":"Buntu Rantekambola","m":3455,"cla":"mountain","r":6},"geometry":{"type":"Point","coordinates":[120.025,-3.341]}},{"type":"Feature","properties":{"n":"Obasta Tsukai","m":3452,"cla":"mountain","r":7},"geometry":{"type":"Point","coordinates":[69.937,31.694]}},{"type":"Feature","properties":{"n":"Mafadi","m":3451,"cla":"mountain","r":9},"geometry":{"type":"Point","coordinates":[29.36,-29.2]}},{"type":"Feature","properties":{"n":"Cerro El Jabali","m":3440,"cla":"mountain","r":9},"geometry":{"type":"Point","coordinates":[-101.38,25.18]}},{"type":"Feature","properties":{"n":"Mount Hood","m":3426,"cla":"mountain","r":3},"geometry":{"type":"Point","coordinates":[-121.697,45.384]}},{"type":"Feature","properties":{"n":"Isachsen Mountain","m":3425,"cla":"mountain","r":9},"geometry":{"type":"Point","coordinates":[26.08,-72.13]}},{"type":"Feature","properties":{"n":"Argun","m":3418,"cla":"mountain","r":5},"geometry":{"type":"Point","coordinates":[36.747,6.11]}},{"type":"Feature","properties":{"n":"Crazy Peak","m":3417,"cla":"mountain","r":9},"geometry":{"type":"Point","coordinates":[-110.28,46.02]}},{"type":"Feature","properties":{"n":"Emi Koussi","m":3415,"cla":"mountain","r":6},"geometry":{"type":"Point","coordinates":[18.552,19.793]}},{"type":"Feature","properties":{"n":"Gara Muleta","m":3405,"cla":"mountain","r":5},"geometry":{"type":"Point","coordinates":[41.734,9.269]}},{"type":"Feature","properties":{"n":"Aneto","m":3404,"cla":"mountain","r":7},"geometry":{"type":"Point","coordinates":[0.663,42.632]}},{"type":"Feature","properties":{"n":"Kegueur Terbi","m":3376,"cla":"mountain","r":6},"geometry":{"type":"Point","coordinates":[18.7,21.417]}},{"type":"Feature","properties":{"n":"Mount Fitz Roy","m":3375,"cla":"mountain","r":6},"geometry":{"type":"Point","coordinates":[-73.043,-49.271]}},{"type":"Feature","properties":{"n":"Mont Forel","m":3360,"cla":"mountain","r":6},"geometry":{"type":"Point","coordinates":[-36.815,66.935]}},{"type":"Feature","properties":{"n":"Cerro Mohinora","m":3348,"cla":"mountain","r":7},"geometry":{"type":"Point","coordinates":[-107.005,26.034]}},{"type":"Feature","properties":{"n":"Adrar Bou Nasser","m":3340,"cla":"mountain","r":9},"geometry":{"type":"Point","coordinates":[-3.88,33.59]}},{"type":"Feature","properties":{"n":"Cerro Gordo","m":3340,"cla":"mountain","r":9},"geometry":{"type":"Point","coordinates":[-104.95,23.24]}},{"type":"Feature","properties":{"n":"Mount Etna","m":3322,"cla":"mountain","r":6},"geometry":{"type":"Point","coordinates":[14.995,37.755]}},{"type":"Feature","properties":{"n":"","m":3315,"cla":"spot elevation","r":6},"geometry":{"type":"Point","coordinates":[16.527,21.131]}},{"type":"Feature","properties":{"n":"Kuh-e Siah Khvani","m":3314,"cla":"mountain","r":9},"geometry":{"type":"Point","coordinates":[59.05,36.28]}},{"type":"Feature","properties":{"n":"Maotou Shan","m":3306,"cla":"mountain","r":9},"geometry":{"type":"Point","coordinates":[100.63,24.52]}},{"type":"Feature","properties":{"n":"Mount Baker","m":3286,"cla":"mountain","r":5},"geometry":{"type":"Point","coordinates":[-121.823,48.796]}},{"type":"Feature","properties":{"n":"Jabal Jihaf","m":3277,"cla":"mountain","r":7},"geometry":{"type":"Point","coordinates":[44.521,13.741]}},{"type":"Feature","properties":{"n":"K\u016bh-e F\u0101regh\u0101n","m":3240,"cla":"mountain","r":9},"geometry":{"type":"Point","coordinates":[56.35,27.89]}},{"type":"Feature","properties":{"n":"Summit Camp","m":3238,"cla":"plateau","r":7},"geometry":{"type":"Point","coordinates":[-38.453,72.582]}},{"type":"Feature","properties":{"n":"Concordia Station","m":3233,"cla":"plateau","r":6},"geometry":{"type":"Point","coordinates":[123.36,-75.092]}},{"type":"Feature","properties":{"n":"Mount Cleveland","m":3190,"cla":"mountain","r":6},"geometry":{"type":"Point","coordinates":[-113.848,48.925]}},{"type":"Feature","properties":{"n":"Kinyeti","m":3187,"cla":"mountain","r":5},"geometry":{"type":"Point","coordinates":[32.901,3.955]}},{"type":"Feature","properties":{"n":"Mount Jackson","m":3184,"cla":"mountain","r":6},"geometry":{"type":"Point","coordinates":[-63.383,-71.367]}},{"type":"Feature","properties":{"n":"Fansipan","m":3142,"cla":"mountain","r":7},"geometry":{"type":"Point","coordinates":[103.772,22.313]}},{"type":"Feature","properties":{"n":"","m":3142,"cla":"spot elevation","r":7},"geometry":{"type":"Point","coordinates":[115.4,-8.313]}},{"type":"Feature","properties":{"n":"A\u00fdrybaba","m":3137,"cla":"mountain","r":9},"geometry":{"type":"Point","coordinates":[66.57,37.83]}},{"type":"Feature","properties":{"n":"Mount Redoubt","m":3108,"cla":"mountain","r":9},"geometry":{"type":"Point","coordinates":[-152.74,60.49]}},{"type":"Feature","properties":{"n":"Pico Duarte","m":3098,"cla":"mountain","r":6},"geometry":{"type":"Point","coordinates":[-70.998,19.023]}},{"type":"Feature","properties":{"n":"Trapper Peak","m":3096,"cla":"mountain","r":5},"geometry":{"type":"Point","coordinates":[-114.314,45.906]}},{"type":"Feature","properties":{"n":"Qurnat as Sawda'","m":3088,"cla":"mountain","r":7},"geometry":{"type":"Point","coordinates":[36.103,34.315]}},{"type":"Feature","properties":{"n":"Kyrkjeskipet Peak","m":3085,"cla":"mountain","r":6},"geometry":{"type":"Point","coordinates":[6.818,-71.87]}},{"type":"Feature","properties":{"n":"Gunung Cereme","m":3077,"cla":"mountain","r":6},"geometry":{"type":"Point","coordinates":[108.409,-6.888]}},{"type":"Feature","properties":{"n":"Pik BAM","m":3072,"cla":"mountain","r":9},"geometry":{"type":"Point","coordinates":[117.58,56.86]}},{"type":"Feature","properties":{"n":"Kizlar Sivrisi","m":3070,"cla":"mountain","r":7},"geometry":{"type":"Point","coordinates":[30.15,36.615]}},{"type":"Feature","properties":{"n":"Picacho del Diablo","m":3069,"cla":"mountain","r":7},"geometry":{"type":"Point","coordinates":[-115.382,30.988]}},{"type":"Feature","properties":{"n":"Piton des Neiges","m":3069,"cla":"mountain","r":6},"geometry":{"type":"Point","coordinates":[55.487,-21.104]}},{"type":"Feature","properties":{"n":"","m":3067,"cla":"spot elevation","r":9},"geometry":{"type":"Point","coordinates":[114.44,55.97]}},{"type":"Feature","properties":{"n":"Mount Wutai","m":3058,"cla":"mountain","r":4},"geometry":{"type":"Point","coordinates":[113.57,39.088]}},{"type":"Feature","properties":{"n":"Haleakal\u0101","m":3055,"cla":"mountain","r":6},"geometry":{"type":"Point","coordinates":[-156.221,20.72]}},{"type":"Feature","properties":{"n":"Mount Victoria","m":3053,"cla":"mountain","r":7},"geometry":{"type":"Point","coordinates":[93.917,21.243]}},{"type":"Feature","properties":{"n":"Marrah Mountains","m":3042,"cla":"mountain","r":6},"geometry":{"type":"Point","coordinates":[24.238,12.95]}},{"type":"Feature","properties":{"n":"Jebel Shams","m":3035,"cla":"mountain","r":6},"geometry":{"type":"Point","coordinates":[57.264,23.237]}},{"type":"Feature","properties":{"n":"Fuyul Sojol","m":3030,"cla":"mountain","r":7},"geometry":{"type":"Point","coordinates":[120.201,0.615]}},{"type":"Feature","properties":{"n":"Gunung Binaiya","m":3027,"cla":"mountain","r":6},"geometry":{"type":"Point","coordinates":[129.468,-3.159]}},{"type":"Feature","properties":{"n":"Mount Ulysses","m":3024,"cla":"mountain","r":9},"geometry":{"type":"Point","coordinates":[-124.09,57.35]}},{"type":"Feature","properties":{"n":"Mount Seelig","m":3022,"cla":"mountain","r":9},"geometry":{"type":"Point","coordinates":[-103.9,-82.47]}},{"type":"Feature","properties":{"n":"Emba Soira","m":3018,"cla":"mountain","r":9},"geometry":{"type":"Point","coordinates":[39.53,14.75]}},{"type":"Feature","properties":{"n":"Mount Tate","m":3015,"cla":"mountain","r":7},"geometry":{"type":"Point","coordinates":[137.629,36.595]}},{"type":"Feature","properties":{"n":"Pico da Neblina","m":3014,"cla":"mountain","r":6},"geometry":{"type":"Point","coordinates":[-66.033,0.8]}},{"type":"Feature","properties":{"n":"Mount Oku","m":3011,"cla":"mountain","r":6},"geometry":{"type":"Point","coordinates":[10.517,6.183]}},{"type":"Feature","properties":{"n":"Pico Basil\u00e9","m":3008,"cla":"mountain","r":9},"geometry":{"type":"Point","coordinates":[8.76,3.59]}},{"type":"Feature","properties":{"n":"Sapitwa","m":3003,"cla":"mountain","r":9},"geometry":{"type":"Point","coordinates":[35.59,-15.95]}},{"type":"Feature","properties":{"n":"Ras Koh Hills","m":3003,"cla":"mountain","r":7},"geometry":{"type":"Point","coordinates":[65.182,28.834]}},{"type":"Feature","properties":{"n":"Peak Pobeda","m":3003,"cla":"mountain","r":9},"geometry":{"type":"Point","coordinates":[146.04,65.19]}},{"type":"Feature","properties":{"n":"Jabal Sawda","m":3000,"cla":"mountain","r":6},"geometry":{"type":"Point","coordinates":[42.364,18.256]}},{"type":"Feature","properties":{"n":"Sacajawea Peak","m":2999,"cla":"mountain","r":5},"geometry":{"type":"Point","coordinates":[-117.297,45.254]}},{"type":"Feature","properties":{"n":"Gora Tastau","m":2992,"cla":"mountain","r":7},"geometry":{"type":"Point","coordinates":[82.493,47.199]}},{"type":"Feature","properties":{"n":"Longnawan","m":2988,"cla":"mountain","r":7},"geometry":{"type":"Point","coordinates":[115.147,1.814]}},{"type":"Feature","properties":{"n":"Tatamailau","m":2986,"cla":"mountain","r":9},"geometry":{"type":"Point","coordinates":[125.49,-8.91]}},{"type":"Feature","properties":{"n":"Gunung Abong Abong","m":2985,"cla":"mountain","r":6},"geometry":{"type":"Point","coordinates":[96.8,4.25]}},{"type":"Feature","properties":{"n":"Mtorwi","m":2980,"cla":"mountain","r":9},"geometry":{"type":"Point","coordinates":[34.02,-9.08]}},{"type":"Feature","properties":{"n":"Mount Roosevelt","m":2972,"cla":"mountain","r":6},"geometry":{"type":"Point","coordinates":[-125.334,58.443]}},{"type":"Feature","properties":{"n":"Gunung Umsini","m":2970,"cla":"mountain","r":6},"geometry":{"type":"Point","coordinates":[133.983,-1.15]}},{"type":"Feature","properties":{"n":"Gunung Merapi","m":2968,"cla":"mountain","r":6},"geometry":{"type":"Point","coordinates":[110.445,-7.541]}},{"type":"Feature","properties":{"n":"Zugspitze","m":2963,"cla":"mountain","r":9},"geometry":{"type":"Point","coordinates":[10.98,47.42]}},{"type":"Feature","properties":{"n":"K\u016bh-e N\u0101y Band","m":2960,"cla":"mountain","r":6},"geometry":{"type":"Point","coordinates":[57.375,32.45]}},{"type":"Feature","properties":{"n":"Cerro Viejo","m":2960,"cla":"mountain","r":9},"geometry":{"type":"Point","coordinates":[-103.43,20.37]}},{"type":"Feature","properties":{"n":"Mus-Khaya Mountain","m":2959,"cla":"mountain","r":6},"geometry":{"type":"Point","coordinates":[140.88,62.591]}},{"type":"Feature","properties":{"n":"Mount Apo","m":2954,"cla":"mountain","r":7},"geometry":{"type":"Point","coordinates":[125.27,6.997]}},{"type":"Feature","properties":{"n":"Keele Peak","m":2952,"cla":"mountain","r":9},"geometry":{"type":"Point","coordinates":[-130.32,63.43]}},{"type":"Feature","properties":{"n":"Coma Pedrosa","m":2943,"cla":"mountain","r":9},"geometry":{"type":"Point","coordinates":[1.44,42.59]}},{"type":"Feature","properties":{"n":"Kuh-e Ruzeh","m":2941,"cla":"mountain","r":7},"geometry":{"type":"Point","coordinates":[58.101,37.804]}},{"type":"Feature","properties":{"n":"Fishers Peak","m":2934,"cla":"mountain","r":9},"geometry":{"type":"Point","coordinates":[-104.46,37.1]}},{"type":"Feature","properties":{"n":"Mount Pulag","m":2934,"cla":"mountain","r":6},"geometry":{"type":"Point","coordinates":[120.905,16.596]}},{"type":"Feature","properties":{"n":"Musala","m":2925,"cla":"mountain","r":6},"geometry":{"type":"Point","coordinates":[23.587,42.18]}},{"type":"Feature","properties":{"n":"Mount Olympus","m":2917,"cla":"mountain","r":6},"geometry":{"type":"Point","coordinates":[22.35,40.083]}},{"type":"Feature","properties":{"n":"Mount Paget","m":2915,"cla":"mountain","r":6},"geometry":{"type":"Point","coordinates":[-36.551,-54.422]}},{"type":"Feature","properties":{"n":"Corno Grande","m":2912,"cla":"mountain","r":7},"geometry":{"type":"Point","coordinates":[13.561,42.487]}},{"type":"Feature","properties":{"n":"Mount Tahat","m":2908,"cla":"mountain","r":6},"geometry":{"type":"Point","coordinates":[5.526,23.288]}},{"type":"Feature","properties":{"n":"Grandiozny Peak","m":2891,"cla":"mountain","r":5},"geometry":{"type":"Point","coordinates":[96.039,53.926]}},{"type":"Feature","properties":{"n":"Pico da Bandeira","m":2890,"cla":"mountain","r":6},"geometry":{"type":"Point","coordinates":[-41.796,-20.435]}},{"type":"Feature","properties":{"n":"Tapuae-o-Uenuku","m":2885,"cla":"mountain","r":9},"geometry":{"type":"Point","coordinates":[173.66,-42.0]}},{"type":"Feature","properties":{"n":"Maromokotro","m":2876,"cla":"mountain","r":9},"geometry":{"type":"Point","coordinates":[48.97,-14.02]}},{"type":"Feature","properties":{"n":"","m":2875,"cla":"spot elevation","r":7},"geometry":{"type":"Point","coordinates":[-44.685,63.445]}},{"type":"Feature","properties":{"n":"Triglav","m":2864,"cla":"mountain","r":9},"geometry":{"type":"Point","coordinates":[13.83,46.38]}},{"type":"Feature","properties":{"n":"Cerro Las Minas","m":2849,"cla":"mountain","r":9},"geometry":{"type":"Point","coordinates":[-88.69,14.54]}},{"type":"Feature","properties":{"n":"Villarrica Volcano","m":2847,"cla":"mountain","r":6},"geometry":{"type":"Point","coordinates":[-71.938,-39.424]}},{"type":"Feature","properties":{"n":"","m":2840,"cla":"spot elevation","r":7},"geometry":{"type":"Point","coordinates":[110.455,54.671]}},{"type":"Feature","properties":{"n":"Cerro Marahuaca","m":2832,"cla":"mountain","r":9},"geometry":{"type":"Point","coordinates":[-65.41,3.66]}},{"type":"Feature","properties":{"n":"Mount McMaster","m":2830,"cla":"mountain","r":6},"geometry":{"type":"Point","coordinates":[51.952,-66.763]}},{"type":"Feature","properties":{"n":"Phou Bia","m":2830,"cla":"mountain","r":9},"geometry":{"type":"Point","coordinates":[103.14,18.98]}},{"type":"Feature","properties":{"n":"Pico do Fogo","m":2829,"cla":"mountain","r":6},"geometry":{"type":"Point","coordinates":[-24.403,14.949]}},{"type":"Feature","properties":{"n":"Dund Sayhni Nuru","m":2825,"cla":"mountain","r":7},"geometry":{"type":"Point","coordinates":[103.775,43.647]}},{"type":"Feature","properties":{"n":"Mount Hermon","m":2814,"cla":"mountain","r":9},"geometry":{"type":"Point","coordinates":[35.86,33.41]}},{"type":"Feature","properties":{"n":"Anderson Summit","m":2810,"cla":"mountain","r":9},"geometry":{"type":"Point","coordinates":[-90.85,-85.04]}},{"type":"Feature","properties":{"n":"Pedra da Mina","m":2798,"cla":"mountain","r":9},"geometry":{"type":"Point","coordinates":[-44.84,-22.43]}},{"type":"Feature","properties":{"n":"Mount Ruapehu","m":2797,"cla":"mountain","r":6},"geometry":{"type":"Point","coordinates":[175.567,-39.283]}},{"type":"Feature","properties":{"n":"Cerro Grande","m":2780,"cla":"mountain","r":6},"geometry":{"type":"Point","coordinates":[-107.544,28.789]}},{"type":"Feature","properties":{"n":"Mount Nirvana","m":2773,"cla":"mountain","r":7},"geometry":{"type":"Point","coordinates":[-127.687,61.869]}},{"type":"Feature","properties":{"n":"Mount Roraima","m":2772,"cla":"mountain","r":6},"geometry":{"type":"Point","coordinates":[-60.763,5.143]}},{"type":"Feature","properties":{"n":"Mount Champaqu\u00ed","m":2770,"cla":"mountain","r":4},"geometry":{"type":"Point","coordinates":[-64.916,-31.992]}},{"type":"Feature","properties":{"n":"Pico Naiguat\u00e1","m":2765,"cla":"mountain","r":9},"geometry":{"type":"Point","coordinates":[-66.78,10.54]}},{"type":"Feature","properties":{"n":"Korab","m":2764,"cla":"mountain","r":7},"geometry":{"type":"Point","coordinates":[20.541,41.787]}},{"type":"Feature","properties":{"n":"Mount Macdonald","m":2760,"cla":"mountain","r":7},"geometry":{"type":"Point","coordinates":[-132.801,64.751]}},{"type":"Feature","properties":{"n":"Howson Peak","m":2759,"cla":"mountain","r":6},"geometry":{"type":"Point","coordinates":[-127.755,54.422]}},{"type":"Feature","properties":{"n":"Mount Eddy","m":2751,"cla":"mountain","r":9},"geometry":{"type":"Point","coordinates":[-122.48,41.32]}},{"type":"Feature","properties":{"n":"Mount Chamberlin","m":2749,"cla":"mountain","r":4},"geometry":{"type":"Point","coordinates":[-144.914,69.281]}},{"type":"Feature","properties":{"n":"Thudaka Peak","m":2748,"cla":"mountain","r":9},"geometry":{"type":"Point","coordinates":[-126.85,57.93]}},{"type":"Feature","properties":{"n":"Big Ben","m":2745,"cla":"mountain","r":9},"geometry":{"type":"Point","coordinates":[73.52,-53.1]}},{"type":"Feature","properties":{"n":"Baekdu Mountain","m":2744,"cla":"mountain","r":9},"geometry":{"type":"Point","coordinates":[128.09,42.0]}},{"type":"Feature","properties":{"n":"Cerro El Pital","m":2730,"cla":"mountain","r":9},"geometry":{"type":"Point","coordinates":[-89.12,14.38]}},{"type":"Feature","properties":{"n":"Jabal Hamoyet","m":2726,"cla":"mountain","r":6},"geometry":{"type":"Point","coordinates":[38.0,17.55]}},{"type":"Feature","properties":{"n":"Kabobo Massif","m":2725,"cla":"mountain","r":6},"geometry":{"type":"Point","coordinates":[29.051,-5.14]}},{"type":"Feature","properties":{"n":"Tambora","m":2722,"cla":"mountain","r":6},"geometry":{"type":"Point","coordinates":[118.0,-8.25]}},{"type":"Feature","properties":{"n":"Mount Balbi","m":2715,"cla":"mountain","r":9},"geometry":{"type":"Point","coordinates":[154.98,-5.91]}},{"type":"Feature","properties":{"n":"Daba Mountains","m":2708,"cla":"mountain","r":5},"geometry":{"type":"Point","coordinates":[109.0,32.25]}},{"type":"Feature","properties":{"n":"Monte Cinto","m":2706,"cla":"mountain","r":7},"geometry":{"type":"Point","coordinates":[8.951,42.386]}},{"type":"Feature","properties":{"n":"Kennedy Peak","m":2703,"cla":"mountain","r":7},"geometry":{"type":"Point","coordinates":[93.773,23.332]}},{"type":"Feature","properties":{"n":"Anamudi","m":2695,"cla":"mountain","r":7},"geometry":{"type":"Point","coordinates":[77.067,10.17]}},{"type":"Feature","properties":{"n":"Maja Jezerc\u00eb","m":2694,"cla":"mountain","r":9},"geometry":{"type":"Point","coordinates":[19.81,42.44]}},{"type":"Feature","properties":{"n":"Gora Chen","m":2690,"cla":"mountain","r":7},"geometry":{"type":"Point","coordinates":[141.825,65.304]}},{"type":"Feature","properties":{"n":"Pic la Selle","m":2680,"cla":"mountain","r":9},"geometry":{"type":"Point","coordinates":[-71.98,18.36]}},{"type":"Feature","properties":{"n":"Loi Leng","m":2673,"cla":"mountain","r":7},"geometry":{"type":"Point","coordinates":[98.091,22.66]}},{"type":"Feature","properties":{"n":"Mount Heha","m":2670,"cla":"mountain","r":9},"geometry":{"type":"Point","coordinates":[29.5,-3.6]}},{"type":"Feature","properties":{"n":"Guadalupe Peak","m":2667,"cla":"mountain","r":6},"geometry":{"type":"Point","coordinates":[-104.868,31.901]}},{"type":"Feature","properties":{"n":"Pic Boby","m":2658,"cla":"mountain","r":6},"geometry":{"type":"Point","coordinates":[46.883,-22.2]}},{"type":"Feature","properties":{"n":"\u0110eravica","m":2656,"cla":"mountain","r":9},"geometry":{"type":"Point","coordinates":[20.14,42.53]}},{"type":"Feature","properties":{"n":"Gerlachovsk\u00fd \u0161t\u00edt","m":2655,"cla":"mountain","r":7},"geometry":{"type":"Point","coordinates":[20.132,49.171]}},{"type":"Feature","properties":{"n":"Kimhandu","m":2653,"cla":"mountain","r":6},"geometry":{"type":"Point","coordinates":[37.618,-7.1]}},{"type":"Feature","properties":{"n":"Torre Cerredo","m":2648,"cla":"mountain","r":7},"geometry":{"type":"Point","coordinates":[-4.845,43.195]}},{"type":"Feature","properties":{"n":"Golets Inyaptuk","m":2641,"cla":"mountain","r":5},"geometry":{"type":"Point","coordinates":[111.632,56.364]}},{"type":"Feature","properties":{"n":"Doddabetta","m":2636,"cla":"mountain","r":9},"geometry":{"type":"Point","coordinates":[76.73,11.4]}},{"type":"Feature","properties":{"n":"Mount Catherine","m":2629,"cla":"mountain","r":9},"geometry":{"type":"Point","coordinates":[33.95,28.51]}},{"type":"Feature","properties":{"n":"Mount Moco","m":2620,"cla":"mountain","r":6},"geometry":{"type":"Point","coordinates":[15.167,-12.465]}},{"type":"Feature","properties":{"n":"Khuvkhoitun","m":2616,"cla":"mountain","r":7},"geometry":{"type":"Point","coordinates":[160.704,57.933]}},{"type":"Feature","properties":{"n":"Barbeau Peak","m":2616,"cla":"mountain","r":7},"geometry":{"type":"Point","coordinates":[-75.026,81.911]}},{"type":"Feature","properties":{"n":"","m":2615,"cla":"spot elevation","r":9},"geometry":{"type":"Point","coordinates":[-73.89,2.64]}},{"type":"Feature","properties":{"n":"Grauspitz","m":2599,"cla":"mountain","r":9},"geometry":{"type":"Point","coordinates":[9.58,47.05]}},{"type":"Feature","properties":{"n":"Ngoc Linh","m":2598,"cla":"mountain","r":7},"geometry":{"type":"Point","coordinates":[108.015,15.162]}},{"type":"Feature","properties":{"n":"Devils Paw","m":2593,"cla":"mountain","r":7},"geometry":{"type":"Point","coordinates":[-133.862,58.741]}},{"type":"Feature","properties":{"n":"Mount Nyangani","m":2592,"cla":"mountain","r":6},"geometry":{"type":"Point","coordinates":[32.847,-18.281]}},{"type":"Feature","properties":{"n":"Pico Almanzor","m":2592,"cla":"mountain","r":9},"geometry":{"type":"Point","coordinates":[-5.3,40.26]}},{"type":"Feature","properties":{"n":"Gora Cherskoga","m":2588,"cla":"mountain","r":9},"geometry":{"type":"Point","coordinates":[108.7,55.04]}},{"type":"Feature","properties":{"n":"Pik Aborigen","m":2586,"cla":"mountain","r":6},"geometry":{"type":"Point","coordinates":[149.508,61.974]}},{"type":"Feature","properties":{"n":"Mount Halcon","m":2585,"cla":"mountain","r":9},"geometry":{"type":"Point","coordinates":[120.99,13.26]}},{"type":"Feature","properties":{"n":"Mazong Mountain","m":2584,"cla":"mountain","r":5},"geometry":{"type":"Point","coordinates":[97.119,41.524]}},{"type":"Feature","properties":{"n":"Doi Inthanon","m":2580,"cla":"mountain","r":7},"geometry":{"type":"Point","coordinates":[98.491,18.598]}},{"type":"Feature","properties":{"n":"Jabal al-Lawz","m":2580,"cla":"mountain","r":9},"geometry":{"type":"Point","coordinates":[35.29,28.69]}},{"type":"Feature","properties":{"n":"Mount Darwin","m":2580,"cla":"mountain","r":9},"geometry":{"type":"Point","coordinates":[-69.6,-54.66]}},{"type":"Feature","properties":{"n":"Brandberg","m":2579,"cla":"mountain","r":6},"geometry":{"type":"Point","coordinates":[14.575,-21.16]}},{"type":"Feature","properties":{"n":"Phoenix Mountain","m":2570,"cla":"mountain","r":7},"geometry":{"type":"Point","coordinates":[108.678,27.895]}},{"type":"Feature","properties":{"n":"Uluda\u011f","m":2543,"cla":"mountain","r":7},"geometry":{"type":"Point","coordinates":[29.218,40.092]}},{"type":"Feature","properties":{"n":"Moldoveanu Peak","m":2543,"cla":"mountain","r":6},"geometry":{"type":"Point","coordinates":[24.748,45.608]}},{"type":"Feature","properties":{"n":"Pidurutalagala","m":2524,"cla":"mountain","r":6},"geometry":{"type":"Point","coordinates":[80.774,7.001]}},{"type":"Feature","properties":{"n":"Mount Igikpak","m":2523,"cla":"mountain","r":6},"geometry":{"type":"Point","coordinates":[-154.967,67.441]}},{"type":"Feature","properties":{"n":"","m":2522,"cla":"spot elevation","r":7},"geometry":{"type":"Point","coordinates":[94.297,52.621]}},{"type":"Feature","properties":{"n":"Durmitor","m":2522,"cla":"mountain","r":9},"geometry":{"type":"Point","coordinates":[19.03,43.13]}},{"type":"Feature","properties":{"n":"Gora Burun-Shibertuy","m":2519,"cla":"mountain","r":5},"geometry":{"type":"Point","coordinates":[109.983,49.7]}},{"type":"Feature","properties":{"n":"Mount Taranaki","m":2518,"cla":"mountain","r":6},"geometry":{"type":"Point","coordinates":[174.065,-39.296]}},{"type":"Feature","properties":{"n":"Compassberg","m":2504,"cla":"mountain","r":6},"geometry":{"type":"Point","coordinates":[24.531,-31.769]}},{"type":"Feature","properties":{"n":"Cordillera del Paine","m":2500,"cla":"mountain","r":6},"geometry":{"type":"Point","coordinates":[-72.995,-50.959]}},{"type":"Feature","properties":{"n":"Gora Golets-Oblachnyy","m":2482,"cla":"mountain","r":7},"geometry":{"type":"Point","coordinates":[134.017,57.621]}},{"type":"Feature","properties":{"n":"Galdh\u00f8piggen","m":2469,"cla":"mountain","r":6},"geometry":{"type":"Point","coordinates":[8.313,61.636]}},{"type":"Feature","properties":{"n":"Skalistyy Golets","m":2467,"cla":"mountain","r":5},"geometry":{"type":"Point","coordinates":[119.098,56.401]}},{"type":"Feature","properties":{"n":"Jbel Tidirhine","m":2456,"cla":"mountain","r":6},"geometry":{"type":"Point","coordinates":[-4.512,34.83]}},{"type":"Feature","properties":{"n":"Mount Ida","m":2456,"cla":"mountain","r":9},"geometry":{"type":"Point","coordinates":[24.77,35.23]}},{"type":"Feature","properties":{"n":"Gora Ledyanaya","m":2453,"cla":"mountain","r":6},"geometry":{"type":"Point","coordinates":[171.192,61.902]}},{"type":"Feature","properties":{"n":"Monte Binga","m":2436,"cla":"mountain","r":6},"geometry":{"type":"Point","coordinates":[33.052,-19.787]}},{"type":"Feature","properties":{"n":"Mount Kanlaon","m":2430,"cla":"mountain","r":6},"geometry":{"type":"Point","coordinates":[123.142,10.456]}},{"type":"Feature","properties":{"n":"Mount Olympus","m":2429,"cla":"mountain","r":6},"geometry":{"type":"Point","coordinates":[-123.718,47.812]}},{"type":"Feature","properties":{"n":"Chu Yang Sin","m":2420,"cla":"mountain","r":7},"geometry":{"type":"Point","coordinates":[108.43,12.404]}},{"type":"Feature","properties":{"n":"Mount Namuli","m":2419,"cla":"mountain","r":6},"geometry":{"type":"Point","coordinates":[37.072,-15.333]}},{"type":"Feature","properties":{"n":"Chappal Waddi","m":2419,"cla":"mountain","r":9},"geometry":{"type":"Point","coordinates":[11.72,7.06]}},{"type":"Feature","properties":{"n":"Shimbiris","m":2414,"cla":"mountain","r":6},"geometry":{"type":"Point","coordinates":[47.243,10.739]}},{"type":"Feature","properties":{"n":"","m":2409,"cla":"spot elevation","r":7},"geometry":{"type":"Point","coordinates":[128.145,67.603]}},{"type":"Feature","properties":{"n":"Fox Mountain","m":2404,"cla":"mountain","r":9},"geometry":{"type":"Point","coordinates":[-133.37,61.92]}},{"type":"Feature","properties":{"n":"Magli\u0107","m":2387,"cla":"mountain","r":9},"geometry":{"type":"Point","coordinates":[18.74,43.28]}},{"type":"Feature","properties":{"n":"","m":2380,"cla":"spot elevation","r":7},"geometry":{"type":"Point","coordinates":[130.425,55.909]}},{"type":"Feature","properties":{"n":"Botev Peak","m":2376,"cla":"mountain","r":9},"geometry":{"type":"Point","coordinates":[24.92,42.72]}},{"type":"Feature","properties":{"n":"","m":2370,"cla":"spot elevation","r":9},"geometry":{"type":"Point","coordinates":[134.57,53.61]}},{"type":"Feature","properties":{"n":"Kartala","m":2361,"cla":"mountain","r":9},"geometry":{"type":"Point","coordinates":[43.37,-11.75]}},{"type":"Feature","properties":{"n":"Jebel Lkst","m":2359,"cla":"mountain","r":9},"geometry":{"type":"Point","coordinates":[-9.08,29.79]}},{"type":"Feature","properties":{"n":"Mount Pico","m":2351,"cla":"mountain","r":9},"geometry":{"type":"Point","coordinates":[-28.4,38.47]}},{"type":"Feature","properties":{"n":"Mount Frank Rae","m":2347,"cla":"mountain","r":7},"geometry":{"type":"Point","coordinates":[-138.539,64.495]}},{"type":"Feature","properties":{"n":"","m":2347,"cla":"spot elevation","r":7},"geometry":{"type":"Point","coordinates":[-79.551,78.801]}},{"type":"Feature","properties":{"n":"","m":2340,"cla":"spot elevation","r":9},"geometry":{"type":"Point","coordinates":[152.93,-4.4]}},{"type":"Feature","properties":{"n":"Alaid Volcano","m":2339,"cla":"mountain","r":9},"geometry":{"type":"Point","coordinates":[155.57,50.86]}},{"type":"Feature","properties":{"n":"Mount Popomanaseu","m":2335,"cla":"mountain","r":7},"geometry":{"type":"Point","coordinates":[160.065,-9.702]}},{"type":"Feature","properties":{"n":"Ulawun","m":2334,"cla":"mountain","r":7},"geometry":{"type":"Point","coordinates":[151.333,-5.05]}},{"type":"Feature","properties":{"n":"Die Berg","m":2331,"cla":"mountain","r":6},"geometry":{"type":"Point","coordinates":[30.157,-25.222]}},{"type":"Feature","properties":{"n":"Garet el Djenoun","m":2327,"cla":"mountain","r":6},"geometry":{"type":"Point","coordinates":[5.409,25.046]}},{"type":"Feature","properties":{"n":"Djebel Ch\u00e9lia","m":2326,"cla":"mountain","r":6},"geometry":{"type":"Point","coordinates":[6.666,35.333]}},{"type":"Feature","properties":{"n":"Seweweekspoortpiek","m":2325,"cla":"mountain","r":6},"geometry":{"type":"Point","coordinates":[21.366,-33.396]}},{"type":"Feature","properties":{"n":"Moncayo Massif","m":2313,"cla":"mountain","r":9},"geometry":{"type":"Point","coordinates":[-1.84,41.78]}},{"type":"Feature","properties":{"n":"Lalla-Khad\u00eedja","m":2308,"cla":"mountain","r":6},"geometry":{"type":"Point","coordinates":[4.229,36.457]}},{"type":"Feature","properties":{"n":"","m":2300,"cla":"spot elevation","r":7},"geometry":{"type":"Point","coordinates":[110.581,30.245]}},{"type":"Feature","properties":{"n":"Jebel Jar","m":2300,"cla":"mountain","r":6},"geometry":{"type":"Point","coordinates":[38.208,24.566]}},{"type":"Feature","properties":{"n":"Asahi-dake","m":2290,"cla":"mountain","r":6},"geometry":{"type":"Point","coordinates":[142.855,43.658]}},{"type":"Feature","properties":{"n":"Cerro Cantillana","m":2281,"cla":"mountain","r":9},"geometry":{"type":"Point","coordinates":[-70.97,-33.97]}},{"type":"Feature","properties":{"n":"Bukit Raya","m":2278,"cla":"mountain","r":6},"geometry":{"type":"Point","coordinates":[112.683,-0.667]}},{"type":"Feature","properties":{"n":"Beerenberg","m":2277,"cla":"mountain","r":9},"geometry":{"type":"Point","coordinates":[-8.17,71.08]}},{"type":"Feature","properties":{"n":"Mount San Lorenzo","m":2271,"cla":"mountain","r":7},"geometry":{"type":"Point","coordinates":[-2.938,42.246]}},{"type":"Feature","properties":{"n":"Bikku Bitti","m":2266,"cla":"mountain","r":9},"geometry":{"type":"Point","coordinates":[19.21,22.03]}},{"type":"Feature","properties":{"n":"Jabal Oda","m":2260,"cla":"mountain","r":9},"geometry":{"type":"Point","coordinates":[36.67,20.34]}},{"type":"Feature","properties":{"n":"Perserajoq","m":2259,"cla":"mountain","r":6},"geometry":{"type":"Point","coordinates":[-51.987,71.373]}},{"type":"Feature","properties":{"n":"Blue Mountain Peak","m":2256,"cla":"mountain","r":6},"geometry":{"type":"Point","coordinates":[-76.593,18.063]}},{"type":"Feature","properties":{"n":"Ramlo","m":2248,"cla":"mountain","r":6},"geometry":{"type":"Point","coordinates":[41.728,13.392]}},{"type":"Feature","properties":{"n":"Takuan Group","m":2243,"cla":"mountain","r":7},"geometry":{"type":"Point","coordinates":[155.605,-6.479]}},{"type":"Feature","properties":{"n":"Mont Orohena","m":2241,"cla":"mountain","r":9},"geometry":{"type":"Point","coordinates":[-149.484,-17.617]}},{"type":"Feature","properties":{"n":"Mount Kosciuszko","m":2228,"cla":"mountain","r":2},"geometry":{"type":"Point","coordinates":[148.263,-36.456]}},{"type":"Feature","properties":{"n":"Outlook Peak","m":2210,"cla":"mountain","r":7},"geometry":{"type":"Point","coordinates":[-91.419,79.755]}},{"type":"Feature","properties":{"n":"Black Elk Peak","m":2207,"cla":"mountain","r":6},"geometry":{"type":"Point","coordinates":[-103.54,43.886]}},{"type":"Feature","properties":{"n":"Golden Hinde","m":2195,"cla":"mountain","r":6},"geometry":{"type":"Point","coordinates":[-125.759,49.677]}},{"type":"Feature","properties":{"n":"Mount Tahan","m":2190,"cla":"mountain","r":6},"geometry":{"type":"Point","coordinates":[102.233,4.634]}},{"type":"Feature","properties":{"n":"El Teleno","m":2183,"cla":"mountain","r":9},"geometry":{"type":"Point","coordinates":[-6.39,42.35]}},{"type":"Feature","properties":{"n":"Huanggangshan","m":2170,"cla":"mountain","r":7},"geometry":{"type":"Point","coordinates":[117.788,27.853]}},{"type":"Feature","properties":{"n":"Mid\u017eor","m":2168,"cla":"mountain","r":9},"geometry":{"type":"Point","coordinates":[22.68,43.39]}},{"type":"Feature","properties":{"n":"","m":2164,"cla":"mountain","r":9},"geometry":{"type":"Point","coordinates":[33.37,-9.92]}},{"type":"Feature","properties":{"n":"Monte Viglio","m":2156,"cla":"mountain","r":9},"geometry":{"type":"Point","coordinates":[13.37,41.88]}},{"type":"Feature","properties":{"n":"England Peak","m":2150,"cla":"mountain","r":6},"geometry":{"type":"Point","coordinates":[-52.809,-82.618]}},{"type":"Feature","properties":{"n":"Mount Vsevidof","m":2149,"cla":"mountain","r":6},"geometry":{"type":"Point","coordinates":[-168.708,53.148]}},{"type":"Feature","properties":{"n":"Mount Odin","m":2143,"cla":"mountain","r":7},"geometry":{"type":"Point","coordinates":[-65.438,66.565]}},{"type":"Feature","properties":{"n":"Nanfengmian","m":2140,"cla":"mountain","r":9},"geometry":{"type":"Point","coordinates":[114.04,26.31]}},{"type":"Feature","properties":{"n":"Mount Hua","m":2130,"cla":"mountain","r":7},"geometry":{"type":"Point","coordinates":[110.129,34.436]}},{"type":"Feature","properties":{"n":"Phu Soi Dao","m":2120,"cla":"mountain","r":9},"geometry":{"type":"Point","coordinates":[101.01,17.73]}},{"type":"Feature","properties":{"n":"Kebnekaise","m":2111,"cla":"mountain","r":6},"geometry":{"type":"Point","coordinates":[18.505,67.906]}},{"type":"Feature","properties":{"n":"Hvannadalshn\u00fakur","m":2110,"cla":"mountain","r":6},"geometry":{"type":"Point","coordinates":[-16.651,64.039]}},{"type":"Feature","properties":{"n":"Mogot\u00f3n","m":2106,"cla":"mountain","r":6},"geometry":{"type":"Point","coordinates":[-86.391,13.764]}},{"type":"Feature","properties":{"n":"Tordoki Yani","m":2090,"cla":"mountain","r":9},"geometry":{"type":"Point","coordinates":[138.05,48.9]}},{"type":"Feature","properties":{"n":"Mount Mantalingajan","m":2085,"cla":"mountain","r":7},"geometry":{"type":"Point","coordinates":[117.677,8.846]}},{"type":"Feature","properties":{"n":"Myinmoletkat Taung","m":2072,"cla":"mountain","r":7},"geometry":{"type":"Point","coordinates":[98.813,13.481]}},{"type":"Feature","properties":{"n":"Cerro La Raya","m":2070,"cla":"mountain","r":2},"geometry":{"type":"Point","coordinates":[-66.376,5.452]}},{"type":"Feature","properties":{"n":"Mount Sunzu","m":2067,"cla":"mountain","r":9},"geometry":{"type":"Point","coordinates":[31.58,-9.18]}},{"type":"Feature","properties":{"n":"Queen Mary's Peak","m":2060,"cla":"mountain","r":9},"geometry":{"type":"Point","coordinates":[-12.267,-37.094]}},{"type":"Feature","properties":{"n":"Hoverla","m":2058,"cla":"mountain","r":9},"geometry":{"type":"Point","coordinates":[24.51,48.16]}},{"type":"Feature","properties":{"n":"Mount Katmai","m":2047,"cla":"mountain","r":6},"geometry":{"type":"Point","coordinates":[-154.957,58.279]}},{"type":"Feature","properties":{"n":"Mount Dimlang","m":2042,"cla":"mountain","r":7},"geometry":{"type":"Point","coordinates":[11.789,8.398]}},{"type":"Feature","properties":{"n":"Mount Iwate","m":2038,"cla":"mountain","r":7},"geometry":{"type":"Point","coordinates":[140.989,39.86]}},{"type":"Feature","properties":{"n":"Mount Mitchell","m":2037,"cla":"mountain","r":5},"geometry":{"type":"Point","coordinates":[-82.268,35.765]}},{"type":"Feature","properties":{"n":"Serra do Barbado","m":2033,"cla":"mountain","r":7},"geometry":{"type":"Point","coordinates":[-41.907,-13.304]}},{"type":"Feature","properties":{"n":"Huanggangliang","m":2029,"cla":"mountain","r":7},"geometry":{"type":"Point","coordinates":[117.581,43.542]}},{"type":"Feature","properties":{"n":"Clingmans Dome","m":2025,"cla":"mountain","r":5},"geometry":{"type":"Point","coordinates":[-83.497,35.587]}},{"type":"Feature","properties":{"n":"Pico de S\u00e3o Tom\u00e9","m":2024,"cla":"mountain","r":6},"geometry":{"type":"Point","coordinates":[6.554,0.282]}},{"type":"Feature","properties":{"n":"Monts Bagzane","m":2022,"cla":"mountain","r":6},"geometry":{"type":"Point","coordinates":[8.667,18.667]}},{"type":"Feature","properties":{"n":"Mousa Ali","m":2021,"cla":"mountain","r":9},"geometry":{"type":"Point","coordinates":[42.41,12.45]}},{"type":"Feature","properties":{"n":"","m":2021,"cla":"spot elevation","r":7},"geometry":{"type":"Point","coordinates":[140.096,68.375]}},{"type":"Feature","properties":{"n":"Pummel Peak","m":2018,"cla":"mountain","r":6},"geometry":{"type":"Point","coordinates":[-103.244,29.292]}},{"type":"Feature","properties":{"n":"Mount Harper","m":1994,"cla":"mountain","r":9},"geometry":{"type":"Point","coordinates":[-143.84,64.24]}},{"type":"Feature","properties":{"n":"Mount Bogong","m":1986,"cla":"mountain","r":9},"geometry":{"type":"Point","coordinates":[147.3,-36.73]}},{"type":"Feature","properties":{"n":"Mount Ishizuchi","m":1982,"cla":"mountain","r":9},"geometry":{"type":"Point","coordinates":[133.11,33.77]}},{"type":"Feature","properties":{"n":"Cerro Picacho La Laguna","m":1980,"cla":"mountain","r":7},"geometry":{"type":"Point","coordinates":[-109.947,23.558]}},{"type":"Feature","properties":{"n":"Pico Turquino","m":1974,"cla":"mountain","r":6},"geometry":{"type":"Point","coordinates":[-76.836,19.989]}},{"type":"Feature","properties":{"n":"Qiajivik Mountain","m":1963,"cla":"mountain","r":7},"geometry":{"type":"Point","coordinates":[-75.937,72.191]}},{"type":"Feature","properties":{"n":"","m":1961,"cla":"spot elevation","r":7},"geometry":{"type":"Point","coordinates":[91.793,25.425]}},{"type":"Feature","properties":{"n":"Jabal Teljo","m":1954,"cla":"mountain","r":7},"geometry":{"type":"Point","coordinates":[25.934,14.7]}},{"type":"Feature","properties":{"n":"Mount Olympus","m":1951,"cla":"mountain","r":7},"geometry":{"type":"Point","coordinates":[32.875,34.966]}},{"type":"Feature","properties":{"n":"Hallasan","m":1950,"cla":"mountain","r":9},"geometry":{"type":"Point","coordinates":[126.52,33.36]}},{"type":"Feature","properties":{"n":"Mount Bintumani","m":1945,"cla":"mountain","r":7},"geometry":{"type":"Point","coordinates":[-11.089,9.243]}},{"type":"Feature","properties":{"n":"Shengtang Mountain","m":1935,"cla":"mountain","r":7},"geometry":{"type":"Point","coordinates":[110.1,23.99]}},{"type":"Feature","properties":{"n":"Jabal Arkanu","m":1934,"cla":"mountain","r":7},"geometry":{"type":"Point","coordinates":[24.983,21.916]}},{"type":"Feature","properties":{"n":"Mount Washington","m":1917,"cla":"mountain","r":3},"geometry":{"type":"Point","coordinates":[-71.307,44.267]}},{"type":"Feature","properties":{"n":"Oksskolten","m":1916,"cla":"mountain","r":6},"geometry":{"type":"Point","coordinates":[14.337,66.024]}},{"type":"Feature","properties":{"n":"Jirisan","m":1915,"cla":"mountain","r":6},"geometry":{"type":"Point","coordinates":[127.73,35.337]}},{"type":"Feature","properties":{"n":"Troglav","m":1913,"cla":"mountain","r":7},"geometry":{"type":"Point","coordinates":[16.608,43.961]}},{"type":"Feature","properties":{"n":"","m":1910,"cla":"spot elevation","r":6},"geometry":{"type":"Point","coordinates":[-35.353,83.327]}},{"type":"Feature","properties":{"n":"","m":1908,"cla":"spot elevation","r":7},"geometry":{"type":"Point","coordinates":[-82.635,75.363]}},{"type":"Feature","properties":{"n":"Mount Shikengkong","m":1895,"cla":"mountain","r":7},"geometry":{"type":"Point","coordinates":[113.016,24.93]}},{"type":"Feature","properties":{"n":"Mount Narodnaya","m":1895,"cla":"mountain","r":6},"geometry":{"type":"Point","coordinates":[60.123,65.027]}},{"type":"Feature","properties":{"n":"","m":1893,"cla":"spot elevation","r":7},"geometry":{"type":"Point","coordinates":[29.668,-13.906]}},{"type":"Feature","properties":{"n":"","m":1887,"cla":"spot elevation","r":6},"geometry":{"type":"Point","coordinates":[178.269,67.821]}},{"type":"Feature","properties":{"n":"Puy de Sancy","m":1885,"cla":"mountain","r":7},"geometry":{"type":"Point","coordinates":[2.812,45.53]}},{"type":"Feature","properties":{"n":"Mount Arlan","m":1880,"cla":"mountain","r":9},"geometry":{"type":"Point","coordinates":[54.54,39.67]}},{"type":"Feature","properties":{"n":"Pico Paran\u00e1","m":1877,"cla":"mountain","r":7},"geometry":{"type":"Point","coordinates":[-48.826,-25.256]}},{"type":"Feature","properties":{"n":"Mount Tabwemasana","m":1877,"cla":"mountain","r":7},"geometry":{"type":"Point","coordinates":[166.751,-15.352]}},{"type":"Feature","properties":{"n":"Yunwu Mountain","m":1867,"cla":"mountain","r":6},"geometry":{"type":"Point","coordinates":[116.701,41.096]}},{"type":"Feature","properties":{"n":"Emlembe","m":1862,"cla":"mountain","r":9},"geometry":{"type":"Point","coordinates":[31.13,-25.92]}},{"type":"Feature","properties":{"n":"Silisili","m":1858,"cla":"mountain","r":9},"geometry":{"type":"Point","coordinates":[-172.49,-13.61]}},{"type":"Feature","properties":{"n":"Daiyun Shan","m":1856,"cla":"mountain","r":6},"geometry":{"type":"Point","coordinates":[118.184,25.681]}},{"type":"Feature","properties":{"n":"Jabal Is","m":1851,"cla":"mountain","r":7},"geometry":{"type":"Point","coordinates":[35.467,22.05]}},{"type":"Feature","properties":{"n":"Bukit Pagon","m":1850,"cla":"mountain","r":9},"geometry":{"type":"Point","coordinates":[115.33,4.3]}},{"type":"Feature","properties":{"n":"Mont Ross","m":1850,"cla":"mountain","r":6},"geometry":{"type":"Point","coordinates":[69.512,-49.579]}},{"type":"Feature","properties":{"n":"Wuzhi Mountain","m":1840,"cla":"mountain","r":7},"geometry":{"type":"Point","coordinates":[109.713,18.913]}},{"type":"Feature","properties":{"n":"Punta La Marmora","m":1834,"cla":"mountain","r":7},"geometry":{"type":"Point","coordinates":[9.317,40.031]}},{"type":"Feature","properties":{"n":"Dinara","m":1831,"cla":"mountain","r":9},"geometry":{"type":"Point","coordinates":[16.38,44.06]}},{"type":"Feature","properties":{"n":"Morro da Boa Vista","m":1827,"cla":"mountain","r":7},"geometry":{"type":"Point","coordinates":[-49.473,-28.116]}},{"type":"Feature","properties":{"n":"Phnom Aural","m":1813,"cla":"mountain","r":7},"geometry":{"type":"Point","coordinates":[104.176,12.051]}},{"type":"Feature","properties":{"n":"Alto del Buey","m":1810,"cla":"mountain","r":9},"geometry":{"type":"Point","coordinates":[-77.24,6.08]}},{"type":"Feature","properties":{"n":"Mount Buller","m":1805,"cla":"mountain","r":6},"geometry":{"type":"Point","coordinates":[146.44,-37.156]}},{"type":"Feature","properties":{"n":"Mount Kuju","m":1788,"cla":"mountain","r":9},"geometry":{"type":"Point","coordinates":[131.25,33.08]}},{"type":"Feature","properties":{"n":"Qingliang Feng Mountain","m":1787,"cla":"mountain","r":7},"geometry":{"type":"Point","coordinates":[118.858,30.121]}},{"type":"Feature","properties":{"n":"Junipero Serra Peak","m":1787,"cla":"mountain","r":6},"geometry":{"type":"Point","coordinates":[-121.422,36.159]}},{"type":"Feature","properties":{"n":"","m":1781,"cla":"spot elevation","r":7},"geometry":{"type":"Point","coordinates":[9.162,9.217]}},{"type":"Feature","properties":{"n":"Khao Luang","m":1780,"cla":"mountain","r":6},"geometry":{"type":"Point","coordinates":[99.734,8.498]}},{"type":"Feature","properties":{"n":"Mount Tianzhu","m":1760,"cla":"mountain","r":9},"geometry":{"type":"Point","coordinates":[116.19,31.06]}},{"type":"Feature","properties":{"n":"Jabal Ram","m":1754,"cla":"mountain","r":9},"geometry":{"type":"Point","coordinates":[35.4,29.57]}},{"type":"Feature","properties":{"n":"Mount Richard-Molard","m":1752,"cla":"mountain","r":7},"geometry":{"type":"Point","coordinates":[-8.414,7.62]}},{"type":"Feature","properties":{"n":"Mount Rogers","m":1746,"cla":"mountain","r":5},"geometry":{"type":"Point","coordinates":[-81.562,36.677]}},{"type":"Feature","properties":{"n":"","m":1730,"cla":"spot elevation","r":7},"geometry":{"type":"Point","coordinates":[49.048,14.966]}},{"type":"Feature","properties":{"n":"Guru Shikhar","m":1722,"cla":"mountain","r":7},"geometry":{"type":"Point","coordinates":[72.778,24.657]}},{"type":"Feature","properties":{"n":"Cr\u00eat de la Neige","m":1718,"cla":"mountain","r":9},"geometry":{"type":"Point","coordinates":[5.94,46.27]}},{"type":"Feature","properties":{"n":"Newtontoppen","m":1713,"cla":"mountain","r":6},"geometry":{"type":"Point","coordinates":[16.812,79.139]}},{"type":"Feature","properties":{"n":"Seoraksan","m":1708,"cla":"mountain","r":6},"geometry":{"type":"Point","coordinates":[128.473,38.142]}},{"type":"Feature","properties":{"n":"Volc\u00e1n Wolf","m":1707,"cla":"mountain","r":6},"geometry":{"type":"Point","coordinates":[-91.346,0.058]}},{"type":"Feature","properties":{"n":"Mount Kamen","m":1701,"cla":"mountain","r":9},"geometry":{"type":"Point","coordinates":[94.94,69.13]}},{"type":"Feature","properties":{"n":"Chapada dos Veadeiros","m":1691,"cla":"mountain","r":9},"geometry":{"type":"Point","coordinates":[-47.49,-13.99]}},{"type":"Feature","properties":{"n":"Jiuling Mountains","m":1686,"cla":"mountain","r":6},"geometry":{"type":"Point","coordinates":[114.95,28.884]}},{"type":"Feature","properties":{"n":"Hunsberge","m":1655,"cla":"mountain","r":7},"geometry":{"type":"Point","coordinates":[17.167,-27.833]}},{"type":"Feature","properties":{"n":"Mount Caubvick","m":1652,"cla":"mountain","r":7},"geometry":{"type":"Point","coordinates":[-63.725,58.897]}},{"type":"Feature","properties":{"n":"Cerro de Los Inocentes","m":1650,"cla":"mountain","r":9},"geometry":{"type":"Point","coordinates":[-80.745,-33.743]}},{"type":"Feature","properties":{"n":"Gora Korolenko","m":1647,"cla":"mountain","r":5},"geometry":{"type":"Point","coordinates":[115.007,58.288]}},{"type":"Feature","properties":{"n":"Mount Yamantau","m":1638,"cla":"mountain","r":6},"geometry":{"type":"Point","coordinates":[58.117,54.243]}},{"type":"Feature","properties":{"n":"Gora Stokap","m":1634,"cla":"mountain","r":6},"geometry":{"type":"Point","coordinates":[147.366,44.844]}},{"type":"Feature","properties":{"n":"Mont Pani\u00e9","m":1628,"cla":"mountain","r":9},"geometry":{"type":"Point","coordinates":[164.77,-20.59]}},{"type":"Feature","properties":{"n":"Mount Bartle Frere","m":1622,"cla":"mountain","r":9},"geometry":{"type":"Point","coordinates":[145.82,-17.4]}},{"type":"Feature","properties":{"n":"Mount Humboldt","m":1618,"cla":"mountain","r":7},"geometry":{"type":"Point","coordinates":[166.437,-21.888]}},{"type":"Feature","properties":{"n":"Mount Ossa","m":1617,"cla":"mountain","r":6},"geometry":{"type":"Point","coordinates":[146.033,-41.871]}},{"type":"Feature","properties":{"n":"Gora Lopatina","m":1609,"cla":"mountain","r":6},"geometry":{"type":"Point","coordinates":[143.137,50.856]}},{"type":"Feature","properties":{"n":"Round Mountain","m":1608,"cla":"mountain","r":6},"geometry":{"type":"Point","coordinates":[152.235,-30.44]}},{"type":"Feature","properties":{"n":"Mount Katahdin","m":1606,"cla":"mountain","r":3},"geometry":{"type":"Point","coordinates":[-68.924,45.903]}},{"type":"Feature","properties":{"n":"Sn\u011b\u017eka","m":1603,"cla":"mountain","r":9},"geometry":{"type":"Point","coordinates":[15.71,50.74]}},{"type":"Feature","properties":{"n":"","m":1600,"cla":"spot elevation","r":6},"geometry":{"type":"Point","coordinates":[-159.34,60.108]}},{"type":"Feature","properties":{"n":"Gora Volna","m":1585,"cla":"mountain","r":7},"geometry":{"type":"Point","coordinates":[154.957,63.536]}},{"type":"Feature","properties":{"n":"Konzhakovskiy Kamen","m":1569,"cla":"mountain","r":6},"geometry":{"type":"Point","coordinates":[59.134,59.633]}},{"type":"Feature","properties":{"n":"Salher","m":1567,"cla":"mountain","r":7},"geometry":{"type":"Point","coordinates":[73.93,20.711]}},{"type":"Feature","properties":{"n":"Barrington Tops","m":1555,"cla":"mountain","r":6},"geometry":{"type":"Point","coordinates":[151.47,-32.007]}},{"type":"Feature","properties":{"n":"Serrania de Santiago","m":1555,"cla":"mountain","r":6},"geometry":{"type":"Point","coordinates":[-60.026,-18.116]}},{"type":"Feature","properties":{"n":"Gora Sedova","m":1549,"cla":"mountain","r":9},"geometry":{"type":"Point","coordinates":[57.82,75.17]}},{"type":"Feature","properties":{"n":"Roman-Kosh","m":1545,"cla":"mountain","r":7},"geometry":{"type":"Point","coordinates":[34.248,44.629]}},{"type":"Feature","properties":{"n":"Jebel ech Chambi","m":1544,"cla":"mountain","r":9},"geometry":{"type":"Point","coordinates":[8.68,35.2]}},{"type":"Feature","properties":{"n":"Milna","m":1539,"cla":"mountain","r":6},"geometry":{"type":"Point","coordinates":[151.785,46.818]}},{"type":"Feature","properties":{"n":"Mount Zeil","m":1531,"cla":"mountain","r":9},"geometry":{"type":"Point","coordinates":[132.4,-23.4]}},{"type":"Feature","properties":{"n":"Black Mountain","m":1530,"cla":"mountain","r":7},"geometry":{"type":"Point","coordinates":[-160.34,68.563]}},{"type":"Feature","properties":{"n":"Jabal Yibir","m":1527,"cla":"mountain","r":9},"geometry":{"type":"Point","coordinates":[56.13,25.66]}},{"type":"Feature","properties":{"n":"","m":1520,"cla":"spot elevation","r":9},"geometry":{"type":"Point","coordinates":[-74.5,-49.32]}},{"type":"Feature","properties":{"n":"Buku Saolat","m":1508,"cla":"mountain","r":6},"geometry":{"type":"Point","coordinates":[127.972,0.753]}},{"type":"Feature","properties":{"n":"","m":1503,"cla":"spot elevation","r":9},"geometry":{"type":"Point","coordinates":[54.02,12.56]}},{"type":"Feature","properties":{"n":"Mahendragiri","m":1501,"cla":"mountain","r":7},"geometry":{"type":"Point","coordinates":[84.357,18.974]}},{"type":"Feature","properties":{"n":"Mount Unzen","m":1500,"cla":"mountain","r":6},"geometry":{"type":"Point","coordinates":[130.294,32.757]}},{"type":"Feature","properties":{"n":"Senlin Shan","m":1498,"cla":"mountain","r":9},"geometry":{"type":"Point","coordinates":[130.63,43.18]}},{"type":"Feature","properties":{"n":"Monalanong Hill","m":1494,"cla":"mountain","r":9},"geometry":{"type":"Point","coordinates":[25.67,-24.84]}},{"type":"Feature","properties":{"n":"Feldberg","m":1493,"cla":"mountain","r":7},"geometry":{"type":"Point","coordinates":[8.013,47.877]}},{"type":"Feature","properties":{"n":"Pinatubo","m":1486,"cla":"mountain","r":6},"geometry":{"type":"Point","coordinates":[120.35,15.142]}},{"type":"Feature","properties":{"n":"Spruce Knob","m":1482,"cla":"mountain","r":5},"geometry":{"type":"Point","coordinates":[-79.535,38.715]}},{"type":"Feature","properties":{"n":"La Soufri\u00e8re","m":1467,"cla":"mountain","r":9},"geometry":{"type":"Point","coordinates":[-61.66,16.04]}},{"type":"Feature","properties":{"n":"Morne Diablotins","m":1447,"cla":"mountain","r":9},"geometry":{"type":"Point","coordinates":[-61.4,15.5]}},{"type":"Feature","properties":{"n":"Puig Major","m":1445,"cla":"mountain","r":7},"geometry":{"type":"Point","coordinates":[2.796,39.808]}},{"type":"Feature","properties":{"n":"Mount Osborn","m":1437,"cla":"mountain","r":6},"geometry":{"type":"Point","coordinates":[-165.346,65.002]}},{"type":"Feature","properties":{"n":"Beartown Mountain","m":1436,"cla":"mountain","r":9},"geometry":{"type":"Point","coordinates":[-81.41,37.08]}},{"type":"Feature","properties":{"n":"Mont Ngaoui","m":1410,"cla":"mountain","r":9},"geometry":{"type":"Point","coordinates":[14.9,6.59]}},{"type":"Feature","properties":{"n":"Bongo Massif","m":1400,"cla":"mountain","r":9},"geometry":{"type":"Point","coordinates":[22.36,8.6]}},{"type":"Feature","properties":{"n":"Pipa Dingzi","m":1397,"cla":"mountain","r":9},"geometry":{"type":"Point","coordinates":[128.17,43.99]}},{"type":"Feature","properties":{"n":"Mount Pel\u00e9e","m":1397,"cla":"mountain","r":9},"geometry":{"type":"Point","coordinates":[-61.173,14.82]}},{"type":"Feature","properties":{"n":"Mount Wuteve","m":1380,"cla":"mountain","r":9},"geometry":{"type":"Point","coordinates":[-9.86,8.14]}},{"type":"Feature","properties":{"n":"Aniakchak","m":1356,"cla":"mountain","r":6},"geometry":{"type":"Point","coordinates":[-158.124,56.873]}},{"type":"Feature","properties":{"n":"Kodachadri","m":1343,"cla":"mountain","r":7},"geometry":{"type":"Point","coordinates":[74.862,13.88]}},{"type":"Feature","properties":{"n":"Ben Nevis","m":1343,"cla":"mountain","r":6},"geometry":{"type":"Point","coordinates":[-5.005,56.797]}},{"type":"Feature","properties":{"n":"Cerro de Punta","m":1338,"cla":"mountain","r":9},"geometry":{"type":"Point","coordinates":[-66.59,18.17]}},{"type":"Feature","properties":{"n":"Halti","m":1328,"cla":"mountain","r":9},"geometry":{"type":"Point","coordinates":[21.26,69.3]}},{"type":"Feature","properties":{"n":"Mount Tomanivi","m":1323,"cla":"mountain","r":7},"geometry":{"type":"Point","coordinates":[178.017,-17.614]}},{"type":"Feature","properties":{"n":"Mount Vesuvius","m":1281,"cla":"mountain","r":6},"geometry":{"type":"Point","coordinates":[14.433,40.817]}},{"type":"Feature","properties":{"n":"Slide Mountain","m":1274,"cla":"mountain","r":6},"geometry":{"type":"Point","coordinates":[-74.38,42.009]}},{"type":"Feature","properties":{"n":"Mount Marcy","m":1269,"cla":"mountain","r":6},"geometry":{"type":"Point","coordinates":[-73.927,44.134]}},{"type":"Feature","properties":{"n":"Mont Jacques-Cartier","m":1268,"cla":"mountain","r":7},"geometry":{"type":"Point","coordinates":[-65.956,48.997]}},{"type":"Feature","properties":{"n":"Hongtu Zhang","m":1265,"cla":"mountain","r":6},"geometry":{"type":"Point","coordinates":[115.937,23.769]}},{"type":"Feature","properties":{"n":"Mount Dalrymple","m":1259,"cla":"mountain","r":9},"geometry":{"type":"Point","coordinates":[148.63,-21.03]}},{"type":"Feature","properties":{"n":"Mount Meharry","m":1253,"cla":"mountain","r":6},"geometry":{"type":"Point","coordinates":[118.583,-22.967]}},{"type":"Feature","properties":{"n":"Cerro Tres Picos","m":1243,"cla":"mountain","r":6},"geometry":{"type":"Point","coordinates":[-61.968,-38.133]}},{"type":"Feature","properties":{"n":"","m":1234,"cla":"spot elevation","r":7},"geometry":{"type":"Point","coordinates":[147.02,-19.447]}},{"type":"Feature","properties":{"n":"La Soufri\u00e8re","m":1234,"cla":"mountain","r":9},"geometry":{"type":"Point","coordinates":[-61.18,13.35]}},{"type":"Feature","properties":{"n":"Julianatop","m":1230,"cla":"mountain","r":6},"geometry":{"type":"Point","coordinates":[-56.542,3.683]}},{"type":"Feature","properties":{"n":"Kiska Volcano","m":1220,"cla":"mountain","r":6},"geometry":{"type":"Point","coordinates":[177.607,52.092]}},{"type":"Feature","properties":{"n":"Meron","m":1208,"cla":"mountain","r":9},"geometry":{"type":"Point","coordinates":[35.41,33.0]}},{"type":"Feature","properties":{"n":"Mount Mitra","m":1200,"cla":"mountain","r":9},"geometry":{"type":"Point","coordinates":[9.97,1.39]}},{"type":"Feature","properties":{"n":"Pico do Jabre","m":1197,"cla":"mountain","r":6},"geometry":{"type":"Point","coordinates":[-37.382,-7.245]}},{"type":"Feature","properties":{"n":"Mont Ooumu","m":1185,"cla":"mountain","r":9},"geometry":{"type":"Point","coordinates":[-140.12,-8.85]}},{"type":"Feature","properties":{"n":"Consuelo Peak","m":1174,"cla":"mountain","r":7},"geometry":{"type":"Point","coordinates":[148.12,-24.953]}},{"type":"Feature","properties":{"n":"Doyle's Delight","m":1174,"cla":"mountain","r":9},"geometry":{"type":"Point","coordinates":[-89.04,16.5]}},{"type":"Feature","properties":{"n":"Saint Mary Peak","m":1171,"cla":"mountain","r":9},"geometry":{"type":"Point","coordinates":[138.55,-31.5]}},{"type":"Feature","properties":{"n":"Mount Moresby","m":1164,"cla":"mountain","r":6},"geometry":{"type":"Point","coordinates":[-132.083,53.026]}},{"type":"Feature","properties":{"n":"Mount Seraya","m":1162,"cla":"mountain","r":7},"geometry":{"type":"Point","coordinates":[165.607,63.642]}},{"type":"Feature","properties":{"n":"Mount Warning","m":1156,"cla":"mountain","r":6},"geometry":{"type":"Point","coordinates":[153.271,-28.397]}},{"type":"Feature","properties":{"n":"Mount Misery","m":1156,"cla":"mountain","r":9},"geometry":{"type":"Point","coordinates":[-62.807,17.367]}},{"type":"Feature","properties":{"n":"Mount Hombori","m":1155,"cla":"mountain","r":9},"geometry":{"type":"Point","coordinates":[-1.68,15.26]}},{"type":"Feature","properties":{"n":"Serra Branca","m":1154,"cla":"mountain","r":6},"geometry":{"type":"Point","coordinates":[-40.141,-4.791]}},{"type":"Feature","properties":{"n":"","m":1150,"cla":"spot elevation","r":7},"geometry":{"type":"Point","coordinates":[121.978,51.106]}},{"type":"Feature","properties":{"n":"Brocken","m":1141,"cla":"mountain","r":7},"geometry":{"type":"Point","coordinates":[10.619,51.824]}},{"type":"Feature","properties":{"n":"Mont Yapeitso","m":1128,"cla":"mountain","r":6},"geometry":{"type":"Point","coordinates":[-70.457,52.315]}},{"type":"Feature","properties":{"n":"Sakurajima","m":1117,"cla":"mountain","r":6},"geometry":{"type":"Point","coordinates":[130.65,31.583]}},{"type":"Feature","properties":{"n":"Kao","m":1109,"cla":"mountain","r":9},"geometry":{"type":"Point","coordinates":[-175.076,-19.746]}},{"type":"Feature","properties":{"n":"Bluff Knoll","m":1096,"cla":"mountain","r":6},"geometry":{"type":"Point","coordinates":[118.25,-34.367]}},{"type":"Feature","properties":{"n":"Snowdon","m":1085,"cla":"mountain","r":6},"geometry":{"type":"Point","coordinates":[-4.095,53.073]}},{"type":"Feature","properties":{"n":"Mont Bengou\u00e9","m":1070,"cla":"mountain","r":9},"geometry":{"type":"Point","coordinates":[13.69,0.96]}},{"type":"Feature","properties":{"n":"Khyber Pass","m":1070,"cla":"pass","r":2},"geometry":{"type":"Point","coordinates":[71.098,34.098]}},{"type":"Feature","properties":{"n":"Chilkoot Pass","m":1067,"cla":"pass","r":6},"geometry":{"type":"Point","coordinates":[-135.295,59.704]}},{"type":"Feature","properties":{"n":"El Yunque","m":1055,"cla":"mountain","r":6},"geometry":{"type":"Point","coordinates":[-65.8,18.31]}},{"type":"Feature","properties":{"n":"Mowdok Mual","m":1052,"cla":"mountain","r":9},"geometry":{"type":"Point","coordinates":[92.62,21.88]}},{"type":"Feature","properties":{"n":"","m":1047,"cla":"spot elevation","r":7},"geometry":{"type":"Point","coordinates":[129.561,47.507]}},{"type":"Feature","properties":{"n":"Carrauntoohil","m":1038,"cla":"mountain","r":6},"geometry":{"type":"Point","coordinates":[-9.743,51.999]}},{"type":"Feature","properties":{"n":"Kyparissovouno","m":1023,"cla":"mountain","r":9},"geometry":{"type":"Point","coordinates":[33.17,35.32]}},{"type":"Feature","properties":{"n":"Mont Nabemba","m":1020,"cla":"mountain","r":9},"geometry":{"type":"Point","coordinates":[13.99,1.84]}},{"type":"Feature","properties":{"n":"","m":1020,"cla":"spot elevation","r":9},"geometry":{"type":"Point","coordinates":[35.11,31.58]}},{"type":"Feature","properties":{"n":"K\u00e9kes","m":1015,"cla":"mountain","r":9},"geometry":{"type":"Point","coordinates":[20.01,47.88]}},{"type":"Feature","properties":{"n":"","m":1006,"cla":"spot elevation","r":6},"geometry":{"type":"Point","coordinates":[-115.616,59.21]}},{"type":"Feature","properties":{"n":"Monts de la L\u00e9k\u00e9ti","m":1000,"cla":"mountain","r":6},"geometry":{"type":"Point","coordinates":[14.179,-2.518]}},{"type":"Feature","properties":{"n":"Mount Anglem / Hananui","m":980,"cla":"mountain","r":9},"geometry":{"type":"Point","coordinates":[167.92,-46.74]}},{"type":"Feature","properties":{"n":"Mount Agou","m":968,"cla":"mountain","r":7},"geometry":{"type":"Point","coordinates":[0.757,6.878]}},{"type":"Feature","properties":{"n":"Mont Tremblant","m":968,"cla":"mountain","r":6},"geometry":{"type":"Point","coordinates":[-74.573,46.259]}},{"type":"Feature","properties":{"n":"Lata Mountain","m":966,"cla":"mountain","r":9},"geometry":{"type":"Point","coordinates":[-169.486,-14.245]}},{"type":"Feature","properties":{"n":"","m":965,"cla":"spot elevation","r":7},"geometry":{"type":"Point","coordinates":[98.76,79.532]}},{"type":"Feature","properties":{"n":"","m":965,"cla":"spot elevation","r":9},"geometry":{"type":"Point","coordinates":[145.679,18.766]}},{"type":"Feature","properties":{"n":"Tai Mo Shan","m":957,"cla":"mountain","r":9},"geometry":{"type":"Point","coordinates":[114.12,22.41]}},{"type":"Feature","properties":{"n":"Cerro El Copey","m":957,"cla":"mountain","r":9},"geometry":{"type":"Point","coordinates":[-63.91,11.01]}},{"type":"Feature","properties":{"n":"Mount Gimie","m":950,"cla":"mountain","r":9},"geometry":{"type":"Point","coordinates":[-61.01,13.86]}},{"type":"Feature","properties":{"n":"El Cerro del Aripo","m":940,"cla":"mountain","r":9},"geometry":{"type":"Point","coordinates":[-61.25,10.72]}},{"type":"Feature","properties":{"n":"Mount Ord","m":937,"cla":"mountain","r":9},"geometry":{"type":"Point","coordinates":[125.55,-17.33]}},{"type":"Feature","properties":{"n":"Kabbaldurga","m":921,"cla":"mountain","r":9},"geometry":{"type":"Point","coordinates":[77.3,12.5]}},{"type":"Feature","properties":{"n":"Kdeyyat ej Joul","m":915,"cla":"mountain","r":9},"geometry":{"type":"Point","coordinates":[-14.33,19.72]}},{"type":"Feature","properties":{"n":"Soufri\u00e8re Hills","m":914,"cla":"mountain","r":9},"geometry":{"type":"Point","coordinates":[-62.19,16.723]}},{"type":"Feature","properties":{"n":"Morne Seychellois","m":905,"cla":"mountain","r":9},"geometry":{"type":"Point","coordinates":[55.44,-4.632]}},{"type":"Feature","properties":{"n":"","m":904,"cla":"spot elevation","r":6},"geometry":{"type":"Point","coordinates":[-54.927,-15.15]}},{"type":"Feature","properties":{"n":"Caraj\u00e1s Mountains","m":898,"cla":"mountain","r":6},"geometry":{"type":"Point","coordinates":[-50.349,-6.375]}},{"type":"Feature","properties":{"n":"Mount Afadja","m":885,"cla":"mountain","r":9},"geometry":{"type":"Point","coordinates":[0.53,7.15]}},{"type":"Feature","properties":{"n":"Sl\u00e6ttaratindur","m":882,"cla":"mountain","r":9},"geometry":{"type":"Point","coordinates":[-6.994,62.3]}},{"type":"Feature","properties":{"n":"Mount Scenery","m":870,"cla":"mountain","r":9},"geometry":{"type":"Point","coordinates":[-63.24,17.63]}},{"type":"Feature","properties":{"n":"Uluru","m":863,"cla":"mountain","r":6},"geometry":{"type":"Point","coordinates":[131.036,-25.345]}},{"type":"Feature","properties":{"n":"Cerro Maine Hanar\u00ed","m":860,"cla":"mountain","r":9},"geometry":{"type":"Point","coordinates":[-73.09,-0.73]}},{"type":"Feature","properties":{"n":"Bellevue de l'Inini","m":851,"cla":"mountain","r":9},"geometry":{"type":"Point","coordinates":[-53.52,3.58]}},{"type":"Feature","properties":{"n":"Bokkeveldberg","m":843,"cla":"mountain","r":7},"geometry":{"type":"Point","coordinates":[18.981,-31.125]}},{"type":"Feature","properties":{"n":"Cerro Tres Kand\u00fa","m":842,"cla":"mountain","r":9},"geometry":{"type":"Point","coordinates":[-56.16,-25.88]}},{"type":"Feature","properties":{"n":"Mount Saint Catherine","m":840,"cla":"mountain","r":9},"geometry":{"type":"Point","coordinates":[-61.677,12.163]}},{"type":"Feature","properties":{"n":"Mount Magazine","m":839,"cla":"mountain","r":7},"geometry":{"type":"Point","coordinates":[-93.644,35.188]}},{"type":"Feature","properties":{"n":"Baldy Mountain","m":831,"cla":"mountain","r":6},"geometry":{"type":"Point","coordinates":[-100.712,51.448]}},{"type":"Feature","properties":{"n":"Cerro San Miguel","m":830,"cla":"mountain","r":9},"geometry":{"type":"Point","coordinates":[-60.64,-19.3]}},{"type":"Feature","properties":{"n":"Piton de la Petite Rivi\u00e8re Noire","m":828,"cla":"mountain","r":9},"geometry":{"type":"Point","coordinates":[57.476,-20.404]}},{"type":"Feature","properties":{"n":"Krakatoa","m":813,"cla":"mountain","r":6},"geometry":{"type":"Point","coordinates":[105.423,-6.102]}},{"type":"Feature","properties":{"n":"Gros Morne","m":806,"cla":"mountain","r":6},"geometry":{"type":"Point","coordinates":[-57.781,49.598]}},{"type":"Feature","properties":{"n":"Mount Nanlaud","m":791,"cla":"mountain","r":9},"geometry":{"type":"Point","coordinates":[158.231,6.875]}},{"type":"Feature","properties":{"n":"Olavtoppen","m":780,"cla":"mountain","r":9},"geometry":{"type":"Point","coordinates":[3.4,-54.42]}},{"type":"Feature","properties":{"n":"","m":762,"cla":"spot elevation","r":6},"geometry":{"type":"Point","coordinates":[-115.085,75.39]}},{"type":"Feature","properties":{"n":"Mont Singavi","m":762,"cla":"mountain","r":9},"geometry":{"type":"Point","coordinates":[-178.155,-14.269]}},{"type":"Feature","properties":{"n":"Mount Tenakourou","m":747,"cla":"mountain","r":9},"geometry":{"type":"Point","coordinates":[-5.41,10.77]}},{"type":"Feature","properties":{"n":"Hohe Acht","m":747,"cla":"mountain","r":7},"geometry":{"type":"Point","coordinates":[7.017,50.393]}},{"type":"Feature","properties":{"n":"Monte Titano","m":739,"cla":"mountain","r":9},"geometry":{"type":"Point","coordinates":[12.45,43.91]}},{"type":"Feature","properties":{"n":"Cold Mountain","m":739,"cla":"mountain","r":6},"geometry":{"type":"Point","coordinates":[173.133,52.885]}},{"type":"Feature","properties":{"n":"Durham Heights","m":724,"cla":"mountain","r":9},"geometry":{"type":"Point","coordinates":[-122.95,71.14]}},{"type":"Feature","properties":{"n":"Mount Usborne","m":705,"cla":"mountain","r":6},"geometry":{"type":"Point","coordinates":[-58.842,-51.702]}},{"type":"Feature","properties":{"n":"Eagle Mountain","m":701,"cla":"mountain","r":7},"geometry":{"type":"Point","coordinates":[-90.56,47.905]}},{"type":"Feature","properties":{"n":"","m":694,"cla":"spot elevation","r":7},"geometry":{"type":"Point","coordinates":[4.936,7.666]}},{"type":"Feature","properties":{"n":"Signal de Botrange","m":694,"cla":"mountain","r":9},"geometry":{"type":"Point","coordinates":[6.09,50.5]}},{"type":"Feature","properties":{"n":"Ishpatina Ridge","m":693,"cla":"mountain","r":7},"geometry":{"type":"Point","coordinates":[-80.758,47.336]}},{"type":"Feature","properties":{"n":"Benara","m":660,"cla":"mountain","r":9},"geometry":{"type":"Point","coordinates":[45.14,-12.96]}},{"type":"Feature","properties":{"n":"Te Manga","m":652,"cla":"mountain","r":9},"geometry":{"type":"Point","coordinates":[-159.789,-21.212]}},{"type":"Feature","properties":{"n":"Atakora Mountains","m":641,"cla":"mountain","r":9},"geometry":{"type":"Point","coordinates":[1.53,10.35]}},{"type":"Feature","properties":{"n":"Snaefell","m":621,"cla":"mountain","r":9},"geometry":{"type":"Point","coordinates":[-4.46,54.26]}},{"type":"Feature","properties":{"n":"","m":581,"cla":"spot elevation","r":9},"geometry":{"type":"Point","coordinates":[-12.54,12.37]}},{"type":"Feature","properties":{"n":"Black Mountain","m":568,"cla":"mountain","r":7},"geometry":{"type":"Point","coordinates":[139.744,-21.484]}},{"type":"Feature","properties":{"n":"Buurgplaatz","m":559,"cla":"mountain","r":9},"geometry":{"type":"Point","coordinates":[6.02,50.16]}},{"type":"Feature","properties":{"n":"White Hill","m":535,"cla":"mountain","r":7},"geometry":{"type":"Point","coordinates":[-60.611,46.698]}},{"type":"Feature","properties":{"n":"Mount Sage","m":521,"cla":"mountain","r":9},"geometry":{"type":"Point","coordinates":[-64.653,18.417]}},{"type":"Feature","properties":{"n":"Cerro Catedral","m":514,"cla":"mountain","r":9},"geometry":{"type":"Point","coordinates":[-54.66,-34.34]}},{"type":"Feature","properties":{"n":"Cone Peak","m":506,"cla":"mountain","r":7},"geometry":{"type":"Point","coordinates":[143.497,-13.379]}},{"type":"Feature","properties":{"n":"Mount Yonaha","m":498,"cla":"mountain","r":6},"geometry":{"type":"Point","coordinates":[128.217,26.716]}},{"type":"Feature","properties":{"n":"Crown Mountain","m":473,"cla":"mountain","r":9},"geometry":{"type":"Point","coordinates":[-64.97,18.36]}},{"type":"Feature","properties":{"n":"B\u0103l\u0103ne\u0219ti Hill","m":429,"cla":"mountain","r":9},"geometry":{"type":"Point","coordinates":[28.09,47.22]}},{"type":"Feature","properties":{"n":"Rock of Gibraltar","m":426,"cla":"mountain","r":9},"geometry":{"type":"Point","coordinates":[-5.34,36.13]}},{"type":"Feature","properties":{"n":"Pic Paradis","m":420,"cla":"mountain","r":9},"geometry":{"type":"Point","coordinates":[-63.05,18.08]}},{"type":"Feature","properties":{"n":"Mount Lamlam","m":406,"cla":"mountain","r":9},"geometry":{"type":"Point","coordinates":[144.683,13.351]}},{"type":"Feature","properties":{"n":"Mount Obama","m":402,"cla":"mountain","r":9},"geometry":{"type":"Point","coordinates":[-61.837,17.043]}},{"type":"Feature","properties":{"n":"Taal Volcano","m":400,"cla":"mountain","r":6},"geometry":{"type":"Point","coordinates":[120.993,14.002]}},{"type":"Feature","properties":{"n":"Murray Hill","m":356,"cla":"mountain","r":9},"geometry":{"type":"Point","coordinates":[105.617,-10.486]}},{"type":"Feature","properties":{"n":"Koli","m":347,"cla":"mountain","r":9},"geometry":{"type":"Point","coordinates":[29.81,63.09]}},{"type":"Feature","properties":{"n":"","m":347,"cla":"spot elevation","r":9},"geometry":{"type":"Point","coordinates":[-130.102,-25.072]}},{"type":"Feature","properties":{"n":"Dzyarzhynskaya Hara","m":346,"cla":"mountain","r":9},"geometry":{"type":"Point","coordinates":[27.08,53.86]}},{"type":"Feature","properties":{"n":"Mount Hillaby","m":340,"cla":"mountain","r":9},"geometry":{"type":"Point","coordinates":[-59.58,13.21]}},{"type":"Feature","properties":{"n":"Vaalserberg","m":321,"cla":"mountain","r":9},"geometry":{"type":"Point","coordinates":[6.02,50.76]}},{"type":"Feature","properties":{"n":"Mount Bates","m":319,"cla":"mountain","r":9},"geometry":{"type":"Point","coordinates":[167.96,-29.035]}},{"type":"Feature","properties":{"n":"Suur Munam\u00e4gi","m":318,"cla":"mountain","r":9},"geometry":{"type":"Point","coordinates":[27.05,57.72]}},{"type":"Feature","properties":{"n":"","m":311,"cla":"spot elevation","r":9},"geometry":{"type":"Point","coordinates":[25.96,56.87]}},{"type":"Feature","properties":{"n":"","m":300,"cla":"spot elevation","r":9},"geometry":{"type":"Point","coordinates":[25.63,54.54]}},{"type":"Feature","properties":{"n":"","m":281,"cla":"spot elevation","r":9},"geometry":{"type":"Point","coordinates":[46.79,29.12]}},{"type":"Feature","properties":{"n":"Morne du Vitet","m":281,"cla":"mountain","r":9},"geometry":{"type":"Point","coordinates":[-62.83,17.907]}},{"type":"Feature","properties":{"n":"","m":262,"cla":"spot elevation","r":9},"geometry":{"type":"Point","coordinates":[-13.9,11.69]}},{"type":"Feature","properties":{"n":"Dingli Cliffs","m":253,"cla":"mountain","r":9},"geometry":{"type":"Point","coordinates":[14.4,35.86]}},{"type":"Feature","properties":{"n":"Mount Ngerchelchuus","m":242,"cla":"mountain","r":9},"geometry":{"type":"Point","coordinates":[134.59,7.59]}},{"type":"Feature","properties":{"n":"Morne de la Grande Montagne","m":240,"cla":"mountain","r":9},"geometry":{"type":"Point","coordinates":[-56.31,47.04]}},{"type":"Feature","properties":{"n":"Mount Jamanota","m":188,"cla":"mountain","r":9},"geometry":{"type":"Point","coordinates":[-69.94,12.49]}},{"type":"Feature","properties":{"n":"Bukit Timah","m":176,"cla":"mountain","r":9},"geometry":{"type":"Point","coordinates":[103.79,1.35]}},{"type":"Feature","properties":{"n":"Coloane Alto","m":176,"cla":"mountain","r":9},"geometry":{"type":"Point","coordinates":[113.57,22.12]}},{"type":"Feature","properties":{"n":"M\u00f8lleh\u00f8j","m":171,"cla":"mountain","r":9},"geometry":{"type":"Point","coordinates":[9.83,55.98]}},{"type":"Feature","properties":{"n":"Lenin Peak","m":150,"cla":"mountain","r":9},"geometry":{"type":"Point","coordinates":[37.51,55.69]}},{"type":"Feature","properties":{"n":"Mont Agel","m":140,"cla":"mountain","r":9},"geometry":{"type":"Point","coordinates":[7.404,43.746]}},{"type":"Feature","properties":{"n":"","m":136,"cla":"spot elevation","r":9},"geometry":{"type":"Point","coordinates":[-2.09,49.24]}},{"type":"Feature","properties":{"n":"Mountain of Smoke","m":134,"cla":"mountain","r":9},"geometry":{"type":"Point","coordinates":[50.55,26.04]}},{"type":"Feature","properties":{"n":"","m":114,"cla":"spot elevation","r":9},"geometry":{"type":"Point","coordinates":[-2.36,49.44]}},{"type":"Feature","properties":{"n":"","m":83,"cla":"spot elevation","r":9},"geometry":{"type":"Point","coordinates":[51.05,24.72]}},{"type":"Feature","properties":{"n":"","m":81,"cla":"spot elevation","r":9},"geometry":{"type":"Point","coordinates":[169.54,-0.86]}},{"type":"Feature","properties":{"n":"Town Hill","m":79,"cla":"mountain","r":9},"geometry":{"type":"Point","coordinates":[-64.76,32.31]}},{"type":"Feature","properties":{"n":"","m":68,"cla":"spot elevation","r":9},"geometry":{"type":"Point","coordinates":[-169.872,-19.003]}},{"type":"Feature","properties":{"n":"","m":65,"cla":"spot elevation","r":9},"geometry":{"type":"Point","coordinates":[166.934,-0.524]}},{"type":"Feature","properties":{"n":"Crocus Hill","m":65,"cla":"mountain","r":9},"geometry":{"type":"Point","coordinates":[-63.06,18.223]}},{"type":"Feature","properties":{"n":"Mount Alvernia","m":63,"cla":"mountain","r":9},"geometry":{"type":"Point","coordinates":[-75.41,24.29]}},{"type":"Feature","properties":{"n":"","m":53,"cla":"spot elevation","r":9},"geometry":{"type":"Point","coordinates":[-13.99,13.57]}},{"type":"Feature","properties":{"n":"Blue Hills","m":49,"cla":"mountain","r":9},"geometry":{"type":"Point","coordinates":[-72.3,21.8]}},{"type":"Feature","properties":{"n":"The Bluff","m":43,"cla":"mountain","r":9},"geometry":{"type":"Point","coordinates":[-79.73,19.75]}},{"type":"Feature","properties":{"n":"","m":23,"cla":"spot elevation","r":9},"geometry":{"type":"Point","coordinates":[-160.02,-0.38]}},{"type":"Feature","properties":{"n":"","m":15,"cla":"spot elevation","r":9},"geometry":{"type":"Point","coordinates":[72.378,-7.285]}},{"type":"Feature","properties":{"n":"","m":10,"cla":"spot elevation","r":9},"geometry":{"type":"Point","coordinates":[169.314,9.83]}},{"type":"Feature","properties":{"n":"","m":5,"cla":"spot elevation","r":9},"geometry":{"type":"Point","coordinates":[179.204,-8.516]}},{"type":"Feature","properties":{"n":"","m":5,"cla":"spot elevation","r":9},"geometry":{"type":"Point","coordinates":[-171.854,-9.176]}},{"type":"Feature","properties":{"n":"","m":5,"cla":"spot elevation","r":9},"geometry":{"type":"Point","coordinates":[96.9,-12.18]}},{"type":"Feature","properties":{"n":"","m":3,"cla":"spot elevation","r":9},"geometry":{"type":"Point","coordinates":[73.19,-0.67]}},{"type":"Feature","properties":{"n":"","m":-56,"cla":"spot elevation","r":7},"geometry":{"type":"Point","coordinates":[55.366,45.671]}},{"type":"Feature","properties":{"n":"","m":-132,"cla":"spot elevation","r":7},"geometry":{"type":"Point","coordinates":[51.814,43.498]}}]}