{"type":"FeatureCollection","features":[{"type":"Feature","properties":{"n":"Witwatersrand","min":6.0},"geometry":{"type":"Polygon","coordinates":[[[28.9,-26.62],[28.82,-26.89],[28.35,-26.87],[27.93,-26.57],[27.14,-26.24],[26.99,-26.11],[26.16,-25.88],[25.72,-25.38],[25.52,-25.02],[24.86,-24.91],[24.75,-24.57],[25.28,-24.47],[26.03,-24.53],[26.87,-24.69],[27.86,-25.06],[28.49,-25.53],[28.81,-25.97],[28.9,-26.62]]]}},{"type":"Feature","properties":{"n":"Jabal Bin Ghunaymah","min":6.0},"geometry":{"type":"Polygon","coordinates":[[[14.03,21.99],[13.39,21.91],[13.25,22.8],[14.48,24.17],[15.18,25.07],[16.36,26.26],[16.82,26.34],[17.23,26.16],[17.1,25.68],[15.54,23.77],[15.15,22.98],[14.03,21.99]]]}},{"type":"Feature","properties":{"n":"Wasatch Range","min":6.0},"geometry":{"type":"Polygon","coordinates":[[[-111.29,42.27],[-111.2,42.19],[-111.05,42.22],[-110.94,42.06],[-111.12,41.57],[-111.16,41.18],[-111.45,39.79],[-111.66,39.28],[-111.85,39.27],[-111.89,39.53],[-111.77,40.02],[-111.68,40.21],[-111.78,40.37],[-111.82,40.91],[-111.99,41.57],[-111.76,41.87],[-111.71,42.64],[-111.56,42.65],[-111.47,42.58],[-111.29,42.27]]]}},{"type":"Feature","properties":{"n":"Lebombo Mountains","min":6.0},"geometry":{"type":"Polygon","coordinates":[[[32.19,-27.4],[31.98,-27.79],[31.86,-27.49],[31.79,-27.09],[31.78,-26.11],[31.87,-25.65],[31.89,-25.2],[31.75,-24.57],[31.73,-23.88],[31.81,-23.43],[31.99,-23.69],[32.14,-24.19],[32.23,-25.28],[32.35,-25.81],[32.3,-26.03],[32.19,-27.4]]]}},{"type":"Feature","properties":{"n":"Rwenzori Mountains","min":6.0},"geometry":{"type":"Polygon","coordinates":[[[30.25,0.27],[29.87,-0.07],[29.67,0.05],[29.7,0.48],[29.8,0.64],[30.08,0.89],[30.23,1.11],[30.45,1.18],[30.44,0.94],[30.29,0.63],[30.25,0.27]]]}},{"type":"Feature","properties":{"n":"Moyen Atlas","min":6.0},"geometry":{"type":"Polygon","coordinates":[[[-3.41,34.08],[-3.66,33.56],[-4.08,33.05],[-4.47,32.82],[-5.01,32.76],[-5.39,32.86],[-5.67,33.03],[-5.26,33.66],[-4.96,33.94],[-4.22,34.28],[-3.42,34.25],[-3.41,34.08]]]}},{"type":"Feature","properties":{"n":"Loma Mountains","min":6.0},"geometry":{"type":"Polygon","coordinates":[[[-10.63,8.24],[-11.24,7.95],[-11.84,8.3],[-11.88,8.89],[-11.69,9.3],[-11.2,9.53],[-10.33,9.41],[-10.12,9.18],[-10.63,8.24]]]}},{"type":"Feature","properties":{"n":"Mbang Mountains","min":6.0},"geometry":{"type":"Polygon","coordinates":[[[13.16,6.78],[12.99,6.71],[13.04,7.24],[13.38,7.72],[14.33,8.25],[14.92,8.37],[15.43,8.38],[15.66,8.19],[15.59,7.89],[15.16,7.87],[14.78,7.74],[14.25,7.67],[13.83,7.52],[13.44,7.25],[13.16,6.78]]]}},{"type":"Feature","properties":{"n":"Maya Mountains","min":5.4},"geometry":{"type":"Polygon","coordinates":[[[-88.98,16.24],[-89.32,16.11],[-89.66,16.18],[-89.55,16.41],[-89.32,16.62],[-89.21,17.0],[-89.01,17.25],[-88.37,17.25],[-88.31,17.0],[-88.38,16.74],[-88.98,16.24]]]}},{"type":"Feature","properties":{"n":"Front Range","min":5.4},"geometry":{"type":"Polygon","coordinates":[[[-104.57,39.01],[-105.11,38.43],[-105.47,38.47],[-105.78,38.41],[-105.98,38.52],[-106.15,38.78],[-106.17,38.94],[-105.99,39.01],[-105.93,39.14],[-105.99,39.5],[-106.21,39.93],[-106.12,40.09],[-106.38,40.38],[-106.32,40.47],[-106.15,40.55],[-105.91,40.89],[-105.74,41.0],[-105.52,41.0],[-105.08,40.59],[-105.06,40.38],[-105.19,39.87],[-105.09,39.63],[-105.06,39.4],[-104.92,39.2],[-104.57,39.01]]]}},{"type":"Feature","properties":{"n":"Bitterroot Range","min":5.4},"geometry":{"type":"Polygon","coordinates":[[[-114.81,47.42],[-114.81,47.32],[-114.95,47.36],[-115.06,47.33],[-115.04,47.27],[-114.75,47.11],[-114.69,47.02],[-114.25,47.02],[-114.17,46.92],[-113.98,46.87],[-114.1,46.17],[-114.08,46.01],[-113.95,45.88],[-113.52,45.77],[-113.46,45.36],[-113.21,45.11],[-113.04,45.03],[-112.91,45.03],[-112.76,44.72],[-112.44,44.68],[-112.18,44.76],[-111.9,44.76],[-111.58,44.7],[-111.37,44.57],[-111.68,44.45],[-111.95,44.48],[-112.07,44.36],[-112.44,44.23],[-112.76,43.97],[-113.61,44.81],[-113.63,45.02],[-113.8,45.17],[-113.9,45.35],[-114.0,45.42],[-114.54,45.31],[-114.66,45.38],[-114.77,45.6],[-114.81,45.83],[-114.69,46.34],[-114.98,46.7],[-115.33,47.02],[-115.94,47.34],[-116.68,47.43],[-116.78,47.57],[-116.78,47.75],[-116.73,47.85],[-116.53,48.0],[-116.48,48.13],[-116.3,48.18],[-115.79,48.02],[-115.51,47.83],[-115.38,47.63],[-115.01,47.54],[-114.81,47.42]]]}},{"type":"Feature","properties":{"n":"Hardangervidda","min":5.4},"geometry":{"type":"Polygon","coordinates":[[[8.75,61.07],[9.22,60.98],[9.37,60.87],[9.44,60.7],[9.41,60.41],[9.3,60.17],[8.93,59.88],[8.66,59.56],[8.06,59.29],[7.53,59.13],[7.23,59.12],[6.95,59.2],[6.73,59.38],[6.63,59.67],[6.69,59.98],[7.42,60.81],[7.83,61.01],[8.75,61.07]]]}},{"type":"Feature","properties":{"n":"Chaine des Mongos","min":5.4},"geometry":{"type":"Polygon","coordinates":[[[22.45,7.71],[21.04,7.56],[19.49,8.48],[19.74,9.25],[21.33,10.21],[22.64,10.17],[24.16,9.95],[25.46,9.42],[25.29,8.32],[23.64,8.23],[22.45,7.71]]]}},{"type":"Feature","properties":{"n":"Ogo Mountains","min":5.4},"geometry":{"type":"Polygon","coordinates":[[[51.19,11.6],[50.89,10.92],[50.4,10.7],[50.02,10.62],[49.77,10.81],[49.31,10.92],[48.97,10.78],[48.56,10.69],[48.4,10.79],[48.1,10.84],[47.85,10.83],[47.63,10.74],[47.39,10.54],[47.25,10.02],[47.1,9.79],[46.48,9.56],[46.31,9.61],[46.34,9.82],[46.23,9.88],[46.05,9.84],[45.84,9.66],[45.49,9.88],[44.63,9.72],[44.55,9.88],[44.63,10.06],[44.85,10.23],[45.49,10.51],[45.6,10.76],[45.79,10.83],[46.39,10.72],[46.65,10.73],[47.15,11.05],[47.45,11.16],[47.71,11.11],[48.02,11.14],[48.54,11.31],[48.9,11.25],[49.39,11.34],[49.67,11.46],[50.11,11.53],[50.47,11.73],[50.6,11.9],[50.74,11.97],[51.21,11.84],[51.19,11.6]]]}},{"type":"Feature","properties":{"n":"Karas Mountains","min":5.4},"geometry":{"type":"Polygon","coordinates":[[[19.26,-28.83],[18.93,-28.86],[17.42,-28.67],[17.34,-28.22],[17.18,-28.03],[17.59,-27.52],[17.81,-26.8],[17.81,-26.43],[18.04,-25.88],[18.0,-25.2],[18.26,-25.09],[18.56,-25.59],[18.97,-25.84],[20.02,-26.28],[20.56,-26.79],[20.28,-27.26],[20.42,-27.67],[20.51,-28.33],[20.0,-28.38],[19.5,-28.56],[19.26,-28.83]]]}},{"type":"Feature","properties":{"n":"Guinea Highlands","min":5.4},"geometry":{"type":"Polygon","coordinates":[[[-7.12,7.13],[-7.28,6.95],[-7.95,7.02],[-9.11,7.3],[-9.76,7.53],[-10.2,7.85],[-10.52,8.27],[-10.15,9.1],[-9.75,9.49],[-8.79,9.61],[-7.75,9.31],[-7.34,8.72],[-7.12,7.92],[-7.12,7.13]]]}},{"type":"Feature","properties":{"n":"Marrah Mountains","min":6.0},"geometry":{"type":"Polygon","coordinates":[[[25.43,13.33],[24.89,12.39],[23.87,12.53],[23.5,13.41],[23.88,14.42],[24.69,15.08],[25.23,15.39],[25.93,15.93],[26.91,16.15],[27.48,15.66],[27.59,15.37],[27.25,14.85],[26.68,14.61],[25.75,14.01],[25.43,13.33]]]}},{"type":"Feature","properties":{"n":"Ahmar Mountains","min":5.4},"geometry":{"type":"Polygon","coordinates":[[[41.27,8.71],[40.63,8.34],[40.45,8.57],[40.47,9.0],[41.2,9.44],[41.76,9.65],[42.89,9.76],[43.19,9.48],[42.85,9.35],[42.69,9.22],[42.27,9.01],[42.13,8.84],[41.27,8.71]]]}},{"type":"Feature","properties":{"n":"Al Jabal Al Akhdar","min":6.0},"geometry":{"type":"Polygon","coordinates":[[[23.07,32.38],[22.18,32.39],[21.28,32.33],[20.17,31.65],[19.96,31.92],[20.45,32.48],[21.07,32.78],[21.42,32.8],[21.64,32.94],[22.19,32.92],[23.02,32.64],[23.07,32.38]]]}},{"type":"Feature","properties":{"n":"Rif","min":6.0},"geometry":{"type":"Polygon","coordinates":[[[-4.8,35.17],[-4.33,35.16],[-3.76,35.25],[-3.3,35.2],[-2.99,35.39],[-2.84,35.13],[-2.54,35.12],[-2.8,34.77],[-3.34,34.41],[-4.26,34.3],[-4.63,34.2],[-5.4,34.09],[-5.87,34.14],[-5.8,34.28],[-5.5,34.6],[-5.85,34.9],[-5.81,35.14],[-5.88,35.77],[-5.38,35.92],[-5.25,35.61],[-4.8,35.17]]]}},{"type":"Feature","properties":{"n":"Tell Atlas","min":6.0},"geometry":{"type":"Polygon","coordinates":[[[5.47,36.57],[6.14,35.88],[5.43,35.6],[4.16,35.94],[2.41,35.92],[1.67,35.52],[1.23,35.12],[0.98,34.81],[-0.19,34.7],[-0.86,34.58],[-2.11,34.2],[-2.63,33.92],[-3.22,33.79],[-3.48,33.88],[-3.38,34.11],[-3.03,34.45],[-2.64,34.98],[-2.42,35.12],[-2.01,35.08],[-1.67,35.18],[-1.27,35.4],[-1.13,35.55],[-0.92,35.67],[-0.43,35.86],[-0.14,35.8],[-0.05,35.83],[0.19,36.05],[0.97,36.44],[1.26,36.52],[2.59,36.6],[2.98,36.78],[3.52,36.8],[3.78,36.9],[4.88,36.86],[5.47,36.57]]]}},{"type":"Feature","properties":{"n":"Mount Nyangani","min":5.4},"geometry":{"type":"Polygon","coordinates":[[[32.97,-20.74],[32.3,-20.79],[32.3,-20.45],[32.44,-20.05],[32.35,-19.38],[32.35,-18.97],[32.14,-18.2],[31.98,-17.95],[31.75,-17.79],[31.7,-17.32],[32.07,-16.89],[32.46,-16.77],[32.8,-16.8],[33.2,-16.99],[33.37,-17.5],[33.51,-18.61],[33.59,-18.86],[33.79,-19.11],[33.28,-20.5],[32.97,-20.74]]]}},{"type":"Feature","properties":{"n":"Australian Alps","min":5.4},"geometry":{"type":"Polygon","coordinates":[[[147.22,-37.61],[147.03,-37.62],[146.93,-37.55],[146.89,-37.31],[146.96,-37.14],[147.81,-36.64],[148.28,-36.14],[148.79,-35.5],[148.95,-35.42],[149.08,-35.43],[149.13,-35.54],[149.1,-35.81],[148.75,-36.5],[148.1,-37.14],[147.6,-37.44],[147.22,-37.61]]]}},{"type":"Feature","properties":{"n":"Flinders Ranges","min":5.4},"geometry":{"type":"Polygon","coordinates":[[[138.71,-33.26],[138.52,-33.34],[138.32,-33.31],[138.24,-33.24],[138.04,-32.85],[138.0,-32.59],[138.02,-32.29],[138.74,-30.56],[139.03,-30.09],[139.28,-29.83],[139.6,-29.8],[139.76,-29.87],[139.79,-29.96],[139.2,-31.29],[139.06,-32.81],[138.87,-33.12],[138.71,-33.26]]]}},{"type":"Feature","properties":{"n":"Blue Mountains","min":5.4},"geometry":{"type":"Polygon","coordinates":[[[150.58,-33.93],[150.41,-33.93],[150.31,-33.87],[150.01,-33.45],[149.92,-33.06],[149.94,-32.79],[150.05,-32.77],[150.26,-32.98],[150.66,-33.67],[150.68,-33.78],[150.58,-33.93]]]}},{"type":"Feature","properties":{"n":"Gregory Range","min":6.0},"geometry":{"type":"Polygon","coordinates":[[[143.54,-19.5],[143.22,-19.45],[143.06,-19.33],[142.54,-18.71],[142.22,-18.41],[142.2,-18.27],[142.33,-18.09],[142.44,-18.05],[142.63,-18.13],[143.09,-18.83],[143.68,-19.27],[143.7,-19.38],[143.54,-19.5]]]}},{"type":"Feature","properties":{"n":"Selwyn Mountains","min":6.0},"geometry":{"type":"Polygon","coordinates":[[[141.18,-21.66],[140.84,-21.58],[140.16,-21.12],[139.53,-20.49],[139.22,-20.23],[139.13,-20.11],[139.19,-19.91],[139.32,-19.86],[139.55,-19.88],[139.85,-19.97],[140.01,-20.08],[140.4,-20.51],[141.06,-21.13],[141.2,-21.45],[141.18,-21.66]]]}},{"type":"Feature","properties":{"n":"MacDonnell Ranges","min":5.4},"geometry":{"type":"Polygon","coordinates":[[[135.49,-23.08],[135.53,-23.22],[135.46,-23.35],[135.21,-23.55],[134.7,-23.77],[134.16,-23.83],[132.62,-23.79],[130.84,-23.6],[130.44,-23.41],[130.27,-23.24],[130.25,-23.11],[130.29,-22.97],[130.35,-22.95],[131.97,-23.16],[133.6,-23.16],[135.06,-22.94],[135.3,-22.96],[135.49,-23.08]]]}},{"type":"Feature","properties":{"n":"Darling Range","min":5.4},"geometry":{"type":"Polygon","coordinates":[[[116.23,-33.82],[115.99,-33.9],[115.88,-33.84],[115.82,-33.55],[115.9,-32.86],[115.89,-30.63],[115.81,-30.22],[115.62,-29.73],[115.62,-29.59],[115.71,-29.42],[115.85,-29.3],[115.97,-29.33],[116.19,-29.49],[116.42,-29.85],[116.57,-30.44],[116.7,-31.51],[116.73,-32.28],[116.62,-32.96],[116.38,-33.61],[116.23,-33.82]]]}},{"type":"Feature","properties":{"n":"Hamersley Range","min":5.4},"geometry":{"type":"MultiPolygon","coordinates":[[[[116.78,-21.72],[119.46,-22.6],[119.62,-22.76],[119.6,-22.89],[119.21,-22.9],[118.27,-22.62],[118.03,-22.51],[117.07,-22.33],[116.31,-22.03],[116.18,-21.83],[116.18,-21.71],[116.31,-21.64],[116.78,-21.72]]]]}},{"type":"Feature","properties":{"n":"Owen Stanley Range","min":5.4},"geometry":{"type":"Polygon","coordinates":[[[149.89,-10.21],[149.43,-10.2],[149.07,-10.09],[148.39,-9.8],[147.54,-9.34],[147.16,-8.77],[146.92,-8.51],[146.8,-8.28],[146.74,-8.06],[146.78,-7.67],[147.04,-7.62],[147.47,-8.04],[148.29,-9.03],[149.03,-9.54],[149.61,-9.83],[149.89,-10.11],[149.89,-10.21]]]}},{"type":"Feature","properties":{"n":"Maoke Mountains","min":5.4},"geometry":{"type":"Polygon","coordinates":[[[140.51,-4.82],[140.12,-4.79],[139.31,-4.62],[138.39,-4.48],[136.63,-4.28],[135.83,-4.27],[135.55,-4.16],[135.46,-3.99],[135.48,-3.9],[135.82,-3.6],[136.04,-3.32],[136.52,-2.92],[136.64,-2.89],[136.84,-2.98],[137.07,-3.17],[137.2,-3.21],[138.45,-3.24],[138.75,-3.29],[139.78,-3.65],[140.43,-4.01],[140.61,-4.19],[140.71,-4.41],[140.7,-4.67],[140.64,-4.76],[140.51,-4.82]]]}},{"type":"Feature","properties":{"n":"Barisan Mountains","min":5.4},"geometry":{"type":"Polygon","coordinates":[[[104.74,-5.28],[104.32,-5.25],[103.79,-5.02],[103.22,-4.45],[103.02,-4.35],[102.9,-4.21],[102.62,-4.02],[102.38,-3.62],[101.82,-3.06],[101.33,-2.41],[100.51,-1.09],[100.08,-0.1],[100.04,0.22],[100.08,0.38],[100.24,0.42],[100.58,0.12],[101.07,-0.72],[101.6,-1.41],[102.04,-2.19],[102.68,-2.92],[103.28,-3.48],[103.83,-3.9],[104.04,-4.18],[104.73,-4.84],[104.82,-5.12],[104.74,-5.28]]]}},{"type":"Feature","properties":{"n":"Khentii Mountains","min":5.4},"geometry":{"type":"Polygon","coordinates":[[[112.22,48.11],[111.53,47.6],[110.6,47.47],[109.97,47.1],[109.2,47.01],[108.94,47.13],[108.61,47.47],[108.11,47.71],[106.94,47.7],[106.32,48.0],[105.78,48.04],[105.71,48.1],[105.53,48.65],[105.55,48.77],[105.64,48.87],[106.03,49.03],[106.4,49.3],[106.7,49.64],[106.99,50.15],[107.13,50.29],[107.46,50.46],[107.81,50.57],[108.55,50.64],[108.79,50.61],[110.55,49.74],[112.12,49.63],[112.33,49.54],[112.48,49.38],[112.52,49.16],[112.35,48.79],[112.33,48.32],[112.22,48.11]]]}},{"type":"Feature","properties":{"n":"Bureinsky Ridge","min":5.4},"geometry":{"type":"Polygon","coordinates":[[[133.34,50.39],[133.22,50.36],[133.11,50.43],[133.06,50.53],[133.05,50.79],[133.14,50.96],[133.69,51.36],[134.04,51.53],[134.43,51.82],[134.99,52.06],[135.71,52.19],[135.89,52.15],[135.98,52.06],[135.95,51.97],[135.77,51.8],[135.04,51.37],[134.21,50.98],[133.34,50.39]]]}},{"type":"Feature","properties":{"n":"Yam-Alin","min":5.4},"geometry":{"type":"Polygon","coordinates":[[[135.18,52.27],[134.6,52.35],[134.33,52.65],[134.28,53.09],[134.17,53.48],[134.15,53.98],[134.24,54.22],[134.37,54.33],[134.59,54.37],[134.86,54.35],[134.98,54.3],[135.1,54.13],[135.56,52.63],[135.46,52.39],[135.18,52.27]]]}},{"type":"Feature","properties":{"n":"Chukotka Mountains","min":5.4},"geometry":{"type":"Polygon","coordinates":[[[180.0,67.55],[180.0,66.88],[179.26,66.76],[177.76,67.02],[177.28,67.16],[175.18,67.92],[173.47,68.73],[172.73,68.89],[171.96,69.15],[171.8,69.27],[171.66,69.46],[171.6,69.66],[171.7,69.84],[171.88,69.87],[172.64,69.78],[173.02,69.67],[173.41,69.67],[175.39,69.18],[177.69,68.8],[178.85,68.39],[179.11,68.28],[179.17,68.21],[179.59,68.05],[180.0,67.55]]]}},{"type":"Feature","properties":{"n":"Suntar-Khayata Range","min":5.4},"geometry":{"type":"Polygon","coordinates":[[[144.78,61.0],[143.67,61.0],[143.31,61.04],[141.45,61.55],[139.69,62.31],[139.5,62.53],[139.51,62.82],[139.73,63.11],[140.39,63.05],[142.04,62.55],[143.21,62.26],[144.41,61.85],[144.94,61.72],[145.16,61.52],[145.18,61.29],[145.13,61.18],[144.98,61.06],[144.78,61.0]]]}},{"type":"Feature","properties":{"n":"Dzhugdzhur Mountains","min":5.4},"geometry":{"type":"Polygon","coordinates":[[[134.96,55.23],[134.27,55.24],[133.94,55.4],[133.83,55.55],[133.8,55.74],[133.82,55.91],[133.89,56.07],[134.71,56.41],[135.27,56.52],[136.24,56.82],[139.01,58.67],[139.85,59.02],[140.0,59.04],[140.12,58.99],[140.21,58.81],[140.15,58.33],[140.06,58.15],[139.61,57.73],[138.38,56.95],[137.7,56.36],[137.05,55.99],[136.31,55.71],[135.61,55.33],[134.96,55.23]]]}},{"type":"Feature","properties":{"n":"Momskiy Khrebet","min":5.4},"geometry":{"type":"Polygon","coordinates":[[[149.45,64.67],[148.67,64.77],[148.29,64.87],[146.56,65.81],[144.44,66.16],[143.81,66.33],[142.86,66.86],[142.71,67.01],[142.65,67.2],[142.75,67.37],[142.98,67.43],[144.56,67.34],[147.14,66.58],[148.41,66.03],[149.15,65.6],[149.59,65.13],[149.67,64.85],[149.45,64.67]]]}},{"type":"Feature","properties":{"n":"Central Brahui Range","min":5.4},"geometry":{"type":"Polygon","coordinates":[[[66.9,28.56],[66.45,28.51],[66.37,28.56],[66.31,28.73],[66.31,28.95],[66.49,29.54],[66.79,30.09],[67.08,30.41],[67.24,30.41],[67.51,30.18],[67.59,30.01],[67.59,29.58],[67.47,29.07],[67.34,28.78],[67.22,28.67],[66.9,28.56]]]}},{"type":"Feature","properties":{"n":"Karatau Mountains","min":5.4},"geometry":{"type":"Polygon","coordinates":[[[70.68,42.58],[69.92,42.7],[69.65,42.88],[69.41,43.17],[69.1,43.35],[68.55,43.51],[67.42,44.07],[66.7,44.6],[66.36,44.79],[66.2,44.98],[66.19,45.07],[66.32,45.16],[66.5,45.2],[66.77,45.14],[68.22,44.26],[70.03,43.52],[70.85,43.02],[71.26,42.97],[71.33,42.92],[71.25,42.77],[71.02,42.74],[70.68,42.58]]]}},{"type":"Feature","properties":{"n":"Aravalli Range","min":5.4},"geometry":{"type":"Polygon","coordinates":[[[72.85,24.69],[72.46,24.6],[72.27,24.64],[72.1,25.0],[72.21,25.32],[72.55,25.69],[72.66,26.11],[73.07,26.36],[73.57,26.82],[74.05,27.1],[74.18,27.1],[74.46,26.94],[74.52,26.85],[74.44,26.64],[74.46,26.45],[74.05,25.92],[73.4,25.25],[73.05,25.03],[72.85,24.69]]]}},{"type":"Feature","properties":{"n":"Sulaiman Mountains","min":5.4},"geometry":{"type":"Polygon","coordinates":[[[70.44,33.4],[70.56,33.2],[70.59,33.01],[70.5,32.46],[70.35,31.94],[70.62,31.0],[70.64,30.19],[70.49,30.02],[70.23,29.39],[70.19,29.17],[70.09,29.1],[69.96,29.08],[69.85,29.14],[69.51,29.58],[69.43,29.8],[69.31,32.29],[69.07,32.6],[68.93,33.21],[68.98,33.32],[69.37,33.64],[69.7,33.73],[70.04,33.69],[70.25,33.57],[70.44,33.4]]]}},{"type":"Feature","properties":{"n":"Central Makran Range","min":5.4},"geometry":{"type":"Polygon","coordinates":[[[64.36,26.11],[63.88,26.14],[62.88,26.45],[62.48,26.79],[62.44,27.03],[62.6,27.16],[62.85,27.22],[63.74,27.28],[64.38,27.43],[64.98,27.75],[65.65,28.23],[65.92,28.27],[66.07,28.23],[66.06,27.88],[65.97,27.56],[65.63,26.97],[65.38,26.72],[64.85,26.34],[64.36,26.11]]]}},{"type":"Feature","properties":{"n":"Kirthar Mountains","min":5.4},"geometry":{"type":"Polygon","coordinates":[[[67.27,25.43],[67.13,25.4],[66.97,25.49],[66.84,26.27],[66.47,26.95],[66.34,27.91],[66.39,28.29],[66.55,28.33],[66.82,28.27],[67.25,28.05],[67.31,27.86],[67.28,27.23],[67.48,25.85],[67.46,25.62],[67.27,25.43]]]}},{"type":"Feature","properties":{"n":"Mount Lebanon Range","min":6.0},"geometry":{"type":"Polygon","coordinates":[[[36.03,33.81],[35.41,33.23],[35.31,33.32],[35.45,33.7],[35.88,34.2],[36.11,34.56],[36.22,34.61],[36.31,34.58],[36.36,34.41],[36.24,34.12],[36.03,33.81]]]}},{"type":"Feature","properties":{"n":"Kopet Dag","min":5.4},"geometry":{"type":"Polygon","coordinates":[[[60.59,36.21],[60.04,36.32],[59.64,36.51],[58.49,37.27],[57.92,37.54],[57.35,37.65],[56.9,37.83],[56.57,38.16],[56.11,38.33],[55.62,38.74],[55.46,39.01],[55.48,39.19],[55.58,39.33],[55.73,39.39],[56.16,39.31],[56.42,39.19],[56.81,38.81],[57.25,38.51],[57.58,38.36],[58.21,38.27],[58.81,37.95],[59.32,37.5],[60.51,36.68],[60.66,36.4],[60.59,36.21]]]}},{"type":"Feature","properties":{"n":"Paropamisus Mountains","min":5.4},"geometry":{"type":"Polygon","coordinates":[[[61.87,35.32],[62.26,35.18],[63.08,35.03],[63.75,35.05],[65.78,35.3],[66.59,35.19],[66.67,35.14],[66.68,34.98],[66.59,34.87],[66.46,34.8],[65.42,34.58],[64.84,34.39],[63.32,34.38],[62.79,34.29],[62.13,34.5],[61.74,34.78],[61.5,35.17],[61.58,35.29],[61.87,35.32]]]}},{"type":"Feature","properties":{"n":"Al Hajar Mountains","min":5.4},"geometry":{"type":"Polygon","coordinates":[[[59.25,22.89],[59.43,22.55],[59.44,22.27],[59.38,22.19],[59.29,22.22],[58.88,22.65],[58.69,22.74],[57.82,22.91],[57.59,22.9],[57.08,22.73],[56.95,22.74],[56.84,22.84],[56.63,23.32],[56.27,23.73],[56.02,24.09],[55.86,24.54],[55.9,24.8],[56.07,25.12],[56.08,25.86],[56.22,26.13],[56.32,26.12],[56.37,26.02],[56.3,25.65],[56.36,25.41],[56.38,24.93],[56.64,24.47],[56.91,24.15],[57.22,23.92],[57.6,23.77],[58.73,23.54],[59.25,22.89]]]}},{"type":"Feature","properties":{"n":"Tuwayq Mountains","min":5.4},"geometry":{"type":"Polygon","coordinates":[[[45.95,20.39],[45.72,20.36],[45.55,20.42],[45.44,20.66],[45.51,21.1],[45.98,22.43],[46.16,23.16],[46.17,23.79],[46.08,24.29],[45.87,24.85],[45.85,25.05],[45.91,25.2],[46.04,25.31],[46.27,25.29],[46.55,25.1],[46.82,24.8],[47.01,24.43],[47.05,23.84],[46.95,22.98],[46.75,22.03],[46.49,21.18],[46.22,20.63],[45.95,20.39]]]}},{"type":"Feature","properties":{"n":"Taurus mountains","min":6.0},"geometry":{"type":"Polygon","coordinates":[[[35.06,37.69],[34.99,37.26],[34.83,37.03],[34.53,36.75],[34.13,36.49],[33.64,36.3],[32.92,36.1],[32.65,36.15],[31.98,36.62],[31.35,36.98],[31.27,37.16],[31.44,37.47],[31.75,37.71],[31.94,37.71],[32.84,37.51],[33.57,37.55],[35.0,37.82],[35.06,37.69]]]}},{"type":"Feature","properties":{"n":"B\u00f6hmerwald","min":5.4},"geometry":{"type":"Polygon","coordinates":[[[14.0,48.47],[13.85,48.43],[13.72,48.48],[12.58,49.19],[12.35,49.44],[12.31,49.58],[12.37,49.73],[12.49,49.8],[12.65,49.81],[12.96,49.75],[13.7,49.22],[14.14,48.82],[14.14,48.63],[14.0,48.47]]]}},{"type":"Feature","properties":{"n":"Southern Carpathians","min":5.4},"geometry":{"type":"Polygon","coordinates":[[[26.14,45.04],[25.05,45.03],[23.88,44.86],[22.98,44.65],[22.33,44.62],[21.79,44.77],[21.63,45.19],[21.68,45.31],[21.86,45.51],[22.19,45.67],[22.6,45.78],[25.56,45.96],[26.05,45.94],[26.46,45.79],[26.63,45.64],[26.71,45.45],[26.57,45.16],[26.14,45.04]]]}},{"type":"Feature","properties":{"n":"Tatra Mountains","min":4.7},"geometry":{"type":"Polygon","coordinates":[[[23.02,49.18],[23.06,49.01],[22.99,48.91],[22.85,48.87],[22.54,48.9],[21.92,49.05],[20.26,49.1],[19.89,49.07],[18.66,48.82],[18.28,48.89],[18.18,48.95],[18.05,49.13],[18.0,49.4],[18.03,49.56],[18.15,49.79],[18.32,49.91],[18.79,50.02],[19.31,50.07],[21.57,49.85],[22.02,49.75],[22.78,49.4],[23.02,49.18]]]}},{"type":"Feature","properties":{"n":"Pindus","min":6.0},"geometry":{"type":"Polygon","coordinates":[[[21.51,38.45],[21.19,38.55],[20.98,38.91],[21.07,38.89],[21.15,38.92],[21.12,39.03],[20.91,39.03],[20.72,39.26],[20.28,39.66],[20.04,40.06],[19.93,40.48],[19.94,41.1],[20.01,41.35],[20.18,41.48],[20.31,41.51],[20.46,41.44],[21.23,40.03],[21.82,39.48],[22.03,39.17],[22.11,38.98],[22.12,38.78],[22.02,38.61],[21.87,38.51],[21.51,38.45]]]}},{"type":"Feature","properties":{"n":"Calabria","min":6.0},"geometry":{"type":"MultiPolygon","coordinates":[[[[15.61,38.24],[15.62,38.27],[15.63,38.27],[15.61,38.24]]],[[[15.73,39.98],[15.8,40.02],[16.11,40.04],[16.54,40.21],[16.68,40.2],[16.52,39.75],[16.6,39.64],[16.82,39.58],[17.11,39.38],[17.17,39.0],[17.1,38.92],[16.95,38.94],[16.62,38.8],[16.56,38.71],[16.55,38.41],[16.28,38.25],[16.06,37.94],[15.72,37.94],[15.65,38.03],[15.64,38.18],[15.7,38.26],[15.82,38.3],[15.9,38.48],[15.88,38.61],[15.97,38.71],[16.2,38.76],[16.21,38.94],[16.11,39.02],[16.02,39.35],[15.85,39.63],[15.73,39.98]]]]}},{"type":"Feature","properties":{"n":"Harz","min":5.4},"geometry":{"type":"Polygon","coordinates":[[[11.32,51.39],[11.08,51.28],[10.76,51.3],[9.98,51.47],[9.69,51.63],[9.58,51.89],[9.62,52.03],[9.72,52.13],[9.89,52.18],[10.15,52.15],[10.95,52.0],[11.35,51.87],[11.52,51.69],[11.47,51.54],[11.32,51.39]]]}},{"type":"Feature","properties":{"n":"Vosges Mountains","min":5.4},"geometry":{"type":"Polygon","coordinates":[[[7.14,47.88],[6.88,47.81],[6.65,47.9],[6.53,48.07],[6.52,48.31],[6.63,48.59],[6.87,48.93],[7.54,49.69],[7.85,49.82],[8.02,49.81],[8.13,49.72],[8.14,49.4],[7.93,49.09],[7.51,48.74],[7.45,48.35],[7.33,48.09],[7.14,47.88]]]}},{"type":"Feature","properties":{"n":"Sudetes","min":5.4},"geometry":{"type":"Polygon","coordinates":[[[17.28,49.91],[17.11,49.91],[16.85,50.01],[16.45,50.36],[15.75,50.68],[14.66,50.8],[14.3,50.88],[14.23,50.97],[14.19,51.19],[14.24,51.27],[14.34,51.3],[15.37,51.17],[16.08,51.02],[16.58,50.84],[17.39,50.35],[17.49,50.21],[17.48,50.07],[17.28,49.91]]]}},{"type":"Feature","properties":{"n":"Ore Mountains","min":5.4},"geometry":{"type":"Polygon","coordinates":[[[12.18,50.01],[11.75,49.88],[11.67,50.05],[11.69,50.12],[11.93,50.29],[12.78,50.66],[13.69,50.88],[13.98,50.89],[14.06,50.83],[14.03,50.77],[13.94,50.72],[12.8,50.31],[12.18,50.01]]]}},{"type":"Feature","properties":{"n":"Ardennes","min":5.4},"geometry":{"type":"Polygon","coordinates":[[[5.42,49.58],[4.82,49.46],[4.37,49.49],[4.17,49.67],[4.16,49.93],[4.28,50.17],[4.45,50.32],[5.34,50.42],[5.91,50.35],[6.15,50.08],[5.93,49.8],[5.42,49.58]]]}},{"type":"Feature","properties":{"n":"Jura Mountains","min":5.4},"geometry":{"type":"Polygon","coordinates":[[[5.83,46.06],[5.74,46.05],[5.68,46.27],[5.77,46.7],[6.15,47.16],[6.37,47.35],[6.9,47.58],[7.31,47.66],[7.64,47.5],[7.91,47.47],[8.04,47.39],[6.55,46.79],[6.12,46.43],[5.99,46.2],[5.83,46.06]]]}},{"type":"Feature","properties":{"n":"Cruach nam Miseag","min":5.4},"geometry":{"type":"Polygon","coordinates":[[[-5.54,55.92],[-5.47,56.07],[-4.93,56.47],[-4.06,56.94],[-3.03,57.24],[-2.09,57.1],[-2.23,57.0],[-3.66,56.59],[-5.25,55.98],[-5.18,56.12],[-5.0,56.23],[-5.28,56.09],[-5.42,55.95],[-5.54,55.92]]]}},{"type":"Feature","properties":{"n":"Cambrian Mountains","min":5.4},"geometry":{"type":"Polygon","coordinates":[[[-3.29,51.62],[-3.96,51.68],[-4.1,51.73],[-4.27,51.87],[-4.29,51.93],[-4.13,52.02],[-4.0,52.2],[-3.98,52.54],[-4.03,52.8],[-3.96,53.18],[-3.91,53.24],[-3.32,53.17],[-3.17,53.11],[-3.1,53.0],[-3.15,52.45],[-3.05,51.9],[-3.11,51.7],[-3.29,51.62]]]}},{"type":"Feature","properties":{"n":"Vatnaj\u00f6kull","min":5.4},"geometry":{"type":"Polygon","coordinates":[[[-16.96,64.9],[-16.63,64.79],[-16.38,64.8],[-16.13,64.89],[-15.35,64.78],[-15.42,64.51],[-15.67,64.35],[-16.57,64.0],[-16.75,64.03],[-16.96,64.16],[-17.23,64.11],[-17.38,64.19],[-18.01,64.16],[-18.17,64.38],[-18.02,64.51],[-17.94,64.7],[-17.71,64.72],[-17.16,64.91],[-16.96,64.9]]]}},{"type":"Feature","properties":{"n":"Birch Mountains","min":5.4},"geometry":{"type":"Polygon","coordinates":[[[-115.15,58.37],[-113.29,58.79],[-112.92,58.97],[-112.68,59.16],[-111.65,58.94],[-111.41,59.01],[-111.21,58.88],[-111.28,58.79],[-111.09,58.63],[-111.07,58.46],[-111.49,58.44],[-111.35,58.02],[-111.43,57.66],[-111.66,57.31],[-112.55,57.08],[-113.32,56.99],[-114.64,57.03],[-115.03,57.12],[-115.35,57.26],[-115.44,57.45],[-115.35,57.87],[-115.15,58.37]]]}},{"type":"Feature","properties":{"n":"Caribou Mountains","min":5.4},"geometry":{"type":"Polygon","coordinates":[[[-113.8,58.67],[-115.15,58.37],[-115.82,58.47],[-116.48,58.84],[-116.39,59.29],[-116.13,59.76],[-116.06,60.19],[-115.86,60.5],[-115.44,60.84],[-115.05,60.64],[-114.7,60.17],[-113.82,59.37],[-113.67,59.07],[-113.8,58.67]]]}},{"type":"Feature","properties":{"n":"Cassiar Mountains","min":5.4},"geometry":{"type":"Polygon","coordinates":[[[-129.76,61.83],[-129.18,61.26],[-129.23,60.85],[-129.16,60.63],[-129.17,60.27],[-128.95,60.14],[-128.28,59.86],[-128.0,59.89],[-127.71,60.0],[-127.45,59.87],[-127.69,59.55],[-127.64,59.24],[-126.87,58.55],[-126.3,58.12],[-125.63,57.42],[-125.82,57.42],[-126.13,57.6],[-126.33,57.65],[-126.53,57.62],[-126.56,57.4],[-126.92,57.09],[-126.93,56.92],[-127.24,56.82],[-127.28,56.62],[-127.53,56.48],[-127.71,56.65],[-128.24,56.88],[-128.6,57.11],[-128.78,57.28],[-129.16,57.48],[-129.44,57.48],[-129.65,57.71],[-129.66,57.96],[-130.67,58.3],[-130.92,58.54],[-131.56,58.91],[-131.91,59.24],[-132.44,60.03],[-132.9,60.24],[-133.8,60.79],[-134.29,61.11],[-134.5,61.35],[-134.49,61.72],[-134.31,61.9],[-132.96,61.95],[-132.55,62.01],[-131.67,61.78],[-131.23,61.77],[-131.14,61.91],[-130.9,62.04],[-130.5,62.05],[-130.13,62.04],[-129.76,61.83]]]}},{"type":"Feature","properties":{"n":"Ogilvie Mountains","min":5.4},"geometry":{"type":"Polygon","coordinates":[[[-138.32,65.0],[-138.08,64.76],[-137.12,64.89],[-136.71,64.89],[-135.21,64.48],[-135.16,64.33],[-135.79,64.06],[-136.04,64.04],[-136.85,63.77],[-137.38,63.65],[-139.14,64.22],[-140.45,64.39],[-140.75,64.63],[-140.85,64.63],[-141.0,64.82],[-140.6,64.92],[-139.02,65.1],[-138.32,65.0]]]}},{"type":"Feature","properties":{"n":"Wrangell Mountains","min":5.4},"geometry":{"type":"Polygon","coordinates":[[[-141.79,63.01],[-141.38,62.69],[-141.46,62.54],[-141.62,62.48],[-141.8,62.31],[-141.95,62.27],[-142.09,62.09],[-142.08,61.87],[-142.25,61.57],[-142.61,61.44],[-143.37,61.36],[-143.66,61.37],[-144.22,61.52],[-145.17,61.9],[-145.41,62.15],[-145.38,62.27],[-144.6,62.62],[-144.35,62.7],[-143.65,62.71],[-143.15,63.02],[-142.7,63.07],[-142.58,63.24],[-141.79,63.01]]]}},{"type":"Feature","properties":{"n":"Adirondack Mountains","min":5.4},"geometry":{"type":"Polygon","coordinates":[[[-73.43,43.41],[-73.71,42.8],[-74.23,42.97],[-74.61,42.93],[-74.65,42.99],[-74.85,43.06],[-75.45,43.47],[-75.82,44.18],[-75.02,44.74],[-74.31,45.05],[-73.7,45.15],[-73.33,45.08],[-73.3,44.88],[-73.37,44.57],[-73.29,44.4],[-73.43,44.04],[-73.35,43.78],[-73.42,43.64],[-73.43,43.41]]]}},{"type":"Feature","properties":{"n":"Blue Ridge Mountains","min":5.4},"geometry":{"type":"Polygon","coordinates":[[[-83.36,34.71],[-84.23,34.57],[-84.46,34.63],[-84.75,34.8],[-84.73,35.23],[-84.36,35.58],[-83.72,35.96],[-82.81,36.23],[-82.26,36.6],[-81.42,37.01],[-80.92,37.17],[-80.52,37.21],[-79.88,37.42],[-79.23,38.02],[-78.68,38.71],[-78.52,39.05],[-78.07,39.15],[-77.76,39.13],[-77.86,38.93],[-78.3,38.47],[-78.54,38.13],[-78.93,37.77],[-79.76,37.2],[-80.28,36.71],[-80.81,36.48],[-81.22,36.0],[-82.01,35.28],[-82.51,35.17],[-83.36,34.71]]]}},{"type":"Feature","properties":{"n":"Klamath Mountains","min":5.4},"geometry":{"type":"Polygon","coordinates":[[[-123.71,42.67],[-123.59,42.67],[-123.58,42.61],[-123.48,42.55],[-123.47,42.46],[-122.99,42.46],[-122.49,41.69],[-122.38,41.42],[-122.41,40.99],[-122.51,40.74],[-122.72,40.57],[-122.78,40.29],[-123.03,40.39],[-123.33,40.44],[-123.53,40.55],[-124.14,41.15],[-124.05,41.46],[-124.21,41.82],[-124.18,41.99],[-124.38,42.21],[-124.39,42.45],[-124.04,42.59],[-124.03,42.65],[-123.87,42.75],[-123.71,42.67]]]}},{"type":"Feature","properties":{"n":"Ouachita Mountains","min":5.4},"geometry":{"type":"Polygon","coordinates":[[[-93.9,35.49],[-93.78,35.4],[-93.51,35.43],[-93.04,35.18],[-92.71,35.1],[-92.31,34.79],[-92.37,34.56],[-92.37,34.28],[-92.49,33.93],[-92.79,33.63],[-93.38,33.56],[-93.92,33.91],[-94.19,34.0],[-94.73,34.03],[-95.86,34.3],[-96.0,34.61],[-95.77,35.14],[-95.56,35.26],[-95.19,35.33],[-95.08,35.47],[-94.66,35.31],[-94.55,35.31],[-94.4,35.45],[-94.33,35.38],[-94.15,35.38],[-94.1,35.46],[-93.9,35.49]]]}},{"type":"Feature","properties":{"n":"Salmon River Mountains","min":5.4},"geometry":{"type":"Polygon","coordinates":[[[-115.17,45.58],[-114.54,45.31],[-114.14,45.42],[-114.0,45.42],[-113.9,45.35],[-113.87,45.24],[-113.98,44.85],[-114.17,44.61],[-114.18,44.49],[-114.29,44.32],[-114.88,44.26],[-114.91,44.21],[-115.2,44.21],[-115.5,44.12],[-116.07,44.13],[-116.17,44.17],[-116.27,44.35],[-116.36,44.95],[-116.33,45.1],[-116.23,45.2],[-116.17,45.41],[-115.88,45.47],[-115.53,45.4],[-115.17,45.58]]]}},{"type":"Feature","properties":{"n":"Black Hills","min":5.4},"geometry":{"type":"Polygon","coordinates":[[[-103.11,43.62],[-103.55,43.41],[-104.24,43.66],[-104.5,43.92],[-104.85,44.52],[-104.64,44.75],[-103.8,44.75],[-103.27,44.45],[-103.09,43.99],[-103.11,43.62]]]}},{"type":"Feature","properties":{"n":"Mogollon Rim","min":5.4},"geometry":{"type":"Polygon","coordinates":[[[-109.37,35.01],[-109.28,34.29],[-109.57,34.13],[-109.81,34.09],[-109.94,33.91],[-109.94,33.7],[-110.1,33.54],[-110.41,33.62],[-110.59,33.79],[-110.79,33.82],[-110.9,33.71],[-111.21,33.75],[-111.93,34.33],[-111.58,34.73],[-111.24,34.71],[-109.63,35.03],[-109.37,35.01]]]}},{"type":"Feature","properties":{"n":"Cordillera de M\u00e9rida","min":5.4},"geometry":{"type":"Polygon","coordinates":[[[-71.62,7.57],[-72.08,7.53],[-72.36,8.08],[-71.55,8.84],[-70.95,9.28],[-70.46,9.74],[-69.35,10.9],[-68.68,11.04],[-68.25,10.57],[-69.12,9.7],[-69.81,8.93],[-70.58,8.4],[-70.97,7.96],[-71.62,7.57]]]}},{"type":"Feature","properties":{"n":"Cuchilla Grande","min":5.4},"geometry":{"type":"Polygon","coordinates":[[[-54.34,-34.58],[-55.22,-34.82],[-55.7,-34.74],[-56.09,-34.77],[-55.87,-34.29],[-55.75,-33.62],[-55.63,-33.25],[-55.24,-32.88],[-54.55,-32.53],[-53.88,-32.04],[-53.53,-32.18],[-53.7,-32.92],[-53.69,-33.38],[-53.58,-33.84],[-53.86,-34.26],[-54.34,-34.58]]]}},{"type":"Feature","properties":{"n":"Tumuc-Humac Mountains","min":5.4},"geometry":{"type":"Polygon","coordinates":[[[-54.69,2.8],[-54.11,2.54],[-52.62,2.63],[-52.69,1.97],[-53.9,1.78],[-54.72,1.71],[-55.4,1.74],[-55.89,1.67],[-56.16,1.81],[-56.28,2.27],[-55.75,2.63],[-55.14,2.85],[-55.25,3.11],[-54.79,3.27],[-54.69,2.8]]]}},{"type":"Feature","properties":{"n":"Wilhelmina Mountains","min":5.4},"geometry":{"type":"Polygon","coordinates":[[[-55.14,2.85],[-56.28,2.27],[-56.59,2.81],[-56.83,3.71],[-57.01,4.11],[-57.41,4.45],[-57.04,4.98],[-56.59,4.9],[-56.09,4.58],[-55.96,3.87],[-55.45,3.13],[-55.14,2.85]]]}},{"type":"Feature","properties":{"n":"Serra da Capivara","min":6.0},"geometry":{"type":"Polygon","coordinates":[[[-42.87,-9.13],[-44.09,-9.95],[-44.75,-9.87],[-44.64,-9.39],[-43.29,-8.33],[-42.9,-8.1],[-41.95,-8.12],[-41.55,-8.33],[-41.71,-8.65],[-42.87,-9.13]]]}},{"type":"Feature","properties":{"n":"Serra da Ibiapaba","min":6.0},"geometry":{"type":"Polygon","coordinates":[[[-40.6,-6.56],[-40.63,-6.79],[-41.0,-6.72],[-41.46,-6.31],[-41.48,-5.24],[-41.25,-4.34],[-41.21,-3.63],[-41.41,-3.28],[-41.04,-3.14],[-40.21,-3.3],[-40.3,-3.67],[-40.54,-3.95],[-40.68,-5.8],[-40.6,-6.56]]]}},{"type":"Feature","properties":{"n":"Acarai Mountains","min":5.4},"geometry":{"type":"Polygon","coordinates":[[[-57.45,1.03],[-57.98,0.77],[-59.1,0.94],[-59.69,1.19],[-60.03,1.26],[-60.1,1.56],[-59.62,1.88],[-58.24,1.96],[-57.82,1.8],[-57.45,1.35],[-57.45,1.03]]]}},{"type":"Feature","properties":{"n":"Serra de Curupira","min":5.4},"geometry":{"type":"Polygon","coordinates":[[[-65.16,2.42],[-65.06,2.2],[-64.77,2.4],[-64.01,2.2],[-63.46,2.42],[-63.07,2.44],[-62.99,2.15],[-63.97,1.71],[-63.65,1.35],[-63.16,1.13],[-63.04,0.84],[-63.25,0.72],[-64.4,1.2],[-65.13,0.74],[-65.11,0.43],[-65.64,0.28],[-66.1,0.4],[-66.4,0.6],[-66.25,0.99],[-65.98,1.2],[-66.03,1.45],[-65.94,1.79],[-65.5,2.13],[-65.38,2.61],[-65.16,2.42]]]}},{"type":"Feature","properties":{"n":"Serra do Cachimbo","min":6.0},"geometry":{"type":"Polygon","coordinates":[[[-53.9,-9.82],[-54.43,-10.56],[-55.27,-10.11],[-56.4,-9.26],[-57.25,-8.87],[-57.85,-7.42],[-57.88,-6.72],[-57.6,-6.44],[-56.86,-6.19],[-56.37,-6.44],[-55.66,-7.53],[-54.64,-8.45],[-54.04,-8.91],[-53.9,-9.82]]]}},{"type":"Feature","properties":{"n":"Serra Dourada","min":6.0},"geometry":{"type":"Polygon","coordinates":[[[-49.93,-15.42],[-50.31,-16.38],[-51.19,-15.32],[-50.39,-13.49],[-49.95,-12.75],[-49.67,-11.8],[-49.15,-11.44],[-48.86,-12.13],[-48.7,-12.97],[-48.92,-13.75],[-49.93,-15.42]]]}},{"type":"Feature","properties":{"n":"Serra dos Grada\u00fas","min":6.0},"geometry":{"type":"Polygon","coordinates":[[[-50.94,-10.94],[-51.49,-11.09],[-52.1,-10.6],[-51.79,-9.54],[-51.7,-8.65],[-51.79,-7.89],[-50.52,-5.76],[-49.33,-6.22],[-50.12,-7.92],[-50.61,-8.81],[-50.79,-9.75],[-50.94,-10.94]]]}},{"type":"Feature","properties":{"n":"Serra do Espinho","min":6.0},"geometry":{"type":"Polygon","coordinates":[[[-48.37,-19.26],[-49.17,-19.9],[-49.64,-18.78],[-49.38,-16.93],[-49.38,-15.87],[-48.06,-13.33],[-47.58,-12.91],[-47.21,-13.76],[-48.06,-17.36],[-48.37,-19.26]]]}},{"type":"Feature","properties":{"n":"Pakaraima Mountains","min":5.4},"geometry":{"type":"Polygon","coordinates":[[[-63.16,4.49],[-62.77,4.44],[-62.51,4.63],[-61.8,4.63],[-61.39,4.9],[-59.91,4.51],[-60.22,4.02],[-61.22,4.07],[-62.0,3.39],[-62.68,3.39],[-63.5,3.64],[-64.36,3.3],[-64.84,2.98],[-64.99,3.39],[-64.11,4.19],[-63.87,4.61],[-63.84,5.02],[-63.31,4.8],[-63.16,4.49]]]}},{"type":"Feature","properties":{"n":"Anti-Atlas","min":6.0},"geometry":{"type":"Polygon","coordinates":[[[-9.58,28.57],[-10.43,28.4],[-10.61,28.41],[-10.83,28.59],[-10.6,28.96],[-9.2,30.15],[-8.26,30.72],[-7.25,31.09],[-5.94,31.32],[-5.16,31.6],[-4.61,31.7],[-4.31,31.53],[-4.91,30.86],[-5.42,30.16],[-6.16,30.01],[-6.62,30.01],[-7.58,29.77],[-8.11,29.51],[-8.27,29.17],[-9.15,28.8],[-9.58,28.57]]]}},{"type":"Feature","properties":{"n":"Muchinga Mountains","min":5.3},"geometry":{"type":"Polygon","coordinates":[[[27.46,-17.21],[27.0,-17.73],[26.65,-17.72],[26.93,-17.12],[28.05,-15.63],[28.54,-15.27],[28.5,-15.03],[28.95,-14.44],[30.04,-13.84],[30.93,-12.73],[31.26,-12.12],[32.01,-11.38],[32.4,-10.91],[32.62,-10.91],[32.7,-11.08],[32.23,-11.94],[31.16,-13.7],[30.42,-14.66],[30.27,-15.17],[29.66,-15.56],[28.94,-15.85],[28.77,-16.12],[28.52,-16.39],[27.94,-16.53],[27.46,-17.21]]]}},{"type":"Feature","properties":{"n":"Serra do Mar","min":5.3},"geometry":{"type":"MultiPolygon","coordinates":[[[[-49.59,-28.84],[-50.07,-29.89],[-50.28,-29.76],[-50.23,-28.73],[-49.62,-27.7],[-50.2,-27.2],[-50.02,-26.59],[-49.57,-26.38],[-49.22,-25.45],[-49.79,-25.12],[-49.12,-24.7],[-48.25,-24.55],[-47.73,-24.7],[-47.89,-25.0],[-47.99,-25.04],[-47.93,-25.07],[-48.19,-25.31],[-48.4,-25.27],[-48.46,-25.31],[-48.43,-25.4],[-48.48,-25.44],[-48.64,-25.44],[-48.73,-25.37],[-48.69,-25.49],[-48.51,-25.52],[-48.4,-25.6],[-48.55,-25.82],[-48.67,-25.84],[-48.68,-25.88],[-48.61,-25.88],[-48.58,-25.94],[-48.62,-26.18],[-48.75,-26.27],[-48.65,-26.41],[-48.68,-26.7],[-48.55,-27.2],[-48.64,-27.56],[-48.61,-27.78],[-48.65,-28.22],[-48.8,-28.46],[-49.59,-28.84]]],[[[-48.56,-26.19],[-48.6,-26.41],[-48.67,-26.29],[-48.56,-26.19]]]]}},{"type":"Feature","properties":{"n":"Serra Geral","min":5.3},"geometry":{"type":"Polygon","coordinates":[[[-50.2,-23.17],[-49.71,-24.05],[-49.17,-24.16],[-49.38,-24.34],[-49.81,-25.2],[-49.35,-25.4],[-49.57,-26.38],[-49.91,-26.54],[-50.2,-27.2],[-49.62,-27.65],[-49.91,-28.23],[-50.17,-28.55],[-50.36,-29.74],[-51.28,-29.54],[-51.89,-29.51],[-52.63,-29.78],[-53.53,-29.82],[-54.11,-29.4],[-53.01,-28.52],[-53.54,-27.97],[-53.66,-27.49],[-52.99,-27.02],[-53.04,-26.26],[-53.54,-25.81],[-53.92,-24.66],[-53.46,-23.74],[-52.89,-23.17],[-51.97,-23.19],[-51.3,-23.6],[-50.2,-23.17]]]}},{"type":"Feature","properties":{"n":"Serra da Mantiquiera","min":5.3},"geometry":{"type":"Polygon","coordinates":[[[-49.35,-24.64],[-49.31,-24.32],[-47.4,-23.51],[-46.45,-22.59],[-45.18,-21.78],[-44.23,-21.47],[-43.29,-21.06],[-41.23,-21.38],[-41.5,-21.91],[-42.04,-22.28],[-42.57,-22.56],[-43.24,-22.63],[-44.2,-23.01],[-44.64,-23.06],[-44.68,-23.11],[-44.67,-23.21],[-45.43,-23.58],[-46.59,-23.9],[-47.58,-24.64],[-49.35,-24.64]]]}},{"type":"Feature","properties":{"n":"Guiana Highlands","min":5.3},"geometry":{"type":"Polygon","coordinates":[[[-63.7,7.04],[-61.69,6.79],[-60.74,7.07],[-60.03,7.11],[-59.65,6.58],[-59.19,6.3],[-58.83,6.23],[-58.52,5.73],[-58.48,5.03],[-58.38,4.75],[-58.48,4.32],[-58.69,4.15],[-59.65,3.79],[-60.46,3.97],[-61.13,3.79],[-62.04,3.23],[-63.49,3.51],[-64.62,2.74],[-65.39,3.12],[-66.37,3.21],[-66.9,3.88],[-67.61,4.22],[-67.8,5.17],[-67.51,5.77],[-67.03,7.11],[-66.45,7.57],[-65.74,7.85],[-64.3,7.43],[-63.7,7.04]]]}},{"type":"Feature","properties":{"n":"Sierra Madre de Chiapas","min":5.3},"geometry":{"type":"Polygon","coordinates":[[[-92.25,17.75],[-91.85,17.64],[-91.48,17.4],[-91.25,17.11],[-90.92,16.83],[-91.02,16.24],[-91.0,15.79],[-91.26,15.29],[-91.95,14.96],[-92.12,15.15],[-92.5,15.2],[-92.87,15.53],[-93.77,16.16],[-94.53,16.58],[-94.76,16.79],[-94.25,17.52],[-93.91,17.67],[-92.72,17.65],[-92.25,17.75]]]}},{"type":"Feature","properties":{"n":"Selwyn Mountains","min":4.0},"geometry":{"type":"Polygon","coordinates":[[[-129.9,63.36],[-129.48,62.95],[-128.21,62.5],[-127.81,62.56],[-127.3,62.2],[-127.12,62.12],[-126.85,62.05],[-126.45,62.05],[-124.51,61.46],[-124.18,61.49],[-123.7,61.41],[-123.45,61.18],[-123.43,61.05],[-123.56,60.83],[-123.46,60.58],[-123.68,60.36],[-123.73,60.16],[-123.96,59.86],[-124.13,59.74],[-124.53,59.91],[-125.01,59.51],[-125.39,59.46],[-125.88,59.61],[-126.18,59.6],[-126.53,59.76],[-127.07,59.79],[-127.52,59.92],[-127.45,60.02],[-127.71,60.16],[-128.0,60.05],[-128.28,60.02],[-128.95,60.29],[-129.17,60.43],[-129.16,60.78],[-129.23,61.01],[-129.18,61.42],[-129.76,61.98],[-130.13,62.2],[-130.5,62.21],[-130.9,62.2],[-131.14,62.07],[-131.23,61.93],[-131.67,61.94],[-132.08,62.04],[-132.4,62.2],[-132.65,62.46],[-132.71,62.69],[-132.45,63.05],[-133.08,63.27],[-133.48,63.27],[-133.78,63.2],[-134.05,63.24],[-134.21,63.34],[-134.21,63.5],[-133.97,63.75],[-133.81,63.81],[-133.48,64.1],[-133.24,64.19],[-131.89,64.26],[-131.8,64.53],[-131.15,64.59],[-130.78,64.21],[-129.89,63.72],[-129.92,63.53],[-130.08,63.43],[-129.9,63.36]]]}},{"type":"Feature","properties":{"n":"Columbia Kootenay Mountain","min":4.7},"geometry":{"type":"Polygon","coordinates":[[[-115.29,48.47],[-115.39,48.23],[-115.69,47.94],[-115.98,48.1],[-116.26,48.15],[-116.51,48.31],[-116.57,48.05],[-116.7,47.92],[-116.85,47.8],[-117.1,47.77],[-118.09,47.92],[-118.57,47.93],[-118.97,48.01],[-119.16,48.13],[-119.5,48.07],[-119.8,48.08],[-119.6,48.74],[-119.71,49.72],[-119.44,50.01],[-119.26,50.91],[-119.57,51.57],[-120.02,52.04],[-120.47,52.1],[-121.14,52.47],[-121.66,52.92],[-121.88,53.45],[-122.41,54.03],[-123.73,55.03],[-123.87,55.56],[-123.58,55.84],[-123.2,55.49],[-122.52,55.0],[-121.8,54.4],[-121.27,54.08],[-120.61,53.81],[-119.69,53.07],[-119.25,52.87],[-118.52,52.22],[-118.13,51.99],[-117.75,51.84],[-117.37,51.52],[-116.39,50.91],[-116.06,50.57],[-115.86,50.28],[-115.76,49.93],[-115.58,49.66],[-115.18,49.27],[-115.29,48.47]]]}},{"type":"Feature","properties":{"n":"Torngat Mountains","min":4.7},"geometry":{"type":"MultiPolygon","coordinates":[[[[-63.77,59.5],[-63.97,59.41],[-63.78,59.35],[-63.78,59.28],[-63.64,59.34],[-63.54,59.33],[-63.42,59.19],[-63.65,59.08],[-63.97,59.05],[-63.79,59.03],[-63.29,59.08],[-63.31,59.03],[-63.22,58.93],[-63.28,58.87],[-63.01,58.86],[-62.92,58.75],[-62.93,58.64],[-63.1,58.55],[-63.52,58.48],[-63.84,58.51],[-63.86,58.54],[-64.03,58.52],[-64.3,58.88],[-64.76,58.93],[-64.82,59.04],[-64.47,59.16],[-64.52,59.5],[-64.76,59.47],[-64.81,59.64],[-64.78,59.96],[-64.74,60.0],[-64.29,60.06],[-64.18,59.97],[-64.17,59.85],[-64.23,59.74],[-64.06,59.82],[-63.77,59.5]]],[[[-64.72,60.18],[-64.86,60.3],[-64.71,60.34],[-64.5,60.27],[-64.42,60.17],[-64.73,60.03],[-64.72,60.18]]],[[[-64.81,60.49],[-64.66,60.49],[-64.54,60.43],[-64.44,60.3],[-64.81,60.41],[-64.81,60.49]]]]}},{"type":"Feature","properties":{"n":"New Guinea Highlands","min":5.3},"geometry":{"type":"Polygon","coordinates":[[[142.67,-4.45],[143.3,-4.55],[143.27,-4.53],[144.29,-4.84],[144.48,-4.94],[145.41,-5.72],[146.0,-6.06],[146.24,-6.27],[146.44,-6.51],[146.91,-7.3],[147.25,-7.63],[147.53,-8.02],[147.83,-8.55],[148.55,-9.26],[149.06,-9.5],[149.14,-9.59],[149.17,-9.72],[149.12,-9.81],[149.02,-9.87],[148.7,-9.85],[148.33,-9.75],[148.02,-9.56],[147.85,-9.55],[147.54,-9.3],[146.8,-8.34],[146.28,-7.85],[144.85,-6.98],[143.7,-6.63],[141.15,-5.38],[140.48,-4.97],[139.68,-4.73],[138.46,-4.47],[137.82,-4.45],[135.59,-4.16],[135.46,-4.07],[135.44,-3.88],[135.52,-3.77],[136.28,-3.09],[136.53,-2.94],[136.64,-2.93],[137.16,-3.16],[139.01,-3.25],[140.05,-3.74],[141.14,-4.07],[142.67,-4.45]]]}},{"type":"Feature","properties":{"n":"Khangai Mountains","min":5.3},"geometry":{"type":"Polygon","coordinates":[[[103.47,45.9],[103.04,45.69],[102.58,45.58],[101.35,45.74],[101.03,45.7],[100.72,45.74],[99.36,46.14],[98.55,46.51],[96.66,46.86],[96.43,47.01],[96.31,47.31],[95.88,47.54],[95.81,47.67],[95.8,47.95],[95.91,48.15],[96.2,48.37],[97.11,48.75],[97.55,48.79],[98.86,48.71],[100.45,48.21],[100.76,48.05],[102.61,47.51],[103.48,46.99],[103.71,46.75],[103.8,46.48],[103.72,46.15],[103.47,45.9]]]}},{"type":"Feature","properties":{"n":"Hamgyong Mountains","min":5.3},"geometry":{"type":"Polygon","coordinates":[[[129.68,41.59],[129.76,41.34],[129.63,41.06],[129.65,40.99],[129.72,40.97],[129.66,40.86],[129.34,40.73],[128.84,40.36],[128.7,40.32],[128.51,40.13],[128.3,40.04],[127.97,40.0],[127.87,39.9],[127.57,39.78],[127.53,39.7],[127.55,39.48],[127.51,39.46],[127.08,39.65],[127.07,39.93],[126.56,40.47],[126.52,41.04],[126.68,41.2],[126.69,41.3],[127.07,41.44],[127.3,41.62],[127.46,41.6],[127.85,41.71],[128.1,42.24],[128.22,42.37],[128.92,42.68],[130.03,42.88],[130.16,42.86],[130.46,42.64],[130.56,42.38],[130.25,42.2],[130.01,41.99],[129.68,41.59]]]}},{"type":"Feature","properties":{"n":"Sredinny Range","min":5.3},"geometry":{"type":"Polygon","coordinates":[[[157.23,53.36],[157.08,53.36],[156.95,53.51],[156.9,53.74],[156.93,54.29],[157.0,54.52],[157.62,55.76],[158.12,56.28],[160.27,58.18],[161.61,59.73],[161.76,59.82],[162.5,60.04],[163.42,60.61],[163.7,60.71],[163.83,60.72],[163.94,60.67],[163.99,60.57],[163.99,60.43],[163.92,60.31],[162.24,58.91],[161.27,57.88],[160.12,56.46],[159.43,55.88],[158.97,55.61],[158.56,55.14],[157.49,53.61],[157.23,53.36]]]}},{"type":"Feature","properties":{"n":"Koryak Mountains","min":5.3},"geometry":{"type":"Polygon","coordinates":[[[166.15,60.62],[165.84,60.6],[165.55,60.64],[165.3,60.78],[165.13,61.03],[165.1,61.19],[165.13,61.33],[165.32,61.48],[165.83,61.67],[169.75,62.98],[170.52,63.15],[174.76,63.61],[176.41,63.64],[176.8,63.6],[177.09,63.47],[177.11,63.2],[177.0,63.11],[176.84,63.06],[176.16,62.98],[174.18,62.59],[166.15,60.62]]]}},{"type":"Feature","properties":{"n":"Kolyma mountains","min":5.3},"geometry":{"type":"Polygon","coordinates":[[[155.2,60.75],[154.8,60.71],[154.53,60.83],[154.47,61.02],[154.55,61.27],[154.63,61.35],[155.09,61.68],[155.82,62.09],[158.21,63.13],[158.66,63.39],[161.11,64.2],[161.58,64.32],[162.04,64.57],[162.92,64.84],[163.24,65.0],[164.11,65.06],[164.31,64.97],[164.47,64.77],[164.52,64.53],[164.49,64.41],[164.31,64.23],[163.98,64.08],[161.09,63.2],[158.72,62.4],[157.34,61.83],[156.83,61.69],[155.56,60.89],[155.2,60.75]]]}},{"type":"Feature","properties":{"n":"Chersky Range","min":4.7},"geometry":{"type":"Polygon","coordinates":[[[146.91,64.13],[146.52,64.08],[145.97,64.26],[144.98,64.69],[144.47,64.74],[142.55,65.2],[139.62,66.06],[138.2,66.85],[137.83,67.15],[137.18,67.86],[137.03,68.1],[136.94,68.4],[136.97,68.67],[137.2,68.82],[137.32,68.83],[137.68,68.82],[138.31,68.7],[139.68,67.69],[140.01,67.38],[140.46,67.11],[142.67,66.3],[143.28,66.16],[143.93,66.09],[146.03,65.54],[146.5,65.32],[146.87,64.99],[147.02,64.56],[147.02,64.37],[147.0,64.22],[146.91,64.13]]]}},{"type":"Feature","properties":{"n":"Chin Hills","min":5.3},"geometry":{"type":"Polygon","coordinates":[[[93.56,21.49],[93.49,21.41],[93.52,21.45],[92.98,21.37],[92.63,21.63],[92.57,22.12],[92.4,22.48],[92.62,23.26],[92.58,23.36],[92.33,23.62],[92.29,23.73],[92.33,23.84],[92.49,23.87],[92.67,23.82],[93.31,23.26],[93.75,22.69],[93.78,22.51],[93.68,22.13],[93.64,21.68],[93.56,21.49]]]}},{"type":"Feature","properties":{"n":"Yin Mountains","min":5.3},"geometry":{"type":"Polygon","coordinates":[[[111.56,41.68],[111.71,41.22],[111.2,40.92],[110.82,40.84],[107.18,41.36],[107.01,41.19],[106.55,41.05],[106.16,41.22],[105.7,41.54],[106.02,42.14],[106.56,42.33],[107.68,42.4],[111.1,41.96],[111.56,41.68]]]}},{"type":"Feature","properties":{"n":"Western Sayan","min":5.3},"geometry":{"type":"Polygon","coordinates":[[[95.78,51.63],[95.65,51.54],[95.31,51.49],[94.64,51.63],[92.09,51.51],[91.41,51.34],[91.07,51.34],[90.9,51.43],[90.85,51.62],[91.0,52.0],[90.98,52.57],[91.07,52.78],[91.2,52.94],[95.18,53.21],[95.59,53.11],[95.83,52.9],[95.9,52.77],[95.91,52.43],[96.03,52.11],[95.78,51.63]]]}},{"type":"Feature","properties":{"n":"Abakan Range","min":5.3},"geometry":{"type":"Polygon","coordinates":[[[91.0,49.85],[90.96,49.16],[90.36,49.25],[90.09,49.53],[89.92,49.62],[89.7,49.66],[89.01,50.06],[88.67,50.18],[88.53,50.33],[88.52,50.55],[88.6,50.96],[88.4,51.53],[88.37,51.82],[88.55,53.07],[88.64,53.26],[88.89,53.5],[89.83,53.72],[90.31,54.16],[90.86,54.11],[91.07,53.92],[91.18,53.63],[91.18,53.49],[91.07,53.18],[91.06,52.76],[90.96,52.39],[90.93,51.7],[90.54,51.05],[90.53,50.96],[90.68,50.52],[90.91,50.14],[91.0,49.85]]]}},{"type":"Feature","properties":{"n":"Tannu-Ola mountains","min":5.3},"geometry":{"type":"Polygon","coordinates":[[[96.18,51.0],[96.49,50.72],[96.62,50.54],[96.66,50.38],[96.53,50.18],[96.19,50.02],[96.01,50.0],[95.75,50.06],[95.36,50.43],[94.91,50.61],[94.09,50.74],[92.52,50.68],[92.32,50.64],[91.9,50.47],[91.59,50.1],[90.87,49.87],[90.64,49.91],[90.45,50.1],[90.21,50.18],[90.16,50.29],[90.2,50.48],[90.33,50.65],[90.97,51.13],[91.34,51.29],[91.8,51.34],[92.35,51.51],[94.25,51.6],[95.8,51.21],[96.18,51.0]]]}},{"type":"Feature","properties":{"n":"Taihang Mountains","min":5.3},"geometry":{"type":"Polygon","coordinates":[[[113.86,35.48],[113.25,35.36],[113.15,35.36],[113.07,35.44],[113.17,36.07],[113.1,36.76],[112.97,37.21],[113.06,37.66],[112.91,38.0],[112.88,38.21],[112.95,38.45],[113.24,38.87],[113.33,39.12],[113.34,40.96],[113.26,41.22],[113.27,41.32],[113.39,41.44],[113.75,41.5],[114.01,41.65],[114.22,41.66],[114.5,41.58],[114.76,41.42],[114.87,41.24],[114.89,40.98],[114.61,40.27],[114.68,39.71],[114.64,39.68],[114.54,39.16],[114.39,38.84],[114.42,36.23],[114.35,36.04],[114.0,35.57],[113.86,35.48]]]}},{"type":"Feature","properties":{"n":"L\u00fcliang Mountains","min":5.3},"geometry":{"type":"Polygon","coordinates":[[[112.86,34.87],[112.22,34.72],[111.92,34.83],[111.67,34.87],[111.5,34.98],[111.37,35.18],[111.29,35.38],[111.22,37.36],[111.3,37.88],[111.14,38.49],[111.17,38.7],[111.55,39.88],[111.59,40.45],[111.67,40.57],[112.21,41.01],[112.33,40.72],[112.59,39.37],[112.73,39.02],[112.83,37.76],[112.96,37.33],[113.03,35.51],[112.98,35.17],[112.86,34.87]]]}},{"type":"Feature","properties":{"n":"Qinling","min":5.3},"geometry":{"type":"Polygon","coordinates":[[[112.99,34.73],[113.39,34.12],[113.41,34.05],[113.31,33.95],[113.33,33.86],[113.6,33.48],[114.19,32.9],[114.19,32.78],[113.96,32.53],[113.87,32.54],[112.76,33.51],[112.53,33.62],[112.41,33.62],[112.5,33.35],[112.45,33.27],[112.16,33.22],[111.86,33.34],[111.96,33.06],[111.78,32.74],[111.69,32.68],[111.57,32.66],[110.77,32.85],[109.79,32.63],[108.93,32.7],[108.58,32.89],[107.6,33.27],[105.89,33.2],[105.59,33.23],[105.36,33.35],[105.24,33.48],[105.03,33.98],[105.09,34.22],[105.29,34.44],[105.52,34.58],[105.77,34.64],[106.26,34.66],[106.85,34.56],[107.35,34.54],[107.85,34.36],[109.21,34.35],[111.14,34.8],[112.08,34.67],[112.81,34.86],[112.99,34.73]]]}},{"type":"Feature","properties":{"n":"Dalou Mountains","min":5.3},"geometry":{"type":"Polygon","coordinates":[[[107.6,29.35],[107.9,29.23],[108.04,29.35],[108.08,29.34],[108.27,28.95],[108.33,28.55],[108.21,28.37],[108.11,27.85],[107.39,27.35],[107.0,27.38],[106.6,27.32],[106.13,26.87],[106.08,26.76],[106.08,26.57],[105.89,26.41],[105.45,26.41],[105.28,26.62],[104.79,26.76],[104.69,26.88],[104.4,27.07],[104.01,27.61],[103.91,27.81],[103.86,28.14],[104.18,28.44],[104.28,28.63],[105.09,28.68],[105.46,28.85],[105.93,28.83],[106.71,29.47],[107.28,29.64],[107.39,29.6],[107.6,29.35]]]}},{"type":"Feature","properties":{"n":"D\u00e2ngr\u00eak Mountains","min":5.3},"geometry":{"type":"Polygon","coordinates":[[[101.68,15.1],[104.87,14.92],[105.21,14.99],[105.45,15.09],[105.72,14.81],[105.76,14.53],[105.66,14.26],[105.43,14.09],[105.04,14.06],[104.31,14.26],[103.95,14.28],[103.16,14.14],[102.84,13.86],[102.54,13.83],[101.23,14.26],[100.75,14.66],[100.65,14.99],[100.77,15.24],[101.15,15.57],[101.31,15.49],[101.54,15.18],[101.68,15.1]]]}},{"type":"Feature","properties":{"n":"Naga hills","min":5.3},"geometry":{"type":"Polygon","coordinates":[[[94.17,23.43],[94.02,23.34],[93.94,23.43],[93.74,23.43],[93.62,23.5],[93.36,23.96],[93.3,24.18],[93.3,24.38],[93.85,25.99],[94.03,26.23],[94.7,26.87],[95.49,27.29],[95.72,27.26],[95.9,26.97],[95.92,26.73],[95.88,26.53],[95.37,26.04],[95.08,25.64],[94.87,25.19],[94.64,24.3],[94.5,24.05],[94.26,23.79],[94.17,23.43]]]}},{"type":"Feature","properties":{"n":"Arakan Mountains","min":5.3},"geometry":{"type":"Polygon","coordinates":[[[94.91,17.23],[94.74,17.3],[94.62,17.52],[94.46,18.18],[94.27,18.51],[94.28,18.78],[94.14,19.31],[93.68,19.88],[93.71,19.91],[93.66,19.91],[93.49,20.11],[93.52,20.38],[93.26,20.93],[93.31,21.14],[93.55,21.31],[93.98,21.32],[94.21,21.17],[94.34,20.91],[94.42,20.42],[94.75,20.08],[94.99,19.54],[95.13,17.29],[95.09,17.24],[94.91,17.23]]]}},{"type":"Feature","properties":{"n":"Western Ghats","min":5.3},"geometry":{"type":"Polygon","coordinates":[[[78.48,10.73],[78.6,10.32],[78.53,10.04],[78.15,9.75],[77.53,9.48],[77.37,9.33],[77.33,9.21],[77.36,9.1],[77.75,8.66],[77.78,8.53],[77.74,8.33],[77.5,8.28],[77.22,8.36],[77.09,8.49],[76.99,8.83],[76.53,9.62],[76.4,9.95],[76.34,10.31],[76.37,10.67],[77.05,10.48],[77.27,10.51],[77.58,10.67],[77.83,10.72],[78.48,10.73]]]}},{"type":"Feature","properties":{"n":"Satpura Range","min":5.3},"geometry":{"type":"Polygon","coordinates":[[[79.31,21.67],[79.18,21.63],[78.51,21.63],[77.63,21.22],[76.81,21.16],[76.56,21.06],[75.16,21.1],[74.96,21.24],[74.86,21.48],[75.05,21.87],[75.25,22.0],[77.56,22.44],[78.02,22.67],[78.37,22.75],[78.76,22.91],[79.77,22.96],[79.93,22.79],[80.01,22.59],[80.01,22.45],[79.73,22.22],[79.46,21.8],[79.31,21.67]]]}},{"type":"Feature","properties":{"n":"Salt Range","min":5.3},"geometry":{"type":"Polygon","coordinates":[[[73.24,32.91],[72.82,32.96],[72.66,33.12],[72.63,33.88],[72.66,34.0],[72.74,34.05],[73.89,34.16],[74.48,34.1],[75.17,33.92],[75.26,33.82],[75.27,33.36],[75.14,33.15],[74.82,33.08],[73.51,32.99],[73.24,32.91]]]}},{"type":"Feature","properties":{"n":"Borohoro Mountains","min":5.3},"geometry":{"type":"Polygon","coordinates":[[[85.19,44.26],[86.77,43.61],[86.89,43.47],[86.85,43.22],[86.74,43.11],[86.42,42.97],[86.04,42.94],[85.7,42.98],[83.35,43.67],[82.24,43.74],[81.85,43.94],[81.72,43.93],[81.24,44.11],[81.18,44.17],[81.15,44.41],[81.23,44.71],[81.33,44.84],[81.45,44.92],[81.61,44.96],[82.14,44.9],[83.02,44.59],[85.19,44.26]]]}},{"type":"Feature","properties":{"n":"Alataw Mountains","min":5.3},"geometry":{"type":"Polygon","coordinates":[[[82.05,45.67],[82.24,45.68],[82.82,46.0],[83.02,45.99],[83.18,45.68],[83.25,45.39],[83.24,45.16],[83.19,45.12],[81.83,45.19],[81.48,45.14],[81.37,45.07],[80.91,44.44],[80.78,44.4],[79.86,44.37],[79.6,44.23],[78.77,43.93],[78.54,43.98],[77.74,43.94],[77.56,44.25],[77.03,44.23],[76.83,44.29],[76.79,44.36],[76.86,44.59],[76.94,44.67],[77.45,44.81],[78.31,45.56],[78.7,45.65],[79.91,45.7],[80.05,45.77],[80.52,46.18],[80.82,46.31],[80.97,46.28],[81.43,45.91],[82.05,45.67]]]}},{"type":"Feature","properties":{"n":"Khasi Hills","min":5.3},"geometry":{"type":"Polygon","coordinates":[[[93.93,26.49],[93.38,25.73],[93.45,25.54],[93.41,25.3],[93.3,25.16],[93.15,25.1],[92.98,25.09],[91.98,25.32],[90.67,25.29],[90.4,25.38],[90.35,25.46],[90.34,25.83],[90.48,25.96],[91.14,26.07],[91.84,26.26],[92.49,26.28],[92.74,26.34],[93.06,26.66],[93.77,26.66],[93.94,26.6],[93.93,26.49]]]}},{"type":"Feature","properties":{"n":"Lesser Caucasus","min":5.3},"geometry":{"type":"Polygon","coordinates":[[[45.29,41.35],[46.44,40.69],[47.12,40.04],[47.18,39.93],[47.22,39.33],[47.14,39.13],[46.92,39.06],[46.46,39.03],[46.16,39.13],[45.22,39.72],[44.87,40.25],[44.67,40.45],[44.27,40.47],[44.07,40.59],[44.0,40.74],[43.98,40.98],[43.9,41.07],[43.02,41.14],[42.61,41.29],[42.08,41.33],[41.95,41.43],[41.88,41.57],[41.88,41.73],[42.02,41.97],[42.26,42.11],[43.2,42.25],[43.76,42.08],[44.37,42.0],[44.79,41.52],[45.29,41.35]]]}},{"type":"Feature","properties":{"n":"Pontic Mountains","min":5.3},"geometry":{"type":"Polygon","coordinates":[[[35.65,41.63],[35.85,41.69],[36.15,41.4],[36.41,41.27],[36.98,41.23],[37.35,41.1],[38.38,40.92],[38.95,40.96],[39.15,41.04],[39.44,41.06],[40.13,40.94],[40.5,40.99],[40.7,41.08],[41.4,41.24],[41.72,41.67],[41.84,41.76],[41.97,41.67],[42.03,41.45],[41.9,41.17],[41.58,40.8],[41.0,40.45],[40.12,40.21],[39.09,40.14],[38.14,40.2],[37.31,40.34],[35.59,40.9],[34.26,41.14],[34.11,41.24],[34.05,41.38],[34.12,41.57],[34.31,41.77],[34.53,41.88],[34.79,41.92],[35.13,41.87],[35.3,41.73],[35.65,41.63]]]}},{"type":"Feature","properties":{"n":"Kuhrud Mountains","min":5.3},"geometry":{"type":"Polygon","coordinates":[[[55.92,28.91],[55.73,28.9],[55.58,28.95],[54.84,29.35],[54.38,29.48],[53.97,29.78],[53.03,30.8],[52.55,31.5],[52.06,32.05],[51.98,32.21],[51.88,32.71],[51.78,32.86],[51.53,33.05],[51.0,33.26],[50.63,33.48],[50.47,33.87],[50.0,34.45],[49.95,34.67],[50.06,34.87],[50.22,34.9],[50.38,34.82],[50.79,34.53],[51.23,33.91],[51.53,33.71],[52.18,33.38],[52.3,33.23],[52.46,32.69],[52.65,32.41],[53.33,31.63],[54.45,30.63],[55.15,30.14],[55.95,29.7],[56.13,29.55],[56.21,29.35],[56.18,29.16],[56.08,29.01],[55.92,28.91]]]}},{"type":"Feature","properties":{"n":"Balkan Mountains","min":5.3},"geometry":{"type":"Polygon","coordinates":[[[23.59,43.51],[25.22,43.37],[26.43,43.5],[27.02,43.48],[27.33,43.4],[27.41,43.3],[27.43,43.1],[27.3,42.91],[26.89,42.69],[26.14,42.53],[25.0,42.51],[23.83,42.63],[23.3,42.74],[22.92,42.89],[22.65,43.13],[22.44,43.44],[22.33,43.7],[22.38,43.81],[23.59,43.51]]]}},{"type":"Feature","properties":{"n":"Dinaric Alps","min":5.3},"geometry":{"type":"MultiPolygon","coordinates":[[[[16.56,45.16],[17.14,45.05],[19.51,44.76],[20.71,44.42],[21.27,43.95],[21.47,43.67],[21.63,43.25],[21.61,42.95],[21.17,42.59],[20.8,42.77],[20.54,42.72],[19.66,42.07],[19.61,42.0],[19.6,41.82],[19.34,41.87],[19.19,41.95],[19.0,42.23],[18.85,42.32],[17.58,42.9],[17.72,42.85],[16.9,43.39],[16.39,43.54],[16.03,43.52],[15.95,43.59],[15.94,43.66],[15.68,43.8],[15.41,44.05],[15.37,44.29],[15.47,44.27],[14.92,44.69],[14.91,44.97],[14.85,45.08],[14.55,45.3],[14.13,45.35],[13.96,45.43],[13.67,45.78],[13.6,45.99],[13.72,46.15],[13.94,46.22],[14.16,46.2],[15.2,45.82],[15.99,45.4],[16.56,45.16]]],[[[16.77,43.36],[16.83,43.35],[16.89,43.31],[16.88,43.3],[16.77,43.36]]],[[[14.78,44.97],[14.77,45.03],[14.81,44.98],[14.78,44.97]]]]}},{"type":"Feature","properties":{"n":"Cantabrian Mountains","min":5.3},"geometry":{"type":"Polygon","coordinates":[[[-3.08,43.26],[-2.16,43.27],[-2.01,43.24],[-1.91,43.13],[-1.97,42.87],[-2.36,42.77],[-5.51,42.8],[-6.4,42.68],[-7.07,42.76],[-7.32,42.88],[-7.41,43.01],[-7.33,43.18],[-7.15,43.3],[-6.95,43.36],[-5.67,43.43],[-3.47,43.33],[-3.08,43.26]]]}},{"type":"Feature","properties":{"n":"Sierra Nevada","min":5.3},"geometry":{"type":"Polygon","coordinates":[[[-2.94,36.84],[-3.79,36.86],[-4.46,36.95],[-4.68,37.06],[-4.71,37.19],[-4.53,37.43],[-4.32,37.57],[-3.87,37.76],[-3.4,37.88],[-2.76,37.9],[-2.25,37.77],[-2.02,37.66],[-1.97,37.55],[-1.98,37.41],[-2.03,37.2],[-2.15,37.02],[-2.27,36.96],[-2.94,36.84]]]}},{"type":"Feature","properties":{"n":"Sierra Morena","min":6.0},"geometry":{"type":"Polygon","coordinates":[[[-3.92,38.84],[-2.66,38.72],[-2.5,38.6],[-2.53,38.36],[-2.8,38.2],[-3.46,38.08],[-4.1,38.17],[-4.32,38.15],[-4.57,38.08],[-4.77,37.93],[-6.3,37.56],[-6.76,37.38],[-7.07,37.38],[-7.21,37.46],[-7.19,37.59],[-6.98,37.91],[-6.78,38.04],[-5.85,38.4],[-5.35,38.41],[-5.0,38.67],[-3.92,38.84]]]}},{"type":"Feature","properties":{"n":"Hadhramaut","min":5.3},"geometry":{"type":"Polygon","coordinates":[[[48.65,14.05],[48.33,14.0],[47.99,14.05],[47.63,13.93],[47.06,13.65],[46.82,13.62],[46.6,13.7],[46.54,13.82],[46.6,14.69],[46.76,15.02],[47.31,15.63],[48.68,16.35],[49.33,16.55],[50.0,16.69],[51.21,16.87],[51.49,16.88],[51.69,16.81],[51.83,16.54],[51.88,16.25],[51.75,15.44],[51.32,15.23],[50.54,15.05],[50.1,14.89],[49.55,14.79],[49.29,14.67],[49.05,14.46],[48.81,14.16],[48.65,14.05]]]}},{"type":"Feature","properties":{"n":"Saharan Atlas","min":5.0},"geometry":{"type":"Polygon","coordinates":[[[3.16,34.1],[2.78,33.86],[2.06,33.68],[1.14,33.15],[0.42,32.9],[-0.39,32.49],[-0.61,32.29],[-0.91,32.17],[-1.95,31.84],[-2.21,31.9],[-2.35,32.04],[-1.96,32.52],[-1.6,32.56],[-1.07,32.77],[-0.68,33.13],[-0.5,33.15],[-0.04,33.44],[0.44,33.48],[0.88,33.68],[1.18,34.07],[1.43,34.15],[1.39,33.93],[1.62,34.03],[1.78,34.29],[2.33,34.7],[2.78,34.81],[3.65,35.31],[3.98,35.61],[4.24,35.67],[4.55,35.51],[4.59,35.32],[4.79,35.14],[4.86,34.89],[4.0,34.36],[3.16,34.1]]]}},{"type":"Feature","properties":{"n":"High Atlas","min":5.0},"geometry":{"type":"Polygon","coordinates":[[[-3.2,32.72],[-3.23,32.54],[-2.75,32.56],[-2.37,32.45],[-2.54,32.28],[-3.82,32.08],[-4.02,32.19],[-4.75,31.94],[-5.78,31.45],[-6.47,31.37],[-7.45,31.18],[-7.61,31.03],[-7.79,30.96],[-8.93,30.79],[-9.28,30.65],[-9.49,30.75],[-8.9,31.23],[-7.95,31.29],[-7.46,31.63],[-7.17,31.76],[-6.98,32.0],[-6.67,32.21],[-6.19,32.47],[-5.94,32.66],[-5.7,32.75],[-5.18,32.73],[-5.02,32.67],[-4.0,32.75],[-3.69,32.68],[-3.43,32.78],[-2.83,33.15],[-2.75,32.99],[-3.2,32.72]]]}},{"type":"Feature","properties":{"n":"Drakensberg","min":4.0},"geometry":{"type":"Polygon","coordinates":[[[30.11,-30.69],[28.74,-32.11],[27.8,-32.87],[27.12,-33.3],[26.36,-33.51],[25.14,-33.2],[25.18,-32.93],[25.09,-32.74],[25.06,-32.5],[24.21,-32.26],[23.74,-32.25],[23.53,-32.07],[24.12,-31.66],[24.45,-31.34],[25.06,-30.99],[25.55,-31.02],[26.21,-30.94],[26.75,-30.94],[27.22,-30.76],[27.18,-30.4],[27.02,-29.94],[27.26,-29.68],[27.45,-29.57],[27.89,-28.97],[28.04,-28.47],[29.13,-28.26],[29.32,-27.81],[30.14,-27.08],[30.38,-26.26],[29.84,-24.9],[29.9,-24.27],[29.64,-24.09],[29.84,-23.6],[29.89,-23.23],[29.76,-22.82],[30.58,-22.42],[31.13,-22.38],[31.26,-22.57],[31.03,-22.77],[30.6,-23.52],[30.64,-23.94],[30.97,-24.45],[31.62,-25.24],[31.54,-25.7],[31.6,-26.91],[32.34,-27.7],[31.89,-28.44],[31.15,-29.27],[30.88,-29.74],[30.22,-30.32],[30.11,-30.69]]]}},{"type":"Feature","properties":{"n":"Crystal Mountain","min":4.0},"geometry":{"type":"Polygon","coordinates":[[[12.55,-1.23],[13.79,-3.69],[13.78,-3.94],[13.37,-4.01],[12.48,-3.33],[12.19,-3.33],[12.18,-3.66],[12.65,-4.19],[13.29,-4.46],[13.66,-4.97],[13.84,-5.62],[13.62,-6.04],[13.86,-6.67],[14.44,-7.01],[14.99,-7.68],[15.23,-8.8],[14.78,-9.02],[14.33,-8.69],[13.41,-7.14],[13.21,-6.38],[13.29,-6.19],[13.06,-5.46],[12.7,-4.88],[12.31,-4.42],[10.36,-2.58],[10.15,-1.85],[10.08,-1.33],[10.75,-0.75],[10.55,0.17],[10.11,0.79],[10.08,1.13],[10.23,1.22],[10.43,1.05],[10.73,0.91],[11.1,0.61],[11.26,0.03],[12.29,-0.38],[12.51,-0.79],[12.55,-1.23]]]}},{"type":"Feature","properties":{"n":"Tibesti Mountains","min":3.7},"geometry":{"type":"Polygon","coordinates":[[[19.61,22.54],[19.58,21.85],[19.38,20.84],[19.42,20.23],[19.31,19.87],[18.88,19.52],[18.38,19.49],[17.82,19.66],[17.41,19.85],[17.07,20.37],[16.69,20.36],[16.39,20.15],[16.14,20.09],[16.19,20.36],[16.1,20.55],[16.23,20.71],[15.95,21.19],[15.68,22.23],[15.8,22.31],[16.21,22.01],[16.48,22.07],[16.77,21.94],[17.16,22.02],[17.56,22.61],[18.33,22.72],[18.36,22.92],[18.31,23.21],[18.41,23.54],[18.61,23.8],[19.03,24.09],[19.76,24.0],[19.86,23.83],[19.76,22.95],[19.61,22.54]]]}},{"type":"Feature","properties":{"n":"Ahag","min":4.0},"geometry":{"type":"Polygon","coordinates":[[[4.8,26.96],[4.94,26.69],[5.03,26.16],[5.21,25.55],[5.69,25.25],[6.23,25.23],[6.65,24.72],[7.11,24.53],[8.02,24.46],[8.75,24.34],[8.87,24.15],[8.5,24.09],[8.6,23.85],[8.43,23.49],[8.93,23.46],[8.9,23.25],[8.59,22.96],[8.59,22.71],[8.32,22.54],[7.96,22.23],[7.86,22.49],[7.55,22.68],[7.17,22.38],[7.12,22.07],[6.6,21.67],[6.41,21.76],[6.24,21.93],[5.88,21.92],[5.89,22.31],[5.36,22.32],[4.56,22.65],[4.42,22.88],[4.43,23.4],[4.68,23.8],[4.25,24.23],[3.92,24.3],[3.62,24.24],[2.53,24.19],[1.67,24.37],[1.07,24.85],[1.61,25.08],[1.96,25.11],[2.08,24.81],[2.41,24.78],[2.64,25.56],[2.73,25.57],[2.75,25.24],[2.92,25.26],[3.16,25.42],[3.14,25.58],[3.24,25.81],[3.22,26.13],[3.49,26.46],[3.56,26.97],[3.75,26.93],[3.84,26.8],[4.09,26.82],[4.66,26.98],[4.8,26.96]]]}},{"type":"Feature","properties":{"n":"A\u00efr Mountains","min":4.0},"geometry":{"type":"Polygon","coordinates":[[[8.93,17.37],[8.63,17.26],[8.26,17.73],[8.23,17.9],[8.39,18.12],[8.12,18.57],[8.1,18.77],[7.68,18.99],[7.31,19.59],[7.85,20.12],[8.16,20.3],[8.65,20.36],[8.75,20.33],[8.73,19.86],[8.81,19.52],[9.04,19.32],[9.53,19.07],[9.85,18.55],[9.79,18.35],[9.66,18.2],[9.51,18.09],[9.34,18.09],[9.26,17.99],[9.68,17.79],[9.54,17.72],[9.36,17.71],[8.93,17.37]]]}},{"type":"Feature","properties":{"n":"Mitumba Mountains","min":4.0},"geometry":{"type":"Polygon","coordinates":[[[29.03,-4.96],[29.14,-5.48],[28.45,-4.13],[28.01,-3.76],[28.27,-2.67],[28.39,-2.61],[28.41,-1.52],[28.66,-0.44],[29.08,0.41],[29.47,0.71],[29.71,1.09],[30.16,1.62],[30.64,2.0],[30.88,2.29],[31.1,2.72],[31.35,2.7],[31.35,2.47],[31.15,2.13],[30.54,1.62],[30.41,1.32],[30.42,1.03],[30.18,0.57],[29.8,0.01],[29.61,-0.05],[29.42,-0.34],[29.32,-0.69],[29.44,-0.73],[29.36,-1.3],[29.12,-1.5],[28.92,-2.0],[28.86,-2.45],[29.2,-3.3],[29.06,-4.02],[29.19,-4.34],[29.03,-4.96]]]}},{"type":"Feature","properties":{"n":"Lesser Khingan","min":5.0},"geometry":{"type":"Polygon","coordinates":[[[128.87,46.45],[128.77,46.44],[128.6,46.52],[128.21,47.0],[128.19,47.21],[127.27,48.57],[126.95,48.85],[126.69,48.94],[126.29,48.97],[125.0,49.34],[124.77,49.48],[124.58,49.68],[124.44,49.91],[124.36,50.17],[124.42,50.96],[124.52,51.12],[124.69,51.25],[125.27,51.55],[125.78,51.66],[126.33,51.61],[126.57,51.52],[126.77,51.38],[126.92,51.17],[127.23,50.21],[127.83,49.71],[127.94,49.66],[128.78,49.57],[130.08,49.1],[130.29,48.95],[130.44,48.77],[130.76,48.13],[130.85,47.76],[130.76,47.59],[130.65,47.57],[130.9,47.38],[130.95,47.18],[130.76,47.09],[130.31,47.02],[129.99,46.85],[129.74,46.83],[129.23,46.69],[128.87,46.45]]]}},{"type":"Feature","properties":{"n":"Sikhote-Alin","min":5.0},"geometry":{"type":"Polygon","coordinates":[[[133.13,42.83],[132.68,42.88],[132.53,43.06],[132.55,43.53],[132.8,43.94],[133.66,44.88],[134.91,45.92],[135.92,47.0],[137.43,48.78],[137.6,49.17],[138.15,50.1],[138.8,50.6],[139.63,51.4],[139.8,51.47],[140.19,51.5],[140.4,51.48],[140.51,51.41],[140.56,51.22],[140.37,50.41],[140.31,49.39],[140.19,49.05],[139.82,48.56],[139.33,48.15],[138.4,46.94],[137.54,45.99],[136.87,45.35],[136.55,44.98],[135.5,44.07],[134.7,43.41],[133.62,42.96],[133.13,42.83]]]}},{"type":"Feature","properties":{"n":"Verkhoyansk Range","min":4.0},"geometry":{"type":"Polygon","coordinates":[[[139.21,62.72],[138.85,62.74],[138.14,62.96],[136.9,63.24],[134.51,63.58],[133.84,63.62],[132.16,63.83],[130.35,63.92],[128.75,64.18],[127.64,64.52],[127.16,64.84],[126.75,65.3],[126.58,65.56],[126.4,66.06],[126.31,66.6],[126.3,67.15],[126.41,67.95],[126.88,69.34],[127.03,69.63],[127.48,70.19],[127.81,70.42],[128.04,70.51],[128.78,70.61],[129.04,70.61],[129.54,70.42],[130.18,69.99],[130.34,69.72],[130.38,69.4],[130.36,68.75],[130.32,68.51],[130.04,67.81],[130.0,67.58],[130.01,67.32],[130.25,66.49],[130.44,66.11],[130.7,65.79],[130.86,65.66],[131.68,65.24],[134.75,64.67],[135.87,64.57],[137.33,64.31],[138.81,63.95],[139.25,63.72],[139.42,63.54],[139.51,63.31],[139.46,62.98],[139.32,62.77],[139.21,62.72]]]}},{"type":"Feature","properties":{"n":"Central Highlands","min":5.0},"geometry":{"type":"Polygon","coordinates":[[[108.54,11.73],[107.73,11.72],[107.54,11.79],[107.43,11.91],[107.36,13.01],[107.08,13.78],[107.04,14.45],[106.88,14.78],[106.81,15.12],[106.8,15.75],[106.86,15.82],[107.13,15.89],[107.55,15.91],[107.83,15.79],[107.99,15.52],[108.78,12.83],[108.78,12.35],[108.68,11.92],[108.54,11.73]]]}},{"type":"Feature","properties":{"n":"Qilian Mountains","min":4.0},"geometry":{"type":"Polygon","coordinates":[[[102.96,37.45],[102.46,36.44],[102.17,36.08],[102.06,36.05],[101.88,36.19],[101.1,36.16],[100.79,36.2],[99.87,36.56],[99.47,36.84],[99.24,36.93],[98.21,36.95],[97.62,37.46],[97.48,37.53],[96.67,37.54],[96.46,37.61],[96.35,37.66],[96.28,37.77],[95.79,37.89],[95.3,38.11],[95.09,38.27],[94.58,38.46],[94.48,38.6],[94.57,38.75],[95.29,38.81],[95.44,38.9],[95.19,39.08],[94.49,39.25],[94.35,39.4],[94.37,39.52],[94.45,39.67],[94.71,39.9],[95.03,40.04],[95.64,40.14],[98.3,39.84],[99.65,39.44],[101.01,38.39],[102.24,38.24],[102.37,38.19],[102.71,37.94],[102.96,37.57],[102.96,37.45]]]}},{"type":"Feature","properties":{"n":"Eastern Sayan Mountains","min":4.0},"geometry":{"type":"Polygon","coordinates":[[[94.62,55.22],[95.13,55.2],[95.93,55.51],[96.46,55.53],[96.73,55.48],[98.96,54.63],[99.28,54.45],[99.82,54.04],[103.43,52.36],[103.71,52.1],[103.66,51.86],[103.29,51.84],[103.2,51.76],[102.91,51.81],[102.65,51.77],[102.46,51.89],[102.29,51.86],[101.95,51.89],[101.68,51.88],[100.99,51.71],[98.39,51.72],[96.61,52.01],[95.09,52.81],[93.84,53.18],[92.84,53.84],[92.47,54.19],[91.82,54.61],[91.67,54.82],[91.62,55.01],[91.64,55.16],[91.76,55.33],[92.25,55.72],[92.66,55.88],[93.14,55.84],[94.26,55.29],[94.62,55.22]]]}},{"type":"Feature","properties":{"n":"Yablonoi Mountains","min":4.0},"geometry":{"type":"Polygon","coordinates":[[[117.7,51.75],[116.99,51.23],[116.54,51.31],[116.44,51.29],[115.92,51.02],[115.51,50.99],[115.28,50.87],[115.13,50.67],[114.89,49.87],[114.75,49.64],[114.44,49.42],[114.2,49.37],[113.58,49.37],[112.86,49.68],[111.26,49.94],[111.07,50.12],[111.09,50.3],[111.47,50.67],[111.9,51.41],[113.49,52.9],[113.7,53.17],[113.92,53.87],[114.87,54.86],[115.43,56.4],[115.65,56.73],[116.19,57.31],[116.79,58.34],[117.08,58.62],[117.28,58.73],[117.65,58.85],[118.32,58.91],[118.86,58.79],[119.7,58.34],[120.6,58.18],[120.77,58.1],[121.09,57.8],[121.22,57.61],[121.39,57.18],[121.4,56.96],[121.07,55.68],[120.35,54.69],[120.25,54.44],[119.93,54.02],[119.53,53.61],[119.13,53.48],[118.69,52.71],[118.4,52.44],[118.3,52.28],[117.9,52.16],[117.7,51.75]]]}},{"type":"Feature","properties":{"n":"Dabie Mountains","min":5.0},"geometry":{"type":"Polygon","coordinates":[[[117.2,31.21],[116.02,30.08],[115.9,30.03],[115.77,30.05],[115.62,30.2],[115.52,30.49],[115.11,30.71],[115.04,30.91],[114.98,30.96],[114.4,31.09],[113.38,31.19],[113.12,31.33],[112.92,31.54],[112.86,31.68],[112.84,32.36],[112.91,32.48],[113.05,32.56],[113.54,32.58],[113.93,32.3],[114.2,32.2],[115.13,32.18],[115.64,32.09],[116.5,31.74],[117.1,31.38],[117.19,31.29],[117.2,31.21]]]}},{"type":"Feature","properties":{"n":"Nanling Mountains","min":5.0},"geometry":{"type":"Polygon","coordinates":[[[113.09,23.65],[112.86,23.6],[112.18,23.26],[111.71,23.29],[111.2,23.6],[109.98,23.87],[109.81,24.12],[109.79,24.44],[109.46,24.62],[109.44,24.84],[109.7,25.2],[109.82,25.61],[110.11,25.82],[110.31,25.87],[111.56,25.87],[111.76,25.8],[112.04,25.6],[113.51,25.4],[113.76,25.32],[114.06,25.1],[114.11,24.87],[113.82,24.71],[113.62,24.22],[113.09,23.65]]]}},{"type":"Feature","properties":{"n":"Western Ghats","min":4.0},"geometry":{"type":"Polygon","coordinates":[[[76.79,10.55],[76.47,10.59],[76.28,10.66],[76.1,10.78],[75.83,11.09],[75.61,11.54],[75.45,12.04],[75.14,12.49],[74.86,13.55],[74.59,14.14],[74.11,14.86],[73.93,15.58],[73.64,16.03],[72.89,18.75],[73.01,19.02],[72.97,19.15],[72.85,18.99],[72.86,19.29],[72.99,19.28],[72.86,19.33],[72.87,19.66],[72.95,19.95],[73.39,20.73],[73.47,20.79],[73.83,20.78],[73.97,20.64],[73.96,20.21],[74.08,18.53],[75.86,13.18],[76.41,12.17],[77.21,12.04],[77.33,11.99],[77.4,11.89],[77.39,11.78],[76.79,10.55]]]}},{"type":"Feature","properties":{"n":"Eastern Ghats","min":4.0},"geometry":{"type":"Polygon","coordinates":[[[78.7,11.33],[78.28,11.29],[78.04,11.33],[77.76,11.58],[77.68,11.8],[78.18,12.68],[78.68,14.15],[78.67,15.56],[78.83,16.02],[79.87,17.22],[80.32,17.57],[81.2,18.58],[81.28,19.09],[81.36,19.28],[81.96,19.87],[82.37,19.95],[82.88,20.42],[83.13,20.58],[83.71,20.74],[84.52,20.65],[85.19,20.2],[85.23,20.08],[85.19,20.0],[84.76,19.58],[84.6,19.2],[84.16,18.63],[83.13,17.71],[82.82,17.53],[82.46,17.42],[81.39,17.35],[81.03,17.21],[80.73,16.95],[79.84,15.91],[79.75,15.74],[79.64,15.08],[79.64,14.76],[79.48,14.45],[79.46,14.32],[79.51,14.21],[79.75,13.97],[79.85,13.62],[79.86,13.34],[79.51,12.23],[78.96,11.43],[78.7,11.33]]]}},{"type":"Feature","properties":{"n":"Vindhya Range","min":5.0},"geometry":{"type":"Polygon","coordinates":[[[76.88,22.71],[75.91,22.22],[75.29,22.25],[73.9,21.85],[73.72,21.87],[73.64,21.93],[73.55,22.15],[73.56,22.54],[73.72,22.7],[74.52,22.66],[74.77,22.86],[76.08,23.19],[78.4,24.49],[78.95,24.54],[79.25,24.48],[79.51,24.33],[79.61,24.21],[79.67,24.08],[79.66,23.79],[79.53,23.51],[79.32,23.31],[79.19,23.26],[78.29,23.2],[77.79,22.86],[76.88,22.71]]]}},{"type":"Feature","properties":{"n":"Wuyi Mountains","min":5.0},"geometry":{"type":"Polygon","coordinates":[[[117.58,25.51],[116.8,25.36],[116.16,25.65],[115.9,25.91],[115.78,26.21],[115.91,26.92],[116.13,27.44],[116.38,27.83],[117.24,28.44],[117.58,28.46],[118.24,28.29],[118.33,28.19],[118.33,28.09],[117.87,25.82],[117.74,25.63],[117.58,25.51]]]}},{"type":"Feature","properties":{"n":"Tarbagatai Mountains","min":5.0},"geometry":{"type":"Polygon","coordinates":[[[85.74,47.2],[85.78,47.03],[85.69,46.79],[85.55,46.61],[85.31,46.48],[85.04,46.4],[84.3,46.35],[84.04,46.38],[83.96,46.41],[83.88,46.54],[84.1,46.82],[83.55,46.99],[83.26,47.0],[82.93,46.9],[82.51,46.91],[81.98,47.16],[81.39,47.14],[81.18,47.2],[80.27,47.24],[79.52,47.6],[79.27,47.79],[79.06,48.06],[79.03,48.29],[79.33,48.75],[79.49,48.84],[81.16,48.71],[81.81,48.56],[83.86,47.58],[85.48,47.42],[85.64,47.34],[85.74,47.2]]]}},{"type":"Feature","properties":{"n":"Altyn-Tagh","min":4.0},"geometry":{"type":"Polygon","coordinates":[[[94.05,38.88],[94.02,38.4],[93.54,38.4],[92.63,38.76],[91.22,38.64],[91.3,38.52],[91.74,38.33],[91.88,38.17],[91.91,37.82],[91.74,37.7],[90.36,37.75],[90.05,37.63],[89.42,37.51],[89.06,37.54],[88.98,37.59],[87.59,37.5],[86.87,37.63],[86.51,37.82],[86.47,37.92],[86.6,38.12],[86.87,38.28],[89.47,39.18],[93.84,39.52],[93.84,39.24],[94.05,38.88]]]}},{"type":"Feature","properties":{"n":"Hejaz Mountains","min":5.0},"geometry":{"type":"Polygon","coordinates":[[[39.92,22.76],[39.76,22.61],[39.55,22.62],[39.32,22.81],[38.81,23.64],[37.56,24.98],[36.77,26.15],[36.0,27.05],[35.85,27.3],[35.48,28.23],[35.42,28.5],[35.49,28.77],[35.73,28.87],[36.03,28.87],[36.44,28.79],[36.71,28.66],[36.81,28.55],[37.14,27.92],[37.27,27.77],[37.75,27.4],[38.17,26.88],[39.57,24.47],[39.98,23.41],[40.0,22.99],[39.92,22.76]]]}},{"type":"Feature","properties":{"n":"Asir Mountains","min":5.0},"geometry":{"type":"Polygon","coordinates":[[[43.86,16.53],[43.74,16.36],[43.59,16.41],[43.44,16.58],[43.04,17.31],[41.98,18.92],[41.47,19.54],[41.07,20.46],[40.69,21.07],[40.66,21.24],[40.74,21.41],[40.93,21.52],[41.16,21.54],[41.6,21.39],[42.22,20.86],[42.52,20.53],[43.37,18.84],[43.52,18.2],[43.82,17.25],[43.89,16.76],[43.86,16.53]]]}},{"type":"Feature","properties":{"n":"Elburz Mountains","min":4.0},"geometry":{"type":"Polygon","coordinates":[[[52.01,36.57],[52.67,36.62],[53.42,36.86],[53.73,36.86],[53.68,36.85],[53.91,36.81],[54.93,36.96],[55.07,36.91],[55.14,36.8],[55.15,36.6],[55.1,36.45],[55.02,36.36],[53.55,35.88],[53.09,35.46],[52.94,35.39],[52.59,35.38],[52.36,35.44],[51.98,35.63],[51.44,35.78],[51.03,36.06],[50.05,36.42],[48.96,36.94],[48.39,37.12],[48.23,37.25],[48.18,37.43],[48.28,37.63],[48.45,37.79],[48.58,37.85],[48.73,37.85],[49.5,37.39],[50.0,37.23],[50.76,36.85],[51.37,36.65],[52.01,36.57]]]}},{"type":"Feature","properties":{"n":"Scandinavian Mountains","min":4.0},"geometry":{"type":"Polygon","coordinates":[[[7.27,58.52],[6.36,58.63],[6.11,58.87],[6.36,59.0],[6.1,58.95],[5.89,59.1],[5.97,59.19],[5.95,59.3],[6.42,59.55],[6.28,59.53],[5.82,59.35],[5.73,59.67],[6.22,59.82],[5.83,59.79],[5.73,59.86],[6.07,60.08],[6.14,60.23],[6.52,60.41],[6.57,60.36],[6.53,60.15],[6.72,60.42],[7.0,60.51],[6.35,60.42],[6.15,60.35],[5.9,60.15],[5.88,60.07],[5.67,59.99],[5.66,60.11],[5.69,60.12],[5.65,60.15],[5.59,60.64],[5.65,60.69],[5.59,60.69],[5.61,61.07],[5.98,61.12],[6.42,61.08],[6.78,61.14],[6.97,61.06],[7.04,60.95],[7.08,60.97],[7.04,61.09],[7.6,61.21],[7.4,61.22],[7.35,61.3],[7.44,61.43],[7.33,61.37],[7.28,61.18],[6.94,61.16],[6.66,61.21],[6.6,61.29],[6.49,61.15],[6.38,61.13],[6.08,61.17],[5.61,61.14],[5.63,61.4],[5.98,61.79],[6.47,61.81],[6.73,61.87],[6.05,61.88],[7.99,62.73],[8.1,62.73],[8.06,62.76],[8.43,62.92],[8.62,62.85],[8.49,62.95],[9.8,63.55],[10.02,63.39],[10.34,63.47],[10.76,63.46],[10.67,63.56],[10.73,63.62],[11.37,63.8],[11.31,63.88],[11.18,63.9],[11.46,64.0],[11.31,64.05],[10.91,63.92],[11.05,63.85],[10.93,63.77],[10.34,63.57],[10.06,63.51],[9.92,63.52],[9.87,63.59],[10.52,63.96],[12.08,65.16],[12.16,65.18],[12.31,65.09],[12.51,65.1],[12.92,65.34],[12.51,65.2],[12.2,65.25],[13.25,66.16],[13.67,66.18],[14.03,66.3],[13.34,66.24],[14.42,67.15],[15.42,67.2],[15.43,67.25],[14.58,67.27],[14.99,67.57],[15.41,67.47],[15.59,67.35],[15.58,67.44],[15.69,67.52],[15.35,67.54],[15.22,67.66],[15.35,67.73],[15.32,67.76],[16.08,68.15],[16.12,68.03],[16.31,67.88],[16.26,68.0],[16.39,68.09],[16.32,68.1],[16.21,68.22],[16.34,68.28],[16.65,68.4],[16.95,68.35],[17.55,68.43],[17.43,68.48],[16.82,68.46],[17.85,68.86],[20.34,69.65],[20.28,69.54],[20.05,69.33],[20.49,69.54],[20.74,69.52],[20.56,69.63],[20.53,69.71],[20.78,69.79],[21.56,69.95],[21.93,69.81],[21.97,69.83],[21.88,70.01],[22.86,70.06],[23.35,69.98],[23.37,70.03],[23.85,70.0],[24.45,69.87],[24.28,69.7],[21.13,68.75],[19.65,68.14],[18.15,67.32],[16.82,66.37],[12.88,63.0],[11.72,62.13],[10.11,61.09],[9.38,60.69],[8.79,60.19],[7.74,58.81],[7.27,58.52]]]}},{"type":"Feature","properties":{"n":"Carpathian Mountains","min":4.0},"geometry":{"type":"Polygon","coordinates":[[[20.75,49.94],[21.7,49.99],[22.18,49.94],[22.57,49.84],[23.69,49.29],[24.82,48.6],[25.54,48.38],[26.03,48.14],[26.53,47.67],[26.91,47.11],[27.05,46.8],[27.16,46.48],[27.2,46.1],[27.15,45.75],[26.99,45.44],[26.7,45.22],[26.36,45.1],[26.01,45.04],[25.05,45.03],[23.88,44.86],[23.09,44.65],[22.73,44.6],[22.37,44.62],[22.0,44.69],[21.72,44.85],[21.6,45.08],[21.59,45.71],[21.64,46.04],[22.0,46.99],[22.13,47.21],[22.35,47.41],[22.64,47.57],[23.19,47.77],[23.31,47.87],[23.35,48.15],[23.25,48.32],[23.01,48.5],[22.67,48.63],[22.28,48.71],[21.97,48.71],[21.78,48.64],[21.46,48.35],[21.25,48.23],[20.79,48.1],[19.85,47.95],[19.64,48.0],[19.27,48.21],[18.35,48.39],[17.73,48.76],[17.55,48.93],[17.48,49.12],[17.59,49.55],[17.87,49.79],[18.28,49.92],[19.31,50.07],[20.75,49.94]]]}},{"type":"Feature","properties":{"n":"Appennino Ligure","min":4.0},"geometry":{"type":"Polygon","coordinates":[[[16.03,39.91],[15.9,39.92],[15.4,40.27],[15.04,40.69],[14.66,41.01],[14.19,41.22],[13.51,41.39],[13.11,41.65],[12.77,42.07],[12.49,42.91],[11.98,43.49],[11.2,43.92],[10.98,43.99],[10.39,44.06],[9.34,44.4],[9.14,44.51],[9.01,44.66],[8.94,44.81],[8.96,44.94],[9.19,45.07],[9.51,45.02],[12.33,44.03],[12.86,43.75],[13.24,43.42],[13.5,43.07],[13.84,42.37],[14.11,42.15],[15.04,41.66],[15.42,41.33],[16.06,40.64],[16.19,40.44],[16.2,40.27],[16.14,40.03],[16.03,39.91]]]}},{"type":"Feature","properties":{"n":"Pyrenees","min":4.0},"geometry":{"type":"Polygon","coordinates":[[[-0.01,43.31],[2.85,42.79],[3.02,42.67],[3.13,42.5],[3.17,42.06],[3.08,41.97],[2.87,41.96],[1.31,42.14],[0.45,42.37],[-1.16,42.63],[-1.9,42.96],[-2.14,43.12],[-2.29,43.31],[-1.48,43.47],[-0.01,43.31]]]}},{"type":"Feature","properties":{"n":"Sierra Madre del Sur","min":5.0},"geometry":{"type":"Polygon","coordinates":[[[-103.03,20.21],[-102.72,20.21],[-102.32,20.37],[-102.08,20.4],[-101.91,20.36],[-101.84,20.21],[-101.67,20.22],[-101.45,20.35],[-101.36,20.49],[-101.21,20.59],[-101.04,20.48],[-100.98,20.31],[-100.77,20.11],[-100.64,20.07],[-100.45,19.92],[-100.25,19.96],[-100.08,20.06],[-99.7,19.51],[-99.24,19.23],[-98.91,19.13],[-98.72,18.98],[-98.33,19.03],[-98.1,18.98],[-97.8,19.05],[-97.32,19.31],[-97.2,19.49],[-97.01,20.11],[-96.74,20.22],[-96.46,19.87],[-96.41,19.7],[-96.58,19.58],[-96.78,19.21],[-96.81,18.91],[-96.79,18.56],[-96.53,18.19],[-96.14,17.94],[-95.75,17.54],[-95.35,17.38],[-95.08,17.44],[-95.08,17.07],[-95.2,16.16],[-95.45,15.99],[-96.25,15.69],[-96.58,15.69],[-96.81,15.75],[-97.17,15.93],[-97.69,15.98],[-97.96,16.17],[-98.48,16.32],[-98.74,16.57],[-99.65,16.73],[-99.84,16.89],[-100.92,17.27],[-101.4,17.55],[-101.84,17.95],[-102.08,18.03],[-102.14,17.96],[-102.22,17.96],[-102.59,18.05],[-103.46,18.37],[-103.78,18.8],[-104.01,18.96],[-104.74,19.24],[-104.99,19.43],[-105.08,19.6],[-105.3,19.77],[-105.43,19.97],[-105.59,20.4],[-105.54,20.5],[-105.38,20.51],[-105.26,20.58],[-105.13,20.86],[-104.84,20.97],[-103.97,20.62],[-103.65,20.39],[-103.03,20.21]]]}},{"type":"Feature","properties":{"n":"Pacific Coast Ranges","min":4.0},"geometry":{"type":"MultiPolygon","coordinates":[[[[-124.67,48.32],[-123.98,48.17],[-123.2,48.14],[-122.87,48.05],[-122.86,47.75],[-123.13,47.44],[-123.14,47.36],[-122.92,47.41],[-123.07,47.4],[-122.98,47.56],[-122.88,47.63],[-122.88,47.31],[-123.03,47.14],[-122.83,47.14],[-122.64,45.88],[-122.64,45.46],[-122.97,45.24],[-123.06,44.68],[-123.21,44.4],[-123.23,43.76],[-123.33,43.23],[-123.23,42.84],[-122.38,41.54],[-122.38,41.05],[-122.51,40.74],[-122.75,40.54],[-122.72,40.06],[-122.42,39.28],[-122.06,38.84],[-121.99,38.12],[-122.15,38.07],[-122.39,38.14],[-122.48,38.11],[-122.47,37.84],[-122.51,37.83],[-122.94,38.07],[-122.98,38.23],[-122.88,38.12],[-123.04,38.39],[-123.35,38.63],[-123.67,39.0],[-123.79,39.29],[-123.78,39.62],[-123.83,39.78],[-123.93,39.95],[-124.33,40.27],[-124.37,40.47],[-124.15,40.85],[-124.06,41.43],[-124.48,42.73],[-124.35,43.34],[-124.2,43.42],[-124.29,43.41],[-124.15,43.69],[-124.1,44.3],[-124.05,44.43],[-123.94,45.19],[-123.91,45.69],[-123.95,46.14],[-123.99,46.22],[-123.67,46.18],[-123.52,46.22],[-123.4,46.15],[-123.22,46.15],[-123.46,46.27],[-124.03,46.29],[-124.04,46.61],[-123.95,46.43],[-123.89,46.66],[-124.07,46.74],[-124.11,46.86],[-123.84,46.96],[-124.11,47.04],[-124.14,46.95],[-124.38,47.66],[-124.67,48.02],[-124.67,48.32]]],[[[-122.89,47.27],[-122.88,47.19],[-122.91,47.25],[-122.89,47.27]]],[[[-121.78,38.01],[-121.52,37.9],[-120.93,37.16],[-120.64,36.89],[-120.38,36.52],[-120.24,36.22],[-119.6,35.36],[-119.13,35.07],[-119.41,34.92],[-119.86,34.79],[-120.27,34.78],[-120.61,34.71],[-120.65,35.14],[-120.87,35.27],[-120.9,35.43],[-121.02,35.48],[-121.38,35.82],[-121.59,36.12],[-121.87,36.32],[-121.92,36.57],[-121.81,36.65],[-121.82,36.95],[-122.08,36.98],[-122.32,37.14],[-122.4,37.27],[-122.49,37.52],[-122.47,37.79],[-122.38,37.79],[-122.37,37.66],[-122.07,37.48],[-122.39,37.96],[-122.22,38.04],[-121.78,38.01]]]]}},{"type":"Feature","properties":{"n":"Sierra Madre Oriental","min":4.0},"geometry":{"type":"Polygon","coordinates":[[[-98.14,20.2],[-98.59,20.16],[-99.1,20.37],[-99.49,20.67],[-99.81,21.22],[-100.07,22.51],[-100.1,23.24],[-100.57,23.9],[-100.68,24.4],[-101.33,24.89],[-102.25,25.17],[-102.77,25.78],[-103.28,26.3],[-103.41,26.7],[-103.38,27.36],[-103.22,27.89],[-103.19,28.99],[-102.89,29.32],[-102.7,29.71],[-102.38,29.85],[-101.33,29.73],[-101.21,29.03],[-101.24,28.5],[-101.16,27.94],[-100.92,27.46],[-100.37,26.75],[-99.28,24.74],[-98.91,23.58],[-98.57,21.67],[-98.26,21.21],[-97.77,20.93],[-98.14,20.2]]]}},{"type":"Feature","properties":{"n":"Sierra Nevada","min":3.0},"geometry":{"type":"Polygon","coordinates":[[[-118.2,35.11],[-118.6,34.87],[-118.73,34.89],[-118.84,34.99],[-118.87,35.35],[-118.8,35.75],[-118.85,36.1],[-119.42,36.83],[-119.85,37.05],[-120.87,38.11],[-121.29,39.01],[-121.79,39.93],[-121.77,40.11],[-121.56,40.27],[-121.08,40.4],[-120.95,40.59],[-119.94,39.09],[-118.89,38.02],[-118.15,36.83],[-117.88,35.93],[-117.93,35.48],[-118.2,35.11]]]}},{"type":"Feature","properties":{"n":"Sierra Madre Occidental","min":4.0},"geometry":{"type":"Polygon","coordinates":[[[-104.26,20.89],[-104.96,20.93],[-105.38,20.77],[-105.5,20.78],[-105.24,21.12],[-105.18,22.01],[-105.57,22.74],[-106.27,23.31],[-106.87,24.1],[-107.24,24.77],[-108.96,26.47],[-109.57,27.25],[-110.34,28.87],[-110.71,29.48],[-110.76,30.69],[-110.58,31.14],[-108.78,31.09],[-108.14,30.43],[-107.72,29.37],[-107.77,28.95],[-107.23,28.01],[-106.78,27.36],[-105.98,26.67],[-105.55,26.01],[-105.31,25.51],[-104.33,23.93],[-103.46,23.44],[-103.2,22.94],[-102.61,22.83],[-102.22,22.38],[-102.3,21.88],[-102.69,21.38],[-103.05,21.05],[-103.42,21.05],[-104.26,20.89]]]}},{"type":"Feature","properties":{"n":"Chugach Mountains","min":4.0},"geometry":{"type":"MultiPolygon","coordinates":[[[[-145.09,61.87],[-143.7,61.41],[-142.51,61.2],[-142.14,61.2],[-141.51,61.07],[-141.0,60.93],[-140.69,60.75],[-140.87,60.43],[-141.17,60.18],[-141.34,60.09],[-141.42,60.11],[-141.41,60.05],[-141.48,60.01],[-142.66,60.1],[-144.04,60.03],[-144.19,60.15],[-144.52,60.2],[-144.9,60.34],[-144.82,60.53],[-144.69,60.67],[-145.25,60.38],[-145.38,60.39],[-145.82,60.52],[-145.67,60.65],[-146.14,60.66],[-146.18,60.73],[-146.31,60.74],[-146.64,60.9],[-146.6,61.05],[-146.28,61.11],[-146.38,61.14],[-146.58,61.13],[-146.87,61.01],[-147.28,61.01],[-147.46,60.96],[-147.57,60.99],[-147.66,60.91],[-147.89,60.89],[-148.01,60.97],[-147.77,61.22],[-148.05,61.08],[-148.39,61.04],[-148.41,61.01],[-148.21,61.03],[-148.34,60.85],[-148.56,60.82],[-149.04,60.88],[-149.91,61.1],[-149.76,61.35],[-149.28,61.51],[-148.44,61.89],[-147.91,61.86],[-147.01,61.73],[-146.56,61.89],[-145.93,61.97],[-145.09,61.87]]],[[[-145.27,60.34],[-145.13,60.4],[-145.1,60.39],[-145.13,60.33],[-145.27,60.34]]],[[[-148.35,60.73],[-148.27,60.7],[-148.26,60.69],[-148.35,60.73]]],[[[-147.94,60.88],[-147.93,60.83],[-148.12,60.84],[-148.1,60.92],[-147.94,60.88]]]]}},{"type":"Feature","properties":{"n":"Mackenzie Mountains","min":3.7},"geometry":{"type":"Polygon","coordinates":[[[-132.54,65.83],[-129.73,65.7],[-128.78,65.7],[-127.97,65.59],[-127.4,65.39],[-126.77,65.26],[-126.18,65.05],[-125.99,64.93],[-125.6,64.91],[-125.05,64.72],[-124.82,64.47],[-124.54,64.3],[-123.81,63.6],[-123.58,63.26],[-123.25,62.99],[-123.16,62.2],[-123.2,61.65],[-123.55,60.69],[-123.52,60.48],[-124.15,59.63],[-124.57,59.71],[-125.03,59.37],[-125.46,59.34],[-126.08,59.43],[-127.5,59.79],[-128.19,59.81],[-129.07,60.21],[-129.47,61.06],[-130.61,61.62],[-131.73,61.79],[-133.03,62.16],[-133.17,62.29],[-133.31,62.63],[-133.39,63.08],[-134.06,63.56],[-134.58,63.66],[-136.23,63.62],[-136.93,63.55],[-137.35,63.71],[-137.27,64.35],[-137.09,65.04],[-136.5,65.32],[-136.16,65.67],[-135.74,65.7],[-135.18,65.62],[-133.47,65.95],[-132.54,65.83]]]}},{"type":"Feature","properties":{"n":"Cordillera Occidental","min":5.0},"geometry":{"type":"Polygon","coordinates":[[[-68.57,-18.55],[-69.29,-18.77],[-69.93,-18.0],[-70.62,-17.97],[-71.55,-16.97],[-72.24,-16.56],[-74.25,-15.59],[-75.26,-14.55],[-76.45,-12.81],[-77.02,-11.75],[-77.85,-10.39],[-78.54,-8.77],[-78.26,-8.66],[-77.87,-8.87],[-77.36,-10.05],[-75.65,-12.48],[-74.59,-13.51],[-70.39,-16.35],[-69.05,-17.64],[-68.57,-18.55]]]}},{"type":"Feature","properties":{"n":"Cordillera Real","min":4.0},"geometry":{"type":"Polygon","coordinates":[[[-65.48,-21.78],[-66.13,-22.15],[-66.66,-21.59],[-66.53,-20.75],[-66.69,-20.3],[-66.67,-19.63],[-66.86,-18.61],[-66.86,-17.82],[-67.7,-17.25],[-67.52,-16.68],[-67.05,-16.61],[-66.32,-17.27],[-65.91,-18.09],[-65.43,-19.3],[-65.48,-21.78]]]}},{"type":"Feature","properties":{"n":"Cordillera Oriental","min":5.0},"geometry":{"type":"Polygon","coordinates":[[[-75.64,-7.49],[-75.36,-9.04],[-74.65,-8.94],[-74.31,-9.95],[-73.46,-11.43],[-71.87,-11.9],[-71.18,-12.57],[-69.33,-13.36],[-67.95,-13.86],[-67.0,-14.95],[-65.44,-17.01],[-63.59,-17.51],[-63.28,-18.44],[-63.11,-19.95],[-63.99,-22.81],[-64.91,-23.97],[-65.71,-24.55],[-65.71,-23.02],[-65.18,-21.8],[-65.39,-21.03],[-65.43,-19.3],[-65.97,-17.96],[-66.95,-16.8],[-68.03,-15.82],[-69.04,-14.79],[-70.44,-14.1],[-71.79,-13.86],[-73.09,-13.41],[-73.48,-13.12],[-75.06,-10.71],[-75.58,-10.15],[-76.76,-7.86],[-77.14,-6.24],[-78.22,-5.34],[-78.59,-4.5],[-78.59,-3.7],[-78.3,-2.94],[-78.15,-1.86],[-77.61,-1.3],[-77.82,-2.54],[-77.15,-5.19],[-76.74,-5.4],[-75.76,-6.45],[-75.64,-7.49]]]}},{"type":"Feature","properties":{"n":"Cordillera Blanca","min":4.0},"geometry":{"type":"Polygon","coordinates":[[[-78.56,-4.73],[-76.16,-8.89],[-75.44,-10.32],[-75.06,-10.71],[-73.3,-13.33],[-71.5,-13.97],[-71.58,-15.45],[-74.52,-13.52],[-75.87,-12.17],[-76.98,-10.56],[-78.14,-8.57],[-78.59,-8.65],[-79.75,-6.48],[-80.05,-4.52],[-79.62,-4.07],[-78.83,-3.44],[-78.54,-3.33],[-78.56,-4.73]]]}},{"type":"Feature","properties":{"n":"Cordillera Occidental","min":4.0},"geometry":{"type":"Polygon","coordinates":[[[-79.13,-2.23],[-79.36,-1.47],[-79.17,-0.4],[-78.68,0.79],[-78.14,1.62],[-77.52,3.16],[-77.42,3.34],[-77.36,3.35],[-77.08,3.91],[-77.17,3.86],[-77.25,3.89],[-76.65,5.69],[-76.69,8.55],[-76.21,8.79],[-75.94,8.12],[-75.5,7.67],[-75.55,7.25],[-75.76,7.08],[-75.84,5.95],[-75.61,5.77],[-75.6,5.37],[-76.16,4.33],[-76.54,3.1],[-76.7,2.88],[-76.75,2.5],[-77.11,2.04],[-77.51,1.13],[-77.89,0.46],[-78.42,-0.18],[-78.87,-1.93],[-79.13,-2.23]]]}},{"type":"Feature","properties":{"n":"Cordillera Blanca","min":5.0},"geometry":{"type":"Polygon","coordinates":[[[-78.72,-3.4],[-79.24,-3.92],[-79.52,-3.15],[-79.47,-2.86],[-78.87,-1.93],[-78.43,-0.22],[-77.84,0.52],[-77.11,2.04],[-76.75,2.5],[-76.7,2.88],[-76.45,3.19],[-76.44,3.54],[-76.25,4.13],[-75.92,4.87],[-75.69,5.14],[-75.6,5.64],[-75.88,6.08],[-75.83,6.98],[-75.39,7.32],[-75.25,7.76],[-74.75,8.0],[-74.31,8.77],[-73.93,8.91],[-74.04,7.78],[-74.89,5.35],[-74.91,4.68],[-75.3,3.81],[-76.02,2.39],[-76.42,1.92],[-77.07,0.9],[-77.31,0.25],[-77.53,-0.62],[-78.15,-1.86],[-78.27,-2.81],[-78.72,-3.4]]]}},{"type":"Feature","properties":{"n":"Cordillera Oriental","min":4.0},"geometry":{"type":"Polygon","coordinates":[[[-68.2,10.44],[-66.25,10.63],[-66.1,10.55],[-66.09,10.47],[-65.85,10.26],[-65.13,10.07],[-64.8,10.11],[-64.2,10.41],[-64.19,10.46],[-63.83,10.45],[-63.73,10.5],[-63.86,10.56],[-64.23,10.55],[-64.25,10.63],[-63.5,10.64],[-62.73,10.74],[-61.93,10.68],[-62.23,10.63],[-62.39,10.55],[-62.91,10.53],[-62.84,10.51],[-62.82,10.4],[-62.82,10.09],[-63.84,9.79],[-65.36,9.98],[-67.8,9.55],[-69.12,9.84],[-69.84,9.03],[-71.36,7.74],[-71.96,7.3],[-71.73,6.21],[-72.49,5.17],[-73.55,4.11],[-73.83,3.65],[-73.7,2.33],[-73.95,2.22],[-74.13,3.07],[-74.46,2.49],[-75.34,1.55],[-76.83,0.87],[-77.24,1.09],[-76.49,1.92],[-75.79,2.14],[-75.4,2.59],[-75.06,3.41],[-74.78,4.25],[-74.59,5.35],[-74.25,6.07],[-73.43,6.91],[-73.11,7.59],[-73.67,9.05],[-73.19,10.11],[-73.38,10.24],[-73.8,10.0],[-74.09,10.51],[-74.2,11.25],[-72.77,11.33],[-72.03,11.11],[-72.8,9.66],[-72.9,8.86],[-72.5,8.07],[-70.76,9.46],[-71.13,10.36],[-70.51,11.04],[-69.75,11.45],[-69.15,11.47],[-68.61,11.25],[-68.34,10.66],[-68.2,10.44]]]}},{"type":"Feature","properties":{"n":"Ethiopian Highlands","min":3.5},"geometry":{"type":"Polygon","coordinates":[[[39.92,11.8],[40.18,11.14],[40.27,10.7],[40.23,10.19],[40.12,9.9],[40.01,9.37],[40.15,9.12],[40.47,9.2],[40.99,9.43],[41.68,9.66],[42.8,9.78],[43.18,9.43],[43.38,8.98],[43.17,8.6],[42.83,8.64],[42.32,8.85],[42.18,8.71],[41.87,8.8],[41.35,8.75],[40.54,8.2],[40.59,7.91],[41.01,7.83],[41.33,7.29],[41.09,6.92],[40.94,6.81],[40.88,6.09],[40.96,5.8],[40.58,5.65],[40.02,5.62],[39.76,5.21],[39.37,5.16],[39.1,5.05],[38.85,4.82],[38.5,4.76],[38.36,4.1],[38.21,4.1],[38.0,4.41],[38.04,4.67],[37.92,4.95],[37.26,4.86],[36.77,5.29],[36.28,6.1],[35.29,5.93],[35.14,6.15],[35.3,6.52],[35.01,6.66],[34.84,6.92],[35.09,7.29],[34.85,7.69],[34.86,8.19],[34.52,8.53],[34.2,8.98],[33.95,9.75],[34.18,10.04],[34.12,10.33],[34.56,11.09],[34.96,11.22],[35.17,11.56],[35.59,11.37],[35.91,11.75],[36.0,12.04],[36.01,12.34],[36.27,12.54],[36.56,12.65],[36.54,12.87],[36.21,13.07],[36.24,13.28],[37.03,13.47],[37.05,13.93],[37.69,14.26],[37.8,15.28],[37.95,15.92],[37.56,16.35],[37.46,17.07],[37.67,17.82],[38.21,18.03],[38.59,17.44],[38.86,16.63],[38.96,16.07],[39.43,15.31],[40.15,14.54],[40.17,13.98],[40.13,13.75],[40.18,13.11],[40.1,12.69],[39.9,12.53],[39.92,11.8]]]}},{"type":"Feature","properties":{"n":"Zagros Mountains","min":4.0},"geometry":{"type":"Polygon","coordinates":[[[54.91,26.79],[54.61,26.77],[54.04,26.88],[53.2,27.21],[52.79,27.47],[51.48,28.7],[51.25,29.08],[50.62,29.73],[50.4,30.12],[49.95,30.6],[49.12,31.97],[48.78,32.32],[48.55,32.49],[47.57,32.94],[46.82,33.41],[46.46,33.96],[46.15,35.08],[46.12,35.36],[46.18,35.58],[46.28,35.75],[46.47,35.88],[46.7,35.92],[46.95,35.87],[47.19,35.72],[47.85,35.1],[48.71,34.41],[49.22,33.82],[50.13,33.06],[50.76,32.42],[51.12,31.93],[52.94,29.93],[53.16,29.55],[53.31,29.4],[54.45,28.9],[55.92,28.49],[56.42,28.2],[56.54,28.01],[56.47,27.67],[56.2,27.42],[55.4,26.94],[54.91,26.79]]]}},{"type":"Feature","properties":{"n":"Altai Mountains","min":4.0},"geometry":{"type":"Polygon","coordinates":[[[100.57,44.1],[100.33,44.04],[98.77,43.98],[97.97,44.08],[97.77,43.95],[97.38,43.53],[97.14,43.36],[96.87,43.27],[96.58,43.26],[96.27,43.37],[95.14,44.28],[95.01,44.34],[92.86,44.41],[91.92,44.63],[91.12,44.68],[90.66,44.88],[90.07,45.42],[89.76,46.0],[89.62,46.4],[89.34,46.8],[88.92,47.22],[88.4,47.56],[86.63,48.1],[84.33,48.3],[83.92,48.75],[83.3,49.9],[83.18,50.01],[82.25,50.42],[82.0,50.64],[81.93,50.95],[82.0,51.27],[82.59,52.06],[82.89,52.22],[83.34,52.3],[86.7,52.03],[87.25,51.84],[87.75,51.56],[88.3,51.1],[88.46,50.87],[88.57,50.24],[89.65,49.63],[89.73,49.45],[89.9,49.32],[90.95,49.09],[92.05,48.1],[92.45,47.89],[92.96,47.77],[94.91,46.91],[95.61,46.83],[97.04,46.18],[98.98,45.68],[99.89,45.09],[100.44,44.86],[100.67,44.68],[100.79,44.44],[100.79,44.33],[100.74,44.23],[100.57,44.1]]]}},{"type":"Feature","properties":{"n":"Greater Khingan","min":5.0},"geometry":{"type":"Polygon","coordinates":[[[119.37,43.44],[119.34,43.3],[118.0,43.31],[117.45,43.16],[117.38,43.3],[117.92,46.28],[118.21,46.67],[119.66,49.55],[119.91,50.54],[120.0,50.73],[120.17,51.63],[120.37,51.81],[120.66,51.93],[120.78,52.05],[120.82,52.16],[120.8,52.4],[120.54,52.86],[120.55,52.99],[121.1,53.25],[122.19,53.51],[123.12,53.52],[124.03,53.39],[124.75,53.15],[124.93,53.03],[125.12,52.72],[125.16,52.35],[125.06,51.94],[124.25,50.59],[123.55,49.85],[123.55,49.63],[123.64,49.43],[123.9,49.11],[123.95,48.94],[123.87,48.79],[123.06,48.27],[122.91,48.1],[122.85,47.89],[122.87,47.78],[123.32,46.95],[123.27,46.56],[123.15,46.34],[121.92,44.93],[121.15,44.35],[119.59,43.64],[119.37,43.44]]]}},{"type":"Feature","properties":{"n":"Stanovoy Range","min":4.0},"geometry":{"type":"Polygon","coordinates":[[[126.14,57.29],[126.44,57.32],[127.2,57.24],[128.05,56.85],[128.41,56.74],[130.57,56.79],[131.72,57.09],[134.56,56.85],[134.75,56.9],[136.38,56.9],[137.55,57.16],[137.87,56.98],[138.02,56.82],[138.13,56.57],[138.03,56.4],[134.73,54.7],[134.17,54.51],[131.25,54.31],[130.95,54.4],[130.55,54.68],[130.33,54.75],[128.76,54.88],[128.02,54.75],[127.72,54.79],[127.37,54.69],[126.15,54.9],[124.79,54.89],[124.59,54.96],[124.07,55.33],[123.54,55.87],[123.17,56.45],[123.1,56.71],[123.22,56.92],[123.51,57.13],[124.09,57.38],[125.73,57.34],[125.9,57.4],[126.14,57.29]]]}},{"type":"Feature","properties":{"n":"Annamite Range","min":5.0},"geometry":{"type":"Polygon","coordinates":[[[105.8,18.4],[108.58,15.4],[108.8,15.03],[109.01,14.24],[109.25,13.7],[109.27,13.28],[109.33,13.17],[109.08,12.46],[109.09,11.65],[108.96,11.46],[108.51,11.32],[108.21,10.96],[107.9,10.77],[107.4,10.77],[107.25,10.85],[107.04,11.14],[106.95,11.54],[106.99,12.24],[106.71,12.92],[106.67,13.45],[106.51,14.09],[106.19,14.37],[105.84,14.87],[105.38,16.84],[103.94,18.5],[103.78,18.55],[103.2,18.34],[102.98,18.37],[102.79,18.52],[102.53,19.0],[102.49,19.36],[102.85,20.14],[102.97,20.71],[103.28,21.25],[103.43,21.41],[103.66,21.58],[103.94,21.69],[104.22,21.72],[105.5,21.29],[105.88,21.1],[106.08,20.93],[106.16,20.79],[106.17,20.58],[105.79,20.34],[105.6,20.13],[105.47,19.89],[105.39,19.61],[105.38,19.34],[105.43,19.09],[105.8,18.4]]]}},{"type":"Feature","properties":{"n":"Siwalik Hills","min":3.5},"geometry":{"type":"Polygon","coordinates":[[[80.41,29.49],[87.51,26.84],[87.7,26.7],[87.71,26.59],[87.55,26.4],[87.34,26.37],[83.81,27.46],[83.12,27.55],[82.1,27.86],[81.58,28.33],[79.41,29.27],[79.12,29.55],[79.06,29.78],[79.11,29.88],[79.21,29.94],[79.64,29.96],[79.93,29.87],[80.41,29.49]]]}},{"type":"Feature","properties":{"n":"Pamir mountains","min":4.0},"geometry":{"type":"Polygon","coordinates":[[[74.9,39.47],[75.67,39.2],[76.12,38.81],[76.87,38.35],[77.03,38.14],[76.97,38.05],[76.86,38.0],[75.67,37.71],[75.5,37.6],[72.92,37.41],[72.09,37.1],[71.79,37.11],[71.65,37.17],[71.45,37.28],[71.23,37.54],[71.23,39.07],[71.33,39.26],[71.58,39.26],[72.24,39.51],[74.24,39.56],[74.9,39.47]]]}},{"type":"Feature","properties":{"n":"Hindu Kush","min":4.0},"geometry":{"type":"Polygon","coordinates":[[[74.75,37.46],[75.44,36.71],[75.64,36.37],[75.69,36.23],[75.72,35.74],[75.64,35.27],[75.56,35.1],[75.13,34.58],[74.37,34.09],[73.94,34.16],[73.75,34.15],[73.71,34.1],[73.47,34.15],[72.82,34.42],[72.33,34.46],[71.95,34.61],[71.79,34.58],[71.48,34.35],[71.27,34.28],[69.68,34.31],[67.02,34.65],[66.88,34.79],[66.75,35.1],[66.67,35.47],[66.67,35.8],[67.37,36.59],[71.07,37.41],[71.33,37.38],[71.56,37.2],[71.75,37.14],[72.12,37.1],[72.7,37.35],[73.6,37.52],[74.62,37.52],[74.75,37.46]]]}},{"type":"Feature","properties":{"n":"Karakoram","min":4.0},"geometry":{"type":"Polygon","coordinates":[[[79.02,33.35],[78.37,33.35],[78.11,33.46],[77.08,34.31],[76.39,34.7],[76.27,34.82],[76.11,35.06],[75.75,35.81],[75.66,36.41],[75.2,36.95],[75.15,37.09],[74.93,37.28],[74.93,37.33],[76.25,37.9],[76.44,37.91],[76.97,37.48],[77.81,36.48],[78.35,36.12],[79.01,35.9],[79.27,35.67],[79.48,35.38],[79.62,35.06],[79.7,34.6],[79.86,34.27],[79.82,34.18],[79.5,33.83],[79.25,33.65],[79.13,33.43],[79.02,33.35]]]}},{"type":"Feature","properties":{"n":"Kunlun Mountains","min":4.0},"geometry":{"type":"Polygon","coordinates":[[[86.04,37.71],[87.59,37.5],[91.2,37.55],[91.53,37.46],[92.67,36.76],[93.01,36.62],[95.16,36.3],[95.76,36.44],[97.58,35.97],[97.99,36.01],[98.5,36.25],[98.8,36.27],[99.19,36.13],[99.32,36.0],[99.46,35.63],[99.47,35.36],[99.37,35.17],[99.16,35.09],[98.91,35.1],[97.59,35.36],[87.34,35.69],[86.74,35.49],[82.29,35.35],[81.85,35.23],[81.39,35.17],[80.83,35.18],[80.55,35.23],[79.29,35.83],[78.47,36.04],[78.1,36.37],[77.96,36.72],[78.04,36.95],[78.27,37.11],[78.57,37.16],[79.16,37.13],[79.74,36.99],[80.72,36.54],[81.21,36.4],[81.34,36.41],[82.14,36.68],[83.49,36.83],[86.04,37.71]]]}},{"type":"Feature","properties":{"n":"Atlas Mountains","min":3.5},"geometry":{"type":"Polygon","coordinates":[[[10.44,36.69],[10.47,36.33],[9.97,35.88],[9.94,35.4],[9.99,34.16],[9.29,34.07],[8.66,34.13],[8.17,34.26],[7.73,34.45],[7.04,34.85],[6.53,34.93],[5.26,34.79],[4.69,34.65],[3.91,34.32],[3.17,34.11],[2.76,33.85],[2.05,33.66],[1.13,33.14],[0.4,32.9],[-0.39,32.49],[-0.91,32.0],[-1.72,31.66],[-2.26,31.45],[-2.93,31.29],[-4.03,31.14],[-5.17,30.43],[-5.41,30.14],[-6.46,29.95],[-7.23,29.53],[-7.63,29.13],[-8.5,28.79],[-9.27,28.6],[-10.06,28.34],[-10.54,28.31],[-10.99,28.55],[-10.89,28.82],[-10.49,29.06],[-10.27,29.3],[-8.57,30.69],[-8.79,30.76],[-9.34,30.57],[-9.63,30.53],[-9.86,30.75],[-9.81,31.36],[-9.47,31.94],[-9.22,32.16],[-8.91,32.35],[-7.79,32.9],[-7.27,33.1],[-7.18,33.6],[-6.81,34.04],[-6.62,34.11],[-6.28,34.09],[-5.6,34.41],[-5.95,34.94],[-5.87,35.34],[-5.88,35.79],[-5.39,35.91],[-5.34,35.75],[-5.14,35.47],[-4.63,35.21],[-4.33,35.16],[-3.66,35.26],[-3.39,35.21],[-3.21,35.24],[-3.0,35.38],[-2.84,35.13],[-2.02,35.09],[-1.67,35.18],[-1.34,35.36],[-1.09,35.58],[-0.43,35.86],[-0.05,35.83],[0.15,36.06],[0.31,36.16],[0.97,36.44],[1.26,36.52],[2.59,36.6],[2.75,36.68],[3.24,36.79],[3.52,36.8],[3.78,36.9],[4.76,36.9],[5.3,36.65],[6.06,36.86],[6.25,36.94],[6.34,37.05],[6.93,36.92],[7.24,36.97],[7.22,37.04],[7.55,37.02],[7.91,36.86],[8.82,37.0],[8.96,37.09],[9.67,37.31],[9.83,37.28],[9.78,37.21],[9.83,37.14],[9.9,37.18],[9.88,37.25],[10.08,37.24],[10.33,36.87],[10.29,36.78],[10.44,36.69]]]}},{"type":"Feature","properties":{"n":"Appalachian Mountains","min":3.5},"geometry":{"type":"Polygon","coordinates":[[[-65.16,48.06],[-65.36,48.01],[-65.93,48.19],[-66.06,48.11],[-66.45,48.12],[-66.7,48.02],[-66.36,48.06],[-65.82,47.9],[-65.76,47.86],[-65.65,47.63],[-65.97,47.1],[-66.37,46.73],[-66.82,46.36],[-67.95,46.04],[-68.64,45.96],[-69.28,45.32],[-69.45,44.94],[-69.96,44.45],[-70.4,43.91],[-71.16,43.18],[-71.42,42.72],[-71.61,42.2],[-72.5,41.63],[-73.11,41.36],[-73.87,41.08],[-73.88,41.17],[-73.97,41.25],[-73.91,41.05],[-74.29,40.76],[-75.04,40.47],[-75.33,40.2],[-76.19,40.08],[-76.76,39.7],[-77.32,39.23],[-77.89,38.48],[-79.24,36.94],[-80.33,35.98],[-83.89,33.88],[-84.9,33.51],[-85.89,33.0],[-86.56,32.91],[-86.56,32.95],[-86.88,32.65],[-88.02,32.61],[-88.17,32.87],[-88.19,33.03],[-88.3,33.25],[-88.43,33.43],[-88.54,33.97],[-88.41,34.11],[-88.42,34.3],[-88.27,34.67],[-88.26,35.26],[-88.1,35.42],[-87.99,35.78],[-87.99,36.3],[-88.1,36.7],[-88.24,36.95],[-88.52,37.06],[-88.45,37.2],[-88.51,37.34],[-88.38,37.42],[-88.14,37.47],[-88.13,37.7],[-87.78,37.88],[-87.63,37.83],[-87.45,37.94],[-87.09,37.81],[-87.02,37.92],[-86.82,38.0],[-86.71,37.9],[-86.6,37.91],[-86.52,38.02],[-86.34,38.16],[-86.26,38.06],[-86.04,37.97],[-85.92,38.04],[-85.89,38.2],[-85.76,38.27],[-85.59,38.46],[-85.43,38.54],[-85.45,38.71],[-85.32,38.74],[-85.19,38.69],[-84.82,38.83],[-84.84,39.09],[-84.36,39.05],[-84.08,38.78],[-83.86,38.76],[-83.65,38.64],[-83.49,38.7],[-83.15,38.62],[-82.9,38.75],[-82.83,38.58],[-82.69,38.54],[-82.57,38.4],[-82.42,38.43],[-82.22,38.59],[-82.16,38.83],[-82.01,39.02],[-81.85,38.91],[-81.81,39.08],[-81.66,39.28],[-81.42,39.41],[-81.25,39.39],[-80.88,39.62],[-80.6,40.32],[-80.65,40.62],[-80.29,40.7],[-80.2,40.55],[-79.98,40.46],[-79.81,40.55],[-79.53,40.79],[-79.5,40.92],[-79.59,40.98],[-79.82,41.33],[-79.77,41.41],[-80.11,41.81],[-80.19,42.35],[-79.09,42.78],[-78.92,42.9],[-79.08,43.09],[-79.07,43.28],[-79.18,43.47],[-78.66,43.64],[-76.81,43.63],[-76.52,43.48],[-76.3,43.23],[-75.44,43.24],[-75.29,43.14],[-75.0,43.04],[-74.85,43.06],[-74.65,42.99],[-74.61,42.93],[-74.23,42.97],[-73.71,42.8],[-73.53,43.27],[-73.43,43.41],[-73.42,43.64],[-73.35,43.78],[-73.43,44.04],[-73.29,44.4],[-73.37,44.57],[-73.3,44.88],[-73.33,45.08],[-73.61,45.14],[-73.25,45.31],[-73.11,45.52],[-72.46,45.66],[-71.61,46.27],[-71.09,46.54],[-69.31,48.04],[-68.82,48.37],[-67.37,48.9],[-66.12,49.22],[-65.35,49.25],[-64.84,49.19],[-64.56,49.1],[-64.22,48.87],[-64.21,48.81],[-64.51,48.84],[-64.25,48.69],[-64.25,48.55],[-64.35,48.42],[-64.66,48.35],[-65.16,48.06]]]}},{"type":"Feature","properties":{"n":"Brooks Range","min":3.5},"geometry":{"type":"MultiPolygon","coordinates":[[[[-146.66,67.19],[-147.33,67.13],[-148.7,67.28],[-149.29,67.26],[-151.08,67.07],[-151.56,67.13],[-152.86,66.86],[-153.49,66.94],[-154.51,66.96],[-155.34,66.78],[-157.07,66.91],[-158.61,67.2],[-160.63,66.93],[-161.23,66.89],[-161.75,66.81],[-161.86,66.73],[-161.88,66.8],[-161.62,66.98],[-161.97,67.05],[-162.39,67.02],[-162.41,67.1],[-162.58,67.02],[-163.53,67.1],[-163.72,67.2],[-163.94,67.48],[-164.13,67.61],[-165.39,68.05],[-165.96,68.16],[-166.24,68.28],[-166.79,68.36],[-166.55,68.42],[-166.65,68.37],[-166.57,68.36],[-166.38,68.43],[-166.18,68.8],[-166.21,68.89],[-165.51,68.87],[-164.3,68.94],[-163.87,69.04],[-163.54,69.17],[-163.16,69.39],[-163.09,69.61],[-162.95,69.76],[-161.88,70.33],[-161.76,70.26],[-162.07,70.16],[-161.0,70.3],[-160.12,70.59],[-159.96,70.57],[-160.11,70.47],[-160.01,70.45],[-160.1,70.33],[-159.91,70.33],[-159.87,70.28],[-159.81,70.5],[-159.39,70.52],[-159.75,70.53],[-159.96,70.63],[-160.08,70.63],[-159.68,70.79],[-159.31,70.88],[-159.19,70.86],[-159.34,70.78],[-159.25,70.75],[-159.0,70.8],[-157.91,70.86],[-157.32,71.04],[-156.78,71.32],[-156.47,71.41],[-156.4,71.4],[-156.57,71.34],[-156.47,71.29],[-155.65,71.18],[-155.58,71.12],[-155.8,71.0],[-156.15,70.93],[-155.97,70.84],[-155.58,70.89],[-155.17,71.1],[-154.94,71.08],[-154.67,70.99],[-154.79,70.89],[-154.2,70.8],[-153.92,70.88],[-153.23,70.93],[-152.3,70.85],[-152.23,70.81],[-152.44,70.73],[-152.47,70.65],[-152.17,70.56],[-151.77,70.56],[-151.94,70.45],[-151.22,70.42],[-150.66,70.51],[-150.27,70.43],[-149.87,70.51],[-149.27,70.5],[-148.69,70.42],[-148.48,70.32],[-148.14,70.36],[-147.87,70.3],[-147.71,70.22],[-145.82,70.16],[-145.2,70.01],[-144.62,69.98],[-144.42,70.04],[-143.22,70.12],[-142.71,70.03],[-142.3,69.87],[-141.7,69.77],[-141.41,69.65],[-139.98,69.62],[-139.18,69.52],[-138.13,69.15],[-137.24,68.96],[-137.7,68.55],[-138.02,68.4],[-138.52,68.29],[-139.39,68.21],[-140.34,68.21],[-141.0,68.06],[-141.91,68.0],[-142.99,67.66],[-144.29,67.63],[-146.66,67.19]]],[[[-162.06,66.61],[-162.32,66.73],[-162.47,66.74],[-162.61,66.89],[-162.36,66.95],[-162.25,66.92],[-162.13,66.8],[-162.02,66.78],[-162.05,66.67],[-162.01,66.64],[-162.06,66.61]]],[[[-139.14,69.65],[-138.93,69.62],[-138.88,69.59],[-139.13,69.54],[-139.29,69.6],[-139.14,69.65]]]]}},{"type":"Feature","properties":{"n":"Coast Mountains","min":3.5},"geometry":{"type":"MultiPolygon","coordinates":[[[[-134.0,59.61],[-133.84,59.64],[-133.31,59.08],[-132.14,58.42],[-131.8,58.16],[-130.63,57.52],[-129.71,56.65],[-129.52,56.41],[-129.21,55.8],[-128.57,55.72],[-128.15,55.59],[-127.8,55.4],[-127.7,54.98],[-127.14,53.61],[-126.72,53.16],[-125.42,52.18],[-124.84,51.75],[-124.28,51.52],[-123.46,51.38],[-123.0,51.13],[-122.27,50.91],[-121.94,50.71],[-121.74,50.51],[-121.39,49.85],[-121.44,49.47],[-121.84,49.21],[-122.4,49.15],[-122.76,49.22],[-123.08,49.13],[-123.14,49.28],[-122.95,49.29],[-122.88,49.4],[-122.96,49.33],[-123.17,49.35],[-123.24,49.5],[-123.19,49.68],[-123.33,49.53],[-123.54,49.53],[-123.71,49.61],[-123.58,49.68],[-123.82,49.69],[-123.9,49.8],[-123.9,49.98],[-123.78,50.09],[-123.83,50.14],[-123.95,50.18],[-123.87,50.07],[-123.96,49.99],[-123.98,49.88],[-124.11,49.82],[-125.04,50.37],[-125.06,50.42],[-124.86,50.64],[-124.86,50.87],[-124.93,50.81],[-124.99,50.59],[-125.06,50.51],[-125.2,50.48],[-125.53,50.58],[-125.54,50.65],[-125.57,50.6],[-126.24,50.83],[-126.52,51.06],[-127.36,51.06],[-127.54,51.29],[-127.56,51.49],[-127.35,51.64],[-126.69,51.7],[-127.34,51.71],[-127.57,51.57],[-127.55,51.95],[-127.78,52.2],[-127.44,52.36],[-127.24,52.4],[-127.18,52.31],[-127.01,52.29],[-126.71,52.06],[-126.94,52.31],[-127.16,52.39],[-127.21,52.5],[-127.0,52.66],[-126.97,52.78],[-127.02,52.84],[-127.01,52.72],[-127.07,52.65],[-127.52,52.36],[-127.83,52.26],[-128.05,52.46],[-127.94,52.55],[-128.08,52.49],[-128.21,52.59],[-128.05,52.91],[-128.37,52.83],[-128.45,52.88],[-128.52,53.14],[-128.65,53.24],[-128.9,53.33],[-129.02,53.53],[-129.15,53.49],[-129.17,53.53],[-129.11,53.64],[-129.02,53.69],[-128.85,53.7],[-128.91,53.56],[-128.54,53.42],[-128.36,53.46],[-128.13,53.42],[-127.93,53.27],[-127.95,53.33],[-128.21,53.48],[-128.51,53.48],[-128.68,53.55],[-128.76,53.75],[-128.71,53.81],[-128.53,53.86],[-128.7,53.92],[-128.89,53.83],[-128.96,53.84],[-129.21,53.64],[-129.24,53.47],[-129.34,53.45],[-129.94,53.83],[-129.98,54.14],[-129.63,54.23],[-129.93,54.22],[-129.79,54.37],[-130.03,54.72],[-130.19,54.77],[-129.89,55.16],[-129.56,55.46],[-129.7,55.44],[-129.8,55.56],[-129.84,55.32],[-130.05,55.06],[-130.09,55.11],[-129.99,55.36],[-130.09,55.69],[-130.03,55.89],[-130.15,55.65],[-130.04,55.3],[-130.22,55.06],[-130.2,54.95],[-130.34,54.82],[-130.73,54.95],[-130.73,55.13],[-130.81,55.28],[-130.75,55.32],[-130.83,55.33],[-130.9,55.7],[-131.14,56.0],[-131.03,56.09],[-131.34,56.0],[-131.95,55.99],[-131.84,56.16],[-131.55,56.21],[-131.81,56.23],[-132.01,56.41],[-132.43,56.63],[-132.49,56.77],[-132.58,56.78],[-132.83,56.98],[-132.82,57.06],[-132.95,57.05],[-133.35,57.33],[-133.51,57.68],[-133.12,57.57],[-133.52,57.78],[-133.54,57.86],[-133.19,57.88],[-133.56,57.92],[-133.63,57.86],[-133.78,57.96],[-134.06,58.22],[-133.88,58.52],[-133.94,58.5],[-134.17,58.26],[-134.81,58.53],[-135.13,58.9],[-135.33,59.24],[-135.35,59.41],[-135.41,59.32],[-135.48,59.31],[-136.21,59.64],[-136.67,60.14],[-136.83,60.41],[-136.4,60.8],[-136.03,60.8],[-135.77,60.91],[-135.17,60.85],[-134.8,60.64],[-134.49,60.56],[-134.29,60.4],[-134.21,59.93],[-134.0,59.61]]],[[[-123.94,49.72],[-123.97,49.74],[-123.91,49.7],[-123.94,49.72]]],[[[-128.4,52.75],[-128.25,52.78],[-128.27,52.65],[-128.4,52.75]]],[[[-128.68,52.97],[-128.83,53.22],[-128.63,53.11],[-128.54,52.86],[-128.68,52.97]]]]}},{"type":"Feature","properties":{"n":"Cascade Range","min":3.5},"geometry":{"type":"Polygon","coordinates":[[[-119.01,50.86],[-119.21,50.49],[-119.46,50.25],[-119.44,50.08],[-119.53,49.95],[-119.68,49.84],[-119.68,48.47],[-119.77,48.1],[-119.97,47.84],[-120.16,47.78],[-120.37,47.34],[-120.61,47.04],[-120.71,46.62],[-121.32,44.98],[-121.7,43.15],[-121.77,42.63],[-121.66,42.18],[-121.43,42.0],[-121.35,41.75],[-121.35,41.25],[-121.28,41.04],[-120.95,40.59],[-121.08,40.4],[-121.56,40.27],[-121.77,40.11],[-122.09,40.69],[-122.32,41.25],[-122.48,42.31],[-122.48,42.77],[-122.59,43.26],[-123.04,44.18],[-122.7,44.87],[-122.46,45.19],[-122.46,45.52],[-122.78,45.88],[-122.78,46.65],[-122.27,47.07],[-122.14,47.39],[-122.03,47.86],[-122.19,48.26],[-122.51,48.66],[-122.55,48.76],[-122.63,48.77],[-122.71,48.83],[-122.83,49.03],[-123.0,49.06],[-123.08,49.13],[-122.76,49.22],[-122.4,49.15],[-121.84,49.21],[-121.44,49.47],[-121.39,49.85],[-121.56,50.11],[-121.59,50.24],[-121.41,50.32],[-121.29,50.53],[-121.33,50.62],[-121.25,50.75],[-120.78,50.79],[-119.94,50.66],[-119.6,50.9],[-119.41,50.97],[-119.01,50.99],[-119.01,50.86]]]}},{"type":"Feature","properties":{"n":"Alaska Range","min":4.0},"geometry":{"type":"Polygon","coordinates":[[[-147.3,64.22],[-146.86,64.33],[-145.06,64.07],[-144.54,63.73],[-144.18,63.73],[-143.91,63.65],[-143.63,63.42],[-142.96,63.4],[-142.58,63.24],[-142.7,63.07],[-143.15,63.02],[-143.65,62.71],[-144.37,62.71],[-145.38,62.27],[-145.77,62.31],[-146.93,62.65],[-147.33,62.68],[-147.7,62.79],[-148.1,62.84],[-148.55,62.81],[-149.6,62.87],[-149.9,62.73],[-150.09,62.59],[-150.16,62.39],[-150.12,62.06],[-150.16,61.86],[-150.46,61.58],[-150.58,61.36],[-151.15,61.09],[-151.59,60.98],[-151.76,60.88],[-151.86,61.04],[-151.86,61.23],[-152.25,61.31],[-153.18,61.17],[-153.78,61.2],[-154.02,60.99],[-154.31,61.07],[-154.58,61.21],[-154.47,61.62],[-154.61,62.1],[-154.45,62.42],[-153.23,62.79],[-152.36,63.17],[-151.64,63.37],[-150.33,64.06],[-149.15,64.35],[-148.31,64.35],[-147.3,64.22]]]}},{"type":"Feature","properties":{"n":"Great Dividing Range","min":3.5},"geometry":{"type":"Polygon","coordinates":[[[146.85,-38.02],[146.16,-38.01],[145.72,-37.87],[144.13,-37.61],[143.96,-37.53],[143.89,-37.44],[143.81,-37.21],[144.01,-37.01],[144.23,-36.96],[145.47,-36.9],[145.85,-36.83],[146.22,-36.66],[146.94,-36.21],[147.79,-35.59],[148.18,-35.18],[148.67,-34.31],[149.17,-33.12],[149.21,-32.54],[149.18,-32.23],[149.02,-31.71],[149.01,-31.32],[149.18,-31.05],[150.04,-30.15],[150.42,-29.88],[151.02,-29.58],[151.3,-29.27],[151.48,-28.89],[151.57,-28.46],[151.65,-27.3],[151.61,-27.07],[151.39,-26.66],[150.69,-26.26],[148.41,-25.99],[148.12,-25.88],[147.53,-25.41],[147.11,-24.98],[146.24,-24.39],[145.49,-23.4],[144.49,-21.53],[144.08,-20.6],[143.96,-20.19],[143.89,-19.27],[143.7,-18.72],[143.61,-17.53],[143.26,-15.5],[143.03,-14.73],[142.89,-13.83],[142.68,-13.1],[142.75,-12.74],[142.86,-12.66],[143.04,-12.73],[143.17,-12.89],[143.36,-13.34],[143.53,-14.04],[143.8,-14.51],[144.04,-14.8],[144.64,-15.13],[144.88,-15.4],[145.7,-16.95],[145.83,-17.32],[145.91,-18.27],[146.07,-18.68],[146.31,-19.0],[146.63,-19.24],[147.73,-19.86],[148.43,-20.47],[149.06,-21.21],[149.68,-22.7],[149.98,-23.01],[150.79,-23.7],[152.55,-25.86],[152.7,-26.14],[152.85,-27.06],[153.25,-28.28],[153.3,-28.9],[153.27,-29.31],[153.2,-29.58],[152.96,-30.08],[152.67,-31.2],[152.1,-32.37],[151.28,-33.23],[151.01,-33.6],[150.65,-34.55],[149.87,-35.99],[149.77,-36.26],[149.67,-36.96],[149.46,-37.19],[149.17,-37.36],[148.46,-37.52],[147.55,-37.88],[146.85,-38.02]]]}},{"type":"Feature","properties":{"n":"Alps","min":2.0},"geometry":{"type":"Polygon","coordinates":[[[15.31,46.43],[14.9,46.31],[14.05,46.42],[13.4,46.34],[11.6,45.86],[11.21,45.56],[9.32,45.92],[8.77,45.93],[8.32,45.81],[7.65,45.42],[7.47,45.19],[7.41,44.9],[7.54,44.31],[7.51,44.08],[7.3,43.91],[6.78,43.72],[6.4,43.67],[6.06,43.67],[5.72,43.76],[5.39,43.97],[5.17,44.31],[5.16,44.7],[5.26,45.06],[5.39,45.32],[5.79,45.79],[6.52,46.42],[7.43,47.01],[8.01,47.27],[9.08,47.58],[11.12,47.97],[11.67,48.01],[15.12,48.09],[15.83,48.15],[16.03,48.09],[16.18,47.96],[16.01,47.56],[15.41,47.2],[15.3,47.06],[15.37,46.65],[15.31,46.43]]]}},{"type":"Feature","properties":{"n":"Tian Shan","min":2.0},"geometry":{"type":"MultiPolygon","coordinates":[[[[74.71,42.69],[74.6,42.69],[74.39,42.71],[74.71,42.69]]],[[[74.39,42.71],[73.85,42.73],[74.75,42.68],[75.09,42.66],[75.42,42.72],[76.32,43.21],[83.41,43.56],[83.65,43.62],[84.39,43.96],[86.7,44.14],[87.99,43.91],[90.3,43.88],[92.11,44.17],[95.01,43.87],[95.18,43.69],[95.22,43.3],[95.17,43.06],[95.06,42.88],[94.9,42.74],[94.47,42.57],[93.95,42.55],[93.7,42.6],[93.14,42.99],[92.73,43.14],[90.96,43.16],[90.72,43.09],[90.57,42.98],[90.53,42.82],[89.78,42.66],[88.86,42.95],[88.73,42.96],[88.49,42.84],[88.36,42.51],[87.28,41.85],[86.88,41.73],[86.6,41.71],[84.49,42.0],[82.17,41.66],[77.17,39.89],[74.85,39.66],[73.01,39.77],[72.99,40.02],[73.21,40.67],[73.35,41.8],[73.12,42.51],[73.2,42.65],[73.33,42.73],[73.51,42.77],[74.39,42.71]]]]}},{"type":"Feature","properties":{"n":"Ural Mountains","min":2.0},"geometry":{"type":"Polygon","coordinates":[[[57.76,51.7],[57.38,51.57],[57.02,51.61],[56.69,51.77],[56.43,52.04],[56.27,52.38],[56.22,53.1],[56.41,53.79],[56.96,54.78],[57.13,55.24],[57.6,57.6],[57.66,59.36],[57.74,59.97],[57.93,60.61],[58.42,61.74],[58.57,62.25],[58.62,62.83],[58.57,63.79],[58.62,64.11],[58.78,64.43],[59.19,65.08],[59.43,65.36],[59.75,65.53],[60.12,65.62],[60.88,65.67],[62.5,65.99],[63.59,66.66],[64.33,66.99],[64.88,67.5],[65.34,67.58],[65.48,67.71],[65.59,68.13],[65.67,68.23],[66.21,68.36],[66.51,68.34],[66.76,68.22],[66.89,67.98],[66.91,67.68],[66.85,67.36],[66.63,67.11],[66.24,66.96],[65.33,66.8],[64.51,66.56],[64.18,66.41],[63.8,66.13],[63.21,65.8],[62.39,65.54],[62.21,65.42],[61.96,65.07],[61.74,64.94],[60.88,64.73],[60.41,64.55],[60.2,64.27],[59.94,63.11],[59.79,60.76],[59.52,59.82],[59.54,59.46],[59.88,58.01],[60.32,56.62],[60.41,56.16],[60.32,55.78],[60.06,55.3],[59.66,54.8],[58.73,53.99],[58.53,53.58],[58.46,52.76],[58.36,52.37],[58.1,51.99],[57.76,51.7]]]}},{"type":"Feature","properties":{"n":"Caucasus Mountains","min":2.0},"geometry":{"type":"Polygon","coordinates":[[[37.98,44.99],[39.51,45.06],[40.49,45.01],[41.24,44.71],[41.56,44.47],[42.56,44.09],[43.47,43.99],[44.25,43.82],[44.71,43.58],[45.06,43.33],[45.3,43.28],[45.97,43.44],[46.55,43.28],[46.91,43.27],[47.04,43.22],[47.14,43.11],[47.26,42.63],[48.21,42.15],[48.38,41.95],[48.56,41.86],[48.67,41.68],[49.01,41.35],[49.32,40.93],[49.46,40.55],[49.39,40.42],[49.25,40.37],[48.77,40.45],[47.49,41.04],[46.71,41.5],[46.49,41.56],[45.84,41.6],[45.03,41.99],[44.53,42.08],[44.12,42.24],[42.97,42.26],[42.38,42.43],[41.6,42.5],[41.34,42.8],[40.58,43.21],[39.84,43.5],[38.78,44.27],[38.25,44.54],[37.3,44.89],[37.21,44.97],[37.21,45.02],[37.31,45.1],[37.39,45.1],[37.98,44.99]]]}},{"type":"Feature","properties":{"n":"Himalayas","min":2.0},"geometry":{"type":"Polygon","coordinates":[[[84.91,29.18],[87.39,29.13],[87.72,29.26],[88.06,29.32],[92.47,29.1],[93.37,28.89],[93.62,28.93],[93.9,29.11],[94.39,29.24],[94.91,29.49],[95.27,29.78],[95.51,29.73],[95.66,29.54],[95.63,29.49],[94.96,29.19],[94.8,29.01],[94.79,28.92],[94.88,28.77],[95.28,28.43],[95.27,28.28],[95.33,28.14],[94.35,27.34],[93.83,27.12],[91.68,26.86],[89.59,26.9],[88.8,27.16],[88.25,26.99],[87.78,26.9],[85.34,27.3],[84.67,27.57],[83.86,27.7],[83.3,27.95],[82.4,28.05],[82.0,28.38],[77.31,31.13],[75.72,32.41],[75.58,32.6],[75.52,32.77],[75.53,32.92],[75.59,33.05],[76.27,33.74],[76.38,33.79],[77.38,33.91],[77.49,33.87],[84.52,29.32],[84.91,29.18]]]}},{"type":"Feature","properties":{"n":"Andes","min":2.0},"geometry":{"type":"MultiPolygon","coordinates":[[[[-68.35,11.08],[-68.32,10.53],[-68.14,10.49],[-66.12,10.51],[-65.82,10.21],[-68.75,9.79],[-69.28,9.47],[-70.86,8.2],[-71.84,7.3],[-71.69,6.36],[-73.56,4.08],[-73.79,2.31],[-76.69,0.64],[-77.48,-1.32],[-77.32,-4.55],[-75.52,-6.3],[-75.31,-9.15],[-73.19,-11.27],[-71.13,-12.43],[-68.03,-13.91],[-65.21,-16.98],[-63.46,-17.78],[-63.09,-20.16],[-64.57,-25.98],[-65.57,-27.3],[-65.1,-28.36],[-66.63,-29.42],[-67.58,-31.75],[-68.59,-32.54],[-69.07,-34.02],[-69.38,-35.51],[-69.17,-35.98],[-68.69,-36.09],[-69.65,-38.52],[-70.81,-41.7],[-71.08,-42.97],[-70.71,-44.55],[-70.97,-45.77],[-72.35,-49.63],[-71.98,-52.07],[-71.13,-52.54],[-70.81,-52.81],[-70.82,-52.96],[-70.98,-53.37],[-70.95,-53.57],[-71.0,-53.78],[-71.3,-53.88],[-71.69,-53.8],[-72.17,-53.63],[-72.38,-53.47],[-72.41,-53.35],[-72.31,-53.25],[-71.94,-53.23],[-71.85,-53.29],[-71.83,-53.4],[-71.89,-53.52],[-71.79,-53.48],[-71.74,-53.23],[-71.29,-53.03],[-71.16,-52.89],[-71.16,-52.85],[-71.23,-52.81],[-71.39,-52.76],[-72.28,-53.13],[-72.49,-53.29],[-72.55,-53.46],[-72.73,-53.42],[-73.05,-53.24],[-72.92,-53.12],[-72.89,-52.87],[-72.73,-52.76],[-72.68,-52.75],[-72.63,-52.82],[-72.45,-52.81],[-72.12,-52.65],[-71.8,-52.68],[-71.59,-52.66],[-71.51,-52.61],[-71.81,-52.54],[-72.23,-52.52],[-72.44,-52.63],[-72.5,-52.56],[-72.71,-52.54],[-72.78,-52.58],[-72.8,-52.71],[-73.02,-52.89],[-73.02,-53.02],[-73.12,-53.07],[-73.34,-53.05],[-73.65,-52.84],[-73.24,-52.71],[-73.07,-52.54],[-73.18,-52.49],[-73.18,-52.56],[-73.24,-52.62],[-73.38,-52.6],[-73.59,-52.69],[-73.68,-52.67],[-73.74,-52.21],[-73.68,-52.08],[-73.53,-52.15],[-73.26,-52.16],[-72.94,-52.05],[-72.84,-51.96],[-72.74,-51.96],[-72.57,-52.2],[-72.71,-52.36],[-72.68,-52.38],[-72.57,-52.33],[-72.52,-52.26],[-72.62,-51.95],[-72.52,-51.89],[-72.49,-51.76],[-72.76,-51.57],[-73.13,-51.44],[-73.2,-51.48],[-72.79,-51.61],[-72.58,-51.74],[-72.6,-51.8],[-72.93,-51.86],[-73.38,-52.07],[-73.52,-52.04],[-73.65,-51.86],[-73.75,-51.8],[-73.85,-51.79],[-73.93,-51.61],[-73.9,-51.33],[-73.94,-51.27],[-74.1,-51.21],[-74.31,-50.59],[-74.14,-50.82],[-73.85,-50.94],[-73.81,-50.94],[-73.82,-50.84],[-73.74,-50.7],[-73.61,-50.63],[-73.69,-50.57],[-73.68,-50.49],[-73.89,-50.78],[-73.98,-50.83],[-74.2,-50.61],[-74.19,-50.49],[-73.95,-50.51],[-74.33,-50.39],[-74.35,-49.99],[-73.96,-49.99],[-74.01,-49.93],[-74.17,-49.91],[-74.32,-49.78],[-74.29,-49.6],[-74.1,-49.56],[-73.84,-49.61],[-73.89,-49.52],[-74.09,-49.43],[-74.02,-49.09],[-73.93,-49.02],[-74.03,-49.03],[-74.22,-49.5],[-74.37,-49.4],[-74.38,-48.79],[-74.34,-48.6],[-74.18,-48.49],[-74.01,-48.48],[-74.17,-48.43],[-74.4,-48.48],[-74.4,-48.01],[-73.85,-48.04],[-73.53,-48.2],[-73.38,-48.18],[-73.61,-47.99],[-73.72,-47.66],[-73.85,-47.87],[-73.94,-47.93],[-74.23,-47.97],[-74.35,-47.94],[-74.38,-47.89],[-74.39,-47.65],[-74.38,-47.62],[-74.24,-47.68],[-74.13,-47.59],[-74.36,-47.51],[-74.31,-47.27],[-74.16,-47.18],[-74.21,-47.08],[-74.15,-46.97],[-74.22,-46.85],[-73.71,-46.03],[-73.81,-46.38],[-73.93,-46.5],[-73.94,-46.57],[-73.85,-46.57],[-73.72,-46.42],[-73.48,-45.44],[-73.27,-45.35],[-72.93,-45.45],[-73.23,-45.26],[-73.42,-45.24],[-73.35,-44.98],[-73.08,-44.92],[-72.74,-44.73],[-72.68,-44.59],[-72.66,-44.44],[-73.15,-44.23],[-72.82,-43.04],[-72.76,-43.04],[-72.78,-42.89],[-72.68,-42.51],[-72.63,-42.51],[-72.66,-42.21],[-72.55,-42.26],[-72.43,-42.43],[-72.41,-42.39],[-72.5,-41.98],[-72.66,-42.01],[-72.66,-41.74],[-72.49,-41.72],[-72.36,-41.65],[-72.32,-41.5],[-72.43,-41.65],[-72.54,-41.69],[-72.66,-41.66],[-72.66,-40.74],[-71.92,-37.99],[-71.45,-34.77],[-71.65,-33.57],[-71.65,-33.03],[-71.45,-32.66],[-71.42,-32.39],[-71.51,-32.21],[-71.53,-31.81],[-71.66,-31.17],[-71.68,-30.38],[-71.67,-30.33],[-71.4,-30.14],[-71.32,-29.65],[-71.33,-29.44],[-71.39,-29.31],[-70.46,-25.96],[-70.49,-25.38],[-70.45,-25.17],[-70.51,-24.94],[-70.54,-24.32],[-70.49,-23.78],[-70.39,-23.57],[-70.59,-23.37],[-70.59,-23.26],[-70.55,-23.05],[-70.45,-23.03],[-70.33,-22.85],[-70.08,-21.36],[-70.19,-20.57],[-70.15,-19.81],[-70.27,-19.3],[-70.32,-18.44],[-71.53,-17.29],[-72.15,-16.97],[-72.47,-16.71],[-72.79,-16.61],[-73.99,-16.03],[-75.97,-14.57],[-76.24,-14.18],[-76.28,-13.81],[-76.18,-13.52],[-76.22,-13.37],[-76.5,-12.98],[-76.83,-12.35],[-77.08,-12.1],[-77.22,-11.66],[-77.43,-11.44],[-78.36,-9.63],[-78.45,-9.37],[-78.66,-8.97],[-78.76,-8.62],[-79.01,-8.21],[-79.17,-8.04],[-80.02,-5.87],[-80.23,-4.6],[-79.97,-3.4],[-80.06,-3.25],[-79.92,-3.09],[-79.73,-2.58],[-79.82,-2.36],[-79.84,-2.07],[-79.89,-2.15],[-79.88,-2.42],[-79.93,-2.55],[-80.03,-2.56],[-80.01,-2.35],[-80.28,-2.71],[-80.43,-2.64],[-80.57,-2.42],[-80.6,-1.85],[-80.23,-0.32],[-78.33,1.38],[-77.6,3.06],[-77.42,3.34],[-77.36,3.35],[-77.08,3.91],[-77.17,3.86],[-77.25,3.89],[-76.69,5.56],[-76.79,8.56],[-76.3,8.73],[-75.66,7.64],[-75.25,7.76],[-74.39,8.73],[-73.62,9.26],[-73.9,9.9],[-74.1,11.33],[-74.01,11.33],[-73.77,11.22],[-72.45,11.31],[-71.7,10.86],[-71.6,10.73],[-71.66,10.44],[-71.96,10.11],[-72.11,9.82],[-71.98,9.55],[-71.76,9.34],[-71.74,9.13],[-71.62,9.05],[-71.24,9.16],[-71.09,9.35],[-71.05,9.71],[-71.26,10.14],[-71.39,10.26],[-71.54,10.77],[-71.5,10.74],[-70.55,11.17],[-69.74,11.41],[-68.91,11.38],[-68.47,11.21],[-68.35,11.08]]],[[[-70.06,-53.41],[-70.33,-53.38],[-70.46,-53.21],[-70.45,-53.1],[-70.06,-53.41]]],[[[-69.44,-53.92],[-66.63,-54.4],[-65.31,-54.84],[-65.47,-54.91],[-65.95,-54.92],[-66.51,-55.03],[-66.93,-54.92],[-68.22,-54.82],[-69.08,-54.91],[-69.49,-54.86],[-69.72,-54.71],[-70.03,-54.82],[-71.47,-54.43],[-71.36,-54.4],[-71.08,-54.44],[-70.8,-54.33],[-70.7,-54.35],[-70.7,-54.49],[-70.31,-54.53],[-70.3,-54.49],[-70.54,-54.3],[-70.76,-54.24],[-70.86,-54.11],[-70.87,-53.88],[-70.64,-53.82],[-70.7,-53.73],[-70.53,-53.63],[-70.38,-53.99],[-70.63,-54.01],[-70.54,-54.14],[-70.38,-54.18],[-70.17,-54.38],[-69.87,-54.37],[-69.74,-54.31],[-69.42,-54.41],[-69.33,-54.49],[-69.31,-54.57],[-69.25,-54.56],[-69.04,-54.41],[-69.99,-54.11],[-70.15,-53.89],[-70.15,-53.76],[-69.79,-53.63],[-69.44,-53.92]]],[[[-68.54,-55.18],[-68.38,-55.19],[-68.3,-55.24],[-68.54,-55.18]]],[[[-69.51,-54.94],[-68.9,-55.02],[-68.46,-54.96],[-68.4,-55.04],[-68.6,-55.13],[-68.6,-55.17],[-69.51,-54.94]]],[[[-71.95,-54.29],[-71.97,-54.21],[-72.21,-54.05],[-72.15,-53.94],[-72.0,-53.88],[-71.55,-53.96],[-71.17,-54.11],[-71.02,-54.11],[-71.0,-54.25],[-71.14,-54.37],[-71.47,-54.23],[-71.76,-54.23],[-71.95,-54.29]]],[[[-72.86,-54.02],[-72.78,-53.95],[-72.76,-53.86],[-73.04,-53.83],[-73.08,-53.93],[-73.59,-53.5],[-73.6,-53.42],[-73.45,-53.41],[-73.37,-53.47],[-73.1,-53.51],[-73.11,-53.43],[-73.05,-53.39],[-72.95,-53.44],[-72.88,-53.58],[-72.48,-53.59],[-72.21,-53.81],[-72.31,-53.86],[-72.37,-53.98],[-72.56,-54.07],[-72.86,-54.02]]],[[[-73.64,-53.08],[-73.45,-53.14],[-73.14,-53.35],[-73.58,-53.3],[-73.64,-53.08]]],[[[-73.18,-44.34],[-72.84,-44.46],[-72.76,-44.55],[-72.99,-44.78],[-73.23,-44.86],[-73.32,-44.84],[-73.18,-44.34]]],[[[-80.26,-2.91],[-80.22,-2.75],[-80.15,-2.7],[-80.0,-2.67],[-79.91,-2.73],[-80.09,-2.85],[-80.15,-3.01],[-80.2,-3.01],[-80.26,-2.91]]],[[[-67.87,-54.93],[-67.25,-54.98],[-67.11,-55.06],[-67.08,-55.15],[-67.17,-55.24],[-67.34,-55.29],[-67.49,-55.18],[-67.77,-55.26],[-68.07,-55.22],[-68.3,-54.98],[-67.87,-54.93]]]]}},{"type":"Feature","properties":{"n":"Rocky Mountains","min":2.0},"geometry":{"type":"Polygon","coordinates":[[[-124.57,59.71],[-123.33,59.09],[-122.61,58.49],[-121.75,57.87],[-121.54,56.62],[-120.0,55.41],[-119.23,54.69],[-118.02,53.86],[-116.93,53.0],[-115.92,52.72],[-115.16,52.16],[-115.05,51.34],[-113.7,49.8],[-112.23,47.51],[-111.22,47.45],[-110.1,47.12],[-109.62,46.12],[-107.77,45.77],[-106.66,44.77],[-106.11,43.84],[-105.1,42.71],[-104.89,41.59],[-104.47,40.59],[-104.47,39.5],[-104.36,38.39],[-104.12,37.36],[-104.12,36.43],[-104.6,35.77],[-105.15,35.43],[-106.0,35.27],[-106.59,35.3],[-107.01,35.8],[-107.05,37.0],[-108.15,37.11],[-108.44,37.4],[-108.3,37.92],[-107.59,38.37],[-107.51,38.92],[-108.24,38.88],[-108.96,39.27],[-110.3,39.02],[-110.98,38.38],[-111.8,37.73],[-112.77,37.36],[-113.28,37.63],[-112.91,37.94],[-112.43,38.66],[-111.69,39.42],[-111.64,40.54],[-112.02,41.16],[-112.15,41.48],[-112.52,41.94],[-113.25,42.39],[-115.25,43.15],[-115.73,43.56],[-116.27,43.82],[-116.35,44.45],[-116.21,45.14],[-116.29,45.68],[-117.04,46.75],[-117.22,47.52],[-116.67,48.0],[-116.28,48.74],[-117.06,49.77],[-117.88,50.31],[-117.97,50.88],[-118.76,51.82],[-120.83,52.92],[-121.41,53.71],[-122.76,55.24],[-123.89,55.87],[-125.87,57.62],[-126.89,58.69],[-127.19,59.21],[-126.89,59.43],[-126.53,59.6],[-125.03,59.28],[-124.57,59.71]]]}},{"type":"Feature","properties":{"n":"Admiralty Mountains","min":5.3},"geometry":{"type":"Polygon","coordinates":[[[169.88,-71.65],[170.02,-71.59],[170.16,-71.63],[170.35,-71.48],[170.48,-71.85],[170.41,-71.95],[170.22,-71.95],[170.03,-72.12],[169.95,-72.4],[170.08,-72.4],[169.98,-72.55],[167.76,-72.16],[167.47,-71.61],[167.6,-71.37],[167.83,-71.19],[169.88,-71.65]]]}},{"type":"Feature","properties":{"n":"Prince Albert Mountains","min":5.3},"geometry":{"type":"Polygon","coordinates":[[[162.35,-76.26],[162.48,-76.63],[161.98,-77.33],[160.71,-77.11],[159.83,-76.74],[160.09,-75.97],[161.88,-75.84],[162.35,-76.26]]]}},{"type":"Feature","properties":{"n":"Queen Alexandra Range","min":5.3},"geometry":{"type":"Polygon","coordinates":[[[171.26,-83.68],[168.4,-84.82],[167.12,-84.75],[164.95,-84.73],[164.02,-84.41],[165.04,-83.86],[166.07,-83.55],[167.42,-83.48],[171.26,-83.68]]]}},{"type":"Feature","properties":{"n":"Transantarctic Mountains","min":2.0},"geometry":{"type":"Polygon","coordinates":[[[180.0,-84.38],[180.0,-86.96],[177.49,-86.68],[171.51,-86.31],[160.23,-84.91],[155.58,-82.4],[155.82,-80.26],[157.79,-77.22],[160.29,-74.68],[162.55,-73.1],[166.93,-70.95],[169.95,-71.75],[170.33,-71.57],[170.44,-71.92],[170.22,-71.95],[170.03,-72.12],[169.95,-72.4],[170.09,-72.4],[169.98,-72.55],[168.43,-72.38],[168.82,-72.55],[169.43,-72.65],[167.08,-73.11],[166.88,-73.01],[166.45,-72.94],[166.47,-73.0],[166.75,-73.17],[166.54,-73.22],[165.94,-73.58],[165.86,-73.59],[165.9,-73.61],[165.5,-73.85],[165.35,-73.88],[165.25,-73.78],[165.24,-73.57],[165.13,-73.38],[164.81,-73.4],[164.75,-73.56],[164.89,-73.84],[164.98,-73.93],[164.91,-74.0],[164.78,-74.03],[164.95,-74.19],[164.8,-74.28],[163.64,-74.48],[163.4,-74.38],[163.27,-74.43],[163.19,-74.56],[162.83,-74.62],[162.81,-74.71],[162.6,-74.82],[162.53,-75.17],[162.41,-75.24],[162.09,-75.26],[161.68,-75.22],[160.91,-75.33],[161.03,-75.4],[161.9,-75.4],[162.19,-75.47],[162.24,-75.62],[162.56,-75.75],[162.53,-75.89],[162.58,-76.08],[162.44,-76.15],[162.5,-76.21],[162.62,-76.22],[162.71,-76.54],[162.67,-76.57],[162.76,-76.74],[162.49,-76.87],[162.45,-76.96],[162.73,-77.01],[162.56,-78.73],[162.38,-78.82],[161.97,-78.69],[161.76,-78.54],[161.51,-78.57],[161.5,-78.68],[161.95,-78.97],[161.95,-79.03],[161.74,-79.06],[161.19,-78.98],[160.87,-79.05],[160.48,-79.2],[160.67,-79.36],[160.65,-79.43],[159.98,-79.59],[160.08,-79.63],[160.32,-79.64],[160.35,-79.69],[159.87,-79.79],[159.9,-79.86],[160.39,-79.88],[160.56,-79.93],[160.56,-80.01],[158.77,-80.29],[158.56,-80.35],[158.57,-80.42],[160.64,-80.45],[160.52,-80.58],[160.82,-80.67],[160.83,-80.73],[160.26,-80.79],[160.28,-80.85],[160.72,-80.91],[160.72,-81.2],[160.48,-81.27],[160.47,-81.34],[160.91,-81.39],[161.58,-81.61],[162.0,-81.65],[162.82,-81.87],[162.85,-81.92],[163.6,-82.12],[163.68,-82.19],[161.17,-82.41],[161.28,-82.49],[162.64,-82.48],[163.01,-82.53],[163.27,-82.46],[164.48,-82.37],[165.0,-82.53],[167.26,-82.9],[167.23,-82.95],[167.3,-82.99],[167.6,-83.05],[167.93,-83.01],[168.53,-83.1],[168.24,-83.23],[167.67,-83.23],[167.66,-83.27],[168.11,-83.36],[169.84,-83.4],[170.33,-83.48],[170.66,-83.45],[171.92,-83.64],[180.0,-84.38]]]}},{"type":"Feature","properties":{"n":"Pensacola Mountains","min":3.5},"geometry":{"type":"Polygon","coordinates":[[[-61.71,-85.17],[-61.48,-84.63],[-61.08,-84.21],[-60.46,-83.88],[-59.85,-83.69],[-54.67,-82.41],[-53.15,-82.15],[-52.41,-82.13],[-50.65,-81.98],[-48.43,-81.9],[-47.36,-82.0],[-46.82,-81.99],[-46.76,-82.41],[-50.49,-83.8],[-54.1,-83.99],[-57.24,-85.02],[-61.71,-85.17]]]}},{"type":"Feature","properties":{"n":"Ellsworth Mountains","min":3.5},"geometry":{"type":"Polygon","coordinates":[[[-76.84,-81.45],[-80.16,-81.23],[-85.25,-79.62],[-87.27,-78.84],[-87.62,-77.87],[-87.12,-77.3],[-85.48,-77.02],[-84.19,-77.37],[-83.7,-78.01],[-83.78,-77.98],[-83.69,-78.15],[-83.23,-78.4],[-83.54,-78.36],[-83.76,-78.46],[-83.6,-78.61],[-83.26,-78.77],[-81.66,-79.1],[-81.22,-79.3],[-81.16,-79.4],[-80.89,-79.5],[-80.53,-79.5],[-79.14,-80.0],[-79.66,-80.0],[-75.91,-80.37],[-75.87,-81.12],[-76.84,-81.45]]]}},{"type":"Feature","properties":{"n":"Jones Mountains","min":6.0},"geometry":{"type":"Polygon","coordinates":[[[-92.52,-73.73],[-94.27,-74.0],[-95.06,-73.81],[-95.08,-73.52],[-94.57,-73.25],[-94.08,-73.31],[-93.57,-73.21],[-92.65,-73.21],[-92.46,-73.31],[-92.52,-73.73]]]}},{"type":"Feature","properties":{"n":"Flood Range","min":5.3},"geometry":{"type":"Polygon","coordinates":[[[-131.29,-76.42],[-133.92,-76.75],[-136.25,-76.58],[-136.54,-76.08],[-135.92,-75.54],[-135.08,-75.29],[-133.08,-75.12],[-131.0,-75.04],[-131.0,-75.96],[-131.29,-76.42]]]}},{"type":"Feature","properties":{"n":"Ford Ranges","min":5.3},"geometry":{"type":"Polygon","coordinates":[[[-143.5,-76.42],[-143.79,-77.29],[-144.54,-78.21],[-148.08,-79.0],[-149.21,-78.58],[-149.21,-78.04],[-147.33,-77.62],[-146.33,-77.48],[-145.68,-77.49],[-145.6,-77.46],[-145.67,-77.38],[-145.6,-77.22],[-145.52,-77.2],[-145.58,-77.16],[-145.33,-76.54],[-145.21,-76.0],[-144.33,-75.79],[-143.33,-75.67],[-143.5,-76.42]]]}},{"type":"Feature","properties":{"n":"Queen Maud Mountains","min":3.5},"geometry":{"type":"Polygon","coordinates":[[[-150.29,-85.54],[-148.87,-86.46],[-150.29,-87.04],[-155.25,-87.08],[-161.67,-86.62],[-166.12,-86.58],[-169.96,-86.12],[-177.1,-85.47],[-180.0,-85.62],[-180.0,-84.35],[-178.39,-84.34],[-177.73,-84.4],[-176.29,-84.42],[-175.87,-84.51],[-174.67,-84.46],[-169.96,-84.62],[-168.05,-84.73],[-167.49,-84.83],[-160.72,-84.99],[-150.29,-85.54]]]}},{"type":"Feature","properties":{"n":"Executive Committee Range","min":6.0},"geometry":{"type":"Polygon","coordinates":[[[-124.52,-76.55],[-124.3,-76.98],[-125.37,-77.48],[-126.45,-77.66],[-127.73,-77.38],[-127.73,-76.84],[-126.48,-76.55],[-125.62,-76.48],[-124.52,-76.55]]]}},{"type":"Feature","properties":{"n":"Transantarctic Mountains","min":2.0},"geometry":{"type":"Polygon","coordinates":[[[-57.24,-85.02],[-61.98,-85.19],[-64.26,-85.45],[-73.29,-86.31],[-76.13,-86.27],[-80.69,-86.87],[-85.26,-86.53],[-88.53,-86.83],[-93.39,-86.36],[-96.53,-86.36],[-103.42,-86.61],[-109.1,-86.1],[-116.67,-86.83],[-124.59,-87.17],[-130.4,-87.35],[-134.74,-87.22],[-141.63,-87.65],[-150.29,-87.04],[-155.25,-87.08],[-161.67,-86.62],[-166.12,-86.58],[-171.19,-86.1],[-177.1,-85.47],[-180.0,-85.62],[-180.0,-84.35],[-178.39,-84.34],[-177.73,-84.4],[-176.29,-84.42],[-175.87,-84.51],[-174.67,-84.46],[-171.12,-84.58],[-168.67,-84.68],[-168.05,-84.73],[-167.49,-84.83],[-162.93,-84.9],[-150.29,-85.54],[-135.91,-85.62],[-128.98,-85.32],[-124.33,-85.58],[-116.07,-84.85],[-109.4,-84.38],[-93.69,-84.98],[-88.66,-84.68],[-76.56,-84.16],[-70.11,-84.25],[-66.15,-83.86],[-59.82,-83.65],[-54.67,-82.41],[-53.09,-82.15],[-52.41,-82.13],[-50.65,-81.98],[-48.36,-81.89],[-47.36,-82.0],[-46.82,-81.99],[-46.76,-82.41],[-50.49,-83.8],[-54.1,-83.99],[-57.24,-85.02]]]}},{"type":"Feature","properties":{"n":"Prince Charles Mountains","min":5.3},"geometry":{"type":"Polygon","coordinates":[[[64.81,-73.94],[63.69,-73.56],[65.69,-71.62],[66.94,-70.5],[67.6,-70.32],[67.94,-70.42],[68.56,-70.41],[69.03,-70.33],[68.98,-70.63],[67.78,-71.54],[66.46,-72.97],[64.81,-73.94]]]}},{"type":"Feature","properties":{"n":"Scott Mountains","min":5.3},"geometry":{"type":"Polygon","coordinates":[[[51.29,-67.43],[51.1,-67.83],[49.79,-67.92],[49.27,-67.88],[49.35,-67.56],[49.9,-67.33],[50.7,-67.28],[51.29,-67.43]]]}},{"type":"Feature","properties":{"n":"Napier Mountains","min":5.3},"geometry":{"type":"Polygon","coordinates":[[[54.63,-66.07],[55.38,-66.16],[56.04,-66.43],[55.87,-67.15],[54.76,-67.24],[53.5,-67.07],[53.26,-66.66],[53.67,-66.13],[54.63,-66.07]]]}},{"type":"Feature","properties":{"n":"Shackleton Range","min":5.3},"geometry":{"type":"Polygon","coordinates":[[[-18.53,-80.34],[-18.3,-80.91],[-20.38,-81.25],[-24.53,-80.99],[-29.96,-81.06],[-30.45,-80.68],[-29.11,-80.21],[-21.28,-79.93],[-18.53,-80.34]]]}},{"type":"Feature","properties":{"n":"Queen Maud Mountains","min":3.5},"geometry":{"type":"Polygon","coordinates":[[[180.0,-84.38],[180.0,-86.96],[177.49,-86.68],[171.56,-86.3],[168.4,-84.82],[171.26,-83.68],[180.0,-84.38]]]}},{"type":"Feature","properties":{"n":"Southern Alps/K\u0101 Tiritiri o te Moana","min":5.2},"geometry":{"type":"MultiPolygon","coordinates":[[[[167.29,-46.02],[166.88,-45.99],[166.92,-45.96],[166.87,-45.98],[166.82,-45.93],[166.77,-45.78],[167.0,-45.71],[166.81,-45.7],[166.83,-45.6],[166.99,-45.53],[166.77,-45.55],[166.82,-45.41],[166.92,-45.41],[166.87,-45.31],[167.16,-45.41],[167.12,-45.32],[167.23,-45.29],[167.03,-45.22],[167.03,-45.12],[167.13,-45.05],[167.26,-45.08],[167.17,-45.0],[167.41,-44.83],[167.47,-44.96],[167.48,-44.77],[167.79,-44.6],[167.91,-44.66],[167.86,-44.5],[168.37,-44.08],[168.81,-43.99],[169.07,-43.86],[169.18,-43.91],[169.15,-43.8],[169.83,-43.54],[169.82,-43.5],[170.36,-43.15],[170.4,-43.18],[170.38,-43.14],[170.47,-43.09],[170.54,-43.06],[170.61,-43.09],[170.55,-43.05],[170.69,-42.98],[170.74,-43.03],[170.73,-42.97],[171.01,-42.89],[172.1,-42.33],[172.93,-41.51],[173.1,-41.42],[173.28,-41.44],[173.28,-41.6],[173.15,-41.81],[172.56,-42.52],[171.77,-43.09],[170.87,-43.61],[169.84,-44.29],[169.44,-44.44],[168.87,-44.75],[167.43,-45.97],[167.29,-46.02]]],[[[166.91,-45.26],[166.98,-45.18],[167.02,-45.3],[166.91,-45.26]]]]}}]}