{"type":"FeatureCollection","features":[{"type":"Feature","properties":{},"geometry":{"type":"LineString","coordinates":[[-170.612,25.481],[-170.448,25.392],[-170.427,25.365],[-170.495,25.317],[-170.561,25.388],[-170.674,25.447],[-170.626,25.495],[-170.612,25.481]]}},{"type":"Feature","properties":{},"geometry":{"type":"LineString","coordinates":[[-166.267,23.878],[-166.213,23.878],[-166.137,23.848],[-166.062,23.782],[-166.059,23.722],[-166.097,23.665],[-166.153,23.632],[-166.206,23.645]]}},{"type":"Feature","properties":{},"geometry":{"type":"LineString","coordinates":[[-175.793,27.777],[-175.735,27.866],[-175.724,27.907],[-175.738,27.945],[-175.78,27.958],[-175.834,27.948],[-175.909,27.886]]}},{"type":"Feature","properties":{},"geometry":{"type":"LineString","coordinates":[[-175.871,27.789],[-175.902,27.768],[-175.939,27.771],[-176.002,27.803]]}},{"type":"Feature","properties":{},"geometry":{"type":"LineString","coordinates":[[-177.348,28.188],[-177.32,28.189],[-177.327,28.247],[-177.403,28.277]]}},{"type":"Feature","properties":{},"geometry":{"type":"LineString","coordinates":[[-177.369,28.181],[-177.417,28.181],[-177.431,28.198],[-177.424,28.216]]}},{"type":"Feature","properties":{},"geometry":{"type":"LineString","coordinates":[[-178.348,28.373],[-178.291,28.391],[-178.301,28.425],[-178.34,28.445],[-178.369,28.421]]}},{"type":"Feature","properties":{},"geometry":{"type":"LineString","coordinates":[[-169.454,16.799],[-169.489,16.792],[-169.523,16.806],[-169.543,16.772]]}},{"type":"Feature","properties":{},"geometry":{"type":"LineString","coordinates":[[-169.55,16.751],[-169.576,16.707],[-169.574,16.684],[-169.556,16.675]]}},{"type":"Feature","properties":{},"geometry":{"type":"LineString","coordinates":[[-169.529,16.675],[-169.454,16.689]]}},{"type":"Feature","properties":{},"geometry":{"type":"LineString","coordinates":[[73.091,-0.62],[73.085,-0.569],[73.105,-0.566],[73.153,-0.593]]}},{"type":"Feature","properties":{},"geometry":{"type":"LineString","coordinates":[[73.194,-0.662],[73.221,-0.614],[73.205,-0.588],[73.173,-0.6],[73.182,-0.579],[73.225,-0.558],[73.249,-0.566]]}},{"type":"Feature","properties":{},"geometry":{"type":"LineString","coordinates":[[73.119,0.647],[73.053,0.657],[72.995,0.599]]}},{"type":"Feature","properties":{},"geometry":{"type":"LineString","coordinates":[[72.981,0.585],[72.939,0.543],[72.932,0.514],[72.938,0.417],[72.968,0.303],[73.111,0.202],[73.167,0.208]]}},{"type":"Feature","properties":{},"geometry":{"type":"LineString","coordinates":[[73.221,0.298],[73.227,0.271],[73.245,0.27],[73.263,0.325]]}},{"type":"Feature","properties":{},"geometry":{"type":"LineString","coordinates":[[73.406,0.298],[73.464,0.342],[73.498,0.34],[73.526,0.426],[73.504,0.513],[73.454,0.603],[73.392,0.653],[73.379,0.805],[73.324,0.914],[73.218,0.918],[73.12,0.847],[73.221,0.73]]}},{"type":"Feature","properties":{},"geometry":{"type":"LineString","coordinates":[[73.337,1.997],[73.299,2.001],[73.267,1.972],[73.254,1.936],[73.269,1.915]]}},{"type":"Feature","properties":{},"geometry":{"type":"LineString","coordinates":[[73.269,1.894],[73.234,1.907],[73.258,1.843],[73.346,1.783],[73.391,1.782],[73.427,1.833]]}},{"type":"Feature","properties":{},"geometry":{"type":"LineString","coordinates":[[73.454,1.84],[73.442,1.825],[73.467,1.808],[73.519,1.829],[73.543,1.86],[73.559,1.931],[73.552,2.056],[73.592,2.118],[73.526,2.116],[73.374,2.04],[73.351,2.003]]}},{"type":"Feature","properties":{},"geometry":{"type":"LineString","coordinates":[[72.962,2.34],[72.972,2.312],[72.962,2.278]]}},{"type":"Feature","properties":{},"geometry":{"type":"LineString","coordinates":[[72.934,2.278],[72.962,2.231],[72.956,2.201],[72.984,2.176],[73.063,2.154],[73.102,2.164],[73.372,2.365],[73.371,2.433],[73.33,2.507],[73.313,2.522],[73.278,2.517],[73.249,2.501],[73.249,2.484]]}},{"type":"Feature","properties":{},"geometry":{"type":"LineString","coordinates":[[73.221,2.511],[73.222,2.529],[73.105,2.566],[73.016,2.532],[72.988,2.538],[72.95,2.514],[72.908,2.453],[72.901,2.401],[72.927,2.291]]}},{"type":"Feature","properties":{},"geometry":{"type":"LineString","coordinates":[[72.899,2.943],[72.83,2.936],[72.851,2.874]]}},{"type":"Feature","properties":{},"geometry":{"type":"LineString","coordinates":[[72.837,2.846],[72.83,2.819],[72.855,2.699],[72.898,2.67],[72.919,2.682]]}},{"type":"Feature","properties":{},"geometry":{"type":"LineString","coordinates":[[73.001,2.717],[73.029,2.727],[73.038,2.749],[73.045,2.898],[73.026,3.02],[72.978,3.03],[72.891,2.991]]}},{"type":"Feature","properties":{},"geometry":{"type":"LineString","coordinates":[[73.337,2.799],[73.366,2.764],[73.413,2.764],[73.408,2.795],[73.437,2.822],[73.554,2.88],[73.598,2.977],[73.618,3.115],[73.557,3.114],[73.461,3.183],[73.361,3.175],[73.351,2.881]]}},{"type":"Feature","properties":{},"geometry":{"type":"LineString","coordinates":[[72.906,3.34],[72.83,3.334],[72.81,3.282],[72.817,3.258]]}},{"type":"Feature","properties":{},"geometry":{"type":"LineString","coordinates":[[72.823,3.252],[72.829,3.2],[72.872,3.142]]}},{"type":"Feature","properties":{},"geometry":{"type":"LineString","coordinates":[[72.927,3.08],[73.029,3.139],[73.059,3.232],[73.047,3.265],[73.022,3.279]]}},{"type":"Feature","properties":{},"geometry":{"type":"LineString","coordinates":[[73.016,3.293],[72.974,3.332],[72.913,3.347]]}},{"type":"Feature","properties":{},"geometry":{"type":"LineString","coordinates":[[73.337,3.635],[73.294,3.577],[73.279,3.488],[73.352,3.436],[73.427,3.334]]}},{"type":"Feature","properties":{},"geometry":{"type":"LineString","coordinates":[[73.454,3.32],[73.564,3.353]]}},{"type":"Feature","properties":{},"geometry":{"type":"LineString","coordinates":[[73.577,3.367],[73.706,3.395],[73.735,3.416],[73.764,3.474],[73.695,3.504],[73.557,3.457]]}},{"type":"Feature","properties":{},"geometry":{"type":"LineString","coordinates":[[73.543,3.463],[73.481,3.559],[73.481,3.655],[73.44,3.684],[73.385,3.683]]}},{"type":"Feature","properties":{},"geometry":{"type":"LineString","coordinates":[[73.344,4.005],[73.34,3.866],[73.358,3.82]]}},{"type":"Feature","properties":{},"geometry":{"type":"LineString","coordinates":[[73.371,3.813],[73.413,3.806],[73.438,3.832],[73.481,3.943]]}},{"type":"Feature","properties":{},"geometry":{"type":"LineString","coordinates":[[73.488,3.95],[73.522,4.044],[73.508,4.115],[73.43,4.128],[73.373,4.105],[73.358,4.08]]}},{"type":"Feature","properties":{},"geometry":{"type":"LineString","coordinates":[[72.782,4.278],[72.747,4.292],[72.724,4.264],[72.726,4.185],[72.74,4.174],[72.762,4.19]]}},{"type":"Feature","properties":{},"geometry":{"type":"LineString","coordinates":[[72.748,4.142],[72.719,4.151],[72.722,4.118],[72.687,4.097],[72.7,4.074],[72.687,3.998],[72.711,3.967],[72.709,3.939],[72.693,3.964]]}},{"type":"Feature","properties":{},"geometry":{"type":"LineString","coordinates":[[72.708,3.922],[72.687,3.875],[72.687,3.813],[72.722,3.787],[72.762,3.786]]}},{"type":"Feature","properties":{},"geometry":{"type":"LineString","coordinates":[[72.714,3.772],[72.681,3.734],[72.686,3.714],[72.714,3.71]]}},{"type":"Feature","properties":{},"geometry":{"type":"LineString","coordinates":[[72.708,3.663],[72.692,3.665],[72.694,3.647],[72.714,3.607]]}},{"type":"Feature","properties":{},"geometry":{"type":"LineString","coordinates":[[72.714,3.587],[72.704,3.556],[72.73,3.528],[72.803,3.498],[72.891,3.512],[72.926,3.537],[72.934,3.573]]}},{"type":"Feature","properties":{},"geometry":{"type":"LineString","coordinates":[[72.94,3.601],[72.957,3.64],[72.954,3.676],[72.975,3.704]]}},{"type":"Feature","properties":{},"geometry":{"type":"LineString","coordinates":[[72.962,3.827],[72.954,3.902]]}},{"type":"Feature","properties":{},"geometry":{"type":"LineString","coordinates":[[72.947,3.916],[72.947,3.984]]}},{"type":"Feature","properties":{},"geometry":{"type":"LineString","coordinates":[[72.947,4.053],[72.958,4.068],[72.934,4.142]]}},{"type":"Feature","properties":{},"geometry":{"type":"LineString","coordinates":[[72.94,4.265],[72.921,4.29],[72.935,4.32],[72.965,4.34],[72.995,4.334]]}},{"type":"Feature","properties":{},"geometry":{"type":"LineString","coordinates":[[73.344,4.443],[73.325,4.417],[73.33,4.382]]}},{"type":"Feature","properties":{},"geometry":{"type":"LineString","coordinates":[[73.33,4.368],[73.344,4.272]]}},{"type":"Feature","properties":{},"geometry":{"type":"LineString","coordinates":[[73.379,4.183],[73.461,4.163]]}},{"type":"Feature","properties":{},"geometry":{"type":"LineString","coordinates":[[73.536,4.278],[73.608,4.344],[73.676,4.379],[73.716,4.435],[73.689,4.477],[73.612,4.451]]}},{"type":"Feature","properties":{},"geometry":{"type":"LineString","coordinates":[[73.66,4.478],[73.649,4.515],[73.605,4.533],[73.605,4.561],[73.502,4.697]]}},{"type":"Feature","properties":{},"geometry":{"type":"LineString","coordinates":[[73.474,4.704],[73.49,4.691],[73.447,4.68],[73.433,4.653],[73.399,4.643]]}},{"type":"Feature","properties":{},"geometry":{"type":"LineString","coordinates":[[73.385,4.629],[73.347,4.51],[73.358,4.484]]}},{"type":"Feature","properties":{},"geometry":{"type":"LineString","coordinates":[[73.495,4.725],[73.49,4.746],[73.424,4.78],[73.364,4.75],[73.399,4.704],[73.474,4.711]]}},{"type":"Feature","properties":{},"geometry":{"type":"LineString","coordinates":[[72.954,4.868],[72.872,4.841]]}},{"type":"Feature","properties":{},"geometry":{"type":"LineString","coordinates":[[72.872,5.101],[72.912,5.122],[72.962,5.095]]}},{"type":"Feature","properties":{},"geometry":{"type":"LineString","coordinates":[[72.885,5.019],[72.927,5.019],[73.004,5.056],[73.077,5.136]]}},{"type":"Feature","properties":{},"geometry":{"type":"LineString","coordinates":[[72.967,5.129],[72.998,5.169],[73.077,5.198]]}},{"type":"Feature","properties":{},"geometry":{"type":"LineString","coordinates":[[73.029,5.3],[73.055,5.325],[73.044,5.376],[73.016,5.403],[72.962,5.369]]}},{"type":"Feature","properties":{},"geometry":{"type":"LineString","coordinates":[[73.001,5.293],[72.962,5.287],[72.909,5.32],[72.879,5.32]]}},{"type":"Feature","properties":{},"geometry":{"type":"LineString","coordinates":[[72.796,5.095],[72.793,5.143],[72.823,5.177],[72.817,5.21],[72.837,5.232],[72.83,5.287],[72.859,5.296],[72.885,5.28]]}},{"type":"Feature","properties":{},"geometry":{"type":"LineString","coordinates":[[72.837,5.341],[72.83,5.451],[72.769,5.533],[72.823,5.65]]}},{"type":"Feature","properties":{},"geometry":{"type":"LineString","coordinates":[[73.016,5.643],[73.029,5.529],[73.009,5.464]]}},{"type":"Feature","properties":{},"geometry":{"type":"LineString","coordinates":[[73.406,5.513],[73.347,5.464],[73.303,5.361],[73.391,5.362],[73.42,5.341]]}},{"type":"Feature","properties":{},"geometry":{"type":"LineString","coordinates":[[73.488,5.239],[73.604,5.274],[73.652,5.345],[73.647,5.411],[73.529,5.485]]}},{"type":"Feature","properties":{},"geometry":{"type":"LineString","coordinates":[[73.502,5.492],[73.474,5.561],[73.413,5.526]]}},{"type":"Feature","properties":{},"geometry":{"type":"LineString","coordinates":[[73.33,5.677],[73.281,5.66],[73.236,5.705]]}},{"type":"Feature","properties":{},"geometry":{"type":"LineString","coordinates":[[73.139,5.828],[73.105,5.937]]}},{"type":"Feature","properties":{},"geometry":{"type":"LineString","coordinates":[[72.823,5.725],[72.827,5.758],[72.851,5.787],[72.865,5.779]]}},{"type":"Feature","properties":{},"geometry":{"type":"LineString","coordinates":[[73.057,6.019],[73.001,6.078],[72.995,6.139],[72.966,6.199],[72.975,6.218]]}},{"type":"Feature","properties":{},"geometry":{"type":"LineString","coordinates":[[72.612,6.273],[72.59,6.232],[72.561,6.219],[72.557,6.271],[72.583,6.341],[72.637,6.409],[72.673,6.417]]}},{"type":"Feature","properties":{},"geometry":{"type":"LineString","coordinates":[[72.68,6.39],[72.639,6.355],[72.618,6.301]]}},{"type":"Feature","properties":{},"geometry":{"type":"LineString","coordinates":[[72.891,6.404],[72.908,6.392],[72.901,6.367],[72.846,6.456],[72.858,6.488],[72.872,6.472]]}},{"type":"Feature","properties":{},"geometry":{"type":"LineString","coordinates":[[72.879,6.54],[72.858,6.56],[72.854,6.622],[72.876,6.659],[72.865,6.677],[72.891,6.685],[72.888,6.713],[72.906,6.732]]}},{"type":"Feature","properties":{},"geometry":{"type":"LineString","coordinates":[[72.934,6.842],[72.945,6.87],[73.005,6.855],[73.035,6.869]]}},{"type":"Feature","properties":{},"geometry":{"type":"LineString","coordinates":[[73.077,6.876],[73.072,6.89],[73.139,6.952],[73.207,6.986]]}},{"type":"Feature","properties":{},"geometry":{"type":"LineString","coordinates":[[72.954,6.924],[72.899,6.939],[72.883,6.973],[72.789,7.055],[72.792,7.083],[72.823,7.096]]}},{"type":"Feature","properties":{},"geometry":{"type":"LineString","coordinates":[[71.892,12.283],[71.87,12.336],[71.885,12.393]]}},{"type":"Feature","properties":{},"geometry":{"type":"LineString","coordinates":[[71.761,11.851],[71.798,11.833],[71.837,11.838]]}},{"type":"Feature","properties":{},"geometry":{"type":"LineString","coordinates":[[72.18,11.577],[72.174,11.523],[72.161,11.501],[72.139,11.502],[72.123,11.526],[72.13,11.555],[72.166,11.598]]}},{"type":"Feature","properties":{},"geometry":{"type":"LineString","coordinates":[[72.097,11.173],[72.053,11.125],[72.0,11.143],[71.985,11.176],[72.097,11.228]]}},{"type":"Feature","properties":{},"geometry":{"type":"LineString","coordinates":[[72.769,11.179],[72.75,11.2],[72.789,11.269]]}},{"type":"Feature","properties":{},"geometry":{"type":"LineString","coordinates":[[72.261,10.974],[72.324,10.967],[72.319,10.946],[72.27,10.922],[72.248,10.933]]}},{"type":"Feature","properties":{},"geometry":{"type":"LineString","coordinates":[[72.2,10.878],[72.17,10.864],[72.166,10.809]]}},{"type":"Feature","properties":{},"geometry":{"type":"LineString","coordinates":[[72.33,10.125],[72.3,10.046],[72.268,10.016],[72.234,10.015],[72.227,10.045],[72.316,10.138]]}},{"type":"Feature","properties":{},"geometry":{"type":"LineString","coordinates":[[73.077,8.329],[73.009,8.281]]}},{"type":"Feature","properties":{},"geometry":{"type":"LineString","coordinates":[[72.44,-7.391],[72.437,-7.313],[72.397,-7.28],[72.391,-7.242],[72.358,-7.255]]}},{"type":"Feature","properties":{},"geometry":{"type":"LineString","coordinates":[[72.446,-5.239],[72.461,-5.172],[72.474,-5.153],[72.488,-5.202],[72.461,-5.251],[72.446,-5.239]]}},{"type":"Feature","properties":{},"geometry":{"type":"LineString","coordinates":[[72.2,-5.342],[72.205,-5.365],[72.225,-5.369],[72.268,-5.349],[72.284,-5.322],[72.276,-5.3],[72.24,-5.295]]}},{"type":"Feature","properties":{},"geometry":{"type":"LineString","coordinates":[[112.59,5.375],[112.658,5.403]]}},{"type":"Feature","properties":{},"geometry":{"type":"LineString","coordinates":[[113.645,7.068],[113.59,6.931]]}},{"type":"Feature","properties":{},"geometry":{"type":"LineString","coordinates":[[113.782,7.384],[113.851,7.397]]}},{"type":"Feature","properties":{},"geometry":{"type":"LineString","coordinates":[[113.344,8.301],[113.314,8.2],[113.22,8.083]]}},{"type":"Feature","properties":{},"geometry":{"type":"LineString","coordinates":[[115.173,8.405],[115.303,8.384]]}},{"type":"Feature","properties":{},"geometry":{"type":"LineString","coordinates":[[113.947,8.878],[113.906,8.863],[114.001,8.824],[114.056,8.82],[114.036,8.857],[113.961,8.87]]}},{"type":"Feature","properties":{},"geometry":{"type":"LineString","coordinates":[[113.748,9.014],[113.665,8.966]]}},{"type":"Feature","properties":{},"geometry":{"type":"LineString","coordinates":[[112.542,8.857],[112.658,8.85]]}},{"type":"Feature","properties":{},"geometry":{"type":"LineString","coordinates":[[112.193,8.85],[112.261,8.884]]}},{"type":"Feature","properties":{},"geometry":{"type":"LineString","coordinates":[[111.631,8.644],[111.692,8.658]]}},{"type":"Feature","properties":{},"geometry":{"type":"LineString","coordinates":[[113.879,10.11],[113.864,9.981]]}},{"type":"Feature","properties":{},"geometry":{"type":"LineString","coordinates":[[114.639,9.939],[114.653,9.987],[114.591,9.981]]}},{"type":"Feature","properties":{},"geometry":{"type":"LineString","coordinates":[[114.378,11.098],[114.31,11.064]]}},{"type":"Feature","properties":{},"geometry":{"type":"LineString","coordinates":[[114.954,10.919],[114.923,10.878],[114.885,10.858]]}},{"type":"Feature","properties":{},"geometry":{"type":"LineString","coordinates":[[115.53,9.912],[115.51,9.934],[115.534,9.961],[115.573,9.931],[115.556,9.905],[115.53,9.912]]}},{"type":"Feature","properties":{},"geometry":{"type":"LineString","coordinates":[[111.795,16.093],[111.828,16.087],[111.826,16.065],[111.804,16.042],[111.754,16.036],[111.74,16.06],[111.795,16.093]]}},{"type":"Feature","properties":{},"geometry":{"type":"LineString","coordinates":[[111.726,16.202],[111.769,16.204],[111.795,16.23],[111.76,16.26],[111.651,16.266],[111.583,16.24],[111.549,16.202],[111.597,16.179],[111.678,16.209]]}},{"type":"Feature","properties":{},"geometry":{"type":"LineString","coordinates":[[112.001,16.374],[111.955,16.342],[112.083,16.353],[112.046,16.372],[112.001,16.374]]}},{"type":"Feature","properties":{},"geometry":{"type":"LineString","coordinates":[[112.563,16.072],[112.588,16.061],[112.552,16.033],[112.464,16.043],[112.514,16.08],[112.563,16.072]]}},{"type":"Feature","properties":{},"geometry":{"type":"LineString","coordinates":[[111.548,17.114],[111.459,17.087]]}},{"type":"Feature","properties":{},"geometry":{"type":"LineString","coordinates":[[111.74,16.58],[111.795,16.552],[111.768,16.497]]}},{"type":"Feature","properties":{},"geometry":{"type":"LineString","coordinates":[[111.734,16.606],[111.687,16.635],[111.631,16.573]]}},{"type":"Feature","properties":{},"geometry":{"type":"LineString","coordinates":[[116.743,20.781],[116.85,20.784],[116.893,20.761],[116.906,20.712],[116.862,20.622],[116.828,20.602],[116.77,20.602]]}},{"type":"Feature","properties":{},"geometry":{"type":"LineString","coordinates":[[143.51,-9.07],[143.483,-9.159]]}},{"type":"Feature","properties":{},"geometry":{"type":"LineString","coordinates":[[146.552,-8.975],[146.603,-9.043],[146.696,-9.07]]}},{"type":"Feature","properties":{},"geometry":{"type":"LineString","coordinates":[[146.984,-9.42],[146.902,-9.42]]}},{"type":"Feature","properties":{},"geometry":{"type":"LineString","coordinates":[[146.997,-9.482],[146.902,-9.454]]}},{"type":"Feature","properties":{},"geometry":{"type":"LineString","coordinates":[[147.134,-9.564],[147.157,-9.587],[147.271,-9.603],[147.326,-9.652]]}},{"type":"Feature","properties":{},"geometry":{"type":"LineString","coordinates":[[147.34,-9.68],[147.407,-9.735],[147.45,-9.817],[147.47,-9.981]]}},{"type":"Feature","properties":{},"geometry":{"type":"LineString","coordinates":[[147.497,-9.913],[147.581,-9.997],[147.555,-10.023],[147.511,-10.002]]}},{"type":"Feature","properties":{},"geometry":{"type":"LineString","coordinates":[[147.621,-10.023],[147.638,-10.073],[147.683,-10.098]]}},{"type":"Feature","properties":{},"geometry":{"type":"LineString","coordinates":[[147.827,-10.139],[147.87,-10.128],[147.93,-10.185],[148.004,-10.193],[148.033,-10.181]]}},{"type":"Feature","properties":{},"geometry":{"type":"LineString","coordinates":[[145.544,-10.002],[145.612,-10.002],[145.671,-10.026],[145.692,-10.085],[145.662,-10.146]]}},{"type":"Feature","properties":{},"geometry":{"type":"LineString","coordinates":[[145.421,-10.063],[145.51,-10.037]]}},{"type":"Feature","properties":{},"geometry":{"type":"LineString","coordinates":[[144.523,-10.063],[144.53,-10.119],[144.466,-10.21],[144.455,-10.441]]}},{"type":"Feature","properties":{},"geometry":{"type":"LineString","coordinates":[[144.633,-10.002],[144.661,-9.975],[144.688,-9.975],[144.642,-10.068],[144.633,-10.023]]}},{"type":"Feature","properties":{},"geometry":{"type":"LineString","coordinates":[[144.791,-9.673],[144.793,-9.71],[144.86,-9.762]]}},{"type":"Feature","properties":{},"geometry":{"type":"LineString","coordinates":[[144.921,-9.536],[144.928,-9.499],[144.886,-9.482],[144.867,-9.516],[144.764,-9.551],[144.758,-9.594],[144.784,-9.625],[144.825,-9.611]]}},{"type":"Feature","properties":{},"geometry":{"type":"LineString","coordinates":[[148.251,-10.276],[148.33,-10.276],[148.395,-10.248]]}},{"type":"Feature","properties":{},"geometry":{"type":"LineString","coordinates":[[148.444,-10.31],[148.474,-10.287],[148.519,-10.282]]}},{"type":"Feature","properties":{},"geometry":{"type":"LineString","coordinates":[[148.54,-10.331],[148.738,-10.359],[148.848,-10.317]]}},{"type":"Feature","properties":{},"geometry":{"type":"LineString","coordinates":[[148.93,-10.344],[149.156,-10.344]]}},{"type":"Feature","properties":{},"geometry":{"type":"LineString","coordinates":[[150.361,-10.701],[150.425,-10.713],[150.471,-10.68]]}},{"type":"Feature","properties":{},"geometry":{"type":"LineString","coordinates":[[150.992,-10.872],[150.986,-10.943],[151.013,-10.961]]}},{"type":"Feature","properties":{},"geometry":{"type":"LineString","coordinates":[[151.116,-11.105],[151.213,-11.177],[151.26,-11.187]]}},{"type":"Feature","properties":{},"geometry":{"type":"LineString","coordinates":[[151.321,-11.202],[151.355,-11.213],[151.458,-11.195],[151.527,-11.215],[151.595,-11.215]]}},{"type":"Feature","properties":{},"geometry":{"type":"LineString","coordinates":[[151.65,-11.215],[151.836,-11.233],[151.858,-11.224],[151.863,-11.187]]}},{"type":"Feature","properties":{},"geometry":{"type":"LineString","coordinates":[[151.959,-11.256],[151.996,-11.275],[152.047,-11.27]]}},{"type":"Feature","properties":{},"geometry":{"type":"LineString","coordinates":[[152.802,-11.461],[152.836,-11.523],[152.904,-11.544],[153.048,-11.633]]}},{"type":"Feature","properties":{},"geometry":{"type":"LineString","coordinates":[[153.11,-11.647],[153.171,-11.667],[153.37,-11.688],[153.432,-11.667]]}},{"type":"Feature","properties":{},"geometry":{"type":"LineString","coordinates":[[153.48,-11.681],[153.595,-11.72],[153.822,-11.743]]}},{"type":"Feature","properties":{},"geometry":{"type":"LineString","coordinates":[[153.946,-11.55],[153.971,-11.622],[153.962,-11.686],[153.877,-11.736]]}},{"type":"Feature","properties":{},"geometry":{"type":"LineString","coordinates":[[153.719,-11.633],[153.776,-11.634],[153.809,-11.605]]}},{"type":"Feature","properties":{},"geometry":{"type":"LineString","coordinates":[[153.911,-11.523],[153.762,-11.466],[153.572,-11.453],[153.501,-11.427]]}},{"type":"Feature","properties":{},"geometry":{"type":"LineString","coordinates":[[154.015,-11.434],[153.933,-11.381],[153.843,-11.351],[153.772,-11.34],[153.679,-11.359]]}},{"type":"Feature","properties":{},"geometry":{"type":"LineString","coordinates":[[154.295,-11.489],[154.195,-11.434],[154.11,-11.457],[154.076,-11.447]]}},{"type":"Feature","properties":{},"geometry":{"type":"LineString","coordinates":[[154.392,-11.427],[154.425,-11.434],[154.426,-11.469],[154.35,-11.489]]}},{"type":"Feature","properties":{},"geometry":{"type":"LineString","coordinates":[[154.192,-11.27],[154.271,-11.302],[154.344,-11.406]]}},{"type":"Feature","properties":{},"geometry":{"type":"LineString","coordinates":[[154.138,-11.284],[153.885,-11.263]]}},{"type":"Feature","properties":{},"geometry":{"type":"LineString","coordinates":[[153.829,-11.277],[153.702,-11.261],[153.654,-11.295],[153.637,-11.317],[153.644,-11.331]]}},{"type":"Feature","properties":{},"geometry":{"type":"LineString","coordinates":[[153.501,-11.359],[153.509,-11.337],[153.462,-11.29],[153.366,-11.26],[153.336,-11.236]]}},{"type":"Feature","properties":{},"geometry":{"type":"LineString","coordinates":[[153.309,-11.202],[153.102,-11.084],[153.069,-11.092]]}},{"type":"Feature","properties":{},"geometry":{"type":"LineString","coordinates":[[153.001,-11.043],[152.836,-10.975]]}},{"type":"Feature","properties":{},"geometry":{"type":"LineString","coordinates":[[152.664,-10.927],[152.618,-10.941],[152.529,-11.0],[152.479,-11.009]]}},{"type":"Feature","properties":{},"geometry":{"type":"LineString","coordinates":[[152.589,-10.906],[152.57,-10.854],[152.496,-10.766],[152.445,-10.735]]}},{"type":"Feature","properties":{},"geometry":{"type":"LineString","coordinates":[[152.33,-10.722],[152.297,-10.792],[152.391,-10.838]]}},{"type":"Feature","properties":{},"geometry":{"type":"LineString","coordinates":[[152.418,-10.845],[152.507,-10.865],[152.516,-10.889],[152.554,-10.906]]}},{"type":"Feature","properties":{},"geometry":{"type":"LineString","coordinates":[[152.439,-11.024],[152.345,-11.044],[152.315,-11.087],[152.225,-11.14]]}},{"type":"Feature","properties":{},"geometry":{"type":"LineString","coordinates":[[152.096,-11.256],[152.097,-11.196],[152.006,-11.174]]}},{"type":"Feature","properties":{},"geometry":{"type":"LineString","coordinates":[[151.808,-11.16],[151.598,-11.135],[151.569,-11.11],[151.554,-11.058]]}},{"type":"Feature","properties":{},"geometry":{"type":"LineString","coordinates":[[151.918,-10.824],[151.875,-10.833],[151.746,-10.797]]}},{"type":"Feature","properties":{},"geometry":{"type":"LineString","coordinates":[[151.849,-10.715],[151.746,-10.708]]}},{"type":"Feature","properties":{},"geometry":{"type":"LineString","coordinates":[[151.89,-10.749],[151.946,-10.784],[151.952,-10.804]]}},{"type":"Feature","properties":{},"geometry":{"type":"LineString","coordinates":[[151.315,-10.523],[151.239,-10.516]]}},{"type":"Feature","properties":{},"geometry":{"type":"LineString","coordinates":[[151.396,-10.344],[151.43,-10.339],[151.467,-10.356],[151.491,-10.386],[151.486,-10.42]]}},{"type":"Feature","properties":{},"geometry":{"type":"LineString","coordinates":[[151.26,-10.139],[151.248,-10.209],[151.204,-10.265],[151.129,-10.263]]}},{"type":"Feature","properties":{},"geometry":{"type":"LineString","coordinates":[[151.062,-10.256],[151.111,-10.311],[151.223,-10.358],[151.239,-10.407]]}},{"type":"Feature","properties":{},"geometry":{"type":"LineString","coordinates":[[151.164,-10.509],[151.116,-10.515],[151.095,-10.551]]}},{"type":"Feature","properties":{},"geometry":{"type":"LineString","coordinates":[[150.595,-10.358],[150.65,-10.365],[150.705,-10.338]]}},{"type":"Feature","properties":{},"geometry":{"type":"LineString","coordinates":[[150.931,-10.2],[150.959,-10.252],[150.958,-10.31]]}},{"type":"Feature","properties":{},"geometry":{"type":"LineString","coordinates":[[150.855,-9.934],[150.866,-9.987],[150.897,-10.023]]}},{"type":"Feature","properties":{},"geometry":{"type":"LineString","coordinates":[[150.868,-9.783],[150.918,-9.798],[150.988,-9.88],[151.033,-9.899]]}},{"type":"Feature","properties":{},"geometry":{"type":"LineString","coordinates":[[150.951,-9.665],[150.924,-9.741]]}},{"type":"Feature","properties":{},"geometry":{"type":"LineString","coordinates":[[151.109,-9.002],[151.13,-9.198],[151.129,-9.231],[151.109,-9.242]]}},{"type":"Feature","properties":{},"geometry":{"type":"LineString","coordinates":[[151.863,-9.303],[151.828,-9.392]]}},{"type":"Feature","properties":{},"geometry":{"type":"LineString","coordinates":[[151.842,-9.433],[151.881,-9.48],[151.937,-9.502]]}},{"type":"Feature","properties":{},"geometry":{"type":"LineString","coordinates":[[151.993,-9.522],[152.055,-9.516]]}},{"type":"Feature","properties":{},"geometry":{"type":"LineString","coordinates":[[152.089,-9.495],[152.101,-9.43],[152.081,-9.378]]}},{"type":"Feature","properties":{},"geometry":{"type":"LineString","coordinates":[[152.904,-9.242],[152.802,-9.242]]}},{"type":"Feature","properties":{},"geometry":{"type":"LineString","coordinates":[[150.26,-8.515],[150.183,-8.546],[150.02,-8.714]]}},{"type":"Feature","properties":{},"geometry":{"type":"LineString","coordinates":[[153.001,-9.076],[153.055,-9.118],[153.055,-9.147],[153.028,-9.166]]}},{"type":"Feature","properties":{},"geometry":{"type":"LineString","coordinates":[[152.568,-8.947],[152.64,-8.933],[152.781,-8.944],[152.836,-8.967]]}},{"type":"Feature","properties":{},"geometry":{"type":"LineString","coordinates":[[152.513,-8.92],[152.466,-8.928],[152.432,-8.96]]}},{"type":"Feature","properties":{},"geometry":{"type":"LineString","coordinates":[[150.705,-8.33],[150.779,-8.304],[150.855,-8.317],[150.894,-8.378],[150.901,-8.42],[150.889,-8.453]]}},{"type":"Feature","properties":{},"geometry":{"type":"LineString","coordinates":[[150.581,-8.324],[150.671,-8.371]]}},{"type":"Feature","properties":{},"geometry":{"type":"LineString","coordinates":[[150.396,-8.317],[150.465,-8.337]]}},{"type":"Feature","properties":{},"geometry":{"type":"LineString","coordinates":[[150.341,-8.453],[150.126,-8.338],[150.103,-8.343],[150.035,-8.415],[150.024,-8.44],[150.04,-8.501]]}},{"type":"Feature","properties":{},"geometry":{"type":"LineString","coordinates":[[150.04,-8.556],[150.108,-8.55],[150.116,-8.566],[150.054,-8.611]]}},{"type":"Feature","properties":{},"geometry":{"type":"LineString","coordinates":[[150.471,-8.461],[150.431,-8.526],[150.471,-8.515]]}},{"type":"Feature","properties":{},"geometry":{"type":"LineString","coordinates":[[150.882,-8.495],[150.831,-8.524],[150.828,-8.559],[150.897,-8.631]]}},{"type":"Feature","properties":{},"geometry":{"type":"LineString","coordinates":[[150.828,-8.672],[150.767,-8.689],[150.754,-8.709],[150.774,-8.806],[150.746,-8.85]]}},{"type":"Feature","properties":{},"geometry":{"type":"LineString","coordinates":[[150.657,-8.933],[150.62,-8.955],[150.564,-8.96],[150.506,-8.921],[150.478,-8.926]]}},{"type":"Feature","properties":{},"geometry":{"type":"LineString","coordinates":[[150.985,-8.562],[150.952,-8.741],[150.958,-8.81],[150.889,-8.762]]}},{"type":"Feature","properties":{},"geometry":{"type":"LineString","coordinates":[[150.999,-8.789],[151.089,-8.861],[151.116,-8.96]]}},{"type":"Feature","properties":{},"geometry":{"type":"LineString","coordinates":[[150.615,-9.186],[150.519,-9.268]]}},{"type":"Feature","properties":{},"geometry":{"type":"LineString","coordinates":[[150.327,-9.242],[150.36,-9.275],[150.375,-9.33]]}},{"type":"Feature","properties":{},"geometry":{"type":"LineString","coordinates":[[150.513,-9.132],[150.3,-9.207],[150.243,-9.184],[150.183,-9.182],[150.116,-9.228]]}},{"type":"Feature","properties":{},"geometry":{"type":"LineString","coordinates":[[150.184,-9.049],[150.108,-9.138],[150.074,-9.234]]}},{"type":"Feature","properties":{},"geometry":{"type":"LineString","coordinates":[[149.868,-9.611],[149.789,-9.585],[149.725,-9.592]]}},{"type":"Feature","properties":{},"geometry":{"type":"LineString","coordinates":[[149.306,-9.207],[149.365,-9.145],[149.355,-9.111]]}},{"type":"Feature","properties":{},"geometry":{"type":"LineString","coordinates":[[149.355,-9.084],[149.346,-9.026],[149.306,-8.988]]}},{"type":"Feature","properties":{},"geometry":{"type":"LineString","coordinates":[[149.279,-8.975],[149.203,-8.981]]}},{"type":"Feature","properties":{},"geometry":{"type":"LineString","coordinates":[[147.957,-6.733],[147.956,-6.783],[147.929,-6.809]]}},{"type":"Feature","properties":{},"geometry":{"type":"LineString","coordinates":[[147.847,-6.321],[147.889,-6.425]]}},{"type":"Feature","properties":{},"geometry":{"type":"LineString","coordinates":[[147.326,-5.918],[147.34,-5.903],[147.402,-5.931]]}},{"type":"Feature","properties":{},"geometry":{"type":"LineString","coordinates":[[146.902,-5.808],[147.035,-5.9],[147.097,-5.896],[147.107,-5.918]]}},{"type":"Feature","properties":{},"geometry":{"type":"LineString","coordinates":[[146.655,-5.718],[146.711,-5.735],[146.75,-5.767]]}},{"type":"Feature","properties":{},"geometry":{"type":"LineString","coordinates":[[146.298,-5.555],[146.367,-5.549],[146.462,-5.58],[146.587,-5.658]]}},{"type":"Feature","properties":{},"geometry":{"type":"LineString","coordinates":[[147.079,-5.424],[147.142,-5.466],[147.167,-5.463],[147.189,-5.439]]}},{"type":"Feature","properties":{},"geometry":{"type":"LineString","coordinates":[[147.238,-5.28],[147.258,-5.363]]}},{"type":"Feature","properties":{},"geometry":{"type":"LineString","coordinates":[[147.552,-5.28],[147.613,-5.268],[147.662,-5.308]]}},{"type":"Feature","properties":{},"geometry":{"type":"LineString","coordinates":[[147.745,-5.609],[147.796,-5.688],[147.84,-5.703],[147.881,-5.781]]}},{"type":"Feature","properties":{},"geometry":{"type":"LineString","coordinates":[[147.833,-5.459],[147.856,-5.462],[147.902,-5.517],[147.957,-5.527]]}},{"type":"Feature","properties":{},"geometry":{"type":"LineString","coordinates":[[150.505,-5.424],[150.454,-5.416],[150.41,-5.439]]}},{"type":"Feature","properties":{},"geometry":{"type":"LineString","coordinates":[[151.63,-4.616],[151.643,-4.698]]}},{"type":"Feature","properties":{},"geometry":{"type":"LineString","coordinates":[[151.458,-4.191],[151.459,-4.226],[151.521,-4.391],[151.582,-4.479]]}},{"type":"Feature","properties":{},"geometry":{"type":"LineString","coordinates":[[151.658,-4.136],[151.54,-4.081],[151.487,-4.098],[151.458,-4.136]]}},{"type":"Feature","properties":{},"geometry":{"type":"LineString","coordinates":[[151.815,-4.191],[151.762,-4.152],[151.705,-4.15]]}},{"type":"Feature","properties":{},"geometry":{"type":"LineString","coordinates":[[152.487,-3.862],[152.549,-3.938]]}},{"type":"Feature","properties":{},"geometry":{"type":"LineString","coordinates":[[152.384,-3.745],[152.432,-3.807]]}},{"type":"Feature","properties":{},"geometry":{"type":"LineString","coordinates":[[152.116,-3.512],[152.191,-3.526]]}},{"type":"Feature","properties":{},"geometry":{"type":"LineString","coordinates":[[150.774,-3.018],[150.855,-2.985],[150.999,-2.998]]}},{"type":"Feature","properties":{},"geometry":{"type":"LineString","coordinates":[[150.78,-2.943],[150.72,-2.986],[150.714,-3.013],[150.725,-3.018]]}},{"type":"Feature","properties":{},"geometry":{"type":"LineString","coordinates":[[149.759,-2.608],[149.736,-2.582],[149.695,-2.587],[149.629,-2.635],[149.635,-2.656]]}},{"type":"Feature","properties":{},"geometry":{"type":"LineString","coordinates":[[149.704,-1.67],[149.663,-1.662],[149.637,-1.681],[149.595,-1.683]]}},{"type":"Feature","properties":{},"geometry":{"type":"LineString","coordinates":[[149.807,-1.546],[149.825,-1.587],[149.762,-1.618],[149.739,-1.614]]}},{"type":"Feature","properties":{},"geometry":{"type":"LineString","coordinates":[[150.375,-2.38],[150.364,-2.347],[150.338,-2.331],[150.286,-2.348]]}},{"type":"Feature","properties":{},"geometry":{"type":"LineString","coordinates":[[150.41,-2.395],[150.442,-2.393],[150.496,-2.421],[150.564,-2.488],[150.588,-2.546]]}},{"type":"Feature","properties":{},"geometry":{"type":"LineString","coordinates":[[150.834,-2.539],[150.787,-2.557],[150.774,-2.608]]}},{"type":"Feature","properties":{},"geometry":{"type":"LineString","coordinates":[[150.917,-2.608],[151.054,-2.683],[151.089,-2.717]]}},{"type":"Feature","properties":{},"geometry":{"type":"LineString","coordinates":[[151.822,-3.17],[151.898,-3.17]]}},{"type":"Feature","properties":{},"geometry":{"type":"LineString","coordinates":[[152.15,-3.328],[152.182,-3.383],[152.256,-3.451],[152.309,-3.478]]}},{"type":"Feature","properties":{},"geometry":{"type":"LineString","coordinates":[[152.719,-2.998],[152.627,-3.007],[152.568,-3.032]]}},{"type":"Feature","properties":{},"geometry":{"type":"LineString","coordinates":[[152.589,-3.745],[152.606,-3.801],[152.677,-3.817],[152.713,-3.841]]}},{"type":"Feature","properties":{},"geometry":{"type":"LineString","coordinates":[[152.863,-3.903],[152.898,-3.979]]}},{"type":"Feature","properties":{},"geometry":{"type":"LineString","coordinates":[[152.98,-3.999],[153.014,-4.061]]}},{"type":"Feature","properties":{},"geometry":{"type":"LineString","coordinates":[[153.26,-3.458],[153.276,-3.495],[153.243,-3.522],[153.23,-3.565],[153.206,-3.567]]}},{"type":"Feature","properties":{},"geometry":{"type":"LineString","coordinates":[[153.652,-3.986],[153.603,-4.017],[153.576,-4.061]]}},{"type":"Feature","properties":{},"geometry":{"type":"LineString","coordinates":[[154.111,-4.369],[154.125,-4.438]]}},{"type":"Feature","properties":{},"geometry":{"type":"LineString","coordinates":[[154.158,-4.486],[154.192,-4.588]]}},{"type":"Feature","properties":{},"geometry":{"type":"LineString","coordinates":[[153.459,-1.649],[153.579,-1.649],[153.679,-1.793]]}},{"type":"Feature","properties":{},"geometry":{"type":"LineString","coordinates":[[153.699,-1.834],[153.707,-1.924],[153.679,-1.998],[153.598,-2.054],[153.547,-2.061],[153.501,-2.046]]}},{"type":"Feature","properties":{},"geometry":{"type":"LineString","coordinates":[[155.453,-4.663],[155.361,-4.616],[155.323,-4.622]]}},{"type":"Feature","properties":{},"geometry":{"type":"LineString","coordinates":[[155.296,-4.65],[155.279,-4.729],[155.309,-4.8]]}},{"type":"Feature","properties":{},"geometry":{"type":"LineString","coordinates":[[155.495,-4.712],[155.501,-4.814],[155.456,-4.848],[155.351,-4.828]]}},{"type":"Feature","properties":{},"geometry":{"type":"LineString","coordinates":[[157.098,-4.725],[157.043,-4.705],[156.992,-4.722],[156.977,-4.768],[156.989,-4.806],[157.023,-4.828],[157.064,-4.822]]}},{"type":"Feature","properties":{},"geometry":{"type":"LineString","coordinates":[[157.105,-4.746],[157.118,-4.785],[157.098,-4.822]]}},{"type":"Feature","properties":{},"geometry":{"type":"LineString","coordinates":[[159.414,-4.479],[159.352,-4.494],[159.332,-4.544],[159.34,-4.584],[159.421,-4.608]]}},{"type":"Feature","properties":{},"geometry":{"type":"LineString","coordinates":[[159.469,-4.465],[159.523,-4.478],[159.538,-4.497],[159.537,-4.584],[159.504,-4.616]]}},{"type":"Feature","properties":{},"geometry":{"type":"LineString","coordinates":[[154.522,-5.17],[154.513,-5.193],[154.536,-5.273]]}},{"type":"Feature","properties":{},"geometry":{"type":"LineString","coordinates":[[154.83,-6.397],[154.85,-6.456],[154.81,-6.487]]}},{"type":"Feature","properties":{},"geometry":{"type":"LineString","coordinates":[[155.817,-6.288],[155.898,-6.316],[155.912,-6.37],[155.973,-6.403],[155.994,-6.445]]}},{"type":"Feature","properties":{},"geometry":{"type":"LineString","coordinates":[[155.522,-6.116],[155.659,-6.124]]}},{"type":"Feature","properties":{},"geometry":{"type":"LineString","coordinates":[[155.364,-5.931],[155.419,-5.956],[155.433,-6.041]]}},{"type":"Feature","properties":{},"geometry":{"type":"LineString","coordinates":[[148.765,-4.54],[148.808,-4.512],[148.831,-4.537],[148.812,-4.559],[148.772,-4.561]]}},{"type":"Feature","properties":{},"geometry":{"type":"LineString","coordinates":[[147.82,-3.41],[147.779,-3.376],[147.764,-3.389],[147.785,-3.437]]}},{"type":"Feature","properties":{},"geometry":{"type":"LineString","coordinates":[[147.999,-3.246],[148.034,-3.312],[148.022,-3.349],[148.005,-3.334]]}},{"type":"Feature","properties":{},"geometry":{"type":"LineString","coordinates":[[147.113,-2.869],[147.06,-2.86],[147.054,-2.9],[147.073,-2.917]]}},{"type":"Feature","properties":{},"geometry":{"type":"LineString","coordinates":[[147.799,-2.361],[147.73,-2.388]]}},{"type":"Feature","properties":{},"geometry":{"type":"LineString","coordinates":[[147.854,-2.224],[147.913,-2.275],[147.902,-2.321]]}},{"type":"Feature","properties":{},"geometry":{"type":"LineString","coordinates":[[147.82,-2.19],[147.734,-2.156],[147.705,-2.176],[147.73,-2.204]]}},{"type":"Feature","properties":{},"geometry":{"type":"LineString","coordinates":[[146.969,-1.902],[147.216,-1.929]]}},{"type":"Feature","properties":{},"geometry":{"type":"LineString","coordinates":[[146.909,-1.888],[146.856,-1.878],[146.839,-1.888],[146.847,-1.909]]}},{"type":"Feature","properties":{},"geometry":{"type":"LineString","coordinates":[[146.716,-1.916],[146.649,-1.879],[146.604,-1.873],[146.572,-1.888]]}},{"type":"Feature","properties":{},"geometry":{"type":"LineString","coordinates":[[146.353,-2.142],[146.276,-2.118],[146.195,-2.128]]}},{"type":"Feature","properties":{},"geometry":{"type":"LineString","coordinates":[[146.209,-2.169],[146.195,-2.197],[146.309,-2.214],[146.333,-2.252],[146.319,-2.309],[146.333,-2.321]]}},{"type":"Feature","properties":{},"geometry":{"type":"LineString","coordinates":[[146.765,-2.183],[146.874,-2.204]]}},{"type":"Feature","properties":{},"geometry":{"type":"LineString","coordinates":[[146.854,-2.245],[146.901,-2.295],[146.895,-2.367]]}},{"type":"Feature","properties":{},"geometry":{"type":"LineString","coordinates":[[146.936,-2.224],[146.997,-2.245],[147.086,-2.208],[147.189,-2.204]]}},{"type":"Feature","properties":{},"geometry":{"type":"LineString","coordinates":[[145.155,-1.526],[145.024,-1.587],[145.101,-1.594],[145.164,-1.544],[145.161,-1.526]]}},{"type":"Feature","properties":{},"geometry":{"type":"LineString","coordinates":[[145.058,-1.443],[145.109,-1.427],[145.154,-1.457],[145.168,-1.491]]}},{"type":"Feature","properties":{},"geometry":{"type":"LineString","coordinates":[[145.017,-1.477],[145.001,-1.516],[145.011,-1.56]]}},{"type":"Feature","properties":{},"geometry":{"type":"LineString","coordinates":[[145.531,-0.888],[145.541,-0.836],[145.502,-0.831],[145.462,-0.86],[145.462,-0.915]]}},{"type":"Feature","properties":{},"geometry":{"type":"LineString","coordinates":[[144.523,-1.073],[144.551,-1.088],[144.546,-1.123],[144.519,-1.151],[144.476,-1.148]]}},{"type":"Feature","properties":{},"geometry":{"type":"LineString","coordinates":[[144.379,-1.073],[144.359,-1.129],[144.311,-1.148]]}},{"type":"Feature","properties":{},"geometry":{"type":"LineString","coordinates":[[144.153,-1.32],[144.172,-1.392],[144.194,-1.408],[144.242,-1.4],[144.269,-1.361]]}},{"type":"Feature","properties":{},"geometry":{"type":"LineString","coordinates":[[144.421,-1.066],[144.446,-1.096],[144.445,-1.158],[144.407,-1.182],[144.373,-1.312],[144.338,-1.34],[144.297,-1.34]]}},{"type":"Feature","properties":{},"geometry":{"type":"LineString","coordinates":[[145.818,-5.096],[145.835,-5.154],[145.825,-5.198]]}},{"type":"Feature","properties":{},"geometry":{"type":"LineString","coordinates":[[146.195,-4.773],[146.258,-4.761],[146.298,-4.808]]}},{"type":"Feature","properties":{},"geometry":{"type":"LineString","coordinates":[[146.017,-4.527],[146.049,-4.55],[146.072,-4.598],[146.08,-4.649],[146.065,-4.678]]}},{"type":"Feature","properties":{},"geometry":{"type":"LineString","coordinates":[[145.27,-4.349],[145.334,-4.361],[145.387,-4.404]]}},{"type":"Feature","properties":{},"geometry":{"type":"LineString","coordinates":[[145.058,-4.328],[145.181,-4.369]]}},{"type":"Feature","properties":{},"geometry":{"type":"LineString","coordinates":[[142.221,-9.55],[142.351,-9.529]]}},{"type":"Feature","properties":{},"geometry":{"type":"LineString","coordinates":[[142.434,-9.775],[142.379,-9.858]]}},{"type":"Feature","properties":{},"geometry":{"type":"LineString","coordinates":[[142.345,-9.871],[142.26,-9.946],[142.228,-9.947],[142.214,-9.927]]}},{"type":"Feature","properties":{},"geometry":{"type":"LineString","coordinates":[[142.249,-10.009],[142.203,-10.021],[142.16,-10.009]]}},{"type":"Feature","properties":{},"geometry":{"type":"LineString","coordinates":[[142.16,-10.242],[142.209,-10.269],[142.27,-10.276]]}},{"type":"Feature","properties":{},"geometry":{"type":"LineString","coordinates":[[142.132,-10.29],[142.28,-10.317],[142.317,-10.282]]}},{"type":"Feature","properties":{},"geometry":{"type":"LineString","coordinates":[[142.132,-10.426],[142.241,-10.392]]}},{"type":"Feature","properties":{},"geometry":{"type":"LineString","coordinates":[[142.125,-10.502],[142.235,-10.454]]}},{"type":"Feature","properties":{},"geometry":{"type":"LineString","coordinates":[[142.118,-10.578],[142.255,-10.523]]}},{"type":"Feature","properties":{},"geometry":{"type":"LineString","coordinates":[[143.262,-11.386],[143.355,-11.465],[143.373,-11.537]]}},{"type":"Feature","properties":{},"geometry":{"type":"LineString","coordinates":[[143.276,-11.777],[143.334,-11.874],[143.407,-11.869],[143.483,-11.811]]}},{"type":"Feature","properties":{},"geometry":{"type":"LineString","coordinates":[[143.9,-11.736],[143.833,-11.828],[143.824,-11.866],[143.844,-11.915],[143.887,-11.948]]}},{"type":"Feature","properties":{},"geometry":{"type":"LineString","coordinates":[[144.071,-11.544],[144.028,-11.641],[144.065,-11.715],[144.044,-11.767],[144.065,-11.819],[144.024,-11.852]]}},{"type":"Feature","properties":{},"geometry":{"type":"LineString","coordinates":[[144.037,-11.434],[144.059,-11.522],[143.974,-11.527],[143.921,-11.557]]}},{"type":"Feature","properties":{},"geometry":{"type":"LineString","coordinates":[[144.003,-11.359],[143.963,-11.437],[143.982,-11.469]]}},{"type":"Feature","properties":{},"geometry":{"type":"LineString","coordinates":[[143.927,-10.571],[143.941,-10.646],[143.914,-10.715]]}},{"type":"Feature","properties":{},"geometry":{"type":"LineString","coordinates":[[143.927,-10.688],[143.962,-10.752],[143.954,-10.765],[143.893,-10.77]]}},{"type":"Feature","properties":{},"geometry":{"type":"LineString","coordinates":[[143.976,-10.228],[143.927,-10.492],[143.934,-10.523]]}},{"type":"Feature","properties":{},"geometry":{"type":"LineString","coordinates":[[144.12,-9.955],[144.059,-10.024],[143.962,-10.194]]}},{"type":"Feature","properties":{},"geometry":{"type":"LineString","coordinates":[[143.715,-10.057],[143.804,-10.009],[143.828,-9.975],[143.917,-9.947],[143.94,-9.962],[143.934,-9.989],[143.875,-10.005],[143.742,-10.119]]}},{"type":"Feature","properties":{},"geometry":{"type":"LineString","coordinates":[[143.715,-10.05],[143.646,-10.16]]}},{"type":"Feature","properties":{},"geometry":{"type":"LineString","coordinates":[[143.605,-10.133],[143.633,-10.05],[143.566,-10.076],[143.503,-10.139]]}},{"type":"Feature","properties":{},"geometry":{"type":"LineString","coordinates":[[143.544,-10.05],[143.512,-10.045],[143.484,-10.061],[143.461,-10.119]]}},{"type":"Feature","properties":{},"geometry":{"type":"LineString","coordinates":[[143.475,-10.009],[143.42,-10.037],[143.373,-10.009]]}},{"type":"Feature","properties":{},"geometry":{"type":"LineString","coordinates":[[142.886,-9.707],[142.913,-9.745],[142.962,-9.728]]}},{"type":"Feature","properties":{},"geometry":{"type":"LineString","coordinates":[[143.132,-9.598],[143.072,-9.642],[142.988,-9.769]]}},{"type":"Feature","properties":{},"geometry":{"type":"LineString","coordinates":[[143.187,-9.488],[143.19,-9.532],[143.156,-9.56],[143.119,-9.558],[143.091,-9.536]]}},{"type":"Feature","properties":{},"geometry":{"type":"LineString","coordinates":[[143.098,-9.392],[143.077,-9.502]]}},{"type":"Feature","properties":{},"geometry":{"type":"LineString","coordinates":[[143.194,-9.262],[143.141,-9.274],[143.056,-9.342],[143.063,-9.386]]}},{"type":"Feature","properties":{},"geometry":{"type":"LineString","coordinates":[[143.221,-9.296],[143.224,-9.316],[143.172,-9.346],[143.166,-9.372],[143.206,-9.381],[143.179,-9.448]]}},{"type":"Feature","properties":{},"geometry":{"type":"LineString","coordinates":[[143.153,-9.618],[143.126,-9.693]]}},{"type":"Feature","properties":{},"geometry":{"type":"LineString","coordinates":[[143.105,-9.7],[143.009,-9.796]]}},{"type":"Feature","properties":{},"geometry":{"type":"LineString","coordinates":[[143.859,-9.461],[143.893,-9.529],[143.886,-9.555],[143.831,-9.611]]}},{"type":"Feature","properties":{},"geometry":{"type":"LineString","coordinates":[[144.167,-9.592],[144.126,-9.687]]}},{"type":"Feature","properties":{},"geometry":{"type":"LineString","coordinates":[[144.242,-9.769],[144.222,-9.794],[144.212,-9.856],[144.153,-9.875],[144.132,-9.919]]}},{"type":"Feature","properties":{},"geometry":{"type":"LineString","coordinates":[[144.031,-9.769],[143.989,-9.837]]}},{"type":"Feature","properties":{},"geometry":{"type":"LineString","coordinates":[[144.024,-9.865],[143.962,-9.913]]}},{"type":"Feature","properties":{},"geometry":{"type":"LineString","coordinates":[[143.982,-10.77],[144.043,-10.972],[144.037,-11.037],[144.076,-11.081],[144.091,-11.173],[144.044,-11.27],[144.058,-11.345]]}},{"type":"Feature","properties":{},"geometry":{"type":"LineString","coordinates":[[151.849,-23.468],[151.967,-23.421],[152.006,-23.434]]}},{"type":"Feature","properties":{},"geometry":{"type":"LineString","coordinates":[[151.767,-23.303],[151.734,-23.303],[151.712,-23.283],[151.828,-23.283]]}},{"type":"Feature","properties":{},"geometry":{"type":"LineString","coordinates":[[152.616,-22.392],[152.774,-22.269],[152.767,-22.193]]}},{"type":"Feature","properties":{},"geometry":{"type":"LineString","coordinates":[[152.418,-22.248],[152.513,-22.269]]}},{"type":"Feature","properties":{},"geometry":{"type":"LineString","coordinates":[[152.253,-22.021],[152.211,-22.02],[152.139,-21.965],[152.123,-21.918]]}},{"type":"Feature","properties":{},"geometry":{"type":"LineString","coordinates":[[152.0,-21.817],[152.013,-21.817],[151.947,-21.774],[151.952,-21.755]]}},{"type":"Feature","properties":{},"geometry":{"type":"LineString","coordinates":[[152.788,-22.077],[152.802,-22.042],[152.788,-21.968],[152.735,-21.911],[152.729,-21.854],[152.69,-21.807],[152.678,-21.727],[152.637,-21.665],[152.623,-21.589],[152.637,-21.515]]}},{"type":"Feature","properties":{},"geometry":{"type":"LineString","coordinates":[[152.644,-21.384],[152.654,-21.398],[152.689,-21.26],[152.664,-21.275]]}},{"type":"Feature","properties":{},"geometry":{"type":"LineString","coordinates":[[152.603,-21.226],[152.685,-21.117]]}},{"type":"Feature","properties":{},"geometry":{"type":"LineString","coordinates":[[152.507,-21.179],[152.63,-21.114],[152.626,-21.068],[152.576,-21.062],[152.568,-21.028]]}},{"type":"Feature","properties":{},"geometry":{"type":"LineString","coordinates":[[152.212,-21.296],[152.226,-21.278],[152.287,-21.262],[152.35,-21.207]]}},{"type":"Feature","properties":{},"geometry":{"type":"LineString","coordinates":[[151.945,-21.398],[152.019,-21.379],[152.15,-21.316]]}},{"type":"Feature","properties":{},"geometry":{"type":"LineString","coordinates":[[151.444,-21.501],[151.476,-21.392],[151.629,-21.322],[151.742,-21.202],[151.771,-21.21],[151.787,-21.299],[151.863,-21.357]]}},{"type":"Feature","properties":{},"geometry":{"type":"LineString","coordinates":[[152.335,-21.0],[152.249,-20.978],[152.185,-20.938]]}},{"type":"Feature","properties":{},"geometry":{"type":"LineString","coordinates":[[152.096,-20.898],[152.051,-20.849],[151.986,-20.815]]}},{"type":"Feature","properties":{},"geometry":{"type":"LineString","coordinates":[[150.492,-21.144],[150.454,-21.126],[150.441,-21.038],[150.364,-21.006],[150.366,-20.992],[150.396,-20.987]]}},{"type":"Feature","properties":{},"geometry":{"type":"LineString","coordinates":[[150.505,-20.802],[150.403,-20.808]]}},{"type":"Feature","properties":{},"geometry":{"type":"LineString","coordinates":[[150.615,-20.617],[150.629,-20.541]]}},{"type":"Feature","properties":{},"geometry":{"type":"LineString","coordinates":[[150.142,-20.569],[150.206,-20.534],[150.218,-20.507]]}},{"type":"Feature","properties":{},"geometry":{"type":"LineString","coordinates":[[150.239,-20.384],[150.271,-20.361],[150.28,-20.315]]}},{"type":"Feature","properties":{},"geometry":{"type":"LineString","coordinates":[[150.801,-20.281],[150.629,-20.165]]}},{"type":"Feature","properties":{},"geometry":{"type":"LineString","coordinates":[[150.157,-20.315],[150.179,-20.267],[150.226,-20.247]]}},{"type":"Feature","properties":{},"geometry":{"type":"LineString","coordinates":[[150.067,-20.172],[150.026,-20.11]]}},{"type":"Feature","properties":{},"geometry":{"type":"LineString","coordinates":[[149.587,-19.781],[149.68,-19.779],[149.737,-19.731],[149.684,-19.624],[149.652,-19.609],[149.617,-19.55],[149.595,-19.555]]}},{"type":"Feature","properties":{},"geometry":{"type":"LineString","coordinates":[[149.553,-19.74],[149.502,-19.794],[149.471,-19.801],[149.451,-19.76]]}},{"type":"Feature","properties":{},"geometry":{"type":"LineString","coordinates":[[149.451,-19.74],[149.338,-19.738],[149.361,-19.691]]}},{"type":"Feature","properties":{},"geometry":{"type":"LineString","coordinates":[[149.115,-19.794],[149.231,-19.803],[149.237,-19.774],[149.183,-19.705],[149.203,-19.636]]}},{"type":"Feature","properties":{},"geometry":{"type":"LineString","coordinates":[[149.026,-19.411],[149.057,-19.381],[149.115,-19.377]]}},{"type":"Feature","properties":{},"geometry":{"type":"LineString","coordinates":[[148.888,-19.432],[148.846,-19.446],[148.827,-19.4],[148.838,-19.351],[148.855,-19.339],[148.882,-19.349]]}},{"type":"Feature","properties":{},"geometry":{"type":"LineString","coordinates":[[148.67,-19.459],[148.695,-19.431],[148.689,-19.308]]}},{"type":"Feature","properties":{},"geometry":{"type":"LineString","coordinates":[[148.574,-19.212],[148.636,-19.164]]}},{"type":"Feature","properties":{},"geometry":{"type":"LineString","coordinates":[[148.491,-19.089],[148.457,-19.061],[148.409,-19.061]]}},{"type":"Feature","properties":{},"geometry":{"type":"LineString","coordinates":[[148.134,-19.177],[148.155,-19.205],[148.209,-19.206],[148.279,-19.182],[148.303,-19.117],[148.379,-19.137],[148.422,-19.123]]}},{"type":"Feature","properties":{},"geometry":{"type":"LineString","coordinates":[[148.134,-19.397],[148.109,-19.4],[148.045,-19.328]]}},{"type":"Feature","properties":{},"geometry":{"type":"LineString","coordinates":[[147.943,-18.889],[147.963,-18.897],[147.971,-18.852],[147.951,-18.829],[147.915,-18.821]]}},{"type":"Feature","properties":{},"geometry":{"type":"LineString","coordinates":[[147.745,-18.711],[147.722,-18.609],[147.703,-18.616]]}},{"type":"Feature","properties":{},"geometry":{"type":"LineString","coordinates":[[147.374,-18.602],[147.4,-18.622],[147.426,-18.614],[147.463,-18.561]]}},{"type":"Feature","properties":{},"geometry":{"type":"LineString","coordinates":[[147.079,-18.445],[147.046,-18.407],[146.997,-18.403]]}},{"type":"Feature","properties":{},"geometry":{"type":"LineString","coordinates":[[146.799,-18.356],[146.837,-18.369],[146.869,-18.348],[146.909,-18.28]]}},{"type":"Feature","properties":{},"geometry":{"type":"LineString","coordinates":[[146.675,-18.348],[146.711,-18.409],[146.742,-18.417],[146.765,-18.397]]}},{"type":"Feature","properties":{},"geometry":{"type":"LineString","coordinates":[[146.606,-17.91],[146.636,-17.89],[146.648,-17.849],[146.716,-17.864],[146.749,-17.856],[146.765,-17.828]]}},{"type":"Feature","properties":{},"geometry":{"type":"LineString","coordinates":[[146.401,-17.739],[146.505,-17.659],[146.524,-17.601],[146.497,-17.526]]}},{"type":"Feature","properties":{},"geometry":{"type":"LineString","coordinates":[[146.243,-17.047],[146.282,-17.021],[146.292,-16.964]]}},{"type":"Feature","properties":{},"geometry":{"type":"LineString","coordinates":[[147.909,-16.512],[147.96,-16.553],[147.97,-16.513],[148.034,-16.483],[148.045,-16.46],[148.002,-16.421],[147.923,-16.43],[147.854,-16.383],[147.833,-16.402]]}},{"type":"Feature","properties":{},"geometry":{"type":"LineString","coordinates":[[145.99,-16.704],[146.096,-16.731],[146.13,-16.69],[146.12,-16.642]]}},{"type":"Feature","properties":{},"geometry":{"type":"LineString","coordinates":[[145.723,-16.416],[145.781,-16.472],[145.836,-16.474],[145.842,-16.456],[145.806,-16.408]]}},{"type":"Feature","properties":{},"geometry":{"type":"LineString","coordinates":[[145.86,-16.388],[145.879,-16.399],[145.907,-16.387],[145.928,-16.334]]}},{"type":"Feature","properties":{},"geometry":{"type":"LineString","coordinates":[[145.812,-16.149],[145.852,-16.144],[145.878,-16.092],[145.825,-15.936],[145.839,-15.896],[145.832,-15.854]]}},{"type":"Feature","properties":{},"geometry":{"type":"LineString","coordinates":[[145.462,-15.711],[145.587,-15.775],[145.6,-15.735],[145.572,-15.69]]}},{"type":"Feature","properties":{},"geometry":{"type":"LineString","coordinates":[[145.778,-15.813],[145.796,-15.785],[145.791,-15.676]]}},{"type":"Feature","properties":{},"geometry":{"type":"LineString","coordinates":[[145.785,-15.642],[145.791,-15.55],[145.77,-15.51],[145.744,-15.176]]}},{"type":"Feature","properties":{},"geometry":{"type":"LineString","coordinates":[[145.75,-15.141],[145.76,-15.123],[145.736,-15.069],[145.73,-14.984]]}},{"type":"Feature","properties":{},"geometry":{"type":"LineString","coordinates":[[145.716,-14.936],[145.716,-14.761],[145.668,-14.649],[145.634,-14.607]]}},{"type":"Feature","properties":{},"geometry":{"type":"LineString","coordinates":[[145.579,-14.519],[145.469,-14.435]]}},{"type":"Feature","properties":{},"geometry":{"type":"LineString","coordinates":[[145.38,-14.422],[145.402,-14.398],[145.388,-14.376],[145.289,-14.348],[145.229,-14.305]]}},{"type":"Feature","properties":{},"geometry":{"type":"LineString","coordinates":[[145.181,-14.305],[145.107,-14.261],[145.03,-14.25]]}},{"type":"Feature","properties":{},"geometry":{"type":"LineString","coordinates":[[146.799,-14.1],[146.833,-14.132],[146.853,-14.131],[146.86,-14.106]]}},{"type":"Feature","properties":{},"geometry":{"type":"LineString","coordinates":[[146.517,-13.894],[146.632,-13.974],[146.708,-14.003],[146.731,-13.997],[146.731,-13.967],[146.624,-13.853],[146.596,-13.832],[146.559,-13.832]]}},{"type":"Feature","properties":{},"geometry":{"type":"LineString","coordinates":[[144.688,-14.244],[144.726,-14.288],[144.78,-14.299],[144.829,-14.264],[144.845,-14.203]]}},{"type":"Feature","properties":{},"geometry":{"type":"LineString","coordinates":[[144.88,-14.175],[144.823,-14.111],[144.771,-14.0],[144.605,-13.958],[144.428,-13.936]]}},{"type":"Feature","properties":{},"geometry":{"type":"LineString","coordinates":[[144.373,-13.936],[144.284,-13.832]]}},{"type":"Feature","properties":{},"geometry":{"type":"LineString","coordinates":[[144.051,-13.997],[144.036,-14.065],[144.061,-14.066],[144.26,-13.949],[144.258,-13.931],[144.229,-13.915]]}},{"type":"Feature","properties":{},"geometry":{"type":"LineString","coordinates":[[144.085,-13.942],[144.153,-13.926],[144.16,-13.936]]}},{"type":"Feature","properties":{},"geometry":{"type":"LineString","coordinates":[[143.783,-13.784],[143.762,-13.812],[143.786,-13.83],[143.819,-13.823],[143.879,-13.778]]}},{"type":"Feature","properties":{},"geometry":{"type":"LineString","coordinates":[[143.838,-13.544],[143.728,-13.536],[143.79,-13.312]]}},{"type":"Feature","properties":{},"geometry":{"type":"LineString","coordinates":[[144.235,-13.764],[144.12,-13.662],[144.057,-13.524],[144.024,-13.49]]}},{"type":"Feature","properties":{},"geometry":{"type":"LineString","coordinates":[[143.996,-13.442],[143.948,-13.278],[143.979,-13.238],[143.971,-13.122],[143.927,-13.065]]}},{"type":"Feature","properties":{},"geometry":{"type":"LineString","coordinates":[[143.722,-13.202],[143.783,-13.188]]}},{"type":"Feature","properties":{},"geometry":{"type":"LineString","coordinates":[[143.667,-13.161],[143.646,-13.139],[143.654,-13.112],[143.708,-13.072],[143.739,-13.07],[143.753,-13.085],[143.735,-13.126]]}},{"type":"Feature","properties":{},"geometry":{"type":"LineString","coordinates":[[143.68,-12.928],[143.672,-12.883],[143.571,-12.833],[143.633,-12.791],[143.612,-12.746],[143.571,-12.723]]}},{"type":"Feature","properties":{},"geometry":{"type":"LineString","coordinates":[[143.728,-12.873],[143.687,-12.791]]}},{"type":"Feature","properties":{},"geometry":{"type":"LineString","coordinates":[[143.4,-12.455],[143.379,-12.435],[143.365,-12.441],[143.486,-12.561],[143.513,-12.572],[143.585,-12.524]]}},{"type":"Feature","properties":{},"geometry":{"type":"LineString","coordinates":[[143.4,-12.393],[143.372,-12.375],[143.31,-12.277]]}},{"type":"Feature","properties":{},"geometry":{"type":"LineString","coordinates":[[143.351,-12.195],[143.29,-12.12]]}},{"type":"Feature","properties":{},"geometry":{"type":"LineString","coordinates":[[143.31,-12.106],[143.338,-12.044]]}},{"type":"Feature","properties":{},"geometry":{"type":"LineString","coordinates":[[143.914,-13.107],[143.855,-12.983],[143.852,-12.891],[143.816,-12.85],[143.818,-12.64],[143.749,-12.49],[143.756,-12.462],[143.741,-12.416],[143.752,-12.37],[143.856,-12.322],[143.91,-12.274],[143.928,-12.23],[143.914,-12.202]]}},{"type":"Feature","properties":{},"geometry":{"type":"LineString","coordinates":[[143.872,-12.229],[143.819,-12.237],[143.768,-12.197],[143.791,-12.144],[143.784,-12.061],[143.79,-12.034],[143.814,-12.023],[143.864,-12.023],[143.9,-12.051]]}},{"type":"Feature","properties":{},"geometry":{"type":"LineString","coordinates":[[143.941,-12.126],[143.955,-12.079],[143.941,-12.038]]}},{"type":"Feature","properties":{},"geometry":{"type":"LineString","coordinates":[[143.646,-9.989],[143.852,-9.934],[143.881,-9.904],[143.9,-9.865],[143.858,-9.8],[143.804,-9.755]]}},{"type":"Feature","properties":{},"geometry":{"type":"LineString","coordinates":[[113.837,-28.874],[113.807,-28.875],[113.809,-28.915],[113.926,-29.004],[114.008,-28.909]]}},{"type":"Feature","properties":{},"geometry":{"type":"LineString","coordinates":[[113.892,-28.888],[113.897,-28.915],[113.919,-28.922],[113.961,-28.902]]}},{"type":"Feature","properties":{},"geometry":{"type":"LineString","coordinates":[[113.735,-28.675],[113.76,-28.712],[113.761,-28.764]]}},{"type":"Feature","properties":{},"geometry":{"type":"LineString","coordinates":[[113.673,-28.724],[113.703,-28.775],[113.75,-28.785],[113.797,-28.763],[113.83,-28.716]]}},{"type":"Feature","properties":{},"geometry":{"type":"LineString","coordinates":[[113.57,-28.34],[113.576,-28.312],[113.555,-28.285],[113.563,-28.319]]}},{"type":"Feature","properties":{},"geometry":{"type":"LineString","coordinates":[[119.621,-17.101],[119.625,-17.143],[119.587,-17.147],[119.572,-17.087],[119.581,-17.062],[119.606,-17.067]]}},{"type":"Feature","properties":{},"geometry":{"type":"LineString","coordinates":[[119.114,-19.938],[119.185,-19.89],[119.285,-19.877]]}},{"type":"Feature","properties":{},"geometry":{"type":"LineString","coordinates":[[119.347,-19.87],[119.417,-19.884],[119.438,-19.905],[119.436,-19.938]]}},{"type":"Feature","properties":{},"geometry":{"type":"LineString","coordinates":[[118.916,-17.643],[118.888,-17.599],[118.942,-17.505],[118.96,-17.513],[118.961,-17.534],[118.946,-17.624],[118.916,-17.643]]}},{"type":"Feature","properties":{},"geometry":{"type":"LineString","coordinates":[[119.305,-17.369],[119.319,-17.294],[119.338,-17.268],[119.361,-17.294],[119.367,-17.352],[119.328,-17.388],[119.305,-17.369]]}},{"type":"Feature","properties":{},"geometry":{"type":"LineString","coordinates":[[123.164,-15.58],[123.127,-15.553],[123.112,-15.498],[123.091,-15.495],[123.091,-15.404],[123.111,-15.401],[123.15,-15.429],[123.126,-15.456],[123.137,-15.476],[123.164,-15.45],[123.184,-15.539],[123.209,-15.573],[123.198,-15.589],[123.164,-15.58]]}},{"type":"Feature","properties":{},"geometry":{"type":"LineString","coordinates":[[123.595,-15.525],[123.564,-15.498],[123.567,-15.488],[123.611,-15.492],[123.618,-15.524],[123.595,-15.525]]}},{"type":"Feature","properties":{},"geometry":{"type":"LineString","coordinates":[[125.795,-14.025],[125.74,-14.004],[125.723,-13.973],[125.8,-13.792],[125.842,-13.826],[125.802,-13.919],[125.816,-13.987],[125.842,-14.025],[125.795,-14.025]]}},{"type":"Feature","properties":{},"geometry":{"type":"LineString","coordinates":[[125.98,-13.593],[125.932,-13.565],[125.959,-13.547],[126.006,-13.551],[126.076,-13.593],[125.98,-13.593]]}},{"type":"Feature","properties":{},"geometry":{"type":"LineString","coordinates":[[123.26,-15.518],[123.26,-15.409]]}},{"type":"Feature","properties":{},"geometry":{"type":"LineString","coordinates":[[126.096,-13.627],[126.104,-13.558]]}},{"type":"Feature","properties":{},"geometry":{"type":"LineString","coordinates":[[153.637,5.293],[153.58,5.355],[153.515,5.385],[153.487,5.43]]}},{"type":"Feature","properties":{},"geometry":{"type":"LineString","coordinates":[[153.473,5.451],[153.48,5.481],[153.514,5.5],[153.6,5.496],[153.637,5.464]]}},{"type":"Feature","properties":{},"geometry":{"type":"LineString","coordinates":[[153.727,5.533],[153.777,5.553],[153.829,5.54]]}},{"type":"Feature","properties":{},"geometry":{"type":"LineString","coordinates":[[153.665,5.451],[153.727,5.362]]}},{"type":"Feature","properties":{},"geometry":{"type":"LineString","coordinates":[[154.316,8.109],[154.329,8.171],[154.274,8.192],[154.261,8.171]]}},{"type":"Feature","properties":{},"geometry":{"type":"LineString","coordinates":[[155.453,7.541],[155.449,7.6],[155.423,7.628],[155.329,7.621],[155.277,7.639],[155.221,7.63]]}},{"type":"Feature","properties":{},"geometry":{"type":"LineString","coordinates":[[155.159,7.609],[155.163,7.523],[155.296,7.394],[155.405,7.432],[155.439,7.479]]}},{"type":"Feature","properties":{},"geometry":{"type":"LineString","coordinates":[[157.92,6.76],[157.912,6.805],[157.989,6.814]]}},{"type":"Feature","properties":{},"geometry":{"type":"LineString","coordinates":[[157.18,5.801],[157.256,5.842]]}},{"type":"Feature","properties":{},"geometry":{"type":"LineString","coordinates":[[157.194,5.779],[157.277,5.773]]}},{"type":"Feature","properties":{},"geometry":{"type":"LineString","coordinates":[[151.972,7.0],[151.92,7.066],[151.883,7.068],[151.863,7.102]]}},{"type":"Feature","properties":{},"geometry":{"type":"LineString","coordinates":[[152.006,7.041],[151.918,7.102]]}},{"type":"Feature","properties":{},"geometry":{"type":"LineString","coordinates":[[152.02,7.315],[152.034,7.329],[152.0,7.38],[151.974,7.584],[151.924,7.637]]}},{"type":"Feature","properties":{},"geometry":{"type":"LineString","coordinates":[[151.89,7.657],[151.811,7.691],[151.712,7.651]]}},{"type":"Feature","properties":{},"geometry":{"type":"LineString","coordinates":[[151.658,7.547],[151.705,7.603],[151.692,7.623]]}},{"type":"Feature","properties":{},"geometry":{"type":"LineString","coordinates":[[151.458,7.356],[151.486,7.404],[151.586,7.461],[151.616,7.507]]}},{"type":"Feature","properties":{},"geometry":{"type":"LineString","coordinates":[[151.63,7.246],[151.574,7.308],[151.486,7.308]]}},{"type":"Feature","properties":{},"geometry":{"type":"LineString","coordinates":[[151.877,7.171],[151.834,7.221],[151.791,7.236],[151.705,7.233]]}},{"type":"Feature","properties":{},"geometry":{"type":"LineString","coordinates":[[152.343,8.74],[152.302,8.775],[152.24,8.781]]}},{"type":"Feature","properties":{},"geometry":{"type":"LineString","coordinates":[[152.061,8.631],[152.15,8.671]]}},{"type":"Feature","properties":{},"geometry":{"type":"LineString","coordinates":[[151.774,8.61],[151.831,8.601],[151.87,8.576]]}},{"type":"Feature","properties":{},"geometry":{"type":"LineString","coordinates":[[151.788,8.459],[151.883,8.534]]}},{"type":"Feature","properties":{},"geometry":{"type":"LineString","coordinates":[[151.712,8.446],[151.684,8.534]]}},{"type":"Feature","properties":{},"geometry":{"type":"LineString","coordinates":[[149.347,6.753],[149.305,6.813],[149.295,6.855],[149.245,6.89]]}},{"type":"Feature","properties":{},"geometry":{"type":"LineString","coordinates":[[149.293,6.725],[149.22,6.807],[149.207,6.861],[149.169,6.883]]}},{"type":"Feature","properties":{},"geometry":{"type":"LineString","coordinates":[[149.149,6.917],[149.136,6.945],[149.142,7.044],[149.102,7.067],[149.088,7.052],[149.053,7.082]]}},{"type":"Feature","properties":{},"geometry":{"type":"LineString","coordinates":[[149.437,7.568],[149.437,7.637]]}},{"type":"Feature","properties":{},"geometry":{"type":"LineString","coordinates":[[150.382,8.644],[150.348,8.712]]}},{"type":"Feature","properties":{},"geometry":{"type":"LineString","coordinates":[[150.26,8.829],[150.231,8.868],[150.212,8.944],[150.163,8.994]]}},{"type":"Feature","properties":{},"geometry":{"type":"LineString","coordinates":[[149.91,8.788],[149.964,8.829],[150.013,8.833],[150.057,8.87],[150.067,8.925]]}},{"type":"Feature","properties":{},"geometry":{"type":"LineString","coordinates":[[149.704,8.637],[149.735,8.686],[149.882,8.768]]}},{"type":"Feature","properties":{},"geometry":{"type":"LineString","coordinates":[[149.985,8.555],[149.93,8.583],[149.858,8.569],[149.803,8.589],[149.725,8.583]]}},{"type":"Feature","properties":{},"geometry":{"type":"LineString","coordinates":[[150.026,8.569],[150.078,8.555],[150.209,8.557],[150.266,8.583]]}},{"type":"Feature","properties":{},"geometry":{"type":"LineString","coordinates":[[146.312,7.541],[146.373,7.55],[146.415,7.513]]}},{"type":"Feature","properties":{},"geometry":{"type":"LineString","coordinates":[[144.654,7.418],[144.677,7.442],[144.715,7.438],[144.736,7.454],[144.712,7.53],[144.681,7.529],[144.647,7.493]]}},{"type":"Feature","properties":{},"geometry":{"type":"LineString","coordinates":[[144.62,7.397],[144.538,7.384],[144.523,7.425],[144.558,7.438],[144.576,7.428],[144.626,7.472]]}},{"type":"Feature","properties":{},"geometry":{"type":"LineString","coordinates":[[146.148,7.431],[146.141,7.454],[146.168,7.52]]}},{"type":"Feature","properties":{},"geometry":{"type":"LineString","coordinates":[[168.137,5.636],[168.129,5.655],[168.062,5.658],[168.104,5.581],[168.141,5.605],[168.137,5.636]]}},{"type":"Feature","properties":{},"geometry":{"type":"LineString","coordinates":[[169.433,6.301],[169.459,6.309],[169.483,6.296],[169.556,6.177]]}},{"type":"Feature","properties":{},"geometry":{"type":"LineString","coordinates":[[169.522,5.883],[169.46,5.93]]}},{"type":"Feature","properties":{},"geometry":{"type":"LineString","coordinates":[[169.446,5.958],[169.474,6.106],[169.468,6.177],[169.44,6.246]]}},{"type":"Feature","properties":{},"geometry":{"type":"LineString","coordinates":[[171.92,6.253],[171.947,6.252],[171.99,6.217],[172.05,6.225]]}},{"type":"Feature","properties":{},"geometry":{"type":"LineString","coordinates":[[172.119,6.143],[172.121,6.055],[172.14,6.013]]}},{"type":"Feature","properties":{},"geometry":{"type":"LineString","coordinates":[[172.708,3.196],[172.777,3.155]]}},{"type":"Feature","properties":{},"geometry":{"type":"LineString","coordinates":[[172.811,3.155],[172.887,3.189]]}},{"type":"Feature","properties":{},"geometry":{"type":"LineString","coordinates":[[172.818,1.874],[172.836,1.903],[172.88,1.929]]}},{"type":"Feature","properties":{},"geometry":{"type":"LineString","coordinates":[[172.976,1.743],[172.901,1.833]]}},{"type":"Feature","properties":{},"geometry":{"type":"LineString","coordinates":[[172.942,1.606],[172.904,1.589],[172.88,1.524]]}},{"type":"Feature","properties":{},"geometry":{"type":"LineString","coordinates":[[172.887,1.49],[172.915,1.452],[172.915,1.374]]}},{"type":"Feature","properties":{},"geometry":{"type":"LineString","coordinates":[[172.935,0.859],[172.883,0.96],[172.883,0.975],[172.901,0.969]]}},{"type":"Feature","properties":{},"geometry":{"type":"LineString","coordinates":[[173.359,0.236],[173.331,0.23],[173.314,0.258],[173.314,0.295],[173.339,0.318]]}},{"type":"Feature","properties":{},"geometry":{"type":"LineString","coordinates":[[173.579,0.161],[173.513,0.178],[173.491,0.216],[173.565,0.216]]}},{"type":"Feature","properties":{},"geometry":{"type":"LineString","coordinates":[[174.305,-0.538],[174.227,-0.537],[174.192,-0.646],[174.201,-0.669],[174.237,-0.682],[174.269,-0.575],[174.305,-0.566]]}},{"type":"Feature","properties":{},"geometry":{"type":"LineString","coordinates":[[174.243,-0.703],[174.17,-0.701],[174.163,-0.634],[174.182,-0.593]]}},{"type":"Feature","properties":{},"geometry":{"type":"LineString","coordinates":[[174.367,-0.771],[174.334,-0.808],[174.319,-0.805],[174.319,-0.75]]}},{"type":"Feature","properties":{},"geometry":{"type":"LineString","coordinates":[[174.71,-1.169],[174.737,-1.231],[174.724,-1.254],[174.758,-1.278]]}},{"type":"Feature","properties":{},"geometry":{"type":"LineString","coordinates":[[174.751,-1.32],[174.839,-1.436]]}},{"type":"Feature","properties":{},"geometry":{"type":"LineString","coordinates":[[174.86,-1.471],[174.919,-1.499],[174.936,-1.533],[174.997,-1.546]]}},{"type":"Feature","properties":{},"geometry":{"type":"LineString","coordinates":[[174.901,-1.395],[174.859,-1.38],[174.836,-1.329],[174.794,-1.334],[174.792,-1.306]]}},{"type":"Feature","properties":{},"geometry":{"type":"LineString","coordinates":[[177.121,-7.165],[177.159,-7.162],[177.175,-7.188],[177.163,-7.234]]}},{"type":"Feature","properties":{},"geometry":{"type":"LineString","coordinates":[[178.43,-7.987],[178.438,-7.962],[178.425,-7.938],[178.376,-7.912],[178.332,-7.931],[178.29,-8.002],[178.282,-8.041],[178.3,-8.055],[178.353,-8.071],[178.396,-8.055]]}},{"type":"Feature","properties":{},"geometry":{"type":"LineString","coordinates":[[178.39,-7.96],[178.368,-7.948],[178.341,-7.969],[178.324,-8.002],[178.334,-8.028]]}},{"type":"Feature","properties":{},"geometry":{"type":"LineString","coordinates":[[179.465,-10.475],[179.426,-10.483],[179.421,-10.514],[179.439,-10.537],[179.472,-10.523]]}},{"type":"Feature","properties":{},"geometry":{"type":"LineString","coordinates":[[179.554,-10.502],[179.58,-10.478],[179.582,-10.446],[179.563,-10.427],[179.527,-10.441]]}},{"type":"Feature","properties":{},"geometry":{"type":"LineString","coordinates":[[-176.855,-11.119],[-176.912,-11.13],[-176.93,-11.078]]}},{"type":"Feature","properties":{},"geometry":{"type":"LineString","coordinates":[[-176.835,-11.112],[-176.779,-11.093],[-176.772,-11.064]]}},{"type":"Feature","properties":{},"geometry":{"type":"LineString","coordinates":[[-176.779,-11.043],[-176.798,-10.982],[-176.82,-10.975]]}},{"type":"Feature","properties":{},"geometry":{"type":"LineString","coordinates":[[-176.848,-10.968],[-176.886,-10.952],[-176.916,-10.975]]}},{"type":"Feature","properties":{},"geometry":{"type":"LineString","coordinates":[[-174.154,-3.657],[-174.127,-3.672],[-174.096,-3.663],[-174.077,-3.638],[-174.08,-3.609]]}},{"type":"Feature","properties":{},"geometry":{"type":"LineString","coordinates":[[-174.093,-3.574],[-174.135,-3.555],[-174.168,-3.581]]}},{"type":"Feature","properties":{},"geometry":{"type":"LineString","coordinates":[[-173.236,-3.855],[-173.225,-3.82],[-173.25,-3.793]]}},{"type":"Feature","properties":{},"geometry":{"type":"LineString","coordinates":[[-172.27,-4.458],[-172.308,-4.463],[-172.325,-4.493],[-172.27,-4.527]]}},{"type":"Feature","properties":{},"geometry":{"type":"LineString","coordinates":[[-172.229,-4.445],[-172.171,-4.423],[-172.106,-4.431]]}},{"type":"Feature","properties":{},"geometry":{"type":"LineString","coordinates":[[-172.086,-4.438],[-172.063,-4.453],[-172.078,-4.52]]}},{"type":"Feature","properties":{},"geometry":{"type":"LineString","coordinates":[[-172.127,-4.582],[-172.193,-4.592],[-172.25,-4.561]]}},{"type":"Feature","properties":{},"geometry":{"type":"LineString","coordinates":[[-171.228,-4.513],[-171.194,-4.516],[-171.153,-4.445]]}},{"type":"Feature","properties":{},"geometry":{"type":"LineString","coordinates":[[-171.16,-4.396],[-171.222,-4.365],[-171.277,-4.39]]}},{"type":"Feature","properties":{},"geometry":{"type":"LineString","coordinates":[[-171.297,-4.417],[-171.337,-4.441],[-171.338,-4.458],[-171.277,-4.5]]}},{"type":"Feature","properties":{},"geometry":{"type":"LineString","coordinates":[[-170.94,-3.917],[-170.907,-3.935],[-170.871,-3.921],[-170.851,-3.895],[-170.865,-3.876]]}},{"type":"Feature","properties":{},"geometry":{"type":"LineString","coordinates":[[-171.462,-3.615],[-171.482,-3.649],[-171.523,-3.657]]}},{"type":"Feature","properties":{},"geometry":{"type":"LineString","coordinates":[[-171.572,-3.567],[-171.548,-3.536],[-171.51,-3.526]]}},{"type":"Feature","properties":{},"geometry":{"type":"LineString","coordinates":[[-171.482,-3.519],[-171.45,-3.538],[-171.448,-3.588]]}},{"type":"Feature","properties":{},"geometry":{"type":"LineString","coordinates":[[-170.687,-3.703],[-170.656,-3.735],[-170.659,-3.753],[-170.708,-3.779]]}},{"type":"Feature","properties":{},"geometry":{"type":"LineString","coordinates":[[-170.79,-3.691],[-170.781,-3.658],[-170.755,-3.643],[-170.701,-3.67]]}},{"type":"Feature","properties":{},"geometry":{"type":"LineString","coordinates":[[-171.037,-3.102],[-170.968,-3.17],[-171.029,-3.19]]}},{"type":"Feature","properties":{},"geometry":{"type":"LineString","coordinates":[[-171.084,-3.204],[-171.121,-3.182],[-171.153,-3.128]]}},{"type":"Feature","properties":{},"geometry":{"type":"LineString","coordinates":[[-171.174,-3.102],[-171.188,-3.067],[-171.16,-3.053],[-171.078,-3.067]]}},{"type":"Feature","properties":{},"geometry":{"type":"LineString","coordinates":[[-171.551,-2.923],[-171.525,-2.905],[-171.564,-2.855]]}},{"type":"Feature","properties":{},"geometry":{"type":"LineString","coordinates":[[-171.592,-2.834],[-171.667,-2.773]]}},{"type":"Feature","properties":{},"geometry":{"type":"LineString","coordinates":[[-171.579,-2.923],[-171.625,-2.915],[-171.653,-2.889]]}},{"type":"Feature","properties":{},"geometry":{"type":"LineString","coordinates":[[-171.708,-2.883],[-171.777,-2.884],[-171.8,-2.871],[-171.804,-2.834]]}},{"type":"Feature","properties":{},"geometry":{"type":"LineString","coordinates":[[-171.79,-2.779],[-171.798,-2.739],[-171.776,-2.711],[-171.708,-2.731]]}},{"type":"Feature","properties":{},"geometry":{"type":"LineString","coordinates":[[176.08,-5.637],[176.142,-5.658],[176.159,-5.704],[176.126,-5.707],[176.056,-5.669],[176.06,-5.634],[176.08,-5.637]]}},{"type":"Feature","properties":{},"geometry":{"type":"LineString","coordinates":[[178.691,-7.425],[178.718,-7.479],[178.72,-7.503],[178.691,-7.5],[178.671,-7.478],[178.666,-7.421],[178.691,-7.425]]}},{"type":"Feature","properties":{},"geometry":{"type":"LineString","coordinates":[[179.178,-8.413],[179.227,-8.471],[179.236,-8.532],[179.184,-8.583],[179.147,-8.59],[179.136,-8.582],[179.148,-8.564],[179.197,-8.519],[179.192,-8.472],[179.123,-8.456],[179.071,-8.528],[179.05,-8.531],[179.049,-8.505],[179.121,-8.416],[179.145,-8.405],[179.178,-8.413]]}},{"type":"Feature","properties":{},"geometry":{"type":"LineString","coordinates":[[179.081,-8.569],[179.089,-8.638],[179.114,-8.592],[179.132,-8.621],[179.133,-8.662],[179.102,-8.679],[179.077,-8.651],[179.064,-8.556],[179.081,-8.569]]}},{"type":"Feature","properties":{},"geometry":{"type":"LineString","coordinates":[[179.692,-10.386],[179.712,-10.4],[179.706,-10.426],[179.685,-10.436],[179.657,-10.4],[179.692,-10.386]]}},{"type":"Feature","properties":{},"geometry":{"type":"LineString","coordinates":[[179.698,-10.468],[179.717,-10.476],[179.713,-10.506],[179.657,-10.497],[179.678,-10.457],[179.698,-10.468]]}},{"type":"Feature","properties":{},"geometry":{"type":"LineString","coordinates":[[-179.794,-11.743],[-179.768,-11.772],[-179.788,-11.798],[-179.821,-11.772],[-179.816,-11.751],[-179.794,-11.743]]}},{"type":"Feature","properties":{},"geometry":{"type":"LineString","coordinates":[[-179.767,-11.811],[-179.774,-11.863],[-179.816,-11.858],[-179.822,-11.834],[-179.807,-11.813],[-179.767,-11.811]]}},{"type":"Feature","properties":{},"geometry":{"type":"LineString","coordinates":[[-179.959,-11.743],[-179.934,-11.749],[-179.937,-11.789],[-179.992,-11.791],[-179.997,-11.773],[-179.959,-11.743]]}},{"type":"Feature","properties":{},"geometry":{"type":"LineString","coordinates":[[-179.184,-10.68],[-179.183,-10.727],[-179.219,-10.749],[-179.235,-10.735],[-179.23,-10.711],[-179.198,-10.667],[-179.184,-10.68]]}},{"type":"Feature","properties":{},"geometry":{"type":"LineString","coordinates":[[-178.293,-11.763],[-178.23,-11.755],[-178.129,-11.836],[-178.149,-11.851],[-178.215,-11.839],[-178.277,-11.852],[-178.322,-11.811],[-178.32,-11.78],[-178.293,-11.763]]}},{"type":"Feature","properties":{},"geometry":{"type":"LineString","coordinates":[[-177.615,-11.633],[-177.588,-11.643],[-177.629,-11.685],[-177.65,-11.65],[-177.639,-11.633],[-177.615,-11.633]]}},{"type":"Feature","properties":{},"geometry":{"type":"LineString","coordinates":[[160.826,9.919],[160.945,9.869],[160.988,9.829],[160.947,9.819],[160.855,9.855],[160.887,9.788],[160.842,9.798],[160.764,9.891],[160.79,9.918],[160.826,9.919]]}},{"type":"Feature","properties":{},"geometry":{"type":"LineString","coordinates":[[171.667,7.28],[171.662,7.211],[171.681,7.162],[171.729,7.102],[171.783,7.082],[171.927,7.151],[171.953,7.122],[171.933,7.098],[171.816,7.045],[171.78,7.01],[171.764,6.959],[171.742,6.952],[171.696,6.98],[171.598,7.0],[171.549,7.075],[171.554,7.113],[171.615,7.197],[171.637,7.282],[171.653,7.299],[171.667,7.28]]}},{"type":"Feature","properties":{},"geometry":{"type":"LineString","coordinates":[[171.043,8.397],[171.047,8.395],[171.054,8.392],[171.084,8.369],[171.179,8.328],[171.188,8.315],[171.174,8.237],[171.201,8.15],[171.186,8.124],[171.009,8.237],[171.033,8.298],[171.043,8.397]]}},{"type":"Feature","properties":{},"geometry":{"type":"LineString","coordinates":[[169.94,10.46],[169.994,10.431],[169.988,10.324],[170.007,10.224],[169.99,10.196],[169.91,10.224],[169.868,10.29],[169.912,10.346],[169.94,10.46]]}},{"type":"Feature","properties":{},"geometry":{"type":"LineString","coordinates":[[166.391,11.173],[166.509,11.19],[166.547,11.136],[166.531,11.108],[166.347,11.12],[166.297,11.131],[166.275,11.155],[166.29,11.193],[166.391,11.173]]}},{"type":"Feature","properties":{},"geometry":{"type":"LineString","coordinates":[[165.369,11.509],[165.396,11.529],[165.418,11.506],[165.335,11.489],[165.322,11.509],[165.369,11.509]]}},{"type":"Feature","properties":{},"geometry":{"type":"LineString","coordinates":[[170.084,12.304],[170.125,12.304],[170.149,12.273],[170.153,12.242],[170.111,12.184],[170.071,12.225],[170.084,12.304]]}},{"type":"Feature","properties":{},"geometry":{"type":"LineString","coordinates":[[168.898,14.709],[168.974,14.695],[169.022,14.648],[169.026,14.607],[168.926,14.538],[168.939,14.606],[168.91,14.67],[168.878,14.689],[168.898,14.709]]}},{"type":"Feature","properties":{},"geometry":{"type":"LineString","coordinates":[[171.132,7.178],[171.155,7.179],[171.151,7.191],[171.084,7.242],[171.038,7.212],[171.031,7.173],[171.064,7.11],[171.223,7.049],[171.372,7.082],[171.407,7.116],[171.287,7.165],[171.197,7.173],[171.199,7.153],[171.222,7.151]]}},{"type":"Feature","properties":{},"geometry":{"type":"LineString","coordinates":[[171.043,8.589],[171.174,8.487]]}},{"type":"Feature","properties":{},"geometry":{"type":"LineString","coordinates":[[170.859,8.87],[170.824,8.895],[170.841,8.925],[170.92,8.925],[171.078,8.884],[171.253,8.719],[171.254,8.698],[171.197,8.605],[171.195,8.551],[171.22,8.493],[171.18,8.479]]}},{"type":"Feature","properties":{},"geometry":{"type":"LineString","coordinates":[[170.879,8.857],[170.857,8.84],[170.882,8.748],[170.958,8.702],[171.038,8.594],[171.05,8.61]]}},{"type":"Feature","properties":{},"geometry":{"type":"LineString","coordinates":[[169.947,9.165],[169.925,9.164],[169.886,9.213],[169.909,9.267],[169.981,9.282],[170.119,9.096],[170.119,9.046],[170.063,9.007],[170.044,9.019],[170.001,9.076],[169.991,9.124],[169.961,9.151]]}},{"type":"Feature","properties":{},"geometry":{"type":"LineString","coordinates":[[169.83,9.541],[169.81,9.547],[169.797,9.582],[169.833,9.635],[169.878,9.638],[169.913,9.618],[169.957,9.631],[169.998,9.61],[170.109,9.63],[170.142,9.658],[170.18,9.645],[170.264,9.557],[170.239,9.482],[170.214,9.462],[170.098,9.48],[170.05,9.446],[169.983,9.428],[169.919,9.436],[169.857,9.514]]}},{"type":"Feature","properties":{},"geometry":{"type":"LineString","coordinates":[[169.077,9.865],[169.008,9.908],[169.022,9.974],[168.993,10.04],[168.998,10.059],[169.077,10.042],[169.224,9.926],[169.281,9.908],[169.331,9.831],[169.296,9.816]]}},{"type":"Feature","properties":{},"geometry":{"type":"LineString","coordinates":[[169.598,11.215],[169.549,11.241],[169.619,11.118],[169.659,11.111],[169.678,11.123],[169.68,11.179],[169.7,11.224],[169.689,11.241],[169.673,11.234]]}},{"type":"Feature","properties":{},"geometry":{"type":"LineString","coordinates":[[169.782,11.358],[169.801,11.358],[169.821,11.303],[169.879,11.256],[169.872,11.221],[169.748,11.207],[169.763,11.219],[169.771,11.332],[169.782,11.317]]}},{"type":"Feature","properties":{},"geometry":{"type":"LineString","coordinates":[[168.878,7.41],[168.958,7.487],[168.967,7.517],[168.981,7.596],[168.953,7.623],[168.926,7.609]]}},{"type":"Feature","properties":{},"geometry":{"type":"LineString","coordinates":[[168.878,7.397],[168.887,7.371],[168.843,7.321]]}},{"type":"Feature","properties":{},"geometry":{"type":"LineString","coordinates":[[168.659,7.335],[168.694,7.306],[168.809,7.284],[168.841,7.289],[168.837,7.315]]}},{"type":"Feature","properties":{},"geometry":{"type":"LineString","coordinates":[[168.124,8.062],[168.116,8.049],[168.066,8.103],[168.023,8.12],[167.97,8.185],[167.974,8.202],[168.192,8.157],[168.176,8.02],[168.254,7.939],[168.313,7.831],[168.275,7.754],[168.239,7.748],[168.213,7.764],[168.186,7.842],[168.182,7.913],[168.119,8.018],[168.131,8.042]]}},{"type":"Feature","properties":{},"geometry":{"type":"LineString","coordinates":[[167.651,8.788],[167.708,8.732],[167.744,8.719],[167.761,8.737],[167.768,8.863]]}},{"type":"Feature","properties":{},"geometry":{"type":"LineString","coordinates":[[167.774,8.891],[167.789,8.884],[167.74,9.028]]}},{"type":"Feature","properties":{},"geometry":{"type":"LineString","coordinates":[[167.747,9.049],[167.748,9.104],[167.56,9.266],[167.481,9.426],[167.433,9.372],[167.379,9.349],[167.322,9.298],[167.317,9.287],[167.336,9.282]]}},{"type":"Feature","properties":{},"geometry":{"type":"LineString","coordinates":[[167.275,9.289],[167.289,9.294],[167.11,9.362],[167.057,9.348],[167.048,9.336],[167.062,9.33]]}},{"type":"Feature","properties":{},"geometry":{"type":"LineString","coordinates":[[167.008,9.323],[166.959,9.34],[166.802,9.336],[166.922,9.275],[166.95,9.276],[166.953,9.295]]}},{"type":"Feature","properties":{},"geometry":{"type":"LineString","coordinates":[[167.165,9.165],[167.171,9.141],[167.22,9.129],[167.231,9.106],[167.385,9.117],[167.454,9.099],[167.534,9.051],[167.542,9.069]]}},{"type":"Feature","properties":{},"geometry":{"type":"LineString","coordinates":[[167.555,9.041],[167.597,8.98],[167.597,9.001]]}},{"type":"Feature","properties":{},"geometry":{"type":"LineString","coordinates":[[167.583,8.96],[167.571,8.905],[167.583,8.85],[167.609,8.797],[167.633,8.792],[167.638,8.809]]}},{"type":"Feature","properties":{},"geometry":{"type":"LineString","coordinates":[[166.219,8.939],[166.206,8.959],[166.229,8.973],[166.274,8.945],[166.277,8.92],[166.227,8.906],[166.206,8.919]]}},{"type":"Feature","properties":{},"geometry":{"type":"LineString","coordinates":[[165.561,9.138],[165.561,9.124],[165.524,9.172],[165.52,9.227],[165.594,9.158],[165.657,9.154],[165.781,8.922],[165.75,8.926],[165.641,9.006],[165.592,9.054],[165.581,9.09],[165.589,9.083]]}},{"type":"Feature","properties":{},"geometry":{"type":"LineString","coordinates":[[165.938,10.152],[165.918,10.177],[165.931,10.207],[166.041,10.191],[166.02,10.127],[166.056,10.054],[166.055,10.011],[165.991,10.051],[165.953,10.126],[165.965,10.125]]}},{"type":"Feature","properties":{},"geometry":{"type":"LineString","coordinates":[[167.391,11.378],[167.372,11.368],[167.346,11.38],[167.371,11.423],[167.411,11.44],[167.542,11.403],[167.501,11.296],[167.411,11.269],[167.408,11.308],[167.419,11.317],[167.432,11.296]]}},{"type":"Feature","properties":{},"geometry":{"type":"LineString","coordinates":[[166.822,11.152],[166.856,11.135],[166.915,11.146],[166.927,11.339],[166.959,11.365],[167.026,11.361],[167.041,11.405],[167.083,11.453],[167.076,11.484],[166.944,11.447],[166.847,11.498],[166.807,11.476],[166.723,11.474],[166.688,11.488],[166.618,11.29],[166.647,11.22],[166.692,11.207]]}},{"type":"Feature","properties":{},"geometry":{"type":"LineString","coordinates":[[166.712,11.215],[166.706,11.193],[166.764,11.161],[166.796,11.165],[166.788,11.179]]}},{"type":"Feature","properties":{},"geometry":{"type":"LineString","coordinates":[[165.294,11.529],[165.297,11.495],[165.27,11.502],[165.186,11.599],[165.192,11.635],[165.274,11.728],[165.37,11.704],[165.383,11.728],[165.462,11.668],[165.555,11.649],[165.575,11.584],[165.561,11.563],[165.583,11.522],[165.551,11.51],[165.534,11.522]]}},{"type":"Feature","properties":{},"geometry":{"type":"LineString","coordinates":[[162.244,11.351],[162.21,11.348],[162.148,11.39],[162.039,11.563],[162.134,11.673],[162.221,11.708],[162.333,11.631],[162.368,11.543],[162.409,11.491],[162.366,11.362],[162.306,11.344],[162.314,11.358]]}},{"type":"Feature","properties":{},"geometry":{"type":"LineString","coordinates":[[166.664,19.328],[166.604,19.342],[166.59,19.318],[166.61,19.3]]}},{"type":"Feature","properties":{},"geometry":{"type":"LineString","coordinates":[[155.584,-10.906],[155.768,-10.878],[155.842,-10.83],[155.865,-10.797]]}},{"type":"Feature","properties":{},"geometry":{"type":"LineString","coordinates":[[156.138,-6.631],[156.146,-6.706]]}},{"type":"Feature","properties":{},"geometry":{"type":"LineString","coordinates":[[156.447,-6.596],[156.445,-6.614],[156.419,-6.631],[156.426,-6.679]]}},{"type":"Feature","properties":{},"geometry":{"type":"LineString","coordinates":[[156.571,-6.603],[156.677,-6.627],[156.711,-6.679],[156.749,-6.699]]}},{"type":"Feature","properties":{},"geometry":{"type":"LineString","coordinates":[[156.961,-6.836],[156.998,-6.843],[157.129,-6.963],[157.145,-7.0],[157.139,-7.041]]}},{"type":"Feature","properties":{},"geometry":{"type":"LineString","coordinates":[[157.201,-7.001],[157.222,-7.103]]}},{"type":"Feature","properties":{},"geometry":{"type":"LineString","coordinates":[[157.804,-7.479],[157.818,-7.487],[157.834,-7.455],[157.756,-7.371],[157.737,-7.378],[157.687,-7.357],[157.638,-7.367],[157.632,-7.384]]}},{"type":"Feature","properties":{},"geometry":{"type":"LineString","coordinates":[[157.434,-7.459],[157.503,-7.466]]}},{"type":"Feature","properties":{},"geometry":{"type":"LineString","coordinates":[[156.79,-7.124],[156.783,-7.145],[156.827,-7.18],[156.879,-7.185]]}},{"type":"Feature","properties":{},"geometry":{"type":"LineString","coordinates":[[156.79,-7.418],[156.841,-7.416],[156.893,-7.446]]}},{"type":"Feature","properties":{},"geometry":{"type":"LineString","coordinates":[[156.501,-7.582],[156.581,-7.55],[156.62,-7.553],[156.653,-7.582]]}},{"type":"Feature","properties":{},"geometry":{"type":"LineString","coordinates":[[156.729,-7.618],[156.769,-7.679]]}},{"type":"Feature","properties":{},"geometry":{"type":"LineString","coordinates":[[156.475,-7.679],[156.486,-7.727],[156.516,-7.754]]}},{"type":"Feature","properties":{},"geometry":{"type":"LineString","coordinates":[[157.016,-7.836],[156.961,-7.873],[156.927,-7.939],[156.931,-8.024],[156.968,-8.083]]}},{"type":"Feature","properties":{},"geometry":{"type":"LineString","coordinates":[[156.763,-8.049],[156.767,-8.095],[156.817,-8.136],[156.859,-8.145]]}},{"type":"Feature","properties":{},"geometry":{"type":"LineString","coordinates":[[157.064,-8.145],[156.978,-8.138],[156.954,-8.152],[156.96,-8.194],[156.995,-8.227]]}},{"type":"Feature","properties":{},"geometry":{"type":"LineString","coordinates":[[157.304,-8.714],[157.379,-8.755]]}},{"type":"Feature","properties":{},"geometry":{"type":"LineString","coordinates":[[157.441,-8.748],[157.492,-8.783],[157.628,-8.824],[157.653,-8.816]]}},{"type":"Feature","properties":{},"geometry":{"type":"LineString","coordinates":[[157.715,-8.528],[157.758,-8.559],[157.784,-8.611]]}},{"type":"Feature","properties":{},"geometry":{"type":"LineString","coordinates":[[157.804,-8.645],[157.804,-8.721]]}},{"type":"Feature","properties":{},"geometry":{"type":"LineString","coordinates":[[157.811,-8.755],[157.804,-8.802],[157.75,-8.823]]}},{"type":"Feature","properties":{},"geometry":{"type":"LineString","coordinates":[[157.894,-8.741],[157.975,-8.787],[157.996,-8.782]]}},{"type":"Feature","properties":{},"geometry":{"type":"LineString","coordinates":[[158.057,-8.762],[158.095,-8.755],[158.129,-8.769],[158.167,-8.837]]}},{"type":"Feature","properties":{},"geometry":{"type":"LineString","coordinates":[[157.982,-8.433],[158.092,-8.461]]}},{"type":"Feature","properties":{},"geometry":{"type":"LineString","coordinates":[[157.091,-7.83],[157.163,-7.857],[157.208,-7.912]]}},{"type":"Feature","properties":{},"geometry":{"type":"LineString","coordinates":[[158.003,-7.323],[158.057,-7.323],[158.105,-7.364],[158.098,-7.378],[158.057,-7.378]]}},{"type":"Feature","properties":{},"geometry":{"type":"LineString","coordinates":[[158.325,-7.418],[158.443,-7.493],[158.53,-7.514]]}},{"type":"Feature","properties":{},"geometry":{"type":"LineString","coordinates":[[156.571,-7.295],[156.611,-7.247],[156.673,-7.337],[156.701,-7.316],[156.738,-7.361],[156.742,-7.391],[156.715,-7.404]]}},{"type":"Feature","properties":{},"geometry":{"type":"LineString","coordinates":[[158.743,-7.5],[158.846,-7.61]]}},{"type":"Feature","properties":{},"geometry":{"type":"LineString","coordinates":[[158.915,-7.734],[158.976,-7.768]]}},{"type":"Feature","properties":{},"geometry":{"type":"LineString","coordinates":[[159.168,-7.892],[159.189,-7.885],[159.305,-7.946]]}},{"type":"Feature","properties":{},"geometry":{"type":"LineString","coordinates":[[159.387,-7.932],[159.448,-7.974],[159.463,-8.012],[159.524,-8.042]]}},{"type":"Feature","properties":{},"geometry":{"type":"LineString","coordinates":[[159.113,-8.152],[159.153,-8.167],[159.181,-8.199]]}},{"type":"Feature","properties":{},"geometry":{"type":"LineString","coordinates":[[159.127,-8.967],[159.189,-8.962],[159.243,-8.994]]}},{"type":"Feature","properties":{},"geometry":{"type":"LineString","coordinates":[[160.634,-8.878],[160.62,-8.899],[160.668,-8.947]]}},{"type":"Feature","properties":{},"geometry":{"type":"LineString","coordinates":[[160.36,-9.33],[160.265,-9.351]]}},{"type":"Feature","properties":{},"geometry":{"type":"LineString","coordinates":[[160.908,-9.803],[160.887,-9.848],[160.84,-9.879]]}},{"type":"Feature","properties":{},"geometry":{"type":"LineString","coordinates":[[160.785,-8.275],[160.834,-8.292],[160.856,-8.405],[160.881,-8.453]]}},{"type":"Feature","properties":{},"geometry":{"type":"LineString","coordinates":[[162.669,-8.337],[162.646,-8.34],[162.645,-8.376],[162.731,-8.405]]}},{"type":"Feature","properties":{},"geometry":{"type":"LineString","coordinates":[[162.231,-10.838],[162.29,-10.856],[162.395,-10.858]]}},{"type":"Feature","properties":{},"geometry":{"type":"LineString","coordinates":[[162.354,-10.79],[162.395,-10.788],[162.416,-10.824]]}},{"type":"Feature","properties":{},"geometry":{"type":"LineString","coordinates":[[162.306,-10.68],[162.311,-10.758],[162.292,-10.79]]}},{"type":"Feature","properties":{},"geometry":{"type":"LineString","coordinates":[[160.038,-11.455],[160.237,-11.557]]}},{"type":"Feature","properties":{},"geometry":{"type":"LineString","coordinates":[[159.757,-11.297],[159.806,-11.334],[159.839,-11.338]]}},{"type":"Feature","properties":{},"geometry":{"type":"LineString","coordinates":[[160.278,-11.709],[160.346,-11.729]]}},{"type":"Feature","properties":{},"geometry":{"type":"LineString","coordinates":[[160.524,-11.722],[160.592,-11.775],[160.6,-11.808],[160.595,-11.824],[160.531,-11.833],[160.504,-11.858]]}},{"type":"Feature","properties":{},"geometry":{"type":"LineString","coordinates":[[166.219,-10.324],[166.144,-10.303],[166.068,-10.242],[166.06,-10.212],[166.103,-10.207]]}},{"type":"Feature","properties":{},"geometry":{"type":"LineString","coordinates":[[166.234,-10.21],[166.138,-10.189]]}},{"type":"Feature","properties":{},"geometry":{"type":"LineString","coordinates":[[166.171,-10.715],[166.177,-10.679],[166.106,-10.639],[166.028,-10.632],[165.978,-10.652],[165.917,-10.646]]}},{"type":"Feature","properties":{},"geometry":{"type":"LineString","coordinates":[[165.801,-10.858],[165.767,-10.818],[165.76,-10.762]]}},{"type":"Feature","properties":{},"geometry":{"type":"LineString","coordinates":[[166.109,-10.831],[166.083,-10.851],[165.977,-10.794],[165.91,-10.872]]}},{"type":"Feature","properties":{},"geometry":{"type":"LineString","coordinates":[[166.568,-11.379],[166.55,-11.394],[166.524,-11.39],[166.476,-11.362],[166.452,-11.32],[166.459,-11.27]]}},{"type":"Feature","properties":{},"geometry":{"type":"LineString","coordinates":[[166.604,-11.345],[166.601,-11.29],[166.555,-11.256]]}},{"type":"Feature","properties":{},"geometry":{"type":"LineString","coordinates":[[166.864,-11.55],[166.772,-11.541],[166.736,-11.558],[166.719,-11.599]]}},{"type":"Feature","properties":{},"geometry":{"type":"LineString","coordinates":[[166.939,-11.701],[166.874,-11.72],[166.809,-11.709],[166.757,-11.68],[166.733,-11.626]]}},{"type":"Feature","properties":{},"geometry":{"type":"LineString","coordinates":[[159.394,-6.26],[159.428,-6.209],[159.409,-6.175],[159.37,-6.165],[159.332,-6.177],[159.319,-6.206],[159.339,-6.274]]}},{"type":"Feature","properties":{},"geometry":{"type":"LineString","coordinates":[[159.394,-5.15],[159.489,-5.161],[159.49,-5.265],[159.565,-5.342]]}},{"type":"Feature","properties":{},"geometry":{"type":"LineString","coordinates":[[159.332,-5.177],[159.26,-5.227],[159.229,-5.304],[159.235,-5.343],[159.291,-5.445]]}},{"type":"Feature","properties":{},"geometry":{"type":"LineString","coordinates":[[159.744,-5.445],[159.72,-5.537],[159.62,-5.569],[159.593,-5.555]]}},{"type":"Feature","properties":{},"geometry":{"type":"LineString","coordinates":[[160.613,-12.922],[160.558,-12.836],[160.513,-12.841],[160.508,-12.868],[160.532,-12.88],[160.538,-12.928],[160.559,-12.942],[160.6,-13.031],[160.631,-13.021],[160.641,-12.986],[160.613,-12.922]]}},{"type":"Feature","properties":{},"geometry":{"type":"LineString","coordinates":[[163.286,-18.533],[163.355,-18.481],[163.396,-18.403],[163.374,-18.318],[163.275,-18.244],[163.21,-18.235],[162.966,-18.315],[162.934,-18.345],[162.929,-18.412],[162.97,-18.488],[163.152,-18.548],[163.163,-18.558],[163.154,-18.585],[163.168,-18.588],[163.286,-18.533]]}},{"type":"Feature","properties":{},"geometry":{"type":"LineString","coordinates":[[163.554,-18.829],[163.571,-18.817],[163.574,-18.794],[163.52,-18.817],[163.518,-18.835],[163.53,-18.844],[163.554,-18.829]]}},{"type":"Feature","properties":{},"geometry":{"type":"LineString","coordinates":[[167.515,-13.599],[167.513,-13.561],[167.529,-13.565],[167.535,-13.552],[167.556,-13.563],[167.549,-13.627],[167.508,-13.656],[167.515,-13.599]]}},{"type":"Feature","properties":{},"geometry":{"type":"LineString","coordinates":[[166.699,-13.387],[166.663,-13.367],[166.653,-13.307],[166.63,-13.285],[166.655,-13.253],[166.654,-13.217],[166.632,-13.197],[166.616,-13.202],[166.59,-13.163],[166.589,-13.085],[166.516,-13.052],[166.507,-13.179],[166.55,-13.197],[166.561,-13.264],[166.599,-13.299],[166.582,-13.35],[166.661,-13.459],[166.681,-13.465],[166.716,-13.43],[166.719,-13.408],[166.699,-13.387]]}},{"type":"Feature","properties":{},"geometry":{"type":"LineString","coordinates":[[178.534,-16.91],[178.506,-16.902],[178.497,-16.858],[178.523,-16.848],[178.557,-16.878],[178.563,-16.891],[178.534,-16.91]]}},{"type":"Feature","properties":{},"geometry":{"type":"LineString","coordinates":[[179.328,-18.136],[179.289,-18.123],[179.241,-18.064],[179.191,-18.047],[179.179,-18.021],[179.219,-17.982],[179.218,-17.93],[179.314,-17.928],[179.369,-17.992],[179.387,-18.079],[179.377,-18.119],[179.328,-18.136]]}},{"type":"Feature","properties":{},"geometry":{"type":"LineString","coordinates":[[179.938,-18.65],[179.982,-18.568],[179.969,-18.51],[179.851,-18.537],[179.82,-18.562],[179.819,-18.593],[179.861,-18.679],[179.917,-18.685],[179.938,-18.65]]}},{"type":"Feature","properties":{},"geometry":{"type":"LineString","coordinates":[[-179.232,-18.383],[-179.24,-18.345],[-179.281,-18.342],[-179.282,-18.388],[-179.26,-18.399],[-179.232,-18.383]]}},{"type":"Feature","properties":{},"geometry":{"type":"LineString","coordinates":[[-179.339,-17.779],[-179.356,-17.751],[-179.322,-17.711],[-179.26,-17.746],[-179.26,-17.773],[-179.293,-17.8],[-179.339,-17.779]]}},{"type":"Feature","properties":{},"geometry":{"type":"LineString","coordinates":[[-179.492,-17.423],[-179.523,-17.401],[-179.555,-17.434],[-179.523,-17.452],[-179.492,-17.423]]}},{"type":"Feature","properties":{},"geometry":{"type":"LineString","coordinates":[[-179.507,-17.232],[-179.549,-17.244],[-179.551,-17.273],[-179.516,-17.281],[-179.466,-17.269],[-179.455,-17.25],[-179.468,-17.235],[-179.507,-17.232]]}},{"type":"Feature","properties":{},"geometry":{"type":"LineString","coordinates":[[-179.301,-16.988],[-179.283,-16.981],[-179.234,-17.03],[-179.284,-17.044],[-179.303,-17.026],[-179.301,-16.988]]}},{"type":"Feature","properties":{},"geometry":{"type":"LineString","coordinates":[[-179.205,-17.135],[-179.184,-17.144],[-179.17,-17.131],[-179.184,-17.094],[-179.222,-17.104],[-179.205,-17.135]]}},{"type":"Feature","properties":{},"geometry":{"type":"LineString","coordinates":[[-179.103,-17.266],[-179.119,-17.291],[-179.156,-17.293],[-179.184,-17.273],[-179.175,-17.235],[-179.104,-17.235],[-179.082,-17.191],[-179.074,-17.226],[-179.103,-17.266]]}},{"type":"Feature","properties":{},"geometry":{"type":"LineString","coordinates":[[-179.113,-17.461],[-179.117,-17.429],[-179.15,-17.409],[-179.189,-17.418],[-179.201,-17.447],[-179.19,-17.478],[-179.161,-17.492],[-179.129,-17.484],[-179.113,-17.461]]}},{"type":"Feature","properties":{},"geometry":{"type":"LineString","coordinates":[[-178.821,-18.246],[-178.848,-18.235],[-178.855,-18.208],[-178.854,-18.186],[-178.825,-18.167],[-178.646,-18.167],[-178.688,-18.239],[-178.785,-18.263],[-178.821,-18.246]]}},{"type":"Feature","properties":{},"geometry":{"type":"LineString","coordinates":[[-178.466,-18.705],[-178.46,-18.642],[-178.472,-18.623],[-178.538,-18.63],[-178.543,-18.671],[-178.452,-18.747],[-178.403,-18.745],[-178.466,-18.705]]}},{"type":"Feature","properties":{},"geometry":{"type":"LineString","coordinates":[[-178.972,-18.999],[-179.013,-18.931],[-178.948,-18.904],[-178.921,-18.924],[-178.919,-18.966],[-178.937,-19.001],[-178.972,-18.999]]}},{"type":"Feature","properties":{},"geometry":{"type":"LineString","coordinates":[[-124.767,-24.673],[-124.764,-24.685],[-124.779,-24.688],[-124.822,-24.681],[-124.801,-24.667]]}},{"type":"Feature","properties":{},"geometry":{"type":"LineString","coordinates":[[159.421,-21.884],[159.478,-21.896],[159.539,-21.882],[159.581,-21.846],[159.579,-21.789]]}},{"type":"Feature","properties":{},"geometry":{"type":"LineString","coordinates":[[158.593,-21.022],[158.511,-20.953]]}},{"type":"Feature","properties":{},"geometry":{"type":"LineString","coordinates":[[158.53,-20.843],[158.483,-20.781]]}},{"type":"Feature","properties":{},"geometry":{"type":"LineString","coordinates":[[158.297,-19.877],[158.363,-19.935],[158.49,-19.978],[158.495,-19.946],[158.465,-19.902],[158.455,-19.829]]}},{"type":"Feature","properties":{},"geometry":{"type":"LineString","coordinates":[[158.283,-19.842],[158.249,-19.726],[158.198,-19.663],[158.195,-19.636]]}},{"type":"Feature","properties":{},"geometry":{"type":"LineString","coordinates":[[158.242,-19.562],[158.249,-19.486],[158.28,-19.447],[158.331,-19.281],[158.373,-19.212],[158.379,-19.121],[158.414,-19.086],[158.427,-19.014],[158.469,-19.041]]}},{"type":"Feature","properties":{},"geometry":{"type":"LineString","coordinates":[[158.969,-19.438],[159.007,-19.334],[159.003,-19.301]]}},{"type":"Feature","properties":{},"geometry":{"type":"LineString","coordinates":[[159.044,-19.164],[159.08,-19.141],[159.044,-19.075]]}},{"type":"Feature","properties":{},"geometry":{"type":"LineString","coordinates":[[158.887,-19.069],[158.901,-18.976],[158.921,-18.973],[158.982,-19.075]]}},{"type":"Feature","properties":{},"geometry":{"type":"LineString","coordinates":[[158.688,-19.089],[158.741,-19.053],[158.794,-19.079],[158.838,-19.075]]}},{"type":"Feature","properties":{},"geometry":{"type":"LineString","coordinates":[[160.271,-12.64],[160.388,-12.784],[160.458,-12.827],[160.479,-12.818],[160.497,-12.778],[160.442,-12.661],[160.462,-12.602],[160.453,-12.574],[160.251,-12.453],[160.203,-12.393],[160.141,-12.38]]}},{"type":"Feature","properties":{},"geometry":{"type":"LineString","coordinates":[[160.011,-12.292],[160.111,-12.337],[160.159,-12.328],[160.168,-12.308],[160.077,-12.251],[160.011,-12.256]]}},{"type":"Feature","properties":{},"geometry":{"type":"LineString","coordinates":[[162.841,-18.019],[162.824,-18.142],[162.85,-18.193],[162.909,-18.212],[162.941,-18.204],[162.955,-18.185],[162.961,-18.06],[162.978,-18.006],[162.903,-17.841]]}},{"type":"Feature","properties":{},"geometry":{"type":"LineString","coordinates":[[163.423,-18.356],[163.362,-18.212],[163.21,-18.012]]}},{"type":"Feature","properties":{},"geometry":{"type":"LineString","coordinates":[[162.889,-18.527],[162.83,-18.54],[162.768,-18.455],[162.779,-18.431]]}},{"type":"Feature","properties":{},"geometry":{"type":"LineString","coordinates":[[164.225,-18.472],[164.244,-18.534],[164.328,-18.581],[164.345,-18.553],[164.344,-18.471],[164.328,-18.438]]}},{"type":"Feature","properties":{},"geometry":{"type":"LineString","coordinates":[[163.739,-19.15],[163.557,-18.909],[163.492,-18.863]]}},{"type":"Feature","properties":{},"geometry":{"type":"LineString","coordinates":[[163.93,-19.486],[163.928,-19.412],[163.845,-19.371],[163.819,-19.244],[163.752,-19.177]]}},{"type":"Feature","properties":{},"geometry":{"type":"LineString","coordinates":[[163.526,-19.171],[163.574,-19.164],[163.616,-19.123]]}},{"type":"Feature","properties":{},"geometry":{"type":"LineString","coordinates":[[163.492,-19.143],[163.403,-19.079],[163.382,-19.048]]}},{"type":"Feature","properties":{},"geometry":{"type":"LineString","coordinates":[[163.341,-18.979],[163.341,-18.901],[163.389,-18.863],[163.444,-18.863]]}},{"type":"Feature","properties":{},"geometry":{"type":"LineString","coordinates":[[163.328,-19.328],[163.252,-19.164]]}},{"type":"Feature","properties":{},"geometry":{"type":"LineString","coordinates":[[163.122,-19.198],[163.114,-19.061]]}},{"type":"Feature","properties":{},"geometry":{"type":"LineString","coordinates":[[163.279,-19.459],[163.205,-19.422],[163.183,-19.395],[163.135,-19.218]]}},{"type":"Feature","properties":{},"geometry":{"type":"LineString","coordinates":[[163.472,-19.788],[163.425,-19.745],[163.389,-19.663],[163.356,-19.633],[163.351,-19.567],[163.326,-19.549],[163.272,-19.544],[163.245,-19.48]]}},{"type":"Feature","properties":{},"geometry":{"type":"LineString","coordinates":[[163.724,-20.062],[163.711,-20.064],[163.686,-20.0],[163.66,-19.987],[163.631,-19.931],[163.576,-19.876],[163.507,-19.847],[163.49,-19.828],[163.498,-19.808]]}},{"type":"Feature","properties":{},"geometry":{"type":"LineString","coordinates":[[163.896,-20.233],[163.822,-20.206],[163.786,-20.123]]}},{"type":"Feature","properties":{},"geometry":{"type":"LineString","coordinates":[[163.951,-20.384],[163.882,-20.274]]}},{"type":"Feature","properties":{},"geometry":{"type":"LineString","coordinates":[[164.115,-20.596],[164.044,-20.55],[163.958,-20.404]]}},{"type":"Feature","properties":{},"geometry":{"type":"LineString","coordinates":[[164.334,-20.72],[164.283,-20.727],[164.259,-20.685],[164.2,-20.675],[164.19,-20.658]]}},{"type":"Feature","properties":{},"geometry":{"type":"LineString","coordinates":[[165.437,-21.644],[165.323,-21.619],[165.204,-21.534],[165.071,-21.5],[165.052,-21.447],[164.918,-21.393],[164.827,-21.332],[164.732,-21.207],[164.712,-21.136],[164.616,-21.05],[164.619,-21.018],[164.575,-20.994],[164.475,-21.008],[164.41,-20.917],[164.374,-20.905],[164.29,-20.782],[164.259,-20.76]]}},{"type":"Feature","properties":{},"geometry":{"type":"LineString","coordinates":[[165.623,-21.796],[165.523,-21.758],[165.459,-21.672]]}},{"type":"Feature","properties":{},"geometry":{"type":"LineString","coordinates":[[165.719,-21.851],[165.637,-21.803]]}},{"type":"Feature","properties":{},"geometry":{"type":"LineString","coordinates":[[165.945,-22.008],[165.858,-21.943],[165.776,-21.917],[165.733,-21.871]]}},{"type":"Feature","properties":{},"geometry":{"type":"LineString","coordinates":[[166.254,-22.358],[166.206,-22.275],[166.054,-22.142],[165.979,-22.049]]}},{"type":"Feature","properties":{},"geometry":{"type":"LineString","coordinates":[[166.438,-22.494],[166.274,-22.371]]}},{"type":"Feature","properties":{},"geometry":{"type":"LineString","coordinates":[[166.637,-22.645],[166.452,-22.535]]}},{"type":"Feature","properties":{},"geometry":{"type":"LineString","coordinates":[[167.069,-22.838],[167.092,-22.867],[167.082,-22.963],[167.062,-22.995],[166.986,-23.016],[166.952,-23.001],[166.904,-22.933],[166.846,-22.896],[166.768,-22.793],[166.724,-22.771],[166.691,-22.692],[166.644,-22.673]]}},{"type":"Feature","properties":{},"geometry":{"type":"LineString","coordinates":[[167.034,-22.776],[167.021,-22.694]]}},{"type":"Feature","properties":{},"geometry":{"type":"LineString","coordinates":[[166.959,-22.618],[166.918,-22.542]]}},{"type":"Feature","properties":{},"geometry":{"type":"LineString","coordinates":[[167.507,-22.707],[167.433,-22.722],[167.411,-22.707]]}},{"type":"Feature","properties":{},"geometry":{"type":"LineString","coordinates":[[167.542,-22.563],[167.501,-22.521],[167.439,-22.508]]}},{"type":"Feature","properties":{},"geometry":{"type":"LineString","coordinates":[[167.35,-22.638],[167.307,-22.588],[167.303,-22.505],[167.247,-22.477],[167.305,-22.46],[167.385,-22.522]]}},{"type":"Feature","properties":{},"geometry":{"type":"LineString","coordinates":[[167.151,-22.474],[167.216,-22.422],[167.176,-22.379],[167.131,-22.385],[167.089,-22.344]]}},{"type":"Feature","properties":{},"geometry":{"type":"LineString","coordinates":[[166.987,-22.358],[167.048,-22.327],[167.048,-22.255]]}},{"type":"Feature","properties":{},"geometry":{"type":"LineString","coordinates":[[166.966,-22.152],[166.979,-22.118],[166.969,-22.087],[166.918,-22.049]]}},{"type":"Feature","properties":{},"geometry":{"type":"LineString","coordinates":[[165.897,-21.268],[165.846,-21.203],[165.781,-21.174],[165.767,-21.152]]}},{"type":"Feature","properties":{},"geometry":{"type":"LineString","coordinates":[[165.609,-21.035],[165.575,-20.966]]}},{"type":"Feature","properties":{},"geometry":{"type":"LineString","coordinates":[[165.52,-20.938],[165.452,-20.856],[165.41,-20.836]]}},{"type":"Feature","properties":{},"geometry":{"type":"LineString","coordinates":[[165.294,-20.76],[165.274,-20.637],[165.22,-20.606],[165.15,-20.596]]}},{"type":"Feature","properties":{},"geometry":{"type":"LineString","coordinates":[[164.938,-20.603],[164.911,-20.614],[164.879,-20.593],[164.804,-20.469],[164.71,-20.384],[164.655,-20.361],[164.527,-20.219]]}},{"type":"Feature","properties":{},"geometry":{"type":"LineString","coordinates":[[164.417,-20.233],[164.363,-20.208],[164.341,-20.219],[164.337,-20.18],[164.426,-20.184],[164.458,-20.165],[164.452,-20.126],[164.266,-19.932],[164.153,-19.877],[164.106,-19.813],[164.054,-19.796],[163.977,-19.66],[163.951,-19.636],[163.944,-19.644]]}},{"type":"Feature","properties":{},"geometry":{"type":"LineString","coordinates":[[164.143,-20.103],[164.117,-20.104],[164.195,-20.18],[164.269,-20.199],[164.297,-20.19],[164.287,-20.152],[164.216,-20.096],[164.19,-20.048]]}},{"type":"Feature","properties":{},"geometry":{"type":"LineString","coordinates":[[165.561,-19.863],[165.64,-19.859],[165.651,-19.846],[165.651,-19.775],[165.63,-19.76],[165.603,-19.781]]}},{"type":"Feature","properties":{},"geometry":{"type":"LineString","coordinates":[[166.157,-20.397],[166.212,-20.379],[166.26,-20.339],[166.25,-20.313],[166.171,-20.281]]}},{"type":"Feature","properties":{},"geometry":{"type":"LineString","coordinates":[[166.226,-20.493],[166.307,-20.493],[166.446,-20.439]]}},{"type":"Feature","properties":{},"geometry":{"type":"LineString","coordinates":[[166.385,-20.699],[166.35,-20.645],[166.288,-20.624],[166.257,-20.582],[166.178,-20.541]]}},{"type":"Feature","properties":{},"geometry":{"type":"LineString","coordinates":[[166.658,-20.473],[166.683,-20.476],[166.699,-20.452],[166.65,-20.397]]}},{"type":"Feature","properties":{},"geometry":{"type":"LineString","coordinates":[[167.021,-20.891],[167.092,-20.894],[167.137,-20.861],[167.165,-20.794]]}},{"type":"Feature","properties":{},"geometry":{"type":"LineString","coordinates":[[167.329,-20.85],[167.316,-20.788]]}},{"type":"Feature","properties":{},"geometry":{"type":"LineString","coordinates":[[168.036,-21.439],[168.009,-21.433],[167.987,-21.396],[168.007,-21.339],[167.993,-21.324],[167.967,-21.329]]}},{"type":"Feature","properties":{},"geometry":{"type":"LineString","coordinates":[[168.144,-21.617],[168.144,-21.549]]}},{"type":"Feature","properties":{},"geometry":{"type":"LineString","coordinates":[[169.885,-20.138],[169.823,-20.117]]}},{"type":"Feature","properties":{},"geometry":{"type":"LineString","coordinates":[[170.207,-19.576],[170.256,-19.547],[170.26,-19.519],[170.242,-19.493]]}},{"type":"Feature","properties":{},"geometry":{"type":"LineString","coordinates":[[169.584,-19.281],[169.593,-19.293],[169.614,-19.279],[169.618,-19.205]]}},{"type":"Feature","properties":{},"geometry":{"type":"LineString","coordinates":[[168.254,-16.649],[168.213,-16.573]]}},{"type":"Feature","properties":{},"geometry":{"type":"LineString","coordinates":[[167.467,-16.587],[167.502,-16.603],[167.542,-16.587]]}},{"type":"Feature","properties":{},"geometry":{"type":"LineString","coordinates":[[167.761,-16.56],[167.803,-16.558],[167.827,-16.54],[167.85,-16.54],[167.859,-16.555],[167.871,-16.541],[167.879,-16.518],[167.86,-16.498],[167.853,-16.44],[167.802,-16.374],[167.786,-16.317],[167.761,-16.32],[167.715,-16.293],[167.706,-16.246],[167.658,-16.241],[167.561,-16.179],[167.549,-16.156]]}},{"type":"Feature","properties":{},"geometry":{"type":"LineString","coordinates":[[167.507,-16.142],[167.512,-16.115],[167.473,-16.077],[167.432,-16.087],[167.411,-16.039],[167.416,-16.0],[167.398,-15.998]]}},{"type":"Feature","properties":{},"geometry":{"type":"LineString","coordinates":[[167.131,-16.039],[167.165,-15.971],[167.148,-15.93],[167.156,-15.89],[167.181,-15.86],[167.24,-15.851],[167.337,-15.883],[167.357,-15.915]]}},{"type":"Feature","properties":{},"geometry":{"type":"LineString","coordinates":[[167.144,-15.744],[167.191,-15.771],[167.247,-15.765]]}},{"type":"Feature","properties":{},"geometry":{"type":"LineString","coordinates":[[167.61,-14.182],[167.571,-14.143],[167.507,-14.127]]}},{"type":"Feature","properties":{},"geometry":{"type":"LineString","coordinates":[[167.309,-13.558],[167.277,-13.541],[167.281,-13.514],[167.329,-13.463],[167.379,-13.492],[167.377,-13.504]]}},{"type":"Feature","properties":{},"geometry":{"type":"LineString","coordinates":[[-178.739,-20.637],[-178.76,-20.644],[-178.746,-20.696],[-178.677,-20.693],[-178.658,-20.635],[-178.676,-20.616],[-178.711,-20.624]]}},{"type":"Feature","properties":{},"geometry":{"type":"LineString","coordinates":[[-178.438,-19.164],[-178.407,-19.108],[-178.28,-19.109]]}},{"type":"Feature","properties":{},"geometry":{"type":"LineString","coordinates":[[-178.533,-19.13],[-178.51,-19.176],[-178.544,-19.197],[-178.565,-19.2],[-178.616,-19.157],[-178.616,-19.117],[-178.567,-19.095]]}},{"type":"Feature","properties":{},"geometry":{"type":"LineString","coordinates":[[-178.52,-19.095],[-178.504,-19.074],[-178.511,-19.054],[-178.557,-19.034],[-178.636,-19.069]]}},{"type":"Feature","properties":{},"geometry":{"type":"LineString","coordinates":[[-178.581,-18.876],[-178.677,-18.87]]}},{"type":"Feature","properties":{},"geometry":{"type":"LineString","coordinates":[[-178.389,-18.87],[-178.365,-18.88],[-178.375,-18.904],[-178.458,-18.904]]}},{"type":"Feature","properties":{},"geometry":{"type":"LineString","coordinates":[[-178.63,-18.65],[-178.589,-18.678],[-178.587,-18.697],[-178.655,-18.708],[-178.683,-18.677],[-178.664,-18.657]]}},{"type":"Feature","properties":{},"geometry":{"type":"LineString","coordinates":[[-178.417,-18.965],[-178.458,-18.991],[-178.503,-18.983],[-178.536,-18.941],[-178.539,-18.919],[-178.52,-18.904]]}},{"type":"Feature","properties":{},"geometry":{"type":"LineString","coordinates":[[-178.52,-18.452],[-178.36,-18.444],[-178.356,-18.431],[-178.499,-18.376]]}},{"type":"Feature","properties":{},"geometry":{"type":"LineString","coordinates":[[-178.328,-18.198],[-178.288,-18.208],[-178.227,-18.279],[-178.219,-18.314],[-178.241,-18.347],[-178.362,-18.322],[-178.414,-18.28],[-178.492,-18.28],[-178.514,-18.258],[-178.53,-18.165],[-178.513,-18.129],[-178.43,-18.088],[-178.384,-17.995],[-178.426,-17.967],[-178.485,-18.06]]}},{"type":"Feature","properties":{},"geometry":{"type":"LineString","coordinates":[[-179.794,-18.993],[-179.76,-18.973],[-179.773,-18.917]]}},{"type":"Feature","properties":{},"geometry":{"type":"LineString","coordinates":[[-179.835,-19.02],[-179.874,-19.021],[-179.898,-18.986],[-179.881,-18.928],[-179.853,-18.9],[-179.801,-18.917]]}},{"type":"Feature","properties":{},"geometry":{"type":"LineString","coordinates":[[179.808,-19.157],[179.796,-19.117],[179.765,-19.106],[179.736,-19.119],[179.733,-19.15]]}},{"type":"Feature","properties":{},"geometry":{"type":"LineString","coordinates":[[178.26,-19.075],[178.284,-19.053],[178.41,-19.069],[178.486,-19.043],[178.515,-19.018],[178.562,-18.894],[178.608,-18.829],[178.55,-18.69],[178.526,-18.685],[178.506,-18.701],[178.486,-18.801]]}},{"type":"Feature","properties":{},"geometry":{"type":"LineString","coordinates":[[178.52,-18.925],[178.524,-18.944],[178.464,-18.925]]}},{"type":"Feature","properties":{},"geometry":{"type":"LineString","coordinates":[[178.328,-18.904],[178.252,-18.939]]}},{"type":"Feature","properties":{},"geometry":{"type":"LineString","coordinates":[[178.163,-19.171],[178.28,-19.13],[178.218,-19.109]]}},{"type":"Feature","properties":{},"geometry":{"type":"LineString","coordinates":[[178.143,-19.157],[178.134,-19.181],[178.106,-19.184],[177.974,-19.17],[177.946,-19.158],[177.931,-19.13]]}},{"type":"Feature","properties":{},"geometry":{"type":"LineString","coordinates":[[177.635,-18.466],[177.671,-18.469],[177.697,-18.51],[177.686,-18.583],[177.661,-18.61],[177.628,-18.594],[177.6,-18.51],[177.609,-18.486]]}},{"type":"Feature","properties":{},"geometry":{"type":"LineString","coordinates":[[178.211,-18.397],[178.12,-18.464],[177.985,-18.515],[177.961,-18.481],[177.96,-18.423],[177.98,-18.38],[178.006,-18.376]]}},{"type":"Feature","properties":{},"geometry":{"type":"LineString","coordinates":[[178.218,-18.26],[178.26,-18.225],[178.307,-18.214],[178.323,-18.187],[178.396,-18.156]]}},{"type":"Feature","properties":{},"geometry":{"type":"LineString","coordinates":[[178.424,-18.163],[178.54,-18.17]]}},{"type":"Feature","properties":{},"geometry":{"type":"LineString","coordinates":[[178.595,-18.156],[178.626,-18.16],[178.712,-18.121],[178.766,-17.963],[178.757,-17.886],[178.793,-17.814]]}},{"type":"Feature","properties":{},"geometry":{"type":"LineString","coordinates":[[178.67,-17.952],[178.636,-17.927],[178.652,-17.846],[178.63,-17.807]]}},{"type":"Feature","properties":{},"geometry":{"type":"LineString","coordinates":[[178.732,-17.677],[178.754,-17.616],[178.814,-17.601],[178.849,-17.615],[178.869,-17.567]]}},{"type":"Feature","properties":{},"geometry":{"type":"LineString","coordinates":[[178.773,-17.787],[178.848,-17.744],[178.876,-17.677]]}},{"type":"Feature","properties":{},"geometry":{"type":"LineString","coordinates":[[179.013,-17.546],[179.096,-17.643],[179.105,-17.673],[179.095,-17.695],[179.07,-17.7],[179.003,-17.651],[178.979,-17.603],[178.993,-17.578],[178.98,-17.539],[178.924,-17.471]]}},{"type":"Feature","properties":{},"geometry":{"type":"LineString","coordinates":[[179.376,-17.828],[179.309,-17.831],[179.287,-17.816],[179.301,-17.794]]}},{"type":"Feature","properties":{},"geometry":{"type":"LineString","coordinates":[[179.397,-17.862],[179.426,-17.905],[179.45,-17.899],[179.452,-17.787],[179.424,-17.752]]}},{"type":"Feature","properties":{},"geometry":{"type":"LineString","coordinates":[[179.369,-17.417],[179.4,-17.423],[179.461,-17.369],[179.477,-17.253],[179.465,-17.224],[179.431,-17.218]]}},{"type":"Feature","properties":{},"geometry":{"type":"LineString","coordinates":[[179.068,-17.101],[179.103,-17.131],[179.137,-17.135],[179.13,-17.096],[179.102,-17.06]]}},{"type":"Feature","properties":{},"geometry":{"type":"LineString","coordinates":[[179.068,-17.026],[179.032,-17.005],[179.027,-16.971],[179.089,-16.919],[179.119,-16.835],[179.185,-16.828]]}},{"type":"Feature","properties":{},"geometry":{"type":"LineString","coordinates":[[179.034,-17.053],[178.968,-17.028],[178.821,-17.101]]}},{"type":"Feature","properties":{},"geometry":{"type":"LineString","coordinates":[[178.814,-17.417],[178.793,-17.335],[178.743,-17.248],[178.766,-17.129]]}},{"type":"Feature","properties":{},"geometry":{"type":"LineString","coordinates":[[178.65,-17.294],[178.561,-17.259]]}},{"type":"Feature","properties":{},"geometry":{"type":"LineString","coordinates":[[178.526,-17.499],[178.516,-17.412],[178.451,-17.304],[178.499,-17.259]]}},{"type":"Feature","properties":{},"geometry":{"type":"LineString","coordinates":[[178.464,-17.485],[178.451,-17.505],[178.396,-17.451]]}},{"type":"Feature","properties":{},"geometry":{"type":"LineString","coordinates":[[178.294,-17.335],[178.287,-17.318],[178.314,-17.294],[178.312,-17.279],[178.273,-17.253]]}},{"type":"Feature","properties":{},"geometry":{"type":"LineString","coordinates":[[178.232,-17.239],[178.075,-17.301],[177.796,-17.331],[177.738,-17.355],[177.568,-17.362],[177.515,-17.394],[177.41,-17.519]]}},{"type":"Feature","properties":{},"geometry":{"type":"LineString","coordinates":[[177.163,-17.595],[177.191,-17.618],[177.25,-17.614],[177.264,-17.603],[177.252,-17.588]]}},{"type":"Feature","properties":{},"geometry":{"type":"LineString","coordinates":[[177.149,-17.759],[177.055,-17.61],[177.055,-17.59],[177.087,-17.588]]}},{"type":"Feature","properties":{},"geometry":{"type":"LineString","coordinates":[[177.211,-17.849],[177.08,-17.752]]}},{"type":"Feature","properties":{},"geometry":{"type":"LineString","coordinates":[[178.006,-18.28],[177.876,-18.289],[177.549,-18.195],[177.465,-18.191],[177.294,-18.12],[177.243,-18.0],[177.211,-17.869]]}},{"type":"Feature","properties":{},"geometry":{"type":"LineString","coordinates":[[176.868,-17.135],[176.871,-17.185],[176.903,-17.211],[176.929,-17.143],[176.91,-17.115]]}},{"type":"Feature","properties":{},"geometry":{"type":"LineString","coordinates":[[177.32,-17.355],[177.355,-17.359],[177.332,-17.308],[177.348,-17.232],[177.343,-17.101],[177.362,-17.067]]}},{"type":"Feature","properties":{},"geometry":{"type":"LineString","coordinates":[[177.252,-17.156],[177.295,-17.12],[177.314,-17.053]]}},{"type":"Feature","properties":{},"geometry":{"type":"LineString","coordinates":[[177.348,-17.033],[177.382,-16.971]]}},{"type":"Feature","properties":{},"geometry":{"type":"LineString","coordinates":[[177.163,-17.149],[177.225,-17.036],[177.266,-17.033]]}},{"type":"Feature","properties":{},"geometry":{"type":"LineString","coordinates":[[177.026,-17.019],[177.121,-16.985],[177.204,-16.93]]}},{"type":"Feature","properties":{},"geometry":{"type":"LineString","coordinates":[[177.238,-16.93],[177.251,-16.914],[177.253,-16.801],[177.312,-16.793],[177.334,-16.834]]}},{"type":"Feature","properties":{},"geometry":{"type":"LineString","coordinates":[[177.513,-16.821],[177.609,-16.725]]}},{"type":"Feature","properties":{},"geometry":{"type":"LineString","coordinates":[[178.252,-16.458],[178.328,-16.445],[178.349,-16.403],[178.458,-16.32],[178.492,-16.34],[178.54,-16.306]]}},{"type":"Feature","properties":{},"geometry":{"type":"LineString","coordinates":[[178.464,-16.821],[178.451,-16.772],[178.486,-16.642],[178.54,-16.567],[178.63,-16.526]]}},{"type":"Feature","properties":{},"geometry":{"type":"LineString","coordinates":[[178.451,-16.944],[178.547,-16.938],[178.595,-16.964]]}},{"type":"Feature","properties":{},"geometry":{"type":"LineString","coordinates":[[178.582,-16.875],[178.64,-16.928],[178.694,-17.016],[178.723,-17.033],[178.752,-17.026]]}},{"type":"Feature","properties":{},"geometry":{"type":"LineString","coordinates":[[178.835,-16.957],[178.837,-16.931],[178.868,-16.895],[178.918,-16.894],[178.979,-16.923]]}},{"type":"Feature","properties":{},"geometry":{"type":"LineString","coordinates":[[179.28,-16.8],[179.267,-16.822],[179.283,-16.829],[179.456,-16.827],[179.513,-16.811],[179.582,-16.821],[179.676,-16.761],[179.74,-16.744],[179.805,-16.746],[179.851,-16.789],[179.917,-16.787]]}},{"type":"Feature","properties":{},"geometry":{"type":"LineString","coordinates":[[179.575,-16.712],[179.548,-16.723],[179.526,-16.698],[179.582,-16.649]]}},{"type":"Feature","properties":{},"geometry":{"type":"LineString","coordinates":[[-179.904,-16.903],[-179.856,-16.886],[-179.816,-16.8]]}},{"type":"Feature","properties":{},"geometry":{"type":"LineString","coordinates":[[-179.76,-16.807],[-179.702,-16.807],[-179.634,-16.762],[-179.638,-16.704],[-179.665,-16.69]]}},{"type":"Feature","properties":{},"geometry":{"type":"LineString","coordinates":[[-179.445,-16.731],[-179.411,-16.65],[-179.413,-16.608],[-179.451,-16.594]]}},{"type":"Feature","properties":{},"geometry":{"type":"LineString","coordinates":[[179.924,-16.594],[179.958,-16.532]]}},{"type":"Feature","properties":{},"geometry":{"type":"LineString","coordinates":[[-180.0,-16.567],[-179.905,-16.525],[-179.905,-16.487],[-179.875,-16.431],[-179.91,-16.406],[-180.0,-16.458]]}},{"type":"Feature","properties":{},"geometry":{"type":"LineString","coordinates":[[-178.855,-17.232],[-178.833,-17.179],[-178.753,-17.129]]}},{"type":"Feature","properties":{},"geometry":{"type":"LineString","coordinates":[[-178.842,-17.403],[-178.828,-17.324],[-178.795,-17.343],[-178.696,-17.25],[-178.714,-17.171],[-178.711,-17.146],[-178.664,-17.098],[-178.684,-17.074],[-178.72,-17.068],[-178.759,-17.085],[-178.876,-17.162],[-179.039,-17.137],[-179.044,-17.172],[-179.02,-17.211]]}},{"type":"Feature","properties":{},"geometry":{"type":"LineString","coordinates":[[-179.336,-16.095],[-179.308,-16.123],[-179.256,-16.128],[-179.157,-16.101]]}},{"type":"Feature","properties":{},"geometry":{"type":"LineString","coordinates":[[-179.184,-16.08],[-179.315,-16.032],[-179.349,-16.06]]}},{"type":"Feature","properties":{},"geometry":{"type":"LineString","coordinates":[[-179.569,-16.108],[-179.514,-16.092],[-179.52,-16.07],[-179.57,-16.061],[-179.595,-16.071],[-179.589,-16.095]]}},{"type":"Feature","properties":{},"geometry":{"type":"LineString","coordinates":[[-179.692,-16.142],[-179.657,-16.178],[-179.633,-16.185],[-179.616,-16.17],[-179.639,-16.132],[-179.678,-16.108]]}},{"type":"Feature","properties":{},"geometry":{"type":"LineString","coordinates":[[179.76,-16.546],[179.89,-16.458]]}},{"type":"Feature","properties":{},"geometry":{"type":"LineString","coordinates":[[179.774,-16.45],[179.917,-16.252]]}},{"type":"Feature","properties":{},"geometry":{"type":"LineString","coordinates":[[-179.993,-16.183],[-179.926,-16.155],[-179.91,-16.119],[-179.857,-16.08]]}},{"type":"Feature","properties":{},"geometry":{"type":"LineString","coordinates":[[-179.863,-16.073],[-179.932,-16.095]]}},{"type":"Feature","properties":{},"geometry":{"type":"LineString","coordinates":[[180.0,-16.121],[179.88,-16.163],[179.63,-16.117],[179.564,-16.121],[179.473,-16.16],[179.325,-16.265],[179.303,-16.312],[179.267,-16.265],[179.172,-16.247],[179.13,-16.173],[179.092,-16.163],[179.067,-16.193],[179.06,-16.267],[179.007,-16.306],[178.79,-16.306],[178.732,-16.32]]}},{"type":"Feature","properties":{},"geometry":{"type":"LineString","coordinates":[[179.259,-16.334],[179.153,-16.319],[179.136,-16.351],[179.057,-16.392],[178.891,-16.403],[178.845,-16.433],[178.835,-16.458],[178.766,-16.481],[178.725,-16.528],[178.67,-16.498]]}},{"type":"Feature","properties":{},"geometry":{"type":"LineString","coordinates":[[177.121,-12.531],[177.149,-12.501],[177.128,-12.462]]}},{"type":"Feature","properties":{},"geometry":{"type":"LineString","coordinates":[[177.108,-12.462],[177.04,-12.469]]}},{"type":"Feature","properties":{},"geometry":{"type":"LineString","coordinates":[[177.04,-12.524],[177.108,-12.531]]}},{"type":"Feature","properties":{},"geometry":{"type":"LineString","coordinates":[[-179.006,-17.273],[-179.02,-17.313],[-178.973,-17.355],[-178.931,-17.362],[-178.876,-17.335]]}},{"type":"Feature","properties":{},"geometry":{"type":"LineString","coordinates":[[178.526,-18.609],[178.525,-18.647],[178.554,-18.657],[178.574,-18.633],[178.554,-18.602]]}},{"type":"Feature","properties":{},"geometry":{"type":"LineString","coordinates":[[134.258,7.088],[134.183,7.264],[134.19,7.287],[134.245,7.274],[134.23,7.349],[134.265,7.356]]}},{"type":"Feature","properties":{},"geometry":{"type":"LineString","coordinates":[[134.293,7.376],[134.389,7.475],[134.401,7.526],[134.444,7.547],[134.484,7.616]]}},{"type":"Feature","properties":{},"geometry":{"type":"LineString","coordinates":[[134.505,7.616],[134.554,7.688],[134.554,7.795]]}},{"type":"Feature","properties":{},"geometry":{"type":"LineString","coordinates":[[134.533,7.822],[134.484,7.909],[134.512,7.928],[134.538,7.87],[134.587,7.829]]}},{"type":"Feature","properties":{},"geometry":{"type":"LineString","coordinates":[[134.594,7.973],[134.548,7.957],[134.505,7.966],[134.55,7.997],[134.608,7.98]]}},{"type":"Feature","properties":{},"geometry":{"type":"LineString","coordinates":[[134.648,8.171],[134.667,8.167],[134.658,8.151],[134.634,8.139],[134.608,8.15],[134.605,8.18],[134.649,8.207],[134.648,8.192]]}},{"type":"Feature","properties":{},"geometry":{"type":"LineString","coordinates":[[134.751,8.103],[134.722,8.111],[134.688,8.095],[134.703,8.076],[134.676,8.031],[134.717,8.01],[134.723,7.93],[134.685,7.873],[134.669,7.904],[134.682,7.958],[134.664,7.968],[134.643,7.952],[134.676,7.999]]}},{"type":"Feature","properties":{},"geometry":{"type":"LineString","coordinates":[[134.615,7.822],[134.633,7.845],[134.68,7.82],[134.682,7.664]]}},{"type":"Feature","properties":{},"geometry":{"type":"LineString","coordinates":[[134.669,7.425],[134.57,7.25],[134.541,7.253],[134.539,7.287]]}},{"type":"Feature","properties":{},"geometry":{"type":"LineString","coordinates":[[134.449,7.233],[134.446,7.22],[134.478,7.195],[134.472,7.174],[134.449,7.171]]}},{"type":"Feature","properties":{},"geometry":{"type":"LineString","coordinates":[[134.429,7.165],[134.427,7.134],[134.347,7.044],[134.299,7.027]]}},{"type":"Feature","properties":{},"geometry":{"type":"LineString","coordinates":[[137.465,8.336],[137.478,8.336],[137.383,8.377]]}},{"type":"Feature","properties":{},"geometry":{"type":"LineString","coordinates":[[137.363,8.391],[137.34,8.392],[137.324,8.416],[137.346,8.446],[137.342,8.5],[137.418,8.507],[137.425,8.528],[137.457,8.541],[137.459,8.566],[137.499,8.569]]}},{"type":"Feature","properties":{},"geometry":{"type":"LineString","coordinates":[[137.506,8.583],[137.546,8.614],[137.592,8.617],[137.605,8.604],[137.568,8.528]]}},{"type":"Feature","properties":{},"geometry":{"type":"LineString","coordinates":[[137.595,8.534],[137.545,8.315],[137.488,8.271],[137.465,8.301]]}},{"type":"Feature","properties":{},"geometry":{"type":"LineString","coordinates":[[139.706,9.775],[139.652,9.768],[139.626,9.829],[139.559,9.886],[139.556,9.905]]}},{"type":"Feature","properties":{},"geometry":{"type":"LineString","coordinates":[[139.556,9.926],[139.592,10.002],[139.556,10.057],[139.561,10.085],[139.583,10.097]]}},{"type":"Feature","properties":{},"geometry":{"type":"LineString","coordinates":[[139.617,10.09],[139.653,10.12],[139.729,10.138],[139.751,10.128],[139.807,10.057],[139.82,10.019],[139.795,10.001]]}},{"type":"Feature","properties":{},"geometry":{"type":"LineString","coordinates":[[139.829,9.974],[139.87,9.939],[139.86,9.913],[139.822,9.912],[139.786,9.95],[139.793,9.97],[139.829,9.974]]}},{"type":"Feature","properties":{},"geometry":{"type":"LineString","coordinates":[[139.925,9.974],[139.935,9.956],[139.969,9.947],[139.98,9.887],[139.974,9.779],[139.935,9.761],[139.952,9.863],[139.891,9.96],[139.905,9.975],[139.925,9.967]]}},{"type":"Feature","properties":{},"geometry":{"type":"LineString","coordinates":[[139.74,10.015],[139.707,10.01],[139.735,9.98],[139.712,9.933]]}},{"type":"Feature","properties":{},"geometry":{"type":"LineString","coordinates":[[139.712,9.905],[139.732,9.877],[139.726,9.782]]}},{"type":"Feature","properties":{},"geometry":{"type":"LineString","coordinates":[[140.35,8.199],[140.432,8.164],[140.441,8.135],[140.405,8.123],[140.3,8.172],[140.35,8.199]]}},{"type":"Feature","properties":{},"geometry":{"type":"LineString","coordinates":[[143.077,6.732],[143.11,6.692],[143.091,6.677],[143.029,6.695],[143.037,6.726],[143.077,6.732]]}},{"type":"Feature","properties":{},"geometry":{"type":"LineString","coordinates":[[143.914,7.343],[143.85,7.351],[143.845,7.308],[143.811,7.335]]}},{"type":"Feature","properties":{},"geometry":{"type":"LineString","coordinates":[[143.811,7.362],[143.818,7.379],[143.914,7.397]]}},{"type":"Feature","properties":{},"geometry":{"type":"LineString","coordinates":[[144.544,8.617],[144.573,8.587],[144.551,8.562],[144.51,8.596],[144.522,8.619],[144.544,8.617]]}},{"type":"Feature","properties":{},"geometry":{"type":"LineString","coordinates":[[145.387,9.261],[145.413,9.243],[145.402,9.225],[145.375,9.222],[145.353,9.247],[145.387,9.254]]}},{"type":"Feature","properties":{},"geometry":{"type":"LineString","coordinates":[[145.901,7.699],[145.848,7.657],[145.832,7.671],[145.839,7.696],[145.865,7.714],[145.892,7.717],[145.901,7.699]]}},{"type":"Feature","properties":{},"geometry":{"type":"LineString","coordinates":[[146.778,8.096],[146.758,8.069],[146.716,8.083],[146.744,8.11],[146.785,8.096]]}},{"type":"Feature","properties":{},"geometry":{"type":"LineString","coordinates":[[147.675,8.123],[147.668,8.078],[147.624,8.072],[147.615,8.1],[147.628,8.121],[147.675,8.123]]}},{"type":"Feature","properties":{},"geometry":{"type":"LineString","coordinates":[[151.376,8.589],[151.372,8.565],[151.348,8.535],[151.335,8.583],[151.369,8.61],[151.376,8.589]]}},{"type":"Feature","properties":{},"geometry":{"type":"LineString","coordinates":[[136.109,20.368],[136.089,20.353],[136.061,20.359],[136.043,20.382],[136.053,20.417],[136.081,20.431],[136.109,20.421],[136.124,20.397],[136.115,20.368]]}},{"type":"Feature","properties":{},"geometry":{"type":"LineString","coordinates":[[-172.523,-8.604],[-172.531,-8.549],[-172.518,-8.535],[-172.483,-8.54],[-172.477,-8.59],[-172.488,-8.604],[-172.523,-8.604]]}},{"type":"Feature","properties":{},"geometry":{"type":"LineString","coordinates":[[-171.886,-9.248],[-171.951,-9.19],[-171.951,-9.142],[-171.941,-9.124],[-171.906,-9.126],[-171.856,-9.09],[-171.84,-9.219],[-171.873,-9.255],[-171.886,-9.248]]}},{"type":"Feature","properties":{},"geometry":{"type":"LineString","coordinates":[[-171.256,-9.44],[-171.31,-9.386],[-171.305,-9.362],[-171.229,-9.319],[-171.201,-9.351],[-171.217,-9.439],[-171.245,-9.459],[-171.256,-9.44]]}},{"type":"Feature","properties":{},"geometry":{"type":"LineString","coordinates":[[-174.237,-18.163],[-174.198,-18.14],[-174.154,-18.143],[-174.196,-18.163],[-174.237,-18.163]]}},{"type":"Feature","properties":{},"geometry":{"type":"LineString","coordinates":[[-174.361,-19.733],[-174.342,-19.698],[-174.329,-19.646],[-174.311,-19.676],[-174.319,-19.708],[-174.354,-19.753],[-174.361,-19.733]]}},{"type":"Feature","properties":{},"geometry":{"type":"LineString","coordinates":[[-174.525,-19.794],[-174.557,-19.776],[-174.573,-19.753],[-174.531,-19.76],[-174.51,-19.789],[-174.525,-19.794]]}},{"type":"Feature","properties":{},"geometry":{"type":"LineString","coordinates":[[-174.553,-19.918],[-174.563,-19.875],[-174.539,-19.835],[-174.529,-19.912],[-174.553,-19.918]]}},{"type":"Feature","properties":{},"geometry":{"type":"LineString","coordinates":[[-174.751,-19.959],[-174.795,-19.956],[-174.781,-19.917],[-174.754,-19.932],[-174.691,-19.927],[-174.666,-19.944],[-174.676,-19.959],[-174.751,-19.959]]}},{"type":"Feature","properties":{},"geometry":{"type":"LineString","coordinates":[[-174.6,-20.069],[-174.682,-20.055],[-174.722,-20.002],[-174.706,-19.993],[-174.645,-20.042],[-174.594,-20.048],[-174.576,-20.07],[-174.6,-20.069]]}},{"type":"Feature","properties":{},"geometry":{"type":"LineString","coordinates":[[-175.238,-21.028],[-175.278,-21.028],[-175.278,-21.022],[-175.219,-21.002],[-175.238,-21.028]]}},{"type":"Feature","properties":{},"geometry":{"type":"LineString","coordinates":[[-175.066,-21.082],[-175.159,-21.083],[-175.152,-21.059],[-175.13,-21.054],[-175.062,-21.066],[-175.032,-21.056],[-175.022,-20.99],[-174.997,-20.987],[-174.994,-21.042],[-175.034,-21.079],[-175.066,-21.082]]}},{"type":"Feature","properties":{},"geometry":{"type":"LineString","coordinates":[[-175.011,-20.932],[-175.031,-20.916],[-174.984,-20.891],[-174.97,-20.903],[-174.992,-20.934],[-175.011,-20.932]]}},{"type":"Feature","properties":{},"geometry":{"type":"LineString","coordinates":[[-174.73,-20.515],[-174.796,-20.488],[-174.798,-20.468],[-174.746,-20.44],[-174.712,-20.491],[-174.714,-20.52],[-174.73,-20.515]]}},{"type":"Feature","properties":{},"geometry":{"type":"LineString","coordinates":[[-174.6,-20.583],[-174.598,-20.531],[-174.576,-20.501],[-174.568,-20.543],[-174.586,-20.596],[-174.6,-20.583]]}},{"type":"Feature","properties":{},"geometry":{"type":"LineString","coordinates":[[-174.717,-20.418],[-174.703,-20.373],[-174.674,-20.375],[-174.676,-20.425],[-174.699,-20.432],[-174.717,-20.418]]}},{"type":"Feature","properties":{},"geometry":{"type":"LineString","coordinates":[[-174.614,-20.411],[-174.621,-20.349],[-174.58,-20.294],[-174.511,-20.308],[-174.499,-20.338],[-174.515,-20.416],[-174.533,-20.407],[-174.522,-20.372],[-174.539,-20.348],[-174.586,-20.37],[-174.591,-20.415],[-174.607,-20.425],[-174.614,-20.411]]}},{"type":"Feature","properties":{},"geometry":{"type":"LineString","coordinates":[[-174.566,-20.267],[-174.594,-20.233],[-174.586,-20.212],[-174.553,-20.254],[-174.551,-20.271],[-174.566,-20.267]]}},{"type":"Feature","properties":{},"geometry":{"type":"LineString","coordinates":[[-167.877,-20.028],[-167.887,-19.996],[-167.814,-19.949],[-167.79,-20.006],[-167.858,-20.034],[-167.877,-20.028]]}},{"type":"Feature","properties":{},"geometry":{"type":"LineString","coordinates":[[-165.822,-10.961],[-165.871,-10.937],[-165.908,-10.941],[-165.932,-10.912],[-165.87,-10.914],[-165.856,-10.858],[-165.828,-10.853],[-165.804,-10.948],[-165.822,-10.961]]}},{"type":"Feature","properties":{},"geometry":{"type":"LineString","coordinates":[[-163.156,-13.326],[-163.181,-13.293],[-163.184,-13.257],[-163.122,-13.189],[-163.02,-13.271],[-163.03,-13.299],[-163.119,-13.337],[-163.156,-13.326]]}},{"type":"Feature","properties":{},"geometry":{"type":"LineString","coordinates":[[-157.935,-9.132],[-157.976,-9.104],[-157.914,-9.088],[-157.907,-9.063],[-157.944,-9.001],[-157.927,-8.988],[-157.887,-9.063],[-157.914,-9.124],[-157.935,-9.132]]}},{"type":"Feature","properties":{},"geometry":{"type":"LineString","coordinates":[[-163.198,-18.102],[-163.203,-18.055],[-163.176,-18.04],[-163.176,-17.985],[-163.156,-17.992],[-163.141,-18.025],[-163.142,-18.073],[-163.161,-18.108],[-163.198,-18.102]]}},{"type":"Feature","properties":{},"geometry":{"type":"LineString","coordinates":[[-159.751,-18.959],[-159.771,-18.939],[-159.856,-18.916],[-159.817,-18.842],[-159.786,-18.82],[-159.729,-18.897],[-159.751,-18.959]]}},{"type":"Feature","properties":{},"geometry":{"type":"LineString","coordinates":[[-154.713,-21.781],[-154.678,-21.767],[-154.658,-21.779],[-154.68,-21.817],[-154.721,-21.789]]}},{"type":"Feature","properties":{},"geometry":{"type":"LineString","coordinates":[[-172.024,-13.936],[-172.078,-13.915],[-172.134,-13.841],[-172.07,-13.841],[-172.026,-13.808],[-171.889,-13.783],[-171.798,-13.805]]}},{"type":"Feature","properties":{},"geometry":{"type":"LineString","coordinates":[[-176.231,-13.291],[-176.202,-13.19],[-176.162,-13.161],[-176.073,-13.281],[-176.13,-13.385],[-176.216,-13.37],[-176.231,-13.319]]}},{"type":"Feature","properties":{},"geometry":{"type":"LineString","coordinates":[[-174.511,-20.165],[-174.454,-20.05],[-174.479,-19.978],[-174.395,-19.925]]}},{"type":"Feature","properties":{},"geometry":{"type":"LineString","coordinates":[[-175.107,-21.103],[-175.207,-21.113],[-175.231,-21.097],[-175.241,-21.048],[-175.292,-21.069]]}},{"type":"Feature","properties":{},"geometry":{"type":"LineString","coordinates":[[-161.101,-10.009],[-161.08,-9.995],[-161.057,-10.008],[-161.083,-10.058],[-161.1,-10.064],[-161.107,-10.05]]}},{"type":"Feature","properties":{},"geometry":{"type":"LineString","coordinates":[[-161.06,-10.379],[-161.029,-10.34],[-160.97,-10.363],[-160.958,-10.426],[-161.0,-10.456],[-161.018,-10.441]]}},{"type":"Feature","properties":{},"geometry":{"type":"LineString","coordinates":[[-158.058,-9.016],[-158.035,-9.057],[-158.001,-9.066],[-157.976,-9.104]]}},{"type":"Feature","properties":{},"geometry":{"type":"LineString","coordinates":[[-158.921,-19.26],[-158.942,-19.279],[-158.96,-19.271],[-158.956,-19.226],[-158.9,-19.219],[-158.885,-19.236],[-158.9,-19.26]]}},{"type":"Feature","properties":{},"geometry":{"type":"LineString","coordinates":[[-161.052,-20.631],[-161.037,-20.599],[-161.004,-20.603],[-160.998,-20.622],[-161.032,-20.658],[-161.066,-20.651]]}},{"type":"Feature","properties":{},"geometry":{"type":"LineString","coordinates":[[-153.973,-16.841],[-153.993,-16.815],[-153.967,-16.766],[-153.932,-16.76],[-153.898,-16.793],[-153.906,-16.83],[-153.943,-16.848],[-153.973,-16.841]]}},{"type":"Feature","properties":{},"geometry":{"type":"LineString","coordinates":[[-152.267,-16.484],[-152.308,-16.45],[-152.294,-16.396],[-152.222,-16.408],[-152.212,-16.426],[-152.234,-16.481],[-152.267,-16.484]]}},{"type":"Feature","properties":{},"geometry":{"type":"LineString","coordinates":[[-151.842,-16.293],[-151.883,-16.252],[-151.872,-16.202],[-151.845,-16.197],[-151.78,-16.231],[-151.828,-16.304],[-151.842,-16.293]]}},{"type":"Feature","properties":{},"geometry":{"type":"LineString","coordinates":[[-148.628,-14.922],[-148.728,-14.898],[-148.722,-14.857],[-148.697,-14.826],[-148.595,-14.865],[-148.607,-14.912],[-148.628,-14.922]]}},{"type":"Feature","properties":{},"geometry":{"type":"LineString","coordinates":[[-148.245,-15.128],[-148.297,-15.019],[-148.291,-14.986],[-148.182,-14.888],[-148.106,-14.872],[-148.067,-14.885],[-148.011,-14.958],[-148.017,-14.994],[-148.106,-15.087],[-148.221,-15.139],[-148.245,-15.128]]}},{"type":"Feature","properties":{},"geometry":{"type":"LineString","coordinates":[[-147.45,-15.326],[-147.563,-15.264],[-147.817,-15.212],[-147.909,-15.156],[-147.948,-15.092],[-147.948,-15.056],[-147.85,-14.901],[-147.815,-14.889],[-147.627,-14.94],[-147.343,-15.19],[-147.248,-15.213],[-147.207,-15.261],[-147.212,-15.286],[-147.281,-15.297],[-147.313,-15.326],[-147.45,-15.326]]}},{"type":"Feature","properties":{},"geometry":{"type":"LineString","coordinates":[[-146.415,-14.559],[-146.361,-14.435],[-146.29,-14.411],[-146.216,-14.422],[-146.205,-14.458],[-146.249,-14.511],[-146.354,-14.56],[-146.415,-14.559]]}},{"type":"Feature","properties":{},"geometry":{"type":"LineString","coordinates":[[-146.073,-14.491],[-146.089,-14.422],[-145.9,-14.317],[-145.86,-14.319],[-145.833,-14.343],[-145.85,-14.413],[-145.919,-14.478],[-146.073,-14.491]]}},{"type":"Feature","properties":{},"geometry":{"type":"LineString","coordinates":[[-145.086,-14.504],[-145.053,-14.439],[-144.955,-14.381],[-144.87,-14.365],[-144.835,-14.374],[-144.838,-14.409],[-144.893,-14.439],[-144.961,-14.512],[-145.048,-14.534],[-145.079,-14.525],[-145.086,-14.504]]}},{"type":"Feature","properties":{},"geometry":{"type":"LineString","coordinates":[[-145.291,-14.71],[-145.276,-14.624],[-145.168,-14.559],[-145.138,-14.578],[-145.137,-14.611],[-145.223,-14.717],[-145.291,-14.71]]}},{"type":"Feature","properties":{},"geometry":{"type":"LineString","coordinates":[[-146.799,-15.422],[-146.886,-15.315],[-146.888,-15.278],[-146.815,-15.194],[-146.738,-15.189],[-146.587,-15.242],[-146.572,-15.334],[-146.59,-15.371],[-146.695,-15.429],[-146.757,-15.442],[-146.799,-15.422]]}},{"type":"Feature","properties":{},"geometry":{"type":"LineString","coordinates":[[-146.367,-15.615],[-146.416,-15.578],[-146.45,-15.444],[-146.442,-15.376],[-146.456,-15.361],[-146.422,-15.306],[-146.389,-15.288],[-146.21,-15.306],[-146.161,-15.361],[-146.212,-15.554],[-146.286,-15.6],[-146.367,-15.615]]}},{"type":"Feature","properties":{},"geometry":{"type":"LineString","coordinates":[[-145.97,-16.032],[-146.049,-16.009],[-146.192,-15.906],[-146.224,-15.861],[-146.214,-15.829],[-146.159,-15.778],[-146.124,-15.77],[-145.993,-15.792],[-145.911,-15.847],[-145.858,-15.961],[-145.88,-15.977],[-145.877,-16.005],[-145.97,-16.032]]}},{"type":"Feature","properties":{},"geometry":{"type":"LineString","coordinates":[[-146.614,-15.854],[-146.617,-15.854],[-146.657,-15.851],[-146.851,-15.739],[-146.895,-15.663],[-146.878,-15.633],[-146.792,-15.63],[-146.556,-15.716],[-146.46,-15.84],[-146.474,-15.861],[-146.542,-15.847],[-146.614,-15.854]]}},{"type":"Feature","properties":{},"geometry":{"type":"LineString","coordinates":[[-145.504,-15.635],[-145.583,-15.559],[-145.589,-15.498],[-145.565,-15.443],[-145.548,-15.436],[-145.421,-15.467],[-145.4,-15.491],[-145.465,-15.546],[-145.477,-15.629],[-145.504,-15.635]]}},{"type":"Feature","properties":{},"geometry":{"type":"LineString","coordinates":[[-145.168,-15.977],[-145.258,-15.92],[-145.291,-15.857],[-145.285,-15.825],[-145.243,-15.779],[-145.137,-15.746],[-145.106,-15.765],[-145.038,-15.902],[-145.05,-15.942],[-145.083,-15.972],[-145.126,-15.986],[-145.168,-15.977]]}},{"type":"Feature","properties":{},"geometry":{"type":"LineString","coordinates":[[-144.893,-16.286],[-144.997,-16.209],[-145.03,-16.128],[-145.031,-16.104],[-145.008,-16.081],[-144.94,-16.058],[-144.902,-16.063],[-144.832,-16.101],[-144.778,-16.155],[-144.774,-16.196],[-144.818,-16.268],[-144.893,-16.286]]}},{"type":"Feature","properties":{},"geometry":{"type":"LineString","coordinates":[[-144.209,-16.697],[-144.242,-16.692],[-144.258,-16.671],[-144.236,-16.622],[-144.191,-16.628],[-144.16,-16.662],[-144.177,-16.69],[-144.209,-16.697]]}},{"type":"Feature","properties":{},"geometry":{"type":"LineString","coordinates":[[-144.057,-16.752],[-144.112,-16.749],[-144.129,-16.707],[-144.068,-16.688],[-144.044,-16.733],[-144.049,-16.758],[-144.057,-16.752]]}},{"type":"Feature","properties":{},"geometry":{"type":"LineString","coordinates":[[-144.373,-17.177],[-144.428,-17.088],[-144.414,-17.06],[-144.341,-17.041],[-144.269,-17.067],[-144.313,-17.161],[-144.373,-17.177]]}},{"type":"Feature","properties":{},"geometry":{"type":"LineString","coordinates":[[-144.674,-17.005],[-144.861,-16.909],[-144.942,-16.889],[-144.996,-16.814],[-144.893,-16.78],[-144.753,-16.766],[-144.709,-16.814],[-144.571,-16.872],[-144.558,-16.947],[-144.57,-16.976],[-144.674,-17.005]]}},{"type":"Feature","properties":{},"geometry":{"type":"LineString","coordinates":[[-145.147,-16.807],[-145.315,-16.787],[-145.367,-16.731],[-145.366,-16.702],[-145.26,-16.684],[-145.134,-16.718],[-145.106,-16.749],[-145.109,-16.77],[-145.147,-16.807]]}},{"type":"Feature","properties":{},"geometry":{"type":"LineString","coordinates":[[-145.387,-17.505],[-145.603,-17.372],[-145.605,-17.332],[-145.586,-17.301],[-145.48,-17.321],[-145.368,-17.432],[-145.346,-17.492],[-145.387,-17.505]]}},{"type":"Feature","properties":{},"geometry":{"type":"LineString","coordinates":[[-143.502,-16.759],[-143.75,-16.659],[-143.787,-16.621],[-143.936,-16.579],[-144.014,-16.501],[-144.003,-16.477],[-143.962,-16.437],[-143.87,-16.435],[-143.83,-16.458],[-143.771,-16.542],[-143.679,-16.559],[-143.569,-16.617],[-143.502,-16.594],[-143.411,-16.612],[-143.379,-16.64],[-143.379,-16.677],[-143.502,-16.759]]}},{"type":"Feature","properties":{},"geometry":{"type":"LineString","coordinates":[[-143.037,-16.416],[-143.1,-16.403],[-143.152,-16.416],[-143.184,-16.398],[-143.248,-16.278],[-143.225,-16.267],[-143.152,-16.279],[-143.044,-16.344],[-142.991,-16.391],[-143.037,-16.416]]}},{"type":"Feature","properties":{},"geometry":{"type":"LineString","coordinates":[[-142.474,-16.239],[-142.535,-16.211],[-142.548,-16.126],[-142.508,-16.035],[-142.41,-15.926],[-142.333,-15.915],[-142.31,-15.929],[-142.347,-16.044],[-142.41,-16.179],[-142.474,-16.239]]}},{"type":"Feature","properties":{},"geometry":{"type":"LineString","coordinates":[[-142.283,-15.867],[-142.291,-15.839],[-142.27,-15.818],[-142.166,-15.734],[-142.127,-15.728],[-142.219,-15.843],[-142.283,-15.867]]}},{"type":"Feature","properties":{},"geometry":{"type":"LineString","coordinates":[[-141.213,-14.21],[-141.267,-14.191],[-141.282,-14.155],[-141.221,-14.147],[-141.166,-14.182],[-141.184,-14.204],[-141.213,-14.21]]}},{"type":"Feature","properties":{},"geometry":{"type":"LineString","coordinates":[[-138.794,-14.833],[-138.825,-14.842],[-138.845,-14.829],[-138.856,-14.778],[-138.794,-14.792],[-138.782,-14.815],[-138.794,-14.833]]}},{"type":"Feature","properties":{},"geometry":{"type":"LineString","coordinates":[[-140.165,-16.005],[-140.192,-15.958],[-140.186,-15.943],[-140.122,-15.934],[-140.081,-15.952],[-140.078,-15.974],[-140.104,-15.999],[-140.165,-16.005]]}},{"type":"Feature","properties":{},"geometry":{"type":"LineString","coordinates":[[-140.878,-15.847],[-140.907,-15.835],[-140.906,-15.803],[-140.843,-15.771],[-140.822,-15.777],[-140.824,-15.834],[-140.878,-15.847]]}},{"type":"Feature","properties":{},"geometry":{"type":"LineString","coordinates":[[-141.92,-16.862],[-141.954,-16.856],[-141.964,-16.819],[-141.91,-16.838],[-141.905,-16.855],[-141.92,-16.862]]}},{"type":"Feature","properties":{},"geometry":{"type":"LineString","coordinates":[[-141.529,-17.397],[-141.563,-17.382],[-141.552,-17.339],[-141.499,-17.357],[-141.507,-17.388],[-141.529,-17.397]]}},{"type":"Feature","properties":{},"geometry":{"type":"LineString","coordinates":[[-143.092,-17.204],[-143.122,-17.189],[-143.18,-17.094],[-143.311,-17.012],[-143.355,-16.927],[-143.197,-16.919],[-143.077,-16.975],[-143.039,-17.166],[-143.044,-17.194],[-143.092,-17.204]]}},{"type":"Feature","properties":{},"geometry":{"type":"LineString","coordinates":[[-143.482,-17.471],[-143.478,-17.422],[-143.44,-17.42],[-143.393,-17.444],[-143.397,-17.469],[-143.428,-17.484],[-143.482,-17.471]]}},{"type":"Feature","properties":{},"geometry":{"type":"LineString","coordinates":[[-142.577,-17.629],[-142.65,-17.633],[-142.67,-17.608],[-142.677,-17.522],[-142.624,-17.511],[-142.568,-17.533],[-142.53,-17.591],[-142.577,-17.629]]}},{"type":"Feature","properties":{},"geometry":{"type":"LineString","coordinates":[[-137.007,-18.369],[-137.083,-18.273],[-137.071,-18.244],[-137.02,-18.264],[-136.971,-18.314],[-136.966,-18.364],[-136.978,-18.38],[-137.007,-18.369]]}},{"type":"Feature","properties":{},"geometry":{"type":"LineString","coordinates":[[-137.143,-23.193],[-137.162,-23.171],[-137.143,-23.146],[-137.088,-23.165],[-137.125,-23.198],[-137.143,-23.193]]}},{"type":"Feature","properties":{},"geometry":{"type":"LineString","coordinates":[[-151.726,-16.443],[-151.7,-16.459],[-151.696,-16.532],[-151.709,-16.545],[-151.779,-16.545],[-151.804,-16.524],[-151.791,-16.438],[-151.774,-16.43]]}},{"type":"Feature","properties":{},"geometry":{"type":"LineString","coordinates":[[-151.486,-16.93],[-151.504,-16.912],[-151.518,-16.841],[-151.534,-16.687],[-151.579,-16.659],[-151.586,-16.605],[-151.561,-16.556],[-151.529,-16.542],[-151.458,-16.553]]}},{"type":"Feature","properties":{},"geometry":{"type":"LineString","coordinates":[[-150.965,-16.8],[-151.017,-16.844],[-151.072,-16.771],[-151.061,-16.684],[-151.013,-16.677],[-150.951,-16.759]]}},{"type":"Feature","properties":{},"geometry":{"type":"LineString","coordinates":[[-151.397,-16.766],[-151.339,-16.875],[-151.438,-16.916]]}},{"type":"Feature","properties":{},"geometry":{"type":"LineString","coordinates":[[-145.381,-16.471],[-145.473,-16.533],[-145.51,-16.532],[-145.633,-16.438],[-145.801,-16.221],[-145.826,-16.156],[-145.812,-16.094],[-145.67,-16.024],[-145.636,-16.021],[-145.606,-16.039],[-145.545,-16.146],[-145.524,-16.224],[-145.345,-16.432],[-145.353,-16.458]]}},{"type":"Feature","properties":{},"geometry":{"type":"LineString","coordinates":[[-142.893,-16.684],[-142.881,-16.633],[-142.834,-16.615],[-142.777,-16.719],[-142.878,-16.767],[-142.893,-16.765],[-142.893,-16.738]]}},{"type":"Feature","properties":{},"geometry":{"type":"LineString","coordinates":[[-150.211,-9.885],[-150.201,-9.943],[-150.214,-9.996],[-150.27,-10.015],[-150.289,-10.003],[-150.247,-9.877],[-150.232,-9.869],[-150.211,-9.885]]}},{"type":"Feature","properties":{},"geometry":{"type":"LineString","coordinates":[[-162.046,5.848],[-162.133,5.834],[-162.168,5.851],[-162.163,5.889],[-162.119,5.909],[-162.062,5.9],[-162.038,5.878],[-162.046,5.848]]}},{"type":"Feature","properties":{},"geometry":{"type":"LineString","coordinates":[[-162.416,6.349],[-162.375,6.334],[-162.334,6.349],[-162.33,6.413],[-162.398,6.444],[-162.46,6.409],[-162.485,6.369]]}},{"type":"Feature","properties":{},"geometry":{"type":"LineString","coordinates":[[-134.471,-23.365],[-134.493,-23.382],[-134.505,-23.372],[-134.525,-23.324],[-134.48,-23.332],[-134.471,-23.365]]}},{"type":"Feature","properties":{},"geometry":{"type":"LineString","coordinates":[[-135.451,-21.534],[-135.487,-21.536],[-135.567,-21.576],[-135.609,-21.576],[-135.637,-21.559],[-135.656,-21.49],[-135.627,-21.462],[-135.597,-21.476],[-135.508,-21.47],[-135.46,-21.5],[-135.451,-21.534]]}},{"type":"Feature","properties":{},"geometry":{"type":"LineString","coordinates":[[-136.156,-22.035],[-136.208,-22.048],[-136.224,-22.035],[-136.219,-22.008],[-136.2,-21.991],[-136.15,-21.989],[-136.137,-22.001],[-136.156,-22.035]]}},{"type":"Feature","properties":{},"geometry":{"type":"LineString","coordinates":[[-136.362,-21.494],[-136.388,-21.508],[-136.415,-21.499],[-136.432,-21.479],[-136.427,-21.456],[-136.379,-21.449],[-136.362,-21.494]]}},{"type":"Feature","properties":{},"geometry":{"type":"LineString","coordinates":[[-136.52,-21.343],[-136.559,-21.372],[-136.577,-21.368],[-136.569,-21.328],[-136.525,-21.322],[-136.52,-21.343]]}},{"type":"Feature","properties":{},"geometry":{"type":"LineString","coordinates":[[-136.293,-18.554],[-136.306,-18.579],[-136.339,-18.575],[-136.491,-18.485],[-136.499,-18.458],[-136.461,-18.441],[-136.391,-18.464],[-136.324,-18.509],[-136.293,-18.554]]}},{"type":"Feature","properties":{},"geometry":{"type":"LineString","coordinates":[[-138.363,-17.341],[-138.42,-17.369],[-138.456,-17.372],[-138.48,-17.355],[-138.474,-17.329],[-138.377,-17.279],[-138.336,-17.297],[-138.363,-17.341]]}},{"type":"Feature","properties":{},"geometry":{"type":"LineString","coordinates":[[-138.794,-18.78],[-138.82,-18.795],[-138.886,-18.78],[-138.878,-18.753],[-138.847,-18.741],[-138.787,-18.758],[-138.794,-18.78]]}},{"type":"Feature","properties":{},"geometry":{"type":"LineString","coordinates":[[-139.206,-19.349],[-139.226,-19.36],[-139.266,-19.345],[-139.254,-19.322],[-139.226,-19.313],[-139.19,-19.337],[-139.206,-19.349]]}},{"type":"Feature","properties":{},"geometry":{"type":"LineString","coordinates":[[-139.137,-20.815],[-139.163,-20.823],[-139.179,-20.805],[-139.152,-20.759],[-139.117,-20.796],[-139.137,-20.815]]}},{"type":"Feature","properties":{},"geometry":{"type":"LineString","coordinates":[[-138.719,-22.269],[-138.774,-22.275],[-138.798,-22.217],[-138.76,-22.203],[-138.726,-22.219],[-138.708,-22.247],[-138.719,-22.269]]}},{"type":"Feature","properties":{},"geometry":{"type":"LineString","coordinates":[[-140.59,-21.72],[-140.672,-21.726],[-140.686,-21.652],[-140.645,-21.624],[-140.603,-21.665],[-140.59,-21.72]]}},{"type":"Feature","properties":{},"geometry":{"type":"LineString","coordinates":[[-140.377,-19.65],[-140.414,-19.665],[-140.438,-19.646],[-140.443,-19.603],[-140.369,-19.621],[-140.377,-19.65]]}},{"type":"Feature","properties":{},"geometry":{"type":"LineString","coordinates":[[-140.686,-19.171],[-140.714,-19.173],[-140.74,-19.123],[-140.71,-19.109],[-140.681,-19.119],[-140.665,-19.162],[-140.686,-19.171]]}},{"type":"Feature","properties":{},"geometry":{"type":"LineString","coordinates":[[-141.227,-19.226],[-141.254,-19.236],[-141.274,-19.217],[-141.272,-19.177],[-141.251,-19.172],[-141.22,-19.196],[-141.227,-19.226]]}},{"type":"Feature","properties":{},"geometry":{"type":"LineString","coordinates":[[-143.543,-20.439],[-143.55,-20.438],[-143.554,-20.438],[-143.566,-20.436],[-143.584,-20.418],[-143.557,-20.38],[-143.526,-20.406],[-143.521,-20.43],[-143.543,-20.439]]}},{"type":"Feature","properties":{},"geometry":{"type":"LineString","coordinates":[[-144.25,-16.821],[-144.302,-16.822],[-144.32,-16.812],[-144.292,-16.776],[-144.25,-16.821]]}},{"type":"Feature","properties":{},"geometry":{"type":"LineString","coordinates":[[-144.613,-15.744],[-144.671,-15.744],[-144.687,-15.705],[-144.62,-15.69],[-144.613,-15.744]]}},{"type":"Feature","properties":{},"geometry":{"type":"LineString","coordinates":[[-144.517,-14.956],[-144.561,-14.968],[-144.581,-14.963],[-144.585,-14.943],[-144.548,-14.918],[-144.525,-14.927],[-144.517,-14.956]]}},{"type":"Feature","properties":{},"geometry":{"type":"LineString","coordinates":[[-148.231,-15.861],[-148.279,-15.863],[-148.303,-15.83],[-148.296,-15.771],[-148.238,-15.787],[-148.213,-15.849],[-148.231,-15.861]]}},{"type":"Feature","properties":{},"geometry":{"type":"LineString","coordinates":[[-144.942,-19.918],[-144.966,-19.937],[-144.99,-19.929],[-145.009,-19.904],[-145.01,-19.856],[-144.959,-19.846],[-144.942,-19.918]]}},{"type":"Feature","properties":{},"geometry":{"type":"LineString","coordinates":[[-151.232,-22.851],[-151.26,-22.84],[-151.263,-22.795],[-151.215,-22.801],[-151.214,-22.843],[-151.232,-22.851]]}},{"type":"Feature","properties":{},"geometry":{"type":"LineString","coordinates":[[-152.829,-22.652],[-152.872,-22.669],[-152.905,-22.652],[-152.879,-22.591],[-152.834,-22.591],[-152.82,-22.631],[-152.829,-22.652]]}},{"type":"Feature","properties":{},"geometry":{"type":"LineString","coordinates":[[-134.875,-23.227],[-134.849,-23.2],[-134.837,-23.108],[-134.943,-23.002],[-134.965,-23.008],[-135.012,-23.07]]}},{"type":"Feature","properties":{},"geometry":{"type":"LineString","coordinates":[[-139.035,-21.864],[-139.047,-21.882],[-139.021,-21.897],[-138.881,-21.889],[-138.786,-21.857],[-138.768,-21.827],[-138.888,-21.781],[-138.932,-21.803]]}},{"type":"Feature","properties":{},"geometry":{"type":"LineString","coordinates":[[-138.576,-20.802],[-138.582,-20.85],[-138.548,-20.884]]}},{"type":"Feature","properties":{},"geometry":{"type":"LineString","coordinates":[[-138.535,-20.898],[-138.493,-20.856],[-138.507,-20.801],[-138.549,-20.765],[-138.59,-20.788]]}},{"type":"Feature","properties":{},"geometry":{"type":"LineString","coordinates":[[-140.98,-18.054],[-141.08,-18.077],[-141.077,-18.125],[-141.048,-18.169],[-140.85,-18.368],[-140.802,-18.397],[-140.672,-18.421],[-140.666,-18.39],[-140.684,-18.369],[-140.768,-18.328]]}},{"type":"Feature","properties":{},"geometry":{"type":"LineString","coordinates":[[-140.782,-18.322],[-140.811,-18.28],[-140.812,-18.188],[-140.953,-18.047]]}},{"type":"Feature","properties":{},"geometry":{"type":"LineString","coordinates":[[-140.837,-17.801],[-140.865,-17.841],[-140.82,-17.876],[-140.769,-17.862],[-140.647,-17.762],[-140.606,-17.701],[-140.623,-17.667],[-140.666,-17.677]]}},{"type":"Feature","properties":{},"geometry":{"type":"LineString","coordinates":[[-140.679,-17.684],[-140.757,-17.715],[-140.817,-17.773]]}},{"type":"Feature","properties":{},"geometry":{"type":"LineString","coordinates":[[-141.769,-18.773],[-141.775,-18.793],[-141.834,-18.794],[-141.879,-18.739],[-141.877,-18.704],[-141.84,-18.693],[-141.795,-18.704],[-141.769,-18.732]]}},{"type":"Feature","properties":{},"geometry":{"type":"LineString","coordinates":[[-142.139,-18.273],[-142.111,-18.253],[-142.201,-18.143]]}},{"type":"Feature","properties":{},"geometry":{"type":"LineString","coordinates":[[-142.187,-18.314],[-142.201,-18.3],[-142.187,-18.222],[-142.221,-18.156]]}},{"type":"Feature","properties":{},"geometry":{"type":"LineString","coordinates":[[-142.208,-17.978],[-142.203,-18.029],[-142.228,-18.112],[-142.239,-18.139],[-142.265,-18.141],[-142.392,-18.07],[-142.419,-18.039],[-142.399,-18.006],[-142.288,-18.005],[-142.27,-17.978]]}},{"type":"Feature","properties":{},"geometry":{"type":"LineString","coordinates":[[-142.605,-17.314],[-142.571,-17.341],[-142.551,-17.315],[-142.555,-17.294],[-142.576,-17.284],[-142.605,-17.294]]}},{"type":"Feature","properties":{},"geometry":{"type":"LineString","coordinates":[[-143.112,-17.841],[-143.093,-17.86],[-143.068,-17.854],[-143.053,-17.835],[-143.064,-17.814]]}},{"type":"Feature","properties":{},"geometry":{"type":"LineString","coordinates":[[-147.634,-23.817],[-147.614,-23.819],[-147.604,-23.852],[-147.687,-23.901],[-147.726,-23.895],[-147.746,-23.876],[-147.724,-23.844]]}},{"type":"Feature","properties":{},"geometry":{"type":"LineString","coordinates":[[-149.54,-23.393],[-149.535,-23.367],[-149.497,-23.343],[-149.449,-23.337],[-149.417,-23.365]]}},{"type":"Feature","properties":{},"geometry":{"type":"LineString","coordinates":[[-151.349,-22.522],[-151.329,-22.476],[-151.349,-22.426],[-151.387,-22.41],[-151.404,-22.454]]}},{"type":"Feature","properties":{},"geometry":{"type":"LineString","coordinates":[[-149.554,-17.033],[-149.525,-17.012],[-149.516,-16.981],[-149.524,-16.938],[-149.543,-16.93],[-149.605,-16.94],[-149.629,-17.005]]}},{"type":"Feature","properties":{},"geometry":{"type":"LineString","coordinates":[[-149.656,-17.512],[-149.663,-17.601]]}},{"type":"Feature","properties":{},"geometry":{"type":"LineString","coordinates":[[-149.656,-17.615],[-149.592,-17.743],[-149.547,-17.752]]}},{"type":"Feature","properties":{},"geometry":{"type":"LineString","coordinates":[[-149.437,-17.766],[-149.368,-17.752]]}},{"type":"Feature","properties":{},"geometry":{"type":"LineString","coordinates":[[-149.348,-17.821],[-149.324,-17.849],[-149.211,-17.883]]}},{"type":"Feature","properties":{},"geometry":{"type":"LineString","coordinates":[[-149.259,-17.704],[-149.302,-17.685],[-149.313,-17.546]]}},{"type":"Feature","properties":{},"geometry":{"type":"LineString","coordinates":[[-149.334,-17.519],[-149.423,-17.478]]}},{"type":"Feature","properties":{},"geometry":{"type":"LineString","coordinates":[[-149.903,-17.574],[-149.841,-17.595]]}},{"type":"Feature","properties":{},"geometry":{"type":"LineString","coordinates":[[-150.671,-17.684],[-150.62,-17.674],[-150.616,-17.629],[-150.66,-17.609],[-150.682,-17.621],[-150.691,-17.65]]}},{"type":"Feature","properties":{},"geometry":{"type":"LineString","coordinates":[[-151.411,-16.731],[-151.437,-16.694],[-151.411,-16.603],[-151.432,-16.573]]}},{"type":"Feature","properties":{},"geometry":{"type":"LineString","coordinates":[[-154.529,-15.826],[-154.511,-15.797],[-154.521,-15.758]]}},{"type":"Feature","properties":{},"geometry":{"type":"LineString","coordinates":[[-154.557,-15.765],[-154.576,-15.799],[-154.557,-15.826]]}},{"type":"Feature","properties":{},"geometry":{"type":"LineString","coordinates":[[-154.638,-16.56],[-154.621,-16.54],[-154.638,-16.484]]}},{"type":"Feature","properties":{},"geometry":{"type":"LineString","coordinates":[[-154.659,-16.464],[-154.717,-16.458],[-154.755,-16.512]]}},{"type":"Feature","properties":{},"geometry":{"type":"LineString","coordinates":[[57.72,-20.466],[57.782,-20.391],[57.823,-20.305],[57.827,-20.23],[57.776,-20.144]]}},{"type":"Feature","properties":{},"geometry":{"type":"LineString","coordinates":[[63.292,-19.753],[63.278,-19.725],[63.29,-19.693],[63.346,-19.657]]}},{"type":"Feature","properties":{},"geometry":{"type":"LineString","coordinates":[[63.366,-19.829],[63.421,-19.775],[63.481,-19.759],[63.532,-19.691],[63.504,-19.654],[63.466,-19.646],[63.374,-19.657]]}},{"type":"Feature","properties":{},"geometry":{"type":"LineString","coordinates":[[56.576,-10.379],[56.551,-10.321],[56.529,-10.298],[56.501,-10.297],[56.486,-10.318],[56.516,-10.378],[56.594,-10.462],[56.623,-10.468],[56.641,-10.447],[56.583,-10.386]]}},{"type":"Feature","properties":{},"geometry":{"type":"LineString","coordinates":[[59.694,-16.622],[59.688,-16.481],[59.603,-16.41],[59.599,-16.446],[59.639,-16.594]]}},{"type":"Feature","properties":{},"geometry":{"type":"LineString","coordinates":[[59.681,-16.649],[59.567,-16.8],[59.511,-16.827],[59.475,-16.821],[59.529,-16.787],[59.567,-16.719],[59.621,-16.693],[59.645,-16.642]]}},{"type":"Feature","properties":{},"geometry":{"type":"LineString","coordinates":[[57.494,-20.549],[57.357,-20.531],[57.279,-20.473],[57.275,-20.434],[57.33,-20.391]]}},{"type":"Feature","properties":{},"geometry":{"type":"LineString","coordinates":[[57.418,-20.158],[57.463,-20.126],[57.501,-20.042]]}},{"type":"Feature","properties":{},"geometry":{"type":"LineString","coordinates":[[57.768,-20.103],[57.72,-20.059],[57.723,-20.024],[57.7,-19.993],[57.648,-19.968],[57.59,-19.966]]}},{"type":"Feature","properties":{},"geometry":{"type":"LineString","coordinates":[[55.274,-21.166],[55.205,-21.056]]}},{"type":"Feature","properties":{},"geometry":{"type":"LineString","coordinates":[[63.353,-19.829],[63.318,-19.815],[63.298,-19.774]]}},{"type":"Feature","properties":{},"geometry":{"type":"LineString","coordinates":[[51.005,-9.454],[51.018,-9.334],[51.044,-9.264],[51.032,-9.22],[51.058,-9.185],[51.072,-9.186],[51.074,-9.229],[51.118,-9.286],[51.121,-9.338]]}},{"type":"Feature","properties":{},"geometry":{"type":"LineString","coordinates":[[51.114,-9.364],[51.093,-9.44]]}},{"type":"Feature","properties":{},"geometry":{"type":"LineString","coordinates":[[51.079,-9.454],[51.038,-9.536]]}},{"type":"Feature","properties":{},"geometry":{"type":"LineString","coordinates":[[51.142,-10.125],[51.182,-10.084],[51.201,-10.099],[51.197,-10.125]]}},{"type":"Feature","properties":{},"geometry":{"type":"LineString","coordinates":[[51.197,-10.133],[51.173,-10.186],[51.093,-10.221]]}},{"type":"Feature","properties":{},"geometry":{"type":"LineString","coordinates":[[51.072,-10.228],[51.043,-10.198],[51.038,-10.153],[51.121,-10.133]]}},{"type":"Feature","properties":{},"geometry":{"type":"LineString","coordinates":[[38.376,23.741],[38.316,23.721],[38.252,23.638],[38.316,23.557],[38.321,23.469],[38.371,23.453],[38.403,23.459],[38.452,23.581],[38.406,23.651],[38.376,23.741]]}},{"type":"Feature","properties":{},"geometry":{"type":"LineString","coordinates":[[38.765,23.0],[38.683,23.092],[38.627,23.089],[38.588,23.038],[38.602,22.953],[38.717,22.813],[38.806,22.898],[38.796,22.955],[38.765,23.0]]}},{"type":"Feature","properties":{},"geometry":{"type":"LineString","coordinates":[[39.012,21.239],[39.079,21.178],[39.232,20.95],[39.197,20.899],[39.143,20.924],[39.074,21.026],[38.976,21.038],[38.921,21.091],[38.916,21.11],[38.956,21.196],[38.988,21.237],[39.012,21.239]]}},{"type":"Feature","properties":{},"geometry":{"type":"LineString","coordinates":[[42.35,16.655],[42.394,16.656],[42.408,16.63],[42.399,16.434],[42.35,16.361],[42.308,16.377],[42.274,16.443],[42.308,16.521],[42.33,16.636],[42.35,16.655]]}},{"type":"Feature","properties":{},"geometry":{"type":"LineString","coordinates":[[37.964,24.089],[38.012,24.063],[37.95,24.07],[37.93,24.055],[37.957,23.933],[38.081,23.847],[38.088,23.821],[38.2,23.802],[38.276,23.761],[38.294,23.769],[38.306,23.823],[38.272,23.878]]}},{"type":"Feature","properties":{},"geometry":{"type":"LineString","coordinates":[[38.334,23.864],[38.407,23.77],[38.505,23.59],[38.512,23.418],[38.556,23.292],[38.676,23.14],[38.759,23.069]]}},{"type":"Feature","properties":{},"geometry":{"type":"LineString","coordinates":[[38.937,22.775],[38.902,22.75],[38.916,22.623],[38.812,22.41],[38.802,22.372],[38.821,22.342],[38.859,22.339],[38.902,22.362],[38.971,22.432],[39.012,22.631]]}},{"type":"Feature","properties":{},"geometry":{"type":"LineString","coordinates":[[39.06,22.494],[39.012,22.329],[38.991,22.33],[38.975,22.384],[38.931,22.348],[38.902,22.18],[38.882,22.172],[38.856,22.185],[38.837,22.116],[38.746,22.094],[38.704,22.051],[38.732,21.822],[38.84,21.665],[38.898,21.64],[38.95,21.685],[39.01,21.666],[39.036,21.683],[39.024,21.724],[38.949,21.831],[38.886,21.87],[38.895,21.908],[38.851,21.968],[38.863,22.0],[38.91,21.988],[38.931,21.932]]}},{"type":"Feature","properties":{},"geometry":{"type":"LineString","coordinates":[[39.622,20.376],[39.624,20.338],[39.663,20.312],[39.76,20.308]]}},{"type":"Feature","properties":{},"geometry":{"type":"LineString","coordinates":[[39.951,20.232],[39.961,20.206],[40.014,20.173],[40.136,20.157]]}},{"type":"Feature","properties":{},"geometry":{"type":"LineString","coordinates":[[40.239,20.136],[40.232,20.118],[40.261,20.042],[40.287,20.054],[40.362,20.018],[40.374,19.976],[40.403,19.958],[40.434,19.985],[40.497,19.959],[40.516,19.94],[40.51,19.891],[40.547,19.869]]}},{"type":"Feature","properties":{},"geometry":{"type":"LineString","coordinates":[[40.609,19.766],[40.589,19.79],[40.478,19.834],[40.438,19.896],[40.383,19.91],[40.345,19.886],[40.343,19.81],[40.365,19.789],[40.458,19.787],[40.512,19.722],[40.595,19.739]]}},{"type":"Feature","properties":{},"geometry":{"type":"LineString","coordinates":[[40.753,19.547],[40.702,19.574],[40.661,19.614],[40.656,19.619],[40.609,19.725],[40.558,19.661],[40.554,19.636],[40.571,19.608],[40.6,19.6],[40.634,19.604],[40.661,19.614],[40.664,19.615]]}},{"type":"Feature","properties":{},"geometry":{"type":"LineString","coordinates":[[40.856,19.417],[40.861,19.377],[40.901,19.318],[40.905,19.08],[40.952,19.002],[40.966,18.93],[40.995,18.899],[41.005,18.83],[41.047,18.749],[41.043,18.702],[40.986,18.676],[40.964,18.687],[40.925,18.786]]}},{"type":"Feature","properties":{},"geometry":{"type":"LineString","coordinates":[[41.219,18.807],[41.179,18.723],[41.21,18.614],[41.263,18.553],[41.302,18.547]]}},{"type":"Feature","properties":{},"geometry":{"type":"LineString","coordinates":[[41.377,18.32],[41.298,18.255],[41.274,18.205],[41.288,18.19],[41.349,18.21],[41.381,18.198],[41.394,18.167],[41.375,18.113],[41.383,18.072],[41.423,18.056],[41.438,18.081]]}},{"type":"Feature","properties":{},"geometry":{"type":"LineString","coordinates":[[41.678,17.197],[41.661,17.222],[41.644,17.197],[41.625,17.011],[41.644,16.991]]}},{"type":"Feature","properties":{},"geometry":{"type":"LineString","coordinates":[[41.561,16.901],[41.519,16.896],[41.482,16.921],[41.368,17.067],[41.247,17.083],[41.241,17.009],[41.261,16.96],[41.521,16.614],[41.584,16.483],[41.713,16.384],[41.75,16.268],[41.809,16.263],[41.892,16.327],[42.007,16.369],[41.959,16.477],[41.662,16.685],[41.616,16.813]]}},{"type":"Feature","properties":{},"geometry":{"type":"LineString","coordinates":[[41.945,16.997],[41.889,17.028],[41.88,17.063],[41.785,17.125],[41.739,17.124],[41.762,17.078],[41.815,17.038],[41.744,17.009],[41.741,16.969],[41.812,16.929],[41.88,16.967],[41.884,16.936],[41.822,16.911],[41.815,16.888]]}},{"type":"Feature","properties":{},"geometry":{"type":"LineString","coordinates":[[41.815,17.148],[41.823,17.171],[41.843,17.169],[41.939,17.114],[42.005,17.048],[42.028,16.994],[42.021,16.969],[41.966,16.923]]}},{"type":"Feature","properties":{},"geometry":{"type":"LineString","coordinates":[[42.254,16.942],[42.218,16.949],[42.198,16.923],[42.267,16.881],[42.28,16.858],[42.295,16.751]]}},{"type":"Feature","properties":{},"geometry":{"type":"LineString","coordinates":[[42.371,16.34],[42.408,16.286],[42.432,16.29],[42.418,16.333],[42.449,16.354],[42.491,16.345],[42.542,16.292],[42.559,16.399],[42.614,16.314],[42.604,16.209],[42.616,16.186],[42.661,16.163],[42.683,16.208],[42.706,16.202],[42.754,16.008],[42.737,15.99],[42.685,16.017],[42.721,16.051],[42.726,16.073],[42.706,16.093],[42.628,16.099],[42.539,16.152],[42.465,16.123],[42.443,16.104],[42.439,16.072]]}},{"type":"Feature","properties":{},"geometry":{"type":"LineString","coordinates":[[42.678,16.731],[42.675,16.704],[42.712,16.651],[42.706,16.565],[42.747,16.48],[42.754,16.353],[42.781,16.323],[42.81,16.031],[42.795,15.984],[42.816,15.96],[42.814,15.888],[42.802,15.881]]}},{"type":"Feature","properties":{},"geometry":{"type":"LineString","coordinates":[[42.219,16.422],[42.233,16.374],[42.274,16.353],[42.28,16.331],[42.212,16.312],[42.173,16.284],[42.178,16.244],[42.214,16.223],[42.267,16.251]]}},{"type":"Feature","properties":{},"geometry":{"type":"LineString","coordinates":[[42.322,15.881],[42.241,16.1],[42.089,16.278],[41.97,16.305],[41.933,16.286],[41.855,16.132],[41.873,16.071],[41.914,16.027],[41.919,15.99]]}},{"type":"Feature","properties":{},"geometry":{"type":"LineString","coordinates":[[42.295,16.237],[42.349,16.221],[42.369,16.163],[42.351,16.125],[42.298,16.186],[42.258,16.193],[42.247,16.176],[42.27,16.104],[42.325,16.056],[42.419,16.05],[42.398,16.011],[42.362,16.031],[42.342,16.023],[42.363,15.888],[42.384,15.888],[42.422,15.959],[42.481,16.017],[42.501,15.976],[42.47,15.959],[42.422,15.871],[42.446,15.868],[42.503,15.93],[42.561,15.95],[42.576,15.918],[42.565,15.88],[42.508,15.826],[42.534,15.804],[42.616,15.906],[42.624,15.942]]}},{"type":"Feature","properties":{},"geometry":{"type":"LineString","coordinates":[[42.781,15.881],[42.706,15.844],[42.694,15.771],[42.659,15.711],[42.658,15.644],[42.7,15.592],[42.696,15.563],[42.753,15.407],[42.795,15.36]]}},{"type":"Feature","properties":{},"geometry":{"type":"LineString","coordinates":[[42.712,15.195],[42.822,15.14]]}},{"type":"Feature","properties":{},"geometry":{"type":"LineString","coordinates":[[42.822,15.127],[42.833,15.079],[42.864,15.052]]}},{"type":"Feature","properties":{},"geometry":{"type":"LineString","coordinates":[[42.864,15.024],[42.918,14.921]]}},{"type":"Feature","properties":{},"geometry":{"type":"LineString","coordinates":[[42.918,14.908],[42.884,14.949],[42.859,14.949],[42.843,14.932],[42.864,14.827],[42.884,14.826]]}},{"type":"Feature","properties":{},"geometry":{"type":"LineString","coordinates":[[42.898,14.811],[42.928,14.761],[42.938,14.678],[42.966,14.662],[42.987,14.599]]}},{"type":"Feature","properties":{},"geometry":{"type":"LineString","coordinates":[[42.974,14.428],[42.999,14.346],[43.035,14.332]]}},{"type":"Feature","properties":{},"geometry":{"type":"LineString","coordinates":[[37.429,24.461],[37.437,24.392]]}},{"type":"Feature","properties":{},"geometry":{"type":"LineString","coordinates":[[36.024,26.654],[36.075,26.641],[36.113,26.605]]}},{"type":"Feature","properties":{},"geometry":{"type":"LineString","coordinates":[[36.692,25.545],[36.73,25.502]]}},{"type":"Feature","properties":{},"geometry":{"type":"LineString","coordinates":[[36.586,25.564],[36.615,25.532],[36.662,25.426]]}},{"type":"Feature","properties":{},"geometry":{"type":"LineString","coordinates":[[51.827,24.905],[51.765,24.858]]}},{"type":"Feature","properties":{},"geometry":{"type":"LineString","coordinates":[[51.642,25.022],[51.692,24.966],[51.696,24.933]]}},{"type":"Feature","properties":{},"geometry":{"type":"LineString","coordinates":[[51.478,25.967],[51.52,25.96],[51.594,25.907]]}},{"type":"Feature","properties":{},"geometry":{"type":"LineString","coordinates":[[51.273,26.187],[51.235,26.203],[51.197,26.187]]}},{"type":"Feature","properties":{},"geometry":{"type":"LineString","coordinates":[[51.107,26.105],[51.026,26.054],[51.018,26.022]]}},{"type":"Feature","properties":{},"geometry":{"type":"LineString","coordinates":[[50.977,26.263],[50.956,26.295],[50.943,26.283],[50.957,26.228]]}},{"type":"Feature","properties":{},"geometry":{"type":"LineString","coordinates":[[50.73,26.105],[50.717,26.14],[50.667,26.146],[50.621,26.187]]}},{"type":"Feature","properties":{},"geometry":{"type":"LineString","coordinates":[[50.627,26.235],[50.679,26.198],[50.683,26.263],[50.669,26.297]]}},{"type":"Feature","properties":{},"geometry":{"type":"LineString","coordinates":[[50.649,26.303],[50.602,26.301],[50.593,26.276]]}},{"type":"Feature","properties":{},"geometry":{"type":"LineString","coordinates":[[50.518,26.413],[50.523,26.438],[50.583,26.485],[50.591,26.512],[50.545,26.549],[50.483,26.523],[50.456,26.42],[50.483,26.386]]}},{"type":"Feature","properties":{},"geometry":{"type":"LineString","coordinates":[[-76.915,25.283],[-77.096,25.142],[-77.217,25.097]]}},{"type":"Feature","properties":{},"geometry":{"type":"LineString","coordinates":[[-77.066,26.68],[-76.97,26.598]]}},{"type":"Feature","properties":{},"geometry":{"type":"LineString","coordinates":[[-77.361,26.907],[-78.005,27.125],[-78.382,27.202]]}},{"type":"Feature","properties":{},"geometry":{"type":"LineString","coordinates":[[-77.072,21.623],[-77.024,21.596],[-76.997,21.555]]}},{"type":"Feature","properties":{},"geometry":{"type":"LineString","coordinates":[[-77.374,20.478],[-77.627,20.335]]}},{"type":"Feature","properties":{},"geometry":{"type":"LineString","coordinates":[[-77.545,20.328],[-77.586,20.246],[-77.648,20.177]]}},{"type":"Feature","properties":{},"geometry":{"type":"LineString","coordinates":[[-77.73,20.437],[-77.659,20.301],[-77.655,20.253]]}},{"type":"Feature","properties":{},"geometry":{"type":"LineString","coordinates":[[-77.942,20.437],[-77.888,20.403],[-77.838,20.332],[-77.797,20.304],[-77.724,20.177]]}},{"type":"Feature","properties":{},"geometry":{"type":"LineString","coordinates":[[-78.175,20.512],[-77.991,20.458]]}},{"type":"Feature","properties":{},"geometry":{"type":"LineString","coordinates":[[-78.094,20.678],[-78.096,20.609],[-78.121,20.547]]}},{"type":"Feature","properties":{},"geometry":{"type":"LineString","coordinates":[[-81.322,21.87],[-81.27,21.864],[-81.157,21.76]]}},{"type":"Feature","properties":{},"geometry":{"type":"LineString","coordinates":[[-84.508,22.425],[-84.671,22.289],[-84.747,22.186]]}},{"type":"Feature","properties":{},"geometry":{"type":"LineString","coordinates":[[-76.744,21.383],[-76.668,21.376]]}},{"type":"Feature","properties":{},"geometry":{"type":"LineString","coordinates":[[-87.797,16.758],[-87.749,16.813],[-87.741,16.884],[-87.713,16.919],[-87.678,16.939],[-87.626,16.921],[-87.623,16.894],[-87.667,16.854],[-87.647,16.832],[-87.66,16.819],[-87.655,16.763],[-87.682,16.719],[-87.752,16.699],[-87.773,16.706],[-87.797,16.758]]}},{"type":"Feature","properties":{},"geometry":{"type":"LineString","coordinates":[[-88.044,17.169],[-88.064,17.231],[-88.064,17.299]]}},{"type":"Feature","properties":{},"geometry":{"type":"LineString","coordinates":[[-88.044,16.895],[-87.989,17.064],[-87.995,17.09],[-88.044,17.134]]}},{"type":"Feature","properties":{},"geometry":{"type":"LineString","coordinates":[[-88.036,16.449],[-87.982,16.532],[-88.05,16.636],[-88.071,16.724]]}},{"type":"Feature","properties":{},"geometry":{"type":"LineString","coordinates":[[-78.6,15.915],[-78.576,15.901],[-78.581,15.866],[-78.628,15.888]]}},{"type":"Feature","properties":{},"geometry":{"type":"LineString","coordinates":[[-79.738,15.915],[-79.724,15.904],[-79.761,15.873],[-79.816,15.879],[-79.834,15.849],[-79.862,15.847]]}},{"type":"Feature","properties":{},"geometry":{"type":"LineString","coordinates":[[-165.437,-11.586],[-165.445,-11.52],[-165.421,-11.51],[-165.396,-11.52],[-165.396,-11.545],[-165.437,-11.586]]}},{"type":"Feature","properties":{},"geometry":{"type":"LineString","coordinates":[[159.141,-29.494],[159.142,-29.448],[159.125,-29.418],[159.116,-29.423]]}},{"type":"Feature","properties":{},"geometry":{"type":"LineString","coordinates":[[159.11,-29.984],[159.116,-29.944],[159.097,-29.907]]}}]}