{"type":"FeatureCollection","features":[{"type":"Feature","properties":{"n":"Makgadikgadi Pans","cla":"Desert","min":6.0},"geometry":{"type":"Polygon","coordinates":[[[24.88,-19.97],[25.16,-20.23],[25.62,-20.0],[25.79,-20.01],[25.92,-20.2],[26.27,-20.23],[26.32,-20.3],[26.31,-20.92],[26.22,-21.15],[25.99,-21.2],[25.73,-21.09],[25.46,-21.13],[24.85,-21.13],[24.39,-21.03],[24.31,-20.7],[24.42,-20.56],[24.67,-20.02],[24.88,-19.97]]]}},{"type":"Feature","properties":{"n":"Etosha pan","cla":"Desert","min":6.0},"geometry":{"type":"Polygon","coordinates":[[[16.8,-18.93],[16.24,-19.12],[15.87,-19.1],[15.83,-18.71],[16.54,-18.33],[16.87,-18.47],[17.08,-18.7],[16.8,-18.93]]]}},{"type":"Feature","properties":{"n":"Jabal as Sawd\u00e4\u2019","cla":"Desert","min":6.0},"geometry":{"type":"Polygon","coordinates":[[[16.48,28.51],[16.11,28.47],[15.2,28.5],[14.82,28.83],[14.77,29.28],[15.07,29.68],[15.4,29.95],[16.25,29.62],[16.99,29.42],[16.88,28.89],[16.48,28.51]]]}},{"type":"Feature","properties":{"n":"White Sands","cla":"Desert","min":6.0},"geometry":{"type":"Polygon","coordinates":[[[-106.2,32.77],[-106.34,32.75],[-106.46,32.84],[-106.47,33.02],[-106.33,33.08],[-106.18,33.04],[-106.13,32.9],[-106.2,32.77]]]}},{"type":"Feature","properties":{"n":"Black Rock Desert","cla":"Desert","min":6.0},"geometry":{"type":"Polygon","coordinates":[[[-118.66,41.15],[-118.95,40.8],[-119.25,40.73],[-119.29,40.8],[-119.14,41.01],[-119.06,41.09],[-119.0,40.95],[-118.91,40.97],[-118.86,41.27],[-118.71,41.44],[-118.6,41.42],[-118.66,41.15]]]}},{"type":"Feature","properties":{"n":"Haruj","cla":"Plateau","min":6.0},"geometry":{"type":"Polygon","coordinates":[[[18.1,26.22],[17.56,26.18],[16.99,26.66],[16.22,26.92],[15.97,27.48],[16.14,27.74],[16.57,28.09],[17.18,28.47],[18.08,28.3],[18.49,27.89],[18.59,27.5],[18.47,27.0],[18.18,26.46],[18.1,26.22]]]}},{"type":"Feature","properties":{"n":"Horn Plateau","cla":"Plateau","min":6.0},"geometry":{"type":"Polygon","coordinates":[[[-117.75,62.28],[-117.94,62.09],[-118.44,62.11],[-119.19,61.98],[-119.62,61.97],[-120.25,61.98],[-120.64,62.09],[-120.67,62.22],[-120.5,62.39],[-119.76,62.57],[-118.14,62.43],[-117.75,62.28]]]}},{"type":"Feature","properties":{"n":"Khomas Highland","cla":"Plateau","min":6.0},"geometry":{"type":"Polygon","coordinates":[[[16.1,-21.49],[16.49,-21.88],[16.99,-21.79],[17.43,-21.6],[17.78,-21.68],[18.34,-22.44],[18.15,-23.04],[17.84,-23.36],[17.21,-23.11],[16.82,-23.14],[16.63,-23.49],[16.77,-23.84],[16.69,-24.09],[16.37,-24.59],[16.03,-24.61],[15.62,-24.53],[15.6,-23.94],[15.45,-23.56],[15.43,-22.78],[14.91,-22.52],[15.04,-22.0],[15.16,-21.7],[15.67,-21.39],[16.1,-21.49]]]}},{"type":"Feature","properties":{"n":"Ennedi Plateau","cla":"Plateau","min":6.0},"geometry":{"type":"Polygon","coordinates":[[[23.67,18.11],[24.27,17.74],[24.0,17.05],[23.75,16.19],[23.02,15.84],[22.51,16.09],[21.66,16.62],[21.03,17.28],[20.99,18.05],[22.12,17.89],[22.69,17.86],[23.67,18.11]]]}},{"type":"Feature","properties":{"n":"Jos Plateau","cla":"Plateau","min":6.0},"geometry":{"type":"Polygon","coordinates":[[[9.34,10.38],[9.51,10.36],[9.62,10.48],[9.74,10.31],[9.55,9.69],[9.9,9.3],[9.88,9.16],[9.61,9.05],[8.66,8.97],[8.49,9.42],[8.28,9.51],[8.28,9.67],[8.69,10.19],[8.8,10.43],[9.01,10.59],[9.04,10.67],[9.23,10.59],[9.34,10.38]]]}},{"type":"Feature","properties":{"n":"Great Karoo","cla":"Plateau","min":5.4},"geometry":{"type":"Polygon","coordinates":[[[21.38,-32.04],[22.35,-32.07],[23.46,-31.87],[23.99,-32.26],[24.86,-32.44],[25.09,-32.78],[23.88,-33.36],[22.77,-33.59],[21.95,-33.51],[21.04,-33.6],[20.17,-33.57],[19.83,-33.5],[19.53,-32.69],[19.23,-32.05],[19.17,-31.62],[19.73,-31.47],[20.26,-31.92],[21.38,-32.04]]]}},{"type":"Feature","properties":{"n":"Tagant Region","cla":"Plateau","min":6.0},"geometry":{"type":"Polygon","coordinates":[[[-8.33,18.87],[-8.47,18.29],[-10.09,18.43],[-11.24,18.09],[-11.32,17.86],[-11.21,17.62],[-11.5,17.37],[-11.42,17.18],[-11.54,16.94],[-11.52,16.6],[-11.63,15.74],[-11.84,15.51],[-12.02,15.51],[-12.13,16.78],[-12.28,17.06],[-12.33,17.8],[-12.65,18.9],[-11.82,19.22],[-11.09,19.82],[-9.87,19.73],[-8.81,19.29],[-8.33,18.87]]]}},{"type":"Feature","properties":{"n":"Fouta Djallon","cla":"Plateau","min":5.4},"geometry":{"type":"Polygon","coordinates":[[[-12.52,9.54],[-13.08,9.47],[-13.62,9.96],[-14.43,11.01],[-14.11,11.79],[-13.64,12.24],[-13.03,12.45],[-12.38,12.57],[-11.54,12.65],[-10.98,12.34],[-10.38,11.93],[-10.58,11.07],[-10.94,10.12],[-12.52,9.54]]]}},{"type":"Feature","properties":{"n":"Plateau du Tadema\u00eft","cla":"Plateau","min":6.0},"geometry":{"type":"Polygon","coordinates":[[[4.86,28.58],[4.15,27.9],[3.71,27.68],[3.49,27.64],[3.25,27.91],[3.02,28.06],[2.57,28.11],[2.21,28.09],[1.95,27.82],[1.73,27.47],[1.41,27.39],[0.14,27.91],[0.31,28.62],[0.96,29.26],[1.46,29.67],[2.39,30.02],[2.69,30.08],[2.99,30.11],[3.33,29.98],[3.66,29.65],[3.82,29.3],[4.23,29.0],[4.75,28.88],[4.86,28.58]]]}},{"type":"Feature","properties":{"n":"Gilf Kebir","cla":"Plateau","min":6.0},"geometry":{"type":"Polygon","coordinates":[[[27.83,23.38],[27.4,23.07],[26.67,23.21],[26.24,22.76],[25.95,22.78],[25.85,23.38],[25.17,23.71],[24.82,24.0],[24.73,25.48],[25.43,25.53],[26.87,25.27],[28.04,24.95],[28.22,24.38],[27.67,23.84],[27.83,23.38]]]}},{"type":"Feature","properties":{"n":"Jabal Abyad Plateau","cla":"Plateau","min":6.0},"geometry":{"type":"Polygon","coordinates":[[[26.16,16.39],[24.81,16.38],[24.17,17.13],[24.39,18.58],[25.03,19.63],[26.48,20.56],[27.2,20.23],[27.47,19.38],[27.64,17.42],[27.15,16.48],[26.16,16.39]]]}},{"type":"Feature","properties":{"n":"Libyan Plateau","cla":"Plateau","min":6.0},"geometry":{"type":"Polygon","coordinates":[[[25.16,31.5],[25.89,31.62],[28.12,31.05],[28.67,30.78],[28.81,30.51],[27.86,30.47],[27.4,30.38],[27.03,30.09],[26.75,29.96],[26.48,29.7],[26.42,29.36],[25.77,29.4],[24.69,29.75],[24.25,29.7],[23.81,29.88],[22.69,30.1],[21.62,30.5],[20.38,31.61],[20.57,31.86],[21.28,32.3],[23.06,32.36],[23.29,32.21],[23.8,32.16],[24.13,32.01],[24.54,32.0],[24.93,31.91],[25.16,31.5]]]}},{"type":"Feature","properties":{"n":"Buckland Tableland","cla":"Plateau","min":5.4},"geometry":{"type":"Polygon","coordinates":[[[148.5,-24.89],[148.39,-25.06],[148.33,-25.08],[147.78,-24.97],[147.28,-25.01],[147.16,-24.98],[147.03,-24.88],[146.87,-24.58],[146.83,-24.43],[146.86,-24.23],[147.06,-23.97],[147.53,-23.99],[147.76,-24.04],[148.14,-24.32],[148.43,-24.68],[148.5,-24.89]]]}},{"type":"Feature","properties":{"n":"Atherton Tableland","cla":"Plateau","min":5.4},"geometry":{"type":"Polygon","coordinates":[[[145.64,-18.2],[144.65,-18.19],[144.53,-18.15],[144.43,-18.03],[144.37,-17.78],[144.38,-17.11],[144.43,-16.93],[144.54,-16.77],[144.76,-16.59],[145.11,-16.56],[145.44,-16.68],[145.82,-16.98],[146.03,-17.34],[146.13,-17.64],[146.1,-17.83],[145.92,-18.08],[145.64,-18.2]]]}},{"type":"Feature","properties":{"n":"Barkly Tableland","cla":"Plateau","min":6.0},"geometry":{"type":"Polygon","coordinates":[[[138.76,-19.34],[138.58,-19.41],[138.36,-19.39],[137.83,-19.32],[137.46,-19.17],[136.06,-18.26],[135.89,-18.07],[133.9,-16.71],[133.61,-16.45],[133.47,-16.08],[133.49,-15.83],[133.61,-15.56],[133.83,-15.37],[133.98,-15.35],[134.5,-15.46],[136.05,-16.06],[137.82,-17.18],[138.05,-17.38],[138.93,-18.52],[139.02,-18.83],[138.98,-19.02],[138.89,-19.2],[138.76,-19.34]]]}},{"type":"Feature","properties":{"n":"Kolyma Mountains","cla":"Plateau","min":5.4},"geometry":{"type":"Polygon","coordinates":[[[151.41,60.1],[150.44,60.04],[148.39,60.2],[147.97,60.28],[147.27,60.53],[146.45,60.94],[146.26,61.09],[146.18,61.26],[146.17,61.47],[146.22,61.68],[146.32,61.84],[146.63,62.14],[147.04,62.38],[148.37,62.71],[151.02,62.72],[151.78,62.64],[152.63,62.44],[153.2,62.08],[153.48,61.84],[153.56,61.69],[153.59,61.2],[153.47,60.72],[153.37,60.58],[153.06,60.44],[151.41,60.1]]]}},{"type":"Feature","properties":{"n":"Chota Nagpur Plateau","cla":"Plateau","min":5.4},"geometry":{"type":"Polygon","coordinates":[[[86.5,23.54],[86.76,22.2],[86.88,21.9],[86.81,21.43],[86.72,21.25],[86.55,21.13],[86.33,21.06],[85.8,21.04],[85.04,21.19],[84.83,21.3],[84.63,21.44],[84.4,21.74],[84.18,21.88],[84.03,22.12],[83.43,22.3],[82.99,22.13],[82.55,22.13],[82.21,22.25],[81.49,22.33],[80.93,21.35],[80.76,21.25],[80.55,21.41],[80.23,21.94],[79.78,23.22],[79.75,23.54],[79.87,24.76],[79.93,24.86],[80.87,25.25],[85.59,24.38],[86.05,24.07],[86.42,23.69],[86.5,23.54]]]}},{"type":"Feature","properties":{"n":"Stavropol Upland","cla":"Plateau","min":5.4},"geometry":{"type":"Polygon","coordinates":[[[44.44,44.72],[43.54,44.44],[43.23,44.45],[42.3,44.71],[41.62,45.06],[41.38,45.27],[41.31,45.4],[41.29,45.55],[41.36,45.71],[41.56,45.9],[41.99,46.02],[43.68,46.1],[44.34,45.99],[44.82,45.77],[45.03,45.6],[45.1,45.38],[45.02,45.17],[44.85,44.98],[44.44,44.72]]]}},{"type":"Feature","properties":{"n":"Volga Upland","cla":"Plateau","min":5.4},"geometry":{"type":"Polygon","coordinates":[[[44.64,49.17],[44.26,49.09],[44.03,49.47],[44.2,50.24],[44.63,51.26],[45.19,52.36],[45.86,53.5],[46.59,54.58],[47.29,55.35],[47.86,55.57],[48.22,55.43],[48.39,55.25],[48.32,54.96],[47.33,53.7],[46.54,52.57],[45.84,51.43],[45.47,50.62],[45.29,50.05],[45.0,49.53],[44.64,49.17]]]}},{"type":"Feature","properties":{"n":"Dnieper Upland","cla":"Plateau","min":5.4},"geometry":{"type":"Polygon","coordinates":[[[32.82,47.42],[32.54,47.4],[32.19,47.56],[30.54,48.52],[30.26,48.73],[29.52,49.61],[29.49,49.85],[29.61,50.04],[29.85,50.1],[30.13,50.07],[30.37,49.99],[31.38,49.4],[32.36,48.57],[33.18,48.0],[33.24,47.86],[33.16,47.67],[32.95,47.47],[32.82,47.42]]]}},{"type":"Feature","properties":{"n":"Azov Upland","cla":"Plateau","min":5.4},"geometry":{"type":"Polygon","coordinates":[[[36.45,46.8],[35.93,46.81],[35.67,46.88],[35.55,47.06],[35.58,47.36],[36.29,47.88],[36.8,48.07],[37.3,48.37],[37.79,48.75],[38.09,48.8],[38.59,48.78],[38.73,48.73],[38.81,48.62],[38.83,48.45],[38.76,48.26],[38.62,48.12],[36.45,46.8]]]}},{"type":"Feature","properties":{"n":"Massif Central","cla":"Plateau","min":5.4},"geometry":{"type":"Polygon","coordinates":[[[4.07,46.23],[4.24,45.58],[4.41,45.55],[4.83,45.75],[4.84,45.72],[4.8,45.59],[4.87,45.55],[4.76,45.4],[4.89,44.95],[4.77,44.78],[4.79,44.66],[4.64,44.54],[4.53,44.16],[4.29,44.12],[4.19,43.98],[3.97,43.84],[3.45,43.82],[3.23,43.63],[2.69,43.45],[2.29,43.4],[1.92,43.49],[2.02,43.67],[1.89,43.77],[1.98,43.92],[1.77,44.03],[1.74,44.1],[1.81,44.35],[1.45,44.6],[1.43,44.72],[1.51,44.82],[1.71,45.0],[1.89,45.24],[2.55,45.71],[2.7,45.93],[2.94,46.08],[3.05,46.07],[3.21,45.9],[3.33,45.88],[3.54,45.99],[3.78,46.28],[3.89,46.31],[4.07,46.23]]]}},{"type":"Feature","properties":{"n":"Finnmarksvidda","cla":"Plateau","min":5.4},"geometry":{"type":"Polygon","coordinates":[[[25.65,68.36],[24.29,68.47],[23.82,68.66],[23.62,69.06],[23.66,69.23],[23.92,69.52],[24.84,69.77],[25.26,69.75],[26.0,69.55],[26.4,69.29],[26.53,69.09],[26.51,68.86],[26.26,68.64],[25.81,68.4],[25.65,68.36]]]}},{"type":"Feature","properties":{"n":"Chapada do Araripe","cla":"Plateau","min":6.0},"geometry":{"type":"Polygon","coordinates":[[[-40.78,-6.27],[-38.82,-6.3],[-38.77,-7.35],[-39.09,-8.04],[-40.07,-8.1],[-40.73,-8.39],[-41.31,-8.02],[-41.95,-7.14],[-41.97,-6.51],[-41.39,-6.48],[-40.78,-6.27]]]}},{"type":"Feature","properties":{"n":"Borborema Plateau","cla":"Plateau","min":6.0},"geometry":{"type":"Polygon","coordinates":[[[-37.05,-5.63],[-36.73,-5.87],[-36.2,-5.69],[-35.83,-5.69],[-35.52,-6.43],[-35.36,-7.3],[-35.62,-8.81],[-36.07,-9.29],[-36.94,-9.44],[-38.16,-9.26],[-39.09,-8.04],[-38.88,-7.12],[-38.72,-6.14],[-38.4,-5.66],[-37.5,-5.9],[-37.05,-5.63]]]}},{"type":"Feature","properties":{"n":"Karoo","cla":"Plateau","min":5.4},"geometry":{"type":"Polygon","coordinates":[[[21.53,-28.41],[22.81,-29.68],[23.62,-29.1],[24.73,-29.98],[25.42,-30.62],[26.34,-30.53],[26.31,-30.86],[25.34,-31.01],[24.69,-31.21],[23.8,-31.77],[23.18,-31.95],[22.65,-32.05],[21.91,-32.09],[20.16,-31.95],[19.83,-30.64],[18.41,-30.29],[18.23,-29.64],[17.52,-28.74],[18.31,-28.89],[19.24,-28.9],[19.95,-28.4],[20.54,-28.73],[21.05,-28.73],[21.53,-28.41]]]}},{"type":"Feature","properties":{"n":"Salar de Uyuni","cla":"Desert","min":5.4},"geometry":{"type":"Polygon","coordinates":[[[-66.73,-20.25],[-67.39,-21.26],[-68.05,-20.25],[-67.39,-19.24],[-66.73,-20.25]]]}},{"type":"Feature","properties":{"n":"Wahiba Sands","cla":"Desert","min":5.4},"geometry":{"type":"Polygon","coordinates":[[[58.87,21.25],[58.68,21.13],[58.48,21.27],[58.29,21.65],[58.2,22.09],[58.34,22.38],[58.52,22.43],[58.8,22.42],[59.07,22.28],[59.26,21.95],[59.23,21.71],[59.08,21.46],[58.87,21.25]]]}},{"type":"Feature","properties":{"n":"Danakil Desert","cla":"Desert","min":5.4},"geometry":{"type":"Polygon","coordinates":[[[42.91,12.82],[43.08,12.82],[43.13,12.66],[43.37,12.33],[43.4,12.16],[43.27,11.97],[42.8,11.74],[42.64,11.56],[42.52,11.57],[42.54,11.5],[43.04,11.59],[43.16,11.57],[43.44,11.35],[43.66,11.01],[43.54,10.66],[43.3,10.43],[43.01,10.53],[42.46,10.54],[41.5,10.66],[41.0,10.58],[40.87,11.17],[40.83,11.72],[40.45,12.78],[40.08,13.56],[40.14,13.83],[39.85,14.4],[39.85,15.1],[40.55,14.93],[40.75,14.75],[41.17,14.62],[41.67,13.96],[42.25,13.59],[42.4,13.21],[42.63,13.12],[42.73,13.02],[42.8,12.86],[42.91,12.82]]]}},{"type":"Feature","properties":{"n":"Negev","cla":"Desert","min":6.0},"geometry":{"type":"Polygon","coordinates":[[[34.99,29.62],[34.89,29.58],[34.78,29.73],[34.47,30.73],[34.27,31.19],[34.25,31.36],[35.43,31.36],[35.26,30.51],[35.08,30.01],[34.99,29.62]]]}},{"type":"Feature","properties":{"n":"Chalbi Desert","cla":"Desert","min":5.4},"geometry":{"type":"Polygon","coordinates":[[[39.69,2.34],[39.81,1.71],[40.3,1.28],[40.17,1.11],[39.74,1.07],[39.78,0.49],[39.4,0.41],[38.78,0.38],[38.21,0.91],[38.22,1.46],[37.54,1.75],[37.02,1.76],[36.57,1.68],[36.08,1.36],[36.05,1.85],[35.99,2.08],[35.46,3.12],[35.83,4.59],[36.09,4.78],[36.66,4.67],[37.83,4.09],[38.1,3.72],[38.67,3.3],[39.22,3.03],[39.69,2.34]]]}},{"type":"Feature","properties":{"n":"Eastern Desert","cla":"Desert","min":6.0},"geometry":{"type":"Polygon","coordinates":[[[35.19,24.48],[35.74,23.95],[35.5,23.99],[35.52,23.44],[35.7,22.95],[35.96,22.69],[36.86,22.04],[33.7,22.04],[31.52,22.12],[32.56,22.65],[33.02,23.2],[32.98,23.77],[32.88,24.13],[32.93,24.62],[32.87,25.08],[32.58,25.27],[32.49,25.57],[32.71,25.77],[32.77,26.09],[32.63,26.16],[32.43,26.1],[32.12,26.2],[31.26,27.16],[30.85,27.45],[30.91,27.68],[30.85,28.03],[30.76,28.13],[30.74,28.31],[30.98,28.9],[31.17,29.18],[31.28,29.54],[31.3,29.86],[31.24,30.1],[31.41,30.31],[31.72,30.53],[32.27,30.63],[32.57,30.11],[32.31,29.63],[32.59,29.22],[32.63,28.99],[32.8,28.69],[33.5,27.87],[33.56,27.76],[33.55,27.61],[33.7,27.34],[33.85,27.18],[33.96,26.65],[34.57,25.69],[35.19,24.48]]]}},{"type":"Feature","properties":{"n":"Trarza","cla":"Desert","min":6.0},"geometry":{"type":"Polygon","coordinates":[[[-12.13,16.78],[-12.19,16.58],[-12.76,16.31],[-13.49,16.17],[-13.94,16.28],[-14.37,16.66],[-15.08,16.67],[-15.59,16.56],[-16.2,16.56],[-16.47,16.21],[-16.47,16.39],[-16.36,16.74],[-16.06,17.33],[-15.72,17.86],[-15.29,18.22],[-14.83,18.8],[-13.78,19.89],[-13.42,19.68],[-12.95,19.48],[-12.65,18.9],[-12.36,17.83],[-12.28,17.06],[-12.13,16.78]]]}},{"type":"Feature","properties":{"n":"Akch\u00e2r","cla":"Desert","min":6.0},"geometry":{"type":"Polygon","coordinates":[[[-11.85,19.96],[-12.16,19.55],[-13.12,19.62],[-13.58,19.9],[-13.54,20.2],[-13.1,21.21],[-12.44,21.22],[-12.0,21.48],[-10.26,21.9],[-10.05,21.75],[-11.1,21.43],[-11.37,21.28],[-11.38,21.01],[-11.7,20.76],[-12.13,20.53],[-12.07,20.29],[-11.85,19.96]]]}},{"type":"Feature","properties":{"n":"Hamada de Tinrhert","cla":"Desert","min":6.0},"geometry":{"type":"Polygon","coordinates":[[[7.1,28.89],[8.15,29.44],[10.16,30.38],[12.89,31.13],[13.19,31.02],[13.3,30.51],[14.1,30.04],[14.24,29.68],[13.83,29.37],[13.93,28.6],[12.98,28.45],[12.52,28.78],[11.9,28.92],[10.99,28.84],[9.92,28.65],[9.0,28.64],[8.85,28.71],[7.86,28.46],[7.01,28.34],[6.46,28.29],[6.08,28.36],[6.2,28.55],[7.1,28.89]]]}},{"type":"Feature","properties":{"n":"Erg Iguidi","cla":"Desert","min":6.0},"geometry":{"type":"Polygon","coordinates":[[[-3.19,28.58],[-2.97,28.43],[-2.33,28.51],[-1.64,28.37],[-1.46,28.23],[-1.37,28.08],[-2.74,27.01],[-3.0,27.24],[-3.66,27.54],[-4.76,27.51],[-5.03,27.62],[-5.03,27.75],[-4.43,28.14],[-4.15,28.26],[-3.77,28.58],[-3.19,28.58]]]}},{"type":"Feature","properties":{"n":"Strzelecki Desert","cla":"Desert","min":6.0},"geometry":{"type":"Polygon","coordinates":[[[140.93,-31.09],[140.68,-31.08],[140.55,-30.96],[140.35,-30.25],[140.1,-29.75],[140.08,-29.2],[140.15,-28.94],[140.47,-28.55],[140.6,-28.49],[141.13,-28.45],[141.93,-28.47],[142.32,-28.52],[142.56,-28.62],[142.79,-28.81],[143.11,-29.28],[143.13,-29.81],[142.98,-30.17],[142.63,-30.49],[142.02,-30.79],[140.93,-31.09]]]}},{"type":"Feature","properties":{"n":"Simpson Desert","cla":"Desert","min":5.4},"geometry":{"type":"Polygon","coordinates":[[[137.39,-26.9],[137.12,-26.91],[136.53,-26.75],[136.17,-26.49],[136.02,-26.29],[135.87,-25.84],[135.76,-24.84],[135.78,-24.58],[135.89,-24.16],[136.1,-24.0],[137.39,-23.73],[137.73,-23.72],[138.22,-23.84],[138.55,-24.09],[138.81,-24.48],[138.95,-25.2],[138.67,-25.86],[138.14,-26.42],[137.39,-26.9]]]}},{"type":"Feature","properties":{"n":"Tanami Desert","cla":"Desert","min":6.0},"geometry":{"type":"Polygon","coordinates":[[[131.82,-20.67],[131.33,-20.66],[130.91,-20.57],[130.74,-20.51],[130.53,-20.32],[130.31,-19.92],[130.25,-19.63],[130.47,-18.97],[130.69,-18.76],[130.97,-18.67],[131.6,-18.63],[132.0,-18.66],[132.56,-18.79],[132.9,-19.03],[133.06,-19.83],[132.94,-20.26],[132.79,-20.43],[132.49,-20.58],[131.82,-20.67]]]}},{"type":"Feature","properties":{"n":"Registan Desert","cla":"Desert","min":5.4},"geometry":{"type":"Polygon","coordinates":[[[66.15,30.8],[66.11,30.48],[65.95,30.15],[65.73,29.88],[65.45,29.72],[65.29,29.7],[64.88,29.84],[64.64,29.85],[63.72,29.62],[63.62,29.63],[63.48,29.8],[63.46,30.01],[63.53,30.3],[63.65,30.43],[63.94,30.56],[64.06,30.68],[64.18,31.03],[64.19,31.18],[64.37,31.43],[64.36,31.66],[64.74,31.91],[64.98,32.24],[65.02,31.82],[65.14,31.71],[65.54,31.58],[65.83,31.38],[66.05,31.12],[66.15,30.8]]]}},{"type":"Feature","properties":{"n":"Dasht-e Margo","cla":"Desert","min":5.4},"geometry":{"type":"Polygon","coordinates":[[[64.0,32.08],[64.28,32.08],[64.75,32.37],[64.93,32.31],[64.98,32.24],[64.74,31.91],[64.36,31.66],[64.37,31.43],[64.19,31.18],[64.1,30.77],[63.98,30.58],[63.89,30.53],[63.59,30.58],[63.06,30.26],[62.47,30.17],[61.86,30.35],[61.81,30.43],[61.8,30.96],[61.34,31.37],[61.38,31.74],[61.52,31.96],[62.43,32.06],[62.99,32.37],[63.19,32.41],[63.48,32.35],[64.0,32.08]]]}},{"type":"Feature","properties":{"n":"Dasht-e Kavir","cla":"Desert","min":5.4},"geometry":{"type":"Polygon","coordinates":[[[56.23,35.53],[56.35,35.49],[56.39,35.36],[56.55,35.31],[56.91,34.91],[56.87,34.79],[56.96,34.73],[56.99,34.51],[56.96,34.45],[56.86,34.44],[56.75,34.34],[56.63,34.46],[56.38,34.35],[56.22,34.16],[56.27,34.05],[56.1,33.91],[56.05,33.75],[55.91,33.65],[55.88,33.53],[55.79,33.41],[55.64,33.49],[55.47,33.74],[55.22,33.83],[55.21,33.99],[55.43,34.24],[55.35,34.27],[54.55,34.24],[54.45,34.14],[54.36,34.14],[54.12,33.97],[54.11,33.82],[54.07,33.8],[54.03,33.87],[53.96,33.74],[53.81,33.88],[53.71,33.91],[53.67,33.99],[53.62,33.96],[53.58,34.01],[53.5,33.93],[53.37,33.91],[52.77,34.26],[53.03,34.48],[53.06,34.65],[53.21,34.54],[53.42,34.59],[53.53,34.78],[53.97,34.81],[54.24,34.97],[54.59,35.08],[54.78,35.21],[55.65,35.36],[55.71,35.4],[55.74,35.51],[55.98,35.65],[56.21,35.65],[56.25,35.61],[56.23,35.53]]]}},{"type":"Feature","properties":{"n":"An Nafud","cla":"Desert","min":5.4},"geometry":{"type":"Polygon","coordinates":[[[43.83,28.92],[44.33,28.36],[44.66,28.12],[44.77,27.98],[44.78,27.78],[44.74,27.68],[44.61,27.65],[43.76,27.73],[42.52,28.39],[41.53,28.73],[41.04,28.8],[40.28,28.79],[39.89,28.85],[39.62,29.05],[39.57,29.22],[39.57,29.46],[39.63,29.69],[39.74,29.85],[39.86,29.9],[41.36,29.87],[42.09,29.73],[43.07,29.42],[43.37,29.28],[43.83,28.92]]]}},{"type":"Feature","properties":{"n":"Big Bend","cla":"Desert","min":6.0},"geometry":{"type":"Polygon","coordinates":[[[-103.03,29.12],[-103.3,29.0],[-104.08,29.36],[-104.46,29.61],[-104.64,29.89],[-104.7,30.23],[-104.55,30.57],[-104.18,31.05],[-103.78,31.12],[-103.41,31.03],[-103.13,30.89],[-102.95,30.62],[-102.68,30.01],[-102.67,29.74],[-103.03,29.12]]]}},{"type":"Feature","properties":{"n":"Serengeti","cla":"Plain","min":5.4},"geometry":{"type":"Polygon","coordinates":[[[35.68,-0.26],[35.95,-0.54],[36.11,-0.83],[36.09,-1.23],[35.99,-1.61],[35.64,-1.55],[35.39,-1.6],[35.33,-1.93],[35.67,-2.09],[35.62,-2.49],[35.1,-3.2],[34.81,-3.52],[33.79,-4.31],[33.74,-4.95],[33.34,-4.79],[33.22,-4.17],[32.81,-3.64],[32.83,-2.89],[32.9,-2.8],[32.93,-2.85],[33.03,-2.87],[32.93,-2.82],[32.95,-2.79],[32.88,-2.7],[32.91,-2.68],[32.86,-2.62],[32.91,-2.55],[32.87,-2.48],[32.96,-2.39],[33.08,-2.39],[33.21,-2.51],[33.34,-2.49],[33.43,-2.55],[33.46,-2.5],[33.41,-2.47],[33.53,-2.44],[33.53,-2.38],[33.84,-2.22],[33.79,-2.09],[33.61,-2.18],[33.36,-2.17],[33.28,-2.11],[33.22,-2.14],[33.21,-2.05],[33.29,-2.06],[33.28,-2.0],[33.38,-2.05],[33.4,-1.97],[33.55,-2.03],[33.57,-1.99],[33.46,-1.95],[33.46,-1.88],[33.28,-1.92],[33.37,-1.8],[33.49,-1.84],[33.58,-1.76],[33.64,-1.77],[33.54,-1.67],[33.71,-1.66],[33.67,-1.58],[33.61,-1.56],[33.68,-1.53],[33.65,-1.47],[33.95,-1.52],[33.79,-1.42],[33.8,-1.39],[33.86,-1.41],[33.79,-1.33],[33.91,-1.32],[33.99,-1.37],[33.87,-1.25],[34.1,-1.02],[34.04,-1.0],[34.13,-1.0],[34.18,-0.87],[34.07,-0.79],[34.04,-0.67],[34.28,-0.48],[34.39,-0.44],[34.44,-0.52],[34.51,-0.47],[34.45,-0.41],[34.77,-0.3],[35.3,-0.24],[35.68,-0.26]]]}},{"type":"Feature","properties":{"n":"Maasai Steppe","cla":"Plain","min":5.4},"geometry":{"type":"Polygon","coordinates":[[[37.52,-3.44],[37.62,-4.11],[38.17,-4.83],[38.16,-5.24],[38.0,-5.58],[37.71,-5.56],[37.49,-5.17],[37.27,-5.18],[36.98,-5.63],[36.78,-6.17],[36.27,-6.52],[35.9,-7.28],[35.48,-7.63],[35.0,-7.75],[34.39,-7.78],[34.24,-7.03],[34.25,-6.71],[34.62,-6.39],[34.08,-5.19],[33.78,-4.94],[33.83,-4.32],[34.81,-3.59],[35.51,-3.4],[35.8,-3.53],[36.39,-3.24],[37.11,-3.26],[37.37,-3.31],[37.52,-3.44]]]}},{"type":"Feature","properties":{"n":"Jabal Naf\u00fcsah","cla":"Plain","min":6.0},"geometry":{"type":"Polygon","coordinates":[[[10.92,32.2],[11.5,32.12],[12.1,32.25],[12.66,32.27],[13.31,32.58],[13.77,32.72],[14.3,32.61],[14.3,32.25],[13.64,32.07],[13.65,31.94],[12.78,31.87],[12.38,31.76],[10.99,31.81],[10.67,31.89],[10.21,32.03],[10.0,32.3],[9.87,32.69],[9.98,33.15],[9.83,33.89],[10.15,33.74],[10.41,33.56],[10.77,32.81],[10.55,32.53],[10.92,32.2]]]}},{"type":"Feature","properties":{"n":"Darling Downs","cla":"Plain","min":6.0},"geometry":{"type":"Polygon","coordinates":[[[149.17,-26.21],[149.92,-26.23],[150.7,-26.32],[151.02,-26.49],[151.41,-26.89],[151.52,-27.23],[151.54,-27.57],[151.36,-28.05],[151.0,-28.52],[150.71,-28.6],[150.27,-28.48],[149.94,-28.53],[149.56,-28.53],[149.29,-28.7],[149.1,-28.76],[148.29,-28.62],[148.19,-28.39],[148.25,-27.01],[148.59,-26.18],[148.74,-26.13],[149.17,-26.21]]]}},{"type":"Feature","properties":{"n":"Tih\u0101mah","cla":"Plain","min":5.4},"geometry":{"type":"MultiPolygon","coordinates":[[[[40.81,20.79],[40.63,20.99],[40.86,20.76],[40.81,20.79]]],[[[40.57,21.03],[40.6,21.01],[40.63,20.99],[40.57,21.03]]],[[[40.39,21.13],[40.81,20.79],[40.98,20.57],[41.79,19.2],[42.34,18.47],[43.11,17.3],[43.27,16.95],[43.38,16.58],[43.4,16.28],[43.42,14.49],[43.4,14.39],[43.24,14.28],[43.07,14.28],[42.92,14.82],[42.8,15.9],[42.84,16.03],[42.79,16.45],[42.7,16.74],[42.55,16.87],[42.54,16.96],[42.41,17.1],[42.29,17.43],[41.66,18.01],[41.43,18.45],[41.23,18.68],[41.12,19.08],[40.76,19.76],[40.62,19.82],[40.48,19.99],[40.08,20.27],[39.93,20.29],[39.58,20.63],[39.41,20.93],[39.51,21.38],[39.7,21.54],[39.88,21.49],[40.57,21.03],[40.39,21.13]]]]}},{"type":"Feature","properties":{"n":"Hasa Plain","cla":"Plain","min":5.4},"geometry":{"type":"Polygon","coordinates":[[[49.85,25.08],[49.69,25.09],[49.49,25.24],[48.48,26.7],[47.81,27.36],[47.62,27.61],[47.48,27.88],[47.33,28.55],[47.12,29.01],[47.09,29.26],[47.22,29.48],[47.52,29.56],[47.88,29.54],[47.72,29.39],[48.05,29.36],[48.18,28.98],[48.34,28.76],[48.82,27.78],[48.8,27.72],[49.19,27.45],[49.41,27.18],[49.54,27.15],[49.72,26.96],[49.98,26.83],[50.08,26.68],[50.01,26.68],[50.03,26.53],[50.16,26.43],[50.18,26.24],[50.14,26.1],[50.03,26.11],[50.1,25.93],[50.09,25.43],[49.98,25.15],[49.85,25.08]]]}},{"type":"Feature","properties":{"n":"Great Hungarian Plain","cla":"Plain","min":5.4},"geometry":{"type":"Polygon","coordinates":[[[21.09,44.81],[20.82,44.75],[20.25,44.79],[19.96,44.91],[19.61,44.99],[18.86,45.35],[18.71,45.47],[18.54,45.71],[18.3,46.26],[17.98,46.63],[17.95,46.89],[18.03,47.09],[18.3,47.32],[18.88,47.6],[19.31,47.88],[19.5,47.93],[20.0,47.95],[21.02,48.15],[21.46,48.35],[21.78,48.64],[21.97,48.71],[22.28,48.71],[22.67,48.63],[23.01,48.5],[23.25,48.32],[23.35,48.15],[23.31,47.87],[23.19,47.77],[22.64,47.57],[22.35,47.41],[22.13,47.21],[22.0,46.99],[21.64,46.04],[21.57,45.24],[21.46,45.1],[21.09,44.81]]]}},{"type":"Feature","properties":{"n":"North-Estonian Coastal Plain","cla":"Plain","min":4.7},"geometry":{"type":"Polygon","coordinates":[[[26.51,56.9],[25.51,56.3],[24.6,55.85],[23.84,55.59],[22.6,55.3],[22.14,55.25],[21.73,55.29],[21.37,55.47],[21.11,55.77],[21.03,56.17],[21.13,56.86],[21.35,57.02],[21.46,57.32],[21.72,57.56],[22.49,57.61],[22.74,57.55],[23.14,57.32],[23.29,57.09],[23.65,56.97],[24.24,57.07],[24.41,57.3],[24.36,57.65],[24.3,57.78],[24.33,57.91],[24.46,58.11],[24.49,58.26],[24.55,58.3],[24.53,58.35],[24.39,58.39],[24.11,58.27],[23.77,58.36],[23.69,58.51],[23.51,58.66],[23.53,58.72],[23.68,58.79],[23.5,58.79],[23.44,58.91],[23.52,59.0],[23.47,59.03],[23.55,59.18],[23.67,59.25],[24.08,59.29],[24.06,59.36],[24.88,59.52],[25.44,59.52],[25.52,59.56],[25.51,59.63],[26.62,59.55],[26.97,59.45],[27.5,59.44],[27.73,59.35],[27.91,59.21],[28.11,58.86],[28.17,58.49],[28.12,58.13],[27.94,57.86],[26.51,56.9]]]}},{"type":"Feature","properties":{"n":"Llano Estacado","cla":"Plain","min":5.4},"geometry":{"type":"Polygon","coordinates":[[[-100.62,35.99],[-101.2,35.28],[-101.56,35.11],[-101.63,34.96],[-101.52,34.69],[-101.17,34.15],[-101.2,33.74],[-101.41,33.48],[-101.68,33.44],[-101.98,33.31],[-102.16,33.17],[-102.23,32.93],[-102.16,32.69],[-101.28,31.87],[-101.23,31.51],[-101.38,31.3],[-101.64,31.21],[-102.48,31.26],[-102.68,31.33],[-102.79,31.29],[-103.01,31.39],[-103.4,31.45],[-103.55,31.65],[-103.74,31.76],[-103.97,32.0],[-103.99,32.23],[-104.18,32.46],[-104.35,32.59],[-104.28,33.09],[-104.35,33.37],[-104.34,33.65],[-104.26,33.9],[-104.29,34.07],[-104.19,34.29],[-104.23,34.47],[-104.6,34.88],[-104.65,35.09],[-104.26,35.41],[-103.84,35.32],[-103.28,35.4],[-103.06,35.38],[-102.86,35.49],[-102.48,35.55],[-101.91,35.46],[-101.69,35.62],[-101.29,35.79],[-101.04,35.95],[-100.62,35.99]]]}},{"type":"Feature","properties":{"n":"Kashmir Valley","cla":"Valley","min":5.4},"geometry":{"type":"Polygon","coordinates":[[[77.44,32.95],[77.0,32.74],[76.66,32.75],[76.21,32.6],[75.76,32.64],[75.42,32.69],[75.2,32.79],[74.98,33.04],[75.13,33.06],[75.29,33.26],[75.3,33.81],[75.37,33.9],[76.93,33.88],[77.1,33.82],[77.2,33.72],[77.46,33.2],[77.44,32.95]]]}},{"type":"Feature","properties":{"n":"Sundarbans","cla":"Wetlands","min":5.4},"geometry":{"type":"MultiPolygon","coordinates":[[[[89.38,21.75],[89.18,21.77],[89.09,21.87],[89.05,22.09],[89.03,21.94],[88.95,21.94],[89.05,21.72],[88.95,21.65],[88.86,21.74],[88.83,21.66],[88.72,21.61],[88.69,21.73],[88.74,22.01],[88.64,22.12],[88.57,21.83],[88.58,21.66],[88.45,21.61],[88.29,21.76],[88.25,21.62],[88.12,21.64],[88.06,21.69],[88.2,22.14],[87.99,22.27],[87.94,22.37],[87.96,22.26],[88.16,22.12],[87.95,21.83],[87.58,22.28],[87.55,22.51],[87.68,22.6],[88.31,22.72],[88.86,23.01],[90.6,23.15],[90.47,23.05],[90.55,22.9],[90.46,22.88],[90.44,22.75],[90.6,22.44],[90.59,22.26],[90.36,22.05],[90.23,21.83],[90.16,21.82],[90.07,21.89],[90.09,22.02],[90.21,22.16],[89.95,22.02],[89.92,22.12],[89.89,22.31],[89.99,22.47],[89.88,22.39],[89.85,22.09],[89.76,21.92],[89.57,21.77],[89.48,22.28],[89.5,21.91],[89.38,21.75]]],[[[90.98,23.18],[91.1,23.15],[91.21,23.02],[91.08,22.75],[91.15,22.61],[90.95,22.6],[90.83,22.72],[90.63,23.09],[90.64,23.16],[90.98,23.18]]],[[[91.08,22.52],[91.15,22.18],[91.04,22.11],[91.08,22.52]]],[[[90.78,22.09],[90.52,22.07],[90.68,22.33],[90.65,22.54],[90.56,22.62],[90.5,22.84],[90.6,22.86],[90.67,22.81],[90.74,22.64],[90.87,22.48],[90.83,22.16],[90.78,22.09]]],[[[90.58,23.04],[90.66,22.92],[90.54,23.01],[90.58,23.04]]]]}},{"type":"Feature","properties":{"n":"Zambezi Delta","cla":"Delta","min":5.3},"geometry":{"type":"Polygon","coordinates":[[[36.36,-18.78],[36.26,-18.72],[36.24,-18.85],[36.03,-18.84],[35.79,-18.94],[35.75,-18.43],[35.79,-18.11],[36.24,-18.14],[36.72,-18.29],[36.36,-18.78]]]}},{"type":"Feature","properties":{"n":"Nile Delta","cla":"Delta","min":5.3},"geometry":{"type":"Polygon","coordinates":[[[31.01,30.08],[30.75,30.42],[29.86,30.92],[29.76,31.12],[30.05,31.27],[30.22,31.26],[30.42,31.46],[30.91,31.56],[30.56,31.42],[30.7,31.4],[31.0,31.46],[31.05,31.58],[31.11,31.59],[31.52,31.46],[31.81,31.51],[31.88,31.42],[31.77,31.29],[32.01,31.22],[32.12,31.1],[32.12,30.86],[31.26,30.16],[31.01,30.08]]]}},{"type":"Feature","properties":{"n":"Lena Delta","cla":"Delta","min":5.3},"geometry":{"type":"Polygon","coordinates":[[[123.93,73.69],[124.39,73.75],[124.8,73.71],[124.96,73.64],[125.2,73.62],[125.17,73.57],[125.59,73.53],[125.52,73.48],[125.56,73.43],[125.93,73.5],[125.94,73.44],[126.01,73.51],[126.28,73.54],[126.34,73.51],[126.26,73.42],[126.52,73.34],[126.54,73.21],[126.61,73.27],[126.6,73.35],[126.85,73.41],[127.03,73.55],[127.96,73.45],[128.28,73.33],[128.26,73.27],[128.59,73.26],[128.89,73.19],[128.87,73.14],[128.91,73.11],[129.1,73.11],[129.05,73.05],[128.6,72.9],[129.02,72.87],[129.23,72.78],[129.25,72.71],[128.42,72.54],[129.28,72.44],[129.41,72.32],[129.41,72.17],[129.28,72.09],[128.93,72.08],[127.7,72.49],[126.73,72.54],[126.64,72.52],[126.6,72.37],[125.78,72.34],[125.02,72.63],[123.54,72.85],[123.3,73.0],[123.46,73.14],[123.62,73.19],[123.32,73.43],[123.31,73.53],[123.42,73.64],[123.49,73.67],[123.62,73.65],[123.66,73.59],[123.91,73.61],[123.88,73.67],[123.93,73.69]]]}},{"type":"Feature","properties":{"n":"Indus River Delta","cla":"Delta","min":5.3},"geometry":{"type":"Polygon","coordinates":[[[68.35,24.43],[68.23,24.21],[68.25,23.74],[68.17,23.89],[68.12,23.75],[68.04,23.95],[68.05,23.84],[67.95,23.83],[67.86,23.9],[67.81,23.83],[67.67,23.81],[67.65,23.92],[67.56,23.88],[67.31,24.17],[67.19,24.7],[67.38,24.75],[67.92,25.02],[68.13,25.02],[68.25,24.98],[68.34,24.88],[68.35,24.43]]]}},{"type":"Feature","properties":{"n":"Irrawaddy Delta","cla":"Delta","min":5.3},"geometry":{"type":"MultiPolygon","coordinates":[[[[94.68,17.19],[95.29,17.79],[95.44,17.83],[95.6,17.82],[95.77,17.74],[96.07,17.49],[96.19,17.07],[96.4,16.71],[96.42,16.57],[96.36,16.52],[96.28,16.6],[96.25,16.77],[96.19,16.77],[96.24,16.57],[96.32,16.46],[96.23,16.38],[96.04,16.34],[96.01,16.25],[95.76,16.17],[95.68,15.98],[95.39,15.72],[95.3,15.76],[95.36,15.99],[95.35,16.1],[95.18,15.83],[94.94,15.82],[94.89,16.18],[94.8,15.97],[94.66,15.9],[94.7,16.51],[94.67,16.34],[94.44,16.09],[94.3,16.01],[94.22,16.02],[94.27,16.52],[94.35,16.64],[94.47,17.11],[94.68,17.19]]],[[[94.78,15.79],[94.73,15.82],[94.83,15.93],[94.84,15.89],[94.78,15.79]]],[[[94.41,15.85],[94.39,15.99],[94.6,16.21],[94.57,16.02],[94.41,15.85]]]]}},{"type":"Feature","properties":{"n":"Ganges Delta","cla":"Delta","min":5.3},"geometry":{"type":"MultiPolygon","coordinates":[[[[89.19,24.28],[89.7,24.41],[90.04,24.32],[91.28,23.12],[91.4,22.79],[91.15,22.61],[90.95,22.6],[90.66,23.03],[90.6,23.59],[90.56,23.42],[90.27,23.46],[90.39,23.37],[90.52,23.35],[90.59,23.27],[90.6,23.13],[90.47,23.05],[90.55,22.9],[90.46,22.88],[90.44,22.75],[90.62,22.36],[90.59,22.26],[90.36,22.05],[90.23,21.83],[90.16,21.82],[90.07,21.89],[90.09,22.02],[90.21,22.16],[89.95,22.02],[89.92,22.12],[89.89,22.31],[89.99,22.47],[89.88,22.39],[89.81,21.98],[89.57,21.77],[89.48,22.28],[89.5,21.91],[89.35,21.72],[89.23,21.72],[89.09,21.87],[89.05,22.09],[89.03,21.94],[88.95,21.94],[89.02,21.83],[89.05,21.65],[88.91,21.65],[88.86,21.74],[88.75,21.58],[88.69,21.73],[88.74,22.01],[88.64,22.12],[88.57,21.83],[88.58,21.66],[88.45,21.61],[88.29,21.76],[88.25,21.62],[88.12,21.64],[88.06,21.69],[88.2,22.14],[87.99,22.27],[87.94,22.37],[87.96,22.26],[88.16,22.12],[87.95,21.83],[87.66,21.65],[87.54,21.96],[87.56,22.73],[88.02,23.7],[88.0,24.22],[88.07,24.35],[88.14,24.4],[88.37,24.43],[89.19,24.28]]],[[[91.45,22.61],[91.48,22.37],[91.41,22.48],[91.45,22.61]]],[[[90.78,22.09],[90.52,22.07],[90.68,22.33],[90.65,22.54],[90.56,22.62],[90.5,22.84],[90.6,22.86],[90.67,22.81],[90.74,22.64],[90.87,22.48],[90.83,22.16],[90.78,22.09]]],[[[91.16,22.37],[91.15,22.18],[91.04,22.11],[91.08,22.52],[91.16,22.37]]],[[[90.58,23.04],[90.66,22.92],[90.54,23.01],[90.58,23.04]]]]}},{"type":"Feature","properties":{"n":"Murzuq Desert","cla":"Desert","min":5.3},"geometry":{"type":"Polygon","coordinates":[[[13.98,23.62],[13.14,23.36],[12.39,23.44],[12.02,23.81],[11.69,24.29],[11.92,25.23],[12.23,25.88],[13.56,26.12],[14.83,25.82],[14.66,25.1],[13.98,23.62]]]}},{"type":"Feature","properties":{"n":"Hamada du Draa","cla":"Desert","min":6.0},"geometry":{"type":"Polygon","coordinates":[[[-5.94,27.36],[-7.45,26.92],[-8.81,27.13],[-9.87,27.17],[-10.63,27.55],[-10.66,27.99],[-10.06,28.29],[-8.78,28.66],[-7.58,29.14],[-7.19,29.51],[-6.61,29.86],[-5.42,30.16],[-4.68,30.76],[-3.73,31.2],[-3.06,31.22],[-2.37,30.64],[-2.46,30.29],[-3.24,30.27],[-3.36,29.69],[-3.73,29.42],[-4.3,29.23],[-3.55,28.86],[-3.92,28.56],[-4.98,27.85],[-5.94,27.36]]]}},{"type":"Feature","properties":{"n":"T\u00e9n\u00e9r\u00e9","cla":"Desert","min":5.3},"geometry":{"type":"Polygon","coordinates":[[[15.83,14.22],[15.27,13.87],[14.56,14.13],[13.18,14.36],[11.86,14.75],[10.82,15.29],[10.34,16.11],[9.84,17.79],[9.84,18.65],[9.59,19.27],[8.83,19.7],[8.86,20.42],[9.44,21.34],[9.23,22.21],[8.89,22.83],[8.63,24.11],[8.29,24.72],[8.81,24.92],[9.34,24.56],[10.23,23.77],[11.05,22.42],[13.84,21.38],[15.25,21.24],[15.99,20.43],[16.32,19.81],[16.34,18.84],[16.15,17.96],[15.76,16.97],[15.71,16.65],[15.76,16.14],[16.24,14.99],[16.02,14.52],[15.83,14.22]]]}},{"type":"Feature","properties":{"n":"Tassili oua-n-Ahaggar","cla":"Desert","min":6.0},"geometry":{"type":"Polygon","coordinates":[[[9.45,22.32],[9.48,21.64],[8.86,20.44],[7.26,19.84],[5.9,19.61],[5.17,19.73],[4.06,20.05],[3.95,20.9],[3.32,21.22],[3.22,22.03],[3.98,22.51],[4.52,22.61],[5.36,22.32],[5.99,21.92],[6.51,21.69],[7.11,21.99],[7.86,22.27],[8.82,22.97],[9.22,23.17],[9.45,22.32]]]}},{"type":"Feature","properties":{"n":"Tassili n'Ajjer","cla":"Desert","min":5.3},"geometry":{"type":"Polygon","coordinates":[[[7.24,27.0],[7.43,26.69],[8.3,26.49],[8.91,26.45],[9.44,26.6],[9.55,26.47],[9.37,26.17],[9.6,26.04],[9.87,25.67],[10.17,25.47],[10.39,25.68],[10.41,25.87],[10.56,25.84],[10.57,25.52],[10.66,25.1],[10.71,24.63],[10.82,24.33],[10.91,24.23],[11.01,23.95],[11.35,23.79],[11.54,23.38],[11.23,22.64],[10.69,22.92],[10.32,23.76],[10.02,23.89],[9.62,24.3],[9.42,24.59],[8.93,24.86],[8.43,25.0],[8.23,24.69],[7.56,24.53],[7.02,24.63],[6.98,25.37],[6.7,25.65],[6.34,25.65],[6.31,25.31],[5.94,25.13],[5.67,25.29],[5.25,26.39],[4.94,26.64],[4.87,26.99],[5.12,27.17],[5.53,27.31],[5.61,27.17],[5.58,27.07],[5.72,27.03],[5.84,27.18],[5.89,27.44],[6.02,27.47],[6.1,27.34],[6.11,27.06],[6.32,26.85],[6.54,26.74],[6.46,27.16],[6.6,27.45],[6.76,27.59],[6.98,27.47],[7.09,27.12],[7.24,27.0]]]}},{"type":"Feature","properties":{"n":"Calanshio Sand Sea","cla":"Desert","min":6.0},"geometry":{"type":"Polygon","coordinates":[[[26.15,29.11],[26.16,28.44],[25.62,27.77],[24.73,26.9],[23.05,26.02],[22.06,24.57],[20.59,24.82],[18.79,25.75],[19.13,26.71],[18.96,27.29],[18.99,27.93],[19.19,28.52],[19.46,28.68],[19.97,28.47],[20.14,28.76],[20.32,29.49],[19.74,29.99],[19.7,30.44],[20.6,31.3],[21.65,31.09],[23.37,30.38],[24.74,29.67],[26.15,29.11]]]}},{"type":"Feature","properties":{"n":"Grand Erg Oriental","cla":"Desert","min":4.7},"geometry":{"type":"Polygon","coordinates":[[[6.25,28.67],[5.57,28.58],[4.85,28.6],[4.75,28.92],[4.04,29.16],[4.49,29.73],[5.67,30.55],[6.49,30.88],[7.53,31.83],[8.55,32.85],[9.13,32.77],[9.46,32.11],[9.79,30.94],[9.74,30.49],[9.4,30.12],[9.04,29.91],[8.44,29.69],[7.1,28.89],[6.25,28.67]]]}},{"type":"Feature","properties":{"n":"Grand Erg Occidental","cla":"Desert","min":5.3},"geometry":{"type":"Polygon","coordinates":[[[3.01,31.21],[2.97,30.38],[2.52,30.22],[1.78,29.83],[0.86,29.82],[0.18,29.63],[-0.38,29.18],[-1.0,29.32],[-1.81,29.83],[-2.18,30.16],[-2.3,30.57],[-2.03,30.77],[-1.69,30.68],[-1.04,30.94],[-0.54,30.96],[-0.19,30.81],[0.4,30.84],[0.76,30.98],[1.31,31.39],[1.25,31.76],[1.33,32.0],[1.79,32.03],[2.17,32.37],[2.94,32.31],[3.05,32.16],[3.36,31.92],[3.01,31.21]]]}},{"type":"Feature","properties":{"n":"Erg Chech","cla":"Desert","min":5.3},"geometry":{"type":"Polygon","coordinates":[[[-2.63,23.07],[-3.79,22.69],[-4.37,23.0],[-5.87,23.2],[-6.02,23.97],[-5.43,24.4],[-4.37,24.8],[-3.33,25.43],[-2.76,26.25],[-2.74,26.99],[-1.31,28.11],[-0.42,27.96],[-0.44,27.26],[-0.07,26.57],[-0.7,26.3],[-1.88,24.42],[-1.87,23.82],[-2.63,23.07]]]}},{"type":"Feature","properties":{"n":"El Djouf","cla":"Desert","min":5.3},"geometry":{"type":"Polygon","coordinates":[[[-6.52,19.21],[-7.45,18.61],[-8.71,18.63],[-10.63,19.7],[-10.98,20.22],[-10.96,20.67],[-9.99,21.63],[-9.29,22.09],[-8.76,22.68],[-7.89,23.13],[-7.33,23.53],[-5.72,24.2],[-5.25,24.24],[-4.67,24.2],[-3.54,24.06],[-2.65,22.84],[-2.8,21.98],[-4.58,20.43],[-5.55,19.76],[-6.52,19.21]]]}},{"type":"Feature","properties":{"n":"Chihuahuan Desert","cla":"Desert","min":5.3},"geometry":{"type":"Polygon","coordinates":[[[-106.48,34.23],[-106.39,33.55],[-105.96,33.65],[-105.83,32.61],[-105.62,32.39],[-105.3,32.42],[-105.08,32.32],[-104.88,31.9],[-104.64,31.77],[-104.64,31.93],[-104.47,32.16],[-104.61,32.32],[-105.22,32.75],[-105.2,33.36],[-105.13,33.63],[-104.74,33.66],[-104.65,33.93],[-104.34,34.07],[-103.93,33.32],[-103.74,32.25],[-103.47,31.91],[-103.33,31.65],[-102.73,31.39],[-102.27,31.4],[-101.88,31.1],[-101.35,30.86],[-100.9,30.34],[-100.67,30.15],[-100.65,29.78],[-100.78,29.55],[-101.04,29.47],[-101.32,29.65],[-101.6,29.73],[-101.89,29.67],[-102.51,29.24],[-102.84,29.32],[-102.87,29.21],[-102.67,28.98],[-102.56,28.75],[-102.62,28.42],[-102.44,28.23],[-102.09,28.06],[-101.87,27.81],[-101.34,27.5],[-100.9,27.02],[-100.51,27.07],[-100.47,26.78],[-100.55,26.47],[-100.54,25.82],[-100.83,25.5],[-101.14,25.31],[-101.6,25.29],[-103.23,25.61],[-103.5,25.41],[-103.62,25.15],[-103.48,24.84],[-103.82,24.25],[-104.18,24.37],[-104.44,24.77],[-104.71,24.92],[-105.12,25.45],[-105.36,25.57],[-105.23,25.83],[-104.91,25.99],[-105.96,27.13],[-106.44,27.03],[-106.4,27.81],[-106.29,28.14],[-106.26,28.51],[-106.36,28.83],[-106.39,29.16],[-106.5,29.48],[-106.9,29.7],[-107.32,29.87],[-107.68,29.94],[-108.11,30.16],[-108.24,30.47],[-108.7,30.73],[-109.23,30.75],[-109.3,30.45],[-109.51,30.41],[-109.83,31.09],[-110.24,31.15],[-110.63,31.3],[-111.02,31.36],[-110.69,32.46],[-110.42,32.95],[-110.72,33.24],[-110.7,33.44],[-110.43,33.53],[-110.1,33.45],[-109.04,32.9],[-108.8,32.82],[-108.39,32.5],[-108.34,32.76],[-108.17,32.85],[-107.89,32.76],[-107.74,32.61],[-107.62,32.64],[-107.55,33.26],[-107.01,33.84],[-106.94,34.17],[-106.82,34.3],[-106.48,34.23]]]}},{"type":"Feature","properties":{"n":"Sonoran Desert","cla":"Desert","min":4.7},"geometry":{"type":"MultiPolygon","coordinates":[[[[-112.68,34.45],[-112.51,34.16],[-112.2,34.08],[-111.92,33.9],[-111.57,33.55],[-111.04,33.2],[-110.72,33.24],[-110.42,32.95],[-110.69,32.46],[-111.02,31.36],[-111.19,31.13],[-110.63,30.59],[-110.51,30.27],[-110.54,29.89],[-110.3,29.43],[-110.5,28.79],[-109.92,27.69],[-110.16,27.57],[-110.56,27.82],[-110.53,27.86],[-111.05,27.94],[-111.19,28.03],[-111.47,28.38],[-111.68,28.47],[-111.92,28.8],[-112.07,28.93],[-112.21,29.31],[-112.59,29.75],[-112.89,30.46],[-113.04,30.63],[-113.09,30.91],[-113.03,31.16],[-113.08,31.21],[-113.6,31.35],[-113.64,31.5],[-113.95,31.63],[-114.0,31.53],[-114.15,31.51],[-114.93,31.9],[-114.84,31.8],[-114.79,31.65],[-114.85,31.54],[-114.88,31.16],[-114.71,30.78],[-114.64,30.17],[-114.53,29.97],[-114.72,30.12],[-114.97,30.44],[-115.21,30.6],[-115.28,31.03],[-115.46,31.23],[-115.51,31.49],[-115.68,31.74],[-115.96,32.5],[-116.16,32.68],[-116.47,33.08],[-116.5,33.38],[-116.33,33.55],[-116.55,33.68],[-116.69,33.86],[-116.72,33.99],[-116.52,34.04],[-116.14,33.78],[-115.92,33.69],[-115.51,33.75],[-115.28,34.02],[-115.33,34.27],[-115.02,34.36],[-114.64,34.61],[-114.45,34.53],[-114.21,34.63],[-114.02,34.71],[-113.92,34.86],[-113.59,35.0],[-112.68,34.45]]],[[[-114.74,31.71],[-114.79,31.75],[-114.78,31.79],[-114.72,31.76],[-114.74,31.71]]]]}},{"type":"Feature","properties":{"n":"Great Salt Lake Desert","cla":"Desert","min":5.3},"geometry":{"type":"Polygon","coordinates":[[[-113.27,39.99],[-113.59,39.91],[-113.83,40.32],[-114.04,40.78],[-113.92,41.17],[-113.56,41.43],[-113.32,41.48],[-113.0,41.14],[-113.09,40.37],[-113.27,39.99]]]}},{"type":"Feature","properties":{"n":"Gibson Desert","cla":"Desert","min":5.3},"geometry":{"type":"Polygon","coordinates":[[[125.9,-25.77],[124.63,-25.81],[124.1,-25.76],[123.6,-25.63],[123.18,-25.4],[123.05,-25.19],[122.92,-24.48],[123.0,-24.01],[123.1,-23.83],[123.4,-23.56],[123.87,-23.27],[124.55,-23.06],[124.9,-23.04],[125.48,-23.15],[125.8,-23.25],[126.7,-23.66],[126.88,-23.81],[127.03,-24.01],[127.1,-24.24],[127.1,-24.74],[126.85,-25.33],[126.63,-25.52],[125.9,-25.77]]]}},{"type":"Feature","properties":{"n":"Ordos Desert","cla":"Desert","min":5.3},"geometry":{"type":"Polygon","coordinates":[[[107.96,40.92],[110.78,40.34],[111.05,40.19],[111.23,40.02],[111.26,39.77],[111.14,39.33],[110.84,38.98],[110.71,38.67],[110.69,38.47],[110.78,37.98],[110.77,37.82],[110.26,37.26],[110.15,37.27],[109.65,37.55],[108.57,37.67],[107.91,37.62],[107.54,37.52],[107.3,37.56],[107.22,37.52],[105.66,37.63],[105.36,37.74],[105.14,38.79],[105.14,38.93],[105.23,39.24],[105.56,39.84],[105.79,40.11],[106.1,40.34],[106.73,40.47],[106.93,40.34],[107.74,40.89],[107.96,40.92]]]}},{"type":"Feature","properties":{"n":"Taklamakan","cla":"Desert","min":5.3},"geometry":{"type":"Polygon","coordinates":[[[83.96,37.31],[83.57,37.24],[81.71,37.34],[81.06,37.54],[80.95,37.63],[79.57,37.88],[78.41,38.45],[78.29,38.65],[78.29,38.87],[78.39,39.05],[78.55,39.18],[79.3,39.34],[79.52,39.46],[80.01,39.9],[80.41,40.09],[84.87,40.58],[86.77,40.39],[87.08,40.27],[87.35,40.11],[87.55,39.88],[87.65,39.58],[87.64,39.31],[87.52,39.11],[87.33,38.95],[84.39,37.64],[83.96,37.31]]]}},{"type":"Feature","properties":{"n":"Dasht-e Lut","cla":"Desert","min":5.3},"geometry":{"type":"Polygon","coordinates":[[[59.62,29.82],[58.95,29.86],[58.43,30.01],[58.09,30.22],[57.52,30.75],[57.22,30.93],[56.96,31.17],[56.51,31.79],[56.36,32.17],[56.31,32.49],[56.3,32.85],[56.35,33.19],[56.47,33.47],[56.62,33.62],[56.76,33.67],[56.92,33.65],[57.6,33.37],[57.74,33.26],[57.96,32.95],[58.83,32.0],[59.33,31.33],[59.87,30.79],[59.94,30.52],[59.93,30.2],[59.77,29.9],[59.62,29.82]]]}},{"type":"Feature","properties":{"n":"Iwembere Steppe","cla":"Plain","min":6.0},"geometry":{"type":"Polygon","coordinates":[[[31.66,-2.21],[31.66,-2.36],[31.75,-2.34],[31.85,-2.68],[32.26,-2.26],[32.4,-2.44],[32.79,-2.49],[32.87,-2.75],[32.73,-2.88],[32.75,-3.06],[32.81,-2.96],[32.81,-3.64],[33.22,-4.17],[33.34,-4.79],[33.74,-4.95],[34.12,-5.28],[34.18,-5.52],[34.61,-6.43],[34.16,-6.73],[34.39,-7.8],[33.8,-8.45],[33.12,-8.68],[33.2,-9.56],[31.23,-8.76],[31.21,-8.36],[30.55,-6.92],[30.14,-6.39],[29.76,-6.16],[29.77,-5.41],[29.68,-4.34],[29.99,-3.78],[29.7,-3.7],[29.69,-2.88],[30.02,-2.82],[30.71,-2.58],[31.08,-2.12],[31.66,-2.21]]]}},{"type":"Feature","properties":{"n":"Yukon Flats","cla":"Plain","min":5.3},"geometry":{"type":"Polygon","coordinates":[[[-144.13,67.47],[-143.08,67.02],[-142.62,66.71],[-142.43,66.23],[-142.43,65.92],[-142.69,65.74],[-142.84,65.47],[-144.18,65.59],[-144.39,65.92],[-146.51,66.09],[-148.19,66.08],[-149.05,66.0],[-149.55,66.19],[-149.47,66.46],[-147.8,66.8],[-146.93,67.03],[-146.54,67.27],[-145.72,67.4],[-145.18,67.39],[-144.13,67.47]]]}},{"type":"Feature","properties":{"n":"Laurentides","cla":"Plain","min":4.7},"geometry":{"type":"Polygon","coordinates":[[[-63.26,53.03],[-61.73,52.89],[-60.26,52.83],[-59.07,52.67],[-57.71,52.32],[-57.31,52.16],[-56.96,51.86],[-56.74,51.58],[-57.66,51.45],[-58.12,51.31],[-58.51,51.3],[-58.73,51.11],[-58.89,51.04],[-59.17,50.78],[-59.74,50.45],[-60.03,50.32],[-60.52,50.24],[-61.56,50.2],[-62.72,50.3],[-65.27,50.32],[-66.08,50.29],[-66.51,50.23],[-66.94,49.99],[-67.11,49.85],[-67.3,49.41],[-68.05,49.28],[-68.28,49.2],[-68.23,49.16],[-68.63,49.02],[-68.93,48.83],[-69.56,48.25],[-69.67,48.2],[-69.85,48.21],[-70.38,48.37],[-71.02,48.46],[-70.84,48.37],[-70.5,48.35],[-69.97,48.21],[-69.78,48.1],[-70.02,47.73],[-70.35,47.58],[-70.92,47.04],[-71.19,46.86],[-71.62,46.89],[-72.02,46.86],[-72.6,46.66],[-73.18,46.15],[-73.99,45.85],[-74.46,45.6],[-74.93,45.64],[-75.75,45.42],[-75.93,45.43],[-76.11,45.56],[-76.37,45.48],[-76.6,45.56],[-76.87,45.89],[-77.9,46.22],[-78.62,46.32],[-78.99,46.57],[-78.91,46.68],[-78.51,46.79],[-77.95,47.05],[-76.49,47.1],[-75.38,47.84],[-75.11,48.1],[-74.32,48.69],[-73.71,49.27],[-73.32,49.91],[-73.17,51.35],[-73.0,51.87],[-72.45,52.25],[-71.83,52.41],[-70.33,52.56],[-69.5,52.73],[-69.13,52.64],[-68.61,52.43],[-68.28,52.1],[-67.84,51.82],[-67.23,51.79],[-66.64,51.87],[-66.38,51.74],[-65.82,51.79],[-65.18,51.77],[-64.69,51.69],[-64.29,52.05],[-64.08,52.37],[-64.17,52.57],[-64.17,52.85],[-63.9,53.09],[-63.69,53.11],[-63.26,53.03]]]}},{"type":"Feature","properties":{"n":"Adamawa Plateau","cla":"Plateau","min":5.3},"geometry":{"type":"Polygon","coordinates":[[[11.58,5.35],[11.32,4.61],[10.77,4.14],[10.2,4.04],[10.12,4.53],[9.97,4.68],[9.58,4.64],[9.23,4.72],[8.95,4.92],[8.26,5.7],[8.5,6.05],[8.85,6.26],[8.74,6.47],[9.7,7.33],[10.12,7.43],[10.51,7.82],[10.62,8.14],[11.14,8.47],[11.17,9.01],[11.59,9.24],[12.54,9.26],[13.02,9.1],[13.41,8.87],[14.15,8.82],[14.66,8.56],[15.68,8.25],[15.69,7.99],[15.38,7.29],[14.89,7.03],[14.09,6.32],[12.58,5.67],[12.24,5.47],[11.91,5.47],[11.58,5.35]]]}},{"type":"Feature","properties":{"n":"Hu\u00edla Plateau","cla":"Plateau","min":5.3},"geometry":{"type":"Polygon","coordinates":[[[15.88,-16.53],[14.4,-16.81],[12.78,-16.56],[12.99,-15.19],[14.47,-14.8],[15.6,-15.08],[15.88,-16.53]]]}},{"type":"Feature","properties":{"n":"Bi\u00e9 Plateau","cla":"Plateau","min":5.3},"geometry":{"type":"Polygon","coordinates":[[[21.13,-14.79],[20.3,-15.24],[19.52,-14.84],[18.97,-14.93],[18.21,-15.4],[17.28,-14.97],[16.73,-14.41],[16.61,-13.68],[17.07,-13.64],[17.55,-13.17],[17.92,-11.87],[17.9,-11.22],[17.76,-10.09],[17.93,-9.87],[18.46,-9.96],[18.8,-10.5],[19.36,-10.7],[19.94,-10.83],[20.32,-11.24],[21.55,-13.4],[21.57,-14.46],[21.13,-14.79]]]}},{"type":"Feature","properties":{"n":"Grande Sert\u00e3o Veredas National Park","cla":"Plateau","min":5.3},"geometry":{"type":"Polygon","coordinates":[[[-45.39,-18.26],[-46.06,-18.61],[-46.73,-18.29],[-47.19,-17.83],[-47.09,-16.21],[-46.81,-15.01],[-46.42,-14.37],[-46.28,-12.93],[-45.08,-12.01],[-44.09,-11.73],[-43.59,-12.19],[-43.63,-13.25],[-44.62,-15.29],[-45.25,-16.28],[-45.04,-17.3],[-45.39,-18.26]]]}},{"type":"Feature","properties":{"n":"Ozarks","cla":"Plateau","min":5.3},"geometry":{"type":"Polygon","coordinates":[[[-90.18,38.83],[-90.37,38.26],[-89.97,37.91],[-89.72,37.83],[-89.55,37.69],[-89.46,37.45],[-89.52,37.27],[-89.36,37.03],[-89.13,36.92],[-89.66,36.2],[-89.73,35.85],[-90.12,35.3],[-90.27,34.92],[-90.58,34.57],[-90.66,34.38],[-90.88,34.2],[-91.13,33.86],[-92.07,34.4],[-92.38,34.91],[-92.6,35.07],[-92.88,35.12],[-93.27,35.31],[-93.88,35.49],[-94.47,35.35],[-94.8,35.38],[-95.19,35.58],[-95.43,35.8],[-95.14,36.23],[-94.89,36.44],[-94.68,36.73],[-94.61,36.95],[-93.97,37.89],[-93.6,38.19],[-93.17,38.24],[-92.86,38.15],[-92.27,38.38],[-92.07,38.56],[-91.86,38.67],[-91.41,38.71],[-91.21,38.62],[-90.76,38.64],[-90.28,38.93],[-90.18,38.83]]]}},{"type":"Feature","properties":{"n":"Edwards Plateau","cla":"Plateau","min":5.3},"geometry":{"type":"Polygon","coordinates":[[[-98.52,29.3],[-100.65,29.34],[-100.78,29.55],[-100.65,29.78],[-100.67,30.15],[-100.9,30.34],[-101.35,30.86],[-101.88,31.1],[-101.87,31.59],[-101.4,32.3],[-100.96,32.7],[-100.53,33.0],[-99.98,33.11],[-99.96,33.42],[-99.56,33.62],[-99.21,33.59],[-98.72,33.24],[-98.55,33.03],[-97.83,32.66],[-97.64,32.3],[-97.35,32.03],[-96.73,31.1],[-97.08,30.67],[-97.61,29.84],[-97.96,29.47],[-98.52,29.3]]]}},{"type":"Feature","properties":{"n":"Fraser Plateau","cla":"Plateau","min":5.3},"geometry":{"type":"Polygon","coordinates":[[[-125.98,55.51],[-125.34,55.17],[-124.52,55.2],[-123.87,55.56],[-123.73,55.03],[-122.41,54.03],[-121.88,53.45],[-121.66,52.92],[-121.14,52.47],[-120.47,52.1],[-120.71,50.99],[-122.43,51.04],[-123.01,51.18],[-123.7,51.44],[-124.81,51.6],[-126.03,52.58],[-127.09,53.66],[-127.33,54.09],[-127.19,54.59],[-127.04,54.96],[-126.74,55.41],[-126.5,55.64],[-125.98,55.51]]]}},{"type":"Feature","properties":{"n":"Laurentian Upland","cla":"Plateau","min":5.3},"geometry":{"type":"Polygon","coordinates":[[[-92.91,48.56],[-92.27,48.34],[-92.04,48.35],[-91.42,48.04],[-90.87,48.24],[-90.77,48.1],[-90.06,48.11],[-89.93,48.0],[-89.75,48.03],[-89.35,47.98],[-88.69,48.26],[-88.37,48.31],[-86.05,47.4],[-85.02,46.93],[-84.55,46.48],[-84.32,46.52],[-84.19,46.27],[-83.9,46.04],[-83.84,45.86],[-84.78,45.86],[-85.45,46.05],[-85.89,45.77],[-86.1,45.51],[-86.24,45.24],[-86.56,45.37],[-87.1,45.43],[-87.69,44.98],[-87.77,44.66],[-88.33,44.58],[-89.87,44.9],[-91.87,45.09],[-92.76,45.27],[-93.6,45.3],[-94.01,45.41],[-94.33,45.8],[-94.39,46.13],[-94.43,46.91],[-94.42,47.26],[-94.04,48.0],[-93.45,48.57],[-93.21,48.61],[-92.91,48.56]]]}},{"type":"Feature","properties":{"n":"Kimberley Plateau","cla":"Plateau","min":5.3},"geometry":{"type":"Polygon","coordinates":[[[127.1,-17.99],[126.45,-17.95],[125.81,-17.76],[125.43,-17.52],[125.23,-17.29],[124.84,-17.08],[124.73,-16.93],[125.0,-16.34],[125.24,-15.51],[125.37,-15.27],[126.83,-14.18],[127.43,-14.25],[127.62,-14.4],[127.73,-14.62],[128.06,-15.66],[128.34,-16.14],[128.42,-16.51],[128.39,-17.16],[128.16,-17.57],[127.85,-17.79],[127.47,-17.93],[127.1,-17.99]]]}},{"type":"Feature","properties":{"n":"Kazakh Uplands","cla":"Plateau","min":5.3},"geometry":{"type":"Polygon","coordinates":[[[74.18,50.66],[74.84,50.5],[76.59,50.45],[77.19,50.32],[78.42,49.75],[78.42,49.58],[78.09,48.87],[78.18,48.41],[78.2,47.78],[77.9,47.11],[77.83,47.02],[77.42,46.87],[76.92,46.85],[76.12,46.95],[74.85,46.94],[74.43,46.66],[73.89,46.39],[72.69,46.31],[71.44,46.44],[69.91,46.7],[69.27,47.0],[69.2,47.82],[69.32,48.94],[70.01,49.92],[70.35,50.23],[71.23,50.68],[74.18,50.66]]]}},{"type":"Feature","properties":{"n":"Ustyurt Plateau","cla":"Plateau","min":5.3},"geometry":{"type":"Polygon","coordinates":[[[56.9,42.98],[56.41,42.74],[55.54,42.87],[54.97,42.74],[54.53,42.72],[54.21,42.76],[53.43,43.0],[53.28,43.13],[53.17,43.48],[53.22,44.09],[53.32,44.35],[53.48,44.58],[53.69,44.73],[54.31,44.9],[54.73,45.13],[55.23,45.26],[55.55,45.3],[55.79,45.26],[56.23,45.09],[56.88,44.94],[57.08,44.85],[57.24,44.7],[57.33,44.5],[57.36,44.26],[57.3,43.8],[57.17,43.35],[57.06,43.14],[56.9,42.98]]]}},{"type":"Feature","properties":{"n":"Stanovoy Range","cla":"Plateau","min":5.3},"geometry":{"type":"Polygon","coordinates":[[[114.5,56.01],[114.37,54.96],[114.55,54.94],[114.53,54.73],[114.47,54.62],[113.69,53.9],[113.32,53.72],[113.0,53.75],[112.71,54.01],[112.46,54.11],[111.27,54.09],[111.15,54.04],[111.12,53.95],[111.06,53.93],[110.62,53.94],[110.53,54.03],[110.32,54.04],[109.88,54.17],[109.7,54.28],[109.57,54.42],[109.55,54.57],[109.76,55.01],[109.87,55.51],[109.8,55.76],[109.69,55.79],[109.38,55.64],[109.07,55.1],[108.58,54.6],[108.44,54.31],[108.35,54.4],[108.56,55.1],[108.35,55.71],[108.31,56.0],[108.38,56.48],[108.48,56.73],[108.78,57.16],[109.66,57.79],[109.92,57.89],[110.71,57.9],[111.17,58.03],[111.59,58.35],[114.32,59.76],[115.14,59.92],[115.62,59.91],[116.05,59.8],[116.32,59.63],[116.4,59.44],[116.39,59.22],[116.25,58.53],[115.97,58.15],[115.13,57.53],[115.0,57.22],[115.07,56.61],[114.7,56.35],[114.5,56.01]]]}},{"type":"Feature","properties":{"n":"Loess Plateau","cla":"Plateau","min":5.3},"geometry":{"type":"Polygon","coordinates":[[[104.26,37.77],[107.16,37.46],[107.57,37.53],[109.72,37.59],[109.86,37.52],[110.31,37.16],[110.65,36.62],[110.96,36.46],[111.23,36.17],[111.27,36.0],[111.14,35.68],[111.27,35.37],[111.26,35.22],[111.17,35.11],[110.34,34.68],[110.14,34.65],[109.2,34.69],[108.44,34.56],[107.31,34.63],[106.24,34.88],[105.41,34.94],[104.82,35.4],[104.35,35.46],[104.14,35.56],[103.8,35.96],[103.69,36.23],[103.6,37.14],[103.63,37.33],[103.8,37.6],[103.93,37.69],[104.26,37.77]]]}},{"type":"Feature","properties":{"n":"Junggar Basin","cla":"Basin","min":5.3},"geometry":{"type":"Polygon","coordinates":[[[88.51,45.25],[89.58,44.42],[89.64,44.32],[89.62,44.22],[89.02,44.05],[87.17,44.11],[86.77,44.27],[84.99,44.45],[84.66,44.34],[83.93,44.36],[83.3,44.68],[83.2,44.84],[83.19,44.96],[83.24,45.03],[83.9,45.07],[84.05,45.27],[84.28,45.45],[85.9,45.85],[87.68,45.77],[88.2,45.54],[88.51,45.25]]]}},{"type":"Feature","properties":{"n":"Qaidam Basin","cla":"Basin","min":5.3},"geometry":{"type":"Polygon","coordinates":[[[98.12,36.49],[98.17,36.34],[98.14,36.06],[97.8,35.99],[97.43,36.02],[96.16,36.37],[95.65,36.43],[95.1,36.3],[92.79,36.69],[92.0,37.2],[91.9,37.31],[91.87,37.38],[91.95,37.52],[91.98,37.75],[91.84,38.17],[91.87,38.33],[91.99,38.42],[92.18,38.47],[92.65,38.46],[94.26,38.0],[94.86,37.54],[95.08,37.42],[97.84,36.69],[98.12,36.49]]]}},{"type":"Feature","properties":{"n":"Kolyma Lowland","cla":"Lowland","min":4.7},"geometry":{"type":"Polygon","coordinates":[[[159.59,70.38],[159.71,69.45],[159.59,69.09],[159.43,68.95],[158.84,68.84],[158.55,68.74],[157.73,68.35],[157.29,68.05],[157.07,67.97],[156.58,67.89],[155.6,67.66],[154.88,67.43],[153.78,67.19],[152.79,67.14],[151.89,66.78],[151.49,66.77],[151.29,66.82],[150.45,67.23],[150.29,67.54],[150.33,67.93],[150.29,68.22],[150.02,68.47],[149.77,68.94],[149.78,69.02],[149.89,69.14],[150.07,69.23],[151.32,69.56],[151.84,69.64],[153.47,69.68],[154.0,69.74],[154.29,69.9],[154.57,70.36],[154.7,70.45],[155.16,70.62],[155.83,70.98],[156.1,71.05],[157.87,70.99],[158.9,70.87],[159.39,70.7],[159.52,70.56],[159.59,70.38]]]}},{"type":"Feature","properties":{"n":"Vychegda Lowland","cla":"Lowland","min":5.3},"geometry":{"type":"Polygon","coordinates":[[[52.78,59.84],[52.22,59.8],[50.76,59.81],[50.43,59.85],[49.79,60.02],[48.66,60.55],[48.3,61.04],[48.04,61.31],[47.96,61.53],[47.97,62.56],[48.04,63.4],[48.15,63.79],[48.4,64.14],[48.81,64.43],[49.26,64.61],[50.28,64.71],[50.88,64.83],[54.47,64.94],[54.89,64.91],[55.29,64.8],[55.8,64.48],[56.2,64.01],[56.31,63.8],[56.53,62.51],[56.53,62.05],[56.61,61.56],[56.59,61.21],[56.48,60.83],[56.29,60.49],[56.03,60.25],[55.75,60.16],[53.86,60.01],[52.78,59.84]]]}},{"type":"Feature","properties":{"n":"Grand Canyon","cla":"Gorge","min":5.3},"geometry":{"type":"Polygon","coordinates":[[[-111.37,35.8],[-111.64,35.65],[-111.91,35.67],[-112.13,35.48],[-112.42,35.38],[-112.76,35.38],[-113.34,35.27],[-113.62,35.31],[-113.67,35.48],[-114.04,35.88],[-114.09,36.1],[-113.74,36.65],[-113.37,36.86],[-113.17,37.19],[-112.15,37.25],[-111.53,37.05],[-111.41,36.89],[-111.37,35.8]]]}},{"type":"Feature","properties":{"n":"Three Gorges","cla":"Gorge","min":5.3},"geometry":{"type":"Polygon","coordinates":[[[111.83,30.33],[111.48,30.04],[111.17,29.97],[110.84,29.98],[109.77,30.2],[109.47,30.16],[109.03,30.26],[108.06,30.23],[107.78,30.37],[107.52,30.64],[107.42,30.82],[107.41,30.95],[107.53,31.22],[107.65,31.38],[107.78,31.49],[108.04,31.58],[111.02,31.7],[111.38,31.64],[111.79,31.47],[111.87,31.37],[111.94,30.61],[111.83,30.33]]]}},{"type":"Feature","properties":{"n":"Yarlung Tsangpo Grand Canyon","cla":"Gorge","min":5.3},"geometry":{"type":"Polygon","coordinates":[[[95.15,27.77],[94.76,27.86],[94.7,28.08],[94.78,29.48],[94.92,29.71],[95.18,29.91],[95.26,29.92],[95.47,29.86],[95.56,29.79],[95.71,29.43],[95.78,28.99],[95.77,28.77],[95.56,28.04],[95.15,27.77]]]}},{"type":"Feature","properties":{"n":"Chilean Central Valley","cla":"Valley","min":5.3},"geometry":{"type":"Polygon","coordinates":[[[-72.68,-41.61],[-72.84,-41.52],[-72.95,-41.51],[-73.32,-41.67],[-73.12,-40.46],[-72.82,-40.24],[-72.73,-39.97],[-72.81,-39.21],[-72.93,-38.81],[-72.8,-38.52],[-72.61,-37.89],[-72.68,-37.37],[-72.65,-37.04],[-71.95,-35.63],[-71.29,-35.15],[-71.01,-34.79],[-71.16,-35.24],[-71.43,-35.76],[-71.93,-37.39],[-71.95,-38.34],[-72.33,-39.56],[-72.42,-40.37],[-72.59,-40.81],[-72.68,-41.61]]]}},{"type":"Feature","properties":{"n":"Central Valley","cla":"Valley","min":5.6},"geometry":{"type":"Polygon","coordinates":[[[-119.13,35.07],[-119.65,35.38],[-119.87,35.69],[-119.97,35.96],[-120.24,36.22],[-120.44,36.63],[-120.67,36.97],[-120.81,37.04],[-121.16,37.41],[-121.25,37.59],[-121.56,37.94],[-121.92,38.04],[-121.53,38.06],[-122.01,38.12],[-121.99,38.39],[-122.03,38.83],[-122.42,39.28],[-122.72,40.06],[-122.78,40.29],[-122.7,40.39],[-122.68,40.64],[-122.51,40.74],[-122.13,40.67],[-122.14,40.32],[-121.96,40.16],[-121.81,39.84],[-121.48,39.44],[-120.87,38.11],[-119.89,37.1],[-119.42,36.83],[-118.81,36.04],[-118.87,35.15],[-119.13,35.07]]]}},{"type":"Feature","properties":{"n":"Entre R\u00edos","cla":"Wetlands","min":5.3},"geometry":{"type":"MultiPolygon","coordinates":[[[[-58.49,-34.27],[-58.53,-34.3],[-58.51,-34.39],[-58.96,-34.18],[-60.65,-33.07],[-60.76,-32.2],[-60.6,-31.72],[-60.25,-31.56],[-59.65,-30.72],[-59.54,-30.11],[-59.59,-29.45],[-59.43,-29.21],[-59.2,-29.02],[-59.04,-28.34],[-59.06,-28.1],[-58.91,-28.1],[-58.8,-27.75],[-58.93,-27.49],[-58.67,-27.3],[-58.03,-27.3],[-57.21,-27.52],[-56.47,-27.57],[-55.94,-28.44],[-56.92,-29.63],[-57.56,-30.13],[-57.74,-30.4],[-58.09,-31.46],[-58.22,-32.56],[-58.17,-32.97],[-58.25,-33.08],[-58.42,-33.11],[-58.55,-33.66],[-58.47,-33.88],[-58.49,-34.27]]],[[[-58.36,-33.19],[-58.29,-33.14],[-58.27,-33.14],[-58.36,-33.19]]]]}},{"type":"Feature","properties":{"n":"Mississippi River Delta","cla":"Delta","min":5.0},"geometry":{"type":"Polygon","coordinates":[[[-89.15,29.03],[-89.25,29.08],[-89.38,28.98],[-89.35,29.07],[-89.44,29.19],[-89.71,29.31],[-89.77,29.41],[-89.56,29.47],[-89.48,29.38],[-89.17,29.32],[-89.03,29.18],[-89.15,29.03]]]}},{"type":"Feature","properties":{"n":"Enugu Nigeria","cla":"Delta","min":4.0},"geometry":{"type":"MultiPolygon","coordinates":[[[[6.15,5.89],[6.63,6.12],[6.78,6.02],[6.82,5.79],[7.2,5.41],[7.57,4.92],[7.58,4.57],[7.53,4.66],[7.46,4.56],[7.28,4.55],[7.08,4.72],[7.16,4.62],[7.15,4.51],[7.01,4.4],[6.92,4.39],[6.77,4.72],[6.79,4.47],[6.86,4.37],[6.63,4.35],[6.58,4.48],[6.55,4.34],[6.26,4.31],[6.27,4.43],[6.21,4.39],[6.21,4.3],[6.02,4.32],[5.74,4.53],[5.51,4.85],[5.39,5.13],[5.48,5.15],[5.37,5.2],[5.37,5.34],[5.5,5.38],[5.55,5.47],[5.39,5.4],[5.2,5.53],[5.22,5.57],[5.46,5.61],[5.35,5.62],[5.33,5.71],[5.17,5.6],[5.11,5.64],[5.09,5.77],[4.69,6.21],[5.4,6.18],[5.85,6.05],[6.15,5.89]]],[[[7.33,4.49],[7.15,4.41],[7.23,4.53],[7.33,4.49]]]]}},{"type":"Feature","properties":{"n":"Volga Delta","cla":"Delta","min":4.0},"geometry":{"type":"MultiPolygon","coordinates":[[[[47.95,45.51],[47.92,45.62],[47.95,45.65],[47.99,45.55],[47.95,45.51]]],[[[47.53,45.66],[47.67,46.21],[47.84,46.42],[47.84,46.68],[47.89,46.75],[48.22,46.68],[48.35,46.49],[48.79,46.22],[48.86,46.12],[48.68,46.09],[48.73,45.9],[48.49,45.93],[48.16,45.74],[47.83,45.66],[47.7,45.69],[47.63,45.58],[47.53,45.66]]]]}},{"type":"Feature","properties":{"n":"Danube Delta","cla":"Delta","min":5.0},"geometry":{"type":"Polygon","coordinates":[[[28.86,44.75],[28.72,45.17],[28.73,45.28],[28.79,45.33],[29.3,45.43],[29.62,45.41],[29.73,45.34],[29.56,44.84],[29.05,44.76],[29.08,44.8],[29.05,44.93],[29.1,44.98],[28.98,44.99],[28.89,44.92],[28.93,44.81],[28.86,44.75]]]}},{"type":"Feature","properties":{"n":"Amazon Delta","cla":"Delta","min":4.0},"geometry":{"type":"MultiPolygon","coordinates":[[[[-48.67,-1.8],[-49.13,-2.53],[-49.91,-2.87],[-50.18,-2.39],[-50.79,-1.97],[-51.11,-1.46],[-51.65,-1.93],[-52.75,-1.78],[-52.72,-1.3],[-51.97,-0.73],[-51.27,0.2],[-49.93,1.31],[-49.9,1.16],[-50.29,0.84],[-50.76,0.22],[-50.97,0.13],[-51.1,-0.03],[-51.28,-0.09],[-51.4,-0.39],[-51.7,-0.76],[-51.72,-1.02],[-51.92,-1.18],[-51.93,-1.32],[-52.02,-1.4],[-52.23,-1.36],[-52.66,-1.55],[-52.31,-1.56],[-52.2,-1.64],[-51.95,-1.59],[-51.3,-1.22],[-50.89,-0.94],[-50.84,-1.04],[-50.92,-1.12],[-50.84,-1.23],[-50.79,-1.49],[-50.68,-1.64],[-50.69,-1.76],[-50.4,-2.02],[-50.0,-1.83],[-49.72,-1.93],[-49.31,-1.73],[-49.55,-2.52],[-49.64,-2.66],[-49.46,-2.5],[-49.21,-1.92],[-48.99,-1.83],[-48.71,-1.49],[-48.6,-1.49],[-48.46,-1.61],[-48.45,-1.52],[-48.35,-1.48],[-48.47,-1.39],[-48.48,-1.32],[-48.41,-1.23],[-48.45,-1.15],[-48.31,-1.04],[-48.32,-0.96],[-48.12,-0.74],[-48.03,-0.71],[-47.96,-0.77],[-47.81,-0.66],[-47.69,-0.72],[-47.56,-0.67],[-47.51,-0.71],[-47.96,-1.34],[-48.67,-1.8]]],[[[-50.25,0.59],[-50.06,0.64],[-50.04,0.52],[-50.15,0.39],[-50.26,0.36],[-50.25,0.59]]],[[[-49.4,0.06],[-49.38,-0.06],[-49.44,-0.11],[-49.71,-0.14],[-49.83,-0.09],[-49.6,0.06],[-49.4,0.06]]],[[[-49.63,-0.23],[-49.12,-0.16],[-48.39,-0.3],[-48.5,-0.66],[-48.57,-0.68],[-48.57,-0.89],[-48.7,-1.11],[-48.84,-1.23],[-48.8,-1.33],[-48.83,-1.39],[-49.04,-1.51],[-49.17,-1.41],[-49.23,-1.6],[-49.51,-1.51],[-49.59,-1.71],[-49.81,-1.79],[-50.07,-1.7],[-50.11,-1.75],[-50.51,-1.79],[-50.6,-1.7],[-50.76,-1.24],[-50.73,-1.13],[-50.6,-1.15],[-50.58,-1.1],[-50.71,-1.08],[-50.78,-1.01],[-50.8,-0.91],[-50.77,-0.65],[-50.65,-0.27],[-50.46,-0.16],[-50.25,-0.12],[-49.63,-0.23]]],[[[-51.16,-0.67],[-51.28,-1.02],[-51.64,-1.34],[-51.94,-1.45],[-51.8,-1.2],[-51.68,-1.09],[-51.68,-0.86],[-51.55,-0.65],[-51.42,-0.57],[-51.25,-0.54],[-51.16,-0.67]]],[[[-50.65,-0.13],[-50.93,-0.33],[-51.04,-0.23],[-51.0,-0.11],[-50.84,-0.05],[-50.67,-0.06],[-50.65,-0.13]]],[[[-49.84,0.01],[-50.0,-0.03],[-50.11,0.03],[-50.29,0.03],[-50.34,0.04],[-50.35,0.13],[-50.27,0.23],[-50.13,0.23],[-49.88,0.3],[-49.74,0.27],[-49.7,0.22],[-49.84,0.01]]],[[[-50.44,-0.01],[-50.62,0.05],[-50.61,0.2],[-50.45,0.33],[-50.42,0.56],[-50.37,0.59],[-50.33,0.26],[-50.43,0.14],[-50.44,-0.01]]]]}},{"type":"Feature","properties":{"n":"Mekong Delta","cla":"Delta","min":5.0},"geometry":{"type":"MultiPolygon","coordinates":[[[[105.98,9.62],[105.58,9.82],[105.36,10.12],[105.21,10.68],[105.28,10.84],[105.42,10.93],[105.64,10.99],[105.97,10.93],[106.66,10.5],[106.61,10.46],[106.74,10.44],[106.78,10.38],[106.76,10.3],[106.46,10.3],[106.79,10.15],[106.6,9.86],[106.14,10.22],[106.51,9.82],[106.56,9.72],[106.54,9.6],[106.38,9.56],[105.83,10.0],[106.16,9.59],[106.21,9.5],[106.17,9.4],[105.98,9.62]]],[[[106.97,10.45],[106.9,10.38],[106.78,10.48],[106.97,10.45]]],[[[107.08,10.39],[107.12,10.37],[107.08,10.34],[107.08,10.39]]]]}},{"type":"Feature","properties":{"n":"Great Rift Valley","cla":"Valley","min":4.0},"geometry":{"type":"Polygon","coordinates":[[[37.8,5.17],[37.58,4.66],[37.11,3.94],[36.89,2.98],[36.89,2.32],[36.77,1.8],[36.54,1.35],[36.2,0.4],[36.19,0.0],[36.41,-0.5],[36.54,-1.02],[36.68,-1.2],[36.64,-1.94],[36.33,-2.58],[36.38,-2.66],[36.7,-2.79],[36.69,-2.92],[36.29,-3.21],[36.0,-3.33],[35.68,-3.54],[35.31,-3.62],[34.92,-3.82],[34.45,-4.14],[34.16,-4.77],[34.12,-5.28],[33.8,-5.05],[33.74,-4.72],[33.86,-4.21],[34.9,-3.48],[35.78,-3.17],[36.04,-2.88],[36.01,-2.46],[35.92,-2.08],[36.07,-1.64],[36.09,-0.74],[35.76,-0.25],[35.72,0.28],[35.95,1.1],[36.11,1.93],[35.88,3.18],[35.78,4.14],[35.87,4.72],[36.17,5.21],[36.73,5.7],[37.44,5.53],[37.48,5.78],[37.87,6.66],[38.1,7.45],[38.96,8.41],[39.77,9.24],[39.98,9.83],[39.92,10.93],[39.94,11.5],[39.82,11.78],[39.88,12.93],[40.14,13.48],[39.85,14.54],[39.8,15.37],[40.07,15.18],[40.2,15.01],[40.37,14.97],[41.57,14.11],[41.66,13.98],[41.93,13.8],[42.35,13.38],[42.4,13.21],[42.51,13.22],[42.75,12.99],[42.8,12.86],[42.91,12.83],[43.33,12.41],[43.34,12.03],[43.05,11.83],[42.8,11.74],[42.64,11.56],[42.52,11.57],[42.54,11.5],[42.91,11.59],[43.16,11.57],[43.44,11.35],[43.63,11.04],[44.18,10.48],[43.63,10.23],[43.28,9.92],[41.36,9.57],[39.78,8.56],[39.16,8.02],[37.8,5.57],[37.8,5.17]]]}},{"type":"Feature","properties":{"n":"Great Rift Valley","cla":"Valley","min":3.6},"geometry":{"type":"Polygon","coordinates":[[[35.84,-15.27],[35.82,-15.65],[35.56,-15.6],[34.77,-14.74],[34.25,-13.43],[34.07,-11.77],[34.16,-10.9],[34.0,-10.08],[33.5,-9.67],[31.07,-8.77],[30.43,-8.1],[29.25,-5.95],[29.08,-4.97],[29.24,-4.32],[29.11,-3.99],[29.2,-3.3],[28.86,-2.45],[29.12,-1.5],[29.39,-1.35],[29.44,-0.73],[29.36,-0.63],[29.61,-0.05],[29.85,0.07],[30.54,0.97],[30.43,1.36],[30.54,1.62],[31.44,2.37],[31.7,1.95],[31.2,0.82],[30.5,0.03],[30.31,-0.94],[29.93,-2.25],[30.29,-4.17],[30.68,-5.59],[31.45,-6.65],[32.36,-7.75],[33.54,-8.49],[33.43,-8.81],[33.43,-9.09],[33.88,-9.26],[34.57,-9.78],[34.7,-10.78],[35.07,-11.47],[34.98,-11.9],[35.0,-13.23],[35.33,-14.02],[35.62,-14.55],[35.84,-15.27]]]}},{"type":"Feature","properties":{"n":"Katanga Plateau","cla":"Plateau","min":4.0},"geometry":{"type":"Polygon","coordinates":[[[31.69,-12.25],[29.92,-14.43],[28.18,-15.01],[25.93,-16.16],[24.35,-17.05],[23.86,-16.65],[23.58,-16.18],[24.13,-15.58],[24.15,-14.92],[23.98,-14.6],[24.11,-14.31],[24.73,-14.45],[24.32,-13.37],[24.98,-12.87],[24.64,-12.47],[22.77,-12.82],[22.98,-11.75],[21.66,-11.26],[21.74,-10.05],[23.59,-8.78],[24.97,-6.98],[26.77,-6.22],[28.8,-4.52],[28.92,-6.86],[30.51,-8.64],[31.17,-8.8],[32.18,-9.25],[32.89,-9.84],[32.85,-10.41],[31.69,-12.25]]]}},{"type":"Feature","properties":{"n":"Central Russian Upland","cla":"Plateau","min":4.0},"geometry":{"type":"Polygon","coordinates":[[[37.32,49.79],[36.49,49.81],[35.67,49.96],[35.1,50.15],[34.61,50.48],[34.2,50.92],[33.91,51.44],[33.86,51.76],[33.95,52.45],[34.17,53.14],[34.55,53.91],[34.84,54.29],[35.2,54.57],[35.62,54.76],[36.41,54.95],[37.12,54.97],[37.46,54.91],[38.08,54.66],[38.82,54.23],[39.05,54.02],[39.57,53.15],[39.67,52.9],[39.73,52.17],[39.65,51.43],[39.39,50.42],[39.18,50.29],[37.32,49.79]]]}},{"type":"Feature","properties":{"n":"Aldan Highlands","cla":"Plateau","min":5.0},"geometry":{"type":"Polygon","coordinates":[[[130.02,56.78],[128.51,56.83],[128.25,56.89],[127.21,57.35],[126.67,57.46],[126.57,57.58],[126.66,58.0],[126.77,58.21],[127.26,58.7],[128.23,59.06],[128.58,59.09],[129.18,59.04],[129.69,58.88],[129.89,58.86],[130.15,58.74],[130.94,58.62],[131.05,58.55],[131.17,58.34],[131.11,58.21],[130.9,58.05],[130.86,57.98],[130.9,57.83],[131.92,57.27],[131.58,57.19],[130.55,56.84],[130.02,56.78]]]}},{"type":"Feature","properties":{"n":"Putorana Plateau","cla":"Plateau","min":4.0},"geometry":{"type":"Polygon","coordinates":[[[107.2,67.65],[106.46,67.26],[105.62,67.11],[105.44,67.12],[105.16,67.24],[104.72,67.17],[103.84,67.23],[103.48,67.09],[102.58,67.19],[102.29,67.33],[101.89,67.2],[101.41,67.26],[101.0,67.51],[101.06,67.74],[101.04,67.89],[100.62,68.74],[100.47,69.31],[100.48,69.42],[100.59,69.68],[100.83,69.91],[101.76,70.18],[102.7,70.28],[106.31,69.95],[106.57,69.77],[107.02,68.92],[107.27,67.75],[107.2,67.65]]]}},{"type":"Feature","properties":{"n":"Yunnan-Guizhou Plateau","cla":"Plateau","min":5.0},"geometry":{"type":"Polygon","coordinates":[[[106.24,24.69],[106.22,23.89],[106.12,23.73],[105.79,23.53],[104.88,23.34],[104.45,23.33],[104.22,23.4],[102.89,24.05],[102.41,23.92],[102.16,23.93],[101.42,24.12],[100.6,24.62],[100.02,24.73],[99.66,24.9],[99.44,25.13],[99.1,25.67],[98.46,26.1],[98.31,26.25],[98.13,26.53],[98.11,26.84],[98.29,27.07],[98.98,27.51],[101.78,28.6],[102.09,28.8],[102.4,28.86],[103.07,29.27],[103.34,29.31],[103.54,29.24],[103.97,28.89],[104.02,28.77],[104.14,28.68],[104.48,28.55],[105.15,28.42],[105.46,28.27],[106.74,27.14],[107.08,26.66],[107.17,26.4],[107.18,26.13],[107.1,25.85],[106.9,25.56],[106.36,24.97],[106.24,24.69]]]}},{"type":"Feature","properties":{"n":"Khorat Plateau","cla":"Plateau","min":4.0},"geometry":{"type":"Polygon","coordinates":[[[105.41,15.42],[105.44,15.31],[105.39,15.21],[104.81,14.98],[104.59,14.98],[103.61,15.32],[103.05,15.39],[102.15,15.28],[101.91,15.16],[101.67,15.16],[101.67,15.24],[101.46,15.53],[101.02,15.58],[100.74,15.74],[100.66,15.97],[100.79,16.38],[100.74,16.56],[99.79,17.32],[99.74,17.49],[100.15,17.84],[100.41,18.31],[100.59,18.47],[101.03,18.65],[102.21,18.4],[102.45,18.19],[103.44,18.17],[103.64,18.12],[103.9,17.96],[104.3,17.47],[104.76,17.04],[104.78,16.93],[104.73,16.73],[104.97,16.09],[105.41,15.42]]]}},{"type":"Feature","properties":{"n":"Shan Plateau","cla":"Plateau","min":5.0},"geometry":{"type":"Polygon","coordinates":[[[97.75,24.01],[97.91,23.17],[97.95,23.11],[98.36,22.97],[98.54,22.84],[98.66,22.62],[98.79,22.01],[98.86,21.11],[98.97,20.91],[98.88,20.8],[98.81,20.56],[98.86,20.3],[97.9,19.91],[97.41,19.28],[97.06,19.34],[96.49,19.2],[95.83,19.21],[95.54,19.3],[94.74,20.18],[94.34,21.28],[94.33,21.57],[94.41,21.92],[94.86,22.49],[94.94,23.01],[95.58,23.19],[95.78,23.17],[95.91,23.28],[96.05,23.27],[96.64,23.86],[97.6,24.06],[97.75,24.01]]]}},{"type":"Feature","properties":{"n":"Colorado Plateau","cla":"Plateau","min":4.0},"geometry":{"type":"Polygon","coordinates":[[[-106.66,35.64],[-106.71,34.82],[-106.94,34.17],[-107.36,33.67],[-108.22,33.63],[-108.38,33.92],[-109.04,34.41],[-109.56,34.51],[-110.02,34.43],[-110.62,34.63],[-111.02,34.93],[-111.49,35.43],[-112.59,35.24],[-113.06,35.35],[-113.67,35.78],[-113.96,36.78],[-113.64,37.2],[-113.2,37.58],[-112.73,37.84],[-112.46,38.24],[-111.97,38.43],[-111.32,38.96],[-110.76,40.36],[-110.49,40.46],[-108.94,40.79],[-108.81,40.63],[-108.36,40.51],[-107.83,40.24],[-107.64,39.99],[-107.5,39.47],[-107.48,38.88],[-107.54,38.48],[-107.92,38.27],[-108.49,37.83],[-108.52,37.52],[-108.1,37.34],[-107.53,37.26],[-106.66,35.64]]]}},{"type":"Feature","properties":{"n":"Columbia Plateau","cla":"Plateau","min":5.0},"geometry":{"type":"Polygon","coordinates":[[[-119.16,48.13],[-118.97,48.01],[-118.57,47.93],[-118.09,47.92],[-117.33,47.81],[-117.04,47.47],[-117.04,47.02],[-116.8,46.7],[-116.45,46.54],[-116.16,46.25],[-116.16,45.86],[-116.4,44.64],[-116.19,43.79],[-115.45,43.5],[-114.65,43.37],[-113.73,43.45],[-111.81,44.53],[-111.5,44.42],[-111.24,44.21],[-111.19,43.95],[-111.27,43.57],[-112.82,42.67],[-113.64,42.56],[-114.68,42.32],[-115.08,42.15],[-115.56,42.28],[-115.76,42.43],[-118.57,43.58],[-120.33,43.78],[-120.96,44.07],[-121.12,44.23],[-121.46,44.24],[-121.32,44.98],[-120.71,46.62],[-120.61,47.04],[-120.28,47.54],[-119.8,48.08],[-119.5,48.07],[-119.16,48.13]]]}},{"type":"Feature","properties":{"n":"Mexican Plateau","cla":"Plateau","min":5.0},"geometry":{"type":"Polygon","coordinates":[[[-99.49,20.67],[-99.74,20.55],[-99.84,20.27],[-100.12,20.05],[-100.21,20.04],[-100.32,19.92],[-100.48,19.91],[-100.8,20.09],[-101.03,20.33],[-101.1,20.48],[-101.22,20.56],[-101.34,20.55],[-101.45,20.35],[-101.57,20.32],[-101.71,20.21],[-101.89,20.2],[-101.94,20.33],[-102.01,20.37],[-102.42,20.34],[-102.75,20.21],[-103.07,20.2],[-103.02,20.92],[-103.05,21.05],[-102.69,21.38],[-102.3,21.88],[-102.22,22.38],[-102.61,22.83],[-103.2,22.94],[-103.46,23.44],[-104.33,23.93],[-105.31,25.51],[-105.55,26.01],[-105.98,26.67],[-106.78,27.36],[-107.23,28.01],[-107.77,28.95],[-107.72,29.37],[-108.14,30.43],[-108.78,31.09],[-108.82,31.33],[-108.21,31.37],[-108.21,31.78],[-106.87,31.78],[-106.36,31.72],[-105.49,30.95],[-104.88,30.51],[-104.54,29.72],[-104.02,29.32],[-103.19,28.99],[-103.22,27.89],[-103.38,27.36],[-103.41,26.7],[-103.28,26.3],[-102.77,25.78],[-102.25,25.17],[-101.33,24.89],[-100.68,24.4],[-100.57,23.9],[-100.1,23.24],[-100.07,22.51],[-99.81,21.22],[-99.49,20.67]]]}},{"type":"Feature","properties":{"n":"Allegheny Plateau","cla":"Plateau","min":4.7},"geometry":{"type":"Polygon","coordinates":[[[-76.81,43.63],[-76.52,43.48],[-76.3,43.23],[-75.44,43.24],[-75.29,43.14],[-75.0,43.04],[-74.88,42.82],[-74.96,42.68],[-74.98,42.53],[-75.49,42.29],[-75.42,42.07],[-75.14,41.86],[-75.02,41.55],[-74.81,41.45],[-74.75,41.34],[-75.3,40.87],[-75.48,40.75],[-75.72,40.69],[-75.87,40.87],[-76.15,41.08],[-76.78,40.89],[-76.87,40.99],[-76.83,41.24],[-77.55,41.19],[-77.61,41.31],[-77.78,41.34],[-78.1,41.11],[-78.3,41.07],[-78.77,40.85],[-78.79,40.75],[-79.29,40.46],[-79.89,39.72],[-80.17,39.46],[-79.98,39.26],[-80.06,39.15],[-79.87,38.92],[-80.04,38.61],[-80.57,38.8],[-80.83,38.7],[-82.23,37.66],[-82.4,37.82],[-82.63,38.18],[-82.57,38.4],[-82.42,38.43],[-82.22,38.59],[-82.16,38.83],[-82.01,39.02],[-81.85,38.91],[-81.81,39.08],[-81.66,39.28],[-81.42,39.41],[-81.25,39.39],[-80.88,39.62],[-80.6,40.32],[-80.65,40.62],[-80.29,40.7],[-80.2,40.55],[-79.98,40.46],[-79.81,40.55],[-79.53,40.79],[-79.5,40.92],[-79.59,40.98],[-79.82,41.33],[-79.77,41.41],[-80.11,41.81],[-80.19,42.35],[-79.09,42.78],[-78.92,42.9],[-79.08,43.09],[-79.07,43.28],[-79.18,43.47],[-78.66,43.64],[-76.81,43.63]]]}},{"type":"Feature","properties":{"n":"Cumberland Plateau","cla":"Plateau","min":5.2},"geometry":{"type":"Polygon","coordinates":[[[-83.86,38.76],[-83.65,38.64],[-83.49,38.7],[-83.15,38.62],[-82.9,38.75],[-82.83,38.58],[-82.69,38.54],[-82.57,38.4],[-82.63,38.18],[-82.4,37.82],[-82.23,37.66],[-83.14,37.19],[-83.6,37.05],[-83.82,37.05],[-84.02,36.77],[-84.3,36.76],[-84.48,36.37],[-84.48,36.14],[-84.57,35.84],[-85.02,35.41],[-85.12,35.2],[-85.34,35.03],[-85.29,34.87],[-85.54,34.35],[-86.0,33.95],[-86.27,33.44],[-86.48,33.21],[-86.53,32.98],[-86.88,32.65],[-88.02,32.61],[-88.17,32.87],[-88.19,33.03],[-88.3,33.25],[-88.43,33.43],[-88.54,33.97],[-88.41,34.11],[-88.42,34.3],[-88.27,34.67],[-88.26,35.26],[-88.1,35.42],[-88.02,35.61],[-87.99,36.3],[-88.1,36.7],[-88.24,36.95],[-88.52,37.06],[-88.45,37.2],[-88.51,37.34],[-88.38,37.42],[-88.14,37.47],[-88.13,37.7],[-87.78,37.88],[-87.63,37.83],[-87.45,37.94],[-87.09,37.81],[-87.02,37.92],[-86.82,38.0],[-86.71,37.9],[-86.6,37.91],[-86.52,38.02],[-86.34,38.16],[-86.26,38.06],[-86.04,37.97],[-85.92,38.04],[-85.89,38.2],[-85.76,38.27],[-85.59,38.46],[-85.43,38.54],[-85.45,38.71],[-85.32,38.74],[-85.19,38.69],[-84.82,38.83],[-84.84,39.09],[-84.36,39.05],[-84.08,38.78],[-83.86,38.76]]]}},{"type":"Feature","properties":{"n":"Yukon Plateau","cla":"Plateau","min":3.7},"geometry":{"type":"Polygon","coordinates":[[[-137.25,63.68],[-136.93,63.55],[-134.58,63.66],[-134.06,63.56],[-133.39,63.08],[-133.31,62.63],[-133.17,62.29],[-133.74,62.34],[-134.07,62.2],[-134.92,62.07],[-134.63,61.78],[-134.42,61.49],[-133.99,60.67],[-133.97,60.36],[-134.42,60.51],[-135.08,60.91],[-135.74,61.04],[-137.06,60.93],[-137.65,61.01],[-138.65,61.22],[-139.68,61.6],[-140.05,62.2],[-140.08,62.86],[-139.88,63.25],[-139.29,64.11],[-138.92,64.22],[-138.82,64.12],[-137.8,63.79],[-137.25,63.68]]]}},{"type":"Feature","properties":{"n":"Altiplano","cla":"Plateau","min":4.0},"geometry":{"type":"Polygon","coordinates":[[[-66.52,-21.67],[-66.23,-22.07],[-65.78,-21.96],[-65.41,-21.75],[-65.41,-22.66],[-66.07,-23.99],[-66.6,-24.92],[-67.03,-25.95],[-68.27,-27.04],[-68.93,-26.8],[-69.07,-26.09],[-68.69,-25.37],[-68.6,-24.47],[-67.87,-23.96],[-67.87,-22.98],[-68.36,-22.26],[-69.06,-19.69],[-70.0,-17.14],[-70.47,-16.16],[-71.42,-15.52],[-71.5,-14.88],[-71.5,-13.97],[-70.63,-14.16],[-69.56,-14.51],[-68.31,-15.49],[-67.43,-16.4],[-67.54,-17.12],[-67.0,-17.76],[-66.66,-18.74],[-66.52,-21.67]]]}},{"type":"Feature","properties":{"n":"Guiana Highlands","cla":"Plateau","min":4.0},"geometry":{"type":"Polygon","coordinates":[[[-61.55,8.56],[-61.3,8.41],[-61.19,8.49],[-60.98,8.52],[-60.69,8.5],[-60.06,8.56],[-59.84,8.37],[-59.74,8.36],[-59.11,8.0],[-58.63,7.55],[-58.49,7.35],[-58.61,6.5],[-58.67,6.39],[-58.59,6.45],[-58.57,6.63],[-58.41,6.85],[-57.98,6.79],[-57.61,6.45],[-57.54,6.33],[-57.34,6.27],[-57.23,6.18],[-57.17,5.89],[-57.18,5.53],[-57.06,5.94],[-56.97,5.99],[-56.84,5.94],[-56.24,5.89],[-55.94,5.8],[-55.9,5.7],[-55.91,5.89],[-54.67,5.96],[-54.05,5.81],[-54.05,5.61],[-54.16,5.36],[-54.09,5.41],[-53.92,5.77],[-53.45,5.56],[-53.0,5.45],[-52.31,4.81],[-52.32,4.77],[-52.29,4.79],[-51.47,3.65],[-50.89,2.09],[-50.57,0.95],[-51.52,0.21],[-52.2,-0.83],[-53.3,-1.54],[-54.99,-1.59],[-56.19,-1.57],[-56.76,-2.0],[-57.83,-1.97],[-58.78,-2.63],[-60.66,-2.14],[-60.94,-1.18],[-60.28,-0.5],[-59.88,0.07],[-60.04,0.56],[-60.69,0.97],[-60.83,1.82],[-61.1,1.98],[-61.83,1.26],[-63.12,0.52],[-64.18,0.97],[-64.65,0.92],[-65.0,0.17],[-65.92,0.1],[-66.66,0.59],[-66.02,1.76],[-65.62,2.25],[-65.39,3.12],[-66.37,3.21],[-66.9,3.88],[-67.61,4.22],[-67.8,5.17],[-67.51,5.77],[-67.03,7.11],[-66.45,7.57],[-65.74,7.85],[-64.03,7.98],[-62.56,8.39],[-62.13,8.6],[-61.55,8.56]]]}},{"type":"Feature","properties":{"n":"Brazilian Highlands","cla":"Plateau","min":4.0},"geometry":{"type":"Polygon","coordinates":[[[-45.73,-15.61],[-46.1,-17.78],[-47.55,-18.36],[-48.8,-17.67],[-50.7,-17.94],[-52.94,-21.04],[-54.25,-22.01],[-57.64,-21.48],[-57.05,-20.0],[-55.57,-20.32],[-54.88,-18.36],[-55.09,-16.61],[-55.92,-16.19],[-59.17,-15.87],[-57.69,-14.34],[-54.88,-13.97],[-53.35,-14.87],[-51.99,-16.17],[-50.69,-15.19],[-50.12,-13.92],[-48.46,-12.47],[-47.58,-11.16],[-46.47,-3.97],[-44.46,-4.97],[-42.66,-6.45],[-42.02,-8.31],[-43.93,-9.21],[-44.99,-11.43],[-45.09,-13.55],[-45.73,-15.61]]]}},{"type":"Feature","properties":{"n":"Barren Grounds","cla":"Tundra","min":3.7},"geometry":{"type":"MultiPolygon","coordinates":[[[[-124.22,69.71],[-124.5,69.4],[-123.61,69.38],[-123.21,69.54],[-123.08,69.77],[-121.67,69.79],[-120.91,69.65],[-120.14,69.38],[-118.67,69.21],[-118.1,69.04],[-117.13,68.89],[-116.06,68.84],[-116.24,68.97],[-114.78,68.78],[-114.06,68.42],[-114.1,68.27],[-114.77,68.27],[-114.85,68.2],[-115.18,68.14],[-115.52,67.9],[-115.01,67.81],[-113.08,67.68],[-111.87,67.7],[-111.26,67.82],[-110.99,67.79],[-110.11,67.99],[-109.63,67.73],[-109.02,67.66],[-108.95,67.49],[-108.85,67.42],[-108.68,67.61],[-108.59,67.59],[-108.49,67.48],[-107.94,67.21],[-107.94,67.12],[-108.09,67.07],[-108.5,67.09],[-107.26,66.4],[-107.71,66.74],[-107.74,66.91],[-107.63,67.0],[-107.5,66.94],[-107.16,66.88],[-107.35,67.05],[-107.28,67.1],[-107.57,67.27],[-107.64,67.39],[-107.65,67.51],[-107.81,67.61],[-107.96,67.82],[-107.22,68.09],[-106.84,68.13],[-106.67,68.22],[-106.42,68.2],[-106.4,68.32],[-106.27,68.38],[-106.04,68.41],[-105.74,68.52],[-104.49,68.06],[-103.9,68.04],[-103.47,68.12],[-102.84,67.85],[-102.32,67.74],[-101.55,67.69],[-100.38,67.84],[-99.03,67.72],[-98.41,67.81],[-98.7,67.97],[-98.69,68.07],[-98.63,68.07],[-97.93,67.71],[-97.61,67.63],[-97.45,67.62],[-97.16,67.73],[-97.14,67.8],[-97.21,67.86],[-97.55,67.96],[-98.19,67.92],[-98.5,68.12],[-98.38,68.13],[-98.64,68.34],[-98.56,68.37],[-98.22,68.32],[-97.79,68.39],[-97.91,68.45],[-97.94,68.51],[-97.88,68.53],[-97.17,68.4],[-96.98,68.26],[-96.47,68.26],[-96.72,68.04],[-96.01,68.24],[-96.26,67.65],[-96.37,67.51],[-96.19,67.38],[-96.14,67.27],[-95.72,67.32],[-95.78,67.18],[-95.54,67.21],[-95.41,67.09],[-95.42,67.01],[-95.77,66.97],[-96.42,67.05],[-95.89,66.74],[-95.8,66.62],[-95.74,66.69],[-96.02,66.87],[-96.04,66.94],[-95.49,66.92],[-95.35,66.98],[-95.34,67.04],[-94.23,66.65],[-92.16,65.72],[-89.78,65.27],[-89.17,65.12],[-88.91,65.3],[-88.78,65.33],[-87.39,65.26],[-87.1,65.22],[-87.0,65.11],[-87.28,64.83],[-88.05,64.24],[-88.61,64.02],[-88.96,64.01],[-89.2,64.11],[-89.13,64.01],[-89.55,64.01],[-89.73,64.08],[-89.81,64.18],[-90.08,64.13],[-89.95,64.08],[-89.86,63.96],[-90.17,63.98],[-90.01,63.81],[-90.25,63.64],[-90.6,63.66],[-90.71,63.6],[-90.95,63.59],[-91.54,63.73],[-91.93,63.76],[-91.93,63.81],[-91.98,63.82],[-92.34,63.79],[-93.43,64.03],[-93.7,64.15],[-93.6,64.04],[-93.66,63.94],[-93.56,63.87],[-93.27,63.84],[-93.38,63.9],[-93.38,63.95],[-92.16,63.69],[-92.47,63.56],[-92.29,63.56],[-91.84,63.7],[-91.33,63.51],[-90.97,63.44],[-90.77,63.36],[-90.7,63.06],[-90.73,63.02],[-91.55,62.81],[-92.03,62.86],[-92.36,62.82],[-92.35,62.73],[-92.15,62.67],[-92.55,62.55],[-92.85,62.3],[-93.21,62.36],[-92.92,62.25],[-93.18,62.03],[-93.35,62.03],[-93.27,61.96],[-93.33,61.93],[-93.58,61.94],[-93.43,61.81],[-93.64,61.63],[-93.91,61.48],[-93.94,61.44],[-93.9,61.39],[-93.99,61.31],[-94.08,61.3],[-94.05,61.24],[-94.57,60.54],[-94.76,60.5],[-94.65,60.42],[-94.86,59.67],[-97.96,60.17],[-100.02,60.64],[-100.87,61.23],[-103.14,61.73],[-106.82,62.28],[-107.91,63.04],[-109.55,63.85],[-111.24,64.29],[-113.19,64.36],[-114.76,65.03],[-115.84,65.86],[-117.54,66.23],[-119.2,66.66],[-120.86,66.88],[-122.73,67.53],[-123.68,67.79],[-125.08,68.48],[-125.99,69.06],[-125.98,69.4],[-125.39,69.35],[-125.17,69.43],[-125.17,69.48],[-125.35,69.62],[-125.35,69.66],[-125.22,69.73],[-125.22,69.77],[-124.77,69.99],[-124.9,70.01],[-124.84,70.06],[-124.44,70.1],[-124.47,69.92],[-124.41,69.77],[-124.22,69.71]]],[[[-107.96,66.88],[-108.06,66.95],[-108.09,67.01],[-107.95,67.0],[-107.96,66.88]]]]}},{"type":"Feature","properties":{"n":"Nullabor Plain","cla":"Plain","min":5.0},"geometry":{"type":"Polygon","coordinates":[[[132.34,-31.46],[132.22,-31.79],[132.05,-31.88],[131.58,-31.61],[131.1,-31.46],[130.64,-31.59],[129.26,-31.63],[128.95,-31.7],[128.07,-32.07],[127.32,-32.26],[126.78,-32.31],[126.26,-32.24],[126.04,-32.26],[125.82,-32.32],[125.23,-32.6],[125.0,-32.65],[124.6,-32.55],[124.37,-32.25],[124.27,-31.84],[124.3,-30.97],[124.43,-30.54],[124.64,-30.36],[125.62,-30.07],[125.52,-30.02],[129.93,-29.92],[131.92,-30.11],[132.24,-30.29],[132.39,-30.45],[132.34,-31.46]]]}},{"type":"Feature","properties":{"n":"Alaska North Slope","cla":"Plain","min":4.0},"geometry":{"type":"Polygon","coordinates":[[[-155.62,71.16],[-155.58,71.12],[-155.63,71.06],[-156.15,70.93],[-155.87,70.83],[-155.58,70.89],[-155.17,71.1],[-154.94,71.08],[-154.67,70.99],[-154.79,70.89],[-154.2,70.8],[-153.51,70.89],[-152.37,70.86],[-152.3,70.79],[-152.44,70.73],[-152.47,70.65],[-152.27,70.61],[-152.25,70.57],[-152.06,70.56],[-151.88,70.44],[-151.22,70.42],[-150.66,70.51],[-150.31,70.43],[-148.97,70.43],[-147.72,70.21],[-145.91,70.15],[-146.09,69.75],[-146.64,69.45],[-147.88,69.08],[-149.34,68.45],[-151.56,68.4],[-153.71,68.48],[-155.98,68.48],[-160.35,68.69],[-163.23,68.5],[-164.5,68.86],[-164.45,68.93],[-163.87,69.04],[-163.54,69.17],[-163.16,69.39],[-163.09,69.61],[-162.95,69.76],[-162.25,70.14],[-161.0,70.3],[-160.12,70.59],[-159.96,70.57],[-160.11,70.47],[-160.01,70.45],[-160.1,70.33],[-159.91,70.33],[-159.87,70.28],[-159.81,70.5],[-159.39,70.52],[-159.75,70.53],[-160.01,70.63],[-159.33,70.79],[-159.25,70.75],[-159.0,70.8],[-158.23,70.83],[-157.83,70.78],[-156.6,71.35],[-156.47,71.29],[-155.62,71.16]]]}},{"type":"Feature","properties":{"n":"Chaco Boreal","cla":"Plain","min":4.0},"geometry":{"type":"Polygon","coordinates":[[[-57.31,-25.0],[-57.87,-25.16],[-61.17,-23.61],[-62.34,-22.22],[-62.73,-21.18],[-63.28,-18.44],[-62.73,-17.46],[-61.42,-17.73],[-57.8,-19.18],[-57.62,-19.73],[-58.13,-20.2],[-57.86,-20.87],[-58.0,-22.14],[-57.92,-22.72],[-57.35,-23.74],[-57.07,-24.35],[-57.31,-25.0]]]}},{"type":"Feature","properties":{"n":"Chaco Austral","cla":"Plain","min":5.0},"geometry":{"type":"Polygon","coordinates":[[[-59.22,-28.93],[-59.59,-29.45],[-59.54,-30.11],[-59.76,-30.89],[-60.36,-31.63],[-60.73,-31.82],[-60.84,-31.32],[-60.76,-30.78],[-60.61,-30.44],[-60.67,-29.79],[-61.7,-29.3],[-62.09,-29.39],[-62.55,-28.96],[-63.63,-27.54],[-63.69,-26.49],[-63.92,-25.66],[-64.53,-25.09],[-64.51,-23.79],[-63.93,-23.31],[-63.02,-24.17],[-62.6,-24.85],[-61.95,-25.41],[-60.27,-26.64],[-59.4,-27.02],[-58.8,-27.75],[-59.05,-28.22],[-59.22,-28.93]]]}},{"type":"Feature","properties":{"n":"Namib","cla":"Desert","min":4.0},"geometry":{"type":"Polygon","coordinates":[[[16.79,-27.0],[16.3,-26.55],[14.97,-26.29],[14.95,-26.06],[14.85,-25.73],[14.87,-25.08],[14.48,-24.06],[14.47,-23.28],[14.41,-22.96],[14.45,-22.89],[14.5,-22.92],[14.52,-22.81],[14.49,-22.5],[14.32,-22.19],[13.97,-21.77],[13.84,-21.47],[13.45,-20.92],[13.15,-20.13],[12.46,-18.93],[12.25,-18.64],[12.03,-18.43],[11.78,-18.0],[11.72,-17.47],[11.83,-16.42],[11.75,-15.83],[11.99,-15.61],[12.28,-14.8],[12.37,-14.13],[12.5,-13.76],[12.55,-13.44],[12.9,-13.03],[12.97,-12.8],[13.37,-12.55],[13.41,-12.83],[13.15,-13.14],[12.77,-13.8],[12.61,-15.3],[12.27,-15.93],[12.15,-17.1],[12.49,-17.98],[13.17,-18.63],[13.97,-20.31],[14.46,-20.73],[14.74,-21.22],[15.01,-21.79],[15.09,-22.32],[15.42,-22.75],[15.44,-23.51],[15.59,-23.98],[15.64,-24.57],[15.96,-25.19],[16.57,-25.91],[17.19,-26.76],[17.2,-26.99],[16.79,-27.0]]]}},{"type":"Feature","properties":{"n":"Western Desert","cla":"Desert","min":3.7},"geometry":{"type":"Polygon","coordinates":[[[27.32,30.34],[29.97,30.15],[30.71,30.16],[31.22,30.11],[31.28,29.68],[31.21,29.21],[30.94,28.86],[30.74,28.34],[30.74,28.12],[30.84,27.85],[30.84,27.46],[31.34,27.06],[32.01,26.22],[32.27,26.05],[32.71,26.15],[32.74,25.84],[32.55,25.64],[32.51,25.37],[32.59,25.22],[32.88,25.02],[28.98,24.87],[25.15,24.79],[25.09,25.32],[25.09,25.96],[25.22,27.89],[25.25,30.26],[27.32,30.34]]]}},{"type":"Feature","properties":{"n":"Nubian Desert","cla":"Desert","min":4.0},"geometry":{"type":"Polygon","coordinates":[[[35.98,19.33],[34.81,18.42],[34.2,17.88],[33.99,17.78],[33.92,18.32],[33.7,18.69],[33.59,18.77],[33.57,19.24],[33.05,19.55],[32.02,18.81],[31.45,18.05],[30.8,18.18],[30.5,18.91],[30.38,19.67],[30.37,20.31],[30.54,20.97],[31.15,21.63],[31.52,22.12],[36.87,22.02],[36.93,21.59],[37.09,21.3],[37.21,19.79],[36.69,19.73],[35.98,19.33]]]}},{"type":"Feature","properties":{"n":"Great Sandy Desert","cla":"Desert","min":4.7},"geometry":{"type":"Polygon","coordinates":[[[123.68,-22.62],[123.12,-22.62],[122.57,-22.54],[121.94,-22.32],[121.73,-22.07],[121.37,-21.32],[121.3,-20.92],[121.39,-20.53],[121.78,-19.79],[122.31,-19.17],[122.84,-18.94],[123.64,-18.73],[124.33,-18.63],[125.76,-18.62],[127.19,-18.74],[127.78,-18.87],[128.02,-19.04],[128.19,-19.31],[128.29,-19.61],[128.45,-20.54],[128.39,-21.1],[128.3,-21.38],[128.16,-21.66],[127.95,-21.89],[127.25,-22.25],[126.95,-22.33],[125.81,-22.38],[123.68,-22.62]]]}},{"type":"Feature","properties":{"n":"Libyan Desert","cla":"Desert","min":4.0},"geometry":{"type":"Polygon","coordinates":[[[25.17,31.54],[25.38,31.51],[25.89,31.62],[27.3,31.35],[27.54,31.21],[27.82,31.19],[27.97,31.1],[28.21,31.08],[29.0,30.84],[29.97,30.77],[30.74,30.43],[31.08,29.91],[31.07,29.45],[30.83,29.08],[30.6,28.6],[30.63,27.86],[30.7,27.44],[32.07,25.9],[32.5,25.86],[32.31,25.45],[32.57,24.95],[32.81,23.67],[32.63,23.48],[32.83,23.39],[32.35,22.68],[32.16,22.81],[31.64,22.64],[31.04,21.54],[30.33,20.78],[30.3,19.82],[30.46,18.87],[30.75,18.15],[31.32,17.99],[32.03,18.58],[33.01,19.5],[33.54,19.16],[33.94,18.1],[33.99,17.65],[33.7,16.88],[32.59,16.35],[32.43,15.0],[32.11,14.55],[32.8,13.02],[32.61,11.01],[32.06,10.45],[32.3,10.08],[31.48,9.37],[29.89,9.61],[29.39,9.34],[28.41,9.66],[27.19,9.82],[26.74,9.71],[26.29,10.19],[25.29,9.92],[23.46,10.32],[22.96,10.16],[22.11,10.11],[21.32,10.61],[20.76,10.64],[20.87,17.17],[19.56,20.07],[19.41,20.72],[19.68,21.95],[20.01,23.14],[19.85,23.96],[18.8,24.16],[18.35,24.94],[18.25,26.18],[18.62,26.68],[18.83,27.32],[18.18,28.35],[18.58,29.48],[18.99,30.28],[19.29,30.29],[19.71,30.49],[20.11,30.96],[20.19,31.13],[19.99,31.87],[20.47,32.47],[21.12,32.77],[21.42,32.8],[21.71,32.94],[22.31,32.88],[23.04,32.64],[23.06,32.36],[23.29,32.21],[23.78,32.16],[24.13,32.01],[24.53,32.0],[24.98,31.91],[25.17,31.54]]]}},{"type":"Feature","properties":{"n":"Great Victoria Desert","cla":"Desert","min":5.0},"geometry":{"type":"MultiPolygon","coordinates":[[[[125.13,-26.59],[128.27,-26.86],[130.77,-26.94],[131.55,-27.21],[131.82,-27.35],[132.07,-27.56],[132.2,-27.74],[132.34,-28.15],[132.32,-28.85],[132.24,-29.07],[132.1,-29.25],[131.95,-29.34],[130.8,-29.62],[130.07,-29.6],[129.17,-29.76],[127.3,-29.75],[125.99,-29.62],[124.98,-29.61],[124.22,-29.36],[124.06,-29.22],[123.86,-28.92],[123.76,-28.25],[123.81,-27.78],[123.91,-27.54],[124.35,-26.94],[124.51,-26.76],[124.7,-26.66],[125.13,-26.59]]],[[[125.13,-26.59],[125.06,-26.59],[125.17,-26.59],[125.13,-26.59]]]]}},{"type":"Feature","properties":{"n":"Thar Desert","cla":"Desert","min":4.0},"geometry":{"type":"Polygon","coordinates":[[[69.31,24.42],[68.96,24.46],[68.72,24.56],[68.54,24.7],[68.51,24.78],[68.36,26.94],[68.5,27.29],[68.64,27.41],[69.35,27.82],[70.49,28.74],[70.79,28.91],[71.82,29.25],[73.98,30.32],[74.51,30.49],[74.78,30.51],[75.17,30.41],[75.43,30.21],[75.59,29.95],[75.67,29.65],[75.67,29.32],[75.59,28.96],[75.45,28.58],[75.25,28.24],[74.58,27.51],[72.91,26.38],[71.8,25.11],[71.58,24.94],[71.29,24.82],[70.31,24.75],[69.31,24.42]]]}},{"type":"Feature","properties":{"n":"Syrian Desert","cla":"Desert","min":4.0},"geometry":{"type":"Polygon","coordinates":[[[40.5,30.48],[39.97,30.49],[38.94,30.69],[37.97,31.03],[37.34,31.5],[36.99,31.94],[36.87,32.29],[36.86,32.57],[36.96,33.12],[37.06,33.38],[37.23,33.62],[37.47,33.76],[38.03,33.91],[40.46,34.12],[42.29,33.66],[42.68,33.45],[42.97,33.12],[43.33,32.8],[43.53,32.41],[43.52,31.98],[43.37,31.62],[42.95,31.11],[42.53,30.91],[41.27,30.69],[40.5,30.48]]]}},{"type":"Feature","properties":{"n":"Karakum Desert","cla":"Desert","min":4.0},"geometry":{"type":"Polygon","coordinates":[[[59.38,44.08],[59.16,44.04],[59.06,43.95],[59.11,43.85],[59.26,43.76],[59.25,43.59],[59.06,43.55],[59.03,43.48],[59.12,43.35],[59.08,43.27],[59.16,43.11],[59.13,43.0],[59.23,42.87],[59.2,42.79],[59.33,42.73],[59.29,42.6],[59.42,42.57],[59.64,42.37],[60.05,42.27],[60.25,42.13],[60.3,42.01],[60.46,41.97],[60.55,41.78],[60.65,41.76],[60.71,41.67],[60.97,41.48],[61.19,41.39],[61.29,41.27],[61.39,41.24],[61.43,41.3],[61.57,41.28],[61.88,41.13],[61.98,41.0],[62.04,40.74],[62.13,40.58],[62.19,40.5],[62.35,40.43],[62.46,40.08],[62.56,39.93],[63.39,39.45],[63.66,39.12],[63.71,39.21],[63.93,39.32],[63.83,39.54],[64.25,39.77],[64.45,39.97],[64.58,39.97],[64.75,40.05],[64.84,40.16],[65.02,40.19],[65.45,40.19],[65.88,40.02],[66.1,40.05],[66.66,39.97],[66.79,39.93],[67.06,39.68],[67.22,39.62],[65.49,37.86],[64.17,36.76],[63.09,36.22],[62.19,36.25],[61.31,36.47],[60.48,36.83],[59.69,37.27],[57.77,38.63],[57.45,38.81],[56.74,39.05],[56.39,39.35],[56.09,39.79],[55.89,40.3],[55.85,40.76],[55.99,41.44],[56.24,41.84],[57.54,42.84],[58.17,43.43],[58.69,44.09],[59.56,45.48],[59.65,45.33],[59.67,44.9],[59.75,44.68],[59.75,44.53],[59.59,44.19],[59.38,44.08]]]}},{"type":"Feature","properties":{"n":"Kyzyl Kum","cla":"Desert","min":4.0},"geometry":{"type":"Polygon","coordinates":[[[67.43,44.66],[69.02,43.05],[69.11,42.28],[68.63,41.35],[67.22,39.62],[67.06,39.68],[66.79,39.93],[66.66,39.97],[66.1,40.05],[65.88,40.02],[65.45,40.19],[65.02,40.19],[64.84,40.16],[64.75,40.05],[64.58,39.97],[64.45,39.97],[64.25,39.77],[63.83,39.54],[63.93,39.32],[63.71,39.21],[63.66,39.12],[63.39,39.45],[62.56,39.93],[62.46,40.08],[62.35,40.43],[62.19,40.5],[62.13,40.58],[62.04,40.74],[61.98,41.0],[61.88,41.13],[61.57,41.28],[61.43,41.3],[61.39,41.24],[61.29,41.27],[61.19,41.39],[60.97,41.48],[60.71,41.67],[60.65,41.76],[60.55,41.78],[60.46,41.97],[60.3,42.01],[60.25,42.13],[60.05,42.27],[59.64,42.37],[59.42,42.57],[59.29,42.6],[59.33,42.73],[59.2,42.79],[59.23,42.87],[59.13,43.0],[59.16,43.11],[59.08,43.27],[59.12,43.35],[59.03,43.48],[59.06,43.55],[59.15,43.54],[59.27,43.65],[59.26,43.76],[59.11,43.85],[59.06,43.97],[59.26,44.08],[59.46,44.1],[59.59,44.19],[59.75,44.53],[59.75,44.68],[59.67,44.9],[59.65,45.33],[59.56,45.48],[60.19,46.45],[60.54,46.88],[60.92,47.26],[62.77,47.49],[65.14,46.38],[67.43,44.66]]]}},{"type":"Feature","properties":{"n":"Atacama Desert","cla":"Desert","min":4.0},"geometry":{"type":"Polygon","coordinates":[[[-69.74,-17.89],[-68.99,-19.88],[-68.36,-22.26],[-68.19,-22.63],[-67.87,-22.98],[-67.95,-23.82],[-68.07,-24.11],[-68.54,-24.47],[-68.68,-24.78],[-68.83,-25.55],[-69.66,-26.58],[-69.86,-27.19],[-69.86,-27.48],[-69.78,-27.78],[-69.81,-27.95],[-69.96,-28.0],[-70.38,-27.34],[-70.58,-27.37],[-70.91,-27.28],[-70.65,-26.33],[-70.64,-25.99],[-70.71,-25.81],[-70.42,-25.27],[-70.56,-24.68],[-70.47,-23.76],[-70.39,-23.57],[-70.59,-23.37],[-70.55,-23.05],[-70.39,-23.05],[-70.26,-22.75],[-70.04,-21.38],[-70.18,-20.58],[-70.16,-19.71],[-70.37,-18.32],[-70.08,-18.33],[-69.74,-17.89]]]}},{"type":"Feature","properties":{"n":"Murray\u2013Darling basin","cla":"Basin","min":4.7},"geometry":{"type":"Polygon","coordinates":[[[148.02,-26.0],[150.48,-26.24],[150.75,-26.3],[151.2,-26.56],[151.33,-26.68],[151.48,-27.03],[151.54,-27.79],[151.51,-28.31],[151.37,-28.93],[151.1,-29.43],[150.14,-29.97],[149.5,-30.52],[149.09,-31.02],[148.96,-31.3],[148.92,-31.58],[149.08,-32.11],[149.14,-32.82],[148.92,-33.72],[148.6,-34.42],[148.13,-35.19],[147.89,-35.44],[146.91,-36.14],[146.08,-36.65],[145.65,-36.82],[143.92,-36.95],[143.39,-36.8],[142.7,-36.87],[142.11,-36.77],[141.85,-36.28],[141.7,-35.66],[141.45,-35.12],[141.05,-34.89],[140.6,-34.94],[140.15,-35.15],[139.47,-35.55],[139.27,-35.78],[139.02,-35.59],[139.18,-35.52],[139.29,-35.61],[139.33,-35.43],[139.28,-35.38],[139.19,-35.35],[138.88,-35.53],[138.77,-35.49],[138.94,-35.3],[139.23,-34.53],[139.05,-33.9],[139.01,-33.48],[139.27,-32.61],[139.42,-32.35],[139.59,-32.21],[139.91,-32.04],[140.43,-31.87],[140.95,-31.82],[141.36,-31.7],[142.04,-31.39],[142.65,-31.0],[142.8,-30.85],[142.9,-30.63],[143.09,-29.85],[143.28,-29.41],[144.02,-28.15],[144.61,-26.76],[144.7,-26.51],[144.77,-25.99],[144.76,-24.95],[144.84,-24.57],[145.05,-24.28],[145.21,-24.2],[145.58,-24.2],[146.24,-24.42],[146.88,-24.94],[147.77,-25.87],[148.02,-26.0]]]}},{"type":"Feature","properties":{"n":"Sichuan Basin","cla":"Basin","min":4.0},"geometry":{"type":"Polygon","coordinates":[[[105.23,31.83],[105.93,31.93],[106.34,31.69],[107.0,31.54],[107.12,31.38],[107.1,30.99],[106.91,30.39],[107.7,29.97],[107.72,29.83],[107.66,29.77],[106.63,29.45],[105.93,28.83],[104.27,28.71],[103.32,29.44],[103.28,29.55],[103.27,30.52],[103.44,30.85],[103.65,31.02],[104.14,31.6],[104.55,31.94],[104.71,32.02],[104.92,32.05],[105.23,31.83]]]}},{"type":"Feature","properties":{"n":"Tarim Basin","cla":"Basin","min":4.0},"geometry":{"type":"Polygon","coordinates":[[[88.13,40.94],[89.06,40.88],[89.61,40.65],[90.48,40.42],[90.7,40.22],[90.74,40.06],[90.68,39.75],[90.46,39.54],[90.17,39.4],[88.71,39.16],[87.58,38.59],[86.57,38.3],[85.43,37.71],[84.92,37.57],[84.71,37.41],[83.67,36.97],[83.26,36.89],[82.05,36.84],[81.38,36.61],[81.23,36.59],[80.64,36.73],[80.3,36.91],[78.3,37.45],[77.7,37.91],[77.12,38.22],[76.91,38.55],[76.25,39.04],[76.14,39.25],[76.19,39.46],[76.46,39.64],[76.65,39.68],[77.84,39.74],[80.55,40.85],[81.08,41.2],[81.44,41.36],[86.61,41.7],[86.81,41.64],[87.78,41.07],[88.13,40.94]]]}},{"type":"Feature","properties":{"n":"Pantanal","cla":"Wetlands","min":4.0},"geometry":{"type":"Polygon","coordinates":[[[-59.37,-16.25],[-58.76,-16.12],[-58.21,-16.27],[-57.96,-16.29],[-57.77,-16.08],[-57.56,-16.56],[-57.03,-16.18],[-56.55,-15.99],[-56.13,-15.99],[-55.75,-16.1],[-55.09,-16.61],[-54.97,-16.98],[-55.26,-17.57],[-54.88,-18.48],[-55.73,-20.12],[-56.57,-20.1],[-56.95,-19.66],[-57.18,-19.87],[-57.14,-20.48],[-57.48,-20.9],[-57.6,-21.32],[-57.79,-21.39],[-58.32,-19.95],[-58.95,-18.88],[-58.28,-19.07],[-57.98,-19.05],[-57.75,-18.84],[-57.5,-18.27],[-57.64,-17.98],[-57.77,-17.76],[-58.8,-17.62],[-59.14,-17.05],[-59.65,-16.65],[-60.3,-16.37],[-60.63,-15.91],[-60.3,-15.59],[-59.75,-15.62],[-59.69,-16.16],[-59.37,-16.25]]]}},{"type":"Feature","properties":{"n":"North Siberian Lowland","cla":"Lowland","min":4.0},"geometry":{"type":"Polygon","coordinates":[[[97.29,70.79],[96.97,71.41],[96.95,71.71],[97.29,72.11],[98.05,72.23],[113.2,72.87],[113.13,72.83],[113.16,72.77],[113.31,72.66],[113.66,72.63],[113.71,72.65],[113.3,72.74],[113.22,72.81],[113.31,72.88],[117.02,73.03],[118.06,72.83],[118.87,72.21],[118.9,71.81],[118.77,71.65],[118.54,71.56],[97.29,70.79]]]}},{"type":"Feature","properties":{"n":"West Siberian Plain","cla":"Lowland","min":4.0},"geometry":{"type":"Polygon","coordinates":[[[86.11,69.46],[86.27,68.46],[86.51,68.33],[86.63,68.15],[86.57,67.96],[86.32,67.63],[86.34,67.48],[86.44,67.4],[86.64,67.37],[86.76,66.72],[87.38,66.48],[87.61,66.18],[87.89,66.1],[87.89,65.9],[88.13,65.37],[88.17,65.11],[88.11,64.64],[88.14,64.51],[88.4,63.94],[91.32,60.87],[92.09,59.65],[92.22,59.21],[93.18,58.15],[93.38,57.74],[93.54,57.22],[93.51,56.9],[93.78,56.56],[93.5,56.27],[92.56,55.83],[92.38,55.68],[92.27,55.66],[92.01,55.76],[91.66,55.75],[91.32,55.87],[90.71,55.76],[87.67,55.65],[76.45,55.56],[75.67,56.05],[75.54,56.18],[75.3,56.27],[74.72,56.82],[74.3,56.99],[72.68,57.4],[70.2,57.59],[68.89,57.9],[68.39,58.17],[68.32,58.35],[68.41,58.62],[69.62,60.27],[69.7,60.42],[69.62,60.61],[69.27,60.88],[68.67,61.11],[67.09,62.03],[66.72,62.11],[65.07,63.04],[65.72,63.75],[65.85,64.07],[65.76,64.42],[65.22,65.14],[65.21,65.22],[65.62,65.64],[65.73,65.88],[65.73,66.14],[66.49,66.63],[66.69,66.7],[67.76,66.82],[68.96,66.77],[69.07,66.63],[69.19,66.58],[69.98,66.4],[70.34,66.34],[71.46,66.35],[71.92,66.25],[72.21,66.25],[72.82,66.48],[77.1,66.7],[77.72,67.16],[77.86,67.57],[78.92,67.59],[78.84,67.63],[77.91,67.71],[78.44,68.26],[79.04,68.57],[81.22,69.1],[84.23,69.67],[84.49,69.65],[85.15,69.8],[85.41,69.79],[86.11,69.46]]]}},{"type":"Feature","properties":{"n":"Caspian Depression","cla":"Lowland","min":4.0},"geometry":{"type":"MultiPolygon","coordinates":[[[[48.96,49.17],[50.36,49.16],[51.36,48.92],[51.54,48.93],[51.95,49.18],[52.06,49.16],[52.31,48.94],[53.08,48.84],[53.19,48.53],[53.65,48.1],[53.86,47.6],[54.17,47.08],[55.32,46.11],[55.49,45.84],[55.54,45.69],[55.53,45.54],[55.45,45.42],[55.32,45.34],[54.92,45.24],[54.54,44.98],[53.65,44.74],[53.2,44.25],[53.06,44.14],[52.89,44.1],[52.21,44.46],[51.57,44.5],[51.34,44.67],[51.06,44.81],[51.01,44.92],[51.48,45.35],[51.73,45.4],[52.43,45.4],[52.91,45.32],[53.2,45.33],[52.84,45.5],[52.77,45.57],[53.03,45.93],[53.14,46.19],[53.1,46.43],[53.17,46.77],[53.04,46.91],[52.92,46.95],[52.48,46.99],[52.31,46.88],[52.07,46.86],[51.62,47.03],[51.18,47.11],[50.58,46.88],[50.42,46.88],[49.82,46.58],[49.35,46.52],[48.95,46.15],[48.68,46.09],[48.72,45.94],[48.49,45.93],[48.36,45.85],[47.7,45.69],[47.62,45.59],[47.46,45.68],[47.52,45.6],[47.51,45.49],[47.41,45.42],[47.4,45.32],[47.16,45.01],[46.92,44.85],[46.74,44.82],[46.05,44.91],[45.81,45.03],[45.15,45.57],[44.95,45.78],[44.61,46.25],[44.44,46.59],[44.36,46.93],[44.43,47.23],[44.97,47.62],[45.34,47.67],[45.78,47.8],[46.62,48.25],[46.69,48.35],[46.77,48.66],[46.86,48.79],[47.14,48.95],[47.97,49.18],[48.32,49.23],[48.96,49.17]]],[[[52.61,45.53],[52.69,45.46],[52.66,45.4],[52.55,45.47],[52.61,45.53]]]]}},{"type":"Feature","properties":{"n":"Great Basin","cla":"Basin","min":5.0},"geometry":{"type":"Polygon","coordinates":[[[-120.13,43.68],[-118.57,43.58],[-115.76,42.43],[-115.46,42.2],[-115.08,42.15],[-114.68,42.32],[-113.78,42.43],[-112.89,42.76],[-112.7,42.52],[-112.62,42.0],[-112.1,41.62],[-111.82,40.85],[-111.89,40.06],[-112.19,39.56],[-112.27,39.08],[-112.5,38.86],[-112.54,38.29],[-112.83,37.92],[-113.7,37.36],[-113.89,37.0],[-114.34,36.59],[-114.43,36.31],[-114.8,36.05],[-114.6,35.38],[-114.63,35.12],[-114.57,34.84],[-114.41,34.58],[-114.1,34.31],[-114.38,34.12],[-114.51,33.81],[-115.81,34.47],[-116.93,34.48],[-117.51,34.56],[-118.6,34.87],[-118.2,35.11],[-117.93,35.48],[-117.88,35.93],[-118.15,36.83],[-118.89,38.02],[-119.94,39.09],[-120.18,39.5],[-121.28,41.04],[-121.35,41.25],[-121.34,41.75],[-121.43,42.0],[-121.66,42.18],[-121.77,42.63],[-121.7,43.15],[-121.46,44.24],[-121.12,44.23],[-120.96,44.07],[-120.13,43.68]]]}},{"type":"Feature","properties":{"n":"Great Artesian Basin","cla":"Basin","min":5.3},"geometry":{"type":"Polygon","coordinates":[[[144.13,-21.16],[144.91,-22.74],[146.01,-24.35],[146.68,-24.83],[148.0,-26.36],[148.15,-26.76],[148.21,-27.2],[148.18,-27.64],[147.99,-28.5],[147.82,-28.94],[147.55,-29.31],[147.15,-29.55],[145.71,-29.97],[141.56,-31.01],[141.17,-31.18],[140.95,-31.21],[140.34,-31.15],[140.0,-30.98],[139.7,-30.72],[139.59,-30.54],[139.59,-30.35],[139.76,-30.18],[139.83,-30.0],[139.7,-29.8],[139.4,-29.71],[138.68,-29.83],[138.23,-29.81],[137.79,-29.72],[137.4,-29.58],[137.16,-29.45],[136.74,-29.07],[136.41,-28.63],[136.09,-27.8],[135.87,-26.68],[135.76,-25.23],[135.82,-23.98],[135.94,-23.35],[136.18,-22.84],[136.92,-22.09],[137.22,-21.89],[137.65,-21.79],[140.39,-21.87],[140.81,-21.84],[141.11,-21.74],[141.39,-21.59],[142.41,-20.84],[142.69,-20.7],[142.99,-20.65],[143.41,-20.73],[143.81,-20.9],[144.13,-21.16]]]}},{"type":"Feature","properties":{"n":"Manchurian Plain","cla":"Plain","min":4.0},"geometry":{"type":"Polygon","coordinates":[[[125.13,43.33],[124.8,43.38],[124.44,43.21],[123.77,42.35],[123.69,42.17],[123.66,41.59],[123.54,41.4],[122.95,41.22],[122.54,40.79],[122.2,40.7],[121.86,40.84],[121.83,40.97],[121.74,40.86],[121.68,40.9],[121.48,41.19],[121.52,41.42],[121.95,41.98],[122.11,42.3],[122.1,42.41],[122.03,42.54],[121.33,42.97],[121.01,43.06],[119.73,43.13],[119.53,43.2],[119.48,43.26],[119.49,43.4],[119.73,43.66],[120.5,44.01],[120.99,44.16],[122.63,45.66],[122.81,45.98],[123.17,46.28],[123.46,46.76],[123.45,47.0],[123.13,47.5],[123.15,47.69],[123.33,47.88],[123.67,48.08],[124.23,48.65],[124.64,48.89],[125.09,49.03],[125.57,49.06],[126.46,48.94],[126.88,48.81],[127.23,48.59],[127.84,47.71],[127.9,47.39],[127.86,47.23],[127.33,46.32],[127.29,46.0],[127.37,45.68],[127.34,45.57],[126.81,44.86],[126.59,44.26],[126.52,43.91],[126.05,43.63],[125.55,43.53],[125.13,43.33]]]}},{"type":"Feature","properties":{"n":"Turan Depression","cla":"Plain","min":5.0},"geometry":{"type":"Polygon","coordinates":[[[64.17,36.76],[63.09,36.22],[62.19,36.25],[61.31,36.47],[60.48,36.83],[59.69,37.27],[57.77,38.63],[57.45,38.81],[56.74,39.05],[56.39,39.35],[56.09,39.79],[55.89,40.3],[55.85,40.76],[55.99,41.44],[56.24,41.84],[57.54,42.84],[58.56,43.92],[60.07,46.29],[60.92,47.26],[62.77,47.49],[65.14,46.38],[67.43,44.66],[69.02,43.05],[69.11,42.28],[68.63,41.35],[67.22,39.62],[65.49,37.86],[64.17,36.76]]]}},{"type":"Feature","properties":{"n":"Sahel","cla":"Plain","min":3.5},"geometry":{"type":"Polygon","coordinates":[[[37.69,17.87],[37.76,17.3],[38.29,16.18],[38.43,15.18],[38.16,14.98],[37.92,14.54],[38.01,13.84],[37.73,13.47],[37.15,14.0],[36.97,14.83],[36.56,15.23],[35.99,14.86],[35.66,13.87],[35.11,12.81],[33.75,12.01],[33.45,11.33],[33.55,10.0],[32.08,9.47],[30.95,9.46],[29.49,9.31],[27.9,9.71],[26.75,9.72],[26.2,10.23],[25.81,10.02],[24.76,10.02],[23.5,10.35],[22.72,10.17],[21.99,10.13],[21.24,10.66],[20.73,10.56],[21.0,10.4],[21.04,10.21],[20.38,9.99],[19.86,9.96],[19.74,10.16],[20.06,10.96],[19.52,11.3],[18.7,11.34],[17.96,11.52],[17.12,11.5],[18.05,10.47],[17.92,10.25],[17.57,10.21],[16.84,11.09],[16.12,11.55],[15.65,11.18],[15.67,10.78],[15.79,10.1],[15.6,10.0],[14.78,10.02],[14.32,10.28],[13.6,11.88],[12.6,12.81],[11.29,12.91],[10.03,13.22],[8.67,14.01],[7.02,14.16],[5.27,14.09],[4.74,13.96],[4.04,14.12],[2.94,14.12],[1.88,14.08],[1.21,13.98],[0.45,13.98],[-0.3,13.91],[-1.64,14.12],[-2.13,14.35],[-2.63,14.78],[-2.85,15.2],[-3.22,15.14],[-3.85,14.92],[-3.55,15.52],[-2.73,15.76],[-2.09,16.17],[-2.22,16.27],[-2.65,16.18],[-2.96,16.22],[-2.96,16.45],[-1.89,16.83],[-1.38,16.89],[-0.71,16.89],[-0.33,16.72],[-0.19,16.87],[-0.87,17.09],[-1.74,17.09],[-2.85,16.75],[-4.59,15.93],[-4.85,15.69],[-4.52,15.55],[-4.85,14.78],[-5.47,14.94],[-8.12,15.27],[-13.6,14.83],[-15.8,15.4],[-16.49,15.81],[-16.47,16.46],[-16.4,16.78],[-16.06,17.57],[-15.51,18.06],[-13.65,20.08],[-12.75,19.94],[-11.99,20.35],[-11.64,20.8],[-10.92,21.18],[-9.88,21.22],[-9.59,21.15],[-9.41,20.76],[-8.57,19.95],[-7.11,19.82],[-5.99,19.63],[-5.05,19.58],[-2.22,19.95],[-0.23,20.94],[0.71,21.26],[1.74,21.3],[2.5,21.17],[3.31,20.53],[3.89,19.33],[4.52,18.92],[5.26,18.89],[6.41,19.16],[7.31,19.62],[8.23,20.32],[9.19,20.39],[9.98,20.12],[11.35,18.4],[11.87,17.65],[13.48,17.12],[15.85,16.87],[18.19,16.78],[18.92,16.88],[20.06,17.54],[20.72,18.09],[22.68,18.51],[23.92,18.4],[26.83,17.94],[28.02,18.06],[28.88,18.44],[29.62,18.97],[30.18,19.5],[31.71,19.83],[32.52,20.22],[33.21,20.67],[34.39,22.03],[34.97,22.46],[35.43,22.98],[35.64,22.99],[35.99,22.65],[36.83,22.05],[36.93,21.59],[37.07,21.31],[37.23,19.7],[37.36,19.09],[37.47,18.82],[37.85,18.23],[37.69,17.87]]]}},{"type":"Feature","properties":{"n":"Pontic-Caspian steppe","cla":"Plain","min":4.0},"geometry":{"type":"Polygon","coordinates":[[[55.62,51.65],[54.85,51.62],[53.22,51.67],[52.82,51.61],[52.48,51.48],[52.21,51.28],[52.03,51.0],[51.96,50.64],[51.95,49.64],[51.81,49.15],[51.45,48.92],[51.26,48.94],[50.71,49.13],[50.1,49.19],[48.37,49.21],[47.82,49.14],[47.28,48.97],[46.9,48.77],[46.78,48.64],[46.64,48.36],[46.38,48.14],[45.49,47.75],[45.04,47.66],[44.66,47.5],[44.44,47.12],[44.42,46.69],[44.54,46.31],[44.76,45.98],[45.71,45.06],[45.95,44.89],[46.18,44.8],[46.85,44.72],[46.76,44.66],[46.72,44.45],[47.02,44.34],[47.31,44.1],[47.46,43.56],[47.48,43.61],[47.51,43.51],[47.51,43.22],[47.46,43.04],[47.63,42.9],[47.71,42.81],[47.73,42.68],[47.98,42.45],[47.88,42.41],[47.6,42.48],[47.35,42.63],[47.25,42.72],[47.2,43.04],[47.11,43.17],[46.97,43.23],[46.14,43.43],[45.95,43.42],[45.44,43.26],[45.2,43.24],[44.46,43.73],[43.62,43.97],[42.76,44.02],[42.0,44.32],[41.05,44.81],[40.6,44.97],[40.11,45.04],[38.73,45.07],[38.12,45.0],[37.69,45.08],[36.79,45.41],[36.87,45.43],[37.21,45.27],[37.65,45.38],[37.67,45.49],[37.61,45.5],[37.61,45.56],[37.84,45.8],[37.93,46.0],[38.01,46.05],[38.07,46.02],[38.08,45.93],[38.18,46.09],[38.49,46.09],[38.08,46.39],[37.91,46.41],[37.77,46.64],[37.97,46.62],[38.23,46.7],[38.5,46.66],[38.44,46.81],[39.27,47.04],[39.29,47.11],[39.2,47.27],[39.02,47.27],[38.93,47.18],[38.67,47.14],[38.55,47.15],[38.76,47.26],[38.58,47.24],[38.18,47.08],[37.54,47.07],[37.34,46.92],[37.05,46.88],[36.79,46.71],[36.56,46.76],[36.28,46.66],[35.83,46.62],[35.4,46.38],[35.2,46.17],[35.01,46.11],[35.28,46.28],[35.29,46.37],[35.23,46.44],[35.06,46.27],[34.85,46.19],[34.84,46.08],[32.4,46.28],[32.0,46.37],[32.01,46.43],[31.71,46.47],[31.55,46.55],[32.36,46.47],[32.58,46.62],[32.35,46.56],[32.04,46.64],[31.94,46.78],[31.94,46.98],[31.76,47.21],[31.91,46.93],[31.87,46.65],[31.53,46.66],[31.56,46.78],[31.4,46.63],[31.19,46.66],[30.8,46.55],[30.72,46.36],[30.28,46.01],[29.84,45.86],[29.79,45.74],[29.63,45.72],[29.6,45.6],[29.67,45.54],[29.73,45.34],[29.67,45.13],[29.34,44.91],[29.07,44.87],[29.05,44.93],[29.1,44.98],[28.93,44.97],[28.89,44.92],[28.93,44.81],[28.81,44.57],[28.89,44.57],[28.65,44.3],[28.66,44.0],[28.52,43.85],[28.25,43.76],[27.93,43.78],[27.58,43.83],[27.26,43.96],[27.03,44.18],[26.86,44.63],[26.97,44.94],[27.79,45.64],[28.5,46.96],[28.74,47.34],[29.02,47.65],[29.4,47.87],[30.31,48.06],[30.74,48.21],[31.07,48.49],[31.52,49.24],[31.83,49.53],[32.2,49.67],[32.59,49.69],[33.39,49.63],[33.89,49.64],[34.36,49.73],[35.86,50.17],[37.64,50.55],[39.22,51.0],[46.28,54.07],[47.62,54.54],[48.97,54.79],[50.74,55.06],[51.25,55.09],[53.29,54.81],[54.3,54.49],[55.36,54.42],[56.02,54.31],[56.29,54.16],[56.37,53.98],[56.13,53.16],[56.14,52.24],[56.03,51.91],[55.94,51.78],[55.62,51.65]]]}},{"type":"Feature","properties":{"n":"Atlantic coastal plain","cla":"Plain","min":3.5},"geometry":{"type":"MultiPolygon","coordinates":[[[[-74.8,39.0],[-74.95,38.95],[-74.9,39.15],[-75.14,39.21],[-75.52,39.49],[-75.52,39.6],[-75.42,39.79],[-75.15,39.87],[-75.07,39.98],[-75.17,39.89],[-75.4,39.83],[-75.59,39.64],[-75.57,39.48],[-75.41,39.28],[-75.39,39.09],[-75.31,38.97],[-75.19,38.82],[-75.09,38.78],[-75.13,38.63],[-75.19,38.59],[-75.07,38.58],[-75.04,38.43],[-75.07,38.37],[-75.07,38.41],[-75.12,38.41],[-75.16,38.26],[-75.23,38.24],[-75.35,38.07],[-75.62,37.54],[-75.81,37.43],[-75.93,37.15],[-76.0,37.26],[-75.98,37.4],[-75.89,37.62],[-75.66,37.95],[-75.85,37.97],[-75.8,38.09],[-75.93,38.17],[-75.86,38.36],[-76.05,38.28],[-76.26,38.44],[-76.29,38.49],[-76.26,38.6],[-76.02,38.63],[-76.21,38.76],[-76.28,38.77],[-76.34,38.71],[-76.3,38.82],[-76.17,38.85],[-76.19,38.92],[-76.33,38.91],[-76.33,38.95],[-76.31,39.01],[-76.19,38.99],[-76.14,39.08],[-76.13,39.12],[-76.22,39.06],[-76.24,39.19],[-76.15,39.32],[-76.07,39.37],[-75.88,39.38],[-76.0,39.41],[-75.87,39.51],[-75.97,39.5],[-75.96,39.59],[-76.06,39.56],[-74.53,40.44],[-74.24,40.4],[-74.0,40.45],[-73.96,40.33],[-74.08,39.79],[-74.06,39.99],[-74.26,39.61],[-74.33,39.54],[-74.41,39.55],[-74.43,39.39],[-74.6,39.29],[-74.8,39.0]]],[[[-75.19,38.15],[-75.14,38.24],[-75.1,38.3],[-75.11,38.25],[-75.19,38.15]]],[[[-75.5,35.77],[-75.46,35.45],[-75.51,35.28],[-75.68,35.21],[-75.54,35.28],[-75.48,35.57],[-75.5,35.77]]],[[[-76.53,34.64],[-76.44,34.76],[-76.21,34.94],[-76.47,34.67],[-76.53,34.64]]],[[[-77.93,34.0],[-77.95,34.17],[-78.01,33.91],[-78.41,33.92],[-78.58,33.87],[-78.84,33.72],[-79.72,32.94],[-80.51,32.53],[-80.63,32.51],[-80.55,32.48],[-80.68,32.35],[-80.8,32.45],[-80.74,32.28],[-81.11,31.88],[-81.51,31.09],[-81.54,30.71],[-81.43,30.48],[-81.26,29.79],[-81.04,29.3],[-80.58,28.55],[-80.6,28.24],[-80.5,27.93],[-80.61,28.18],[-80.61,28.52],[-80.69,28.34],[-80.73,28.46],[-80.69,28.58],[-80.77,28.63],[-80.77,28.73],[-80.84,28.76],[-80.75,28.38],[-80.23,27.21],[-80.1,27.03],[-80.05,26.79],[-80.12,26.05],[-80.3,25.62],[-80.37,25.33],[-80.5,25.23],[-80.74,25.16],[-81.11,25.14],[-81.16,25.24],[-81.14,25.31],[-80.97,25.22],[-80.94,25.26],[-81.11,25.37],[-81.36,25.83],[-81.7,25.97],[-81.87,26.44],[-81.95,26.5],[-81.83,26.69],[-81.99,26.54],[-82.05,26.61],[-82.07,26.89],[-82.01,26.96],[-82.18,26.94],[-82.18,26.84],[-82.24,26.85],[-82.44,27.06],[-82.66,27.52],[-82.43,27.77],[-82.41,27.86],[-82.45,27.9],[-82.52,27.88],[-82.64,27.98],[-82.68,27.96],[-82.6,27.87],[-82.61,27.78],[-82.74,27.71],[-82.83,27.9],[-82.66,28.49],[-82.65,28.89],[-82.88,29.2],[-82.98,29.21],[-83.2,29.38],[-83.44,29.71],[-83.69,29.93],[-84.04,30.1],[-84.31,30.06],[-84.37,29.95],[-84.81,29.77],[-85.32,29.68],[-85.41,29.77],[-85.41,29.84],[-85.31,29.76],[-85.35,29.88],[-85.68,30.12],[-85.62,30.12],[-85.66,30.19],[-85.6,30.29],[-85.74,30.24],[-85.76,30.17],[-86.45,30.4],[-86.12,30.41],[-86.26,30.49],[-86.45,30.5],[-86.68,30.4],[-87.2,30.34],[-86.99,30.43],[-87.0,30.57],[-87.07,30.5],[-87.17,30.54],[-87.28,30.34],[-87.48,30.29],[-87.45,30.39],[-87.62,30.26],[-88.01,30.23],[-87.79,30.29],[-87.92,30.45],[-87.92,30.56],[-88.01,30.69],[-88.14,30.37],[-88.69,30.36],[-88.91,30.42],[-89.32,30.35],[-89.44,30.22],[-89.59,30.17],[-89.95,30.27],[-90.13,30.37],[-90.23,30.38],[-90.33,30.28],[-90.41,30.14],[-90.18,30.03],[-89.74,30.17],[-89.67,30.12],[-89.82,30.01],[-89.74,29.93],[-89.63,29.9],[-89.49,30.06],[-89.4,30.05],[-89.35,29.82],[-89.53,29.77],[-89.59,29.73],[-89.56,29.7],[-89.68,29.67],[-89.72,29.62],[-89.51,29.42],[-89.18,29.34],[-89.02,29.2],[-89.02,29.14],[-89.16,29.02],[-89.24,29.08],[-89.37,28.98],[-89.35,29.07],[-89.52,29.25],[-89.79,29.33],[-89.88,29.46],[-90.16,29.54],[-90.05,29.43],[-90.14,29.14],[-90.21,29.1],[-90.3,29.26],[-90.5,29.3],[-90.74,29.14],[-91.15,29.32],[-91.24,29.46],[-91.25,29.56],[-91.33,29.51],[-91.51,29.56],[-91.67,29.75],[-91.82,29.75],[-91.89,29.84],[-92.14,29.7],[-92.06,29.62],[-92.08,29.59],[-92.26,29.56],[-92.67,29.6],[-93.18,29.78],[-93.69,29.77],[-93.83,29.73],[-93.88,29.81],[-93.81,29.85],[-93.77,29.95],[-93.84,29.98],[-93.95,29.81],[-93.89,29.69],[-94.1,29.67],[-94.76,29.38],[-94.53,29.55],[-94.78,29.55],[-94.72,29.66],[-94.74,29.75],[-94.83,29.75],[-94.89,29.68],[-95.02,29.7],[-94.99,29.53],[-94.89,29.37],[-95.14,29.17],[-95.15,29.08],[-95.27,28.96],[-95.85,28.64],[-96.23,28.49],[-96.01,28.63],[-96.37,28.66],[-96.45,28.59],[-96.58,28.72],[-96.64,28.71],[-96.52,28.49],[-96.42,28.46],[-96.68,28.34],[-96.77,28.42],[-96.84,28.19],[-96.89,28.16],[-96.93,28.22],[-97.16,28.14],[-97.14,28.06],[-97.03,28.09],[-97.07,27.99],[-97.17,27.88],[-97.43,27.84],[-97.29,27.67],[-97.44,27.33],[-97.52,27.31],[-97.77,27.46],[-97.69,27.29],[-97.49,27.24],[-97.48,27.12],[-97.55,26.97],[-97.44,26.49],[-97.21,26.07],[-97.17,26.07],[-97.15,25.88],[-97.35,25.77],[-97.78,25.99],[-98.05,25.97],[-98.28,26.04],[-99.06,26.39],[-99.12,26.65],[-99.35,26.94],[-99.44,27.2],[-99.4,27.74],[-99.3,28.18],[-98.08,29.19],[-96.28,29.93],[-93.45,30.92],[-91.93,31.13],[-90.15,31.12],[-87.58,31.44],[-86.24,31.76],[-84.46,32.02],[-83.54,32.48],[-82.65,32.77],[-81.61,33.02],[-80.91,33.48],[-79.5,34.61],[-78.18,35.58],[-77.67,36.42],[-77.14,37.68],[-77.1,38.15],[-76.55,37.67],[-76.31,37.57],[-76.37,37.53],[-76.27,37.5],[-76.26,37.36],[-76.4,37.39],[-76.39,37.3],[-76.45,37.27],[-76.76,37.51],[-76.61,37.32],[-76.33,37.15],[-76.28,37.05],[-76.4,36.99],[-76.6,37.14],[-76.63,37.22],[-77.01,37.32],[-77.25,37.33],[-76.67,37.17],[-76.63,37.05],[-76.5,36.96],[-76.49,36.9],[-76.24,36.95],[-76.0,36.91],[-75.76,36.23],[-75.53,35.82],[-75.73,36.1],[-75.95,36.66],[-75.99,36.47],[-75.82,36.11],[-76.15,36.28],[-76.15,36.15],[-76.27,36.19],[-76.23,36.12],[-76.38,36.13],[-76.48,36.03],[-76.56,36.02],[-76.68,36.08],[-76.73,36.23],[-76.73,35.96],[-76.07,35.97],[-76.08,35.69],[-76.0,35.72],[-75.98,35.9],[-75.81,35.96],[-75.74,35.77],[-75.77,35.65],[-76.17,35.35],[-76.49,35.4],[-76.58,35.53],[-76.63,35.45],[-76.74,35.43],[-77.04,35.53],[-76.97,35.46],[-76.51,35.27],[-76.63,35.07],[-76.78,34.99],[-77.07,35.15],[-76.97,35.03],[-76.74,34.94],[-76.46,34.99],[-76.36,34.94],[-76.52,34.78],[-76.71,34.75],[-76.73,34.71],[-77.13,34.71],[-77.3,34.6],[-77.36,34.62],[-77.41,34.73],[-77.38,34.53],[-77.75,34.28],[-77.93,34.0]]],[[[-88.66,30.23],[-88.72,30.26],[-88.56,30.22],[-88.66,30.23]]],[[[-97.18,26.12],[-97.4,26.82],[-97.39,27.2],[-97.35,26.8],[-97.18,26.12]]],[[[-77.08,38.36],[-76.91,38.2],[-76.55,38.09],[-76.26,37.89],[-76.34,37.68],[-76.49,37.68],[-76.94,38.1],[-77.09,38.17],[-77.08,38.36]]],[[[-76.7,38.93],[-76.49,39.16],[-76.43,39.13],[-76.47,39.03],[-76.56,39.07],[-76.49,38.95],[-76.54,38.74],[-76.5,38.53],[-76.39,38.37],[-76.57,38.44],[-76.68,38.61],[-76.64,38.45],[-76.41,38.27],[-76.34,38.09],[-76.45,38.17],[-76.77,38.26],[-76.87,38.39],[-76.89,38.29],[-77.03,38.44],[-76.7,38.93]]],[[[-76.25,39.41],[-76.26,39.35],[-76.28,39.32],[-76.3,39.36],[-76.25,39.41]]],[[[-76.23,39.43],[-76.06,39.56],[-76.1,39.43],[-76.22,39.38],[-76.23,39.43]]],[[[-74.25,39.56],[-74.11,39.75],[-74.25,39.53],[-74.25,39.56]]],[[[-75.65,35.91],[-75.65,35.84],[-75.72,35.95],[-75.65,35.91]]],[[[-75.96,35.12],[-75.86,35.17],[-75.78,35.19],[-75.96,35.12]]],[[[-76.62,34.69],[-76.55,34.65],[-76.67,34.7],[-76.62,34.69]]],[[[-97.06,27.82],[-97.38,27.24],[-97.3,27.52],[-97.06,27.82]]],[[[-96.84,28.09],[-97.01,27.9],[-97.04,27.9],[-96.9,28.12],[-96.86,28.13],[-96.84,28.09]]],[[[-96.41,28.34],[-96.76,28.15],[-96.8,28.15],[-96.4,28.38],[-96.41,28.34]]],[[[-89.22,30.04],[-89.34,30.06],[-89.18,30.17],[-89.22,30.08],[-89.22,30.04]]],[[[-88.16,30.23],[-88.32,30.24],[-88.07,30.25],[-88.16,30.23]]],[[[-94.77,29.34],[-95.04,29.15],[-95.09,29.14],[-94.83,29.34],[-94.77,29.34]]],[[[-91.75,29.57],[-91.83,29.49],[-92.01,29.61],[-91.88,29.64],[-91.75,29.57]]]]}},{"type":"Feature","properties":{"n":"Central Lowlands","cla":"Plain","min":4.0},"geometry":{"type":"Polygon","coordinates":[[[-101.53,54.27],[-99.39,54.4],[-98.83,54.35],[-97.69,53.3],[-97.23,52.36],[-96.72,51.63],[-96.42,51.07],[-96.36,50.69],[-95.97,50.38],[-96.03,50.26],[-95.84,50.17],[-95.53,50.34],[-95.26,50.37],[-94.95,50.16],[-94.59,50.11],[-94.52,49.7],[-94.76,49.53],[-94.71,48.79],[-93.8,48.53],[-93.72,48.29],[-94.03,48.04],[-94.42,47.28],[-94.38,45.9],[-94.16,45.55],[-93.79,45.31],[-93.58,45.26],[-92.76,45.27],[-91.99,45.11],[-90.35,44.95],[-88.33,44.58],[-87.84,44.64],[-87.67,44.99],[-87.1,45.43],[-86.24,45.24],[-85.89,45.77],[-85.45,46.05],[-84.82,45.88],[-83.84,45.86],[-83.71,46.28],[-83.18,46.2],[-82.11,46.14],[-81.47,46.3],[-80.87,46.36],[-80.46,46.3],[-79.43,46.44],[-77.55,46.15],[-77.34,45.98],[-76.78,45.84],[-76.69,45.65],[-76.51,45.53],[-76.05,45.51],[-75.75,45.42],[-74.94,45.67],[-74.46,45.6],[-74.55,45.1],[-75.13,44.93],[-76.48,44.13],[-76.92,43.72],[-76.81,43.63],[-78.66,43.64],[-79.18,43.47],[-79.07,43.28],[-79.08,43.09],[-78.92,42.9],[-79.09,42.78],[-80.19,42.35],[-80.11,41.81],[-79.77,41.41],[-79.82,41.33],[-79.59,40.98],[-79.5,40.92],[-79.53,40.79],[-79.81,40.55],[-79.98,40.46],[-80.2,40.55],[-80.29,40.7],[-80.65,40.62],[-80.6,40.32],[-80.88,39.62],[-81.25,39.39],[-81.42,39.41],[-81.66,39.28],[-81.81,39.08],[-81.85,38.91],[-82.01,39.02],[-82.16,38.83],[-82.22,38.59],[-82.42,38.43],[-82.57,38.4],[-82.69,38.54],[-82.83,38.58],[-82.9,38.75],[-83.15,38.62],[-83.49,38.7],[-83.65,38.64],[-83.86,38.76],[-84.08,38.78],[-84.36,39.05],[-84.84,39.09],[-84.82,38.83],[-85.19,38.69],[-85.32,38.74],[-85.45,38.71],[-85.43,38.54],[-85.59,38.46],[-85.76,38.27],[-85.89,38.2],[-85.92,38.04],[-86.04,37.97],[-86.26,38.06],[-86.34,38.16],[-86.52,38.02],[-86.6,37.91],[-86.71,37.9],[-86.82,38.0],[-87.02,37.92],[-87.09,37.81],[-87.45,37.94],[-87.63,37.83],[-87.78,37.88],[-88.13,37.7],[-88.14,37.47],[-88.38,37.42],[-88.51,37.34],[-88.45,37.2],[-88.49,37.13],[-88.96,37.23],[-89.19,36.98],[-89.18,36.66],[-89.47,36.49],[-89.9,35.63],[-90.12,35.35],[-90.21,35.06],[-90.47,34.8],[-90.63,34.4],[-90.94,34.17],[-91.19,33.4],[-91.1,32.13],[-91.4,31.71],[-91.55,31.35],[-92.04,31.21],[-93.48,31.0],[-96.31,30.01],[-96.76,30.03],[-97.03,30.52],[-96.82,31.13],[-95.72,32.02],[-95.56,33.26],[-95.63,34.11],[-96.68,34.38],[-97.25,34.96],[-97.3,36.44],[-96.4,38.84],[-96.77,40.83],[-97.4,42.41],[-97.43,45.35],[-97.52,46.21],[-97.88,48.16],[-99.02,49.03],[-99.81,49.93],[-101.13,50.37],[-101.72,51.36],[-102.26,51.76],[-103.41,52.2],[-103.62,52.55],[-104.18,52.86],[-105.08,53.0],[-106.56,53.44],[-107.0,53.88],[-107.12,54.67],[-106.4,54.92],[-105.58,54.96],[-104.36,54.64],[-102.83,54.51],[-101.53,54.27]]]}},{"type":"Feature","properties":{"n":"Gran Chaco","cla":"Plain","min":3.5},"geometry":{"type":"Polygon","coordinates":[[[-58.07,-26.11],[-58.2,-26.49],[-58.6,-27.3],[-58.93,-27.49],[-58.8,-27.75],[-59.05,-28.22],[-59.22,-28.93],[-59.59,-29.45],[-59.54,-30.11],[-59.76,-30.89],[-60.36,-31.63],[-60.73,-31.82],[-60.84,-31.32],[-60.76,-30.78],[-60.61,-30.44],[-60.67,-29.79],[-61.7,-29.3],[-62.09,-29.39],[-62.55,-28.96],[-63.63,-27.54],[-63.69,-26.49],[-63.92,-25.66],[-64.53,-25.09],[-64.51,-23.79],[-63.63,-22.67],[-63.49,-22.3],[-63.4,-21.65],[-63.0,-20.28],[-63.28,-18.44],[-62.73,-17.46],[-61.42,-17.73],[-57.8,-19.18],[-57.62,-19.73],[-58.13,-20.2],[-57.86,-20.87],[-58.0,-22.14],[-57.92,-22.72],[-57.35,-23.74],[-57.07,-24.35],[-57.33,-25.07],[-58.07,-26.11]]]}},{"type":"Feature","properties":{"n":"Llanos","cla":"Plain","min":3.5},"geometry":{"type":"Polygon","coordinates":[[[-63.35,8.27],[-64.69,7.82],[-65.89,7.85],[-66.91,7.18],[-67.69,5.45],[-67.98,5.48],[-68.95,5.36],[-70.34,4.51],[-71.43,3.66],[-72.56,2.63],[-73.13,2.86],[-73.72,3.66],[-73.62,3.93],[-71.92,5.8],[-71.64,6.62],[-71.78,7.29],[-70.86,8.2],[-69.49,9.13],[-66.91,9.76],[-64.41,9.83],[-62.57,10.0],[-61.97,8.66],[-63.35,8.27]]]}},{"type":"Feature","properties":{"n":"Pampas","cla":"Plain","min":3.5},"geometry":{"type":"MultiPolygon","coordinates":[[[[-61.89,-39.23],[-62.04,-39.17],[-62.09,-39.09],[-61.91,-39.14],[-61.89,-39.23]]],[[[-62.24,-39.87],[-63.84,-39.07],[-65.31,-38.68],[-65.96,-38.26],[-65.86,-37.9],[-66.74,-37.31],[-66.87,-36.43],[-66.61,-35.98],[-66.53,-35.05],[-66.81,-34.17],[-67.13,-33.56],[-67.16,-32.75],[-67.41,-32.35],[-67.9,-32.15],[-68.03,-31.93],[-67.16,-31.27],[-67.4,-30.21],[-66.79,-29.5],[-65.41,-28.2],[-65.66,-27.49],[-65.47,-27.15],[-64.78,-26.69],[-64.07,-25.46],[-63.79,-26.21],[-63.73,-27.1],[-63.39,-27.99],[-62.26,-29.37],[-60.88,-29.69],[-60.7,-30.25],[-60.77,-31.84],[-60.7,-32.79],[-60.25,-33.28],[-58.48,-34.13],[-58.46,-34.26],[-58.53,-34.3],[-58.41,-34.59],[-58.28,-34.68],[-57.76,-34.89],[-57.3,-35.19],[-57.17,-35.36],[-57.16,-35.51],[-57.35,-35.72],[-57.38,-35.9],[-57.34,-36.03],[-57.26,-36.14],[-57.08,-36.3],[-56.94,-36.35],[-56.76,-36.35],[-56.7,-36.43],[-56.67,-36.85],[-56.73,-36.96],[-57.09,-37.45],[-57.4,-37.74],[-57.51,-37.91],[-57.55,-38.09],[-57.65,-38.17],[-58.1,-38.4],[-60.03,-38.86],[-61.11,-38.99],[-61.6,-39.0],[-62.07,-38.92],[-62.19,-38.81],[-62.33,-38.8],[-62.37,-38.85],[-62.3,-38.99],[-62.34,-39.15],[-62.3,-39.24],[-62.05,-39.37],[-62.18,-39.38],[-62.08,-39.46],[-62.13,-39.83],[-62.24,-39.87]]]]}},{"type":"Feature","properties":{"n":"Indo-Gangetic Plain","cla":"Plain","min":4.0},"geometry":{"type":"MultiPolygon","coordinates":[[[[87.37,26.31],[88.29,26.46],[89.74,25.69],[91.26,23.77],[91.32,23.36],[91.31,22.73],[91.15,22.61],[90.95,22.6],[90.83,22.72],[90.63,23.09],[90.66,23.27],[90.6,23.59],[90.56,23.42],[90.27,23.46],[90.39,23.37],[90.52,23.35],[90.59,23.27],[90.6,23.13],[90.47,23.05],[90.55,22.9],[90.46,22.88],[90.44,22.75],[90.62,22.36],[90.59,22.26],[90.36,22.05],[90.23,21.83],[90.16,21.82],[90.07,21.89],[90.09,22.02],[90.21,22.16],[89.95,22.02],[89.92,22.12],[89.89,22.31],[89.99,22.47],[89.88,22.39],[89.81,21.98],[89.57,21.77],[89.48,22.28],[89.5,21.91],[89.36,21.73],[89.22,21.73],[89.17,21.78],[89.09,21.87],[89.05,22.09],[89.03,21.94],[88.95,21.94],[89.04,21.73],[88.69,21.73],[88.74,22.01],[88.64,22.12],[88.57,21.83],[88.6,21.73],[88.07,21.73],[88.2,22.14],[87.99,22.27],[87.94,22.37],[87.96,22.26],[88.16,22.12],[87.84,21.74],[87.35,21.95],[87.12,22.21],[87.05,22.38],[86.93,23.25],[86.55,23.86],[86.24,24.13],[85.67,24.46],[85.04,24.67],[81.15,25.19],[79.98,25.68],[79.65,25.91],[79.42,26.13],[78.77,26.56],[78.17,26.73],[77.4,27.39],[76.92,28.25],[76.62,29.79],[76.67,30.32],[76.74,30.46],[76.84,30.51],[76.97,30.51],[77.5,30.29],[77.65,30.28],[78.51,29.86],[78.78,29.8],[79.14,29.64],[79.36,29.5],[79.37,29.32],[79.44,29.24],[81.37,28.45],[81.83,27.99],[82.51,27.65],[83.5,27.42],[84.06,27.39],[87.37,26.31]]],[[[90.78,22.09],[90.52,22.07],[90.68,22.33],[90.65,22.54],[90.56,22.62],[90.5,22.84],[90.6,22.86],[90.67,22.81],[90.74,22.64],[90.87,22.48],[90.83,22.16],[90.78,22.09]]],[[[91.16,22.37],[91.15,22.18],[91.04,22.11],[91.08,22.52],[91.16,22.37]]],[[[90.58,23.04],[90.66,22.92],[90.54,23.01],[90.58,23.04]]]]}},{"type":"Feature","properties":{"n":"Brazilian Highlands","cla":"Plateau","min":4.0},"geometry":{"type":"MultiPolygon","coordinates":[[[[-41.19,-2.89],[-40.19,-2.82],[-38.92,-3.48],[-37.84,-4.44],[-37.24,-4.8],[-37.17,-4.91],[-36.47,-5.13],[-35.62,-5.23],[-35.18,-5.78],[-35.1,-6.19],[-34.99,-6.39],[-34.89,-7.19],[-34.93,-8.24],[-35.04,-8.62],[-35.83,-9.72],[-35.89,-9.69],[-35.86,-9.76],[-35.99,-9.95],[-36.94,-10.82],[-37.15,-11.08],[-37.18,-11.07],[-37.36,-11.4],[-37.32,-11.22],[-37.36,-11.25],[-37.44,-11.39],[-37.43,-11.56],[-38.0,-12.54],[-38.46,-12.97],[-38.5,-12.96],[-38.52,-12.76],[-38.69,-12.62],[-38.74,-12.75],[-38.85,-12.79],[-38.76,-12.91],[-38.83,-13.03],[-38.84,-13.15],[-39.03,-13.37],[-39.09,-13.59],[-39.03,-13.56],[-38.99,-13.62],[-39.04,-13.76],[-39.05,-14.04],[-39.01,-14.1],[-38.97,-14.0],[-38.94,-14.03],[-39.06,-14.65],[-39.0,-15.21],[-39.05,-16.47],[-39.12,-16.73],[-39.54,-16.83],[-40.49,-17.67],[-40.33,-18.78],[-40.31,-20.3],[-40.63,-20.8],[-41.48,-21.47],[-42.04,-22.28],[-44.15,-23.01],[-44.64,-23.06],[-44.68,-23.11],[-44.67,-23.21],[-44.61,-23.24],[-45.97,-23.8],[-46.87,-24.24],[-47.38,-24.64],[-47.99,-25.04],[-47.91,-25.09],[-48.19,-25.32],[-48.4,-25.27],[-48.46,-25.31],[-48.43,-25.4],[-48.48,-25.44],[-48.64,-25.44],[-48.73,-25.37],[-48.69,-25.49],[-48.51,-25.52],[-48.4,-25.6],[-48.55,-25.82],[-48.67,-25.84],[-48.68,-25.88],[-48.61,-25.88],[-48.58,-25.94],[-48.62,-26.18],[-48.75,-26.27],[-48.65,-26.41],[-48.68,-26.7],[-48.6,-27.01],[-48.73,-28.36],[-48.8,-28.44],[-48.8,-28.58],[-49.27,-28.87],[-49.75,-29.36],[-50.11,-29.98],[-55.18,-29.37],[-56.21,-27.89],[-57.17,-27.08],[-57.34,-25.69],[-57.21,-24.87],[-57.64,-22.86],[-57.74,-21.11],[-57.26,-20.0],[-55.57,-20.32],[-54.88,-18.15],[-53.93,-17.99],[-52.98,-16.99],[-51.81,-15.93],[-50.76,-14.76],[-49.33,-11.53],[-49.06,-8.89],[-48.37,-6.51],[-48.69,-5.82],[-48.9,-5.55],[-49.33,-5.18],[-48.48,-3.91],[-48.48,-1.96],[-46.42,-1.16],[-45.44,-1.39],[-45.33,-1.72],[-45.18,-1.51],[-45.09,-1.47],[-45.01,-1.52],[-44.6,-2.13],[-44.66,-2.23],[-44.76,-2.27],[-44.66,-2.37],[-44.54,-2.21],[-44.46,-2.33],[-44.39,-2.33],[-44.38,-2.37],[-44.52,-2.41],[-44.59,-2.57],[-44.72,-3.2],[-44.44,-2.94],[-44.31,-2.54],[-44.23,-2.47],[-44.11,-2.49],[-44.11,-2.6],[-44.23,-2.75],[-44.19,-2.81],[-43.93,-2.58],[-43.86,-2.6],[-43.73,-2.52],[-43.46,-2.5],[-43.42,-2.4],[-42.94,-2.47],[-42.25,-2.79],[-42.0,-2.81],[-41.88,-2.75],[-41.48,-2.92],[-41.32,-2.94],[-41.19,-2.89]]],[[[-44.25,-23.09],[-44.24,-23.07],[-44.23,-23.08],[-44.25,-23.09]]],[[[-44.6,-3.04],[-44.57,-2.78],[-44.48,-2.72],[-44.5,-2.94],[-44.6,-3.04]]],[[[-38.67,-12.88],[-38.6,-12.99],[-38.78,-13.12],[-38.79,-13.06],[-38.68,-12.97],[-38.67,-12.88]]],[[[-38.98,-13.52],[-39.01,-13.42],[-38.91,-13.4],[-38.9,-13.47],[-38.98,-13.52]]],[[[-48.67,-26.29],[-48.54,-26.17],[-48.5,-26.22],[-48.6,-26.41],[-48.67,-26.29]]]]}},{"type":"Feature","properties":{"n":"Central Siberian Plateau","cla":"Plateau","min":3.5},"geometry":{"type":"Polygon","coordinates":[[[129.49,61.54],[123.2,60.59],[121.4,60.66],[118.16,59.74],[114.39,59.92],[113.18,59.09],[110.98,58.45],[108.4,58.12],[106.01,58.35],[103.76,58.92],[101.64,59.09],[98.65,58.51],[93.29,58.88],[89.63,63.46],[88.41,66.7],[88.37,68.64],[88.97,69.67],[90.02,70.05],[122.18,71.41],[124.49,70.77],[125.76,70.16],[124.35,69.11],[123.47,67.77],[123.44,67.61],[123.52,66.77],[123.58,66.57],[123.77,66.15],[124.11,65.65],[124.35,65.42],[124.89,65.09],[126.78,64.26],[128.55,64.04],[128.88,63.94],[129.3,63.68],[129.42,63.55],[130.06,62.39],[129.91,62.04],[129.74,61.76],[129.49,61.54]]]}},{"type":"Feature","properties":{"n":"Mongolian Plateau","cla":"Plateau","min":4.0},"geometry":{"type":"Polygon","coordinates":[[[108.65,50.66],[110.25,49.97],[110.55,49.75],[110.69,49.74],[111.11,49.82],[111.41,49.8],[111.92,49.68],[112.38,49.72],[112.53,49.59],[112.82,49.55],[112.97,49.39],[113.16,49.45],[113.25,49.37],[113.92,49.08],[114.32,49.03],[114.42,48.97],[114.54,48.76],[114.71,47.82],[114.98,47.19],[115.16,45.31],[115.07,44.93],[115.18,44.11],[115.13,43.62],[115.01,43.39],[113.8,42.65],[111.32,42.0],[107.68,42.4],[106.83,42.29],[106.46,42.33],[105.47,41.99],[105.23,42.02],[103.29,41.85],[102.89,41.96],[99.03,42.36],[97.34,43.09],[97.32,43.16],[97.48,43.67],[97.44,43.85],[97.48,43.92],[99.74,44.33],[99.78,44.41],[100.86,44.96],[100.92,45.13],[101.01,45.2],[101.87,45.55],[102.21,45.94],[102.24,46.35],[102.15,46.64],[101.95,47.02],[101.66,47.3],[101.63,47.45],[101.93,47.9],[103.02,48.64],[103.3,48.76],[103.61,48.82],[104.47,48.61],[104.65,48.64],[105.6,49.34],[105.77,49.38],[105.97,49.33],[106.52,50.2],[106.59,50.23],[106.81,50.26],[107.47,50.57],[108.65,50.66]]]}},{"type":"Feature","properties":{"n":"Deccan Plateau","cla":"Plateau","min":4.0},"geometry":{"type":"Polygon","coordinates":[[[76.54,19.95],[79.17,19.77],[80.32,19.84],[81.12,19.75],[81.21,19.65],[81.25,19.52],[81.23,19.05],[81.08,18.79],[80.65,18.35],[80.38,17.7],[78.53,15.9],[78.38,15.2],[78.48,14.77],[78.48,14.61],[78.19,13.75],[78.3,13.17],[78.27,12.98],[77.85,12.61],[77.59,12.49],[77.47,12.46],[76.89,12.55],[76.46,12.72],[76.14,13.0],[76.06,13.28],[76.11,13.77],[75.48,14.54],[75.35,15.4],[75.08,15.97],[75.04,16.5],[74.44,17.59],[74.21,18.32],[74.23,18.73],[74.4,19.04],[74.83,19.43],[75.08,19.87],[75.37,20.06],[75.56,20.11],[75.98,20.11],[76.54,19.95]]]}},{"type":"Feature","properties":{"n":"Mato Grosso Plateau","cla":"Plateau","min":4.0},"geometry":{"type":"Polygon","coordinates":[[[-49.06,-8.89],[-49.33,-11.53],[-50.76,-14.76],[-51.97,-16.14],[-52.87,-16.72],[-53.98,-17.99],[-54.88,-18.15],[-54.99,-16.67],[-56.42,-15.61],[-57.56,-16.56],[-57.58,-15.93],[-57.42,-15.54],[-57.95,-15.5],[-58.43,-16.19],[-58.53,-16.99],[-57.88,-17.9],[-57.95,-18.68],[-58.27,-19.0],[-60.7,-18.04],[-62.08,-17.25],[-63.35,-15.87],[-63.24,-14.07],[-62.82,-13.17],[-64.09,-12.12],[-65.15,-10.69],[-64.88,-9.74],[-63.4,-9.05],[-62.5,-9.31],[-61.55,-8.25],[-61.02,-6.51],[-58.69,-4.6],[-56.52,-3.54],[-54.3,-3.28],[-53.19,-3.28],[-51.39,-3.7],[-49.12,-5.34],[-48.37,-6.51],[-49.06,-8.89]]]}},{"type":"Feature","properties":{"n":"Fergana Valley","cla":"Valley","min":4.0},"geometry":{"type":"Polygon","coordinates":[[[72.07,40.28],[71.23,40.27],[70.93,40.19],[70.6,40.24],[70.0,40.18],[69.79,40.23],[69.86,40.33],[70.52,40.58],[71.25,41.09],[71.91,41.17],[72.63,41.1],[73.11,40.76],[73.06,40.59],[72.84,40.44],[72.32,40.37],[72.07,40.28]]]}},{"type":"Feature","properties":{"n":"Betpak-Dala","cla":"Desert","min":5.0},"geometry":{"type":"Polygon","coordinates":[[[73.03,44.7],[73.59,44.39],[73.86,44.09],[73.93,43.82],[73.91,43.63],[73.79,43.39],[73.45,43.2],[72.22,43.04],[71.58,43.09],[69.31,43.68],[68.93,43.98],[68.29,44.24],[68.06,44.44],[67.73,44.91],[67.44,45.19],[67.39,45.38],[67.4,45.62],[67.48,45.8],[67.79,46.05],[69.72,46.59],[69.99,46.58],[72.1,46.05],[72.24,45.91],[72.6,45.36],[72.71,45.05],[73.03,44.7]]]}},{"type":"Feature","properties":{"n":"Punjab","cla":"Desert","min":3.5},"geometry":{"type":"Polygon","coordinates":[[[76.53,29.61],[76.36,29.46],[76.08,29.36],[75.64,29.59],[74.39,29.53],[73.96,29.36],[72.57,29.27],[72.37,29.38],[72.2,29.4],[72.03,29.37],[71.77,29.23],[71.59,29.22],[71.46,29.35],[71.38,29.53],[71.33,29.77],[71.53,30.28],[71.54,31.04],[71.6,31.26],[71.71,31.48],[72.07,31.92],[72.28,32.44],[72.42,32.55],[73.05,32.72],[73.41,32.96],[73.6,33.03],[73.82,33.04],[74.96,32.8],[75.74,32.3],[75.96,32.05],[76.53,30.25],[76.58,29.79],[76.53,29.61]]]}},{"type":"Feature","properties":{"n":"Rub' al Khali","cla":"Desert","min":4.0},"geometry":{"type":"Polygon","coordinates":[[[52.12,22.62],[52.79,22.62],[53.34,22.79],[53.94,23.14],[54.91,23.83],[55.13,23.88],[55.35,23.8],[55.54,23.64],[55.98,23.05],[56.11,22.83],[56.2,22.48],[56.19,21.56],[56.14,21.3],[55.69,20.24],[55.05,19.51],[54.13,18.93],[53.48,18.37],[53.1,18.18],[51.97,18.08],[51.21,17.9],[50.68,17.83],[49.45,17.38],[48.23,17.03],[47.37,16.65],[46.73,16.54],[46.36,16.56],[45.62,16.72],[45.24,16.93],[44.86,17.3],[44.79,17.57],[44.77,18.36],[44.85,18.76],[45.05,19.2],[45.42,19.6],[46.25,20.2],[47.18,21.07],[47.94,21.65],[48.17,21.88],[48.45,22.25],[48.76,22.8],[48.96,23.0],[49.43,23.34],[49.59,23.57],[49.63,24.12],[49.74,24.25],[49.97,24.26],[50.23,24.14],[50.67,23.83],[50.92,23.6],[51.27,23.03],[51.49,22.81],[51.78,22.68],[52.12,22.62]]]}},{"type":"Feature","properties":{"n":"Caatinga","cla":"Desert","min":4.0},"geometry":{"type":"MultiPolygon","coordinates":[[[[-41.65,-2.91],[-41.32,-2.94],[-40.02,-2.87],[-38.51,-3.72],[-38.05,-4.22],[-37.17,-4.96],[-36.82,-5.0],[-36.59,-5.1],[-36.09,-5.08],[-35.48,-5.17],[-35.13,-6.0],[-34.94,-6.79],[-35.78,-7.09],[-35.89,-8.04],[-36.73,-9.74],[-38.19,-9.3],[-38.69,-8.87],[-39.36,-8.62],[-40.54,-9.45],[-41.11,-8.72],[-41.97,-9.29],[-42.71,-9.65],[-43.08,-11.38],[-43.82,-10.74],[-44.57,-10.66],[-45.11,-10.78],[-45.04,-9.79],[-42.55,-7.46],[-42.13,-5.61],[-42.4,-4.81],[-42.88,-4.46],[-44.41,-4.18],[-44.72,-3.2],[-44.44,-2.94],[-44.42,-2.87],[-44.1,-2.54],[-44.23,-2.75],[-44.19,-2.81],[-43.93,-2.58],[-43.17,-2.42],[-42.25,-2.79],[-41.99,-2.8],[-41.65,-2.91]]]]}},{"type":"Feature","properties":{"n":"Kalahari Desert","cla":"Desert","min":3.5},"geometry":{"type":"Polygon","coordinates":[[[19.16,-21.11],[22.13,-21.85],[23.96,-21.78],[24.35,-22.44],[24.56,-23.02],[25.17,-23.55],[25.43,-24.29],[25.4,-25.17],[25.27,-26.07],[25.23,-28.3],[25.4,-30.53],[23.64,-29.08],[23.36,-29.21],[22.81,-29.67],[22.23,-29.17],[21.61,-28.39],[21.22,-28.49],[21.04,-28.71],[20.59,-28.75],[19.01,-27.56],[18.71,-27.41],[19.16,-26.65],[19.25,-26.39],[18.69,-25.89],[18.6,-25.03],[18.14,-24.61],[17.42,-24.18],[16.77,-22.88],[16.73,-22.36],[16.25,-21.96],[16.01,-21.36],[15.46,-20.79],[15.51,-19.77],[15.0,-19.01],[13.96,-17.66],[13.91,-17.14],[13.4,-16.16],[13.15,-15.19],[13.66,-15.22],[14.4,-15.82],[16.24,-16.35],[17.26,-18.15],[17.58,-19.21],[17.75,-20.3],[19.16,-21.11]]]}},{"type":"Feature","properties":{"n":"Bolshezemelskaya Tundra","cla":"Tundra","min":4.0},"geometry":{"type":"MultiPolygon","coordinates":[[[[53.43,68.37],[53.23,68.28],[54.06,68.22],[54.17,68.26],[54.2,68.21],[54.48,68.29],[54.74,68.16],[54.88,68.21],[54.92,68.37],[55.42,68.57],[56.11,68.64],[57.13,68.55],[58.17,68.89],[58.24,68.83],[58.35,68.92],[59.06,69.01],[59.11,68.9],[59.37,68.74],[59.12,68.7],[59.1,68.44],[59.73,68.35],[59.9,68.42],[59.96,68.52],[59.87,68.63],[59.9,68.71],[60.49,68.73],[60.93,68.99],[60.85,69.18],[60.6,69.18],[60.58,69.31],[60.18,69.6],[61.02,69.85],[61.77,69.76],[63.36,69.68],[64.19,69.53],[64.93,69.33],[64.9,69.25],[65.03,69.27],[65.53,69.17],[66.47,68.94],[66.63,68.62],[66.52,68.55],[66.35,68.58],[65.75,68.4],[65.44,68.08],[65.07,67.9],[65.0,67.74],[64.87,67.61],[64.25,67.41],[63.69,67.13],[63.41,67.09],[62.96,66.9],[62.83,66.8],[62.84,66.59],[62.77,66.52],[62.82,66.51],[62.8,66.48],[61.68,66.01],[59.99,65.99],[59.54,65.86],[59.15,65.67],[59.0,65.5],[58.57,65.26],[54.62,64.78],[54.53,64.81],[52.06,64.71],[51.9,64.67],[47.68,64.63],[47.33,64.94],[47.1,65.74],[47.08,66.87],[47.66,66.98],[47.74,67.07],[47.77,67.28],[47.91,67.45],[47.87,67.58],[48.65,67.7],[48.83,67.68],[48.88,67.73],[48.74,67.89],[49.16,67.87],[50.84,68.35],[52.06,68.54],[52.29,68.46],[52.18,68.37],[52.4,68.35],[52.67,68.43],[52.72,68.48],[52.55,68.59],[52.34,68.61],[52.6,68.7],[53.26,68.88],[54.23,69.0],[54.49,68.99],[53.67,68.91],[53.97,68.84],[53.75,68.65],[53.91,68.42],[53.83,68.38],[53.43,68.37]]],[[[60.44,69.73],[60.19,69.7],[60.45,69.75],[60.44,69.73]]]]}},{"type":"Feature","properties":{"n":"Canadian Shield","cla":"Tundra","min":3.0},"geometry":{"type":"Polygon","coordinates":[[[-74.86,45.63],[-75.24,45.58],[-74.94,45.67],[-74.86,45.63]]]}},{"type":"Feature","properties":{"n":"Canadian Shield","cla":"Tundra","min":3.0},"geometry":{"type":"MultiPolygon","coordinates":[[[[-86.91,67.36],[-86.05,66.52],[-86.71,66.52],[-86.74,66.51],[-86.69,66.46],[-86.75,66.42],[-86.58,66.32],[-86.0,66.19],[-85.96,66.12],[-86.01,66.05],[-87.29,65.35],[-87.97,65.35],[-88.67,65.61],[-88.74,65.68],[-89.75,65.94],[-89.94,65.93],[-89.85,65.87],[-89.89,65.87],[-91.01,65.97],[-91.43,65.95],[-91.04,65.83],[-91.06,65.9],[-90.98,65.92],[-89.92,65.78],[-88.97,65.35],[-87.39,65.26],[-87.03,65.2],[-88.04,64.26],[-88.96,64.01],[-89.2,64.11],[-89.13,64.01],[-89.62,64.03],[-89.76,64.1],[-89.81,64.18],[-90.04,64.14],[-90.08,64.13],[-89.95,64.08],[-89.86,63.96],[-90.17,63.98],[-90.04,63.85],[-90.34,63.7],[-90.39,63.63],[-90.6,63.66],[-90.81,63.58],[-91.93,63.76],[-91.93,63.81],[-91.98,63.82],[-92.34,63.79],[-93.43,64.03],[-93.7,64.15],[-93.6,64.04],[-93.66,63.94],[-93.56,63.87],[-93.27,63.84],[-93.38,63.9],[-93.38,63.95],[-92.16,63.69],[-92.47,63.56],[-92.29,63.56],[-91.84,63.7],[-90.75,63.35],[-90.7,63.18],[-90.83,62.99],[-91.35,62.82],[-92.03,62.86],[-92.36,62.82],[-92.35,62.73],[-92.23,62.68],[-92.36,62.56],[-92.55,62.55],[-92.59,62.47],[-92.77,62.38],[-92.65,62.29],[-92.71,62.24],[-93.21,62.36],[-92.91,62.22],[-93.07,62.15],[-93.02,62.09],[-93.07,62.06],[-93.35,62.03],[-93.27,61.96],[-93.33,61.93],[-93.58,61.94],[-93.47,61.83],[-93.71,61.6],[-93.91,61.48],[-93.94,61.44],[-93.9,61.38],[-93.97,61.31],[-94.08,61.3],[-94.05,61.21],[-94.57,60.54],[-94.76,60.5],[-94.65,60.42],[-94.82,59.89],[-94.79,59.27],[-94.87,59.09],[-94.96,59.07],[-94.78,59.02],[-94.67,58.87],[-94.58,58.87],[-94.42,58.75],[-94.29,58.72],[-94.33,58.3],[-94.21,58.63],[-94.09,58.75],[-93.2,58.69],[-92.45,57.38],[-92.44,57.29],[-92.55,57.11],[-92.8,56.93],[-92.57,56.99],[-92.34,55.78],[-91.33,55.23],[-90.13,54.81],[-88.08,54.45],[-86.25,52.51],[-85.61,51.28],[-85.12,50.61],[-84.06,50.61],[-82.79,50.22],[-81.15,50.19],[-79.53,50.49],[-78.8,50.85],[-78.45,51.7],[-78.53,52.22],[-78.45,52.26],[-78.51,52.29],[-78.56,52.49],[-78.66,52.58],[-78.75,52.82],[-78.72,52.86],[-79.1,53.68],[-79.04,53.82],[-78.95,53.83],[-79.08,53.93],[-79.0,54.0],[-79.24,54.1],[-79.14,54.16],[-79.36,54.26],[-79.6,54.6],[-79.71,54.67],[-78.45,55.02],[-77.53,55.4],[-76.99,55.82],[-76.93,55.82],[-76.89,55.9],[-76.65,56.11],[-76.55,56.36],[-76.48,56.87],[-76.6,57.27],[-76.95,57.91],[-77.64,58.3],[-78.47,58.61],[-78.52,58.68],[-78.43,58.9],[-78.07,59.2],[-77.76,59.38],[-77.86,59.48],[-77.73,59.58],[-77.73,59.68],[-77.59,59.68],[-77.35,59.58],[-77.49,59.68],[-77.33,59.8],[-77.37,59.93],[-77.29,60.02],[-77.59,60.09],[-77.45,60.15],[-77.68,60.43],[-77.5,60.54],[-77.71,60.58],[-77.79,60.64],[-77.66,60.79],[-77.59,60.81],[-78.18,60.82],[-77.77,61.16],[-77.73,61.23],[-77.74,61.44],[-77.51,61.56],[-78.02,61.83],[-78.14,62.11],[-78.13,62.28],[-77.9,62.43],[-77.37,62.57],[-76.88,62.53],[-75.82,62.32],[-75.68,62.25],[-75.79,62.18],[-75.34,62.31],[-75.02,62.26],[-74.63,62.12],[-74.69,62.18],[-74.65,62.21],[-73.71,62.47],[-72.88,62.13],[-72.69,62.12],[-72.63,62.03],[-72.77,61.84],[-72.51,61.92],[-72.23,61.83],[-72.04,61.68],[-72.25,61.6],[-72.22,61.59],[-71.87,61.69],[-71.64,61.62],[-71.62,61.57],[-71.85,61.44],[-71.65,61.41],[-71.74,61.34],[-71.42,61.16],[-70.72,61.06],[-70.28,61.07],[-70.16,61.02],[-70.1,60.88],[-69.99,60.86],[-69.71,60.91],[-69.62,61.05],[-69.5,61.04],[-69.4,60.85],[-69.64,60.69],[-69.75,60.49],[-69.74,60.33],[-69.63,60.2],[-69.67,60.08],[-69.96,60.02],[-70.65,60.03],[-70.62,59.98],[-69.73,59.92],[-69.63,59.82],[-69.58,59.68],[-69.69,59.49],[-69.68,59.34],[-69.34,59.3],[-69.45,59.18],[-69.41,59.09],[-69.53,58.87],[-69.65,58.82],[-69.78,58.96],[-69.87,58.86],[-70.15,58.76],[-69.79,58.69],[-69.27,58.88],[-68.7,58.9],[-68.38,58.74],[-68.23,58.48],[-68.36,58.16],[-68.47,58.08],[-68.95,57.97],[-69.04,57.9],[-68.41,58.05],[-68.29,58.18],[-68.18,58.4],[-68.11,58.47],[-68.02,58.49],[-67.89,58.3],[-68.06,58.14],[-67.86,58.27],[-67.76,58.4],[-67.69,58.24],[-67.68,57.99],[-67.57,58.21],[-67.02,58.43],[-66.72,58.49],[-66.36,58.79],[-66.24,58.77],[-66.09,58.66],[-66.0,58.43],[-65.92,58.57],[-66.04,58.82],[-65.85,58.85],[-65.92,58.91],[-65.84,58.98],[-65.7,58.97],[-65.72,59.02],[-65.54,59.01],[-65.38,59.06],[-65.61,59.11],[-65.7,59.21],[-65.61,59.21],[-65.51,59.35],[-65.41,59.31],[-65.48,59.47],[-65.35,59.48],[-65.04,59.39],[-65.41,59.54],[-65.49,59.65],[-65.43,59.78],[-65.29,59.82],[-65.03,59.77],[-65.16,59.83],[-65.17,59.91],[-64.93,60.25],[-64.82,60.33],[-64.5,60.27],[-64.42,60.17],[-64.77,60.01],[-64.28,60.06],[-64.18,59.97],[-64.17,59.85],[-64.23,59.74],[-64.06,59.82],[-63.93,59.64],[-63.75,59.51],[-63.97,59.41],[-63.95,59.38],[-63.78,59.35],[-63.78,59.28],[-63.64,59.34],[-63.54,59.33],[-63.42,59.19],[-63.65,59.08],[-63.97,59.05],[-63.79,59.03],[-63.25,59.07],[-63.31,59.03],[-63.22,58.93],[-63.28,58.87],[-63.05,58.88],[-62.87,58.67],[-63.39,58.45],[-63.54,58.33],[-63.21,58.47],[-63.12,58.44],[-63.13,58.41],[-62.74,58.49],[-62.59,58.47],[-62.67,58.32],[-62.81,58.2],[-63.26,58.01],[-62.82,58.13],[-62.49,58.15],[-62.31,57.97],[-61.96,57.91],[-61.9,57.86],[-61.99,57.77],[-61.93,57.67],[-61.97,57.61],[-62.34,57.48],[-62.5,57.49],[-61.92,57.42],[-61.85,57.37],[-61.98,57.25],[-61.63,57.18],[-61.33,57.01],[-61.39,56.85],[-61.37,56.68],[-61.53,56.65],[-62.06,56.7],[-62.38,56.79],[-62.3,56.83],[-62.5,56.8],[-62.4,56.73],[-61.74,56.53],[-62.01,56.45],[-61.94,56.42],[-61.43,56.36],[-61.71,56.29],[-61.71,56.23],[-61.36,56.22],[-61.3,56.05],[-61.45,56.0],[-61.19,55.96],[-61.09,55.87],[-61.0,55.86],[-60.83,55.96],[-60.74,55.94],[-60.74,55.89],[-60.59,55.81],[-60.56,55.73],[-60.48,55.81],[-60.34,55.78],[-60.41,55.65],[-60.19,55.48],[-60.36,55.37],[-60.45,55.2],[-60.62,55.06],[-60.21,55.24],[-59.76,55.31],[-59.7,55.27],[-59.69,55.2],[-59.44,55.18],[-59.74,54.94],[-59.84,54.81],[-59.26,55.2],[-59.0,55.15],[-58.78,54.84],[-58.4,54.77],[-58.22,54.81],[-58.2,54.87],[-57.97,54.88],[-57.93,54.77],[-57.56,54.64],[-57.5,54.51],[-57.56,54.44],[-57.7,54.39],[-58.15,54.35],[-58.22,54.29],[-58.44,54.23],[-58.63,54.05],[-58.92,54.03],[-59.5,53.83],[-59.82,53.83],[-60.06,53.73],[-60.14,53.6],[-60.4,53.65],[-60.1,53.49],[-60.29,53.39],[-60.31,53.36],[-60.25,53.34],[-60.33,53.27],[-60.15,53.31],[-59.83,53.5],[-59.32,53.64],[-58.65,53.98],[-57.93,54.1],[-58.32,54.11],[-58.36,54.15],[-58.31,54.2],[-58.19,54.23],[-57.42,54.16],[-57.13,53.79],[-57.52,53.61],[-57.39,53.56],[-57.33,53.47],[-56.84,53.74],[-56.52,53.77],[-56.46,53.77],[-56.35,53.62],[-56.14,53.59],[-55.97,53.47],[-55.8,53.21],[-55.89,53.0],[-55.83,52.88],[-55.87,52.74],[-55.8,52.64],[-56.32,52.54],[-55.75,52.47],[-55.71,52.41],[-55.78,52.36],[-56.01,52.39],[-55.71,52.25],[-55.7,52.14],[-56.02,51.93],[-56.76,51.57],[-57.77,51.43],[-58.09,51.31],[-58.51,51.3],[-59.13,50.81],[-60.03,50.32],[-60.52,50.24],[-61.47,50.2],[-62.72,50.3],[-63.85,50.31],[-65.27,50.32],[-66.46,50.24],[-66.94,49.99],[-67.11,49.85],[-67.3,49.41],[-68.05,49.28],[-68.28,49.2],[-68.23,49.16],[-68.63,49.02],[-68.93,48.83],[-69.67,48.2],[-69.85,48.21],[-70.38,48.37],[-71.02,48.46],[-70.84,48.37],[-70.5,48.35],[-69.97,48.21],[-69.78,48.1],[-70.02,47.73],[-70.35,47.58],[-70.92,47.04],[-71.19,46.86],[-71.62,46.89],[-72.02,46.86],[-72.6,46.66],[-73.18,46.15],[-73.16,46.05],[-73.48,45.74],[-73.71,45.71],[-74.04,45.5],[-74.32,45.53],[-74.0,45.43],[-73.97,45.35],[-74.55,45.1],[-74.46,45.6],[-74.94,45.67],[-75.75,45.42],[-76.05,45.51],[-76.51,45.53],[-76.69,45.65],[-76.78,45.84],[-77.34,45.98],[-77.55,46.15],[-79.43,46.44],[-80.46,46.3],[-80.87,46.36],[-81.47,46.3],[-82.11,46.14],[-83.18,46.2],[-83.71,46.28],[-83.84,45.86],[-84.78,45.86],[-85.45,46.05],[-85.89,45.77],[-86.1,45.51],[-86.24,45.24],[-86.56,45.37],[-87.1,45.43],[-87.69,44.98],[-87.77,44.66],[-88.33,44.58],[-89.87,44.9],[-91.87,45.09],[-92.76,45.27],[-93.6,45.3],[-94.01,45.41],[-94.33,45.8],[-94.39,46.13],[-94.42,47.26],[-94.04,48.0],[-93.72,48.29],[-93.8,48.53],[-94.13,48.64],[-94.52,48.71],[-94.7,48.87],[-94.76,49.53],[-94.52,49.7],[-94.59,50.11],[-94.88,50.14],[-95.11,50.22],[-95.26,50.37],[-95.53,50.34],[-95.84,50.17],[-96.03,50.26],[-95.97,50.38],[-96.36,50.69],[-96.39,51.01],[-96.63,51.5],[-97.23,52.36],[-97.69,53.3],[-98.83,54.35],[-99.39,54.4],[-101.53,54.27],[-102.75,54.51],[-104.36,54.64],[-105.58,54.96],[-106.95,55.51],[-108.34,56.18],[-109.49,57.34],[-110.76,57.76],[-111.17,58.93],[-111.32,59.88],[-112.64,61.46],[-114.46,62.13],[-115.79,62.91],[-117.75,64.66],[-118.14,65.35],[-118.11,66.03],[-118.14,66.55],[-118.63,66.8],[-119.52,66.95],[-119.73,67.47],[-119.44,67.84],[-118.75,69.24],[-118.1,69.04],[-117.23,68.91],[-116.06,68.84],[-116.24,68.97],[-115.63,68.97],[-114.62,68.75],[-113.96,68.4],[-114.1,68.27],[-114.77,68.27],[-114.85,68.2],[-115.13,68.13],[-115.19,68.08],[-115.17,68.02],[-115.43,67.9],[-115.13,67.82],[-114.27,67.73],[-112.5,67.68],[-111.19,67.82],[-110.99,67.79],[-110.07,67.99],[-109.63,67.73],[-109.04,67.69],[-108.95,67.49],[-108.85,67.42],[-108.72,67.58],[-108.61,67.6],[-108.35,67.4],[-107.99,67.26],[-107.91,67.16],[-107.99,67.1],[-108.22,67.05],[-108.5,67.09],[-107.26,66.4],[-107.71,66.74],[-107.75,66.96],[-107.63,67.0],[-107.5,66.94],[-107.16,66.88],[-107.35,67.05],[-107.28,67.1],[-107.57,67.27],[-107.64,67.38],[-107.65,67.51],[-107.95,67.7],[-107.96,67.82],[-107.76,67.91],[-107.73,67.96],[-107.8,68.04],[-106.92,68.11],[-106.67,68.22],[-106.42,68.2],[-106.4,68.32],[-105.93,68.44],[-105.78,68.53],[-105.75,68.59],[-105.93,68.64],[-106.46,68.52],[-106.61,68.36],[-106.85,68.39],[-107.3,68.3],[-107.62,68.33],[-107.74,68.29],[-107.68,68.2],[-107.73,68.17],[-108.32,68.15],[-108.72,68.3],[-108.31,68.61],[-107.44,68.69],[-106.16,68.92],[-105.69,68.83],[-105.54,68.72],[-105.38,68.41],[-105.1,68.3],[-104.96,68.31],[-104.91,68.25],[-104.65,68.23],[-104.66,68.15],[-104.49,68.06],[-103.9,68.04],[-103.47,68.12],[-102.84,67.85],[-102.32,67.74],[-101.88,67.75],[-101.55,67.69],[-100.21,67.84],[-99.03,67.72],[-98.41,67.81],[-98.7,67.97],[-98.72,68.04],[-98.63,68.07],[-97.93,67.71],[-97.45,67.62],[-97.19,67.7],[-97.14,67.8],[-97.55,67.96],[-98.19,67.92],[-98.5,68.12],[-98.38,68.13],[-98.65,68.36],[-98.47,68.38],[-98.22,68.32],[-97.79,68.39],[-97.94,68.51],[-97.83,68.53],[-97.64,68.48],[-97.34,68.48],[-96.98,68.26],[-96.63,68.25],[-96.43,68.31],[-96.72,68.04],[-96.53,68.06],[-96.44,68.15],[-95.97,68.25],[-96.2,67.72],[-96.37,67.51],[-96.19,67.38],[-96.14,67.27],[-95.72,67.32],[-95.78,67.18],[-95.56,67.22],[-95.42,67.16],[-95.42,67.01],[-95.77,66.97],[-96.42,67.05],[-95.89,66.74],[-95.79,66.62],[-95.74,66.69],[-96.02,66.87],[-96.04,66.94],[-95.4,66.95],[-95.26,67.26],[-95.46,67.61],[-95.65,67.74],[-95.46,68.02],[-95.13,68.08],[-94.86,68.04],[-94.74,68.07],[-93.93,68.47],[-93.45,68.62],[-93.64,68.63],[-93.68,68.89],[-93.85,69.0],[-94.06,68.78],[-94.48,68.74],[-94.59,68.78],[-94.56,68.91],[-94.08,69.12],[-94.26,69.15],[-94.25,69.31],[-93.62,69.42],[-93.82,69.25],[-93.75,69.23],[-93.43,69.38],[-93.54,69.38],[-93.53,69.48],[-93.65,69.52],[-94.22,69.45],[-92.26,69.9],[-92.89,69.67],[-92.31,69.67],[-92.21,69.6],[-91.91,69.53],[-91.38,69.65],[-91.2,69.64],[-91.15,69.64],[-91.44,69.53],[-90.67,69.52],[-90.42,69.46],[-90.68,69.43],[-90.89,69.27],[-91.06,69.32],[-91.24,69.29],[-90.74,69.11],[-90.48,68.88],[-90.54,68.82],[-90.51,68.69],[-90.57,68.47],[-90.25,68.27],[-90.17,68.27],[-89.9,68.49],[-89.88,68.63],[-89.78,68.74],[-89.67,69.01],[-89.28,69.26],[-89.06,69.27],[-88.22,68.92],[-88.04,68.81],[-87.81,68.4],[-87.83,68.3],[-87.89,68.25],[-88.11,68.25],[-88.24,68.34],[-88.35,68.29],[-88.33,67.99],[-88.2,67.77],[-87.5,67.36],[-87.36,67.18],[-86.91,67.36]]],[[[-78.25,60.82],[-78.24,60.82],[-78.25,60.81],[-78.25,60.82]]],[[[-73.15,45.99],[-73.27,45.48],[-73.27,45.13],[-73.33,45.07],[-73.3,44.88],[-73.37,44.57],[-73.29,44.4],[-73.43,44.04],[-73.35,43.78],[-73.42,43.64],[-73.43,43.41],[-73.53,43.27],[-73.71,42.8],[-74.23,42.97],[-74.61,42.93],[-74.65,42.99],[-74.85,43.06],[-75.0,43.04],[-75.29,43.14],[-75.44,43.24],[-76.3,43.23],[-76.52,43.48],[-76.92,43.72],[-76.48,44.13],[-75.13,44.93],[-74.59,45.07],[-74.71,45.0],[-74.57,45.04],[-73.76,45.4],[-73.56,45.43],[-73.47,45.63],[-73.15,45.99]]],[[[-60.97,56.1],[-60.98,56.02],[-61.2,56.06],[-61.09,56.14],[-60.97,56.1]]],[[[-61.64,57.42],[-61.8,57.42],[-62.01,57.55],[-61.85,57.58],[-61.66,57.52],[-61.64,57.42]]],[[[-73.69,45.56],[-73.48,45.7],[-73.57,45.47],[-73.96,45.44],[-73.69,45.56]]],[[[-73.7,45.59],[-73.86,45.57],[-73.72,45.67],[-73.57,45.69],[-73.7,45.59]]],[[[-74.25,62.62],[-74.5,62.67],[-74.63,62.71],[-73.99,62.64],[-74.25,62.62]]],[[[-104.7,68.58],[-104.47,68.5],[-104.44,68.45],[-104.54,68.41],[-104.7,68.42],[-104.97,68.49],[-105.05,68.56],[-104.7,68.58]]],[[[-109.5,68.05],[-109.47,68.1],[-109.34,68.05],[-109.32,67.99],[-109.5,68.05]]],[[[-108.89,67.9],[-109.18,67.97],[-108.97,67.98],[-108.89,67.9]]],[[[-108.13,67.63],[-108.05,67.66],[-107.99,67.62],[-107.99,67.51],[-107.89,67.44],[-107.95,67.32],[-108.15,67.43],[-108.13,67.63]]],[[[-107.9,66.87],[-108.09,67.01],[-107.81,67.0],[-107.9,66.87]]],[[[-90.23,69.44],[-90.18,69.36],[-90.3,69.26],[-90.49,69.37],[-90.23,69.44]]],[[[-90.6,69.37],[-90.49,69.22],[-90.57,69.21],[-90.77,69.29],[-90.74,69.36],[-90.6,69.37]]],[[[-64.44,60.3],[-64.81,60.41],[-64.84,60.5],[-64.65,60.51],[-64.41,60.37],[-64.44,60.3]]],[[[-69.35,58.96],[-69.33,59.12],[-69.2,59.15],[-69.16,59.06],[-69.22,58.97],[-69.35,58.96]]]]}},{"type":"Feature","properties":{"n":"North China Plain","cla":"Plain","min":3.0},"geometry":{"type":"MultiPolygon","coordinates":[[[[117.63,39.41],[117.53,38.9],[117.62,38.41],[118.03,38.17],[118.54,38.1],[118.53,38.06],[118.8,38.13],[119.03,37.9],[119.07,37.74],[118.92,37.44],[118.99,37.17],[119.14,34.92],[119.2,34.75],[119.32,34.75],[119.58,34.58],[120.12,34.36],[120.27,34.24],[120.5,33.64],[120.87,33.02],[120.85,32.66],[121.34,32.43],[121.45,32.15],[121.77,31.97],[121.86,31.7],[121.68,31.71],[121.35,31.86],[120.97,31.87],[120.79,32.03],[120.52,32.11],[120.04,31.94],[120.19,31.91],[120.5,32.02],[120.72,31.98],[120.79,31.82],[121.2,31.63],[121.35,31.49],[121.66,31.32],[121.76,31.19],[121.81,30.89],[121.4,30.79],[121.31,30.7],[121.0,30.56],[120.83,30.36],[120.45,30.39],[120.23,30.27],[120.14,30.3],[120.08,30.43],[120.09,30.67],[120.03,30.82],[119.38,31.04],[117.98,30.95],[117.74,30.85],[117.64,30.85],[116.86,31.64],[116.62,31.82],[116.09,31.92],[115.78,32.12],[115.03,32.29],[114.64,32.52],[114.48,32.66],[113.54,33.93],[113.1,34.96],[113.09,35.06],[113.18,35.13],[114.07,35.43],[114.17,35.51],[114.52,36.39],[114.52,36.55],[114.39,36.84],[114.45,37.27],[114.36,38.55],[114.4,38.85],[114.45,39.0],[114.61,39.17],[114.7,39.64],[114.88,39.71],[115.05,39.71],[115.67,39.5],[115.8,39.52],[115.89,39.61],[116.15,40.06],[116.31,40.24],[116.51,40.34],[116.62,40.34],[116.78,40.28],[117.18,39.87],[117.55,39.65],[117.63,39.41]]],[[[121.85,31.49],[121.78,31.46],[121.52,31.55],[121.34,31.64],[121.21,31.81],[121.46,31.76],[121.49,31.69],[121.81,31.55],[121.85,31.49]]]]}},{"type":"Feature","properties":{"n":"Kazakh Steppe","cla":"Plain","min":3.0},"geometry":{"type":"Polygon","coordinates":[[[62.73,54.88],[65.09,55.14],[66.68,55.08],[69.29,55.14],[69.24,55.27],[69.28,55.32],[69.63,55.22],[72.46,55.09],[73.02,55.31],[76.24,55.28],[76.81,54.89],[79.82,55.4],[80.07,55.33],[81.3,55.33],[81.45,55.28],[82.45,55.3],[82.51,55.24],[82.74,55.17],[82.93,55.02],[83.12,55.01],[83.08,54.78],[82.96,54.7],[82.57,54.59],[81.49,54.1],[81.32,54.06],[81.24,53.92],[81.39,53.79],[81.79,53.79],[82.24,53.7],[82.5,53.47],[82.6,53.54],[82.81,53.45],[82.98,53.44],[83.08,53.55],[83.37,53.43],[83.73,53.44],[83.82,53.33],[83.86,53.11],[83.91,53.06],[83.84,52.85],[83.69,52.7],[83.68,52.53],[83.74,52.38],[84.02,52.39],[84.15,52.14],[84.31,52.08],[83.5,52.06],[82.99,51.83],[82.6,51.77],[82.32,51.6],[82.31,51.46],[82.47,51.19],[82.46,50.85],[82.6,50.66],[82.78,50.62],[82.97,50.14],[83.18,49.91],[83.18,49.8],[83.41,49.27],[83.41,49.15],[83.52,48.93],[83.48,48.79],[83.23,48.68],[82.74,48.1],[81.28,47.98],[81.16,47.76],[80.37,47.32],[75.46,47.3],[75.12,47.18],[75.03,47.26],[73.54,47.28],[73.29,47.13],[72.67,47.15],[72.02,46.93],[71.76,46.97],[67.57,46.8],[66.42,47.05],[66.02,47.2],[65.55,47.54],[65.44,47.69],[65.06,47.71],[64.92,47.78],[63.61,47.96],[63.02,47.93],[62.79,47.99],[62.58,47.94],[62.35,47.99],[62.21,47.94],[61.98,47.99],[61.85,47.94],[61.59,47.98],[61.34,47.92],[61.15,48.01],[61.0,48.16],[60.73,48.23],[59.37,48.27],[59.24,48.24],[58.76,48.28],[58.42,48.24],[58.21,48.3],[58.01,48.49],[57.01,47.88],[56.44,47.8],[56.28,47.71],[56.15,47.74],[56.05,47.65],[56.05,47.58],[55.9,47.54],[54.96,47.46],[54.96,47.36],[54.9,47.32],[54.03,47.17],[54.06,47.39],[53.94,47.69],[53.91,47.96],[53.78,48.16],[53.29,48.57],[53.12,48.86],[52.22,49.09],[52.07,49.47],[52.04,50.42],[52.29,51.3],[53.06,51.58],[55.33,51.57],[55.96,51.62],[56.48,51.42],[57.1,51.33],[57.33,51.23],[57.8,51.12],[58.24,51.13],[58.73,51.3],[58.63,51.72],[59.07,52.59],[58.89,52.86],[58.97,53.1],[59.15,53.26],[59.04,53.37],[59.02,53.51],[59.15,53.84],[59.15,54.28],[59.41,54.49],[62.66,54.91],[62.73,54.88]]]}},{"type":"Feature","properties":{"n":"North European Plain","cla":"Plain","min":3.0},"geometry":{"type":"MultiPolygon","coordinates":[[[[65.98,68.32],[65.62,68.19],[65.48,67.69],[65.34,67.58],[64.88,67.5],[64.33,66.99],[63.59,66.66],[62.5,65.99],[60.88,65.67],[60.12,65.62],[59.75,65.53],[59.43,65.36],[59.19,65.08],[58.62,64.11],[58.57,63.79],[58.61,63.08],[58.58,62.36],[58.42,61.67],[58.06,61.05],[57.77,60.8],[57.43,60.65],[56.31,60.44],[55.55,60.38],[51.02,60.34],[48.15,60.15],[44.63,59.62],[41.06,58.77],[35.53,56.54],[26.82,53.75],[23.11,52.83],[19.33,52.42],[9.2,51.95],[7.65,51.69],[5.85,51.1],[4.16,50.21],[3.02,49.18],[0.47,45.63],[0.22,44.94],[0.22,44.15],[0.01,43.85],[-0.44,43.65],[-1.0,43.53],[-1.56,43.5],[-1.48,43.56],[-1.35,44.02],[-1.25,44.56],[-1.17,44.66],[-1.08,44.69],[-1.15,44.76],[-1.25,44.67],[-1.19,45.16],[-1.08,45.53],[-0.83,45.38],[-0.69,45.09],[-0.55,45.0],[-0.64,45.09],[-0.79,45.47],[-1.2,45.71],[-1.21,45.77],[-1.03,45.74],[-1.1,45.93],[-1.15,46.31],[-1.39,46.35],[-1.79,46.51],[-2.09,46.87],[-2.02,47.04],[-2.2,47.16],[-2.15,47.22],[-2.03,47.27],[-1.74,47.22],[-1.98,47.31],[-2.35,47.28],[-2.5,47.31],[-2.53,47.38],[-2.43,47.47],[-2.55,47.53],[-2.77,47.51],[-2.8,47.54],[-2.73,47.6],[-2.79,47.63],[-2.96,47.6],[-3.16,47.69],[-3.44,47.71],[-3.9,47.84],[-4.31,47.82],[-4.59,48.09],[-4.33,48.17],[-4.58,48.29],[-4.24,48.3],[-4.39,48.37],[-4.72,48.36],[-4.75,48.42],[-4.65,48.57],[-4.53,48.62],[-4.06,48.71],[-3.71,48.71],[-3.47,48.81],[-3.23,48.84],[-3.0,48.79],[-2.69,48.54],[-2.45,48.65],[-2.08,48.65],[-2.0,48.58],[-1.91,48.7],[-1.82,48.63],[-1.38,48.65],[-1.48,48.7],[-1.57,48.81],[-1.58,49.2],[-1.77,49.43],[-1.23,49.5],[-1.14,49.39],[-0.16,49.3],[0.42,49.45],[0.44,49.47],[0.13,49.51],[0.11,49.56],[0.19,49.7],[0.62,49.86],[1.25,50.0],[1.41,50.09],[1.59,50.25],[1.55,50.29],[1.58,50.74],[1.67,50.89],[1.77,50.94],[2.45,51.07],[3.43,51.39],[3.88,51.35],[4.23,51.39],[4.01,51.44],[3.82,51.41],[3.59,51.45],[3.45,51.54],[3.74,51.6],[4.14,51.46],[4.27,51.47],[4.0,51.6],[4.18,51.61],[3.95,51.81],[4.03,51.93],[4.48,52.31],[4.73,52.89],[5.06,52.96],[5.36,53.1],[5.53,53.27],[6.06,53.41],[6.82,53.44],[6.97,53.33],[7.2,53.28],[7.05,53.38],[7.11,53.56],[7.21,53.65],[7.63,53.7],[8.01,53.69],[8.17,53.54],[8.11,53.47],[8.2,53.43],[8.33,53.61],[8.49,53.51],[8.5,53.39],[8.53,53.78],[8.62,53.88],[8.9,53.84],[9.21,53.86],[9.59,53.6],[9.78,53.55],[9.63,53.6],[9.31,53.86],[8.92,53.97],[8.91,54.26],[8.78,54.31],[8.64,54.29],[8.63,54.35],[8.65,54.4],[8.95,54.47],[8.96,54.54],[8.85,54.62],[9.53,54.68],[9.99,54.57],[9.87,54.47],[10.14,54.49],[10.21,54.41],[10.36,54.44],[11.03,54.21],[10.81,54.08],[10.85,54.01],[11.4,53.94],[11.8,54.15],[12.11,54.17],[12.58,54.47],[13.03,54.41],[13.15,54.28],[13.45,54.14],[13.72,54.15],[13.82,54.02],[13.87,53.85],[13.95,53.8],[14.58,53.64],[14.56,53.82],[13.93,53.88],[13.92,54.0],[13.83,54.06],[13.83,54.13],[14.25,53.93],[14.38,53.92],[15.29,54.14],[16.19,54.29],[16.55,54.55],[16.89,54.6],[17.26,54.73],[18.09,54.84],[18.4,54.81],[18.66,54.36],[18.89,54.3],[19.41,54.39],[19.76,54.54],[19.95,54.77],[20.22,54.95],[20.4,54.95],[20.68,55.1],[21.01,55.4],[21.11,55.62],[21.03,55.35],[20.59,54.98],[20.89,54.91],[21.19,54.94],[21.24,55.46],[21.07,55.81],[21.03,56.17],[21.07,56.58],[21.13,56.86],[21.35,57.02],[21.46,57.32],[21.72,57.56],[22.49,57.61],[22.74,57.55],[23.14,57.32],[23.29,57.09],[23.65,56.97],[23.93,57.01],[24.38,57.25],[24.4,57.49],[24.3,57.78],[24.46,58.11],[24.49,58.26],[24.55,58.3],[24.53,58.35],[24.34,58.38],[24.24,58.29],[24.11,58.27],[23.77,58.36],[23.69,58.51],[23.51,58.66],[23.53,58.72],[23.68,58.79],[23.5,58.79],[23.44,58.91],[23.52,59.0],[23.47,59.03],[23.55,59.18],[23.78,59.28],[24.08,59.29],[24.06,59.36],[24.88,59.52],[25.44,59.52],[25.52,59.56],[25.51,59.63],[25.56,59.63],[26.62,59.55],[26.97,59.45],[27.5,59.44],[27.71,59.36],[28.34,59.67],[28.69,59.81],[28.95,59.83],[29.04,59.93],[29.17,59.97],[29.67,59.96],[30.12,59.87],[30.17,59.96],[30.11,59.98],[30.57,59.9],[31.1,59.9],[31.62,59.99],[32.43,60.31],[32.81,60.39],[33.89,60.85],[34.27,60.96],[35.95,61.15],[36.16,61.26],[36.24,61.51],[36.19,61.83],[36.05,62.07],[35.53,62.59],[34.97,63.68],[34.87,64.05],[34.97,64.33],[35.1,64.38],[35.24,64.36],[35.5,64.26],[36.21,64.13],[36.36,64.0],[37.37,63.82],[37.55,63.86],[37.88,63.78],[38.01,63.81],[38.04,63.88],[38.07,64.18],[37.95,64.32],[37.84,64.37],[37.09,64.57],[36.91,64.72],[36.83,64.92],[36.87,65.1],[37.14,65.19],[37.53,65.11],[38.12,64.85],[38.41,64.86],[38.54,64.79],[39.05,64.71],[39.57,64.57],[39.79,64.61],[40.29,64.55],[40.4,64.65],[40.39,64.76],[40.44,64.78],[40.28,65.0],[40.08,65.13],[40.01,65.31],[40.02,65.46],[40.22,65.72],[40.69,65.96],[41.48,66.12],[42.21,66.52],[42.6,66.42],[43.23,66.42],[43.65,66.25],[43.54,66.12],[43.84,66.14],[44.1,66.01],[44.15,66.11],[44.1,66.24],[44.49,66.67],[44.43,66.94],[44.36,67.04],[44.38,67.08],[44.31,67.15],[43.96,67.24],[43.83,67.39],[44.23,68.0],[44.17,68.33],[43.92,68.42],[44.09,68.55],[45.08,68.58],[45.52,68.55],[45.89,68.48],[46.35,68.17],[46.37,68.04],[46.18,67.9],[45.53,67.76],[44.94,67.48],[44.9,67.41],[44.94,67.35],[45.15,67.28],[45.34,67.05],[45.71,66.91],[46.49,66.8],[47.66,66.98],[47.9,67.48],[48.15,67.63],[48.83,67.68],[48.88,67.73],[48.75,67.84],[48.85,67.87],[49.16,67.87],[50.16,68.15],[51.18,68.27],[51.99,68.54],[52.29,68.46],[52.18,68.37],[52.4,68.35],[52.67,68.43],[52.72,68.48],[52.55,68.59],[52.34,68.61],[53.63,68.96],[53.92,68.93],[53.8,68.88],[53.97,68.84],[53.76,68.63],[53.89,68.56],[53.83,68.38],[53.69,68.4],[53.34,68.34],[53.26,68.27],[54.07,68.2],[54.61,68.24],[54.72,68.18],[54.86,68.2],[54.9,68.31],[55.34,68.42],[56.13,68.48],[56.76,68.59],[57.13,68.55],[57.78,68.76],[58.35,68.85],[58.55,68.95],[59.06,69.01],[59.11,68.9],[59.17,68.87],[59.09,68.68],[59.1,68.44],[59.37,68.33],[59.73,68.35],[59.9,68.42],[59.93,68.53],[60.31,68.71],[60.64,68.79],[60.93,68.99],[60.86,69.15],[60.66,69.11],[60.58,69.2],[60.59,69.55],[60.65,69.71],[60.91,69.85],[62.35,69.75],[63.67,69.51],[64.46,69.47],[64.93,69.33],[64.9,69.25],[65.03,69.27],[66.09,69.03],[66.24,68.83],[66.26,68.67],[66.18,68.47],[65.98,68.32]]],[[[5.91,53.47],[5.93,53.46],[5.88,53.45],[5.91,53.47]]],[[[13.19,54.53],[13.3,54.47],[13.5,54.34],[13.36,54.25],[13.19,54.33],[13.16,54.4],[13.19,54.53]]],[[[13.71,54.29],[13.71,54.28],[13.69,54.29],[13.71,54.29]]],[[[6.67,53.61],[6.8,53.63],[6.64,53.58],[6.67,53.61]]],[[[6.16,53.48],[6.29,53.51],[6.33,53.51],[6.19,53.48],[6.16,53.48]]],[[[3.7,51.71],[3.95,51.74],[4.08,51.65],[3.95,51.63],[3.7,51.71]]],[[[-2.22,49.27],[-2.02,49.23],[-2.01,49.18],[-2.24,49.18],[-2.22,49.27]]],[[[-1.21,45.82],[-1.37,45.97],[-1.39,46.05],[-1.18,45.9],[-1.21,45.82]]]]}},{"type":"Feature","properties":{"n":"Great Plains","cla":"Plain","min":3.0},"geometry":{"type":"Polygon","coordinates":[[[-111.75,53.82],[-111.31,53.74],[-110.92,53.84],[-110.6,53.84],[-110.0,53.6],[-109.53,53.46],[-108.86,53.04],[-108.33,52.82],[-108.03,52.57],[-107.3,52.36],[-106.44,52.93],[-105.82,53.2],[-105.08,53.0],[-104.18,52.86],[-103.62,52.55],[-103.41,52.2],[-102.26,51.76],[-101.72,51.36],[-101.13,50.37],[-99.81,49.93],[-99.02,49.03],[-97.88,48.16],[-97.52,46.21],[-97.43,45.35],[-97.4,42.41],[-96.77,40.83],[-96.4,38.84],[-97.3,36.44],[-97.25,34.96],[-96.68,34.38],[-95.63,34.11],[-95.56,33.26],[-95.72,32.02],[-96.82,31.13],[-97.31,30.28],[-97.96,29.47],[-99.09,28.92],[-100.33,28.16],[-100.92,28.5],[-101.29,29.11],[-102.07,30.07],[-102.38,31.04],[-103.1,31.37],[-104.08,32.55],[-104.25,33.37],[-103.7,34.42],[-103.59,35.51],[-104.12,36.43],[-104.12,37.36],[-104.39,38.52],[-104.47,39.5],[-104.47,40.59],[-104.89,41.59],[-105.1,42.71],[-106.11,43.84],[-106.66,44.77],[-107.77,45.77],[-109.62,46.12],[-110.1,47.12],[-111.03,47.63],[-111.9,47.84],[-112.59,48.84],[-113.22,49.66],[-113.7,50.46],[-113.86,51.89],[-114.1,52.79],[-114.17,53.57],[-113.61,54.13],[-112.22,54.05],[-111.75,53.82]]]}},{"type":"Feature","properties":{"n":"Congo basin","cla":"Basin","min":2.0},"geometry":{"type":"Polygon","coordinates":[[[28.7,5.29],[30.34,4.45],[30.86,3.62],[31.0,2.65],[28.41,-1.27],[28.41,-3.02],[28.78,-4.44],[26.71,-6.19],[25.71,-8.32],[24.27,-10.39],[22.26,-11.8],[19.64,-11.8],[18.8,-11.76],[18.16,-11.2],[16.37,-7.97],[15.73,-7.55],[14.49,-7.78],[13.54,-6.71],[13.11,-6.8],[12.51,-6.4],[12.39,-6.08],[12.79,-6.0],[13.07,-5.86],[12.86,-5.85],[12.68,-5.96],[12.41,-5.99],[12.33,-5.91],[12.14,-5.26],[13.65,-4.73],[14.86,-4.01],[14.92,-3.17],[14.34,-3.06],[13.97,-2.16],[14.26,-1.13],[14.29,0.74],[13.91,2.29],[12.47,2.52],[11.98,3.36],[13.57,4.74],[14.75,6.1],[15.69,6.15],[17.45,5.73],[19.0,6.24],[20.9,6.35],[21.77,8.54],[22.97,9.54],[26.13,8.31],[27.09,6.96],[28.7,5.29]]]}},{"type":"Feature","properties":{"n":"Amazon basin","cla":"Basin","min":2.0},"geometry":{"type":"MultiPolygon","coordinates":[[[[-59.82,3.62],[-59.96,2.88],[-59.65,1.64],[-58.64,1.38],[-57.21,1.91],[-55.94,1.91],[-56.1,2.54],[-54.92,2.59],[-54.41,2.12],[-52.59,2.35],[-52.34,3.19],[-51.66,4.18],[-51.65,4.06],[-51.55,4.31],[-51.48,4.31],[-51.33,4.22],[-51.22,4.09],[-51.07,3.6],[-50.99,3.08],[-50.68,2.21],[-50.71,2.13],[-50.61,2.1],[-50.46,1.83],[-50.19,1.79],[-49.96,1.66],[-49.91,1.5],[-49.9,1.16],[-50.29,0.84],[-50.76,0.22],[-50.97,0.13],[-51.1,-0.03],[-51.28,-0.09],[-51.4,-0.39],[-51.7,-0.76],[-51.72,-1.02],[-51.92,-1.18],[-51.98,-1.37],[-52.02,-1.4],[-52.23,-1.36],[-52.66,-1.55],[-52.31,-1.56],[-52.2,-1.64],[-51.95,-1.59],[-51.3,-1.22],[-50.89,-0.94],[-50.84,-1.04],[-50.92,-1.12],[-50.84,-1.23],[-50.79,-1.49],[-50.68,-1.64],[-50.69,-1.76],[-50.4,-2.02],[-50.0,-1.83],[-49.72,-1.93],[-49.31,-1.73],[-49.55,-2.52],[-49.64,-2.66],[-49.46,-2.5],[-49.21,-1.92],[-48.99,-1.83],[-48.71,-1.49],[-48.6,-1.49],[-48.46,-1.61],[-48.45,-1.52],[-48.35,-1.48],[-48.47,-1.39],[-48.48,-1.32],[-48.41,-1.23],[-48.45,-1.15],[-48.31,-1.04],[-48.32,-0.96],[-48.12,-0.74],[-48.0,-0.73],[-47.96,-0.77],[-47.91,-0.72],[-47.55,-0.69],[-48.08,-2.77],[-47.79,-4.36],[-46.73,-5.18],[-46.17,-6.4],[-46.98,-9.19],[-46.98,-12.05],[-47.16,-15.01],[-48.43,-16.88],[-51.67,-17.44],[-52.48,-18.5],[-53.61,-18.5],[-54.35,-17.51],[-54.46,-15.82],[-54.0,-14.41],[-54.3,-13.92],[-54.92,-13.7],[-56.68,-14.02],[-58.41,-14.69],[-59.36,-16.03],[-59.38,-16.99],[-58.98,-18.01],[-60.55,-17.67],[-61.8,-17.87],[-62.64,-19.24],[-63.24,-19.95],[-64.02,-20.12],[-65.15,-19.63],[-66.17,-18.54],[-66.63,-17.3],[-69.81,-14.34],[-71.53,-13.74],[-73.72,-12.68],[-76.26,-9.89],[-77.96,-6.72],[-78.77,-3.72],[-78.27,-0.97],[-77.32,0.72],[-76.12,1.47],[-74.96,2.52],[-74.0,2.45],[-71.89,2.03],[-70.69,1.99],[-68.36,2.28],[-67.65,2.84],[-67.34,2.49],[-66.88,1.32],[-66.31,0.72],[-65.29,0.94],[-63.42,2.1],[-63.42,2.38],[-63.99,2.56],[-64.27,3.55],[-64.76,4.25],[-64.13,4.15],[-63.99,3.9],[-63.14,3.79],[-62.4,4.18],[-61.69,4.22],[-60.53,4.82],[-59.68,4.43],[-59.5,3.9],[-59.82,3.62]]],[[[-50.46,1.91],[-50.51,2.03],[-50.49,2.13],[-50.36,2.15],[-50.3,1.94],[-50.46,1.91]]],[[[-50.25,0.59],[-50.06,0.64],[-50.04,0.52],[-50.15,0.39],[-50.26,0.36],[-50.25,0.59]]],[[[-49.4,0.06],[-49.38,-0.06],[-49.44,-0.11],[-49.71,-0.14],[-49.83,-0.09],[-49.6,0.06],[-49.4,0.06]]],[[[-49.63,-0.23],[-49.12,-0.16],[-48.39,-0.3],[-48.5,-0.66],[-48.57,-0.68],[-48.57,-0.89],[-48.7,-1.11],[-48.84,-1.23],[-48.8,-1.33],[-48.83,-1.39],[-49.04,-1.51],[-49.17,-1.41],[-49.23,-1.6],[-49.51,-1.51],[-49.59,-1.71],[-49.81,-1.79],[-50.07,-1.7],[-50.11,-1.75],[-50.51,-1.79],[-50.6,-1.7],[-50.76,-1.24],[-50.73,-1.13],[-50.6,-1.15],[-50.58,-1.1],[-50.71,-1.08],[-50.78,-1.01],[-50.8,-0.91],[-50.77,-0.65],[-50.65,-0.27],[-50.46,-0.16],[-50.25,-0.12],[-49.63,-0.23]]],[[[-51.16,-0.67],[-51.28,-1.02],[-51.64,-1.34],[-51.94,-1.45],[-51.8,-1.2],[-51.68,-1.09],[-51.68,-0.86],[-51.55,-0.65],[-51.42,-0.57],[-51.25,-0.54],[-51.16,-0.67]]],[[[-50.65,-0.13],[-50.93,-0.33],[-51.04,-0.23],[-51.0,-0.11],[-50.84,-0.05],[-50.67,-0.06],[-50.65,-0.13]]],[[[-49.84,0.01],[-50.0,-0.03],[-50.11,0.03],[-50.29,0.03],[-50.34,0.04],[-50.35,0.13],[-50.27,0.23],[-50.13,0.23],[-49.88,0.3],[-49.74,0.27],[-49.7,0.22],[-49.84,0.01]]],[[[-50.44,-0.01],[-50.62,0.05],[-50.61,0.2],[-50.45,0.33],[-50.42,0.56],[-50.37,0.59],[-50.33,0.26],[-50.43,0.14],[-50.44,-0.01]]]]}},{"type":"Feature","properties":{"n":"Gobi Desert","cla":"Desert","min":3.0},"geometry":{"type":"Polygon","coordinates":[[[117.52,44.51],[117.3,43.91],[117.25,43.22],[117.19,43.02],[116.99,42.68],[116.66,42.46],[116.44,42.39],[113.7,42.3],[113.08,42.15],[112.5,41.86],[111.55,41.11],[111.13,40.92],[110.7,40.86],[107.42,41.34],[107.16,41.3],[107.09,41.2],[107.0,40.81],[106.85,40.65],[106.65,40.53],[105.91,40.29],[105.7,40.18],[105.56,40.03],[105.38,39.47],[105.14,39.14],[104.81,38.48],[104.67,38.32],[104.2,38.05],[103.63,37.88],[103.09,37.84],[102.37,38.19],[100.96,38.48],[100.65,38.69],[99.92,39.35],[99.65,39.49],[99.25,39.57],[98.84,39.76],[95.93,40.14],[95.36,40.34],[94.88,40.69],[94.69,40.93],[94.49,41.43],[94.47,41.83],[94.59,42.19],[95.33,43.12],[95.37,43.34],[95.34,43.92],[95.51,44.65],[96.21,44.86],[99.7,44.45],[102.28,44.7],[104.29,45.33],[108.53,45.43],[109.13,45.6],[113.2,47.67],[113.81,47.79],[115.72,47.73],[117.58,47.34],[117.68,47.2],[117.72,46.93],[117.52,44.51]]]}},{"type":"Feature","properties":{"n":"Sahara","cla":"Desert","min":3.0},"geometry":{"type":"MultiPolygon","coordinates":[[[[17.9,29.56],[19.25,29.58],[20.22,29.94],[22.07,30.34],[26.9,30.26],[31.03,30.07],[31.25,30.14],[31.71,30.51],[32.3,30.63],[32.56,30.07],[32.32,29.62],[32.6,29.2],[32.66,28.93],[32.79,28.7],[33.5,27.88],[33.55,27.77],[33.55,27.61],[33.7,27.34],[33.85,27.18],[33.96,26.65],[34.57,25.69],[35.19,24.48],[35.48,24.15],[35.78,23.94],[35.5,23.99],[35.48,23.62],[35.7,22.95],[35.85,22.79],[36.86,22.04],[36.93,21.59],[37.12,21.29],[37.23,20.56],[37.19,20.12],[37.26,19.79],[37.25,19.58],[37.36,19.09],[37.51,18.73],[37.85,18.26],[37.71,17.81],[38.33,16.21],[38.46,15.16],[38.24,15.12],[37.88,14.58],[38.01,13.85],[37.73,13.48],[37.15,13.94],[36.99,14.46],[36.98,14.86],[36.62,15.25],[36.07,15.0],[35.84,14.38],[35.13,12.82],[33.75,12.11],[33.45,11.4],[33.55,9.96],[32.14,9.46],[30.71,9.47],[29.77,9.58],[29.44,9.34],[27.39,9.78],[26.71,9.76],[26.24,10.27],[25.67,9.98],[23.93,10.18],[23.47,10.36],[22.16,10.06],[21.3,10.64],[20.65,10.51],[21.05,10.25],[19.99,9.95],[19.75,10.28],[19.89,10.78],[20.1,10.94],[19.87,11.11],[18.0,11.54],[17.14,11.54],[18.04,10.46],[17.61,10.2],[17.05,10.73],[16.82,11.15],[16.2,11.55],[15.64,11.15],[15.78,10.06],[14.77,9.95],[14.35,10.23],[13.56,11.84],[13.33,12.42],[12.57,12.86],[11.03,12.9],[9.96,13.23],[8.42,14.09],[5.37,14.11],[4.82,13.9],[3.13,14.15],[0.75,13.92],[-0.43,13.87],[-1.74,14.13],[-2.62,14.76],[-2.88,15.14],[-3.8,14.92],[-3.48,15.59],[-2.67,15.7],[-2.07,16.18],[-2.94,16.21],[-2.9,16.49],[-1.37,16.9],[-0.24,16.71],[-0.22,16.92],[-1.23,17.16],[-3.15,16.63],[-4.24,16.07],[-4.91,15.66],[-4.52,15.56],[-4.86,14.75],[-8.16,15.24],[-12.59,14.84],[-13.98,14.92],[-16.48,15.77],[-16.48,16.45],[-16.44,16.65],[-16.09,17.5],[-16.01,17.62],[-16.04,18.73],[-16.31,19.15],[-16.51,19.36],[-16.37,19.41],[-16.31,19.51],[-16.44,19.47],[-16.12,20.24],[-16.33,20.41],[-16.43,20.65],[-16.53,20.71],[-16.56,20.6],[-16.64,20.66],[-16.88,21.09],[-16.93,21.11],[-17.01,20.97],[-17.07,21.01],[-17.05,21.14],[-16.39,22.54],[-14.9,24.72],[-14.85,25.14],[-14.46,26.18],[-13.64,26.64],[-12.62,28.0],[-12.26,28.06],[-10.72,28.13],[-8.24,28.84],[-5.25,30.22],[-2.44,31.22],[2.37,33.18],[5.63,34.61],[8.7,34.21],[12.08,31.8],[14.91,30.93],[17.9,29.56]]],[[[-16.36,19.8],[-16.37,19.71],[-16.44,19.61],[-16.45,19.63],[-16.36,19.8]]]]}},{"type":"Feature","properties":{"n":"Western Plateau","cla":"Plateau","min":5.0},"geometry":{"type":"Polygon","coordinates":[[[128.93,-20.65],[130.27,-20.72],[131.01,-20.67],[131.88,-20.7],[132.93,-20.67],[133.33,-20.8],[135.0,-21.73],[135.4,-22.12],[135.7,-22.82],[135.78,-23.23],[135.65,-24.7],[135.63,-25.38],[135.5,-26.1],[134.89,-27.32],[133.96,-28.3],[133.55,-28.46],[133.04,-28.53],[126.01,-28.85],[125.44,-28.94],[124.95,-29.11],[124.02,-29.56],[123.54,-29.73],[122.93,-29.85],[120.63,-30.03],[119.76,-29.98],[119.34,-29.89],[117.71,-29.32],[117.48,-29.19],[117.29,-29.01],[116.77,-28.17],[116.07,-26.51],[115.66,-25.26],[115.5,-23.98],[115.71,-22.7],[116.08,-22.04],[116.6,-21.62],[117.24,-21.37],[118.0,-21.26],[119.75,-21.14],[122.05,-21.07],[122.7,-20.97],[125.93,-20.85],[127.17,-20.74],[128.31,-20.71],[128.93,-20.65]]]}},{"type":"Feature","properties":{"n":"Iberian Peninsula","cla":"Plateau","min":3.0},"geometry":{"type":"MultiPolygon","coordinates":[[[[-7.69,43.74],[-7.62,43.7],[-7.5,43.74],[-7.27,43.58],[-7.03,43.56],[-7.04,43.5],[-7.01,43.56],[-6.9,43.59],[-6.07,43.59],[-5.85,43.65],[-5.68,43.58],[-5.39,43.56],[-5.41,43.53],[-5.32,43.55],[-4.48,43.4],[-3.89,43.5],[-3.81,43.48],[-3.82,43.44],[-3.6,43.52],[-3.44,43.47],[-3.5,43.45],[-3.46,43.43],[-3.01,43.34],[-3.03,43.39],[-2.88,43.45],[-2.7,43.43],[-2.69,43.39],[-2.68,43.42],[-2.61,43.41],[-2.05,43.21],[-1.0,43.11],[-0.32,42.92],[2.91,42.22],[3.22,42.11],[3.25,41.94],[3.0,41.77],[2.3,41.47],[2.08,41.29],[1.06,41.07],[0.71,40.82],[0.89,40.72],[0.57,40.6],[0.36,40.32],[-0.1,39.86],[-0.33,39.52],[-0.33,39.4],[-0.2,39.04],[-0.03,38.88],[0.15,38.82],[0.2,38.76],[-0.52,38.34],[-0.55,38.2],[-0.65,38.17],[-0.68,37.99],[-0.86,37.74],[-0.72,37.63],[-0.77,37.6],[-1.24,37.58],[-1.47,37.5],[-1.69,37.36],[-1.82,37.21],[-1.94,36.95],[-2.19,36.75],[-2.37,36.84],[-2.57,36.83],[-2.79,36.71],[-3.23,36.76],[-3.43,36.71],[-3.86,36.76],[-4.4,36.73],[-4.67,36.51],[-4.91,36.51],[-5.19,36.42],[-5.32,36.28],[-5.37,36.13],[-5.45,36.18],[-5.46,36.07],[-5.63,36.03],[-5.94,36.19],[-6.04,36.19],[-6.23,36.45],[-6.25,36.49],[-6.19,36.52],[-6.23,36.52],[-6.28,36.61],[-6.38,36.64],[-6.41,36.73],[-6.19,36.93],[-6.33,36.91],[-6.4,36.83],[-6.5,36.96],[-6.88,37.19],[-6.85,37.3],[-6.97,37.2],[-7.49,37.18],[-7.83,37.01],[-8.58,37.13],[-9.0,37.03],[-8.82,37.42],[-8.8,37.7],[-8.75,37.73],[-8.79,37.72],[-8.82,37.9],[-8.88,37.96],[-8.8,38.17],[-8.87,38.45],[-8.66,38.41],[-8.61,38.42],[-8.75,38.49],[-8.77,38.57],[-8.81,38.53],[-8.78,38.51],[-9.19,38.44],[-9.25,38.66],[-9.16,38.69],[-9.11,38.66],[-8.94,38.78],[-9.0,38.9],[-8.94,39.0],[-8.77,39.1],[-8.94,39.04],[-9.14,38.74],[-9.36,38.7],[-9.47,38.73],[-9.35,39.24],[-9.37,39.34],[-9.21,39.42],[-9.24,39.44],[-9.11,39.58],[-8.84,40.13],[-8.79,40.12],[-8.89,40.18],[-8.77,40.61],[-8.57,40.76],[-8.65,40.74],[-8.68,40.78],[-8.65,40.82],[-8.68,40.82],[-8.65,41.15],[-8.74,41.28],[-8.81,41.57],[-8.81,41.65],[-8.7,41.72],[-8.85,41.71],[-8.89,41.76],[-8.75,41.97],[-8.88,41.95],[-8.89,42.11],[-8.63,42.3],[-8.62,42.35],[-8.82,42.29],[-8.81,42.33],[-8.66,42.44],[-8.74,42.42],[-8.81,42.47],[-8.8,42.59],[-8.73,42.69],[-8.79,42.64],[-8.84,42.69],[-8.86,42.62],[-9.03,42.59],[-9.04,42.66],[-8.89,42.84],[-9.04,42.81],[-9.15,42.88],[-9.13,42.92],[-9.2,42.93],[-9.24,43.04],[-9.2,43.11],[-9.11,43.15],[-9.19,43.15],[-9.18,43.17],[-8.93,43.25],[-8.96,43.28],[-8.87,43.33],[-8.69,43.31],[-8.39,43.39],[-8.35,43.36],[-8.31,43.42],[-8.21,43.33],[-8.18,43.43],[-8.25,43.44],[-8.25,43.48],[-8.17,43.5],[-8.25,43.49],[-8.29,43.54],[-8.26,43.58],[-8.0,43.69],[-7.86,43.68],[-7.69,43.74]]],[[[-6.35,36.82],[-6.35,36.81],[-6.36,36.81],[-6.35,36.82]]]]}},{"type":"Feature","properties":{"n":"Tibetan Plateau","cla":"Plateau","min":3.0},"geometry":{"type":"Polygon","coordinates":[[[103.58,36.96],[103.99,35.31],[103.95,34.36],[104.11,33.11],[104.04,31.86],[103.86,31.34],[103.42,30.98],[103.08,30.44],[103.23,30.06],[103.12,29.7],[102.91,29.33],[102.51,28.94],[101.96,28.73],[101.48,28.65],[98.76,27.4],[96.28,27.96],[95.55,28.34],[94.35,27.34],[93.83,27.12],[91.68,26.86],[89.2,26.92],[88.84,27.12],[88.65,27.14],[88.25,26.99],[87.78,26.9],[85.34,27.3],[84.67,27.57],[83.86,27.7],[83.3,27.95],[82.4,28.05],[82.0,28.38],[77.31,31.13],[75.95,32.23],[75.92,32.19],[74.97,32.87],[74.08,33.58],[73.48,34.15],[73.04,34.45],[73.42,35.99],[74.61,37.42],[76.08,37.88],[77.02,38.04],[78.72,37.22],[79.75,37.02],[80.63,36.58],[81.14,36.41],[82.14,36.68],[83.33,36.8],[85.2,37.29],[87.04,38.39],[87.56,38.39],[88.35,38.96],[95.64,40.14],[96.62,40.06],[99.05,39.69],[99.84,39.34],[100.96,38.48],[102.24,38.24],[102.6,37.99],[103.58,36.96]]]}},{"type":"Feature","properties":{"n":"Talos Dome","cla":"Plateau","min":3.5},"geometry":{"type":"Polygon","coordinates":[[[154.75,-78.69],[149.12,-79.46],[145.46,-76.54],[143.71,-73.29],[146.69,-71.0],[153.58,-70.84],[157.38,-71.29],[160.21,-71.46],[162.23,-72.31],[160.29,-74.68],[157.79,-77.22],[154.75,-78.69]]]}},{"type":"Feature","properties":{"n":"American Highland","cla":"Plateau","min":3.5},"geometry":{"type":"Polygon","coordinates":[[[76.34,-74.68],[75.43,-76.63],[70.52,-76.34],[69.26,-74.4],[70.38,-73.08],[72.02,-72.05],[74.57,-71.37],[76.37,-71.96],[76.34,-74.68]]]}},{"type":"Feature","properties":{"n":"Hollick-Kenyon Plateau","cla":"Plateau","min":3.5},"geometry":{"type":"Polygon","coordinates":[[[-93.46,-76.04],[-89.7,-76.4],[-88.58,-77.33],[-88.33,-78.62],[-88.71,-79.57],[-89.3,-80.35],[-90.09,-80.92],[-90.86,-81.29],[-93.75,-82.18],[-99.62,-82.46],[-102.79,-82.29],[-106.29,-82.46],[-108.87,-80.96],[-109.04,-79.63],[-109.12,-77.3],[-107.72,-76.44],[-105.53,-76.29],[-100.0,-76.33],[-93.46,-76.04]]]}},{"type":"Feature","properties":{"n":"Rockefeller Plateau","cla":"Plateau","min":3.5},"geometry":{"type":"Polygon","coordinates":[[[-130.46,-84.54],[-134.96,-84.63],[-141.54,-84.54],[-145.71,-83.88],[-146.71,-82.54],[-146.79,-80.46],[-145.38,-78.71],[-143.46,-77.96],[-140.46,-77.54],[-137.54,-76.96],[-135.04,-77.13],[-130.63,-77.29],[-127.54,-78.13],[-125.54,-80.04],[-125.79,-82.63],[-127.63,-83.88],[-130.46,-84.54]]]}},{"type":"Feature","properties":{"n":"Dome C","cla":"Plateau","min":3.5},"geometry":{"type":"Polygon","coordinates":[[[124.43,-77.6],[123.38,-77.81],[122.32,-77.6],[121.46,-77.02],[120.88,-76.16],[120.67,-75.1],[120.88,-74.05],[121.46,-73.19],[122.32,-72.61],[123.38,-72.4],[124.43,-72.61],[125.29,-73.19],[125.87,-74.05],[126.08,-75.1],[125.87,-76.16],[125.29,-77.02],[124.43,-77.6]]]}},{"type":"Feature","properties":{"n":"Dome A","cla":"Plateau","min":3.5},"geometry":{"type":"Polygon","coordinates":[[[78.42,-82.86],[77.37,-83.08],[76.32,-82.86],[75.46,-82.28],[74.88,-81.42],[74.66,-80.37],[74.88,-79.32],[75.46,-78.46],[76.32,-77.88],[77.37,-77.66],[78.42,-77.88],[79.28,-78.46],[79.86,-79.32],[80.08,-80.37],[79.86,-81.42],[79.28,-82.28],[78.42,-82.86]]]}},{"type":"Feature","properties":{"n":"Dome F","cla":"Plateau","min":3.5},"geometry":{"type":"Polygon","coordinates":[[[40.76,-79.82],[39.7,-80.03],[38.65,-79.82],[37.79,-79.24],[37.21,-78.38],[37.0,-77.33],[37.21,-76.27],[37.79,-75.41],[38.65,-74.83],[39.7,-74.62],[40.76,-74.83],[41.62,-75.41],[42.2,-76.27],[42.41,-77.33],[42.2,-78.38],[41.62,-79.24],[40.76,-79.82]]]}},{"type":"Feature","properties":{"n":"Antarctic Plateau","cla":"Plateau","min":2.0},"geometry":{"type":"Polygon","coordinates":[[[180.0,-86.96],[180.0,-90.0],[-180.0,-90.0],[-180.0,-85.62],[-177.1,-85.47],[-166.19,-86.59],[-141.72,-87.71],[-121.04,-87.11],[-109.1,-86.1],[-103.42,-86.61],[-93.26,-86.44],[-88.56,-86.96],[-85.42,-86.59],[-80.5,-86.96],[-76.13,-86.27],[-72.13,-86.37],[-61.53,-85.25],[-47.99,-84.79],[-26.4,-83.67],[-18.27,-81.85],[-11.96,-78.2],[-3.68,-76.1],[9.36,-74.69],[19.87,-74.69],[28.42,-73.99],[40.76,-72.59],[53.8,-72.17],[60.67,-73.15],[63.38,-75.1],[64.9,-76.7],[65.89,-77.15],[67.22,-76.39],[69.26,-74.4],[70.38,-73.08],[72.02,-72.05],[74.57,-71.37],[78.2,-71.47],[92.64,-70.21],[108.36,-70.11],[136.08,-69.56],[142.14,-69.79],[153.49,-71.19],[159.8,-71.47],[161.35,-72.31],[160.65,-73.85],[157.0,-77.08],[154.9,-82.27],[160.23,-84.91],[171.68,-86.32],[177.49,-86.68],[180.0,-86.96]]]}},{"type":"Feature","properties":{"n":"North Island Volcanic Plateau","cla":"Plateau","min":5.4},"geometry":{"type":"Polygon","coordinates":[[[175.72,-38.87],[175.98,-38.96],[176.02,-39.19],[175.91,-39.51],[175.68,-39.64],[175.33,-39.49],[175.29,-39.25],[175.41,-39.02],[175.56,-38.9],[175.72,-38.87]]]}}]}