WDPAID,NAME,IUCN_CAT,GIS_AREA,ISO3,latitude,longitude
555707179,SHHuch`i gory,III,39.59,Russia,54.67255,48.75646
555707183,Boloto Derzkij Moh,IV,69.54,Russia,56.64061,32.52962
555707190,Vostochnyj,IV,35.00,Russia,44.49087,45.16963
555707199,Pizhemskij,IV,308.46,Russia,57.67912,48.21927
555707200,Kushtozerskij,IV,63.64,Russia,60.52907,36.26891
555707222,Zakaznik t3 Bezheckogo lesnichestva,IV,49.26,Russia,57.88546,36.35111
555707238,Boloto Zabludyashhee,IV,29.61,Russia,58.30802,35.88240
555707252,YUrmychskij im. A.V. Grigor`eva,IV,205.31,Russia,57.18355,62.86742
555707264,Zakaznik t1 Berezhajskogo lesnichestva,IV,26.34,Russia,57.61318,36.46862
555707265,Kulojskij,IV,286.63,Russia,65.05387,43.50371
555707266,Gryadina,IV,44.72,Russia,49.80672,43.32898
555707267,Nerestovyj massiv Zelenginskij,III,116.32,Russia,46.26039,48.54212
555707269,Ezhozerskij,IV,30.12,Russia,60.69653,36.29097
555707292,Ozero Azas,III,68.28,Russia,52.38710,96.51981
555707301,Verhne-Depskij,IV,1568.89,Russia,53.75643,128.80847
555707303,Tolbuzinskij,IV,829.26,Russia,53.34421,125.35711
555707304,Simonovskij,IV,1196.09,Russia,51.32038,126.99086
555707313,Ozero Turgoyak,III,26.36,Russia,55.15645,60.05782
555707337,Ramasuhskij,IV,116.46,Russia,52.70755,33.57644
555707362,CHistye luga,IV,141.99,Russia,55.44689,50.94658
555707364,Gosudarstvennyj prirodnyj zakaznik v rajone Kalininskoj AES,IV,980.97,Russia,57.86809,35.00664
555707369,Reka Omal,III,102.94,Russia,52.87043,137.10574
555707376,Boloto Tegenskoe,IV,159.76,Russia,57.60922,64.62782
555707385,Ak CHolushpa,II,1950.81,Russia,50.76255,88.41699
555707391,Zavitinskij,IV,355.43,Russia,50.34140,129.69413
555707395,Pelymskij,IV,303.84,Russia,59.68115,63.40482
555707415,Gora Beshtau,III,37.81,Russia,44.09518,43.03506
555707431,Berezovskij,IV,114.35,Russia,50.58356,127.77469
555707440,Moskvoreckij pojmennyj zakaznik,IV,105.61,Russia,55.40312,38.51005
555707466,Harlushevskij,IV,189.85,Russia,55.16135,60.94779
555707485,Spasskij,IV,179.76,Russia,55.07638,49.26036
555707494,Novo-Berezanskij,IV,279.48,Russia,45.68453,39.52395
555707495,Manych-Gudilo,IV,41.50,Russia,46.20245,42.90396
555707500,CHugskij,IV,78.47,Russia,64.16253,42.67835
555707517,CHograjskij,IV,66.83,Russia,45.50716,44.45424
555707555,Uch Enmek,II,872.69,Russia,50.55493,86.19795
555707575,Teterevino,IV,96.03,Russia,50.90286,36.53964
555707611,Ostrova Hachin,IV,32.00,Russia,57.26237,33.04376
555707621,Ust`-Bel`sk,II,47.85,Russia,55.93050,53.58044
555707624,CHudova boloto,IV,117.29,Russia,60.47722,56.69782
555707641,Uhrinskij,IV,52.64,Russia,58.11554,39.67136
555707644,Sotinskij,IV,108.99,Russia,58.04139,40.70034
555707653,Alhanaj,II,1450.69,Russia,50.89741,113.20866
555707675,Belyj Kamen`,IV,57.48,Russia,58.74398,30.44089
555707680,Radovickij Moh,IV,39.01,Russia,55.06101,39.75790
555707683,Hotogo,IV,2592.10,Russia,61.03390,113.39696
555707706,Vtoroj Kondas,IV,26.31,Russia,59.38304,56.32428
555707713,Hajpudyrskij,IV,1643.00,Russia,68.55589,59.31426
555707715,Severnyj Timan,II,5061.27,Russia,67.19668,48.79302
555707718,Kalyazinskij,IV,127.95,Russia,57.11603,38.08309
555707720,More-YU,IV,550.63,Russia,67.86557,60.07422
555707724,Strizhament,IV,43.84,Russia,44.80902,42.01790
555707735,Hvojnye lesa v verhov`yah Moskvy-reki,IV,26.07,Russia,55.68739,35.37360
555707745,Nizhnepechorskij,IV,892.96,Russia,68.01735,53.38304
555707746,Konecbor-Danilovskij,IV,74.57,Russia,64.76748,57.84451
555707748,Verhnecilemskij,IV,119.20,Russia,65.46332,49.44346
555707757,Tinguta,IV,907.06,Russia,45.88422,46.64169
555707758,Gorskinskij,IV,126.78,Russia,54.43205,85.59656
555707760,Romanovskoe II boloto,IV,46.56,Russia,59.08217,56.26099
555707770,Gagul`skaya kotlovina,IV,244.66,Russia,51.96539,93.01299
555707774,Russkij les,IV,83.23,Russia,45.09141,41.87879
555707775,Saltymakovskij,IV,333.96,Russia,54.81837,87.23037
555707780,Argunskij,IV,156.01,Russia,43.32570,45.91838
555707782,Mihajlovskij,IV,43.01,Russia,52.13096,86.64459
555707790,Vejdelevskij,IV,99.32,Russia,50.03908,38.52083
555707808,Levashovskij,IV,121.32,Russia,57.70769,40.49470
555707814,Noglikskij,IV,669.03,Russia,52.01193,142.45657
555707820,Ozero Bol`shoj Tassor,IV,38.56,Russia,51.17412,80.45802
555707830,Reka Tatarka,IV,814.46,Russia,58.52639,93.71075
555707831,Mashukovskij,IV,538.08,Russia,57.85104,94.72832
555707840,Boloto Kajskoe (Kajskoe boloto),III,79.94,Russia,60.09628,47.24142
555707842,Majkopskij,IV,48.72,Russia,44.58498,40.22589
555707859,Bolota Suvarysh  Pyshminskoe  Elanskoe,IV,89.78,Russia,56.54701,62.64661
555707870,Levaty-Nechaty,IV,45.93,Russia,60.25867,54.58747
555707878,Sed`yuskij,IV,107.25,Russia,63.31384,53.86082
555707879,Boguchanskij,IV,2012.55,Russia,59.30076,97.29385
555707890,Irgizskaya pojma,III,27.77,Russia,52.34806,49.91404
555707891,Uchastki tisa yagodnogo v Bekeshevskom i Borgustanskom lesnichestvah,III,28.08,Russia,44.03251,42.38291
555707905,SHorskij,II,4189.48,Russia,52.65305,88.53930
555707916,Burukshunskij,IV,39.25,Russia,45.94209,42.36329
555707934,Olekminskij,IA,8513.61,Russia,58.70554,122.27061
555707945,Kargatskij,IV,882.90,Russia,54.99910,80.00974
555707959,Gora Sarannaya,IV,32.00,Russia,58.88708,59.51648
555707962,Debri,IV,38.94,Russia,44.21641,43.28999
555707970,Boloto Velikij Moh,III,48.23,Russia,57.86798,38.74449
555707985,Angirskij,IV,395.52,Russia,52.23017,108.42076
555707988,Territoriya ZHelnino-Pushkino-Sejma,III,36.11,Russia,56.20347,43.35202
555707999,Osinskaya lesnaya dacha,IV,123.19,Russia,57.23610,55.16065
555708007,Kosinskoe I boloto,IV,25.60,Russia,59.49432,54.57496
555708015,Boloto Tomskoe,IV,63.65,Russia,58.83473,64.19871
555708016,Boloto Firulevskoe,IV,39.11,Russia,58.82668,64.80364
555708017,Hudakskij,IV,505.97,Russia,52.27246,109.24602
555708018,Slobodo-Turinskij,IV,273.02,Russia,57.80815,64.21729
555708020,Tarumovskij,IV,531.66,Russia,44.12440,46.70489
555708033,Bereznikovskij,IV,188.84,Russia,59.22054,56.39849
555708050,Komsomol`skij,IA,644.07,Russia,50.81896,137.61281
555708051,Verhne-Tazovskij,IA,6070.93,Russia,62.87598,83.98242
555708057,Ol`dzhikanskij,IV,1601.31,Russia,52.05390,136.75396
555708059,Badzhal`skij,IV,2816.16,Russia,50.90552,134.80666
555708060,Anyujskij,IB,4291.99,Russia,49.04379,137.13378
555708061,Zejskij,IA,1001.46,Russia,54.06641,127.08916
555708063,Hehcirskij,IV,517.78,Russia,48.26963,135.22680
555708083,Kundryuchenskie peski,IV,26.89,Russia,47.78741,40.93646
555708108,Medvezh`i ostrova,IA,8158.28,Russia,70.51886,160.53025
555708110,Novgorodskij,IV,56.24,Russia,58.31156,30.91373
555708117,Gorohoveckie bolota,III,27.01,Russia,56.25331,42.61839
555708130,Kuz`minskij kompleksnyj zakaznik,IV,49.11,Russia,56.21563,36.13063
555708142,Zadonskij,IV,109.08,Russia,52.34983,38.85073
555708151,Belozerskij,IV,294.90,Russia,55.75389,65.88957
555708176,Kolodeckij,IV,248.03,Russia,52.29180,39.56864
555708178,YUzhnyj,IV,155.57,Russia,56.74375,54.56232
555708187,Voskresenovskij,IV,187.12,Russia,51.11169,129.22085
555708200,Bushkinskoe (Bushkas) boloto,IV,60.53,Russia,60.16106,55.73470
555708226,Krasnyj les,IV,52.32,Russia,45.16463,38.39819
555708227,Kayakentskij,IV,150.61,Russia,42.32468,47.81860
555708233,YAroslavskij,IV,136.40,Russia,57.93019,40.52124
555708238,Zmeevy gory,III,78.54,Russia,51.85882,46.96804
555708240,Deshlagarskij,IV,309.19,Russia,42.31254,47.66128
555708247,Kudryashovskij bor,IV,187.06,Russia,55.17058,82.66771
555708258,Ozero Achchen,III,105.69,Russia,64.82375,174.78889
555708260,Andrejaul`skij,IV,141.13,Russia,43.14508,46.72714
555708261,Uftyugo-Ileshskij,IV,786.38,Russia,62.25153,47.41737
555708273,Melishtinskij,IV,204.81,Russia,42.92070,46.76996
555708280,Talickij,IV,665.01,Russia,54.21760,84.19980
555708286,Stepnoj,IV,953.11,Russia,43.81444,46.01094
555708287,Zmejsko-Nikolaevskij,IV,211.46,Russia,43.33020,44.13188
555708290,Verhovoe boloto CHistoe,III,70.07,Russia,58.16206,47.51237
555708295,Ulegir,IV,929.72,Russia,54.35555,122.05534
555708302,Loktevskij,IV,57.66,Russia,51.18035,81.60287
555708304,Har`kovskij,IV,162.49,Russia,50.17950,129.00632
555708336,Tomskij rybohozyajstvennyj,IV,583.72,Russia,51.14394,130.09530
555708342,Velikolukskij,IV,133.54,Russia,56.53081,30.51514
555708348,Zapadnyj bereg Pskovskogo ozera,III,166.00,Russia,57.95216,27.77829
555708357,Vashutkinskij,IV,3307.41,Russia,67.86238,61.92865
555708362,Kamennyj gorod,III,48.48,Russia,67.23053,48.94447
555708368,Zepovskoe boloto,IV,41.65,Russia,61.43840,56.56450
555708376,Polymskoe i Selenskoe bolota,IV,57.39,Russia,59.93234,56.54112
555708377,Vasil`evskie ostrova,III,50.78,Russia,53.17514,49.28306
555708382,Irkutnyj,IV,295.88,Russia,51.87539,103.45915
555708385,Tukolon`,IV,1099.17,Russia,55.58734,107.58619
555708390,Tayurskij,IV,531.31,Russia,56.53881,106.56000
555708405,Kodar,IB,4939.89,Russia,57.01981,117.62897
555708406,Zamankul`skij,IV,108.67,Russia,43.40021,44.41984
555708410,Bojskie bolota,IV,156.20,Russia,55.07907,101.46277
555708419,Redikorskoe boloto,IV,160.34,Russia,60.07009,56.52226
555708462,Ozero Hanskoe,III,93.26,Russia,46.24508,38.38578
555708466,Dedovichskij,IV,207.89,Russia,57.61891,30.26762
555708474,Koltyrakskij,IV,336.66,Russia,54.71509,84.87715
555708477,Zov tigra,II,832.66,Russia,43.54501,134.20469
555708478,Kamennikovskij poluostrov,III,50.14,Russia,58.17516,38.67232
555708490,Dnovskij,IV,87.75,Russia,57.72956,30.39328
555708507,Krasnoarmejskij sosnyak,III,133.76,Russia,53.02525,50.98431
555708525,Donskoj,II,400.41,Russia,47.37577,40.64906
555708526,Harpinskij,IV,2974.93,Russia,51.59632,137.18477
555708528,Vostochno-Il`menskij,IV,98.43,Russia,58.21944,31.74001
555708530,Vana,IV,1170.29,Russia,54.01594,132.63752
555708535,Boloto Utreh i ozero Utreh,III,37.29,Russia,56.43819,42.80221
555708538,Harinskij,IV,55.46,Russia,59.64282,36.78266
555708543,Gurskij,IV,2606.05,Russia,49.97525,137.72222
555708544,CHagodoshhenskij,IV,50.96,Russia,59.25020,35.24312
555708557,Ostrovskij,IV,242.97,Russia,57.17801,28.41711
555708566,Dzhurich-Nyur,IV,350.96,Russia,60.92153,55.19957
555708576,Zybkoe (Bol`shoe Vil`gortskoe) boloto,IV,59.54,Russia,60.55837,56.61006
555708578,Soleckij,IV,40.97,Russia,57.97627,30.07156
555708602,Kaltajskij,IV,525.48,Russia,56.18152,84.60881
555708603,Tomskij,IV,490.37,Russia,56.08582,84.13730
555708619,Buturlinskij,IV,113.02,Russia,55.59730,44.99281
555708620,Kornilovskij,IV,179.79,Russia,53.46121,81.00881
555708625,Urochishhe Mulin Dol,III,50.90,Russia,52.11263,51.30738
555708632,Turochakskij,III,368.01,Russia,52.01588,87.19480
555708648,Pershinskij,IV,243.59,Russia,57.32156,84.29552
555708654,Oktyabr`skij,IV,276.67,Russia,57.65474,86.25720
555708655,Poskoevskij,IV,378.69,Russia,57.85570,82.19602
555708668,Maloyuksinskij,IV,352.92,Russia,57.29371,85.41508
555708676,Buskul`skij,IV,96.69,Russia,53.83159,61.13140
555708677,Verhne-Sorovskij,IV,203.73,Russia,57.54337,84.21757
555708682,Karegodskij,IV,262.37,Russia,57.72643,84.15723
555708685,Beshtaugorskij,IV,102.47,Russia,44.13113,43.05582
555708688,Ust`e reki CHapaevki,III,42.25,Russia,53.13003,49.72132
555708690,Blagoveshhenskij,IV,241.48,Russia,52.98861,79.67237
555708694,Nikandrovskaya dacha,IV,205.97,Russia,57.80606,29.25362
555708727,Neneckij,IV,2419.22,Russia,68.57148,53.00906
555708738,Lesnoj massiv Kokorino,III,32.61,Russia,51.66091,106.89310
555708745,Zateihinskij,IV,263.96,Russia,57.08295,42.75894
555708748,CHaryshskaya step`,IV,59.98,Russia,51.78906,82.47663
555708765,Ozero Baunt,III,112.89,Russia,55.20538,112.98920
555708767,Bobrovskij,IV,219.23,Russia,53.14920,84.11495
555708795,Sokol`skij les (Sokol`skoe lesnichestvo),III,38.52,Russia,55.55210,51.40828
555708802,Ozero Busani,III,38.04,Russia,55.35453,113.54149
555708807,Mozhzhevel`niki na vozvyshennosti Magazin-Musyur,III,26.51,Russia,67.77103,37.57859
555708813,Zubovo-Polyanskij,IV,78.26,Russia,54.04722,42.57564
555708815,Reka Bol`shoj CHeremshan,III,42.02,Russia,54.55597,50.77124
555708817,Uspenskij,IV,45.13,Russia,57.02833,65.13056
555708818,Ozero Kotokel`,III,68.98,Russia,52.81737,108.14376
555708819,Severnyj,IV,181.11,Russia,57.02944,69.82889
555708820,Oshlobskoe boloto (Oshlybskoe boloto),IV,92.79,Russia,60.56113,55.64299
555708823,Solymskoe II (Sosnovoe) boloto,IV,34.08,Russia,60.11949,55.54641
555708837,Prisurskij,IA,91.49,Russia,55.02233,47.26300
555708838,Obskoj,IV,435.39,Russia,52.53123,83.90743
555708856,Ashinskij,IV,443.47,Russia,55.23694,57.50446
555708870,Reka Udochka,IV,1051.10,Russia,52.48050,156.88777
555708871,Lebedinyj,IV,304.80,Russia,52.34268,85.61563
555708874,Ilovskij,IV,549.72,Russia,56.78299,83.77031
555708877,Ulskij,IV,505.42,Russia,53.85543,139.60866
555708879,Hutinskij,IV,392.20,Russia,49.30757,139.24771
555708880,CHukenskij,IV,2178.95,Russia,47.41386,136.79345
555708881,Matajskij,IV,1111.84,Russia,47.11777,135.57713
555708885,Verhneyajvinskij,IV,340.16,Russia,59.77675,58.44715
555708891,Gora SHajtan-Tau (Gora SHajtantau),III,220.58,Russia,51.82369,57.41885
555708892,Majtuganskie soloncy,III,25.28,Russia,52.93898,49.13157
555708908,Gridino,IV,95.07,Russia,65.96012,34.62886
555708910,Melenkovskij kompleksnyj,IV,138.41,Russia,55.41905,41.76622
555708912,Adovo ozero,IV,693.32,Russia,60.25598,53.09339
555708915,Karagajskij,IV,214.10,Russia,58.48547,55.05343
555708918,Vojnica,IV,84.51,Russia,65.13989,30.03142
555708919,Pernaty,IV,781.55,Russia,60.38368,55.34456
555708924,Vazhozerskij,IV,90.73,Russia,61.34352,33.31013
555708926,Ladozhskie shhery,II,1167.74,Russia,61.50358,30.51538
555708928,Sylvenskij,IV,141.75,Russia,57.26962,57.37631
555708930,Zilim,II,380.09,Russia,54.00964,56.96230
555708936,Tulvinskij,IV,83.97,Russia,56.96602,55.70824
555708937,Uinskij,IV,322.83,Russia,56.77898,56.45091
555708952,Kashtakskij bor,III,29.04,Russia,55.31066,61.38995
555708956,Muromskij,IV,310.37,Russia,61.57171,36.27016
555708979,Mopau,IV,536.27,Russia,49.16423,138.87641
555708982,Sredne-Labinskij (SHovgenovskij),IV,93.20,Russia,45.05683,40.28252
555708983,Zaporozhsko-Tamanskij (Tamano-Zaporozhskij),IV,354.21,Russia,45.31229,36.80519
555708984,Aistinyj,IV,193.85,Russia,47.82449,135.15547
555708987,Ikonnyj bor,IV,27.68,Russia,59.33898,43.76146
555708988,Dal`zhinskij,IV,803.95,Russia,53.15038,139.35986
555708991,Dublikanskij,IV,1380.94,Russia,50.74279,132.96607
555708993,Polyarnyj krug,IV,286.96,Russia,66.47735,33.30346
555708994,Sorokskij,IV,320.95,Russia,64.47393,35.45830
555708995,Tolvoyarvi,IV,422.21,Russia,62.30954,31.54101
555708997,Syrovatka,IV,313.26,Russia,65.54255,34.60518
555708998,Muhtel` (Ozero Muhtel`),IV,460.39,Russia,54.14115,138.97097
555709004,Polovnikovskoe,IV,39.27,Russia,62.55066,50.74817
555709005,Tugurskij,IV,341.13,Russia,53.41579,136.53271
555709006,Nimelenskij,IV,292.32,Russia,52.77395,135.89114
555709007,SHaman-YAj,IV,506.35,Russia,51.39748,139.94383
555709008,Up`yum (Sindorskoe),IV,198.22,Russia,62.75077,52.14328
555709014,Kvarkush,IV,905.52,Russia,60.15126,58.68132
555709020,Ket`-Kasskij,IV,764.41,Russia,59.13984,88.47138
555709021,Zaozerskij,IV,117.54,Russia,60.23992,42.38748
555709025,Snezhinskij,IV,2386.05,Russia,51.10591,103.95975
555709030,SHHebenchiha,IV,95.07,Russia,47.35019,134.45044
555709032,Koppi,IV,407.41,Russia,48.56824,138.79216
555709035,Toksovskij,II,27.56,Russia,60.17117,30.45586
555709046,Kivipark,IV,69.46,Russia,60.62545,28.38613
555709053,Nauchno-issledovatel`skij stacionar Sobolevskij,IV,836.34,Russia,54.31765,156.82833
555709062,Zaliv Schast`ya s ostrovami Kevor i CHayachnyj,III,261.81,Russia,53.39527,141.18031
555709078,SHol`skij les,IV,26.34,Russia,60.34186,37.00254
555709079,Ozero Azhabach`e,III,61.24,Russia,56.13570,161.81776
555709083,Tuapsinskij,IV,140.75,Russia,44.18536,39.51537
555709088,Krutoe boloto,IV,40.41,Russia,58.87198,56.70208
555709102,Polaznenskij bor (Sosnovyj bor s al`pijskoj rastitel`nost`yu na gipsovyh otlozheniyah s obnazheniyami reliktovoj tretichnoj flory),IV,33.95,Russia,58.29305,56.32427
555709106,YUzhno-Romanovskoe boloto,IV,87.61,Russia,58.95784,56.52276
555709107,YAsenskaya kosa,IV,28.28,Russia,46.18840,38.26774
555709126,Ivdel`skij,IV,1406.17,Russia,61.73272,59.74205
555709134,Istok r. Dnepr,IV,303.31,Russia,55.85187,33.80196
555709158,CHikoj,IB,6671.60,Russia,49.95529,110.09534
555709162,Ussurijskij im.V.L.Komarova,IA,412.23,Russia,43.64519,132.52134
555709167,Bikin,IB,11612.23,Russia,46.70977,136.67212
555709171,Bor sosny krymskoj Bettinskij (Bor sosny krymskoj  Bettinskij bor sosny Krymskoj),III,29.32,Russia,44.38813,38.46130
555709185,Urochishhe Rublevo,IV,379.49,Russia,51.69889,79.92317
555709187,Al`dikon,IV,2718.56,Russia,52.10943,130.34271
555709191,Birskij,IV,540.30,Russia,47.16686,134.66353
555709193,Selishhenskoe boloto,IV,264.24,Russia,59.92918,55.21876
555709197,Oglatskij,IV,896.76,Russia,58.58017,78.82414
555709199,Kumi-porog,III,35.42,Russia,65.28866,30.21048
555709201,Voronovskij,IV,246.18,Russia,58.16164,58.45291
555709204,Kocherdykskij,IV,184.24,Russia,54.45108,63.10878
555709206,Ocherskij,IV,345.85,Russia,57.68083,54.93638
555709207,Liman reki Razdol`naya,III,27.06,Russia,43.32439,131.80203
555709211,Iremel`,II,497.03,Russia,54.50818,58.86933
555709213,Gora Vajda,III,25.83,Russia,49.87492,143.45863
555709215,Bobrovyj,IV,891.25,Russia,48.49083,135.97853
555709216,Verhnetumninskij,IV,924.17,Russia,50.51389,139.54264
555709218,Ozernyj,IV,426.55,Russia,59.86337,143.09291
555709226,Donguzlovskij,IV,59.69,Russia,55.01954,61.80842
555709228,SHichengskij,IV,140.67,Russia,59.98413,41.34214
555709237,YAmanskij,IV,206.62,Russia,52.41329,39.56660
555709249,Pol`to (Ozerno-rechnaya sistema Pol`to),IV,248.72,Russia,59.79424,81.69932
555709261,Ust`-Tarkskij,IV,903.95,Russia,55.86917,75.81399
555709265,Central`nyj,IV,845.15,Russia,55.65414,83.06758
555709271,Pohvistnevskie prigorodnye dubravy,III,29.66,Russia,53.58745,52.07234
555709282,Ramenskaya lesnaya dacha,III,55.09,Russia,53.27093,48.30641
555709294,Arhyzskij,IV,363.81,Russia,43.49650,41.20672
555709303,Kandatskij,IV,502.43,Russia,56.86027,89.52085
555709305,Priozernyj,IV,338.11,Russia,53.34431,139.58647
555709306,Tongul`skij,IV,252.53,Russia,56.80121,87.68863
555709310,Gorinskij,IV,723.28,Russia,51.14638,137.48253
555709314,Al`kan,IV,341.09,Russia,49.98418,135.52137
555709318,Ozernyj,III,28.22,Russia,57.48310,67.56274
555709321,Ul`ya,IV,2469.92,Russia,58.98962,141.49482
555709325,Pahancheskij,IV,305.60,Russia,68.29377,54.99225
555709326,Ujskij,IV,164.07,Russia,54.27006,59.81816
555709333,Ostrov Iony s prilegayushhej vodnoj territoriej,III,815.08,Russia,56.41758,143.36760
555709351,Morskoe poberezh`e,IV,28.18,Russia,54.12340,140.04398
555709354,Mihajlovskij ryam,III,33.50,Russia,54.88262,78.70045
555709362,Ubinskij priozernyj kompleks,III,107.18,Russia,55.55751,80.37999
555709364,Griva Vertkova,III,25.30,Russia,54.32512,78.77476
555709367,Gromovskij,IV,160.86,Russia,54.92779,21.49355
555709373,Sengileevskie gory,II,436.97,Russia,53.94786,48.70429
555709374,Usa-YUn`yaginskoe,IV,29.93,Russia,66.53672,62.47489
555709375,Starokulatkinskij,IV,201.61,Russia,52.62543,47.56136
555709376,Zemlya leoparda,II,2618.56,Russia,43.11459,131.05969
555709378,Avtotkuul`,IV,3123.52,Russia,64.07192,177.72588
555709382,Ust`-Tanyurerskij,IV,3495.53,Russia,65.01372,174.17558
555709385,Donskoj,IV,117.33,Russia,52.70476,39.01443
555709396,Pervomajskij,IV,92.84,Russia,52.22718,39.41727
555709397,CHaunskaya guba,IV,2478.04,Russia,69.12426,171.31611
555709398,Dolgovskij,IV,39.74,Russia,53.48233,39.03767
555709400,Ozero Uvil`dy,III,79.69,Russia,55.53984,60.48248
555709407,Buura,IV,550.53,Russia,51.72621,92.60310
555709422,Lebedinyj,IV,3283.39,Russia,65.08210,171.57826
555709424,CHekerovskij,IV,126.61,Russia,57.16145,53.45279
555709430,Oblastnovskij,IV,273.08,Russia,57.03248,52.55667
555709438,Kazanskij,IV,268.23,Russia,56.48172,51.84748
555709441,CHichka-YUl`skij,IV,475.82,Russia,57.67216,87.84914
555709443,Boloto Dobroozerskoe,IV,131.36,Russia,60.10348,35.30568
555709444,Lesnoj massiv Bunina gora,III,26.02,Russia,55.05178,36.44274
555709450,Bylina,IV,481.57,Russia,60.05020,47.11717
555709451,Pesterinskij,IV,207.78,Russia,57.56854,52.39151
555709454,Reka Izh,III,81.83,Russia,56.26742,52.93341
555709455,Kara-Su,IV,166.53,Russia,43.23279,43.46629
555709456,Valamazskij,IV,311.24,Russia,57.47464,51.96291
555709463,Kepskij,IV,280.91,Russia,57.81446,53.03333
555709469,Tungusskij,IA,3022.57,Russia,60.74398,102.04055
555709471,Donnyur,IV,27.36,Russia,63.42245,49.06260
555709473,Privolzhskaya lesostep`,IA,82.47,Russia,53.08384,45.60936
555709475,Kuliginskij,IV,437.31,Russia,58.28973,53.65782
555709476,Ozrekskij,IV,89.55,Russia,43.44019,44.06401
555709481,Kaluzhskie zaseki,IA,185.32,Russia,53.67536,35.76347
555709485,Zelenyj gorod,III,48.70,Russia,56.18335,44.06849
555709494,Navashinskij,IV,113.09,Russia,55.58707,42.17067
555709496,Salinskij,IV,361.69,Russia,57.62790,52.72704
555709506,Pripyshminskie bory,II,510.05,Russia,57.11733,64.12194
555709509,Kokyl`-Nyur (Kokyl`nyur),IV,59.49,Russia,61.72642,50.17029
555709511,Araneckij,IV,37.87,Russia,64.84823,57.90482
555709515,Beloborskij,IV,85.81,Russia,61.75027,50.86242
555709517,Saratovskij,IV,442.94,Russia,51.21592,47.79417
555709519,CHegemskij,IV,221.39,Russia,43.48817,43.30460
555709521,Boloto YUpyauzhsuo,IV,357.73,Russia,64.95319,32.33597
555709528,Severnyj,IV,407.20,Russia,58.36652,52.44334
555709530,Poteryannyj klyuch,IV,170.79,Russia,57.25235,52.67195
555709536,Lumpunskij,IV,477.21,Russia,57.34851,51.32633
555709537,Ozero Arej,III,36.82,Russia,51.00064,111.24245
555709545,Boloto u sela Nyuhcha,IV,126.61,Russia,63.91940,36.43077
555709548,Verhne-Malkinskij,IV,218.59,Russia,43.54024,42.75621
555709553,Ozera Laskovskoe  Segdenskoe  CHernen`koe  Urzhinskoe s prilegayushhej zabolochennoj territoriej,III,49.48,Russia,54.83762,39.97518
555709558,Krasnoe boloto,IV,28.51,Russia,54.76247,40.06690
555709561,Golubye ozera,III,134.75,Russia,43.23092,43.59305
555709563,Nizhne-Bannovskij,III,140.23,Russia,50.65505,45.60547
555709564,D`yakovskij les,III,170.50,Russia,50.70583,46.71692
555709566,Mitrofanovskij,IV,25.69,Russia,63.18492,55.96208
555709569,Dyunnyj,IV,63.60,Russia,55.24742,21.34570
555709571,Nizhne-Malkinskij,IV,448.33,Russia,43.71217,42.85192
555709576,Kudeyarova peshhera,III,55.05,Russia,52.14984,45.86246
555709600,Meshhyorskij (Meshherskij),IV,27.99,Russia,52.97302,37.88868
555709602,Iso-Ijyarvi,IV,63.83,Russia,61.61968,29.87712
555709603,Verhne-Kurpskij,IV,76.73,Russia,43.50883,44.42426
555709606,Enhalukskij,IV,145.19,Russia,52.42665,106.98822
555709613,Ozero Medvezh`e,III,57.88,Russia,55.19692,68.00498
555709618,Ozero Tere-Hol`,III,59.77,Russia,50.63214,97.41551
555709620,Tarysskie istochniki,III,30.20,Russia,50.39352,98.18049
555709630,Tersko-Aleksandrovskij,IV,131.14,Russia,43.55265,44.01099
555709638,Ozero Tore-Hol`,III,73.97,Russia,50.05885,95.07405
555709639,Ozero Hadyn,III,36.36,Russia,51.33451,94.52975
555709643,Solikamskij,IV,178.84,Russia,59.99060,56.83361
555709648,Klonovskij,IV,377.51,Russia,62.86489,43.51976
555709649,Sol`vychegodskij,IV,47.25,Russia,61.31915,46.77189
555709661,Boloto Minzelinskoe,III,27.38,Russia,55.60088,83.38216
555709663,Ubinskij ozerno-bolotnyj landshaft,III,60.73,Russia,55.44992,79.72844
555709664,Bolota CHistoe-Alapaevskoe i Strokinskoe,IV,77.90,Russia,58.14889,61.95960
555709668,Majskoe utro,IV,164.33,Russia,54.42897,78.10649
555709669,Vyatkinskij,IV,39.52,Russia,57.73819,56.77875
555709670,Oktyabr`skij,IV,228.29,Russia,56.55106,56.78780
555709671,Boloto Samohvalovskoe,IV,58.95,Russia,56.81269,64.94118
555709681,Sabarskij,IV,81.71,Russia,56.52194,58.80231
555709690,Reka Somnya,III,175.02,Russia,52.94825,138.27098
555709696,Kotlasskij,IV,124.36,Russia,61.59786,47.71884
555709700,Kol`cevaya struktura CHermzha,IV,30.85,Russia,59.80068,37.63814
555709706,Karagajskij,IV,184.26,Russia,54.12526,59.65750
555709707,Dvinskoj,IV,71.55,Russia,64.73850,40.07236
555709709,Luzinskaya Dacha,IV,300.88,Russia,55.24437,72.06928
555709714,Reka Nimelen,III,268.65,Russia,52.74123,135.73102
555709716,Ozero Ebejty,IV,100.00,Russia,54.64457,71.73421
555709718,Nerestovyj massiv Dianovskij,III,100.77,Russia,46.36117,48.66060
555709721,Boloto Kuplangskoe,III,57.78,Russia,56.41092,47.05950
555709730,Filatovskij,IV,171.26,Russia,61.69631,39.07103
555709731,Novorzhevskij,IV,105.30,Russia,57.16110,29.12809
555709734,Marijskoe Prisur`e,IV,64.13,Russia,56.10139,46.13856
555709738,YUrgamyshskij,IV,135.82,Russia,55.58801,64.40972
555709744,Tarusa,IV,472.72,Russia,54.98684,36.98340
555709747,Vazhskij,IV,147.05,Russia,61.22496,42.28583
555709748,Safakulevskij,IV,141.65,Russia,55.07949,62.36704
555709749,CHastoozerskij,IV,199.36,Russia,55.58719,68.06267
555709750,Arshinskij,IV,174.57,Russia,55.55038,59.80713
555709752,Redrovskij,IV,200.16,Russia,58.54193,35.05526
555709754,Verkol`skij,IV,508.70,Russia,63.80971,45.36765
555709756,Mishkinskij,IV,146.86,Russia,55.18811,63.98357
555709757,SHHuchanskij,IV,116.70,Russia,55.39145,62.59788
555709760,Reka SHanya s ohrannym landshaftom,III,28.82,Russia,55.07714,35.57812
555709774,Pustoshkinskij,IV,216.42,Russia,56.47654,29.53669
555709775,Morkinskij,IV,97.91,Russia,56.43094,49.20813
555709776,Loknyanskij,IV,133.44,Russia,56.71695,29.85930
555709778,Togashevskij,IV,34.16,Russia,56.75111,46.54425
555709780,Zelenaya zona goroda Groznogo,IV,204.77,Russia,43.28760,45.66481
555709781,Parabochevskij,IV,104.54,Russia,43.46458,46.22000
555709783,Atleka,IV,33.65,Russia,61.49589,37.74483
555709792,Ozero Polisto,III,82.42,Russia,57.15268,30.37628
555709797,SHajtan-Tau,IA,67.26,Russia,51.67063,57.43358
555709798,Bajkalovskij,IV,183.15,Russia,57.48501,63.97262
555709799,Kamyshlovskij,IV,345.47,Russia,56.80052,62.95503
555709800,Pyshminskij,IV,476.54,Russia,56.83549,63.32670
555709804,CHaryshskij,IV,524.01,Russia,51.05348,83.38193
555709805,Kumysnaya polyana,II,40.87,Russia,51.52779,45.91962
555709806,Bogdinsko-Baskunchakskij,IA,185.20,Russia,48.17011,46.89964
555709824,Ponojskij (zoologicheskij),IV,1157.91,Russia,67.17071,37.58979
555709825,Primorskij,IV,4129.89,Russia,65.51483,40.53389
555709828,Soyanskij,IV,3193.64,Russia,65.38785,42.05368
555709830,Svetlyj,IV,53.18,Russia,64.64601,50.76044
555709832,Kletnyanskij partizanskij les,III,76.37,Russia,53.25260,32.99978
555709838,CHut`inskij,IV,60.62,Russia,63.79015,53.39487
555709848,Rdejskij,IV,90.40,Russia,57.28459,30.93964
555709856,Boloto Ryzhuha,III,30.43,Russia,52.73517,34.40396
555709863,Kenozerskij,II,1406.23,Russia,61.94026,38.19681
555709865,SHuhi-Poktoj,IV,665.62,Russia,48.76338,132.51954
555709866,Poltavskij,IV,1417.31,Russia,43.97573,131.45857
555709874,SHarkan,II,165.67,Russia,57.38517,53.92730
555709878,Mud`yugskij,IV,30.08,Russia,64.91851,40.25335
555709880,SHultusskij,IV,114.61,Russia,61.67993,40.01979
555709892,Sredneussurijskij,IV,723.53,Russia,46.35592,133.98519
555709900,Raka-sitan-nyur,IV,29.90,Russia,63.35942,47.97948
555709903,Zlynkovskij,IV,128.61,Russia,52.39754,31.84078
555709918,Gavan`skie dubravy (Dubrava na levoberezh`e r.Desny),III,31.38,Russia,52.90975,34.01189
555709921,Hrebtovyj,IV,34.12,Russia,67.31882,65.03306
555709924,Hrebetnyur,IV,37.88,Russia,62.56578,56.65821
555709929,YArenskij,IV,373.51,Russia,62.53773,48.99325
555709962,Kedrovka,III,32.09,Russia,64.76772,57.59353
555709994,Ozero Palanskoe,III,810.11,Russia,58.79144,161.03328
555710003,Bol`she-Kasskij,IV,741.86,Russia,59.11816,90.06838
555710004,SHHel`yayurskij,IV,58.89,Russia,65.29453,53.66851
555710008,Partizanskie topi (Ivotok),IV,89.48,Russia,53.77303,34.26178
555710015,Karachevskij,IV,264.07,Russia,53.19256,35.14467
555710028,Ul`skoe boloto,III,66.72,Russia,60.19431,48.20929
555710035,Kolpiny,IV,88.12,Russia,52.38773,34.16689
555710043,Puchkomskij,IV,275.54,Russia,63.92023,46.79564
555710050,El`covskij,IV,177.39,Russia,53.36985,86.67035
555710063,Bredinskij,IV,424.39,Russia,52.27471,60.53447
555710069,Annenskij,IV,404.39,Russia,53.21140,60.28564
555710083,Surnarskij,IV,149.35,Russia,56.24878,50.18979
555710095,Verhov`ya reki Bol`shoj Sestry,IV,52.73,Russia,56.06309,36.29248
555710111,Gora SHunut-Kamen`,IV,51.88,Russia,56.51272,59.74522
555710113,Ozero Isetskoe s okruzhayushhimi lesami,IV,40.23,Russia,56.99546,60.41759
555710116,SHalinskij,IV,127.93,Russia,57.19180,58.50349
555710117,Bogdanovichskij im. A.A. Kiseleva,IV,564.53,Russia,56.75848,61.76306
555710119,Irbitskij,IV,682.75,Russia,57.68301,62.58476
555710120,Dobrovol`skij trakt,IV,85.67,Russia,58.60493,61.64275
555710152,Verhne-Andomskij,IV,40.30,Russia,61.48602,37.25484
555710160,Verhnyaya Strel`na,IV,68.67,Russia,60.45991,45.83282
555710168,CHusovskoj,IV,117.91,Russia,57.81549,58.72936
555710170,Ashit,IV,36.80,Russia,56.27345,49.38638
555710172,Kichke-Tan,IV,120.86,Russia,56.05852,52.89793
555710180,Zalesovskij,IV,299.78,Russia,54.33492,85.16901
555710183,Pankrushihinskij,IV,162.47,Russia,53.83451,80.20513
555710193,Valaamskij arhipelag,II,237.10,Russia,61.36300,31.08587
555710202,YAnsaevskij,IV,2225.83,Russia,58.74608,62.80352
555710206,Hotmyzhskij,II,109.93,Russia,50.62198,35.85781
555710211,Tapovskij,IV,494.71,Russia,57.15249,67.31564
555710214,Suprinskij,IV,253.40,Russia,58.16998,69.63505
555710229,Gorodishhenskij les,IV,111.04,Russia,60.23805,37.08611
555710232,Moshkarinskij,IV,175.80,Russia,56.99749,66.49148
555710236,Geofizicheskaya stanciya Lovozero,III,26.87,Russia,67.97646,35.07738
555710247,Alabuga,IV,230.72,Russia,57.03242,68.57583
555710251,Vikulovskij,IV,889.47,Russia,56.92413,70.09452
555710252,Kasmalinskij,IV,154.43,Russia,53.11123,82.53065
555710255,Kulundinskij,IV,166.55,Russia,53.24354,81.92874
555710256,Orlovskij,IV,1244.98,Russia,52.29856,129.08315
555710263,Pes`yanovskij,IV,105.26,Russia,56.42598,69.38955
555710264,Pinezhskij,IA,518.53,Russia,64.59789,42.99315
555710270,Kaleval`skij,IB,744.31,Russia,65.00654,30.00462
555710271,Stershinyj (uchastok h 2),IV,864.93,Russia,58.93407,67.60501
555710277,Bajgorovskij,IV,61.84,Russia,51.89365,39.91642
555710284,Torfyanoe boloto Dulesovskoe (Torfyanoe mestorozhdenie Dulevskoe),III,62.96,Russia,56.53788,53.88043
555710287,Majnskij,IV,82.13,Russia,54.37630,47.57146
555710290,Bazarnosyzganskij,IV,158.58,Russia,53.81384,46.91452
555710291,Surskie vershiny,IV,117.81,Russia,53.38378,46.93040
555710292,Zelenaya roshha,II,37.81,Russia,59.07281,37.84854
555710293,Sosnovskij,IV,80.66,Russia,54.13941,46.61447
555710294,CHeremshanskij,IV,61.58,Russia,54.16945,49.51859
555710297,SHilovskaya lesostep`,IV,79.79,Russia,54.04183,48.66301
555710302,Sredninskij bor,IV,82.88,Russia,57.84113,65.16000
555710306,Urus-Martanovskij,IV,250.34,Russia,42.98718,45.61243
555710316,Krasnoturanskij Bor,IV,401.22,Russia,54.23999,91.62507
555710317,Krasnoyarskij,IV,3539.99,Russia,55.97107,92.85586
555710324,Bashhelakskij,IV,107.63,Russia,51.34385,84.27400
555710327,Ugrimskij,IV,156.48,Russia,50.57374,36.36996
555710338,Boloto Bor,IV,55.21,Russia,59.34262,32.08635
555710341,Zaozerskaya akkumulyativnaya vodno-lednikovaya gryada,III,26.68,Russia,58.39313,33.12398
555710352,Spasskie mhi,IV,410.12,Russia,58.92841,32.64484
555710362,Poluostrova Rybachij i Srednij,II,830.59,Russia,69.76200,32.44179
555710363,Pokrovskij,IV,156.62,Russia,50.76335,38.34594
555710367,Emeshevskij,IV,51.33,Russia,56.26012,46.35602
555710370,Trirech`e,IV,95.82,Russia,50.75662,36.32781
555710376,Kadinskij,IV,509.74,Russia,54.83452,101.20056
555710380,Ozero Itkul`,III,30.32,Russia,56.15087,60.51948
555710381,Kebezhskij,IV,222.63,Russia,53.27384,92.71957
555710383,Pereluchskij,IV,66.81,Russia,58.23748,34.59297
555710386,Ust`-Volmskij,IV,41.09,Russia,58.49316,32.23895
555710393,Ognyanskij,IV,1074.97,Russia,59.46104,95.25870
555710396,Motyginskoe mnogoostrov`e,IV,123.07,Russia,58.08097,94.64832
555710399,Pushkariha,IV,214.53,Russia,55.22500,91.72081
555710400,Prichulymskij,IV,431.19,Russia,56.41716,90.10782
555710406,Dmitrievskij,IV,285.18,Russia,51.20393,38.10812
555710426,Agryzskij,IV,294.52,Russia,56.14264,53.40655
555710429,SHumbutskij,IV,207.18,Russia,55.51062,50.65482
555710431,Bilyarskij,IV,121.80,Russia,54.90386,50.52959
555710432,Meshinskij (YAntykovskij),IV,1500.91,Russia,55.67652,50.18311
555710433,Bolotnaya sistema Novlenskoe (bolota Novlenskoe  Pyhanskoe  CHernoe),IV,62.63,Russia,58.49801,39.69362
555710453,Len`yunyur (Len`yu-Nyur),IV,92.71,Russia,64.45199,53.49778
555710460,Onskij,IV,192.37,Russia,65.00561,46.67121
555710464,Sujginskij lesopark,III,29.02,Russia,57.87832,84.43520
555710466,Prilepinskij,IV,161.71,Russia,50.96893,37.58302
555710469,CHurovichskij,IV,65.48,Russia,52.18512,31.93653
555710478,Bol`shaya Pashkina,IV,513.15,Russia,52.45515,91.53721
555710480,CHukchinskoe,IV,979.67,Russia,66.01284,52.03679
555710481,Bol`she-Kemchugskij,IV,718.39,Russia,56.40754,91.69745
555710482,Zaozerskij,IV,25.06,Russia,60.82497,50.33389
555710487,Berezovaya dubrava,IV,275.33,Russia,55.67299,89.72704
555710490,Bol`shemurtinskij,IV,843.97,Russia,56.83037,93.33615
555710498,Tajmyrskij,IA,17772.18,Russia,74.33090,104.86145
555710501,Nebesanyur (Nebesa-Nyur),IV,268.76,Russia,66.55955,56.53594
555710502,Voronezhskaya nagornaya dubrava,IV,70.61,Russia,51.80858,39.25267
555710503,Severozemel`skij,IV,5146.88,Russia,79.42416,97.51562
555710509,Medvedskij bor,III,113.34,Russia,57.46475,50.11119
555710510,Hanata,IV,518.41,Russia,47.67817,44.73896
555710522,Sostinskij,IV,431.50,Russia,45.37158,45.50441
555710530,SHilovskij,IV,331.32,Russia,61.77514,45.56199
555710533,Surskij,IV,141.35,Russia,63.60587,45.90802
555710534,Omutinskij,IV,47.66,Russia,56.30931,67.59236
555710538,Pozhegskij,IV,111.97,Russia,61.99552,54.00682
555710543,Ergaki,II,3448.00,Russia,52.67216,93.35565
555710565,Don-Ty,IV,187.01,Russia,61.59474,54.03772
555710569,Pizhemskij,IV,1044.72,Russia,64.79337,51.04282
555710571,Ezhugskij,IV,497.47,Russia,64.11224,46.03783
555710572,Lymva,IV,126.44,Russia,62.24542,53.23865
555710578,Roven`skij,IV,88.90,Russia,49.95028,39.06246
555710585,Sever Mshinskogo bolota,IV,152.45,Russia,59.16257,30.22930
555710587,Pogromskij,IV,165.94,Russia,50.38727,37.74657
555710612,Sindorskij,IV,128.10,Russia,62.73653,51.92713
555710614,Simvinskij,IV,44.70,Russia,62.88251,51.82614
555710616,Vymskij,IV,2863.28,Russia,63.74580,51.14991
555710619,Ur-El`-Nyur (Ur`el`nyur),IV,47.34,Russia,61.89157,52.45452
555710624,Ilychskij,IV,3481.54,Russia,62.84578,57.87402
555710625,Okean,IV,1787.82,Russia,66.31967,53.22205
555710628,Hopkovskij i Kletchatyj,IV,66.80,Russia,66.13429,52.73631
555710635,Un`inskij,IV,1427.89,Russia,61.70771,58.49576
555710636,Semilukskij,IV,26.41,Russia,51.75654,39.05105
555710638,Udorskij,IV,2412.50,Russia,64.18543,50.11422
555710639,Uchastok reki Pechora,IV,918.34,Russia,61.98588,58.63366
555710644,Usinskij kompleksnyj,IV,1405.87,Russia,65.71886,57.21630
555710647,Tyb`yunyur (Tyb`yu-Nyur),IV,688.32,Russia,62.55393,51.82316
555710649,Nyumlyginskij,IV,55.36,Russia,62.53141,56.30522
555710652,Syninskij,IV,1386.87,Russia,65.47789,58.12089
555710653,Sebys`,IV,1717.63,Russia,64.52827,54.33347
555710656,Suskin el`,IV,29.77,Russia,63.07101,54.15332
555710658,Sula-Har`yaginskij,IV,64.74,Russia,66.88174,51.98856
555710661,Nadpojmennyj,IV,122.45,Russia,66.27630,57.36841
555710662,YUil,IV,36.17,Russia,61.55296,50.44757
555710667,Pobyl`nichanyur,IV,52.73,Russia,64.04582,57.54155
555710673,Nemskij,IV,360.81,Russia,61.66672,55.53329
555710674,Syv`yudorskij,IV,122.99,Russia,62.75067,52.83873
555710675,Vizingskij,IV,245.47,Russia,61.35666,49.84366
555710678,bez nazvaniya,IV,26.13,Russia,63.38522,48.74978
555710680,Kajgorodkanyur,IV,32.32,Russia,64.28823,57.56121
555710681,Levoberezhnyj,IV,57.38,Russia,65.36159,56.94080
555710688,Lar`kovskij,IV,160.73,Russia,66.26210,52.75125
555710696,Lunvyvnyur,IV,32.21,Russia,61.79566,51.44622
555710699,Lesnoj,IV,87.96,Russia,58.20623,35.33062
555710701,Purganyur,IV,56.43,Russia,64.96715,57.37760
555710702,Rameshkovskij,IV,138.35,Russia,57.33360,35.92629
555710703,Novikkush,IV,37.73,Russia,61.98018,52.99838
555710707,Debo (Debo),IV,32.77,Russia,62.50457,50.38343
555710708,Pon`yu-Zaostrennaya,IV,70.29,Russia,66.31229,59.02367
555710709,Vychegda,IV,340.07,Russia,62.45712,55.29422
555710713,Kuzobnyur (Kuzob-Nyur),IV,33.73,Russia,61.83013,53.30873
555710717,Leknyur,IV,167.08,Russia,64.08653,57.38728
555710720,Visherskij,IV,104.03,Russia,62.45267,52.03550
555710721,Belyj,IV,77.94,Russia,62.07817,50.38855
555710726,Martyushevskoe,IV,118.46,Russia,62.63527,56.36196
555710729,Koschovcha,IV,94.78,Russia,63.23449,48.15724
555710730,Korabel`naya chashha,IV,33.33,Russia,62.60676,47.29194
555710737,Bol`shoe,IV,38.68,Russia,61.85399,52.10571
555710741,Adak,IV,26.69,Russia,66.49332,59.59320
555710743,CHuhlomskij Vad-Egyr,IV,26.64,Russia,61.24782,50.01137
555710747,Verhne-Lokchimskij,IV,425.68,Russia,61.50895,52.32331
555710748,Rodniki,IV,162.03,Russia,51.13761,38.98980
555710756,Lebyazh`e,IV,27.79,Russia,57.00991,65.54517
555710760,Uporovskij,IV,65.93,Russia,56.20374,66.17961
555710761,Boloto Isakovskoe,IV,45.17,Russia,58.77417,39.66760
555710779,CHumajsko-Irkutyanovskij,IV,267.44,Russia,55.64225,87.91152
555710784,Kozskij,IV,112.13,Russia,58.45580,40.02626
555710799,Bekel`deul`,IV,1048.61,Russia,53.94287,127.68350
555710800,Andreevskij,IV,761.56,Russia,49.79230,130.57663
555710805,CHerustinskij les,IV,228.30,Russia,55.44268,40.06586
555710830,Bushkovskij les,IV,92.80,Russia,57.11251,49.51899
555710831,Burejskij,II,1313.87,Russia,49.98715,130.20355
555710832,Gerbikanskij,IV,866.48,Russia,52.68090,132.03935
555710833,Blagoveshhenskij,IV,61.59,Russia,50.59110,127.65878
555710851,Krasnogorskij,IV,63.72,Russia,48.57647,141.98496
555710854,Ereminskij,IV,51.75,Russia,56.36216,70.56219
555710857,Amurskij,IV,164.48,Russia,49.65182,128.30557
555710866,Naumovskij,IV,102.25,Russia,58.37379,40.87325
555710876,Lachskij,IV,83.80,Russia,61.21884,38.64957
555710882,Krymskij,IV,209.22,Russia,45.09562,37.94730
555710883,Belorechenskij,IV,102.34,Russia,44.76519,39.73436
555710898,Muromskij,IV,597.56,Russia,55.92221,42.39792
555710910,Lesa zapadnoj chasti Borshhevskogo lesnichestva,IV,53.83,Russia,56.54303,36.81883
555710911,Pobochinskaya lesnaya dacha,III,25.98,Russia,51.93972,45.65091
555710918,Nizhne-Norskij,IV,302.79,Russia,52.50335,129.92417
555710919,Norskij,IA,2051.57,Russia,52.72780,130.33842
555710939,Iverskij,IV,500.78,Russia,51.76625,128.65629
555710940,Hingano-Arharinskij,IV,537.21,Russia,49.54985,130.79757
555710941,Krasnaya gorka,IV,131.74,Russia,44.99766,37.57427
555710942,Urkanskij,IV,1417.54,Russia,54.22216,125.34798
555710943,Olekminskij,IV,3691.50,Russia,55.97089,121.49628
555710944,Ul`minskij,IV,1891.41,Russia,51.79302,130.21629
555710945,Ust`-Tygdinskij,IV,935.89,Russia,52.69081,127.82985
555710946,Urushinskij,IV,371.88,Russia,53.58383,122.73066
555710947,Tashinskij,IV,1891.57,Russia,50.94811,129.98914
555710950,Verhne-Amurskij,IV,507.01,Russia,53.50720,123.84127
555710954,Magdagachinskij,IV,1045.15,Russia,53.63205,125.87962
555710955,Mal`mal`ta,IV,137.53,Russia,50.36847,130.81500
555710956,Lopchinskij,IV,1431.86,Russia,55.66602,122.32773
555710984,Boloto Suhoe,IV,40.20,Russia,58.66351,39.04636
555710990,Kochergatskij,IV,125.32,Russia,52.14362,105.15907
555710991,SHorskij,IV,107.85,Russia,56.22237,49.11466
555710993,CHatyr-Tau,IV,41.48,Russia,54.88386,53.40171
555710994,Stepnoj imeni A.I.SHHepovskih,IV,58.30,Russia,54.51137,52.29849
555710995,Bol`shoe Kosinskoe boloto,IV,25.13,Russia,59.48987,54.13196
555711008,Tihoe (Tihonovskoe) boloto,IV,30.72,Russia,58.80744,56.66395
555711009,Hasautskij,IV,423.17,Russia,43.59576,42.49607
555711010,Labinskij,IV,112.03,Russia,43.74764,40.92276
555711011,Damhurc,IV,331.57,Russia,43.67613,40.81802
555711012,El`burganskij,IV,158.25,Russia,44.07414,41.87995
555711022,Pozarym,IV,2537.27,Russia,51.79707,89.28712
555711023,Ust`-Medvedickij,II,502.52,Russia,49.55360,42.60595
555711024,Nizhnehoperskij,II,2307.10,Russia,50.10669,42.21425
555711025,El`tonskij,II,1054.03,Russia,49.17735,46.69432
555711030,Beringiya,IB,18173.64,Russia,65.86150,-172.31129
555711040,Maruhskij,IV,505.04,Russia,43.50402,41.48843
555711047,Reka CHusovaya,II,863.52,Russia,57.46043,59.18126
555711050,Rezhevskoj,IV,342.25,Russia,57.34880,61.03121
555711052,Olen`i ruch`i,II,125.80,Russia,56.53119,59.24593
555711059,Bezhtinskij,IV,432.21,Russia,42.24741,45.98146
555711061,Bazhovskie mesta,II,384.08,Russia,56.42798,60.65144
555711067,Monastyrskij,IV,159.25,Russia,63.42530,44.65826
555711068,Kolyvanskij borok,III,102.86,Russia,51.36014,82.60140
555711072,Kosobsko-Kelebskij,IV,816.28,Russia,42.25464,46.33712
555711073,Kasumkentskij,IV,247.84,Russia,41.61826,47.96996
555711079,Educhanskij,IV,458.68,Russia,57.42546,101.93493
555711083,Verhneamurskij,IV,2394.52,Russia,53.33024,120.85920
555711084,Lebedinye ozera (Okunajskij),IV,2134.03,Russia,56.08697,108.62474
555711112,CHajskij,IV,242.91,Russia,57.85876,110.14017
555711116,Cna,IV,57.29,Russia,55.35425,39.36660
555711118,Kirejskij,IV,291.47,Russia,53.81362,100.46722
555711120,Zulumajskij,IV,656.70,Russia,53.74885,100.83527
555711130,Orlovskij,IV,85.50,Russia,56.17796,68.55288
555711146,Boloto Zapovednoe,III,36.55,Russia,65.12527,32.68453
555711147,Ugranskij,IV,178.93,Russia,54.85702,33.94115
555711153,Tal`sko-Garevskij,IV,348.94,Russia,56.64890,92.91678
555711154,Solgonskij kryazh,IV,1146.96,Russia,55.54234,90.56927
555711155,Tajbinskij,IV,673.62,Russia,54.61019,96.02675
555711165,SHumyachskij,IV,187.47,Russia,53.92366,32.30434
555711168,Tohtaj,IV,158.61,Russia,53.05655,92.63312
555711174,Baltasinskij,IV,34.52,Russia,56.31812,50.23079
555711178,Klyaz`minskij,IV,193.43,Russia,56.49705,41.62388
555711184,Azas,IA,3338.08,Russia,52.50541,97.58970
555711185,Pelikanij (Ondatrovyj),IV,26.03,Russia,53.44925,78.86460
555711201,Mamontovskij,IV,98.28,Russia,52.64159,81.54968
555711208,Ust`-CHumyshskij,IV,70.74,Russia,53.55058,83.17247
555711216,Ershichskij,IV,262.77,Russia,53.69763,32.90244
555711217,Karasevskaya lesnaya dacha,IV,32.73,Russia,54.98058,38.65980
555711218,ZHuravlinaya rodina,IV,119.74,Russia,56.73773,37.87010
555711219,Velizhskij,IV,207.61,Russia,55.49135,31.07060
555711222,El`ninskij,IV,199.01,Russia,54.43693,32.87425
555711223,Gagarinskij,II,607.45,Russia,55.85392,34.88562
555711236,Konoshskij,IV,80.24,Russia,60.80641,40.31456
555711237,Habykskij,IV,81.65,Russia,54.48747,92.20745
555711238,CHulymskij,IV,154.82,Russia,57.49271,89.42925
555711240,Ubejsko-Salbinskij,IV,157.73,Russia,54.89090,91.60788
555711241,Makovskij,IV,1317.02,Russia,58.18118,90.26943
555711243,Kologrivskij les,IA,592.61,Russia,58.49349,44.20700
555711244,Sisimskij,IV,380.89,Russia,54.79243,93.15467
555711247,Ozero Tunajcha,III,215.32,Russia,46.76948,143.21777
555711250,Kozhozerskij,IV,2030.94,Russia,63.03636,37.90121
555711251,Belozerskij,IV,316.25,Russia,59.71120,37.86173
555711259,Anashenskij bor,III,60.34,Russia,54.90691,91.12502
555711264,SHemogodskij,IV,213.05,Russia,60.79374,46.64272
555711273,CHermozskoe boloto,IV,41.08,Russia,58.75880,56.04945
555711279,Vozhegodskij,IV,165.68,Russia,60.64609,40.91241
555711281,Arej,II,35.92,Russia,51.00108,111.24247
555711283,Argalejskij,IV,109.57,Russia,51.29155,114.03653
555711284,Kemskij,IV,239.42,Russia,59.28182,44.84554
555711310,Ozero Nero,III,54.53,Russia,57.16233,39.41996
555711315,Hutinskij,IV,1076.23,Russia,52.60530,94.64132
555711317,Tapsinskij,IV,1089.51,Russia,51.95212,94.96994
555711318,Ka'kskij,IV,644.37,Russia,51.35685,93.52225
555711325,Zyuratkul`,II,889.40,Russia,54.79417,59.05354
555711326,YUzhno-Ural`skij,IA,2345.97,Russia,54.26066,58.10368
555711341,Il`inskij,IV,83.11,Russia,57.33125,38.64326
555711347,Vostok Finskogo zaliva (Ingermanlandskij),IA,152.25,Russia,60.11701,27.61960
555711353,Ozero Tiberkul`,III,70.72,Russia,53.89886,94.03433
555711356,Verhne-Volzhskij,IV,141.67,Russia,57.69482,38.48969
555711363,Hutinskij,IV,805.67,Russia,49.50459,139.30383
555711370,Lesnoj klyuch,IV,238.66,Russia,55.55749,48.87611
555711371,Ul`durginskij,IV,453.85,Russia,52.26998,114.66624
555711373,Manominskij,IV,341.88,Russia,49.56863,137.79272
555711374,Hor-Muhen (Hor-Muhenskij),IV,182.75,Russia,48.43965,136.69356
555711376,Ust`e reki Meshi,IV,127.52,Russia,55.39201,49.38649
555711381,ZHura,IV,270.54,Russia,55.32047,90.95191
555711382,Centr ohrany prirody  Zejskij,II,36.67,Russia,51.05428,127.86512
555711386,Oloneckij,IV,240.13,Russia,60.75197,32.99242
555711393,Iglovskij bolotnyj massiv,III,45.24,Russia,56.85163,84.53682
555711394,Bolotnaya sistema Uluh-CHayah,II,116.74,Russia,57.42381,88.76417
555711396,Sosnovye bory Prichet`ya,II,37.28,Russia,57.10233,88.25223
555711403,Gornaya Adygeya,II,57.68,Russia,43.98176,39.83330
555711409,Mininskie Stolby,III,43.85,Russia,56.00311,92.37220
555711412,Geograficheskij centr Rossijskoj Federacii,III,122.33,Russia,66.42456,94.23306
555711421,Ozero Svetlen`koe,III,41.06,Russia,59.41762,88.86485
555711422,Ob`-Enisejskij soedinitel`nyj vodnyj put`,III,59.01,Russia,59.32193,88.93920
555711423,Boloto Sandilovo  vklyuchaya Luzhenskoe  Russkogornoe,IV,36.16,Russia,57.60490,34.88721
555711429,Krasnoyarskie Stolby,II,472.20,Russia,55.83139,92.85438
555711431,Taganaj,II,576.48,Russia,55.34236,59.81905
555711446,Eerbekskij,IV,246.66,Russia,51.83471,93.90450
555711462,CHaa-Hol`skij,IV,238.22,Russia,51.14463,92.30550
555711467,Babushkinskij,IV,239.24,Russia,59.88413,43.02898
555711478,Ozero Mastah,III,41.03,Russia,64.48550,122.47566
555711481,Ozero Ulahan Kyuel`,III,110.45,Russia,67.79178,124.23657
555711483,Ozero Ulahan Kyuel`,III,69.38,Russia,72.56227,118.53486
555711485,Boloto Bol`shoe u der.SHalimovo,IV,42.32,Russia,57.80950,38.61304
555711486,Ozero Myuryu,III,46.04,Russia,62.66572,131.10374
555711489,Ozero D`engkyude (Ozero Dengkyude),III,56.01,Russia,63.56668,119.04793
555711490,Ozero Bol`shoe Toko i konechno-morennyj landshaft,III,109.17,Russia,56.08008,130.98363
555711491,Ozero Byranattalaah (Byranattalah),III,71.11,Russia,63.70531,124.41800
555711492,Kuchenevskij,IV,191.07,Russia,58.45374,39.57327
555711500,Baskunchak,II,392.40,Russia,48.16787,46.94847
555711511,Sochinskij nacional`nyj park,II,2076.94,Russia,43.76682,39.80868
555711512,Goryacheklyuchevskoj (Goryache-Klyuchevskoj),IV,426.90,Russia,44.48771,38.95950
555711522,Guberlinskie gory,IV,1059.14,Russia,51.24704,57.81297
555711526,Dovolenskij,IV,734.92,Russia,54.65998,79.92098
555711546,Hunzahskij,II,27.24,Russia,42.59616,46.49012
555711550,Marij CHodra,II,381.16,Russia,56.13256,48.43692
555711557,Mangazerskij,IV,104.50,Russia,55.46999,78.01149
555711560,Legostaevskij,IV,325.31,Russia,54.71072,83.91768
555711571,Ozero Gassi,III,44.90,Russia,49.04823,136.43405
555711578,Bashkirskij,IA,496.70,Russia,53.40425,57.96210
555711592,Bolota Solodiha i Morskoe,IV,65.21,Russia,57.73908,37.65601
555711594,Kava,IV,6068.09,Russia,59.69509,146.32396
555711607,Kzyladyrskoe karstovoe pole,III,36.00,Russia,51.18222,56.92981
555711609,Psebajskij,IV,370.80,Russia,44.02829,40.58733
555711612,Floristicheskij,IV,89.95,Russia,57.98678,38.32319
555711613,Volzhskie prostory,IV,290.76,Russia,55.60881,48.85118
555711614,Aginskaya step`,IV,449.45,Russia,50.70714,114.90796
555711615,Nikishinskij,IV,645.62,Russia,52.36506,114.17341
555711617,Borzinskij,IV,605.97,Russia,51.29508,118.57324
555711621,Gorodskoj lesopark Lebyazh`e,II,27.73,Russia,55.84102,48.93266
555711622,Butungarskij,IV,837.67,Russia,50.91071,109.40237
555711623,Dzhilinskij,IV,1198.14,Russia,50.72478,112.17646
555711624,Olengujskij,IV,664.20,Russia,50.98490,112.61555
555711626,Turovskij,IV,411.36,Russia,51.83754,118.17910
555711628,Uryumkanskij,IV,255.17,Russia,51.70509,119.01398
555711629,CHitinskij,IV,1228.10,Russia,52.77951,114.39340
555711632,Semenovskij,IV,478.06,Russia,51.43199,116.22052
555711633,Sredneargunskij,IV,2059.52,Russia,51.79482,120.04419
555711637,Parfen`evskij,IV,95.76,Russia,58.01610,37.65062
555711640,Alfyorovskij,IV,105.06,Russia,58.18733,38.15197
555711652,Kedrovye lesa,III,45.09,Russia,45.19610,135.37599
555711659,Hoso,II,1227.08,Russia,49.78877,137.84496
555711660,Gornaya step`,IV,52.74,Russia,49.42163,112.01291
555711661,Suetskij,IV,205.86,Russia,53.15694,79.78420
555711662,Sokolovskij,IV,401.15,Russia,52.54627,84.67822
555711663,Reliktovye duby,IV,303.86,Russia,52.73114,120.13991
555711664,Vyazemskij,II,328.79,Russia,47.40722,134.87823
555711666,SHeremet`evskij,II,45.63,Russia,47.32477,134.22846
555711669,Simminskij,IV,410.08,Russia,49.47435,135.27448
555711679,Matajskij,IV,237.96,Russia,47.44046,135.65262
555711681,Rostovskij,IA,96.18,Russia,46.41260,42.87460
555711685,Nizhnyaya Kama,II,267.05,Russia,55.77325,52.21618
555711686,Voroninskij,IA,103.18,Russia,52.44712,42.58401
555711687,Kostomukshskij,IA,495.46,Russia,64.45985,30.33280
555711689,CHukozero,III,191.30,Russia,62.51889,37.42555
555711690,Bol`shehehcirskij,IA,453.24,Russia,48.18874,134.89836
555711691,CHernogor`e,IV,52.05,Russia,44.11459,39.77156
555711692,Ozero CHagytaj,III,51.02,Russia,51.01594,94.73673
555711695,Ozero Sut-Hol`,III,37.93,Russia,51.51898,91.16269
555711710,Polistovskij,IA,378.40,Russia,57.15199,30.55845
555711711,Oldondinskij,IV,474.34,Russia,50.76099,117.04107
555711713,Zav`yalovskij,IV,132.83,Russia,52.91575,81.18104
555711714,Horskij,IV,641.23,Russia,47.87850,136.33480
555711715,Aleusskij,IV,246.90,Russia,54.02988,80.91425
555711716,Volchihinskij,IV,327.96,Russia,51.95695,80.61721
555711723,SHevyrlyaevskij,IV,207.00,Russia,54.12120,41.50957
555711724,CHurikovskij,IV,106.60,Russia,53.98928,39.22247
555711725,Toninskij,IV,115.94,Russia,54.61000,40.56481
555711726,Boriskovskij,IV,119.31,Russia,54.80321,40.14400
555711727,Mokshinskij,IV,158.44,Russia,54.67741,41.98017
555711728,Boloto Maloe ZHab`e,IV,41.19,Russia,55.27810,40.16271
555711732,Kojgorodskij,II,566.99,Russia,59.81110,50.16780
555711736,SHajdomskij,IV,303.23,Russia,62.74245,34.13764
555711737,Boloto Vazhinskoe,III,92.96,Russia,61.37825,33.51187
555711742,Urochishhe Plato Ozernoe,III,36.14,Russia,45.87230,136.62264
555711756,Dolina kedrov,III,37.75,Russia,44.09981,135.03220
555711765,Zilim,II,366.52,Russia,54.01331,56.96463
555711766,Nyazepetrovskij,IV,85.23,Russia,56.13128,59.53350
555711767,Ust`-Reckij,IV,318.29,Russia,59.93263,40.85422
555711768,Totemskij,IV,926.30,Russia,60.18847,43.20536
555711770,Tufanovskij,IV,224.18,Russia,59.07383,40.54394
555711771,Vostochno-Ural`skij,IA,170.00,Russia,55.85403,60.95007
555711777,Nizhne-Kubenskij,IV,192.51,Russia,60.06452,39.91655
555711792,Neneckij,IA,3133.10,Russia,68.76090,56.38770
555711796,Gydanskij,II,8780.97,Russia,72.39732,76.83124
555711798,Visherskij,IA,2421.21,Russia,61.28048,59.03249
555711799,Utrish,IA,101.33,Russia,44.73829,37.47316
555711801,Surchinyj,IV,666.61,Russia,53.94753,157.51884
555711804,Synsko-Vojkarskij,IV,2913.24,Russia,65.86816,63.34509
555711805,Dvinsko-Pinezhskij,IV,3003.98,Russia,63.13813,44.29897
555711807,ZHupanovskij liman,IV,29.33,Russia,53.62477,159.86651
555711817,Olenij dol,IV,709.11,Russia,52.47796,157.69411
555711818,Komissarovskij,IV,1163.72,Russia,44.71005,131.36550
555711822,Strel`nikov,IV,117.45,Russia,46.68270,134.23192
555711823,Akshinskij,IV,665.37,Russia,50.39790,112.68482
555711824,Nel`minskij,IV,442.27,Russia,47.62019,139.09134
555711825,Dubynskij,IV,118.02,Russia,55.56645,68.87188
555711826,Bol`shoe Kayukovo,III,57.52,Russia,60.30690,73.60793
555711830,Untorskij,IV,864.33,Russia,62.60587,65.10560
555711831,Surgutskij,IV,1145.73,Russia,61.05471,74.03596
555711838,Kotel`skij,IV,161.04,Russia,59.66496,28.58455
555711840,Ponojskij (rybohozyajstvennyj),IV,4182.80,Russia,67.16117,39.40332
555711841,Kaspijskij,IV,362.19,Russia,45.45800,47.31269
555711843,Tajgonos,IV,6336.33,Russia,61.12873,160.73223
555711844,Ostrovnoj,IV,828.68,Russia,44.67025,147.19833
555711846,Ust`-Lenskij,IA,14029.64,Russia,72.91764,125.85465
555711850,Nerestovyj massiv Kalininskij,III,34.93,Russia,46.34972,48.90013
555711852,Laguna Busse,III,59.67,Russia,46.53442,143.30179
555711854,Routan,III,48.57,Russia,69.74307,170.15540
555711855,Guba Ivanovskaya,III,83.53,Russia,68.26133,38.68359
555711857,Vlas`evskie torfyaniki,IV,28.06,Russia,53.50956,140.87315
555711861,CHastye ostrova,IV,49.00,Russia,52.47726,141.32442
555711864,Agrahanskij,IV,406.53,Russia,43.80040,47.61027
555711873,Magadanskij,IA,8970.44,Russia,61.40497,150.56446
555711878,Tulomskij,IV,325.88,Russia,68.64688,32.30475
555711880,Leopardovyj,IV,1841.73,Russia,43.25742,131.39994
555711881,YAnskie mamonty,IV,20694.29,Russia,71.62830,138.39355
555711887,Laplandskij les,IV,1739.69,Russia,68.31999,30.40946
555711888,Kutsa,IV,486.23,Russia,66.72355,30.24505
555711889,Simbozerskij,IV,401.13,Russia,67.93087,33.59883
555711890,Hibiny,II,910.49,Russia,67.74687,33.76660
555711891,Kolvickij,IV,425.35,Russia,67.18715,33.42919
555711892,Varzugskij,IV,447.57,Russia,66.76572,36.22730
555711893,Pasvik,IA,147.52,Russia,69.27109,29.59064
555711895,Sejd'yavvr`,IV,170.15,Russia,67.80747,34.81594
555711896,Kanozerskij,IV,666.65,Russia,66.96777,34.51180
555711897,Murmanskij tundrovyj,IV,3001.86,Russia,67.92039,37.97883
555711899,Nurgush,IA,236.17,Russia,58.87475,49.31743
555711901,Volzhsko-Kamskij,IA,116.70,Russia,55.59742,49.01134
555711904,Severo-Osetinskij,IA,293.58,Russia,42.83150,44.06699
555711905,Kabardino-Balkarskij vysokogornyj,IA,803.43,Russia,43.06188,43.23511
555711906,Il`menskij im. V. I. Lenina,IA,355.46,Russia,53.97774,59.94395
555711907,Malaya Sos`va,IA,2235.26,Russia,62.14102,64.19978
555711908,YUganskij,IA,6251.30,Russia,59.82721,74.66378
555711910,Kuzneckij Alatau,IA,4018.16,Russia,54.54635,88.42952
555711911,Hakasskij,IA,3105.96,Russia,53.08698,89.71013
555711913,Verhne-Kondinskij,IV,2461.06,Russia,61.02889,63.66886
555711914,Ryazanskij,IV,362.08,Russia,54.57904,41.11691
555711915,Cejskij,IB,283.46,Russia,42.93257,44.27953
555711916,Tofalarskij,IV,1248.78,Russia,54.32706,95.95342
555711921,Dzherginskij,IA,2383.96,Russia,55.14333,111.52974
555711923,Alaniya,II,559.33,Russia,42.87128,43.65704
555711924,Buzulukskij bor,II,1097.63,Russia,53.09721,51.79772
555711926,Russkij Sever,II,1714.70,Russia,59.99752,38.53707
555711927,Samarskaya Luka,II,1305.59,Russia,53.29410,49.66746
555711928,Smol`nyj,II,364.99,Russia,54.79227,45.34924
555711929,Hvalynskij,II,252.23,Russia,52.52899,47.91613
555711930,SHushenskij bor,II,393.21,Russia,53.00744,91.68661
555711931,Altachejskij,IV,770.57,Russia,50.93144,107.29887
555711933,Bairovskij,IV,663.68,Russia,56.09140,73.00121
555711936,Krasnyj yar,IV,569.39,Russia,52.52274,105.07186
555711937,Sovetskij,IV,1297.61,Russia,42.66098,45.61622
555711938,Stepnoj,IV,1141.85,Russia,54.52189,75.54246
555711939,Surskij im.S.A.Buturlina,IV,238.38,Russia,54.59846,46.94374
555711940,Tyumenskij,IV,558.13,Russia,57.52097,65.15262
555711941,Cimlyanskij,IV,431.51,Russia,47.89723,42.56400
555711943,Momskij,II,19504.41,Russia,65.51392,146.27887
555711944,Ust`-Vilyujskij,II,9442.26,Russia,65.18982,126.08905
555711945,Kolyma,II,22041.90,Russia,67.61455,156.92604
555711948,Ozero Dzheka Londona,II,34.19,Russia,62.07232,149.52063
555711949,Numto,II,5768.72,Russia,63.73668,70.77973
555711950,Sibirskie uvaly,II,2948.06,Russia,62.58311,81.41424
555711952,Ilola,IV,38.19,Russia,60.43999,29.53918
555711955,Lisinskij,IV,294.03,Russia,59.43774,30.63797
555711958,Ozero Melkovodnoe,IV,44.62,Russia,60.81735,29.45490
555711962,Gryada Vyaryamyansel`kya,IV,76.13,Russia,60.60912,30.00519
555711963,Rakovye ozera,IV,105.21,Russia,60.63520,29.38839
555711964,SHalovo-Perechickij,IV,59.43,Russia,58.78120,29.98081
555711966,Gladyshevskij,IV,76.30,Russia,60.25948,29.42489
555711971,Vepsskij les,II,1904.48,Russia,60.25674,34.82774
555711988,ZHivye almazy YAkutii,II,319.11,Russia,62.63369,113.43971
555711989,Soloschu,IV,141.92,Russia,61.97705,128.99008
555712052,Ozero Dapdary,IV,232.68,Russia,67.44935,133.78925
555712053,Ozero Abyrabyt,IV,2865.69,Russia,69.32507,135.54650
555712054,Ozero Namy,IV,542.90,Russia,69.18562,134.14015
555712055,Oyun-yuryage,IV,2500.25,Russia,69.62927,133.84983
555712056,reka Kyuchyus,IV,1463.96,Russia,69.80470,134.64175
555712057,reka Nel`gese,IV,4346.32,Russia,65.64970,134.30897
555712058,reka Nenneli,IV,831.13,Russia,68.52630,137.15830
555712059,reka Suruktah,IV,495.71,Russia,65.20815,132.69676
555712060,reka Haltysy,IV,2436.54,Russia,66.49775,133.91170
555712061,reka Echij,IV,5508.41,Russia,66.62790,130.86005
555712062,Inderkej,IV,404.71,Russia,64.89910,132.30415
555712065,Volgo-Ahtubinskoe mezhdurech`e,II,147.39,Russia,47.54626,46.73824
555712066,Donskoj,II,373.82,Russia,49.10837,43.93021
555712067,SHHerbakovskij,II,239.27,Russia,50.40572,45.72089
555712068,Ozernyj,IV,331.39,Russia,57.53980,103.61256
555712069,Razdol`nyj,IV,141.79,Russia,55.49122,85.13770
555712070,Vogulka,IV,647.16,Russia,63.89847,64.26060
555712071,Sorumskij,IV,1481.84,Russia,64.05788,68.33076
555712073,Severnyj,IV,1314.97,Russia,56.46563,79.75573
555712078,Berezovskoe boloto,IV,28.32,Russia,60.27816,56.56102
555712137,Zubcovskij zoologicheskij zakaznik,IV,216.23,Russia,56.02144,34.57259
555712164,Ivano-Arahlejskij,II,2092.95,Russia,52.11354,112.74643
555712166,Solymskoe I boloto,IV,29.04,Russia,60.13200,55.44389
555712189,SHumak,II,54.80,Russia,51.97517,101.88377
555712190,Tyva,II,977.36,Russia,50.67163,90.14585
555712191,YUzhno-Taezhnyj,IV,42.69,Russia,57.03043,88.00304
555712192,SHeminskij,IV,294.17,Russia,50.89780,91.53624
555712193,Sut-Hol`skij,IV,273.65,Russia,51.51761,91.16836
555712194,Derzigskij,IV,272.00,Russia,51.55468,95.82840
555712196,Ayangatinskij,IV,617.29,Russia,50.71870,90.87375
555712197,Kizhinginskij,IV,399.75,Russia,51.66229,109.81784
555712198,Mujskij,IV,446.62,Russia,56.59151,114.93154
555712199,Pribajkal`skij,IV,720.71,Russia,52.64166,107.74681
555712200,Ulyunskij,IV,182.79,Russia,53.77514,109.78741
555712201,Koz`modem`yanskij,IV,83.91,Russia,57.55415,39.57938
555712224,Dal`nekonstantinovskaya,IV,48.96,Russia,55.73383,43.82219
555712261,Varnavinskij,IV,362.28,Russia,57.47336,45.12690
555712262,Pizhemskij,IV,300.67,Russia,57.93824,47.14208
555712264,Ichalkovskij,IV,117.89,Russia,55.44602,44.61150
555712265,Urazovskij,IV,155.80,Russia,55.36199,45.49052
555712353,Vedenskij,IV,622.16,Russia,42.77409,45.99859
555712355,Asebar,IV,81.63,Russia,53.00249,57.75124
555712359,Kazinskij,IV,154.99,Russia,50.19311,37.76154
555712387,Reka Kol`,IV,2199.54,Russia,53.85276,156.62634
555712410,Vaspuhol`skij,IV,1099.63,Russia,60.56524,67.35433
555712412,Bastak,IA,919.65,Russia,49.01784,133.05296
555712413,Bureinskij,IA,3569.20,Russia,52.00329,134.61590
555712415,Vitimskij,IA,5859.44,Russia,57.20052,116.93442
555712418,Lipovaya roshha (Lipovyj ostrov),IV,78.02,Russia,53.34135,87.42765
555712421,Belaya Kedva,IV,518.03,Russia,64.15432,52.49454
555712422,Verhne-Vashkinskij,IV,842.37,Russia,62.63587,47.82067
555712429,Kimrskij,IV,113.53,Russia,57.05950,37.09867
555712433,Gazhayagskij,IV,180.81,Russia,63.23209,54.73921
555712437,Don`-Nyur,IV,36.90,Russia,62.28739,50.57953
555712438,Usinskij,IV,117.88,Russia,66.27107,58.49185
555712442,Madzhskij,IV,241.75,Russia,62.06099,51.37701
555712443,Potvodel`ezhd,IV,27.65,Russia,62.48461,52.87253
555712444,Serginskij,IV,332.07,Russia,56.47867,59.36713
555712445,Danilovskij,IV,36.77,Russia,64.62468,57.79831
555712449,Kel`tmanskoe,IV,334.60,Russia,61.37212,54.32572
555712450,Vezhavozhskij,IV,28.33,Russia,63.18228,53.64522
555712451,Kiyanyur (Kiya-Nyur),IV,109.58,Russia,61.64798,51.48624
555712452,Pysskij,IV,682.14,Russia,64.22480,48.11945
555712453,Zavidovo,II,1330.89,Russia,56.43829,36.12485
555712455,Bol`shoj,IV,40.97,Russia,65.72721,52.29446
555712456,Sklyapskij (boloto Keresnyur),IV,59.00,Russia,63.08234,56.05820
555712465,Sodzimskij,IV,346.90,Russia,64.04260,47.58552
555712466,Ozeriha,IV,29.77,Russia,59.94372,44.13909
555712476,Mihajlovskij,IV,183.58,Russia,51.62352,40.26594
555712477,Garinskij,IV,105.96,Russia,59.40693,61.97654
555712494,Gora Sober-Bash,III,33.70,Russia,44.70035,38.57183
555712496,Kamennaya step`,IV,52.63,Russia,51.04777,40.71857
555712499,Lipeckij,IV,183.27,Russia,52.54338,39.67523
555712505,Hoperskij,IA,191.15,Russia,51.20571,41.75180
555712508,Langurskij,IV,160.07,Russia,60.02505,60.72878
555712524,Nerestovyj massiv Zabuzanskij,III,133.46,Russia,46.48343,48.30865
555712526,Reka Bol`shaya Sul`cha,III,98.56,Russia,54.62093,50.92498
555712534,Opocheckij,IV,178.48,Russia,56.64055,28.86902
555712535,Hamamatyurtovskij,IV,114.01,Russia,43.61520,46.48258
555712537,Nikolaevskij,IV,194.73,Russia,58.30489,29.38090
555712539,Nevel`skij,IV,193.93,Russia,56.20922,29.70878
555712550,Ozero Dikoe,IV,41.25,Russia,58.39798,64.24320
555712559,Reka Stepnoj Zaj,III,109.11,Russia,54.82065,52.33220
555712568,Kolp`,IV,33.04,Russia,55.92669,41.58725
555712569,Reka Sviyaga,III,140.25,Russia,55.14797,48.43563
555712583,Al`menevskij,IV,334.11,Russia,54.95938,63.16782
555712587,Taezhnyj,IV,306.70,Russia,45.35011,135.01733
555712592,Tumninskij,IV,1468.17,Russia,49.75512,140.22882
555712594,Dobrovskij,IV,26.07,Russia,52.93805,39.95403
555712596,Ul`dury,IV,269.10,Russia,48.50201,132.92954
555712597,Udegejskaya legenda,II,766.33,Russia,45.69125,135.51804
555712607,Dautskij,IB,771.84,Russia,43.46026,41.94247
555712619,Pol`novskij,IV,113.51,Russia,52.77521,40.73130
555712621,Uchastok levoberezhnoj pojmy r.Klyaz`my vozle ozer Monastyrskoe i Nikol`skaya starica Vyaznikovskogo rajona (Vyaznikovskaya pojma),IV,29.34,Russia,56.28712,42.09039
555712625,Morshanskij,IV,440.01,Russia,53.37726,41.57443
555712626,Reka Luzha s ohrannym landshaftom,III,28.87,Russia,55.11912,35.82909
555712633,ZHeleznye vorota,IV,191.83,Russia,64.79959,43.13587
555712634,Ozero El`gygytgyn,III,1375.71,Russia,67.42458,172.18792
555712639,Hmelino-Kershinskij,IV,167.93,Russia,53.11416,41.84477
555712642,Sudskij bor,IV,30.30,Russia,59.33226,36.97959
555712643,Spasskij bor,IV,63.68,Russia,60.69840,43.23164
555712646,Okskij beregovoj,IV,190.18,Russia,55.31406,41.94120
555712652,Cimlyanskie peski,II,691.71,Russia,48.01228,42.63300
555712654,Boloto Moh Mshana,IV,26.85,Russia,56.91921,33.84656
555712667,Severnyj,IV,1277.56,Russia,54.17091,142.62768
555712677,Reka Im,III,109.31,Russia,52.54846,138.01036
555712679,Kumylzhenskij,IV,260.02,Russia,49.70097,42.50244
555712685,Sondugskij,IV,117.78,Russia,60.19265,42.12322
555712687,Leshhevskij,IV,153.03,Russia,48.52959,44.82078
555712689,Boloto Moh CHistik-1,IV,81.46,Russia,56.97481,33.40272
555712703,Prirodnyj park Respubliki Kalmykiya,II,32.09,Russia,47.57088,46.77552
555712704,Berezovyj,IV,603.72,Russia,43.89752,134.33320
555712710,Klyaz`minsko-Luhskij,IV,434.16,Russia,56.33760,42.36108
555712719,Voronezhskij,IV,231.41,Russia,51.82107,39.46006
555712726,Karlyhanovskij,IV,198.14,Russia,55.91802,58.89469
555712731,Odyan,IV,767.22,Russia,59.02930,152.02015
555712732,Kavinskaya dolina,IV,2586.44,Russia,59.51447,147.73890
555712746,Botchinskij,IA,2726.17,Russia,48.12698,139.14622
555712747,Bragunskij,IV,158.57,Russia,43.41094,46.04595
555712748,Vasil`kovskij,IV,369.85,Russia,43.58168,135.03809
555712749,CHurki,IV,838.98,Russia,48.19400,132.67221
555712750,Tihij,IV,129.80,Russia,44.24043,133.24773
555712752,Paanayarvi,IB,1044.37,Russia,66.28582,30.13887
555712754,Razdorskij,IV,447.62,Russia,50.13576,43.68426
555712768,Novocheremshanskij,IV,106.60,Russia,54.34058,49.89595
555712769,Sengileevskie gory,IV,343.99,Russia,53.91664,48.61544
555712775,Kungak,IV,30.07,Russia,52.86973,56.02399
555712781,Verhnepolujskij,IV,1950.20,Russia,65.35016,69.15301
555712782,YAmal`skij,IV,44729.00,Russia,69.34008,69.70665
555712783,Sobty-YUganskij,IV,3576.64,Russia,65.68998,67.41938
555712786,Polyarno-Ural`skij,II,4590.76,Russia,67.23901,72.35171
555712787,Pyakol`skij,IV,4336.48,Russia,64.94483,82.38729
555712788,Messo-YAhinskij,IV,860.31,Russia,68.28061,79.02480
555712798,Tugulymskij,IV,212.01,Russia,57.01156,64.46628
555712803,Uspenovskie klyukvenniki,III,25.70,Russia,46.80966,142.61752
555712806,Krutovskij,IV,360.26,Russia,55.82954,39.43194
555712816,CHernye skaly,IV,132.72,Russia,44.28308,135.71850
555712818,Dichun,IV,488.09,Russia,48.52980,130.93033
555712819,Dzhugdzhurskij,IA,8154.54,Russia,56.60639,137.81739
555712843,Vostochnyj,IV,680.99,Russia,50.62539,143.48377
555712856,Ural-Tau (Uraltau),IV,526.88,Russia,54.58129,59.24605
555712876,Korsakovskij Krivun na reke Amur,III,52.60,Russia,51.30373,126.88112
555712879,Mordovskij im. P. G. Smidovicha,IA,321.57,Russia,54.82121,43.34931
555712881,Boloto Usodica,IV,33.26,Russia,55.85830,31.58270
555712887,Askinskij,IV,149.55,Russia,56.11275,57.22539
555712889,Belokatajskij,IV,31.77,Russia,55.75514,59.00314
555712900,Boloto Ozernoe,IV,26.51,Russia,55.77046,31.53683
555712917,Kajta,IV,1476.21,Russia,67.22103,31.18657
555712925,Lazovskij im. L.G. Kaplanova,IA,1217.95,Russia,43.10141,133.96468
555712926,Losinyj,IV,265.28,Russia,47.07227,138.54325
555712963,Lesnye massivy v mezhdurech`e rek SHlina  Krupica  Lonnica,IV,50.71,Russia,57.60344,34.26599
555712964,Gora Iremel`,III,68.76,Russia,54.53106,58.86876
555712968,Polujskij,IV,632.87,Russia,66.10151,68.35576
555712974,Bolotnaya sistema Belaya (bolota Polovecko-Kupanskoe  ZHupeevo),IV,26.22,Russia,56.93447,38.68948
555712979,Toropeckij,IV,26.18,Russia,56.48823,31.88084
555712980,Udomel`skij,IV,98.67,Russia,57.95835,35.14638
555712993,Tundrovyj,IV,1897.48,Russia,52.40871,141.97322
555712997,Poronajskij,IA,572.39,Russia,49.04617,144.23674
555712999,Malye Kurily,IV,678.70,Russia,43.62538,146.38906
555713017,Ozerskij el`nik,III,67.74,Russia,46.60179,143.36594
555713024,Boloto Morevo,IV,38.68,Russia,58.37071,35.75897
555713036,Koverninskij,IV,222.77,Russia,57.43847,44.21729
555713052,Boloto Bol`shoe,IV,28.93,Russia,57.67891,35.78329
555713064,Boloto Krasnyj Moh i Medvezhij chistik,IV,168.57,Russia,56.78604,32.61718
555713125,Turmonskij,IV,140.78,Russia,43.02608,43.95547
555713128,Nechkinskij,II,211.19,Russia,56.80730,53.86674
555713139,Ozera Imles i Dubovoe s zabolochennymi beregami,IV,27.78,Russia,55.31368,40.16131
555713140,Boloto Lebedinec  vklyuchaya bolota Gluhovskoe  Volch`i ruch`i  D`yakovskoe  Medkovskoe,IV,36.03,Russia,57.58091,34.04280
555713148,Boloto Sorokovoj bor,IV,53.38,Russia,55.05567,39.92024
555713151,Boloto Orshinskij Moh,IV,700.62,Russia,56.98362,36.44321
555713167,Boloto Lebyazh`e,IV,69.16,Russia,57.31365,33.50020
555713169,Boloto Lebedevskij Moh,IV,50.00,Russia,56.80064,32.36351
555713206,Boloto Lubyanskoe,IV,36.80,Russia,56.66808,30.95721
555713245,Boloto Velesskaya bolotnaya sistema (opytnoe lesnichestvo),IV,82.53,Russia,56.10619,32.08157
555713248,CHinetinskij,IV,650.24,Russia,51.30349,83.09960
555713250,Boloto Markovskoe,IV,35.80,Russia,57.01581,37.37302
555713257,Boloto Potahovskij Moh,IV,34.14,Russia,55.94508,32.61795
555713266,Sary-CHumyshskij,IV,550.90,Russia,53.26612,86.85739
555713267,Egor`evskij,IV,199.88,Russia,52.02317,80.96121
555713284,Boloto Medvedkovskoe,IV,41.61,Russia,58.18011,35.84783
555713304,Boloto Velikosel`skij Moh,IV,76.40,Russia,56.62024,32.36713
555713305,Boloto Gladkoe Podlipskoe,IV,56.06,Russia,57.68339,33.70021
555713323,Kuvshinovskij,IV,172.34,Russia,57.16119,34.11771
555713365,Nesterovskij,IV,320.12,Russia,55.86385,33.06557
555713375,Firovskij gosudarstvennyj obshhevidovoj zakaznik,IV,352.42,Russia,57.50267,33.42736
555713379,Boloto Propashhee,IV,31.67,Russia,56.69793,30.90358
555713384,Boloto Dyatlovskoe,IV,30.34,Russia,56.26782,32.47229
555713386,Boloto Ramenskoe,IV,40.92,Russia,57.97462,34.40571
555713389,Pustynskij,IV,61.42,Russia,55.69529,43.60414
555713390,Boloto Rodos`eno,IV,38.41,Russia,58.14001,35.76154
555713395,Boloto ZHarkovsko-Peleckij Moh,IV,432.38,Russia,55.96129,32.30035
555713402,Boloto Savickoe (Savcinskoe),IV,40.44,Russia,57.44211,37.13159
555713407,Sosnovyj bor Vysokovskij,IV,35.88,Russia,57.26566,38.78186
555713410,Boloto Svyatovskoe,IV,34.50,Russia,57.71536,36.15871
555713447,Ozero Sig,III,31.24,Russia,57.04696,33.12081
555713452,Magdanskij,IV,852.16,Russia,53.61557,104.80132
555713454,Pojma r. M. Suren` v ust`e r. Azakla,III,47.05,Russia,52.38330,56.81255
555713459,Reka Tojma,III,54.71,Russia,55.88078,52.22759
555713463,Buguyanovskij,IV,129.98,Russia,55.31876,46.81432
555713473,Kalininskij,IV,108.58,Russia,55.54454,46.77361
555713477,Boloto Stahovskij Moh,IV,109.76,Russia,56.03043,32.63884
555713480,Reki YAman'elga i Sarva i ih okrestnosti,III,41.94,Russia,55.31486,57.06142
555713485,Kumashkinskij,IV,168.67,Russia,55.57658,46.21544
555713494,ZHarkovskij,IV,354.87,Russia,55.99119,32.43145
555713496,Brodokalmakskij,IV,183.84,Russia,55.61714,61.98902
555713501,Arga,IV,916.20,Russia,56.09650,89.84009
555713504,Berezovskij,IV,278.41,Russia,55.90634,89.44334
555713512,Boloto Temnoe vokrug ozera Bol`shedvorskoe,IV,33.01,Russia,57.49488,35.02773
555713524,Boloto Temnyj Moh,IV,30.69,Russia,55.83024,32.31948
555713545,Zapadnodvinskij,IV,117.32,Russia,56.08475,32.09434
555713564,Nerestovaya reka Duki,III,121.55,Russia,51.18146,135.55877
555713565,Kompanejskij,III,64.77,Russia,50.36361,130.51842
555713594,SHurankul`skij,IV,266.35,Russia,55.82290,62.33112
555713595,Kuril`skij,IA,658.52,Russia,43.96178,145.92280
555713598,CHernaya sopka,III,32.16,Russia,55.91006,93.01583
555713600,Tigirekskij,IA,415.05,Russia,51.01659,82.89403
555713611,Puchkomskij,IV,119.56,Russia,63.77328,46.68158
555713623,Kivach,IA,108.19,Russia,62.29832,33.92306
555713624,Trostenskoe ozero i ego okruzhenie,IV,38.07,Russia,55.87365,36.50131
555713634,Zabajkal`skij,II,2639.47,Russia,53.80757,109.20659
555713635,Bobrovyj,IV,400.04,Russia,54.60883,158.70490
555713652,Kletnyanskij,IV,407.66,Russia,53.22101,32.86377
555713655,Valdajskij,IV,38.05,Russia,57.85192,33.55413
555713656,Nalychevskaya tundra,IV,176.67,Russia,54.50203,158.20480
555713662,Ozero Harchinskoe,IV,98.33,Russia,56.54107,160.79627
555713667,Boloto Dolzhinskoe,IV,34.87,Russia,57.77818,30.55262
555713679,Garus,IV,40.31,Russia,50.53656,39.85121
555713680,Zemlyanskij,IV,174.58,Russia,51.80446,38.79015
555713683,Velikoarhangel`skij,IV,39.68,Russia,50.83907,40.67869
555713684,YUrginskij,IV,166.18,Russia,56.95629,67.15698
555713685,Allapy,IV,1183.57,Russia,56.25318,75.85056
555713689,Novo-Tapovskij,IV,119.22,Russia,57.07257,67.88056
555713694,Tukuzskij,IV,426.01,Russia,57.42635,69.72256
555713695,Timonovskij,IV,729.35,Russia,53.81384,158.27034
555713698,SHalinskij,IV,256.15,Russia,43.11592,46.03173
555713702,Rafajlovskij,IV,192.53,Russia,56.36283,65.25454
555713706,Sajlyugemskij,IB,1182.52,Russia,49.76604,87.86397
555713707,Kilejnyj,IV,1295.06,Russia,57.06641,71.49221
555713711,Boloto u ozer Vodonezh`e i SHHuch`e,IV,29.19,Russia,57.60899,34.71276
555713723,Krasnoyaruzhskij,IV,108.66,Russia,50.81307,35.50973
555713725,Mandrovskij,IV,550.86,Russia,50.32887,38.22381
555713731,Meshhera,II,1186.57,Russia,55.55085,40.28929
555713738,Zaozernyj,IV,2302.67,Russia,56.49745,71.76721
555713743,Boloto Zaborovskoe Fedovo-SHitovskoe,IV,45.04,Russia,57.45351,34.53260
555713749,CHeremeneckij,IV,79.36,Russia,58.58353,29.91300
555713754,Glebovskoe boloto,IV,182.83,Russia,59.14503,30.64459
555713757,Antibesskij,IV,538.57,Russia,56.08673,87.42602
555713759,Aleksandrovskij,IV,208.52,Russia,51.81747,141.78000
555713762,Vilegodskij,IV,272.24,Russia,61.35694,48.09197
555713763,Orenburgskij,IA,381.87,Russia,51.37795,56.01293
555713771,Belomorskij,IV,398.01,Russia,64.52061,40.59211
555713772,Sijskij,IV,248.24,Russia,63.55836,41.56053
555713774,Majzasskij,IV,920.06,Russia,57.00477,76.98168
555713775,Basegi,IA,380.61,Russia,58.85717,58.44822
555713776,Selenginskij,IV,65.92,Russia,62.06610,43.32573
555713779,Salairskij,IV,333.37,Russia,54.60666,85.04833
555713780,Permilovskij,IV,1790.50,Russia,63.52079,40.34213
555713782,Reka Anna,III,37.62,Russia,47.16536,142.96577
555713783,ZHuravlinyj,IV,672.74,Russia,48.18224,131.47632
555713784,Barzasskij,IV,606.70,Russia,55.51476,86.58322
555713795,SHantarskie ostrova,II,5169.24,Russia,54.78084,137.46466
555713802,Pleseckij,IV,211.54,Russia,63.14962,39.56386
555713804,Ozero Gor`koe,III,147.82,Russia,52.28587,81.38111
555713805,Karstovye ozera,IV,192.87,Russia,58.63951,34.06967
555713812,Stepnoj,IV,1094.58,Russia,45.88711,46.56396
555713818,Bungarapsko-Azhendarovskij,IV,644.24,Russia,54.67518,86.96249
555713823,Bel`sinskij,IV,768.03,Russia,53.81272,88.78488
555713824,Kamyshanova polyana,IV,31.29,Russia,44.16616,40.02363
555713826,Kitatskij,IV,468.36,Russia,56.30934,85.82878
555713829,Krasnolip`evskij,IV,48.21,Russia,51.20721,38.68061
555713830,Ievlevskij,IV,105.43,Russia,57.60972,67.51042
555713831,Tihoreckij,IV,143.59,Russia,45.91913,40.38627
555713833,Nizhne-Tomskij,IV,274.55,Russia,56.07994,84.71059
555713838,Samurskij,II,541.18,Russia,41.56330,48.05405
555713840,Davydovskij,IV,42.04,Russia,56.15548,40.71671
555713845,Ust`yanskij,IV,73.40,Russia,61.09307,43.57066
555713847,Siine (Sinyaya),II,13746.80,Russia,61.92511,124.26416
555713856,Bogradskij,IV,403.06,Russia,54.17894,90.71585
555713859,Imangra,IV,2777.23,Russia,56.57053,120.27935
555713860,Birminskij,IV,1036.92,Russia,51.25931,129.54320
555713869,Andreevskij sosnovyj bor,IV,25.29,Russia,57.24287,38.98902
555713873,Kaskad vodopadov na reke SHinok,IV,56.95,Russia,51.36811,84.56523
555713878,Buhty Zaliva Pos`eta (Novgorodskaya  Ekspedicii  Rejd Pallada),III,178.87,Russia,42.63342,130.80121
555713882,Srednyaya Krylovka,IV,38.69,Russia,45.06335,134.19950
555713888,Sebezhskij,II,510.80,Russia,56.18524,28.43613
555713889,Dzhabyk-Karagajskij bor,III,601.35,Russia,53.08956,60.19459
555713898,Kal`dera vulkana Gorelyj,III,106.32,Russia,52.55778,158.05499
555713904,Vishtyneckij,II,229.32,Russia,54.39919,22.54530
555713905,Balgazynskij,IV,911.94,Russia,51.20585,95.11154
555713907,Nerchuganskij,IV,2525.18,Russia,53.57059,117.02092
555713912,Gubkinskij,IV,258.20,Russia,51.12004,37.51115
555713918,Olenevskij bor,IV,26.01,Russia,60.01643,46.29450
555713926,Ozero Dobreckoe,IV,62.13,Russia,46.71743,143.18411
555713928,Akzharskaya step`,III,145.99,Russia,51.18814,59.44384
555713929,SHanskij,IV,293.06,Russia,51.66286,95.55839
555713937,Erzi,IA,353.39,Russia,42.84482,45.02437
555713941,Ol`hovskoe boloto,IV,81.16,Russia,59.52500,54.74090
555713942,CHagytajskij,IV,112.62,Russia,51.01670,94.74499
555713947,Tumbotinskij,IV,115.41,Russia,56.04753,42.89858
555713948,Kondinskie ozera,II,413.47,Russia,60.89533,63.59299
555713952,Kinzelyukskij vodopad,III,87.17,Russia,54.17173,95.81678
555713955,Ohanskij (Kunchurihinskij) bor,IV,102.12,Russia,57.80979,55.29040
555713956,Ochel-YAg,IV,26.80,Russia,60.13580,55.22877
555713957,Samarovskij CHugas,II,65.43,Russia,61.11624,69.23887
555713958,Taezhnyj,IV,436.66,Russia,55.29708,158.64176
555713960,Pisanyj,IV,314.53,Russia,55.73927,85.66009
555713961,Kokujskoe boloto,IV,29.61,Russia,54.55356,85.39903
555713966,SHaburovskij,IV,192.39,Russia,56.16885,61.28449
555713968,Ozero Ingol`,III,31.84,Russia,55.53580,88.84471
555713969,Ozero Cingol`,III,25.39,Russia,55.34413,89.11231
555713970,Bol`shegridinskij,IV,26.74,Russia,55.47776,39.48101
555713992,Nogajskij,IV,106.58,Russia,44.26097,46.05625
555713993,Lotos,IV,433.98,Russia,45.81886,37.97741
555714006,Hoperskij,IV,69.23,Russia,51.27478,41.75981
555714012,CHulpan,IV,62.21,Russia,56.04300,49.04627
555714026,Dolinskij (Izyubrovyj),IV,92.19,Russia,47.56652,142.58694
555714030,Durgenskij,IV,319.85,Russia,50.97083,94.57517
555714062,Sumul`tinskij,IV,2549.96,Russia,50.89072,86.98441
555714063,SHavlinskij,IV,2557.11,Russia,50.10021,87.15382
555714065,SHimozerskij,IV,85.00,Russia,60.47580,35.65068
555714070,Uspenskij,IV,868.29,Russia,55.06912,79.60302
555714072,Ondumskij,IV,255.85,Russia,51.81611,94.80923
555714094,Bondarevskij bor,III,27.82,Russia,52.93504,90.38586
555714109,Sihote-Alin`,III,52.56,Russia,47.64571,135.78921
555714111,Beloozerskij,IV,78.39,Russia,53.99281,56.32039
555714121,Bizhbulyakskij,IV,137.04,Russia,53.84125,54.35521
555714125,Birskij,IV,206.94,Russia,55.50181,55.34331
555714132,Kamchatskij,IV,94.89,Russia,58.63533,38.82448
555714157,Safonova dacha,IV,31.98,Russia,44.19653,43.55207
555714159,Olenij pereval,IV,487.96,Russia,54.43437,88.60113
555714162,Elanovskij,IV,26.22,Russia,55.68676,54.74963
555714172,Nakazbashevskij,IV,224.44,Russia,52.72042,56.15115
555714179,Suzunskij,IV,1360.24,Russia,53.82369,82.52727
555714182,Kemskij,IV,160.17,Russia,57.71600,92.75968
555714189,SHajtantau,IV,217.36,Russia,51.82294,57.41845
555714198,Ordynskij,IV,464.04,Russia,54.25657,81.16167
555714199,Kiskachinskij,IV,753.81,Russia,53.97952,89.85160
555714202,Manujlovskij,IV,178.97,Russia,55.51121,84.31504
555714203,CHikmanskij,IV,423.55,Russia,54.65165,81.26750
555714204,YUzhnyj,IV,359.71,Russia,53.43210,77.73956
555714205,Zdvinskij,IV,605.91,Russia,54.49819,78.93927
555714210,Iyusskij,IV,333.79,Russia,54.37016,89.42549
555714215,Kazatovskij,IV,375.50,Russia,55.75891,78.22514
555714220,Inskoj,IV,89.25,Russia,54.09068,83.09990
555714225,Mayak,IV,232.77,Russia,54.30314,80.77389
555714228,Vargashinskij,IV,233.77,Russia,55.58139,65.98725
555714229,YUdinskij,IV,1150.10,Russia,54.78459,76.73130
555714234,Istok reki Volgi,IV,75.20,Russia,57.25178,32.48805
555714245,Boloto Mareevo (Mareevskoe),IV,42.14,Russia,58.39203,35.89039
555714258,Dalmatovskij,IV,162.35,Russia,56.33399,62.90116
555714265,Priel`brus`e,II,1014.13,Russia,43.37080,42.62082
555714266,Lebyazh`evskij,IV,152.00,Russia,55.36185,66.60171
555714267,Makushinskij,IV,151.53,Russia,55.24196,67.47820
555714268,Mokrousovskij,IV,181.01,Russia,55.89468,67.19091
555714269,CHistyj moh,IV,66.70,Russia,59.37498,32.16845
555714272,Oslyanskij,IV,353.81,Russia,59.13849,58.46517
555714275,Turuhanskij,IV,1240.75,Russia,62.32637,89.25163
555714276,Ishimbajskij,IV,560.21,Russia,53.66150,56.65287
555714277,Maratovskij kedrovnik,IV,51.98,Russia,59.65150,54.80487
555714288,Pleshheevo ozero,II,235.15,Russia,56.75315,38.72816
555714289,Onezhskij,IV,251.60,Russia,61.28059,36.44816
555714292,Troickij,IV,304.60,Russia,57.91292,66.21014
555714293,Andreapol`skij,IV,232.13,Russia,56.91588,31.56570
555714294,Taborinskij,IV,72.73,Russia,58.73546,65.03593
555714304,Romanovskoe I boloto,IV,102.86,Russia,59.20437,56.34647
555714328,Malinovyj Hutor,IV,86.47,Russia,56.80118,56.64792
555714330,Nizhnevisherskij,IV,502.44,Russia,60.08505,57.00592
555714350,Petuhovskij,IV,297.77,Russia,55.18037,67.95086
555714354,Polovinskij,IV,102.88,Russia,54.99241,65.69904
555714355,Byzimskoe (Byzim) boloto,IV,242.39,Russia,60.58270,55.43900
555714356,Lenskij,IV,167.14,Russia,62.28437,48.31737
555714359,Pritobol`nyj,IV,160.45,Russia,54.94986,65.52885
555714362,Onezhskoe Pomor`e,II,1806.61,Russia,64.75847,37.51188
555714371,Bolota Bityukovskoe i CHeremushkino,IV,49.20,Russia,57.18880,37.25026
555714377,Proryvinskij,IV,221.60,Russia,54.41566,64.54142
555714394,Ozera Megorskoj gruppy,IV,166.38,Russia,60.89373,35.77669
555714400,YUzhnyj,IV,883.17,Russia,45.45634,44.95389
555714402,Sviyazhskij,IV,127.18,Russia,55.65900,48.55788
555714405,Klincovskij,IV,123.86,Russia,52.85993,32.34387
555714414,Lyuksini,IV,5662.48,Russia,59.49371,109.93012
555714418,Bolota Kruteckij Moh i CHistik,IV,58.11,Russia,57.17690,33.30045
555714425,SHatrovskij,IV,424.89,Russia,56.29923,65.04140
555714427,Bol`shoe Kamskoe boloto,IV,1018.87,Russia,60.37695,55.18760
555714428,Boloto Studinec,IV,43.43,Russia,56.91156,32.35094
555714439,Bologovskij gosudarstvennyj obshhevidovoj zakaznik,IV,84.47,Russia,57.95707,34.09274
555714440,Malo-Kemchugskij,IV,367.92,Russia,56.73002,92.14113
555714441,Bol`shaya step`,IV,412.83,Russia,57.00045,94.86948
555714442,Tyuhtetsko-SHadatskij,IV,257.44,Russia,53.25711,93.48335
555714450,Boloto o1 Samojlovskoe,IV,98.53,Russia,58.63236,37.12435
555714451,Orlovskoe Poles`e,II,850.77,Russia,53.31853,35.45203
555714460,Pochinkovskij les,IV,33.59,Russia,58.66969,40.69990
555714463,Bernovskij,IV,105.02,Russia,56.70826,34.64997
555714464,Serpievskij,IV,554.07,Russia,54.80270,57.98576
555714472,Russkaya Arktika,IA,87515.50,Russia,79.03500,56.86148
555714478,Saratovskoe boloto,IV,65.05,Russia,56.52590,93.65543
555714492,Zunda,IV,383.83,Russia,45.72448,44.29406
555714494,Elogujskij,IB,7630.50,Russia,61.73660,85.95244
555714495,Bolotnyj massiv u d. Novouspenka,III,26.83,Russia,56.61755,84.18087
555714498,Otnenskij,IV,66.38,Russia,59.16819,36.45143
555714500,Boloto Topya,IV,39.10,Russia,58.38299,35.38057
555714503,Salbat,IV,180.61,Russia,55.21051,89.52478
555714510,Byuzinskij,IV,270.17,Russia,55.54480,92.11415
555714512,Makarovskij,IV,389.27,Russia,48.51513,142.51931
555714513,Boloto SHitovskoe,IV,62.66,Russia,57.13033,60.45989
555714515,Boloto o4 Samshinskoe,IV,37.84,Russia,58.56652,37.24037
555714516,Usen`-Ivanovskij,IV,163.49,Russia,54.23243,54.42599
555714523,Boloto o2 Lekomskogo lesnichestva,IV,71.91,Russia,58.77413,37.01282
555714525,Kandry-Kul`,II,54.51,Russia,54.49987,54.05452
555714526,SHumihinskij,IV,396.06,Russia,55.34724,63.23120
555714532,Uzkolugskij,IV,152.80,Russia,50.56152,108.22150
555714533,Asly-Kul`,II,459.54,Russia,54.27336,54.52552
555714536,Lunskij zaliv,III,222.21,Russia,51.27072,143.43510
555714537,Luhtozerskij,IV,54.93,Russia,60.60151,36.35247
555714538,Bazojskij kedrovo-bolotnyj kompleks,III,41.14,Russia,55.74016,83.29700
555714539,Hakasiya,II,1599.48,Russia,52.01128,88.48965
555714543,Boloto o1 Lekomskogo lesnichestva,IV,114.75,Russia,58.76710,36.91524
555714558,Srednevskij bobrovo-vyhuholevyj,IV,42.07,Russia,58.41416,42.50988
555714561,Varlamovskij,IV,162.55,Russia,54.65343,60.72290
555714562,CHernoborskij,IV,224.02,Russia,53.76253,60.29971
555714565,Sanarskij,IV,339.23,Russia,54.13186,60.51885
555714574,SHangskij,IV,52.23,Russia,58.54172,45.49141
555714575,Vajgach,IV,2335.38,Russia,70.05565,59.31981
555714579,Malkachanskaya tundra,IV,601.70,Russia,59.71837,153.94156
555714586,Boloto Fedyajkovsko-ZHelezinskoe,IV,88.51,Russia,58.19258,35.66927
555714591,Boloto Udal`-Salodozhskoe,IV,25.12,Russia,58.02140,34.03385
555714599,Odoevskij,IV,49.49,Russia,58.12627,45.98705
555714606,Kuedinskij,IV,253.43,Russia,56.58165,54.71690
555714608,Igodovskij,IV,30.46,Russia,57.99327,42.41996
555714630,Selitkul`skij,IV,415.19,Russia,54.49340,62.35138
555714647,Boloto Fedyaevskoe,III,59.49,Russia,56.33237,43.15770
555714648,Icari,II,51.92,Russia,42.00317,47.58461
555714649,Bol`sherechenskij,IV,329.61,Russia,52.77142,84.24726
555714653,YAngiyurtovskij,IV,179.35,Russia,43.33136,47.05103
555714654,CHarodinskij,IV,551.65,Russia,42.06652,46.74566
555714663,Spas,IV,27.42,Russia,57.86484,40.80518
555714667,Sumarokovskij,IV,369.52,Russia,57.66366,41.28315
555714671,Mihajlovskij,III,49.86,Russia,56.29127,45.71397
555714678,Krasnosel`skoe,II,34.09,Russia,57.48500,41.53234
555714687,Arhangel`skij,IV,44.54,Russia,51.25250,37.20458
555714690,Abrausskij,IV,115.15,Russia,44.70610,37.60872
555714692,Boloto CHembrovskoe,IV,25.47,Russia,58.56789,37.35335
555714693,Kondo-Vitimskij,IV,436.46,Russia,53.35287,113.36840
555714696,Boloto CHernoe,IV,26.14,Russia,57.44509,33.32400
555714697,Liflyandskij (Gilevskij),IV,123.07,Russia,51.10911,82.00620
555714698,Boloto Kamennoe,IV,46.99,Russia,60.14545,60.55819
555714707,Hinike,IV,3279.54,Russia,62.25898,145.52642
555714711,Kisluhinskij,IV,339.28,Russia,53.53949,83.52241
555714712,Termal`nyj istochnik Teplyj klyuch s ruch`em CHope,III,181.95,Russia,49.67813,140.01447
555714720,Denezhkin Kamen`,IA,801.20,Russia,60.55686,59.45262
555714721,Boloto YArvin SHuo,IV,42.61,Russia,57.49474,35.31412
555714738,Boloto Bol`shoe Polovod`e (Polovskoe),IV,39.31,Russia,56.99366,32.40684
555714742,Verhne-Zavitinskij,IV,359.96,Russia,50.42013,130.00799
555714751,CHavash Varmane,II,252.63,Russia,54.82977,47.25565
555714789,Gavrilov-YAmskij,IV,96.73,Russia,57.20961,39.88789
555714807,Kilemarskij,IV,372.99,Russia,56.96846,46.19246
555714808,Dubrava u goroda Gorodca,III,47.07,Russia,56.51704,43.66415
555714827,Holano-kudyumskoe urochishhe,III,115.14,Russia,51.79963,140.02238
555714828,Lichadeevskij,IV,62.70,Russia,55.43534,43.29946
555714829,Borgojskij,IV,422.69,Russia,50.62170,105.76375
555714835,Aleksandrovskij,IV,284.13,Russia,44.71684,42.78569
555714836,Klyaz`minskij beregovoj,IV,46.80,Russia,56.25227,42.28766
555714838,Zabolochennaya pojma r. P`yany,III,39.62,Russia,55.57257,44.99994
555714839,Verhne-Angarskij,IV,123.29,Russia,55.74047,109.90893
555714844,Muhtolovskij,IV,108.58,Russia,55.44827,43.01329
555714848,Tugnujskij,IV,396.85,Russia,51.16877,107.82423
555714865,Kurtamyshskij,IV,292.06,Russia,54.81330,64.21501
555714876,Omolonskij,IV,2688.53,Russia,66.04741,158.34100
555714888,Lesnye massivy u ozer Mec i Puchino,III,27.23,Russia,57.65199,34.75065
555714915,Baganskoe zajmishhe,III,303.25,Russia,54.16645,78.38574
555714918,Lesnye massivy bassejna reki Dubeshnya,IV,38.80,Russia,55.77660,36.70407
555714926,Bol`sheignatovskij,IV,31.34,Russia,54.86817,45.60604
555714933,Andrianovskie vodopady,III,175.49,Russia,54.68206,158.16388
555714943,Novosibirskie ostrova,IB,65756.89,Russia,75.92090,149.50594
555714944,Zaozerskij,IV,30.22,Russia,61.84782,34.46829
555714952,Smolenskij,IV,267.46,Russia,55.10022,31.79430
555714961,Vasyuganskij,IA,6227.11,Russia,56.60667,80.83653
555714970,Habarskij,IV,114.17,Russia,53.63654,79.33810
555714971,Zigal`ga,II,456.50,Russia,54.62433,58.54975
555714972,Salair (Togul),II,1611.04,Russia,53.21053,86.43230
555714980,Boloto Kazanskoe,III,28.01,Russia,57.94532,46.15594
555714982,Urzhumskij,IV,206.45,Russia,52.26065,83.08285
555714986,Togul`skij,IV,668.32,Russia,53.57531,86.28438
611,Wood Buffalo National Park Of Canada,II,36274.84,Canada,59.03892,-113.29364
612,Kluane National Park Reserve Of Canada,II,22061.11,Canada,60.66696,-139.00967
613,Auyuittuq National Park Of Canada,II,18650.38,Canada,67.33351,-66.02076
614,Jasper National Park Of Canada,II,11235.43,Canada,52.80424,-118.17094
615,Banff National Park Of Canada,II,6857.27,Canada,51.48772,-116.24101
616,Nahanni National Park Reserve Of Canada,II,30063.46,Canada,61.68861,-126.35266
617,Prince Albert National Park Of Canada,II,3954.95,Canada,53.95691,-106.39112
618,Riding Mountain National Park Of Canada,II,3059.50,Canada,50.76432,-100.31737
619,Gros Morne National Park Of Canada,II,1838.89,Canada,49.63579,-57.77771
620,Pukaskwa National Park Of Canada,II,1849.65,Canada,48.30181,-85.91871
621,Kootenay National Park Of Canada,II,1379.31,Canada,50.94231,-116.07982
622,Glacier National Park Of Canada,II,1353.76,Canada,51.26153,-117.56214
623,Yoho National Park Of Canada,II,1292.50,Canada,51.38252,-116.52389
624,Cape Breton Highlands National Park Of Canada,II,951.70,Canada,46.73010,-60.67226
626,Waterton Lakes National Park Of Canada,II,499.19,Canada,49.10117,-113.90994
628,Pacific Rim National Park Reserve Of Canada,II,288.13,Canada,48.83207,-125.13832
629,Kejimkujik National Park And National Historic Site Of Canada,II,381.43,Canada,44.37082,-65.30077
630,Mount Revelstoke National Park Of Canada,II,263.21,Canada,51.09576,-118.05105
632,Kouchibouguac National Park Of Canada,II,195.78,Canada,46.83272,-64.92208
633,Fundy National Park Of Canada,II,205.65,Canada,45.61717,-65.04334
634,Elk Island National Park Of Canada,II,195.16,Canada,53.61337,-112.86526
635,Prince Edward Island National Park Of Canada,II,27.49,Canada,46.46275,-63.07115
638,Thousand Islands National Park Of Canada,II,25.20,Canada,44.25581,-76.16769
1007,Ghost River Wilderness Area,IA,152.44,Canada,51.34838,-115.38951
4145,Barachois Pond Provincial Park,II,29.58,Canada,48.47570,-58.26405
4147,Butter Pot Provincial Park,II,28.33,Canada,47.38608,-53.05773
4162,Polar Bear Provincial Park,IB,23135.97,Canada,54.95990,-84.59034
4163,Rondeau Provincial Park (Natural Environment Class),II,33.00,Canada,42.28939,-81.87177
4166,Lake Superior Provincial Park (Natural Environment Class),II,1606.33,Canada,47.49108,-84.77009
4168,Whiteshell Provincial Park,II,1139.80,Canada,50.03430,-95.54050
4170,Duck Mountain Provincial Park,II,469.49,Canada,51.70537,-101.00266
4171,Hecla/Grindstone Provincial Park,II,401.28,Canada,51.19169,-96.59695
4172,Clearwater Lake Provincial Park,IV,119.20,Canada,54.08608,-101.11221
4174,Cypress Hills Provincial Park,II,201.29,Canada,49.63315,-110.20811
4176,SPATSIZI PLATEAU WILDERNESS PARK,II,6962.01,Canada,57.51492,-128.52409
4177,WELLS GRAY PARK,II,5404.11,Canada,52.26832,-120.05006
4178,ATLIN/A TEIX'GI AAN TLEIN PARK,II,2298.96,Canada,59.24554,-133.91581
4179,GARIBALDI PARK,II,1886.67,Canada,49.98489,-122.75705
4180,KWADACHA WILDERNESS PARK,IB,1303.35,Canada,57.81959,-125.03069
4181,MOUNT EDZIZA PARK,IB,2658.25,Canada,57.65738,-130.79106
4183,TATLATUI PARK,IB,1032.36,Canada,56.97815,-127.36846
4184,NAIKOON PARK,II,671.05,Canada,53.86326,-131.87877
4185,CATHEDRAL PARK,II,330.14,Canada,49.07668,-120.17300
4186,CAPE SCOTT PARK,II,171.13,Canada,50.76240,-128.14355
4191,Dinosaur Provincial Park,II,70.34,Canada,50.77914,-111.48486
4193,Siffleur Wilderness Area,IA,425.92,Canada,51.90220,-116.40825
4194,White Goat Wilderness Area,IA,445.55,Canada,52.23242,-116.80882
10451,MOUNT ASSINIBOINE PARK,II,390.37,Canada,50.95276,-115.74213
10452,HAMBER PARK,II,251.55,Canada,52.38497,-117.88228
12801,Bruce Peninsula National Park Of Canada,II,156.85,Canada,45.16379,-81.48736
13115,Nanuit Itillinga National Wildlife Area,IA,2422.27,Canada,75.62915,-99.22326
13390,Kendall Island Migratory Bird Sanctuary,IB,133.47,Canada,69.38542,-135.23644
13391,Anderson River Delta Migratory Bird Sanctuary,IB,1023.23,Canada,69.62492,-128.75626
13394,Ahiak Migratory Bird Sanctuary,IB,6569.67,Canada,68.04540,-101.32411
13395,Seymour Island Migratory Bird Sanctuary,IA,51.30,Canada,76.80855,-101.26585
13396,Quttinirpaaq National Park Of Canada,II,35480.72,Canada,82.15162,-70.77657
13397,Bylot Island Migratory Bird Sanctuary,II,11062.15,Canada,73.25507,-78.47889
13400,Qaqsauqtuuq Migratory Bird Sanctuary,IB,841.56,Canada,63.98329,-81.89335
13401,Ikattuaq Migratory Bird Sanctuary,IB,1247.27,Canada,63.77331,-85.91668
13402,McConnell Migratory Bird Sanctuary,IA,132.14,Canada,60.74516,-94.38743
16379,Gwaii Haanas National Park Reserve Of Canada And Haida Heritage Site,II,1473.24,Canada,52.35770,-131.52184
18112,Athabasca Dunes Ecological Reserve,IA,38.40,Canada,58.17688,-110.88030
18117,Kootenay Plains Ecological Reserve,II,37.33,Canada,52.06291,-116.41912
18120,Wainwright Dunes Ecological Reserve,IV,28.80,Canada,52.59420,-110.64392
18124,Lewis Bog Ecological Reserve,IA,53.67,Canada,49.81285,-96.07085
18128,Reindeer Island Ecological Reserve,IA,140.65,Canada,52.42339,-97.99433
18131,Avalon Wilderness Reserve,IB,1071.61,Canada,47.06221,-53.27426
18134,Bay du Nord Wilderness Reserve,IB,2911.02,Canada,48.08242,-54.92745
18180,Portobello Creek National Wildlife Area,IA,30.11,Canada,45.92556,-66.35165
18214,Neys Provincial Park (Natural Environment Class),II,54.81,Canada,48.73863,-86.58623
18216,Nagagamisis Provincial Park (Natural Environment Class),II,407.01,Canada,49.86580,-84.77154
18217,The Shoals Provincial Park (Natural Environment Class),II,110.15,Canada,47.89764,-83.82529
18219,Ivanhoe Lake Provincial Park (Natural Environment Class),II,78.43,Canada,47.91760,-82.73309
18221,Esker Lakes Provincial Park (Natural Environment Class),II,65.20,Canada,48.29975,-79.92664
18224,Mississagi Provincial Park (Natural Environment Class),II,83.35,Canada,46.60233,-82.69131
18225,Grundy Lake Provincial Park (Natural Environment Class),II,36.11,Canada,45.94850,-80.52581
18226,Restoule Provincial Park (Natural Environment Class),II,26.31,Canada,46.08252,-79.87756
18230,Samuel De Champlain Provincial Park (Natural Environment Class),II,25.19,Canada,46.30226,-78.86854
18231,Awenda Provincial Park (Natural Environment Class),II,31.53,Canada,44.86864,-79.99329
18233,Bon Echo Provincial Park (Natural Environment Class),II,83.25,Canada,44.90765,-77.22475
18235,Charleston Lake Provincial Park (Natural Environment Class),II,28.60,Canada,44.52737,-76.02153
18243,Lady Evelyn-Smoothwater Provincial Park (Wilderness Class),IB,760.84,Canada,47.35213,-80.52630
18246,Woodland Caribou Provincial Park (Wilderness Class),IB,4708.30,Canada,51.01704,-94.68439
18325,BYERS/CONROY/HARVEY/SINNETT ISLANDS ECOLOGICAL RESERVE,IA,117.17,Canada,52.55399,-129.36668
18332,CHECLESET BAY ECOLOGICAL RESERVE,IA,329.16,Canada,50.07520,-127.63004
18348,DEWDNEY AND GLIDE ISLANDS ECOLOGICAL RESERVE,IA,36.99,Canada,52.97968,-129.58670
18360,GINGIETL CREEK ECOLOGICAL RESERVE,IA,26.90,Canada,55.21169,-129.28613
18361,GLADYS LAKE ECOLOGICAL RESERVE,IA,430.67,Canada,57.61159,-128.85364
18362,GOOSEGRASS CREEK ECOLOGICAL RESERVE,IA,27.01,Canada,51.99903,-118.25484
18367,ILGACHUZ RANGE ECOLOGICAL RESERVE,IA,27.47,Canada,52.79390,-125.27957
18432,VLADIMIR J. KRAJINA (PORT CHANAL) ECOLOGICAL RESERVE,IA,80.61,Canada,53.57397,-132.87736
18480,MUNCHO LAKE PARK,II,859.17,Canada,58.98964,-125.70861
18481,STONE MOUNTAIN PARK,IB,251.79,Canada,58.58753,-124.75770
18483,CARP LAKE PARK,II,382.19,Canada,54.75324,-123.38012
18485,GWILLIM LAKE PARK,II,324.58,Canada,55.41429,-121.29752
18486,BOWRON LAKE PARK,IB,1397.72,Canada,53.21005,-121.00158
18491,ELK LAKES PARK,II,180.10,Canada,50.47813,-115.09656
18492,TOP OF THE WORLD PARK,II,87.46,Canada,49.84151,-115.39926
18497,BIRKENHEAD LAKE PARK,II,104.47,Canada,50.56994,-122.75015
18498,SCHOEN LAKE PARK,II,87.80,Canada,50.18146,-126.24731
18499,DESOLATION SOUND MARINE PARK,II,54.26,Canada,50.09593,-124.70630
18538,Abitibi-De-Troyes Provincial Park (Cultural Heritage Class),III,43.42,Canada,48.78680,-80.10733
18539,Agassiz Peatlands Provincial Park (Nature Reserve Class),IA,54.22,Canada,48.84358,-94.48684
18540,Aubrey Falls Provincial Park (Natural Environment Class),II,48.55,Canada,46.95488,-83.19056
18545,Cabot Head Provincial Park (Nature Reserve Class),IA,50.78,Canada,45.20175,-81.40089
18549,Chapleau-Nemegosenda River Provincial Park (Waterway Class),II,177.17,Canada,48.23179,-83.05485
18557,Kesagami Provincial Park,IB,573.91,Canada,50.63914,-80.03317
18560,Killarney Provincial Park (Wilderness Class),IB,493.63,Canada,46.09496,-81.40436
18561,Opasquia Provincial Park,IB,4651.41,Canada,53.52509,-93.07751
18565,René Brunelle Provincial Park (Recreational Class),II,29.23,Canada,49.42545,-82.15393
18566,Sable Islands Provincial Park (Nature Reserve Class),IA,26.52,Canada,48.90270,-94.61615
18567,Sandbar Lake Provincial Park (Natural Environment Class),II,80.57,Canada,49.50383,-91.56553
18569,Sedgman Lake Provincial Park (Nature Reserve Class),IA,57.65,Canada,50.64169,-87.69993
18573,Slate Islands Provincial Park (Natural Environment Class),II,65.81,Canada,48.65830,-87.00181
18575,Wakami Lake Provincial Park (Recreational Class),II,88.62,Canada,47.48317,-82.83618
18576,Wanapitei Provincial Park (Natural Environment Class),II,34.05,Canada,46.80810,-80.73738
18578,White Lake Provincial Park (Natural Environment Class),II,40.59,Canada,48.61887,-85.89683
18579,Winisk River Provincial Park,II,1547.65,Canada,53.96911,-86.61340
18582,Michipicoten Island Provincial Park (Natural Environment Class),II,361.47,Canada,47.75256,-85.77669
18602,Bow Valley Provincial Park,II,32.51,Canada,51.03337,-115.16675
18612,Lesser Slave Lake Provincial Park,II,59.50,Canada,55.41041,-114.82631
18616,Notikewin Provincial Park,II,101.30,Canada,57.22210,-117.14574
18619,William A. Switzer Provincial Park,II,61.19,Canada,53.49109,-117.79250
18620,Winagami Lake Provincial Park,II,65.39,Canada,55.64224,-116.74226
18621,Young's Point Provincial Park,II,32.39,Canada,55.14056,-117.57189
18625,Willmore Wilderness Park,IB,4602.39,Canada,53.68440,-119.07452
18626,TĀ CH'ILĀ PARK [A.K.A. BOYA LAKE PARK],III,47.34,Canada,59.38356,-129.09741
18631,CYPRESS PARK,II,28.71,Canada,49.44076,-123.20695
18638,FIORDLAND CONSERVANCY,IB,769.04,Canada,52.86544,-127.98416
18639,GITNADOIKS RIVER PARK,IB,577.42,Canada,54.17155,-129.14976
18642,KAKWA PARK,II,1719.77,Canada,54.04358,-120.35445
18643,KOKANEE GLACIER PARK,II,319.05,Canada,49.78147,-117.14146
18649,MOUNT ROBSON PARK,II,2259.02,Canada,52.90347,-118.85050
18654,SILVER STAR PARK,II,55.73,Canada,50.37221,-119.07005
18656,ST. MARY'S ALPINE PARK,IB,93.33,Canada,49.87427,-116.34360
18658,STIKINE RIVER PARK,IB,2575.83,Canada,57.89805,-129.12666
18660,VALHALLA PARK,II,501.89,Canada,49.87311,-117.57930
18662,WHITE PELICAN PARK,III,40.26,Canada,52.28646,-123.03251
18668,Terra Nova National Park Of Canada,II,402.76,Canada,48.52275,-53.95108
18669,Sable Island Migratory Bird Sanctuary,IA,31.00,Canada,43.98088,-59.91372
18683,Upper Canada Bird Sanctuary,III,26.04,Canada,44.95738,-75.05192
18686,Basin and Middle Lakes Migratory Bird Sanctuary,IV,49.91,Canada,52.59052,-105.24539
18688,Last Mountain Lake Migratory Bird Sanctuary,IV,48.43,Canada,51.35073,-105.23529
18689,Old Wives Lake Migratory Bird Sanctuary,IV,323.91,Canada,50.08672,-106.00148
18690,Lenore Lake Migratory Bird Sanctuary,IV,103.31,Canada,52.52375,-105.00908
18693,Redberry Lake Migratory Bird Sanctuary,II,52.71,Canada,52.69114,-107.16150
18696,Richardson Lake Migratory Bird Sanctuary,IB,107.98,Canada,58.40047,-111.04658
18699,Akimiski Island Migratory Bird Sanctuary,IB,2061.89,Canada,52.94008,-81.08417
18700,Banks Island Migratory Bird Sanctuary No. 1,IB,19373.60,Canada,72.62249,-123.76206
18701,Banks Island Migratory Bird Sanctuary No. 2,IA,109.74,Canada,73.88536,-119.83049
18703,Dewey Soper Migratory Bird Sanctuary,IB,1592.12,Canada,66.11525,-73.65549
18704,Thelon Wildlife Sanctuary,IB,21955.34,Canada,63.86153,-104.03661
19345,Watts Point Ecological Reserve,II,30.93,Canada,51.46231,-56.26182
19409,Baralzon Lake Ecological Reserve,IB,393.14,Canada,59.88483,-98.02091
19542,Lake Of The Woods Provincial Park (Natural Environment Class),II,206.70,Canada,49.26587,-94.63526
19543,Mattawa River Provincial Park (Waterway Class),II,141.42,Canada,46.31510,-79.02864
19544,Mississagi River Provincial Park (Waterway Class),II,908.27,Canada,46.94970,-82.78964
19545,Ojibway Provincial Park (Natural Environment Class),II,26.48,Canada,49.98931,-92.14170
19792,Kawartha Highlands Signature Site Park (Natural Environment Class),II,375.45,Canada,44.70755,-78.24079
19793,La Cloche Provincial Park (Natural Environment Class),II,74.81,Canada,46.11384,-82.02857
19794,Little Abitibi Provincial Park (Natural Environment Class),II,207.82,Canada,49.70268,-81.09739
19840,Matawin River Provincial Park (Nature Reserve Class),IA,26.23,Canada,48.39181,-90.17105
19841,Minnitaki Kames Provincial Park (Nature Reserve Class),IA,45.02,Canada,49.89558,-91.87012
19851,Pantagruel Creek Provincial Park (Nature Reserve Class),IA,26.65,Canada,49.76073,-89.56081
19870,Trout Lake Provincial Park (Nature Reserve Class),IA,73.67,Canada,51.14750,-93.43444
19873,Windigo Bay Provincial Park (Nature Reserve Class),IA,84.34,Canada,50.22645,-88.80088
19888,Dana-Jowsey Lakes Provincial Park (Natural Environment Class),II,88.06,Canada,48.32648,-81.81274
19907,Long Point National Wildlife Area-Long Point Unit,IV,28.37,Canada,42.55350,-80.17695
19936,Fawn River Provincial Park,II,119.16,Canada,53.93700,-90.04082
19937,French River Provincial Park (Waterway Class),II,735.92,Canada,46.04748,-80.35419
19938,Kopka River Provincial Park (Waterway Class),II,313.00,Canada,49.96666,-89.56669
19940,Larder River Waterway Provincial Park (Waterway Class),II,40.19,Canada,47.95579,-79.64836
19941,Little Current River Provincial Park,II,96.99,Canada,50.72245,-86.14795
19944,Missinaibi Provincial Park (Waterway Class),II,1161.53,Canada,49.48493,-82.57838
19945,Obabika River Provincial Park (Waterway Class),II,201.54,Canada,47.17108,-80.29722
19947,Otoskwin-Attawapiskat River Provincial Park,II,796.52,Canada,52.47249,-87.46754
19950,Pipestone River Provincial Park,II,965.88,Canada,52.28632,-90.26580
19951,Severn River Provincial Park,II,798.46,Canada,54.07801,-90.40490
19952,Solace Provincial Park (Waterway Class),II,55.40,Canada,47.19609,-80.68387
19954,Sturgeon River Provincial Park (Waterway Class),II,79.83,Canada,46.96083,-80.58367
19955,Turtle River-White Otter Lake Provincial Park (Waterway Class),II,493.21,Canada,49.08370,-92.13870
19961,Prince Leopold Island Migratory Bird Sanctuary,IB,63.76,Canada,74.02880,-90.07155
19963,Hannah Bay Bird Sanctuary,IB,61.02,Canada,51.33951,-79.72500
19967,Milk River Natural Area,IB,55.39,Canada,49.04643,-110.68490
19968,Beehive Natural Area,IB,67.75,Canada,50.05951,-114.65939
21193,AKAMINA-KISHINENA PARK,II,107.52,Canada,49.06385,-114.18812
21194,BABINE MOUNTAINS PARK,II,314.74,Canada,54.93039,-126.93611
21195,COQUIHALLA SUMMIT RECREATION AREA,II,57.57,Canada,49.59902,-121.08023
21196,ESKERS PARK,II,40.47,Canada,54.07998,-123.21381
21197,GOLDEN EARS PARK,II,616.37,Canada,49.48967,-122.44443
21199,KALAMALKA LAKE PARK,II,32.18,Canada,50.16548,-119.27646
23083,Lac-Malakisis Ecological Reserve,IA,30.27,Canada,46.71605,-78.66535
23114,Louis-Babel Ecological Reserve,IA,234.08,Canada,51.46418,-68.66969
23119,Matamec Ecological Reserve,IA,183.22,Canada,50.34954,-65.95364
23123,Aiguebelle National Park (Québec),II,264.56,Canada,48.51384,-78.74471
23125,Gaspésie National Park (Québec),II,805.90,Canada,48.97157,-66.26728
23127,Grands-Jardins National Park (Québec),II,318.99,Canada,47.68692,-70.79574
23250,Proulx Lake Wildlife Management Area,IV,31.27,Canada,51.75470,-99.21894
23259,Mantagao Lake Wildlife Management Area,IV,40.36,Canada,51.19989,-97.92989
23260,Little Birch Wildlife Management Area,IV,209.95,Canada,51.13021,-98.05855
23262,Alonsa Wildlife Management Area,IV,38.69,Canada,50.93389,-99.22477
23263,Dog Lake Wildlife Management Area,III,139.10,Canada,51.04034,-98.52054
23264,Sleeve Lake Wildlife Management Area,IV,158.68,Canada,51.00822,-97.92965
23269,Narcisse Wildlife Management Area,IV,78.91,Canada,50.76419,-97.50894
23275,Oak Hammock Marsh Wildlife Management Area,IV,35.80,Canada,50.18631,-97.13894
23277,Watson P. Davidson Wildlife Management Area,III,59.43,Canada,49.34077,-96.37490
23282,Whitemud Watershed Wildlife Management Area,III,35.19,Canada,50.06344,-99.23064
23288,Assiniboine Corridor Wildlife Management Area,IV,33.77,Canada,49.66543,-99.28437
23291,Pembina Valley Wildlife Management Area,IV,27.99,Canada,49.21838,-99.00874
23293,Turtle Mountain Provincial Park,II,119.95,Canada,49.04368,-100.19382
61596,Jacques-Cartier National Park (Québec),II,664.08,Canada,47.29273,-71.34850
64910,Cold Lake Provincial Park,II,50.19,Canada,54.56244,-110.07530
64957,Peter Lougheed Provincial Park,II,514.48,Canada,50.68087,-115.16162
65079,Writing-on-Stone Provincial Park,II,26.91,Canada,49.07547,-111.75324
65123,BUGABOO PARK,II,138.17,Canada,50.78620,-116.80770
65130,CARIBOO RIVER PARK,II,31.46,Canada,52.88020,-121.23456
65134,CHASM PARK,II,32.47,Canada,51.18318,-121.43633
65159,CULTUS LAKE PARK,II,27.31,Canada,49.03779,-121.97334
65177,E.C. MANNING PARK,II,837.88,Canada,49.17630,-120.89800
65179,EAST REDONDA ISLAND ECOLOGICAL RESERVE,IA,61.84,Canada,50.23388,-124.69471
65221,HELLIWELL PARK,II,27.34,Canada,49.49706,-124.61221
65280,MARBLE CANYON PARK,II,25.44,Canada,50.86004,-121.71985
65289,MEHATL CREEK PARK,II,257.58,Canada,50.01714,-122.08936
65292,MILLIGAN HILLS PARK,II,78.28,Canada,57.47566,-120.21445
65300,MOOSE VALLEY PARK,II,25.00,Canada,51.64933,-121.63655
65322,MOUNT SEYMOUR PARK,II,35.68,Canada,49.37964,-122.93180
65368,PURDEN LAKE PARK,II,32.15,Canada,53.92516,-121.91331
65434,SYRINGA PARK,II,45.35,Canada,49.37444,-117.91248
65492,Dr. Frank Baldwin Wildlife Management Area,III,67.74,Canada,50.29630,-97.99647
65557,Spednic Lake,II,257.84,Canada,45.66042,-67.58156
65785,Tobeatic Wilderness Area,IB,156.72,Canada,44.22504,-65.47499
66395,Quetico Provincial Park (Wilderness Class),IB,4721.66,Canada,48.36740,-91.56147
66592,Pointe-Taillon National Park (Québec),II,97.46,Canada,48.65116,-71.92648
66603,Fjord-du-Saguenay National Park (Québec),II,326.78,Canada,48.26308,-70.19890
66604,Frontenac National Park (Québec),II,156.53,Canada,45.86035,-71.19108
66606,Mont-Orford National Park (Québec),II,59.43,Canada,45.34825,-72.21321
66607,Mont-Tremblant National Park (Québec),II,1510.32,Canada,46.41464,-74.27593
66627,Mont-Mégantic National Park (Québec),II,59.90,Canada,45.44786,-71.15672
66633,Monts-Valin National Park (Québec),II,153.85,Canada,48.59014,-70.79198
66664,pointe à la Battrie-Cap de la Table Water Fowl Gathering Area,IV,27.87,Canada,49.38560,-62.05922
66677,Pointe Heath-Pte. de la Croix Water Fowl Gathering Area,IV,29.82,Canada,49.07226,-61.87838
66687,Cap Observation  Pointe. Guy Water Fowl Gathering Area,IV,29.14,Canada,49.60751,-62.56706
66710,Proposed rivière Moisie Aquatic Reserve,II,3945.57,Canada,51.64250,-66.85006
67038,BROUGHTON ARCHIPELAGO PARK,II,99.09,Canada,50.69069,-126.65104
67039,CARMANAH WALBRAN PARK,II,163.64,Canada,48.67282,-124.61632
67048,ANHLUUT'UKWSIM LAX̱MIHL ANGWINGA'ASANSKWHL NISG̱A'A PARK [A.K.A. NISG̱A'A MEMORIAL LAVA BED PARK],III,178.03,Canada,55.11485,-129.02984
67060,HEIGHT OF THE ROCKIES PARK,II,541.90,Canada,50.48186,-115.22298
67174,Lake Winnipegosis Salt Flats Ecological Reserve,IA,47.27,Canada,53.05288,-101.01659
67320,Lac-Témiscouata National Park (Québec),II,176.41,Canada,47.71311,-68.77129
67406,TATSHENSHINI-ALSEK PARK,IB,9468.98,Canada,59.45365,-137.71205
67457,Rumsey Ecological Reserve,IV,34.37,Canada,51.93981,-112.63890
67515,Lakeland Provincial Park,II,147.07,Canada,54.74774,-111.56923
67577,OKANAGAN MOUNTAIN PARK,II,113.24,Canada,49.72604,-119.64064
67584,Greenwater Provincial Park (Natural Environment Class),II,85.09,Canada,49.22001,-81.29110
67854,Malpeque Bay,II,244.86,Canada,46.56086,-63.81097
99745,DUFFEY LAKE PARK,II,40.50,Canada,50.43328,-122.31637
99756,TS'IL?OS PARK,IB,2353.66,Canada,51.25385,-123.92085
99763,CLAYOQUOT ARM PARK,II,35.56,Canada,49.16432,-125.54920
99800,CLAYOQUOT PLATEAU PARK,III,31.32,Canada,49.22518,-125.42340
99829,FLORES ISLAND PARK,II,39.18,Canada,49.29624,-126.14820
99831,HESQUIAT PENINSULA PARK,II,65.60,Canada,49.45565,-126.48753
99839,VARGAS ISLAND PARK,II,42.61,Canada,49.17642,-126.03213
99840,KHUTZEYMATEEN PARK [A.K.A. KHUTZEYMATEEN/K'TZIM-A-DEEN GRIZZLY SANCTUARY],IB,446.95,Canada,54.62786,-129.72541
100204,Amisk Park Reserve,IB,1980.33,Canada,56.79168,-97.91668
100205,Caribou River Provincial Park,IB,7635.98,Canada,59.56223,-96.62512
100206,Numaykoos Lake Provincial Park,IB,3603.03,Canada,57.85001,-95.94584
100285,STEIN VALLEY NLAKA'PAMUX HERITAGE PARK,II,1084.51,Canada,50.25678,-121.97421
100671,Nisutlin River Delta National Wildlife Area,III,54.83,Canada,60.23185,-132.55067
100672,Ivvavik National Park Of Canada,II,9695.84,Canada,69.10225,-139.56694
100673,Vuntut National Park Of Canada,II,4430.92,Canada,68.37518,-139.65360
100676,Aulavik National Park Of Canada,II,12092.54,Canada,73.71487,-119.60943
100698,Harper Creek Natural Area,III,26.22,Canada,58.18833,-114.29128
100712,Kakwa Wildland Provincial Park,IB,656.31,Canada,54.03329,-119.78034
100713,Elbow-Sheep Wildland Provincial Park,IB,800.83,Canada,50.73861,-114.90107
101534,BOUNDARY BAY WILDLIFE MANAGEMENT AREA,IV,115.17,Canada,49.04682,-122.90719
101548,Proposed Matamec (partie nord) Ecological Reserve,IA,542.13,Canada,50.51468,-65.91232
101590,Tuktut Nogait National Park Of Canada,II,18871.45,Canada,68.72388,-121.59579
101596,BIG CREEK PARK,II,679.72,Canada,51.29333,-123.14861
101597,BLIGH ISLAND MARINE PARK,II,30.28,Canada,49.63787,-126.54350
101598,MᑫUQʷIN/BROOKS PENINSULA PARK,IB,360.13,Canada,50.18775,-127.68173
101638,CUMMINS LAKES PARK,IB,218.27,Canada,52.12051,-118.08845
101639,EDGE HILLS PARK,II,118.83,Canada,51.03809,-121.86222
101641,FLAT LAKE PARK,II,42.75,Canada,51.49977,-121.50467
101642,GILNOCKIE PARK,II,28.15,Canada,49.08276,-115.66149
101643,GLADSTONE PARK,II,395.09,Canada,49.26493,-118.27616
101644,GOAT RANGE PARK,II,790.99,Canada,50.30790,-117.27575
101647,GRANBY PARK,II,413.17,Canada,49.73352,-118.48349
101649,SAY NUTH KHAW YUM PARK [A.K.A. INDIAN ARM PARK],II,66.92,Canada,49.42179,-122.86425
101650,ITCHA ILGACHUZ PARK,IB,1084.89,Canada,52.70734,-124.99234
101652,JUNCTION SHEEP RANGE PARK,II,47.78,Canada,51.80791,-122.45815
101653,KIANUKO PARK,II,116.58,Canada,49.42108,-116.46249
101654,KLUSKOIL LAKE PARK,II,156.97,Canada,53.18802,-123.90964
101655,SCHOOLHOUSE LAKE PARK,II,50.51,Canada,51.88957,-120.98994
101656,LOCKHART CREEK PARK,II,37.34,Canada,49.49498,-116.71327
101658,MARBLE RANGE PARK,II,192.35,Canada,51.17512,-121.82140
101660,CARIBOO MOUNTAINS PARK,II,1134.06,Canada,52.79315,-120.56300
101662,NAZKO LAKE PARK,II,120.52,Canada,52.43312,-123.54387
101663,NIMPKISH LAKE PARK,II,39.23,Canada,50.33874,-127.01891
101664,PINECONE BURKE PARK,II,371.85,Canada,49.51995,-122.72497
101665,PURCELL WILDERNESS CONSERVANCY PARK,II,2019.67,Canada,50.09054,-116.49551
101670,TAHSISH-KWOIS PARK,IB,109.85,Canada,50.19970,-127.15532
101671,NUNTSI PARK,II,205.85,Canada,51.74439,-123.79153
101672,TETRAHEDRON PARK,II,60.54,Canada,49.60350,-123.59106
101675,WEST ARM PARK,II,263.20,Canada,49.50934,-117.10003
101677,WOSS LAKE PARK,II,65.27,Canada,50.07233,-126.62751
101678,SKAGIT VALLEY PARK,II,279.77,Canada,49.10986,-121.13053
101695,LAC DU BOIS GRASSLANDS PROTECTED AREA,II,157.73,Canada,50.77642,-120.45640
101707,PORCUPINE MEADOWS PARK,II,27.17,Canada,50.98228,-120.54012
101714,UPPER ADAMS RIVER PARK,II,58.78,Canada,51.67087,-119.27984
101718,CHURN CREEK PROTECTED AREA,II,370.92,Canada,51.39181,-122.40422
101719,HOMATHKO RIVER-TATLAYOKO PROTECTED AREA,II,355.66,Canada,51.44145,-124.74478
101721,HUCHSDUWACHSDU NUYEM JEES/KITLOPE HERITAGE CONSERVANCY,IB,3220.50,Canada,53.08681,-127.65355
101722,ARROWSTONE PARK,II,61.55,Canada,50.88187,-121.27119
101725,BONAPARTE PARK,II,135.41,Canada,51.15180,-120.49667
101727,DUNN PEAK PARK,II,194.39,Canada,51.44524,-120.02051
101740,TAWEEL PARK,II,43.78,Canada,51.63212,-120.38250
101742,TUNKWA PARK,II,51.64,Canada,50.60989,-120.90134
167204,Albany River Provincial Park,II,926.33,Canada,51.43064,-88.23826
167211,BABINE RIVER CORRIDOR PARK,II,153.71,Canada,55.56470,-127.12903
167232,BISHOP RIVER PARK,IB,197.58,Canada,50.91456,-124.05830
167246,Brightsand River Provincial Park (Waterway Class),II,406.47,Canada,49.85746,-90.29857
167252,CALLAGHAN LAKE PARK,II,26.96,Canada,50.20788,-123.19506
167270,SX̱ÓTSAQEL / CHILLIWACK LAKE PARK,II,92.87,Canada,49.07734,-121.44047
167298,DENETIAH PARK,II,904.31,Canada,58.51393,-127.33652
167314,CLENDINNING PARK,II,303.60,Canada,50.40485,-123.78190
167316,ENTIAKO PARK,II,1260.29,Canada,53.21441,-125.60846
167320,FINGER-TATUK PARK,II,171.45,Canada,53.51091,-124.22402
167325,FRANCOIS LAKE PARK,II,72.17,Canada,53.97886,-125.15846
167328,Frontenac Provincial Park (Natural Environment Class),II,53.51,Canada,44.54040,-76.50989
167337,GRAHAM-LAURIER PARK,II,999.82,Canada,56.61193,-123.35374
167350,Hicks-Oke Bog Provincial Park (Nature Reserve Class),IA,58.86,Canada,48.90363,-82.06998
167359,Hubert Lake Wildland Provincial Park,II,83.11,Canada,54.55963,-114.24540
167369,Jog Lake Conservation Reserve,II,483.91,Canada,50.34175,-85.33328
167376,Kennedy Lakes,II,226.33,Canada,46.84602,-66.46243
167382,KLUA LAKES PROTECTED AREA,II,280.40,Canada,58.10246,-122.33008
167399,LIARD RIVER CORRIDOR PARK,II,811.68,Canada,59.41570,-125.35952
167425,Middle River Framboise Wilderness Area,IB,56.36,Canada,45.78772,-60.44942
167445,Nakina Moraine Provincial Park (Natural Environment Class),II,53.35,Canada,50.09495,-86.69956
167454,NORTHERN ROCKY MOUNTAINS PARK,II,6663.86,Canada,58.12216,-124.17364
167499,Ranger North Conservation Reserve,II,70.16,Canada,47.21046,-83.87473
167500,REDFERN-KEILY PARK,II,808.00,Canada,57.39386,-123.87552
167508,Rumsey Natural Area,IV,113.50,Canada,51.86723,-112.60338
167517,SIKANNI CHIEF CANYON PARK,II,47.10,Canada,57.49315,-122.15900
167533,STUART RIVER PARK,II,210.28,Canada,54.16386,-123.83804
167538,SUTHERLAND RIVER PARK,II,136.12,Canada,54.45231,-125.12105
167539,SWAN LAKE KISPIOX RIVER PARK,III,623.03,Canada,55.89746,-128.58075
167543,TANTALUS PARK,IB,114.25,Canada,49.82276,-123.30064
167548,The Massasauga Provincial Park (Natural Environment Class),II,132.47,Canada,45.19636,-80.03947
167550,THINAHTEA SOUTH PROTECTED AREA,II,167.09,Canada,59.64985,-120.33602
167554,Tikamaganda Lake Conservation Reserve,II,29.62,Canada,47.55029,-84.18458
167569,UPPER LILLOOET PARK,IB,195.22,Canada,50.65238,-123.60705
167574,MAIN LAKE PARK,II,35.30,Canada,50.20773,-125.21525
167576,Wabakimi Provincial Park,IB,8929.83,Canada,50.76771,-89.51094
300103,Sirmilik National Park Of Canada,II,21942.50,Canada,72.76574,-80.41378
302323,Tangier Grand Lake Wilderness Area,IB,160.43,Canada,44.87299,-62.80677
302326,Polletts Cove - Aspy Fault Wilderness Area,IB,272.26,Canada,46.92728,-60.62913
302327,Middle River Wilderness Area,IB,56.19,Canada,46.24361,-60.88411
302329,North River Wilderness Area,IB,39.87,Canada,46.30702,-60.70456
302331,Ogden Round Lake Wilderness Area,IB,54.72,Canada,45.40274,-61.64222
302356,Trout Brook Wilderness Area,IB,28.62,Canada,46.08223,-61.06728
302406,Bowers Meadows Wilderness Area,IB,40.14,Canada,43.64192,-65.40698
302408,Canso Coastal Barrens Wilderness Area,IB,80.15,Canada,45.27222,-61.10171
302409,Margaree River Wilderness Area,IB,68.32,Canada,46.52231,-60.85226
302410,Bonnet Lake Barrens Wilderness Area,IB,103.71,Canada,45.27957,-61.33795
302411,Boggy Lake Wilderness Area,IB,37.11,Canada,45.08486,-62.30739
302413,Lake Rossignol Wilderness Area,IB,40.73,Canada,44.23882,-65.05363
302415,Economy River Wilderness Area,IB,60.45,Canada,45.50376,-63.97646
302417,White Lake Wilderness Area,IB,45.37,Canada,44.85623,-63.16787
302419,Waverley - Salmon River Long Lake Wilderness Area,IB,86.28,Canada,44.80995,-63.45601
302422,Tidney River Wilderness Area,IB,26.14,Canada,44.03367,-65.00076
302432,The Big Bog Wilderness Area,IB,27.09,Canada,45.18448,-62.09440
302434,Liscomb River Wilderness Area,IB,33.60,Canada,45.10301,-62.25668
302435,Cloud Lake Wilderness Area,IB,108.26,Canada,44.79718,-64.88738
302437,Gabarus Wilderness Area,IB,37.48,Canada,45.79869,-60.14576
302438,French River Wilderness Area,IB,164.17,Canada,46.44293,-60.55696
303154,DENETIAH CORRIDOR PROTECTED AREA,II,74.45,Canada,58.66570,-127.09607
303158,THINAHTEA NORTH PROTECTED AREA,II,36.75,Canada,59.78256,-120.19298
303159,UPPER RAUSH PROTECTED AREA,II,55.80,Canada,52.95935,-119.98966
303160,WEST TWIN PROTECTED AREA,II,91.32,Canada,53.48444,-120.54445
303164,KLIN-SE-ZA PARK,II,26.71,Canada,55.80158,-122.55648
303165,LIARD RIVER CORRIDOR PROTECTED AREA,II,47.94,Canada,59.38080,-125.47822
303167,MAXHAMISH LAKE PROTECTED AREA,II,269.11,Canada,59.83994,-123.30168
303170,PITMAN RIVER PROTECTED AREA,II,163.68,Canada,58.03395,-127.87087
303173,BEARHOLE LAKE PARK,II,127.07,Canada,55.05477,-120.58349
303175,CHUKACHIDA PROTECTED AREA,II,196.29,Canada,57.69740,-127.12640
303177,CRAIG HEADWATERS PROTECTED AREA,IB,75.71,Canada,56.55755,-131.22755
303210,MONASHEE PARK,IB,226.65,Canada,50.53559,-118.29446
303212,LANZ AND COX ISLANDS PARK,II,36.15,Canada,50.80896,-128.64348
303213,LOWER TSITIKA RIVER PARK,IB,36.09,Canada,50.45782,-126.58931
303224,SPIPIYUS PARK,II,29.82,Canada,49.66372,-123.91919
303232,SEVEN SISTERS PARK,II,271.40,Canada,54.93936,-128.13518
303235,SUGARBOWL-GRIZZLY DEN PARK,II,203.19,Canada,53.83814,-121.59960
303237,WAPITI LAKE PARK,II,168.37,Canada,54.50476,-120.75818
303238,WEST TWIN PARK,II,223.20,Canada,53.36747,-120.52403
303239,FRASER RIVER PARK,II,49.03,Canada,53.48280,-122.74317
303241,INLAND LAKE PARK,II,27.58,Canada,49.95760,-124.48560
303243,PINE LE MORAY PARK,II,432.89,Canada,55.37359,-122.53324
303245,PTARMIGAN CREEK PARK,II,33.06,Canada,53.48418,-120.88085
303247,ARCTIC PACIFIC LAKES PARK,II,138.95,Canada,54.36799,-121.57151
303252,BUTLER RIDGE PARK,II,68.45,Canada,56.19883,-122.30092
303258,SUSTUT PARK,IB,756.87,Canada,56.31702,-126.64093
303260,TUYA MOUNTAINS PARK,II,180.12,Canada,59.17578,-130.51879
303261,UNCHA MOUNTAIN RED HILLS PARK,II,94.21,Canada,53.98492,-125.48470
303262,GREAT GLACIER PARK,II,93.14,Canada,56.83844,-131.86969
303264,LAVA FORKS PARK,III,74.66,Canada,56.44321,-130.88345
303265,LIARD RIVER WEST CORRIDOR PARK,II,29.92,Canada,59.41788,-125.76196
303266,MOUNT BLANCHET PARK,II,243.98,Canada,55.27645,-125.85931
304997,Nirjutiqarvik National Wildlife Area,IB,340.92,Canada,75.95913,-79.27888
305157,Gulf Islands National Park Reserve Of Canada,II,31.01,Canada,48.71713,-123.23647
306351,Pte à l'Ours  Pointe aux Ivrognes Water Fowl Gathering Area,IV,27.07,Canada,49.78915,-64.33100
306360,Baie du Petit Makasti  Cap Caron Water Fowl Gathering Area,IV,38.46,Canada,49.93839,-64.16719
306479,Rivière à la Loutre-Baie des Sarcelles Water Fowl Gathering Area,IV,46.10,Canada,49.67255,-63.98313
306883,Lac McDonald White-Tailed Deer Yard,IV,30.50,Canada,48.29727,-71.39574
306933,Lac St-Louis (Centre du Lac) Water Fowl Gathering Area,IV,31.84,Canada,45.40434,-73.79247
306956,Lac de la Sucrerie White-Tailed Deer Yard,IV,27.67,Canada,46.12241,-74.87552
306968,lac des Trente et Un Milles White-Tailed Deer Yard,IV,243.58,Canada,46.30089,-75.79365
307008,Mattawa White-Tailed Deer Yard,IV,85.48,Canada,46.36465,-78.59502
307912,La Louise White-Tailed Deer Yard,IV,72.39,Canada,45.43932,-70.71847
308437,Havre du Brick  Pointe au Naufrage Water Fowl Gathering Area,IV,27.78,Canada,49.84556,-63.51598
308442,Pointe aux Ivrognes  Baie du Petit Makasti Water Fowl Gathering Area,IV,48.04,Canada,49.85845,-64.44808
308493,Grande-Rivière Ecological Reserve,IA,183.57,Canada,48.59337,-64.79522
308496,Proposed rivière Harricana Nord Aquatic Reserve,II,254.10,Canada,50.59747,-79.23585
308497,Proposed rivière Ashuapmushuan Aquatic Reserve,II,279.51,Canada,49.12302,-73.24443
308498,Proposed baie de Boatswain Biodiversity Reserve,II,110.30,Canada,51.82426,-78.91512
308499,Proposed péninsule de Ministikawatin Biodiversity Reserve,II,907.65,Canada,51.46594,-79.25018
308500,Proposed plaine de la Missisicabi Biodiversity Reserve,II,760.89,Canada,50.62057,-78.68311
308501,Proposed collines de Muskuchii Biodiversity Reserve,II,801.27,Canada,50.25726,-78.67150
308502,Lacs-Vaudray-et-Joannès Biodiversity Reserve,II,193.09,Canada,48.12068,-78.69344
308503,Caribous-de-Val-d'Or Biodiversity Reserve,II,434.20,Canada,47.88948,-77.62453
308504,Proposed lac Pasteur Biodiversity Reserve,II,635.23,Canada,50.29443,-67.04169
308509,Pingualuit National Park (Québec),II,1133.61,Canada,61.28664,-73.73598
308512,Proposed monts Groulx Biodiversity Reserve,II,209.84,Canada,51.64139,-67.74623
308513,Proposed lac Gensart Biodiversity Reserve,II,480.63,Canada,52.74819,-67.79591
308515,Proposed massif des lacs Belmont et Magpie Biodiversity Reserve,II,1593.31,Canada,51.25235,-64.75437
308517,Proposed vallée de la rivière Natashquan Biodiversity Reserve,II,4146.96,Canada,51.32720,-61.67895
308519,Proposed basses collines du lac Guernesé Biodiversity Reserve,II,2051.60,Canada,51.82057,-57.89779
308520,Proposed collines de Brador Biodiversity Reserve,II,32.84,Canada,51.57736,-57.17092
308521,Proposed Paul-Provencher Ecological Reserve,IA,53.07,Canada,50.14601,-68.18623
555515504,Redfir Lake - Kapitagas Channel Ecological Reserve,II,91.43,Canada,52.39382,-66.14350
555515508,Little Grand Lake Provisional Ecological Reserve,II,735.50,Canada,48.71009,-57.66101
555515510,Main River Waterway Provincial Park,II,152.02,Canada,49.83391,-57.15851
555515599,Chignecto Isthmus Wilderness Area,IV,27.87,Canada,45.92984,-64.13089
555515600,Eigg Mountain - James River Wilderness Area,IB,41.35,Canada,45.67457,-62.14780
555515602,Gully Lake Wilderness Area,IB,38.19,Canada,45.54203,-63.05927
555515612,Black River,II,39.97,Canada,46.87840,-65.08831
555515613,Canaan Bog,II,206.52,Canada,46.26437,-65.31395
555515614,Canoose Flowage,II,45.38,Canada,45.44405,-67.34673
555515620,Nepisiquit,II,118.95,Canada,47.37076,-66.60197
555515629,Caledonia Gorge,II,29.62,Canada,45.80462,-64.80114
555515631,Loch Alva,II,222.16,Canada,45.28486,-66.33731
555515633,Grand Lake,II,104.65,Canada,45.93153,-66.28067
555515634,Jacquet River Gorge,II,260.72,Canada,47.76540,-66.00881
555515662,Dungarvon Whooper Spring Woodlot,II,40.87,Canada,46.74809,-65.99321
555515669,Cache Bay Wetland Conservation Reserve,II,39.40,Canada,46.33054,-80.00237
555515671,Dryberry Lake Conservation Reserve,II,218.66,Canada,49.56132,-93.84600
555515672,East Lady Evelyn Lake Conservation Reserve,II,56.15,Canada,47.37015,-80.09933
555515673,Lac Des Mille Lacs Conservation Reserve,II,25.36,Canada,48.76299,-90.43363
555515674,Cliff Lake Conservation Reserve,II,29.49,Canada,47.21813,-79.68067
555515675,Ivanhoe River Clay Plain Conservation Reserve,II,70.77,Canada,48.25287,-82.52000
555515676,Eagle - Snowshoe Conservation Reserve,II,356.28,Canada,50.68243,-94.98498
555515682,Kama Cliffs Conservation Reserve,II,37.15,Canada,49.02666,-87.97355
555515685,Manitou Conservation Reserve,II,72.04,Canada,49.19882,-93.06107
555515692,Bruce Lake Conservation Reserve,II,54.66,Canada,50.80444,-93.25024
555515694,Campus Lake Conservation Reserve,II,194.52,Canada,49.17726,-91.69222
555515696,Bob Lake Conservation Reserve,II,26.59,Canada,47.18517,-80.27286
555515701,Ottertooth Conservation Reserve,II,287.94,Canada,49.81919,-89.45859
555515704,Upper Shebeshekong Wetland Conservation Reserve,II,53.19,Canada,45.48061,-80.32338
555515706,Ahmic Forest And Rock Barrens Conservation Reserve,II,60.77,Canada,45.58988,-79.80211
555515720,Jim Edwards Lake Conservation Reserve,II,86.62,Canada,47.26210,-80.41995
555515724,Lake Nipigon Conservation Reserve,II,1752.70,Canada,49.81046,-88.52763
555515725,Nipigon Palisades Conservation Reserve,II,115.10,Canada,49.29017,-88.21013
555515730,Low/Bell Conservation Reserve,II,55.79,Canada,49.96914,-85.58986
555515731,Garden Pakashkan Conservation Reserve,II,125.79,Canada,49.42938,-89.92472
555515734,Nakina Northeast Waterway Conservation Reserve,II,139.20,Canada,50.42267,-86.31200
555515738,Harth Lake Conservation Reserve,II,37.24,Canada,50.85848,-92.17746
555515742,Whitemud Conservation Reserve,II,184.99,Canada,50.71822,-92.44172
555515748,Gulliver River Conservation Reserve,II,27.38,Canada,49.26981,-91.42589
555515750,Eagle Lake Islands Conservation Reserve,II,34.09,Canada,49.66614,-93.18313
555515753,Kwinkwaga Ground Moraine Uplands Conservation Reserve,II,126.56,Canada,48.70734,-85.42304
555515760,Mistinikon Lake Uplands Conservation Reserve,II,43.33,Canada,47.94843,-80.79477
555515762,Brace Creek Outwash Plain Conservation Reserve,II,47.08,Canada,47.38325,-80.85275
555515765,Lake Of The Woods Conservation Reserve,II,452.32,Canada,49.33866,-94.41150
555515769,Nahma Bog And Poor Fens Conservation Reserve,II,36.14,Canada,48.97758,-80.93179
555515770,Hungry Lake Conservation Reserve,II,35.29,Canada,44.81697,-76.89583
555515775,East Wenebegon Forest Conservation Reserve,II,30.54,Canada,47.37313,-83.05467
555515781,Trewartha Creek Conservation Reserve,II,97.36,Canada,49.16918,-90.73195
555515785,Dog River Conservation Reserve,II,26.57,Canada,48.86924,-89.61864
555515801,Adair Lake Conservation Reserve,II,28.06,Canada,49.62225,-92.20476
555515806,Bear Lake Peatland Conservation Reserve,II,38.25,Canada,45.49234,-79.60979
555515809,Musk Lake Conservation Reserve,II,48.56,Canada,50.17118,-95.10763
555515811,Lac Seul Islands Conservation Reserve,II,145.80,Canada,50.42601,-92.42371
555515815,Meteor Lake Outwash Fans Conservation Reserve,II,35.54,Canada,47.31750,-81.43220
555515816,Rawhide Lake Conservation Reserve,II,46.35,Canada,46.64616,-82.67814
555515818,Onaping Lake Conservation Reserve,II,167.10,Canada,47.06249,-81.49611
555515819,Campfire River Conservation Reserve,II,41.82,Canada,50.38431,-94.31151
555515821,Gravel River Conservation Reserve,II,466.67,Canada,49.09992,-87.58163
555515822,Trout Lake Conservation Reserve,II,602.15,Canada,51.17364,-93.29285
555515823,Isko Dewabo Lake Complex Conservation Reserve,II,29.69,Canada,48.92009,-86.00419
555515824,East Larder River Bedrock Conifer Conservation Reserve,II,70.15,Canada,47.98161,-79.58961
555515825,Sugar Lake Conservation Reserve,II,61.47,Canada,47.34316,-80.11507
555515829,Mozhabong Lake Conservation Reserve,II,43.56,Canada,46.95357,-82.08393
555515836,Upper English River Conservation Reserve,II,122.95,Canada,49.67004,-90.93105
555515842,Onaman Lake Conservation Reserve,II,47.92,Canada,50.01162,-87.43848
555515843,Pipestone Conservation Reserve,II,108.65,Canada,49.10741,-93.56995
555515845,Northern Claybelt Forest Complex Conservation Reserve,II,681.72,Canada,48.76584,-82.06006
555515846,Rainy Lake Islands Conservation Reserve,II,55.04,Canada,48.72749,-93.08489
555515847,Mellon Lake Conservation Reserve,II,85.78,Canada,44.59747,-77.07942
555515850,North Yorston Conservation Reserve,II,131.93,Canada,47.24757,-80.69965
555515851,Fishnet Lake Conservation Reserve,II,35.06,Canada,48.91675,-86.94461
555515855,Glenn N. Crombie Conservation Reserve,II,69.56,Canada,46.44833,-82.42817
555515856,Shawanaga Lake Conservation Reserve,II,49.36,Canada,45.60381,-79.97678
555515859,Island Lake Forest And Barrens Conservation Reserve,II,154.85,Canada,45.78784,-80.02172
555515860,Cognashene Lake Conservation Reserve,II,29.07,Canada,44.97836,-79.88510
555515861,Severn River Conservation Reserve,II,98.95,Canada,44.91293,-79.58202
555515862,Lower Moon River Conservation Reserve,II,27.25,Canada,45.11999,-79.90216
555515868,Mojikit Lake Conservation Reserve,II,626.89,Canada,50.77734,-88.26515
555515870,Pinetorch Lake Conservation Reserve,II,36.24,Canada,47.16652,-80.46355
555515872,Windermere Goldie Lake Complex Conservation Reserve,II,186.93,Canada,47.99435,-83.80206
555515873,Shanly Creek Drumlins Conservation Reserve,II,37.36,Canada,49.08717,-82.72014
555515874,Bennet Lake Esker Kame Complex Conservation Reserve,II,34.87,Canada,49.84227,-82.34111
555515875,Vimy Lake Uplands Conservation Reserve,II,34.09,Canada,48.22747,-82.22260
555515876,Nova Township Clay Plain Peatlands Conservation Reserve,II,32.83,Canada,48.52050,-82.30936
555515877,Ballantyne Lake Drumlins Conservation Reserve,II,31.74,Canada,49.92205,-82.11017
555515879,North Muskego River Mixed Forest Conservation Reserve,II,32.85,Canada,48.96226,-81.80681
555515880,Pinard Moraine Conservation Reserve,II,182.15,Canada,50.02535,-81.73542
555515881,Tatachikapika River Plain Conservation Reserve,II,33.87,Canada,48.30610,-81.62343
555515889,North Of The North French River Conservation Reserve,II,1585.91,Canada,50.06475,-80.55614
555515892,Seguin River Conifer And Fens Conservation Reserve,II,68.38,Canada,49.24954,-80.23932
555515893,Fraserdale Wetland Complex Conservation Reserve,II,187.77,Canada,49.63878,-81.50409
555515894,Tembec Wetland Complex Conservation Reserve,II,81.59,Canada,49.63379,-79.57804
555515895,Coral Rapids Wetland Conservation Reserve,II,61.08,Canada,50.31205,-81.66777
555515896,McDougal Point Peninsula Conservation Reserve,II,60.40,Canada,48.67793,-79.75237
555515897,Killala Lake Conservation Reserve,II,132.00,Canada,49.10352,-86.49504
555515902,Brown's Inlet Conservation Reserve,II,29.22,Canada,48.78752,-93.40455
555515903,Echo River Hardwoods Conservation Reserve,II,102.36,Canada,46.64214,-83.75251
555515905,Kahshe Lake Barrens Conservation Reserve,II,32.20,Canada,44.82174,-79.26673
555515906,Nipigon River Conservation Reserve,II,26.58,Canada,49.18102,-88.32317
555515919,Slim Jim Lake Conservation Reserve,II,64.64,Canada,49.60148,-85.74391
555515920,Ile Parisienne Conservation Reserve,II,46.63,Canada,46.68091,-84.72330
555515921,La Cloche Ridge Conservation Reserve,II,40.08,Canada,46.11193,-81.86611
555515938,Attwood River Conservation Reserve,II,213.27,Canada,51.19842,-88.35504
555515941,Puzzle Lake Provincial Park (Natural Environment Class),II,37.77,Canada,44.58373,-76.95140
555515944,Nimoosh Provincial Park (Waterway Class),II,35.51,Canada,48.03112,-85.16837
555515945,Chiniguchi Waterway Provincial Park (Waterway Class),II,93.76,Canada,46.80805,-80.53336
555515947,Little White River Provincial Park (Waterway Class),II,127.83,Canada,46.56585,-83.07668
555515948,Matinenda Provincial Park (Natural Environment Class),II,287.66,Canada,46.36306,-82.85230
555515952,Obonga-Ottertooth Provincial Park (Waterway Class),II,211.54,Canada,49.87723,-89.62106
555515953,Spanish River Provincial Park (Waterway Class),II,354.08,Canada,46.90857,-81.84304
555515954,Goulais River Provincial Park (Waterway Class),II,50.82,Canada,46.96231,-83.84999
555515956,Gull River Provincial Park (Waterway Class),II,71.95,Canada,49.68483,-89.41704
555515958,Round Lake Provincial Park (Nature Reserve Class),IA,25.60,Canada,45.52271,-80.17353
555515959,Aubinadong River Provincial Park (Waterway Class),II,27.22,Canada,47.04778,-83.34800
555515960,Lake Abitibi Islands Provincial Park (Nature Reserve Class),IA,27.22,Canada,48.76752,-79.84213
555515963,East English River Provincial Park (Waterway Class),II,175.22,Canada,49.77073,-91.55160
555515966,Halfway Lake Provincial Park (Natural Environment Class),II,51.46,Canada,46.90464,-81.66011
555515967,Grassy River-Mond Lake Lowlands And Ferris Lake Uplands Provincial Park (Nature Reserve Class),IA,26.04,Canada,47.82016,-81.16125
555515970,Black Sturgeon River Provincial Park (Waterway Class),II,241.04,Canada,49.20262,-88.68282
555515972,Algoma Headwaters Provincial Park (Natural Environment Class),II,427.29,Canada,47.23317,-83.70505
555515974,Wenebegon River Provincial Park (Waterway Class),II,163.85,Canada,47.34085,-83.23193
555515976,Wakami Lake Provincial Park Addition (Nature Reserve Class),IA,35.28,Canada,47.46145,-82.78768
555515979,Biscotasi Lake Provincial Park (Natural Environment Class),II,122.91,Canada,47.37708,-82.02267
555515980,Aubinadong-Nushatogaini Rivers Provincial Park (Waterway Class),II,49.27,Canada,47.08899,-83.47999
555515982,Ruby Lake Provincial Park (Natural Environment Class),II,27.43,Canada,48.98379,-88.15743
555515984,Noganosh Lake Provincial Park (Waterway Class),II,30.84,Canada,45.82627,-80.23133
555515985,Temagami River Provincial Park (Waterway Class),II,33.95,Canada,46.71086,-80.03216
555515987,River Aux Sables Provincial Park (Waterway Class),II,34.27,Canada,46.49018,-82.17478
555515991,Jocko Rivers Provincial Park (Waterway Class),II,113.04,Canada,46.63234,-79.25855
555515992,Ogoki River Provincial Park (Waterway Class),II,232.69,Canada,50.86956,-87.27512
555515994,Killarney Lakelands And Headwaters Provincial Park (Natural Environment Class),II,153.60,Canada,46.15220,-81.40558
555515995,Whitesand Provincial Park (Waterway Class),II,113.47,Canada,50.44142,-88.73504
555515999,North Channel Inshore Provincial Park (Waterway Class),II,37.85,Canada,46.21225,-83.07826
555516000,Eagle-Dogtooth Provincial Park (Waterway Class),II,409.62,Canada,49.65477,-93.73190
555516001,Blind River Provincial Park (Waterway Class),II,54.04,Canada,46.48795,-82.93850
555516004,West Montreal River Provincial Park (Waterway Class),II,72.58,Canada,47.84621,-80.79951
555516005,West English River Provincial Park (Waterway Class),II,229.74,Canada,50.45875,-93.75968
555516006,Sandy Islands Provincial Park (Nature Reserve Class),IA,25.50,Canada,46.82160,-84.65708
555516007,Woman River Forest Provincial Park (Natural Environment Class),II,63.05,Canada,47.47366,-82.67250
555516008,Queen Elizabeth II Wildlands Provincial Park (Natural Environment Class),II,335.23,Canada,44.82571,-79.00450
555516009,Groundhog River Waterway Provincial Park (Waterway Class),II,110.44,Canada,48.97450,-82.06920
555516010,Englehart River Fine Sand Plain And Waterway Provincial Park (Waterway Class),II,40.39,Canada,47.88487,-80.21001
555516012,Magnetawan River Provincial Park (Waterway Class),II,34.24,Canada,45.70878,-80.23557
555516014,Pichogen River Mixed Forest Provincial Park (Nature Reserve Class),IA,30.37,Canada,48.93052,-83.97738
555516017,Batchawana River Provincial Park (Waterway Class),II,26.82,Canada,47.10892,-84.31614
555516025,Whitemouth Bog Ecological Reserve,IA,50.19,Canada,50.02892,-95.91271
555516026,Birch Island Provincial Park,IB,806.82,Canada,52.39451,-99.94023
555516027,Chitek Lake Anishinaabe Provincial Park,II,997.38,Canada,52.38365,-99.50650
555516028,Fisher Bay Provincial Park,II,229.34,Canada,51.64209,-97.16764
555516035,Sturgeon Bay Provincial Park,IB,148.87,Canada,51.82482,-97.81600
555516036,Walter Cook Caves Ecological Reserve,III,32.39,Canada,53.42042,-99.51711
555516037,Little Limestone Lake Provincial Park,III,47.70,Canada,53.78110,-99.33325
555516038,Douglas Marsh Protected Area,II,84.79,Canada,49.79530,-99.49604
555516039,Bell and Steeprock Canyons Protected Area,II,112.78,Canada,52.67801,-101.23525
555516043,Manigotagan River Provincial Park,II,81.08,Canada,51.02133,-95.99359
555516044,Nopiming Provincial Park,II,273.33,Canada,50.68284,-95.38585
555516048,Spruce Woods Provincial Park,II,204.58,Canada,49.70216,-99.16064
555516054,Delta Marsh Wildlife Management Area,IV,112.39,Canada,50.20869,-98.29433
555516056,Whitemouth Bog Wildlife Management Area,II,30.05,Canada,50.04718,-95.90115
555516057,Observation Point Wildlife Management Area,II,60.12,Canada,51.03644,-96.35230
555516058,Kaskatamagan Wildlife Management Area,II,2516.37,Canada,57.01999,-90.54019
555516059,Kaskatamagan Sipi Wildlife Management Area,IB,1339.08,Canada,56.52736,-91.76211
555516060,Cypress Hills Provincial Park,II,183.31,Canada,49.62557,-109.72175
555516069,Black Creek Heritage Rangeland,IV,77.26,Canada,49.92488,-114.22497
555516070,Beaverhill Lake Heritage Rangeland Natural Area,IV,132.89,Canada,53.46513,-112.52091
555516071,Twin River Heritage Rangeland Natural Area,IV,191.90,Canada,49.15930,-112.31823
555516072,Ribstone Creek Heritage Rangeland Natural Area,IV,57.53,Canada,52.70789,-110.37886
555516075,Onefour Heritage Rangeland Natural Area,IV,111.31,Canada,49.11517,-110.56301
555516079,Fort Assiniboine Sandhills Wildland Provincial Park,II,75.65,Canada,54.37303,-114.59257
555516083,Fidler-Greywillow Wildland Provincial Park,IB,73.82,Canada,59.00681,-110.49849
555516085,Whitehorse Wildland Provincial Park,IB,174.02,Canada,52.95740,-117.34328
555516086,Bow Valley Wildland Provincial Park,II,373.12,Canada,51.02916,-115.25337
555516088,Grizzly Ridge Wildland Provincial Park,IB,107.11,Canada,55.12417,-115.03329
555516089,Hay-Zama Lakes Wildland Provincial Park,IB,472.16,Canada,58.77584,-119.02852
555516090,Bob Creek Wildland Provincial Park,IB,207.86,Canada,49.97550,-114.28253
555516091,Chinchaga Wildland Provincial Park,IB,784.05,Canada,57.14488,-119.57851
555516092,Greene Valley Provincial Park,II,31.91,Canada,56.14612,-117.22540
555516093,La Biche River Wildland Provincial Park,II,154.35,Canada,55.00373,-112.63888
555516095,Otter-Orloff Lakes Wildland Provincial Park,II,53.33,Canada,55.36824,-113.55466
555516096,Whitemud Falls Wildland Provincial Park,IB,38.35,Canada,56.70064,-110.11190
555516097,Winagami Wildland Provincial Park,II,126.80,Canada,55.63228,-116.65733
555516098,Birch Mountains Wildland Provincial Park,IB,1365.88,Canada,57.51894,-113.01695
555516099,Brazeau Canyon Wildland Provincial Park,IB,46.88,Canada,52.78368,-116.75002
555516100,Dunvegan West Wildland Provincial Park,II,182.13,Canada,56.05820,-119.34025
555516101,Gipsy Lake Wildland Provincial Park,IB,358.23,Canada,56.47908,-110.37697
555516102,Grand Rapids Wildland Provincial Park,IB,222.11,Canada,56.43459,-112.15608
555516103,Marguerite River Wildland Provincial Park,IB,1959.89,Canada,57.56247,-110.41588
555516104,Obed Lake Provincial Park,II,25.30,Canada,53.56236,-117.10530
555516105,Rock Lake - Solomon Creek Wildland Provincial Park,IB,331.89,Canada,53.38702,-118.08021
555516106,Stony Mountain Wildland Provincial Park,IB,82.01,Canada,56.21000,-111.25885
555516107,Spray Valley Provincial Park,II,255.64,Canada,50.91880,-115.28514
555516109,Don Getty Wildland Provincial Park,IB,626.78,Canada,50.77968,-114.92280
555516110,Bluerock Wildland Provincial Park,IB,127.18,Canada,50.62857,-114.64419
555516111,Caribou Mountains Wildland Provincial Park,IB,5923.87,Canada,59.16896,-114.95074
555516112,Peace River Wildland Provincial Park,II,225.20,Canada,56.00982,-117.85615
555516113,Sheep River Provincial Park,II,61.97,Canada,50.64495,-114.62817
555516121,OH Ranch Heritage Rangeland,IV,42.77,Canada,50.52754,-114.36376
555516123,Wapiabi Provincial Recreation Area,II,36.88,Canada,52.54900,-116.35788
555516129,MONKMAN PARK,II,631.19,Canada,54.59908,-121.16624
555516134,DUNE ZA KEYIH PARK [A.K.A. FROG-GATAGA PARK],II,3317.30,Canada,58.25878,-126.29273
555516135,NINGUNSAW PARK,II,157.15,Canada,56.83534,-130.10093
555516136,TODAGIN SOUTH SLOPE PARK,III,35.60,Canada,57.62630,-129.92896
555516137,CHASE PARK,IB,361.95,Canada,56.50295,-125.01784
555516138,FINLAY-RUSSEL PARK,II,1092.25,Canada,57.39689,-126.28466
555516139,HEATHER-DINA LAKES PARK,II,58.23,Canada,55.50983,-123.29584
555516141,GRAYSTOKES PARK,II,119.63,Canada,49.97588,-118.86011
555516143,MYRA - BELLEVUE PARK,II,78.27,Canada,49.74931,-119.36721
555516145,SNOWY PROTECTED AREA,II,256.39,Canada,49.08123,-119.88766
555516146,UPPER SEYMOUR RIVER PARK,II,106.22,Canada,51.55799,-118.90849
555516151,SOUTH OKANAGAN GRASSLANDS PROTECTED AREA,II,93.28,Canada,49.08737,-119.61353
555516166,NATION LAKES PARK,II,188.75,Canada,55.33323,-125.05889
555516171,ATNA RIVER PARK,II,211.06,Canada,53.98700,-127.89344
555516172,BURNIE-SHEA PARK,II,345.57,Canada,54.33367,-127.65653
555516173,NENEIKEKH/NANIKA-KIDPRICE PARK,II,170.15,Canada,53.93829,-127.40298
555516174,MORICE LAKE PARK,II,524.98,Canada,53.97064,-127.64583
555516175,NADINA MOUNTAIN PARK,III,27.90,Canada,54.10135,-126.87303
555516185,HAKAI LÚXVBÁLÍS CONSERVANCY,II,515.95,Canada,51.74711,-128.19726
555516189,QWALÍMAK/UPPER BIRKENHEAD CONSERVANCY,II,48.91,Canada,50.57471,-122.85952
555516190,UPPER ROGERS KÓḺII7 CONSERVANCY,II,36.04,Canada,50.11618,-122.27748
555516193,YAAGUUN SUU CONSERVANCY,II,79.68,Canada,53.30991,-132.30885
555516196,HUNWADI/AHNUHATI - BALD CONSERVANCY,II,554.13,Canada,50.90252,-125.86579
555516198,CALVERT ISLAND CONSERVANCY,IB,185.68,Canada,51.50284,-127.98574
555516199,CRAB LAKE CONSERVANCY,IB,127.99,Canada,53.56941,-128.61356
555516200,MAHPAHKUM-AHKWUNA/DESERTERS-WALKER CONSERVANCY,II,64.38,Canada,50.89665,-127.50847
555516201,MOKSGM'OL/CHAPPLE - CORNWALL CONSERVANCY,II,291.37,Canada,53.09270,-128.98608
555516202,GITXAAŁA NII ŁUUTIKSM/KITKATLA CONSERVANCY,II,138.25,Canada,53.89291,-130.53121
555516203,K'OOTZ/KHUTZE CONSERVANCY,II,341.88,Canada,53.14085,-128.36235
555516204,KITASOO SPIRIT BEAR CONSERVANCY,II,1027.73,Canada,52.77486,-128.80094
555516205,K'LGAAN/KLEKANE CONSERVANCY,II,183.83,Canada,53.25866,-128.69591
555516206,Q'ALTANAAS/AALTANHASH CONSERVANCY,II,187.88,Canada,53.19864,-128.50501
555516207,KOEYE CONSERVANCY,II,187.44,Canada,51.79934,-127.69648
555516208,K'MOODA/LOWE-GAMBLE CONSERVANCY,II,144.65,Canada,53.52377,-129.44479
555516209,POOLEY CONSERVANCY,II,32.66,Canada,52.76334,-128.20365
555516211,TSA-LATĹ / SMOKEHOUSE CONSERVANCY,II,378.97,Canada,51.32465,-127.04062
555516215,UGʷIWA'/CAPE CAUTION CONSERVANCY,II,102.45,Canada,51.15430,-127.66398
555516216,CASCADE-SUTSLEM CONSERVANCY,IB,1215.36,Canada,52.62334,-127.35799
555516217,CATTO CREEK CONSERVANCY,II,72.49,Canada,51.44345,-126.38282
555516218,CLAYTON FALLS CONSERVANCY,II,50.48,Canada,52.26109,-126.83593
555516219,THORSEN CREEK CONSERVANCY,IB,84.90,Canada,52.30114,-126.66929
555516221,ELLERSLIE-ROSCOE CONSERVANCY,II,501.64,Canada,52.48419,-127.88488
555516225,JUMP ACROSS CONSERVANCY,IB,374.50,Canada,52.58062,-126.79171
555516228,DEAN RIVER CONSERVANCY,IB,561.24,Canada,52.78018,-126.57333
555516231,LADY DOUGLAS - DON PENINSULA CONSERVANCY,IB,112.20,Canada,52.32859,-128.35665
555516233,NAMU CONSERVANCY,II,103.22,Canada,51.88083,-127.80146
555516235,OUTER CENTRAL COAST ISLANDS CONSERVANCY,II,148.10,Canada,52.11230,-128.36595
555516236,LOCKHART-GORDON CONSERVANCY,IB,244.92,Canada,51.47156,-127.33048
555516237,OWIKENO CONSERVANCY,IB,705.81,Canada,51.70516,-126.96148
555516242,TROUP PASSAGE CONSERVANCY,II,26.19,Canada,52.26001,-128.02351
555516243,UPPER KIMSQUIT RIVER CONSERVANCY,II,105.93,Canada,53.12697,-127.38367
555516244,DZAWADI/UPPER KLINAKLINI RIVER CONSERVANCY,II,392.42,Canada,51.65867,-125.60256
555516249,HOTSPRINGS-NO NAME CREEK CONSERVANCY,IB,227.63,Canada,52.17711,-127.04373
555516252,EUROPA LAKE CONSERVANCY,II,89.47,Canada,53.34424,-128.34781
555516253,KLEWNUGGIT CONSERVANCY,II,67.89,Canada,53.71710,-129.66522
555516254,ECSTALL-SPARKLING CONSERVANCY,II,406.07,Canada,53.84430,-129.73877
555516256,KHTADA LAKE CONSERVANCY,II,136.48,Canada,54.10138,-129.43938
555516257,KHYEX CONSERVANCY,II,414.34,Canada,54.38149,-129.77953
555516260,DEAN RIVER CORRIDOR CONSERVANCY,II,35.65,Canada,52.83809,-126.81687
555516261,PA-AAT CONSERVANCY,II,47.71,Canada,53.76178,-129.99900
555516263,WOODWORTH LAKE CONSERVANCY,II,44.39,Canada,54.35772,-130.16894
555516266,ECSTALL HEADWATERS CONSERVANCY,II,131.19,Canada,53.91119,-129.32301
555516274,COLUMBIA WETLANDS WILDLIFE MANAGEMENT AREA,IV,169.81,Canada,50.91118,-116.50550
555516276,DEWDROP-ROSSEAU WILDLIFE MANAGEMENT AREA,IV,56.86,Canada,50.77949,-120.66348
555516277,EAST SIDE COLUMBIA LAKE WILDLIFE MANAGEMENT AREA,IV,71.61,Canada,50.23380,-115.81312
555516279,HAMLING LAKES WILDLIFE MANAGEMENT AREA,IV,307.73,Canada,50.32123,-117.51065
555516281,MIDGE CREEK WILDLIFE MANAGEMENT AREA,IV,148.45,Canada,49.44708,-116.90035
555516284,DUNE ZA KEYIH PROTECTED AREA (A.K.A. FROG-GATAGA PROTECTED AREA),II,160.58,Canada,58.02663,-125.71276
555516285,FINTRY PROTECTED AREA,II,30.85,Canada,50.13215,-119.60421
555516293,PITT-ADDINGTON MARSH WILDLIFE MANAGEMENT AREA,IV,27.17,Canada,49.34172,-122.61632
555516295,STURGEON BANK WILDLIFE MANAGEMENT AREA,IV,77.57,Canada,49.18352,-123.25145
555516296,TODAGIN WILDLIFE MANAGEMENT AREA,IV,1225.96,Canada,57.58554,-129.82403
555516299,TREPANIER PARK,II,28.86,Canada,49.90999,-119.85687
555516301,WHITE LAKE GRASSLANDS PROTECTED AREA,II,37.44,Canada,49.29354,-119.59696
555516315,GREENBUSH LAKE PROTECTED AREA,II,28.19,Canada,50.78161,-118.30206
555516316,ANSTEY HUNAKWA PARK,II,68.55,Canada,51.13984,-118.92731
555516317,BRENT MOUNTAIN PROTECTED AREA,II,43.50,Canada,49.47982,-119.94585
555516318,ED BIRD - ESTELLA LAKES PARK,II,55.89,Canada,56.93987,-125.09639
555516320,DAMDOCHAX PROTECTED AREA,II,81.40,Canada,56.37705,-127.96177
555516343,RUBYROCK LAKE PARK,II,412.50,Canada,54.70230,-125.29881
555516345,OMINECA PARK,II,1324.18,Canada,55.86433,-124.85241
555516346,MUSCOVITE LAKES PARK,II,57.12,Canada,55.97447,-124.13420
555516351,UPPER ELAHO VALLEY CONSERVANCY,II,102.61,Canada,50.45210,-123.60918
555516355,FOCH-GILTTOYEES PARK,II,584.08,Canada,53.89579,-129.13442
555516360,BANKS NII ŁUUTIKSM CONSERVANCY,II,155.93,Canada,53.55045,-130.44406
555516361,BISHOP BAY - MONKEY BEACH CONSERVANCY,III,28.36,Canada,53.49083,-128.89281
555516364,MONCKTON NII ŁUUTIKSM CONSERVANCY,II,221.92,Canada,53.32652,-129.67615
555516365,KSI XTS'AT'KW/STAGOO CONSERVANCY,II,113.09,Canada,55.23642,-129.63732
555516377,ECSTALL-SPOKSUUT CONSERVANCY,II,99.19,Canada,54.08750,-129.96277
555516378,LAX KWAXL/DUNDAS AND MELVILLE ISLANDS CONSERVANCY,II,233.55,Canada,54.49476,-130.90011
555516379,ALTY CONSERVANCY,II,84.70,Canada,53.62527,-129.44206
555516380,KENNEDY ISLAND CONSERVANCY,II,43.85,Canada,54.03244,-130.17689
555516381,KHUTZEYMATEEN INLET CONSERVANCY,IB,103.68,Canada,54.66514,-130.08783
555516382,KSI X' ANMAAS CONSERVANCY,II,333.45,Canada,54.76381,-129.91507
555516383,KTS'MKTA'ANI/UNION LAKE CONSERVANCY,II,63.35,Canada,54.62717,-130.21986
555516389,KSGAXL/STEPHENS ISLAND CONSERVANCY,II,94.49,Canada,54.17373,-130.72804
555516394,K'WAAL CONSERVANCY,II,32.63,Canada,53.66752,-129.35848
555516410,Ezǫdzìtì,IB,1375.03,Canada,64.50083,-119.02985
555516411,Kelly Lake Protected Area,IB,272.64,Canada,65.41665,-126.47667
555516420,Grasslands National Park Of Canada,II,765.35,Canada,49.10904,-107.12004
555516421,Torngat Mountains National Park Of Canada,II,9854.65,Canada,59.38352,-63.78565
555516422,Ukkusiksalik National Park Of Canada,II,17814.41,Canada,65.76384,-89.83331
555516423,Canadian Forces Base Suffield National Wildlife Area,IV,449.99,Canada,50.46290,-110.54400
555516424,Last Mountain Lake National Wildlife Area,IV,109.06,Canada,51.36528,-105.21778
555516427,Akpait National Wildlife Area,IB,48.32,Canada,66.90630,-61.72204
555516428,Ninginganiq National Wildlife Area,IB,529.60,Canada,69.55838,-67.68104
555516429,Qaqulluit National Wildlife Area,IB,396.16,Canada,67.24747,-62.45428
555516430,Sand Lakes Provincial Park,IB,8307.68,Canada,57.71251,-98.70835
555557356,Mer Bleue Bog,II,33.80,Canada,45.40068,-75.50771
555557360,NANG XALDANGAAS CONSERVANCY,II,68.97,Canada,53.97858,-132.34362
555557363,TLALL CONSERVANCY,II,162.09,Canada,53.44136,-132.07979
555557365,KUNXALAS CONSERVANCY,II,33.53,Canada,53.09220,-131.68454
555557367,K'UUNA GWAAY CONSERVANCY,II,131.56,Canada,52.89618,-131.58954
555557368,DAAWUUXUSDA CONSERVANCY,II,704.51,Canada,53.05047,-132.41052
555557369,UPPER SOO CONSERVANCY,II,113.12,Canada,50.26091,-123.20511
555557370,CALLAGHAN CONSERVANCY,II,80.87,Canada,50.16270,-123.23705
555557371,CRESTON VALLEY WILDLIFE MANAGEMENT AREA,IV,69.00,Canada,49.14476,-116.61604
555557373,FINLAY-RUSSEL PROTECTED AREA,II,135.67,Canada,57.37163,-126.16797
555557375,SEVEN SISTERS PROTECTED AREA,II,120.16,Canada,54.93942,-128.24290
555557376,BEARHOLE LAKE PROTECTED AREA,II,50.54,Canada,55.04571,-120.34629
555557377,SUTHERLAND RIVER PROTECTED AREA,II,48.35,Canada,54.35058,-124.80832
555557381,FRED ANTOINE PARK,II,82.33,Canada,50.89724,-122.11546
555557384,MKWAL'TS CONSERVANCY,II,38.62,Canada,50.25688,-122.65816
555557388,SOUTH CHILCOTIN MOUNTAINS PARK,II,567.95,Canada,51.05806,-123.08214
555557526,Lakeland Provincial Recreation Area,II,415.73,Canada,54.72953,-111.39852
555557696,Primrose Lake,IV,117.51,Canada,54.91547,-109.91107
555557712,Douglas Provincial Park,II,96.27,Canada,51.01975,-106.49740
555557715,Wildcat Hill Provincial Park,IB,221.71,Canada,53.24717,-102.47367
555557735,Clarence-Steepbank Lakes Provincial Park,IB,163.63,Canada,54.27819,-105.11065
555557743,Athabasca Sand Dunes Provincial Park,IB,2081.09,Canada,59.10630,-108.68950
555557746,Clearwater River Provincial Park,IB,2361.42,Canada,56.96173,-109.10408
555557753,Moose Mountain Provincial Park,II,402.63,Canada,49.81395,-102.39450
555557754,Narrow Hills Provincial Park,II,586.79,Canada,54.08185,-104.64505
555557755,Saskatchewan Landing Provincial Park,II,72.39,Canada,50.65961,-107.99015
555557756,Greenwater Lake Provincial Park,II,202.55,Canada,52.51840,-103.42242
555557759,Makwa Lake Provincial Park,II,25.30,Canada,54.03840,-109.24045
555557763,Meadow Lake Provincial Park,II,1688.07,Canada,54.55812,-109.13931
555557764,Lac La Ronge Provincial Park,II,3194.08,Canada,55.27107,-104.76893
555557769,Mccusker River,IA,1394.32,Canada,55.13269,-108.82483
555557772,Nakuchi Lake,IB,45.92,Canada,53.67944,-101.87653
555557773,Seager Wheeler Lake,IB,1771.89,Canada,54.20198,-103.68464
555557775,Perry Lake,IB,394.57,Canada,56.86715,-102.64762
555557777,Halldorson Bay,IB,68.01,Canada,56.94263,-102.07934
555557778,Greenbush River,IB,25.00,Canada,52.93277,-102.66431
555557779,Fir River,IB,48.72,Canada,53.08776,-102.59787
555557781,Jan Lake,IB,335.37,Canada,54.93942,-102.89726
555557785,Pasquia River,IB,48.79,Canada,53.24936,-101.76923
555557787,Budd Lake,IB,179.00,Canada,54.97689,-106.80652
555557788,Carrot River,IB,95.02,Canada,53.55459,-103.16612
555557789,Rice River Canyon,IB,74.00,Canada,53.47431,-102.35585
555557790,Wapawekka Hills,IB,679.08,Canada,54.82962,-104.33019
555557792,Sturgeon-Weir River,IB,48.36,Canada,54.65760,-102.59351
555557911,Crystal Beach Lake,IV,79.01,Canada,51.69235,-107.57494
555557916,Candle Lake,IV,295.99,Canada,53.77962,-105.35374
555557921,Whiteswan Lakes,IV,306.72,Canada,54.08185,-105.16262
555557926,Outlook,IV,39.38,Canada,51.56187,-107.05846
555557937,Nueltin Lake Provincial Park,IB,4475.30,Canada,59.63092,-99.58464
555557938,Colvin Lake Provincial Park,IB,1631.11,Canada,59.66497,-101.56029
555557939,Pimitotah Traditional Use Planning Area,II,1325.45,Canada,51.69101,-96.16056
555557940,Pauingassi First Nation Traditional Use Planning Area,II,2724.68,Canada,52.43527,-95.62861
555558125,Sahkeesuhkuh Weesuhkaheegahn,IV,88.80,Canada,51.55325,-93.47286
555558126,Pahngwahshahshk Ohweemushkeeg,IV,578.15,Canada,52.12433,-93.25489
555558127,Beekahncheekahmeeng Deebahncheekayweehn Eenahohnahnuhn,IV,996.40,Canada,51.84246,-93.42321
555558128,Weeskayjahk Ohtahzhoganeeng,IV,1785.32,Canada,51.69590,-94.51173
555558130,Kahnahmaykoosayseekahk,IV,48.18,Canada,51.33710,-94.11796
555558131,North Georgian Bay Shoreline And Islands Conservation Reserve,II,171.23,Canada,45.71551,-80.55288
555558159,Mount Carleton Provincial Park,II,173.13,Canada,47.40381,-66.83299
555558207,Asatiwisipe Aki Traditional Use Planning Area,II,8077.59,Canada,52.97959,-96.59841
555558212,Primrose Lake Provincial Ecological Reserve,IA,195.00,Canada,55.02376,-109.75875
555558213,Connell Creek,IB,49.84,Canada,53.06383,-103.26716
555558215,Selenite Point,IB,37.58,Canada,54.68506,-106.71415
555558216,Great Sand Hills,IB,372.96,Canada,50.60855,-109.14427
555558217,Mari Lake,IB,310.86,Canada,55.19715,-102.00531
555558222,Caribou Flats,IB,95.98,Canada,54.91577,-107.34499
555558225,Private Conservation Lands,IV,3340.13,Canada,51.69523,-105.66810
555566941,Sable Island National Park Reserve Of Canada,II,29.82,Canada,43.99409,-59.89766
555566942,Nááts'ihch'oh National Park Reserve Of Canada,II,4899.30,Canada,62.57222,-128.58561
555566943,Pink Lake,IB,3667.19,Canada,56.76556,-104.40724
555566946,YALAKOM PARK,II,89.41,Canada,51.08747,-122.41239
555566947,GOLDEN GATE/X̱ÁAT YÁDI AANI CONSERVANCY,II,59.85,Canada,59.64422,-134.21672
555566951,MCTAGGART-COWAN/NSEK'INIW'T WILDLIFE MANAGEMENT AREA,IV,64.91,Canada,49.41249,-119.50256
555566964,ELEVEN SISTERS PARK,II,29.18,Canada,51.84245,-123.49596
555566966,HANNA-TINTINA CONSERVANCY,II,237.01,Canada,56.15527,-129.30634
555566968,NE'ĀH' CONSERVANCY,IB,2325.69,Canada,59.29570,-128.70869
555567013,Pointe au Naufrage  Pointe à la Vache Water Fowl Gathering Area,IV,52.47,Canada,49.76937,-63.11060
555567030,Refuge de Nicolet Water Fowl Gathering Area,IV,28.21,Canada,46.20938,-72.70564
555567048,La Macaza White-Tailed Deer Yard,IV,40.76,Canada,46.38144,-74.75173
555567049,Lac David White-Tailed Deer Yard,IV,50.43,Canada,46.59722,-75.21879
555567050,Ruisseau Grand-Nord White-Tailed Deer Yard,IV,32.92,Canada,48.35968,-66.06776
555567051,Long-Montauban White-Tailed Deer Yard,IV,74.29,Canada,46.84192,-72.18880
555567052,Kiamika - Lac-du-Cerf White-Tailed Deer Yard,IV,101.83,Canada,46.36236,-75.41503
555567054,Venosta White-Tailed Deer Yard,IV,47.93,Canada,45.83888,-76.12319
555567056,Notre-Dame-du-Laus White-Tailed Deer Yard,IV,88.21,Canada,46.07684,-75.55790
555567058,Plaisance National Park (Québec),II,28.16,Canada,45.60304,-75.10503
555567059,Hautes-Gorges-de-la-Rivière-Malbaie National Park (Québec),II,224.91,Canada,47.92243,-70.51491
555567086,Serpentine-du-Mont-Albert Habitat Of A Threatened Or Vulnerable Plant Species,IA,27.54,Canada,48.90855,-66.17872
555567088,Proposed Rivière-Delay Biodiversity Reserve,II,2889.97,Canada,56.38695,-71.04354
555567093,Proposed Anneaux-Forestiers Biodiversity Reserve,II,133.94,Canada,49.67752,-79.40986
555567094,Proposed Lac-Sérigny Biodiversity Reserve,II,3260.33,Canada,55.37874,-69.73533
555567096,Proposed ruisseau Niquet Biodiversity Reserve,II,164.72,Canada,50.15030,-79.02932
555567098,Proposed Vallée-de-la-Rivière-Maganasipi Biodiversity Reserve,II,89.63,Canada,46.35516,-78.36575
555567099,Proposed lac Wetetnagami Biodiversity Reserve,II,234.28,Canada,48.79076,-76.27894
555567100,Proposed lac Ménistouc Biodiversity Reserve,II,354.79,Canada,52.88779,-66.44430
555567103,Proposed Hirondelle Biodiversity Reserve,II,322.06,Canada,52.92706,-71.68729
555567105,Proposed îles de l'est du Pipmuacan Biodiversity Reserve,II,88.45,Canada,49.54076,-70.08764
555567106,Proposed Seigneurie-du-Triton Biodiversity Reserve,II,410.10,Canada,47.60391,-72.05109
555567107,Proposed Waskaganish Biodiversity Reserve,II,1077.84,Canada,51.49920,-78.09357
555567109,Proposed Buttes-du-Lac-Montjoie Biodiversity Reserve,II,98.27,Canada,46.30666,-75.15076
555567110,Proposed Opémican Biodiversity Reserve,II,29.49,Canada,46.91373,-78.96623
555567111,Proposed Drumlins-du-Lac-Viennaux Biodiversity Reserve,II,701.54,Canada,58.51593,-71.29856
555567113,Proposed Basses-Collines-du-Lac-au-Sorcier Biodiversity Reserve,II,191.11,Canada,46.70091,-73.43558
555567114,Proposed Canyon-de-la-Rivière-aux-Rats Biodiversity Reserve,II,208.50,Canada,47.42224,-73.07602
555567115,Proposed Rivière-Vachon Biodiversity Reserve,II,2532.93,Canada,60.63739,-72.24979
555567118,Proposed Basses-Collines-du-Ruisseau-Serpent Biodiversity Reserve,II,112.34,Canada,46.49877,-78.79667
555567119,Proposed Mont-Sainte-Marie Biodiversity Reserve,II,134.26,Canada,46.00733,-75.77595
555567121,Proposed Esker-Mistaouac Biodiversity Reserve,II,456.46,Canada,49.31765,-78.76024
555567122,Proposed vallée de la rivière Godbout Biodiversity Reserve,II,147.59,Canada,49.64115,-67.81201
555567123,Proposed Lac-Némiscachingue Biodiversity Reserve,II,253.11,Canada,47.45990,-74.43464
555567126,Proposed Plateau-de-la-Pierriche Biodiversity Reserve,II,341.30,Canada,48.20221,-73.13994
555567127,Proposed Îles-du-Kiamika Biodiversity Reserve,II,44.82,Canada,46.68890,-75.04522
555567128,Proposed Sikitakan Sipi Biodiversity Reserve,II,91.46,Canada,48.39574,-74.47249
555567129,Proposed lac Saint-Cyr Biodiversity Reserve,II,143.17,Canada,48.74718,-75.70743
555567130,Proposed Station-de-biologie-des-Laurentides Biodiversity Reserve,II,29.63,Canada,46.00712,-73.99404
555567131,Proposed Wanaki Biodiversity Reserve,II,137.92,Canada,47.51096,-77.40137
555567132,Proposed marais du lac Parent Biodiversity Reserve,II,402.84,Canada,48.72656,-76.86475
555567134,Proposed lac Taibi Biodiversity Reserve,II,268.97,Canada,49.41281,-77.50033
555567135,Proposed lac Berté Biodiversity Reserve,II,482.54,Canada,50.82005,-68.39371
555567137,Proposed brûlis du lac Frégate Biodiversity Reserve,II,268.14,Canada,49.50714,-69.25804
555567138,Proposed Paul-Provencher Biodiversity Reserve,II,112.91,Canada,50.12273,-68.22672
555567139,Proposed Basses-Collines-du-Lac-Coucou Biodiversity Reserve,II,177.67,Canada,47.71575,-73.82471
555567140,Proposed Vallée-Tousignant Biodiversity Reserve,II,42.58,Canada,47.04145,-73.17479
555567141,Proposed Domaine-La Vérendrye Biodiversity Reserve,II,260.65,Canada,47.02155,-76.66715
555567142,Proposed Grandes-Piles Biodiversity Reserve,II,36.30,Canada,46.76928,-72.66472
555567143,Proposed Dunes-de-la-Rivière-Attic Biodiversity Reserve,II,77.67,Canada,48.21142,-76.78154
555567144,Proposed Brûlis-du-Lac-Oskélanéo Biodiversity Reserve,II,261.21,Canada,48.14347,-75.18939
555567145,Proposed lac Onistagane Biodiversity Reserve,II,674.30,Canada,50.75071,-71.30501
555567146,Monts-Pyramides National Park Reserve (Québec),II,1935.05,Canada,57.60274,-65.43564
555567147,Collines-Ondulées National Park Reserve (Québec),II,1659.79,Canada,55.70372,-67.28939
555567148,Assinica National Park Reserve (Québec),II,3213.91,Canada,50.62191,-75.76959
555567149,Baie-aux-Feuilles National Park Reserve (Québec),II,3868.67,Canada,58.85443,-69.92137
555567267,Proposed Rivière-Dumoine Aquatic Reserve,II,1444.97,Canada,46.81166,-77.82322
555567268,Proposed lac au Foin Aquatic Reserve,II,172.41,Canada,50.06803,-72.13347
555567269,Proposed Vallée-de-la-Haute-Rouge Aquatic Reserve,II,141.99,Canada,46.80942,-74.59898
555567527,Saguenay-St. Lawrence Marine Park,II,1247.24,Canada,48.01727,-69.99688
555567529,Îles de la Girodeau - Grande Île Water Fowl Gathering Area,IV,46.77,Canada,46.12602,-73.00496
555567552,partie Chicoutai-Kegashka Water Fowl Gathering Area,IV,41.55,Canada,50.19660,-61.10673
555567643,Île Dumais Water Fowl Gathering Area,IV,25.19,Canada,47.62577,-69.81675
555568449,02551R098 Biological Refuge,IV,25.89,Canada,49.97802,-73.65305
555569532,02551R100 Biological Refuge,IV,30.04,Canada,49.89284,-73.62981
555569775,Uapishka Biodiversity Reserve,II,1382.50,Canada,51.57326,-67.95496
555569777,Karst-de-Saint-Elzéar Biodiversity Reserve,III,44.24,Canada,48.26355,-65.35247
555569778,Rivière-George Territorial reserve for protected area purposes,II,8385.34,Canada,56.80739,-65.35158
555569779,Lac-Jeannin Territorial reserve for protected area purposes,II,1290.48,Canada,56.46761,-66.14407
555569780,Rivière-Marralik Territorial reserve for protected area purposes,II,3564.53,Canada,57.67917,-66.75475
555569792,Aire d'Aménagement de Grande-Rivière White-Tailed Deer Yard,IV,84.69,Canada,47.20397,-69.86624
555569794,Lac Tremblant White-Tailed Deer Yard,IV,32.54,Canada,46.23220,-74.59377
555569913,Montagnes-Vertes (Sec. SCCN / Par. Allistone-Winkler  Domtar  Nadon  Ghiskas-Schmid  Johnston) Nature Reserve,II,46.14,Canada,45.10637,-72.48502
555593094,Five Bridge Lakes Wilderness Area,IB,86.32,Canada,44.60790,-63.80803
555593095,Kelley River Wilderness Area,II,209.36,Canada,45.60135,-64.39487
555593096,Raven Head Wilderness Area,IV,52.59,Canada,45.53841,-64.71374
555593136,East Branch Portage River,II,108.97,Canada,47.28675,-65.67425
555593155,Jardine Brook,II,83.54,Canada,47.57491,-67.52427
555593156,Lake Stream,II,25.55,Canada,46.34113,-65.49212
555593183,Nashwaak River,II,39.84,Canada,46.31761,-66.93321
555593247,Queen Elizabeth The Queen Mother Mnidoo Mnising Provincial Park (Natural Environment Class),II,65.32,Canada,45.84887,-82.99467
555593250,NAKINA - INKLIN RIVERS/YÁWU YAA CONSERVANCY,II,1673.34,Canada,59.04231,-132.87704
555593251,NAKINA - INKLIN RIVERS (KUTHAI AREA)/YÁWU YAA CONSERVANCY,II,260.47,Canada,59.18759,-133.30507
555593252,ROBERTS BANK WILDLIFE MANAGEMENT AREA,IV,87.76,Canada,49.06360,-123.20206
555593253,INDIAN LAKE – HITCHCOCK CREEK/ÁT CHI'ÎNI SHÀ CONSERVANCY,II,606.57,Canada,59.87850,-133.47855
555593257,WILLISON CREEK – NELSON LAKE/SÍT' HÉENI CONSERVANCY,II,103.08,Canada,59.31532,-134.14413
555593259,TAKU RIVER/T'AḴÚ TÉIX̱' CONSERVANCY,II,806.37,Canada,58.71723,-133.25781
555593265,BROUGHTON ARCHIPELAGO CONSERVANCY,II,40.89,Canada,50.68936,-126.69288
555593266,UPPER GLADYS RIVER/WATSIX DEIYI CONSERVANCY,II,563.58,Canada,59.57464,-132.80474
555593267,MOUNT MINTO/K'IYÁN CONSERVANCY,II,56.61,Canada,59.94572,-133.91290
555593273,Météorite Biodiversity Reserve,II,232.75,Canada,51.46434,-68.47788
555593275,Proposed Manicouagan Aquatic Reserve,II,712.83,Canada,49.03671,-68.42571
555593287,Opémican National Park (Québec),II,252.53,Canada,46.96150,-79.19756
555593735,Proposed Côte-de-Charlevoix Biodiversity Reserve,II,61.91,Canada,47.94440,-69.89466
555621520,Castle Wildland Provincial Park,IB,641.13,Canada,49.39109,-114.34469
555621524,Dillon River Wildland Provincial Park,IB,1901.28,Canada,55.85326,-110.24036
555621533,Kazan Wildland Provincial Park,IB,6595.13,Canada,59.38805,-110.77175
555621539,Richardson Wildland Provincial Park,IB,3121.29,Canada,58.19476,-110.78597
555621562,Akami-Uapishku - Kakkasuak - Mealy Mountains National Park Reserve Of Canada,II,10711.28,Canada,53.59458,-58.28724
555621565,Cape Chignecto Provincial Park,II,42.34,Canada,45.38754,-64.87989
555621567,Baddeck River Wilderness Area,IB,27.78,Canada,46.24973,-60.75266
555621572,The Stillwaters Wilderness Area,IB,29.68,Canada,45.93799,-60.06714
555621573,Humes River Wilderness Area,IB,36.26,Canada,46.04876,-60.99999
555621616,Kluscap Wilderness Area,IB,27.77,Canada,46.30638,-60.47379
555621618,Silver River Wilderness Area,IV,52.92,Canada,44.19480,-65.82201
555621622,Dunraven Bog Nature Reserve,IA,34.65,Canada,44.05955,-65.14195
555621637,Tracadie River Wilderness Area,IV,25.27,Canada,45.51489,-61.63842
555621648,Fourchu Coast Wilderness Area,IV,48.09,Canada,45.71036,-60.35729
555621653,South Panuke Wilderness Area,II,68.47,Canada,44.69723,-64.18535
555621655,Medway Lakes Wilderness Area,IB,195.84,Canada,44.56910,-65.24027
555621658,Wehexlaxodıale,IB,976.82,Canada,64.39245,-116.26906
555621660,Qausuittuq National Park Of Canada,II,9841.04,Canada,76.13237,-101.48856
555637720,Algonquin Provincial Park (Natural Environment Class),II,2632.69,Canada,45.66376,-78.32615
555637721,ANCIENT FOREST/CHUN T'OH WHUDUJUT PARK,II,111.90,Canada,53.77217,-121.28169
555637725,Asi Keyi,II,2980.05,Canada,61.51550,-140.37662
555637734,Blanche River Conservation Reserve,II,55.66,Canada,47.69854,-79.63352
555637740,Butler Lake Provincial Park (Nature Reserve Class),IA,32.69,Canada,49.69602,-92.71754
555637746,Castle Provincial Park,II,223.77,Canada,49.44219,-114.40981
555637754,Cranberry Lake Provincial Park (Nature Reserve Class),IA,25.45,Canada,48.85806,-94.36337
555637757,Ddhaw Ghro,IV,1610.36,Canada,63.14891,-135.79745
555637759,Devil's Elbow,IV,75.22,Canada,63.42791,-136.43166
555637772,Fushimi Lake Provincial Park (Recreational Class),II,53.11,Canada,49.81000,-83.90349
555637783,Herschel Island - Qikiqtaruk,II,112.28,Canada,69.57724,-139.08503
555637786,Nuna K’óhonete Yédäk Tah’é (Horseshoe Slough),IV,76.99,Canada,63.42253,-135.06881
555637800,Kinwow Bay Provincial Park,IB,84.98,Canada,52.01147,-97.43393
555637802,Kusawa,II,3080.67,Canada,60.37704,-136.11489
555637806,Laverendrye Provincial Park (Waterway Class),II,168.02,Canada,48.14178,-90.29249
555637818,Lola Lake Provincial Park (Nature Reserve Class),IA,61.53,Canada,49.83545,-92.53614
555637820,Łútsäw Wetland,IV,32.24,Canada,62.70590,-136.69732
555637832,Ni'iinlii Njik (Fishing Branch),IV,140.94,Canada,66.46745,-139.20335
555637833,Ni'iinlii Njik (Fishing Branch),IB,5203.19,Canada,66.48043,-139.37060
555637841,Obatanga Provincial Park (Natural Environment Class),II,89.32,Canada,48.32298,-85.09205
555637844,Pakwash Provincial Park (Natural Environment Class),II,39.40,Canada,50.75136,-93.54308
555637887,Saguenay-St. Lawrence Marine Park,II,1246.84,Canada,48.01727,-69.99688
555637901,Silver Falls Provincial Park (Natural Environment Class),II,32.14,Canada,48.67662,-89.59631
555637902,Sleeping Giant Provincial Park (Natural Environment Class),II,243.89,Canada,48.43615,-88.80889
555637910,St. Labre Bog Ecological Reserve,IA,40.27,Canada,49.49371,-96.04223
555637911,St. Raphael Provincial Park (Waterway Class),II,905.39,Canada,50.70935,-90.86042
555637913,Steel River Provincial Park (Waterway Class),II,110.40,Canada,49.19325,-86.78331
555637929,Tombstone,II,2047.88,Canada,64.57290,-138.60585
555637934,Tsâwnjik Chu (Nordenskiold),IV,78.23,Canada,61.92303,-136.18119
555637936,Van Tat K'atr'anahtii (Old Crow Flats),IV,3948.94,Canada,67.94932,-139.95233
555637937,Van Tat K'atr'anahtii (Old Crow Flats),IV,533.48,Canada,67.91689,-139.71713
555637944,Whitefish Lakes Conservation Reserve,II,106.85,Canada,48.12240,-80.71409
555637945,Whitefish River Conservation Reserve,II,38.32,Canada,48.06003,-80.88455
555637946,Winnange Lake Provincial Park (Natural Environment Class),II,46.83,Canada,49.78583,-93.68226
555637961,Proposed Petite-Rivière-Croche Aquatic Reserve,II,163.81,Canada,47.83851,-72.65842
555637962,Proposed Lac-Wayagamac Biodiversity Reserve,II,130.91,Canada,47.37854,-72.57525
555637963,Proposed Buttes-et-Basses-Collines-du-Lac-Najoua Biodiversity Reserve,II,223.03,Canada,48.12188,-74.02723
555638022,Ulittaniujalik National Park (Québec),II,5293.87,Canada,57.77257,-65.20194
555643411,Proposed Îles-du-Réservoir-Gouin Biodiversity Reserve,II,79.03,Canada,48.51567,-74.93174
555651679,Ni'iinlii Njik (Fishing Branch),III,168.59,Canada,66.48518,-139.36962
555695912,Fortune-Schooner Ansi (Core Area  Crown Land Portion),IB,25.84,Canada,45.10531,-76.98399
555695916,Lobstick Lake,IB,986.74,Canada,53.69674,-102.28772
555695918,Lower Foster Lake,IB,231.95,Canada,56.46008,-105.43830
555695919,Nisbet South,IB,80.86,Canada,52.93375,-106.13835
555695921,Birch River Wildland Provincial Park,IB,3319.57,Canada,57.74082,-113.20563
555695922,Kitaskino Nuwenëné Wildland,IB,1617.53,Canada,57.90412,-111.61789
555695927,Edéhzhíe Protected Area,IB,14222.11,Canada,62.17137,-120.14599
555695939,Minesing Wetlands Conservation Area,IV,43.11,Canada,44.38391,-79.85278
555697534,Red Deer Wildlife Management Area,II,899.73,Canada,53.13099,-101.18688
555704261,Gatineau Park,II,362.63,Canada,45.55245,-76.00239
555704264,Watshishou Bird Sanctuary,IA,104.58,Canada,50.25910,-62.47277
555704270,Saint-Augustin Bird Sanctuary,IA,49.16,Canada,51.13515,-58.46320
555704274,Nicolet Bird Sanctuary,IA,29.39,Canada,46.19584,-72.69759
555704284,Sainte-Marie Islands Bird Sanctuary,IA,36.46,Canada,50.30402,-59.68901
555704286,Île à la Brume Bird Sanctuary,IA,35.60,Canada,50.17902,-60.50655
555704295,Boatswain Bay Bird Sanctuary,IA,87.92,Canada,51.84633,-78.89724
555704298,Baie des Loups Bird Sanctuary,IA,34.46,Canada,50.18011,-60.27177
555704300,Wapusk National Park Of Canada,II,10680.72,Canada,57.94353,-93.17261
555704301,Thaidene Nene National Park Reserve Of Canada,II,14075.38,Canada,62.84973,-108.73974
555704302,Mingan Archipelago National Park Reserve Of Canada,II,95.82,Canada,50.24812,-63.16167
555704303,La Mauricie National Park Of Canada,II,536.75,Canada,46.78313,-72.97207
555704306,Forillon National Park Of Canada,II,241.82,Canada,48.86746,-64.34048
555704313,Thelon Wildlife Sanctuary,IB,34929.82,Canada,64.44397,-102.80153
555704314,Thaıdene Nëné Territorial Protected Area,IB,9106.43,Canada,62.69584,-109.13016
555704315,Ts’udé Nilįné Tuyeta Territorial Protected Area,IB,10108.77,Canada,65.93389,-130.04657
555704316,Ch’ihilii Chìk,IV,474.59,Canada,67.11551,-137.43518
555704496,Next Creek,IV,78.82,Canada,49.25780,-116.89194
555704519,Darkwoods,IV,546.12,Canada,49.31171,-116.89075
555704547,Elk Valley Heritage Conservation Area - Mount Broadwood,IV,89.64,Canada,49.29828,-114.98295
555704550,Hoodoos - Westside,IV,39.22,Canada,50.35256,-115.93026
555704855,LAX KA'GAAS/CAMPANIA CONSERVANCY,II,170.88,Canada,53.07238,-129.43378
555704857,DUU GUUSD CONSERVANCY,II,1448.56,Canada,53.81997,-132.85348
555704860,TWEEDSMUIR PARK,II,9877.70,Canada,52.85449,-126.47248
555704861,STRATHCONA PARK,II,2479.59,Canada,49.69752,-125.72196
555704869,Porcupine Hills Area Provincial Park,II,298.00,Canada,52.44552,-102.09822
555704944,Little Grand Rapids First Nation Traditional Use Planning Area,II,970.73,Canada,51.95383,-95.89034
555704947,Atikaki Provincial Park,IB,3978.97,Canada,51.52072,-95.89487
555705027,Kakinwawigak biodiversity reserve,II,243.08,Canada,47.60948,-79.04712
555705028,Opasatica biodiversity reserve,II,334.39,Canada,48.00677,-79.38759
555705029,Moraine-d'Harricana biodiversity reserve,II,364.70,Canada,47.90713,-78.19841
555705043,Proposed Assinica Biodiversity Reserve,II,385.63,Canada,50.44369,-75.32085
555705044,Proposed Chisesaakahikan-et-de-la-Rivière-Broadback Biodiversity Reserve,II,4977.43,Canada,51.04408,-76.59268
555705050,Proposed Rivière-Kovik Aquatic Reserve,II,4651.22,Canada,61.70406,-76.69886
555705053,Tursujuq National Park (Québec),II,26107.93,Canada,56.45643,-74.84303
555705055,Méandres-de-la-Taitaipenistouc Biodiversity Reserve,II,326.52,Canada,51.80523,-65.99414
555705056,Katnukamat Biodiversity Reserve,II,533.17,Canada,51.89552,-64.17471
555705060,Kuururjuaq National Park (Québec),II,4427.54,Canada,58.69297,-64.73344
555705062,Proposed Quaqtaq-Kangirsuk Biodiversity Reserve,II,1253.52,Canada,60.48064,-69.84873
555705063,Proposed Kangiqsujuaq Biodiversity Reserve,II,811.62,Canada,61.17947,-71.76793
555705064,Proposed Fjord-Tursukattaq Biodiversity Reserve,II,1855.51,Canada,61.95249,-72.90090
555705065,Proposed Estuaire-des-Rivières-Koktac-et-Nauberakvik Biodiversity Reserve,II,1196.01,Canada,58.89607,-78.19555
555705067,Lac-Burton-Rivière-Roggan-et-la-Pointe-Louis-XIV Territorial reserve for protected area purposes,II,8757.75,Canada,54.51271,-78.57099
555705068,Proposed Paakumshumwaau-Maatuskaau Biodiversity Reserve,II,4506.86,Canada,52.88408,-77.82646
555705069,Proposed Lac-Waswanipi Aquatic Reserve,II,577.40,Canada,49.58441,-76.49807
555705073,Proposed haute Harricana Aquatic Reserve,II,121.09,Canada,49.50671,-78.47536
555705075,Proposed côte d'Harrington Harbour Biodiversity Reserve,II,1218.52,Canada,50.63306,-59.48609
555705076,Monts-de-Puvirnituq National Park Reserve (Québec),II,2986.27,Canada,61.06068,-77.16585
555705078,Iluiliq National Park Reserve (Québec),II,748.60,Canada,62.44991,-77.12250
555705081,Anticosti National Park (Québec),II,558.93,Canada,49.50162,-62.76619
555715741,KLINSE-ZA/TWIN SISTERS PARK,II,1997.84,Canada,55.80098,-122.82279
555715742,TSAA NUNA CONSERVANCY,II,53.19,Canada,56.43192,-121.88074
555715771,Chappuis-Fontaine Lakes Special Management Area,IB,2407.81,Canada,59.71525,-106.80468
555715772,Misaw Lake Special Management Area,IB,2382.97,Canada,59.71973,-102.64379
555715773,Tazin Lake,IB,1117.01,Canada,59.91076,-109.10961
555715985,Turtle Mountain Provincial Park,II,50.77,Canada,49.04360,-100.15873
555715988,Rivière-Arnaud Territorial reserve for protected area purposes,II,8942.22,Canada,59.64590,-72.16215
555715989,Rivière-George-Nord Territorial reserve for protected area purposes,II,3162.41,Canada,56.98895,-64.33815
555715991,Canyon-Eaton Territorial reserve for protected area purposes,II,1330.89,Canada,55.61770,-68.19533
555715992,Tursujuq-Sud Territorial reserve for protected area purposes,II,1532.39,Canada,56.08217,-72.69808
555715993,Tursujuq-Centre Territorial reserve for protected area purposes,II,106.28,Canada,56.41732,-73.02152
555715994,Tursujuq-Nord Territorial reserve for protected area purposes,II,1345.67,Canada,56.89643,-73.74435
555715995,Rivière-Innuksuac Territorial reserve for protected area purposes,II,9537.80,Canada,58.28046,-76.34900
555715998,Drumlins-du-Lac-Clérac Biodiversity Reserve,II,449.02,Canada,50.66121,-72.82139
555715999,Akumunan Biodiversity Reserve,II,284.75,Canada,48.68031,-70.13160
555716001,Vallée-de-la-Rivière-Sainte-Marguerite Biodiversity Reserve,II,321.39,Canada,48.41438,-70.31654
555716002,Buttes-et-Buttons-du-Lac-Panache Biodiversity Reserve,II,129.23,Canada,48.29586,-72.58258
555716003,Plateau-du-Lac-des-Huit-Chutes Biodiversity Reserve,II,102.73,Canada,48.89568,-70.82696
555716023,Pu'tlaqne'katik,IB,26.42,Canada,44.45802,-64.85290
555716036,Terence Bay Wilderness Area,IB,44.33,Canada,44.52475,-63.68255
555716039,Ship Harbour Long Lake Wilderness Area,IB,148.20,Canada,44.87971,-62.99709
555744176,NCC Fee Simple Property (143149),IV,87.69,Canada,45.92266,-83.37359
555744226,NCC Fee Simple Property (1000028),IV,69.97,Canada,45.92356,-82.96766
555744493,Anticosti Biodiversity Reserve,III,1693.69,Canada,49.50766,-63.10053
555744508,Rivière-Kanaawpscow-et-Lac-Kukamaw Territorial reserve for protected area purposes,II,5719.36,Canada,54.18235,-75.27860
555744509,Aawiitakuch Territorial reserve for protected area purposes,II,1702.16,Canada,54.11805,-71.73460
555744510,Minahiku-Wachî Territorial reserve for protected area purposes,II,2212.43,Canada,54.15564,-70.81890
555744511,Nord-Est-du-Lac-Nichicun Territorial reserve for protected area purposes,II,2597.21,Canada,53.55018,-70.42430
555744512,Pipunishiwin Saahkamiishtiku Territorial reserve for protected area purposes,II,5085.96,Canada,52.78709,-73.23492
555744513,Wichishkw-Uubauquushduuk Territorial reserve for protected area purposes,II,3515.56,Canada,52.96833,-75.48340
555744514,Namewaakamiishtikw-Piskuchitishu-Siipii Territorial reserve for protected area purposes,II,2297.92,Canada,52.47231,-78.09854
555744515,Coldwater-Juneshew-Sibi Territorial reserve for protected area purposes,II,1588.41,Canada,52.01956,-78.01836
555744516,Baie-de-Boatswain Territorial reserve for protected area purposes,II,86.45,Canada,51.86701,-78.87855
555744517,Waskaganish Territorial reserve for protected area purposes,II,1554.06,Canada,51.55299,-78.20322
555744518,Péninsule-de-Ministikawatin Territorial reserve for protected area purposes,II,1277.86,Canada,51.34094,-79.20803
555744519,Rivière-Harricana-Nord Territorial reserve for protected area purposes,II,331.19,Canada,50.54649,-79.19124
555744520,Collines-de-Muskuchii Territorial reserve for protected area purposes,II,142.21,Canada,50.25057,-78.69311
555744521,Plaine-de-la-Missisicabi Territorial reserve for protected area purposes,II,46.80,Canada,50.63969,-78.68980
555744522,Bassin-Aval-de-la-Broadback Territorial reserve for protected area purposes,II,1020.30,Canada,51.09154,-78.27007
555744523,Chisesaakahiikan Territorial reserve for protected area purposes,II,865.73,Canada,50.83604,-77.16458
555744524,Mishigamish Territorial reserve for protected area purposes,II,955.47,Canada,50.78015,-76.16634
555744525,Assinica Territorial reserve for protected area purposes,II,551.93,Canada,50.37549,-75.07169
555744526,Aashukan Territorial reserve for protected area purposes,II,1010.03,Canada,51.19612,-75.33522
555744529,Neoskweskau-Amont-Eastmain Territorial reserve for protected area purposes,II,330.08,Canada,51.87572,-73.40683
555744530,Caribous-de-Nottaway Territorial reserve for protected area purposes,II,2369.16,Canada,50.56672,-78.39819
555744532,Kanasuta Territorial reserve for protected area purposes,II,39.59,Canada,48.29352,-79.43707
555744533,Marais-du-Lac-Parent Territorial reserve for protected area purposes,II,116.19,Canada,48.62408,-76.87523
555744535,Lac-Wetetnagami Territorial reserve for protected area purposes,II,151.29,Canada,48.78481,-76.33201
555744536,Lac-Saint-Cyr Territorial reserve for protected area purposes,II,153.12,Canada,48.73968,-75.73819
555744537,Brûlis-du-Lac-Oskélanéo Territorial reserve for protected area purposes,II,90.34,Canada,48.19884,-75.18482
555744540,Forêt-Ouareau Territorial reserve for protected area purposes,II,53.37,Canada,46.21873,-73.97512
555744542,Lac-Lapeyrère Territorial reserve for protected area purposes,II,43.64,Canada,47.20394,-72.34763
555744543,Initiative-Triade-Mauricie Territorial reserve for protected area purposes,II,88.49,Canada,47.68709,-72.53779
555744544,Seigneurie-du-Triton Territorial reserve for protected area purposes,II,72.43,Canada,47.74158,-72.10375
555744545,Rivière-Belley Territorial reserve for protected area purposes,II,45.89,Canada,48.79373,-71.61082
555744546,Rivière-Patapédia Territorial reserve for protected area purposes,II,99.35,Canada,47.98492,-67.51294
555744547,Assemetquagan Territorial reserve for protected area purposes,II,72.71,Canada,48.20117,-67.00922
555744548,Chic-Chocs Territorial reserve for protected area purposes,II,202.73,Canada,48.83230,-66.69585
555744549,Corridor Mont-Saint-Pierre Territorial reserve for protected area purposes,II,37.99,Canada,49.15212,-65.84162
555744551,Rivière-Moisie Territorial reserve for protected area purposes,II,1248.63,Canada,51.64464,-66.71371
555744552,Lac-Matinipi Territorial reserve for protected area purposes,II,48.12,Canada,51.59304,-65.97042
555744553,Uapishka Territorial reserve for protected area purposes,II,63.95,Canada,51.57465,-67.94361
555744555,Lac-Ménistouc Territorial reserve for protected area purposes,II,39.68,Canada,52.83632,-66.48082
555744556,Lac-Gensart Territorial reserve for protected area purposes,II,78.65,Canada,52.75698,-67.82115
555744564,Blanc-Sablon Territorial reserve for protected area purposes,II,252.55,Canada,51.51008,-57.26549
555744568,Proposed Caribous-Forestiers-de-Manouane-Manicouagan Biodiversity Reserve,IB,7813.45,Canada,51.50639,-69.63402
555744625,Crown Conservation Easement,IV,67.51,Canada,51.63356,-105.97287
555744626,Crown Conservation Easement,IV,90.02,Canada,51.63703,-105.88276
555744628,Crown Conservation Easement,IV,48.66,Canada,51.67718,-105.79321
555744629,Crown Conservation Easement,IV,29.72,Canada,51.11362,-105.65102
555744630,Crown Conservation Easement,IV,106.09,Canada,51.66980,-105.73704
555744631,Crown Conservation Easement,IV,102.89,Canada,51.67709,-105.76849
555744639,TENH DẔETLE CONSERVANCY,II,35.28,Canada,57.68305,-130.47904
555757314,4000300,II,26.24,Canada,46.60826,-65.31904
555757339,4003700,II,74.19,Canada,46.26134,-66.09577
555757354,4005300,II,40.36,Canada,45.72687,-66.82327
555757355,4005400,II,40.49,Canada,46.58994,-65.49784
555757400,4010000,II,32.37,Canada,47.95066,-64.53199
555757401,4010100,II,32.29,Canada,47.37126,-66.61061
555757402,4010200,II,73.15,Canada,47.36276,-66.12107
555757410,4010701,II,56.75,Canada,47.79061,-67.70386
555757411,4010702,II,27.58,Canada,47.73639,-67.43968
555757413,4010704,II,28.25,Canada,47.89287,-67.18620
555757467,4015900,II,36.10,Canada,47.63089,-66.87992
555757526,4021900,II,31.74,Canada,47.29233,-66.33041
555757540,4023300,II,25.41,Canada,46.95787,-66.40846
555757544,4023700,II,34.27,Canada,47.08400,-66.06446
555757559,4025400,II,31.08,Canada,46.67617,-66.30972
555757560,4025500,II,43.48,Canada,46.74849,-66.15287
555757561,4025600,II,28.74,Canada,46.82020,-66.17709
555757566,4026100,II,28.48,Canada,46.75210,-65.97346
555757568,4026300,II,31.89,Canada,46.66068,-66.04104
555757573,4026800,II,31.74,Canada,46.78094,-65.53317
555757628,4032300,II,38.08,Canada,46.36982,-67.00582
555757651,4034600,II,48.32,Canada,46.17504,-66.26357
555757653,4034800,II,44.40,Canada,46.32508,-66.23472
555757734,4043000,II,33.44,Canada,45.50448,-67.22199
555757741,4043700,II,47.84,Canada,45.48767,-66.92312
555757742,4043800,II,42.85,Canada,45.57790,-66.95851
555757770,4046600,II,46.25,Canada,45.69206,-67.32040
555757894,Bowman Bay Wildlife Sanctuary,IV,1170.97,Canada,65.65683,-73.60962
555757944,Dewey Soper Migratory Bird Sanctuary,IB,6573.84,Canada,66.02224,-73.56503
555758094,McConnell Migratory Bird Sanctuary,IA,235.89,Canada,60.77234,-94.41757
555758147,NCC Fee Simple Property (1000337),IV,604.51,Canada,49.31844,-83.55145
555758148,NCC Fee Simple Property (1000347),IV,839.82,Canada,49.51386,-84.28510
555758233,Sea to Sea Regional Park,IB,40.26,Canada,48.44244,-123.67486
555758251,Sooke Hills Wilderness Regional Park,IB,41.23,Canada,48.47316,-123.60169
555758298,Twin Islands Wildlife Sanctuary,IV,1324.80,Canada,53.21401,-79.94791
555758868,Fish And Wildlife Development Fund,IV,46.48,Canada,51.59730,-104.83397
555758870,Fish And Wildlife Development Fund,IV,276.49,Canada,51.87683,-105.69040
555758871,Fish And Wildlife Development Fund,IV,43.63,Canada,51.22331,-105.01606
555758874,Fish And Wildlife Development Fund,IV,26.19,Canada,51.28463,-104.76162
555784547,4006800,II,27.37,Canada,46.95250,-65.05034
555784728,Privately Protected Area (NCC 142667),IV,27.18,Canada,49.19613,-109.07198
555784762,Privately Protected Area (NCC 40025),IV,27.11,Canada,49.22611,-96.70752
555785285,Proposed Montagne-du-Diable Biodiversity Reserve,II,65.90,Canada,46.71155,-75.61071
555785289,Alfred Bog Provincial Park (Natural Environment Class),II,30.66,Canada,45.49527,-74.83040
555785300,NCC Fee Simple Property (1000658),IV,25.96,Canada,44.79481,-77.60395
555785431,Fish Lake Fen Provincially Significant Peatland,III,61.56,Canada,50.74713,-97.39291
555785432,Moswa Meadows Provincially Significant Peatland,II,213.97,Canada,52.69109,-100.96390
555785606,INCOMAPPLEUX CONSERVANCY,II,586.52,Canada,50.96002,-117.56207
555785667,Aullaviat/Aungunairvik,IB,8471.95,Canada,68.50510,-138.09351
555795719,Privately Protected Area (NCC 60028),IV,546.12,Canada,49.31171,-116.89075
555795775,Privately Protected Area (NCC and partner(s) 142883),IV,78.81,Canada,49.25780,-116.89194
555795792,Privately Protected Area (NCC 1000654),IV,40.36,Canada,50.27665,-120.36330
555796114,Privately Protected Area (NCC 143149),IV,87.68,Canada,45.92266,-83.37359
555796162,Privately Protected Area (NCC 1000337),IV,604.52,Canada,49.31845,-83.55145
555796163,Privately Protected Area (NCC 1000347),IV,839.88,Canada,49.51387,-84.28510
555796182,Privately Protected Area (NCC 1000658),IV,25.96,Canada,44.79482,-77.60395
555796200,Privately Protected Area (NCC 1000028),IV,70.35,Canada,45.92356,-82.96766
555799232,Nibiischii National Park (Québec),II,12170.20,Canada,51.63762,-72.22416
555799239,Marais-Maritime Territorial reserve for protected area purposes,II,445.64,Canada,58.48866,-66.59584
555799241,Baie-de-Boatswain Territorial reserve for protected area purposes,II,141.24,Canada,51.85667,-78.83466
555799243,Péninsule-de-Ministikawatin Territorial reserve for protected area purposes,II,52.91,Canada,51.52999,-79.24133
555799283,The Park - Land'escapes,IV,105.74,Canada,44.93019,-77.68057
555799511,Kitaskino Nuwenëné Wildland,IB,1514.74,Canada,57.86046,-112.50894
555799600,KIIŠḤNIQʷUS CONSERVANCY,II,110.12,Canada,49.48795,-126.21835
555799601,ČICYI CONSERVANCY,II,92.69,Canada,49.33629,-126.15465
555799604,ʔUUʔINMITIS CONSERVANCY,II,228.91,Canada,49.29083,-125.71083
555799607,UNAACUŁ-ḤIŁSYAKƛIS CONSERVANCY,II,121.04,Canada,49.21214,-125.64274
555799608,ʔAʔUKMIN CONSERVANCY,II,112.67,Canada,49.16306,-125.53748
555799609,WANAČAS-HIŁḤUUʔIS CONSERVANCY,II,53.80,Canada,49.17956,-125.84153
972,Grand Canyon,II,4766.56,United States,36.28363,-112.80638
975,Yosemite,II,2999.09,United States,37.83992,-119.54141
976,Big Bend,II,3177.16,United States,29.33319,-103.31072
979,North Cascades,II,2028.47,United States,48.68518,-121.13609
982,Canyonlands,II,1353.77,United States,38.23399,-109.89609
983,Grand Teton,II,1115.78,United States,43.81096,-110.68558
984,Rocky Mountain,II,1074.38,United States,40.35593,-105.70365
989,Shenandoah,II,792.33,United States,38.47191,-78.50473
990,Crater Lake,II,740.74,United States,42.71287,-122.42450
991,Zion,II,588.03,United States,37.32282,-113.04560
996,Arches,II,354.21,United States,38.72584,-109.56521
997,Mesa Verde,II,216.27,United States,37.25347,-108.44743
999,Carlsbad Caverns,II,188.01,United States,32.12003,-104.52777
1000,Bryce Canyon,II,145.64,United States,37.57068,-112.17867
1009,Katmai Bay,II,14666.67,United States,58.50477,-154.88249
1015,Kobuk Valley,II,6943.29,United States,67.39136,-159.06308
1016,Kenai Fjords,II,2432.01,United States,59.86855,-150.24657
1023,White Sands,II,599.87,United States,32.76470,-106.30986
1035,Pinnacles,II,108.04,United States,36.48628,-121.17337
2511,Capitol Reef,II,987.96,United States,38.06650,-111.14272
2860,Delta National Wildlife Refuge,IV,203.41,United States,29.24318,-89.23523
2861,Breton National Wildlife Refuge,IV,113.17,United States,29.75675,-89.02052
2869,Wassaw National Wildlife Refuge,IV,41.41,United States,31.91065,-80.99490
2870,Columbia,IV,109.22,United States,46.88673,-119.54706
2874,Fort Niobrara,IV,77.27,United States,42.88596,-100.45455
2876,Piedmont,IV,141.35,United States,33.07890,-83.71488
2877,Bosque Del Apache,IV,231.75,United States,33.77784,-106.86543
2878,Mcnary,IV,64.10,United States,46.18417,-119.04355
2879,Conboy Lake,IV,26.34,United States,45.96419,-121.31110
2880,Merritt Island National Wildlife Refuge,IV,523.75,United States,28.63072,-80.71876
2884,Cape Romain National Wildlife Refuge,IV,248.03,United States,32.99309,-79.49769
2885,Moosehorn National Wildlife Refuge,IV,118.95,United States,44.96319,-67.25551
2891,St. Marks National Wildlife Refuge,IV,302.85,United States,30.08549,-84.23584
2897,Alamosa,IV,48.87,United States,37.40736,-105.79773
2898,Alaska Maritime National Wildlife Refuge,IV,18436.53,United States,60.63224,0.31253
2899,Alaska Peninsula,IV,15960.91,United States,56.36847,-159.69902
2904,Arctic National Wildlife Refuge,IV,80324.57,United States,68.45596,-145.19493
2906,Back Bay National Wildlife Refuge,IV,35.06,United States,36.68629,-75.95683
2908,Bear Lake,IV,73.65,United States,42.17403,-111.22211
2909,Felsenthal,IV,279.95,United States,33.43816,-91.80315
2912,Fish Springs,IV,72.72,United States,39.85791,-113.37096
2928,Innoko,IV,16390.05,United States,63.79084,-158.20581
2929,Iroquois,IV,43.71,United States,43.13342,-78.39128
2934,Kofa,IV,2689.05,United States,33.24677,-114.00087
2941,Don Edwards San Francisco Bay National Wildlife Refuge,IV,117.33,United States,37.53927,-122.08542
2945,Seedskadee,IV,105.15,United States,41.84700,-109.86083
2946,Selawik,IV,11002.01,United States,66.50163,-159.15832
2948,Sevilleta,IV,922.06,United States,34.30512,-106.80185
2952,St. Vincent National Wildlife Refuge,IV,49.30,United States,29.66927,-85.22541
2954,Swan Lake,IV,44.65,United States,39.60749,-93.18529
2956,Tetlin,IV,2997.25,United States,62.81979,-141.94204
2957,Tewaukon,IV,34.38,United States,46.01908,-97.44197
2961,Turnbull,IV,77.73,United States,47.44033,-117.55856
2962,Tule Lake,IV,152.56,United States,41.90090,-121.48630
2965,Upper Ouachita,IV,220.80,United States,32.88259,-92.08249
2979,Long Lake,IV,92.54,United States,46.70963,-100.12362
2984,Guadalupe Mountains,II,352.97,United States,31.90680,-104.86827
9299,John Pennekamp Coral Reef State Park,IV,255.02,United States,25.18345,-80.33524
10543,Yukon Flats,IV,36816.88,United States,66.58822,-146.01171
10544,Kanuti,IV,5326.65,United States,66.43658,-152.00489
10545,Koyukuk,IV,16139.64,United States,65.56583,-156.28342
10546,Nowitna,IV,7691.02,United States,64.55127,-154.04531
10547,Yukon Delta National Wildlife Refuge,IV,84393.25,United States,61.56045,-163.49463
10548,Kodiak,IV,7620.08,United States,57.60593,-153.68217
10549,Becharof,IV,4718.19,United States,57.99861,-155.98736
10561,Willapa National Wildlife Refuge,IV,65.85,United States,46.53555,-123.99443
10563,Mattamuskeet,IV,200.85,United States,35.50725,-76.17976
10564,Laguna Atascosa National Wildlife Refuge,IV,369.89,United States,26.27890,-97.30580
10565,Chassahowitzka National Wildlife Refuge,IV,114.44,United States,28.69081,-82.64265
10567,Bombay Hook National Wildlife Refuge,IV,62.26,United States,39.24658,-75.45947
10569,Cedar Island National Wildlife Refuge,IV,57.98,United States,34.96148,-76.34277
10570,Prime Hook National Wildlife Refuge,IV,41.04,United States,38.85767,-75.25271
10571,Brazoria National Wildlife Refuge,IV,185.88,United States,29.09109,-95.23370
10573,Mackay Island National Wildlife Refuge,IV,33.71,United States,36.52485,-75.96204
12165,Great Basin,II,311.94,United States,38.94159,-114.23957
12999,Sabine National Wildlife Refuge,IV,505.24,United States,29.91330,-93.55456
13019,National Key Deer Refuge,IV,328.27,United States,24.73069,-81.40062
13020,Key West National Wildlife Refuge,IV,852.34,United States,24.55860,-81.99158
13023,Blackwater National Wildlife Refuge,IV,115.78,United States,38.84803,-76.02060
13024,Monomoy National Wildlife Refuge,IV,32.18,United States,41.60169,-69.99501
13034,Chincoteague National Wildlife Refuge,IV,53.42,United States,37.83263,-75.42389
13090,Rookery Bay National Estuarine Research Reserve,IV,389.63,United States,25.96507,-81.62820
13091,Apalachicola National Estuarine Research Reserve,IV,953.74,United States,29.90256,-84.95836
13770,Buenos Aires,IV,476.08,United States,31.64079,-111.41977
13771,Cabeza Prieta,IV,3462.46,United States,32.23328,-113.44672
13775,Cache River,IV,297.61,United States,35.14279,-91.28154
13783,Kern,IV,45.47,United States,35.75350,-119.61628
13785,Lower Klamath,IV,29.88,United States,42.07920,-121.75523
13786,Modoc,IV,28.89,United States,41.45281,-120.52494
13787,San Luis,IV,72.29,United States,37.24040,-120.85543
13788,Pixley,IV,30.18,United States,35.97137,-119.38741
13789,Browns Park,IV,49.02,United States,40.81371,-108.96296
13790,Monte Vista,IV,59.74,United States,37.49494,-106.09642
13792,Great White Heron National Wildlife Refuge,IV,543.15,United States,24.70048,-81.47643
13793,Crocodile Lake National Wildlife Refuge,IA,27.27,United States,25.26056,-80.32816
13795,San Pablo Bay National Wildlife Refuge,IV,72.24,United States,38.14903,-122.39685
13799,Camas,IV,43.69,United States,43.94625,-112.26473
13803,Chautauqua,IV,26.95,United States,40.72176,-89.70244
13804,Crab Orchard,IV,186.88,United States,37.67729,-89.06338
13810,Reelfoot,IV,32.78,United States,36.45454,-89.33163
13816,Tensas River,IV,315.96,United States,32.26549,-91.34520
13832,Mingo National Wildlif,IB,31.93,United States,36.98710,-90.20975
13834,Benton Lake,IV,50.25,United States,47.66163,-111.48524
13835,Bowdoin,IV,62.89,United States,48.40021,-107.64989
13840,Medicine Lake,IV,130.07,United States,48.46530,-104.38255
13851,Desert National Wildlife Range,IV,6121.60,United States,36.80885,-115.40922
13854,Ruby Lake,IV,161.67,United States,40.17039,-115.46723
13855,Stillwater,IV,333.71,United States,39.59259,-118.44949
13858,Bitter Lake,IV,100.61,United States,33.49881,-104.40860
13859,Las Vegas,IV,35.26,United States,35.53057,-105.17537
13865,Alligator River National Wildlife Refuge,IV,605.67,United States,35.77382,-75.91428
13866,Pee Dee,IV,35.02,United States,35.08132,-80.05139
13873,J. Clark Salyer,IV,222.70,United States,48.74864,-100.68999
13885,Upper Souris,IV,128.37,United States,48.59674,-101.66265
13893,Hart Mountain National Antelope,IV,1117.85,United States,42.51172,-119.61299
13896,Malheur,IV,761.09,United States,43.09713,-119.00192
13898,Erie,IV,36.46,United States,41.68317,-79.96435
13899,Carolina Sandhills,IV,185.82,United States,34.58290,-80.23376
13902,Chickasaw,IV,86.44,United States,35.82147,-89.70937
13904,Lower Hatchie,IV,49.57,United States,35.61342,-89.74808
13905,Tennessee,IV,55.15,United States,36.00963,-87.99516
13912,Bear River Migratory,IV,309.51,United States,41.47210,-112.25251
13913,Ouray,IV,33.05,United States,40.15437,-109.62205
13917,Little Pend Oreille,IV,264.19,United States,48.36668,-117.65630
13921,Trempealeau,IV,29.14,United States,44.05908,-91.56264
21059,Weeks Bay National Estuarine Research Reserve,IV,26.22,United States,30.39245,-87.81106
21065,Sapelo Island National Estuarine Research Reserve,IV,30.72,United States,31.43916,-81.28144
21107,Bon Secour National Wildlife Refuge,IV,27.76,United States,30.25380,-87.93119
21110,Wheeler,IV,103.25,United States,34.57219,-86.79359
21116,J.N. 'Ding Darling' National Wildlife Refuge,IV,26.43,United States,26.48695,-82.12581
21120,Muscatatuck,IV,32.27,United States,39.09326,-86.17462
21131,Fallon,IV,72.66,United States,39.75260,-118.62561
21614,Lost Forest Instant Stud,IB,32.70,United States,43.37704,-120.32154
21750,Sinkyone,IB,32.52,United States,39.98557,-123.92454
22490,Wrangell-St. Elias,II,32172.05,United States,61.18159,-142.09410
22663,Walrus Islands State Game Sanctuary,IV,755.65,United States,58.72769,-160.19731
22994,Collier-Seminole State Park,IV,29.42,United States,25.96916,-81.59637
35369,Izembek,IV,1645.48,United States,55.29232,-162.77249
44443,Agassiz,IV,252.01,United States,48.34638,-95.93410
44444,Arrowwood,IV,64.78,United States,47.23823,-98.81611
44446,Bald Knob,IV,62.47,United States,35.24316,-91.55418
44447,Bayou Teche,IV,39.84,United States,29.73825,-91.49282
44449,Big Branch Marsh National Wildlife Refuge,IV,72.73,United States,30.26263,-89.85326
68306,Ash Meadows,IV,98.52,United States,36.42618,-116.31354
68484,Bitter Creek,IV,60.03,United States,34.93628,-119.38405
68485,Cibola,IV,43.48,United States,33.28871,-114.69509
68487,Havasu,IV,149.90,United States,34.67725,-114.46768
68581,Florida Panther,IV,106.79,United States,26.20299,-81.41951
68583,Bond Swamp,IV,31.13,United States,32.74417,-83.58603
68655,Cypress Creek,IV,67.70,United States,37.22810,-89.14815
68718,Pocosin Lakes,IV,465.11,United States,35.75111,-76.33120
68719,Roanoke River,IV,86.22,United States,35.92689,-76.95591
68721,Marais Des Cygnes,IV,30.61,United States,38.22208,-94.65400
68740,Bayou Cocodrie,IV,61.33,United States,31.54475,-91.61257
68742,Cameron Prairie,IV,98.71,United States,29.90533,-93.17698
76186,Lower John Day,IB,102.80,United States,45.34200,-120.54592
76200,Oregon Badlands,IB,118.54,United States,44.00660,-121.03223
76247,Upper West Little Owyhee,IB,249.03,United States,42.15070,-117.43191
76480,Sheldon Contiguous,IB,98.20,United States,41.92797,-119.63024
76481,Massacre Rim,IB,410.35,United States,41.70066,-119.61942
76482,Wall Canyon,IB,192.50,United States,41.26023,-119.80722
76489,Pine Forest Range,IB,106.07,United States,41.66836,-118.71704
76496,Buffalo Hills,IB,192.27,United States,40.83007,-119.90593
76497,Poodle Mountain,IB,573.11,United States,40.75587,-119.67569
76498,Twin Peaks,IB,372.84,United States,40.65918,-119.93528
76499,Fox Range,IB,306.75,United States,40.49127,-119.54749
76500,Pole Creek,IB,52.68,United States,40.40348,-119.62912
76503,Dry Valley Rim,IB,382.55,United States,40.40107,-119.96001
76504,Five Springs,IB,197.70,United States,40.57291,-120.10741
76505,China Mountain,IB,41.40,United States,40.54435,-117.43605
76506,Tobin Range,IB,53.12,United States,40.38176,-117.57186
76507,Augusta Mountains,IB,356.59,United States,40.01676,-117.58350
76508,Clan Alpine Mountains,IB,792.09,United States,39.62091,-117.86217
76509,Desatoya Mountains,IB,206.09,United States,39.36291,-117.76326
76510,Job Peak,IB,363.22,United States,39.52433,-118.29324
76511,Stillwater Range,IB,381.81,United States,39.80765,-118.15928
76515,Owyhee Canyon,IB,87.01,United States,41.86998,-116.56892
76516,Rough Hills,IB,26.33,United States,41.69070,-115.56772
76517,Bad Lands,IB,37.50,United States,41.78002,-114.93141
76518,Simpson Park,IB,199.53,United States,39.71476,-116.61152
76519,Roberts Mountain,IB,61.47,United States,39.88907,-116.33361
76520,Cedar Ridge,IB,38.27,United States,40.45990,-115.80479
76521,Red Spring,IB,30.66,United States,40.53927,-115.77726
76523,South Pequop,IB,162.89,United States,40.63916,-114.61415
76525,Goshute Peak,IB,283.70,United States,40.49043,-114.28752
76526,Gabbs Valley Range,IB,326.85,United States,38.72579,-118.19009
76535,Burbank Canyons,IB,51.33,United States,38.82284,-119.45711
76536,Rawhide Mountain,IB,258.36,United States,38.30118,-116.46209
76537,Palisade Mesa,IB,399.71,United States,38.30713,-116.09230
76538,The Wall,IB,164.29,United States,38.31863,-115.95310
76540,South Reveille,IB,467.40,United States,37.91994,-116.18471
76547,Kawich,IB,276.75,United States,37.98920,-116.45013
76548,Grapevine Mountains,IB,281.65,United States,37.11927,-117.15079
76549,Queer Mountain,IB,344.48,United States,37.17030,-117.31395
76550,Silver Peak Range,IB,140.20,United States,37.74020,-117.92957
76553,Fandango,IB,178.19,United States,38.64734,-116.37789
76554,Morey Peak,IB,79.14,United States,38.60622,-116.27474
76555,Antelope Range,IB,339.02,United States,38.88304,-116.28331
76556,Park Range,IB,197.55,United States,38.87785,-116.15953
76562,Million Hills,IB,91.39,United States,36.31335,-114.09378
76567,Mount Stirling,IB,263.55,United States,36.39667,-115.89914
76582,Cactus Plain,IB,236.84,United States,34.04554,-114.05499
76605,Disaster Peak,IB,122.08,United States,41.99582,-118.22488
76658,Lookout Butte,IB,268.09,United States,42.15997,-117.13931
76787,Ah-Shi-Sle-Pah,IB,29.27,United States,36.15800,-107.92235
76788,Sabinoso,IB,88.84,United States,35.63543,-104.50683
76789,Eagle Peak,IB,177.67,United States,34.36519,-108.72138
76790,Mesita Blanca,IB,78.81,United States,34.34295,-108.86013
76792,Continental Divide,IB,300.50,United States,33.69506,-108.03519
76795,Blue Creek,IB,59.40,United States,32.70270,-108.88883
76798,Cowboy Spring,IB,26.95,United States,31.59246,-108.65069
76801,Big Hatchet Mountains,IB,272.36,United States,31.60413,-108.33951
76802,Aden Lava Flow,IB,122.00,United States,32.04654,-106.98440
76804,Cedar Mountains,IB,60.59,United States,31.95533,-108.10402
76805,Florida Mountains,IB,90.78,United States,32.09084,-107.62381
76808,Sierra De Las Uvas,IB,52.67,United States,32.56425,-107.19615
76810,Brokeoff Mountains,IB,126.57,United States,32.10517,-104.94883
76812,Culp Canyon,IB,45.75,United States,32.57611,-105.81690
76819,Antelope,IB,83.18,United States,33.76993,-106.81810
76820,Jornada Del Muerto,IB,124.93,United States,33.52305,-106.80894
76822,Veranito,IB,29.51,United States,34.16705,-106.84047
76823,Presilla,IB,32.16,United States,34.06147,-106.81146
76824,Sierra De Las Canas,IB,53.90,United States,34.02241,-106.74333
76825,Stallion,IB,96.32,United States,34.10873,-106.60816
76829,Sierra Ladrones,IB,193.54,United States,34.40495,-107.12255
76832,Chamisa,IB,58.80,United States,35.54299,-107.21833
76833,Ignacio Chavez,IB,131.21,United States,35.57112,-107.33964
76834,La Lena,IB,41.48,United States,35.66138,-107.19204
76835,Empedrado,IB,36.41,United States,35.63696,-107.23581
76837,Petaca Pinta,IB,47.18,United States,34.74717,-107.51005
76843,Rio Chama,IB,45.04,United States,36.50957,-106.72417
76844,Rìo San Antonio,IB,38.16,United States,36.93945,-106.06036
76846,North Stansbury Mountains,IB,43.67,United States,40.65062,-112.62383
76850,Rockwell,IB,37.82,United States,39.70278,-112.41832
76851,Fish Springs,IB,233.07,United States,39.72996,-113.43560
76852,Conger Mountain,IB,81.54,United States,39.25727,-113.70846
76853,Wah Wah Mountains,IB,175.85,United States,38.66314,-113.57274
76854,King Top,IB,375.59,United States,38.95472,-113.54225
76855,Notch Peak,IB,231.82,United States,39.13974,-113.35495
76856,Howell Peak,IB,111.45,United States,39.29423,-113.37525
76857,Swasey Mountain,IB,238.75,United States,39.43294,-113.29283
76860,Muddy Creek,IB,446.25,United States,38.64345,-110.87940
76861,Devil's Canyon,IB,35.50,United States,38.82464,-110.96567
76863,Mexican Mountain,IB,338.89,United States,39.04074,-110.54815
76868,Bull Mountain,IB,52.88,United States,38.12717,-110.72976
76869,Westwater Canyon,IB,121.69,United States,38.99956,-109.13689
76872,Mill Creek Canyon,IB,42.58,United States,38.55082,-109.44274
76873,Behind The Rocks,IB,55.45,United States,38.50192,-109.52014
76874,Negro Bill Canyon,IB,30.60,United States,38.60610,-109.45600
76879,Winter Ridge,IB,175.39,United States,39.56357,-109.48299
76881,Cottonwood Canyon,IB,47.20,United States,37.20648,-113.47336
76883,Cougar Canyon,IB,43.03,United States,37.48754,-114.00703
76884,Moquith Mountain,IB,61.73,United States,37.04887,-112.67264
76885,Parunuweap Canyon,IB,125.10,United States,37.18384,-112.77605
76900,Fish Creek Canyon,IB,186.67,United States,37.46944,-109.77317
76901,Road Canyon,IB,212.19,United States,37.34903,-109.81161
76902,Mancos Mesa,IB,206.09,United States,37.56513,-110.41570
76903,Cheese Box Canyon,IB,60.06,United States,37.68651,-110.06878
76910,Indian Creek,IB,26.54,United States,38.25360,-109.75755
76911,Butler Wash,IB,98.30,United States,37.99609,-109.82244
76914,Mt. Pennell,IB,312.41,United States,37.88122,-110.87795
76915,Mt. Hillers,IB,78.07,United States,37.89069,-110.66939
76916,Little Rockies,IB,164.97,United States,37.82063,-110.56085
76918,Fiddler Butte,IB,297.09,United States,38.01885,-110.36617
76920,Dirty Devil,IB,291.12,United States,38.29523,-110.45324
76921,Horseshoe Canyon (South),IB,161.35,United States,38.34450,-110.22609
76924,Steep Creek,IB,97.11,United States,37.91083,-111.30982
76926,Scorpion,IB,151.15,United States,37.51925,-111.20330
76929,The Blues,IB,78.62,United States,37.63632,-111.94434
76932,Burning Hills,IB,266.12,United States,37.29714,-111.42515
76934,Wahweap,IB,584.24,United States,37.28365,-111.71485
76937,The Cockscomb,IB,40.17,United States,37.15223,-111.90892
76941,Flume Canyon,IB,204.94,United States,39.24620,-109.40815
76942,Spruce Canyon,IB,82.40,United States,39.21169,-109.52968
76943,Coal Canyon,IB,245.97,United States,39.10550,-109.57055
76944,Floy Canyon,IB,292.68,United States,39.09330,-109.87503
76945,Desolation Canyon,IB,657.91,United States,39.43303,-110.01498
76947,Jack Canyon,IB,29.17,United States,39.68589,-110.10536
76953,Vale Of Tears,IB,28.45,United States,40.48751,-108.53118
76954,Cross Mountain,IB,57.79,United States,40.50367,-108.37891
76956,Willow Creek,IB,53.78,United States,40.28892,-108.88153
76957,Skull Creek,IB,52.68,United States,40.29144,-108.73733
76958,Demaree Canyon,IB,91.73,United States,39.43306,-108.89440
76960,Black Mountain,IB,41.20,United States,40.06566,-108.11900
76961,Windy Gulch,IB,50.22,United States,40.13136,-108.04518
76964,The Palisade,IB,108.00,United States,38.74892,-108.92346
76967,Camel Back,IB,43.40,United States,38.58484,-108.20356
76968,Dominguez Canyon,IB,267.61,United States,38.75885,-108.40998
76970,Sewemup Mesa,IB,79.49,United States,38.49928,-108.92496
76971,Dolores River Canyon,IB,118.19,United States,38.23509,-108.92069
76972,Mckenna Peak,IB,83.69,United States,37.90158,-108.51013
76975,Cahone Canyon,IB,37.11,United States,37.63915,-108.90246
76976,Menefee Mountain,IB,29.67,United States,37.28289,-108.26857
76977,Weber Mountain,IB,25.36,United States,37.26202,-108.33321
76981,Mcintyre Hills,IB,67.99,United States,38.41461,-105.49141
76983,Lower Grape Creek,IB,54.49,United States,38.37312,-105.37912
76984,Beaver Creek,IB,89.21,United States,38.59603,-105.02477
76987,Castle Peak,IB,49.07,United States,39.78586,-106.81405
76988,Troublesome,IB,34.69,United States,40.26462,-106.31447
76997,Browns Canyon,IB,30.19,United States,38.70129,-106.04213
77012,Handies Peak,IB,66.51,United States,37.90992,-107.45496
77013,Red Cloud Peak,IB,154.25,United States,37.96390,-107.39541
99992,Hakalau Forest,IV,194.82,United States,19.62437,-155.54113
111145,Line Creek Plateau,IA,77.88,United States,45.05990,-109.34921
168254,Ten Thousand Islands National Wildlife Refuge,IV,137.37,United States,25.89659,-81.57456
220003,Hawaiian Islands Humpback Whale National Marine Sanctuary,IV,3537.22,United States,21.00624,-157.71109
220201,Papahanaumokuakea Marine National Monument,IV,1508839.70,United States,25.51621,0.00000
307099,Kachemak Bay National Estuarine Research Reserve,IV,1502.05,United States,59.58086,-151.39025
307597,Izembek,IV,346.74,United States,55.28724,-162.81890
312188,Tortugas Marine Reserves Habitat Areas of Particular Concern Marine Reserve,IA,230.04,United States,24.53334,-83.07500
312353,San Juan County/Cypress Island Marine Biological Preserve,IV,1658.27,United States,48.55701,-122.96396
312356,Big Creek State Marine Reserve,IA,37.59,United States,36.08208,-121.63633
312359,Vandenberg State Marine Reserve,IA,85.23,United States,34.64917,-120.63378
312370,Ashepoo-Combahee-Edisto (ACE) Basin National Estuarine Research Reserve,IV,569.78,United States,32.50163,-80.47374
315058,Currituck National Wildlife Refuge,IV,34.71,United States,36.46404,-75.87505
333356,Aransas National Wildlife Refuge,IV,471.61,United States,28.29387,-96.68991
333375,Texas Point National Wildlife Refuge,IV,33.69,United States,29.70394,-93.90094
333377,Valentine,IV,298.19,United States,42.50514,-100.54268
333378,Wichita Mountains,IV,238.85,United States,34.75402,-98.65939
352713,Hancock County Marsh Coastal Preserve,IV,92.20,United States,30.23950,-89.53339
352714,Jourdan River Coastal Preserve,IV,25.59,United States,30.36402,-89.38890
352716,Pascagoula River Marsh Coastal Preserve,IV,87.01,United States,30.42245,-88.61379
352723,Grand Bay Savannah Coastal Preserve,IV,47.52,United States,30.36681,-88.44443
352742,Richardson Rock (San Miguel Island) State Marine Reserve,IA,105.54,United States,34.09477,-120.52519
352744,Harris Point (San Miguel Island) State Marine Reserve,IA,65.78,United States,34.09200,-120.34750
352746,Carrington Point (Santa Rosa Island) State Marine Reserve,IA,33.10,United States,34.03750,-120.05167
352747,South Point (Santa Rosa Island) State Marine Reserve,IA,33.87,United States,33.88048,-120.13750
352748,Gull Island (Santa Cruz Island) State Marine Reserve,IA,51.62,United States,33.93501,-119.84167
352750,Santa Barbara Island State Marine Reserve,IA,33.07,United States,33.44442,-119.00206
352751,Anacapa Island State Marine Reserve,IA,29.90,United States,34.03645,-119.38333
365090,Absaroka-Beartooth,IB,3809.07,United States,45.26964,-110.08855
365097,Ernest F. Hollings Ace Basin National Wildlife Refuge,IV,48.80,United States,32.65776,-80.59309
365127,Agua Tibia,IB,72.81,United States,33.42664,-116.96553
365146,Alamo Hueco Mountains,IB,67.85,United States,31.43909,-108.35675
365162,Aldo Leopold,IB,823.77,United States,33.13602,-107.87975
365169,Alexander Springs,IB,31.92,United States,29.06646,-81.47584
365217,Alpine Lakes,IB,1680.26,United States,47.56876,-121.16255
365292,Ansel Adams,IB,937.19,United States,37.62716,-119.19446
365295,Antelope,IB,158.72,United States,38.82352,-116.30603
365313,Apache Kid,IB,180.81,United States,33.63521,-107.40699
365368,Arapaho,IV,103.40,United States,40.71282,-106.35191
365371,Aravaipa Canyon,IB,82.32,United States,32.88583,-110.49492
365373,Arc Dome,IB,487.93,United States,38.81178,-117.34776
365380,Mollie Beattie,IB,28944.14,United States,68.91684,-143.66247
365382,Argus Range,IB,269.40,United States,36.10947,-117.43926
365402,Arrastra Mountain,IB,525.01,United States,34.38127,-113.39405
365403,Arrow Canyon,IB,111.29,United States,36.68344,-114.83502
365415,Ashdown Gorge,IB,28.67,United States,37.64200,-112.88033
365451,Aubrey Peak,IB,60.08,United States,34.39437,-113.80578
365488,Baca,IV,347.79,United States,37.85468,-105.79833
365503,Badger Creek,IB,117.01,United States,45.29583,-121.50030
365560,Bandelier,IB,99.86,United States,35.76547,-106.33640
365668,Bayou Sauvage,IV,101.56,United States,30.08259,-89.85051
365696,Bear Island Wildlife Management Area,IV,47.54,United States,32.60672,-80.44659
365714,Bear Wallow,IB,45.47,United States,33.60387,-109.44188
365764,Becharof,IB,2035.17,United States,57.82824,-155.71768
365799,Bell Mountain,IB,37.16,United States,37.63572,-90.86466
365905,Big Frog,IB,34.41,United States,35.01754,-84.51523
365908,Big Gum Swamp,IB,55.99,United States,30.35000,-82.44273
365913,Big Horn Mountains,IB,86.35,United States,33.61746,-113.13465
365922,Big Laurel Branch,IB,43.72,United States,36.37253,-82.06069
365925,Big Maria Mountains,IB,193.31,United States,33.82850,-114.60900
365931,Big Muddy National Fish And,IV,44.22,United States,38.94651,-92.36231
365943,Big Rocks,IB,52.47,United States,37.70464,-114.95733
365979,Bigelow Cholla Garden,IB,62.87,United States,34.83369,-114.88150
366024,Bisti/De-Na-Zin,IB,194.04,United States,36.30114,-108.11538
366042,Black Canyon,IB,52.97,United States,44.33928,-119.65040
366044,Black Canyon of the Gunnison,II,122.51,United States,38.57213,-107.72390
366045,Black Canyon of the Gunnison,IB,62.75,United States,38.58295,-107.72852
366051,Black Elk,IB,54.77,United States,43.86058,-103.48831
366077,Black Ridge Canyons,IB,305.01,United States,39.11195,-108.91761
366084,Black Rock Desert,IB,1274.44,United States,41.17319,-118.73799
366139,Blood Mountain,IB,31.33,United States,34.72053,-83.95896
366150,Blue Eagle,IB,239.87,United States,38.58430,-115.43968
366202,Bob Marshall,IB,4306.23,United States,47.69638,-113.17743
366228,Bogue Chitto,IV,146.86,United States,30.55262,-89.78287
366255,Bluebell,IB,220.11,United States,40.72839,-114.27436
366296,Boulder Creek,IB,80.61,United States,43.34986,-122.49225
366299,Boulder River,IB,199.70,United States,48.16201,-121.71358
366300,Boundary Peak,IB,42.36,United States,37.85072,-118.33837
366301,Boundary Waters Canoe Area,IB,4446.64,United States,48.06899,-91.23634
366322,Box-Death Hollow,IB,104.03,United States,37.91117,-111.58693
366342,Bradwell Bay,IB,98.02,United States,30.17042,-84.56130
366365,Brasstown,IB,52.30,United States,34.88267,-83.81879
366387,Bridge Canyon,IB,31.85,United States,35.22245,-114.69867
366393,Bridger,IB,1727.00,United States,42.99192,-109.48252
366401,Bright Star,IB,35.45,United States,35.51005,-118.24149
366407,Bristol Mountains,IB,311.80,United States,34.78339,-115.94646
366471,Buckhorn,IB,179.15,United States,47.84760,-123.12946
366478,Emily and Richardson Preyer Buckridge Coastal Reserve,IV,73.64,United States,35.72971,-76.11372
366479,Bucks Lake,IB,95.79,United States,39.94942,-121.20024
366509,Buffalo National River,IB,139.88,United States,36.04012,-92.91791
366513,Buffalo Peaks,IB,167.06,United States,39.05548,-106.15369
366522,Bull Canyon,IB,54.86,United States,40.30592,-109.00078
366609,Byers Peak,IB,35.61,United States,39.85744,-105.98213
366624,Cabeza Prieta,IB,3204.32,United States,32.23325,-113.46381
366628,Cabinet Mountains,IB,379.46,United States,48.19084,-115.66512
366632,Cache La Poudre,IB,38.51,United States,40.65964,-105.45108
366640,Cadiz Dunes,IB,86.01,United States,34.37607,-115.38482
366664,Calico Mountains,IB,262.90,United States,41.03102,-119.21522
366708,Caney Creek,IB,57.83,United States,34.39841,-94.08957
366739,Cape Romain National Wildlife Refuge.Wilderness Area,IB,120.26,United States,32.99530,-79.49629
366743,Capitan Mountains,IB,145.98,United States,33.59373,-105.33175
366767,Carlsbad Caverns,IB,127.32,United States,32.11867,-104.55708
366798,Carrizo Gorge,IB,59.99,United States,32.74592,-116.25916
366803,Carrizozo Lava Flow,IB,41.52,United States,33.66147,-105.96881
366842,Castle Crags,IB,44.84,United States,41.19796,-122.38087
366843,Castle Creek,IB,103.02,United States,34.20097,-112.26728
366867,Cebolla,IB,250.32,United States,34.74175,-107.87880
366872,Cedar Bench,IB,64.79,United States,34.41023,-111.81928
366937,Chain Of Craters,IB,74.08,United States,34.83557,-108.22591
366946,Chama River Canyon,IB,190.34,United States,36.34370,-106.66249
367001,Cheaha,IB,29.95,United States,33.41182,-85.83575
367011,Chemehuevi Mountains,IB,347.17,United States,34.59176,-114.54399
367055,Chimney Peak,IB,53.59,United States,35.85497,-118.07825
367067,Chiricahua,IB,352.81,United States,31.82468,-109.28099
367069,Chiricahua Natio,IB,42.37,United States,32.01570,-109.34539
367104,Nellie Juan-College Fiord,IB,8831.81,United States,60.70280,-147.88371
367138,Citico Creek,IB,65.61,United States,35.40474,-84.05845
367148,Clarence Rhodes National Wildlife Range,IV,250.43,United States,61.62675,-164.72503
367163,Clarks River,IV,37.82,United States,36.90549,-88.43434
367188,Clearwater,IB,59.15,United States,47.03971,-121.81199
367193,Cleghorn Lakes,IB,160.96,United States,34.25406,-115.81087
367206,Clifty,IB,50.79,United States,37.83843,-83.57661
367216,Cloud Peak,IB,776.65,United States,44.40835,-107.22949
367222,Clover Mountains,IB,346.46,United States,37.36181,-114.35965
367258,Cohutta,IB,149.89,United States,34.92257,-84.57084
367284,Collegiate Peaks,IB,672.69,United States,38.97863,-106.51766
367297,Colonel Bob,IB,47.97,United States,47.48953,-123.73873
367312,Columbine-Hondo,IB,180.15,United States,36.62017,-105.49850
367316,Comanche Peak,IB,275.29,United States,40.56874,-105.64222
367335,Congaree,II,106.13,United States,33.79404,-80.73512
367338,Congaree National Park,IB,60.61,United States,33.80018,-80.77954
367369,Cooke's Range,IB,81.34,United States,32.49306,-107.72209
367423,Coso Range,IB,211.81,United States,36.24429,-117.84332
367485,Cranberry,IB,193.20,United States,38.28293,-80.32665
367550,Cross Canyon,IB,51.68,United States,37.52474,-108.98915
367551,Cross Creeks,IV,26.62,United States,36.46094,-87.73807
367573,Cruces Basin,IB,76.41,United States,36.93429,-106.30839
367599,Cumberland Island,IB,38.34,United States,30.87443,-81.43821
367609,Currant Mountain Wilderness (Blm),IB,191.48,United States,38.91868,-115.44797
367631,Cuyahoga Valley,II,82.73,United States,41.25147,-81.56913
367672,D 'Arbonne,IV,71.38,United States,32.62354,-92.20870
367677,Dark Canyon,IB,187.61,United States,37.76653,-109.89512
367686,Darwin Falls,IB,35.78,United States,36.33004,-117.57483
367714,Desoto,IV,31.57,United States,41.51605,-96.01984
367720,Dead Mountains,IB,220.40,United States,34.99394,-114.74030
367731,Death Valley,II,13682.28,United States,36.47023,-117.13877
367737,Deep Creek Mountains,IB,319.61,United States,39.89274,-113.87208
367765,Delamar Mountains,IB,448.13,United States,37.16087,-114.88703
367785,Denali,IB,8685.68,United States,63.29981,-150.50887
367809,Deseret Peak,IB,101.49,United States,40.46203,-112.62889
367828,Devils Backbone,IB,27.08,United States,36.73628,-92.15262
367829,Devils Backbone,IB,35.41,United States,33.82512,-107.17563
367859,Diamond Breaks,IB,150.83,United States,40.74663,-109.00142
367868,Diamond Peak,IB,212.44,United States,43.53280,-122.08679
367871,Dick Smith,IB,288.85,United States,34.68121,-119.53382
367883,Dinkey Lakes,IB,124.90,United States,37.18092,-119.03572
367921,Dolly Sods,IB,71.94,United States,39.01779,-79.35320
367954,Dos Cabezas Mountains,IB,48.31,United States,32.23607,-109.52377
367990,Dry Creek,IB,25.50,United States,35.02639,-93.74912
368029,Dugger Mountain,IB,36.21,United States,33.86457,-85.59958
368090,Eagles Nest,IB,547.15,United States,39.67103,-106.29666
368092,Eagletail Mountains,IB,410.13,United States,33.40155,-113.37354
368110,East Cactus Plain,IB,57.19,United States,34.06362,-113.93999
368120,East Fork,IB,42.84,United States,35.58571,-92.87403
368123,East Fork High Rock Canyon,IB,212.91,United States,41.42343,-119.36609
368134,East Humboldts,IB,148.32,United States,40.94221,-115.13388
368220,Eldorado,IB,106.08,United States,35.81284,-114.74628
368236,Elk Creek,IA,28.10,United States,45.48652,-115.76739
368299,Emiquon,IV,36.83,United States,40.34164,-90.07953
368304,Encampment River,IB,41.33,United States,41.07407,-106.78549
368418,Far South Egans,IB,146.99,United States,38.48153,-114.91275
368498,Fish Creek Mountains,IB,90.40,United States,32.96275,-116.02723
368512,Fishhooks,IB,43.53,United States,33.21888,-109.98430
368519,Fitzpatrick,IB,804.94,United States,43.23448,-109.62368
368535,Flat Tops,IB,934.95,United States,39.95387,-107.29344
368546,Flatside,IB,38.61,United States,34.85743,-92.96851
368644,Straits of Mackinac Great Lakes State Bottomland Preserve,IV,386.01,United States,45.77814,-84.71968
368668,Fortification Range,IB,124.26,United States,38.55630,-114.47776
368675,Fossil Ridge,IB,130.28,United States,38.69232,-106.64301
368676,Fossil Springs,IB,42.21,United States,34.45427,-111.54168
368685,Four Peaks,IB,245.79,United States,33.63609,-111.34371
368773,French Spring-Happy Canyon,IB,98.43,United States,38.20433,-110.24432
368802,Funeral Mountains,IB,111.73,United States,36.35618,-116.53746
368825,Galiuro,IB,313.98,United States,32.57670,-110.33725
368864,Gates of the Arctic,IB,29335.52,United States,67.83742,-153.38693
368865,Gates Of The Mountains,IB,115.18,United States,46.86968,-111.80997
368913,Gibraltar Mountain,IB,76.31,United States,34.18585,-114.10513
368924,Gila,IB,2264.33,United States,33.21323,-108.41439
368947,Glacier Bay,IB,10770.78,United States,58.83906,-136.86543
368950,Glacier Peak,IB,2291.84,United States,48.17986,-120.97107
368988,Goat Rocks,IB,437.85,United States,46.52571,-121.43498
369005,Golden Trout,IB,1235.89,United States,36.30805,-118.35920
369006,Golden Valley,IB,153.21,United States,35.41713,-117.50685
369098,Grand Bay National Wildlife Refuge,IV,42.00,United States,30.41266,-88.42201
369119,Grand Wash Cliffs,IB,151.10,United States,36.45595,-113.78635
369131,Granite Chief,IB,115.17,United States,39.13772,-120.30655
369133,Granite Mountain Wilderness (Az),IB,39.69,United States,34.64214,-112.57400
369138,Grant Range,IB,212.26,United States,38.26289,-115.53108
369148,Grass Valley,IB,133.09,United States,35.29448,-117.31473
369153,Grassy Knob,IB,69.51,United States,42.74446,-124.34122
369172,Gray Peak,IB,58.08,United States,31.81242,-108.95532
369187,Great Bear,IB,1161.50,United States,48.19318,-113.53452
369189,Great Dismal Swamp,IV,460.71,United States,36.60326,-76.45946
369221,Great Sand Dunes,IB,132.20,United States,37.76600,-105.57568
369223,Great Smoky Mountains,II,2107.09,United States,35.63414,-83.50596
369262,Greenhorn Mountain,IB,93.55,United States,37.85094,-105.03256
369302,Gros Ventre,IB,1158.66,United States,43.44983,-110.42547
369348,Gunnison Gorge,IB,71.91,United States,38.66228,-107.81752
369463,Harcuvar Mountains,IB,101.74,United States,34.01416,-113.44534
369492,Harquahala Mountains,IB,93.03,United States,33.82181,-113.30142
369523,Hassayampa River Canyon,IB,49.37,United States,34.11506,-112.59461
369535,Havasu,IB,72.61,United States,34.64448,-114.42766
369622,Hells Canyon,IB,43.14,United States,33.94163,-112.38748
369624,Hells Canyon,IB,882.54,United States,45.45215,-116.64502
369629,Hell Hole,IB,79.08,United States,33.03218,-109.00770
369630,Hellsgate,IB,151.58,United States,34.19681,-111.13366
369657,Henry M. Jackson,IB,417.80,United States,47.92069,-121.22124
369665,Hercules-Glades,IB,50.28,United States,36.68595,-92.92606
369691,Hickory Creek,IB,34.94,United States,41.67495,-79.28744
369719,High Rock Canyon,IB,187.99,United States,41.38036,-119.43106
369721,High Rock Lake,IB,239.19,United States,41.21736,-119.22055
369724,High Uintas,IB,1836.72,United States,40.74381,-110.46517
369812,Hollow Hills,IB,92.63,United States,35.36971,-116.03481
369829,Holy Cross,IB,497.54,United States,39.43304,-106.50778
369956,Hummingbird Springs,IB,128.09,United States,33.65353,-113.08898
369968,Hunter-Fryingpan,IB,334.08,United States,39.22021,-106.63240
369983,Huston Park,IB,125.68,United States,41.09434,-106.98531
370018,Imperial Refuge,IB,63.73,United States,33.09326,-114.61567
370051,Indian Pass,IB,177.43,United States,33.10184,-114.77328
370053,Indian Peaks,IB,316.04,United States,40.05958,-105.68965
370080,Innoko,IB,5324.07,United States,63.18224,-158.56068
370086,Inyo Mountains,IB,300.01,United States,36.91969,-118.03194
370094,Ireteba Peaks,IB,89.85,United States,35.60499,-114.71751
370185,James Peak,IB,69.33,United States,39.85576,-105.68812
370198,Jarbidge,IB,447.23,United States,41.76934,-115.32680
370209,Jedediah Smith,IB,501.39,United States,43.81273,-110.91539
370221,Jennie Lakes,IB,42.53,United States,36.70014,-118.77759
370242,Jimbilnan,IB,76.42,United States,36.23371,-114.45025
370277,John Muir,IB,2645.16,United States,37.03839,-118.61414
370321,Joshua Tree,II,3174.20,United States,33.89980,-115.86012
370323,Joshua Tree,IB,2396.45,United States,33.89675,-115.86010
370329,Joyce Kilmer-Slickrock,IB,77.89,United States,35.41488,-83.98051
370353,Juniper Mesa,IB,30.62,United States,34.96043,-112.90303
370354,Juniper Prairie,IB,57.86,United States,29.21233,-81.68616
370363,Kachina Peaks,IB,75.76,United States,35.34158,-111.66371
370373,Kanab Creek,IB,249.01,United States,36.58730,-112.52491
370400,Katmai,IB,13450.97,United States,58.45188,-154.85480
370429,Kelso Dunes,IB,624.21,United States,34.89473,-116.02467
370437,Kenai,IV,7845.58,United States,60.23592,-150.46554
370550,Kisatchie Hills,IB,35.21,United States,31.49669,-92.99677
370591,Kobuk Valley,IB,738.96,United States,67.04316,-159.03653
370594,Kofa,IB,2216.58,United States,33.24677,-114.00087
370605,Koyukuk,IB,1538.37,United States,65.65186,-157.39609
370630,La Garita,IB,511.85,United States,37.93339,-106.93085
370637,La Madre Mountain,IB,77.08,United States,36.17712,-115.60398
370659,Lahontan Cutthroat Trout Instan,IB,48.33,United States,41.51925,-118.96920
370673,Jay S. Hammond,IB,10587.06,United States,60.68335,-153.37461
370704,Lake Mason,IV,68.01,United States,46.62678,-108.76344
370713,Lake Ophelia,IV,72.77,United States,31.13103,-92.09210
370733,Umbagog,IV,134.85,United States,44.78614,-71.04633
370814,Lassen Volcanic,IB,318.26,United States,40.49711,-121.40942
370819,Latir Peak,IB,82.64,United States,36.78626,-105.49820
370832,Laurel Fork North,IB,48.11,United States,38.74623,-79.67708
370840,Lava Beds,IB,113.61,United States,41.75732,-121.52264
370883,Lee Metcalf,IB,962.24,United States,45.13717,-111.34673
370948,Lime Canyon,IB,95.88,United States,36.36154,-114.28073
370993,Little Black Peak,IB,61.03,United States,33.75485,-105.93024
370996,Little Book Cliffs,IB,118.41,United States,39.20950,-108.40485
371003,Little Chuckwalla Mountains,IB,116.24,United States,33.47769,-115.06784
371021,Little High Rock Canyon,IB,195.65,United States,41.24413,-119.40605
371022,Little Humboldt River,IB,167.07,United States,41.36932,-116.89219
371061,Little Picacho,IB,158.37,United States,32.93519,-114.56382
371103,Lizard Head,IB,168.29,United States,37.84249,-108.01256
371134,Lone Peak,IB,123.96,United States,40.50374,-111.72526
371191,Lost Creek,IB,466.21,United States,39.28038,-105.52696
371266,Lower San Francisco,IB,28.90,United States,33.22533,-108.96374
371333,Machesna Mountain,IB,74.92,United States,35.29340,-120.23011
371412,Malpais Mesa,IB,130.00,United States,36.41945,-117.74951
371415,Mammoth Cave,II,206.30,United States,37.18395,-86.14543
371449,Manly Peak,IB,52.47,United States,35.92654,-117.13582
371460,Manzano Mountain,IB,150.07,United States,34.68498,-106.45090
371476,Marble Mountain,IB,911.76,United States,41.51267,-123.23174
371501,Mark Trail,IB,67.25,United States,34.77007,-83.79561
371509,Maroon Bells-Snowmass,IB,740.27,United States,39.11865,-107.02769
371608,Mazatzal,IB,1014.98,United States,34.15074,-111.58113
371679,Meadow Valley Range,IB,504.93,United States,37.05180,-114.72135
371684,Mecca Hills,IB,123.63,United States,33.61301,-115.98682
371744,Mesa Verde,IB,34.46,United States,37.25881,-108.44905
371788,Middle Mississippi River,IV,33.21,United States,38.00585,-89.97540
371794,Middle Santiam,IB,35.44,United States,44.52669,-122.21647
371821,Mill Creek,IB,69.50,United States,44.46944,-120.49759
371852,Miller Peak,IB,81.95,United States,31.41363,-110.33235
371907,Mission Mountains,IB,308.15,United States,47.48659,-113.85363
371976,Monument Rock,IB,81.79,United States,44.30690,-118.32315
372017,Mormon Mountains,IB,636.01,United States,36.92823,-114.48658
372060,Mount Adams,IB,190.70,United States,46.21547,-121.54212
372061,Mount Baldy,IB,27.59,United States,33.94259,-109.53161
372065,Mt. Charleston,IB,222.10,United States,36.28888,-115.68815
372069,Mt. Ellen-Blue Hills,IB,329.85,United States,38.21605,-110.88626
372071,Mount Evans,IB,297.11,United States,39.57274,-105.58494
372077,Mount Hood,IB,262.00,United States,45.33343,-121.75833
372078,Mount Irish,IB,117.14,United States,37.53246,-115.39957
372084,Mt. Limbo,IB,99.84,United States,40.33863,-119.27064
372085,Mount Logan (South),IB,59.61,United States,36.31172,-113.21806
372088,Mount Massive,IB,107.20,United States,39.18433,-106.48100
372089,Mt. Moriah,IB,323.51,United States,39.26617,-114.19992
372091,Mount Naomi,IB,180.38,United States,41.87293,-111.70966
372092,Mount Nebo,IB,109.61,United States,39.83953,-111.76976
372093,Mount Nutt,IB,113.38,United States,35.10260,-114.35463
372102,Mt. Rose,IB,126.95,United States,39.37670,-119.93231
372104,Mt. Shasta,IB,151.96,United States,41.42115,-122.22003
372107,Mount Skokomish,IB,53.73,United States,47.55268,-123.27476
372108,Mount Sneffels,IB,66.75,United States,38.01356,-107.86741
372109,Mount Timpanogos,IB,42.57,United States,40.39018,-111.64639
372110,Mount Tipton,IB,133.29,United States,35.53973,-114.20028
372111,Mount Trumbull,IB,32.32,United States,36.40442,-113.12827
372117,Mount Wilson,IB,97.65,United States,35.95832,-114.57453
372118,Mount Zirkel,IB,649.54,United States,40.76537,-106.71506
372123,Mountain Lakes,IB,93.22,United States,42.34401,-122.11027
372124,Mountain Longleaf,IV,36.48,United States,33.70355,-85.75708
372142,Mount Baker,IB,486.72,United States,48.81805,-121.75994
372146,Mount Graham,IB,248.28,United States,32.68700,-109.87845
372147,Mount Jefferson,IB,441.51,United States,44.61752,-121.80716
372151,Mount Rainier,II,956.65,United States,46.90588,-121.78620
372157,Mount Thielsen,IB,223.09,United States,43.21149,-122.00445
372159,Mt. Wrightson,IB,101.74,United States,31.70327,-110.85926
372173,Mud Swamp/New River,IB,32.68,United States,30.08162,-84.88078
372186,Muggins Mountain,IB,31.21,United States,32.73730,-114.25223
372204,Munds Mountain,IB,73.29,United States,34.81448,-111.70062
372246,N. Fork Of The Little Humboldt River,IB,281.90,United States,41.59347,-117.11454
372277,National Elk,IV,100.58,United States,43.56008,-110.67268
372302,Needleseye,IB,35.25,United States,33.13291,-110.61838
372312,Nellis Wash,IB,67.45,United States,35.38790,-114.71999
372325,Neota,IB,40.17,United States,40.52306,-105.84207
372339,Never Summer,IB,84.37,United States,40.39134,-105.93267
372355,New Water Mountains,IB,99.90,United States,33.58318,-113.95082
372358,Newberry Mountains,IB,112.56,United States,34.77869,-116.75975
372392,Noatak,IB,23556.19,United States,68.02245,-159.21470
372408,Nopah Range,IB,451.73,United States,36.02084,-116.11385
372418,Norse Peak,IB,211.64,United States,46.99715,-121.36757
372420,North Absaroka,IB,1401.51,United States,44.73656,-109.77237
372421,North Algodones Dunes,IB,106.53,United States,33.03772,-115.16909
372424,North Black Rock Range,IB,124.04,United States,41.42675,-119.04704
372435,North Fork,IB,33.57,United States,40.11521,-123.34012
372443,North Fork John Day,IB,488.43,United States,44.88803,-118.49216
372457,North Inlet-Winyah Bay National Estuarine Research Reserve,IV,76.56,United States,33.29045,-79.21946
372458,North Jackson Mountains,IB,94.89,United States,41.36012,-118.47176
372465,North Maricopa Mountains,IB,259.87,United States,33.10428,-112.51914
372466,North Mccullough,IB,59.81,United States,35.87143,-115.09852
372468,North Mesquite Mountains,IB,120.29,United States,35.69445,-115.74306
372681,Oil Springs Mountain,IB,73.69,United States,39.74576,-108.92140
372717,Old Woman Mountains,IB,743.15,United States,34.46269,-115.19929
372765,Organ Pipe Cactus,IB,1257.21,United States,32.00876,-112.84607
372771,Orocopia Mountains,IB,241.14,United States,33.58226,-115.75819
372811,Otter Creek,IB,83.79,United States,38.99859,-79.64264
372838,Owens Peak,IB,312.57,United States,35.73437,-118.00013
372845,Owyhee River Canyon,IB,758.76,United States,42.45886,-117.31261
372877,Pahrump Valley,IB,313.64,United States,35.85993,-115.85043
372879,Pahute Peak,IB,230.25,United States,41.20459,-119.03953
372888,Paiute (South),IB,355.61,United States,36.81502,-113.80833
372889,Pajarita,IB,30.35,United States,31.39472,-111.18693
372904,Palo Verde Mountains,IB,169.24,United States,33.36164,-114.83676
372927,Paria Canyon-Vermilion Cliffs,IB,450.55,United States,36.88351,-111.81065
372947,Parsnip Peak,IB,175.72,United States,38.14053,-114.30807
372957,Pasayten,IB,2150.19,United States,48.83929,-120.44239
373034,Pecos,IB,897.69,United States,35.88915,-105.63320
373122,Petrified Forest National Wilderness Area Area,IB,212.78,United States,34.98206,-109.79139
373164,Picacho Peak,IB,35.78,United States,33.00861,-114.73490
373206,Pine Creek,IB,53.67,United States,32.76700,-116.61512
373224,Pine Mountain,IB,81.15,United States,34.28562,-111.80204
373234,Pine Valley Mountain,IB,203.22,United States,37.38290,-113.43520
373253,Pinto Valley,IB,159.22,United States,36.19821,-114.58881
373263,Piper Mountain,IB,304.18,United States,37.31056,-117.91268
373279,Piute Mountains,IB,203.19,United States,34.76397,-115.11551
373291,Platte River,IB,94.29,United States,41.07351,-106.36835
373367,Pond Mountain,IB,28.08,United States,36.29035,-82.10393
373384,Popo Agie,IB,415.29,United States,42.73196,-109.11515
373400,Port Louisa,IV,47.92,United States,41.49569,-91.74003
373424,Poteau Mountain,IB,45.09,United States,34.98033,-94.21820
373440,Powderhorn,IB,59.77,United States,38.06373,-107.16146
373525,Ptarmigan Peak,IB,51.05,United States,39.71609,-106.02391
373540,Pusch Ridge,IB,230.56,United States,32.37567,-110.82896
373569,Quinn Canyon,IB,106.47,United States,38.17428,-115.69080
373604,Raggeds,IB,260.40,United States,38.98004,-107.18596
373649,Rattlesnake,IB,138.87,United States,47.03960,-113.87367
373655,Raven Cliffs,IB,37.39,United States,34.70792,-83.85274
373661,Rawah,IB,301.32,United States,40.70836,-105.98331
373662,Rawhide Mountains,IB,158.21,United States,34.20235,-113.63724
373681,Red Buttes,IB,81.60,United States,41.97530,-123.30385
373727,Red Rock-Secret Mountain,IB,195.53,United States,34.96555,-111.85846
373735,Redfield Canyon (North),IB,41.75,United States,32.44131,-110.30016
373776,Resting Spring Range,IB,330.79,United States,36.17298,-116.25568
373798,Rice Valley,IB,175.81,United States,33.93449,-114.74911
373802,Rich Mountain,IB,43.67,United States,34.73180,-84.34391
373839,Rincon Mountain,IB,149.53,United States,32.16577,-110.52612
373856,Riordan's Well,IB,228.79,United States,38.49326,-115.41164
373882,Riverside Mountains,IB,102.76,United States,34.01217,-114.57556
373919,Robledo Mountains,IB,74.36,United States,32.43159,-106.92536
373930,Rock Creek,IB,29.43,United States,44.18320,-124.04012
373986,Rocky Mountain Arsenal,IV,59.90,United States,39.83460,-104.84675
373993,Rodman Mountains,IB,138.76,United States,34.71705,-116.59657
374089,Ruby Mountains,IB,376.86,United States,40.58721,-115.39371
374152,Saddle Mountain,IB,166.50,United States,36.41789,-111.98468
374162,Saguaro,II,359.11,United States,32.22804,-110.87116
374163,Saguaro,IB,290.32,United States,32.22083,-110.86689
374201,Salome,IB,75.00,United States,33.83160,-111.06229
374203,Salt Creek,IB,39.35,United States,33.59885,-104.41906
374219,Salt River Canyon,IB,129.99,United States,33.66205,-110.79760
374231,Sampson Mountain,IB,44.10,United States,36.11556,-82.59082
374245,San Gabriel,IB,144.63,United States,34.30039,-117.93988
374246,San Gorgonio,IB,481.23,United States,34.06091,-116.74507
374248,San Jacinto,IB,134.30,United States,33.76886,-116.69329
374260,San Mateo Canyon,IB,161.88,United States,33.53751,-117.42778
374266,San Pedro Parks,IB,167.16,United States,36.10059,-106.82287
374270,San Rafael,IB,774.09,United States,34.81927,-119.87102
374311,Sandia Mountain,IB,152.53,United States,35.18322,-106.44532
374344,Sangre de Cristo,IB,890.05,United States,38.00649,-105.70277
374355,Santa Lucia,IB,85.76,United States,35.29044,-120.50211
374360,Santa Rosa,IB,79.76,United States,33.54870,-116.38422
374363,Santa Rosa-Paradise Peak,IB,129.79,United States,41.52160,-117.68699
374367,Santa Teresa,IB,108.91,United States,32.90799,-110.22945
374384,Sarvis Creek,IB,179.46,United States,40.25135,-106.70596
374403,Savage Run,IB,61.85,United States,41.18933,-106.38843
374404,Savannah,IV,124.42,United States,32.50143,-81.29031
374415,Sawtooth,IB,880.24,United States,44.00049,-115.07582
374417,Sawtooth Mountains,IB,137.05,United States,32.90055,-116.35188
374508,Selawik,IB,979.81,United States,66.90972,-158.99950
374509,Selenite Mountains,IB,128.75,United States,40.64543,-119.25486
374607,Sheephole Valley,IB,790.01,United States,34.25067,-115.53451
374634,Sherburne,IV,124.12,United States,45.47270,-93.73819
374681,Sid's Mountain,IB,218.74,United States,39.02059,-110.78748
374684,Sierra Ancha,IB,81.96,United States,33.84566,-110.89264
374688,Sierra Estrella,IB,59.83,United States,33.19934,-112.25412
374692,Signal Mountain,IB,54.81,United States,33.18881,-112.97842
374707,Silver Peak,IB,127.23,United States,35.87182,-121.31895
374735,Sipsey,IB,104.62,United States,34.33527,-87.43257
374763,Sky Lakes,IB,459.61,United States,42.60148,-122.23496
374829,Swansea,IB,69.33,United States,34.23845,-113.85510
374849,Soldier Creek,IB,31.70,United States,42.69456,-103.60581
374887,Guadalupe Escarpment,IB,86.09,United States,32.06381,-104.73598
374890,South Jackson Mountains,IB,220.78,United States,41.20606,-118.55751
374892,South Maricopa Mountains,IB,244.62,United States,32.91778,-112.40342
374895,South Mccullough,IB,178.07,United States,35.64425,-115.18160
374902,South Nopah Range,IB,74.02,United States,35.84716,-116.10151
374903,South Pahroc Range,IB,104.56,United States,37.47595,-115.04844
374911,South San Juan,IB,651.58,United States,37.25161,-106.64182
374915,South Sierra,IB,244.11,United States,36.14564,-118.12305
374931,Southern Nantahala,IB,95.52,United States,35.00436,-83.57484
374933,South Warner,IB,284.45,United States,41.33376,-120.20338
374974,Spirit Mountain,IB,133.24,United States,35.26796,-114.65899
375044,Squaw/Papoose Canyon,IB,26.55,United States,37.55463,-109.07084
375073,St. Helena Sound Heritage Preserve,IV,39.14,United States,32.54266,-80.54817
375079,St. Johns,IV,26.03,United States,28.50893,-80.87925
375506,Strawberry Crater,IB,42.14,United States,35.42489,-111.43042
375507,Strawberry Mountain,IB,280.90,United States,44.30131,-118.75022
375662,Sycamore Canyon,IB,236.54,United States,35.00119,-112.02047
375664,Sylvania Mountains,IB,78.87,United States,37.37769,-117.77496
375693,Table Mountain,IB,374.85,United States,38.75854,-116.61479
375699,Table Top,IB,139.59,United States,32.76756,-112.13884
375733,Tatoosh,IB,63.84,United States,46.69457,-121.69870
375788,Teton,IB,2366.33,United States,44.04319,-110.20316
375810,The Brothers,IB,65.95,United States,47.67822,-123.09614
375904,Thousand Lakes,IB,66.88,United States,40.70405,-121.59417
375919,Three Sisters,IB,1148.57,United States,44.04794,-121.91061
375994,Togiak,IV,17290.30,United States,59.26439,-160.38458
376004,Tom Yawkee Wildlife Center,IV,80.04,United States,33.22932,-79.21569
376018,Chuck River,IB,305.11,United States,57.57727,-133.36685
376024,Tonalite Creek,IA,40.63,United States,57.62320,-135.22829
376079,Tray Mountain,IB,41.86,United States,34.81349,-83.65916
376084,Tres Alamos,IB,33.82,United States,34.23924,-113.19427
376093,Trigo Mountain (North),IB,124.41,United States,33.18143,-114.62797
376099,Trinity Alps,IB,2185.63,United States,41.00362,-123.10205
376180,Turtle Mountains,IB,738.44,United States,34.29746,-114.84750
376204,Twin Peaks,IB,46.57,United States,40.60250,-111.72535
376250,Uncompahgre,IB,400.14,United States,38.10338,-107.48622
376326,Upper Buffalo,IB,48.79,United States,35.86228,-93.42744
376327,Upper Burro Creek (West),IB,112.41,United States,34.68758,-113.31456
376352,Upper Mississippi River National,IV,212.83,United States,43.47844,-91.35510
376418,Vasquez Peak,IB,52.61,United States,39.82646,-105.84432
376503,Wabayuma Peak,IB,163.33,United States,34.95961,-113.99235
376531,Waldo Lake,IB,149.19,United States,43.77265,-122.07196
376584,Warm Springs,IB,457.44,United States,34.89465,-114.29803
376604,Washakie,IB,2808.25,United States,44.08998,-109.56912
376668,Wee Thump Joshua Tree,IB,26.26,United States,35.53717,-115.09517
376673,Weepah Spring,IB,208.00,United States,37.96300,-115.09101
376683,Welcome Creek,IB,114.31,United States,46.59083,-113.73312
376698,Wellsville Mountain,IB,92.44,United States,41.63791,-112.02331
376699,Weminuche,IB,2024.67,United States,37.59990,-107.29044
376721,West Clear Creek,IB,62.59,United States,34.54781,-111.53546
376722,West Cold Springs,IB,72.98,United States,40.89156,-109.00109
376727,West Elk,IB,713.99,United States,38.69096,-107.27393
376751,West Malpais,IB,161.68,United States,34.80771,-108.08266
376762,Mount Riley,IB,33.93,United States,31.91389,-107.06671
376803,Wet Beaver,IB,25.00,United States,34.66894,-111.59537
376813,Wheeler Peak,IB,77.51,United States,36.58555,-105.45477
376820,Whipple Mountains,IB,323.16,United States,34.30626,-114.37074
376839,White Mountain,IB,191.28,United States,33.48044,-105.77935
376861,White Rock Range,IB,97.92,United States,38.19555,-114.09755
376896,Wichita Mountains Wilderness North Mountain Unit,IB,39.60,United States,34.75210,-98.72459
376948,William O. Douglas,IB,683.73,United States,46.80573,-121.29861
377016,Winegar Hole,IB,43.15,United States,44.10266,-110.97196
377044,Withington,IB,76.19,United States,33.88823,-107.45306
377148,Woolsey Peak,IB,262.55,United States,33.13443,-112.91239
377158,Worthington Mountains,IB,123.98,United States,37.85864,-115.63832
377207,Yellowstone,II,8900.87,United States,44.62070,-110.49008
377228,Nunivak,IB,2407.77,United States,59.97885,-166.50423
444410,Big Lake,IV,44.18,United States,35.92076,-90.11975
444412,Big Stone,IV,46.45,United States,45.24183,-96.36821
444416,Cat Island,IV,43.78,United States,30.78274,-91.49297
444417,Catahoula,IV,102.33,United States,31.60017,-91.99349
444420,Des Lacs,IV,56.60,United States,48.79345,-102.10637
444424,Glacial Ridge,IV,93.44,United States,47.70224,-96.28758
444431,Lacassine,IV,134.73,United States,29.97643,-92.87168
444432,Lacreek,IV,67.06,United States,43.11154,-101.60795
444433,Lake Alice,IV,49.50,United States,48.33351,-99.10878
444436,Lostwood,IV,110.60,United States,48.58809,-102.46195
444439,Mingo,IV,87.82,United States,36.99402,-90.18241
444440,Minnesota Valley,IV,42.24,United States,44.86796,-93.43790
444441,Necedah,IV,178.22,United States,44.14970,-90.16742
444447,Pond Creek,IV,109.54,United States,33.85565,-94.25386
444449,Red River,IV,61.14,United States,31.97372,-93.21498
444450,Rice Lake,IV,73.14,United States,46.53219,-93.35791
444454,Seney,IV,385.65,United States,46.46476,-85.60942
444457,Shiawassee,IV,40.89,United States,43.37760,-83.96847
444462,Tamarac,IV,175.74,United States,46.98873,-95.62534
444463,Upper Mississippi River National,IV,165.61,United States,43.04233,-91.11080
555521,Balsam Lake Mountain,IB,55.14,United States,42.04568,-74.62585
555527,Big Indian,IB,136.63,United States,42.04291,-74.56312
555533,Blue Ridge,IB,191.63,United States,43.79005,-74.46926
555557,Dry Brook Ridge,IB,37.93,United States,42.10189,-74.66912
555559,Five Ponds,IB,519.22,United States,44.03050,-74.88789
555564,Ha-De-Ron-Dah,IB,104.57,United States,43.72037,-75.08296
555569,Hoffman Notch,IB,155.87,United States,43.89811,-73.85391
555573,Hurricane Mountain,IB,56.59,United States,44.25172,-73.71112
555574,Independence River,IB,320.53,United States,43.77826,-75.08960
555575,Indian Head,IB,70.09,United States,42.12462,-74.13739
555577,Jay Mountain,IB,31.87,United States,44.30870,-73.66749
555578,Jessup River,IB,195.73,United States,43.57425,-74.38477
555582,Kaaterskill,IB,32.41,United States,42.16498,-74.07204
555594,McKenzie Mountain,IB,151.52,United States,44.35622,-73.99525
555597,Delaware,IB,119.72,United States,42.01353,-74.84962
666620,St. Marks National Wildlife Refuge.Wilderness Area,IB,70.84,United States,30.06431,-84.22194
666621,Swanquarter National Wildlife Refuge,IV,67.35,United States,35.38354,-76.30312
666624,Catfish Lake South,IB,34.36,United States,34.92393,-77.14042
666626,Linville Gorge,IB,48.18,United States,35.88482,-81.90129
666627,Middle Prong,IB,30.28,United States,35.33690,-82.94597
666629,Pocosin,IB,47.76,United States,34.78374,-77.01358
666631,Sheep Ridge,IB,37.70,United States,34.91349,-77.03970
666632,Shining Rock,IB,74.78,United States,35.38873,-82.86915
666639,Charlotte Harbor Preserve State Park,IV,183.23,United States,26.74451,-82.14468
666642,Crystal River Preserve State Park,IV,113.35,United States,28.86621,-82.66664
666646,Estero Bay Preserve State Park,IV,45.79,United States,26.42548,-81.92052
666649,Fakahatchee Strand State Preserve,IV,289.52,United States,26.01541,-81.42890
666656,Jonathan Dickinson State Park,IV,46.49,United States,26.99018,-80.13424
666669,St. Sebastian River Preserve State Park,IV,87.50,United States,27.81707,-80.56384
666672,Waccasassa Bay State Preserve,IV,137.92,United States,29.12396,-82.85118
999915,Haleakala,II,139.10,United States,20.69941,-156.14857
1111115,Black Mountain,IB,84.90,United States,35.12243,-117.20096
1111116,El Paso Mountains,IB,98.56,United States,35.50801,-117.86648
1111118,Kingston Range,IB,1078.73,United States,35.63693,-115.99303
1111120,Sacatar Trail,IB,214.60,United States,35.95788,-118.00468
1111122,Steens Mountain,IB,705.07,United States,42.55043,-118.75029
1111123,Surprise Canyon,IB,100.86,United States,36.13373,-117.21018
1111126,Alvord Desert,IB,957.54,United States,42.57500,-118.21373
1111127,Blitzen River,IB,129.41,United States,42.73135,-118.87502
1111128,Blue Canyon,IB,51.11,United States,43.24550,-117.44841
1111129,Camp Creek,IB,80.51,United States,43.63371,-117.82322
1111131,Cottonwood Creek,IB,32.84,United States,43.62037,-117.78801
1111133,Diablo Mountain,IB,480.27,United States,42.90509,-120.59311
1111137,Four Craters Lava Bed,IB,50.48,United States,43.34900,-120.64322
1111138,Gold Creek,IB,55.04,United States,43.73705,-117.81739
1111141,High Steens,IB,57.05,United States,42.67245,-118.56929
1111144,Jordan Craters,IB,112.43,United States,43.11605,-117.42813
1111145,Lower Owyhee Canyon,IB,304.09,United States,43.07451,-117.66061
1111147,North Pole Ridge,IB,29.61,United States,45.11976,-120.47331
1111148,Oregon Canyon,IB,170.37,United States,42.13682,-117.95958
1111149,Orejana Canyon,IB,97.70,United States,42.87582,-119.48015
1111150,Owyhee Breaks,IB,53.09,United States,43.20126,-117.52697
1111152,Rincon,IB,439.05,United States,42.17403,-118.92922
1111153,Sand Hollow,IB,37.89,United States,43.96743,-120.11999
1111155,Sheepshead Mountains,IB,213.80,United States,42.93234,-118.17118
1111156,Slocum Creek,IB,30.50,United States,43.28747,-117.29435
1111157,Soda Mountain,IB,100.06,United States,42.04484,-122.47013
1111161,Squaw Ridge Lava Bed,IB,116.03,United States,43.47518,-120.74011
1111162,Table Mountain,IB,162.05,United States,42.78955,-118.28420
1111166,Wildcat Canyon,IB,140.70,United States,42.79074,-118.09265
1111167,Willow Creek,IB,120.89,United States,42.14729,-118.21207
1111170,Cummins/Gwynn Creeks,IA,26.44,United States,44.25893,-124.04368
1111173,Kalmiopsis,IB,729.05,United States,42.24440,-123.97005
1111174,Mark O. Hatfield,IB,264.80,United States,45.60687,-121.87984
1111176,Mount Washington,IB,220.18,United States,44.29418,-121.87577
1111177,North Fork Umatilla,IB,81.80,United States,45.71444,-118.12059
1111178,Opal Creek,IB,84.08,United States,44.84107,-122.24117
1111179,Scapegoat,IB,1051.31,United States,47.30150,-112.79814
1111190,Death Valley,IB,12912.17,United States,36.47030,-117.13653
1111191,Mojave,IB,3173.40,United States,35.15310,-115.55675
1111192,Sequoia-Kings Canyon,IB,3109.41,United States,36.77402,-118.58537
1111193,Yosemite,IB,2849.80,United States,37.84016,-119.54290
1111275,Lost Trail,IV,34.48,United States,48.17636,-114.88269
1111284,Sacramento,IV,44.17,United States,39.40734,-122.16548
1111286,San Diego,IV,50.46,United States,32.78761,-117.00462
2222142,Zion,IB,503.35,United States,37.32282,-113.06064
3333336,San Bernard National Wildlife Refuge,IV,251.30,United States,29.10376,-95.57094
3333354,Mission-Aransas National Estuarine Research Reserve,IV,751.39,United States,28.07564,-97.02520
3333372,Attwater Prairie Chicken,IV,42.77,United States,29.69136,-96.26522
4444226,Horicon,IV,108.69,United States,43.58613,-88.64134
4444320,Black Fork Mountain,IB,54.49,United States,34.71948,-94.43504
4444323,Charles C. Deam,IB,50.74,United States,39.03319,-86.34352
4444325,Delirium,IB,48.37,United States,46.29919,-84.71188
4444328,Headwaters,IB,89.44,United States,45.82026,-88.95711
4444331,Irish,IB,66.81,United States,36.73455,-91.17636
4444332,Leatherwood,IB,67.95,United States,36.08505,-92.38675
4444333,Lusk Creek,IB,26.84,United States,37.53132,-88.52676
4444334,Mackinac,IB,46.24,United States,46.06399,-84.84928
4444335,Mccormick,IB,69.54,United States,46.68439,-87.99424
4444337,Paddy Creek,IB,28.65,United States,37.54111,-92.08390
4444339,Piney Creek,IB,33.12,United States,36.68013,-93.61454
4444341,Rainbow Lake,IB,29.04,United States,46.41586,-91.30219
4444344,Sturgeon River Gorge,IB,67.68,United States,46.60757,-88.70015
4444345,Sylvania,IB,74.62,United States,46.21368,-89.30417
4444346,Whisker Lake,IB,29.72,United States,45.95281,-88.45895
4444387,Badlands,IB,249.85,United States,43.83197,-102.24742
4444406,Badlands,II,450.54,United States,43.71437,-102.34686
4444407,Theodore Roosevelt,II,282.13,United States,47.25994,-103.44352
4444408,Wind Cave,II,137.30,United States,43.56884,-103.44372
4444416,Isle Royale,IB,565.35,United States,48.04339,-88.78895
4444554,Southwest Michigan Great Lakes State Bottomland Preserve,IV,961.10,United States,42.35259,-86.46096
4444623,Keweenaw Great Lakes State Bottomland Preserve,IV,501.55,United States,47.31546,-88.18933
5555104,Pepperbox,IB,98.56,United States,43.93708,-75.10221
5555106,Phoenicia,IB,29.53,United States,42.06285,-74.25687
5555109,Pigeon Lake,IB,204.01,United States,43.85342,-74.78982
5555117,Saranac Lakes,IB,325.19,United States,44.31212,-74.18930
5555118,Sargent Ponds,IB,175.53,United States,43.96528,-74.49397
5555124,Siamese Ponds,IB,465.65,United States,43.61139,-74.20753
5555126,Silver Lake,IB,441.31,United States,43.35850,-74.39588
5555133,Sundown,IB,123.31,United States,41.88426,-74.41824
5555135,Taylor Pond,IB,154.57,United States,44.41494,-73.74736
5555160,Wilcox Lake,IB,506.22,United States,43.36857,-74.05603
5555165,Wilmington,IB,70.29,United States,44.39059,-73.81428
5555735,Canaan Valley,IV,68.75,United States,39.08916,-79.39061
5555736,Cape May National Wildlife Refuge,IV,49.00,United States,39.10352,-74.80164
5555740,Silvio O. Conte National Fish And,IV,109.63,United States,43.94683,-72.14139
5555746,Edwin B. Forsythe National Wildlife Refuge,IV,175.60,United States,39.74299,-74.27083
5555767,Missisquoi,IV,29.62,United States,44.97252,-72.69638
5555782,Patuxent Research,IV,51.91,United States,39.05040,-76.77650
5555785,Silvio O. Conte National Fish And,IV,40.05,United States,44.27507,-71.72785
6666100,Dahomey,IV,38.60,United States,33.71474,-90.92411
6666101,Hillside,IV,62.66,United States,33.06805,-90.26036
6666104,Lake Woodruff,IV,87.34,United States,29.08006,-81.42793
6666105,Lower Suwannee National Wildlife Refuge,IV,209.29,United States,29.33322,-83.11928
6666108,Mississippi Sandhill Crane National Wildlife Refuge,IV,81.59,United States,30.44966,-88.72295
6666109,Morgan Brake,IV,30.63,United States,33.21680,-90.18284
6666110,Sam D. Hamilton Noxubee,IV,195.59,United States,33.29613,-88.82855
6666112,Panther Swamp,IV,134.18,United States,32.87972,-90.53128
6666114,St. Catherine Creek,IV,100.80,United States,31.40641,-91.45819
6666117,Yazoo,IV,52.78,United States,33.08668,-90.98317
6666277,Guana Tolomato Matanzas National Estuarine Research Reserve,IV,259.40,United States,29.88131,-81.29286
11111184,Frank Church-River Of No Return,IB,9550.15,United States,45.06720,-115.15030
11111187,Wild Rogue,IB,144.63,United States,42.70033,-123.94023
11111188,Aldrich Mountain,IB,36.93,United States,44.37450,-119.50163
11111189,Alkali Creek,IB,38.40,United States,44.37810,-107.60557
11111190,Alkali Draw,IB,73.35,United States,42.04422,-108.79134
11111191,Antelope Creek,IB,52.25,United States,47.73918,-108.80448
11111192,Axolotl Lakes,IB,31.66,United States,45.21012,-111.89846
11111193,Basque Hills,IB,567.63,United States,42.29490,-119.07158
11111194,Beaver Dam Creek,IB,77.26,United States,44.09757,-118.07623
11111195,Bell/Limekiln Canyons,IB,37.95,United States,44.88408,-112.93260
11111200,Blacktail Mountains,IB,70.94,United States,44.98920,-112.54446
11111201,Bobcat Draw Badlands,IB,68.77,United States,44.15346,-108.45993
11111202,Bowden Hills,IB,239.06,United States,42.50428,-117.77988
11111204,Bridge Creek,IB,57.97,United States,42.82497,-118.76558
11111206,Buffalo Hump,IB,38.43,United States,42.03535,-109.29700
11111207,Burnt Lodge,IB,55.81,United States,47.75393,-107.42511
11111210,Cedar Mountain,IB,135.40,United States,43.28428,-117.71017
11111211,Cedar Mountain,IB,83.41,United States,43.84472,-108.11036
11111212,Centennial Mountains,IB,193.43,United States,44.55858,-111.78511
11111213,Clarks Butte,IB,126.73,United States,43.01099,-117.43559
11111214,Cougar Well,IB,78.25,United States,43.70315,-120.12216
11111215,Cow Creek,IB,42.41,United States,47.87119,-108.87789
11111218,Devil's Playground-Twin Buttes,IB,98.01,United States,41.16999,-109.71285
11111220,Dry Creek Buttes,IB,207.71,United States,43.43934,-117.39533
11111221,Dry Creek,IB,94.58,United States,43.55197,-117.48475
11111222,East Alvord,IB,89.59,United States,42.61652,-118.34321
11111223,East Fork Blacktail Deer Creek,IB,27.77,United States,44.85386,-112.19764
11111224,Alkali Basin-East Sand Dunes,IB,52.88,United States,41.95350,-108.60151
11111226,Ervin Ridge,IB,41.93,United States,47.81270,-109.18456
11111228,Fifteenmile Creek,IB,203.89,United States,42.18673,-118.08492
11111229,Fortification Creek,IB,50.72,United States,44.46969,-105.99136
11111230,Gardner Mountain,IB,25.31,United States,43.78196,-106.96861
11111231,Gerry Mountain,IB,90.16,United States,43.91013,-120.13865
11111232,Hampton Butte,IB,41.44,United States,43.73637,-120.17733
11111233,Hawk Mountain,IB,282.23,United States,42.05484,-119.07185
11111234,Heath Lake,IB,85.91,United States,42.92740,-118.30101
11111235,Henneberry Ridge,IB,38.77,United States,45.10957,-112.94071
11111236,Hidden Pasture Creek,IB,63.07,United States,44.70297,-112.80579
11111238,Homestead,IB,30.84,United States,44.99436,-116.87603
11111239,Honeycomb Buttes,IB,170.36,United States,42.25027,-108.67884
11111240,Honeycombs,IB,82.31,United States,43.91869,-107.61717
11111241,Hoodoo Mountain,IB,44.19,United States,46.75847,-112.88190
11111243,Lake Mountain,IB,55.40,United States,42.32251,-110.42482
11111244,Lankin Dome,IB,25.76,United States,42.53301,-107.59072
11111246,Lower Stonehouse,IB,30.21,United States,42.84822,-118.43214
11111247,Mahogany Ridge,IB,110.77,United States,42.10353,-118.32155
11111250,Medicine Lodge,IB,29.31,United States,44.34674,-107.48454
11111251,Miller Springs,IB,27.09,United States,42.51778,-107.39190
11111252,Musselshell Breaks,IB,34.89,United States,47.10374,-107.88785
11111256,North Fork Of The Powder River,IB,40.58,United States,43.94352,-106.93976
11111260,Palomino Hills,IB,219.70,United States,42.88541,-118.01838
11111261,Pats Cabin,IB,39.72,United States,44.69014,-120.33398
11111264,Pueblo Mountains,IB,299.82,United States,42.09585,-118.68701
11111267,Red Butte,IB,44.10,United States,44.22009,-108.24013
11111268,Red Creek Badlands,IB,35.57,United States,41.09853,-109.12488
11111269,Red Lake,IB,38.79,United States,41.96405,-108.45492
11111270,Red Mountain,IB,63.34,United States,42.05673,-118.43367
11111271,Ruby Mountains,IB,108.95,United States,45.30598,-112.23745
11111272,Saddle Butte,IB,347.32,United States,43.01351,-117.89355
11111273,Sage Hen Hills,IB,32.27,United States,42.01536,-119.23649
11111274,Sand Dunes,IB,66.67,United States,43.33051,-120.39260
11111275,Sand Dunes,IB,114.82,United States,42.03891,-109.20113
11111277,Savage Peak,IB,29.00,United States,42.49474,-107.31063
11111278,Seven Blackfoot,IB,81.56,United States,47.54306,-107.41788
11111280,Sheep Mountain,IB,91.84,United States,44.30742,-108.41859
11111282,South Fork Donner Und Blitzen,IB,113.29,United States,42.60359,-118.81888
11111283,South Pinnacles,IB,44.02,United States,42.00860,-108.72046
11111284,Spaulding,IB,276.81,United States,42.15028,-119.37664
11111285,Split Rock,IB,57.12,United States,42.51180,-107.50336
11111288,Stonehouse,IB,92.17,United States,42.97275,-118.36896
11111292,Sutton Mountain,IB,116.82,United States,44.67421,-120.19377
11111293,Terry Badlands,IB,172.97,United States,46.77476,-105.48484
11111294,Thirtymile,IB,30.85,United States,45.20726,-120.51382
11111296,Trapper Creek,IB,30.54,United States,44.48977,-107.60054
11111297,Twelvemile Creek,IB,113.83,United States,42.29801,-118.06848
11111299,Twin Coulee,IB,27.68,United States,46.70795,-109.21280
11111300,Wales Creek,IB,46.37,United States,46.89044,-113.21099
11111301,West Peak,IB,34.79,United States,42.75457,-118.38394
11111304,Wild Horse Basin,IB,52.52,United States,43.56619,-117.28098
11111305,Winter Range,IB,62.70,United States,42.71064,-118.27414
11111306,Woodhawk,IB,32.49,United States,47.76058,-108.97734
11111316,Charles M. Russell,IV,1595.96,United States,47.55838,-107.79155
11111321,Sheldon,IV,2332.93,United States,41.80151,-119.22439
11111341,Ul Bend National Wildlife Refuge_Wilderness Area,IB,77.01,United States,47.55551,-107.93045
11111370,Chewuch,IA,35.90,United States,48.78306,-120.05182
11111454,Anaconda Pintler,IB,642.45,United States,45.95653,-113.47603
11111455,Bull Of The Woods,IB,149.24,United States,44.88827,-122.10694
11111457,Gearhart Mountain,IB,91.52,United States,42.52650,-120.83967
11111458,Gospel-Hump,IB,832.26,United States,45.58271,-115.77214
11111459,Indian Heaven,IB,84.11,United States,46.00669,-121.77703
11111460,Lake Chelan-Sawtooth,IB,619.79,United States,48.29331,-120.48001
11111461,Noisy-Diobsud,IB,57.73,United States,48.64097,-121.53650
11111462,Rogue-Umpqua Divide,IB,144.67,United States,43.04110,-122.46815
11111463,Salmo-Priest,IB,167.16,United States,48.89823,-117.15820
11111464,Salmon-Huckleberry,IB,251.77,United States,45.25740,-121.91417
11111465,Selway-Bitterroot,IB,5457.85,United States,46.15738,-114.78548
11111512,Mount Rainier,IB,918.99,United States,46.85336,-121.68253
11111516,Glacier,II,4078.59,United States,48.61739,-113.85841
11115135,Beauty Mountain,IB,63.68,United States,33.44916,-116.73243
11115136,Bighorn Mountain,IB,48.79,United States,34.27506,-116.72672
11115137,Cache Creek,IB,124.56,United States,38.96476,-122.48477
11115138,Clipper Mountain,IB,144.42,United States,34.73551,-115.40577
11115140,Domeland,IB,382.11,United States,35.86752,-118.22802
11115141,Elkhorn Ridge,IB,45.04,United States,39.78471,-123.65260
11115144,Ibex,IB,124.09,United States,35.88604,-116.34777
11115147,Jacumba,IB,134.43,United States,32.67327,-116.00220
11115150,Kiavah,IB,183.10,United States,35.63124,-118.09670
11115152,Mesquite,IB,195.53,United States,35.65808,-115.61010
11115154,Otay Mountain,IB,69.19,United States,32.60022,-116.84149
11115155,Palen/Mccoy,IB,997.52,United States,33.84773,-115.03311
11115156,Pinto Mountains,IB,101.24,United States,34.00502,-115.79584
11115162,South Fork Eel River,IB,52.75,United States,39.79794,-123.62796
11115164,Stateline,IB,28.14,United States,35.64011,-115.47615
11115165,Stepladder Mountains,IB,339.07,United States,34.57757,-114.80655
11115166,Trilobite,IB,161.52,United States,34.64363,-115.55506
11115170,Yolla Bolly-Middle Eel,IB,746.32,United States,40.02647,-123.04718
11115171,Yuki,IB,225.57,United States,39.63047,-123.03301
11115172,Timbered Crater,IB,73.19,United States,41.17419,-121.44187
11115195,Sonny Bono Salton Sea,IV,200.11,United States,33.15695,-115.72676
11115234,Manzanita Creek,IA,30.07,United States,40.78866,-123.21841
11115289,Caribou,IB,84.33,United States,40.48975,-121.21303
11115290,Carson-Iceberg,IB,643.73,United States,38.46561,-119.77781
11115291,Chanchelulla,IB,32.46,United States,40.46367,-122.97529
11115292,Chumash,IB,152.94,United States,34.80179,-119.21843
11115293,Cucamonga,IB,52.64,United States,34.24310,-117.60821
11115294,Desolation,IB,259.18,United States,38.91879,-120.17824
11115296,Emigrant,IB,456.41,United States,38.17414,-119.75748
11115297,Garcia,IB,57.25,United States,35.24085,-120.32566
11115299,Hauser,IB,29.13,United States,32.68977,-116.60426
11115300,Hoover,IB,518.42,United States,38.12414,-119.39128
11115301,Ishi,IB,171.92,United States,40.11165,-121.77074
11115302,Kaiser,IB,88.97,United States,37.28344,-119.19100
11115306,Magic Mountain,IB,49.28,United States,34.39656,-118.33343
11115307,Matilija,IB,119.98,United States,34.55856,-119.40434
11115308,Mokelumne,IB,422.47,United States,38.59165,-119.99675
11115309,Monarch,IB,178.96,United States,36.84581,-118.80112
11115310,Mount Lassic,IB,29.43,United States,40.33601,-123.57545
11115312,Pleasant View Ridge,IB,108.61,United States,34.39005,-117.88852
11115313,Russian,IB,51.21,United States,41.31294,-122.95023
11115315,Sanhedrin,IB,43.16,United States,39.49849,-123.10549
11115318,Sespe,IB,888.48,United States,34.58422,-119.03013
11115319,Siskiyou,IB,728.03,United States,41.66669,-123.68088
11115320,Ventana,IB,955.84,United States,36.18241,-121.55122
11115335,Kings Canyon,II,1858.38,United States,36.91526,-118.65855
11115337,Lassen Volcanic,II,434.73,United States,40.46476,-121.43102
11115361,Phillip Burton,IB,134.30,United States,38.08307,-122.86969
11115362,Hain,IB,65.13,United States,36.49230,-121.19326
11116375,Lower Klamath,IV,179.36,United States,41.93667,-121.73421
11116377,Clear Lake,IV,89.43,United States,41.86271,-121.14395
55557451,Rappahannock River Valley National Wildlife Refuge,IV,35.97,United States,37.98610,-76.91626
55557484,Ottawa National Wildlife Refuge,IV,27.46,United States,41.55905,-83.05819
55557487,Caribou-Speckled Mountain,IB,45.47,United States,44.31395,-70.93979
55557492,Pemigewasset,IB,185.38,United States,44.13119,-71.52501
55557494,Presidential Range-Dry River,IB,111.71,United States,44.17091,-71.32350
55557495,Ramseys Draft,IB,26.61,United States,38.34361,-79.33251
55557496,Rich Hole,IB,26.43,United States,37.87165,-79.63732
55557497,Sandwich Range,IB,142.86,United States,43.92315,-71.42565
55557499,Saint Mary'S,IB,39.77,United States,37.92508,-79.10153
55557503,Wild River,IB,97.26,United States,44.28945,-71.11183
55557560,James River Face,IB,36.04,United States,37.58996,-79.43565
55557635,Joseph Battell,IB,49.92,United States,43.89209,-72.93261
55557687,Shenandoah,IB,333.20,United States,38.45961,-78.49600
55557750,Chazy Highlands,IB,196.66,United States,44.68854,-73.99871
55557867,Windham Blackhead Range,IB,68.76,United States,42.26407,-74.09428
555511472,Hunter-West Kill Mountain,IB,98.91,United States,42.14676,-74.30726
555512020,Indian Mounds,IB,49.47,United States,31.33486,-93.73578
555512023,Upland Island,IB,53.60,United States,31.07883,-94.36030
555512024,Upper Kiamichi River,IB,43.70,United States,34.67374,-94.53316
555512043,Buffalo Lake,IV,31.30,United States,34.72731,-101.20894
555512044,Caddo Lake,IV,29.48,United States,32.67039,-94.13769
555512045,Crescent Lake,IV,185.81,United States,41.78709,-102.43952
555512046,Flint Hills,IV,75.08,United States,38.30376,-95.90920
555512050,Little River,IV,57.61,United States,33.95730,-94.66121
555512051,Lower Rio Grande Valley National Wildlife Refuge,IV,397.05,United States,26.21920,-98.13877
555512052,Mcfaddin,IV,266.50,United States,29.66667,-94.21264
555512055,Quivira,IV,89.69,United States,38.15113,-98.50979
555512056,Salt Plains,IV,85.89,United States,36.78427,-98.21513
555542769,Corkscrew Swamp Sanctuary,II,53.41,United States,26.39022,-81.61049
555542774,Upper Mississippi River Floodplain Wetlands,IV,972.47,United States,43.05525,-91.09318
555544113,Anahuac National Wildlife Refuge,IV,156.15,United States,29.67285,-94.52519
555547360,Piedras Blancas State Marine Reserve,IA,27.04,United States,35.68334,-121.29605
555547368,Montara State Marine Reserve,IA,30.59,United States,37.52250,-122.54147
555547375,North Farallon Islands State Marine Reserve,IA,46.80,United States,37.79235,-123.05072
555547390,Stewarts Point State Marine Reserve,IA,62.32,United States,38.63417,-123.42533
555547394,Point Sur State Marine Reserve,IA,25.37,United States,36.27822,-121.88449
555556108,Adobe Town,IB,352.99,United States,41.21104,-108.25575
555556110,Copper Mountain,IB,28.30,United States,43.41093,-108.12133
555556113,Government Peak,IB,25.58,United States,39.51291,-114.17040
555556115,Juniper Dunes,IB,28.94,United States,46.39205,-118.85040
555556117,Mccullough Peaks,IB,102.07,United States,44.62605,-108.81549
555556118,Sand Mountain,IB,88.13,United States,43.98167,-111.88951
555556119,Pole Creek,IB,54.24,United States,42.54287,-116.56644
555556120,Sweetwater Canyon,IB,37.03,United States,42.42423,-108.46185
555556157,Bald Mountain,IB,90.54,United States,39.07941,-115.30144
555556161,Hunting Camp Creek,IB,34.28,United States,37.09414,-81.24719
555556164,Red Mountain,IB,83.04,United States,38.88617,-115.32901
555556165,Shellback,IB,146.30,United States,39.24772,-115.35880
555556166,South Fork San Jacinto,IB,81.58,United States,33.66718,-116.76688
555556167,Spanish Peaks,IB,78.32,United States,37.38650,-104.98530
555556169,White Pine Range,IB,162.04,United States,39.08009,-115.48333
555556174,Gaylord Nelson,IB,133.53,United States,46.97655,-90.71540
555583143,Humbug Spires,IB,45.88,United States,45.75746,-112.65072
555583160,Lignumvitae Key Botanical State Park,IV,42.41,United States,24.91098,-80.68896
555584785,Klamath Marsh,IV,177.05,United States,42.94200,-121.65426
555584792,Dale Bumpers White River,IV,635.75,United States,34.31974,-91.23798
555584793,Upper Klamath,IV,103.50,United States,42.47390,-121.95670
555585657,Anclote Key State Park,IV,49.41,United States,28.17268,-82.84217
555585878,Fish Creek Rim,IB,77.34,United States,42.25080,-119.93467
555585881,Malheur National Wildlife Refu,IA,115.14,United States,43.23362,-119.12685
555586170,Andreafsky,IB,6393.74,United States,62.74605,-162.42637
555586174,Beaver Basin,IB,47.54,United States,46.57294,-86.33326
555586175,Becky Peak,IB,73.59,United States,39.95374,-114.61903
555586176,Bering Sea,IB,329.94,United States,60.44444,-172.67025
555586177,Big Branch,IB,27.22,United States,43.31697,-72.95798
555586181,Black Ridge,IB,53.04,United States,37.34816,-113.22210
555586186,Breton National Wildlife Refuge.Wilderness Area,IB,48.12,United States,29.75676,-89.02053
555586188,Bristlecone,IB,57.99,United States,39.43531,-114.91625
555586195,Cedar Mountain,IB,421.73,United States,40.56243,-112.95349
555586196,Cedar Roughs,IB,26.10,United States,38.58740,-122.29601
555586198,Clackamas,IB,38.30,United States,45.03629,-122.03509
555586199,Copper Salmon,IB,55.54,United States,42.73120,-124.20594
555586204,Craters of the Moon National Wilderness Area Area,IB,174.04,United States,43.39376,-113.53445
555586205,Docs Pass,IB,69.64,United States,37.39723,-114.01652
555586209,Fish Slough,IB,62.07,United States,37.48951,-118.46101
555586212,Glastenbury,IB,90.37,United States,42.94399,-73.08911
555586213,Goshute Canyon,IB,172.46,United States,40.04188,-114.84483
555586214,Grand Gulch Instant Study Area Complex,IB,426.05,United States,37.38919,-110.06474
555586217,Great Swamp,IV,31.81,United States,40.71170,-74.47230
555586218,Haleakala,IB,96.15,United States,20.71138,-156.15169
555586219,Hawaii Volcanoes,IB,537.35,United States,19.36894,-155.39468
555586221,High Schells,IB,491.56,United States,39.33478,-114.60616
555586222,Highland Ridge,IB,277.28,United States,38.78422,-114.23990
555586224,John Krebs,IB,161.78,United States,36.41438,-118.65844
555586225,Karta River,IB,161.57,United States,55.57040,-132.71610
555586226,Kootznoowoo,IB,4052.82,United States,57.57931,-134.30077
555586229,Lye Brook,IB,73.34,United States,43.10935,-73.01839
555586232,Mission Mountains Tribal,IB,372.31,United States,47.43810,-113.86272
555586236,Mount Grafton,IB,318.59,United States,38.71921,-114.74401
555586237,Mountain Lake,IB,66.87,United States,37.40390,-80.45784
555586239,Oregon Islands National Wildlif,IB,3256.84,United States,44.12750,-124.31638
555586244,Peru Peak,IB,31.66,United States,43.30586,-72.91924
555586247,Hart Mountain National Antelope Refuge Propo,IB,78.97,United States,42.64351,-119.62242
555586250,Roaring Plains West,IB,27.49,United States,38.92660,-79.42224
555586251,Roaring River,IB,147.90,United States,45.15439,-122.03071
555586253,Rough Mountain,IB,37.74,United States,37.91633,-79.69752
555586254,Russell Fjord,IB,1411.10,United States,59.69697,-139.21982
555586256,Semidi,IB,1039.37,United States,56.10010,-156.75000
555586257,Seney National Wildlif,IB,108.28,United States,46.28775,-86.17768
555586262,South Egan Range,IB,272.78,United States,38.72084,-114.96700
555586265,Spring Basin,IB,26.07,United States,44.86678,-120.39345
555586266,Stephen Mather,IB,2593.68,United States,48.62311,-121.09211
555586270,Tebenkof Bay,IB,271.23,United States,56.46330,-134.14241
555586271,Theodore Roosevelt,IB,122.01,United States,47.28766,-103.43535
555586272,Tracy Arm-Fords Terror,IB,2625.96,United States,57.75109,-133.01037
555586274,Unimak Island,IB,3730.08,United States,54.72095,-163.98987
555586277,West Chichagof-Yakobi,IB,1101.30,United States,57.73431,-136.10811
555586278,Wild Sky,IB,433.39,United States,47.85673,-121.39788
555586286,Caliente Mountain,IB,72.91,United States,35.05748,-119.77818
555586290,Dark Canyon Instant Study Area Complex,IB,274.65,United States,37.92260,-110.06178
555586292,Ferris Mountains,IB,88.49,United States,42.28249,-107.29439
555586304,San Rafael Reef,IB,272.65,United States,38.79139,-110.54073
555586306,Scab Creek,IB,30.92,United States,42.79657,-109.53947
555586717,Ano Nuevo State Marine Reserve,IA,28.87,United States,37.12250,-122.31560
555586744,Alligator Harbor Aquatic Preserve,IV,58.19,United States,29.89854,-84.44546
555586745,Estero Bay Aquatic Preserve,IV,43.42,United States,26.40548,-81.88501
555586746,Fort Pickens State Park Aquati State Park,IV,125.59,United States,30.29830,-87.28369
555586747,Gasparilla Sound - Charlotte Harbor Aquatic Preserve,IV,340.07,United States,26.84383,-82.14562
555586748,Lemon Bay Aquatic Preserve,IV,26.95,United States,26.92774,-82.35185
555586749,Matlacha Pass Aquatic Preserve,IV,80.10,United States,26.62574,-82.07756
555586750,Pine Island Sound Aquatic Preserve,IV,228.57,United States,26.57528,-82.15206
555586751,Pinellas County Aquatic Preserve,IV,1425.34,United States,27.90906,-82.78082
555586753,St. Andrews State Park Aquati State Park,IV,96.61,United States,30.08872,-85.70501
555586754,St. Joseph Bay Aquatic Preserve,IV,266.16,United States,29.77520,-85.38652
555586755,St. Martins Marsh Aquatic Preserve,IV,127.55,United States,28.84116,-82.69824
555586756,Cape Haze Aquatic Preserve,IV,61.40,United States,26.81340,-82.19801
555586758,Terra Ceia Aquatic Preserve,IV,85.56,United States,27.57915,-82.61530
555586759,Yellow River Marsh Aquatic Preserve,IV,60.26,United States,30.51396,-86.99546
555586760,Cape Romano - Ten Thousand Islands Aquatic Preserve,IV,208.29,United States,25.90050,-81.55075
555586765,Banana River Aquatic Preserve,IV,105.41,United States,28.29153,-80.65078
555586766,Fort Clinch State Park Aquati State Park,IV,30.48,United States,30.69697,-81.43484
555586767,Guana River Marsh Aquatic Preserve,IV,165.61,United States,30.06526,-81.32280
555586768,Indian River - Malabar to Vero Beach Aquatic Preserve,IV,111.21,United States,27.85447,-80.48086
555586769,Indian River - Vero Beach to Ft. Pierce Aquatic Preserve,IV,38.86,United States,27.54861,-80.33856
555586770,Jensen Beach to Jupiter Inlet Aquatic Preserve,IV,93.42,United States,27.19678,-80.19749
555586771,Lignumvitae Key Aquatic Preserve,IV,33.49,United States,24.92335,-80.68292
555586774,Nassau River - St. Johns River Marshes Aquatic Preserve,IV,285.23,United States,30.50730,-81.48675
555586805,Thunder Bay State Bottomland Preserve,IV,1160.39,United States,45.03278,-83.23370
555586810,Padilla Bay National Estuarine Research Reserve,IV,53.66,United States,48.51125,-122.51326
555586813,Grand Bay National Estuarine Research Reserve,IV,73.10,United States,30.37288,-88.43827
555586814,Great Bay National Estuarine Research Reserve,IV,41.43,United States,43.08018,-70.88767
555586830,Lake Superior National Estuarine Research Reserve,IV,67.58,United States,46.65873,-92.11457
555586832,Smith and Minor Island Aquatic Reserve,IV,147.86,United States,48.26522,-122.81468
555586833,Protection Island Aquatic Reserve,IV,97.17,United States,48.14945,-122.93761
555586834,Nisqually Reach Aquatic Reserve,IV,59.64,United States,47.15646,-122.69592
555586836,Point Conception State Marine Reserve,IA,58.33,United States,34.42244,-120.47626
555586839,Campus Point State Marine Conservation Area,IA,27.35,United States,34.38678,-119.86875
555586841,Begg Rock (San Nicolas Island Quad) State Marine Reserve,IA,98.32,United States,33.36240,-119.69553
555586842,Point Vicente State Marine Conservation Area,IA,38.96,United States,33.71628,-118.43943
555586865,Mattole Canyon State Marine Reserve,IA,25.37,United States,40.30833,-124.40336
555586866,Sea Lion Gulch State Marine Reserve,IA,26.98,United States,40.22667,-124.36749
555586876,Jacques Cousteau National Estuarine Research Reserve,IV,479.87,United States,39.53204,-74.42245
555586878,North Carolina National Estuarine Research Reserve,IV,42.76,United States,35.16180,-76.89372
555586885,Kaho'olawe Island Reserve,IV,201.92,United States,20.55208,-156.61500
555586900,Apalachicola Bay Aquatic Preserve,IV,417.31,United States,29.71988,-85.02314
555586901,Rookery Bay Aquatic Preserve,IV,235.03,United States,25.96291,-81.71640
555586988,Chesapeake Bay National Estuarine Research Reserve - Maryland National Estuarine Research Reserve,IV,25.64,United States,38.82044,-76.26220
555587017,Ten Mile State Marine Reserve,IA,30.95,United States,39.57667,-123.81220
555587035,Endicott River,IB,398.20,United States,58.76218,-135.51091
555602061,Alpine Lakes,IB,60.94,United States,47.45863,-121.16365
555602139,Andrew Simons,IB,4395.15,United States,59.95904,-150.47246
555602170,Appendicitis Hill,IB,103.53,United States,43.71633,-113.47427
555602237,Atchafalaya,IV,63.81,United States,30.45348,-91.65212
555602270,Avawatz Mountains,IB,385.21,United States,35.51738,-116.31218
555602438,Bear Den Butte,IB,39.11,United States,43.18109,-113.54755
555602582,Big Bend Proposed or Recom,IB,2333.83,United States,29.32319,-103.32421
555602612,Sheldon National Wildlife Refuge,IB,93.50,United States,41.69588,-118.98947
555602628,Big Snowies,IB,358.94,United States,46.76551,-109.40901
555602683,Black Canyon,IB,64.09,United States,43.50070,-113.82339
555602770,Blue Range,IB,117.79,United States,33.56112,-108.97571
555602783,Bluejoint,IB,256.60,United States,45.64501,-114.43242
555602799,Bodie Mountain,IB,103.64,United States,38.22069,-119.14265
555602800,Bodie,IB,68.69,United States,38.26716,-119.02239
555602887,Breadloaf,IB,101.11,United States,44.01021,-72.90339
555603022,Bunk Robinson,IB,77.12,United States,31.44812,-109.00726
555603044,Burnt Creek,IB,99.98,United States,44.15975,-113.60872
555603204,Carcass Canyon,IB,196.88,United States,37.59605,-111.54189
555603246,Casa Diablo,IB,36.39,United States,37.56608,-118.53666
555603272,Sheldon National Wildlife Refuge,IB,252.29,United States,41.81410,-119.38772
555603299,Cedar Butte,IB,149.52,United States,43.33470,-112.79842
555603340,Central Arctic Management Area,IB,1047.32,United States,68.50541,-154.83639
555603421,Chassahowitzka National Wildlife Refuge.Wilderness Area,IB,95.66,United States,28.69081,-82.66807
555603456,Cherry Creek Basin,IA,38.77,United States,42.60964,-122.16944
555603480,Chidago Canyon,IB,82.34,United States,37.59388,-118.45952
555603790,Copper Sands,IA,64.58,United States,60.32966,-145.55152
555603862,Coyote Mountains,IB,75.31,United States,32.82007,-116.03048
555603882,Crater Lake Proposed or Recom,IB,546.46,United States,42.93445,-122.13328
555603930,Crystal Lake,IB,36.10,United States,47.39733,-116.38842
555604014,Dave Spencer,IB,753.63,United States,60.81126,-150.44339
555604039,Death Ridge,IB,268.68,United States,37.50639,-111.62514
555604067,Deer Creek,IB,32.66,United States,43.19049,-114.96682
555604105,Desert National Wildlife Refuge,IB,5525.61,United States,36.80886,-115.40841
555604144,Dinosaur Proposed or Recom,IB,715.41,United States,40.58421,-108.91992
555604350,East,IB,826.80,United States,55.35144,-162.41876
555604373,Eden Valley,IB,26.21,United States,39.61315,-123.13387
555604394,Eighteen Mile,IB,101.42,United States,44.49154,-113.07133
555604398,El Malpais Proposed or Recom,IB,395.65,United States,34.85781,-107.98045
555604399,El Malpais,IB,86.02,United States,34.86665,-108.00812
555604977,Excelsior,IB,38.04,United States,38.11843,-118.82600
555605084,Fiftymile Mountain,IB,651.38,United States,37.37505,-111.25348
555605094,Firth-Mancha Rna,IA,2082.33,United States,68.68366,-141.70376
555605096,Sheldon National Wildlife Refuge,IB,394.96,United States,41.69829,-119.19462
555605279,Francis Marion,IV,215.32,United States,33.14063,-79.57320
555605311,Friedman Creek,IB,39.92,United States,43.56216,-113.81171
555605489,Sheldon National Wildlife Refuge,IB,166.44,United States,41.83525,-119.19274
555605495,Gooding City Of Rocks East,IB,57.96,United States,43.13811,-114.81305
555605496,Gooding City Of Rocks West,IB,26.94,United States,43.14108,-114.87762
555605538,Grand Canyon Proposed or Recom,IB,4403.54,United States,36.28438,-112.80509
555605553,Grand Teton Proposed or Recom,IB,651.12,United States,43.82903,-110.70820
555605560,Grandmother Mountain,IB,48.17,United States,47.06453,-115.97483
555605561,Grandmother Mountain,IB,26.88,United States,47.05285,-116.07265
555605610,Great Rift,IB,1544.95,United States,43.14382,-113.45453
555605698,Gros Ventre,IA,26.61,United States,43.38249,-110.60933
555606073,Harper Creek,IB,28.50,United States,35.98120,-81.80762
555606103,Hatchie,IV,46.24,United States,35.49448,-89.21259
555606111,Hawley Mountain,IB,69.56,United States,44.09953,-113.31782
555606147,Hell's Half Acre,IB,273.74,United States,43.46665,-112.34229
555606173,Hermosa Creek,IB,154.42,United States,37.53592,-107.95147
555606235,High Lakes,IB,59.72,United States,44.97759,-109.52657
555606431,Hyalite-Porcupine-Buffalo Horn,IB,629.60,United States,45.29102,-111.01290
555606702,Kendrick Mountain,IB,26.97,United States,35.41325,-111.86279
555606767,King Hill Creek,IB,120.51,United States,43.13470,-115.24209
555607012,Lava,IB,43.56,United States,40.97916,-121.38008
555607013,Lava,IB,97.07,United States,43.04798,-114.30827
555607139,Little City Of Rocks,IB,26.73,United States,43.14590,-114.69210
555607143,Little Deer,IB,142.55,United States,43.21655,-113.71484
555607478,Marjory Stoneman Douglas,IB,5416.29,United States,25.37155,-80.95441
555607511,Marten River,IA,29.85,United States,55.17723,-130.48511
555607647,Medicine Lake National Wildlife Refuge_Wilderness Area,IB,50.03,United States,48.45556,-104.38393
555607675,Merced River,IB,53.00,United States,37.62084,-120.06706
555607730,Middle Fork Judith,IB,327.21,United States,46.83231,-110.47889
555607751,Milk Ranch/Case Mountain,IB,37.88,United States,36.43232,-118.83023
555607822,Misty Fiords,IB,8677.51,United States,55.56196,-130.71696
555607951,Mount Biedeman,IB,53.03,United States,38.15644,-119.07402
555608001,Mud Spring Canyon,IB,164.30,United States,37.52533,-111.82671
555608018,Muleshoe,IV,26.52,United States,33.75820,-101.84554
555608058,Mystery Creek,IB,182.01,United States,60.58130,-150.11380
555608128,Neches River,IV,28.89,United States,31.85203,-95.42296
555608256,North Escalante Canyons/The Gulch,IB,516.21,United States,37.77045,-111.29244
555608268,North Fork Owyhee,IB,180.67,United States,42.61712,-116.83736
555608439,Ojito,IB,47.96,United States,35.51715,-106.92064
555608488,Olsen Bay Creek,IA,27.62,United States,60.77772,-146.15798
555608567,Owens River Headwaters,IB,59.48,United States,37.72340,-119.07185
555608599,Palisades,IB,544.07,United States,43.35996,-110.91156
555608611,Panoche Hills North,IB,26.92,United States,36.69688,-120.76483
555608612,Panoche Hills South,IB,45.29,United States,36.66152,-120.72513
555608626,Paria-Hackberry,IB,590.50,United States,37.36154,-112.02724
555608694,Hawaiian Islands National Wildlife Refu,IA,383.92,United States,27.85902,-175.85772
555608716,Peloncillo Mountains,IB,79.67,United States,32.37311,-109.10065
555608762,Petticoat Peak,IB,45.73,United States,42.66912,-111.95714
555608783,Phipps - Death Hollow I,IB,183.57,United States,37.82194,-111.51515
555608883,Pit River Canyon,IB,47.51,United States,40.95628,-121.21129
555609038,Charles M. Russell National Wildlife Refuge_,IB,639.22,United States,47.57276,-107.69462
555609039,Crescent Lake National Wildlife Refuge_,IB,96.98,United States,41.70121,-102.26082
555609040,Valentine National Wildlife Refuge_,IB,60.13,United States,42.49026,-100.61884
555609122,Sheldon National Wildlife Refuge,IB,264.66,United States,41.93889,-118.99896
555609162,Rare Lizard & Snake Natural Area,IB,52.42,United States,37.38109,-109.00730
555609173,Raven's Eye,IB,276.44,United States,43.20045,-113.89433
555609215,Red River,IA,32.32,United States,55.10921,-130.52934
555609434,Robinson Lake,IA,26.19,United States,55.91077,-131.02910
555609471,Rocky Creek/Cache Creek,IB,27.58,United States,38.89561,-122.37331
555609477,Rocky Mountain National Park,IB,1008.75,United States,40.36142,-105.70317
555609518,Sheldon National Wildlife Refuge,IB,145.47,United States,41.94695,-119.40032
555609565,Sheldon National Wildlife Refuge,IB,113.89,United States,41.88902,-119.57697
555609591,Sheldon National Wildlife Refu,IB,85.25,United States,41.94873,-119.24316
555609646,San Pasqual,IB,80.53,United States,33.77784,-106.82890
555609657,Sand Butte,IB,86.60,United States,43.09985,-113.89627
555609711,Sapphire,IB,383.41,United States,46.10754,-113.69430
555609776,Scott's Basin,IB,33.74,United States,39.88395,-113.86888
555609850,Shale Butte,IB,62.97,United States,42.93947,-113.84551
555609926,Shoal Creek,IB,131.06,United States,43.29576,-110.31642
555609939,Shoshone,IB,27.45,United States,42.97290,-114.47338
555609942,Shublik Springs Rna,IA,137.72,United States,69.43458,-146.08984
555609975,Simeonof,IB,104.47,United States,54.90670,-159.26369
555610003,Skedaddle,IB,254.21,United States,40.39296,-120.11302
555610069,Snowbird,IB,34.36,United States,35.27449,-83.97710
555610070,Snowhole Rapids,IB,26.20,United States,45.97582,-116.53580
555610076,Soda Mountains,IB,343.94,United States,35.23743,-116.26075
555610483,Symmes Creek,IB,35.40,United States,36.74703,-118.21900
555610590,Ten Lakes,IB,140.21,United States,48.91595,-114.88616
555610595,Sheldon National Wildlife Refu,IB,184.04,United States,41.79287,-119.19348
555610670,Theodore Roosevelt,IV,25.00,United States,33.24837,-90.64406
555610850,Trinity River,IV,117.58,United States,30.15516,-94.82855
555610879,Tule Mountain,IB,72.09,United States,41.13507,-120.44230
555610884,Tunnison Mountain,IB,81.61,United States,40.53357,-120.51145
555611044,Ul Bend,IV,158.31,United States,47.58072,-107.91706
555611836,Volcanic Tablelands,IB,51.53,United States,37.46076,-118.47647
555612038,West Gambier Bay,IA,47.20,United States,57.45699,-134.15240
555612043,West Pioneer,IB,621.96,United States,45.61055,-113.20383
555612050,West,IB,387.03,United States,55.24141,-163.01793
555612167,White Knob Mountains,IB,40.86,United States,43.72822,-113.59830
555612204,Whitmire Canyon,IB,49.22,United States,31.54164,-109.05021
555612231,Charles M. Russell National Wildlife Refuge_Wilderness Study Area,IB,78.69,United States,47.53624,-107.68379
555612359,Wolverine Glacier,IA,27.70,United States,60.39987,-148.90795
555612407,Wovoka,IB,198.91,United States,38.54729,-119.07808
555651852,Honeycombs,IB,140.46,United States,43.41207,-117.27745
555651855,Inyo Mountains,IB,508.25,United States,36.74047,-117.90279
555651856,Ireteba Peaks,IB,41.81,United States,35.61065,-114.81463
555651860,Kanab Creek,IB,28.31,United States,36.51494,-112.61452
555651864,La Madre Mountain,IB,112.93,United States,36.21493,-115.46154
555651878,Mount Moriah,IB,35.57,United States,39.39073,-114.12370
555651879,Muddy Mountains,IB,180.58,United States,36.29742,-114.71035
555651881,Okefenokee National Wildlife Refuge.Wilderness Area,IB,1416.07,United States,30.80682,-82.33966
555651885,Powderhorn,IB,193.69,United States,38.14764,-107.15034
555651887,Rainbow Mountain,IB,81.71,United States,36.07907,-115.50172
555651897,Santa Rosa,IB,384.20,United States,33.52678,-116.28103
555651899,Snow Mountain,IB,244.93,United States,39.42205,-122.77545
555651901,South Fork Owyhee River,IB,31.63,United States,41.97013,-116.68037
555651907,Togiak,IB,9613.70,United States,59.69281,-160.34624
555651917,Wrangell-Saint Elias,IB,39199.06,United States,61.10416,-141.98274
555651928,High Peaks,IB,833.97,United States,44.13690,-74.09118
555651929,Lake George,IB,254.79,United States,43.57389,-73.67794
555651932,Abert Rim,IB,101.39,United States,42.59454,-120.17264
555651933,Sheep Mountain,IB,29.35,United States,44.91326,-116.88608
555651953,Slide Mountain,IB,205.09,United States,42.01902,-74.39311
555651993,Wild Rogue,IB,34.84,United States,42.75710,-123.87442
555651994,Bitter Creek,IB,246.25,United States,48.68300,-106.76293
555651996,Raymond Mountain,IB,137.98,United States,42.26424,-110.98102
555652014,Bighorn Mountain,IB,107.98,United States,34.27599,-116.62345
555652015,Domeland,IB,162.26,United States,35.83178,-118.15485
555652016,Granite Mountain,IB,138.85,United States,37.98792,-118.78661
555652017,Kiavah,IB,172.37,United States,35.62285,-118.10512
555652018,King Range,IB,174.88,United States,40.13485,-124.16918
555652019,White Mountains,IB,94.49,United States,37.56494,-118.01850
555652021,Yolla Bolly-Middle Eel,IB,35.03,United States,40.00152,-123.17598
555652022,Yuki,IB,73.03,United States,39.66624,-123.08281
555652205,Guadalupe Mountains,IB,185.46,United States,31.91761,-104.84726
555652206,Little Jacks Creek,IB,222.32,United States,42.68624,-116.18918
555652207,Red Mountain,IB,75.59,United States,37.23430,-113.70567
555652260,Malheur National Wildlife Refu,IB,126.10,United States,43.23553,-119.13128
555652261,Big Jacks Creek,IB,228.85,United States,42.60046,-116.08957
555652264,Canaan Mountain,IB,179.88,United States,37.07085,-113.00270
555652267,Crater Mountain,IB,31.08,United States,37.10822,-118.30786
555652268,Great Falls Basin,IB,32.28,United States,35.85156,-117.39235
555652272,Owyhee River,IB,1096.88,United States,42.20194,-116.67832
555652275,Adobe Badlands,IB,41.79,United States,38.82079,-108.10999
555652294,Farm Service Agency Interest Of Ms,IV,43.07,United States,32.72562,-89.89906
555652787,Bull Gulch,IB,39.41,United States,39.81416,-106.93296
555652820,Cow Creek,IB,93.80,United States,47.85215,-108.88770
555652912,Independence Creek,IB,26.23,United States,36.67429,-118.18486
555655550,Alger Great Lakes State Bottomland Preserve,IV,342.65,United States,46.56601,-86.46418
555655554,Bayou Savage National Wildlife Refuge,IV,103.35,United States,30.08259,-89.85051
555655556,Big Bend Seagrasses Aquatic Preserve,IV,2754.83,United States,29.62479,-83.50186
555655558,Biscayne Bay-Card Sound Spiny Lobster Sanctuary,IV,507.78,United States,25.47985,-80.27224
555655559,Biscayne Bay Aquatic Preserve,IV,278.66,United States,25.60332,-80.24659
555655561,Boca Ciega Bay Aquatic Preserve,IV,74.27,United States,27.74722,-82.76346
555655573,Cape Falcon Marine Reserve,IA,32.04,United States,45.76667,-123.98558
555655579,Cape Perpetua Marine Reserve,IA,36.47,United States,44.25417,-124.14627
555655580,Cape Perpetua North Marine Protected Area,IV,29.32,United States,44.30833,-124.13783
555655581,Cape Perpetua Seabird Protection Area Marine Protected Area,IV,57.60,United States,44.16042,-124.16350
555655585,Cascade Head Marine Reserve,IA,25.09,United States,45.01042,-124.04183
555655586,Cascade Head North Marine Protected Area,IV,31.55,United States,45.05833,-124.04500
555655599,Detour Passage Great Lakes State Bottomland Preserve,IV,35.40,United States,45.99032,-83.88747
555655607,Footprint (Anacapa Channel) Federal Marine Reserve,IA,55.28,United States,33.94265,-119.47480
555655618,Gull Island (Santa Cruz Island) Federal Marine Reserve,IA,37.55,United States,33.89274,-119.84166
555655622,Harris Point (San Miguel Island) Federal Marine Reserve,IA,61.17,United States,34.15517,-120.34750
555655639,Lewis and Clark National Wildlife Refuge,IV,53.32,United States,46.21851,-123.61051
555655644,Manitou Passage Great Lakes State Bottomland Preserve,IV,729.70,United States,44.95126,-86.02696
555655645,Marquette Great Lakes State Bottomland Preserve,IV,453.18,United States,46.73158,-87.58083
555655648,McFaddin National Wildlife Refuge,IV,238.66,United States,29.66667,-94.21264
555655661,Northeast Canyons and Seamounts Marine National Monument,IV,12706.36,United States,39.73284,-67.10564
555655673,Petit Manan National Wildlife Refuge,IA,26.16,United States,43.79217,-68.98759
555655683,Richardson Rock (San Miguel Island) Federal Marine Reserve,IA,82.79,United States,34.10509,-120.53742
555655689,Sanilac Shores Great Lakes State Underwater Preserve,IV,433.50,United States,43.43720,-82.49867
555655690,Santa Barbara Island Federal Marine Reserve,IA,113.90,United States,33.41910,-118.97275
555655703,Steller Sea Lion Rookery Buffer Areas Buffer,IA,3391.12,United States,55.33046,0.38722
555655707,Thumb Area Great Lakes State Bottomland Preserve,IV,690.80,United States,43.95803,-82.74512
555655714,Whitefish Point Great Lakes State Bottomland Preserve,IV,992.50,United States,46.74228,-85.04283
555655821,Indiana Dunes,II,44.34,United States,41.61233,-87.14072
555655845,Acadia,II,152.93,United States,44.21640,-68.34548
555655847,Biscayne,II,697.81,United States,25.48127,-80.21830
555655848,Channel Islands,II,280.19,United States,33.85625,-119.63911
555655850,Dry Tortugas,II,251.95,United States,24.64571,-82.36170
555655851,Everglades,II,6201.45,United States,25.37457,-80.95466
555655853,Glacier Bay,II,13286.55,United States,58.82108,-136.95152
555655854,Isle Royale,II,2072.23,United States,47.69292,-88.83767
555655855,Olympic,II,3683.76,United States,47.92630,-123.94596
555655856,Redwood,II,315.55,United States,41.44649,-124.00185
555655857,Sequoia,II,1645.70,United States,36.49609,-118.57717
555655904,Alaska Maritime,IV,18432.61,United States,60.63224,0.31253
555655906,Alligator River,IV,617.77,United States,35.77246,-75.91428
555655908,Anahuac,IV,150.85,United States,29.59918,-94.47668
555655910,Aransas,IV,471.62,United States,28.29387,-96.68991
555655913,Arctic,IV,79468.31,United States,68.45641,-145.19389
555655916,Back Bay,IV,35.06,United States,36.68631,-75.95683
555655924,Blackwater,IV,135.37,United States,38.84803,-76.00843
555655928,Bombay Hook,IV,62.19,United States,39.24658,-75.45947
555655929,Bon Secour,IV,29.30,United States,30.25380,-87.93119
555655932,Brazoria,IV,190.32,United States,29.09109,-95.23370
555655933,Breton,IV,48.94,United States,29.75676,-89.02053
555655940,Cape May,IV,51.24,United States,39.10352,-74.80378
555655943,Cape Romain,IV,143.56,United States,32.99308,-79.50213
555655945,Cedar Island,IV,57.98,United States,34.96148,-76.34277
555655949,Chassahowitzka,IV,114.44,United States,28.69081,-82.64265
555655950,Chincoteague,IV,49.50,United States,37.84871,-75.42395
555655954,Crocodile Lake,IV,26.72,United States,25.26294,-80.32816
555655960,Currituck,IV,31.82,United States,36.46404,-75.87505
555655964,Don Edwards San Francisco Bay,IV,101.18,United States,37.53927,-122.09432
555655973,Edwin B. Forsythe,IV,179.22,United States,39.74299,-74.27083
555655979,Ernest F. Hollings Ace Basin,IV,48.83,United States,32.65781,-80.59331
555655985,Grand Bay,IV,42.06,United States,30.41266,-88.42201
555655992,Great White Heron,IV,834.54,United States,24.70033,-81.47666
555656019,Key West,IV,863.66,United States,24.55698,-81.99179
555656022,Laguna Atascosa,IV,385.91,United States,26.29049,-97.30559
555656028,Lewis And Clark,IV,53.30,United States,46.21851,-123.61051
555656029,Loess Bluffs,IV,30.12,United States,40.08762,-95.25094
555656032,Lower Rio Grande Valley,IV,390.64,United States,26.21862,-98.13877
555656035,Lower Suwannee,IV,210.18,United States,29.31553,-83.11928
555656036,Mackay Island,IV,35.29,United States,36.52485,-75.96428
555656048,Midway Atoll,IV,2351.97,United States,28.23564,-177.36903
555656049,Mississippi Sandhill Crane,IV,76.98,United States,30.44651,-88.72291
555656052,Monomoy,IV,32.17,United States,41.60169,-69.99501
555656053,Moosehorn,IV,118.92,United States,44.96319,-67.25551
555656073,Ottawa,IV,28.23,United States,41.57378,-83.08136
555656074,Ouachita,IV,586.07,United States,34.76470,-93.71259
555656092,Prime Hook,IV,37.38,United States,38.85767,-75.25271
555656108,Sabine,IV,518.37,United States,29.91314,-93.50851
555656111,Sacramento River,IV,41.85,United States,39.75787,-122.05402
555656115,San Bernard,IV,256.64,United States,29.09761,-95.57094
555656126,San Pablo Bay,IV,64.29,United States,38.16441,-122.39170
555656142,St. Marks,IV,339.54,United States,30.08549,-84.23843
555656145,St. Vincent,IV,49.30,United States,29.67767,-85.18160
555656167,Swanquarter,IV,67.35,United States,35.38354,-76.30312
555656169,Ten Thousand Islands,IV,137.17,United States,25.89659,-81.57456
555656170,Texas Point,IV,33.74,United States,29.70394,-93.90094
555656177,Upper Mississippi River National,IV,50.47,United States,42.01004,-90.37707
555656185,Wassaw,IV,41.39,United States,31.89356,-80.99491
555656197,Willapa,IV,67.25,United States,46.49660,-123.98720
555656200,Yukon Delta,IV,84643.40,United States,61.56045,-163.49463
555661571,Glacier Proposed or Recom,IB,3768.56,United States,48.61827,-113.85955
555661572,Yellowstone Proposed or Recom,IB,7951.98,United States,44.62077,-110.48941
555661627,National Key Deer,IV,52.83,United States,24.72151,-81.40311
555661636,Upper Mississippi River National Wildlife and Fish,IV,250.16,United States,42.59096,-90.70870
555661638,Upper Mississippi River National Wildlife and Fish Refuge - McGregor District,IV,30.50,United States,43.05789,-90.94022
555661667,Limestone Inlet,IA,36.06,United States,58.04347,-133.91360
555661669,Little Granite,IA,27.25,United States,45.32589,-116.60237
555661676,O'Hara Creek,IA,28.57,United States,45.98675,-115.51797
555661680,Saddle Mountain National Wildlife Refu,IA,298.80,United States,46.47161,-119.60763
555661684,Warm Pass,IA,33.84,United States,59.57461,-135.09030
555662104,Charles E. Baker,IB,32.17,United States,42.75751,-75.39411
555662121,Danby,IB,30.01,United States,42.30095,-76.45543
555662122,Deer River,IB,46.07,United States,44.73178,-74.44345
555662135,Frank E. Jadwin Memorial,IB,36.00,United States,44.06114,-75.36079
555662151,Hemlock Canadice,IB,26.84,United States,42.71695,-77.59377
555662170,Lesser Wilderness,IB,29.77,United States,43.64365,-75.52189
555662211,Pharsalia Woods,IB,25.07,United States,42.58941,-75.71721
555662245,Sugar Hill,IB,36.82,United States,42.36410,-77.01157
555662261,Tug Hill,IB,38.58,United States,43.79088,-75.86550
555662272,Winona,IB,37.41,United States,43.70116,-75.97626
555662692,Essex Chain Lakes Complex,IB,73.31,United States,43.89368,-74.19871
555665340,Cranberry Lake,IB,104.81,United States,44.19531,-74.82427
555665342,Moose River Plains,IB,269.68,United States,43.73188,-74.65815
555665348,Alta Toquima,IB,143.99,United States,38.79591,-116.91400
555665354,Cecil D. Andrus-White Clouds,IB,367.34,United States,44.12397,-114.63078
555665355,Coronation Island,IB,77.37,United States,55.90555,-134.23398
555665356,Cummins Creek,IB,36.53,United States,44.25045,-124.04370
555665359,Dix Mountain,IB,181.29,United States,44.05067,-73.77583
555665360,Eagle Cap,IB,1441.65,United States,45.25550,-117.37678
555665365,Giant Mountain,IB,95.83,United States,44.15737,-73.69886
555665366,Hemingway-Boulders,IB,275.26,United States,43.92173,-114.49962
555665367,Hurricane Creek,IB,62.05,United States,35.73293,-93.18829
555665369,Jim Mcclure-Jerry Peak,IB,383.78,United States,44.02808,-114.25317
555665370,Kuiu,IB,243.61,United States,56.29498,-134.06944
555665371,Little Moose,IB,49.75,United States,43.67432,-74.60372
555665373,Mount Olympus,IB,61.88,United States,40.66186,-111.72243
555665376,Daniel J. Evans,IB,3508.88,United States,47.87340,-123.93337
555665377,Petersburg Creek-Duncan Salt Chuck,IB,189.22,United States,56.84031,-133.17892
555665378,Pharaoh Lake,IB,187.10,United States,43.81029,-73.62964
555665379,Pleasant/Lemusurier/Inian Islands,IB,93.64,United States,58.30714,-135.97107
555665380,Richland Creek,IB,47.24,United States,35.80155,-92.97335
555665381,Round Lake,IB,46.19,United States,44.09040,-74.62580
555665383,Sentinel Range,IB,97.28,United States,44.28633,-73.85476
555665384,Sheep Mountain,IB,175.37,United States,34.30320,-117.71128
555665387,South Baranof,IB,1278.13,United States,56.68457,-134.98053
555665388,South Etolin,IB,337.62,United States,56.00206,-132.30263
555665389,South Prince Of Wales,IB,351.38,United States,54.91175,-132.33553
555665390,Stikine-Leconte,IB,1772.81,United States,56.79999,-132.30391
555665391,Superstition,IB,648.18,United States,33.49199,-111.25651
555665393,Warren Island,IB,46.78,United States,55.89176,-133.89385
555665394,Wenaha-Tucannon,IB,264.32,United States,45.93127,-117.75084
555665395,Wenaha-Tucannon,IB,451.10,United States,46.10119,-117.68207
555665396,West Canada Lake,IB,706.14,United States,43.58477,-74.60947
555665399,White Mountains,IB,933.19,United States,37.67063,-118.17621
555665402,Bruneau-Jarbidge Rivers,IB,384.00,United States,42.39875,-115.60520
555665405,Chuckwalla Mountains,IB,411.16,United States,33.59136,-115.33215
555665410,Jim Mcclure-Jerry Peak,IB,486.03,United States,44.04945,-114.25316
555665418,Red Rock Lakes National Wildlife Refuge_Wilderness Area,IB,133.27,United States,44.62846,-111.77484
555665421,Swanquarter National Wildlife Refuge.Wilderness Area,IB,36.10,United States,35.35348,-76.30312
555665422,Tabeguache,IB,32.64,United States,38.35430,-108.55763
555665461,Cabezon,IB,33.03,United States,35.59052,-107.07829
555665464,Devils Garden Lava Bed,IB,113.16,United States,43.46758,-120.91616
555665468,Guano Creek,IB,42.71,United States,42.26927,-119.57539
555665469,Hakalau Forest National Wildlife Refu,IB,79.82,United States,19.84514,-155.25984
555665473,Inholding,IB,276.90,United States,38.36001,-111.55186
555665481,North Fork,IB,46.10,United States,44.21253,-120.14897
555665482,Oahu Forest National Wildlife Refu,IB,27.34,United States,21.48811,-157.93023
555665487,Pryor Mountain,IB,53.29,United States,45.07339,-108.32780
555665490,San Luis Hills,IB,43.53,United States,37.12694,-105.82858
555665495,Sleeping Giant,IB,26.44,United States,46.93038,-111.97931
555665496,Slinkard,IB,25.50,United States,38.61996,-119.60985
555665497,South Fork,IB,82.27,United States,43.96737,-120.04662
555665500,Turtle Canyon,IB,131.22,United States,39.38823,-110.21575
555665501,Upper Grape Creek,IB,38.37,United States,38.29031,-105.37030
555669974,Northwestern Hawaiian Islands Marine Refuge,IA,2025.33,United States,25.73434,-170.12481
555669978,Round Island No Entry Zone,IA,140.82,United States,58.60537,-159.97526
555669989,Western Sambo Ecological Reserve,IA,30.75,United States,24.51833,-81.70417
555670053,Voyageurs,II,526.68,United States,48.46377,-92.83084
555670057,New River Gorge National Park,II,214.04,United States,37.89988,-80.99695
555670074,Farm Service Agency Interest Of Mn,IV,97.31,United States,46.19892,-94.30074
555670075,Farm Service Agency Interest Of Mo,IV,38.05,United States,38.55596,-92.45240
555670101,Petit Manan,IV,30.75,United States,43.95167,-68.82558
555670105,Rappahannock River Valley,IV,30.83,United States,38.01271,-76.91575
555670118,Togiak,IV,136.31,United States,58.65945,-161.90728
555671411,Hell Canyon,IA,68.05,United States,40.13878,-105.74615
555671415,Kettle Lakes,IA,25.70,United States,40.88097,-106.60139
555671419,Mad Creek,IA,49.16,United States,40.61268,-106.76240
555671425,Pennock Creek,IA,25.82,United States,40.52864,-105.55733
555671426,Raider Basin,IA,25.02,United States,41.34207,-120.16955
555671664,Pinchot,IB,26.61,United States,41.30769,-75.74716
555671918,Devils Staircase,IB,123.51,United States,43.71627,-123.91113
555671920,Upper Bald River,IB,36.57,United States,35.26469,-84.16669
555671921,Aleutian Islands World War Ii National Monument - Kiska Area 4,III,5335.98,United States,53.33737,0.31253
555671922,Big Wild Horse Mesa,IB,81.54,United States,38.54146,-110.69810
555671923,Broad Canyon,IB,64.62,United States,32.50546,-107.10108
555671924,Buzzards Peak,IB,49.90,United States,33.19424,-114.83706
555671925,Cerro Del Yuta,IB,54.36,United States,36.92908,-105.68688
555671926,Cinder Cone,IB,74.17,United States,31.98688,-107.22305
555671927,Cold Wash,IB,50.39,United States,38.92185,-110.84452
555671928,Eagle Canyon,IB,61.06,United States,38.92261,-110.89347
555671929,East Potrillo Mountains,IB,53.96,United States,31.89405,-107.03055
555671930,Horse Valley,IB,58.97,United States,38.63640,-110.87376
555671931,Labyrinth Canyon,IB,243.41,United States,38.62986,-110.09608
555671932,Little Ocean Draw,IB,92.72,United States,38.68997,-110.79669
555671933,Little Wild Horse Canyon,IB,25.25,United States,38.64203,-110.82338
555671934,Lower Last Chance,IB,87.54,United States,38.53686,-111.17889
555671935,Middle Wild Horse Mesa,IB,70.98,United States,38.53530,-110.84073
555671936,Milpitas Wash,IB,71.92,United States,33.28179,-114.86218
555671937,Red's Canyon,IB,78.68,United States,38.71773,-110.90553
555671939,Whitethorn,IB,42.13,United States,32.02884,-107.31312
555672146,Florida Keys Areas to be Avoided Natural Reserve,IV,5345.39,United States,25.06083,-81.52292
555672149,Hawaiian Islands National Wildlife Refuge,IA,1036.51,United States,25.50868,-168.95212
555672153,Savannah National Wildlife Refuge,IV,128.00,United States,32.50143,-81.29031
555672157,Tortugas Ecological Reserve,IA,469.78,United States,24.53336,-82.97500
555672158,Tortugas North Ecological Reserve,IA,282.56,United States,24.70836,-82.95000
555672159,Tortugas South Ecological Reserve,IA,187.22,United States,24.42500,-83.11667
555672180,Northeast Canyons And Seamounts Marine,IV,12701.62,United States,39.73284,-67.10563
555672194,Petrified Forest,II,599.89,United States,34.97482,-109.77264
555672203,Bogue Chitto National Wildlife Refuge.Wilderness Study Area,IB,37.70,United States,30.51195,-89.79307
555672204,Hawaiian Islands,IV,1036.46,United States,25.50860,-168.95171
555672205,Hawaiian Islands National Wildlife Refu,IA,433.14,United States,24.56372,-167.94284
555672207,Lewis And Clark National Wildlife Refu,IB,51.54,United States,46.21851,-123.59455
555672312,Forrester Island,IV,111.70,United States,54.79540,-133.57758
555672314,Tuxedni,IV,62.81,United States,60.14077,-152.60016
555672316,Bowen Gulch,IA,39.11,United States,40.33256,-105.91159
555672318,Silver Creek,IA,49.97,United States,40.20048,-106.67756
555672444,Nelson Mountain,IB,30.11,United States,39.02603,-111.22888
555672445,Sleeping Bear Dunes,IB,128.49,United States,44.92944,-86.00402
555672446,Beaver Dam (North),IB,49.35,United States,36.99652,-113.76554
555672447,Desolation Canyon,IB,648.43,United States,39.26484,-110.16289
555672448,Organ Mountains,IB,80.26,United States,32.31768,-106.56456
555672449,Potrillo Mountains,IB,478.87,United States,31.98850,-107.18029
555672450,Squaw Papoose Canyon,IB,45.47,United States,37.57893,-109.04808
555672667,Dry Tortugas Research Natural Area,IA,119.97,United States,24.66299,-82.90825
555672697,Papahanaumokuakea Marine National Monument Particularly Sensitive Sea Area National Monument,IA,362217.44,United States,25.73978,-170.14582
555678720,Steller Sealion Protection Area - No Transit Area No Access Fishery Management Area,IA,3294.08,United States,55.33046,0.38722
555679194,Denali,II,18942.27,United States,63.23165,-150.60294
555679195,Hawai'i Volcanoes,II,1455.20,United States,19.30291,-155.40734
555747417,Chincoteague Bay Submerged Aquatic Vegetation Sanctuary,IV,43.28,United States,37.96837,-75.34197
555748147,Black Canyon,IB,69.37,United States,35.92113,-114.72588
555795292,Niagara River Corridor,IA,52.46,United States,43.05373,-78.96098
555795306,Lower Wisconsin Riverway,IA,174.69,United States,43.14802,-90.42143
42,Reserva Biológica Do Lago Piratuba,IA,3924.71,Brazil,1.49728,-50.22487
43,Reserva Biológica Do Rio Trombetas,IA,4106.77,Brazil,-1.07208,-56.66742
44,Reserva Biológica Do Jaru,IA,3468.63,Brazil,-9.77117,-61.73525
46,Reserva Biológica Do Atol Das Rocas,IA,351.87,Brazil,-3.85236,-33.78507
47,Reserva Biológica De Sooretama,IA,278.59,Brazil,-18.98840,-40.08383
48,Reserva Biológica De Una,IA,187.25,Brazil,-15.18101,-39.10236
49,Reserva Biológica De Poço Das Antas,IA,50.52,Brazil,-22.54380,-42.27884
53,Parque Nacional Do Jaú,II,23673.41,Brazil,-2.26088,-62.66888
54,Parque Nacional Do Pico Da Neblina,II,22525.46,Brazil,0.31967,-65.96546
55,Parque Nacional Da Amazônia,II,10662.88,Brazil,-4.29954,-56.73405
56,Parque Nacional De Pacaás Novos,II,7061.17,Brazil,-11.10540,-63.28668
57,Parque Nacional Do Cabo Orange,II,6573.33,Brazil,3.66294,-51.21347
58,Parque Nacional Do Araguaia,II,5555.01,Brazil,-10.50478,-50.21104
59,Parque Nacional Da Chapada Dos Veadeiros,II,2405.85,Brazil,-13.91739,-47.44089
60,Parque Nacional Do Iguaçu,II,1698.51,Brazil,-25.37333,-54.05512
61,Parque Nacional Dos Lençóis Maranhenses,II,1571.74,Brazil,-2.53081,-43.12197
62,Parque Nacional Das Emas,II,1327.87,Brazil,-18.10658,-52.92809
64,Parque Nacional Da Serra Da Capivara,II,1007.63,Brazil,-8.66790,-42.54184
65,Parque Nacional Da Serra Da Canastra,II,1979.71,Brazil,-20.37024,-46.60178
66,Parque Nacional De São Joaquim,II,496.72,Brazil,-28.20270,-49.50778
67,Parque Nacional De Brasília,II,423.55,Brazil,-15.63294,-48.01256
68,Parque Nacional E Histórico Do Monte Pascoal,II,222.40,Brazil,-16.86440,-39.27096
69,Parque Nacional De Caparaó,II,317.51,Brazil,-20.45870,-41.78537
70,Parque Nacional De Itatiaia,II,280.86,Brazil,-22.35635,-44.66085
71,Parque Nacional De Aparados Da Serra,II,129.66,Brazil,-29.18007,-50.09479
72,Parque Nacional Da Serra Dos Órgãos,II,198.50,Brazil,-22.48871,-43.08094
73,Parque Nacional De Sete Cidades,II,63.11,Brazil,-4.09859,-41.71288
74,Parque Nacional Da Tijuca,II,39.58,Brazil,-22.95417,-43.26838
75,Parque Nacional De Ubajara,II,63.04,Brazil,-3.76920,-40.91787
1974,Parque Nacional Da Serra Da Bocaina,II,1065.66,Brazil,-23.04357,-44.68816
2186,Reserva Biológica Augusto Ruschi,IA,35.40,Brazil,-19.88724,-40.54576
2215,Parque Nacional De Anavilhanas,II,3502.38,Brazil,-2.51991,-60.77833
2218,Estação Ecológica De Maracá,IA,1542.21,Brazil,3.33310,-61.78010
2219,Estação Ecológica De Maracá Jipioca,IA,587.57,Brazil,2.02098,-50.37795
2220,Estação Ecológica De Taiamã,IA,685.02,Brazil,-16.93839,-57.53273
2221,Estação Ecológica De Uruçuí-Una,IA,1292.97,Brazil,-8.88376,-45.20343
2222,Estação Ecológica Rio Acre,IA,789.16,Brazil,-10.90938,-70.28266
2581,Parque Nacional Do Pantanal Matogrossense,II,1830.95,Brazil,-17.64781,-57.42386
3219,Parque Estadual Do Rio Doce,II,360.30,Brazil,-19.65498,-42.56031
4891,Estação Ecológica Do Jari,IA,2311.11,Brazil,-0.49469,-52.96656
4893,Parque Estadual Turístico Do Alto Do Ribeira,II,359.02,Brazil,-24.46085,-48.59659
4896,Parque Estadual De Campos Do Jordão,II,82.05,Brazil,-22.68383,-45.45634
4897,Parque Estadual Carlos Botelho,II,401.36,Brazil,-24.13090,-47.95530
4900,Parque Estadual De Ilhabela,II,293.23,Brazil,-23.84479,-45.23510
4904,Parque Estadual Da Serra Do Mar,II,3222.93,Brazil,-23.73375,-46.01587
4912,Parque Estadual Da Cantareira,II,76.20,Brazil,-23.40162,-46.59005
5125,Parque Estadual Da Serra Das Araras,II,152.34,Brazil,-15.41150,-45.33929
5126,Reserva Biológica Do Guaporé,IA,6158.11,Brazil,-12.53599,-62.86154
5127,Reserva Biológica Do Abufari,IA,2247.45,Brazil,-5.17361,-63.04466
6074,Reserva Biológica Do Tapirapé,IA,992.72,Brazil,-5.66152,-50.61270
7908,Estação Ecológica Do Taim,IA,328.06,Brazil,-32.72904,-52.87291
10795,Reserva Biológica Do Gurupi,IA,2714.65,Brazil,-3.64607,-46.71092
10821,Área De Relevante Interesse Ecológico Manguezais Da Foz Do Rio Mamanguape,IV,57.69,Brazil,-6.79069,-34.99523
10826,Estação Ecológica Niquiá,IA,3064.03,Brazil,1.25894,-61.46497
10830,Estação Ecológica Juami-Japurá,IA,8312.03,Brazil,-2.24301,-68.34952
10842,Estação Ecológica Raso Da Catarina,IA,1047.24,Brazil,-9.73091,-38.59170
10845,Estação Ecológica De Jutaí-Solimões,IA,2901.20,Brazil,-3.16511,-67.57818
10846,Estação Ecológica De Aiuaba,IA,113.35,Brazil,-6.67263,-40.22509
15961,Parque Estadual Do Itacolomi,II,59.96,Brazil,-20.43950,-43.45792
15981,Reserva Biológica De Araras,IA,38.38,Brazil,-22.45233,-43.26013
15987,Parque Estadual Do Desengano,II,213.26,Brazil,-21.87388,-41.79358
16081,Parque Estadual Da Serra Do Tabuleiro,II,839.08,Brazil,-27.95001,-48.70864
16086,Parque Estadual Do Turvo,II,167.67,Brazil,-27.20335,-53.92628
16091,Reserva Biológica Do Mato Grande,IA,49.59,Brazil,-32.14282,-52.69023
16092,Parque Estadual Do Podocarpus,II,36.55,Brazil,-30.74560,-52.83132
18738,Estação Ecológica De Guaraqueçaba,IA,43.70,Brazil,-25.40695,-48.35291
18744,Reserva Biológica Do Tinguá,IA,248.13,Brazil,-22.56525,-43.40412
18745,Reserva Biológica De Santa Isabel,IA,41.10,Brazil,-10.64034,-36.68808
19272,Parque Nacional Grande Sertão Veredas,II,2308.53,Brazil,-15.08379,-45.84120
19273,Parque Nacional Da Chapada Dos Guimarães,II,326.47,Brazil,-15.34472,-55.88290
19274,Parque Nacional Do Superagui,II,338.60,Brazil,-25.34790,-48.18377
19275,Parque Nacional Da Serra Do Divisor,II,8250.40,Brazil,-8.15596,-73.37316
19421,Reserva Biológica Estadual Do Aguaí,IA,78.41,Brazil,-28.55590,-49.62145
19422,Estação Ecológica De Águas Emendadas,IA,91.81,Brazil,-15.55973,-47.62122
19428,Reserva Biológica Da Serra Geral,IA,48.49,Brazil,-29.59087,-50.18563
19438,Estação Ecológica Jataí,IA,89.57,Brazil,-21.59580,-47.76152
19442,Estação Ecológica De Santa Bárbara,IA,31.72,Brazil,-22.80944,-49.21694
19447,Parque Nacional Da Chapada Diamantina,II,1518.19,Brazil,-12.88699,-41.33932
19448,Parque Nacional Da Lagoa Do Peixe,II,365.20,Brazil,-31.25222,-50.97075
19450,Parque Estadual Do Bacanga,II,31.65,Brazil,-2.59473,-44.27207
19453,Parque Estadual Do Morro Do Chapéu,II,519.17,Brazil,-11.33709,-41.27875
19454,Reserva Biológica De Pedra Talhada,IA,43.82,Brazil,-9.22417,-36.42778
19456,Parque Estadual Da Serra De Caldas Novas,II,121.59,Brazil,-17.79310,-48.70195
19737,Parque Nacional Da Serra Do Cipó,II,316.39,Brazil,-19.38096,-43.54309
19762,Parque Nacional Do Monte Roraima,II,1167.51,Brazil,5.03741,-60.41379
31750,Reserva Biológica Guaribas,IA,42.75,Brazil,-6.73782,-35.14802
31751,Reserva Biológica Marinha Do Arvoredo,IA,171.04,Brazil,-27.22925,-48.36715
31752,Reserva Biológica Do Uatumã,IA,9386.03,Brazil,-1.27607,-59.49435
33041,Reserva Biológica Culuene,IA,36.14,Brazil,-13.82589,-53.29096
33521,Parque Estadual Serra Do Aracá,II,18727.56,Brazil,1.47144,-63.45640
33559,Parque Estadual Serra Do Brigadeiro,II,149.70,Brazil,-20.71331,-42.43269
33608,Estação Ecológica Samuel,IA,689.93,Brazil,-8.94830,-63.06538
33609,Estação Ecológica Serra Dos Três Irmãos,IA,889.60,Brazil,-9.16593,-64.73835
33610,Reserva Biológica Traçadal,IA,241.50,Brazil,-11.39448,-64.84912
33611,Reserva Biológica Rio Ouro Preto,IA,591.37,Brazil,-10.92073,-64.62744
33612,Parque Estadual De Guajará-Mirim,II,2211.72,Brazil,-10.54581,-64.37488
33613,Parque Estadual De Corumbiara,II,3800.77,Brazil,-13.16870,-61.72709
33617,Parque Estadual Serra Dos Reis,II,364.39,Brazil,-12.27212,-63.92265
33620,Parque Estadual Intervales,II,406.97,Brazil,-24.35576,-48.28777
33712,Estação Ecológica Do Rio Roosevelt,IA,979.66,Brazil,-8.97746,-60.86174
33821,Reserva Biológica Morro Dos Seis Lagos,IA,382.88,Brazil,0.32218,-66.69407
33831,Área De Relevante Interesse Ecológico Javari Buriti,IV,131.77,Brazil,-3.12624,-67.83831
39855,Reserva Biológica Estadual De Guaratiba,IA,33.61,Brazil,-23.02428,-43.58378
41078,Estação Ecológica Do Jardim Botânico,IA,45.03,Brazil,-15.90166,-47.85556
41087,Parque Nacional Marinho De Fernando De Noronha,II,109.33,Brazil,-3.85341,-32.41573
67692,Área De Relevante Interesse Ecológico Projeto Dinâmica Biológica De Fragmentos Florestais,IV,33.36,Brazil,-2.39253,-59.93041
67816,Parque Nacional del Pantanal Matogrosense,II,1359.22,Brazil,-17.65536,-57.42779
71009,Parque Estadual Marinho Do Parcel De Manuel Luís,II,451.29,Brazil,-0.86702,-44.25039
81048,Parque Estadual Do Jurupará,II,262.35,Brazil,-23.92506,-47.29391
81051,Parque Estadual Do Morro Do Diabo,II,365.72,Brazil,-22.52111,-52.27701
81055,Estação Ecológica De Xitué,IA,29.37,Brazil,-24.28155,-48.33464
81058,Estação Ecológica Juréia-Itatins,IA,843.80,Brazil,-24.47346,-47.25147
81060,Parque Nacional Marinho Dos Abrolhos,II,879.46,Brazil,-17.78381,-38.82454
115765,Parque Estadual Serra Santa Bárbara,II,1204.32,Brazil,-15.81843,-59.37983
115769,Parque Estadual Serra Ricardo Franco,II,1578.31,Brazil,-14.58236,-60.25377
115772,Estação Ecológica Do Rio Ronuro,IA,1026.72,Brazil,-12.91641,-54.48100
115878,Área De Relevante Interesse Ecológico Serra Da Abelha,IV,50.17,Brazil,-26.78887,-49.89408
116085,Estação Ecológica De Tamoios,IA,86.60,Brazil,-23.09450,-44.49275
168214,Reserva Biológica União,IA,77.57,Brazil,-22.43020,-42.09317
168273,Parque Estadual Marinho Da Laje De Santos,II,50.59,Brazil,-24.30833,-46.17500
198281,Parque Nacional Do Viruá,II,2809.82,Brazil,1.32679,-61.09287
198351,Parque Nacional Serra Da Mocidade,II,3593.71,Brazil,1.17388,-62.07797
198352,Parque Nacional Do Descobrimento,II,226.08,Brazil,-17.09202,-39.30797
198353,Parque Nacional Do Pau Brasil,II,189.34,Brazil,-16.50416,-39.25419
198366,Parque Nacional Da Serra Das Confusões,II,8238.45,Brazil,-9.11617,-43.75368
198369,Parque Nacional Da Restinga De Jurubatiba,II,149.19,Brazil,-22.22007,-41.50250
351711,Estação Ecológica Da Terra Do Meio,IA,33731.53,Brazil,-5.73803,-53.58422
351712,Parque Nacional Da Serra Do Pardo,II,4454.10,Brazil,-5.80919,-53.00726
351718,Parque Nacional De Saint-Hilaire/Lange,II,243.02,Brazil,-25.70181,-48.62631
351728,Estação Ecológica Mico Leão Preto,IA,66.81,Brazil,-22.34561,-52.37122
351730,Parque Nacional Da Serra Da Bodoquena,II,769.73,Brazil,-21.04165,-56.73551
351734,Monumento Natural Dos Pontões Capixabas,III,174.44,Brazil,-19.13160,-40.76591
351736,Parque Nacional Das Sempre-Vivas,II,1266.16,Brazil,-17.78839,-43.79784
351738,Reserva Biológica Da Mata Escura,IA,508.92,Brazil,-16.29679,-41.04095
351741,Parque Nacional Cavernas Do Peruaçu,II,564.49,Brazil,-15.08911,-44.22434
351743,Refugio De Vida Silvestre Das Veredas Do Oeste Baiano,III,1280.50,Brazil,-14.18717,-45.44549
351748,Parque Nacional Serra Da Cutia,II,2835.00,Brazil,-11.65721,-64.43005
351750,Área De Relevante Interesse Ecológico Seringal Nova Esperança,IV,25.74,Brazil,-10.89053,-68.43193
351751,Estação Ecológica Serra Geral Do Tocantins,IA,7070.85,Brazil,-10.88835,-46.53618
351757,Estação Ecológica De Murici,IA,61.32,Brazil,-9.22990,-35.83614
351758,Parque Nacional Das Nascentes Do Rio Parnaiba,II,7497.70,Brazil,-9.91217,-45.94890
351760,Parque Nacional Do Catimbau,II,622.39,Brazil,-8.49890,-37.37072
351762,Estação Ecológica De Cuniã,IA,1826.08,Brazil,-8.28311,-63.39359
351766,Estação Ecológica Do Castanhão,IA,125.74,Brazil,-5.62791,-38.50310
351774,Parque Nacional De Jericoacoara,II,88.55,Brazil,-2.81201,-40.50731
351784,Parque Nacional Montanhas Do Tumucumaque,II,38295.27,Brazil,2.09463,-53.18243
351793,Parque Nacional De Ilha Grande,II,764.60,Brazil,-23.68004,-53.98445
351794,Reserva Biológica Da Contagem,IA,34.12,Brazil,-15.64245,-47.88003
351795,Reserva Biológica Nascentes Da Serra Do Cachimbo,IA,3421.96,Brazil,-9.01408,-54.68070
351803,Estação Ecológica Da Mata Preta,IA,65.73,Brazil,-26.47805,-52.25562
351804,Parque Nacional Das Araucárias,II,128.09,Brazil,-26.76404,-51.90503
351806,Parque Nacional Da Chapada Das Mesas,II,1599.53,Brazil,-7.12837,-47.08364
351818,Parque Nacional Do Jamanxim,II,8628.90,Brazil,-5.60623,-55.84923
351819,Parque Nacional Do Rio Novo,II,5381.14,Brazil,-7.74176,-56.41788
351823,Reserva Biológica Das Perobas,IA,87.16,Brazil,-23.85192,-52.77042
351824,Parque Nacional Dos Campos Gerais,II,212.99,Brazil,-25.08644,-49.97377
351825,Reserva Biológica Das Araucárias,IA,149.30,Brazil,-25.24867,-50.46346
351826,Refúgio De Vida Silvestre Dos Campos De Palmas,III,165.94,Brazil,-26.52576,-51.60022
351827,Parque Nacional Serra De Itabaiana,II,80.25,Brazil,-10.77428,-37.35015
351828,Parque Nacional Da Serra Do Itajaí,II,575.29,Brazil,-27.13666,-49.18950
351833,Parque Nacional Dos Campos Amazônicos,II,9613.14,Brazil,-8.36850,-61.26432
351839,Parque Nacional Do Juruena,II,19570.28,Brazil,-8.04122,-58.51629
351842,Parque Estadual Chandless,II,6934.68,Brazil,-9.93668,-70.19734
351847,Área De Relevante Interesse Ecológico Nascente Do Rio De Contas,IV,47.65,Brazil,-13.24256,-41.81032
351848,Área De Relevante Interesse Ecológico Serra Do Orobó,IV,73.99,Brazil,-12.37275,-40.52263
351849,Parque Estadual Das Sete Passagens,II,28.22,Brazil,-11.38710,-40.52548
351850,Parque Estadual Da Serra Do Conduru,II,91.51,Brazil,-14.44100,-39.10315
351875,Parque Estadual Acarai,II,66.66,Brazil,-26.31371,-48.55853
351928,Reserva Biológica Jaíba,IA,63.51,Brazil,-15.06696,-43.76087
351936,Estação Ecológica De Acauã,IA,48.62,Brazil,-17.13523,-42.76972
351943,Estação Ecológica Estadual Aratinga,IA,60.41,Brazil,-29.34792,-50.23396
351972,Parque Estadual Da Ilha Do Cardoso,II,131.55,Brazil,-25.18251,-47.99415
351991,Parque Estadual Do Aguapeí,II,90.51,Brazil,-21.21436,-51.50163
351992,Parque Estadual Águas Do Cuiabá,II,109.62,Brazil,-14.31100,-55.36202
351994,Parque Estadual Altamiro De Moura Pacheco,II,31.39,Brazil,-16.53514,-49.14426
351996,Parque Estadual Da Campina Do Encantado,II,32.55,Brazil,-24.64154,-47.77591
351997,Parque Estadual Cristalino,II,590.13,Brazil,-9.53777,-55.71607
352002,Parque Estadual Das Nascentes Do Rio Taquari,II,305.97,Brazil,-18.12456,-53.30742
352004,Parque Estadual Serra Azul,II,110.07,Brazil,-15.81886,-52.22209
352006,Parque Estadual Da Serra Dourada,II,286.44,Brazil,-16.04847,-50.27024
352008,Parque Estadual De Paraúna,II,42.09,Brazil,-16.99992,-50.68103
352010,Parque Estadual De Terra Ronca,II,569.83,Brazil,-13.65073,-46.31755
352011,Parque Estadual Do Araguaia,II,46.63,Brazil,-13.07195,-50.56650
352012,Parque Estadual Do Boguaçu,II,66.57,Brazil,-25.91687,-48.65886
352013,Parque Estadual Do Cantão,II,1004.13,Brazil,-9.54927,-50.07519
352016,Parque Estadual Do Guirá,II,1046.63,Brazil,-17.28037,-57.86969
352017,Parque Estadual Das Várzeas Do Rio Ivinhema,II,742.24,Brazil,-22.95395,-53.55230
352018,Parque Estadual Do Jalapão,II,1589.72,Brazil,-10.37851,-46.67089
352020,Parque Estadual Do Lajeado,II,107.50,Brazil,-10.10182,-48.22285
352021,Parque Estadual Do Pantanal Do Rio Negro,II,779.08,Brazil,-19.57790,-56.71239
352025,Parque Estadual Do Rio Peixe,II,77.13,Brazil,-21.62077,-51.70868
352027,Parque Estadual Do Xingu,II,953.29,Brazil,-9.84559,-52.58417
352028,Parque Estadual Dom Osório Stoffel,II,64.21,Brazil,-16.58965,-54.75954
352029,Parque Estadual Dos Pirineus,II,28.37,Brazil,-15.80833,-48.84576
352032,Parque Estadual Grão Mogol,II,283.91,Brazil,-16.41399,-42.87122
352039,Parque Estadual Lagoa Do Cajueiro,II,207.36,Brazil,-14.96607,-43.92813
352042,Parque Estadual Da Mata Seca,II,153.68,Brazil,-14.86932,-44.00917
352045,Parque Estadual Pico Do Itambé,II,65.21,Brazil,-18.43239,-43.34165
352047,Parque Estadual Rio Corrente,II,51.75,Brazil,-18.99582,-42.31230
352049,Parque Estadual Do Rio Preto,II,119.55,Brazil,-18.15354,-43.34753
352051,Parque Estadual Da Serra Do Papagaio,II,258.75,Brazil,-22.16906,-44.75294
352052,Parque Estadual Serra Negra,II,131.06,Brazil,-18.01965,-42.82529
352053,Parque Estadual Serra Do Rola Moça,II,41.02,Brazil,-20.04182,-44.01548
352054,Parque Estadual Sete Salões,II,139.22,Brazil,-19.29988,-41.35643
352057,Parque Estadual Tucumã,II,810.11,Brazil,-8.90548,-61.19430
352058,Parque Estadual Do Verde Grande,II,256.36,Brazil,-14.71443,-43.81918
352060,Parque Estadual Veredas Do Peruaçu,II,312.50,Brazil,-15.02306,-44.61537
352062,Parque Estadual Da Serra Dos Martírios/Andorinhas,II,250.32,Brazil,-6.22869,-48.48724
352082,Refúgio De Vida Silvestre Banhado Dos Pachecos,III,25.52,Brazil,-30.10660,-50.87031
352083,Refúgio De Vida Silvestre Corixão Da Mata Azul,III,357.08,Brazil,-12.78100,-50.75856
352122,Parque Estadual Da Serra Da Concórdia,II,59.53,Brazil,-22.34463,-43.78009
352126,Estação Ecológica Estadual De Guaxindiba,IA,32.59,Brazil,-21.40774,-41.09231
352146,Parque Estadual Rio Negro Setor Sul,II,779.51,Brazil,-2.53808,-60.46082
352149,Parque Estadual Rio Negro Setor Norte,II,1481.17,Brazil,-2.18285,-61.41290
352152,Parque Estadual Guariba,II,711.00,Brazil,-8.68943,-60.68031
352156,Parque Estadual Sucunduri,II,7960.64,Brazil,-8.25216,-58.96461
352185,Parque Estadual Marinho Da Pedra Da Risca Do Meio,II,47.94,Brazil,-3.58729,-38.40085
352197,Parque Estadual Igarapés Do Juruena,II,2238.18,Brazil,-8.90193,-58.95837
352198,Estação Ecológica Do Grão Pará,IA,41808.95,Brazil,0.78858,-56.74839
352202,Reserva Biológica De Maicuru,IA,11731.52,Brazil,0.76335,-54.21618
352219,Parque Estadual De Monte Alegre,II,36.15,Brazil,-2.03723,-54.17638
478415,Refúgio De Vida Silvestre De Una,III,232.62,Brazil,-15.18836,-39.13094
478419,Parque Nacional Nascentes Do Lago Jari,II,8085.99,Brazil,-5.77047,-62.59423
478424,Monumento Natural Do Rio São Francisco,III,267.37,Brazil,-9.48063,-38.00024
478431,Parque Nacional Mapinguari,II,17750.85,Brazil,-8.50477,-64.62435
478494,Arie Parque Jk,IV,29.87,Brazil,-15.85167,-48.10275
478523,Estação Ecológica Do Rio Preto,IA,47.61,Brazil,-10.96749,-44.98869
478551,Monumento Natural Das Árvores Fossilizadas Do Estado Do Tocantins,III,325.49,Brazil,-7.46968,-47.77973
478555,Reserva Biologica Estadual Do Sassafras,IA,50.73,Brazil,-26.78072,-49.58676
478565,Parque Estadual Da Lapa Grande  Paulinho Ribeiro,II,153.73,Brazil,-16.70237,-43.96411
478566,Parque Estadual Serra Da Candonga,II,33.30,Brazil,-18.89530,-42.96158
478567,Parque Estadual Serra Nova E Talhado,II,498.56,Brazil,-15.73547,-42.79529
478568,Parque Estadual Cunhambebe,II,380.77,Brazil,-22.90985,-44.11648
478570,Parque Estadual Serra Do Intendente,II,135.12,Brazil,-19.04085,-43.60032
478571,Parque Estadual Da Serra Do Cabral,II,224.45,Brazil,-17.83718,-44.23661
478576,Parque Estadual Alto Do Cariri,II,59.72,Brazil,-16.33978,-39.99929
478577,Refúgio Estadual De Vida Silvestre Mata Dos Muriquis,III,26.93,Brazil,-16.41704,-40.06545
478580,Parque Estadual Caminho Dos Gerais,II,562.19,Brazil,-15.05707,-42.97133
478586,Parque Estadual Da Ilha Grande,II,120.90,Brazil,-23.15252,-44.23540
900886,Private Reserve of Natural Heritage Sesc Pantanal (Reserva Particular do Patrimonio Natural SESC Pantanal),II,874.59,Brazil,-16.64849,-56.24255
555512220,Estação Ecológica Da Serra Das Araras,IA,271.59,Brazil,-15.65165,-57.18894
555542777,Reserva Particular del Patrimonio Natural (RPPN) “Fazenda Rio Negro,IV,69.98,Brazil,-19.54461,-56.21849
555542778,Rio Doce State Park,II,359.97,Brazil,-19.65328,-42.55917
555576153,Reserva Particular Do Patrimônio Natural Santa Cecília Ii,IV,89.84,Brazil,-20.69229,-54.94538
555576156,Parque Estadual De Itapetinga,II,101.94,Brazil,-23.23955,-46.50487
555576157,Parque Nacional Da Furna Feia,II,85.59,Brazil,-5.06210,-37.51151
555576165,Monumento Natural Estadual Serra Das Torres,III,104.53,Brazil,-21.01653,-41.26578
555576184,Parque Estadual Lagamar De Cananeia,II,407.06,Brazil,-25.07791,-48.10462
555576191,Parque Estadual Encontro Das Águas,II,1081.31,Brazil,-17.08664,-56.64581
555576193,Refúgio Estadual De Vida Silvestre Libélulas Da Serra De São José,III,37.12,Brazil,-21.08074,-44.15948
555576202,Refúgio De Vida Silvestre Metrópole Da Amazônia,III,63.69,Brazil,-1.43598,-48.28087
555576210,Refúgio De Vida Silvestre De Santa Cruz,III,177.50,Brazil,-20.01098,-40.05615
555576225,Parque Estadual Charapucu,II,653.49,Brazil,-0.34142,-50.50035
555576234,Parque Estadual Do Rio Turvo,II,738.21,Brazil,-24.93607,-48.34683
555576243,Monumento Natural Municipal Do Pico Do Itaguaré,III,33.31,Brazil,-22.50350,-45.06255
555576250,Reserva Particular Do Patrimônio Natural Cachoeiras Do São Bento,IV,30.35,Brazil,-18.08448,-54.78308
555576266,Parque Nacional Do Alto Cariri,II,192.60,Brazil,-16.39187,-39.98770
555576296,Monumento Natural Estadual Da Pedra Do Baú,III,31.56,Brazil,-22.67552,-45.65179
555576300,Parque Estadual De Paracatu,II,63.98,Brazil,-17.09828,-47.05833
555576310,Reserva Particular Do Patrimônio Natural Fazenda Santa Sofia,IV,80.57,Brazil,-19.64048,-56.49573
555576316,Estação Ecológica Rio Flor Do Prado,IA,91.84,Brazil,-10.68420,-60.35979
555576319,Parque Estadual Do Itinguçu,II,50.38,Brazil,-24.40401,-47.07797
555576332,Parque Estadual Nascentes Do Paranapanema,II,222.11,Brazil,-24.19442,-48.18190
555576334,Reserva Biológica Bom Jesus,IA,341.79,Brazil,-25.31410,-48.57203
555576336,Monumento Natural Estadual Da Pedra Grande,III,32.98,Brazil,-23.20248,-46.50952
555576338,Parque Estadual De Itaberaba,II,151.18,Brazil,-23.28701,-46.36379
555576340,Parque Estadual Da Serra Dos Montes Altos,II,184.84,Brazil,-14.45139,-42.96707
555576352,Parque Nacional Da Serra Das Lontras,II,113.44,Brazil,-15.15331,-39.34528
555576358,Área De Relevante Interesse Ecológico Japiim Pentecoste,IV,256.54,Brazil,-7.54592,-72.89910
555576365,Parque Natural Municipal Montanhas De Teresópolis,II,53.61,Brazil,-22.31227,-42.97915
555576369,Parque Estadual Restinga De Bertioga,II,97.20,Brazil,-23.76370,-46.01113
555576380,Parque Estadual Das Carnaúbas,II,100.00,Brazil,-3.25305,-41.09899
555576384,Refúgio De Vida Silvestre De Boa Nova,III,148.33,Brazil,-14.39252,-40.17917
555576396,Reserva Particular Do Patrimônio Natural Poleiro Grande,IV,165.40,Brazil,-17.28463,-56.22658
555576402,Parque Estadual Serra Do Ouro Branco,II,75.23,Brazil,-20.48301,-43.67314
555576403,Parque Estadual Caverna Do Diabo,II,401.75,Brazil,-24.68073,-48.43885
555576419,Parque Estadual Do Araguaiaa,II,2299.21,Brazil,-12.20467,-50.80708
555576433,Parque Estadual Do Matupiri,II,5096.01,Brazil,-5.12297,-61.25495
555576442,Refugio De Vida Silvestre Da Serra Dos Montes Altos,III,274.89,Brazil,-14.45496,-42.97224
555576446,Monumento Natural Estadual De Itatiaia,III,32.17,Brazil,-20.47105,-43.58626
555576464,Reserva Particular Do Patrimônio Natural Fazenda São Pedro,IV,36.84,Brazil,-23.89644,-54.17603
555576465,Reserva Particular Do Patrimônio Natural Fazenda Caruara,IV,38.44,Brazil,-21.77485,-41.04790
555576468,Reserva Biológica Do São Donato,IA,42.68,Brazil,-28.98408,-56.18863
555576477,Reserva Particular Do Patrimônio Natural Fazenda Santo Antônio- Lote 1 C,IV,38.73,Brazil,-23.85643,-54.13534
555576484,Parque Estadual Da Costa Do Sol,II,98.29,Brazil,-22.86307,-42.12432
555576486,Parque Estadual Do Mendanha,II,43.99,Brazil,-22.81620,-43.52339
555576488,Parque Estadual Da Lagoa Do Açu,II,82.49,Brazil,-21.97444,-41.03994
555599927,Reserva Biológica Estadual Da Praia Do Sul,IA,32.67,Brazil,-23.18170,-44.29300
555599934,Parque Estadual De Itaúnas,II,35.36,Brazil,-18.45345,-39.72632
555599959,Reserva Particular Do Patrimônio Natural Estância Caiman,IV,55.12,Brazil,-19.91313,-56.35675
555599975,Parque Nacional Guaricana,II,492.87,Brazil,-25.73359,-48.86395
555599981,Reserva Particular Do Patrimônio Natural Fazenda Lageado,IV,125.52,Brazil,-20.26315,-55.40922
555600076,Estação Ecológica Alto Maués,IA,6665.56,Brazil,-5.61644,-58.31057
555600084,Reserva Particular Do Patrimônio Natural Emilio Einsfeld Filho,IV,63.34,Brazil,-28.00271,-50.83508
555600087,Reserva Particular Do Patrimônio Natural Grande Floresta Das Araucárias,IV,40.20,Brazil,-27.91519,-49.40417
555600164,Reserva Particular Do Patrimônio Natural Reserva Natural Engenheiro Eliezer Batista,IV,126.10,Brazil,-18.15153,-57.46809
555600204,Parque Natural Municipal Do Tabuleiro,II,30.90,Brazil,-19.09153,-43.57856
555600224,Reserva Particular Do Patrimônio Natural Do Tombador,IV,87.17,Brazil,-13.65301,-47.80960
555600244,Parque Nacional Da Serra Do Gandarela,II,312.71,Brazil,-20.10863,-43.66837
555600251,Área De Relevante Interesse Ecológico Corredor Ecológico Lagoa Encantada / Serra Do Conduru,IV,105.78,Brazil,-14.54723,-39.10610
555600256,Reserva Particular Do Patrimônio Natural Bico Do Javaés,IV,27.62,Brazil,-10.62403,-49.94580
555600263,Parque Estadual Da Pedra Selada,II,80.42,Brazil,-22.37393,-44.47414
555600307,Parque Nacional Da Serra Geral,II,172.74,Brazil,-29.13417,-50.03992
555600317,Parque Nacional De Boa Nova,II,122.95,Brazil,-14.38375,-40.16213
555624190,Atol das Rocas Biological Reserve,IA,351.87,Brazil,-3.85236,-33.78507
555624843,Viruá National Park,II,2149.53,Brazil,1.32181,-61.15439
555624847,Anavilhanas National Park,II,3502.34,Brazil,-2.51955,-60.77782
555624848,Lund Warming,II,238.65,Brazil,-19.53255,-43.99071
555624849,Guaraqueçaba Ecological Station,IB,43.70,Brazil,-25.40645,-48.35244
555624851,Taim Ecological Station,IA,109.39,Brazil,-32.73966,-52.90097
555625769,Environmental Protection Area of Cananéia-Iguape-Peruíbe,II,2023.08,Brazil,-24.71361,-47.57985
555625775,Ilha Grande National Park,II,761.38,Brazil,-23.67753,-53.97990
555635928,Monumento Natural Do Arquipélago De São Pedro E São Paulo,III,47199.92,Brazil,-0.28363,-29.65833
555635929,Monumento Natural Das Ilhas De Trindade E Martim Vaz E Do Monte Colúmbia,III,67702.77,Brazil,-20.33332,-30.05440
555636486,Refúgio De Vida Silvestre Tatu-Bola,III,1101.47,Brazil,-8.70083,-40.29685
555636537,Estação Ecológica Serra Da Canoa,IA,76.01,Brazil,-8.49007,-38.38681
555636544,Refugio De Vida Silvestre Do Chaua,III,44.33,Brazil,-21.49426,-41.88223
555636555,Estação Ecológica Veredas De Taquarussu,IA,30.37,Brazil,-22.62366,-53.33918
555636558,Refúgio De Vida Silvestre Riacho Pontal,III,48.20,Brazil,-9.01840,-40.59700
555636560,Reserva Biológica Do Manicoré,IA,3591.44,Brazil,-6.93167,-60.92224
555636565,Refúgio De Vida Silvestre Tabuleiro Do Embaubal,III,40.36,Brazil,-2.69511,-52.00868
555636566,Parque Natural Municipal Do Pombo,II,80.33,Brazil,-20.35734,-52.63826
555636587,Parque Estadual Da Serra Da Tiririca,II,34.34,Brazil,-22.93937,-43.01530
555636591,Parque Natural Municipal Ribeirão Da Prata,II,31.43,Brazil,-14.12435,-46.27132
555636592,Parque Nacional Dos Campos Ferruginosos,II,788.84,Brazil,-6.27532,-50.08772
555636601,Refúgio De Vida Silvestre Municipal Das Serras De Maricá,III,89.55,Brazil,-22.90465,-42.82539
555636617,Parque Estadual Serra Da Boa Esperança,II,58.82,Brazil,-20.95400,-45.65864
555636626,Refúgio De Vida Silvestre Do Arquipélago De Alcatrazes,III,674.80,Brazil,-24.13412,-45.65012
555636629,Parque Estadual Da Serra Da Esperança,II,69.44,Brazil,-25.10788,-51.26093
555636636,Parque Nacional Do Acari,II,8964.29,Brazil,-6.20491,-59.34414
555636684,Monumento Natural Municipal Serra Do Bom Jardim,III,60.47,Brazil,-18.14189,-53.69176
555637329,Fernando de Noronha Archipelago,II,109.27,Brazil,-3.85418,-32.41753
555637330,Rio Negro,IB,119481.40,Brazil,-1.72390,-64.10629
555637331,Amazon Estuary and its Mangroves,II,38048.83,Brazil,-0.14366,-46.77655
555682072,Refúgio De Vida Silvestre Estadual Do Médio Paraíba,III,111.37,Brazil,-22.31908,-43.86202
555682081,Parque Estadual Marinho Banco Do Tarol,II,341.88,Brazil,-0.91665,-44.66671
555682093,Reserva Particular Do Patrimônio Natural Estadual Complexo Serra Da Farofa,IV,52.55,Brazil,-27.95484,-49.79471
555682101,Refúgio De Vida Silvestre Matas De Água Azul,III,46.48,Brazil,-7.60571,-35.37360
555682103,Parque Estadual De Botumirim,II,352.88,Brazil,-17.02121,-43.06368
555682109,Reserva Biológica Serra Azul,IA,38.43,Brazil,-15.28692,-43.92730
555682128,Parque Estadual Serra Negra Da Mantiqueira,II,42.06,Brazil,-21.95670,-43.85836
555682151,Parque Natural Municipal De Naviraí,II,162.22,Brazil,-23.09889,-53.73172
555682190,Refúgio De Vida Silvestre Banhado Do Maçarico,III,62.55,Brazil,-32.28685,-52.39861
555682217,Parque Estadual De Itapuã,II,60.22,Brazil,-30.38239,-51.00185
555682226,Parque Estadual Do Delta Do Jacuí,II,141.82,Brazil,-29.97963,-51.34335
555682261,Refúgio De Vida Silvestre Estadual Da Serra Da Estrela,III,48.11,Brazil,-22.57174,-43.22016
555682264,Parque Nacional Do Boqueirão Da Onça,II,3469.03,Brazil,-10.04245,-41.48074
555682270,Refúgio De Vida Silvestre De Itapema,III,26.01,Brazil,-27.09779,-48.64289
555682271,Parque Estadual Do Camaquã,II,107.28,Brazil,-31.25250,-51.74517
555682299,Refúgio De Vida Silvestre Da Ararinha Azul,III,292.34,Brazil,-9.18837,-39.79650
555682306,Monumento Natural Estadual Da Serra Da Beleza,III,54.77,Brazil,-22.30808,-44.05035
555682324,Parque Estadual Marinho Banco Do Álvaro,II,451.33,Brazil,-0.31664,-44.82504
555682346,Parque Estadual Biribiri,II,170.03,Brazil,-18.13562,-43.58142
555682350,Arie Zona De Vida Silvestre Da Apa Da Ilha Comprida,IV,125.87,Brazil,-24.89289,-47.74104
555682453,Parque Estadual Do Tainhas,II,66.59,Brazil,-29.07732,-50.37626
555682487,Reserva Particular Do Patrimônio Natural Caetezal,IV,45.81,Brazil,-26.15931,-49.06554
555682555,Reserva Particular Do Patrimônio Natural Fazenda Acurizal E Fazenda Penha,IV,255.75,Brazil,-17.90493,-57.52936
555682557,Reserva Particular Do Patrimônio Natural Iguaçu I,IV,51.71,Brazil,-25.44561,-52.69407
555682680,Reserva Particular Do Patrimônio Natural Paculândia,IV,91.28,Brazil,-19.44557,-57.26412
555682698,Reserva Particular Do Patrimônio Natural Fazenda Vereda Grande,IV,31.31,Brazil,-18.19576,-46.52658
555682751,Reserva Particular Do Patrimônio Natural Fazenda Almas,IV,34.48,Brazil,-7.48285,-36.90334
555682763,Reserva Particular Do Patrimônio Natural Jubran,IV,362.31,Brazil,-16.78372,-57.51102
555682780,Reserva Particular Do Patrimônio Natural Fazenda Santa Helena,IV,41.83,Brazil,-19.31397,-57.21480
555682818,Reserva Particular Do Patrimônio Natural Fazenda Campo Alegre,IV,74.46,Brazil,-14.24494,-47.81218
555682882,Reserva Biológica De Duas Bocas,IA,30.15,Brazil,-20.27190,-40.50253
555682883,Parque Estadual De Mirador,II,5012.04,Brazil,-6.55959,-45.31829
555682885,Refúgio Estadual De Vida Silvestre Rio Pandeiros,III,61.07,Brazil,-15.60043,-44.66734
555682900,Parque Estadual Das Lauráceas,II,290.69,Brazil,-24.84833,-48.63907
555682912,Parque Estadual Serra Da Baitaca,II,30.08,Brazil,-25.42115,-49.00420
555682914,Parque Estadual Da Pedra Branca,II,123.96,Brazil,-22.97948,-43.47818
555682915,Parque Estadual Dos Três Picos,II,650.80,Brazil,-22.43569,-42.65243
555682955,Área De Relevante Interesse Ecológico Do Morro Ferrabraz,IV,59.30,Brazil,-29.57988,-50.99784
555682967,Reserva Particular Do Patrimônio Natural Santuário Caraça,IV,101.90,Brazil,-20.09138,-43.52885
555682969,Reserva Particular Do Patrimônio Natural Serra Das Almas,IV,58.43,Brazil,-5.13897,-40.89771
555682970,Monumento Natural Municipal Da Lagoa Do Peri,III,42.72,Brazil,-27.76378,-48.53831
555715675,Reserva Particular Do Patrimonio Natural Fazenda Rio Negro,IV,70.01,Brazil,-19.55092,-56.22108
555715680,Refúgio De Vida Silvestre Serras Caatingueiras,III,217.05,Brazil,-8.25492,-39.23065
555715687,Parque Estadual Do João Leite,II,28.38,Brazil,-16.52738,-49.16827
555715692,Estação Ecológica Chapada De Nova Roma,IA,69.30,Brazil,-13.88019,-47.08078
555715718,Refugio De Vida Silvestre Estadual Dos Rios Tijuco E Da Prata,III,97.54,Brazil,-19.03540,-49.63935
555758935,Área De Relevante Interesse Ecológico Beberibe,IV,39.39,Brazil,-7.96447,-34.96660
555758964,Estação Ecológica Soldado Da Borracha,IA,1790.81,Brazil,-8.66668,-62.58589
555758965,Estação Ecológica Umirizal,IA,575.40,Brazil,-9.62856,-65.19279
555758967,Monumento Natural Cavernas De Martins,III,35.40,Brazil,-6.04807,-37.90110
555758971,Monumento Natural Estadual Mantiqueira Paulista,III,103.71,Brazil,-22.51187,-45.03690
555758981,Monumento Natural Municipal Serra Do Bom Sucesso,III,27.26,Brazil,-18.24230,-53.65758
555758987,Parque Estadual Aguas Do Paraiso,II,56.75,Brazil,-14.29023,-47.73005
555758988,Parque Estadual Da Serra De Jaragua,II,28.29,Brazil,-15.79891,-49.33325
555758989,Parque Estadual Das Nascentes,II,2442.21,Brazil,0.57435,-61.16310
555758990,Parque Estadual Do Cânion Cearense Do Rio Poti,II,36.79,Brazil,-5.02519,-41.10736
555758991,Parque Estadual Do Cânion Do Rio Poti,II,247.15,Brazil,-4.97807,-41.33318
555758992,Parque Estadual Ilha Das Flores,II,898.33,Brazil,-12.96790,-62.38710
555758996,Parque Nacional Da Serra Do Teixeira,II,610.95,Brazil,-7.32556,-37.55127
555759032,Refugio Da Vida Silvestre Nascentes Do Sai,III,66.99,Brazil,-26.18751,-48.70821
555759035,Refúgio De Vida Silvestre Cabeceiras Do Capibaribe,III,69.27,Brazil,-8.14736,-36.59712
555759046,Refugio De Vida Silvestre Municipal Meiembipe,III,59.68,Brazil,-27.49064,-48.46836
555759092,Reserva Particular Do Patrimonio Natural Cisalpina,IV,38.60,Brazil,-21.26232,-51.94399
555759115,Reserva Particular Do Patrimônio Natural Fazenda Belém,IV,29.83,Brazil,-4.74592,-37.45833
555783630,Área De Relevante Interesse Ecológico Da Lagoa Do Portinho,IV,37.27,Brazil,-2.96532,-41.68489
555783649,Parque Estadual Da Serra De Santo Antônio,II,36.58,Brazil,-4.94736,-42.18650
555783698,Reserva Particular Do Patrimônio Natural Alessandra Bello Vicintin,IV,117.75,Brazil,-15.35557,-45.11897
555785923,Monumento Natural Cavernas De São Desidério,III,161.94,Brazil,-12.39942,-44.92728
555785924,Refúgio De Vida Silvestre Do Sauim-De-Coleira,III,152.89,Brazil,-2.99674,-59.22381
555795274,Taiamã Ecological Station,IA,115.55,Brazil,-16.86967,-57.51715
555799710,Monumento Natural Estadual Da Serra Da Maria Comprida,III,78.03,Brazil,-22.38079,-43.22176
555799723,Refúgio Da Vida Silvestre Serra Do Rio Bonito,III,25.47,Brazil,-22.33497,-44.07931
555799732,Parque Estadual Das Águas,II,98.37,Brazil,-4.03098,-38.56852
555799761,Estação Ecológica Da Chapada Da Serra Branca,IA,215.77,Brazil,-8.79387,-42.92494
555799780,Parque Municipal Natural Da Lagoa Do Parado,II,35.43,Brazil,-25.74157,-48.69933
555799796,Monumento Natural Municipal Da Serra Do Soarinho,III,35.15,Brazil,-22.59519,-42.67741
555799797,Parque Estadual Do Rangel,II,385.95,Brazil,-9.80437,-44.46482
555799810,Refúgio De Vida Silvestre Vale Dos Puris,III,32.63,Brazil,-22.43544,-44.05205
555799813,Refúgio De Vida Silvestre De Santa Fé,III,31.73,Brazil,-22.49518,-42.60672
555799856,Estação Ecológica Do Rio Da Casca,IA,34.93,Brazil,-15.57793,-55.39601
555799873,Estação Ecológica Mamuru,IA,1263.64,Brazil,-3.44714,-56.53195
555799916,Refúgio De Vida Silvestre Serra De Saudoso - São José,III,60.94,Brazil,-22.61374,-43.77229
555799946,Monumento Natural Do Pico Do Frade,III,28.02,Brazil,-22.21348,-42.06517
555799962,Refúgio De Vida Silvestre Do Soldadinho-Do-Araripe,III,55.41,Brazil,-7.33687,-39.29931
555799969,Monumento Natural Municipal Serra Do Pantanal,III,41.63,Brazil,-17.87783,-54.84992
555886582,Parque Nacional Do Albardão,II,10046.94,Brazil,-33.49706,-52.40766
555887026,Parque Estadual Ambiental Das Árvores Gigantes Da Amazônia,II,5593.86,Brazil,0.62597,-53.44574
555887575,Área De Relevante Interesse Ecológico Pontal Da Serra Da Ibiapaba,IV,61.34,Brazil,-4.08474,-40.72994
555887625,Área De Relevante Interesse Ecológico Vale Dos Buritis,IV,26.54,Brazil,-7.18951,-39.69588
555888025,Arie Paulo Nogueira Neto,IV,431.23,Brazil,-24.25464,-50.49848
67860,Dong dongting hu,IA,1899.83,China,29.31402,112.98237
95418,Wuliangsuhainiaolei,IV,211.06,China,41.06136,109.01770
109011,Guangxi Beilun Estuary National Nature Reserve,IA,29.96,China,21.58936,108.12946
900673,Chongming Dongtan Nature Reserve  Shanghai,IA,326.19,China,31.51290,121.92200
900674,Dafeng National Nature Reserve,IV,780.16,China,33.22955,120.77330
900675,Dalai Lake National Nature Reserve  Inner Mongolia,IA,7334.69,China,48.61205,117.50083
900676,Dalian National Spotted Seal Nature Reserve,IV,1170.19,China,39.06537,121.29546
900682,Shankou Mangrove Nature Reserve,IA,40.20,China,21.54559,109.70407
900684,Xingkai Lake National Nature Reserve,IA,2224.86,China,45.28715,132.55715
902683,Dashanbao,IA,59.59,China,27.42394,103.32002
902684,Eling Lake,IA,659.36,China,34.93218,97.69769
902685,Lashihai Wetland,IA,35.62,China,26.86976,100.13634
902686,Maidika,IA,435.31,China,31.02288,92.81658
902687,Mapangyong Cuo,IA,738.40,China,30.72471,81.36103
902689,Shuangtai Estuary,IA,1280.56,China,40.98065,121.74748
902690,Zhaling Lake,IA,649.32,China,34.89397,97.27367
555558389,Dongfanghong Wetland National Nature Reserve,IB,315.56,China,46.29186,133.73611
555558390,Hubei Chen Lake Wetland Nature Reserve,IB,115.67,China,30.34348,113.83388
555558391,Hubei Dajiu Lake Wetland,IA,93.26,China,31.47792,110.05088
555558392,Shandong Yellow River Delta Wetland,IA,959.46,China,37.88024,118.99062
555624179,Zhangye Heihe Wetland National Nature Reserve,IA,411.92,China,39.38940,99.95129
555624181,Anhui Shengjin Lake National Nature Reserve,IA,333.67,China,30.36312,117.10540
555624182,Guangdong Nanpeng Archipelago Wetlands,IB,357.07,China,23.28229,117.25601
555637433,Gansu Yanchiwan Wetlands,IB,298.36,China,39.08824,95.86584
555637434,Heilongjiang Youhao Wetlands,IB,607.32,China,48.38895,128.36126
555637435,Hubei Wang Lake,IB,204.98,China,29.85207,115.33801
555637437,Inner Mongolia Grand Khingan Hanma Wetlands,IA,1074.32,China,51.58413,122.62991
555637438,Jilin Hani Wetlands,IA,35.71,China,42.21113,126.51997
555637440,Shandong Jining Nansi Lake,IV,508.02,China,34.90759,116.97438
555637441,Sichuan Changshagongma Wetlands,IA,6701.81,China,33.73667,98.01429
555637443,Tibet Selincuo Wetlands,IA,18916.29,China,31.17161,89.76385
555795263,Guangdong Haifeng Wetlands,IA,115.92,China,22.96656,115.39561
555795312,Inner Mongolia Bila River Wetlands,IB,567.00,China,49.47737,123.28652
555795313,Heilongjiang Hadong Yanjiang Wetlands,IB,96.95,China,45.92481,126.81917
555795314,Gansu Yellow River Shouqu Wetlands,IA,1317.83,China,33.59836,102.20866
555795315,Tibet Trari Nam Co Wetlands,IB,1405.97,China,30.91780,85.57772
555795316,Jiangxi Poyang Lake Nanji Wetlands,IB,329.53,China,28.99079,116.28440
555795383,Beijing Yeya Lake Wetlands,IB,40.07,China,40.43822,115.88234
555795384,Qinghai Longbaotan Wetlands,IB,95.29,China,33.19772,96.53158
555795390,Sichuan Seda Nilaba Wetlands,IB,607.54,China,32.78223,99.70254
555795392,Gansu Dunhuang Xihu Wetlands,IB,1922.83,China,40.24208,93.30276
555795393,Heilongjiang Grand Khingan Jiuqushibawan Wetlands,II,49.32,China,52.94962,122.66159
555795394,Heilongjiang Grand Khingan Shuangheyuan Wetlands,II,87.09,China,52.05869,125.56036
555795395,Jiangsu Huai'an Baima Lake Wetlands,II,27.96,China,33.18919,119.10065
555795398,Zhejiang Pingyang Nanji Islands Wetlands,IB,198.88,China,27.45488,121.04285
555795276,Sundarban Wetland,IA,4243.77,India,21.82434,88.61960
555795297,Beas Conservation Reserve,IB,64.29,India,31.63010,75.41838
555795320,Kabartal Wetland,IV,26.22,India,25.62016,86.12965
555795327,Tso Kar Wetland Complex,IB,95.89,India,33.29513,78.01292
555795345,Haiderpur Wetland,IV,69.00,India,29.42099,78.01797
555795347,Bakhira Wildlife Sanctuary,IV,28.94,India,26.90747,83.12929
555795351,Satkosia Gorge,II,981.51,India,20.57840,84.84217
1668,Korgalzhyn State Nature Reserve,IA,5376.06,Kazakhstan,50.40879,68.81782
1669,Almaty State Nature Reserve,IA,722.50,Kazakhstan,43.12131,77.35594
1670,Naurzum State Nature Reserve,IA,1913.12,Kazakhstan,51.54003,64.23595
1671,Aksu-Dzhabagly State Nature Reserve,IA,1213.68,Kazakhstan,42.47997,70.42547
1672,Markakol State Nature Reserve,IA,742.37,Kazakhstan,48.82778,85.76974
1673,Barsakelmes State Nature Reserve,IA,301.38,Kazakhstan,45.64081,59.96492
11827,Ustyurt State Nature Reserve,IA,2277.51,Kazakhstan,42.97992,54.57889
16228,State Nature Sanctuary Karaagash (zoological),IV,85.07,Kazakhstan,48.97153,70.95472
16231,Kyzylaray State Nature Sanctuary (zoological),IV,200.80,Kazakhstan,48.41646,75.55523
16233,Ulytau State Nature Sanctuary (zoological),IV,197.80,Kazakhstan,48.62128,66.89064
16234,Akdala State Nature Sanctuary (botanical),IV,28.45,Kazakhstan,42.44183,68.67562
16241,State Nature Sanctuary Zadarya (botanical),IV,81.01,Kazakhstan,42.35809,68.75283
16242,Timurskiy State Nature Sanctuary (botanical),IV,51.32,Kazakhstan,42.72613,68.90996
16246,State Nature Sanctuary  Berkara Tract  (complex),IV,171.82,Kazakhstan,42.92582,70.61988
16247,State Nature Sanctuary  Karakonuz Tract  (botanical),IV,30.19,Kazakhstan,42.96676,75.49249
16249,Kogashik State Nature Sanctuary (botanical),IV,164.79,Kazakhstan,46.11214,70.36886
16251,Orlinogor State Nature Sanctuary (botanical),IV,34.64,Kazakhstan,53.80805,68.53635
17406,Alakol State Nature Reserve,IA,203.78,Kazakhstan,46.29935,81.38903
17416,Tarbagatay State Nature Sanctuary (zoological),IV,3049.83,Kazakhstan,47.40865,84.25607
62569,West-Altay State Nature Reserve,IA,557.29,Kazakhstan,50.36108,84.10976
62578,Aktay-Buzachi State Nature Sanctuary (zoological),IV,1509.31,Kazakhstan,44.70510,51.35242
62580,Almaty State Nature Sanctuary (complex),IV,3644.34,Kazakhstan,43.26246,77.70810
62582,Andasay State Nature Sanctuary (zoological),IV,8517.84,Kazakhstan,44.79452,72.31618
62583,Atbasar State Nature Sanctuary (zoological),IV,1444.22,Kazakhstan,51.29819,68.39347
62590,Budari State Nature Sanctuary (zoological),IV,654.25,Kazakhstan,50.64686,51.13068
62591,Bulandy State Nature Sanctuary (zoological),IV,515.13,Kazakhstan,52.55642,70.59912
62592,Verkhnekoksu State Nature Sanctuary (zoological),IV,2618.53,Kazakhstan,44.64820,79.59672
62593,East State Nature Sanctuary (zoological),IV,1164.95,Kazakhstan,52.71601,71.08520
62596,State Nature Sanctuary Zhaltyrkul (zoological),IV,231.60,Kazakhstan,49.27940,50.43297
62600,State Nature  Sanctuary Karakiya-Karakol (zoological),IV,1413.35,Kazakhstan,43.40065,51.61915
62602,State Nature Sanctuary Kargaly (zoological),IV,135.20,Kazakhstan,43.95760,66.73766
62603,Karoi State Nature Sanctuary (complex),IV,5116.04,Kazakhstan,45.84422,75.13209
62604,State Nature Sanctuary Kyzyltau (zoological),IV,834.56,Kazakhstan,50.46825,76.20321
62606,Kirsanov State Nature Sanctuary (complex),IV,655.71,Kazakhstan,51.40112,52.30977
62607,Kuvskiy State Nature Sanctuary (zoological),IV,334.59,Kazakhstan,49.65013,76.40528
62608,Kukan State Nature Sanctuary (zoological),IV,501.79,Kazakhstan,46.36097,78.04268
62610,Kuludzhun State Nature Sanctuary (zoological),IV,453.06,Kazakhstan,48.71235,83.32398
62611,Lepsi State Nature Sanctuary (zoological),IV,3154.64,Kazakhstan,45.45931,80.76443
62613,Mamlut State Nature Sanctuary (zoological),IV,527.27,Kazakhstan,55.05250,68.63920
62614,Mikhailov State Nature Sanctuary (zoological),IV,793.63,Kazakhstan,53.48377,61.65605
62615,Novinskiy State Nature Sanctuary (zoological),IV,494.02,Kazakhstan,46.32679,49.67588
62616,Pribalkhash State Nature Sanctuary (complex),IV,3557.39,Kazakhstan,45.23585,74.81059
62619,Smirnov State Nature Sanctuary (zoological),IV,2382.88,Kazakhstan,54.44430,69.13295
62620,Sogrov State Nature Sanctuary (zoological),IV,1357.91,Kazakhstan,55.14205,69.62710
62622,Tokty State Nature Sanctuary (zoological),IV,2213.58,Kazakhstan,45.45654,81.88527
62623,Tounsor State Nature Sanctuary (zoological),IV,350.04,Kazakhstan,51.26389,62.36483
62624,Torangylsay State Nature Sanctuary (zoological),IV,174.97,Kazakhstan,44.71898,65.19884
62625,Turgay State Nature Sanctuary (zoological),IV,2954.53,Kazakhstan,48.71623,62.14714
62634,State Nature Sanctuary Zhambyl (botanical),IV,85.80,Kazakhstan,42.95457,69.21073
62635,Nizhne-Turgusun State Nature Sanctuary (botanical),IV,188.31,Kazakhstan,49.85739,84.19088
62641,Bayanayl State National Nature Park,II,622.15,Kazakhstan,50.57809,75.54820
93971,Boralday State Nature Sanctuary (botanical),IV,108.67,Kazakhstan,42.69485,70.23114
100017,State National Nature Park  Altyn-Yemel,II,3116.68,Kazakhstan,44.11728,78.66705
100018,Ile-Alatau State National Nature Park,II,2015.43,Kazakhstan,43.16568,77.23324
167104,State National Nature Park  Kokshetau,II,7556.16,Kazakhstan,53.17535,68.48212
478036,Naurzum Lake System,IB,1922.87,Kazakhstan,51.54153,64.22976
478037,Zharsor-Urkash Lake System,IV,293.41,Kazakhstan,51.30313,62.73004
555705855,State Nature Sanctuary  Floodplain of the Irtysh River  (complex),IV,3282.62,Kazakhstan,52.44221,76.53321
555705856,State Nature Sanctuary Zharsor-Urkash (zoological),IV,294.76,Kazakhstan,51.30318,62.72971
555705857,State Nature Sanctuary  South Altay,IV,1976.70,Kazakhstan,48.51590,85.85611
555705858,State Nature Sanctuary ' Beldeutas  (zoological),IV,154.44,Kazakhstan,48.97290,76.16027
555705859,Charyn State National Nature Park,II,930.77,Kazakhstan,43.50459,79.17238
555705860,State National Nature Park  Burabay,II,1336.31,Kazakhstan,53.00253,70.43193
555705861,Katon-Karagay State National Nature Park,II,6748.42,Kazakhstan,49.35797,86.11575
555705862,Sayram-Ugam State National Nature Park,II,1285.77,Kazakhstan,42.21718,70.07028
555705863,State National Nature Park  Kolday koldery,II,1612.32,Kazakhstan,42.96204,77.99295
555705864,Zhongar-Alatau State National Nature Park,II,3942.87,Kazakhstan,45.30226,80.64203
555705865,State National Nature Park  Buiratau,II,850.81,Kazakhstan,51.42174,73.08128
555705866,State National Nature Park  Tarbagatay,II,2014.51,Kazakhstan,46.87367,81.93354
555705867,Syrdarya-Turkestan State Regional Nature Park,II,749.55,Kazakhstan,43.46905,68.18440
555705868,Karkaraly State National Nature Park,II,1842.58,Kazakhstan,49.26104,75.84825
555705869,Karatau State Nature Reserve,IA,359.40,Kazakhstan,43.71620,68.67072
3,Laguna de los Pozuelos,III,217.93,Argentina,-22.34238,-65.99790
4,Formosa,IA,90.75,Argentina,-24.27170,-61.78334
6,Los Glaciares,II,5368.38,Argentina,-49.97723,-73.14067
7,Lanín,II,2182.39,Argentina,-39.57289,-71.44984
8,Los Alerces,II,1884.70,Argentina,-42.84234,-71.88706
10,Calilegua,II,775.21,Argentina,-23.69496,-64.79295
11,Baritú,II,682.07,Argentina,-22.58572,-64.62402
12,Río Pilcomayo,II,508.32,Argentina,-25.05255,-58.14401
15,Iguazú,II,512.47,Argentina,-25.64815,-54.31909
16,El Rey,II,401.91,Argentina,-24.67831,-64.63254
17,Lago Puelo,II,190.50,Argentina,-42.17811,-71.69017
18,Chaco,II,149.31,Argentina,-26.82654,-59.65519
19,Laguna Blanca,II,77.44,Argentina,-39.05282,-70.33573
20,Lihué Calel,II,325.55,Argentina,-37.91580,-65.56074
21,El Palmar,II,82.21,Argentina,-31.87725,-58.25869
2224,Perito Moreno,II,953.03,Argentina,-47.92554,-72.29383
2226,Bosques Petrificados,III,149.93,Argentina,-47.69982,-68.05780
2497,Nahuel Huapi,II,4782.85,Argentina,-40.86439,-71.57644
3371,Golfo San José,II,818.77,Argentina,-42.33459,-64.33359
10862,Sierra de las Quijadas,II,737.61,Argentina,-32.56650,-67.12604
10868,Quebrada del Condorito,II,245.79,Argentina,-31.66865,-64.77195
10877,Isla de los Estados y Archipiélago de Año Nuevo,IB,502.06,Argentina,-54.78084,-64.27623
10879,Talampaya,II,2131.10,Argentina,-29.89087,-67.96728
16831,Punta Lara,IA,55.84,Argentina,-34.80226,-58.06382
16845,Laguna Brava,IV,4186.20,Argentina,-28.46028,-69.18703
16846,Copo,II,1180.75,Argentina,-25.81479,-61.89409
16848,Pampa del Indio,II,222.86,Argentina,-26.21402,-60.05082
16861,La Payunia,IA,6828.35,Argentina,-36.59787,-68.94867
16873,Copahue Caviahue,II,287.55,Argentina,-37.83880,-71.04587
16876,El Tromen,II,300.06,Argentina,-37.14997,-70.05107
16884,La Florida,IA,93.37,Argentina,-27.10296,-65.89312
16899,Bahía Laura,IV,51.84,Argentina,-48.38839,-66.41564
16901,Cabo Blanco,IV,36.57,Argentina,-47.19056,-65.76519
19611,Sierra de San Javier,II,121.28,Argentina,-26.71419,-65.38473
19621,Volcán Tupungato,II,1857.34,Argentina,-33.11078,-69.77078
21215,Ernesto Tornquist,II,70.26,Argentina,-38.04287,-61.97154
21216,Cerro Aconcagua,II,657.16,Argentina,-32.67100,-69.92521
21217,Urugua-í,II,851.72,Argentina,-25.94687,-54.02322
21235,Ischigualasto,II,665.40,Argentina,-30.06899,-67.95023
32487,El Bagual,IA,32.25,Argentina,-26.30486,-58.80282
32509,Potrero de Yala,II,45.46,Argentina,-24.11105,-65.44945
61849,El Leoncito,II,901.72,Argentina,-31.90345,-69.25717
97538,Guardaparque Horacio Foerster,II,41.64,Argentina,-25.86138,-53.90703
97545,Mburucuyá,II,177.19,Argentina,-28.01802,-58.07307
97554,Pre-Delta,II,26.73,Argentina,-32.14101,-60.64335
98129,Costa Atlántica Tierra del Fuego,IV,761.64,Argentina,-53.54614,-67.87190
146618,Piñalito,II,37.87,Argentina,-26.44382,-53.79433
166722,Los Cardones,II,646.70,Argentina,-25.29739,-65.93121
166725,Urugua-í,IA,31.49,Argentina,-25.99877,-54.07442
166786,Esmeralda,II,312.75,Argentina,-26.97802,-53.92663
300062,Laguna del Diamante,II,1978.80,Argentina,-34.17114,-69.57649
300069,Los Morrillos,IA,195.53,Argentina,-31.73941,-69.72338
300079,Quebrada del Portugués,IA,76.91,Argentina,-27.01790,-65.81787
300080,Rincón de Santa María,IA,71.38,Argentina,-29.83592,-58.58510
300083,Río Turbio,II,748.86,Argentina,-42.26044,-71.87994
300091,Valle del Arroyo Cuña-Pirú,II,123.72,Argentina,-27.01396,-54.91447
555558349,Barco Hundido,III,111.32,Argentina,-46.74804,-67.13164
555558355,Monte León,II,562.69,Argentina,-50.33722,-68.91734
555558356,Aves Migratorias,IV,58.83,Argentina,-51.64475,-69.05168
555558360,Pehuen Co-Monte Hermoso,IV,572.24,Argentina,-39.02861,-61.38649
555577536,El Impenetrable,II,1278.23,Argentina,-25.00353,-61.09875
555577537,Patagonia,II,536.26,Argentina,-47.16688,-71.32530
555577539,San Guillermo,II,1639.75,Argentina,-29.25763,-69.27332
555577541,Bosques Petrificados de Jaramillo,II,634.93,Argentina,-47.67182,-68.05690
555577542,Islas de Santa Fé,II,35.21,Argentina,-32.27563,-60.71342
555577543,Campos del Tuyú,II,30.48,Argentina,-36.35799,-56.87194
555587070,Puerto Peninsula,II,69.80,Argentina,-25.70476,-54.51275
555587071,Cumbres Calchaquies,II,679.31,Argentina,-26.41134,-65.68726
555587073,Laguna Pintascayo,II,158.11,Argentina,-22.79787,-64.50717
555587076,Angastaco,III,137.42,Argentina,-25.71596,-66.14333
555587111,Azul,II,71.85,Argentina,-41.69778,-71.72878
555587115,Abra del Acay,III,381.81,Argentina,-24.70450,-66.22079
555587122,Chasico,IV,78.13,Argentina,-38.61643,-63.06779
555587129,Fuerte Esperanza,II,104.91,Argentina,-25.14280,-61.68787
555587133,Cueva de las Manos,III,101.67,Argentina,-47.12348,-70.68814
555587139,Bloque Herratico,III,26.28,Argentina,-51.83813,-70.57114
555587147,Cordon del Plata,II,1759.56,Argentina,-33.01501,-69.53789
555587159,Loro Hablador,IV,190.86,Argentina,-25.45063,-61.81747
555587161,Isla Del Cerrito,IV,109.12,Argentina,-27.29140,-58.68429
555587162,San Guillermo,II,9458.62,Argentina,-29.16436,-69.54880
555624152,El Rincón,IB,150.01,Argentina,-47.63595,-72.14576
555635835,Iberá - Núcleo Cambyretá,II,234.82,Argentina,-27.91897,-56.92845
555637344,Traslasierra,II,278.36,Argentina,-30.97629,-65.58687
555637345,Aconquija,II,651.28,Argentina,-27.30991,-65.88096
555643562,Ciervo de los Pantanos,II,55.59,Argentina,-34.23682,-58.85033
555643563,Patagonia,IB,391.41,Argentina,-47.17825,-71.30247
555643564,Namuncurá - Banco Burdwood II,IA,19733.84,Argentina,-55.18598,-59.37500
555643566,Yaganes,II,47173.02,Argentina,-56.94404,-65.63334
555643567,Yaganes,IA,58234.86,Argentina,-56.70220,-65.63334
555703455,Namuncurá - Banco Burdwood I,II,24834.17,Argentina,-54.29203,-58.45241
555703456,La Ascensión,IB,145.76,Argentina,-46.66726,-71.44886
555703458,Piedra del Fraile,IB,48.09,Argentina,-49.21702,-73.02384
555703459,Cambyreta,IB,117.17,Argentina,-28.00167,-57.05350
555745324,Islote Lobos,II,155.81,Argentina,-41.49765,-65.01172
555745325,Parque Federal Campo San Juan,IB,57.23,Argentina,-27.39699,-55.65308
555745326,Ansenuza,II,1859.09,Argentina,-30.69929,-62.63071
4118,Djurdjura,II,202.17,Algeria,36.46493,4.15575
9739,Théniet El Had,II,40.47,Algeria,35.85368,1.96808
9740,Chréa,II,276.86,Algeria,36.40579,2.82720
9741,El Kala,II,776.95,Algeria,36.76953,8.43966
9742,Belezma,II,272.12,Algeria,35.60715,6.11002
9743,Taza,II,41.15,Algeria,36.69411,5.58849
101170,Tlemcen,II,82.01,Algeria,34.82908,-1.33309
555698157,Reserve Naturelle de Cap Lindles,IA,59.00,Algeria,35.73560,-0.93660
555698159,Babor-Tababort,II,234.72,Algeria,36.53201,5.45534
1079,Upemba,II,12457.58,Democratic Republic of the Congo,-9.07211,26.61969
1080,Maiko,II,10967.73,Democratic Republic of the Congo,-0.42269,27.69851
1082,Kahuzi-Biega,II,6730.81,Democratic Republic of the Congo,-2.14019,28.16289
1083,Garamba,II,5107.06,Democratic Republic of the Congo,4.17599,29.45910
1084,Kundelungu,II,8165.09,Democratic Republic of the Congo,-10.17794,27.49703
37043,Okapis,II,13939.55,Democratic Republic of the Congo,1.72164,28.53437
166889,Virunga,II,7826.53,Democratic Republic of the Congo,-0.35745,29.51520
555512064,Bomu,II,4124.64,Democratic Republic of the Congo,5.03634,25.80715
555512067,Lubudi Sampwe,IV,7324.94,Democratic Republic of the Congo,-9.77389,26.73408
555512072,Yangambi,IA,2393.14,Democratic Republic of the Congo,0.93410,24.70977
555512073,Bomu,IB,6546.40,Democratic Republic of the Congo,4.75592,24.05616
555625801,Bassin de la Lufira,II,43407.72,Democratic Republic of the Congo,-9.42698,26.85100
555697863,Salonga,II,33368.15,Democratic Republic of the Congo,-2.16803,21.38547
555781115,Bena Mulumbu,IV,3710.06,Democratic Republic of the Congo,-9.59095,25.88384
555781116,Mufufya,IV,1320.91,Democratic Republic of the Congo,-10.62540,26.66798
650,Nationalparken i Nord- og Østg,II,966788.20,Greenland,77.36500,-37.04869
4768,Melville Bay,IB,8007.04,Greenland,75.97178,-61.00326
67901,Aqajarua  Qaamassoq and Sullorsuaq,IV,271.08,Greenland,69.66163,-52.20278
67902,Qinnquata Marraa and Kuussuaq,IV,70.76,Greenland,69.93916,-54.23831
67903,Kuannersuit Kuussuat,IV,38.21,Greenland,69.64230,-53.29493
67904,Kitsissunnguit,IB,69.63,Greenland,68.84174,-51.91784
67905,Naternaq,IV,1909.58,Greenland,68.39311,-51.76639
67906,Eqalummiut Nunaat and Nassuttuup Nunaa,IV,5819.95,Greenland,67.47447,-50.81689
67907,Ikkattoq and adjacent archipelago,IV,447.72,Greenland,62.68404,-50.14275
67908,Kitsissut Avalliit,IV,44.94,Greenland,60.75505,-48.42214
67909,Heden,IV,2618.53,Greenland,70.98049,-24.07402
67910,Hochstetter Forland,IB,2075.84,Greenland,75.46129,-19.78412
67911,Kilen,IB,492.16,Greenland,81.17965,-13.39897
349716,Ilulissat Isfjord,IB,4026.46,Greenland,69.16332,-49.85697
349717,Kitsissunnguit/Grønne Ejland,IV,69.63,Greenland,68.84174,-51.91782
349718,Arnangarnup Qoorua/Paradisdale,IB,90.87,Greenland,66.49167,-51.36666
349719,Austmannadalen,IB,590.37,Greenland,64.19700,-49.87426
349721,Ivittuut and Kangilinnguit,III,576.62,Greenland,61.19764,-47.94063
349723,Quinnguadalen  Qinngeq Kujalle,IB,29.81,Greenland,60.28163,-44.58178
555543069,Ørsted Dal  Pingel Dal and Enhjørningen Dal,IV,1964.07,Greenland,71.62829,-23.32893
11947,Jabal Aja,II,2230.18,Saudi Arabia,27.36592,41.27234
11956,King Abdulaziz Royal Reserve,II,28013.27,Saudi Arabia,26.49088,46.13884
11957,Rawdat Khuraym,III,171.51,Saudi Arabia,25.36363,47.32153
11970,Wadi ‘Ilyab,IV,32.55,Saudi Arabia,20.07954,40.86497
11973,Jabal Shada al-A‘la,II,77.69,Saudi Arabia,19.83958,41.31903
11974,Jabal Batharah / Wadi Turabah,II,323.46,Saudi Arabia,20.46440,41.20863
11979,Harrat Khaybar / Wadi Hadiyah,IB,4902.57,Saudi Arabia,25.53703,39.45207
11981,Jibal Qaraqir,IA,1681.15,Saudi Arabia,27.59424,36.46496
11984,Duhul Ma‘qala’,III,315.57,Saudi Arabia,26.48858,47.21270
11993,Khalij Tarut,IV,344.88,Saudi Arabia,26.58426,50.08877
12008,Al-Wajh Bank,II,3854.74,Saudi Arabia,25.05975,37.08857
12027,Ra’s Kishran / Jazirat Sharifah,IV,586.36,Saudi Arabia,20.18844,40.04788
12034,Makhshush,IV,274.24,Saudi Arabia,18.54901,41.33305
17331,Jabal ad-Dubbagh,IA,630.63,Saudi Arabia,27.80497,35.71997
19556,Imam Saud bin Abdulaziz Royal Reserve,IA,2240.21,Saudi Arabia,22.25259,41.83958
101909,Gulf Islands Wildlife Sanctuary,IA,51.24,Saudi Arabia,27.64874,49.80157
101910,Ibex,II,1840.77,Saudi Arabia,23.40990,46.49216
555624824,Sharaan National Park,II,1525.93,Saudi Arabia,26.87455,38.11927
555624826,Jabal Tukhfah,IV,147.96,Saudi Arabia,24.86022,43.16902
555624829,Jabal Radwa,IB,1693.12,Saudi Arabia,24.67668,38.20731
555624830,Maqla‘ Timiyah / Harrat Kishb,IA,602.88,Saudi Arabia,22.87496,41.27254
555624831,Jazirat al-Huwaysat / Dawhat Duwayhin,IA,1202.60,Saudi Arabia,24.40143,51.36050
555624833,Wadi Tarj / Jabal Jandaf,IA,1103.56,Saudi Arabia,19.46752,42.43097
555624834,Wadi Lajb / Jabal al-Qahar,II,707.24,Saudi Arabia,17.64062,42.84268
555624836,Extension to Majami‘ al-Hadb,IA,2731.65,Saudi Arabia,21.47342,43.83865
555756386,King Khalid Royal Reserve,II,1158.49,Saudi Arabia,25.34845,46.69704
555785928,Gharameel Nature Reserve,IB,2116.72,Saudi Arabia,27.23847,38.03966
555785929,Harrat AlZabin Nature Reserve,IB,1677.83,Saudi Arabia,26.02873,37.94155
555785930,Wadi Nakhlah Nature Reserve,II,2428.31,Saudi Arabia,26.41667,38.49530
555882074,Al Afra National Park Range,II,666.65,Saudi Arabia,24.61305,39.06427
555882075,Sahwa National Park,II,459.04,Saudi Arabia,24.90581,39.83750
555882076,Al-Dhamiriya National Park,II,568.39,Saudi Arabia,24.26561,40.22560
555882077,Jabal Al Najj National Park,II,142.62,Saudi Arabia,24.96015,42.33173
555882078,Ramat National Park,II,49.98,Saudi Arabia,25.77976,43.68053
555882079,Salasal National Park,II,55.59,Saudi Arabia,26.68709,43.43098
555882080,Al Asyah National Park & Nafud Al-Asyah Wilderness Park,II,288.84,Saudi Arabia,26.84019,44.25113
555882081,Areeq Al Baladan National Park,II,62.17,Saudi Arabia,25.72351,44.94366
555882082,Wuthaylan National Park,II,581.95,Saudi Arabia,23.77675,46.70325
555882083,Al Jazm National Park,II,37.22,Saudi Arabia,17.93092,44.02795
555882084,Sharar Plateau National Park,II,92.69,Saudi Arabia,23.75571,40.95687
555882085,Jabal Sawaj National Park,II,58.74,Saudi Arabia,25.18843,43.25600
555882086,Jabal Amrah National Park,II,33.16,Saudi Arabia,25.39277,43.34728
555882087,Jabla National Park,II,98.04,Saudi Arabia,24.81367,43.90267
555882089,Al Ghalghal and Al Dureei Park,II,686.55,Saudi Arabia,22.86926,46.43087
555882090,Thunayyah National Park,II,273.75,Saudi Arabia,20.12087,42.33071
555882091,Warat National Park,II,136.26,Saudi Arabia,25.47199,45.47903
555882092,Sudair National Park,II,32.62,Saudi Arabia,25.54160,45.78500
555882093,Yalla National Park (Eastern Part),II,131.41,Saudi Arabia,20.04942,42.76117
555882094,Bisha National Park,II,76.46,Saudi Arabia,19.71774,42.60974
555882095,Khyber Al Janoub National Park,II,139.84,Saudi Arabia,18.86462,42.80509
555882096,Al Ghoul National Park,II,69.21,Saudi Arabia,18.62838,43.01506
555882097,Eastern Ghadah National Park,II,90.97,Saudi Arabia,18.70717,43.24397
555882098,Nakhlan Al Sharqi National Park,II,59.94,Saudi Arabia,17.24781,42.67682
555882100,Blue Holes,III,16427.66,Saudi Arabia,18.77314,40.78704
212,La Montaña Malinche o Matlalcuéyatl,II,461.38,Mexico,19.22427,-98.04583
213,Iztaccíhuatl-Popocatépetl,II,398.50,Mexico,19.22637,-98.68011
214,Pico de Orizaba,II,197.50,Mexico,19.05665,-97.28548
216,Bosencheve,II,146.05,Mexico,19.43200,-100.15660
217,Cofre de Perote o Nauhcampatépetl,II,115.29,Mexico,19.49753,-97.15783
219,Lagunas de Chacahua,II,149.01,Mexico,16.00185,-97.65986
220,Lagunas de Montebello,II,64.13,Mexico,16.11861,-91.71645
221,Constitución de 1857,II,50.11,Mexico,32.07663,-115.90354
222,Lagunas de Zempoala,II,45.59,Mexico,19.06338,-99.30987
223,El Chico,II,27.42,Mexico,20.19685,-98.72776
225,Insurgente José María Morelos,II,71.89,Mexico,19.62534,-100.99757
1850,Sian Ka'an,IA,5282.50,Mexico,19.60728,-87.70855
2584,Cañón del Sumidero,II,233.16,Mexico,16.82796,-93.09502
3070,Cascada de Bassaseachic,II,58.01,Mexico,28.14488,-108.22289
3072,Volcán Nevado de Colima,II,65.27,Mexico,19.53798,-103.61444
5376,Gogorrón,II,364.94,Mexico,21.78997,-100.90987
5379,El Tepozteco,II,232.77,Mexico,18.99256,-99.11414
5382,Benito Juárez,II,25.90,Mexico,17.13430,-96.67231
5385,Cañón del Río Blanco,II,487.96,Mexico,18.80434,-97.16589
5392,Cumbres de Majalca,II,47.03,Mexico,28.80616,-106.47233
5394,Cumbres de Monterrey,II,1774.59,Mexico,25.35603,-100.34078
5399,Sierra de San Pedro Mártir,II,729.29,Mexico,30.93404,-115.44131
5404,El Veladero,II,36.19,Mexico,16.87135,-99.88573
12884,Isla Contoy,II,51.29,Mexico,21.48705,-86.79339
18062,El Triunfo,IA,1192.69,Mexico,15.67908,-92.89302
20063,Corredor Biológico Chichinautzin,IA,373.32,Mexico,19.01209,-99.09936
20064,La Encrucijada,IA,1449.96,Mexico,15.19632,-92.92711
20134,Pantanos de Centla,IA,3035.82,Mexico,18.30986,-92.45519
34872,Cerro de la Silla,III,60.42,Mexico,25.60179,-100.21657
67671,Bonampak,III,43.56,Mexico,16.70320,-91.08815
67672,Yaxchilán,III,26.32,Mexico,16.87247,-90.97832
71022,Ría Lagartos,IA,603.90,Mexico,21.50489,-87.87831
101409,Alto Golfo de California y Delta del Río Colorado,IA,9342.31,Mexico,31.59488,-114.41407
101411,Sierra La Laguna,IA,1125.08,Mexico,23.51996,-109.97961
101414,Chamela-Cuixmala,IA,131.53,Mexico,19.47814,-104.99752
101571,Los Mármoles,II,235.00,Mexico,20.87793,-99.23012
103157,Huatulco,II,118.58,Mexico,15.72084,-96.17943
103166,Sierra Gorda,IA,3840.55,Mexico,21.32620,-99.53721
107537,Zona marina Bahía de los Ángeles  canales de Ballenas y de Salsipuedes,IA,3895.95,Mexico,29.05129,-113.31015
107840,Ventilas Hidrotermales de la Cuenca de Guaymas y de la Dorsal del Pacífico Oriental,II,1455.80,Mexico,23.92500,-110.20833
108064,Sierra Gorda de Guanajuato,IA,2362.88,Mexico,21.43288,-100.07409
108125,Zona marina del Archipiélago de Espíritu Santo,IA,489.09,Mexico,24.54778,-110.34889
166965,Arrecifes de Cozumel,IV,138.53,Mexico,20.36306,-86.97275
166966,Arrecife de Puerto Morelos,IV,91.33,Mexico,20.90530,-86.83246
166969,La Sepultura,IA,1674.21,Mexico,16.24530,-93.76464
168243,Costa Occ. de I. Mujeres  Pta. Cancún y Pta. Nizuc,IV,87.68,Mexico,21.12788,-86.76515
301929,Sierra de Manantlán,IA,1396.53,Mexico,19.53262,-104.14157
301948,Barranca de Metztitlán,IA,961.17,Mexico,20.48574,-98.66963
306775,Arrecife Alacranes,IA,3336.63,Mexico,22.47458,-89.70444
306776,Arrecifes de Xcalak,IV,179.63,Mexico,18.33584,-87.79174
306777,Bahía de Loreto,IV,2073.61,Mexico,25.85975,-111.05458
306779,Cabo Pulmo,IV,72.02,Mexico,23.43796,-109.42651
306780,Calakmul,IA,7224.07,Mexico,18.50329,-89.64020
306790,El Pinacate y Gran Desierto de Altar,IA,7135.32,Mexico,31.91686,-113.69966
306793,El Vizcaíno,IA,25430.43,Mexico,27.19193,-113.74927
306808,Isla San Pedro Mártir,IA,301.77,Mexico,28.38357,-112.30904
306809,Islas Marías,IA,6415.01,Mexico,21.51699,-106.47542
306816,Los Petenes,IA,2826.18,Mexico,20.19857,-90.57836
306818,Mapimí,IA,3425.22,Mexico,26.60130,-103.73438
306819,Mariposa Monarca,IA,562.78,Mexico,19.65285,-100.24306
306844,Selva El Ocote,IA,1013.60,Mexico,16.95498,-93.63454
306850,Sistema Arrecifal Veracruzano,IA,654.15,Mexico,19.15333,-95.98611
342344,Zona marina del Archipiélago de San Lorenzo,IA,584.28,Mexico,28.74189,-112.85072
555587171,Balandra,IA,25.14,Mexico,24.28846,-110.31504
555587175,La porción norte y la franja costera oriental  terrestres y marinas de la Isla de Cozumel,IA,378.69,Mexico,20.54424,-86.79502
555587200,Pico de Tancítaro,IA,233.76,Mexico,19.43062,-102.31136
555624304,Islas del Pacífico de la Península de Baja California,IA,12264.58,Mexico,28.39209,-114.38662
555624306,Caribe Mexicano,IA,57587.89,Mexico,19.86129,-86.60565
555629385,Revillagigedo,IA,148810.23,Mexico,18.83193,-112.77475
555783752,Bajos del Norte,II,13038.17,Mexico,22.98286,-89.03545
555783753,Balam Kin,IA,864.74,Mexico,18.99458,-89.87551
555783754,Balam Ku,IA,1845.53,Mexico,18.36897,-89.98529
555783756,Canoas,IA,25.94,Mexico,19.21232,-104.04539
555783767,Loreto II,II,62.22,Mexico,25.77994,-111.32182
555783781,Ríos y Montañas de la Comarca Lagunera,IA,139.96,Mexico,25.53612,-103.74409
555783785,Sierra de Vallejo-Río Ameca,IA,248.36,Mexico,20.95732,-104.97584
555783791,Zona Marina de la Isla Isabel,II,317.15,Mexico,21.85000,-105.88333
555885674,Arrecifes del Golfo de México-Sur,IA,1170.00,Mexico,21.26705,-91.84248
555885677,Arrecifes del Golfo de México-Sur,II,39924.45,Mexico,21.52192,-90.98802
2336,Dinder,II,8399.73,Sudan,12.35805,35.51977
703,Kavir,II,4430.11,Iran,34.59885,52.50104
710,Tandoureh,II,340.67,Iran,37.43074,58.73588
712,Bamou,II,499.30,Iran,29.74307,52.68963
1278,Bakhtegan,IV,3602.84,Iran,29.51102,53.70460
1280,Khoshyeylagh,IV,1549.87,Iran,36.84139,55.55687
1281,Kolahghazi,IV,539.69,Iran,32.37310,51.92838
1284,Dez,IV,68.18,Iran,32.05264,48.52453
1285,Karkheh,IV,52.67,Iran,32.02562,48.24315
1286,Mehroyeh,IV,88.59,Iran,28.11713,57.45746
17095,Khogir,II,100.24,Iran,35.67340,51.73198
17096,Sorkheh Hesar,II,101.43,Iran,35.65638,51.57275
17126,Miandasht,IV,801.57,Iran,36.90673,56.69310
17127,Gamishloo,IV,869.41,Iran,32.88760,51.23328
17128,Shadegan,IV,3335.46,Iran,30.36882,48.68462
17129,Touran,IV,2764.45,Iran,35.42118,56.57887
17130,Bisotun (Varmangeh),IV,383.48,Iran,34.58602,47.05659
17132,Kiamaky,IV,942.80,Iran,38.81736,45.94540
17133,Angoran,IV,305.03,Iran,36.59911,47.71632
17152,Miankaleh Peninsula  Gorgan Bay and Lapoo-Zaghmarz Ab-bandan,IV,959.09,Iran,36.84769,53.65448
17156,Anzali Wetland,IV,194.91,Iran,37.45465,49.42262
17162,Bujagh National Park,II,34.34,Iran,37.44814,49.93132
313228,Boroueeyeh,IV,500.99,Iran,30.02244,54.16050
313230,Dareh Anjir and Neibaz,IV,2205.07,Iran,32.32965,55.15646
313238,Heidary,IV,446.31,Iran,36.67441,58.64143
313239,Mooteh,IV,2078.14,Iran,33.65905,50.80255
313240,Naybandan,IV,15381.68,Iran,32.56429,56.58793
313241,Rochon,IV,1776.48,Iran,28.69978,56.34498
313243,Shirahmad,IV,259.12,Iran,36.08865,57.89067
313246,Jasb,IV,179.89,Iran,34.08199,50.86458
313247,Rasband,IV,105.42,Iran,33.85459,49.44681
313250,Bakhtegan,II,1159.39,Iran,29.42137,53.80571
313252,Lar,II,312.37,Iran,35.98528,51.77755
313253,Khabr,II,1442.39,Iran,28.71536,56.34498
313254,Kolahghazi,II,490.40,Iran,32.36339,51.92838
313256,Salook,II,98.14,Iran,37.17765,57.22744
313257,Sarigol,II,80.51,Iran,36.97777,57.73612
313259,Tang-e-sayad,II,42.85,Iran,32.14566,51.05181
313260,Touran,II,1083.14,Iran,35.72056,56.10219
313261,Urumieh lake,II,4415.87,Iran,37.66984,45.47953
798,Gobiin ikh /A/,IB,45927.90,Mongolia,43.62309,97.47677
1306,Lkhachinvandad uul,IV,576.78,Mongolia,45.60517,115.86911
1307,Bogd Khan Uul,IB,422.83,Mongolia,47.80400,106.98147
11728,Batkhaan uul,IV,202.43,Mongolia,47.17382,104.21164
11743,Urantogoo - Tulga uul,III,54.16,Mongolia,48.96821,102.73699
11745,Khasagt Khairkhan uul,IB,264.67,Mongolia,46.75531,95.85629
11746,Khorgo-Terkhiin tsagaan nuur,II,848.88,Mongolia,48.19485,99.71729
93500,Dornod Mongol,IB,5030.91,Mongolia,46.48788,117.27839
93518,Numrug,IB,5714.51,Mongolia,46.97027,119.25393
93531,Eej khairkhan uul,III,228.43,Mongolia,44.93475,96.21033
93533,Khan Khentii,IB,17468.50,Mongolia,48.98838,108.31892
93536,Khukh Serkhiin nuruu,IB,738.25,Mongolia,47.83278,91.06083
93538,Mongol daguur /A/,IB,918.14,Mongolia,50.03695,115.10041
93541,Otgontenger,IB,1914.96,Mongolia,47.71426,97.73873
93566,Altan els,IB,1484.82,Mongolia,49.91233,95.03389
93579,Khuvsgul nuur,II,11740.53,Mongolia,51.03456,101.04646
93580,Gobi gurvan saikhan,II,26935.59,Mongolia,43.79582,101.92516
93582,Gorkhi-Terelj,II,2919.95,Mongolia,48.10928,107.59594
93637,Khustain nuruu,II,576.87,Mongolia,47.68574,105.92956
93646,Ugtam uul,IV,456.02,Mongolia,49.32819,113.76806
93647,Sharga  Mankhan,IV,3088.32,Mongolia,46.08249,94.73759
98095,Khuisiin Naiman nuur,III,111.41,Mongolia,46.56439,101.79484
99842,Suikhent,III,48.24,Mongolia,43.60007,108.07194
99843,Khangain nuruu,II,9053.22,Mongolia,46.94788,101.36885
99844,Altai tavan bogd,II,6335.07,Mongolia,48.61803,88.64282
99845,Alag Khairkhan,IV,361.13,Mongolia,45.54519,94.14728
99846,Burkhan Buudai uul,IV,516.89,Mongolia,45.64215,96.74469
99847,Ergeliin zoo,IV,597.38,Mongolia,43.29903,108.93324
99848,Ikh nart,IV,665.12,Mongolia,45.60293,108.70800
99849,Zagiin us,IV,2735.65,Mongolia,44.58231,107.25067
124309,Gobiin baga /A/,IB,11485.96,Mongolia,42.16520,105.59822
145566,Khan khukhii - Khyargas nuur,II,2188.11,Mongolia,49.43022,94.63000
166790,Khoridol-Saridag,IB,2260.91,Mongolia,50.75045,99.70635
166791,Khar us nuur,II,8606.34,Mongolia,47.90751,92.76663
166792,Noyon khangai,II,564.64,Mongolia,47.71185,99.45670
166794,Toson-Khulslai,IV,4548.70,Mongolia,48.09230,113.07663
166795,Khar yamaat,IV,509.74,Mongolia,47.64936,112.03890
166796,Yakhi nuur,IV,2484.88,Mongolia,48.82590,114.38428
313184,Develiin aral,IV,103.47,Mongolia,49.32684,90.58883
313186,Onon-Balj /A/,II,2911.30,Mongolia,49.06653,111.24013
313187,Siilkhemiin nuruu /A/,II,677.47,Mongolia,49.52424,88.82364
313188,Tarvagatain nuruu,II,5445.90,Mongolia,48.11324,98.16910
313189,Tsambagarav uul,II,1109.16,Mongolia,48.66959,90.99143
555576523,Khugnu-Tarna,II,841.93,Mongolia,47.37683,103.73339
555576527,Khanjargalant,IV,629.46,Mongolia,49.17148,103.28285
555576528,Ikh Bogd uul,II,2622.44,Mongolia,44.91847,100.37722
555576529,Tujiin nars,II,708.44,Mongolia,50.09036,106.48153
555576530,Orkhonii khundii,II,927.29,Mongolia,47.39658,102.74031
555576531,Namnan uul,IV,296.71,Mongolia,49.43523,102.32534
555576533,Dayandeerkhiin agui,III,312.66,Mongolia,50.57656,102.07185
555576534,Altan Khukhii uul,IV,886.90,Mongolia,48.82236,91.60542
555576535,Ulaagchinii khar nuur,II,2567.59,Mongolia,48.39194,95.63028
555576536,Khuren Belchir,III,117.97,Mongolia,46.84056,99.28236
555576537,Mongol els,II,2678.23,Mongolia,47.51062,95.08139
555576538,Choiriin Bogd uul,IV,52.58,Mongolia,46.25675,108.78276
555576539,Ongon Tavan bulag,IV,98.57,Mongolia,45.69667,112.78708
555576540,Arvannaimiin Bogd uul,IV,256.46,Mongolia,44.27721,108.31367
555576541,Delgerkhangai uul,IV,583.66,Mongolia,45.20880,104.65577
555576542,Zed-Khantai-Buteeliin nuruu,IB,6045.99,Mongolia,49.93290,103.74384
555576543,Tengis-Shishged goliin ai sav,II,8723.71,Mongolia,51.50557,98.84591
555576544,Myangan-Ugalzat,II,2977.90,Mongolia,46.25138,93.00480
555576545,Bulgan gol-Ikh Ongog,II,2396.72,Mongolia,46.39630,91.31134
555576546,Munkhkhairkhan-Uenchiin khavtsal,II,4937.81,Mongolia,46.73249,91.64829
555576547,Burdene bulag,IV,359.94,Mongolia,44.19251,110.86293
555576548,Baga gazriin chuluu,III,27.20,Mongolia,46.25141,105.98089
555576549,Chigertein golin ai sav,II,1624.92,Mongolia,47.68145,90.36772
555576551,Bulgan khangai uul,IV,112.43,Mongolia,49.55572,94.10410
555576552,Khureemandal uul,IV,190.25,Mongolia,46.53403,98.40972
555576553,Darkhan uul,IV,48.45,Mongolia,46.61680,109.25216
555576554,Kherlen Toono uul,IV,44.53,Mongolia,47.03492,109.27816
555576555,Bayantsagaani tal,IV,3291.55,Mongolia,47.36856,113.32163
555576557,Undurkhaan uul,II,87.91,Mongolia,47.50707,110.45451
555576558,Khangal nuur,III,39.06,Mongolia,48.13207,109.39711
555576559,Binderiya khan uul,III,57.20,Mongolia,48.39450,110.24575
555576560,Khar Azargin nuruu,IV,1903.10,Mongolia,45.88825,95.83012
555576561,Zag Baidragiin goliin ekhen sav,II,1158.95,Mongolia,47.46068,99.34610
555576562,Tesiin gol orchmin gazar nutag,IV,1021.71,Mongolia,50.52434,93.72325
555576563,Chingeltei khairkhan uul-1,IV,25.72,Mongolia,48.13960,106.80668
555587036,Ulaan Taiga,IB,4297.68,Mongolia,50.55576,98.47452
555587037,Dariganga,II,3628.33,Mongolia,45.43592,114.07903
555697977,Tost  Toson bumbiin nuruu,IV,8944.17,Mongolia,43.17242,100.28472
555697978,Noyon uul,IV,111.94,Mongolia,48.68673,106.54639
555697979,Tesiin gol Bulnain nuruu,II,3678.24,Mongolia,49.12597,98.32431
555697980,Ikh gazriin chuluu,II,1759.06,Mongolia,45.56064,107.24435
255,de Huayllay,III,68.17,Peru,-10.95083,-76.33337
256,de Calipuy,III,44.94,Peru,-8.34439,-78.29983
257,del Manu,II,16987.30,Peru,-12.26087,-71.63468
258,Huascarán,II,3396.81,Peru,-9.41794,-77.45030
259,Cerros de Amotape,II,1521.53,Peru,-4.01254,-80.47408
260,Tingo María,II,47.79,Peru,-9.37288,-76.00497
261,de Cutervo,II,82.09,Peru,-6.22099,-78.78860
262,de Machupicchu,III,372.64,Peru,-13.23421,-72.47755
264,Chacamarca,III,25.01,Peru,-11.21705,-75.97088
7461,del Río Abiseo,II,2743.27,Peru,-7.73243,-77.22467
12213,Yanachaga-Chemillén,II,1138.17,Peru,-10.38616,-75.40085
12215,los Manglares de Tumbes,III,29.74,Peru,-3.42522,-80.27198
14171,de Ampay,III,38.51,Peru,-13.58388,-72.89338
20178,Tabaconas - Namballe,III,321.21,Peru,-5.17228,-79.24903
20179,Cordillera de Colán,III,391.50,Peru,-5.52196,-78.16079
20186,Megantoni,III,2155.91,Peru,-12.27628,-72.44916
20187,Laquipampa,IV,83.30,Peru,-6.33685,-79.50061
30034,Pampa Hermosa,III,115.52,Peru,-11.04353,-75.49821
127825,Bahuaja - Sonene,II,10929.36,Peru,-13.30275,-69.52596
303316,Alto Purus,II,25077.51,Peru,-10.83658,-71.54836
303319,Bosque de Pómac,III,58.89,Peru,-6.48993,-79.77875
303320,Cordillera Azul,II,13538.84,Peru,-7.69456,-75.99076
303323,Otishi,II,3060.46,Peru,-11.84509,-73.69743
555544087,Ichigkat Muja - Cordillera del Cóndor,II,883.26,Peru,-3.32461,-78.11201
555544103,Bosques Nublados de Udima,IV,121.79,Peru,-6.75608,-79.08846
555555616,Güeppi-Sekime,II,2037.87,Peru,-0.40462,-75.24947
555623628,Sierra del Divisor,II,13551.10,Peru,-7.14520,-73.94871
555629239,Yaguas,II,8682.70,Peru,-2.91574,-71.29510
641,Zakouma,II,3042.70,Chad,10.82292,19.67564
642,Manda,II,951.02,Chad,9.42447,18.03483
1250,Ouadi Rimé-Ouadi Achim,IV,83032.38,Chad,15.77346,18.99920
5164,Bahr Salamat,IV,21028.44,Chad,10.53164,19.40920
5166,Mandelia,IV,1316.10,Chad,11.55979,15.22284
5168,Binder-Léré,IV,1397.70,Chad,9.67109,14.36710
9033,Fada Archei,IV,1739.72,Chad,16.95608,21.40160
9034,Abou Telfane,IV,1082.69,Chad,12.09774,18.88424
555558302,Sena Oura,II,745.99,Chad,8.95096,14.74125
555781119,Siniaka-Minia,IV,4149.56,Chad,10.45499,18.23579
818,Parc National du W du W du Niger,II,2193.96,Niger,12.24480,2.45189
2331,Tamou,IV,752.38,Niger,12.61721,2.31757
3230,Gadabédji,IV,678.75,Niger,15.16866,7.16471
9024,Aïr and Ténéré Nature Reserves,IV,54742.79,Niger,19.04487,9.46886
11652,Dosso,IV,5423.09,Niger,12.40943,2.99532
17367,Termit et Tin-Toumma,IV,125092.23,Niger,16.69714,10.47158
17727,Parc national du W,IA,3850.66,Niger,12.36508,2.43395
72350,Addax Sanctuary,IA,12643.72,Niger,19.31346,9.37248
900597,Complexe Kokorou-Namga,IB,668.40,Niger,14.19484,0.93174
900598,Zone humide du moyen Niger,IB,522.76,Niger,12.16690,3.15369
900599,Lac Tchad,IV,3386.29,Niger,14.07346,13.31922
902369,Dallol Bosso,IV,8921.40,Niger,13.21560,2.95421
902370,Dallol Maouri,IV,3177.41,Niger,12.31606,3.59293
902737,Gueltas et Oasis de l'Aïr,IB,49245.76,Niger,18.95947,8.92859
902738,La Mare de Dan Doutchi,IB,383.66,Niger,14.36714,4.70240
902739,La Mare de Lassouri,IB,344.54,Niger,14.08488,9.58497
902740,La Mare de Tabalak,IB,1073.21,Niger,15.08669,5.85651
902741,Oasis du Kawar,IV,3393.85,Niger,19.45020,12.84590
555703185,Kandadji,IV,12010.77,Niger,14.49681,0.93745
555703186,Hippopotamus Sanctuary,IB,98.55,Niger,14.75264,0.83639
555795258,Zone Humide du Moyen Niger II,IV,385.65,Niger,11.85042,3.45502
347,Iona National Park,II,15174.44,Angola,-16.50257,12.45689
348,Quiçãma National Park,II,9229.35,Angola,-9.77481,13.64054
349,Cameia National Park,II,14510.12,Angola,-11.89718,21.67355
350,Bicuar National Park,II,6751.99,Angola,-15.31561,14.80576
351,Cangandala National Park,II,637.92,Angola,-9.82399,16.69855
2249,Mupa National Park,II,6043.45,Angola,-15.91689,15.59555
2251,Namibe Partial Reserve,IV,4594.04,Angola,-15.72265,12.39467
3066,Luando Integral Nature Reserve,IV,9949.09,Angola,-11.10263,17.30756
4493,Luengue-Luiana National Park,II,22442.63,Angola,-17.15135,21.91042
4494,Buffalo partial reserve,IV,434.62,Angola,-12.80080,13.78383
5081,Mavinga National Park,II,42257.68,Angola,-15.69754,20.44650
555756392,Maiombe National Park,II,2065.06,Angola,-4.63658,12.73626
2325,Kéniébaoulé,IV,676.79,Mali,12.60768,-8.60960
2327,Ansongo Giraffe Reserve,IV,15551.14,Mali,15.43907,1.76386
3213,Sounsan,IV,392.51,Mali,12.45633,-7.20820
317193,Wongo,II,579.20,Mali,12.89410,-10.74320
317194,Bafing,IV,652.49,Mali,12.88250,-10.52480
317195,Kouroufing,II,577.75,Mali,12.85508,-10.39509
555556059,Niénendougou,IV,410.30,Mali,10.69131,-7.69586
555556060,Talikourou,IV,150.92,Mali,12.74165,-8.72318
555556061,Banifin Baoulé,IV,147.68,Mali,12.37352,-7.20039
555556062,Siankadougou,IV,133.43,Mali,11.70754,-7.19610
555556063,Nama Woula,II,389.70,Mali,12.25516,-9.76115
555556064,Mande Woula,II,365.53,Mali,12.32668,-9.42556
555556065,Djangoumerila,IV,580.10,Mali,10.38017,-7.85529
555556066,Dialakoro,IV,383.51,Mali,10.99335,-7.59712
555556067,Djinetoumana,IV,152.00,Mali,10.92120,-7.71357
555703764,Mio,IV,55.68,Mali,13.76314,-5.77133
555703765,Nema Woula North Buffer Zone,II,78.20,Mali,12.39093,-9.53574
555703766,Nema Woula South Buffer Zone,II,51.79,Mali,12.18603,-9.60939
555703767,Nafadji,IV,430.32,Mali,12.93407,-8.68186
555703768,Kassaro,IV,62.31,Mali,12.99730,-8.85021
555703769,Sébékoro,IV,77.83,Mali,12.95568,-9.04630
555703770,Bangassi,IV,250.80,Mali,13.04360,-9.17208
555703771,Gangaran,IV,233.61,Mali,13.34170,-9.85522
555703772,Siguifiri,IV,48.23,Mali,13.27144,-9.71864
555703773,Tinienko,IV,139.42,Mali,13.16976,-9.60442
555703775,Kobri,IV,52.33,Mali,13.06231,-9.88563
555703776,Gallé,IV,193.59,Mali,12.68028,-9.40910
555703777,Fangala,IV,328.97,Mali,13.50173,-10.01455
555703778,Dioubéba,IV,163.03,Mali,13.62432,-10.59199
555703779,Bagouko,IV,169.57,Mali,13.98483,-11.16266
555703780,West Dinguira,IV,51.64,Mali,14.22471,-11.32282
555703781,East Dinguira,IV,29.24,Mali,14.21304,-11.28826
555703783,Falémé,IV,72.65,Mali,14.48499,-12.09483
555703784,Lorack Bane,IV,62.35,Mali,15.39006,-9.71661
555703786,Djinina,IV,60.84,Mali,12.82310,-8.39204
555703787,Néguèla,IV,71.77,Mali,12.84111,-8.51430
555703788,Bossofala,IV,139.08,Mali,12.95760,-8.51840
555703789,Baoulé,IV,176.09,Mali,12.88323,-8.58952
555703790,Faya,IV,796.23,Mali,12.65338,-7.54724
555703791,Monts Mandingues,IV,150.96,Mali,12.48009,-8.18916
555703792,Dag Dag,IV,81.96,Mali,14.72473,-11.41249
555703793,Tienfala,IV,31.19,Mali,12.69846,-7.77765
555703794,Kangaba,IV,42.17,Mali,11.91366,-8.48858
555703795,Niamina,IV,52.86,Mali,13.34445,-7.05663
555703796,Kéninkou,IV,57.79,Mali,13.08888,-7.21274
555703797,Djidiéni,IV,25.91,Mali,13.92380,-8.10649
555703798,Kekoro,IV,544.57,Mali,11.78861,-7.14805
555703799,Sorodian,IV,176.45,Mali,11.57620,-8.44925
555703800,Sokourani,IV,149.41,Mali,10.42884,-6.86019
555703801,Saman,IV,168.62,Mali,10.44648,-6.68207
555703803,Lougouani,IV,76.37,Mali,10.28095,-6.19080
555703804,Kamberké,IV,180.68,Mali,10.66673,-6.05826
555703805,Mahou,IV,76.40,Mali,12.19477,-4.65238
555703806,Zangasso,IV,60.95,Mali,12.08884,-5.66506
555703807,Koba,IV,52.07,Mali,12.30111,-5.54923
555703809,Boukarila,IV,150.78,Mali,11.96480,-6.29850
555703810,Kobani,IV,33.28,Mali,11.01562,-6.82336
555703814,Farako,IV,147.79,Mali,11.25305,-5.44746
555703815,Kalana,IV,34.45,Mali,10.74134,-8.12183
555703816,Bagoé,IV,495.07,Mali,11.09942,-6.37143
555703817,Tiemedougoulou,IV,297.81,Mali,12.21192,-7.30589
555703818,Koulala,IV,80.80,Mali,13.06629,-6.92324
555703820,Dioforongo,IV,92.99,Mali,13.10659,-6.56963
555703821,Faïra,IV,34.16,Mali,13.34759,-6.08524
555703822,Fanzana,IV,56.44,Mali,13.34735,-6.16131
555703823,Fabougou,IV,30.15,Mali,13.29377,-6.05919
555703824,Dougoukoloma,IV,100.03,Mali,13.21449,-5.78209
555703828,Sayes,IV,40.30,Mali,13.85253,-4.93318
555703829,Fi,IV,60.02,Mali,14.04041,-5.43480
555703831,Ouani,IV,73.26,Mali,13.84667,-5.13687
555703832,Gara,IV,34.27,Mali,13.34705,-6.50060
555703857,Tagadrine,IV,299.79,Mali,16.55016,-3.62381
555703862,Fati Somidara,IV,88.40,Mali,16.35105,-3.74943
68164,Barberspan,IV,30.25,South Africa,-26.58197,25.57677
68168,St. Lucia System,II,1392.84,South Africa,-27.99276,32.48153
68169,Langebaan,II,55.88,South Africa,-33.12704,18.02841
68173,Kosi Bay,IV,173.35,South Africa,-27.01164,32.82096
145552,Natal Drakensberg Park,II,2248.84,South Africa,-29.41330,29.40670
145553,Ndumo Game Reserve,IV,118.71,South Africa,-26.88419,32.25369
145554,Seekoeivlei Nature Reserve,IV,43.03,South Africa,-27.60638,29.59376
903060,Makuleke Wetlands,II,107.99,South Africa,-22.39248,31.18444
555542732,Ntsikeni Nature Reserve,IV,92.69,South Africa,-30.14213,29.44592
555570445,Kgaswane Mountain Reserve,IV,49.56,South Africa,-25.72352,27.21180
