country;place;kind;lat;lon;score;on printed map;printed rank;archetypes;whs;sources
Afghanistan;Bāzār-e Yakāwlang;settlement;347.353;669.738;100;yes;1;A9;1;cuisine. ghsl-ucdb. unesco-whs. wdpa. wikidata
Afghanistan;Shahrak;settlement;341.074;643.052;88;yes;4;;1;cuisine. ghsl-ucdb. unesco-whs. wikidata
Afghanistan;Mazār-e Sharīf;settlement;36.709;671.109;72;yes;2;A10;0;ghsl-ucdb. wikidata
Afghanistan;Qarāwul;settlement;372.196;687.802;72;yes;5;A9;0;ghsl-ucdb. wdpa. wikidata
Afghanistan;Bāmyān;settlement;348.216;678.273;67;no;;A12;0;cuisine. ghsl-ucdb. wikidata
Afghanistan;Ghazni;settlement;335.539;68.421;64;yes;8;;0;cuisine. ghsl-ucdb. wdpa
Afghanistan;Kabul;settlement;345.281;691.723;60;yes;3;A12;0;cuisine. ghsl-ucdb. wikidata
Afghanistan;Herāt;settlement;343.482;621.997;60;yes;6;A12;0;cuisine. ghsl-ucdb. wikidata
Afghanistan;Kandahār;settlement;316.133;657.101;59;yes;7;A12;0;cuisine. ghsl-ucdb
Afghanistan;Gardez;settlement;335.974;692.259;59;no;;A12;0;cuisine. ghsl-ucdb
Afghanistan;Khōst;settlement;333.395;699.204;59;yes;9;A12;0;cuisine. ghsl-ucdb
Afghanistan;Maymana;settlement;359.214;647.836;59;yes;10;A12;0;cuisine. ghsl-ucdb
Afghanistan;Bāzārak;settlement;353.129;695.152;59;no;;A12;0;cuisine. ghsl-ucdb
Afghanistan;Pul-e Khumrī;settlement;359.446;687.151;59;yes;11;A12;0;cuisine. ghsl-ucdb
Afghanistan;Shibirghān;settlement;366.676;657.529;59;no;;A12;0;cuisine. ghsl-ucdb
Afghanistan;Charikar;settlement;350.136;691.714;59;no;;A12;0;cuisine. ghsl-ucdb
Afghanistan;Sar-e Pul;settlement;362.154;659.325;59;no;;A12;0;cuisine. ghsl-ucdb
Afghanistan;Paghmān;settlement;345.879;689.509;59;no;;A12;0;cuisine. ghsl-ucdb
Afghanistan;Aībak;settlement;362.647;680.155;59;no;;A12;0;cuisine. ghsl-ucdb
Afghanistan;Fayzabad;settlement;371.166;70.58;59;yes;12;A12;0;cuisine. ghsl-ucdb
Afghanistan;Lashkar Gāh;settlement;315.938;643.716;59;yes;17;A12;0;cuisine. ghsl-ucdb
Afghanistan;Gereshk;settlement;318.209;64.57;59;no;;A12;0;cuisine. ghsl-ucdb
Afghanistan;Farah;settlement;323.745;621.164;59;yes;13;A12;0;cuisine. ghsl-ucdb
Afghanistan;Istālif;settlement;348.327;690.776;59;no;;A12;0;cuisine. ghsl-ucdb
Afghanistan;Bahārak;settlement;370.025;709.066;59;no;;A12;0;cuisine. ghsl-ucdb
Afghanistan;Nīlī;settlement;337.218;661.302;59;yes;14;A12;0;cuisine. ghsl-ucdb
Afghanistan;Ghormach;settlement;357.306;637.826;59;no;;A12;0;cuisine. ghsl-ucdb
Afghanistan;Shīnḏanḏ;settlement;333.029;621.474;59;no;;A12;0;cuisine. ghsl-ucdb
Afghanistan;Rustāq;settlement;37.126;698.304;59;no;;A12;0;cuisine. ghsl-ucdb
Afghanistan;Khān Neshīn;settlement;305.488;637.888;59;yes;15;A12;0;cuisine. ghsl-ucdb
Afghanistan;Jurm;settlement;368.648;708.342;59;no;;A12;0;cuisine. ghsl-ucdb
Afghanistan;Baraki Barak;settlement;339.674;689.492;59;no;;A12;0;cuisine. ghsl-ucdb
Afghanistan;Karukh;settlement;344.811;625.863;59;no;;A12;0;cuisine. ghsl-ucdb
Afghanistan;Kushk;settlement;332.957;619.522;59;no;;A12;0;cuisine. ghsl-ucdb
Afghanistan;Sang-e Chārak;settlement;358.497;664.369;59;no;;A12;0;cuisine. ghsl-ucdb
Afghanistan;Khāsh;settlement;315.292;627.906;59;no;;A12;0;cuisine. ghsl-ucdb
Afghanistan;Jabal os Saraj;settlement;351.183;692.378;59;no;;A12;0;cuisine. ghsl-ucdb
Afghanistan;Nuristan;site;355.426;708.934;47;yes;16;A9;0;wdpa
Afghanistan;Wakhan National Park;site;36.937;732.631;47;no;;A9;0;wdpa
Afghanistan;Zaranj;settlement;309.596;618.604;32;no;;;0;ghsl-ucdb. wdpa. wikidata
Afghanistan;Qarqīn;settlement;374.185;660.436;24;no;;;0;ghsl-ucdb. wdpa
Afghanistan;Balkh;settlement;367.563;668.972;11;no;;A12;0;ghsl-ucdb. wikidata
Aland Islands;Mariehamn;settlement;600.973;199.348;100;yes;1;A11;0;ghsl-ucdb. osm. wikidata
Albania;Tirana;settlement;413.274;198.187;100;yes;1;A9. A11;0;cuisine. ghsl-ucdb. osm. wdpa. wikidata
Albania;Korçë;settlement;406.186;207.808;96;yes;2;A9. A11;0;cuisine. ghsl-ucdb. osm. wdpa. wikidata
Albania;Gjirokastër;settlement;400.758;201.389;81;no;;A11. A9;1;ghsl-ucdb. osm. unesco-whs. wdpa. wikidata
Albania;Sarandë;settlement;398.753;200.048;63;yes;3;A11. A9;1;ghsl-ucdb. osm. unesco-whs. wdpa. wikidata
Albania;Shkodër;settlement;420.683;195.126;63;yes;4;A10. A11;0;ghsl-ucdb. osm. wdpa. wikidata
Albania;Pogradec;settlement;409.025;206.525;63;no;;A11. A9;2;cuisine. ghsl-ucdb. osm. unesco-whs. wikidata
Albania;Berat;settlement;407.058;199.522;62;no;;A9. A11;0;cuisine. ghsl-ucdb. osm. wdpa. wikidata
Albania;Fier;settlement;407.251;195.582;56;no;;A11;0;cuisine. ghsl-ucdb. osm. wikidata
Albania;Vlorë;settlement;404.696;194.838;45;yes;5;A9. A11;0;cuisine. ghsl-ucdb. osm. wdpa. wikidata
Albania;Lezhë;settlement;417.836;196.436;44;no;;A11;0;cuisine. ghsl-ucdb. osm. wdpa. wikidata
Albania;Lushnjë;settlement;409.419;19.705;33;no;;A9. A11;0;cuisine. ghsl-ucdb. osm. wdpa. wikidata
Albania;Librazhd;settlement;411.794;20.315;32;no;;A9;0;cuisine. ghsl-ucdb. osm. wdpa
Albania;Elbasan;settlement;411.114;200.822;32;no;;A11;0;cuisine. ghsl-ucdb. osm. wikidata
Albania;Durrës;settlement;413.235;194.547;29;no;;A11;0;cuisine. ghsl-ucdb. osm. wikidata
Albania;Krujë;settlement;415.092;197.928;28;no;;A10. A11;0;cuisine. ghsl-ucdb. osm. wdpa. wikidata
Albania;Bulqizë;settlement;414.917;202.219;23;no;;A9;0;cuisine. ghsl-ucdb. osm. wdpa. wikidata
Albania;Kavajë;settlement;411.856;195.569;16;no;;A11;0;cuisine. ghsl-ucdb. osm. wikidata
Albania;Kukës;settlement;420.769;204.219;12;yes;6;A11;0;ghsl-ucdb. osm
Algeria;Algiers;settlement;367.323;30.875;100;yes;1;A10. A12. A11;1;ghsl-ucdb. osm. unesco-whs. wikidata
Algeria;Tassili n'Ajjer;site;25.5;9;79;yes;2;A9;2;unesco-whs. wikidata
Algeria;Tlemcen;settlement;348.783;-1.315;46;yes;3;A9. A11;0;ghsl-ucdb. osm. wdpa. wikidata
Algeria;Blida;settlement;36.47;28.277;44;no;;A9. A11;0;ghsl-ucdb. osm. wdpa
Algeria;Chemini;settlement;36.6;46.167;43;no;;A11;0;ghsl-ucdb. osm
Algeria;Batna;settlement;35.556;61.741;42;no;;A9. A11;0;ghsl-ucdb. osm. wdpa
Algeria;Aïn Taya;settlement;367.933;32.869;41;no;;A11;0;ghsl-ucdb. osm. wikidata
Algeria;Jijel;settlement;36.821;57.635;41;yes;8;A9. A11;0;ghsl-ucdb. osm. wdpa
Algeria;Babor;settlement;364.899;55.393;41;no;;A11. A9;0;ghsl-ucdb. osm. wdpa
Algeria;El Kala;settlement;368.956;84.433;38;yes;5;A11. A9;0;ghsl-ucdb. osm. wdpa. wikidata
Algeria;Theniet el Had;settlement;358.711;20.281;37;no;;A9;0;ghsl-ucdb. osm. wdpa
Algeria;Tizi-n-Tleta;settlement;365.457;40.571;37;no;;A11. A9;0;ghsl-ucdb. osm. wdpa. wikidata
Algeria;’Aïn el Turk;settlement;357.438;-0.7693;37;no;;A11. A9;0;ghsl-ucdb. osm. wdpa
Algeria;Ghardaïa;settlement;324.909;36.735;35;yes;7;A11;1;cuisine. ghsl-ucdb. osm. unesco-whs. wikidata
Algeria;Arris;settlement;352.588;63.471;34;yes;4;;1;ghsl-ucdb. osm. unesco-whs. wikidata
Algeria;Oran;settlement;356.991;-0.6359;33;no;;A11. A12;0;ghsl-ucdb. osm. wikidata
Algeria;Aïn Temouchent;settlement;352.975;-11.404;33;no;;A11;0;ghsl-ucdb. osm
Algeria;Sétif;settlement;361.911;54.137;33;no;;A11;0;ghsl-ucdb. osm
Algeria;Ouled Djellal;settlement;34.43;50.614;32;yes;10;A11;0;ghsl-ucdb. osm
Algeria;Tipasa;settlement;365.897;24.489;31;no;;;1;ghsl-ucdb. osm. unesco-whs. wikidata
Algeria;El Eulma;settlement;361.528;56.902;30;no;;A11;1;ghsl-ucdb. osm. unesco-whs. wikidata
Algeria;Bordj Bou Arreridj;settlement;360.739;47.614;30;no;;A11;0;ghsl-ucdb. osm
Algeria;Béjaïa;settlement;367.559;50.843;28;no;;A11;0;ghsl-ucdb. osm
Algeria;Tiaret;settlement;35.371;1.317;27;yes;9;A11;0;ghsl-ucdb. osm
Algeria;Biskra;settlement;348.504;5.728;26;no;;A11;0;ghsl-ucdb. osm
Algeria;Bordj Ghdir;settlement;359.011;48.981;26;yes;14;;1;ghsl-ucdb. osm. unesco-whs. wikidata
Algeria;Ouargla;settlement;319.493;5.325;26;yes;11;A11;0;ghsl-ucdb. osm
Algeria;Constantine;settlement;36.365;66.147;25;no;;A11;0;ghsl-ucdb. osm. wikidata
Algeria;Sidi Bel Abbes;settlement;351.899;-0.6309;25;no;;A11;0;ghsl-ucdb. osm
Algeria;Tizi Ouzou;settlement;367.118;40.459;23;no;;A11;0;ghsl-ucdb. osm
Algeria;Zeralda;settlement;367.117;28.424;23;no;;A11;0;ghsl-ucdb. osm
Algeria;Médéa;settlement;362.642;27.539;22;no;;A11;0;ghsl-ucdb. osm
Algeria;Chorfa;settlement;36.365;43.264;20;no;;A11;0;ghsl-ucdb. osm
Algeria;Rouached;settlement;364.577;60.427;20;no;;A11;0;ghsl-ucdb. osm
Algeria;Khenchela;settlement;354.358;71.433;19;no;;A11;0;ghsl-ucdb. osm
Algeria;’Aïn el Hammam;settlement;365.647;43.062;19;no;;A11;0;ghsl-ucdb. osm
Algeria;Mostaganem;settlement;359.312;0.0892;19;yes;18;A11;0;ghsl-ucdb. osm
Algeria;Tamanghasset;settlement;22.785;55.228;18;yes;12;A11;0;ghsl-ucdb. osm
Algeria;Oued Rhiou;settlement;359.612;0.919;17;no;;A11;0;ghsl-ucdb. osm
Algeria;Cherchell;settlement;36.605;21.908;17;no;;A11;0;ghsl-ucdb. osm
Algeria;El Abiodh Sidi Cheikh;settlement;32.893;0.5484;17;yes;13;A11;0;cuisine. ghsl-ucdb. osm
Algeria;Ouled Mimoun;settlement;349.047;-10.339;17;no;;A11;0;ghsl-ucdb. osm
Algeria;Akbou;settlement;364.575;45.349;17;no;;A11;0;ghsl-ucdb. osm. wikidata
Algeria;Mascara;settlement;353.966;0.1403;17;no;;A11;0;ghsl-ucdb. osm
Algeria;Annaba;settlement;36.9;77.667;16;no;;A11;0;ghsl-ucdb. osm. wikidata
Algeria;Bou Ismaïl;settlement;366.426;26.901;15;no;;A11;0;ghsl-ucdb. osm
Algeria;Kolea;settlement;366.389;27.685;15;no;;A11;0;ghsl-ucdb. osm
Algeria;Skikda;settlement;368.762;69.092;15;no;;A11;0;ghsl-ucdb. osm
Algeria;Djelfa;settlement;346.728;3.263;15;yes;17;A11;0;ghsl-ucdb. osm
Algeria;Mila;settlement;364.503;62.644;15;no;;A11;0;ghsl-ucdb. osm. wikidata
Algeria;Mazouna;settlement;361.223;0.8986;14;no;;A11;0;ghsl-ucdb. osm
Algeria;el hed;settlement;36.65;47.736;14;no;;A11;0;ghsl-ucdb. osm
Algeria;Oued Zenati;settlement;363.161;71.636;14;yes;20;A11;0;ghsl-ucdb. osm
Algeria;Guelma;settlement;364.621;74.261;14;no;;A11;0;ghsl-ucdb. osm. wikidata
Algeria;Sidi Khaled;settlement;34.387;49.878;14;no;;A11;0;ghsl-ucdb. osm
Algeria;Aïn Defla;settlement;36.264;19.679;13;yes;21;A11;0;ghsl-ucdb. osm
Algeria;Aïn Oussera;settlement;354.514;29.058;13;no;;A11;0;ghsl-ucdb. osm
Algeria;Miliana;settlement;363.055;22.248;13;no;;A11;0;ghsl-ucdb. osm
Algeria;M'Sila;settlement;357.089;45.372;13;no;;A11;0;ghsl-ucdb. osm. wikidata
Algeria;District of Taher;settlement;36.772;58.982;13;no;;A11;0;ghsl-ucdb. osm
Algeria;Bou Saâda;settlement;352.086;4.174;12;no;;A11;0;ghsl-ucdb. osm
Algeria;Larbaâ;settlement;365.647;31.543;12;no;;A11;0;ghsl-ucdb. osm
Algeria;Oum el Bouaghi;settlement;358.754;71.135;12;no;;A11;0;ghsl-ucdb. osm
Algeria;Aoulef;settlement;269.667;10.833;12;yes;15;A11;0;cuisine. ghsl-ucdb. osm
Algeria;Béchar;settlement;316.167;-22.167;12;yes;16;A11;0;cuisine. ghsl-ucdb. osm
Algeria;Mouzaïa;settlement;364.669;26.899;12;no;;A11;0;ghsl-ucdb. osm
Algeria;El Oued;settlement;333.561;68.632;11;yes;6;;0;ghsl-ucdb. osm. wikidata
Algeria;Reggane;settlement;267.158;0.1714;11;no;;A11;0;cuisine. ghsl-ucdb. osm
Algeria;Laghouat;settlement;33.8;28.651;11;no;;A11;0;ghsl-ucdb. osm
Algeria;Relizane;settlement;357.373;0.556;10;no;;A11;0;ghsl-ucdb. osm
Algeria;Tébessa;settlement;354.042;81.242;10;yes;19;A11;0;ghsl-ucdb. osm
Algeria;Bouïra;settlement;363.749;3.902;10;no;;A11;0;ghsl-ucdb. osm
Algeria;Frenda;settlement;350.654;10.494;10;no;;A11;0;ghsl-ucdb. osm
Algeria;Metlili Chaamba;settlement;322.667;36.333;10;no;;A11;0;cuisine. ghsl-ucdb. osm
American Samoa;Pago Pago;settlement;-142.781;-1.707.025;100;yes;1;;0;ghsl-ucdb. osm
Andorra;les Escaldes;settlement;425.073;15.341;100;yes;1;A11. A10;1;cuisine. ghsl-ucdb. osm. unesco-whs. wdpa. wikidata
Andorra;Andorra la Vella;settlement;425.078;15.211;95;no;;A11. A10. A9;0;cuisine. ghsl-ucdb. osm. wdpa. wikidata
Angola;Dondo;settlement;-96.846;144.279;100;yes;1;A10;0;ghsl-ucdb. wikidata
Angola;Cangandala;settlement;-97.833;164.333;91;yes;2;A9;0;ghsl-ucdb. wdpa
Angola;Belize;settlement;-4.65;127.667;91;yes;5;A9;0;ghsl-ucdb. wdpa
Angola;Iona National Park;site;-165.026;124.569;91;yes;6;A9;0;wdpa
Angola;Quiçãma National Park;site;-97.748;136.405;91;no;;A9;0;wdpa
Angola;Cameia National Park;site;-118.972;216.735;91;yes;7;A9;0;wdpa
Angola;Bicuar National Park;site;-153.156;148.058;91;yes;8;A9;0;wdpa
Angola;Mupa National Park;site;-159.169;155.955;91;yes;14;A9;0;wdpa
Angola;Luengue-Luiana National Park;site;-171.514;219.104;91;yes;9;A9;0;wdpa
Angola;Mavinga National Park;site;-156.975;204.465;91;yes;10;A9;0;wdpa
Angola;Luanda;settlement;-88.368;132.343;84;yes;3;A12;0;ghsl-ucdb. wikidata
Angola;Mbanza Kongo;settlement;-62.667;142.383;68;yes;4;;1;ghsl-ucdb. unesco-whs. wikidata
Angola;Benguela;settlement;-125.767;134.027;45;yes;12;;0;ghsl-ucdb. wdpa
Angola;Virei;settlement;-15.727;129.496;45;yes;17;;0;ghsl-ucdb. wdpa
Angola;Cambundi;settlement;-108.948;17.764;45;yes;13;;0;ghsl-ucdb. wdpa
Angola;Buco Zau;settlement;-47.667;12.55;29;no;;;0;ghsl-ucdb. osm
Angola;Chitato;settlement;-7.3;207.333;15;yes;11;;0;ghsl-ucdb. osm
Angola;Dundo;settlement;-73.664;208.156;15;no;;;0;ghsl-ucdb. osm
Angola;Huambo;settlement;-127.761;157.392;11;yes;15;A12;0;ghsl-ucdb. wikidata
Angola;Cabinda;settlement;-5.562;121.948;11;yes;18;A12;0;ghsl-ucdb. wikidata
Angola;Ramiros;settlement;-90.626;130.456;11;no;;A12;0;ghsl-ucdb. wikidata
Angola;Andulo;settlement;-114.868;166.966;11;yes;16;A12;0;ghsl-ucdb. wikidata
Antarctica;Larsemann Hills;site;-694.083;76.225;100;yes;1;A9;0;wdpa
Antarctica;Mount Harding;site;-72.9;750.417;100;yes;2;A9;0;wdpa
Antigua and Barbuda;Saint John’s;settlement;17.121;-618.433;100;yes;1;A11;1;ghsl-ucdb. osm. unesco-whs. wikidata
Antigua and Barbuda;Codrington Lagoon;site;176.619;-618.501;73;yes;2;A9;0;wdpa
Argentina;Buenos Aires;settlement;-346.131;-583.772;100;yes;1;A10. A12;0;ghsl-ucdb. wikidata
Argentina;La Ascensión;site;-466.673;-714.489;78;yes;2;A9. A11;0;osm. wdpa
Argentina;Ischigualasto / Talampaya Natural Parks;site;-30;-68;76;yes;3;A9;1;unesco-whs. wdpa. wikidata
Argentina;Ituzaingó;settlement;-27.585;-566.871;73;yes;5;A9;0;ghsl-ucdb. wdpa
Argentina;Esquel;settlement;-429.115;-713.195;62;no;;A9;1;ghsl-ucdb. osm. unesco-whs. wdpa. wikidata
Argentina;Los Glaciares National Park;site;-50;-732.494;58;yes;12;A9;1;unesco-whs. wdpa. wikidata
Argentina;El Bolsón;settlement;-419.605;-715.334;57;yes;8;A11. A9;0;ghsl-ucdb. osm. wdpa
Argentina;Península Valdés;site;-42.5;-64;57;yes;13;A9;1;unesco-whs. wdpa. wikidata
Argentina;Colón;settlement;-322.231;-581.443;57;no;;A9;0;cuisine. ghsl-ucdb. wdpa. wikidata
Argentina;Concepción del Uruguay;settlement;-324.846;-582.322;54;yes;6;;0;cuisine. ghsl-ucdb. wikidata
Argentina;Cueva de las Manos. Río Pinturas;site;-47.15;-706.667;52;no;;A9;1;unesco-whs. wdpa. wikidata
Argentina;Córdoba;settlement;-314.065;-641.885;50;no;;A12;0;cuisine. ghsl-ucdb. wikidata
Argentina;Cosquín;settlement;-312.452;-644.657;49;yes;4;;0;cuisine. ghsl-ucdb. wikidata
Argentina;Garupá;settlement;-274.831;-558.292;41;no;;A10. A9;0;ghsl-ucdb. wdpa. wikidata
Argentina;Volcán Tupungato;site;-331.108;-697.708;37;yes;16;A9;0;wdpa. wikidata
Argentina;San Guillermo;site;-292.576;-692.733;37;no;;A9;0;wdpa. wikidata
Argentina;Monteros;settlement;-271.683;-654.989;37;yes;17;A9;0;ghsl-ucdb. wdpa
Argentina;Diamante;settlement;-320.671;-606.427;37;yes;23;A9;0;ghsl-ucdb. wdpa
Argentina;Perito Moreno;site;-479.255;-722.938;37;no;;A9;0;wdpa
Argentina;El Leoncito;site;-319.034;-692.572;37;no;;A9;0;wdpa
Argentina;Yaganes;site;-56.944;-656.333;37;yes;18;A9;0;wdpa
Argentina;San Nicolás de los Arroyos;settlement;-333.342;-602.108;36;no;;A10;0;ghsl-ucdb. wikidata
Argentina;Villa Ángela;settlement;-275.768;-607.111;36;yes;10;A10;0;ghsl-ucdb. wikidata
Argentina;Alta Gracia;settlement;-316.498;-644.297;36;no;;A9;0;cuisine. ghsl-ucdb. wdpa. wikidata
Argentina;El Impenetrable;site;-250.035;-610.988;36;yes;20;A9;0;cuisine. wdpa
Argentina;San Isidro;settlement;-344.697;-585.211;33;no;;;1;ghsl-ucdb. unesco-whs. wikidata
Argentina;Quebrada de Humahuaca;site;-231.999;-653.489;33;yes;7;;1;unesco-whs. wikidata
Argentina;Firmat;settlement;-334.594;-614.832;30;yes;11;A12;0;cuisine. ghsl-ucdb. wikidata
Argentina;Formosa;settlement;-261.849;-581.731;30;no;;A12;0;cuisine. ghsl-ucdb
Argentina;San Luis;settlement;-332.914;-663.247;30;yes;14;A12;0;cuisine. ghsl-ucdb
Argentina;Río Cuarto;settlement;-331.304;-643.527;30;no;;A12;0;cuisine. ghsl-ucdb
Argentina;Villa María;settlement;-324.075;-632.402;30;no;;A12;0;cuisine. ghsl-ucdb
Argentina;Santa Rosa;settlement;-366.162;-642.899;30;yes;15;A12;0;cuisine. ghsl-ucdb
Argentina;Villa Mercedes;settlement;-336.757;-654.578;30;no;;A12;0;cuisine. ghsl-ucdb
Argentina;Junín;settlement;-345.939;-609.464;30;no;;A12;0;cuisine. ghsl-ucdb
Argentina;Gualeguaychú;settlement;-330.078;-585.184;30;no;;A12;0;cuisine. ghsl-ucdb
Argentina;Venado Tuerto;settlement;-337.458;-619.671;30;no;;A12;0;cuisine. ghsl-ucdb
Argentina;Villa Carlos Paz;settlement;-314.183;-644.901;30;no;;A12;0;cuisine. ghsl-ucdb
Argentina;General Pico;settlement;-356.593;-637.579;30;no;;A12;0;cuisine. ghsl-ucdb
Argentina;Río Tercero;settlement;-321.767;-641.129;30;no;;A12;0;cuisine. ghsl-ucdb
Argentina;Trenque Lauquen;settlement;-359.733;-627.328;30;no;;A12;0;cuisine. ghsl-ucdb
Argentina;Pehuajó;settlement;-358.108;-61.899;30;yes;19;A12;0;cuisine. ghsl-ucdb
Argentina;Cañada de Gómez;settlement;-328.203;-613.951;30;no;;A12;0;cuisine. ghsl-ucdb
Argentina;Bell Ville;settlement;-326.302;-626.888;30;no;;A12;0;cuisine. ghsl-ucdb
Argentina;Lincoln;settlement;-348.682;-615.293;30;no;;A12;0;cuisine. ghsl-ucdb
Argentina;Casilda;settlement;-330.446;-611.642;30;no;;A12;0;cuisine. ghsl-ucdb
Argentina;Villa Dolores;settlement;-31.945;-651.903;30;no;;A12;0;cuisine. ghsl-ucdb
Argentina;Colón;settlement;-338.971;-610.994;30;no;;A12;0;cuisine. ghsl-ucdb
Argentina;Marcos Juárez;settlement;-326.978;-621.067;30;no;;A12;0;cuisine. ghsl-ucdb
Argentina;General Villegas;settlement;-350.326;-630.148;30;no;;A12;0;cuisine. ghsl-ucdb
Argentina;Río Segundo;settlement;-316.501;-639.117;30;no;;A12;0;cuisine. ghsl-ucdb
Argentina;Rojas;settlement;-341.977;-607.337;30;no;;A12;0;cuisine. ghsl-ucdb
Argentina;Laboulaye;settlement;-341.269;-633.908;30;yes;24;A12;0;cuisine. ghsl-ucdb
Argentina;Arroyito;settlement;-314.192;-630.508;30;no;;A12;0;cuisine. ghsl-ucdb
Argentina;Carlos Casares;settlement;-356.225;-613.655;30;no;;A12;0;cuisine. ghsl-ucdb
Argentina;Pirané;settlement;-257.327;-591.099;30;yes;21;A12;0;cuisine. ghsl-ucdb
Argentina;Las Varillas;settlement;-318.704;-627.197;30;yes;26;A12;0;cuisine. ghsl-ucdb
Argentina;Pilar;settlement;-316.813;-638.824;30;no;;A12;0;cuisine. ghsl-ucdb
Argentina;Rufino;settlement;-342.624;-627.113;30;no;;A12;0;cuisine. ghsl-ucdb
Argentina;Los Toldos;settlement;-35;-610.387;30;no;;A12;0;cuisine. ghsl-ucdb
Argentina;Villa del Rosario;settlement;-315.542;-635.356;30;no;;A12;0;cuisine. ghsl-ucdb
Argentina;Toay;settlement;-366.739;-643.798;30;no;;A12;0;cuisine. ghsl-ucdb
Argentina;San Jorge;settlement;-318.971;-618.599;30;no;;A12;0;cuisine. ghsl-ucdb
Argentina;Río Ceballos;settlement;-311.697;-643.175;30;no;;A12;0;cuisine. ghsl-ucdb
Argentina;Embalse;settlement;-322.068;-644.006;30;no;;A12;0;cuisine. ghsl-ucdb
Argentina;Carcarañá;settlement;-32.857;-611.511;30;no;;A12;0;cuisine. ghsl-ucdb
Argentina;Unquillo;settlement;-312.372;-643.118;30;no;;A12;0;cuisine. ghsl-ucdb
Argentina;La Plata;settlement;-349.213;-579.544;30;no;;;1;ghsl-ucdb. unesco-whs. wikidata
Argentina;Cafayate;settlement;-260.729;-659.777;29;no;;A9;0;ghsl-ucdb. wdpa
Argentina;Bosques Petrificados de Jaramillo;site;-476.718;-680.569;29;yes;22;A9;0;wdpa
Argentina;Fuerte Esperanza;site;-251.428;-616.879;29;no;;A9;0;wdpa
Argentina;Libertador General San Martín;settlement;-238.131;-647.935;27;no;;A9;1;ghsl-ucdb. unesco-whs. wdpa
Argentina;Ushuaia;settlement;-548.108;-683.159;24;yes;25;A12;0;ghsl-ucdb. osm
Argentina;Mar del Plata;settlement;-380.004;-575.562;21;yes;9;;0;ghsl-ucdb. wikidata
Argentina;San Miguel de Tucumán;settlement;-26.816;-652.105;20;no;;A9;0;ghsl-ucdb. wdpa. wikidata
Argentina;San Salvador de Jujuy;settlement;-241.928;-652.934;20;no;;A9;0;ghsl-ucdb. wdpa. wikidata
Argentina;Puerto Iguazú;settlement;-255.991;-545.735;20;no;;A9;0;ghsl-ucdb. wdpa. wikidata
Argentina;Morteros;settlement;-307.107;-620.071;20;no;;A9;0;ghsl-ucdb. wdpa. wikidata
Argentina;Monte León;site;-503.372;-689.173;20;no;;A9;0;wdpa. wikidata
Argentina;Campana;settlement;-341.633;-589.592;19;no;;A9;0;ghsl-ucdb. wdpa. wikidata
Argentina;Zapala;settlement;-389.006;-700.667;19;no;;A9;0;ghsl-ucdb. wdpa. wikidata
Argentina;Tres Isletas;settlement;-263.407;-604.321;19;no;;A9;0;ghsl-ucdb. wdpa. wikidata
Argentina;Sierra de las Quijadas;site;-325.665;-67.126;19;no;;A9;0;wdpa. wikidata
Argentina;Isla de los Estados y Archipiélago de Año Nuevo;site;-547.808;-642.762;19;no;;A9;0;wdpa. wikidata
Argentina;Berazategui;settlement;-347.653;-582.128;19;no;;A9;0;ghsl-ucdb. wdpa
Argentina;Mar del Tuyú;settlement;-365.743;-566.939;19;no;;A9;0;ghsl-ucdb. wdpa
Argentina;San Carlos de Bariloche;settlement;-411.456;-713.082;19;no;;A9;0;ghsl-ucdb. wdpa
Argentina;General Güemes;settlement;-246.745;-650.466;19;no;;A9;0;ghsl-ucdb. wdpa
Argentina;Curuzú Cuatiá;settlement;-297.915;-580.499;19;no;;A9;0;ghsl-ucdb. wdpa
Argentina;Aguilares;settlement;-274.315;-656.146;19;no;;A9;0;ghsl-ucdb. wdpa
Argentina;General José de San Martín;settlement;-265.364;-593.414;19;no;;A9;0;ghsl-ucdb. wdpa
Argentina;Machagai;settlement;-269.262;-600.485;19;no;;A9;0;ghsl-ucdb. wdpa
Argentina;Rosario de Lerma;settlement;-249.858;-655.784;19;no;;A9;0;ghsl-ucdb. wdpa
Argentina;Coronel Pringles;settlement;-379.857;-613.504;19;no;;A9;0;ghsl-ucdb. wdpa
Argentina;Puerto Rico;settlement;-268.089;-550.215;19;no;;A9;0;ghsl-ucdb. wdpa
Argentina;Tupungato;settlement;-333.693;-691.478;19;no;;A9;0;ghsl-ucdb. wdpa
Argentina;Formosa;site;-242.717;-617.833;19;no;;A9;0;wdpa
Argentina;Lihué Calel;site;-379.158;-655.607;19;no;;A9;0;wdpa
Argentina;Copo;site;-258.148;-618.941;19;no;;A9;0;wdpa
Argentina;La Payunia;site;-365.979;-689.487;19;no;;A9;0;wdpa
Argentina;Copahue Caviahue;site;-378.388;-710.459;19;no;;A9;0;wdpa
Argentina;El Tromen;site;-37.15;-700.511;19;no;;A9;0;wdpa
Argentina;Mburucuyá;site;-28.018;-580.731;19;no;;A9;0;wdpa
Argentina;Laguna del Diamante;site;-341.711;-695.765;19;no;;A9;0;wdpa
Argentina;Traslasierra;site;-309.763;-655.869;19;no;;A9;0;wdpa
Argentina;Namuncurá - Banco Burdwood II;site;-55.186;-59.375;19;no;;A9;0;wdpa
Argentina;Namuncurá - Banco Burdwood I;site;-54.292;-584.524;19;no;;A9;0;wdpa
Argentina;Piedra del Fraile;site;-49.217;-730.238;19;no;;A9;0;wdpa
Argentina;Islote Lobos;site;-414.977;-650.117;19;no;;A9;0;wdpa
Argentina;Jesús María;settlement;-309.815;-640.942;19;no;;;1;ghsl-ucdb. unesco-whs
Argentina;El Calafate;settlement;-503.407;-722.768;12;no;;A12;0;ghsl-ucdb. osm
Argentina;Rosario;settlement;-329.468;-606.393;11;no;;A12;0;ghsl-ucdb. wikidata
Armenia;Kapan;settlement;392.076;464.068;100;yes;1;A9;0;cuisine. ghsl-ucdb. osm. wdpa. wikidata
Armenia;Vanadzor;settlement;408.074;44.497;85;no;;;1;cuisine. ghsl-ucdb. unesco-whs. wdpa. wikidata
Armenia;Yerevan;settlement;401.776;445.126;76;yes;2;A12;1;cuisine. ghsl-ucdb. unesco-whs. wikidata
Armenia;Goris;settlement;395.111;463.417;64;no;;A9;0;cuisine. ghsl-ucdb. wdpa. wikidata
Armenia;Gavar;settlement;40.354;451.239;63;no;;A9;0;cuisine. ghsl-ucdb. wdpa. wikidata
Armenia;Gyumri;settlement;407.931;438.464;60;yes;4;A9;0;cuisine. ghsl-ucdb. wdpa. wikidata
Armenia;Artik;settlement;406.192;439.721;53;no;;;1;cuisine. ghsl-ucdb. unesco-whs. wikidata
Armenia;Ashtarak;settlement;402.976;443.615;53;no;;A12;0;cuisine. ghsl-ucdb. wikidata
Armenia;Armavir;settlement;401.555;440.388;53;no;;A12;0;cuisine. ghsl-ucdb. osm. wikidata
Armenia;Vagharshapat;settlement;401.656;442.946;52;no;;;1;cuisine. ghsl-ucdb. unesco-whs. wikidata
Armenia;Ijevan;settlement;408.804;451.478;51;yes;3;;0;cuisine. ghsl-ucdb. wdpa. wikidata
Armenia;Dilijan;settlement;407.404;448.634;47;no;;A9;0;cuisine. ghsl-ucdb. wdpa. wikidata
Armenia;Ararat;settlement;398.549;446.947;42;no;;A9;0;cuisine. ghsl-ucdb. wdpa. wikidata
Armenia;Hrazdan;settlement;405.169;447.559;40;no;;;0;cuisine. ghsl-ucdb. wdpa. wikidata
Armenia;Charentsavan;settlement;404.029;446.445;38;no;;A12;0;cuisine. ghsl-ucdb. wikidata
Armenia;Artashat;settlement;399.548;445.487;37;no;;A12;0;cuisine. ghsl-ucdb. wikidata
Armenia;Sevan;settlement;40.548;449.531;37;no;;A12;0;cuisine. ghsl-ucdb. wikidata
Aruba;Oranjestad;settlement;12.524;-70.027;100;yes;1;A12;0;ghsl-ucdb. wikidata
Aruba;Noord;settlement;12.566;-70.032;27;no;;A12;0;ghsl-ucdb. wikidata
Aruba;Santa Cruz;settlement;125.095;-699.809;27;no;;A12;0;ghsl-ucdb. wikidata
Australia;Goulburn;settlement;-347.516;1.497.209;100;yes;1;A10. A9;0;ghsl-ucdb. wdpa. wikidata
Australia;Sydney;settlement;-338.678;1.512.073;94;no;;A12;1;ghsl-ucdb. unesco-whs. wikidata
Australia;Adelaide;settlement;-349.287;1.385.986;92;yes;2;A12;0;ghsl-ucdb. wikidata
Australia;Byford;settlement;-32.221;116.009;92;yes;5;A10. A9;0;ghsl-ucdb. wdpa. wikidata
Australia;Cairns;settlement;-169.237;1.457.661;91;yes;6;A9;1;ghsl-ucdb. unesco-whs. wdpa. wikidata
Australia;Melbourne;settlement;-37.814;1.449.633;83;yes;4;A12;1;ghsl-ucdb. unesco-whs. wikidata
Australia;Ulu<U>r</U>u-Kata Tju<U>t</U>a National Park;site;-253.333;131;82;yes;3;A9;2;cuisine. unesco-whs. wdpa. wikidata
Australia;Coopracambra;site;-373.503;1.493.408;78;yes;12;A9;0;wdpa
Australia;Witjira;site;-264.454;1.355.255;76;yes;8;A9;0;cuisine. wdpa
Australia;Mamungari;site;-291.407;1.300.015;76;yes;9;A9;0;cuisine. wdpa
Australia;Munga-Thirri;site;-249.863;1.383.541;76;yes;11;A9;0;cuisine. wdpa
Australia;Newhaven;site;-228.267;1.310.562;76;yes;14;A9;0;cuisine. wdpa
Australia;Kalamurina;site;-278.004;1.376.557;76;yes;16;A9;0;cuisine. wdpa
Australia;Munga-Thirri—Simpson Desert;site;-26.248;1.378.767;76;no;;A9;0;cuisine. wdpa
Australia;Evelyn Downs;site;-279.694;1.343.702;76;no;;A9;0;cuisine. wdpa
Australia;Maralinga Tjarutja Lands;site;-294.399;1.310.562;76;no;;A9;0;cuisine. wdpa
Australia;Alice Springs;settlement;-236.975;1.338.836;75;yes;7;A12;0;cuisine. ghsl-ucdb. wikidata
Australia;Grafton;settlement;-29.681;1.529.339;74;yes;10;A9;0;ghsl-ucdb. wdpa
Australia;Tuggeranong;settlement;-354.165;1.490.695;74;no;;A9;0;ghsl-ucdb. wdpa. wikidata
Australia;Coffs Harbour;settlement;-302.963;1.531.135;70;no;;A9;0;ghsl-ucdb. wdpa. wikidata
Australia;Beowa;site;-370.949;1.499.634;69;no;;A9;0;wdpa
Australia;D'Entrecasteaux;site;-346.784;116.075;69;yes;17;A9;0;wdpa
Australia;Bald Rock;site;-288.724;1.520.586;65;no;;A9;0;wdpa
Australia;Hobart;settlement;-428.794;1.473.294;62;yes;13;A9;0;ghsl-ucdb. wdpa. wikidata
Australia;Taree;settlement;-31.911;1.524.539;60;yes;22;A9;0;ghsl-ucdb. wdpa
Australia;Brodribb F.R.;site;-376.463;148.577;58;no;;A9;0;wdpa. wikidata
Australia;Big Desert;site;-356.436;1.411.631;58;yes;25;A9;0;wdpa
Australia;Lincoln;site;-348.368;1.358.996;56;yes;27;A9;0;wdpa
Australia;Batemans Bay;settlement;-357.066;1.501.754;54;no;;A9;0;ghsl-ucdb. wdpa. wikidata
Australia;Hinchinbrook Island;site;-183.439;1.462.139;54;no;;A9;0;wdpa
Australia;Tathra;site;-29.789;1.155.181;54;yes;21;A9;0;wdpa
Australia;Wadbilliga;site;-363.394;1.496.385;54;no;;A9;0;wdpa
Australia;Canberra;settlement;-352.835;1.491.281;53;no;;A9;0;ghsl-ucdb. wdpa. wikidata
Australia;Tully Gorge;site;-178.493;1.457.562;53;no;;A9;0;wdpa. wikidata
Australia;Ningaloo Coast;site;-22.451;113.81;53;yes;18;A9;1;unesco-whs. wdpa. wikidata
Australia;Blue Mountains;settlement;-337.133;1.503.306;50;no;;A9;1;ghsl-ucdb. unesco-whs. wdpa. wikidata
Australia;Ellenbrook;settlement;-317.674;1.159.694;50;no;;A9;0;ghsl-ucdb. wdpa. wikidata
Australia;Ballarat;settlement;-375.662;1.438.496;49;no;;A9;0;ghsl-ucdb. wdpa. wikidata
Australia;Port Macquarie;settlement;-314.308;1.529.089;49;no;;A9;0;ghsl-ucdb. wdpa
Australia;Murray - Sunset;site;-345.395;1.416.326;49;no;;A9;0;wdpa
Australia;Wabba;site;-363.662;1.477.215;49;no;;A9;0;wdpa
Australia;Annan River (Yuku Baja-Muliku);site;-155.839;1.452.476;49;no;;A9;0;wdpa
Australia;Wollongong;settlement;-34.424;1.508.935;46;no;;A9;0;ghsl-ucdb. wdpa. wikidata
Australia;Burnie;settlement;-410.558;1.459.038;44;no;;A9;0;ghsl-ucdb. wdpa
Australia;Perth;settlement;-319.522;1.158.614;43;no;;A9. A12;0;ghsl-ucdb. wdpa. wikidata
Australia;New England;site;-305.928;1.524.586;43;no;;A9;0;wdpa. wikidata
Australia;Woko;site;-317.593;1.517.853;43;no;;A9;0;wdpa. wikidata
Australia;Bathurst;settlement;-334.166;1.495.806;43;no;;A9;0;ghsl-ucdb. wdpa
Australia;Watheroo;site;-303.434;1.158.091;43;no;;A9;0;wdpa
Australia;Stokes;site;-338.342;1.211.333;43;yes;20;A9;0;wdpa
Australia;Walpole-Nornalup;site;-35;1.167.671;43;no;;A9;0;wdpa
Australia;Moore River;site;-31.092;1.156.848;43;no;;A9;0;wdpa
Australia;Conjola;site;-351.825;1.505.111;43;no;;A9;0;wdpa
Australia;Cape Liptrap Coastal Park;site;-387.776;1.458.899;43;no;;A9;0;wdpa
Australia;Karara;site;-292.681;1.167.871;43;no;;A9;0;wdpa
Australia;Budj Bim Cultural Landscape;site;-380.811;1.418.853;42;no;;A9;1;unesco-whs. wdpa. wikidata
Australia;Mount Boothby;site;-358.408;1.397.838;42;no;;A9;0;wdpa. wikidata
Australia;Douglas-Apsley;site;-417.721;1.481.922;41;no;;A9;0;wdpa
Australia;Hambidge;site;-334.093;1.359.114;41;no;;A9;0;wdpa
Australia;Albany;settlement;-350.269;1.178.837;41;no;;A9;0;ghsl-ucdb. wdpa. wikidata
Australia;Wodonga;settlement;-361.218;1.468.881;41;no;;A9;0;ghsl-ucdb. wdpa. wikidata
Australia;Traralgon;settlement;-381.953;1.465.415;41;no;;A9;0;ghsl-ucdb. wdpa. wikidata
Australia;Warrumbungle;site;-312.914;1.490.303;41;yes;24;A9;0;wdpa. wikidata
Australia;Hamelin Pool;site;-262.141;1.140.707;40;yes;23;A9;0;wdpa
Australia;Shark Bay. Western Australia;site;-254.861;1.134.361;39;no;;A9;1;unesco-whs. wdpa
Australia;Willandra Lakes Region;site;-33.673;143.035;38;yes;19;A9;2;unesco-whs. wdpa. wikidata
Australia;Banora Point;settlement;-28.213;1.535.363;38;no;;A9;0;ghsl-ucdb. wdpa. wikidata
Australia;Werrikimbe;site;-312.114;152.268;37;no;;A9;0;wdpa. wikidata
Australia;Busselton;settlement;-336.525;1.153.455;37;no;;A9;0;ghsl-ucdb. wdpa. wikidata
Australia;Quindinup;site;-344.151;1.168.834;37;no;;A9;0;wdpa. wikidata
Australia;Cessnock;settlement;-328.321;1.513.562;36;no;;A9;0;ghsl-ucdb. wdpa
Australia;Gympie;settlement;-261.898;152.665;36;yes;28;A9;0;ghsl-ucdb. wdpa
Australia;Guy Fawkes River;site;-300.918;1.522.025;36;no;;A9;0;wdpa
Australia;Whitsunday Islands;site;-202.095;1.490.277;36;yes;29;A9;0;wdpa
Australia;Karte;site;-351.082;1.407.075;36;no;;A9;0;wdpa
Australia;Bandilngan  (Windjana Gorge);site;-174.244;1.249.724;36;yes;30;A9;0;wdpa
Australia;Severn River;site;-29.42;1.513.308;36;no;;A9;0;wdpa
Australia;Mount Bolangum N.C.R.;site;-367.636;1.430.193;36;no;;A9;0;wdpa
Australia;Avon;site;-376.174;1.468.188;36;no;;A9;0;wdpa
Australia;Alpine;site;-370.298;1.475.269;36;no;;A9;0;wdpa
Australia;Lake Gounter;site;-32.429;1.188.239;36;no;;A9;0;wdpa
Australia;Carlyarn;site;-300.171;1.174.596;36;no;;A9;0;wdpa
Australia;Expedition (Limited Depth);site;-253.144;1.490.038;36;yes;31;A9;0;wdpa
Australia;Pilliga;site;-305.456;1.491.671;36;no;;A9;0;wdpa
Australia;Tasmanian Wilderness;site;-431.185;1.462.306;36;no;;A9;2;unesco-whs. wdpa
Australia;Purnululu National Park;site;-17.5;128.5;36;yes;32;A9;1;unesco-whs. wdpa. wikidata
Australia;Warwick;settlement;-28.219;1.520.344;35;no;;A9;0;ghsl-ucdb. wdpa. wikidata
Australia;Bairnsdale;settlement;-378.229;1.476.104;34;no;;A9;0;ghsl-ucdb. wdpa. wikidata
Australia;Calpatanna Waterhole;site;-329.952;1.343.447;34;no;;A9;0;wdpa
Australia;Dhilba Guuranda-Innes;site;-35.227;1.368.959;34;no;;A9;0;wdpa
Australia;Hattah - Kulkyne;site;-347.032;1.423.724;34;no;;A9;0;wdpa
Australia;Danggali;site;-335.153;1.407.996;34;no;;A9;0;wdpa
Australia;Karratha;settlement;-207.376;1.168.463;34;yes;26;A9;1;ghsl-ucdb. unesco-whs. wdpa. wikidata
Australia;Central Coast;settlement;-334.298;1.513.714;32;no;;A9;0;ghsl-ucdb. wdpa. wikidata
Australia;Bendigo;settlement;-367.582;1.442.802;31;no;;A9;0;ghsl-ucdb. wdpa. wikidata
Australia;Brisbane;settlement;-274.679;1.530.281;30;no;;A12;0;ghsl-ucdb. wikidata
Australia;Maryborough;settlement;-255.407;1.527.049;30;no;;A9;0;ghsl-ucdb. wdpa. wikidata
Australia;Gosnells;settlement;-32.081;1.160.054;30;no;;A9;0;ghsl-ucdb. wdpa. wikidata
Australia;Horsham;settlement;-367.113;1.421.998;30;no;;A9;0;ghsl-ucdb. wdpa. wikidata
Australia;Mount Barney;site;-282.671;152.683;30;no;;A9;0;wdpa. wikidata
Australia;Cape Le Grand;site;-339.312;1.223.197;30;no;;A9;0;wdpa. wikidata
Australia;Drovers Cave;site;-30.233;1.150.893;30;no;;A9;0;wdpa. wikidata
Australia;Langi Ghiran;site;-373.052;143.1;30;no;;A9;0;wdpa. wikidata
Australia;Gingilup Swamps;site;-343.336;1.154.364;30;no;;A9;0;wdpa. wikidata
Australia;Flinders Chase;site;-35.916;1.367.757;30;no;;A9;0;wdpa. wikidata
Australia;Armidale;settlement;-305.012;1.516.655;30;no;;A9;0;ghsl-ucdb. wdpa
Australia;Mount Walsh;site;-256.386;1.520.353;30;no;;A9;0;wdpa
Australia;Cape Gantheaume;site;-360.004;1.375.019;30;no;;A9;0;wdpa
Australia;Mount Samaria;site;-36.881;1.460.657;30;no;;A9;0;wdpa
Australia;Munghorn Gap;site;-323.745;1.498.093;30;no;;A9;0;wdpa
Australia;Cania Gorge;site;-246.854;1.509.835;30;no;;A9;0;wdpa
Australia;Jungiwa;site;-179.978;125.496;30;no;;A9;0;wdpa
Australia;Lake King;site;-330.335;1.195.685;30;no;;A9;0;wdpa
Australia;Ord River;site;-151.778;1.283.596;30;no;;A9;0;wdpa
Australia;Gundabooka;site;-305.192;1.457.279;30;no;;A9;0;wdpa
Australia;Mount Windsor;site;-162.483;1.450.031;30;no;;A9;0;wdpa
Australia;Brookfield;site;-343.545;1.394.895;27;no;;A9;0;wdpa
Australia;Yeldulknie;site;-336.424;1.365.728;27;no;;A9;0;wdpa
Australia;Bundaberg;settlement;-248.662;1.523.479;27;no;;A9;0;ghsl-ucdb. wdpa
Australia;Gladstone;settlement;-238.485;1.512.577;27;no;;A9;0;ghsl-ucdb. wdpa
Australia;Wangaratta;settlement;-363.585;1.463.206;27;no;;A9;0;ghsl-ucdb. wdpa
Australia;Whyalla;settlement;-330.327;1.375.648;27;no;;A9;0;ghsl-ucdb. wdpa
Australia;Yathong;site;-326.124;145.527;27;no;;A9;0;wdpa
Australia;Townsville;settlement;-192.664;1.468.057;26;no;;A9;0;ghsl-ucdb. wdpa. wikidata
Australia;Lord Howe Island Group;site;-315.656;1.590.883;25;no;;A9;1;unesco-whs. wdpa. wikidata
Australia;Australian Fossil Mammal Sites (Riversleigh / Naracoorte);site;-190.333;1.386.333;25;no;;A9;1;unesco-whs. wdpa. wikidata
Australia;Palm Beach;settlement;-281.169;1.534.658;25;no;;A9;0;ghsl-ucdb. wdpa. wikidata
Australia;Australian Convict Sites;site;-290.533;1.679.586;25;yes;15;;1;unesco-whs. wikidata
Australia;Hervey Bay;settlement;-252.876;1.527.694;24;no;;A9;1;ghsl-ucdb. unesco-whs. wdpa. wikidata
Australia;Macquarie Island;site;-545.947;1.588.956;24;no;;A9;1;unesco-whs. wdpa. wikidata
Australia;Engadine;settlement;-340.656;1.510.127;24;no;;A9;0;ghsl-ucdb. wdpa. wikidata
Australia;Bundjalung;site;-292.483;1.533.108;24;no;;A9;0;wdpa. wikidata
Australia;Kakadu National Park;site;-121.053;1.323.839;24;no;;A9;2;unesco-whs
Australia;Maria Island;site;-426.521;148.089;24;no;;A9;0;wdpa. wikidata
Australia;Cradle Mountain-Lake St Clair;site;-41.867;1.459.609;24;no;;A9;0;wdpa
Australia;Nuyts Archipelago;site;-322.703;1.329.822;24;no;;A9;0;wdpa
Australia;Mount William;site;-409.526;1.482.194;23;no;;A9;0;wdpa. wikidata
Australia;Sunshine Coast;settlement;-266.568;1.530.796;23;no;;A9;0;ghsl-ucdb. wdpa. wikidata
Australia;Echuca;settlement;-361.406;1.447.518;23;no;;A9;0;ghsl-ucdb. wdpa. wikidata
Australia;Lupton;site;-324.884;116.694;23;no;;A9;0;wdpa. wikidata
Australia;Twelve Apostles;site;-387.042;1.431.063;23;no;;A9;0;wdpa. wikidata
Australia;Launceston;settlement;-414.388;1.471.347;23;no;;A9;0;ghsl-ucdb. wdpa
Australia;Newcastle;settlement;-329.295;1.517.801;23;no;;A9;0;ghsl-ucdb. wdpa
Australia;Dubbo;settlement;-32.243;1.486.048;23;no;;A9;0;ghsl-ucdb. wdpa
Australia;Mount Gambier;settlement;-378.318;1.407.792;23;no;;A9;0;ghsl-ucdb. wdpa
Australia;Hornsby;settlement;-337.024;1.510.993;23;no;;A9;0;ghsl-ucdb. wdpa
Australia;Griffith;settlement;-342.885;1.460.509;23;no;;A9;0;ghsl-ucdb. wdpa
Australia;Lilydale;settlement;-37.75;145.35;23;no;;A9;0;ghsl-ucdb. wdpa
Australia;Muswellbrook;settlement;-322.612;1.508.901;23;no;;A9;0;ghsl-ucdb. wdpa
Australia;Australind;settlement;-332.792;115.715;23;no;;A9;0;ghsl-ucdb. wdpa
Australia;Weddin Mountains;site;-33.945;1.480.217;23;no;;A9;0;wdpa
Australia;Eungella;site;-210.193;1.485.761;23;no;;A9;0;wdpa
Australia;Cape Melville;site;-144.681;144.614;23;no;;A9;0;wdpa
Australia;Blackdown Tableland;site;-238.214;1.491.012;23;no;;A9;0;wdpa
Australia;Forty Mile Scrub;site;-180.845;1.448.441;23;no;;A9;0;wdpa
Australia;Cape Arid;site;-336.507;1.232.852;23;no;;A9;0;wdpa
Australia;Unnamed WA33113;site;-329.219;1.218.627;23;no;;A9;0;wdpa
Australia;Lake Campion;site;-311.118;1.183.688;23;no;;A9;0;wdpa
Australia;Lake Magenta;site;-334.984;1.190.439;23;no;;A9;0;wdpa
Australia;Kennedy Range;site;-245.419;1.148.816;23;no;;A9;0;wdpa
Australia;Montebello Islands;site;-204.484;115.55;23;no;;A9;0;wdpa
Australia;Laterite;site;-149.732;1.259.208;23;no;;A9;0;wdpa
Australia;Boorabbin;site;-31.235;1.201.747;23;no;;A9;0;wdpa
Australia;Zuytdorp;site;-270.127;1.141.034;23;no;;A9;0;wdpa
Australia;Single;site;-299.981;1.513.974;23;no;;A9;0;wdpa
Australia;Merriangaah;site;-367.958;1.490.309;23;no;;A9;0;wdpa
Australia;Helena and Aurora Ranges;site;-300.026;1.197.418;23;no;;A9;0;wdpa
Australia;Cobberas;site;-368.382;148.251;23;no;;A9;0;wdpa
Australia;Melsonby (Gaarraay);site;-151.705;1.448.535;23;no;;A9;0;wdpa
Australia;Far West Coast;site;-317.008;1.305.014;23;no;;A9;0;wdpa
Australia;Alwal;site;-152.043;1.435.798;23;no;;A9;0;wdpa
Australia;Barnong Pastoral Lease;site;-285.839;1.163.137;23;no;;A9;0;wdpa
Australia;Barwon;site;-297.602;1.484.603;23;no;;A9;0;wdpa
Australia;Dalgaranga and Noongal Pastoral Leases;site;-279.363;1.170.311;23;no;;A9;0;wdpa
Australia;Batavia;site;-125.426;1.427.369;23;no;;A9;0;wdpa
Australia;Narriearra Caryapundy Swamp;site;-292.066;1.425.246;23;no;;A9;0;wdpa
Australia;Kalbarri;site;-276.659;114.393;20;no;;A9;0;wdpa. wikidata
Australia;Gooming;site;-155.274;1.288.665;20;no;;A9;0;wdpa. wikidata
Australia;Unnamed WA51583;site;-179.945;122.405;20;no;;A9;0;wdpa. wikidata
Australia;Devonport;settlement;-411.769;1.463.515;20;no;;A9;0;ghsl-ucdb. wdpa
Australia;Mutawintji;site;-311.697;1.424.168;20;no;;A9;0;wdpa
Australia;Coulomb Point;site;-172.952;1.222.747;20;no;;A9;0;wdpa
Australia;Burringurrah;site;-24.593;1.169.169;20;no;;A9;0;wdpa
Australia;Mount Martha;settlement;-382.667;1.450.167;19;no;;A9;0;ghsl-ucdb. wdpa. wikidata
Australia;Alexandra Hills;settlement;-275.322;1.532.289;17;no;;A9;0;ghsl-ucdb. wdpa. wikidata
Australia;Dergholm;site;-372.911;1.412.388;17;no;;A9;0;wdpa. wikidata
Australia;Heard and McDonald Islands;site;-53.1;73.5;16;no;;A9;1;unesco-whs. wikidata
Australia;Great Barrier Reef;site;-182.861;147.7;16;no;;A9;1;unesco-whs
Australia;Gondwana Rainforests of Australia;site;-262.717;149.43;16;no;;A9;1;unesco-whs
Australia;Mandurah;settlement;-325.269;1.157.217;16;no;;A9;0;ghsl-ucdb. wdpa. wikidata
Australia;Mildura;settlement;-341.855;1.421.625;16;no;;A9;0;ghsl-ucdb. wdpa. wikidata
Australia;Caboolture;settlement;-270.846;1.529.511;16;no;;A9;0;ghsl-ucdb. wdpa. wikidata
Australia;Glenmore Park;settlement;-337.907;1.506.693;16;no;;A9;0;ghsl-ucdb. wdpa. wikidata
Australia;Stirling Range;site;-344.043;1.180.419;16;no;;A9;0;wdpa. wikidata
Australia;Dumbleyung Lake;site;-333.421;1.176.458;16;no;;A9;0;wdpa. wikidata
Australia;Broad Sound Islands;site;-219.715;1.501.283;16;no;;A9;0;wdpa. wikidata
Australia;Birdcage F.F.R.;site;-35.946;1.418.278;16;no;;A9;0;wdpa. wikidata
Australia;Paroo-Darling;site;-31.327;1.437.603;16;no;;A9;0;wdpa. wikidata
Australia;Bullala;site;-293.746;150.336;16;no;;A9;0;wdpa. wikidata
Australia;Unnamed WA53015;site;-194.046;1.212.317;16;no;;A9;0;wdpa. wikidata
Australia;Pooginook;site;-340.976;1.401.196;16;no;;A9;0;wdpa
Australia;Nuyts Archipelago;site;-323.045;1.337.023;16;no;;A9;0;wdpa
Australia;Pieman River;site;-416.644;1.450.317;16;no;;A9;0;wdpa
Australia;Maitland;settlement;-327.331;1.515.574;16;no;;A9;0;ghsl-ucdb. wdpa
Australia;Mackay;settlement;-211.534;1.491.655;16;no;;A9;0;ghsl-ucdb. wdpa
Australia;Bacchus Marsh;settlement;-376.727;1.444.383;16;no;;A9;0;ghsl-ucdb. wdpa
Australia;Cranbourne East;settlement;-381.153;1.452.981;16;no;;A9;0;ghsl-ucdb. wdpa
Australia;Kirwan;settlement;-193.032;1.467.253;16;no;;A9;0;ghsl-ucdb. wdpa
Australia;Cranebrook;settlement;-337.061;1.507.094;16;no;;A9;0;ghsl-ucdb. wdpa
Australia;Mount Kaputar;site;-302.621;1.501.504;16;no;;A9;0;wdpa
Australia;Myall Lakes;site;-325.121;1.522.885;16;no;;A9;0;wdpa
Australia;Cape Upstart;site;-197.938;147.826;16;no;;A9;0;wdpa
Australia;Isla Gorge;site;-251.354;1.499.281;16;no;;A9;0;wdpa
Australia;Snake Range;site;-240.387;1.475.844;16;no;;A9;0;wdpa
Australia;Deep Creek;site;-356.268;1.382.222;16;no;;A9;0;wdpa
Australia;Woggoon;site;-328.129;1.469.329;16;no;;A9;0;wdpa
Australia;Ingalba;site;-34.486;1.474.098;16;no;;A9;0;wdpa
Australia;Kajuligah;site;-326.942;1.446.878;16;no;;A9;0;wdpa
Australia;Great Barrier Reef;site;-173.422;1.477.423;16;no;;A9;0;wdpa
Australia;Razorback;site;-340.542;1.492.705;16;no;;A9;0;wdpa
Australia;Deepwater;site;-243.054;1.519.265;16;no;;A9;0;wdpa
Australia;Macquarie Harbour;site;-423.663;145.511;16;no;;A9;0;wdpa
Australia;Jilbadji;site;-317.606;1.198.439;16;no;;A9;0;wdpa
Australia;Great Sandy Island;site;-210.418;115.876;16;no;;A9;0;wdpa
Australia;Chesterton Range;site;-261.922;1.473.474;16;no;;A9;0;wdpa
Australia;Culgoa Floodplain;site;-288.928;1.470.041;16;no;;A9;0;wdpa
Australia;Indarra Spring;site;-287.043;1.153.424;16;no;;A9;0;wdpa
Australia;Little Desert;site;-365.441;1.414.992;16;no;;A9;0;wdpa
Australia;Nuytsland;site;-329.083;1.255.751;16;no;;A9;0;wdpa
Australia;Cane River;site;-221.327;1.155.778;16;no;;A9;0;wdpa
Australia;Wollemi;site;-329.481;1.505.467;16;no;;A9;0;wdpa
Australia;Macquarie Marshes;site;-308.084;1.475.981;16;no;;A9;0;wdpa
Australia;Round Hill;site;-330.265;1.461.789;16;no;;A9;0;wdpa
Australia;Three Hummock Island;site;-404.361;1.449.026;16;no;;A9;0;wdpa
Australia;Kent Group;site;-394.693;1.472.585;16;no;;A9;0;wdpa
Australia;Coolah Tops;site;-317.658;1.501.241;16;no;;A9;0;wdpa
Australia;Wingaroo;site;-398.421;1.479.474;16;no;;A9;0;wdpa
Australia;Chinocup;site;-333.731;1.184.065;16;no;;A9;0;wdpa
Australia;Blackbraes;site;-194.862;1.441.308;16;no;;A9;0;wdpa
Australia;Bronzewing F.F.R;site;-352.443;1.423.552;16;no;;A9;0;wdpa
Australia;Wereboldera;site;-35.353;1.482.172;16;no;;A9;0;wdpa
Australia;Nour Nour;site;-252.443;1.514.553;16;no;;A9;0;wdpa
Australia;Lama Lama;site;-144.194;1.436.512;16;no;;A9;0;wdpa
Australia;Black Range;site;-277.575;1.191.214;16;no;;A9;0;wdpa
Australia;Lakeside Pastoral Lease;site;-275.955;1.175.987;16;no;;A9;0;wdpa
Australia;Yanga;site;-347.295;1.437.554;16;no;;A9;0;wdpa
Australia;Pimbee;site;-25.687;1.150.338;16;no;;A9;0;wdpa
Australia;Oyala Thumotang;site;-136.994;1.426.849;16;no;;A9;0;wdpa
Australia;Marion Downs;site;-168.982;1.264.652;16;no;;A9;0;wdpa
Australia;Wuthathi (Shelburne Bay);site;-119.844;1.430.068;16;no;;A9;0;wdpa
Australia;Mount Grenfell;site;-313.085;145.313;16;no;;A9;0;wdpa
Australia;Pittwater;settlement;-336.662;1.513.017;15;no;;A9;0;ghsl-ucdb. wdpa. wikidata
Australia;Kosciuszko;site;-36.181;1.484.411;13;no;;A9;0;wdpa. wikidata
Australia;Gwydir Wetlands;site;-29.29;1.493.412;13;no;;A9;0;wdpa. wikidata
Australia;Carnarvon;site;-248.978;1.477.718;12;no;;A9;0;wdpa
Australia;Diamantina;site;-237.021;1.412.379;12;no;;A9;0;wdpa
Australia;Nairana;site;-216.599;1.468.888;12;no;;A9;0;wdpa
Australia;KULLA (McIlwraith Range);site;-137.459;1.433.423;12;no;;A9;0;wdpa
Australia;Matuwa Kurrara Kurrara;site;-259.822;1.216.401;12;no;;A9;0;wdpa
Australia;Mayala;site;-163.618;1.234.665;12;no;;A9;0;wdpa
Australia;Torquay;settlement;-383.308;1.443.264;11;no;;A9;0;ghsl-ucdb. wdpa. wikidata
Australia;Butterleaf;site;-29.522;1.520.149;11;no;;A9;0;wdpa. wikidata
Australia;Cronulla;settlement;-340.625;1.511.496;10;no;;A12;0;ghsl-ucdb. wikidata
Australia;Granville;settlement;-338.406;1.510.075;10;no;;A12;0;ghsl-ucdb. wikidata
Austria;Saalfelden am Steinernen Meer;settlement;474.268;12.848;100;yes;1;A10. A11. A9;0;cuisine. ghsl-ucdb. osm. wdpa. wikidata
Austria;Villach;settlement;466.103;138.558;96;yes;3;A10. A9. A11;0;cuisine. ghsl-ucdb. osm. wdpa. wikidata
Austria;Salzburg;settlement;477.994;13.044;92;no;;A10. A11. A2;2;cuisine. ghsl-ucdb. osm. unesco-whs. wdpa. wikidata
Austria;Vienna;settlement;482.085;163.721;86;yes;2;A10. A12. A2;2;ghsl-ucdb. unesco-whs. wikidata
Austria;Innsbruck;settlement;472.627;113.945;66;yes;6;A10;0;ghsl-ucdb. osm. wdpa. wikidata
Austria;Graz;settlement;470.673;15.442;59;yes;4;A10;1;cuisine. ghsl-ucdb. unesco-whs. wikidata
Austria;Wiener Neustadt;settlement;478.049;16.232;57;no;;A10;1;ghsl-ucdb. unesco-whs. wikidata
Austria;Klagenfurt am Wörthersee;settlement;466.247;143.053;56;no;;;1;cuisine. ghsl-ucdb. unesco-whs. wikidata
Austria;Sankt Pölten;settlement;482.076;156.372;53;no;;A10;1;cuisine. ghsl-ucdb. unesco-whs. wikidata
Austria;Steyr;settlement;480.427;144.213;51;yes;5;A9;1;cuisine. ghsl-ucdb. unesco-whs. wdpa. wikidata
Austria;Wolfsberg;settlement;468.406;148.442;50;no;;A10;0;cuisine. ghsl-ucdb. osm. wikidata
Austria;Linz;settlement;483.064;142.861;50;no;;A10;0;cuisine. ghsl-ucdb. wikidata
Austria;Amstetten;settlement;481.229;148.721;47;no;;A10. A9;0;cuisine. ghsl-ucdb. wdpa. wikidata
Austria;Baden;settlement;480.054;162.326;44;no;;;1;ghsl-ucdb. unesco-whs. wikidata
Austria;Feldkirch;settlement;472.364;95.973;42;no;;A11;0;ghsl-ucdb. osm. wikidata
Austria;Wels;settlement;481.667;140.333;42;no;;A10;0;cuisine. ghsl-ucdb. wdpa. wikidata
Austria;Bregenz;settlement;475.031;97.471;29;no;;A11. A10;0;ghsl-ucdb. osm. wikidata
Austria;Telfs;settlement;473.071;110.682;29;no;;A10;0;ghsl-ucdb. wdpa. wikidata
Austria;Q37933759;site;467.768;129.224;28;yes;8;A10. A11;0;cuisine. osm. wikidata
Austria;Eisenzicken;settlement;47.276;162.591;25;yes;9;A10;0;ghsl-ucdb. wikidata
Austria;Bludenz;settlement;471.548;98.225;22;no;;;0;ghsl-ucdb. wdpa. wikidata
Austria;Stockerau;settlement;483.833;162.167;21;no;;A10;0;ghsl-ucdb. wikidata
Austria;Ansfelden;settlement;482.097;14.29;20;no;;;0;cuisine. ghsl-ucdb. wikidata
Austria;Traun;settlement;482.209;142.383;16;no;;;0;cuisine. ghsl-ucdb. wikidata
Austria;Lustenau;settlement;474.264;96.585;16;yes;7;;0;ghsl-ucdb. wikidata
Austria;Dornbirn;settlement;474.143;97.419;12;no;;A10;0;ghsl-ucdb. wikidata
Austria;Hohenems;settlement;473.612;96.869;11;no;;;0;ghsl-ucdb. wdpa. wikidata
Azerbaijan;Baku;settlement;403.777;49.892;100;yes;1;A12. A11;1;ghsl-ucdb. osm. unesco-whs. wikidata
Azerbaijan;Zaqatala;settlement;416.316;466.448;80;yes;2;A9;0;ghsl-ucdb. osm. wdpa. wikidata
Azerbaijan;Shusha;settlement;397.601;467.499;68;yes;3;A11;0;cuisine. ghsl-ucdb. osm. wdpa. wikidata
Azerbaijan;Sheki;settlement;411.919;471.706;67;yes;10;A11;1;cuisine. ghsl-ucdb. osm. unesco-whs. wikidata
Azerbaijan;Aghdam;settlement;39.991;469.274;53;no;;A11;0;cuisine. ghsl-ucdb. osm. wikidata
Azerbaijan;Ganja;settlement;406.816;463.613;50;yes;5;A9. A11;0;cuisine. ghsl-ucdb. osm. wdpa. wikidata
Azerbaijan;Tartar;settlement;40.342;469.316;47;no;;A11;0;cuisine. ghsl-ucdb. osm. wikidata
Azerbaijan;Sumgayit;settlement;405.897;496.686;38;no;;A11;0;ghsl-ucdb. osm. wikidata
Azerbaijan;Ismayilli;settlement;407.848;481.514;37;yes;4;A9;0;cuisine. ghsl-ucdb. osm. wdpa. wikidata
Azerbaijan;Gazakh;settlement;410.925;453.656;35;yes;9;A11. A9;0;cuisine. ghsl-ucdb. osm. wdpa. wikidata
Azerbaijan;Qusar;settlement;414.275;484.302;35;no;;A9;0;cuisine. ghsl-ucdb. osm. wdpa. wikidata
Azerbaijan;Salyan;settlement;395.962;489.848;32;no;;A9;0;cuisine. ghsl-ucdb. osm. wdpa. wikidata
Azerbaijan;Shamkhir;settlement;408.297;460.178;32;no;;A11;0;cuisine. ghsl-ucdb. osm. wdpa. wikidata
Azerbaijan;Mardakan;settlement;404.918;501.429;30;no;;A11;0;ghsl-ucdb. osm. wikidata
Azerbaijan;Shamakhi;settlement;406.314;486.414;29;no;;A11;1;cuisine. ghsl-ucdb. osm. unesco-whs. wikidata
Azerbaijan;Fuzuli;settlement;396.009;471.453;27;no;;A11;0;cuisine. ghsl-ucdb. osm. wikidata
Azerbaijan;Hacıqabul;settlement;400.387;489.429;26;yes;6;;1;cuisine. ghsl-ucdb. osm. unesco-whs. wikidata
Azerbaijan;Naxçıvan;settlement;392.089;454.122;26;yes;8;A11;0;ghsl-ucdb. osm. wdpa. wikidata
Azerbaijan;Maştağa;settlement;405.298;500.062;26;no;;A11;0;ghsl-ucdb. osm. wikidata
Azerbaijan;Mingachevir;settlement;407.642;470.623;26;no;;A9;0;cuisine. ghsl-ucdb. osm. wdpa
Azerbaijan;Biny Selo;settlement;404.508;500.869;25;no;;A11;0;ghsl-ucdb. osm. wikidata
Azerbaijan;Lankaran;settlement;387.543;488.506;23;yes;11;A9;0;ghsl-ucdb. osm. wdpa. wikidata
Azerbaijan;Nehram;settlement;39.116;454.617;22;no;;A9;0;ghsl-ucdb. osm. wdpa. wikidata
Azerbaijan;Govlar;settlement;40.946;457.317;22;no;;A11;0;cuisine. ghsl-ucdb. osm. wdpa. wikidata
Azerbaijan;Quba;settlement;413.611;485.134;21;no;;A11;0;cuisine. ghsl-ucdb. osm. wikidata
Azerbaijan;Aghjabadi;settlement;400.502;474.594;19;yes;13;A9;0;cuisine. ghsl-ucdb. osm. wdpa. wikidata
Azerbaijan;Xaçmaz;settlement;414.643;488.056;18;yes;7;;0;cuisine. ghsl-ucdb. osm
Azerbaijan;Ağdaş;settlement;40.647;474.738;17;no;;A9;0;cuisine. ghsl-ucdb. osm. wdpa
Azerbaijan;Göyçay;settlement;406.506;477.422;17;no;;;0;cuisine. ghsl-ucdb. osm. wikidata
Azerbaijan;Kyurdarmir;settlement;403.426;481.565;14;no;;;0;cuisine. ghsl-ucdb. osm
Azerbaijan;Yevlakh;settlement;406.183;471.501;14;yes;12;;0;cuisine. ghsl-ucdb. osm
Azerbaijan;Barda;settlement;403.758;471.262;13;no;;A11;0;cuisine. ghsl-ucdb. osm. wikidata
Azerbaijan;Neftçala;settlement;393.768;49.247;13;yes;14;A9;0;ghsl-ucdb. wdpa. wikidata
Azerbaijan;Şirvan;settlement;399.378;48.929;12;no;;;0;cuisine. ghsl-ucdb. osm
Azerbaijan;Pushkino;settlement;394.583;48.545;11;yes;15;A11;0;cuisine. ghsl-ucdb. osm
Azerbaijan;Siyazan;settlement;410.781;491.156;11;no;;A12;0;cuisine. ghsl-ucdb. osm. wikidata
Azerbaijan;Ujar;settlement;40.519;476.542;11;no;;;0;cuisine. ghsl-ucdb. osm
Azerbaijan;Aghsu;settlement;405.703;484.009;10;no;;;0;cuisine. ghsl-ucdb. osm
Bahamas;Nassau;settlement;250.582;-773.431;100;yes;1;A11;0;ghsl-ucdb. osm
Bahamas;Blue Holes National Park;site;247.863;-779.227;100;yes;3;A9;0;wdpa
Bahamas;Freeport;settlement;265.333;-78.7;79;yes;2;A11;0;ghsl-ucdb. osm
Bahamas;Lucaya;settlement;265.333;-786.667;32;no;;A11;0;ghsl-ucdb. osm
Bahrain;Manama;settlement;262.279;505.857;100;yes;1;A11;1;ghsl-ucdb. osm. unesco-whs. wikidata
Bahrain;Al Muharraq;settlement;262.572;506.119;77;no;;A11;1;ghsl-ucdb. osm. unesco-whs. wikidata
Bahrain;Ar Rifā‘;settlement;26.13;50.555;64;no;;A11;0;ghsl-ucdb. osm
Bahrain;Dār Kulayb;settlement;260.686;505.039;52;no;;;1;ghsl-ucdb. osm. unesco-whs. wikidata
Bahrain;Sitrah;settlement;261.547;506.206;38;no;;A11;0;ghsl-ucdb. osm. wikidata
Bahrain;Madīnat Ḩamad;settlement;261.153;505.069;29;no;;A11;0;ghsl-ucdb. osm. wikidata
Bangladesh;Sonārgaon;settlement;23.65;906.167;100;yes;1;A10;0;cuisine. ghsl-ucdb. wikidata
Bangladesh;The Sundarbans;site;217.758;89.232;100;yes;2;A9;1;unesco-whs. wdpa
Bangladesh;Bagerhat;settlement;226.566;897.912;93;yes;4;;1;ghsl-ucdb. unesco-whs. wikidata
Bangladesh;Joypur Hāt;settlement;251.015;890.273;93;yes;3;;1;ghsl-ucdb. unesco-whs. wikidata
Bangladesh;Dhaka;settlement;237.104;904.074;55;no;;A12;0;cuisine. ghsl-ucdb. wikidata
Bangladesh;Gazipur;settlement;239.984;904.223;47;no;;A12;0;cuisine. ghsl-ucdb. wdpa
Bangladesh;Muktāgācha;settlement;247.648;90.257;47;no;;;0;cuisine. ghsl-ucdb. wdpa
Bangladesh;Natore;settlement;244.111;889.867;45;no;;A12;0;cuisine. ghsl-ucdb
Bangladesh;Savar;settlement;238.486;90.25;45;no;;A12;0;cuisine. ghsl-ucdb
Bangladesh;Narsingdi;settlement;23.923;907.177;45;no;;A12;0;cuisine. ghsl-ucdb
Bangladesh;Nagar Naluākot;settlement;241.561;907.728;45;no;;A12;0;cuisine. ghsl-ucdb
Bangladesh;Nāgarpur;settlement;240.578;89.877;45;no;;A12;0;cuisine. ghsl-ucdb
Bangladesh;Mymensingh;settlement;247.564;904.065;45;yes;5;A12;0;cuisine. ghsl-ucdb
Bangladesh;Bogra;settlement;24.851;893.711;45;no;;A12;0;cuisine. ghsl-ucdb
Bangladesh;Pābna;settlement;240.064;892.372;45;yes;6;A12;0;cuisine. ghsl-ucdb
Bangladesh;Tangail;settlement;242.498;899.166;45;yes;12;A12;0;cuisine. ghsl-ucdb
Bangladesh;Jamālpur;settlement;249.197;899.481;45;no;;A12;0;cuisine. ghsl-ucdb
Bangladesh;Puthia;settlement;243.654;888.343;45;no;;A12;0;cuisine. ghsl-ucdb
Bangladesh;Kushtia;settlement;239.028;891.194;45;no;;A12;0;cuisine. ghsl-ucdb
Bangladesh;Sirajganj;settlement;244.577;89.708;45;no;;A12;0;cuisine. ghsl-ucdb
Bangladesh;Farīdpur;settlement;236.061;898.406;45;yes;9;A12;0;cuisine. ghsl-ucdb
Bangladesh;Sherpur;settlement;250.188;900.175;45;no;;A12;0;cuisine. ghsl-ucdb
Bangladesh;Bhairab Bāzār;settlement;240.524;909.764;45;no;;A12;0;cuisine. ghsl-ucdb
Bangladesh;Shāhzādpur;settlement;241.769;895.988;45;no;;A12;0;cuisine. ghsl-ucdb
Bangladesh;Kishorganj;settlement;244.394;907.829;45;no;;A12;0;cuisine. ghsl-ucdb
Bangladesh;Madaripur;settlement;23.171;902.094;45;no;;A12;0;cuisine. ghsl-ucdb
Bangladesh;Ishwardi;settlement;241.286;890.657;45;no;;A12;0;cuisine. ghsl-ucdb
Bangladesh;Sarishābāri;settlement;247.513;898.313;45;no;;A12;0;cuisine. ghsl-ucdb
Bangladesh;Mānikganj;settlement;238.577;900.096;45;no;;A12;0;cuisine. ghsl-ucdb
Bangladesh;Pālang;settlement;232.182;903.508;45;no;;A12;0;cuisine. ghsl-ucdb
Bangladesh;Narail;settlement;231.551;894.951;45;no;;A12;0;cuisine. ghsl-ucdb
Bangladesh;Gopālganj;settlement;232.235;900.604;45;no;;A12;0;cuisine. ghsl-ucdb
Bangladesh;Kālīganj;settlement;234.096;89.138;45;no;;A12;0;cuisine. ghsl-ucdb
Bangladesh;Dohār;settlement;235.931;901.425;45;no;;A12;0;cuisine. ghsl-ucdb
Bangladesh;Bhanga;settlement;233.919;899.839;45;no;;A12;0;cuisine. ghsl-ucdb
Bangladesh;Mirzāpur;settlement;241.029;900.984;45;no;;A12;0;cuisine. ghsl-ucdb
Bangladesh;Sakhipur;settlement;243.199;901.694;45;no;;A12;0;cuisine. ghsl-ucdb
Bangladesh;Kālia;settlement;23.043;896.309;45;no;;A12;0;cuisine. ghsl-ucdb
Bangladesh;Bera;settlement;240.782;896.326;45;no;;A12;0;cuisine. ghsl-ucdb
Bangladesh;Bherāmāra;settlement;240.245;889.923;45;no;;A12;0;cuisine. ghsl-ucdb
Bangladesh;Bājitpur;settlement;242.162;90.95;45;yes;13;A12;0;cuisine. ghsl-ucdb
Bangladesh;Char Bhadrāsan;settlement;233.092;90.227;45;no;;A12;0;cuisine. ghsl-ucdb
Bangladesh;Gafargaon;settlement;24.432;905.585;45;no;;A12;0;cuisine. ghsl-ucdb
Bangladesh;Cox’s Bāzār;settlement;214.397;920.096;27;yes;7;A9;0;ghsl-ucdb. osm. wdpa
Bangladesh;Rangamati;settlement;226.432;921.919;25;yes;8;A9;0;ghsl-ucdb. wdpa
Bangladesh;Bibir Hat;settlement;226.835;917.906;25;no;;A9;0;ghsl-ucdb. wdpa
Bangladesh;Khagrachhari;settlement;231.079;919.701;25;no;;A9;0;ghsl-ucdb. wdpa
Bangladesh;Taluker Char Doani;settlement;22.14;899.414;25;no;;A9;0;ghsl-ucdb. wdpa
Bangladesh;Natona;settlement;220.513;90.032;25;no;;A9;0;ghsl-ucdb. wdpa
Bangladesh;Uttar Char Fasson;settlement;222.265;907.127;25;yes;10;;0;ghsl-ucdb. wdpa
Bangladesh;Comilla;settlement;234.619;91.185;15;no;;A12;0;ghsl-ucdb. wikidata
Bangladesh;Shibganj;settlement;250.015;893.227;15;no;;A12;0;ghsl-ucdb. wikidata
Bangladesh;Sylhet;settlement;24.899;91.872;15;yes;11;A12;0;ghsl-ucdb. wikidata
Bangladesh;Pār Naogaon;settlement;248.042;889.488;15;no;;A12;0;ghsl-ucdb. wikidata
Bangladesh;Sunāmganj;settlement;250.689;914.024;15;no;;A12;0;ghsl-ucdb. wikidata
Bangladesh;Sātkania;settlement;220.764;920.495;13;no;;;0;ghsl-ucdb. wdpa
Bangladesh;Teknāf;settlement;208.583;922.977;13;no;;;0;ghsl-ucdb. wdpa
Bangladesh;Dohazāri;settlement;221.639;920.733;13;no;;;0;ghsl-ucdb. wdpa
Barbados;Bridgetown;settlement;131.073;-596.202;100;yes;1;;1;ghsl-ucdb. unesco-whs. wikidata
Belarus;Minsk;settlement;539.002;275.665;100;yes;1;A11. A12;0;cuisine. ghsl-ucdb. osm. wikidata
Belarus;Hrodna;settlement;536.758;238.289;87;yes;2;A11;0;ghsl-ucdb. osm. wdpa. wikidata
Belarus;Žytkavičy;settlement;522.168;278.561;82;yes;3;A11. A9;0;cuisine. ghsl-ucdb. osm. wdpa. wikidata
Belarus;Brest;settlement;521.089;237.175;78;yes;4;A11;0;ghsl-ucdb. osm. wdpa. wikidata
Belarus;Homyel';settlement;524.345;309.754;72;yes;5;A11;0;ghsl-ucdb. osm. wikidata
Belarus;Vitebsk;settlement;551.904;302.049;70;yes;7;A11;0;ghsl-ucdb. osm. wikidata
Belarus;Baranovichi;settlement;531.326;260.078;69;yes;6;A11;0;cuisine. ghsl-ucdb. osm. wdpa. wikidata
Belarus;Mahilyow;settlement;539.088;303.404;69;yes;8;A11;0;cuisine. ghsl-ucdb. osm. wdpa. wikidata
Belarus;Pinsk;settlement;521.215;260.673;68;yes;10;A9. A11;0;cuisine. ghsl-ucdb. osm. wdpa. wikidata
Belarus;Orsha;settlement;545.136;304.036;67;yes;18;A11;0;cuisine. ghsl-ucdb. osm. wdpa. wikidata
Belarus;Hlybokaye;settlement;551.393;276.914;66;yes;9;A11;0;cuisine. ghsl-ucdb. osm. wdpa. wikidata
Belarus;Soligorsk;settlement;527.898;275.358;58;no;;A11;0;cuisine. ghsl-ucdb. osm. wdpa
Belarus;Mazyr;settlement;520.416;292.163;57;yes;13;A11;0;cuisine. ghsl-ucdb. osm. wikidata
Belarus;Lida;settlement;538.833;252.997;57;yes;12;A11;0;cuisine. ghsl-ucdb. osm. wdpa. wikidata
Belarus;Bobruysk;settlement;531.468;292.055;56;yes;11;A11;0;cuisine. ghsl-ucdb. osm. wdpa. wikidata
Belarus;Pastavy;settlement;551.168;268.326;55;no;;A11;0;cuisine. ghsl-ucdb. osm. wdpa. wikidata
Belarus;Novogrudok;settlement;535.942;258.191;54;no;;A11;0;cuisine. ghsl-ucdb. osm. wdpa. wikidata
Belarus;Barysaw;settlement;542.279;28.505;53;no;;A11;0;cuisine. ghsl-ucdb. osm. wikidata
Belarus;Vaukavysk;settlement;531.561;244.513;53;no;;A11;0;ghsl-ucdb. osm. wdpa. wikidata
Belarus;Nesvizh;settlement;532.219;266.768;53;no;;A11;1;cuisine. ghsl-ucdb. osm. unesco-whs. wikidata
Belarus;Lyepyel’;settlement;548.814;28.699;52;no;;A11. A9;0;cuisine. ghsl-ucdb. osm. wdpa. wikidata
Belarus;Mar’ina Gorka;settlement;53.509;28.147;51;no;;A11;0;cuisine. ghsl-ucdb. osm. wikidata
Belarus;Byaroza;settlement;525.313;249.782;51;yes;14;A11;0;ghsl-ucdb. osm. wdpa. wikidata
Belarus;Novopolotsk;settlement;555.262;285.931;50;no;;A11;0;ghsl-ucdb. osm. wdpa. wikidata
Belarus;Polotsk;settlement;554.879;287.856;49;yes;16;A11;0;ghsl-ucdb. osm. wdpa. wikidata
Belarus;Dzyarzhynsk;settlement;536.848;271.317;49;no;;A11;0;cuisine. ghsl-ucdb. osm. wikidata
Belarus;Stowbtsy;settlement;534.799;267.351;49;no;;A11;1;cuisine. ghsl-ucdb. osm. unesco-whs. wdpa. wikidata
Belarus;Luninyets;settlement;522.486;268.006;47;no;;A11;0;cuisine. ghsl-ucdb. osm. wdpa. wikidata
Belarus;Shchuchyn;settlement;536.014;247.465;46;no;;A11. A9;0;ghsl-ucdb. osm. wdpa. wikidata
Belarus;Pruzhany;settlement;525.546;244.548;45;no;;A9;0;ghsl-ucdb. osm. wdpa. wikidata
Belarus;Maladziečna;settlement;543.167;26.854;44;no;;A11;0;cuisine. ghsl-ucdb. osm. wikidata
Belarus;Slonim;settlement;530.875;253.171;43;no;;A11;0;cuisine. ghsl-ucdb. osm. wdpa. wikidata
Belarus;Zaslawye;settlement;540.114;272.695;43;no;;A11;0;cuisine. ghsl-ucdb. osm. wikidata
Belarus;Smarhoń;settlement;544.798;263.957;42;yes;15;A11;0;cuisine. ghsl-ucdb. osm. wdpa. wikidata
Belarus;Kobryn;settlement;522.117;243.563;42;no;;A11;0;ghsl-ucdb. osm. wdpa. wikidata
Belarus;Kalinkovichi;settlement;521.323;293.257;41;no;;A11;0;cuisine. ghsl-ucdb. osm
Belarus;Fanipol;settlement;53.75;273.334;40;no;;A11;0;cuisine. ghsl-ucdb. osm
Belarus;Ivanovo;settlement;521.472;25.532;40;no;;A11. A9;1;ghsl-ucdb. osm. unesco-whs. wdpa. wikidata
Belarus;Bykhov;settlement;535.213;302.308;39;no;;A11;0;cuisine. ghsl-ucdb. osm. wdpa. wikidata
Belarus;Logoysk;settlement;542.064;278.512;38;no;;A11;0;cuisine. ghsl-ucdb. osm. wikidata
Belarus;Oshmyany;settlement;544.181;259.373;37;no;;A11;0;cuisine. ghsl-ucdb. osm. wdpa. wikidata
Belarus;Svetlogorsk;settlement;526.329;297.389;37;no;;A11;0;cuisine. ghsl-ucdb. osm. wdpa. wikidata
Belarus;Vileyka;settlement;544.914;269.111;37;no;;A11;0;cuisine. ghsl-ucdb. osm. wdpa. wikidata
Belarus;Ivatsevichi;settlement;527.079;253.351;36;no;;A11;0;cuisine. ghsl-ucdb. osm. wdpa. wikidata
Belarus;Krychaw;settlement;537.192;317.136;35;yes;17;A11;0;ghsl-ucdb. osm. wikidata
Belarus;Dobrush;settlement;524.147;313.143;31;no;;A11;0;ghsl-ucdb. osm. wdpa
Belarus;Rechytsa;settlement;523.617;303.916;31;no;;A11;0;cuisine. ghsl-ucdb. osm
Belarus;Astraviec;settlement;546.138;259.554;30;no;;A11;0;cuisine. ghsl-ucdb. osm. wdpa. wikidata
Belarus;Slutsk;settlement;530.152;275.416;27;no;;A11;0;cuisine. ghsl-ucdb. osm. wikidata
Belarus;Zhlobin;settlement;528.926;30.024;25;no;;A11;0;cuisine. ghsl-ucdb. osm. wdpa. wikidata
Belarus;Smaliavičy;settlement;540.249;280.894;25;no;;A11;0;cuisine. ghsl-ucdb. osm. wdpa. wikidata
Belarus;Rahachow;settlement;530.926;300.486;23;no;;A11;0;cuisine. ghsl-ucdb. osm. wikidata
Belarus;Osipovichi;settlement;533.059;286.287;20;no;;A11;0;cuisine. ghsl-ucdb. osm. wdpa
Belarus;Horki;settlement;542.861;30.986;19;no;;A11;0;ghsl-ucdb. osm. wikidata
Belarus;Horad Zhodzina;settlement;540.985;283.331;14;no;;A11;0;cuisine. ghsl-ucdb. osm
Belgium;Brussels;settlement;508.505;43.488;100;yes;1;A10. A12. A2;3;cuisine. ghsl-ucdb. unesco-whs. wikidata
Belgium;Eupen;settlement;506.279;60.365;85;yes;2;A11;0;ghsl-ucdb. osm. wdpa. wikidata
Belgium;Arlon;settlement;496.833;58.167;83;yes;3;A11;0;ghsl-ucdb. osm. wdpa. wikidata
Belgium;Braine-l'Alleud;settlement;506.836;43.678;65;no;;A9;1;cuisine. ghsl-ucdb. unesco-whs. wikidata
Belgium;Antwerp;settlement;512.205;44.003;61;no;;A12. A2;2;ghsl-ucdb. unesco-whs. wikidata
Belgium;Ninove;settlement;508.278;40.266;54;no;;A10;0;cuisine. ghsl-ucdb. wikidata
Belgium;Gent;settlement;51.05;37.167;49;no;;A10;0;ghsl-ucdb. wikidata
Belgium;Aalst;settlement;50.936;40.355;47;no;;A10;0;cuisine. ghsl-ucdb. wikidata
Belgium;Leuven;settlement;508.796;47.009;47;no;;A10;0;cuisine. ghsl-ucdb. wikidata
Belgium;Puurs;settlement;510.741;42.884;46;no;;A10;0;cuisine. ghsl-ucdb. wikidata
Belgium;Brugge;settlement;512.089;32.242;45;yes;4;;1;ghsl-ucdb. unesco-whs. wikidata
Belgium;Rotselaar;settlement;50.953;47.166;44;no;;;0;cuisine. ghsl-ucdb. wikidata
Belgium;Mechelen;settlement;510.257;44.776;43;no;;;0;cuisine. ghsl-ucdb. wikidata
Belgium;Boom;settlement;510.924;43.717;43;no;;;0;cuisine. ghsl-ucdb. wikidata
Belgium;Lier;settlement;511.313;45.704;42;no;;;0;cuisine. ghsl-ucdb. wikidata
Belgium;Rixensart;settlement;507.123;45.253;41;no;;A10;0;cuisine. ghsl-ucdb. wikidata
Belgium;Willebroek;settlement;510.604;43.602;40;no;;;0;cuisine. ghsl-ucdb. wikidata
Belgium;Tubize;settlement;506.906;42.009;40;no;;;0;cuisine. ghsl-ucdb. wikidata
Belgium;Duffel;settlement;510.955;4.509;39;no;;;0;cuisine. ghsl-ucdb. wikidata
Belgium;Tessenderlo;settlement;510.651;50.886;39;no;;;0;cuisine. ghsl-ucdb. wikidata
Belgium;Sint-Truiden;settlement;508.168;51.865;38;no;;A10;0;cuisine. ghsl-ucdb. wikidata
Belgium;Putte;settlement;510.534;46.326;38;no;;;0;cuisine. ghsl-ucdb. wikidata
Belgium;Heist-op-den-Berg;settlement;510.754;47.283;38;no;;;0;cuisine. ghsl-ucdb. wikidata
Belgium;Aarschot;settlement;509.871;48.369;38;no;;;0;cuisine. ghsl-ucdb. wikidata
Belgium;Walcourt;settlement;50.254;4.438;37;yes;5;A11. A9;0;cuisine. ghsl-ucdb. osm. wdpa. wikidata
Belgium;Tienen;settlement;508.075;49.378;36;no;;;0;cuisine. ghsl-ucdb. wikidata
Belgium;Wavre;settlement;507.172;46.014;36;no;;;0;cuisine. ghsl-ucdb. wikidata
Belgium;Liège;settlement;506.337;55.675;35;no;;;0;ghsl-ucdb. wikidata
Belgium;Diest;settlement;509.892;50.506;35;no;;;0;cuisine. ghsl-ucdb. wikidata
Belgium;Kalmthout;settlement;513.844;44.756;35;yes;9;A9;0;ghsl-ucdb. wdpa. wikidata
Belgium;Louvain-la-Neuve;settlement;506.683;46.144;34;no;;;0;cuisine. ghsl-ucdb. wikidata
Belgium;Westerlo;settlement;510.905;49.154;34;no;;;0;cuisine. ghsl-ucdb. wikidata
Belgium;Namur;settlement;504.669;48.675;33;no;;;0;cuisine. ghsl-ucdb. wikidata
Belgium;Pont-à-Celles;settlement;505.052;43.689;33;no;;;0;cuisine. ghsl-ucdb. wikidata
Belgium;Nijlen;settlement;51.161;46.701;33;no;;A10;0;ghsl-ucdb. wikidata
Belgium;La Louvière;settlement;504.866;41.879;33;no;;;1;cuisine. ghsl-ucdb. unesco-whs. wikidata
Belgium;Hasselt;settlement;509.311;53.378;32;no;;;0;cuisine. ghsl-ucdb. wikidata
Belgium;Bornem;settlement;510.972;42.436;31;no;;;0;ghsl-ucdb. wikidata
Belgium;Herzele;settlement;508.868;38.901;30;no;;A10;0;ghsl-ucdb. wikidata
Belgium;Dendermonde;settlement;510.287;41.011;30;no;;;0;ghsl-ucdb. wikidata
Belgium;Wetteren;settlement;510.053;38.834;30;no;;;0;ghsl-ucdb. wikidata
Belgium;Zele;settlement;510.657;40.403;30;no;;;0;ghsl-ucdb. wikidata
Belgium;Lokeren;settlement;511.036;39.934;30;no;;;0;ghsl-ucdb. wikidata
Belgium;Verviers;settlement;505.891;58.624;29;no;;;1;ghsl-ucdb. osm. unesco-whs. wikidata
Belgium;Mons;settlement;504.541;39.523;29;no;;;1;cuisine. ghsl-ucdb. unesco-whs. wikidata
Belgium;Binche;settlement;504.115;41.647;29;no;;;1;cuisine. ghsl-ucdb. unesco-whs. wikidata
Belgium;Lille;settlement;51.242;48.231;28;no;;A10;0;ghsl-ucdb. wikidata
Belgium;Sint-Niklaas;settlement;511.651;41.437;28;no;;;0;ghsl-ucdb. wikidata
Belgium;Soignies;settlement;50.579;40.713;28;no;;;0;cuisine. ghsl-ucdb. wikidata
Belgium;Nivelles;settlement;505.983;43.285;28;no;;;0;cuisine. ghsl-ucdb. wikidata
Belgium;Braine-le-Comte;settlement;506.098;41.466;28;no;;;0;cuisine. ghsl-ucdb. wikidata
Belgium;Deinze;settlement;509.817;3.531;27;no;;A10;0;ghsl-ucdb. wikidata
Belgium;Stekene;settlement;512.099;40.365;27;no;;;0;ghsl-ucdb. wikidata
Belgium;Kortrijk;settlement;50.828;32.649;26;no;;;0;ghsl-ucdb. wikidata
Belgium;Flémalle-Haute;settlement;505.999;54.447;26;no;;;0;cuisine. ghsl-ucdb. wikidata
Belgium;Geel;settlement;511.656;49.892;26;no;;;0;ghsl-ucdb. wikidata
Belgium;Kasterlee;settlement;512.412;49.665;25;no;;;0;ghsl-ucdb. wikidata
Belgium;Ronse;settlement;507.457;36.005;25;no;;A10;0;ghsl-ucdb. wikidata
Belgium;Zottegem;settlement;508.695;38.105;25;no;;;0;ghsl-ucdb. wikidata
Belgium;Tournai;settlement;506.071;33.893;24;yes;7;;1;ghsl-ucdb. unesco-whs. wikidata
Belgium;Geraardsbergen;settlement;507.734;38.822;24;no;;;0;ghsl-ucdb. wikidata
Belgium;Herentals;settlement;511.765;48.325;24;no;;;0;ghsl-ucdb. wikidata
Belgium;Beerse;settlement;513.193;4.853;24;no;;;0;ghsl-ucdb. wikidata
Belgium;Eeklo;settlement;51.187;35.565;24;no;;A10;0;ghsl-ucdb. wikidata
Belgium;Gembloux;settlement;505.615;46.989;23;no;;;0;cuisine. ghsl-ucdb. wikidata
Belgium;Charleroi;settlement;504.114;44.445;23;no;;;1;cuisine. ghsl-ucdb. unesco-whs. wikidata
Belgium;Schilde;settlement;512.411;45.834;23;no;;;0;ghsl-ucdb. wikidata
Belgium;Maldegem;settlement;512.074;34.451;23;no;;A10;0;ghsl-ucdb. wikidata
Belgium;Wervik;settlement;507.807;30.385;23;no;;A11;0;ghsl-ucdb. osm. wikidata
Belgium;Lessines;settlement;50.711;38.358;23;no;;;0;ghsl-ucdb. wikidata
Belgium;Hoogstraten;settlement;514.003;47.603;22;no;;;1;ghsl-ucdb. unesco-whs. wikidata
Belgium;Huy;settlement;505.189;52.328;22;no;;;0;cuisine. ghsl-ucdb. wikidata
Belgium;Mol;settlement;511.919;51.166;22;no;;;0;ghsl-ucdb. wikidata
Belgium;Marche-en-Famenne;settlement;502.268;53.442;22;yes;8;A10;0;ghsl-ucdb. wdpa. wikidata
Belgium;Oudenaarde;settlement;508.517;36.089;22;no;;;0;ghsl-ucdb. wikidata
Belgium;Fleurus;settlement;504.835;45.501;22;no;;;0;cuisine. ghsl-ucdb. wikidata
Belgium;Koersel;settlement;510.591;52.712;22;yes;6;A10;0;ghsl-ucdb. wikidata
Belgium;Stabroek;settlement;513.319;43.713;22;no;;;0;ghsl-ucdb. wikidata
Belgium;Waregem;settlement;50.889;34.276;21;no;;;0;ghsl-ucdb. wikidata
Belgium;Ieper;settlement;508.511;28.857;21;no;;;0;ghsl-ucdb. wikidata
Belgium;Maaseik;settlement;51.098;57.838;21;no;;A10;0;ghsl-ucdb. wikidata
Belgium;Bevere;settlement;508.496;35.873;20;no;;;0;ghsl-ucdb. wikidata
Belgium;Tongeren;settlement;507.805;54.648;20;no;;;1;ghsl-ucdb. unesco-whs. wikidata
Belgium;Ath;settlement;506.294;3.778;20;no;;;0;ghsl-ucdb. wikidata
Belgium;Aalter;settlement;510.902;34.469;19;no;;;0;ghsl-ucdb. wikidata
Belgium;Bilzen;settlement;508.732;55.184;19;no;;;0;ghsl-ucdb. wikidata
Belgium;Heusden;settlement;510.366;52.801;19;no;;;0;ghsl-ucdb. wikidata
Belgium;Helchteren;settlement;510.559;53.824;19;no;;;0;ghsl-ucdb. wikidata
Belgium;Balen;settlement;511.684;51.703;19;no;;;0;ghsl-ucdb. wikidata
Belgium;Zolder;settlement;510.245;53.098;19;no;;;0;ghsl-ucdb. wikidata
Belgium;Andenne;settlement;504.894;50.951;19;no;;;0;cuisine. ghsl-ucdb. wikidata
Belgium;Mouscron;settlement;50.745;32.064;19;no;;A11;0;ghsl-ucdb. osm. wikidata
Belgium;Knokke-Heist;settlement;51.35;32.667;19;no;;;0;ghsl-ucdb. wdpa. wikidata
Belgium;Menen;settlement;507.972;31.225;18;no;;;0;ghsl-ucdb. osm. wikidata
Belgium;Genk;settlement;50.965;55.008;18;no;;;0;ghsl-ucdb. wikidata
Belgium;Houthalen;settlement;510.343;53.743;18;no;;;0;ghsl-ucdb. wikidata
Belgium;Dour;settlement;503.958;37.779;18;no;;A11;0;ghsl-ucdb. osm. wikidata
Belgium;Diksmuide;settlement;510.325;28.638;18;no;;;0;ghsl-ucdb. wikidata
Belgium;Tielt;settlement;509.993;33.271;17;no;;;0;ghsl-ucdb. wikidata
Belgium;Ostend;settlement;512.155;2.927;17;no;;;0;ghsl-ucdb. wikidata
Belgium;Soumagne;settlement;506.138;57.468;17;no;;A10;0;ghsl-ucdb. wikidata
Belgium;Turnhout;settlement;513.225;49.447;16;no;;;0;ghsl-ucdb. wikidata
Belgium;Poperinge;settlement;508.539;27.266;16;no;;;0;ghsl-ucdb. osm. wikidata
Belgium;Torhout;settlement;510.656;31.008;16;no;;;0;ghsl-ucdb. wikidata
Belgium;Roeselare;settlement;509.465;31.227;16;no;;;0;ghsl-ucdb. wikidata
Belgium;Izegem;settlement;50.914;32.138;16;no;;;0;ghsl-ucdb. wikidata
Belgium;Zedelgem;settlement;511.424;31.368;16;no;;;0;ghsl-ucdb. wikidata
Belgium;Beringen;settlement;510.495;52.261;16;no;;;0;ghsl-ucdb. wikidata
Belgium;Wevelgem;settlement;50.8;31.667;16;no;;;0;ghsl-ucdb. wikidata
Belgium;Peer;settlement;511.303;54.595;16;no;;;0;ghsl-ucdb. wikidata
Belgium;Maasmechelen;settlement;509.654;56.945;15;no;;;0;ghsl-ucdb. wikidata
Belgium;Mechelen-aan-de-Maas;settlement;509.659;56.914;15;no;;;0;ghsl-ucdb. wikidata
Belgium;Riemst;settlement;50.81;56.013;15;no;;;0;ghsl-ucdb. wikidata
Belgium;Lommel;settlement;512.307;53.135;14;no;;;0;ghsl-ucdb. wikidata
Belgium;Péruwelz;settlement;505.082;35.937;14;no;;;0;ghsl-ucdb. osm. wikidata
Belgium;Lanaken;settlement;508.932;56.468;13;no;;;0;ghsl-ucdb. wikidata
Belgium;Neerpelt;settlement;512.281;54.427;13;no;;;0;ghsl-ucdb. wikidata
Belgium;Koksijde;settlement;511.164;26.377;13;no;;;0;ghsl-ucdb. osm. wikidata
Belgium;Oupeye;settlement;507.118;56.468;13;no;;;0;ghsl-ucdb. wikidata
Belgium;Visé;settlement;507.376;56.991;13;no;;;0;ghsl-ucdb. wikidata
Belgium;Fléron;settlement;506.152;56.806;12;no;;;0;ghsl-ucdb. wikidata
Belize;San Ignacio;settlement;171.588;-890.696;100;yes;1;A11. A9;0;ghsl-ucdb. osm. wdpa. wikidata
Belize;Halfmoon Caye;site;172.084;-875.337;68;yes;2;A9;0;wdpa. wikidata
Belize;Belmopan;settlement;172.538;-88.764;62;no;;A9;0;ghsl-ucdb. wdpa
Belize;San Pedro;settlement;17.916;-879.659;54;yes;4;A9;0;ghsl-ucdb. wdpa
Belize;Belize City;settlement;174.995;-881.976;49;no;;A9;0;ghsl-ucdb. wdpa. wikidata
Belize;Laughing Bird Caye;site;164.635;-881.956;49;yes;3;A9;0;wdpa. wikidata
Belize;Orange Walk;settlement;180.812;-885.633;34;yes;6;A9;0;ghsl-ucdb. wdpa. wikidata
Belize;Aguas Turbias;site;178.364;-891.387;18;yes;5;A9;0;wdpa
Benin;Porto-Novo;settlement;64.965;26.036;100;yes;1;A11;0;ghsl-ucdb. osm. wikidata
Benin;Cotonou;settlement;63.654;24.183;98;no;;A11;0;ghsl-ucdb. osm. wikidata
Benin;W-Arly-Pendjari Complex;site;118.842;26.544;96;yes;2;A9;1;unesco-whs. wdpa
Benin;Abomey;settlement;71.829;19.912;96;yes;5;A11;1;ghsl-ucdb. osm. unesco-whs. wikidata
Benin;Abomey-Calavi;settlement;64.485;23.557;90;no;;A11;0;ghsl-ucdb. osm. wikidata
Benin;Boukoumbé;settlement;101.771;11.062;89;yes;3;;1;ghsl-ucdb. osm. unesco-whs. wikidata
Benin;Parakou;settlement;93.372;26.303;85;yes;4;A11;0;ghsl-ucdb. osm
Benin;Ouidah;settlement;63.631;20.851;81;no;;A11;0;ghsl-ucdb. osm. wikidata
Benin;Tchaourou;settlement;88.865;25.975;79;no;;A11;0;ghsl-ucdb. osm
Benin;Cobly;settlement;104.922;0.9997;74;no;;;1;ghsl-ucdb. osm. unesco-whs
Benin;Allada;settlement;66.655;21.514;70;no;;A11;0;ghsl-ucdb. osm
Benin;Ekpé;settlement;63.921;25.372;57;no;;A11;0;ghsl-ucdb. osm
Benin;Nikki;settlement;99.401;32.107;53;yes;7;A11;0;ghsl-ucdb. osm
Benin;Tanguiéta;settlement;106.212;12.665;43;no;;A11. A9;0;ghsl-ucdb. osm. wdpa. wikidata
Benin;Ouaké;settlement;96.617;13.847;36;yes;14;A11;0;ghsl-ucdb. osm
Benin;Aplahoué;settlement;69.333;16.833;33;no;;A9;0;ghsl-ucdb. osm. wdpa
Benin;Boucle de la Pendjari;site;112.193;15.298;33;yes;6;A9;0;wdpa
Benin;Ouessé;settlement;84.864;24.287;30;yes;8;A11;0;ghsl-ucdb. osm
Benin;Kétou;settlement;73.633;25.998;26;no;;A11;0;ghsl-ucdb. osm
Benin;Pobé;settlement;69.801;26.649;26;no;;A11;0;ghsl-ucdb. osm
Benin;Banikoara;settlement;112.985;24.386;25;yes;12;A11. A9;0;ghsl-ucdb. osm. wdpa. wikidata
Benin;Ndali;settlement;98.636;27.209;24;no;;A11;0;ghsl-ucdb. osm
Benin;Malanville;settlement;118.682;33.833;23;yes;9;A9;0;ghsl-ucdb. osm. wdpa. wikidata
Benin;Natitingou;settlement;103.042;13.796;23;no;;A11;0;ghsl-ucdb. osm
Benin;Sakété;settlement;67.362;26.587;23;no;;A11;0;ghsl-ucdb. osm
Benin;Comé;settlement;64.076;1.882;23;yes;10;A11;0;ghsl-ucdb. osm
Benin;Bohicon;settlement;71.783;20.667;17;no;;A11;0;ghsl-ucdb. osm. wikidata
Benin;Dassa-Zoumè;settlement;7.75;21.833;14;yes;11;A11. A10;0;ghsl-ucdb. osm. wikidata
Benin;Bassila;settlement;90.081;16.654;12;yes;13;A11;0;ghsl-ucdb. osm
Benin;Zé;settlement;67.833;2.3;12;no;;A11;0;ghsl-ucdb. osm
Benin;Cové;settlement;7.221;23.402;11;no;;;0;ghsl-ucdb. osm
Bhutan;Phrumsengla National Park;site;274.733;90.965;100;yes;1;A9;0;cuisine. wdpa. wikidata
Bhutan;Thimphu;settlement;274.661;896.419;81;yes;2;A12;0;cuisine. ghsl-ucdb. wikidata
Bhutan;Tsirang;settlement;270.219;901.229;69;yes;4;A9;0;cuisine. ghsl-ucdb. wdpa
Bhutan;Punākha;settlement;275.914;898.774;69;no;;A9;0;cuisine. ghsl-ucdb. wdpa
Bhutan;Phuntsholing;settlement;268.516;893.884;36;yes;3;;0;ghsl-ucdb. osm. wikidata
Bolivia;Noel Kempff Mercado National Park;site;-142.667;-608.667;100;yes;1;A9;1;cuisine. unesco-whs. wikidata
Bolivia;Laja;settlement;-165.333;-683.833;94;yes;2;A2;2;cuisine. ghsl-ucdb. unesco-whs. wikidata
Bolivia;Cochabamba;settlement;-173.819;-661.599;92;yes;3;A10;0;cuisine. ghsl-ucdb. wikidata
Bolivia;Q29345609;site;-181.367;-600.436;91;yes;4;A10;0;cuisine. wikidata
Bolivia;Bermejo;settlement;-227.321;-643.372;88;yes;5;A9;0;ghsl-ucdb. wdpa
Bolivia;Jesuit Missions of the Chiquitos;site;-161.353;-620.234;80;yes;6;;1;cuisine. unesco-whs. wikidata
Bolivia;Sucre;settlement;-190.333;-652.627;68;yes;8;;1;cuisine. ghsl-ucdb. unesco-whs. wikidata
Bolivia;Potosí;settlement;-195.836;-657.531;68;no;;;1;cuisine. ghsl-ucdb. unesco-whs. wikidata
Bolivia;El Torno;settlement;-180.001;-633.871;62;no;;;1;cuisine. ghsl-ucdb. unesco-whs. wikidata
Bolivia;La Paz;settlement;-16.5;-68.15;52;no;;A12;0;cuisine. ghsl-ucdb. wdpa. wikidata
Bolivia;San Ignacio de Velasco;settlement;-163.777;-609.647;50;yes;14;A12;0;cuisine. ghsl-ucdb. wikidata
Bolivia;Trinidad;settlement;-148.322;-649.034;47;yes;10;;0;cuisine. ghsl-ucdb. wdpa
Bolivia;Santa Cruz de la Sierra;settlement;-177.863;-631.812;42;yes;7;A12;0;cuisine. ghsl-ucdb. wikidata
Bolivia;Oruro;settlement;-179.715;-670.932;42;no;;A12;0;cuisine. ghsl-ucdb. wikidata
Bolivia;Viacha;settlement;-16.65;-68.3;42;no;;A12;0;cuisine. ghsl-ucdb. wikidata
Bolivia;Mizque;settlement;-17.941;-653.402;42;yes;18;A12;0;cuisine. ghsl-ucdb. wikidata
Bolivia;Huanuni;settlement;-18.289;-668.358;42;yes;16;A12;0;cuisine. ghsl-ucdb. wikidata
Bolivia;Quillacollo;settlement;-173.923;-662.784;41;no;;A12;0;cuisine. ghsl-ucdb
Bolivia;Sacaba;settlement;-17.398;-660.383;41;no;;A12;0;cuisine. ghsl-ucdb
Bolivia;Tarija;settlement;-215.355;-647.296;41;yes;19;A12;0;cuisine. ghsl-ucdb
Bolivia;Montero;settlement;-173.387;-632.509;41;no;;A12;0;cuisine. ghsl-ucdb
Bolivia;Sipe Sipe;settlement;-174.542;-663.574;41;no;;A12;0;cuisine. ghsl-ucdb
Bolivia;Caranavi;settlement;-15.834;-675.659;41;yes;17;A12;0;cuisine. ghsl-ucdb
Bolivia;Villamontes;settlement;-212.624;-63.469;41;yes;9;A12;0;cuisine. ghsl-ucdb
Bolivia;Llallagua;settlement;-184.249;-665.778;41;no;;A12;0;cuisine. ghsl-ucdb
Bolivia;Camiri;settlement;-200.406;-63.524;41;yes;13;A12;0;cuisine. ghsl-ucdb
Bolivia;San Borja;settlement;-14.852;-667.495;41;yes;11;A12;0;cuisine. ghsl-ucdb
Bolivia;Tupiza;settlement;-214.434;-657.188;41;yes;12;A12;0;cuisine. ghsl-ucdb
Bolivia;Warnes;settlement;-175.163;-631.678;41;no;;A12;0;cuisine. ghsl-ucdb
Bolivia;Ascención de Guarayos;settlement;-15.893;-631.885;41;yes;15;A12;0;cuisine. ghsl-ucdb
Bolivia;Villa Yapacaní;settlement;-17.4;-638.333;41;no;;A12;0;cuisine. ghsl-ucdb
Bolivia;Punata;settlement;-175.423;-658.347;41;no;;A12;0;cuisine. ghsl-ucdb
Bolivia;Villazón;settlement;-220.866;-655.942;24;no;;;0;ghsl-ucdb. wdpa. wikidata
Bonaire. Saint Eustatius and Saba;Kralendijk;settlement;12.15;-682.667;100;yes;1;A9;0;ghsl-ucdb. wdpa
Bonaire. Saint Eustatius and Saba;Saba;site;174.711;-635.588;51;yes;2;A9;0;wdpa
Bosnia and Herzegovina;Mostar;settlement;433.433;178.081;100;yes;1;A10. A11;1;ghsl-ucdb. osm. unesco-whs. wdpa. wikidata
Bosnia and Herzegovina;Goražde;settlement;436.679;189.756;85;yes;3;A11. A9;1;ghsl-ucdb. osm. unesco-whs. wdpa. wikidata
Bosnia and Herzegovina;Sarajevo;settlement;438.486;183.564;82;no;;A11;0;ghsl-ucdb. osm. wikidata
Bosnia and Herzegovina;Bihać;settlement;448.169;158.708;78;yes;2;A9. A11;1;cuisine. ghsl-ucdb. osm. unesco-whs. wdpa. wikidata
Bosnia and Herzegovina;Bugojno;settlement;440.572;174.508;67;yes;5;A11. A9;1;ghsl-ucdb. osm. unesco-whs. wikidata
Bosnia and Herzegovina;Banja Luka;settlement;447.788;172.063;65;yes;4;A11;0;ghsl-ucdb. osm. wikidata
Bosnia and Herzegovina;Prijedor;settlement;449.799;16.714;59;no;;A11. A9;0;cuisine. ghsl-ucdb. osm. wdpa. wikidata
Bosnia and Herzegovina;Trebinje;settlement;42.712;183.436;40;yes;7;A11;1;ghsl-ucdb. osm. unesco-whs. wikidata
Bosnia and Herzegovina;Travnik;settlement;442.264;176.658;34;no;;A11. A10;0;ghsl-ucdb. osm. wikidata
Bosnia and Herzegovina;Tuzla;settlement;445.384;186.671;31;no;;A11;0;ghsl-ucdb. osm. wikidata
Bosnia and Herzegovina;Visoko;settlement;439.889;181.781;30;no;;A11;0;ghsl-ucdb. osm. wikidata
Bosnia and Herzegovina;Zenica;settlement;442.017;17.904;27;no;;A11;0;ghsl-ucdb. osm. wdpa. wikidata
Bosnia and Herzegovina;Gračanica;settlement;447.031;183.101;26;no;;A11;0;ghsl-ucdb. osm. wikidata
Bosnia and Herzegovina;Brčko;settlement;448.716;188.163;25;yes;6;A11;0;ghsl-ucdb. osm. wikidata
Bosnia and Herzegovina;Doboj;settlement;447.318;18.087;24;no;;A11;0;ghsl-ucdb. osm. wikidata
Bosnia and Herzegovina;Konjic;settlement;436.513;179.608;24;no;;A11;0;ghsl-ucdb. osm. wdpa. wikidata
Bosnia and Herzegovina;Bijeljina;settlement;447.587;192.144;19;no;;A11;0;ghsl-ucdb. osm. wikidata
Bosnia and Herzegovina;Bosanska Krupa;settlement;448.825;161.514;19;no;;A11;0;cuisine. ghsl-ucdb. osm. wikidata
Bosnia and Herzegovina;Gradačac;settlement;448.785;184.276;15;no;;A11;0;ghsl-ucdb. osm. wikidata
Bosnia and Herzegovina;Velika Kladuša;settlement;45.185;158.058;13;no;;A11;0;cuisine. ghsl-ucdb. osm. wikidata
Botswana;Okavango Delta;site;-192.833;22.9;100;yes;1;A9;1;unesco-whs. wdpa. wikidata
Botswana;Gaborone;settlement;-246.545;259.086;99;yes;2;A11;0;ghsl-ucdb. osm
Botswana;Tsodilo;site;-18.75;217.333;92;yes;3;;1;osm. unesco-whs. wikidata
Botswana;Maun;settlement;-199.833;234.167;87;yes;5;A11;0;ghsl-ucdb. osm. wdpa. wikidata
Botswana;Chobe;site;-185.608;245.333;82;yes;4;A9;0;wdpa. wikidata
Botswana;Kasane;site;-178.629;25.2;57;yes;7;A9;0;osm. wdpa
Botswana;Kazuma;site;-184.307;25.502;56;yes;14;A9;0;osm. wdpa
Botswana;Lobatse;settlement;-252.244;256.773;40;yes;15;A11;0;ghsl-ucdb. osm
Botswana;Makgadikgadi Pans;site;-205.102;246.952;32;yes;9;A9;0;wdpa. wikidata
Botswana;Central Kalahari;site;-221.604;241.216;32;yes;11;A9;0;wdpa. wikidata
Botswana;Nxai Pan;site;-199.148;247.787;28;yes;16;A9;0;wdpa
Botswana;Khutse;site;-235.408;242.954;28;yes;12;A9;0;wdpa
Botswana;Gemsbok;site;-252.844;210.781;28;yes;13;A9;0;wdpa
Botswana;Francistown;settlement;-21.17;275.078;22;yes;6;A12;0;ghsl-ucdb. osm
Botswana;Palapye;settlement;-225.461;271.251;19;yes;10;A11;0;ghsl-ucdb. osm. wikidata
Botswana;Ghanzi;settlement;-216.978;216.458;15;yes;8;A12;0;ghsl-ucdb. osm
Botswana;Mosopa;settlement;-247.718;254.216;11;no;;A11;0;ghsl-ucdb. osm
Bouvet Island;Bouvetøya (Antarctic);site;-544.204;33.569;100;yes;1;A9;0;wdpa
Brazil;Barra da Tijuca;settlement;-229.983;-433.655;100;yes;1;A10. A9. A2;2;ghsl-ucdb. unesco-whs. wdpa. wikidata
Brazil;Rio de Janeiro;settlement;-229.064;-431.822;98;no;;A12. A10. A9;1;ghsl-ucdb. unesco-whs. wdpa. wikidata
Brazil;São Paulo;settlement;-235.475;-466.361;92;yes;2;A12;0;ghsl-ucdb. wikidata
Brazil;Salvador;settlement;-129.756;-38.491;91;yes;3;A10. A12;1;ghsl-ucdb. unesco-whs. wikidata
Brazil;Itacarambi;settlement;-151.022;-440.919;83;yes;4;A9;1;ghsl-ucdb. unesco-whs. wdpa. wikidata
Brazil;Cerrado Protected Areas: Chapada dos Veadeiros and Emas National Parks;site;-13.966;-47.412;78;yes;6;A9;1;unesco-whs. wdpa. wikidata
Brazil;Pantanal Conservation Area;site;-17.656;-57.359;72;yes;10;A9;1;unesco-whs. wdpa. wikidata
Brazil;Una;settlement;-152.933;-390.753;64;yes;22;A9;1;ghsl-ucdb. unesco-whs. wdpa
Brazil;Recife;settlement;-80.539;-348.811;60;yes;5;A12;1;ghsl-ucdb. unesco-whs. wdpa. wikidata
Brazil;Brazilian Atlantic Islands: Fernando de Noronha and Atol das Rocas Reserves;site;-38.579;-324.251;58;yes;14;A9;1;unesco-whs. wdpa. wikidata
Brazil;Ipatinga;settlement;-194.683;-425.367;55;yes;11;A10;0;ghsl-ucdb. wikidata
Brazil;Atibaia;settlement;-231.169;-465.503;55;no;;A10;0;ghsl-ucdb. wikidata
Brazil;Coronel Fabriciano;settlement;-195.186;-426.289;55;no;;A10;0;ghsl-ucdb. wikidata
Brazil;Encantado;settlement;-292.361;-518.697;55;no;;A10;0;ghsl-ucdb. wikidata
Brazil;Brasília;settlement;-157.797;-479.297;55;no;;A9. A12;1;ghsl-ucdb. unesco-whs. wdpa. wikidata
Brazil;Cajati;settlement;-247.361;-481.228;54;no;;A9;0;ghsl-ucdb. wdpa
Brazil;Petrópolis;settlement;-22.505;-431.786;52;no;;A9;0;ghsl-ucdb. wdpa. wikidata
Brazil;Santa Terezinha de Itaipu;settlement;-25.44;-544.016;51;yes;16;A9;1;ghsl-ucdb. unesco-whs. wdpa
Brazil;Goiás;settlement;-159.344;-501.403;51;yes;13;A9;1;cuisine. ghsl-ucdb. unesco-whs. wdpa
Brazil;Estação Ecológica De Taiamã;site;-169.384;-575.327;48;no;;A9;0;wdpa
Brazil;Paraty;settlement;-232.178;-447.131;48;no;;A9;2;ghsl-ucdb. unesco-whs. wdpa. wikidata
Brazil;Parque Nacional Da Serra Do Divisor;site;-8.156;-733.732;48;yes;18;A9;0;cuisine. wdpa. wikidata
Brazil;Rondonópolis;settlement;-164.708;-546.356;48;no;;A9;0;cuisine. ghsl-ucdb. wdpa
Brazil;Barra do Garças;settlement;-15.89;-522.567;48;no;;A9;0;cuisine. ghsl-ucdb. wdpa
Brazil;Campo Verde;settlement;-155.467;-551.689;48;no;;A9;0;cuisine. ghsl-ucdb. wdpa
Brazil;Rolim de Moura do Guaporé;settlement;-130.827;-622.773;48;yes;20;A9;0;cuisine. ghsl-ucdb. wdpa
Brazil;Bonito;settlement;-211.211;-564.819;48;no;;A9;0;cuisine. ghsl-ucdb. wdpa
Brazil;São Miguel do Araguaia;settlement;-13.275;-501.628;48;no;;A9;0;cuisine. ghsl-ucdb. wdpa
Brazil;Bela Vista;settlement;-221.081;-565.325;48;no;;A9;0;cuisine. ghsl-ucdb. wdpa
Brazil;Chapada dos Guimarães;settlement;-154.606;-557.497;48;no;;A9;0;cuisine. ghsl-ucdb. wdpa
Brazil;Reserva Biológica Do Guaporé;site;-12.536;-628.615;48;no;;A9;0;cuisine. wdpa
Brazil;Reserva Biológica Culuene;site;-138.259;-53.291;48;no;;A9;0;cuisine. wdpa
Brazil;Parque Estadual De Corumbiara;site;-131.687;-617.271;48;no;;A9;0;cuisine. wdpa
Brazil;Estação Ecológica Do Rio Ronuro;site;-129.164;-54.481;48;no;;A9;0;cuisine. wdpa
Brazil;Parque Estadual Águas Do Cuiabá;site;-14.311;-55.362;48;no;;A9;0;cuisine. wdpa
Brazil;Parque Estadual Do Araguaiaa;site;-122.047;-508.071;48;no;;A9;0;cuisine. wdpa
Brazil;Belo Horizonte;settlement;-199.208;-439.378;48;no;;A12. A9;1;ghsl-ucdb. unesco-whs. wdpa. wikidata
Brazil;Cuiabá;settlement;-155.961;-560.967;47;no;;A12;0;cuisine. ghsl-ucdb. wikidata
Brazil;Jardim Sao Luis;settlement;-236.807;-467.394;47;no;;;0;ghsl-ucdb. wikidata
Brazil;Rosário Oeste;settlement;-148.361;-564.275;46;no;;A12;0;cuisine. ghsl-ucdb. wikidata
Brazil;Várzea Grande;settlement;-156.467;-561.325;46;no;;A12;0;cuisine. ghsl-ucdb
Brazil;Sinop;settlement;-118.642;-555.025;46;yes;15;A12;0;cuisine. ghsl-ucdb
Brazil;Dourados;settlement;-222.211;-548.056;46;no;;A12;0;cuisine. ghsl-ucdb
Brazil;Sorriso;settlement;-125.453;-557.114;46;no;;A12;0;cuisine. ghsl-ucdb
Brazil;Lucas do Rio Verde;settlement;-130.713;-559.148;46;no;;A12;0;cuisine. ghsl-ucdb
Brazil;Ponta Porã;settlement;-225.361;-557.256;46;no;;A12;0;cuisine. ghsl-ucdb
Brazil;Mineiros;settlement;-175.694;-525.511;46;yes;28;A12;0;cuisine. ghsl-ucdb
Brazil;Nova Mutum;settlement;-138.289;-560.822;46;no;;A12;0;cuisine. ghsl-ucdb
Brazil;Maracaju;settlement;-216.144;-551.683;46;yes;17;A12;0;cuisine. ghsl-ucdb
Brazil;Amambai;settlement;-231.042;-552.258;46;no;;A12;0;cuisine. ghsl-ucdb
Brazil;Iporá;settlement;-164.419;-511.178;46;no;;A12;0;cuisine. ghsl-ucdb
Brazil;São Luís de Montes Belos;settlement;-16.525;-503.722;46;no;;A12;0;cuisine. ghsl-ucdb
Brazil;Água Boa;settlement;-14.05;-521.586;46;no;;A12;0;cuisine. ghsl-ucdb
Brazil;Caarapó;settlement;-226.342;-548.222;46;no;;A12;0;cuisine. ghsl-ucdb
Brazil;Querência;settlement;-125.969;-521.997;46;yes;19;A12;0;cuisine. ghsl-ucdb
Brazil;Jaciara;settlement;-159.653;-549.683;46;no;;A12;0;cuisine. ghsl-ucdb
Brazil;Paranatinga;settlement;-144.317;-540.511;46;no;;A12;0;cuisine. ghsl-ucdb
Brazil;Canarana;settlement;-135.522;-522.683;46;no;;A12;0;cuisine. ghsl-ucdb
Brazil;Itapuranga;settlement;-155.622;-499.486;46;no;;A12;0;cuisine. ghsl-ucdb
Brazil;Nova Xavantina;settlement;-146.643;-523.586;46;no;;A12;0;cuisine. ghsl-ucdb
Brazil;Poxoréu;settlement;-158.372;-543.892;46;yes;21;A12;0;cuisine. ghsl-ucdb
Brazil;Jardim;settlement;-214.803;-561.381;46;no;;A12;0;cuisine. ghsl-ucdb
Brazil;Diamantino;settlement;-144.086;-564.461;46;yes;30;A12;0;cuisine. ghsl-ucdb
Brazil;Ceres;settlement;-153.083;-495.983;46;no;;A12;0;cuisine. ghsl-ucdb
Brazil;Itapaci;settlement;-149.508;-495.494;46;no;;A12;0;cuisine. ghsl-ucdb
Brazil;Rubiataba;settlement;-151.644;-498.033;46;no;;A12;0;cuisine. ghsl-ucdb
Brazil;Jussara;settlement;-15.865;-508.681;46;no;;A12;0;cuisine. ghsl-ucdb
Brazil;Pedra Preta;settlement;-166.231;-544.739;46;no;;A12;0;cuisine. ghsl-ucdb
Brazil;Alto Araguaia;settlement;-173.147;-532.153;46;no;;A12;0;cuisine. ghsl-ucdb
Brazil;Crixás;settlement;-145.489;-499.692;46;no;;A12;0;cuisine. ghsl-ucdb
Brazil;Santo Antônio do Leverger;settlement;-158.656;-560.767;46;no;;A12;0;cuisine. ghsl-ucdb
Brazil;Caiapônia;settlement;-169.567;-518.103;46;no;;A12;0;cuisine. ghsl-ucdb
Brazil;Nobres;settlement;-147.203;-563.275;46;no;;A12;0;cuisine. ghsl-ucdb
Brazil;Campinápolis;settlement;-145.411;-527.951;46;no;;A12;0;cuisine. ghsl-ucdb
Brazil;Diamantina;settlement;-182.469;-436.035;45;no;;A9;1;ghsl-ucdb. unesco-whs. wdpa. wikidata
Brazil;São Miguel Arcanjo;settlement;-238.783;-479.972;44;no;;A9;1;ghsl-ucdb. unesco-whs. wdpa. wikidata
Brazil;Capanema;settlement;-256.719;-538.089;43;no;;A9;1;ghsl-ucdb. unesco-whs. wdpa
Brazil;Belém;settlement;-14.558;-485.044;43;no;;A12;1;ghsl-ucdb. unesco-whs. wikidata
Brazil;Paranaguá;settlement;-255.163;-485.254;42;yes;29;A9;0;ghsl-ucdb. wdpa. wikidata
Brazil;Angra dos Reis;settlement;-230.067;-443.181;42;no;;A9;0;ghsl-ucdb. wdpa. wikidata
Brazil;Novo Airão;settlement;-26.214;-609.442;41;yes;25;A9;0;ghsl-ucdb. wdpa. wikidata
Brazil;Parque Estadual Do Pantanal Do Rio Negro;site;-195.779;-567.124;41;no;;A9;0;wdpa
Brazil;Reserva Biológica Traçadal;site;-113.945;-648.491;41;yes;27;A9;0;wdpa
Brazil;Estação Ecológica Do Rio Roosevelt;site;-89.775;-608.617;41;yes;26;A9;0;wdpa
Brazil;Ouro Preto;settlement;-203.948;-435.052;37;no;;A9;1;ghsl-ucdb. unesco-whs. wdpa. wikidata
Brazil;Oiapoque;settlement;38.431;-51.835;37;yes;7;A11;0;ghsl-ucdb. osm
Brazil;Vicência;settlement;-76.569;-353.267;37;no;;;0;ghsl-ucdb. wdpa. wikidata
Brazil;Igarassu;settlement;-78.342;-349.064;36;no;;;0;ghsl-ucdb. wikidata
Brazil;Ilha de Itamaracá;settlement;-77.478;-348.256;36;no;;;0;ghsl-ucdb. wikidata
Brazil;Carpina;settlement;-78.508;-352.547;36;no;;;0;ghsl-ucdb. wikidata
Brazil;Goiana;settlement;-75.606;-350.025;36;no;;;0;ghsl-ucdb. wikidata
Brazil;Paudalho;settlement;-78.967;-351.797;36;no;;;0;ghsl-ucdb. wikidata
Brazil;Limoeiro;settlement;-78.747;-354.503;36;no;;;0;ghsl-ucdb. wikidata
Brazil;Moreno;settlement;-81.186;-350.922;36;no;;;0;ghsl-ucdb. wikidata
Brazil;Timbaúba;settlement;-75.053;-353.183;36;no;;;0;ghsl-ucdb. wikidata
Brazil;Bom Jardim;settlement;-77.958;-355.872;36;no;;;0;ghsl-ucdb. wikidata
Brazil;Aliança;settlement;-76.033;-352.308;36;no;;;0;ghsl-ucdb. wikidata
Brazil;Itambé;settlement;-74.103;-351.128;36;no;;;0;ghsl-ucdb. wikidata
Brazil;Nazaré da Mata;settlement;-77.417;-352.278;36;no;;;0;ghsl-ucdb. wikidata
Brazil;Glória do Goitá;settlement;-80.017;-352.928;36;no;;;0;ghsl-ucdb. wikidata
Brazil;Pedras de Fogo;settlement;-74.019;-351.164;36;no;;;0;ghsl-ucdb. wikidata
Brazil;Condado;settlement;-75.858;-351.058;36;no;;;0;ghsl-ucdb. wikidata
Brazil;Ponta de Pedras;settlement;-13.903;-488.711;36;yes;12;;0;ghsl-ucdb. wikidata
Brazil;Macaparana;settlement;-75.547;-354.531;36;no;;;0;ghsl-ucdb. wikidata
Brazil;Itabaiana;settlement;-73.286;-353.325;36;no;;;0;ghsl-ucdb. wikidata
Brazil;Feira Nova;settlement;-79.508;-353.892;36;no;;;0;ghsl-ucdb. wikidata
Brazil;Orobó;settlement;-7.745;-356.022;36;no;;;0;ghsl-ucdb. wikidata
Brazil;Alhandra;settlement;-74.386;-349.144;36;no;;;0;ghsl-ucdb. wikidata
Brazil;Caaporã;settlement;-75.156;-349.083;36;no;;;0;ghsl-ucdb. wikidata
Brazil;Santa Bárbara do Pará;settlement;-12.236;-482.944;36;no;;;0;ghsl-ucdb. wikidata
Brazil;Araçoiaba;settlement;-77.903;-350.908;36;no;;;0;ghsl-ucdb. wikidata
Brazil;Lagoa do Itaenga;settlement;-79.361;-352.903;36;no;;;0;ghsl-ucdb. wikidata
Brazil;Pitimbu;settlement;-74.706;-348.086;36;no;;;0;ghsl-ucdb. wikidata
Brazil;São Vicente Férrer;settlement;-75.911;-354.914;36;no;;;0;ghsl-ucdb. wikidata
Brazil;Itaquitinga;settlement;-76.678;-351.017;36;no;;;0;ghsl-ucdb. wikidata
Brazil;Ferreiros;settlement;-74.475;-352.442;36;no;;;0;ghsl-ucdb. wikidata
Brazil;Guaratinga;settlement;-16.582;-397.812;35;no;;A9;0;ghsl-ucdb. wdpa
Brazil;Altônia;settlement;-238.744;-539.017;35;no;;A9;0;ghsl-ucdb. wdpa
Brazil;São Raimundo Nonato;settlement;-90.153;-426.994;34;yes;24;A9;1;ghsl-ucdb. unesco-whs. wdpa. wikidata
Brazil;Porto Alegre;settlement;-300.328;-512.302;33;no;;A9. A12;0;ghsl-ucdb. wdpa. wikidata
Brazil;Barreirinhas;settlement;-27.556;-428.259;29;no;;A9;1;ghsl-ucdb. unesco-whs
Brazil;Central Amazon Conservation Complex;site;-21.949;-63.35;29;no;;A9;1;unesco-whs
Brazil;Itamaraju;settlement;-170.392;-395.311;29;no;;A9;0;ghsl-ucdb. wdpa. wikidata
Brazil;Campos do Jordão;settlement;-227.394;-455.914;28;no;;A9;0;ghsl-ucdb. wdpa. wikidata
Brazil;Timóteo;settlement;-195.811;-426.495;28;no;;A9;0;ghsl-ucdb. wdpa. wikidata
Brazil;Jaguarão;settlement;-325.661;-533.758;28;yes;31;A9;0;ghsl-ucdb. wdpa. wikidata
Brazil;Costa Rica;settlement;-185.439;-531.292;28;no;;A9;0;ghsl-ucdb. wdpa. wikidata
Brazil;Apiaí;settlement;-245.094;-488.425;28;no;;A9;0;ghsl-ucdb. wdpa. wikidata
Brazil;Itapiranga;settlement;-271.694;-537.122;28;no;;A9;0;ghsl-ucdb. wdpa. wikidata
Brazil;Reserva Biológica Do Atol Das Rocas;site;-38.524;-337.851;28;no;;A9;0;wdpa. wikidata
Brazil;Mairiporã;settlement;-233.186;-465.867;28;no;;A9;0;ghsl-ucdb. wdpa
Brazil;Casimiro de Abreu;settlement;-224.806;-422.042;28;no;;A9;0;ghsl-ucdb. wdpa
Brazil;Torres;settlement;-293.353;-497.269;28;no;;A9;0;ghsl-ucdb. wdpa
Brazil;Posse;settlement;-140.931;-463.694;28;no;;A9;0;ghsl-ucdb. wdpa
Brazil;Nerópolis;settlement;-164.064;-492.186;28;no;;A9;0;ghsl-ucdb. wdpa
Brazil;Santo Antônio do Sudoeste;settlement;-260.736;-537.253;28;no;;A9;0;ghsl-ucdb. wdpa
Brazil;Conceição do Mato Dentro;settlement;-190.372;-43.425;28;no;;A9;0;ghsl-ucdb. wdpa
Brazil;Teodoro Sampaio;settlement;-225.325;-521.675;28;no;;A9;0;ghsl-ucdb. wdpa
Brazil;São Francisco de Paula;settlement;-294.481;-505.836;28;no;;A9;0;ghsl-ucdb. wdpa
Brazil;Caracaraí;settlement;18.161;-611.281;28;yes;32;A9;0;ghsl-ucdb. wdpa
Brazil;Turmalina;settlement;-172.856;-42.73;28;no;;A9;0;ghsl-ucdb. wdpa
Brazil;Manga;settlement;-147.558;-439.322;28;no;;A9;0;ghsl-ucdb. wdpa
Brazil;Guapiara;settlement;-24.185;-485.328;28;no;;A9;0;ghsl-ucdb. wdpa
Brazil;Parque Estadual Marinho Do Parcel De Manuel Luís;site;-0.867;-442.504;28;no;;A9;0;wdpa
Brazil;Estação Ecológica Serra Geral Do Tocantins;site;-108.884;-465.362;28;no;;A9;0;wdpa
Brazil;Parque Nacional Do Juruena;site;-80.412;-585.163;28;no;;A9;0;wdpa
Brazil;Caxias do Sul;settlement;-291.681;-511.794;28;yes;8;;0;ghsl-ucdb. wikidata
Brazil;Gramado;settlement;-293.786;-508.739;28;no;;;0;ghsl-ucdb. wikidata
Brazil;Bacabeira;settlement;-29.708;-443.156;28;yes;9;;0;ghsl-ucdb. wikidata
Brazil;Santa Helena;settlement;-248.603;-543.328;27;no;;;0;ghsl-ucdb. wdpa
Brazil;Congonhas;settlement;-205.053;-438.588;26;no;;;1;ghsl-ucdb. unesco-whs. wikidata
Brazil;Bertioga;settlement;-238.544;-461.386;24;no;;A9;0;ghsl-ucdb. wdpa. wikidata
Brazil;São Luís;settlement;-25.297;-443.028;24;no;;A9;1;ghsl-ucdb. unesco-whs. wdpa. wikidata
Brazil;Cariacica;settlement;-202.639;-40.42;23;no;;A9;0;ghsl-ucdb. wdpa. wikidata
Brazil;Guarujá;settlement;-239.931;-462.564;23;no;;A9;0;ghsl-ucdb. wdpa. wikidata
Brazil;Itabirito;settlement;-202.533;-438.014;23;no;;A9;0;ghsl-ucdb. wdpa. wikidata
Brazil;Ouro Branco;settlement;-205.233;-436.949;23;no;;A9;0;ghsl-ucdb. wdpa. wikidata
Brazil;Biritiba Mirim;settlement;-235.725;-460.386;23;no;;A9;0;ghsl-ucdb. wdpa. wikidata
Brazil;Santa Teresa;settlement;-199.356;-406.003;23;no;;A9;0;ghsl-ucdb. wdpa. wikidata
Brazil;Cruzeiro;settlement;-225.732;-449.711;23;no;;;0;ghsl-ucdb. wdpa. wikidata
Brazil;Viamão;settlement;-300.811;-510.233;22;no;;A9;0;ghsl-ucdb. wdpa
Brazil;Crateús;settlement;-51.777;-406.695;22;no;;A9;0;ghsl-ucdb. wdpa
Brazil;Cachoeiras de Macacu;settlement;-224.625;-426.531;22;no;;A9;0;ghsl-ucdb. wdpa
Brazil;São Francisco do Sul;settlement;-262.433;-486.381;22;no;;A9;0;ghsl-ucdb. wdpa
Brazil;Poções;settlement;-145.297;-403.653;22;no;;A9;0;ghsl-ucdb. wdpa
Brazil;Palmas;settlement;-264.842;-519.906;22;no;;A9;0;ghsl-ucdb. wdpa
Brazil;São João da Barra;settlement;-216.403;-410.511;22;no;;A9;0;ghsl-ucdb. wdpa
Brazil;Santo Antônio do Içá;settlement;-31.022;-679.397;22;no;;A9;0;ghsl-ucdb. wdpa
Brazil;Rio Tinto;settlement;-68.031;-350.806;22;no;;A9;0;ghsl-ucdb. wdpa
Brazil;Carolina;settlement;-73.356;-474.622;22;no;;A9;0;ghsl-ucdb. wdpa
Brazil;Conceição de Macabu;settlement;-220.853;-418.683;22;no;;A9;0;ghsl-ucdb. wdpa
Brazil;Palmas de Monte Alto;settlement;-142.672;-431.619;22;no;;A9;0;ghsl-ucdb. wdpa
Brazil;Pariquera-Açu;settlement;-24.715;-478.811;22;no;;A9;0;ghsl-ucdb. wdpa
Brazil;Tupi Paulista;settlement;-213.811;-515.706;22;no;;A9;0;ghsl-ucdb. wdpa
Brazil;Parque Estadual Da Serra Das Araras;site;-154.115;-453.393;22;no;;A9;0;wdpa
Brazil;Parque Nacional Do Monte Roraima;site;50.374;-604.138;22;no;;A9;0;wdpa
Brazil;Parque Estadual Encontro Das Águas;site;-170.866;-566.458;22;no;;A9;0;wdpa
Brazil;João Pessoa;settlement;-7.115;-348.631;22;no;;;0;ghsl-ucdb. wikidata
Brazil;São Cristóvão;settlement;-110.147;-372.064;21;no;;;1;ghsl-ucdb. unesco-whs. wikidata
Brazil;Volta Redonda;settlement;-225.231;-441.042;21;no;;;0;ghsl-ucdb. wdpa
Brazil;Barão de Cocais;settlement;-199.458;-434.872;21;no;;;0;ghsl-ucdb. wdpa. wikidata
Brazil;Feira de Santana;settlement;-122.667;-389.667;20;no;;;0;ghsl-ucdb. wikidata
Brazil;Serra;settlement;-201.286;-403.078;20;no;;;0;ghsl-ucdb. wdpa. wikidata
Brazil;Benevides;settlement;-13.614;-482.447;20;no;;;0;ghsl-ucdb. wdpa. wikidata
Brazil;Santos;settlement;-239.608;-463.336;19;no;;;0;ghsl-ucdb. wikidata
Brazil;Vila Velha;settlement;-203.297;-402.925;19;yes;23;;0;ghsl-ucdb. wikidata
Brazil;Vitória;settlement;-203.194;-403.378;19;no;;;0;ghsl-ucdb. wikidata
Brazil;Guaratinguetá;settlement;-228.164;-451.925;19;no;;;0;ghsl-ucdb. wikidata
Brazil;Mauá;settlement;-236.678;-464.614;19;no;;A12;0;ghsl-ucdb. wikidata
Brazil;São Vicente;settlement;-239.631;-463.919;19;no;;;0;ghsl-ucdb. wikidata
Brazil;Capao Redondo;settlement;-236.688;-467.805;19;no;;;0;ghsl-ucdb. wikidata
Brazil;Mariana;settlement;-203.778;-434.161;19;no;;;0;ghsl-ucdb. wikidata
Brazil;Santo Ângelo;settlement;-282.992;-542.631;19;no;;;1;ghsl-ucdb. unesco-whs. wikidata
Brazil;Itaquaquecetuba;settlement;-234.861;-463.483;18;no;;A12;0;ghsl-ucdb. wikidata
Brazil;Grajaú;settlement;-237.698;-466.711;18;no;;;0;ghsl-ucdb. wikidata
Brazil;Taubaté;settlement;-230.264;-455.553;18;no;;;0;ghsl-ucdb. wikidata
Brazil;Praia Grande;settlement;-240.058;-464.028;18;no;;;0;ghsl-ucdb. wikidata
Brazil;Mogi das Cruzes;settlement;-235.228;-461.883;18;no;;;0;ghsl-ucdb. wikidata
Brazil;Jardim Angela;settlement;-237.164;-467.687;18;no;;;0;ghsl-ucdb. wikidata
Brazil;Suzano;settlement;-235.425;-463.108;18;no;;;0;ghsl-ucdb. wikidata
Brazil;Itaquera;settlement;-235.319;-464.442;18;no;;;0;ghsl-ucdb. wikidata
Brazil;Itaim Paulista;settlement;-235.031;-463.857;18;no;;;0;ghsl-ucdb. wikidata
Brazil;Cidade Tiradentes;settlement;-235.848;-464.008;18;no;;;0;ghsl-ucdb. wikidata
Brazil;Ferraz de Vasconcelos;settlement;-235.408;-463.686;18;no;;;0;ghsl-ucdb. wikidata
Brazil;Pindamonhangaba;settlement;-229.239;-454.617;18;no;;;0;ghsl-ucdb. wikidata
Brazil;Lajeado;settlement;-235.336;-464.087;18;no;;;0;ghsl-ucdb. wikidata
Brazil;Abaetetuba;settlement;-17.181;-488.825;18;no;;;0;ghsl-ucdb. wikidata
Brazil;Santa Rita;settlement;-71.139;-349.781;18;no;;;0;ghsl-ucdb. wikidata
Brazil;Vitória de Santo Antão;settlement;-81.181;-352.914;18;no;;;0;ghsl-ucdb. wikidata
Brazil;Santo Antônio de Jesus;settlement;-129.689;-392.614;18;no;;;0;ghsl-ucdb. wikidata
Brazil;Guarapari;settlement;-206.718;-40.502;18;no;;;0;ghsl-ucdb. wikidata
Brazil;Simões Filho;settlement;-127.844;-384.039;18;no;;;0;ghsl-ucdb. wikidata
Brazil;Marituba;settlement;-13.553;-483.419;18;no;;;0;ghsl-ucdb. wikidata
Brazil;Conselheiro Lafaiete;settlement;-206.603;-437.861;18;no;;;0;ghsl-ucdb. wikidata
Brazil;Itanhaém;settlement;-241.831;-467.889;18;no;;;0;ghsl-ucdb. wikidata
Brazil;Aracruz;settlement;-198.203;-402.733;18;no;;;0;ghsl-ucdb. wikidata
Brazil;Itajubá;settlement;-224.256;-454.528;18;no;;;0;ghsl-ucdb. wikidata
Brazil;Lorena;settlement;-227.308;-451.247;18;no;;;0;ghsl-ucdb. wikidata
Brazil;Moju;settlement;-18.839;-487.689;18;no;;;0;ghsl-ucdb. wikidata
Brazil;Viana;settlement;-203.903;-404.961;18;no;;;0;ghsl-ucdb. wikidata
Brazil;Santa Isabel do Pará;settlement;-12.986;-481.606;18;no;;;0;ghsl-ucdb. wikidata
Brazil;Candeias;settlement;-126.678;-385.506;18;no;;;0;ghsl-ucdb. wikidata
Brazil;Embu-Guaçu;settlement;-238.322;-468.114;18;no;;;0;ghsl-ucdb. wikidata
Brazil;Surubim;settlement;-78.331;-357.547;18;no;;;0;ghsl-ucdb. wikidata
Brazil;Cruz das Almas;settlement;-12.67;-391.019;18;no;;;0;ghsl-ucdb. wikidata
Brazil;Ponte Nova;settlement;-204.164;-429.086;18;no;;;0;ghsl-ucdb. wikidata
Brazil;Mongaguá;settlement;-240.931;-466.208;18;no;;;0;ghsl-ucdb. wikidata
Brazil;Santo Amaro;settlement;-125.467;-387.119;18;no;;;0;ghsl-ucdb. wikidata
Brazil;Santo Estêvão;settlement;-124.303;-392.514;18;no;;;0;ghsl-ucdb. wikidata
Brazil;Sapé;settlement;-70.964;-352.328;18;no;;;0;ghsl-ucdb. wikidata
Brazil;Vigia;settlement;-0.8583;-481.417;18;no;;;0;ghsl-ucdb. wikidata
Brazil;Santa Maria de Jetibá;settlement;-200.275;-407.434;18;no;;;0;ghsl-ucdb. wikidata
Brazil;São Sebastião do Passé;settlement;-125.125;-384.953;18;no;;;0;ghsl-ucdb. wikidata
Brazil;São Gonçalo dos Campos;settlement;-124.339;-389.506;18;no;;;0;ghsl-ucdb. wikidata
Brazil;São Francisco do Conde;settlement;-126.275;-38.68;18;no;;;0;ghsl-ucdb. wikidata
Brazil;Maragogipe;settlement;-127.778;-389.194;18;no;;;0;ghsl-ucdb. wikidata
Brazil;Domingos Martins;settlement;-203.633;-406.592;18;no;;;0;ghsl-ucdb. wikidata
Brazil;Conceição do Jacuípe;settlement;-123.167;-387.667;18;no;;;0;ghsl-ucdb. wikidata
Brazil;Cachoeira;settlement;-126.014;-389.658;18;no;;;0;ghsl-ucdb. wikidata
Brazil;Cachoeira Paulista;settlement;-22.665;-450.094;18;no;;;0;ghsl-ucdb. wikidata
Brazil;Santa Bárbara;settlement;-199.594;-434.153;18;no;;;0;ghsl-ucdb. wikidata
Brazil;Muritiba;settlement;-126.264;-38.99;18;no;;;0;ghsl-ucdb. wikidata
Brazil;Passira;settlement;-7.995;-355.806;18;no;;;0;ghsl-ucdb. wikidata
Brazil;João Alfredo;settlement;-78.558;-355.883;18;no;;;0;ghsl-ucdb. wikidata
Brazil;Conde;settlement;-72.597;-349.075;18;no;;;0;ghsl-ucdb. wikidata
Brazil;Pombos;settlement;-81.414;-353.958;18;no;;;0;ghsl-ucdb. wikidata
Brazil;Santo Antônio do Tauá;settlement;-11.519;-481.294;18;no;;;0;ghsl-ucdb. wikidata
Brazil;Nazaré;settlement;-13.035;-390.144;18;no;;;0;ghsl-ucdb. wikidata
Brazil;Castro Alves;settlement;-127.656;-394.283;18;no;;;0;ghsl-ucdb. wikidata
Brazil;Bujaru;settlement;-1.515;-480.447;18;no;;;0;ghsl-ucdb. wikidata
Brazil;Soure;settlement;-0.7167;-485.233;18;no;;;0;ghsl-ucdb. wikidata
Brazil;Amélia Rodrigues;settlement;-12.399;-387.552;18;no;;;0;ghsl-ucdb. wikidata
Brazil;Salvaterra;settlement;-0.7533;-485.167;18;no;;;0;ghsl-ucdb. wikidata
Brazil;Cachoeira do Arari;settlement;-10.114;-489.633;18;no;;;0;ghsl-ucdb. wikidata
Brazil;Cunha;settlement;-230.744;-449.597;18;no;;;0;ghsl-ucdb. wikidata
Brazil;Conceição da Feira;settlement;-125.058;-389.986;18;no;;;0;ghsl-ucdb. wikidata
Brazil;Governador Mangabeira;settlement;-126.004;-390.418;18;no;;;0;ghsl-ucdb. wikidata
Brazil;São Felipe;settlement;-128.472;-390.894;18;no;;;0;ghsl-ucdb. wikidata
Brazil;Itaparica;settlement;-128.883;-386.786;18;no;;;0;ghsl-ucdb. wikidata
Brazil;Sobradinho;settlement;-128.333;-39.1;18;no;;;0;ghsl-ucdb. wikidata
Brazil;Marechal Floriano;settlement;-204.128;-406.831;18;no;;;0;ghsl-ucdb. wikidata
Brazil;Aroeiras;settlement;-75.453;-357.075;18;no;;;0;ghsl-ucdb. wikidata
Brazil;Madre de Deus;settlement;-127.408;-386.208;18;no;;;0;ghsl-ucdb. wikidata
Brazil;Fundão;settlement;-199.341;-404.047;18;no;;;0;ghsl-ucdb. wikidata
Brazil;Sapeaçu;settlement;-127.275;-391.819;18;no;;;0;ghsl-ucdb. wikidata
Brazil;Jaguaripe;settlement;-131.133;-388.956;18;no;;;0;ghsl-ucdb. wikidata
Brazil;Cruz do Espírito Santo;settlement;-7.14;-350.864;18;no;;;0;ghsl-ucdb. wikidata
Brazil;Piranga;settlement;-206.847;-433.003;18;no;;;0;ghsl-ucdb. wikidata
Brazil;Cabaceiras do Paraguaçu;settlement;-125.356;-391.908;18;no;;;0;ghsl-ucdb. wikidata
Brazil;Conceição do Almeida;settlement;-127.794;-39.17;18;no;;;0;ghsl-ucdb. wikidata
Brazil;Passa Quatro;settlement;-223.903;-449.667;18;no;;;0;ghsl-ucdb. wikidata
Brazil;Alvinópolis;settlement;-201.067;-430.489;18;no;;;0;ghsl-ucdb. wikidata
Brazil;Manaus;settlement;-31.019;-60.025;16;no;;A12;0;ghsl-ucdb. wikidata
Brazil;Porto Seguro;settlement;-164.497;-390.647;16;no;;A9;0;ghsl-ucdb. wdpa. wikidata
Brazil;Fortaleza;settlement;-37.172;-385.431;15;no;;A9. A12;0;ghsl-ucdb. wdpa. wikidata
Brazil;São Sebastião;settlement;-159.029;-477.761;15;no;;A9;0;ghsl-ucdb. wdpa. wikidata
Brazil;Campo Maior;settlement;-48.278;-421.686;15;no;;A9;0;ghsl-ucdb. wdpa. wikidata
Brazil;Humberto de Campos;settlement;-25.983;-434.611;15;no;;A9;0;ghsl-ucdb. wdpa. wikidata
Brazil;Itariri;settlement;-242.892;-471.744;15;no;;A9;0;ghsl-ucdb. wdpa. wikidata
Brazil;Parque Nacional Do Jaú;site;-22.609;-626.689;15;no;;A9;0;wdpa. wikidata
Brazil;Parque Nacional Do Pico Da Neblina;site;0.3197;-659.655;15;no;;A9;0;wdpa. wikidata
Brazil;Parque Nacional Da Lagoa Do Peixe;site;-312.522;-509.708;15;no;;A9;0;wdpa. wikidata
Brazil;Nova Iguaçu;settlement;-227.592;-434.511;14;no;;A9. A12;0;ghsl-ucdb. wdpa
Brazil;Montes Claros;settlement;-16.735;-438.617;14;no;;A9;0;ghsl-ucdb. wdpa
Brazil;Palmas;settlement;-101.675;-483.277;14;no;;A9;0;ghsl-ucdb. wdpa
Brazil;Ponta Grossa;settlement;-25.095;-501.619;14;no;;A9;0;ghsl-ucdb. wdpa
Brazil;Parauapebas;settlement;-60.675;-499.022;14;no;;A9;0;ghsl-ucdb. wdpa
Brazil;Teresópolis;settlement;-224.167;-429.782;14;no;;A9;0;ghsl-ucdb. wdpa
Brazil;Planaltina;settlement;-156.179;-476.487;14;no;;A9;0;ghsl-ucdb. wdpa
Brazil;Piraquara;settlement;-254.423;-49.068;14;no;;A9;0;ghsl-ucdb. wdpa
Brazil;Bairro da Penha;settlement;-233.684;-46.311;14;no;;A9;0;ghsl-ucdb. wdpa
Brazil;Passos;settlement;-207.189;-466.097;14;no;;A9;0;ghsl-ucdb. wdpa
Brazil;Resende;settlement;-224.689;-444.467;14;no;;A9;0;ghsl-ucdb. wdpa
Brazil;São Pedro da Aldeia;settlement;-228.392;-421.028;14;no;;A9;0;ghsl-ucdb. wdpa
Brazil;Pacatuba;settlement;-39.842;-386.203;14;no;;A9;0;ghsl-ucdb. wdpa
Brazil;Caldas Novas;settlement;-177.443;-486.279;14;no;;A9;0;ghsl-ucdb. wdpa
Brazil;Paracatu;settlement;-172.222;-468.747;14;no;;A9;0;ghsl-ucdb. wdpa
Brazil;Sobradinho II;settlement;-156.336;-478.348;14;no;;A9;0;ghsl-ucdb. wdpa
Brazil;Tianguá;settlement;-37.322;-409.917;14;no;;A9;0;ghsl-ucdb. wdpa
Brazil;Capão da Canoa;settlement;-297.456;-500.097;14;no;;A9;0;ghsl-ucdb. wdpa
Brazil;Indaial;settlement;-268.978;-492.317;14;no;;A9;0;ghsl-ucdb. wdpa
Brazil;Valença;settlement;-222.456;-437.003;14;no;;A9;0;ghsl-ucdb. wdpa
Brazil;Peruíbe;settlement;-24.32;-469.983;14;no;;A9;0;ghsl-ucdb. wdpa
Brazil;Monte Alegre;settlement;-20.008;-54.081;14;no;;A9;0;ghsl-ucdb. wdpa
Brazil;Buíque;settlement;-86.231;-371.558;14;no;;A9;0;ghsl-ucdb. wdpa
Brazil;Medianeira;settlement;-252.953;-540.939;14;no;;A9;0;ghsl-ucdb. wdpa
Brazil;Granja;settlement;-31.203;-408.261;14;no;;A9;0;ghsl-ucdb. wdpa
Brazil;Naviraí;settlement;-23.065;-541.906;14;no;;A9;0;ghsl-ucdb. wdpa
Brazil;Prudentópolis;settlement;-252.131;-509.778;14;no;;A9;0;ghsl-ucdb. wdpa
Brazil;São Francisco de Itabapoana;settlement;-213.019;-409.614;14;no;;A9;0;ghsl-ucdb. wdpa
Brazil;Capão Bonito;settlement;-240.058;-483.494;14;no;;A9;0;ghsl-ucdb. wdpa
Brazil;Dracena;settlement;-214.825;-515.328;14;no;;A9;0;ghsl-ucdb. wdpa
Brazil;Jaraguá;settlement;-157.569;-493.344;14;no;;A9;0;ghsl-ucdb. wdpa
Brazil;Mangaratiba;settlement;-229.597;-440.406;14;no;;A9;0;ghsl-ucdb. wdpa
Brazil;Guaratuba;settlement;-258.828;-485.747;14;no;;A9;0;ghsl-ucdb. wdpa
Brazil;São Lourenço do Sul;settlement;-313.653;-519.783;14;no;;A9;0;ghsl-ucdb. wdpa
Brazil;Boa Esperança;settlement;-21.09;-455.658;14;no;;A9;0;ghsl-ucdb. wdpa
Brazil;Matinhos;settlement;-258.322;-485.397;14;no;;A9;0;ghsl-ucdb. wdpa
Brazil;Sento Sé;settlement;-97.458;-418.853;14;no;;A9;0;ghsl-ucdb. wdpa
Brazil;Afuá;settlement;-0.1567;-503.867;14;no;;A9;0;ghsl-ucdb. wdpa
Brazil;Jaíba;settlement;-153.383;-436.744;14;no;;A9;0;ghsl-ucdb. wdpa
Brazil;Jeremoabo;settlement;-10.076;-383.473;14;no;;A9;0;ghsl-ucdb. wdpa
Brazil;Matozinhos;settlement;-195.578;-440.814;14;no;;A9;0;ghsl-ucdb. wdpa
Brazil;Porteirinha;settlement;-157.433;-430.283;14;no;;A9;0;ghsl-ucdb. wdpa
Brazil;Itaqui;settlement;-291.253;-565.531;14;no;;A9;0;ghsl-ucdb. wdpa
Brazil;Ilhabela;settlement;-237.781;-453.581;14;no;;A9;0;ghsl-ucdb. wdpa
Brazil;Várzea da Palma;settlement;-175.976;-447.337;14;no;;A9;0;ghsl-ucdb. wdpa
Brazil;Cravinhos;settlement;-213.403;-477.294;14;no;;A9;0;ghsl-ucdb. wdpa
Brazil;Itamarandiba;settlement;-178.572;-428.589;14;no;;A9;0;ghsl-ucdb. wdpa
Brazil;Itatiaia;settlement;-224.961;-445.633;14;no;;A9;0;ghsl-ucdb. wdpa
Brazil;Santana do Araguaia;settlement;-9.335;-50.35;14;no;;A9;0;ghsl-ucdb. wdpa
Brazil;Guanhães;settlement;-18.775;-429.325;14;no;;A9;0;ghsl-ucdb. wdpa
Brazil;Floresta;settlement;-86.011;-385.686;14;no;;A9;0;ghsl-ucdb. wdpa
Brazil;Forquilhinha;settlement;-287.475;-494.722;14;no;;A9;0;ghsl-ucdb. wdpa
Brazil;Machadinho d'Oeste;settlement;-94.439;-619.814;14;no;;A9;0;ghsl-ucdb. wdpa
Brazil;Vera Cruz;settlement;-126.333;-410.333;14;no;;A9;0;ghsl-ucdb. wdpa
Brazil;Pontal do Paraná;settlement;-256.736;-485.111;14;no;;A9;0;ghsl-ucdb. wdpa
Brazil;Garopaba;settlement;-280.233;-486.133;14;no;;A9;0;ghsl-ucdb. wdpa
Brazil;Imbituva;settlement;-25.23;-506.044;14;no;;A9;0;ghsl-ucdb. wdpa
Brazil;Iguape;settlement;-247.081;-475.553;14;no;;A9;0;ghsl-ucdb. wdpa
Brazil;Jaguaré;settlement;-189.056;-400.761;14;no;;A9;0;ghsl-ucdb. wdpa
Brazil;Piracuruca;settlement;-39.281;-417.092;14;no;;A9;0;ghsl-ucdb. wdpa
Brazil;Miguel Pereira;settlement;-224.539;-434.689;14;no;;A9;0;ghsl-ucdb. wdpa
Brazil;Itacaré;settlement;-142.789;-389.958;14;no;;A9;0;ghsl-ucdb. wdpa
Brazil;Tabira;settlement;-75.908;-375.394;14;no;;A9;0;ghsl-ucdb. wdpa
Brazil;Lucas;settlement;-163.333;-559.333;14;no;;A9;0;ghsl-ucdb. wdpa
Brazil;Conceição da Barra;settlement;-185.933;-397.322;14;no;;A9;0;ghsl-ucdb. wdpa
Brazil;Juquitiba;settlement;-239.317;-470.683;14;no;;A9;0;ghsl-ucdb. wdpa
Brazil;Baraúna;settlement;-5.08;-376.167;14;no;;A9;0;ghsl-ucdb. wdpa
Brazil;Colniza;settlement;-94.092;-59.025;14;no;;A9;0;ghsl-ucdb. wdpa
Brazil;Formosa do Rio Preto;settlement;-110.483;-451.931;14;no;;A9;0;ghsl-ucdb. wdpa
Brazil;Jijoca de Jericoacoara;settlement;-2.895;-404.492;14;no;;A9;0;ghsl-ucdb. wdpa
Brazil;Bombinhas;settlement;-271.518;-484.894;14;no;;A9;0;ghsl-ucdb. wdpa
Brazil;Cocalzinho de Goiás;settlement;-157.944;-487.758;14;no;;A9;0;ghsl-ucdb. wdpa
Brazil;Miguel Calmon;settlement;-114.289;-40.595;14;no;;A9;0;ghsl-ucdb. wdpa
Brazil;Alcobaça;settlement;-175.194;-391.956;14;no;;A9;0;ghsl-ucdb. wdpa
Brazil;São Geraldo do Araguaia;settlement;-64.006;-48.555;14;no;;A9;0;ghsl-ucdb. wdpa
Brazil;Jequitinhonha;settlement;-164.339;-410.033;14;no;;A9;0;ghsl-ucdb. wdpa
Brazil;Belo Oriente;settlement;-19.22;-424.836;14;no;;A9;0;ghsl-ucdb. wdpa
Brazil;Encruzilhada do Sul;settlement;-305.439;-525.219;14;no;;A9;0;ghsl-ucdb. wdpa
Brazil;Orleans;settlement;-283.589;-492.914;14;no;;A9;0;ghsl-ucdb. wdpa
Brazil;Loanda;settlement;-229.231;-531.372;14;no;;A9;0;ghsl-ucdb. wdpa
Brazil;Quissamã;settlement;-221.067;-414.722;14;no;;A9;0;ghsl-ucdb. wdpa
Brazil;Serro;settlement;-186.047;-433.794;14;no;;A9;0;ghsl-ucdb. wdpa
Brazil;Assaré;settlement;-68.744;-39.875;14;no;;A9;0;ghsl-ucdb. wdpa
Brazil;Acreúna;settlement;-173.956;-503.769;14;no;;A9;0;ghsl-ucdb. wdpa
Brazil;Cerqueira César;settlement;-230.356;-491.661;14;no;;A9;0;ghsl-ucdb. wdpa
Brazil;Alto Alegre;settlement;28.958;-614.975;14;no;;A9;0;ghsl-ucdb. wdpa
Brazil;Manhumirim;settlement;-203.578;-419.581;14;no;;A9;0;ghsl-ucdb. wdpa
Brazil;Tapauá;settlement;-56.283;-631.833;14;no;;A9;0;ghsl-ucdb. wdpa
Brazil;Jaboticatubas;settlement;-195.136;-43.745;14;no;;A9;0;ghsl-ucdb. wdpa
Brazil;Monte Azul;settlement;-15.155;-428.747;14;no;;A9;0;ghsl-ucdb. wdpa
Brazil;Ervália;settlement;-20.84;-426.572;14;no;;A9;0;ghsl-ucdb. wdpa
Brazil;Presidente Getúlio;settlement;-270.506;-496.228;14;no;;A9;0;ghsl-ucdb. wdpa
Brazil;Castelo do Piauí;settlement;-53.222;-415.525;14;no;;A9;0;ghsl-ucdb. wdpa
Brazil;São Raimundo das Mangabeiras;settlement;-70.219;-454.811;14;no;;A9;0;ghsl-ucdb. wdpa
Brazil;Morretes;settlement;-254.769;-488.344;14;no;;A9;0;ghsl-ucdb. wdpa
Brazil;Antonina;settlement;-254.286;-487.119;14;no;;A9;0;ghsl-ucdb. wdpa
Brazil;Areia Branca;settlement;-107.578;-373.153;14;no;;A9;0;ghsl-ucdb. wdpa
Brazil;Correntes;settlement;-91.289;-363.303;14;no;;A9;0;ghsl-ucdb. wdpa
Brazil;Arroio Grande;settlement;-322.375;-530.869;14;no;;A9;0;ghsl-ucdb. wdpa
Brazil;Rosana;settlement;-225.797;-530.592;14;no;;A9;0;ghsl-ucdb. wdpa
Brazil;Abelardo Luz;settlement;-265.647;-523.283;14;no;;A9;0;ghsl-ucdb. wdpa
Brazil;Joaquim Gomes;settlement;-91.333;-357.483;14;no;;A9;0;ghsl-ucdb. wdpa
Brazil;Vila Bela da Santíssima Trindade;settlement;-150.081;-599.506;14;no;;A9;0;ghsl-ucdb. wdpa
Brazil;Jaguaretama;settlement;-56.128;-387.669;14;no;;A9;0;ghsl-ucdb. wdpa
Brazil;Resplendor;settlement;-193.256;-412.553;14;no;;A9;0;ghsl-ucdb. wdpa
Brazil;Lima Duarte;settlement;-218.425;-437.931;14;no;;A9;0;ghsl-ucdb. wdpa
Brazil;Água Clara;settlement;-204.481;-528.781;14;no;;A9;0;ghsl-ucdb. wdpa
Brazil;São Francisco do Guaporé;settlement;-120.522;-635.675;14;no;;A9;0;ghsl-ucdb. wdpa
Brazil;Japaratuba;settlement;-105.933;-369.403;14;no;;A9;0;ghsl-ucdb. wdpa
Brazil;Tapejara;settlement;-237.331;-528.733;14;no;;A9;0;ghsl-ucdb. wdpa
Brazil;Itanhandu;settlement;-222.958;-449.347;14;no;;A9;0;ghsl-ucdb. wdpa
Brazil;América Dourada;settlement;-114.553;-414.361;14;no;;A9;0;ghsl-ucdb. wdpa
Brazil;Dionísio Cerqueira;settlement;-26.255;-536.397;14;no;;A9;0;ghsl-ucdb. wdpa
Brazil;Reserva Biológica Do Lago Piratuba;site;14.973;-502.249;14;no;;A9;0;wdpa
Brazil;Reserva Biológica Do Rio Trombetas;site;-10.721;-566.674;14;no;;A9;0;wdpa
Brazil;Parque Nacional Da Amazônia;site;-42.995;-567.341;14;no;;A9;0;wdpa
Brazil;Parque Nacional De Pacaás Novos;site;-111.054;-632.867;14;no;;A9;0;wdpa
Brazil;Parque Nacional Do Cabo Orange;site;36.629;-512.135;14;no;;A9;0;wdpa
Brazil;Parque Nacional Do Araguaia;site;-105.048;-50.211;14;no;;A9;0;wdpa
Brazil;Estação Ecológica De Maracá Jipioca;site;2.021;-503.779;14;no;;A9;0;wdpa
Brazil;Estação Ecológica De Uruçuí-Una;site;-88.838;-452.034;14;no;;A9;0;wdpa
Brazil;Estação Ecológica Rio Acre;site;-109.094;-702.827;14;no;;A9;0;wdpa
Brazil;Estação Ecológica Do Jari;site;-0.4947;-529.666;14;no;;A9;0;wdpa
Brazil;Reserva Biológica Do Tapirapé;site;-56.615;-506.127;14;no;;A9;0;wdpa
Brazil;Reserva Biológica Do Gurupi;site;-36.461;-467.109;14;no;;A9;0;wdpa
Brazil;Estação Ecológica Niquiá;site;12.589;-61.465;14;no;;A9;0;wdpa
Brazil;Estação Ecológica Juami-Japurá;site;-2.243;-683.495;14;no;;A9;0;wdpa
Brazil;Parque Nacional Grande Sertão Veredas;site;-150.838;-458.412;14;no;;A9;0;wdpa
Brazil;Reserva Biológica Do Uatumã;site;-12.761;-594.943;14;no;;A9;0;wdpa
Brazil;Parque Estadual Serra Do Aracá;site;14.714;-634.564;14;no;;A9;0;wdpa
Brazil;Estação Ecológica Samuel;site;-89.483;-630.654;14;no;;A9;0;wdpa
Brazil;Estação Ecológica Serra Dos Três Irmãos;site;-91.659;-647.383;14;no;;A9;0;wdpa
Brazil;Parque Estadual De Guajará-Mirim;site;-105.458;-643.749;14;no;;A9;0;wdpa
Brazil;Reserva Biológica Morro Dos Seis Lagos;site;0.3222;-666.941;14;no;;A9;0;wdpa
Brazil;Parque Estadual Serra Santa Bárbara;site;-158.184;-593.798;14;no;;A9;0;wdpa
Brazil;Parque Nacional Serra Da Mocidade;site;11.739;-62.078;14;no;;A9;0;wdpa
Brazil;Parque Nacional Da Serra Das Confusões;site;-91.162;-437.537;14;no;;A9;0;wdpa
Brazil;Estação Ecológica Da Terra Do Meio;site;-5.738;-535.842;14;no;;A9;0;wdpa
Brazil;Parque Nacional Da Serra Do Pardo;site;-58.092;-530.073;14;no;;A9;0;wdpa
Brazil;Parque Nacional Das Nascentes Do Rio Parnaiba;site;-99.122;-459.489;14;no;;A9;0;wdpa
Brazil;Estação Ecológica De Cuniã;site;-82.831;-633.936;14;no;;A9;0;wdpa
Brazil;Parque Nacional Montanhas Do Tumucumaque;site;20.946;-531.824;14;no;;A9;0;wdpa
Brazil;Reserva Biológica Nascentes Da Serra Do Cachimbo;site;-90.141;-546.807;14;no;;A9;0;wdpa
Brazil;Parque Nacional Do Jamanxim;site;-56.062;-558.492;14;no;;A9;0;wdpa
Brazil;Parque Nacional Do Rio Novo;site;-77.418;-564.179;14;no;;A9;0;wdpa
Brazil;Parque Nacional Dos Campos Amazônicos;site;-83.685;-612.643;14;no;;A9;0;wdpa
Brazil;Parque Estadual Chandless;site;-99.367;-701.973;14;no;;A9;0;wdpa
Brazil;Parque Estadual Cristalino;site;-95.378;-557.161;14;no;;A9;0;wdpa
Brazil;Parque Estadual Do Xingu;site;-98.456;-525.842;14;no;;A9;0;wdpa
Brazil;Parque Estadual Grão Mogol;site;-16.414;-428.712;14;no;;A9;0;wdpa
Brazil;Parque Estadual Rio Negro Setor Norte;site;-21.829;-614.129;14;no;;A9;0;wdpa
Brazil;Estação Ecológica Do Grão Pará;site;0.7886;-567.484;14;no;;A9;0;wdpa
Brazil;Reserva Biológica De Maicuru;site;0.7633;-542.162;14;no;;A9;0;wdpa
Brazil;Parque Nacional Nascentes Do Lago Jari;site;-57.705;-625.942;14;no;;A9;0;wdpa
Brazil;Parque Nacional Mapinguari;site;-85.048;-646.244;14;no;;A9;0;wdpa
Brazil;Estação Ecológica Da Serra Das Araras;site;-156.517;-571.889;14;no;;A9;0;wdpa
Brazil;Estação Ecológica Rio Flor Do Prado;site;-106.842;-603.598;14;no;;A9;0;wdpa
Brazil;Parque Estadual Do Matupiri;site;-5.123;-61.255;14;no;;A9;0;wdpa
Brazil;Estação Ecológica Alto Maués;site;-56.164;-583.106;14;no;;A9;0;wdpa
Brazil;Reserva Biológica Do Manicoré;site;-69.317;-609.222;14;no;;A9;0;wdpa
Brazil;Parque Nacional Do Acari;site;-62.049;-593.441;14;no;;A9;0;wdpa
Brazil;Rio Negro;site;-17.239;-641.063;14;no;;A9;0;wdpa
Brazil;Amazon Estuary and its Mangroves;site;-0.1437;-467.766;14;no;;A9;0;wdpa
Brazil;Parque Estadual Marinho Banco Do Álvaro;site;-0.3166;-44.825;14;no;;A9;0;wdpa
Brazil;Estação Ecológica Soldado Da Borracha;site;-86.667;-625.859;14;no;;A9;0;wdpa
Brazil;Estação Ecológica Umirizal;site;-96.286;-651.928;14;no;;A9;0;wdpa
Brazil;Parque Estadual Das Nascentes;site;0.5744;-611.631;14;no;;A9;0;wdpa
Brazil;Parque Estadual Do Rangel;site;-98.044;-444.648;14;no;;A9;0;wdpa
Brazil;Estação Ecológica Mamuru;site;-34.471;-56.532;14;no;;A9;0;wdpa
Brazil;Parque Nacional Do Albardão;site;-334.971;-524.077;14;no;;A9;0;wdpa
Brazil;Parque Estadual Ambiental Das Árvores Gigantes Da Amazônia;site;0.626;-534.457;14;no;;A9;0;wdpa
Brazil;Guaíra;settlement;-24.082;-542.462;14;no;;;0;ghsl-ucdb. wdpa
Brazil;Lagoa Grande;settlement;-89.969;-402.719;14;no;;;0;ghsl-ucdb. wdpa
Brazil;Campinas;settlement;-229.056;-470.608;14;no;;A12;0;ghsl-ucdb. wikidata
Brazil;Florianópolis;settlement;-275.967;-485.492;11;no;;;0;ghsl-ucdb. wdpa. wikidata
British Virgin Islands;Road Town;settlement;184.269;-646.208;100;yes;1;A11;0;ghsl-ucdb. osm. wdpa
Brunei;Tutong;settlement;48.028;1.146.492;100;yes;1;A9;0;ghsl-ucdb. wdpa
Brunei;Liang;settlement;46.775;1.144.959;51;no;;A9;0;ghsl-ucdb. wdpa
Bulgaria;Petrich;settlement;413.985;23.207;100;yes;1;A11;0;ghsl-ucdb. osm. wdpa
Bulgaria;Sandanski;settlement;415.667;232.833;100;no;;A9;1;ghsl-ucdb. unesco-whs. wdpa. wikidata
Bulgaria;Karlovo;settlement;426.333;24.8;98;yes;2;A9;1;cuisine. ghsl-ucdb. unesco-whs. wdpa. wikidata
Bulgaria;Ruse;settlement;438.487;259.534;90;yes;3;;1;cuisine. ghsl-ucdb. unesco-whs. wikidata
Bulgaria;Burgas;settlement;425.065;274.689;80;yes;5;A9;1;ghsl-ucdb. unesco-whs. wdpa. wikidata
Bulgaria;Sofia;settlement;426.975;233.241;76;yes;4;A12;1;ghsl-ucdb. unesco-whs. wdpa. wikidata
Bulgaria;Smolyan;settlement;415.744;24.712;67;yes;6;A9;0;ghsl-ucdb. wdpa
Bulgaria;Shumen;settlement;432.706;269.229;45;yes;8;;1;cuisine. ghsl-ucdb. unesco-whs. wikidata
Bulgaria;Kazanlak;settlement;426.167;25.4;45;no;;;1;cuisine. ghsl-ucdb. unesco-whs. wikidata
Bulgaria;Razgrad;settlement;435.333;265.185;45;no;;;1;cuisine. ghsl-ucdb. unesco-whs. wikidata
Bulgaria;Silistra;settlement;441.171;272.606;42;yes;9;A9;1;ghsl-ucdb. unesco-whs. wikidata
Bulgaria;Plovdiv;settlement;421.539;24.75;40;no;;A12;0;cuisine. ghsl-ucdb. wikidata
Bulgaria;Samokov;settlement;423.385;235.581;39;no;;A9;0;ghsl-ucdb. wdpa
Bulgaria;Blagoevgrad;settlement;420.146;23.098;36;yes;12;;1;ghsl-ucdb. unesco-whs
Bulgaria;Vidin;settlement;439.916;228.824;27;yes;7;A12;0;ghsl-ucdb. wikidata
Bulgaria;Asenovgrad;settlement;420.167;248.667;25;no;;A9;0;cuisine. ghsl-ucdb. wdpa. wikidata
Bulgaria;Troyan;settlement;428.943;247.159;25;no;;A9;0;cuisine. ghsl-ucdb. wdpa. wikidata
Bulgaria;Dupnitsa;settlement;422.648;231.172;24;no;;A9;0;ghsl-ucdb. wdpa. wikidata
Bulgaria;Panagyurishte;settlement;424.952;241.902;23;no;;;0;cuisine. ghsl-ucdb. wikidata
Bulgaria;Varna;settlement;432.191;279.102;20;yes;13;A12;0;ghsl-ucdb. wikidata
Bulgaria;Lom;settlement;438.317;232.379;20;no;;A9;0;ghsl-ucdb. wdpa
Bulgaria;Veliko Tŭrnovo;settlement;430.812;25.629;20;yes;11;A12;0;cuisine. ghsl-ucdb. wikidata
Bulgaria;Botevgrad;settlement;42.908;237.927;20;no;;A12;0;cuisine. ghsl-ucdb. wikidata
Bulgaria;Parvomay;settlement;42.1;252.167;17;no;;;0;cuisine. ghsl-ucdb. wdpa
Bulgaria;Stara Zagora;settlement;42.432;256.426;15;no;;A12;0;cuisine. ghsl-ucdb. wikidata
Bulgaria;Pazardzhik;settlement;421.993;243.332;15;no;;A12;0;cuisine. ghsl-ucdb. wikidata
Bulgaria;Dimitrovgrad;settlement;42.05;25.6;15;no;;A12;0;cuisine. ghsl-ucdb. wikidata
Bulgaria;Targovishte;settlement;432.512;265.722;15;no;;A12;0;cuisine. ghsl-ucdb. wikidata
Bulgaria;Gorna Oryahovitsa;settlement;431.278;257.017;15;no;;A12;0;cuisine. ghsl-ucdb. wikidata
Bulgaria;Svishtov;settlement;436.187;253.503;15;no;;A12;0;cuisine. ghsl-ucdb. wikidata
Bulgaria;Pleven;settlement;434.179;246.167;14;yes;14;A12;0;cuisine. ghsl-ucdb
Bulgaria;Sliven;settlement;426.861;263.256;14;no;;A12;0;cuisine. ghsl-ucdb
Bulgaria;Haskovo;settlement;419.342;255.556;14;no;;A12;0;cuisine. ghsl-ucdb
Bulgaria;Yambol;settlement;424.824;265.001;14;yes;15;A12;0;cuisine. ghsl-ucdb
Bulgaria;Gabrovo;settlement;428.742;253.182;14;no;;A12;0;cuisine. ghsl-ucdb
Bulgaria;Kardzhali;settlement;41.645;253.658;14;no;;A12;0;cuisine. ghsl-ucdb
Bulgaria;Lovech;settlement;431.323;247.176;14;no;;A12;0;cuisine. ghsl-ucdb
Bulgaria;Sevlievo;settlement;43.023;251.036;14;no;;A12;0;cuisine. ghsl-ucdb
Bulgaria;Nova Zagora;settlement;424.833;260.167;14;no;;A12;0;cuisine. ghsl-ucdb
Bulgaria;Aytos;settlement;427.032;272.546;14;no;;A12;0;cuisine. ghsl-ucdb
Bulgaria;Karnobat;settlement;42.65;269.833;14;no;;A12;0;cuisine. ghsl-ucdb
Bulgaria;Harmanli;settlement;419.323;259.017;14;no;;A12;0;cuisine. ghsl-ucdb
Bulgaria;Peshtera;settlement;420.337;242.999;14;no;;A12;0;cuisine. ghsl-ucdb
Bulgaria;Svilengrad;settlement;417.684;261.977;14;yes;10;A12;0;cuisine. ghsl-ucdb
Bulgaria;Popovo;settlement;43.35;262.333;14;no;;A12;0;cuisine. ghsl-ucdb
Bulgaria;Rakovski;settlement;422.882;249.678;14;no;;A12;0;cuisine. ghsl-ucdb
Bulgaria;Chirpan;settlement;42.2;253.333;14;no;;A12;0;cuisine. ghsl-ucdb
Burkina Faso;Ouagadougou;settlement;123.657;-15.339;100;yes;1;A12. A11;0;ghsl-ucdb. osm. wikidata
Burkina Faso;Diapaga;settlement;120.729;17.884;98;yes;2;A9;2;ghsl-ucdb. osm. unesco-whs. wdpa
Burkina Faso;Pô;settlement;111.697;-1.145;89;yes;3;;1;ghsl-ucdb. osm. unesco-whs. wikidata
Burkina Faso;Gaoua;settlement;103.314;-3.182;89;yes;4;;1;ghsl-ucdb. osm. unesco-whs. wikidata
Burkina Faso;Houndé;settlement;11.5;-35.167;76;yes;5;A11;1;ghsl-ucdb. osm. unesco-whs
Burkina Faso;Bobo-Dioulasso;settlement;111.806;-42.949;64;yes;8;A11;0;ghsl-ucdb. osm. wdpa. wikidata
Burkina Faso;Namponkoré;settlement;117.375;17.772;53;no;;A9;0;ghsl-ucdb. osm. wdpa. wikidata
Burkina Faso;Dédougou;settlement;124.636;-34.607;31;yes;6;;0;ghsl-ucdb. osm. wikidata
Burkina Faso;Fada N'gourma;settlement;120.616;0.3584;28;no;;A11;0;ghsl-ucdb. osm
Burkina Faso;Ouahigouya;settlement;135.769;-24.179;27;no;;A11;0;ghsl-ucdb. osm
Burkina Faso;Banfora;settlement;106.406;-47.528;26;no;;A11;0;ghsl-ucdb. osm. wikidata
Burkina Faso;Kombissiri;settlement;120.688;-13.364;24;no;;;0;ghsl-ucdb. osm
Burkina Faso;Manga;settlement;11.665;-10.698;24;no;;A9;0;ghsl-ucdb. osm. wdpa
Burkina Faso;Koudougou;settlement;122.519;-23.669;22;no;;A11;0;ghsl-ucdb. osm
Burkina Faso;Gourcy;settlement;132.078;-23.589;21;no;;A11;0;ghsl-ucdb. osm
Burkina Faso;Aribinda;settlement;142.296;-0.8654;21;yes;14;;0;ghsl-ucdb. osm. wdpa. wikidata
Burkina Faso;Léo;settlement;111.003;-21.065;21;no;;A11;0;ghsl-ucdb. osm. wdpa
Burkina Faso;Boromo;settlement;117.454;-29.301;20;no;;A11. A9;0;ghsl-ucdb. osm. wdpa
Burkina Faso;Kokologo;settlement;121.939;-18.769;20;no;;;0;ghsl-ucdb. osm
Burkina Faso;Diébougou;settlement;109.621;-32.497;19;no;;A11;0;ghsl-ucdb. osm. wdpa
Burkina Faso;Kaya;settlement;130.883;-10.837;19;no;;;0;ghsl-ucdb. osm. wikidata
Burkina Faso;Korsimoro;settlement;128.251;-10.674;19;no;;;0;ghsl-ucdb. osm. wikidata
Burkina Faso;Kindi;settlement;124.386;-20.328;19;no;;;0;ghsl-ucdb. osm
Burkina Faso;Koupéla;settlement;121.786;-0.351;18;yes;7;;0;ghsl-ucdb. osm
Burkina Faso;Ziniaré;settlement;125.824;-12.975;18;no;;;0;ghsl-ucdb. osm
Burkina Faso;Tenkodogo;settlement;117.844;-0.3718;18;no;;A11;0;ghsl-ucdb. osm
Burkina Faso;Natiaboani;settlement;116.992;0.5061;17;yes;11;;0;ghsl-ucdb. osm. wikidata
Burkina Faso;Yako;settlement;129.591;-22.607;17;yes;15;;0;ghsl-ucdb. osm
Burkina Faso;Sabou;settlement;120.667;-22.333;17;no;;;0;ghsl-ucdb. osm
Burkina Faso;Titao;settlement;137.667;-20.667;17;yes;9;;0;ghsl-ucdb. osm
Burkina Faso;Boussé;settlement;126.612;-18.951;17;no;;;0;ghsl-ucdb. osm
Burkina Faso;Kongoussi;settlement;133.258;-15.347;16;no;;A11;0;ghsl-ucdb. osm
Burkina Faso;Pissila;settlement;131.642;-0.8225;15;yes;10;;0;ghsl-ucdb. osm
Burkina Faso;Dori;settlement;140.333;-0.0333;15;no;;A11;0;ghsl-ucdb. osm
Burkina Faso;Cinkansé;settlement;111.186;0.0099;14;no;;A11;0;ghsl-ucdb. osm
Burkina Faso;Réo;settlement;123.196;-24.709;14;yes;12;;0;ghsl-ucdb. osm
Burkina Faso;Toma;settlement;127.584;-28.988;12;no;;;0;ghsl-ucdb. osm
Burkina Faso;Gayéri;settlement;126.482;0.4931;12;yes;13;;0;ghsl-ucdb. osm
Burkina Faso;Mogtédo;settlement;122.844;-0.8372;11;no;;;0;ghsl-ucdb. osm
Burkina Faso;Kouka;settlement;134.345;-16.136;10;no;;A11;0;ghsl-ucdb. osm
Burkina Faso;Sapouy;settlement;115.544;-17.736;10;no;;;0;ghsl-ucdb. osm
Burkina Faso;Béguédo;settlement;117.808;-0.7339;10;no;;;0;ghsl-ucdb. osm. wdpa
Burundi;Karusi;settlement;-31.014;301.628;100;yes;1;A9;0;ghsl-ucdb. osm. wdpa. wikidata
Burundi;Gatumba;settlement;-33.333;29.25;99;no;;A9;0;ghsl-ucdb. osm. wdpa. wikidata
Burundi;Bubanza;settlement;-30.804;29.391;98;yes;3;A9;0;ghsl-ucdb. osm. wdpa. wikidata
Burundi;Vyanda;settlement;-41.024;29.606;95;no;;A9;0;ghsl-ucdb. osm. wdpa
Burundi;Bujumbura;settlement;-33.819;293.614;93;no;;A11;0;ghsl-ucdb. osm
Burundi;Rumonge;settlement;-39.736;294.386;68;yes;2;A11;0;ghsl-ucdb. osm
Burundi;Gitega;settlement;-34.271;299.246;62;no;;;0;ghsl-ucdb. osm
Burundi;Zanandore;settlement;-32.548;30.114;58;no;;A11;0;ghsl-ucdb. osm
Burundi;Cendajuru;settlement;-3.289;306.011;29;no;;;0;ghsl-ucdb. osm
Burundi;Kirundo;settlement;-25.845;300.959;14;no;;;0;ghsl-ucdb. osm
Burundi;Ngozi;settlement;-29.075;298.306;12;no;;;0;ghsl-ucdb. osm
Burundi;Cibitoke;settlement;-28.869;291.248;12;no;;;0;ghsl-ucdb. osm
Cabo Verde;Reserva Natural Tartaruga;site;16.013;-227.126;100;yes;1;A9;0;wdpa. wikidata
Cabo Verde;Praia;settlement;149.315;-235.125;91;yes;2;;1;ghsl-ucdb. unesco-whs. wikidata
Cabo Verde;Assomada;settlement;15.1;-236.833;19;no;;A12;0;ghsl-ucdb. wikidata
Cambodia;Siem Reap;settlement;133.618;1.038.606;100;yes;1;A9. A11;1;cuisine. ghsl-ucdb. osm. unesco-whs. wdpa. wikidata
Cambodia;Phnom Penh;settlement;115.625;104.916;91;yes;2;A10. A11. A12;1;cuisine. ghsl-ucdb. osm. unesco-whs. wikidata
Cambodia;Smach Mean Chey;settlement;115.466;1.030.357;79;yes;3;A9;0;ghsl-ucdb. osm. wdpa
Cambodia;Tbeng Meanchey;settlement;138.073;1.049.805;66;yes;5;A11;1;cuisine. ghsl-ucdb. osm. unesco-whs. wdpa. wikidata
Cambodia;Phumĭ Tnaôt;settlement;129.473;1.045.691;51;no;;A9;0;cuisine. ghsl-ucdb. osm. wdpa
Cambodia;Kampong Thom;settlement;127.111;1.048.887;47;yes;4;;1;cuisine. ghsl-ucdb. osm. unesco-whs. wikidata
Cambodia;Stung Treng;settlement;135.259;1.059.683;44;yes;7;A11. A9;0;cuisine. ghsl-ucdb. osm. wdpa
Cambodia;Pailin;settlement;12.849;1.026.093;40;yes;8;A9;0;ghsl-ucdb. osm. wdpa
Cambodia;Samraong;settlement;141.817;1.035.176;34;yes;10;A9;0;ghsl-ucdb. osm. wdpa. wikidata
Cambodia;Lumphat;settlement;134.915;1.069.802;32;yes;9;A11. A9;0;cuisine. ghsl-ucdb. osm. wdpa
Cambodia;Anlong Veaeng;settlement;142.322;1.040.811;31;no;;A9;0;cuisine. ghsl-ucdb. osm. wdpa
Cambodia;Kampong Cham;settlement;119.934;1.054.635;31;yes;14;A11;0;cuisine. ghsl-ucdb. osm. wikidata
Cambodia;Battambang;settlement;131.027;1.031.982;29;yes;15;A11;0;cuisine. ghsl-ucdb. osm
Cambodia;Kampot;settlement;106.104;1.041.814;24;yes;11;A11. A9;0;ghsl-ucdb. osm. wdpa
Cambodia;Sihanoukville;settlement;106.093;1.035.296;23;yes;16;A9. A11;0;ghsl-ucdb. osm. wdpa
Cambodia;Kampong Speu;settlement;114.533;1.045.208;21;no;;A9;0;cuisine. ghsl-ucdb. osm. wdpa
Cambodia;Banlung;settlement;137.394;1.069.873;21;no;;A9;0;cuisine. ghsl-ucdb. osm. wdpa
Cambodia;Virajay;site;143.728;1.069.834;21;yes;13;A9;0;cuisine. osm. wdpa
Cambodia;Dar;settlement;117.885;1.060.933;21;yes;12;A9;0;cuisine. ghsl-ucdb. osm. wdpa
Cambodia;Central Kravanh;site;119.347;1.035.211;21;no;;A9;0;cuisine. wdpa
Cambodia;Takeo;settlement;109.908;104.785;16;no;;A11;0;cuisine. ghsl-ucdb. osm. wikidata
Cambodia;Phumĭ Véal Tônsay;settlement;116.962;1.045.806;15;no;;;0;cuisine. ghsl-ucdb. osm. wdpa. wikidata
Cambodia;Ou Bei Choan;settlement;137.736;1.027.373;15;yes;6;;0;ghsl-ucdb. osm. wikidata
Cambodia;Kratié;settlement;124.881;1.060.188;13;no;;;0;cuisine. ghsl-ucdb. osm. wdpa
Cambodia;Kampong Chhnang;settlement;12.25;1.046.667;11;no;;;0;cuisine. ghsl-ucdb. osm
Cameroon;Blangwa;settlement;127.752;145.533;100;yes;1;;0;ghsl-ucdb. osm. wdpa. wikidata
Cameroon;Sangha Trinational;site;23.672;158.142;96;yes;3;A9;1;unesco-whs. wdpa. wikidata
Cameroon;Mokolo;settlement;107.424;138.023;89;yes;2;A2;2;ghsl-ucdb. osm. unesco-whs. wikidata
Cameroon;Dja Faunal Reserve;site;3.125;12.995;79;yes;5;A9;1;unesco-whs. wdpa. wikidata
Cameroon;Nki;site;24.348;145.259;62;yes;8;A9;0;wdpa
Cameroon;Fontem;settlement;54.685;98.818;55;no;;;0;ghsl-ucdb. wdpa. wikidata
Cameroon;Wum;settlement;63.833;100.667;47;yes;9;A9;0;ghsl-ucdb. wdpa
Cameroon;Dizangué;settlement;37.667;99.833;47;no;;A9;0;ghsl-ucdb. wdpa
Cameroon;Bafoussam;settlement;54.778;104.176;46;yes;4;;0;ghsl-ucdb. wikidata
Cameroon;Dschang;settlement;5.444;100.533;46;no;;;0;ghsl-ucdb. wikidata
Cameroon;Foumbot;settlement;5.508;106.325;46;no;;;0;ghsl-ucdb. wikidata
Cameroon;Mbouda;settlement;56.261;102.542;46;no;;;0;ghsl-ucdb. wikidata
Cameroon;Bafang;settlement;5.157;101.771;46;no;;;0;ghsl-ucdb. wikidata
Cameroon;Bangangté;settlement;51.408;105.253;46;no;;;0;ghsl-ucdb. wikidata
Cameroon;Nkongsamba;settlement;49.547;99.404;39;no;;A9;0;ghsl-ucdb. wdpa. wikidata
Cameroon;Tcholliré;settlement;84.022;141.698;32;yes;11;A9;0;ghsl-ucdb. wdpa. wikidata
Cameroon;Mamfe;settlement;57.513;93.137;32;no;;A9;0;ghsl-ucdb. wdpa. wikidata
Cameroon;Buea;settlement;41.534;92.423;32;no;;A9;0;ghsl-ucdb. wdpa
Cameroon;Kousséri;settlement;120.769;150.306;32;no;;A9;0;ghsl-ucdb. wdpa
Cameroon;Kribi;settlement;29.373;99.077;32;yes;12;A9;0;ghsl-ucdb. wdpa
Cameroon;Manjo;settlement;48.428;98.217;32;no;;A9;0;ghsl-ucdb. wdpa
Cameroon;Kaélé;settlement;101.092;144.508;32;no;;A9;0;ghsl-ucdb. wdpa
Cameroon;Bamusso;settlement;44.591;89.027;32;no;;A9;0;ghsl-ucdb. wdpa
Cameroon;Maga;settlement;108.434;149.396;32;no;;A9;0;ghsl-ucdb. wdpa
Cameroon;Bélabo;settlement;49.333;13.3;32;yes;13;A9;0;ghsl-ucdb. wdpa
Cameroon;Bouba Ndjida;site;86.748;146.622;32;no;;A9;0;wdpa
Cameroon;Faro;site;81.916;126.439;32;yes;14;A9;0;wdpa
Cameroon;Campo-Ma'an;site;24.454;103.156;32;no;;A9;0;wdpa
Cameroon;Korup;site;51.765;89.915;32;yes;15;A9;0;wdpa
Cameroon;Mbam et Djerem;site;58.654;127.749;32;yes;18;A9;0;wdpa
Cameroon;Vallée du Mbéré;site;70.931;148.985;32;yes;16;A9;0;wdpa
Cameroon;Mpem et Djim;site;51.638;117.172;32;yes;17;A9;0;wdpa
Cameroon;Kom;site;23.291;123.691;32;no;;A9;0;wdpa
Cameroon;Ebo;site;43.016;103.735;32;no;;A9;0;wdpa
Cameroon;Melong;settlement;51.218;99.614;28;no;;;0;ghsl-ucdb. wdpa. wikidata
Cameroon;Bali;settlement;58.874;100.118;25;no;;;0;ghsl-ucdb. wikidata
Cameroon;Bamenda;settlement;59.597;10.146;24;no;;;0;ghsl-ucdb. wikidata
Cameroon;Yagoua;settlement;103.411;152.329;24;yes;6;;0;ghsl-ucdb. wikidata
Cameroon;Ndop;settlement;59.884;104.386;24;no;;;0;ghsl-ucdb. wikidata
Cameroon;Douala;settlement;40.483;97.043;21;yes;7;A12;0;ghsl-ucdb. wikidata
Cameroon;Ekondo Titi;settlement;4.603;90.404;17;no;;;0;ghsl-ucdb. wdpa. wikidata
Cameroon;Yaoundé;settlement;38.667;115.167;15;yes;10;A12;0;ghsl-ucdb. wikidata
Cameroon;Mora;settlement;110.461;141.401;14;no;;;0;ghsl-ucdb. osm. wikidata
Canada;Toronto;settlement;437.064;-793.986;100;yes;1;A10. A12;0;ghsl-ucdb. wikidata
Canada;Montréal;settlement;455.088;-735.878;95;yes;3;A10. A12;0;ghsl-ucdb. wikidata
Canada;Québec;settlement;468.123;-712.145;89;yes;16;A10. A12;1;ghsl-ucdb. unesco-whs. wikidata
Canada;Miramichi;settlement;47.029;-655.019;80;yes;2;A9;0;ghsl-ucdb. wdpa. wikidata
Canada;Trois-Rivières;settlement;463.451;-725.477;75;no;;A10. A9;0;ghsl-ucdb. wdpa. wikidata
Canada;Ottawa;settlement;454.112;-756.981;74;no;;A10. A9. A12;0;ghsl-ucdb. wdpa. wikidata
Canada;Mississagi Provincial Park (Natural Environment Class);site;466.023;-826.913;62;yes;4;A9;0;wdpa
Canada;FLORES ISLAND PARK;site;492.962;-1.261.482;58;yes;6;A9;0;wdpa. wikidata
Canada;Grundy Lake Provincial Park (Natural Environment Class);site;459.485;-805.258;57;no;;A9;0;wdpa
Canada;Lady Evelyn-Smoothwater Provincial Park (Wilderness Class);site;473.521;-805.263;57;no;;A9;0;wdpa
Canada;René Brunelle Provincial Park (Recreational Class);site;494.254;-821.539;57;yes;19;A9;0;wdpa
Canada;FIORDLAND CONSERVANCY;site;528.654;-1.279.842;57;yes;8;A9;0;wdpa
Canada;Sydney;settlement;461.351;-601.831;57;yes;9;A9;0;ghsl-ucdb. wdpa. wikidata
Canada;Winnipeg;settlement;498.844;-97.147;52;yes;7;A10;0;ghsl-ucdb. wdpa. wikidata
Canada;Proposed plaine de la Missisicabi Biodiversity Reserve;site;506.206;-786.831;52;yes;11;A9;0;wdpa
Canada;Stony Plain;settlement;535.334;-114.002;51;yes;10;A10;0;cuisine. ghsl-ucdb. wikidata
Canada;CRAB LAKE CONSERVANCY;site;535.694;-1.286.136;51;no;;A9;0;wdpa
Canada;Q115099127;site;473.353;-794.303;50;yes;26;A10. A9;0;wdpa. wikidata
Canada;Vancouver;settlement;492.497;-1.231.193;49;no;;A9. A12;0;ghsl-ucdb. wdpa. wikidata
Canada;Fredericton Northside;settlement;459.759;-666.412;47;no;;A9;0;ghsl-ucdb. wdpa. wikidata
Canada;Halifax;settlement;446.427;-635.769;47;yes;20;A9;0;ghsl-ucdb. wdpa. wikidata
Canada;Ivanhoe Lake Provincial Park (Natural Environment Class);site;479.176;-827.331;47;no;;A9;0;wdpa
Canada;BIRKENHEAD LAKE PARK;site;505.699;-1.227.502;47;no;;A9;0;wdpa
Canada;Sandbar Lake Provincial Park (Natural Environment Class);site;495.038;-915.655;47;yes;13;A9;0;wdpa
Canada;Pantagruel Creek Provincial Park (Nature Reserve Class);site;497.607;-895.608;47;no;;A9;0;wdpa
Canada;CHASM PARK;site;511.832;-1.214.363;47;yes;14;A9;0;wdpa
Canada;GITXAAŁA NII ŁUUTIKSM/KITKATLA CONSERVANCY;site;538.929;-1.305.312;47;no;;A9;0;wdpa
Canada;Wildcat Hill Provincial Park;site;532.472;-1.024.737;47;yes;15;A9;0;wdpa
Canada;Kejimkujik National Park And National Historic Site Of Canada;site;443.708;-653.008;46;no;;A9;0;wdpa. wikidata
Canada;KOKANEE GLACIER PARK;site;497.815;-1.171.415;45;yes;21;A9;0;wdpa
Canada;Canadian Rocky Mountain Parks;site;514.247;-1.164.797;42;no;;A9;1;unesco-whs. wdpa. wikidata
Canada;Pimachiowin Aki;site;518.264;-954.113;42;yes;33;A9;2;unesco-whs. wdpa
Canada;BOWRON LAKE PARK;site;532.101;-1.210.016;41;no;;A9;0;wdpa. wikidata
Canada;North Bay;settlement;463.168;-794.663;41;no;;A9;0;ghsl-ucdb. wdpa
Canada;Squamish;settlement;496.992;-1.231.563;41;no;;A9;0;ghsl-ucdb. wdpa
Canada;Rouyn-Noranda;settlement;482.366;-790.231;41;no;;A9;0;ghsl-ucdb. wdpa
Canada;Neys Provincial Park (Natural Environment Class);site;487.386;-865.862;41;yes;18;A9;0;wdpa
Canada;KHUTZEYMATEEN PARK [A.K.A. KHUTZEYMATEEN/K'TZIM-A-DEEN GRIZZLY SANCTUARY];site;546.279;-1.297.254;41;no;;A9;0;wdpa
Canada;Kennedy Lakes;site;46.846;-664.624;41;no;;A9;0;wdpa
Canada;Ranger North Conservation Reserve;site;472.105;-838.747;41;no;;A9;0;wdpa
Canada;Kama Cliffs Conservation Reserve;site;490.267;-879.736;41;no;;A9;0;wdpa
Canada;HAKAI LÚXVBÁLÍS CONSERVANCY;site;517.471;-1.281.973;41;no;;A9;0;wdpa
Canada;Proposed lac Wetetnagami Biodiversity Reserve;site;487.908;-762.789;41;yes;31;A9;0;wdpa
Canada;Proposed Seigneurie-du-Triton Biodiversity Reserve;site;476.039;-720.511;41;no;;A9;0;wdpa
Canada;Anticosti;site;495.386;-632.453;41;yes;24;A9;1;unesco-whs. wdpa
Canada;Kingston;settlement;442.298;-76.481;40;no;;A9;1;ghsl-ucdb. unesco-whs. wdpa. wikidata
Canada;Proposed Buttes-du-Lac-Montjoie Biodiversity Reserve;site;463.067;-751.508;40;no;;A9;0;wdpa
Canada;Q115099328;site;488.722;-645.519;39;no;;A10. A9;0;wdpa. wikidata
Canada;Rimouski;settlement;484.488;-68.524;38;yes;32;A10;0;ghsl-ucdb. wikidata
Canada;Trout Lake Provincial Park (Nature Reserve Class);site;511.475;-934.344;36;no;;A9;0;wdpa
Canada;Landscape of Grand Pré;site;451.183;-643.072;36;no;;A9;1;unesco-whs. wdpa. wikidata
Canada;Dieppe;settlement;460.784;-646.873;36;no;;A9;1;ghsl-ucdb. unesco-whs. wdpa. wikidata
Canada;Miguasha National Park;site;480.931;-663.419;36;no;;A9;1;unesco-whs. wdpa. wikidata
Canada;Midland;settlement;447.501;-79.883;36;no;;A10. A9;0;ghsl-ucdb. wdpa. wikidata
Canada;Sault Ste. Marie;settlement;465.168;-843.333;35;no;;A9;0;ghsl-ucdb. wdpa. wikidata
Canada;Kenora;settlement;497.674;-944.899;35;no;;A9;0;ghsl-ucdb. wdpa. wikidata
Canada;Valley East;settlement;46.645;-809.973;35;no;;A9;0;ghsl-ucdb. wdpa
Canada;Lake Winnipegosis Salt Flats Ecological Reserve;site;530.529;-1.010.166;35;no;;A9;0;wdpa
Canada;KLIN-SE-ZA PARK;site;558.016;-1.225.565;35;yes;22;A9;0;wdpa
Canada;Proposed baie de Boatswain Biodiversity Reserve;site;518.243;-789.151;35;no;;A9;0;wdpa
Canada;Manitou Conservation Reserve;site;491.988;-930.611;35;no;;A9;0;wdpa
Canada;Q137400358;site;526.502;-1.057.419;34;no;;A10;0;cuisine. wdpa. wikidata
Canada;Kootenay National Park Of Canada;site;509.423;-1.160.798;33;no;;A9;0;wdpa. wikidata
Canada;Bon Echo Provincial Park (Natural Environment Class);site;449.076;-772.248;33;no;;A9;0;wdpa
Canada;Penticton;settlement;494.806;-1.195.858;33;no;;A9;0;ghsl-ucdb. wdpa
Canada;Port Alberni;settlement;492.413;-1.248.028;33;no;;A9;0;ghsl-ucdb. wdpa
Canada;Brocklehurst;settlement;507.082;-1.204.134;33;no;;A9;0;ghsl-ucdb. wdpa
Canada;Esker Lakes Provincial Park (Natural Environment Class);site;482.998;-799.266;33;no;;A9;0;wdpa
Canada;ELK LAKES PARK;site;504.781;-1.150.966;33;no;;A9;0;wdpa
Canada;Ogden Round Lake Wilderness Area;site;454.027;-616.422;33;no;;A9;0;wdpa
Canada;Athabasca Dunes Ecological Reserve;site;581.769;-1.108.803;33;yes;25;A9;0;cuisine. wdpa
Canada;Jasper National Park Of Canada;site;528.042;-1.181.709;32;no;;A9;0;wdpa. wikidata
Canada;Q115099323;site;473.689;-700.561;31;no;;A10;0;wdpa. wikidata
Canada;Gros Morne National Park;site;496.125;-575.314;31;no;;A9;1;unesco-whs. wdpa. wikidata
Canada;Fredericton;settlement;459.454;-666.656;29;no;;A9;0;ghsl-ucdb. wdpa. wikidata
Canada;Cranbrook;settlement;494.999;-1.157.688;29;no;;A9;0;ghsl-ucdb. wdpa. wikidata
Canada;Ojibway Provincial Park (Natural Environment Class);site;499.893;-921.417;29;no;;A9;0;wdpa. wikidata
Canada;CLAYTON FALLS CONSERVANCY;site;522.611;-1.268.359;29;no;;A9;0;wdpa. wikidata
Canada;Timmins;settlement;484.669;-813.331;29;no;;A9;0;ghsl-ucdb. wdpa
Canada;Campbell River;settlement;500.163;-1.252.446;29;no;;A9;0;ghsl-ucdb. wdpa
Canada;Cochrane;settlement;511.834;-1.144.687;29;no;;A9;0;ghsl-ucdb. wdpa
Canada;Whiteshell Provincial Park;site;500.343;-955.405;29;no;;A9;0;wdpa
Canada;ATLIN/A TEIX'GI AAN TLEIN PARK;site;592.455;-1.339.158;29;yes;27;A9;0;wdpa
Canada;CAPE SCOTT PARK;site;507.624;-1.281.436;29;no;;A9;0;wdpa
Canada;BYERS/CONROY/HARVEY/SINNETT ISLANDS ECOLOGICAL RESERVE;site;52.554;-1.293.667;29;no;;A9;0;wdpa
Canada;CHECLESET BAY ECOLOGICAL RESERVE;site;500.752;-127.63;29;no;;A9;0;wdpa
Canada;MUNCHO LAKE PARK;site;589.896;-1.257.086;29;yes;28;A9;0;wdpa
Canada;Little Abitibi Provincial Park (Natural Environment Class);site;497.027;-810.974;29;no;;A9;0;wdpa
Canada;Hannah Bay Bird Sanctuary;site;513.395;-79.725;29;no;;A9;0;wdpa
Canada;Louis-Babel Ecological Reserve;site;514.642;-686.697;29;yes;29;A9;0;wdpa
Canada;Gaspésie National Park (Québec);site;489.716;-662.673;29;no;;A9;0;wdpa
Canada;TS'IL?OS PARK;site;512.538;-1.239.209;29;no;;A9;0;wdpa
Canada;FRANCOIS LAKE PARK;site;539.789;-1.251.585;29;no;;A9;0;wdpa
Canada;ATNA RIVER PARK;site;53.987;-1.278.934;29;no;;A9;0;wdpa
Canada;TSA-LATĹ / SMOKEHOUSE CONSERVANCY;site;513.246;-1.270.406;29;no;;A9;0;wdpa
Canada;KLEWNUGGIT CONSERVANCY;site;537.171;-1.296.652;29;no;;A9;0;wdpa
Canada;Mount Carleton Provincial Park;site;474.038;-66.833;29;no;;A9;0;wdpa
Canada;Proposed Sikitakan Sipi Biodiversity Reserve;site;483.957;-744.725;29;no;;A9;0;wdpa
Canada;Assinica National Park Reserve (Québec);site;506.219;-757.696;29;no;;A9;0;wdpa
Canada;Sainte-Marie Islands Bird Sanctuary;site;50.304;-59.689;29;no;;A9;0;wdpa
Canada;Calgary;settlement;510.501;-1.140.853;28;no;;A12;0;ghsl-ucdb. wikidata
Canada;Clarence-Steepbank Lakes Provincial Park;site;542.782;-1.051.107;27;no;;A9;0;cuisine. wdpa
Canada;Rivière-du-Loup;settlement;47.827;-695.424;27;no;;A9;0;ghsl-ucdb. wdpa. wikidata
Canada;Victoria;settlement;484.359;-1.233.516;27;no;;A12;0;ghsl-ucdb. wikidata
Canada;Birch Mountains Wildland Provincial Park;site;575.189;-1.130.169;27;no;;A9;0;cuisine. wdpa
Canada;Budd Lake;site;549.769;-1.068.065;27;no;;A9;0;cuisine. wdpa
Canada;Red Bay Basque Whaling Station;site;517.269;-564.295;27;no;;A9;1;unesco-whs. wdpa. wikidata
Canada;S<U>G</U>ang Gwaay;site;52.095;-1.312.203;26;no;;A9;1;unesco-whs. wdpa. wikidata
Canada;Shawinigan;settlement;465.667;-727.491;26;no;;A9;0;ghsl-ucdb. wdpa. wikidata
Canada;Q29324530;site;484.231;-673.508;26;no;;A10. A9;0;wdpa. wikidata
Canada;Greater Sudbury;settlement;46.49;-80.99;26;no;;A9;0;ghsl-ucdb. wdpa. wikidata
Canada;Tr’ondëk-Klondike;site;640.503;-1.394.399;25;yes;5;;1;unesco-whs. wikidata
Canada;Writing-on-Stone / Áísínai’pi;site;49.075;-1.116.333;25;no;;A9;1;unesco-whs. wdpa. wikidata
Canada;Hamilton;settlement;432.501;-798.496;24;no;;A12;0;ghsl-ucdb. wikidata
Canada;Cold Lake Provincial Park;site;545.624;-1.100.753;24;no;;A9;0;cuisine. wdpa
Canada;Edmonton;settlement;535.501;-1.134.687;24;no;;A9. A12;0;cuisine. ghsl-ucdb. wdpa. wikidata
Canada;Alma;settlement;485.501;-716.491;24;no;;A10. A9;0;ghsl-ucdb. wdpa. wikidata
Canada;Nahanni National Park;site;615.472;-1.255.894;24;no;;A9;1;unesco-whs. wdpa. wikidata
Canada;Dinosaur Provincial Park;site;507.678;-1.114.922;24;no;;A9;1;unesco-whs. wdpa. wikidata
Canada;Charlottetown;settlement;462.346;-631.256;23;no;;A9;0;ghsl-ucdb. wdpa. wikidata
Canada;Old Town Lunenburg;site;443.761;-643.092;23;no;;A9;1;unesco-whs. wdpa. wikidata
Canada;Brandon;settlement;498.469;-999.531;23;no;;A9;0;ghsl-ucdb. wdpa
Canada;Steinbach;settlement;495.258;-966.845;23;no;;A9;0;ghsl-ucdb. wdpa
Canada;MOUNT EDZIZA PARK;site;576.574;-1.307.911;23;no;;A9;0;wdpa
Canada;Chilliwack;settlement;491.664;-1.219.526;22;no;;A9;0;ghsl-ucdb. wdpa. wikidata
Canada;Thunder Bay;settlement;48.382;-892.502;22;no;;A9;0;ghsl-ucdb. wdpa. wikidata
Canada;Chicoutimi;settlement;484.196;-710.637;22;no;;A9;0;ghsl-ucdb. wdpa. wikidata
Canada;Terrace;settlement;545.163;-1.286.035;22;no;;A9;0;ghsl-ucdb. wdpa. wikidata
Canada;Glacier National Park Of Canada;site;512.615;-1.175.621;22;no;;A9;0;wdpa. wikidata
Canada;MEHATL CREEK PARK;site;500.171;-1.220.894;22;no;;A9;0;wdpa. wikidata
Canada;SYRINGA PARK;site;493.744;-1.179.125;22;no;;A9;0;wdpa. wikidata
Canada;Queen Elizabeth The Queen Mother Mnidoo Mnising Provincial Park (Natural Environment Class);site;458.489;-829.947;22;no;;A9;0;wdpa
Canada;Kelowna;settlement;498.831;-1.194.857;22;no;;A9;0;ghsl-ucdb. wdpa
Canada;Prince George;settlement;539.166;-122.753;22;no;;A9;0;ghsl-ucdb. wdpa
Canada;Sept-Îles;settlement;502.001;-663.821;22;no;;A9;0;ghsl-ucdb. wdpa
Canada;Bracebridge;settlement;450.334;-793.163;22;no;;A9;0;ghsl-ucdb. wdpa
Canada;Pukaskwa National Park Of Canada;site;483.018;-859.187;22;no;;A9;0;wdpa
Canada;Cape Breton Highlands National Park Of Canada;site;467.301;-606.723;22;no;;A9;0;wdpa
Canada;Lake Superior Provincial Park (Natural Environment Class);site;474.911;-847.701;22;no;;A9;0;wdpa
Canada;Hecla/Grindstone Provincial Park;site;511.917;-96.597;22;no;;A9;0;wdpa
Canada;SPATSIZI PLATEAU WILDERNESS PARK;site;575.149;-1.285.241;22;no;;A9;0;wdpa
Canada;NAIKOON PARK;site;538.633;-1.318.788;22;no;;A9;0;wdpa
Canada;White Goat Wilderness Area;site;522.324;-1.168.088;22;no;;A9;0;wdpa
Canada;ILGACHUZ RANGE ECOLOGICAL RESERVE;site;527.939;-1.252.796;22;no;;A9;0;wdpa
Canada;VLADIMIR J. KRAJINA (PORT CHANAL) ECOLOGICAL RESERVE;site;53.574;-1.328.774;22;no;;A9;0;wdpa
Canada;SCHOEN LAKE PARK;site;501.815;-1.262.473;22;no;;A9;0;wdpa
Canada;Agassiz Peatlands Provincial Park (Nature Reserve Class);site;488.436;-944.868;22;no;;A9;0;wdpa
Canada;Sedgman Lake Provincial Park (Nature Reserve Class);site;506.417;-876.999;22;no;;A9;0;wdpa
Canada;William A. Switzer Provincial Park;site;534.911;-1.177.925;22;no;;A9;0;wdpa
Canada;KAKWA PARK;site;540.436;-1.203.544;22;no;;A9;0;wdpa
Canada;Matawin River Provincial Park (Nature Reserve Class);site;483.918;-90.171;22;no;;A9;0;wdpa
Canada;Windigo Bay Provincial Park (Nature Reserve Class);site;502.264;-888.009;22;no;;A9;0;wdpa
Canada;Spednic Lake;site;456.604;-675.816;22;no;;A9;0;wdpa
Canada;UPPER ADAMS RIVER PARK;site;516.709;-1.192.798;22;no;;A9;0;wdpa
Canada;CLENDINNING PARK;site;504.049;-1.237.819;22;no;;A9;0;wdpa
Canada;Tangier Grand Lake Wilderness Area;site;44.873;-628.068;22;no;;A9;0;wdpa
Canada;SUGARBOWL-GRIZZLY DEN PARK;site;538.381;-1.215.996;22;no;;A9;0;wdpa
Canada;Redfir Lake - Kapitagas Channel Ecological Reserve;site;523.938;-661.435;22;no;;A9;0;wdpa
Canada;Meteor Lake Outwash Fans Conservation Reserve;site;473.175;-814.322;22;no;;A9;0;wdpa
Canada;DEAN RIVER CONSERVANCY;site;527.802;-1.265.733;22;no;;A9;0;wdpa
Canada;KUNXALAS CONSERVANCY;site;530.922;-1.316.845;22;no;;A9;0;wdpa
Canada;NAKINA - INKLIN RIVERS/YÁWU YAA CONSERVANCY;site;590.423;-132.877;22;no;;A9;0;wdpa
Canada;Wood Buffalo National Park;site;593.583;-1.122.933;22;no;;A9;1;cuisine. unesco-whs. wikidata
Canada;Lethbridge;settlement;49.7;-1.128.186;22;yes;12;;1;ghsl-ucdb. unesco-whs. wikidata
Canada;L’Anse aux Meadows National Historic Site;site;515.847;-55.55;22;yes;17;;1;unesco-whs. wikidata
Canada;Fort McMurray;settlement;567.268;-111.381;21;no;;A9;0;cuisine. ghsl-ucdb. wdpa
Canada;Lesser Slave Lake Provincial Park;site;554.104;-1.148.263;21;no;;A9;0;cuisine. wdpa
Canada;Lakeland Provincial Park;site;547.477;-1.115.692;21;no;;A9;0;cuisine. wdpa
Canada;Hubert Lake Wildland Provincial Park;site;545.596;-1.142.454;21;no;;A9;0;cuisine. wdpa
Canada;Fidler-Greywillow Wildland Provincial Park;site;590.068;-1.104.985;21;no;;A9;0;cuisine. wdpa
Canada;Whitemud Falls Wildland Provincial Park;site;567.006;-1.101.119;21;no;;A9;0;cuisine. wdpa
Canada;Makwa Lake Provincial Park;site;540.384;-1.092.404;21;no;;A9;0;cuisine. wdpa
Canada;Lac La Ronge Provincial Park;site;552.711;-1.047.689;21;no;;A9;0;cuisine. wdpa
Canada;Perry Lake;site;568.672;-1.026.476;21;no;;A9;0;cuisine. wdpa
Canada;Jan Lake;site;549.394;-1.028.973;21;no;;A9;0;cuisine. wdpa
Canada;Ghost River Wilderness Area;site;513.484;-1.153.895;20;no;;A9;0;wdpa. wikidata
Canada;Q115099327;site;514.125;-572.028;20;no;;A10. A9;0;wdpa. wikidata
Canada;Saint-Lin-Laurentides;settlement;458.501;-737.659;20;no;;A10. A9;0;ghsl-ucdb. wdpa. wikidata
Canada;Niagara-on-the-Lake;settlement;432.565;-790.853;20;no;;A10;0;ghsl-ucdb. wikidata
Canada;Okotoks;settlement;507.289;-1.139.828;19;no;;A9;0;ghsl-ucdb. wdpa. wikidata
Canada;Coquitlam;settlement;492.846;-1.227.822;19;no;;A9;0;ghsl-ucdb. wdpa
Canada;GINGIETL CREEK ECOLOGICAL RESERVE;site;552.117;-1.292.861;19;no;;A9;0;wdpa
Canada;Dewey Soper Migratory Bird Sanctuary;site;661.153;-736.555;19;no;;A9;0;wdpa
Canada;Lac-Malakisis Ecological Reserve;site;467.161;-786.654;19;no;;A9;0;wdpa
Canada;Turtle Mountain Provincial Park;site;490.437;-1.001.938;19;no;;A9;0;wdpa
Canada;Mont-Tremblant National Park (Québec);site;464.146;-742.759;19;no;;A9;0;wdpa
Canada;CRAIG HEADWATERS PROTECTED AREA;site;565.575;-1.312.276;19;no;;A9;0;wdpa
Canada;Nibiischii National Park (Québec);site;516.376;-722.242;19;no;;A9;0;wdpa. wikidata
Canada;Châteauguay;settlement;453.834;-737.492;19;no;;A10;0;ghsl-ucdb. wdpa. wikidata
Canada;Saint-Georges;settlement;461.135;-706.653;18;no;;A10;0;ghsl-ucdb. wikidata
Canada;Q134484164;site;497.801;-671.605;18;no;;A10;0;wikidata
Canada;Prince Albert;settlement;532.001;-1.057.677;17;no;;A9;0;cuisine. ghsl-ucdb. wdpa. wikidata
Canada;Redberry Lake Migratory Bird Sanctuary;site;526.911;-1.071.615;17;no;;A9;0;cuisine. wdpa. wikidata
Canada;Mistaken Point;site;46.635;-532.111;17;no;;A9;1;unesco-whs. wikidata
Canada;Wood Buffalo National Park Of Canada;site;590.389;-1.132.936;17;no;;A9;0;cuisine. wdpa
Canada;Prince Albert National Park Of Canada;site;539.569;-1.063.911;17;no;;A9;0;cuisine. wdpa
Canada;La Biche River Wildland Provincial Park;site;550.037;-1.126.389;17;no;;A9;0;cuisine. wdpa
Canada;Otter-Orloff Lakes Wildland Provincial Park;site;553.682;-1.135.547;17;no;;A9;0;cuisine. wdpa
Canada;Marguerite River Wildland Provincial Park;site;575.625;-1.104.159;17;no;;A9;0;cuisine. wdpa
Canada;Athabasca Sand Dunes Provincial Park;site;591.063;-1.086.895;17;no;;A9;0;cuisine. wdpa
Canada;Clearwater River Provincial Park;site;569.617;-1.091.041;17;no;;A9;0;cuisine. wdpa
Canada;Mccusker River;site;551.327;-1.088.248;17;no;;A9;0;cuisine. wdpa
Canada;Seager Wheeler Lake;site;54.202;-1.036.846;17;no;;A9;0;cuisine. wdpa
Canada;Pink Lake;site;567.656;-1.044.072;17;no;;A9;0;cuisine. wdpa
Canada;Dillon River Wildland Provincial Park;site;558.533;-1.102.404;17;no;;A9;0;cuisine. wdpa
Canada;Lower Foster Lake;site;564.601;-1.054.383;17;no;;A9;0;cuisine. wdpa
Canada;Chappuis-Fontaine Lakes Special Management Area;site;597.152;-1.068.047;17;no;;A9;0;cuisine. wdpa
Canada;Tazin Lake;site;599.108;-1.091.096;17;no;;A9;0;cuisine. wdpa
Canada;Lloydminster;settlement;532.724;-1.100.226;17;no;;A12;0;cuisine. ghsl-ucdb. wikidata
Canada;Conception Bay South;settlement;474.999;-529.981;17;no;;A9;0;ghsl-ucdb. wdpa. wikidata
Canada;GOOSEGRASS CREEK ECOLOGICAL RESERVE;site;51.999;-1.182.548;17;no;;A9;0;wdpa. wikidata
Canada;Castle Wildland Provincial Park;site;493.911;-1.143.447;17;no;;A9;0;wdpa. wikidata
Canada;St. John's;settlement;475.649;-527.093;16;yes;23;A12;0;ghsl-ucdb. wikidata
Canada;Grands-Jardins National Park (Québec);site;476.869;-707.957;16;no;;A9;0;wdpa. wikidata
Canada;Proposed Lac-Némiscachingue Biodiversity Reserve;site;474.599;-744.346;16;no;;A9;0;wdpa. wikidata
Canada;Camrose;settlement;530.168;-1.128.353;16;no;;;0;cuisine. ghsl-ucdb. wdpa. wikidata
Canada;Lower Sackville;settlement;44.776;-636.786;16;no;;A9;0;ghsl-ucdb. wdpa. wikidata
Canada;Val-d'Or;settlement;480.974;-777.974;16;no;;A9;0;ghsl-ucdb. wdpa. wikidata
Canada;Baie-Comeau;settlement;492.168;-681.489;16;no;;A9;0;ghsl-ucdb. wdpa. wikidata
Canada;Clarence-Rockland;settlement;455.501;-75.291;16;no;;A9;0;ghsl-ucdb. wdpa. wikidata
Canada;Magog;settlement;452.668;-721.491;16;no;;A9;0;ghsl-ucdb. wdpa. wikidata
Canada;Woodland Caribou Provincial Park (Wilderness Class);site;51.017;-946.844;16;no;;A9;0;wdpa. wikidata
Canada;Trout Brook Wilderness Area;site;460.822;-610.673;16;no;;A9;0;wdpa. wikidata
Canada;Greene Valley Provincial Park;site;561.461;-1.172.254;16;no;;A9;0;wdpa. wikidata
Canada;Vuntut National Park Of Canada;site;683.752;-1.396.536;15;no;;A9;0;wdpa
Canada;Pichogen River Mixed Forest Provincial Park (Nature Reserve Class);site;489.305;-839.774;15;no;;A9;0;wdpa
Canada;Fushimi Lake Provincial Park (Recreational Class);site;49.81;-839.035;15;no;;A9;0;wdpa
Canada;Ni'iinlii Njik (Fishing Branch);site;664.804;-1.393.706;15;no;;A9;0;wdpa
Canada;Spruce Grove;settlement;535.334;-1.139.187;15;no;;A12;0;cuisine. ghsl-ucdb
Canada;North Battleford;settlement;527.797;-1.082.967;15;yes;30;A12;0;cuisine. ghsl-ucdb
Canada;Leduc;settlement;532.668;-113.552;15;no;;A12;0;cuisine. ghsl-ucdb
Canada;Vernon;settlement;502.673;-1.192.734;15;no;;A9;0;ghsl-ucdb. wdpa
Canada;Huntsville;settlement;453.334;-792.163;15;no;;A9;0;ghsl-ucdb. wdpa
Canada;Corner Brook;settlement;48.95;-57.952;15;no;;A9;0;ghsl-ucdb. wdpa
Canada;New Glasgow;settlement;455.834;-626.486;15;no;;A9;0;ghsl-ucdb. wdpa
Canada;Lutes Mountain;settlement;461.354;-64.905;15;no;;A9;0;ghsl-ucdb. wdpa
Canada;Greater Napanee;settlement;442.501;-769.494;15;no;;A9;0;ghsl-ucdb. wdpa
Canada;Lake Country;settlement;500.088;-1.193.967;15;no;;A9;0;ghsl-ucdb. wdpa
Canada;Sooke;settlement;483.746;-1.237.276;15;no;;A9;0;ghsl-ucdb. wdpa
Canada;KWADACHA WILDERNESS PARK;site;578.196;-1.250.307;15;no;;A9;0;wdpa
Canada;CATHEDRAL PARK;site;490.767;-120.173;15;no;;A9;0;wdpa
Canada;Bruce Peninsula National Park Of Canada;site;451.638;-814.874;15;no;;A9;0;wdpa
Canada;McConnell Migratory Bird Sanctuary;site;607.452;-943.874;15;no;;A9;0;wdpa
Canada;Reindeer Island Ecological Reserve;site;524.234;-979.943;15;no;;A9;0;wdpa
Canada;Nagagamisis Provincial Park (Natural Environment Class);site;498.658;-847.715;15;no;;A9;0;wdpa
Canada;The Shoals Provincial Park (Natural Environment Class);site;478.976;-838.253;15;no;;A9;0;wdpa
Canada;Kesagami Provincial Park;site;506.391;-800.332;15;no;;A9;0;wdpa
Canada;Michipicoten Island Provincial Park (Natural Environment Class);site;477.526;-857.767;15;no;;A9;0;wdpa
Canada;Winagami Lake Provincial Park;site;556.422;-1.167.423;15;no;;A9;0;wdpa
Canada;Sable Island Migratory Bird Sanctuary;site;439.809;-599.137;15;no;;A9;0;wdpa
Canada;Banks Island Migratory Bird Sanctuary No. 2;site;738.854;-1.198.305;15;no;;A9;0;wdpa
Canada;La Cloche Provincial Park (Natural Environment Class);site;461.138;-820.286;15;no;;A9;0;wdpa
Canada;Fawn River Provincial Park;site;53.937;-900.408;15;no;;A9;0;wdpa
Canada;Little Current River Provincial Park;site;507.225;-861.479;15;no;;A9;0;wdpa
Canada;MILLIGAN HILLS PARK;site;574.757;-1.202.144;15;no;;A9;0;wdpa
Canada;Quetico Provincial Park (Wilderness Class);site;483.674;-915.615;15;no;;A9;0;wdpa
Canada;Fjord-du-Saguenay National Park (Québec);site;482.631;-701.989;15;no;;A9;0;wdpa
Canada;Proposed rivière Moisie Aquatic Reserve;site;516.425;-668.501;15;no;;A9;0;wdpa
Canada;BROUGHTON ARCHIPELAGO PARK;site;506.907;-126.651;15;no;;A9;0;wdpa
Canada;Ivvavik National Park Of Canada;site;691.022;-1.395.669;15;no;;A9;0;wdpa
Canada;JUNCTION SHEEP RANGE PARK;site;518.079;-1.224.582;15;no;;A9;0;wdpa
Canada;KLUSKOIL LAKE PARK;site;53.188;-1.239.096;15;no;;A9;0;wdpa
Canada;SCHOOLHOUSE LAKE PARK;site;518.896;-1.209.899;15;no;;A9;0;wdpa
Canada;Albany River Provincial Park;site;514.306;-882.383;15;no;;A9;0;wdpa
Canada;DENETIAH PARK;site;585.139;-1.273.365;15;no;;A9;0;wdpa
Canada;Nakina Moraine Provincial Park (Natural Environment Class);site;500.949;-866.996;15;no;;A9;0;wdpa
Canada;THINAHTEA SOUTH PROTECTED AREA;site;596.499;-120.336;15;no;;A9;0;wdpa
Canada;PITMAN RIVER PROTECTED AREA;site;580.339;-1.278.709;15;no;;A9;0;wdpa
Canada;BEARHOLE LAKE PARK;site;550.548;-1.205.835;15;no;;A9;0;wdpa
Canada;MONASHEE PARK;site;505.356;-1.182.945;15;no;;A9;0;wdpa
Canada;MOUNT BLANCHET PARK;site;552.764;-1.258.593;15;no;;A9;0;wdpa
Canada;Proposed lac Gensart Biodiversity Reserve;site;527.482;-677.959;15;no;;A9;0;wdpa
Canada;Proposed Paul-Provencher Ecological Reserve;site;50.146;-681.862;15;no;;A9;0;wdpa
Canada;Harth Lake Conservation Reserve;site;508.585;-921.775;15;no;;A9;0;wdpa
Canada;Mistinikon Lake Uplands Conservation Reserve;site;479.484;-807.948;15;no;;A9;0;wdpa
Canada;Nahma Bog And Poor Fens Conservation Reserve;site;489.776;-809.318;15;no;;A9;0;wdpa
Canada;Campfire River Conservation Reserve;site;503.843;-943.115;15;no;;A9;0;wdpa
Canada;Northern Claybelt Forest Complex Conservation Reserve;site;487.658;-820.601;15;no;;A9;0;wdpa
Canada;Tembec Wetland Complex Conservation Reserve;site;496.338;-79.578;15;no;;A9;0;wdpa
Canada;Birch Island Provincial Park;site;523.945;-999.402;15;no;;A9;0;wdpa
Canada;Fisher Bay Provincial Park;site;516.421;-971.676;15;no;;A9;0;wdpa
Canada;CHASE PARK;site;565.029;-1.250.178;15;no;;A9;0;wdpa
Canada;FINLAY-RUSSEL PARK;site;573.969;-1.262.847;15;no;;A9;0;wdpa
Canada;OMINECA PARK;site;558.643;-1.248.524;15;no;;A9;0;wdpa
Canada;Grasslands National Park Of Canada;site;49.109;-107.12;15;no;;A9;0;wdpa
Canada;Akpait National Wildlife Area;site;669.063;-61.722;15;no;;A9;0;wdpa
Canada;Proposed îles de l'est du Pipmuacan Biodiversity Reserve;site;495.408;-700.876;15;no;;A9;0;wdpa
Canada;Proposed Waskaganish Biodiversity Reserve;site;514.992;-780.936;15;no;;A9;0;wdpa
Canada;Proposed Canyon-de-la-Rivière-aux-Rats Biodiversity Reserve;site;474.222;-73.076;15;no;;A9;0;wdpa
Canada;Proposed Esker-Mistaouac Biodiversity Reserve;site;493.177;-787.602;15;no;;A9;0;wdpa
Canada;Proposed Plateau-de-la-Pierriche Biodiversity Reserve;site;482.022;-731.399;15;no;;A9;0;wdpa
Canada;Monts-Pyramides National Park Reserve (Québec);site;576.027;-654.356;15;no;;A9;0;wdpa
Canada;Collines-Ondulées National Park Reserve (Québec);site;557.037;-672.894;15;no;;A9;0;wdpa
Canada;INDIAN LAKE – HITCHCOCK CREEK/ÁT CHI'ÎNI SHÀ CONSERVANCY;site;598.785;-1.334.786;15;no;;A9;0;wdpa
Canada;Watshishou Bird Sanctuary;site;502.591;-624.728;15;no;;A9;0;wdpa
Canada;Thaidene Nene National Park Reserve Of Canada;site;628.497;-1.087.397;15;no;;A9;0;wdpa
Canada;Proposed Chisesaakahikan-et-de-la-Rivière-Broadback Biodiversity Reserve;site;510.441;-765.927;15;no;;A9;0;wdpa
Canada;Méandres-de-la-Taitaipenistouc Biodiversity Reserve;site;518.052;-659.941;15;no;;A9;0;wdpa
Canada;Proposed Paakumshumwaau-Maatuskaau Biodiversity Reserve;site;528.841;-778.265;15;no;;A9;0;wdpa
Canada;Tursujuq-Sud Territorial reserve for protected area purposes;site;560.822;-726.981;15;no;;A9;0;wdpa
Canada;Aawiitakuch Territorial reserve for protected area purposes;site;54.118;-717.346;15;no;;A9;0;wdpa
Canada;4010701;site;477.906;-677.039;15;no;;A9;0;wdpa
Canada;Edmundston;settlement;473.737;-683.251;14;no;;A9;0;ghsl-ucdb. wdpa. wikidata
Canada;Stratford;settlement;433.668;-809.497;14;no;;;0;ghsl-ucdb. wikidata
Canada;Peterborough;settlement;443.001;-783.162;13;no;;A9;0;ghsl-ucdb. wdpa. wikidata
Canada;Medicine Hat;settlement;500.393;-1.106.766;12;no;;A9;0;ghsl-ucdb. wdpa
Canada;Cornwall;settlement;450.181;-747.281;12;no;;A9;0;ghsl-ucdb. wdpa
Canada;Buckingham;settlement;455.856;-754.208;12;no;;A9;0;ghsl-ucdb. wdpa
Canada;Milk River Natural Area;site;490.464;-1.106.849;12;no;;A9;0;wdpa
Canada;NAZKO LAKE PARK;site;524.331;-1.235.439;12;no;;A9;0;wdpa
Canada;Bob Creek Wildland Provincial Park;site;499.755;-1.142.825;12;no;;A9;0;wdpa
Canada;HANNA-TINTINA CONSERVANCY;site;561.553;-1.293.063;12;no;;A9;0;wdpa
Canada;NE'ĀH' CONSERVANCY;site;592.957;-1.287.087;12;no;;A9;0;wdpa
Canada;Saanich;settlement;485.496;-1.233.693;11;no;;A9;0;ghsl-ucdb. wdpa. wikidata
Canada;Saint John;settlement;452.708;-660.562;11;no;;A9;0;ghsl-ucdb. wdpa. wikidata
Canada;Riding Mountain National Park Of Canada;site;507.643;-1.003.174;11;no;;A9;0;wdpa. wikidata
Canada;Nakuchi Lake;site;536.794;-1.018.765;11;no;;A9;0;wdpa. wikidata
Canada;Niagara Falls;settlement;431.001;-790.663;10;no;;A12;0;ghsl-ucdb. wikidata
Canada;Fort Erie;settlement;429.001;-789.329;10;no;;A12;0;ghsl-ucdb. wikidata
Canada;Vaudreuil-Dorion;settlement;454.001;-740.325;10;no;;A12;0;ghsl-ucdb. wikidata
Cayman Islands;George Town;settlement;192.866;-813.744;100;yes;1;A11;0;ghsl-ucdb. osm. wdpa
Cayman Islands;West Bay;settlement;19.382;-813.928;30;no;;A11;0;ghsl-ucdb. osm
Central African Republic;Manovo-Gounda St Floris National Park;site;9;21.5;100;yes;1;A9;1;unesco-whs. wdpa. wikidata
Central African Republic;Kouango;settlement;49.934;199.619;73;yes;2;;0;ghsl-ucdb. osm
Central African Republic;Bamingui-Bangoran;site;81.129;196.854;58;yes;3;A9;0;wdpa
Central African Republic;Andre Felix;site;9.467;232.617;44;yes;4;A9;0;wdpa
Chad;Fada;settlement;171.919;215.808;100;yes;1;A9;2;ghsl-ucdb. osm. unesco-whs. wdpa
Chad;N'Djamena;settlement;121.067;150.444;73;yes;2;A11. A12;0;ghsl-ucdb. osm
Chad;Lakes of Ounianga;site;19.055;205.056;60;yes;3;A9;1;unesco-whs. wikidata
Chad;Zakouma;site;108.229;196.756;46;yes;5;A9;0;osm. wdpa. wikidata
Chad;Pala;settlement;93.646;149.072;30;yes;19;A9;0;ghsl-ucdb. osm. wdpa
Chad;Maro;settlement;92.235;177.102;30;yes;16;A9;0;ghsl-ucdb. osm. wdpa
Chad;Moundou;settlement;85.744;160.772;25;yes;7;A11;0;ghsl-ucdb. osm
Chad;Bol;settlement;134.673;147.135;23;yes;6;;0;ghsl-ucdb. osm
Chad;Am Timan;settlement;110.433;202.834;23;no;;A11;0;ghsl-ucdb. osm
Chad;Massakory;settlement;129.981;157.319;21;yes;12;;0;ghsl-ucdb. osm
Chad;Adré;settlement;134.665;221.988;21;yes;4;;0;ghsl-ucdb. osm
Chad;Mandelia;settlement;117.302;152.447;20;no;;;0;ghsl-ucdb. osm. wdpa. wikidata
Chad;Sarh;settlement;91.456;183.833;20;no;;A11;0;ghsl-ucdb. osm
Chad;Léré;settlement;96.447;142.151;17;no;;;0;ghsl-ucdb. osm. wdpa
Chad;Mao;settlement;141.229;153.119;16;yes;17;;0;ghsl-ucdb. osm
Chad;Mongo;settlement;121.851;186.884;15;yes;18;;0;ghsl-ucdb. osm. wdpa
Chad;Biltine;settlement;145.273;20.926;15;yes;15;A11;0;ghsl-ucdb. osm. wikidata
Chad;Mboursou Léré;settlement;97.639;141.539;14;yes;13;A12;0;ghsl-ucdb. wikidata
Chad;Goz Beida;settlement;122.264;214.098;12;yes;10;;0;ghsl-ucdb. osm
Chad;Umm Hājar;settlement;132.954;196.966;11;yes;8;;0;ghsl-ucdb. osm
Chad;Ati;settlement;132.138;183.393;11;yes;14;;0;ghsl-ucdb. osm
Chad;Bokoro;settlement;123.781;170.588;11;yes;9;;0;ghsl-ucdb. osm
Chad;Kyabé;settlement;94.515;189.449;11;yes;11;;0;ghsl-ucdb. osm
Chad;Benoy;settlement;89.833;163.199;11;no;;;0;ghsl-ucdb. osm
Chile;Santiago;settlement;-334.569;-706.483;100;yes;1;A12. A10. A11;0;ghsl-ucdb. osm. wikidata
Chile;Pucón;settlement;-392.822;-719.543;76;yes;2;A11. A9;0;ghsl-ucdb. osm. wdpa
Chile;Castro;settlement;-424.721;-737.732;72;yes;3;A11;1;ghsl-ucdb. osm. unesco-whs. wikidata
Chile;Valdivia;settlement;-398.142;-732.459;54;yes;8;A11;0;ghsl-ucdb. osm. wikidata
Chile;Puente Alto;settlement;-336.117;-705.758;52;no;;A11;0;ghsl-ucdb. osm
Chile;Valparaíso;settlement;-33.036;-716.296;47;yes;10;A11;1;ghsl-ucdb. osm. unesco-whs. wikidata
Chile;Temuco;settlement;-387.363;-725.974;47;yes;13;A10. A11;0;ghsl-ucdb. osm. wikidata
Chile;Villa Alemana;settlement;-330.482;-713.729;47;no;;A11;0;ghsl-ucdb. osm
Chile;Arica;settlement;-184.755;-703.006;41;yes;4;A11;1;ghsl-ucdb. osm. unesco-whs. wikidata
Chile;Concepción;settlement;-36.827;-730.498;41;no;;A11;0;ghsl-ucdb. osm. wikidata
Chile;Viña del Mar;settlement;-330.246;-715.518;40;no;;A11;0;ghsl-ucdb. osm. wikidata
Chile;Santa Cruz;settlement;-346.388;-713.658;38;yes;11;A11;0;ghsl-ucdb. osm
Chile;Rapa Nui National Park;site;-270.744;-1.093.657;38;yes;7;A11;1;osm. unesco-whs. wikidata
Chile;San Vicente;settlement;-344.333;-710.833;38;no;;A11;0;ghsl-ucdb. osm
Chile;Limache;settlement;-330.133;-712.608;35;no;;A11;0;ghsl-ucdb. osm
Chile;Antofagasta;settlement;-236.509;-703.975;34;yes;12;A11;0;ghsl-ucdb. osm. wikidata
Chile;Paillaco;settlement;-400.682;-728.794;34;no;;A11;0;ghsl-ucdb. osm
Chile;Rancagua;settlement;-341.691;-707.405;32;no;;A11;0;ghsl-ucdb. osm
Chile;Chicureo;settlement;-332.838;-706.533;32;no;;A11. A10;0;ghsl-ucdb. osm. wikidata
Chile;Talca;settlement;-354.232;-716.497;31;no;;A11;0;ghsl-ucdb. osm
Chile;Ovalle;settlement;-306.011;-71.199;28;no;;A11;0;ghsl-ucdb. osm
Chile;Qhapaq Ñan. Andean Road System;site;-18.25;-695.833;28;yes;19;A11;1;cuisine. osm. unesco-whs. wikidata
Chile;Rengo;settlement;-344.064;-708.583;27;no;;A11. A10;0;ghsl-ucdb. osm. wikidata
Chile;Nacimiento;settlement;-375.025;-726.731;27;no;;A11;0;ghsl-ucdb. osm
Chile;Pozo Almonte;settlement;-202.558;-697.863;26;no;;A11;1;ghsl-ucdb. osm. unesco-whs. wikidata
Chile;Padre Hurtado;settlement;-335.684;-708.058;26;no;;A11;0;ghsl-ucdb. osm. wikidata
Chile;Punta Arenas;settlement;-531.628;-709.092;26;yes;14;A11;0;ghsl-ucdb. osm. wikidata
Chile;La Serena;settlement;-299.059;-712.501;25;no;;A11;0;ghsl-ucdb. osm. wikidata
Chile;La Unión;settlement;-402.931;-730.817;25;no;;A11;0;ghsl-ucdb. osm
Chile;Linares;settlement;-358.467;-715.931;25;yes;15;A11;0;ghsl-ucdb. osm
Chile;Machalí;settlement;-341.808;-706.493;25;no;;A11;1;ghsl-ucdb. osm. unesco-whs. wikidata
Chile;San Antonio;settlement;-335.947;-716.075;24;no;;A11;0;ghsl-ucdb. osm
Chile;Melipilla;settlement;-336.891;-712.153;24;no;;A11;0;ghsl-ucdb. osm
Chile;San Pedro de la Paz;settlement;-36.839;-731.003;22;yes;9;A10. A11;0;ghsl-ucdb. osm. wikidata
Chile;Chillán;settlement;-366.066;-721.034;22;yes;21;A11;0;ghsl-ucdb. osm. wikidata
Chile;Chimbarongo;settlement;-347.125;-710.434;22;no;;A11;0;ghsl-ucdb. osm
Chile;Coronel;settlement;-370.339;-731.402;21;no;;A11;0;ghsl-ucdb. osm
Chile;Coyhaique;settlement;-455.752;-720.662;21;yes;16;A11;0;ghsl-ucdb. osm
Chile;San Vicente de Tagua Tagua;settlement;-344.386;-710.775;21;no;;A11;0;ghsl-ucdb. osm
Chile;Puerto Montt;settlement;-414.693;-729.424;20;yes;17;A11;0;ghsl-ucdb. osm. wikidata
Chile;Panguipulli;settlement;-396.435;-723.327;19;no;;A11;0;ghsl-ucdb. osm
Chile;Villarrica;settlement;-392.857;-722.279;19;no;;A11;0;ghsl-ucdb. osm
Chile;Vicuña;settlement;-300.354;-707.127;19;no;;A11;0;ghsl-ucdb. osm
Chile;El Quisco;settlement;-333.977;-716.939;18;no;;A11;0;ghsl-ucdb. osm. wikidata
Chile;Copiapó;settlement;-273.674;-703.322;17;yes;18;A11;0;ghsl-ucdb. osm. wikidata
Chile;Los Ángeles;settlement;-374.697;-723.537;16;no;;A11;0;ghsl-ucdb. osm
Chile;Los Andes;settlement;-328.337;-705.983;16;no;;A11;0;ghsl-ucdb. osm. wikidata
Chile;Constitución;settlement;-353.332;-724.116;15;no;;A11;0;ghsl-ucdb. osm
Chile;Cañete;settlement;-37.8;-733.833;15;no;;A11;0;ghsl-ucdb. osm
Chile;Osorno;settlement;-40.574;-731.335;15;no;;A11;0;ghsl-ucdb. osm
Chile;San Felipe;settlement;-327.498;-707.258;15;no;;A11;0;ghsl-ucdb. osm. wikidata
Chile;San Javier;settlement;-355.952;-717.292;14;no;;A11;0;ghsl-ucdb. osm
Chile;Ancud;settlement;-418.707;-738.162;14;no;;A11;0;ghsl-ucdb. osm
Chile;Iquique;settlement;-202.133;-701.503;14;yes;5;;0;ghsl-ucdb. osm. wikidata
Chile;Penco;settlement;-367.407;-729.953;14;no;;A11;0;ghsl-ucdb. osm
Chile;Puerto Natales;settlement;-517.299;-72.506;14;yes;20;A11;0;ghsl-ucdb. osm. wikidata
Chile;Lebu;settlement;-376.082;-736.536;14;no;;A11;0;ghsl-ucdb. osm
Chile;Talagante;settlement;-336.639;-709.273;14;no;;A11;0;ghsl-ucdb. osm
Chile;Coquimbo;settlement;-299.533;-713.395;14;yes;6;;0;ghsl-ucdb. osm
Chile;Quintero;settlement;-327.859;-715.322;14;no;;A11;0;ghsl-ucdb. osm
Chile;Puerto Varas;settlement;-413.195;-729.854;13;no;;A11;0;ghsl-ucdb. osm
Chile;Casablanca;settlement;-333.171;-714.031;13;no;;A11. A10;0;ghsl-ucdb. osm. wikidata
Chile;Paine;settlement;-33.808;-707.411;13;no;;A11;0;ghsl-ucdb. osm
Chile;Curicó;settlement;-349.828;-712.394;13;no;;A11;0;ghsl-ucdb. osm
Chile;Quillota;settlement;-328.834;-712.488;12;no;;A11;0;ghsl-ucdb. osm
Chile;Traiguén;settlement;-382.496;-726.703;12;no;;A11;0;ghsl-ucdb. osm
Chile;Frutillar;settlement;-411.216;-730.581;11;no;;A11;0;ghsl-ucdb. osm
Chile;Curacaví;settlement;-333.976;-711.271;11;no;;A11;0;ghsl-ucdb. osm
Chile;Cauquenes;settlement;-359.671;-723.225;10;no;;A11;0;ghsl-ucdb. osm
China;Beijing;settlement;399.075;1.163.972;100;yes;1;A12. A11. A2;4;ghsl-ucdb. osm. unesco-whs. wikidata
China;Shanghai;settlement;312.222;1.214.581;84;yes;3;A12. A11;0;ghsl-ucdb. osm. wikidata
China;Shilin;settlement;248.188;1.033.324;80;yes;2;A9. A11;2;ghsl-ucdb. osm. unesco-whs. wikidata
China;Kunming;settlement;250.389;1.027.183;79;no;;A12. A11;0;ghsl-ucdb. osm. wikidata
China;Shaoguan;settlement;24.8;1.135.833;78;yes;4;A11. A12. A9;1;ghsl-ucdb. osm. unesco-whs. wikidata
China;Chengdu;settlement;306.667;1.040.667;73;no;;A12. A11;0;ghsl-ucdb. osm. wikidata
China;Suqian;settlement;339.492;1.182.958;69;yes;9;A11. A12;0;ghsl-ucdb. osm
China;Xi’an;settlement;342.583;1.089.286;64;yes;11;A12. A11;0;ghsl-ucdb. osm. wikidata
China;Hangzhou;settlement;302.936;1.201.614;63;no;;A12. A11;1;ghsl-ucdb. osm. unesco-whs. wikidata
China;Changsha;settlement;281.987;1.129.709;62;yes;31;A12. A11;0;ghsl-ucdb. osm. wikidata
China;Nanjing;settlement;320.617;1.187.778;62;no;;A12. A11;0;ghsl-ucdb. osm. wikidata
China;Chongming;settlement;316.185;1.216.962;61;no;;A9;1;ghsl-ucdb. osm. unesco-whs. wdpa. wikidata
China;Guangzhou;settlement;231.167;113.25;61;no;;A12. A11;0;ghsl-ucdb. osm. wikidata
China;Huizhou;settlement;231.115;1.144.152;60;no;;A12. A11;0;ghsl-ucdb. osm
China;Shenyang;settlement;417.922;1.234.328;59;yes;16;A12. A11;0;ghsl-ucdb. osm. wikidata
China;Wuxi;settlement;315.689;1.202.886;59;no;;A12. A11;0;ghsl-ucdb. osm. wikidata
China;Xiamen;settlement;244.798;1.180.819;57;yes;19;A12. A11;1;ghsl-ucdb. osm. unesco-whs. wikidata
China;Jixi;settlement;452.932;1.309.622;57;yes;21;A11;0;ghsl-ucdb. osm
China;Qingdao;settlement;360.649;1.203.804;57;no;;A12. A11;0;ghsl-ucdb. osm. wikidata
China;Nanchang;settlement;28.684;1.158.531;55;no;;A12. A11;0;ghsl-ucdb. osm
China;Foshan;settlement;230.268;1.131.315;55;no;;A12. A11;0;ghsl-ucdb. osm. wikidata
China;Xiangtan;settlement;27.85;112.9;55;no;;A11;0;ghsl-ucdb. osm
China;Wuhan;settlement;305.833;1.142.667;55;no;;A12. A11;0;ghsl-ucdb. osm. wikidata
China;Shaoxing;settlement;300.024;1.205.786;54;no;;A11. A12;0;ghsl-ucdb. osm
China;Hefei;settlement;318.639;1.172.808;53;no;;A12. A11;0;ghsl-ucdb. osm
China;Ningbo;settlement;298.782;1.215.494;52;no;;A12. A11;1;ghsl-ucdb. osm. unesco-whs. wikidata
China;Lanzhou;settlement;36.057;1.038.399;52;no;;A12. A11;0;cuisine. ghsl-ucdb. osm. wikidata
China;Gejiu;settlement;233.608;1.031.537;50;no;;A11;1;ghsl-ucdb. osm. unesco-whs. wikidata
China;Biyang;settlement;299.289;1.179.464;50;yes;6;A9. A2;3;ghsl-ucdb. osm. unesco-whs. wikidata
China;Suzhou;settlement;313.041;1.205.954;49;no;;A12. A11;0;ghsl-ucdb. osm. wikidata
China;Jinan;settlement;366.683;1.169.972;49;no;;A12. A11;0;ghsl-ucdb. osm. wikidata
China;Harbin;settlement;45.75;126.65;49;no;;A12. A9. A11;0;ghsl-ucdb. osm. wdpa. wikidata
China;Jinshan;settlement;308.356;1.212.937;49;no;;A11;0;ghsl-ucdb. osm. wikidata
China;Changping;settlement;402.161;1.162.347;48;no;;A9. A11;0;ghsl-ucdb. osm. wdpa. wikidata
China;Tai’an;settlement;361.853;117.12;48;no;;A12. A9. A11;2;ghsl-ucdb. osm. unesco-whs. wikidata
China;Jiashan;settlement;308.492;1.209.258;47;no;;A11;0;ghsl-ucdb. osm. wikidata
China;Leshan;settlement;295.623;1.037.639;47;no;;A11. A9;2;ghsl-ucdb. osm. unesco-whs. wikidata
China;Shenzhen;settlement;225.455;1.140.683;46;no;;A12. A11;0;ghsl-ucdb. osm
China;Tianjin;settlement;391.422;1.171.767;46;no;;A12. A11;0;ghsl-ucdb. osm. wikidata
China;Nanning;settlement;228.167;1.083.167;45;no;;A12. A11;0;ghsl-ucdb. osm
China;Chongqing;settlement;295.603;1.065.577;44;yes;7;A12. A10. A11;0;ghsl-ucdb. osm. wikidata
China;Yantai;settlement;374.765;1.214.408;44;no;;A11. A12;0;ghsl-ucdb. osm
China;Shangrao;settlement;284.518;1.179.429;44;no;;A12. A9;1;ghsl-ucdb. osm. unesco-whs. wikidata
China;Wuyishan;settlement;277.599;1.180.307;43;no;;A11. A9;2;ghsl-ucdb. osm. unesco-whs. wikidata
China;Xiangyang;settlement;320.422;1.121.448;41;no;;A11. A12;0;ghsl-ucdb. osm. wikidata
China;Yongning;settlement;22.761;1.084.836;41;no;;A11;0;ghsl-ucdb. osm
China;Yanji;settlement;428.882;1.295.024;41;no;;A11;0;ghsl-ucdb. osm
China;Tongzhou;settlement;39.904;1.166.618;41;no;;A11;0;ghsl-ucdb. osm. wikidata
China;Wulingyuan;settlement;293.494;1.105.441;41;no;;A9. A11;1;ghsl-ucdb. osm. unesco-whs. wikidata
China;Sichuan Giant Panda Sanctuaries - Wolong. Mt Siguniang and Jiajin Mountains;site;308.333;103;41;no;;A9. A11;1;osm. unesco-whs. wikidata
China;Zhongzhai;settlement;331.913;1.044.201;41;no;;A9;1;ghsl-ucdb. osm. unesco-whs. wikidata
China;Zhaoqing;settlement;230.489;1.124.609;41;no;;A11. A12;0;ghsl-ucdb. osm. wikidata
China;Three Parallel Rivers of Yunnan Protected Areas;site;27.895;984.064;41;no;;A9. A11;1;osm. unesco-whs. wikidata
China;Huanglong Scenic and Historic Interest Area;site;327.542;1.038.222;40;no;;A9;1;osm. unesco-whs. wikidata
China;Xinjiang Tianshan;site;419.683;803.542;40;yes;23;A9;1;unesco-whs. wikidata
China;Songbai;settlement;317.569;1.106.725;40;no;;A9;1;ghsl-ucdb. unesco-whs
China;Zhongling;settlement;282.967;1.089.584;40;no;;A9;1;ghsl-ucdb. unesco-whs
China;Qinghai Hoh Xil;site;353.803;924.392;40;yes;26;A9;1;unesco-whs
China;Badain Jaran Desert - Towers of Sand and Lakes;site;398.897;1.022.894;40;yes;29;A9;1;unesco-whs
China;Puyang;settlement;357.564;1.150.436;40;no;;A11;0;ghsl-ucdb. osm. wikidata
China;Eling Lake;site;349.322;976.977;40;yes;30;A9;0;wdpa. wikidata
China;Changchun;settlement;43.88;1.253.228;39;no;;A12. A11;0;ghsl-ucdb. osm. wikidata
China;Mentougou;settlement;399.382;1.160.931;39;no;;A11;0;ghsl-ucdb. osm. wikidata
China;Fuzhou;settlement;260.614;1.193.061;38;no;;A12. A11;0;ghsl-ucdb. osm. wikidata
China;Shunyi;settlement;401.217;1.166.478;38;no;;A11;0;ghsl-ucdb. osm. wikidata
China;Liuzhou;settlement;24.324;109.407;38;no;;A11. A12;0;ghsl-ucdb. osm
China;Songjiang;settlement;310.344;1.212.233;38;no;;A12. A11;0;ghsl-ucdb. osm. wikidata
China;Fangchenggang;settlement;217.694;1.083.566;37;no;;A11;0;ghsl-ucdb. osm
China;Zhengzhou;settlement;347.578;1.136.486;37;no;;A12. A11;0;ghsl-ucdb. osm. wikidata
China;Fengxiang;settlement;308.584;1.214.678;37;no;;A11. A12;0;ghsl-ucdb. osm. wikidata
China;Yangshuo;settlement;247.808;1.104.897;37;no;;A11;0;ghsl-ucdb. osm. wikidata
China;Meizhou;settlement;242.886;1.161.177;36;no;;A11;0;ghsl-ucdb. osm
China;Zunyi;settlement;276.867;1.069.072;36;no;;A11. A12;1;ghsl-ucdb. osm. unesco-whs. wikidata
China;Lijiang;settlement;268.688;1.002.207;36;no;;A9. A11;1;ghsl-ucdb. osm. unesco-whs. wdpa. wikidata
China;Tianpeng;settlement;309.866;1.039.393;35;no;;A11;1;ghsl-ucdb. osm. unesco-whs. wikidata
China;Guilin;settlement;252.802;1.102.964;35;no;;A11. A12;0;ghsl-ucdb. osm. wikidata
China;Weifang;settlement;36.71;1.191.019;35;no;;A11. A12;0;ghsl-ucdb. osm
China;Qingpu;settlement;311.539;1.211.141;34;no;;A11. A12;0;ghsl-ucdb. osm. wikidata
China;Tangshan;settlement;396.438;1.181.832;34;no;;A12. A11;0;ghsl-ucdb. osm
China;Bao'an;settlement;225.521;1.138.829;34;no;;A12. A11;0;ghsl-ucdb. osm
China;Baoshan;settlement;314.084;1.214.896;34;no;;A12. A11;0;ghsl-ucdb. osm. wikidata
China;Linxia Chengguanzhen;settlement;356.003;1.032.064;34;yes;5;;0;cuisine. ghsl-ucdb. osm. wikidata
China;Baiyin;settlement;36.547;1.041.702;34;no;;A11;0;cuisine. ghsl-ucdb. osm
China;Taiyuan;settlement;378.694;1.125.603;33;no;;A12. A11;0;ghsl-ucdb. osm. wikidata
China;Shantou;settlement;233.549;1.166.788;33;no;;A12. A11;0;ghsl-ucdb. osm
China;Longgang;settlement;227.229;1.142.633;33;yes;28;;0;ghsl-ucdb. osm
China;Luoyang;settlement;346.735;1.124.368;33;no;;A12. A11;1;ghsl-ucdb. osm. unesco-whs. wikidata
China;Huanggang;settlement;23.677;1.169.996;32;no;;A9. A11;0;ghsl-ucdb. osm. wdpa
China;Zhuhai;settlement;222.769;1.135.678;32;no;;A12. A11;0;ghsl-ucdb. osm
China;Zhongshan;settlement;225.231;1.133.791;32;no;;A12. A11;0;ghsl-ucdb. osm
China;Jinfeng;settlement;282.385;1.166.005;32;no;;A11;0;ghsl-ucdb. osm
China;Yunfu;settlement;229.279;1.120.381;32;no;;A12. A11;0;ghsl-ucdb. osm
China;Taizhou;settlement;286.627;1.214.331;31;no;;A12;0;ghsl-ucdb. osm. wikidata
China;Shancheng;settlement;347.953;1.160.817;31;no;;A11;0;ghsl-ucdb. osm
China;Zhoushan;settlement;299.887;1.222.049;31;no;;A11;0;ghsl-ucdb. osm. wikidata
China;Changzhou;settlement;317.736;119.954;31;no;;A12. A11;0;ghsl-ucdb. osm. wikidata
China;Mengmao;settlement;240.014;97.865;30;no;;A11;0;ghsl-ucdb. osm
China;Gutao;settlement;372.025;1.121.781;30;no;;;1;ghsl-ucdb. osm. unesco-whs. wikidata
China;Xining;settlement;366.255;1.017.574;29;no;;A12;0;cuisine. ghsl-ucdb. osm. wikidata
China;Deyang;settlement;311.302;104.382;29;no;;A11;0;ghsl-ucdb. osm
China;Fangshan;settlement;39.687;1.159.966;29;no;;;1;ghsl-ucdb. osm. unesco-whs. wikidata
China;Langfang;settlement;395.208;1.167.147;29;no;;A11;0;ghsl-ucdb. osm. wikidata
China;Dasha;settlement;231.104;1.134.418;29;no;;A11;0;ghsl-ucdb. osm. wikidata
China;Yan’an;settlement;365.989;1.094.917;28;no;;A11;0;ghsl-ucdb. osm
China;Ganzhou;settlement;258.466;1.149.326;28;no;;A12. A11;0;ghsl-ucdb. osm
China;Tantou;settlement;227.512;113.835;28;no;;A11;0;ghsl-ucdb. osm
China;Dongguan;settlement;23.018;1.137.487;28;no;;A12. A11;0;ghsl-ucdb. osm
China;Chongzuo;settlement;223.816;1.073.683;28;no;;A11;0;ghsl-ucdb. osm
China;Jiading;settlement;313.858;1.212.446;28;no;;A11. A12;0;ghsl-ucdb. osm. wikidata
China;Linyi;settlement;350.631;1.183.428;28;no;;A12. A11;0;ghsl-ucdb. osm. wikidata
China;Yangquan;settlement;378.575;1.135.633;27;no;;A11;0;ghsl-ucdb. osm
China;Dalian;settlement;389.122;1.216.022;27;no;;A12. A11;0;ghsl-ucdb. osm
China;Wenzhou;settlement;279.994;1.206.668;27;no;;A12. A11;0;ghsl-ucdb. osm. wikidata
China;Haikou;settlement;200.342;1.103.465;27;no;;A12. A11;0;ghsl-ucdb. osm. wikidata
China;Yichang;settlement;307.144;1.112.847;27;no;;A12;0;ghsl-ucdb. osm. wikidata
China;Dingxi;settlement;355.709;104.623;27;no;;;0;cuisine. ghsl-ucdb. osm
China;Qingzhou;settlement;366.967;1.184.797;27;no;;A11;0;ghsl-ucdb. osm. wikidata
China;Xianshuigu;settlement;38.985;1.173.828;26;no;;A11;0;ghsl-ucdb. osm
China;Daliang;settlement;228.407;1.132.503;26;no;;;0;ghsl-ucdb. osm
China;Zhangjiakou;settlement;407.834;1.148.714;26;no;;A11;0;ghsl-ucdb. osm
China;Kaifeng;settlement;347.986;1.143.074;26;no;;A12;0;ghsl-ucdb. osm. wikidata
China;Datong;settlement;400.936;1.132.914;26;no;;A12;1;ghsl-ucdb. osm. unesco-whs. wikidata
China;Jing’an;settlement;222.107;1.132.922;26;no;;A11;0;ghsl-ucdb. osm
China;Hengyang;settlement;268.895;1.126.189;26;no;;A12. A11;0;ghsl-ucdb. osm. wikidata
China;Shiqiao;settlement;229.464;1.133.577;25;no;;A11;0;ghsl-ucdb. osm
China;Tantou;settlement;260.303;1.195.974;25;no;;A11;0;ghsl-ucdb. osm
China;Caidian;settlement;305.833;1.140.333;25;no;;A9;0;ghsl-ucdb. osm. wdpa
China;Ninghai;settlement;292.892;1.214.247;25;no;;A11;0;ghsl-ucdb. osm. wikidata
China;Ürümqi;settlement;43.801;876.005;25;no;;A12;0;ghsl-ucdb. osm
China;Danshui;settlement;227.984;1.144.672;25;no;;;0;ghsl-ucdb. osm
China;Songyang;settlement;344.555;1.130.319;25;yes;20;;1;ghsl-ucdb. osm. unesco-whs. wikidata
China;Ya'an;settlement;299.852;102.999;25;yes;10;;0;ghsl-ucdb. osm
China;Maoming;settlement;216.663;1.109.136;24;no;;A12;0;ghsl-ucdb. osm
China;Zhouzhuang;settlement;311.179;1.208.443;24;no;;A11;1;ghsl-ucdb. osm. unesco-whs. wikidata
China;Jiangmen;settlement;225.833;1.130.833;24;no;;A12. A11;0;ghsl-ucdb. osm
China;Zhenjiang;settlement;322.109;1.194.551;24;no;;A11;0;ghsl-ucdb. osm. wikidata
China;Suifenhe;settlement;443.998;1.311.478;24;no;;A11;0;ghsl-ucdb. osm. wdpa
China;Yangzhou;settlement;323.972;1.194.358;24;no;;A11. A12;0;ghsl-ucdb. osm. wikidata
China;Anqing;settlement;305.136;1.170.472;24;no;;A9;0;ghsl-ucdb. osm. wdpa. wikidata
China;Shijiazhuang;settlement;380.414;1.144.786;24;no;;A12. A11;0;ghsl-ucdb. osm. wikidata
China;Luohe;settlement;335.742;1.140.326;23;no;;A11. A12;0;ghsl-ucdb. osm
China;Changli;settlement;397.065;1.191.603;23;no;;A11;0;ghsl-ucdb. osm
China;Hohhot;settlement;408.106;1.116.522;23;no;;A12. A11;0;ghsl-ucdb. osm. wikidata
China;Linfen;settlement;360.889;1.115.189;23;no;;A11;0;ghsl-ucdb. osm. wikidata
China;Tianshui;settlement;345.795;1.057.424;23;no;;A12;0;ghsl-ucdb. osm. wikidata
China;Quanzhou;settlement;249.139;1.185.858;23;no;;A12;0;ghsl-ucdb. osm. wikidata
China;Haikou;settlement;247.798;1.025.755;23;no;;A11;0;ghsl-ucdb. osm
China;Jingling;settlement;30.65;113.1;23;yes;8;;0;ghsl-ucdb. osm
China;Changshu;settlement;316.461;1.207.422;22;no;;A12;0;ghsl-ucdb. osm. wikidata
China;Sanya;settlement;182.543;1.095.095;22;no;;A11. A12;0;cuisine. ghsl-ucdb. osm
China;Qingyang;settlement;357.098;1.076.445;22;no;;A11. A12;0;ghsl-ucdb. osm
China;Hualin;settlement;348.256;104.752;22;no;;;0;cuisine. ghsl-ucdb. osm
China;Shanwei;settlement;22.782;1.153.475;22;no;;A9. A11;0;ghsl-ucdb. osm. wdpa
China;Wuzhou;settlement;234.805;1.112.885;22;no;;A11;0;ghsl-ucdb. osm
China;Lianyungang;settlement;345.984;1.192.156;22;no;;A11. A12;0;ghsl-ucdb. osm
China;Kashgar;settlement;394.672;759.868;22;no;;A11;0;cuisine. ghsl-ucdb. osm. wikidata
China;Sanhe;settlement;399.805;1.170.689;22;no;;;0;ghsl-ucdb. osm. wikidata
China;Sanshui;settlement;231.549;1.128.916;21;no;;A11;0;ghsl-ucdb. osm
China;Jinhua;settlement;291.068;1.196.442;21;no;;A12;0;ghsl-ucdb. osm
China;Kunshan;settlement;313.776;1.209.543;21;no;;A12. A11;0;ghsl-ucdb. osm. wikidata
China;Baoji;settlement;343.678;107.237;21;no;;A12;0;ghsl-ucdb. osm. wikidata
China;Chéngguān Qū;settlement;296.384;910.444;21;yes;32;;1;ghsl-ucdb. osm. unesco-whs. wikidata
China;Guiyang;settlement;265.833;1.067.167;21;no;;A12;0;ghsl-ucdb. osm
China;Ximeicun;settlement;249.877;1.183.858;21;no;;A11;0;ghsl-ucdb. osm
China;Jimo;settlement;363.897;1.204.622;21;no;;A11;0;ghsl-ucdb. osm
China;Dunhuang;settlement;401.667;946.833;21;no;;A11;1;ghsl-ucdb. osm. unesco-whs. wikidata
China;Pingdingshan;settlement;337.309;1.133.155;21;no;;A11;0;ghsl-ucdb. osm
China;Longyan;settlement;250.749;1.170.178;21;no;;A11. A12;1;ghsl-ucdb. osm. unesco-whs. wikidata
China;Wuxue;settlement;298.506;1.155.525;21;no;;A9;0;ghsl-ucdb. osm. wdpa
China;Tongren;settlement;355.148;102.016;21;no;;;0;cuisine. ghsl-ucdb. osm. wikidata
China;Yueyang;settlement;293.745;1.130.948;21;no;;A9;0;ghsl-ucdb. osm. wdpa. wikidata
China;Zhaotong;settlement;273.167;1.037.167;21;no;;A9;0;ghsl-ucdb. osm. wdpa. wikidata
China;Changyi;settlement;368.536;1.193.908;21;no;;A11;0;ghsl-ucdb. osm
China;Daxing;settlement;397.403;1.163.269;21;no;;A11;0;ghsl-ucdb. osm. wikidata
China;Jinxiang;settlement;274.326;1.206.063;20;no;;A9;0;ghsl-ucdb. osm. wdpa
China;Jiangping;settlement;21.6;108.15;20;no;;A9;0;ghsl-ucdb. osm. wdpa
China;Qingyuan;settlement;23.7;1.130.333;20;no;;A12. A11;0;ghsl-ucdb. osm
China;Baoying;settlement;332.292;1.193.092;20;no;;A9;0;ghsl-ucdb. osm. wdpa
China;Yushu;settlement;330.012;970.089;20;no;;A9;0;ghsl-ucdb. osm. wdpa
China;Poyang;settlement;289.924;1.166.675;20;no;;A9;0;ghsl-ucdb. osm. wdpa. wikidata
China;Mapangyong Cuo;site;307.247;81.361;20;no;;A9;0;osm. wdpa. wikidata
China;Anyang;settlement;36.096;1.143.828;20;no;;A12;1;ghsl-ucdb. osm. unesco-whs. wikidata
China;Panjin;settlement;41.121;1.220.739;20;no;;A9. A12;0;ghsl-ucdb. osm. wdpa
China;Yingpan;settlement;26.45;99.15;20;no;;A9;0;ghsl-ucdb. osm. wdpa
China;Dalai Lake National Nature Reserve. Inner Mongolia;site;486.121;1.175.008;20;no;;A9;0;osm. wdpa
China;Gansu Dunhuang Xihu Wetlands;site;402.421;933.028;20;no;;A9;0;osm. wdpa
China;Luoping;settlement;312.066;1.100.868;20;no;;A9;0;ghsl-ucdb. osm. wdpa
China;Shankou;settlement;21.6;1.097.167;20;no;;A9;0;ghsl-ucdb. wdpa
China;Sanchazi;settlement;420.817;1.266.003;20;no;;A9;0;ghsl-ucdb. wdpa
China;Tuqiang;settlement;52.9;1.227.667;20;no;;A9;0;ghsl-ucdb. wdpa
China;Nima;settlement;340.007;1.020.713;20;no;;A9;0;ghsl-ucdb. wdpa
China;Xingkai Lake National Nature Reserve;site;452.871;1.325.572;20;no;;A9;0;wdpa
China;Maidika;site;310.229;928.166;20;no;;A9;0;wdpa
China;Shandong Yellow River Delta Wetland;site;378.802;1.189.906;20;no;;A9;0;wdpa
China;Zhangye Heihe Wetland National Nature Reserve;site;393.894;999.513;20;no;;A9;0;wdpa
China;Gansu Yanchiwan Wetlands;site;390.882;958.658;20;no;;A9;0;wdpa
China;Heilongjiang Youhao Wetlands;site;48.389;1.283.613;20;no;;A9;0;wdpa
China;Inner Mongolia Grand Khingan Hanma Wetlands;site;515.841;1.226.299;20;no;;A9;0;wdpa
China;Sichuan Changshagongma Wetlands;site;337.367;980.143;20;no;;A9;0;wdpa
China;Tibet Selincuo Wetlands;site;311.716;897.639;20;no;;A9;0;wdpa
China;Inner Mongolia Bila River Wetlands;site;494.774;1.232.865;20;no;;A9;0;wdpa
China;Tibet Trari Nam Co Wetlands;site;309.178;855.777;20;no;;A9;0;wdpa
China;Sichuan Seda Nilaba Wetlands;site;327.822;997.025;20;no;;A9;0;wdpa
China;Heilongjiang Grand Khingan Shuangheyuan Wetlands;site;520.587;1.255.604;20;no;;A9;0;wdpa
China;Suihua;settlement;466.481;1.269.666;20;no;;A11;0;ghsl-ucdb. osm
China;Hunchun;settlement;428.674;1.303.569;20;no;;A11;0;ghsl-ucdb. osm
China;Dali Old Town;settlement;256.886;1.001.589;20;yes;15;;0;ghsl-ucdb. osm. wikidata
China;Heze;settlement;352.393;1.154.736;20;no;;A12. A11;0;ghsl-ucdb. osm
China;Fuyang;settlement;300.533;1.199.519;20;no;;A11;0;ghsl-ucdb. osm
China;Ma’anshan;settlement;316.858;1.185.101;20;no;;A11;0;ghsl-ucdb. osm
China;Yongzhou;settlement;264.239;1.116.131;20;no;;A11. A12;0;ghsl-ucdb. osm
China;Nianbo;settlement;36.48;1.024.164;20;no;;;0;cuisine. ghsl-ucdb. osm. wikidata
China;Lushar;settlement;364.842;1.015.633;20;no;;;0;cuisine. ghsl-ucdb. osm. wikidata
China;Cixi;settlement;301.764;1.212.457;20;no;;A12;0;ghsl-ucdb. osm
China;Baoding;settlement;388.729;1.154.625;19;no;;A12. A11;0;ghsl-ucdb. osm. wikidata
China;Nantong;settlement;320.303;1.208.747;19;no;;A11. A12;0;ghsl-ucdb. osm
China;Humen;settlement;22.819;1.136.731;19;no;;A11;0;ghsl-ucdb. osm. wikidata
China;Weidian;settlement;351.024;1.055.656;19;no;;;0;cuisine. ghsl-ucdb. osm
China;Jianguang;settlement;281.938;1.157.836;19;yes;25;;0;ghsl-ucdb. osm
China;Lüshun;settlement;38.8;1.212.667;19;no;;;0;ghsl-ucdb. osm. wdpa. wikidata
China;Gongqingcheng;settlement;292.492;1.158.095;19;no;;A11;1;ghsl-ucdb. osm. unesco-whs. wikidata
China;Baise;settlement;238.901;1.066.268;19;yes;14;;0;ghsl-ucdb. osm
China;Linping;settlement;304.225;1.202.972;18;no;;A11;0;ghsl-ucdb. osm
China;Shangri-La;settlement;278.251;997.078;18;no;;A11;0;ghsl-ucdb. osm. wikidata
China;Wangpu;settlement;350.571;1.054.359;18;no;;;0;cuisine. ghsl-ucdb. osm
China;Haining;settlement;305.363;1.206.864;18;no;;;0;ghsl-ucdb. osm
China;Chengtangcun;settlement;350.836;1.171.907;18;no;;A11;0;ghsl-ucdb. osm
China;Hutang;settlement;315.343;119.49;18;no;;;0;ghsl-ucdb. osm
China;Pingxiang;settlement;220.969;1.067.567;18;no;;A11;0;ghsl-ucdb. osm. wikidata
China;Deqing;settlement;305.449;1.199.599;18;no;;;1;ghsl-ucdb. osm. unesco-whs. wikidata
China;Hadapu Zhen;settlement;342.313;104.223;18;no;;;0;cuisine. ghsl-ucdb. osm
China;Changzhi;settlement;361.839;1.131.053;18;no;;A11. A12;0;ghsl-ucdb. osm
China;Lintong;settlement;34.378;1.092.089;18;no;;;1;ghsl-ucdb. osm. unesco-whs. wikidata
China;Zhanjiang;settlement;212.339;1.103.875;18;no;;A12;0;ghsl-ucdb. osm
China;Yuanping;settlement;387.153;1.127.575;18;no;;;1;ghsl-ucdb. osm. unesco-whs. wikidata
China;Wuzhen;settlement;307.454;1.204.851;18;no;;A11;0;ghsl-ucdb. osm
China;Nantou;settlement;227.217;1.132.926;17;no;;;0;ghsl-ucdb. osm
China;Shaping;settlement;227.702;1.129.578;17;no;;A11;0;ghsl-ucdb. osm
China;Jiujiang;settlement;297.048;1.160.021;17;no;;A12. A11;0;ghsl-ucdb. osm. wikidata
China;Fenghuang;settlement;279.356;1.095.996;17;no;;A11;0;ghsl-ucdb. osm
China;Zigong;settlement;293.416;1.047.769;17;no;;A11. A12;0;ghsl-ucdb. osm. wikidata
China;Huaihua;settlement;275.634;110.004;17;no;;A11;0;ghsl-ucdb. osm
China;Yuxi;settlement;24.355;1.025.422;17;no;;A11;0;ghsl-ucdb. osm
China;Chengde;settlement;409.519;1.179.588;17;no;;;1;ghsl-ucdb. osm. unesco-whs. wikidata
China;Jingdezhen;settlement;292.947;1.172.079;17;no;;;1;ghsl-ucdb. osm. unesco-whs
China;Gaolou;settlement;347.608;1.046.767;17;no;;;0;cuisine. ghsl-ucdb. osm
China;Yulinshi;settlement;382.918;1.097.375;17;yes;12;;0;ghsl-ucdb. osm. wikidata
China;Jinjiang;settlement;248.198;1.185.742;17;no;;A12;1;ghsl-ucdb. osm. unesco-whs. wikidata
China;Licheng;settlement;314.281;1.194.835;17;no;;A11;0;ghsl-ucdb. osm
China;Luzhou;settlement;288.903;1.054.257;17;no;;A11;0;ghsl-ucdb. osm
China;Qinhuangdao;settlement;39.941;1.195.894;17;no;;A11;0;ghsl-ucdb. osm
China;Huangchuan;settlement;32.139;1.150.429;17;no;;;0;ghsl-ucdb. osm
China;Yixing;settlement;313.606;1.198.202;17;no;;A11. A12;0;ghsl-ucdb. osm. wikidata
China;Wuwei;settlement;379.267;102.632;16;no;;A11. A12;0;ghsl-ucdb. osm. wikidata
China;Qiaotou;settlement;36.935;1.016.736;16;no;;A12;0;cuisine. ghsl-ucdb. osm
China;Anyuan;settlement;348.808;1.052.764;16;no;;A12;0;cuisine. ghsl-ucdb. osm
China;Jinshan;settlement;348.114;1.054.344;16;no;;A12;0;cuisine. ghsl-ucdb. osm
China;Wenquan;settlement;346.519;1.050.535;16;no;;A12;0;cuisine. ghsl-ucdb. osm
China;Xiping;settlement;346.057;105.115;16;no;;A12;0;cuisine. ghsl-ucdb. osm
China;Qufu;settlement;355.967;1.169.911;16;no;;;1;ghsl-ucdb. osm. unesco-whs. wikidata
China;Quzhou;settlement;289.594;1.188.686;16;no;;;0;ghsl-ucdb. osm. wikidata
China;Lucheng;settlement;312.336;1.172.806;16;no;;;0;ghsl-ucdb. osm
China;Baotou;settlement;406.516;1.098.439;16;no;;A11. A12;0;ghsl-ucdb. osm
China;Anlong;settlement;25.1;1.055.167;16;no;;A11;0;ghsl-ucdb. osm
China;Chizhou;settlement;306.613;1.174.778;16;no;;;0;ghsl-ucdb. osm. wikidata
China;Weihai;settlement;375.091;1.221.136;16;yes;13;;0;ghsl-ucdb. osm
China;Xuanhua;settlement;406.121;1.150.646;16;no;;A11;0;ghsl-ucdb. osm. wikidata
China;Gangu Chengguanzhen;settlement;347.356;1.053.263;16;no;;;0;cuisine. ghsl-ucdb. osm
China;Pan’an;settlement;347.547;1.051.117;16;no;;;0;cuisine. ghsl-ucdb. osm
China;Simen;settlement;346.222;1.050.128;16;no;;;0;cuisine. ghsl-ucdb. osm
China;Lixin;settlement;349.122;1.050.806;16;no;;;0;cuisine. ghsl-ucdb. osm
China;Jiaxing;settlement;307.522;120.75;16;no;;A12. A11;0;ghsl-ucdb. osm
China;Huangshan;settlement;297.114;1.183.125;16;no;;A11;0;ghsl-ucdb. osm
China;Chengqiao;settlement;316.308;1.213.925;15;no;;A11;0;ghsl-ucdb. osm. wikidata
China;Taixing;settlement;321.667;1.200.136;15;no;;;0;ghsl-ucdb. osm
China;Tanggu;settlement;390.211;1.176.469;15;no;;;0;ghsl-ucdb. osm. wikidata
China;Huludao;settlement;407.524;1.208.355;15;no;;A11. A12;0;ghsl-ucdb. osm
China;Labuleng;settlement;352.013;1.025.212;15;no;;A12;0;cuisine. ghsl-ucdb. wikidata
China;Yiwu;settlement;293.151;1.200.768;15;no;;A12;0;ghsl-ucdb. osm
China;Luomen;settlement;347.542;1.050.247;15;no;;A12;0;cuisine. ghsl-ucdb
China;Xinxing;settlement;34.776;1.053.222;15;no;;A12;0;cuisine. ghsl-ucdb
China;Wushan;settlement;347.208;1.048.858;15;no;;A12;0;cuisine. ghsl-ucdb
China;Duoba;settlement;366.579;1.015.337;15;no;;A12;0;cuisine. ghsl-ucdb
China;Hezuo;settlement;349.856;1.029.094;15;no;;A12;0;cuisine. ghsl-ucdb
China;Mali;settlement;346.646;1.046.978;15;no;;A12;0;cuisine. ghsl-ucdb
China;Tange;settlement;346.276;1.048.406;15;no;;A12;0;cuisine. ghsl-ucdb
China;Baliwan;settlement;348.476;1.053.704;15;no;;A12;0;cuisine. ghsl-ucdb
China;Dashi;settlement;348.975;1.051.864;15;no;;A12;0;cuisine. ghsl-ucdb
China;Yuanyang;settlement;347.877;1.047.753;15;no;;A12;0;cuisine. ghsl-ucdb
China;Lintan Chengguanzhen;settlement;346.889;1.033.524;15;no;;A12;0;cuisine. ghsl-ucdb
China;Xiejiawan;settlement;348.121;1.051.715;15;no;;A12;0;cuisine. ghsl-ucdb
China;Xincheng;settlement;346.743;1.035.868;15;no;;A12;0;cuisine. ghsl-ucdb
China;Lichuan Zhen;settlement;342.484;1.043.195;15;no;;A12;0;cuisine. ghsl-ucdb
China;Liulin;settlement;345.897;1.035.042;15;no;;A12;0;cuisine. ghsl-ucdb
China;Dazhuang;settlement;349.589;1.053.361;15;no;;A12;0;cuisine. ghsl-ucdb
China;Dianga;settlement;340.636;1.032.136;15;no;;A12;0;cuisine. ghsl-ucdb
China;Hechuan;settlement;299.923;1.062.646;15;no;;;0;ghsl-ucdb. osm. wikidata
China;Changsha;settlement;223.812;1.126.849;15;no;;;1;ghsl-ucdb. osm. unesco-whs. wikidata
China;Baoshan;settlement;251.163;991.637;15;no;;A11;0;ghsl-ucdb. osm
China;Huai'an;settlement;335.886;1.190.192;15;no;;A12. A11;0;ghsl-ucdb. osm
China;Heihe;settlement;502.441;1.274.902;15;no;;A11;0;ghsl-ucdb. osm
China;Xianyang;settlement;343.378;1.087.026;14;no;;A12;0;ghsl-ucdb. osm. wikidata
China;Mudanjiang;settlement;44.548;1.296.259;14;no;;A11;0;ghsl-ucdb. osm
China;Liaocheng;settlement;364.506;1.160.025;14;no;;A12;0;ghsl-ucdb. osm
China;Jiayuguan;settlement;398.112;982.862;14;no;;;1;ghsl-ucdb. osm. unesco-whs
China;Wanqiao Zhen;settlement;257.892;1.001.228;14;no;;;0;ghsl-ucdb. osm
China;Rugao;settlement;323.704;1.205.765;14;no;;;0;ghsl-ucdb. osm
China;Guyuan;settlement;360.067;1.062.808;14;no;;;0;ghsl-ucdb. osm. wikidata
China;Jinghong;settlement;220.026;1.007.697;14;yes;17;;0;ghsl-ucdb. osm
China;Shuangcheng;settlement;453.798;1.263.071;14;yes;18;;0;ghsl-ucdb. osm
China;Chaozhou;settlement;23.654;1.166.226;14;no;;A12;0;ghsl-ucdb. osm. wikidata
China;Gujangbagh;settlement;371.093;799.343;14;no;;A11;0;ghsl-ucdb. osm
China;Panzhihua;settlement;265.851;1.017.128;14;no;;A11;0;ghsl-ucdb. osm
China;Shangqiu;settlement;344.143;1.156.561;14;no;;A12;0;ghsl-ucdb. osm
China;Yulin;settlement;226.305;1.101.469;13;no;;A12. A11;0;ghsl-ucdb. osm. wikidata
China;Chóngfú;settlement;305.311;1.204.309;13;no;;;0;ghsl-ucdb. osm
China;Huanggang;settlement;304.514;1.148.704;13;no;;A11;0;ghsl-ucdb. osm
China;Baimajing;settlement;19.712;109.218;13;no;;A11;0;ghsl-ucdb. osm
China;Rizhao;settlement;354.141;1.195.291;13;no;;;0;ghsl-ucdb. osm
China;Mishan;settlement;45.55;1.318.833;13;no;;A11;0;ghsl-ucdb. osm
China;Xingning;settlement;241.483;1.157.227;13;no;;A11;0;ghsl-ucdb. osm
China;Pingliang;settlement;355.392;1.066.861;13;no;;;0;ghsl-ucdb. osm
China;Xindian;settlement;367.975;1.182.944;13;yes;27;;0;ghsl-ucdb. osm. wikidata
China;Pingxiang;settlement;276.167;1.138.535;13;no;;;0;ghsl-ucdb. osm
China;Shaoshan;settlement;279.167;1.125.167;13;no;;A11;0;ghsl-ucdb. osm. wikidata
China;Zhuzhou;settlement;278.333;113.15;13;no;;A11. A12;0;ghsl-ucdb. osm
China;Linqiong;settlement;304.159;1.034.609;13;no;;;0;ghsl-ucdb. osm
China;Liangxiang;settlement;39.736;1.161.329;13;no;;;0;ghsl-ucdb. osm. wikidata
China;Shangyu;settlement;300.156;1.208.711;13;no;;;0;ghsl-ucdb. osm
China;Zhongxiang;settlement;311.661;1.125.831;12;no;;;1;ghsl-ucdb. osm. unesco-whs. wikidata
China;Site of Xanadu;site;42.358;1.161.851;12;no;;;1;osm. unesco-whs. wikidata
China;Huimin;settlement;222.614;1.000.829;12;no;;;1;ghsl-ucdb. unesco-whs. wikidata
China;Licheng;settlement;232.955;1.138.247;12;no;;;0;ghsl-ucdb. osm
China;Gaozhou;settlement;219.197;1.108.568;12;no;;A11;0;ghsl-ucdb. osm
China;Zibo;settlement;367.906;1.180.633;12;no;;A12;0;ghsl-ucdb. osm
China;Anshun;settlement;26.25;1.059.333;12;no;;;0;ghsl-ucdb. osm
China;Mianyang;settlement;314.678;1.046.817;12;no;;A12. A11;0;ghsl-ucdb. osm
China;Beihai;settlement;214.835;1.091.155;12;yes;22;;0;ghsl-ucdb. osm
China;Acheng;settlement;455.456;1.269.519;12;no;;;0;ghsl-ucdb. osm
China;Zhangzhou;settlement;245.133;1.176.556;12;no;;A11;0;ghsl-ucdb. osm
China;Zhenzhou;settlement;322.803;119.17;12;no;;;0;ghsl-ucdb. osm
China;Encheng;settlement;221.866;1.123.042;12;no;;A11;0;ghsl-ucdb. osm
China;Mingshui;settlement;367.167;117.5;12;no;;;0;ghsl-ucdb. osm. wikidata
China;Chenzhou;settlement;25.8;1.130.333;11;no;;;0;ghsl-ucdb. osm
China;Hezhou;settlement;244.036;1.115.667;11;no;;A11. A12;0;ghsl-ucdb. osm
China;Zhoucheng;settlement;359.122;1.163.117;11;no;;A11;0;ghsl-ucdb. osm
China;Dali;settlement;255.847;1.002.123;11;no;;;0;ghsl-ucdb. osm
China;Huzhou;settlement;308.703;1.200.933;11;no;;A12;0;ghsl-ucdb. osm
China;Yuxia;settlement;340.615;1.086.291;11;no;;A11;0;ghsl-ucdb. osm. wikidata
China;Fuyang;settlement;32.9;1.158.167;11;no;;A11. A12;0;ghsl-ucdb. osm
China;Xuzhou;settlement;342.044;1.172.839;11;no;;A12;0;ghsl-ucdb. osm
China;Minning;settlement;382.487;1.059.707;11;no;;;1;ghsl-ucdb. osm. unesco-whs
China;Xindian;settlement;341.428;1.183.353;11;no;;A11;0;ghsl-ucdb. osm
China;Hangu;settlement;392.489;1.177.892;11;no;;A11;0;ghsl-ucdb. osm
China;Huangshi;settlement;302.471;1.150.481;11;no;;A11;0;ghsl-ucdb. osm
China;Dengzhou;settlement;378.082;1.207.591;11;no;;A11;0;ghsl-ucdb. osm. wikidata
China;Ji’an;settlement;271.172;1.149.793;11;no;;;0;ghsl-ucdb. osm. wikidata
China;Tianfu;settlement;372.637;1.220.523;11;no;;A11;0;ghsl-ucdb. osm
China;Yongjian;settlement;254.254;1.002.124;11;no;;A11;0;ghsl-ucdb. osm
China;Lu’an;settlement;317.356;1.165.169;11;no;;A11. A12;0;ghsl-ucdb. osm
China;Fuqing;settlement;257.294;1.193.747;11;no;;A11;0;ghsl-ucdb. osm. wikidata
China;Longjing;settlement;427.713;1.294.231;11;no;;A11;0;ghsl-ucdb. osm. wikidata
China;Meishan;settlement;300.439;103.837;11;no;;A12;0;ghsl-ucdb. osm
China;Turpan;settlement;429.477;891.789;11;yes;24;;0;ghsl-ucdb. osm. wikidata
China;Shiyan;settlement;326.475;1.107.781;10;no;;A12;1;ghsl-ucdb. osm. unesco-whs
China;Chenggu;settlement;331.492;1.073.258;10;no;;;1;ghsl-ucdb. osm. unesco-whs
China;Mingshui;settlement;471.794;1.259.028;10;no;;A11;0;ghsl-ucdb. osm
China;Baihecun;settlement;221.132;1.072.359;10;no;;;1;ghsl-ucdb. osm. unesco-whs
China;Hebao;settlement;295.662;1.055.434;10;no;;;1;ghsl-ucdb. unesco-whs
China;Bishan;settlement;295.949;1.062.248;10;no;;;0;ghsl-ucdb. osm
China;Dazhong;settlement;331.997;1.204.578;10;no;;;0;ghsl-ucdb. osm. wdpa
China;Dongning;settlement;440.844;1.311.184;10;no;;;0;ghsl-ucdb. osm. wdpa
China;Yangtun;settlement;348.833;1.168.833;10;no;;;0;ghsl-ucdb. wdpa
China;Chuzhou;settlement;323.219;1.182.978;10;no;;;0;ghsl-ucdb. osm
China;Qitaihe;settlement;45.768;1.309.953;10;no;;A11;0;ghsl-ucdb. osm
Christmas Island;Christmas Island;site;-104.922;1.056.196;100;yes;1;A9;0;wdpa
Cocos Islands;Cocos (Keeling) Islands;site;-120.161;968.733;100;yes;1;A9;0;osm. wdpa. wikidata
Colombia;Bogotá;settlement;46.097;-740.817;100;yes;1;A12;0;cuisine. ghsl-ucdb. wikidata
Colombia;Isnos;settlement;19.356;-762.406;79;yes;2;A9;1;ghsl-ucdb. unesco-whs. wdpa. wikidata
Colombia;Pamplona;settlement;73.757;-726.479;73;yes;3;A9;0;ghsl-ucdb. wdpa
Colombia;Tunja;settlement;55.448;-733.576;73;no;;A9;0;cuisine. ghsl-ucdb. wdpa. wikidata
Colombia;Chiribiquete National Park – “The Maloca of the Jaguar”;site;0.5253;-727.972;66;yes;6;A9;2;unesco-whs. wdpa. wikidata
Colombia;Restrepo;settlement;42.583;-735.614;60;no;;A9;0;cuisine. ghsl-ucdb. wdpa. wikidata
Colombia;Sogamoso;settlement;57.143;-729.339;60;yes;7;A9;0;cuisine. ghsl-ucdb. wdpa
Colombia;Acacías;settlement;3.987;-73.758;60;no;;A9;0;cuisine. ghsl-ucdb. wdpa
Colombia;Purificación;settlement;38.587;-749.313;60;yes;14;A9;0;cuisine. ghsl-ucdb. wdpa
Colombia;Cartagena;settlement;103.982;-754.933;58;yes;5;;1;ghsl-ucdb. unesco-whs. wikidata
Colombia;Cali;settlement;34.305;-765.199;56;yes;4;A10. A12;0;ghsl-ucdb. wikidata
Colombia;Tauramena;settlement;50.179;-727.468;50;no;;A9;0;cuisine. ghsl-ucdb. wdpa
Colombia;Tocancipá;settlement;49.653;-73.913;50;no;;A9;0;cuisine. ghsl-ucdb. wdpa
Colombia;Sierra de la Macarena;site;27.862;-735.011;50;no;;A9;0;cuisine. wdpa
Colombia;Cordillera de los Picachos;site;28.366;-746.073;50;yes;10;A9;0;cuisine. wdpa
Colombia;Tinigua;site;24.731;-741.819;50;no;;A9;0;cuisine. wdpa
Colombia;Serranía de Manacacías;site;34.731;-725.108;50;no;;A9;0;cuisine. wdpa
Colombia;Valledupar;settlement;104.654;-732.531;48;yes;11;A9;0;ghsl-ucdb. wdpa. wikidata
Colombia;Puerto Carreño;settlement;61.904;-674.839;47;yes;13;;0;cuisine. ghsl-ucdb. wdpa
Colombia;Villavicencio;settlement;41.324;-736.256;46;no;;A12;0;cuisine. ghsl-ucdb
Colombia;Yopal;settlement;53.357;-723.939;46;no;;A12;0;cuisine. ghsl-ucdb
Colombia;Chía;settlement;48.588;-740.587;46;no;;A12;0;cuisine. ghsl-ucdb
Colombia;Facatativá;settlement;48.137;-743.545;46;no;;A12;0;cuisine. ghsl-ucdb
Colombia;Girardot City;settlement;43.008;-748.075;46;no;;A12;0;cuisine. ghsl-ucdb
Colombia;Madrid;settlement;47.325;-742.642;46;no;;A12;0;cuisine. ghsl-ucdb
Colombia;Zipaquirá;settlement;50.221;-740.048;46;no;;A12;0;cuisine. ghsl-ucdb
Colombia;Mosquera;settlement;47.059;-742.302;46;no;;A12;0;cuisine. ghsl-ucdb
Colombia;Funza;settlement;47.164;-74.212;46;no;;A12;0;cuisine. ghsl-ucdb
Colombia;Fusagasugá;settlement;43.365;-743.638;46;no;;A12;0;cuisine. ghsl-ucdb
Colombia;Granada;settlement;35.463;-737.069;46;no;;A12;0;cuisine. ghsl-ucdb
Colombia;Espinal;settlement;41.492;-748.843;46;no;;A12;0;cuisine. ghsl-ucdb
Colombia;Cajicá;settlement;49.186;-74.028;46;no;;A12;0;cuisine. ghsl-ucdb
Colombia;San José del Guaviare;settlement;2.568;-726.397;46;yes;9;A12;0;cuisine. ghsl-ucdb
Colombia;Chiquinquirá;settlement;56.164;-738.175;46;no;;A12;0;cuisine. ghsl-ucdb
Colombia;Guaduas;settlement;50.669;-74.595;46;no;;A12;0;cuisine. ghsl-ucdb
Colombia;Bosconia;settlement;48.558;-739.817;46;no;;A12;0;cuisine. ghsl-ucdb
Colombia;Villanueva;settlement;52.833;-719.667;46;yes;20;A12;0;cuisine. ghsl-ucdb
Colombia;Guamo;settlement;40.308;-749.701;46;no;;A12;0;cuisine. ghsl-ucdb
Colombia;La Mesa;settlement;52.667;-739.167;46;no;;A12;0;cuisine. ghsl-ucdb
Colombia;Melgar;settlement;42.047;-746.407;46;no;;A12;0;cuisine. ghsl-ucdb
Colombia;Sibaté;settlement;44.915;-742.596;46;no;;A12;0;cuisine. ghsl-ucdb
Colombia;San Martín;settlement;36.964;-736.996;46;no;;A12;0;cuisine. ghsl-ucdb
Colombia;Villeta;settlement;50.089;-744.723;46;no;;A12;0;cuisine. ghsl-ucdb
Colombia;Villa de San Diego de Ubaté;settlement;53.093;-738.157;46;no;;A12;0;cuisine. ghsl-ucdb
Colombia;Pacho;settlement;51.328;-741.598;46;no;;A12;0;cuisine. ghsl-ucdb
Colombia;Puerto López;settlement;40.991;-729.565;46;yes;12;A12;0;cuisine. ghsl-ucdb
Colombia;Aguazul;settlement;51.728;-725.471;46;no;;A12;0;cuisine. ghsl-ucdb
Colombia;Pasto;settlement;12.146;-772.785;43;no;;A9;0;ghsl-ucdb. wdpa. wikidata
Colombia;Túquerres;settlement;10.865;-776.186;43;no;;A9;0;ghsl-ucdb. wdpa. wikidata
Colombia;La Unión;settlement;16.045;-771.315;43;no;;A9;0;ghsl-ucdb. wdpa. wikidata
Colombia;Chigorodó;settlement;76.664;-766.811;40;yes;16;A9;1;ghsl-ucdb. unesco-whs. wikidata
Colombia;Malpelo Fauna and Flora Sanctuary;site;40.033;-816.076;40;yes;17;A9;1;unesco-whs
Colombia;Dosquebradas;settlement;48.392;-756.673;39;yes;22;A9;0;ghsl-ucdb. wdpa. wikidata
Colombia;Duitama;settlement;58.245;-730.341;39;no;;A9;0;ghsl-ucdb. wdpa. wikidata
Colombia;Buenaventura;settlement;38.801;-770.312;39;no;;A9;0;ghsl-ucdb. wdpa
Colombia;Pitalito;settlement;18.537;-760.507;39;no;;A9;0;ghsl-ucdb. wdpa
Colombia;Apartadó;settlement;7.883;-766.259;39;no;;A9;0;ghsl-ucdb. wdpa
Colombia;El Charco;settlement;24.808;-781.097;39;yes;21;A9;0;ghsl-ucdb. wdpa
Colombia;Puerto Boyacá;settlement;5.976;-745.852;39;yes;18;A9;0;ghsl-ucdb. wdpa
Colombia;Puerto Leguízamo;settlement;-0.1934;-747.819;39;yes;19;A9;0;ghsl-ucdb. wdpa
Colombia;Belalcázar;settlement;26.464;-759.727;35;no;;A9;1;ghsl-ucdb. unesco-whs. wdpa. wikidata
Colombia;Barranquilla;settlement;109.685;-747.813;35;no;;A9. A12;0;ghsl-ucdb. wdpa. wikidata
Colombia;Ipiales;settlement;0.825;-776.397;35;no;;;1;ghsl-ucdb. unesco-whs. wikidata
Colombia;El Retén;settlement;106.113;-742.682;30;no;;A9;0;ghsl-ucdb. wdpa
Colombia;Mompós;settlement;92.419;-744.267;29;yes;15;;1;ghsl-ucdb. unesco-whs. wikidata
Colombia;Tuluá;settlement;40.847;-761.954;25;no;;;1;ghsl-ucdb. unesco-whs
Colombia;Medellín;settlement;6.245;-755.715;22;no;;A12;0;ghsl-ucdb. wikidata
Colombia;Santa Marta;settlement;112.386;-741.943;20;no;;A9;0;ghsl-ucdb. wdpa. wikidata
Colombia;Riohacha;settlement;115.444;-729.072;20;no;;A9;0;ghsl-ucdb. wdpa. wikidata
Colombia;Santa Fe de Antioquia;settlement;65.569;-758.281;20;no;;A9;0;ghsl-ucdb. wdpa. wikidata
Colombia;Belén de Umbría;settlement;52.009;-758.687;20;no;;A9;0;ghsl-ucdb. wdpa. wikidata
Colombia;Cúcuta;settlement;79.074;-725.049;20;no;;A9;0;ghsl-ucdb. wdpa
Colombia;Bucaramanga;settlement;7.125;-731.189;20;no;;A9;0;ghsl-ucdb. wdpa
Colombia;Buenaventura;settlement;35.833;-77;20;no;;A9;0;ghsl-ucdb. wdpa
Colombia;Floridablanca;settlement;70.622;-730.864;20;no;;A9;0;ghsl-ucdb. wdpa
Colombia;Piedecuesta;settlement;69.879;-730.495;20;no;;A9;0;ghsl-ucdb. wdpa
Colombia;Orito;settlement;0.6675;-76.873;20;no;;A9;0;ghsl-ucdb. wdpa
Colombia;Mocoa;settlement;11.528;-766.521;20;no;;A9;0;ghsl-ucdb. wdpa
Colombia;Florida;settlement;33.223;-762.348;20;no;;A9;0;ghsl-ucdb. wdpa
Colombia;Pradera;settlement;34.211;-762.447;20;no;;A9;0;ghsl-ucdb. wdpa
Colombia;Sevilla;settlement;42.642;-759.309;20;no;;A9;0;ghsl-ucdb. wdpa
Colombia;Gigante;settlement;23.868;-755.474;20;no;;A9;0;ghsl-ucdb. wdpa
Colombia;Curumaní;settlement;91.999;-735.427;20;no;;A9;0;ghsl-ucdb. wdpa
Colombia;San Onofre;settlement;97.359;-755.263;20;no;;A9;0;ghsl-ucdb. wdpa
Colombia;Tame;settlement;64.607;-717.362;20;no;;A9;0;ghsl-ucdb. wdpa
Colombia;Santiago de Tolú;settlement;95.239;-755.814;20;no;;A9;0;ghsl-ucdb. wdpa
Colombia;Anaime;settlement;43.964;-75.445;20;no;;A9;0;ghsl-ucdb. wdpa
Colombia;Ituango;settlement;71.712;-75.764;20;no;;A9;0;ghsl-ucdb. wdpa
Colombia;María la Baja;settlement;99.832;-753.016;20;no;;A9;0;ghsl-ucdb. wdpa
Colombia;Rivera;settlement;27.772;-752.564;20;no;;A9;0;ghsl-ucdb. wdpa
Colombia;Campoalegre;settlement;26.849;-753.231;20;no;;A9;0;ghsl-ucdb. wdpa
Colombia;Becerril;settlement;97.041;-732.793;20;no;;A9;0;ghsl-ucdb. wdpa
Colombia;Frontino;settlement;67.713;-761.332;20;no;;A9;0;ghsl-ucdb. wdpa
Colombia;Rioblanco;settlement;35.297;-756.453;20;no;;A9;0;ghsl-ucdb. wdpa
Colombia;Balboa;settlement;20.418;-772.165;20;no;;A9;0;ghsl-ucdb. wdpa
Colombia;Villa Rica;settlement;25.142;-768.494;20;no;;A9;0;ghsl-ucdb. wdpa
Colombia;Villanueva;settlement;106.077;-72.979;20;no;;A9;0;ghsl-ucdb. wdpa
Colombia;San Diego;settlement;103.338;-731.805;20;no;;A9;0;ghsl-ucdb. wdpa
Colombia;El Carmen de Chucurí;settlement;66.974;-735.112;20;no;;A9;0;ghsl-ucdb. wdpa
Colombia;Manzanares;settlement;5.254;-75.154;20;no;;A9;0;ghsl-ucdb. wdpa
Colombia;Darien;settlement;39.314;-764.848;20;no;;A9;0;ghsl-ucdb. wdpa
Colombia;El Tuparro;site;52.772;-685.079;20;no;;A9;0;wdpa
Colombia;Amacayacu;site;-34.308;-701.629;20;no;;A9;0;wdpa
Colombia;Macuira;site;121.502;-713.336;20;no;;A9;0;wdpa
Colombia;Puinawai;site;23.555;-691.931;20;no;;A9;0;wdpa
Colombia;Nukak;site;18.721;-714.929;20;no;;A9;0;wdpa
Colombia;Cahuinarí;site;-14.056;-709.575;20;no;;A9;0;wdpa
Colombia;Río Puré;site;-19.712;-701.103;20;no;;A9;0;wdpa
Colombia;Utria;site;60.112;-772.526;20;no;;A9;0;wdpa
Colombia;Malpelo;site;41.387;-809.846;20;no;;A9;0;wdpa
Colombia;Yaigojé Apaporis;site;-0.615;-702.815;20;no;;A9;0;wdpa
Colombia;Corales de Profundidad;site;99.232;-761.496;20;no;;A9;0;wdpa
Colombia;Acandí Playón y Playona;site;85.324;-771.549;20;no;;A9;0;wdpa
Colombia;Bahía Portete - Kaurrele;site;122.153;-719.273;20;no;;A9;0;wdpa
Colombia;Cordillera Beata;site;143.872;-728.907;20;no;;A9;0;wdpa
Colombia;Samaniego;settlement;13.385;-775.957;18;yes;8;;0;ghsl-ucdb. wikidata
Colombia;Buesaco;settlement;13.836;-771.562;18;no;;;0;ghsl-ucdb. wikidata
Colombia;San Lorenzo;settlement;15.029;-772.154;18;no;;;0;ghsl-ucdb. wikidata
Comoros;Moroni;settlement;-117.022;432.551;100;yes;1;A11;1;ghsl-ucdb. osm. unesco-whs. wikidata
Comoros;Fomboni;settlement;-122.876;437.434;11;yes;2;A12;0;ghsl-ucdb. wikidata
Costa Rica;San Isidro;settlement;93.674;-836.971;100;yes;1;A11. A9;1;ghsl-ucdb. osm. unesco-whs. wdpa. wikidata
Costa Rica;Liberia;settlement;106.352;-854.378;89;yes;2;A11. A9;1;ghsl-ucdb. osm. unesco-whs. wdpa. wikidata
Costa Rica;San José;settlement;99.339;-840.849;80;no;;A11;0;ghsl-ucdb. osm. wdpa
Costa Rica;Alajuela;settlement;100.172;-842.127;65;no;;A11. A9;0;ghsl-ucdb. osm. wdpa. wikidata
Costa Rica;Quesada;settlement;103.266;-84.432;63;yes;3;A11. A9;0;ghsl-ucdb. osm. wdpa
Costa Rica;Nicoya;settlement;101.504;-854.509;51;no;;A11. A9;0;ghsl-ucdb. osm. wdpa
Costa Rica;Cañas;settlement;104.311;-850.982;48;no;;A11. A9;0;ghsl-ucdb. osm. wdpa. wikidata
Costa Rica;Cartago;settlement;98.637;-839.195;47;no;;A11;0;ghsl-ucdb. osm. wdpa
Costa Rica;San José;settlement;109.519;-851.357;46;no;;A11. A9;0;ghsl-ucdb. osm. wdpa. wikidata
Costa Rica;Corcovado;site;85.431;-835.764;41;yes;6;A9;0;osm. wdpa. wikidata
Costa Rica;Guápiles;settlement;102.168;-837.848;40;yes;7;A11. A9;0;ghsl-ucdb. osm. wdpa
Costa Rica;Esparza;settlement;9.992;-846.663;39;no;;A11. A9;0;ghsl-ucdb. osm. wdpa
Costa Rica;Puntarenas;settlement;99.769;-848.379;36;no;;A11. A9;0;ghsl-ucdb. osm. wdpa
Costa Rica;Limón;settlement;99.907;-83.036;36;yes;5;A9. A11;0;ghsl-ucdb. osm. wdpa
Costa Rica;San Rafael Abajo;settlement;9.831;-842.901;30;no;;A11. A9;0;ghsl-ucdb. osm. wdpa
Costa Rica;Cocos Island National Park;site;55.333;-870.667;30;yes;4;A9;1;unesco-whs. wikidata
Costa Rica;Siquirres;settlement;100.975;-835.066;29;no;;A11. A9;0;ghsl-ucdb. osm. wdpa
Costa Rica;Tejar;settlement;9.743;-842.322;28;yes;8;A11;0;ghsl-ucdb. osm. wdpa
Costa Rica;Paraíso;settlement;98.385;-838.666;21;no;;A11. A9;0;ghsl-ucdb. osm. wdpa
Costa Rica;Turrialba;settlement;99.037;-836.836;18;no;;A11;0;ghsl-ucdb. osm. wdpa. wikidata
Costa Rica;Internacional La Amistad;site;94.269;-831.295;14;yes;10;A9. A11;0;osm. wdpa
Costa Rica;Isla del Coco;site;5.383;-87.677;14;yes;9;A9;0;wdpa
Costa Rica;Manuel Antonio;site;9.085;-841.772;14;yes;11;A9;0;wdpa
Croatia;Rijeka;settlement;453.267;144.424;100;yes;1;A10. A11. A9;1;cuisine. ghsl-ucdb. osm. unesco-whs. wikidata
Croatia;Dubrovnik;settlement;426.412;181.091;88;yes;2;A9;2;ghsl-ucdb. osm. unesco-whs. wikidata
Croatia;Split;settlement;435.089;164.392;82;yes;3;A9. A2;3;ghsl-ucdb. osm. unesco-whs. wdpa. wikidata
Croatia;Čakovec;settlement;463.844;164.339;82;yes;4;A11;0;ghsl-ucdb. osm. wikidata
Croatia;Zadar;settlement;441.158;152.251;79;yes;5;A9;1;cuisine. ghsl-ucdb. unesco-whs. wikidata
Croatia;Šibenik;settlement;437.343;158.942;57;no;;A9. A2;2;ghsl-ucdb. unesco-whs. wdpa. wikidata
Croatia;Zagreb;settlement;458.144;15.978;48;no;;A10;0;cuisine. ghsl-ucdb. wikidata
Croatia;Samobor;settlement;458.031;157.181;44;yes;7;A11;0;cuisine. ghsl-ucdb. osm. wikidata
Croatia;Zaprešić;settlement;458.564;158.078;34;no;;A11;0;cuisine. ghsl-ucdb. osm. wikidata
Croatia;Varaždin;settlement;463.044;163.378;30;no;;A11;0;ghsl-ucdb. osm. wikidata
Croatia;Karlovac;settlement;454.917;15.55;28;no;;A11. A10;0;cuisine. ghsl-ucdb. osm. wikidata
Croatia;Sisak;settlement;454.661;163.775;20;yes;9;;0;cuisine. ghsl-ucdb. wdpa. wikidata
Croatia;Osijek;settlement;455.507;186.942;15;yes;6;A12;0;ghsl-ucdb. wikidata
Croatia;Pula;settlement;448.683;138.481;14;yes;8;;0;ghsl-ucdb. wikidata
Croatia;Vukovar;settlement;453.516;190.023;11;no;;;0;ghsl-ucdb. osm. wikidata
Cuba;Havana;settlement;23.133;-82.383;100;yes;1;A12;1;ghsl-ucdb. unesco-whs. wikidata
Cuba;Bauta;settlement;229.821;-825.476;95;no;;A10;0;ghsl-ucdb. wikidata
Cuba;Santiago de las Vegas;settlement;22.97;-823.869;95;no;;A10;0;ghsl-ucdb. wikidata
Cuba;Nueva Gerona;settlement;218.876;-828.066;95;yes;2;A9;0;ghsl-ucdb. wdpa
Cuba;Yaguajay;settlement;223.269;-792.369;93;yes;3;A9;0;cuisine. ghsl-ucdb. wdpa. wikidata
Cuba;Morón;settlement;221.088;-786.269;93;no;;A9;0;cuisine. ghsl-ucdb. wdpa
Cuba;Cienfuegos;settlement;221.468;-804.481;89;yes;4;;1;cuisine. ghsl-ucdb. unesco-whs. wdpa. wikidata
Cuba;Niquero;settlement;200.459;-775.804;87;yes;6;A9;1;ghsl-ucdb. unesco-whs. wdpa. wikidata
Cuba;Esmeralda;settlement;218.521;-781.169;87;no;;;0;cuisine. ghsl-ucdb. wdpa
Cuba;Guantánamo;settlement;201.444;-752.092;87;no;;A9;0;ghsl-ucdb. wdpa. wikidata
Cuba;Trinidad;settlement;217.996;-799.835;86;no;;;1;cuisine. ghsl-ucdb. unesco-whs. wdpa
Cuba;Nuevitas;settlement;215.445;-772.649;84;yes;11;A9;0;ghsl-ucdb. wdpa
Cuba;Guanahacabibes;site;218.812;-846.721;83;yes;8;A9;0;wdpa
Cuba;Sancti Spíritus;settlement;219.343;-794.398;83;no;;A9;0;cuisine. ghsl-ucdb. wdpa
Cuba;Cumanayagua;settlement;221.525;-802.035;83;no;;A9;0;cuisine. ghsl-ucdb. wdpa
Cuba;Chambas;settlement;221.927;-789.141;83;no;;A9;0;cuisine. ghsl-ucdb. wdpa
Cuba;Jardines de la Reina;site;209.181;-788.893;83;yes;12;A9;0;cuisine. wdpa
Cuba;Aguada de Pasajeros;settlement;223.852;-808.479;83;no;;;0;cuisine. ghsl-ucdb. wdpa
Cuba;Santa Clara;settlement;224.071;-799.658;80;no;;;0;cuisine. ghsl-ucdb. wdpa
Cuba;Sagua la Grande;settlement;22.806;-800.742;80;no;;;0;cuisine. ghsl-ucdb. wdpa
Cuba;Caibarién;settlement;225.199;-79.466;80;no;;;0;cuisine. ghsl-ucdb. wdpa
Cuba;Encrucijada;settlement;226.178;-798.649;80;yes;15;;0;cuisine. ghsl-ucdb. wdpa
Cuba;Primero de Enero;settlement;219.455;-784.285;80;no;;;0;cuisine. ghsl-ucdb. wdpa
Cuba;La Sierpe;settlement;217.717;-792.678;80;no;;;0;cuisine. ghsl-ucdb. wdpa
Cuba;Venezuela;settlement;217.379;-787.933;80;no;;;0;cuisine. ghsl-ucdb. wdpa
Cuba;Condado;settlement;21.876;-798.401;79;no;;A12;0;cuisine. ghsl-ucdb. wikidata
Cuba;Ciego de Ávila;settlement;218.422;-787.603;79;no;;A12;0;cuisine. ghsl-ucdb
Cuba;Florida;settlement;215.264;-782.255;79;yes;5;A12;0;cuisine. ghsl-ucdb
Cuba;Placetas;settlement;223.138;-796.538;79;no;;A12;0;cuisine. ghsl-ucdb
Cuba;Corralillo;settlement;229.821;-805.853;79;yes;10;A12;0;cuisine. ghsl-ucdb
Cuba;Santo Domingo;settlement;225.867;-802.426;79;no;;A12;0;cuisine. ghsl-ucdb
Cuba;Cabaiguán;settlement;220.784;-794.963;79;no;;A12;0;cuisine. ghsl-ucdb
Cuba;Ranchuelo;settlement;223.727;-801.505;79;no;;A12;0;cuisine. ghsl-ucdb
Cuba;Manicaragua;settlement;221.502;-799.787;79;no;;A12;0;cuisine. ghsl-ucdb
Cuba;Cifuentes;settlement;226.493;-800.494;79;no;;A12;0;cuisine. ghsl-ucdb
Cuba;Camajuaní;settlement;224.833;-79.75;79;no;;A12;0;cuisine. ghsl-ucdb
Cuba;Remedios;settlement;224.949;-795.454;79;no;;A12;0;cuisine. ghsl-ucdb
Cuba;Ciro Redondo;settlement;220.192;-787.036;79;no;;A12;0;cuisine. ghsl-ucdb
Cuba;Cruces;settlement;223.428;-802.708;79;no;;A12;0;cuisine. ghsl-ucdb
Cuba;Calimete;settlement;225.342;-809.111;79;no;;A12;0;cuisine. ghsl-ucdb
Cuba;Palmira;settlement;222.422;-803.916;79;no;;A12;0;cuisine. ghsl-ucdb
Cuba;Lajas;settlement;224.144;-802.936;79;no;;A12;0;cuisine. ghsl-ucdb
Cuba;Fomento;settlement;221.035;-797.198;79;no;;A12;0;cuisine. ghsl-ucdb
Cuba;Florencia;settlement;221.459;-789.722;79;no;;A12;0;cuisine. ghsl-ucdb
Cuba;Jatibonico;settlement;219.433;-791.675;79;no;;A12;0;cuisine. ghsl-ucdb
Cuba;Rodas;settlement;223.419;-805.558;79;no;;A12;0;cuisine. ghsl-ucdb
Cuba;Abreus;settlement;222.778;-805.689;79;no;;A12;0;cuisine. ghsl-ucdb
Cuba;Baraguá;settlement;216.822;-786.257;79;no;;A12;0;cuisine. ghsl-ucdb
Cuba;Santiago de Cuba;settlement;200.229;-758.217;76;yes;7;A2;2;ghsl-ucdb. unesco-whs. wikidata
Cuba;Río Guayabal de Yateras;settlement;203.667;-750.167;75;no;;A9;1;ghsl-ucdb. unesco-whs. wdpa. wikidata
Cuba;Baracoa;settlement;20.348;-744.971;73;yes;9;A9;0;ghsl-ucdb. wdpa
Cuba;Guane;settlement;22.204;-840.885;61;no;;A9;0;ghsl-ucdb. wdpa
Cuba;Viñales;settlement;226.189;-837.069;46;yes;13;A9;1;ghsl-ucdb. unesco-whs. wdpa. wikidata
Cuba;Pinar del Río;settlement;224.165;-836.966;37;no;;A9;0;ghsl-ucdb. wdpa
Cuba;Minas de Matahambre;settlement;225.869;-839.457;37;no;;A9;0;ghsl-ucdb. wdpa
Cuba;Sagua de Tánamo;settlement;205.828;-752.412;37;no;;A9;0;ghsl-ucdb. wdpa
Cuba;Cayo Largo;site;216.307;-815.501;37;yes;14;A9;0;wdpa
Cuba;Camagüey;settlement;213.808;-779.169;32;no;;;1;ghsl-ucdb. unesco-whs
Cuba;Jagüey Grande;settlement;225.263;-811.286;25;no;;A9;0;ghsl-ucdb. wdpa
Cuba;Bartolomé Masó;settlement;201.666;-76.944;25;no;;A9;0;ghsl-ucdb. wdpa
Cuba;Pilón;settlement;199.055;-773.215;25;no;;A9;0;ghsl-ucdb. wdpa
Cuba;Gibara;settlement;211.098;-761.303;25;no;;A9;0;ghsl-ucdb. wdpa
Cuba;Cueto;settlement;206.486;-759.297;25;no;;A9;0;ghsl-ucdb. wdpa
Cuba;Varadero;settlement;231.568;-812.444;25;no;;A9;0;ghsl-ucdb. wdpa
Cuba;Guisa;settlement;202.561;-765.391;25;no;;A9;0;ghsl-ucdb. wdpa
Cuba;Ciénaga de Zapata;site;221.932;-816.338;25;no;;A9;0;wdpa
Cuba;Manzanillo;settlement;203.424;-771.193;24;no;;;0;ghsl-ucdb. wdpa
Cuba;Güira de Melena;settlement;227.969;-825.065;24;no;;;0;ghsl-ucdb. wdpa
Cuba;Banes;settlement;209.613;-757.231;24;no;;;0;ghsl-ucdb. wdpa
Cuba;Moa;settlement;206.578;-749.507;14;no;;;0;ghsl-ucdb. wdpa. wikidata
Cuba;Unión de Reyes;settlement;227.953;-815.369;14;no;;;0;ghsl-ucdb. wdpa. wikidata
Cuba;Cárdenas;settlement;230.363;-81.206;12;no;;;0;ghsl-ucdb. wdpa
Cuba;Puerto Padre;settlement;211.959;-766.035;12;no;;;0;ghsl-ucdb. wdpa
Cuba;Jesús Menéndez;settlement;211.615;-764.777;12;no;;;0;ghsl-ucdb. wdpa
Cuba;Amancio;settlement;208.288;-775.786;12;no;;;0;ghsl-ucdb. wdpa
Cuba;Vertientes;settlement;212.589;-781.493;12;no;;;0;ghsl-ucdb. wdpa
Cuba;Maisí;settlement;202.467;-741.518;12;no;;;0;ghsl-ucdb. wdpa
Cuba;Los Palacios;settlement;225.876;-832.476;12;no;;;0;ghsl-ucdb. wdpa
Cuba;Perico;settlement;227.689;-810.185;12;no;;;0;ghsl-ucdb. wdpa
Curacao;Willemstad;settlement;121.225;-688.864;100;yes;1;A11;1;ghsl-ucdb. osm. unesco-whs
Cyprus;Paphos;settlement;347.768;324.245;100;yes;1;A11. A9;1;ghsl-ucdb. osm. unesco-whs. wdpa. wikidata
Cyprus;Limassol;settlement;346.841;330.379;85;no;;A9. A11;1;ghsl-ucdb. osm. unesco-whs. wdpa. wikidata
Cyprus;Nicosia;settlement;351.728;33.354;76;no;;A9. A11;0;ghsl-ucdb. osm. wdpa. wikidata
Cyprus;Larnaca;settlement;349.221;336.279;72;yes;2;A11;1;ghsl-ucdb. osm. unesco-whs. wikidata
Cyprus;Mórfou;settlement;351.987;329.934;67;yes;3;A11;0;ghsl-ucdb. osm. wikidata
Cyprus;Kyrenia;settlement;353.363;333.173;26;no;;A11;0;ghsl-ucdb. osm
Cyprus;Protaras;settlement;350.125;340.583;21;no;;A11;0;ghsl-ucdb. osm
Cyprus;Famagusta;settlement;351.249;339.413;17;no;;A11;0;ghsl-ucdb. osm
Cyprus;Égkomi;settlement;351.627;338.832;16;no;;A11;0;ghsl-ucdb. osm. wikidata
Czechia;Děčín;settlement;507.822;142.148;100;yes;1;A11. A9;0;cuisine. ghsl-ucdb. osm. wdpa. wikidata
Czechia;Liberec;settlement;507.671;150.562;80;no;;A9;1;cuisine. ghsl-ucdb. unesco-whs. wikidata
Czechia;České Budějovice;settlement;489.745;144.743;80;yes;2;A10. A2;2;cuisine. ghsl-ucdb. unesco-whs. wdpa. wikidata
Czechia;Litvínov;settlement;506.042;136.181;80;no;;A11;0;ghsl-ucdb. osm. wikidata
Czechia;Cheb;settlement;500.796;123.739;63;yes;4;A10. A11;0;ghsl-ucdb. osm. wikidata
Czechia;Prague;settlement;50.088;144.208;63;yes;11;A10. A12;0;cuisine. ghsl-ucdb. wikidata
Czechia;Brno;settlement;491.952;16.608;61;yes;3;;1;ghsl-ucdb. unesco-whs. wikidata
Czechia;Teplice;settlement;506.404;138.245;57;no;;A11;0;ghsl-ucdb. osm. wikidata
Czechia;Znojmo;settlement;488.555;160.488;56;no;;A10. A9;0;ghsl-ucdb. wdpa. wikidata
Czechia;Kutná Hora;settlement;499.484;152.682;56;yes;5;A2;2;cuisine. ghsl-ucdb. unesco-whs. wikidata
Czechia;Olomouc;settlement;495.955;172.518;55;yes;9;;1;ghsl-ucdb. unesco-whs. wikidata
Czechia;Břeclav;settlement;48.759;16.882;48;no;;A11;1;ghsl-ucdb. osm. unesco-whs. wdpa. wikidata
Czechia;Strakonice;settlement;492.614;139.024;47;no;;A10. A9;0;cuisine. ghsl-ucdb. wdpa. wikidata
Czechia;Hodonín;settlement;488.489;171.324;37;no;;A11;0;ghsl-ucdb. osm. wikidata
Czechia;Ostrov;settlement;503.059;129.391;33;no;;A11;1;ghsl-ucdb. osm. unesco-whs. wdpa. wikidata
Czechia;Sokolov;settlement;501.813;126.401;33;no;;A10;1;ghsl-ucdb. unesco-whs. wikidata
Czechia;Jihlava;settlement;493.961;155.912;31;yes;12;;1;cuisine. ghsl-ucdb. unesco-whs. wikidata
Czechia;Třebíč;settlement;492.149;158.817;30;no;;;1;ghsl-ucdb. unesco-whs. wikidata
Czechia;Náchod;settlement;504.167;161.629;30;yes;8;A10;0;cuisine. ghsl-ucdb. wikidata
Czechia;Ostrava;settlement;498.347;18.282;30;yes;6;;0;ghsl-ucdb. wikidata
Czechia;Karlovy Vary;settlement;502.327;128.712;30;no;;;0;ghsl-ucdb. wikidata
Czechia;Pilsen;settlement;497.475;133.776;30;yes;7;A12;0;ghsl-ucdb. wikidata
Czechia;Klatovy;settlement;493.955;13.295;29;no;;A11. A10;0;ghsl-ucdb. osm. wikidata
Czechia;Blansko;settlement;49.363;166.445;26;no;;A10;0;ghsl-ucdb. wikidata
Czechia;Benešov;settlement;497.816;14.687;26;no;;A10;0;cuisine. ghsl-ucdb. wikidata
Czechia;Žatec;settlement;503.272;135.458;26;yes;13;;1;ghsl-ucdb. unesco-whs. wikidata
Czechia;Tábor;settlement;494.144;146.578;24;no;;A12;0;cuisine. ghsl-ucdb. wikidata
Czechia;Litoměřice;settlement;505.335;141.318;24;no;;A12;0;cuisine. ghsl-ucdb. wikidata
Czechia;Jindřichův Hradec;settlement;49.144;15.003;24;no;;A12;0;cuisine. ghsl-ucdb. wikidata
Czechia;Kroměříž;settlement;492.978;173.931;23;no;;;1;ghsl-ucdb. unesco-whs. wikidata
Czechia;Žďár nad Sázavou;settlement;495.626;159.392;23;no;;A10;1;cuisine. ghsl-ucdb. unesco-whs. wikidata
Czechia;Hranice;settlement;49.548;177.347;22;no;;A10;0;ghsl-ucdb. wdpa. wikidata
Czechia;Česká Lípa;settlement;506.855;145.376;22;no;;A10;0;cuisine. ghsl-ucdb. wikidata
Czechia;Hradec Králové;settlement;502.092;158.328;22;no;;A10;0;cuisine. ghsl-ucdb. wikidata
Czechia;Písek;settlement;493.088;141.475;22;no;;A10;0;cuisine. ghsl-ucdb. wikidata
Czechia;Česká Třebová;settlement;499.044;164.441;21;yes;14;A10;1;ghsl-ucdb. unesco-whs. wikidata
Czechia;Říčany;settlement;499.917;146.543;21;no;;;1;cuisine. ghsl-ucdb. unesco-whs. wikidata
Czechia;Příbram;settlement;496.899;140.104;21;no;;A10;0;cuisine. ghsl-ucdb. wikidata
Czechia;Jablonec nad Nisou;settlement;507.243;151.711;20;yes;10;A12;0;cuisine. ghsl-ucdb. wikidata
Czechia;Mělník;settlement;503.505;144.741;20;no;;A12;0;cuisine. ghsl-ucdb. wikidata
Czechia;Ústí nad Orlicí;settlement;499.739;163.936;20;no;;A12;0;cuisine. ghsl-ucdb. wikidata
Czechia;Jičín;settlement;504.372;153.516;19;no;;A10;0;cuisine. ghsl-ucdb. wikidata
Czechia;Vyškov;settlement;492.775;16.999;19;no;;A10;0;ghsl-ucdb. wikidata
Czechia;Jirkov;settlement;504.998;134.477;17;no;;A11;0;ghsl-ucdb. osm. wikidata
Czechia;Uherské Hradiště;settlement;490.697;174.597;17;yes;15;A10;0;ghsl-ucdb. wikidata
Czechia;Mladá Boleslav;settlement;504.113;149.032;16;no;;A12;0;cuisine. ghsl-ucdb. wikidata
Czechia;Trutnov;settlement;50.561;159.127;16;no;;A10;0;cuisine. ghsl-ucdb. wikidata
Czechia;Zlín;settlement;492.264;176.706;16;no;;A10;0;ghsl-ucdb. wikidata
Czechia;Šumperk;settlement;499.653;169.706;14;no;;A10;0;ghsl-ucdb. wikidata
Czechia;Pardubice;settlement;500.408;157.766;14;no;;A12;0;cuisine. ghsl-ucdb. wikidata
Czechia;Chrudim;settlement;499.511;157.956;14;no;;A12;0;cuisine. ghsl-ucdb. wikidata
Czechia;Beroun;settlement;499.638;14.072;14;no;;A12;0;cuisine. ghsl-ucdb. wikidata
Czechia;Kralupy nad Vltavou;settlement;502.411;143.115;14;no;;A12;0;cuisine. ghsl-ucdb. wikidata
Czechia;Dvůr Králové nad Labem;settlement;504.317;15.814;14;no;;A10;0;cuisine. ghsl-ucdb. wikidata
Czechia;Opava;settlement;499.387;179.026;12;no;;A10;0;ghsl-ucdb. wikidata
Czechia;Kolín;settlement;500.281;151.998;12;no;;A10;0;cuisine. ghsl-ucdb. wikidata
Czechia;Rakovník;settlement;501.037;137.334;12;no;;A12;0;cuisine. ghsl-ucdb. wikidata
Czechia;Havlíčkův Brod;settlement;496.069;155.794;11;no;;A10;0;cuisine. ghsl-ucdb. wikidata
Czechia;Krnov;settlement;500.897;177.038;11;no;;A12;0;ghsl-ucdb. wikidata
Democratic Republic of the Congo;Garamba National Park;site;41.667;294.997;100;yes;1;A9;1;osm. unesco-whs. wdpa. wikidata
Democratic Republic of the Congo;Wamba;settlement;21.484;279.947;78;yes;8;A9;1;ghsl-ucdb. osm. unesco-whs. wikidata
Democratic Republic of the Congo;Kinshasa;settlement;-43.276;153.136;73;yes;2;A12. A11;0;ghsl-ucdb. osm
Democratic Republic of the Congo;Butembo;settlement;0.1416;292.912;71;yes;11;A11;0;ghsl-ucdb. osm
Democratic Republic of the Congo;Salonga;site;-2.168;213.855;70;yes;10;A9;0;wdpa. wikidata
Democratic Republic of the Congo;Bukavu;settlement;-24.908;288.428;70;yes;3;;0;ghsl-ucdb. osm. wikidata
Democratic Republic of the Congo;Bunia;settlement;15.594;302.522;69;yes;4;;0;ghsl-ucdb. osm. wikidata
Democratic Republic of the Congo;Boma;settlement;-5.851;130.536;69;yes;9;A11;0;ghsl-ucdb. osm. wikidata
Democratic Republic of the Congo;Kalemie;settlement;-59.475;291.947;69;yes;5;;0;ghsl-ucdb. osm. wikidata
Democratic Republic of the Congo;Libenge;settlement;36.533;186.357;68;yes;6;;0;ghsl-ucdb. osm. wikidata
Democratic Republic of the Congo;Kipamba;settlement;-82.059;264.204;68;yes;7;;0;ghsl-ucdb. osm. wikidata
Democratic Republic of the Congo;Kahuzi-Biega National Park;site;-23.341;281.807;56;no;;A9;1;unesco-whs. wdpa
Democratic Republic of the Congo;Beni;settlement;0.4911;294.731;54;no;;A11;0;ghsl-ucdb. osm
Democratic Republic of the Congo;Mbanza-Ngungu;settlement;-52.584;148.584;47;no;;A11;0;ghsl-ucdb. osm
Democratic Republic of the Congo;Aru;settlement;28.622;308.414;46;yes;14;A11;0;ghsl-ucdb. osm
Democratic Republic of the Congo;Mangina;settlement;0.6042;29.31;39;no;;A9. A11;1;ghsl-ucdb. osm. unesco-whs
Democratic Republic of the Congo;Salonga National Park;site;-15.026;216.662;37;no;;A9;1;unesco-whs
Democratic Republic of the Congo;Upemba;site;-90.721;266.197;36;no;;A9;0;wdpa
Democratic Republic of the Congo;Lubero;settlement;-0.1584;292.386;27;no;;A11. A9;0;ghsl-ucdb. osm. wdpa
Democratic Republic of the Congo;Bandundu Province;settlement;-33.169;173.806;20;yes;16;A11;0;ghsl-ucdb. osm
Democratic Republic of the Congo;Lubumbashi;settlement;-116.609;274.794;19;yes;12;A12;0;ghsl-ucdb. osm
Democratic Republic of the Congo;Yangambi;settlement;0.7675;244.397;19;yes;15;A9;0;ghsl-ucdb. osm. wdpa
Democratic Republic of the Congo;Maiko;site;-0.4227;276.985;19;yes;20;A9;0;wdpa
Democratic Republic of the Congo;Kundelungu;site;-101.779;27.497;19;yes;21;A9;0;wdpa
Democratic Republic of the Congo;Okapis;site;17.216;285.344;19;no;;A9;0;wdpa
Democratic Republic of the Congo;Bomu;site;50.363;258.072;19;yes;17;A9;0;wdpa
Democratic Republic of the Congo;Bomu;site;47.559;240.562;19;yes;18;A9;0;wdpa
Democratic Republic of the Congo;Kisangani;settlement;0.5153;25.191;18;no;;A11. A12;0;ghsl-ucdb. osm
Democratic Republic of the Congo;Mbuji-Mayi;settlement;-6.136;235.898;17;yes;13;A12;0;ghsl-ucdb. osm
Democratic Republic of the Congo;Tshikapa;settlement;-64.162;207.999;13;yes;19;A11;0;ghsl-ucdb. osm
Democratic Republic of the Congo;Goma;settlement;-16.741;292.284;12;no;;;0;ghsl-ucdb. osm
Democratic Republic of the Congo;Sake;settlement;-15.739;290.434;12;no;;A11;0;ghsl-ucdb. osm
Democratic Republic of the Congo;Kananga;settlement;-58.962;224.166;12;no;;A11. A12;0;ghsl-ucdb. osm
Democratic Republic of the Congo;Tshela;settlement;-49.971;129.484;10;no;;A11;0;ghsl-ucdb. osm
Denmark;Tønder;settlement;549.331;88.667;100;yes;1;A11;0;ghsl-ucdb. osm. wdpa. wikidata
Denmark;Frederikshavn;settlement;574.407;105.366;93;yes;2;A9;0;ghsl-ucdb. wdpa. wikidata
Denmark;Copenhagen;settlement;556.759;125.655;84;yes;3;A9. A12;0;ghsl-ucdb. wdpa. wikidata
Denmark;Skive;settlement;56.567;90.271;77;yes;9;A9;1;cuisine. ghsl-ucdb. unesco-whs. wdpa. wikidata
Denmark;Aalborg;settlement;57.048;99.187;66;no;;A9;0;cuisine. ghsl-ucdb. wdpa. wikidata
Denmark;Kujataa Greenland: Norse and Inuit Farming at the Edge of the Ice Cap;site;607.925;-458.344;58;yes;5;A11;1;osm. unesco-whs. wikidata
Denmark;Ilulissat Icefjord;site;691.333;-49.5;56;yes;6;A9;1;unesco-whs. wdpa. wikidata
Denmark;K - Strict;site;546.144;146.752;55;yes;7;A9;0;wdpa
Denmark;Odense;settlement;553.959;103.883;51;yes;8;;1;cuisine. ghsl-ucdb. unesco-whs. wikidata
Denmark;Sønderborg;settlement;54.909;97.892;51;no;;A11;0;ghsl-ucdb. osm. wikidata
Denmark;Århus;settlement;561.567;102.108;49;yes;4;;0;cuisine. ghsl-ucdb. wikidata
Denmark;Vordingborg;settlement;55.008;119.106;48;yes;12;A9;1;ghsl-ucdb. unesco-whs. wikidata
Denmark;Helsingør;settlement;560.361;126.136;45;no;;;1;ghsl-ucdb. unesco-whs. wikidata
Denmark;Esbjerg;settlement;554.703;84.519;43;no;;A9;0;cuisine. ghsl-ucdb. wdpa. wikidata
Denmark;M - Strict;site;552.176;152.848;40;yes;13;A9;0;wdpa. wikidata
Denmark;Køge;settlement;55.458;121.821;39;no;;A9;1;ghsl-ucdb. unesco-whs. wikidata
Denmark;Herning;settlement;561.362;89.766;37;no;;A9;0;cuisine. ghsl-ucdb. wdpa
Denmark;Haderslev;settlement;552.494;94.877;36;no;;;1;cuisine. ghsl-ucdb. unesco-whs. wikidata
Denmark;Hørsholm;settlement;55.881;125.011;36;no;;;1;ghsl-ucdb. unesco-whs. wikidata
Denmark;G - Strict;site;567.265;5.955;34;yes;11;A9;0;wdpa. wikidata
Denmark;Roskilde;settlement;556.415;120.803;32;no;;;1;ghsl-ucdb. unesco-whs. wikidata
Denmark;Holstebro;settlement;563.601;86.161;31;no;;;0;cuisine. ghsl-ucdb. wdpa. wikidata
Denmark;Hillerød;settlement;559.279;123.008;29;no;;;0;ghsl-ucdb. wdpa. wikidata
Denmark;Vejle;settlement;557.093;95.357;29;no;;;1;cuisine. ghsl-ucdb. unesco-whs. wikidata
Denmark;Kalundborg;settlement;556.795;110.886;29;no;;A9;0;cuisine. ghsl-ucdb. wdpa. wikidata
Denmark;B - Strict;site;566.797;77.497;28;no;;A9;0;wdpa
Denmark;Aasivissuit – Nipisat. Inuit Hunting Ground between Ice and Sea;site;670.639;-514.332;26;yes;10;;1;osm. unesco-whs. wdpa. wikidata
Denmark;Svendborg;settlement;550.598;106.068;25;no;;A12;0;cuisine. ghsl-ucdb. wikidata
Denmark;Horsens;settlement;558.607;98.503;23;no;;A9;0;cuisine. ghsl-ucdb. wdpa. wikidata
Denmark;Nykøbing Falster;settlement;547.691;118.742;22;no;;;0;ghsl-ucdb. wdpa. wikidata
Denmark;Fredericia;settlement;555.657;97.526;19;no;;A9;0;cuisine. ghsl-ucdb. wdpa
Denmark;Middelfart;settlement;555.059;97.305;19;no;;A9;0;cuisine. ghsl-ucdb. wdpa
Denmark;E;site;581.963;99.784;19;no;;A9;0;cuisine. wdpa
Denmark;Hjørring;settlement;574.642;99.823;19;no;;A9;0;ghsl-ucdb. wdpa. wikidata
Denmark;Randers;settlement;564.607;100.364;19;no;;A12;0;cuisine. ghsl-ucdb. wikidata
Denmark;Silkeborg;settlement;561.697;95.451;19;no;;;0;cuisine. ghsl-ucdb. wdpa
Denmark;A;site;554.084;7.394;19;no;;A9;0;wdpa
Denmark;H;site;560.099;3.433;19;yes;14;A9;0;wdpa
Denmark;F;site;573.522;76.164;19;yes;15;A9;0;wdpa
Denmark;Holbæk;settlement;557.175;117.128;17;no;;;0;cuisine. ghsl-ucdb. wdpa. wikidata
Denmark;Kolding;settlement;554.904;94.722;16;no;;A12;0;cuisine. ghsl-ucdb. wikidata
Denmark;Viborg;settlement;564.532;9.402;16;no;;;0;cuisine. ghsl-ucdb. wdpa. wikidata
Denmark;Birkerød;settlement;558.476;124.279;15;no;;A12;0;ghsl-ucdb. wikidata
Denmark;Frederikssund;settlement;558.396;12.069;15;no;;A12;0;ghsl-ucdb. wikidata
Denmark;Slagelse;settlement;554.028;113.546;13;no;;A12;0;cuisine. ghsl-ucdb. wikidata
Denmark;Nyborg;settlement;553.127;107.896;13;no;;A12;0;cuisine. ghsl-ucdb. wikidata
Denmark;Klinteby Frihed;settlement;55.197;11.596;10;no;;;0;ghsl-ucdb. wdpa. wikidata
Djibouti;Djibouti;settlement;11.589;43.145;100;yes;1;A11;0;ghsl-ucdb. osm. wdpa. wikidata
Djibouti;Balbala;settlement;115.619;431.067;60;no;;A11;0;ghsl-ucdb. osm
Djibouti;Tadjoura;settlement;117.878;428.822;56;no;;A12;0;ghsl-ucdb. wikidata
Djibouti;Arta;settlement;115.264;428.519;56;no;;A12;0;ghsl-ucdb. wikidata
Djibouti;Obock;settlement;119.669;432.884;56;no;;A12;0;ghsl-ucdb. wikidata
Dominica;Roseau;settlement;153.017;-613.881;100;yes;1;A11. A9;1;ghsl-ucdb. osm. unesco-whs. wdpa. wikidata
Dominican Republic;Santo Domingo;settlement;184.719;-698.923;100;yes;1;A12. A9. A11;1;cuisine. ghsl-ucdb. osm. unesco-whs. wdpa. wikidata
Dominican Republic;Neiba;settlement;184.898;-714.189;73;yes;2;A11. A9;0;ghsl-ucdb. osm. wdpa. wikidata
Dominican Republic;San Fernando de Monte Cristi;settlement;19.848;-71.646;62;yes;3;A11. A9;0;ghsl-ucdb. osm. wdpa. wikidata
Dominican Republic;Jaragua;site;177.831;-714.946;55;yes;6;A9;0;wdpa. wikidata
Dominican Republic;Sabana Grande de Boyá;settlement;18.945;-697.933;54;no;;A11. A9;0;cuisine. ghsl-ucdb. osm. wdpa
Dominican Republic;San Juan de la Maguana;settlement;188.064;-712.263;46;no;;A9. A11;0;cuisine. ghsl-ucdb. osm. wdpa
Dominican Republic;Santiago de los Caballeros;settlement;194.504;-706.908;45;yes;4;A11. A12;0;cuisine. ghsl-ucdb. osm. wdpa
Dominican Republic;Dajabón;settlement;195.481;-717.082;42;no;;A11;0;ghsl-ucdb. osm. wdpa
Dominican Republic;Punta Cana;settlement;185.818;-684.043;40;yes;5;A9. A11;0;ghsl-ucdb. osm. wdpa
Dominican Republic;Mao;settlement;195.491;-710.781;39;no;;A9;0;ghsl-ucdb. osm. wdpa
Dominican Republic;Santa Cruz de Barahona;settlement;182.086;-711.007;39;no;;A9;0;cuisine. ghsl-ucdb. osm. wdpa
Dominican Republic;Jarabacoa;settlement;191.168;-706.359;32;no;;A9;0;cuisine. ghsl-ucdb. osm. wdpa
Dominican Republic;Villa Altagracia;settlement;18.673;-70.171;31;no;;A9;0;cuisine. ghsl-ucdb. wdpa
Dominican Republic;Hato Mayor del Rey;settlement;187.658;-692.558;30;no;;A11. A9;0;cuisine. ghsl-ucdb. osm. wdpa
Dominican Republic;La Romana;settlement;184.233;-689.664;27;no;;A9;0;ghsl-ucdb. osm. wdpa. wikidata
Dominican Republic;San Francisco de Macorís;settlement;192.938;-702.528;23;no;;A9. A11;0;cuisine. ghsl-ucdb. osm. wdpa
Dominican Republic;Bonao;settlement;189.415;-704.111;22;no;;A9. A11;0;cuisine. ghsl-ucdb. osm. wdpa
Dominican Republic;Azua;settlement;184.532;-707.349;20;yes;9;A9. A11;0;cuisine. ghsl-ucdb. osm. wdpa. wikidata
Dominican Republic;Esperanza;settlement;195.847;-709.849;19;no;;A9;0;cuisine. ghsl-ucdb. osm. wdpa. wikidata
Dominican Republic;San José de Ocoa;settlement;185.468;-705.069;17;no;;A11. A9;0;cuisine. ghsl-ucdb. osm. wdpa
Dominican Republic;Baní;settlement;182.797;-703.318;17;no;;A9;0;cuisine. ghsl-ucdb. osm. wdpa
Dominican Republic;Salcedo;settlement;193.777;-704.172;17;no;;A9;0;cuisine. ghsl-ucdb. osm. wdpa
Dominican Republic;Constanza;settlement;189.092;-70.745;17;no;;A9;0;cuisine. ghsl-ucdb. osm. wdpa
Dominican Republic;Moca;settlement;193.929;-705.235;17;no;;A11;0;cuisine. ghsl-ucdb. osm
Dominican Republic;Cotuí;settlement;190.539;-701.512;16;yes;10;A9;0;cuisine. ghsl-ucdb. wdpa
Dominican Republic;Cabo Cabrón;site;193.206;-69.27;16;yes;7;A9;0;cuisine. wdpa
Dominican Republic;San Cristóbal;settlement;184.171;-701.068;16;no;;A11;0;cuisine. ghsl-ucdb. osm
Dominican Republic;San Ignacio de Sabaneta;settlement;194.784;-713.393;16;no;;A9;0;ghsl-ucdb. wdpa
Dominican Republic;Bancos de La Plata y La Navidad;site;200.698;-698.189;16;yes;8;A9;0;wdpa
Dominican Republic;Santa Cruz de El Seibo;settlement;187.648;-690.399;16;yes;11;;0;cuisine. ghsl-ucdb. wdpa
Dominican Republic;La Vega;settlement;192.203;-70.531;16;no;;A11;0;cuisine. ghsl-ucdb. osm
Dominican Republic;Puerto Plata;settlement;197.934;-706.884;14;no;;A11;0;cuisine. ghsl-ucdb. osm
Dominican Republic;San Pedro de Macorís;settlement;184.539;-693.086;11;no;;A11;0;cuisine. ghsl-ucdb. osm
Dominican Republic;Monte Llano;settlement;197.346;-705.991;11;no;;;0;cuisine. ghsl-ucdb. osm. wdpa
Dominican Republic;Nagua;settlement;193.832;-698.474;11;no;;A11;0;cuisine. ghsl-ucdb. osm. wdpa
Ecuador;Riobamba;settlement;-16.651;-786.589;100;yes;1;A10. A9;1;ghsl-ucdb. unesco-whs. wdpa. wikidata
Ecuador;Pomasqui;settlement;-0.0542;-784.538;71;no;;A10;0;ghsl-ucdb. wdpa. wikidata
Ecuador;Catamayo;settlement;-39.866;-793.576;70;yes;3;A10;0;ghsl-ucdb. wikidata
Ecuador;Quito;settlement;-0.2298;-78.525;66;yes;2;A12;1;ghsl-ucdb. unesco-whs. wdpa. wikidata
Ecuador;Cuenca;settlement;-28.953;-789.963;61;yes;4;A9;1;ghsl-ucdb. unesco-whs. wdpa. wikidata
Ecuador;Zamora;settlement;-40.645;-789.512;58;no;;A9;0;ghsl-ucdb. wdpa
Ecuador;Cayambe;settlement;0.041;-781.464;48;no;;A9;1;ghsl-ucdb. unesco-whs. wdpa
Ecuador;Galápagos Islands;site;-0.6899;-905.013;48;yes;5;A9;1;unesco-whs. wikidata
Ecuador;Rosa Zarate;settlement;0.3278;-794.741;46;yes;6;A9;0;ghsl-ucdb. wdpa
Ecuador;Tena;settlement;-0.9961;-778.131;46;yes;7;A9;0;ghsl-ucdb. wdpa
Ecuador;Tulcán;settlement;0.8124;-777.171;25;yes;8;A9;0;ghsl-ucdb. wdpa. wikidata
Ecuador;Puerto Francisco de Orellana;settlement;-0.4497;-769.972;25;no;;A9;0;ghsl-ucdb. wdpa. wikidata
Ecuador;Jipijapa;settlement;-13.484;-805.791;25;yes;9;A9;0;ghsl-ucdb. wdpa. wikidata
Ecuador;San Lorenzo de Esmeraldas;settlement;12.863;-788.351;25;yes;10;A9;0;ghsl-ucdb. wdpa. wikidata
Ecuador;Naranjal;settlement;-26.764;-796.174;23;no;;A9;0;ghsl-ucdb. wdpa
Ecuador;Arenillas;settlement;-3.554;-800.668;23;yes;14;A9;0;ghsl-ucdb. wdpa
Ecuador;Machachi;settlement;-0.5127;-785.707;23;no;;A9;0;ghsl-ucdb. wdpa
Ecuador;Nueva Loja;settlement;0.086;-768.953;23;yes;11;A9;0;ghsl-ucdb. wdpa
Ecuador;Boca Suno;settlement;-0.6983;-771.408;23;yes;15;A9;0;ghsl-ucdb. wdpa
Ecuador;Atuntaqui;settlement;0.3276;-782.191;23;no;;A9;0;ghsl-ucdb. wdpa
Ecuador;Gualaceo;settlement;-28.942;-787.791;23;no;;A9;0;ghsl-ucdb. wdpa
Ecuador;Cariamanga;settlement;-4.328;-795.558;23;no;;A9;0;ghsl-ucdb. wdpa
Ecuador;Pelileo;settlement;-13.306;-785.452;23;no;;A9;0;ghsl-ucdb. wdpa
Ecuador;Pujilí;settlement;-0.9576;-786.964;23;yes;16;A9;0;ghsl-ucdb. wdpa
Ecuador;Yasuní;site;-10.728;-760.965;23;yes;12;A9;0;wdpa
Ecuador;Galápagos;site;0.1349;-906.251;23;yes;13;A9;0;wdpa
Ecuador;Complejo de Humedales Cuyabeno Lagartococha Yasuní;site;-0.5105;-757.668;23;no;;A9;0;wdpa
Ecuador;Huaquillas;settlement;-34.752;-802.308;14;no;;;0;ghsl-ucdb. wdpa. wikidata
Ecuador;Manta;settlement;-0.9494;-807.314;12;no;;;0;ghsl-ucdb. wdpa
Ecuador;Ibarra;settlement;0.3488;-781.246;12;no;;;0;ghsl-ucdb. wdpa
Ecuador;Bahía de Caráquez;settlement;-0.6003;-804.244;12;no;;;0;ghsl-ucdb. wdpa
Ecuador;Posorja;settlement;-27.092;-802.472;12;no;;;0;ghsl-ucdb. wdpa
Egypt;Yūsuf aṣ-Ṣiddīq;settlement;29.385;30.557;100;yes;1;A9;1;cuisine. ghsl-ucdb. unesco-whs. wdpa. wikidata
Egypt;Cairo;settlement;300.626;312.497;96;no;;A12;0;ghsl-ucdb. wikidata
Egypt;As Sāḩil;settlement;270.631;313.442;72;no;;A9;0;cuisine. ghsl-ucdb. wdpa
Egypt;Minya;settlement;280.919;307.581;70;no;;A12;0;cuisine. ghsl-ucdb. wikidata
Egypt;Al Balyanā;settlement;262.365;320.039;70;yes;2;A12;0;cuisine. ghsl-ucdb. wikidata
Egypt;Assiut;settlement;27.181;311.837;70;no;;A12;0;cuisine. ghsl-ucdb
Egypt;Banī Suwayf;settlement;290.744;310.979;70;no;;A12;0;cuisine. ghsl-ucdb
Egypt;Sohag;settlement;26.557;316.948;70;no;;A12;0;cuisine. ghsl-ucdb
Egypt;Mallawī;settlement;277.326;308.413;70;yes;3;A12;0;cuisine. ghsl-ucdb
Egypt;Akhmīm;settlement;265.622;317.457;70;no;;A12;0;cuisine. ghsl-ucdb
Egypt;Girga;settlement;263.372;318.929;70;no;;A12;0;cuisine. ghsl-ucdb
Egypt;Samālūţ;settlement;283.121;307.101;70;no;;A12;0;cuisine. ghsl-ucdb
Egypt;Ţahţā;settlement;267.687;31.502;70;no;;A12;0;cuisine. ghsl-ucdb
Egypt;Maghāghah;settlement;286.478;30.841;70;yes;15;A12;0;cuisine. ghsl-ucdb
Egypt;Manfalūţ;settlement;273.126;309.699;70;no;;A12;0;cuisine. ghsl-ucdb
Egypt;Banī Mazār;settlement;284.946;308.053;70;no;;A12;0;cuisine. ghsl-ucdb
Egypt;Al Fashn;settlement;288.231;30.899;70;no;;A12;0;cuisine. ghsl-ucdb
Egypt;Abū Tīj;settlement;270.451;313.184;70;no;;A12;0;cuisine. ghsl-ucdb
Egypt;Dayrūţ;settlement;275.564;308.106;70;no;;A12;0;cuisine. ghsl-ucdb
Egypt;Ţimā;settlement;269.084;314.347;70;no;;A12;0;cuisine. ghsl-ucdb
Egypt;Al Qūşīyah;settlement;274.402;308.171;70;no;;A12;0;cuisine. ghsl-ucdb
Egypt;Bibā;settlement;289.241;309.854;70;no;;A12;0;cuisine. ghsl-ucdb
Egypt;Al Minshāh;settlement;264.775;318.039;70;no;;A12;0;cuisine. ghsl-ucdb
Egypt;Abū Qurqāş;settlement;279.304;308.383;70;no;;A12;0;cuisine. ghsl-ucdb
Egypt;Ibshawāy;settlement;29.359;306.806;70;no;;A12;0;cuisine. ghsl-ucdb
Egypt;Al Khārjah;settlement;25.451;305.465;70;yes;5;A12;0;cuisine. ghsl-ucdb
Egypt;Al-Khārijah;settlement;25.25;30.55;70;no;;A12;0;cuisine. ghsl-ucdb
Egypt;Maţāy;settlement;284.187;307.786;70;no;;A12;0;cuisine. ghsl-ucdb
Egypt;Juhaynah;settlement;266.742;314.969;70;no;;A12;0;cuisine. ghsl-ucdb
Egypt;Al Ghanāyim;settlement;268.752;313.296;70;no;;A12;0;cuisine. ghsl-ucdb
Egypt;Ihnāsyā al Madīnah;settlement;290.895;309.432;70;no;;A12;0;cuisine. ghsl-ucdb
Egypt;Sumusţā al Waqf;settlement;28.921;308.537;70;no;;A12;0;cuisine. ghsl-ucdb
Egypt;Dayr Mawās;settlement;276.415;308.501;70;no;;A12;0;cuisine. ghsl-ucdb
Egypt;Al Badārī;settlement;269.931;31.416;70;no;;A12;0;cuisine. ghsl-ucdb
Egypt;Al Marāghah;settlement;266.998;316.046;70;no;;A12;0;cuisine. ghsl-ucdb
Egypt;Banī ‘Ubayd;settlement;279.524;307.808;70;no;;A12;0;cuisine. ghsl-ucdb
Egypt;Rafaḩ;settlement;31.282;342.387;70;yes;7;A12;0;cuisine. ghsl-ucdb
Egypt;Sumusţā as Sulţānī;settlement;289.167;30.85;70;no;;A12;0;cuisine. ghsl-ucdb
Egypt;Şidfā;settlement;269.664;313.795;70;yes;12;A12;0;cuisine. ghsl-ucdb
Egypt;Mūţ;settlement;254.874;289.792;70;yes;8;A12;0;cuisine. ghsl-ucdb
Egypt;Al ‘Idwah;settlement;286.992;307.673;70;no;;A12;0;cuisine. ghsl-ucdb
Egypt;Al Bawīţī;settlement;283.483;288.694;70;yes;9;A12;0;cuisine. ghsl-ucdb
Egypt;Luxor;settlement;256.989;326.421;59;yes;14;;1;ghsl-ucdb. unesco-whs. wikidata
Egypt;Giza;settlement;300.094;312.086;51;no;;A12;1;ghsl-ucdb. unesco-whs. wikidata
Egypt;Ḩalwān;settlement;298.414;313.008;45;no;;;1;ghsl-ucdb. unesco-whs. wikidata
Egypt;Nubian Monuments from Abu Simbel to Philae;site;223.372;316.258;35;yes;4;;1;unesco-whs. wikidata
Egypt;6th of October City;settlement;298.167;31.05;28;no;;;0;ghsl-ucdb. wikidata
Egypt;New Cairo;settlement;30.03;31.47;28;no;;;0;ghsl-ucdb. wikidata
Egypt;Al Qāhirah al Jadīdah;settlement;300.421;314.445;28;no;;;0;ghsl-ucdb. wikidata
Egypt;Al ‘Āshir min Ramaḑān;settlement;302.964;317.463;28;yes;6;;0;ghsl-ucdb. wikidata
Egypt;Bilbeis;settlement;304.204;315.622;28;no;;;0;ghsl-ucdb. wikidata
Egypt;Banhā;settlement;304.598;311.842;28;no;;;0;ghsl-ucdb. wikidata
Egypt;Al-'Ubūr;settlement;302.289;314.815;28;no;;;0;ghsl-ucdb. wikidata
Egypt;Munūf;settlement;30.466;30.932;28;yes;17;;0;ghsl-ucdb. wikidata
Egypt;Ashmūn;settlement;302.974;309.764;28;no;;;0;ghsl-ucdb. wikidata
Egypt;Al Qanāţir al Khayrīyah;settlement;301.933;31.137;28;no;;;0;ghsl-ucdb. wikidata
Egypt;Minyā al Qamḩ;settlement;305.155;313.463;28;no;;;0;ghsl-ucdb. wikidata
Egypt;Ash-Shaykh Zāyid;settlement;30.02;31;28;no;;;0;ghsl-ucdb. wikidata
Egypt;El Shorouk;settlement;301.381;316.156;28;no;;;0;ghsl-ucdb. wikidata
Egypt;Al Khānkah;settlement;302.103;313.681;28;no;;;0;ghsl-ucdb. wikidata
Egypt;Sirs al Layyānah;settlement;304.428;309.698;28;no;;;0;ghsl-ucdb. wikidata
Egypt;Mashtūl as Sūq;settlement;303.606;313.776;28;no;;;0;ghsl-ucdb. wikidata
Egypt;Shibīn al Qanāţir;settlement;303.127;313.202;28;no;;;0;ghsl-ucdb. wikidata
Egypt;Quwaysinā;settlement;305.648;311.578;28;no;;;0;ghsl-ucdb. wikidata
Egypt;Al Bājūr;settlement;304.305;310.368;28;no;;;0;ghsl-ucdb. wikidata
Egypt;Aş Şaff;settlement;295.647;312.811;28;no;;;0;ghsl-ucdb. wikidata
Egypt;Ţūkh;settlement;303.549;31.201;28;no;;;0;ghsl-ucdb. wikidata
Egypt;Al ‘Ayyāţ;settlement;296.197;312.575;28;no;;;0;ghsl-ucdb. wikidata
Egypt;Qahā;settlement;302.801;312.053;28;no;;;0;ghsl-ucdb. wikidata
Egypt;Badr;settlement;30.136;31.715;28;no;;;0;ghsl-ucdb. wikidata
Egypt;Kafr Shukr;settlement;305.497;312.444;28;no;;;0;ghsl-ucdb. wikidata
Egypt;Burj al ‘Arab al Jadīdah;settlement;308.852;295.772;27;yes;10;;1;ghsl-ucdb. unesco-whs. wikidata
Egypt;El-Tor;settlement;282.417;336.222;27;no;;;1;ghsl-ucdb. unesco-whs. wikidata
Egypt;Sharm el-Sheikh;settlement;279.158;343.299;18;yes;11;A9;0;ghsl-ucdb. wdpa. wikidata
Egypt;Wadi El-Gemal - Hamata;site;245.436;351.308;18;yes;13;A9;0;wdpa
Egypt;Aswān;settlement;240.908;328.994;17;yes;16;A12;0;ghsl-ucdb. wikidata
El Salvador;San Salvador;settlement;136.893;-891.872;100;yes;1;A10. A11. A12;0;ghsl-ucdb. osm. wikidata
El Salvador;La Unión;settlement;133.392;-878.433;99;yes;2;;0;ghsl-ucdb. osm. wdpa
El Salvador;Quezaltepeque;settlement;138.312;-892.722;99;no;;A11;1;ghsl-ucdb. osm. unesco-whs. wikidata
El Salvador;Sonsonate;settlement;137.173;-89.723;63;no;;A11;0;ghsl-ucdb. osm
El Salvador;Soyapango;settlement;137.102;-891.399;48;no;;A11;0;ghsl-ucdb. osm
El Salvador;Santa Ana;settlement;139.883;-895.568;45;no;;A11;0;ghsl-ucdb. osm
El Salvador;San Miguel;settlement;134.826;-881.821;43;no;;A10. A11;0;ghsl-ucdb. osm. wikidata
El Salvador;San Francisco;settlement;136.941;-881.041;40;no;;A11;0;ghsl-ucdb. osm. wikidata
El Salvador;Santiago de María;settlement;134.833;-884.667;25;no;;A11;0;ghsl-ucdb. osm
El Salvador;Zacatecoluca;settlement;135.087;-888.702;23;no;;A11;0;ghsl-ucdb. osm. wikidata
El Salvador;Metapán;settlement;143.333;-89.45;22;yes;3;A11;0;ghsl-ucdb. osm. wikidata
El Salvador;Ahuachapán;settlement;13.924;-898.434;21;yes;5;A11;0;ghsl-ucdb. osm
El Salvador;Chalatenango;settlement;140.414;-889.395;21;no;;A11;0;ghsl-ucdb. osm. wikidata
El Salvador;Chalchuapa;settlement;139.867;-896.811;20;no;;A11;0;ghsl-ucdb. osm. wikidata
El Salvador;Puerto El Triunfo;settlement;132.833;-88.55;16;yes;4;A11;0;ghsl-ucdb. osm. wikidata
El Salvador;Cojutepeque;settlement;137.197;-889.331;15;no;;A11;0;ghsl-ucdb. osm
El Salvador;Aguilares;settlement;139.572;-891.897;11;no;;A11;0;ghsl-ucdb. osm
Equatorial Guinea;Bata;settlement;18.639;97.658;100;yes;1;A9;0;ghsl-ucdb. osm. wdpa. wikidata
Equatorial Guinea;Malabo;settlement;37.558;87.817;79;yes;2;A9;0;ghsl-ucdb. osm. wdpa. wikidata
Equatorial Guinea;Altos de Nsork;site;11.637;111.303;49;yes;3;A9;0;wdpa
Equatorial Guinea;Ebebiyin;settlement;21.522;113.301;24;yes;4;;0;ghsl-ucdb. osm. wdpa
Eritrea;Asmara;settlement;153.381;389.318;100;yes;1;A9. A11;1;cuisine. ghsl-ucdb. osm. unesco-whs. wdpa. wikidata
Eritrea;Dahlak Island PA;site;159.612;401.666;59;yes;2;A9;0;wdpa
Eritrea;Keren;settlement;157.779;384.511;48;yes;4;A10;0;cuisine. ghsl-ucdb. osm. wikidata
Eritrea;Massawa;settlement;156.081;394.746;45;yes;5;A11;0;cuisine. ghsl-ucdb. osm
Eritrea;Barentu;settlement;151.058;375.907;35;yes;3;;0;cuisine. ghsl-ucdb. osm. wdpa
Eritrea;Mendefera;settlement;148.872;388.153;16;no;;A12;0;cuisine. ghsl-ucdb
Estonia;Pärnu;settlement;583.859;244.971;100;yes;1;A9;0;cuisine. ghsl-ucdb. osm. wdpa. wikidata
Estonia;Tallinn;settlement;59.437;247.535;67;yes;2;;1;cuisine. ghsl-ucdb. unesco-whs. wikidata
Estonia;Tartu;settlement;583.806;267.251;67;yes;3;A9;1;cuisine. ghsl-ucdb. unesco-whs. wdpa. wikidata
Estonia;Matsalu;site;587.583;236.486;62;yes;7;A9;0;wdpa. wikidata
Estonia;Viljandi;settlement;583.632;255.916;53;yes;8;A9;0;cuisine. ghsl-ucdb. wdpa. wikidata
Estonia;Kohtla-Järve;settlement;593.986;272.731;39;yes;4;A9;0;cuisine. ghsl-ucdb. wdpa. wikidata
Estonia;Maardu;settlement;594.653;249.822;38;no;;A9;0;cuisine. ghsl-ucdb. wdpa. wikidata
Estonia;Vilsandi;site;583.855;218.976;33;yes;5;A9;0;wdpa. wikidata
Estonia;Endla;site;588.647;261.283;29;yes;9;A9;0;cuisine. wdpa. wikidata
Estonia;Apollo meremadaliku LKA. Apollo skv.;site;592.285;228.372;19;yes;6;A9;0;wdpa. wikidata
Estonia;Narva;settlement;593.772;281.903;14;no;;A12;0;ghsl-ucdb. wikidata
Eswatini;Mbabane;settlement;-263.167;311.333;100;yes;1;A9;0;ghsl-ucdb. wdpa. wikidata
Eswatini;Manzini;settlement;-264.988;31.38;73;no;;A9;0;ghsl-ucdb. wdpa
Ethiopia;Debark’;settlement;131.561;378.981;100;yes;1;A9;1;ghsl-ucdb. osm. unesco-whs. wdpa. wikidata
Ethiopia;Goba;settlement;70.167;399.833;99;yes;4;A9;1;ghsl-ucdb. osm. unesco-whs. wdpa
Ethiopia;Addis Ababa;settlement;9.025;387.469;99;yes;2;A12. A11;0;cuisine. ghsl-ucdb. osm
Ethiopia;Mīlē;settlement;114.217;407.628;97;yes;7;A9;1;ghsl-ucdb. unesco-whs. wdpa. wikidata
Ethiopia;Lalibela;settlement;120.322;390.476;93;yes;5;A11;1;ghsl-ucdb. osm. unesco-whs. wikidata
Ethiopia;Aksum;settlement;141.211;387.234;93;yes;9;;1;cuisine. ghsl-ucdb. osm. unesco-whs. wikidata
Ethiopia;Sebeta;settlement;89.167;386.167;92;no;;;1;cuisine. ghsl-ucdb. osm. unesco-whs. wikidata
Ethiopia;Dēra;settlement;8.4;38.85;92;no;;;1;cuisine. ghsl-ucdb. osm. unesco-whs. wikidata
Ethiopia;Gonder;settlement;12.6;374.667;92;no;;A11;1;ghsl-ucdb. osm. unesco-whs. wikidata
Ethiopia;Gīdolē;settlement;5.65;373.667;92;yes;3;;1;ghsl-ucdb. osm. unesco-whs. wikidata
Ethiopia;Lower Valley of the Omo;site;4.8;359.667;91;yes;6;;1;unesco-whs. wikidata
Ethiopia;Harar;settlement;93.139;421.181;78;yes;8;A11;1;ghsl-ucdb. osm. unesco-whs
Ethiopia;Wenago;settlement;63.167;382.667;76;yes;12;;1;ghsl-ucdb. unesco-whs
Ethiopia;Negēlē;settlement;53.167;395.833;64;yes;10;A9;0;ghsl-ucdb. osm. wdpa
Ethiopia;Bako;settlement;57.833;365.667;50;no;;A9;0;ghsl-ucdb. osm. wdpa
Ethiopia;Metahāra;settlement;8.9;399.167;50;yes;16;A9;0;cuisine. ghsl-ucdb. wdpa
Ethiopia;Arba Minch;settlement;60.333;37.55;37;no;;A9. A11;0;ghsl-ucdb. osm. wdpa
Ethiopia;Awasa;settlement;70.621;384.763;36;no;;A9. A11;0;ghsl-ucdb. osm. wdpa
Ethiopia;Mī’ēso;settlement;92.348;407.559;34;no;;A11. A9;0;cuisine. ghsl-ucdb. osm. wdpa
Ethiopia;Gobēsa;settlement;76.167;39.5;33;no;;A9;0;cuisine. ghsl-ucdb. wdpa
Ethiopia;Shambu;settlement;95.667;37.1;33;no;;A9;0;ghsl-ucdb. osm. wdpa
Ethiopia;Welk’īt’ē;settlement;82.833;377.833;33;no;;A9;0;ghsl-ucdb. osm. wdpa
Ethiopia;Gimbi;settlement;91.703;358.349;33;yes;14;A9. A11;0;ghsl-ucdb. osm. wdpa
Ethiopia;Bambesi;settlement;9.75;347.333;33;no;;A9;0;ghsl-ucdb. osm. wdpa
Ethiopia;Waka;settlement;70.667;371.667;33;no;;A9;0;ghsl-ucdb. osm. wdpa
Ethiopia;Mao-Komo;site;92.265;343.055;33;yes;17;A9;0;osm. wdpa
Ethiopia;Arsi Negele;settlement;73.547;386.746;33;no;;A9;0;ghsl-ucdb. wdpa
Ethiopia;Ch’iko;settlement;65.833;383.333;33;no;;A9;0;ghsl-ucdb. wdpa
Ethiopia;Yabēlo;settlement;48.833;380.833;33;no;;A9;0;ghsl-ucdb. wdpa
Ethiopia;Gasuba;settlement;67.167;375.667;33;no;;A9;0;ghsl-ucdb. wdpa
Ethiopia;Abala;settlement;142.333;37;33;yes;19;A9;0;ghsl-ucdb. wdpa
Ethiopia;Omo;site;59.852;357.828;33;no;;A9;0;wdpa
Ethiopia;Gambella;site;79.844;336.959;33;yes;20;A9;0;wdpa
Ethiopia;Babile Elephant;site;87.151;425.654;33;no;;A9;0;wdpa
Ethiopia;Borena;site;43.653;388.826;33;no;;A9;0;wdpa
Ethiopia;Bejimiz;site;116.727;358.207;33;no;;A9;0;wdpa
Ethiopia;Bahir Dar;settlement;115.936;373.908;21;yes;11;;0;ghsl-ucdb. osm
Ethiopia;Intich’o;settlement;142.789;39.15;18;no;;;0;cuisine. ghsl-ucdb. osm. wikidata
Ethiopia;Mek'ele;settlement;134.967;394.753;18;no;;A11;0;ghsl-ucdb. osm
Ethiopia;Dubti;settlement;117.329;41.082;16;no;;;0;ghsl-ucdb. wdpa
Ethiopia;Ghinnir;settlement;71.395;407.108;16;no;;;0;ghsl-ucdb. osm. wikidata
Ethiopia;Ābīy Ādī;settlement;135.608;389.739;15;no;;A11;0;ghsl-ucdb. osm
Ethiopia;Mena;settlement;64.167;39.85;15;no;;;0;ghsl-ucdb. osm. wikidata
Ethiopia;Asaita;settlement;115.684;414.387;15;no;;A12;0;ghsl-ucdb. wikidata
Ethiopia;Ādīgrat;settlement;14.277;39.462;14;no;;A11;0;cuisine. ghsl-ucdb. osm
Ethiopia;Chagni;settlement;109.563;365.046;14;yes;15;;0;ghsl-ucdb. osm
Ethiopia;Nazrēt;settlement;8.55;392.667;14;no;;A11;0;cuisine. ghsl-ucdb. osm
Ethiopia;Bishoftu;settlement;87.523;389.785;13;no;;A11;0;cuisine. ghsl-ucdb. osm
Ethiopia;Adwa;settlement;141.635;388.992;12;no;;;0;cuisine. ghsl-ucdb. osm
Ethiopia;Dembech’a;settlement;10.55;374.833;11;yes;18;;0;ghsl-ucdb. osm
Ethiopia;Wik’ro;settlement;137.952;39.603;11;no;;A11;0;ghsl-ucdb. osm
Ethiopia;Fichē;settlement;9.8;387.333;10;no;;;0;cuisine. ghsl-ucdb. osm
Ethiopia;Āreka;settlement;70.667;37.7;10;no;;A11;0;ghsl-ucdb. osm
Ethiopia;Shashamane;settlement;7.2;38.6;10;no;;A11;0;ghsl-ucdb. osm
Ethiopia;Were Īlu;settlement;105.896;394.377;10;yes;13;;0;cuisine. ghsl-ucdb. osm
Falkland Islands;Bertha's Beach;site;-519.057;-584.051;100;yes;1;A9;0;wdpa. wikidata
Fiji;Ravilevu;site;-168.819;-1.799.434;100;yes;1;A9;0;wdpa
Fiji;Nasinu;settlement;-180.705;1.785.131;93;yes;2;;1;ghsl-ucdb. unesco-whs
Fiji;Suva;settlement;-181.368;1.784.253;55;no;;A9;0;ghsl-ucdb. wdpa. wikidata
Fiji;Lautoka;settlement;-176.169;1.774.505;51;yes;3;A9;0;ghsl-ucdb. wdpa
Fiji;Labasa;settlement;-164.332;1.793.645;26;yes;4;;0;ghsl-ucdb. wdpa
Finland;Helsinki;settlement;601.695;249.354;100;yes;1;A12. A2;2;ghsl-ucdb. unesco-whs. wikidata
Finland;Oulu;settlement;650.124;254.682;86;yes;2;A9;0;cuisine. ghsl-ucdb. wdpa. wikidata
Finland;Vaasa;settlement;63.096;216.158;84;yes;4;A9;1;ghsl-ucdb. unesco-whs. wdpa. wikidata
Finland;Turku;settlement;604.515;222.687;71;yes;3;;0;ghsl-ucdb. wikidata
Finland;Pyhä-Luoston kansallispuisto;site;671.037;269.993;67;yes;6;A9;0;cuisine. wdpa. wikidata
Finland;Olvassuon luonnonpuisto;site;651.127;272.482;66;yes;20;A9;0;cuisine. wdpa
Finland;Oulangan kansallispuisto;site;663.821;293.507;60;yes;8;A9;0;cuisine. wdpa. wikidata
Finland;Kevon luonnonpuisto;site;695.942;266.746;60;yes;10;A9;0;wdpa. wikidata
Finland;Kokkola;settlement;638.385;231.307;57;yes;13;A9;0;cuisine. ghsl-ucdb. wdpa. wikidata
Finland;Tampere;settlement;614.991;237.871;55;yes;17;A9;0;ghsl-ucdb. wdpa. wikidata
Finland;Teuravuoman-Kivijärvenvuoman soidensuojelualue;site;673.365;240.834;55;yes;12;A9;0;cuisine. wdpa. wikidata
Finland;Sompion luonnonpuisto;site;681.668;273.825;52;yes;14;A9;0;wdpa
Finland;Maltion luonnonpuisto;site;67.394;287.097;52;no;;A9;0;cuisine. wdpa
Finland;Tornio;settlement;658.481;241.466;51;yes;11;A9;1;cuisine. ghsl-ucdb. unesco-whs. wdpa. wikidata
Finland;Joensuu;settlement;626.012;297.632;48;yes;5;;0;cuisine. ghsl-ucdb. wikidata
Finland;Lemmenjoen kansallispuisto;site;685.981;256.677;48;no;;A9;0;wdpa. wikidata
Finland;Pallas-Yllästunturin kansallispuisto;site;679.545;240.958;48;no;;A9;0;wdpa. wikidata
Finland;Martinselkosen luonnonsuojelualue;site;651.866;297.782;48;yes;18;A9;0;cuisine. wdpa
Finland;Silmäsvuoman soidensuojelualue;site;67.575;255.426;47;no;;A9;0;cuisine. wdpa
Finland;Rovaniemi;settlement;66.499;256.887;42;no;;A9;0;cuisine. ghsl-ucdb. wdpa. wikidata
Finland;Ulvinsalon luonnonpuisto (Ystävyyden puisto);site;639.709;303.855;42;yes;19;A9;0;cuisine. wdpa
Finland;Kotka;settlement;604.664;269.458;41;yes;16;A9. A2;2;ghsl-ucdb. unesco-whs. wdpa. wikidata
Finland;Kemi;settlement;657.364;245.637;40;no;;A9;0;cuisine. ghsl-ucdb. wdpa. wikidata
Finland;Kajaani;settlement;642.273;277.285;39;no;;A9;0;cuisine. ghsl-ucdb. wdpa. wikidata
Finland;Kontiolahti;settlement;627.602;298.471;38;no;;A9;0;cuisine. ghsl-ucdb. wdpa. wikidata
Finland;Rauma;settlement;611.272;215.113;36;no;;A9. A2;2;ghsl-ucdb. unesco-whs. wdpa. wikidata
Finland;Kuopio;settlement;628.924;27.677;34;no;;A12;0;cuisine. ghsl-ucdb. wikidata
Finland;Haukipudas;settlement;651.765;253.523;34;no;;A9;0;cuisine. ghsl-ucdb. wdpa. wikidata
Finland;Salamajärven kansallispuisto;site;632.664;247.376;34;no;;A9;0;cuisine. wdpa. wikidata
Finland;Hiidenportin kansallispuisto;site;638.788;290.555;34;no;;A9;0;cuisine. wdpa
Finland;Kansannevan-Kurkinevan-Muurainsuon soidensuojelualue;site;640.813;263.958;34;no;;A9;0;cuisine. wdpa
Finland;Naantali;settlement;604.674;220.243;33;no;;;0;ghsl-ucdb. osm. wikidata
Finland;Varkaus;settlement;623.153;27.873;32;no;;A9;0;cuisine. ghsl-ucdb. wdpa. wikidata
Finland;Iisalmi;settlement;635.592;271.907;32;yes;9;A12;0;cuisine. ghsl-ucdb. wikidata
Finland;Ylivieska;settlement;640.833;24.55;31;no;;A9;0;cuisine. ghsl-ucdb. wdpa
Finland;Ruunaan luonnonsuojelualue;site;63.408;306.539;31;no;;A9;0;cuisine. wdpa
Finland;Lapiosuon-Ison Äijönsuon soidensuojelualue;site;657.313;262.599;31;no;;A9;0;cuisine. wdpa
Finland;Syötteen kansallispuisto;site;657.555;279.091;31;no;;A9;0;cuisine. wdpa
Finland;Raahe;settlement;646.833;244.833;31;no;;A12;0;cuisine. ghsl-ucdb. wikidata
Finland;Jakobstad;settlement;636.749;227.026;31;no;;A12;0;cuisine. ghsl-ucdb. wikidata
Finland;Kauhava;settlement;63.103;230.713;31;no;;A12;0;cuisine. ghsl-ucdb. wikidata
Finland;Äänekoski;settlement;62.6;257.333;30;yes;15;A12;0;cuisine. ghsl-ucdb. wikidata
Finland;Pieksämäki;settlement;62.3;271.333;30;no;;A12;0;cuisine. ghsl-ucdb. wikidata
Finland;Kurikka;settlement;626.167;224.167;30;no;;A9;0;ghsl-ucdb. wdpa. wikidata
Finland;Siilinjärvi;settlement;630.833;276.667;30;no;;A12;0;cuisine. ghsl-ucdb
Finland;Laukaa;settlement;624.141;259.519;30;no;;A12;0;cuisine. ghsl-ucdb
Finland;Jyväskylä;settlement;622.415;257.209;29;no;;A9;1;ghsl-ucdb. unesco-whs. wdpa. wikidata
Finland;Savonlinna;settlement;618.699;28.88;27;no;;A9;0;ghsl-ucdb. wdpa. wikidata
Finland;Väståboland;settlement;602.997;223.004;25;no;;A9;0;ghsl-ucdb. wdpa. wikidata
Finland;Kouvola;settlement;608.667;26.7;24;no;;;1;ghsl-ucdb. unesco-whs. wikidata
Finland;Seinäjoki;settlement;627.945;228.282;22;no;;;0;ghsl-ucdb. wikidata
Finland;Pori;settlement;614.807;217.852;21;yes;7;;0;ghsl-ucdb. wikidata
Finland;Raseborg;settlement;599.774;234.397;20;no;;A9;0;ghsl-ucdb. wdpa. wikidata
Finland;Kerava;settlement;604.034;25.105;19;no;;;0;ghsl-ucdb. wikidata
Finland;Salo;settlement;603.833;231.333;17;no;;A9;0;ghsl-ucdb. wdpa. wikidata
Finland;Lieto;settlement;605.103;224.618;17;no;;A9;0;ghsl-ucdb. wdpa. wikidata
Finland;Lohja;settlement;602.486;240.653;17;no;;A12;0;ghsl-ucdb. wikidata
Finland;Espoo;settlement;602.052;246.522;16;no;;A9;0;ghsl-ucdb. wdpa. wikidata
Finland;Porvoo;settlement;603.923;256.651;15;no;;;0;ghsl-ucdb. wdpa. wikidata
Finland;Vantaa;settlement;602.941;25.041;15;no;;A12;0;ghsl-ucdb. wikidata
Finland;Lappeenranta;settlement;610.587;281.887;15;no;;A12;0;ghsl-ucdb. wikidata
Finland;Koitajoen luonnonsuojelualue;site;629.312;314.437;14;no;;A9;0;wdpa. wikidata
Finland;Hämeenlinna;settlement;60.996;244.643;11;no;;A12;0;ghsl-ucdb. wikidata
Finland;Mikkeli;settlement;616.886;272.723;11;no;;A12;0;ghsl-ucdb. wikidata
France;Lourdes;settlement;430.946;-0.0461;100;yes;1;A10. A11. A9;2;ghsl-ucdb. osm. unesco-whs. wdpa. wikidata
France;Paris;settlement;488.534;23.488;91;yes;2;A12. A10. A11;1;ghsl-ucdb. osm. unesco-whs. wikidata
France;Tours;settlement;473.948;0.704;86;yes;3;A11;1;cuisine. ghsl-ucdb. osm. unesco-whs. wikidata
France;Lyon;settlement;457.491;48.479;84;yes;5;A10. A11. A12;1;ghsl-ucdb. osm. unesco-whs. wikidata
France;Strasbourg;settlement;485.839;77.455;82;yes;8;A10. A11;1;ghsl-ucdb. osm. unesco-whs. wikidata
France;Toulouse;settlement;436.043;14.437;77;yes;4;A11;1;ghsl-ucdb. osm. unesco-whs. wikidata
France;Auxerre;settlement;477.996;35.703;75;yes;13;A11;1;cuisine. ghsl-ucdb. osm. unesco-whs. wikidata
France;Clermont-Ferrand;settlement;457.797;30.868;75;yes;6;A11. A9;1;cuisine. ghsl-ucdb. osm. unesco-whs. wikidata
France;Bourges;settlement;470.833;2.4;75;yes;11;A10. A11;1;cuisine. ghsl-ucdb. osm. unesco-whs. wikidata
France;Carcassonne;settlement;432.165;23.486;75;no;;A11. A2;2;ghsl-ucdb. osm. unesco-whs. wikidata
France;Bordeaux;settlement;448.412;-0.5805;74;yes;9;A11;1;ghsl-ucdb. osm. unesco-whs. wikidata
France;Nice;settlement;437.031;72.661;73;yes;12;A10. A11;1;ghsl-ucdb. osm. unesco-whs. wikidata
France;Périgueux;settlement;451.869;0.7144;73;no;;A11;1;ghsl-ucdb. osm. unesco-whs. wikidata
France;Marly-le-Roi;settlement;488.667;20.833;72;no;;A11;1;ghsl-ucdb. osm. unesco-whs. wikidata
France;Marseille;settlement;43.297;53.811;72;yes;7;A11. A12;1;ghsl-ucdb. osm. unesco-whs. wikidata
France;Vannes;settlement;476.569;-2.762;71;yes;14;A11;1;ghsl-ucdb. osm. unesco-whs. wdpa. wikidata
France;Nancy;settlement;486.844;6.185;71;yes;20;A10. A11;1;ghsl-ucdb. osm. unesco-whs. wikidata
France;Orléans;settlement;479.025;19.041;71;no;;A11;0;cuisine. ghsl-ucdb. osm. wikidata
France;Amiens;settlement;49.9;2.3;71;yes;18;A11. A2;2;ghsl-ucdb. osm. unesco-whs. wdpa. wikidata
France;Blois;settlement;475.943;13.291;70;no;;A11;0;cuisine. ghsl-ucdb. osm. wdpa. wikidata
France;Perpignan;settlement;426.976;28.954;70;yes;10;A11;0;ghsl-ucdb. osm. wdpa. wikidata
France;Arles;settlement;436.768;46.303;70;no;;A10. A11;1;ghsl-ucdb. osm. unesco-whs. wdpa. wikidata
France;Caen;settlement;491.859;-0.3591;70;yes;16;A10. A11;1;ghsl-ucdb. osm. unesco-whs. wikidata
France;Nîmes;settlement;438.366;43.579;69;no;;A10. A11. A2;2;ghsl-ucdb. osm. unesco-whs. wikidata
France;Saint-Malo;settlement;486.474;-20.088;69;yes;15;A11;0;ghsl-ucdb. osm. wdpa. wikidata
France;Châtellerault;settlement;468.171;0.5452;69;no;;A11;1;cuisine. ghsl-ucdb. osm. unesco-whs. wikidata
France;Limoges;settlement;458.336;12.476;69;yes;19;A11;0;cuisine. ghsl-ucdb. osm. wikidata
France;Le Mans;settlement;480.021;0.2025;68;no;;A11;0;cuisine. ghsl-ucdb. osm. wikidata
France;Saumur;settlement;472.593;-0.0781;68;no;;A11;0;cuisine. ghsl-ucdb. osm. wikidata
France;Montpellier;settlement;436.109;38.763;68;yes;21;A10. A11;0;ghsl-ucdb. osm. wikidata
France;Poitiers;settlement;465.826;0.3435;68;no;;A11;0;cuisine. ghsl-ucdb. osm. wikidata
France;Ajaccio;settlement;419.189;87.381;68;yes;17;A11. A9;1;ghsl-ucdb. osm. unesco-whs. wdpa. wikidata
France;Rouen;settlement;494.431;10.993;67;no;;A11;0;ghsl-ucdb. osm. wikidata
France;Châteauroux;settlement;468.125;16.936;67;no;;A10. A11;0;cuisine. ghsl-ucdb. osm. wikidata
France;Brest;settlement;483.903;-44.863;67;yes;22;A11;0;ghsl-ucdb. osm. wikidata
France;Guéret;settlement;461.718;18.717;66;no;;A11;0;cuisine. ghsl-ucdb. osm. wikidata
France;Avignon;settlement;439.483;48.089;66;no;;A11;1;ghsl-ucdb. osm. unesco-whs. wikidata
France;Dijon;settlement;473.134;50.139;66;yes;23;A11;1;ghsl-ucdb. osm. unesco-whs. wdpa. wikidata
France;Rennes;settlement;481.111;-16.743;65;no;;A11;0;ghsl-ucdb. osm. wikidata
France;Vichy;settlement;461.271;34.258;65;no;;A11;1;cuisine. ghsl-ucdb. osm. unesco-whs. wikidata
France;Nantes;settlement;472.172;-15.534;64;no;;A11;0;ghsl-ucdb. osm. wikidata
France;Grenoble;settlement;451.787;57.148;64;no;;A11;0;ghsl-ucdb. osm. wdpa. wikidata
France;Brive-la-Gaillarde;settlement;451.589;15.333;64;no;;A10. A11;0;ghsl-ucdb. osm. wikidata
France;Montluçon;settlement;463.402;26.025;62;no;;A11;0;cuisine. ghsl-ucdb. osm. wikidata
France;Nevers;settlement;469.896;3.159;62;no;;A11;0;cuisine. ghsl-ucdb. osm. wikidata
France;Colmar;settlement;480.808;73.558;62;no;;A10. A11;0;ghsl-ucdb. osm. wikidata
France;Le Havre;settlement;494.935;0.1079;61;no;;A11;1;ghsl-ucdb. osm. unesco-whs. wdpa. wikidata
France;Angers;settlement;474.716;-0.552;61;no;;A11;0;ghsl-ucdb. osm. wikidata
France;Gien;settlement;476.933;26.309;61;no;;A11;0;cuisine. ghsl-ucdb. osm. wikidata
France;Sélestat;settlement;482.619;74.489;61;no;;A11. A10;0;ghsl-ucdb. osm. wikidata
France;Bastia;settlement;427.022;94.512;61;no;;A11;0;ghsl-ucdb. osm. wdpa. wikidata
France;Lannion;settlement;487.326;-34.566;60;no;;A11. A10;0;ghsl-ucdb. osm. wdpa. wikidata
France;Albertville;settlement;456.745;63.906;60;yes;24;A11. A9;0;ghsl-ucdb. osm. wdpa. wikidata
France;Chartres;settlement;484.468;14.892;60;no;;A11;1;cuisine. ghsl-ucdb. osm. unesco-whs. wikidata
France;Lille;settlement;506.339;30.551;60;no;;A11;0;ghsl-ucdb. osm. wikidata
France;Millau;settlement;440.997;30.785;59;no;;A11;1;ghsl-ucdb. osm. unesco-whs. wikidata
France;Alès;settlement;441.249;40.808;59;no;;A11. A9;0;ghsl-ucdb. osm. wdpa. wikidata
France;Couëron;settlement;472.147;-17.245;59;no;;A11;0;ghsl-ucdb. osm. wdpa. wikidata
France;Chaumont;settlement;481.112;51.413;59;no;;A11. A9;0;ghsl-ucdb. osm. wdpa. wikidata
France;Pamiers;settlement;431.165;16.108;59;no;;A11;0;ghsl-ucdb. osm. wikidata
France;Reims;settlement;492.653;40.285;59;no;;A11;1;ghsl-ucdb. osm. unesco-whs. wikidata
France;La Rochelle;settlement;461.631;-11.522;59;yes;25;A11;0;ghsl-ucdb. osm. wdpa. wikidata
France;Pau;settlement;433.112;-0.3558;59;no;;A11;0;ghsl-ucdb. osm. wdpa. wikidata
France;Montélimar;settlement;445.547;47.547;59;no;;A11;0;ghsl-ucdb. osm. wdpa. wikidata
France;Aix-en-Provence;settlement;435.283;54.497;59;no;;A11;0;ghsl-ucdb. osm. wikidata
France;Dax;settlement;437.103;-10.537;58;no;;A11;0;ghsl-ucdb. osm. wikidata
France;Metz;settlement;491.191;61.727;58;no;;A11;0;ghsl-ucdb. osm. wikidata
France;Bayonne;settlement;434.932;-1.473;58;no;;A11;0;ghsl-ucdb. osm. wikidata
France;Angoulême;settlement;45.65;0.1535;58;no;;A11;0;ghsl-ucdb. osm. wikidata
France;Albi;settlement;439.298;2.148;58;no;;A11;1;ghsl-ucdb. osm. unesco-whs. wikidata
France;Épinal;settlement;481.832;6.453;57;no;;A11;0;ghsl-ucdb. osm. wikidata
France;Saint-Nazaire;settlement;472.751;-22.179;57;no;;A11;0;ghsl-ucdb. osm. wikidata
France;Libourne;settlement;449.145;-0.2419;57;no;;A11;1;ghsl-ucdb. osm. unesco-whs. wikidata
France;Mont-de-Marsan;settlement;438.902;-0.4971;57;no;;A11;0;ghsl-ucdb. osm. wikidata
France;Besançon;settlement;472.488;60.182;57;no;;A11;0;ghsl-ucdb. osm. wikidata
France;Chambéry;settlement;455.663;59.208;57;no;;A11;1;ghsl-ucdb. osm. unesco-whs. wdpa. wikidata
France;Gap;settlement;445.586;60.787;57;no;;A11. A10. A9;0;ghsl-ucdb. osm. wdpa. wikidata
France;Marne La Vallée;settlement;488.358;26.424;57;no;;A11;0;ghsl-ucdb. osm. wikidata
France;Vierzon;settlement;472.219;20.684;57;no;;A11;0;cuisine. ghsl-ucdb. osm. wikidata
France;Béziers;settlement;433.412;3.214;57;no;;A11;0;ghsl-ucdb. osm. wikidata
France;Saint-Étienne;settlement;454.339;4.39;56;no;;A11;0;ghsl-ucdb. osm. wikidata
France;Le Pecq;settlement;488.932;21.037;56;no;;A11;0;ghsl-ucdb. osm. wikidata
France;La Flèche;settlement;476.981;-0.0755;56;no;;A11;0;cuisine. ghsl-ucdb. osm. wikidata
France;Niort;settlement;463.231;-0.4588;56;no;;A9. A11;0;ghsl-ucdb. osm. wdpa. wikidata
France;Tarbes;settlement;432.341;0.0714;56;no;;A11;0;ghsl-ucdb. osm. wikidata
France;Mulhouse;settlement;47.752;73.287;56;no;;A11;0;ghsl-ucdb. osm. wikidata
France;Longjumeau;settlement;486.931;22.943;56;no;;A11;0;ghsl-ucdb. osm. wikidata
France;Montargis;settlement;47.997;27.326;56;no;;A11;0;cuisine. ghsl-ucdb. osm. wikidata
France;Cahors;settlement;444.491;14.366;56;no;;A11;0;ghsl-ucdb. osm. wikidata
France;Aurillac;settlement;449.254;24.398;56;no;;A11;0;ghsl-ucdb. osm. wikidata
France;Royan;settlement;456.281;-10.315;55;no;;A11;1;ghsl-ucdb. osm. unesco-whs. wikidata
France;Cournon-d'Auvergne;settlement;457.412;31.964;55;no;;A11;0;cuisine. ghsl-ucdb. osm. wikidata
France;Lorient;settlement;477.482;-33.718;55;no;;A11;0;ghsl-ucdb. osm. wikidata
France;Belfort;settlement;476.422;68.539;55;no;;A11;0;ghsl-ucdb. osm. wdpa. wikidata
France;Landerneau;settlement;484.515;-42.518;55;no;;A11;0;ghsl-ucdb. osm. wikidata
France;Valence;settlement;449.256;49.096;55;no;;A11;0;ghsl-ucdb. osm. wikidata
France;Agen;settlement;44.202;0.6206;55;no;;A11;0;ghsl-ucdb. osm. wikidata
France;Haguenau;settlement;488.156;77.905;55;no;;A11;0;ghsl-ucdb. osm. wdpa. wikidata
France;Saint-Dié-des-Vosges;settlement;482.843;69.492;55;no;;A11;0;ghsl-ucdb. osm. wikidata
France;Challans;settlement;468.458;-18.794;54;no;;A11;0;ghsl-ucdb. osm. wdpa. wikidata
France;Autun;settlement;46.951;42.987;54;no;;A11;0;cuisine. ghsl-ucdb. osm
France;Laval;settlement;480.725;-0.7702;54;no;;A11;0;ghsl-ucdb. osm. wikidata
France;Montauban;settlement;440.176;13.542;54;no;;A11;0;ghsl-ucdb. osm. wikidata
France;Lons-le-Saunier;settlement;466.754;55.557;54;no;;A11;0;ghsl-ucdb. osm. wdpa
France;Draguignan;settlement;435.369;64.646;54;no;;A11;0;ghsl-ucdb. osm. wdpa
France;Bergerac;settlement;448.516;0.4817;54;no;;A11;0;ghsl-ucdb. osm. wikidata
France;Sallanches;settlement;459.442;66.316;54;no;;A11;0;ghsl-ucdb. osm. wdpa. wikidata
France;Carpentras;settlement;440.551;50.481;54;no;;A11;0;ghsl-ucdb. osm. wikidata
France;Le Puy-en-Velay;settlement;450.437;38.852;53;no;;A11;0;ghsl-ucdb. osm. wikidata
France;Voiron;settlement;453.647;55.856;53;no;;A11. A10;0;ghsl-ucdb. osm. wikidata
France;Rodez;settlement;443.526;25.734;53;no;;A11;0;ghsl-ucdb. osm. wikidata
France;Montbrison;settlement;456.075;40.652;53;no;;A11. A10;0;ghsl-ucdb. osm. wikidata
France;Saint-Lô;settlement;491.162;-10.903;53;no;;A11;0;ghsl-ucdb. osm. wikidata
France;Fougères;settlement;483.516;-11.996;53;no;;A11;1;ghsl-ucdb. osm. unesco-whs. wikidata
France;Roanne;settlement;460.362;4.068;53;no;;A11;0;ghsl-ucdb. osm. wikidata
France;Rochefort;settlement;45.943;-0.9677;53;no;;A11;0;ghsl-ucdb. osm. wdpa. wikidata
France;Morlaix;settlement;485.778;-38.279;53;no;;A11;0;ghsl-ucdb. osm. wikidata
France;Saint-Médard-en-Jalles;settlement;448.955;-0.7178;53;no;;A11;0;ghsl-ucdb. osm. wikidata
France;Marmande;settlement;445.036;0.1655;52;no;;A11;0;ghsl-ucdb. osm. wikidata
France;Moulins;settlement;465.646;33.324;52;no;;A11;0;cuisine. ghsl-ucdb. osm. wdpa. wikidata
France;Saint-Brieuc;settlement;485.151;-27.684;52;no;;A11;0;ghsl-ucdb. osm. wikidata
France;Annecy;settlement;459.088;61.257;52;no;;A11;0;ghsl-ucdb. osm. wikidata
France;Troyes;settlement;483.007;40.852;52;no;;A11;0;ghsl-ucdb. osm. wikidata
France;Riom;settlement;458.936;31.126;52;no;;A11;0;cuisine. ghsl-ucdb. osm. wikidata
France;Quimper;settlement;47.996;-40.979;52;no;;A11;0;ghsl-ucdb. osm. wikidata
France;Hyères;settlement;431.204;61.286;51;no;;A9. A11;0;ghsl-ucdb. osm. wdpa. wikidata
France;Dole;settlement;470.922;54.897;51;no;;A11;1;ghsl-ucdb. osm. unesco-whs. wikidata
France;Narbonne;settlement;43.184;30.014;51;no;;A11;0;ghsl-ucdb. osm. wikidata
France;Pontivy;settlement;480.684;-29.665;51;no;;A11;0;ghsl-ucdb. osm. wdpa. wikidata
France;Cholet;settlement;470.589;-0.8797;51;no;;A11;0;ghsl-ucdb. osm. wikidata
France;Mâcon;settlement;463.141;48.282;51;no;;A11;0;ghsl-ucdb. osm. wikidata
France;Vendôme;settlement;477.929;10.656;51;no;;A11;0;cuisine. ghsl-ucdb. osm. wikidata
France;Saintes;settlement;457.474;-0.6349;51;no;;A11;0;ghsl-ucdb. osm. wikidata
France;Saint-Quentin-en-Yvelines;settlement;487.719;20.189;51;no;;A11;0;ghsl-ucdb. osm. wikidata
France;Romorantin-Lanthenay;settlement;473.667;1.75;51;no;;A11;0;cuisine. ghsl-ucdb. osm. wikidata
France;Digne-les-Bains;settlement;440.925;6.232;51;no;;A11;0;ghsl-ucdb. osm. wdpa. wikidata
France;Pontarlier;settlement;469.035;63.554;51;no;;A11;0;ghsl-ucdb. osm. wdpa. wikidata
France;Les Herbiers;settlement;46.871;-10.156;51;no;;A11;0;ghsl-ucdb. osm. wikidata
France;Meyzieu;settlement;457.664;50.028;51;no;;A11;0;ghsl-ucdb. osm
France;Flers;settlement;487.372;-0.5747;51;no;;A11;0;ghsl-ucdb. osm. wikidata
France;Audincourt;settlement;474.833;68.534;51;no;;A11. A10;0;ghsl-ucdb. osm. wikidata
France;Villefranche-sur-Saône;settlement;459.897;47.196;51;no;;A11;0;ghsl-ucdb. osm. wikidata
France;Muret;settlement;43.46;13.254;50;no;;A11;0;ghsl-ucdb. osm. wikidata
France;Maisons-Laffitte;settlement;489.526;21.452;50;no;;A11;0;ghsl-ucdb. osm. wikidata
France;Annonay;settlement;452.399;46.707;50;no;;A11. A10;0;ghsl-ucdb. osm. wikidata
France;Bressuire;settlement;468.416;-0.4904;50;no;;A11;0;ghsl-ucdb. osm. wikidata
France;Étampes;settlement;484.351;21.623;50;no;;A11;0;cuisine. ghsl-ucdb. osm. wikidata
France;Lisieux;settlement;491.466;0.2293;50;no;;A11;0;ghsl-ucdb. osm. wikidata
France;Tulle;settlement;452.658;17.723;50;no;;A11;0;ghsl-ucdb. osm. wikidata
France;Cannes;settlement;435.513;70.127;50;no;;A11;0;ghsl-ucdb. osm. wikidata
France;Annemasse;settlement;461.944;62.378;50;no;;A11. A10;0;ghsl-ucdb. osm. wikidata
France;Orange;settlement;441.381;48.102;50;no;;A11;1;ghsl-ucdb. osm. unesco-whs. wikidata
France;Beaune;settlement;470.241;48.389;50;no;;A11;1;ghsl-ucdb. osm. unesco-whs. wikidata
France;Lunel;settlement;436.778;41.361;50;no;;A11;0;ghsl-ucdb. osm. wikidata
France;Chalon-sur-Saône;settlement;467.811;48.537;50;no;;A11;0;ghsl-ucdb. osm. wikidata
France;Agde;settlement;433.108;34.758;50;no;;A11. A10;0;ghsl-ucdb. osm. wikidata
France;Cognac;settlement;456.958;-0.3287;49;no;;A11;0;ghsl-ucdb. osm. wikidata
France;Plaisance-du-Touch;settlement;435.655;12.965;49;no;;A11;0;ghsl-ucdb. osm
France;Manosque;settlement;438.288;57.869;49;no;;A11;0;ghsl-ucdb. osm. wikidata
France;Douarnenez;settlement;480.954;-4.329;49;no;;A11;0;ghsl-ucdb. osm. wikidata
France;Bagnols-sur-Cèze;settlement;441.626;46.197;49;no;;A11;1;ghsl-ucdb. osm. unesco-whs. wikidata
France;Toulon;settlement;431.244;59.284;49;no;;A11;0;ghsl-ucdb. osm. wikidata
France;Auch;settlement;436.456;0.5886;49;no;;A11;0;ghsl-ucdb. osm. wikidata
France;Alençon;settlement;484.348;0.0931;49;no;;A11;0;ghsl-ucdb. osm. wikidata
France;Bourg-en-Bresse;settlement;462.057;52.258;49;no;;A11;0;ghsl-ucdb. osm. wikidata
France;Castres;settlement;436.053;22.409;49;no;;A11;0;ghsl-ucdb. osm. wikidata
France;Cestas;settlement;447.447;-0.6819;48;no;;A11;0;ghsl-ucdb. osm. wikidata
France;Pertuis;settlement;436.942;55.029;48;no;;A11;0;ghsl-ucdb. osm. wdpa. wikidata
France;Les Sables-d'Olonne;settlement;464.969;-17.847;48;no;;A11;0;ghsl-ucdb. osm. wikidata
France;Guérande;settlement;473.283;-24.293;48;no;;A11;0;ghsl-ucdb. osm. wikidata
France;La Roche-sur-Yon;settlement;466.697;-14.276;48;no;;A11;0;ghsl-ucdb. osm. wikidata
France;Lagoons of New Caledonia: Reef Diversity and Associated Ecosystems;site;-184.367;1.630.803;48;no;;A9;1;unesco-whs. wdpa
France;Fréjus;settlement;434.333;67.355;48;no;;A11;0;ghsl-ucdb. osm. wikidata
France;Brétigny-sur-Orge;settlement;486.114;23.059;47;no;;A11;0;cuisine. ghsl-ucdb. osm. wikidata
France;Romans-sur-Isère;settlement;450.496;5.066;47;no;;A11;0;ghsl-ucdb. osm. wikidata
France;Villefontaine;settlement;456.128;51.506;47;no;;A11;0;ghsl-ucdb. osm. wikidata
France;Vienne;settlement;455.257;48.748;47;no;;A11;0;ghsl-ucdb. osm. wikidata
France;La Teste-de-Buch;settlement;446.328;-11.451;47;no;;A11;0;ghsl-ucdb. osm. wdpa. wikidata
France;Bayeux;settlement;492.773;-0.7039;47;no;;A11;0;ghsl-ucdb. osm. wikidata
France;Saint-Leu-la-Forêt;settlement;490.167;2.25;47;no;;A11;0;ghsl-ucdb. osm. wikidata
France;Argentan;settlement;487.444;-0.0202;47;no;;A11;0;ghsl-ucdb. osm. wikidata
France;Fontainebleau;settlement;484.091;27.018;46;no;;A11;1;cuisine. ghsl-ucdb. osm. unesco-whs. wikidata
France;Dunkirk;settlement;510.344;23.768;46;no;;A11;0;ghsl-ucdb. osm. wikidata
France;Montceau-les-Mines;settlement;466.667;43.667;46;no;;A11;0;ghsl-ucdb. osm. wikidata
France;Issoire;settlement;455.442;3.249;46;no;;A11;0;ghsl-ucdb. osm. wikidata
France;Fontenay-le-Comte;settlement;464.667;-0.8062;46;no;;A11;0;ghsl-ucdb. osm. wdpa. wikidata
France;Vitré;settlement;481.228;-12.098;46;no;;A11;0;ghsl-ucdb. osm. wikidata
France;Cambrai;settlement;50.176;32.347;46;no;;A11;0;ghsl-ucdb. osm. wikidata
France;Oyonnax;settlement;462.592;56.573;46;no;;A11;0;ghsl-ucdb. osm. wdpa. wikidata
France;Toul;settlement;486.808;58.911;46;no;;A11;0;ghsl-ucdb. osm. wikidata
France;Charleville-Mézières;settlement;497.685;47.249;46;no;;A11;0;ghsl-ucdb. osm. wikidata
France;Thonon-les-Bains;settlement;463.705;64.798;46;no;;A11;0;ghsl-ucdb. osm. wikidata
France;Grasse;settlement;436.578;69.254;46;no;;A11;0;ghsl-ucdb. osm. wikidata
France;Yerres;settlement;487.178;24.934;46;no;;A11;0;ghsl-ucdb. osm. wikidata
France;Villeneuve-sur-Lot;settlement;444.085;0.7042;45;no;;A11;0;ghsl-ucdb. osm. wikidata
France;Aix-les-Bains;settlement;456.917;59.086;45;no;;A11;0;ghsl-ucdb. osm. wikidata
France;Villeneuve-d'Ascq;settlement;506.167;31.666;45;no;;A11;0;ghsl-ucdb. osm. wikidata
France;Domont;settlement;490.278;23.264;45;no;;A11. A10;0;ghsl-ucdb. osm. wikidata
France;Sens;settlement;481.974;32.833;45;no;;A11;0;cuisine. ghsl-ucdb. osm. wikidata
France;Dieppe;settlement;499.216;10.777;45;no;;A11;0;ghsl-ucdb. osm. wikidata
France;Sarreguemines;settlement;491.099;70.675;45;no;;A11;0;ghsl-ucdb. osm. wikidata
France;Avon;settlement;484.022;27.202;45;no;;A11;0;cuisine. ghsl-ucdb. osm. wikidata
France;Montereau-Fault-Yonne;settlement;483.833;2.95;45;no;;A11;1;cuisine. ghsl-ucdb. osm. unesco-whs. wikidata
France;Saint-Chamond;settlement;454.759;45.129;45;no;;A11;0;ghsl-ucdb. osm
France;Aubagne;settlement;432.928;55.707;45;no;;A11;0;ghsl-ucdb. osm. wikidata
France;Cluses;settlement;460.625;6.575;44;no;;A11;0;ghsl-ucdb. osm
France;Abbeville;settlement;501.052;18.355;44;no;;A11;0;ghsl-ucdb. osm. wikidata
France;Compiègne;settlement;494.179;28.261;44;no;;A11;0;ghsl-ucdb. osm. wikidata
France;Sète;settlement;434.028;36.928;44;no;;A11;0;ghsl-ucdb. osm. wikidata
France;Mayenne;settlement;483.034;-0.6138;43;no;;A11;0;ghsl-ucdb. osm. wikidata
France;Beauvais;settlement;494.333;20.833;43;no;;A11;0;ghsl-ucdb. osm. wikidata
France;Boulogne-sur-Mer;settlement;507.249;16.137;43;no;;A11;0;ghsl-ucdb. osm. wikidata
France;Biarritz;settlement;434.806;-15.568;43;no;;A11;0;ghsl-ucdb. osm. wikidata
France;Fécamp;settlement;497.579;0.3746;43;no;;A11;0;ghsl-ucdb. osm. wikidata
France;Rambouillet;settlement;486.437;18.299;43;no;;A11;0;ghsl-ucdb. osm. wikidata
France;Épernay;settlement;49.04;39.592;42;no;;A11;1;ghsl-ucdb. osm. unesco-whs. wikidata
France;Arras;settlement;50.293;27.819;42;no;;A11;0;ghsl-ucdb. osm. wikidata
France;Vesoul;settlement;47.626;61.425;42;no;;A11;0;ghsl-ucdb. osm. wdpa. wikidata
France;Concarneau;settlement;478.754;-3.919;42;no;;A11;0;ghsl-ucdb. osm. wikidata
France;Vence;settlement;437.225;71.118;42;no;;A11;0;ghsl-ucdb. osm. wikidata
France;Orsay;settlement;486.957;21.873;42;no;;A11;0;ghsl-ucdb. osm
France;Évreux;settlement;490.241;11.508;42;no;;A11;0;ghsl-ucdb. osm. wikidata
France;Cergy-Pontoise;settlement;490.389;20.781;42;no;;A11;0;ghsl-ucdb. osm. wikidata
France;Dreux;settlement;487.365;13.657;42;no;;A11;0;ghsl-ucdb. osm. wikidata
France;Mauguio;settlement;436.169;40.074;41;no;;A11;0;ghsl-ucdb. osm. wikidata
France;Gujan-Mestras;settlement;44.636;-10.681;41;no;;A11;0;ghsl-ucdb. osm. wikidata
France;Montgeron;settlement;487.054;24.504;41;no;;A11;0;ghsl-ucdb. osm. wikidata
France;Antibes;settlement;435.813;71.249;41;no;;A11;0;ghsl-ucdb. osm. wikidata
France;Cavaillon;settlement;438.312;50.359;41;no;;A11;0;ghsl-ucdb. osm. wikidata
France;Saint-Quentin;settlement;498.489;32.876;40;no;;A11;0;ghsl-ucdb. osm. wikidata
France;Les Pennes-Mirabeau;settlement;434.101;53.084;39;no;;A11;0;ghsl-ucdb. osm. wikidata
France;Corbeil-Essonnes;settlement;48.606;24.876;39;no;;A11;0;cuisine. ghsl-ucdb. osm. wikidata
France;Sanary-sur-Mer;settlement;431.198;58.015;39;no;;A11;0;ghsl-ucdb. osm
France;Meaux;settlement;489.601;28.788;39;no;;A11;0;ghsl-ucdb. osm. wikidata
France;La Ciotat;settlement;431.748;56.045;39;no;;A11. A9;0;ghsl-ucdb. osm. wdpa. wikidata
France;Bar-le-Duc;settlement;487.728;51.611;38;no;;A11;0;ghsl-ucdb. osm. wikidata
France;Gif-sur-Yvette;settlement;486.833;21.333;38;no;;A11;0;ghsl-ucdb. osm. wikidata
France;Montivilliers;settlement;495.452;0.1877;38;no;;A11;0;ghsl-ucdb. osm. wikidata
France;Pont-à-Mousson;settlement;48.907;60.564;38;no;;A11;0;ghsl-ucdb. osm. wikidata
France;Armentières;settlement;506.857;28.821;38;no;;A11;0;ghsl-ucdb. osm. wikidata
France;Lucé;settlement;484.369;14.636;37;no;;A11;0;cuisine. ghsl-ucdb. osm
France;Vernon;settlement;490.929;14.633;37;no;;A11;0;ghsl-ucdb. osm. wikidata
France;Roubaix;settlement;506.942;31.746;37;no;;A11;0;ghsl-ucdb. osm. wikidata
France;Montbéliard;settlement;475.096;67.982;37;no;;A11;0;ghsl-ucdb. osm
France;Givors;settlement;455.906;47.688;37;no;;A11;0;ghsl-ucdb. osm. wikidata
France;Tremblay-en-France;settlement;489.496;25.684;36;no;;A11;0;ghsl-ucdb. osm. wikidata
France;Salon-de-Provence;settlement;436.423;50.948;36;no;;A11;0;ghsl-ucdb. osm. wikidata
France;Tourlaville;settlement;496.383;-15.664;36;no;;A11;0;ghsl-ucdb. osm. wikidata
France;L'Isle-sur-la-Sorgue;settlement;439.197;50.514;36;no;;A11;0;ghsl-ucdb. osm. wikidata
France;Coulommiers;settlement;488.145;3.085;36;no;;A11;0;ghsl-ucdb. osm. wikidata
France;Châteaudun;settlement;480.709;13.378;36;no;;A11;0;cuisine. ghsl-ucdb. osm. wikidata
France;Anglet;settlement;434.892;-15.192;36;no;;A11;0;ghsl-ucdb. osm. wikidata
France;Taverny;settlement;490.254;22.169;35;no;;A11;0;ghsl-ucdb. osm. wikidata
France;Firminy;settlement;453.896;42.886;35;no;;A11;0;ghsl-ucdb. osm. wikidata
France;Gardanne;settlement;434.549;54.691;35;no;;A11;0;ghsl-ucdb. osm
France;Sorgues;settlement;440.102;48.738;35;no;;A11;0;ghsl-ucdb. osm. wikidata
France;Valenciennes;settlement;503.591;35.251;35;no;;A11;0;ghsl-ucdb. osm
France;Herblay-sur-Seine;settlement;489.899;21.699;35;no;;A11;0;ghsl-ucdb. osm. wikidata
France;Hautmont;settlement;502.508;39.214;35;no;;A11;0;ghsl-ucdb. osm. wikidata
France;Louviers;settlement;492.167;11.667;35;no;;A11;0;ghsl-ucdb. osm. wikidata
France;Carvin;settlement;504.924;29.581;34;no;;A11;0;ghsl-ucdb. osm
France;Te Henua Enata – The Marquesas Islands;site;-104.848;-1.386.556;34;no;;A9;2;osm. unesco-whs
France;Six-Fours-les-Plages;settlement;430.917;58.247;34;no;;A11;0;ghsl-ucdb. osm
France;Lunéville;settlement;485.927;64.938;34;no;;A11;0;ghsl-ucdb. osm. wikidata
France;Saint-Omer;settlement;507.483;22.609;33;no;;A11;0;ghsl-ucdb. osm. wikidata
France;Villepinte;settlement;48.962;25.325;33;no;;A11;0;ghsl-ucdb. osm. wikidata
France;Sedan;settlement;497.019;49.403;33;no;;A11. A9;0;ghsl-ucdb. osm. wdpa. wikidata
France;La Baule-Escoublac;settlement;472.922;-23.639;33;no;;A11;0;ghsl-ucdb. osm. wikidata
France;Douai;settlement;503.707;30.792;33;no;;A11;0;ghsl-ucdb. osm
France;Elbeuf;settlement;492.867;10.029;33;no;;A11;0;ghsl-ucdb. osm. wikidata
France;Hayange;settlement;493.288;60.628;33;no;;A11;0;ghsl-ucdb. osm. wikidata
France;Cherbourg;settlement;496.398;-16.164;33;no;;A11;0;ghsl-ucdb. osm. wikidata
France;Poissy;settlement;48.929;20.495;33;no;;A11;0;ghsl-ucdb. osm. wikidata
France;Saint-Maximin-la-Sainte-Baume;settlement;434.481;58.608;33;no;;A11;0;ghsl-ucdb. osm. wikidata
France;Calais;settlement;509.519;18.563;33;no;;A11;0;ghsl-ucdb. osm. wikidata
France;Vitrolles;settlement;43.46;52.486;32;no;;A11;0;ghsl-ucdb. osm. wikidata
France;Bruay-la-Buissière;settlement;504.833;2.55;32;no;;A11;0;ghsl-ucdb. osm
France;Octeville;settlement;496.261;-16.435;32;no;;A11;0;ghsl-ucdb. osm. wikidata
France;French Austral Lands and Seas;site;-383.001;775.836;32;no;;A9;1;unesco-whs. wikidata
France;Martigues;settlement;434.074;50.553;32;no;;A11;0;ghsl-ucdb. osm
France;Saint-Amand-les-Eaux;settlement;504.472;34.308;32;no;;A11;0;ghsl-ucdb. osm
France;Saint-Germain-en-Laye;settlement;488.964;20.904;32;no;;A11;0;ghsl-ucdb. osm. wikidata
France;Creil;settlement;492.567;24.848;31;no;;A11;0;ghsl-ucdb. osm. wikidata
France;Thionville;settlement;493.599;61.604;31;no;;A11;0;ghsl-ucdb. osm. wikidata
France;Châlons-en-Champagne;settlement;489.539;43.672;31;no;;A11;0;ghsl-ucdb. osm. wikidata
France;Brignoles;settlement;434.058;60.617;31;no;;A11;0;ghsl-ucdb. osm. wikidata
France;Frontignan;settlement;434.477;37.552;31;no;;A11;0;ghsl-ucdb. osm
France;Annecy-le-Vieux;settlement;459.197;61.439;30;no;;A11;0;ghsl-ucdb. osm. wikidata
France;Château-Thierry;settlement;490.464;3.403;30;no;;A11;0;ghsl-ucdb. osm. wikidata
France;Saint-Louis;settlement;475.921;75.592;30;no;;A11;0;ghsl-ucdb. osm. wikidata
France;Denain;settlement;503.293;33.943;30;no;;A11;1;ghsl-ucdb. osm. unesco-whs. wikidata
France;Nogent-sur-Oise;settlement;492.716;24.707;29;no;;A11;0;ghsl-ucdb. osm
France;Berck;settlement;50.4;1.6;29;no;;A11;0;ghsl-ucdb. osm. wdpa. wikidata
France;Saint-Dizier;settlement;486.377;49.489;28;no;;A11;0;ghsl-ucdb. osm. wdpa. wikidata
France;Hazebrouck;settlement;507.237;25.373;28;no;;A11;0;ghsl-ucdb. osm. wikidata
France;Goussainville;settlement;490.137;24.659;28;no;;A11;0;ghsl-ucdb. osm. wikidata
France;Taputapuātea;site;-168.414;-1.513.724;28;no;;A11;1;osm. unesco-whs. wikidata
France;Dammarie-les-Lys;settlement;485.167;2.65;28;no;;A11;0;cuisine. ghsl-ucdb. osm
France;Senlis;settlement;492.072;25.866;28;no;;A11;0;ghsl-ucdb. osm. wikidata
France;Savigny-sur-Orge;settlement;486.768;23.483;28;no;;A11;0;ghsl-ucdb. osm. wikidata
France;Saint-Avold;settlement;491.046;6.704;27;no;;A11;0;ghsl-ucdb. osm. wikidata
France;Verdun;settlement;491.596;53.829;27;no;;A11;0;ghsl-ucdb. osm. wikidata
France;Melun;settlement;485.457;26.536;27;no;;A11;0;cuisine. ghsl-ucdb. osm. wikidata
France;Menton;settlement;437.765;75.043;26;no;;A11;0;ghsl-ucdb. osm. wikidata
France;Draveil;settlement;486.847;24.142;26;no;;A11;0;ghsl-ucdb. osm
France;Achères;settlement;489.612;20.688;26;no;;A11;0;ghsl-ucdb. osm
France;Mantes-la-Jolie;settlement;489.905;17.167;26;no;;A11;0;ghsl-ucdb. osm. wikidata
France;Lens;settlement;50.433;28.279;25;no;;A11;0;ghsl-ucdb. osm. wikidata
France;Laon;settlement;495.631;36.271;25;no;;A11;0;ghsl-ucdb. osm. wikidata
France;Les Mureaux;settlement;489.917;19.097;25;no;;A11;0;ghsl-ucdb. osm. wikidata
France;Brunoy;settlement;486.942;24.922;25;no;;A11;0;ghsl-ucdb. osm
France;Le Creusot;settlement;468.071;44.163;25;no;;A11;0;ghsl-ucdb. osm. wikidata
France;Marignane;settlement;434.173;52.146;24;no;;A11;0;ghsl-ucdb. osm. wdpa. wikidata
France;Saint-Raphaël;settlement;434.233;67.735;24;no;;A11;0;ghsl-ucdb. osm
France;Le Mée-sur-Seine;settlement;485.316;26.283;23;no;;A11;0;cuisine. ghsl-ucdb. osm. wikidata
France;Juan-les-Pins;settlement;435.695;71.131;23;no;;A11;0;ghsl-ucdb. osm. wikidata
France;Forbach;settlement;491.885;68.925;22;no;;A11;0;ghsl-ucdb. osm. wikidata
France;Les Ulis;settlement;486.817;21.694;22;no;;A11;0;ghsl-ucdb. osm
France;Vitry-le-François;settlement;487.247;45.844;21;no;;A11;0;ghsl-ucdb. osm
France;Saint-Leu;settlement;467.306;45.008;21;no;;A11;0;ghsl-ucdb. osm
France;Crépy-en-Valois;settlement;492.336;28.881;21;no;;A11;0;ghsl-ucdb. osm. wikidata
France;Tourcoing;settlement;507.239;31.612;20;no;;A11;0;ghsl-ucdb. osm. wikidata
France;Savigny-le-Temple;settlement;485.741;25.829;20;no;;A11;0;cuisine. ghsl-ucdb. osm
France;Noyon;settlement;495.833;3;20;no;;A11;0;ghsl-ucdb. osm. wikidata
France;Sainte-Geneviève-des-Bois;settlement;486.468;23.197;19;no;;A11;0;ghsl-ucdb. osm. wikidata
France;Viry-Châtillon;settlement;486.721;23.932;19;no;;A11;0;ghsl-ucdb. osm
France;Berck-Plage;settlement;50.407;15.645;19;no;;A11;0;ghsl-ucdb. osm. wikidata
France;Liévin;settlement;504.198;27.807;18;no;;A11;0;ghsl-ucdb. osm. wikidata
France;Brie-Comte-Robert;settlement;486.925;26.109;18;no;;A11;0;ghsl-ucdb. osm
France;Verneuil-sur-Seine;settlement;489.739;19.648;18;no;;A11;0;ghsl-ucdb. osm. wikidata
France;Moissy-Cramayel;settlement;48.626;26.012;18;no;;A11;0;ghsl-ucdb. osm
France;Béthune;settlement;505.296;2.64;17;no;;A11;0;ghsl-ucdb. osm. wikidata
France;Mantes-la-Ville;settlement;489.737;17.025;17;no;;A11;0;ghsl-ucdb. osm. wikidata
France;Soissons;settlement;493.817;33.236;17;no;;A11;0;ghsl-ucdb. osm. wikidata
France;Évry;settlement;486.328;24.405;17;no;;A11;0;ghsl-ucdb. osm. wikidata
France;Hénin-Beaumont;settlement;504.136;29.649;16;no;;A11;0;ghsl-ucdb. osm
France;Maubeuge;settlement;502.788;39.727;16;no;;A11;0;ghsl-ucdb. osm. wikidata
France;Équeurdreville-Hainneville;settlement;496.487;-16.531;15;no;;A11;0;ghsl-ucdb. osm
France;Saint-Michel-sur-Orge;settlement;486.348;23.083;15;no;;A11;0;ghsl-ucdb. osm
France;Wattrelos;settlement;507.012;32.181;14;no;;A11;0;ghsl-ucdb. osm. wikidata
France;Miramas;settlement;435.851;50.027;13;no;;A11;0;ghsl-ucdb. osm. wdpa
France;Carrières-sous-Poissy;settlement;489.495;20.407;13;no;;A11;0;ghsl-ucdb. osm
France;Tergnier;settlement;496.561;33.011;13;no;;A11;0;ghsl-ucdb. osm
France;Fos-sur-Mer;settlement;434.377;49.446;12;no;;A11;0;ghsl-ucdb. osm. wdpa
France;Ris-Orangis;settlement;486.511;24.141;12;no;;A11;0;ghsl-ucdb. osm
France;Combs-la-Ville;settlement;48.665;25.696;12;no;;A11;0;ghsl-ucdb. osm
France;Istres;settlement;435.134;49.875;10;no;;A11;0;ghsl-ucdb. osm. wikidata
France;Mitry-Mory;settlement;489.833;26.167;10;no;;A11;0;ghsl-ucdb. osm. wikidata
French Guiana;Saint-Laurent-du-Maroni;settlement;55.015;-540.292;100;yes;1;A11;0;ghsl-ucdb. osm. wdpa. wikidata
French Guiana;Cayenne;settlement;49.381;-523.346;74;yes;2;A11;0;ghsl-ucdb. osm. wdpa. wikidata
French Guiana;Matoury;settlement;48.492;-523.235;71;no;;A11;0;ghsl-ucdb. osm. wdpa
French Guiana;Guyane (Parc Amazonien);site;3.289;-533.287;27;yes;3;A9. A11;0;osm. wdpa
French Guiana;Lucifer Dekou Dekou;site;47.858;-539.192;26;yes;4;A9;0;wdpa
French Guiana;Kourou;settlement;51.628;-526.427;24;no;;A11;0;ghsl-ucdb. osm
French Polynesia;Papeete;settlement;-175.347;-1.495.684;100;yes;1;A11;0;ghsl-ucdb. osm
French Polynesia;Atoll de Niau;site;-161.524;-1.463.585;100;yes;2;A9;0;wdpa
French Polynesia;Faaa;settlement;-175.593;-1.496.035;100;no;;A11;0;ghsl-ucdb. osm. wikidata
French Polynesia;Punaauia;settlement;-176.333;-149.6;65;no;;A11;0;ghsl-ucdb. osm
French Polynesia;Scilly (Manuae) et Bellinghausen (Motu One);site;-161.953;-1.546.193;51;yes;3;A9;0;wdpa
Gabon;Libreville;settlement;0.3924;94.536;100;yes;1;A9. A11;0;ghsl-ucdb. osm. wdpa
Gabon;Oyam;settlement;-0.2;106.833;96;yes;2;A9;2;ghsl-ucdb. unesco-whs
Gabon;Makokou;settlement;0.5738;128.642;85;yes;3;A9;1;ghsl-ucdb. unesco-whs. wdpa. wikidata
Gabon;Parc national de Mayumba;site;-38.099;109.422;57;yes;4;A9;0;wdpa. wikidata
Gabon;Parc national des Plateaux Batéké;site;-22.197;14.03;57;yes;5;A9;0;wdpa. wikidata
Gabon;Owendo;settlement;0.2912;95.046;55;no;;A9;0;ghsl-ucdb. osm. wdpa
Gabon;Petit Loango;site;-21.706;9.531;54;yes;6;A9;0;wdpa
Gabon;Parc national de la Lopé;site;-0.571;115.615;32;yes;12;A9;0;osm. wdpa. wikidata
Gabon;Parc national de Minkébé;site;17.252;127.595;32;yes;9;A9;0;wdpa. wikidata
Gabon;Parc national des Monts Birougou;site;-18.043;122.591;32;no;;A9;0;wdpa. wikidata
Gabon;Parc national de  Moukalaba - Doudou;site;-25.486;104.442;32;yes;11;A9;0;wdpa. wikidata
Gabon;Parc national de Waka;site;-1.303;111.054;28;yes;15;A9;0;osm. wdpa
Gabon;Chute du Fleuve Ivindo;site;0.0809;124.058;28;no;;A9;0;wdpa
Gabon;Parc national de Mwagna;site;0.4292;138.077;28;yes;13;A9;0;wdpa
Gabon;Parc national des Monts de Cristal;site;0.6903;103.367;28;yes;14;A9;0;wdpa
Gabon;Port-Gentil;settlement;-0.7193;87.815;20;yes;7;A11;0;ghsl-ucdb. osm
Gabon;Koulamoutou;settlement;-11.367;12.464;16;yes;8;A11;0;ghsl-ucdb. osm. wikidata
Gabon;Lambaréné;settlement;-0.7001;102.406;16;yes;10;;0;ghsl-ucdb. osm. wikidata
Gabon;Akanda;settlement;0.6073;93.293;16;no;;;0;ghsl-ucdb. osm. wikidata
Gabon;Bitam;settlement;2.076;115.007;14;no;;;0;ghsl-ucdb. osm. wdpa
Gambia;Serekunda;settlement;134.383;-166.781;100;yes;1;A9. A11. A12;1;ghsl-ucdb. osm. unesco-whs. wdpa. wikidata
Gambia;Farafenni;settlement;135.667;-15.6;56;yes;2;;1;cuisine. ghsl-ucdb. osm. unesco-whs
Gambia;Lamin;settlement;133.522;-164.339;40;no;;A9;1;ghsl-ucdb. osm. unesco-whs. wdpa. wikidata
Gambia;Nema Kunku;settlement;13.25;-158.833;27;no;;A9;0;cuisine. ghsl-ucdb. wdpa
Gambia;Soma;settlement;134.333;-155.333;24;no;;A12;0;cuisine. ghsl-ucdb
Gambia;Farato;settlement;13.4;-142.167;24;yes;3;A12;0;cuisine. ghsl-ucdb
Gambia;Gunjur;settlement;132.019;-167.339;19;no;;;0;ghsl-ucdb. osm
Georgia;Tbilisi;settlement;416.914;448.341;100;yes;1;A9. A12;1;cuisine. ghsl-ucdb. unesco-whs. wdpa. wikidata
Georgia;Telavi;settlement;419.196;45.47;93;no;;A9;0;cuisine. ghsl-ucdb. wdpa. wikidata
Georgia;Akhaltsikhe;settlement;416.395;42.986;93;yes;2;A11. A9;0;cuisine. ghsl-ucdb. osm. wdpa. wikidata
Georgia;Kobuleti;settlement;418.328;417.782;72;yes;3;A9;1;ghsl-ucdb. unesco-whs. wdpa. wikidata
Georgia;Gori;settlement;419.853;441.129;66;no;;A9;0;cuisine. ghsl-ucdb. wdpa. wikidata
Georgia;Khashuri;settlement;419.973;43.599;64;no;;A9;0;cuisine. ghsl-ucdb. wdpa. wikidata
Georgia;Kutaisi;settlement;422.679;426.946;58;yes;5;;1;cuisine. ghsl-ucdb. unesco-whs. wikidata
Georgia;Marneuli;settlement;414.876;447.985;56;no;;A12;0;cuisine. ghsl-ucdb. wikidata
Georgia;Ts’khinvali;settlement;422.276;439.686;55;yes;6;A9;0;cuisine. ghsl-ucdb. wdpa. wikidata
Georgia;Zestaponi;settlement;421.075;430.329;52;no;;;0;cuisine. ghsl-ucdb. wdpa. wikidata
Georgia;Samtredia;settlement;421.537;423.352;49;no;;A9;0;cuisine. ghsl-ucdb. wdpa. wikidata
Georgia;Stantsiya Novyy Afon;settlement;430.806;408.383;49;yes;4;A9;0;ghsl-ucdb. wdpa. wikidata
Georgia;Pshav-Khevsureti National Park;site;425.466;450.661;48;yes;7;A9;0;cuisine. wdpa. wikidata
Georgia;Racha National Park;site;427.582;435.584;48;yes;9;A9;0;cuisine. wdpa
Georgia;Rustavi;settlement;415.627;449.787;47;no;;;0;cuisine. ghsl-ucdb. wdpa. wikidata
Georgia;Batumi;settlement;416.408;416.306;37;no;;A9;0;ghsl-ucdb. wdpa. wikidata
Georgia;Poti;settlement;421.427;416.738;33;no;;A9;0;ghsl-ucdb. wdpa
Georgia;Zugdidi;settlement;425.084;41.868;21;yes;8;A12;0;ghsl-ucdb. wikidata
Germany;Eisenach;settlement;509.807;103.152;100;yes;1;A11. A9;2;cuisine. ghsl-ucdb. osm. unesco-whs. wdpa. wikidata
Germany;Berlin;settlement;525.244;134.105;100;yes;5;A12. A11;1;ghsl-ucdb. osm. unesco-whs. wikidata
Germany;Husum;settlement;544.858;90.524;99;yes;4;A11. A9;1;ghsl-ucdb. osm. unesco-whs. wdpa. wikidata
Germany;Hamburg;settlement;535.507;9.993;98;yes;7;A12. A11;1;ghsl-ucdb. osm. unesco-whs. wikidata
Germany;Munich;settlement;481.374;115.755;98;yes;2;A10. A11. A12;0;ghsl-ucdb. osm. wikidata
Germany;Köln;settlement;509.333;6.95;94;yes;3;A11. A12;1;ghsl-ucdb. osm. unesco-whs. wikidata
Germany;Weimar;settlement;509.803;11.329;92;no;;A11. A2;2;ghsl-ucdb. osm. unesco-whs. wikidata
Germany;Potsdam;settlement;523.989;130.657;91;no;;A11;1;ghsl-ucdb. osm. unesco-whs. wikidata
Germany;Trier;settlement;497.557;66.394;89;yes;6;A11;1;ghsl-ucdb. osm. unesco-whs. wdpa. wikidata
Germany;Erfurt;settlement;509.773;110.354;89;no;;A11;1;cuisine. ghsl-ucdb. osm. unesco-whs. wikidata
Germany;Stralsund;settlement;543.091;130.818;87;yes;9;A9. A11;0;ghsl-ucdb. osm. wdpa. wikidata
Germany;Augsburg;settlement;483.715;108.985;87;no;;A10. A11;1;ghsl-ucdb. osm. unesco-whs. wikidata
Germany;Regensburg;settlement;490.151;121.016;86;yes;21;A10. A11;1;ghsl-ucdb. osm. unesco-whs. wikidata
Germany;Rosenheim;settlement;478.564;121.225;86;no;;A10. A9. A11;0;cuisine. ghsl-ucdb. osm. wdpa. wikidata
Germany;Dresden;settlement;510.509;137.383;84;yes;11;A11;0;ghsl-ucdb. osm. wikidata
Germany;Aichach;settlement;484.575;111.341;82;no;;A10. A11;0;ghsl-ucdb. osm. wikidata
Germany;Leipzig;settlement;513.396;123.713;81;yes;17;A11;0;ghsl-ucdb. osm. wikidata
Germany;Bremen;settlement;530.758;88.072;81;yes;18;A11;1;ghsl-ucdb. osm. unesco-whs. wikidata
Germany;Füssen;settlement;475.714;107.017;80;no;;A10. A11;1;ghsl-ucdb. osm. unesco-whs. wikidata
Germany;Nuremberg;settlement;494.542;110.775;80;yes;13;A11;0;ghsl-ucdb. osm. wikidata
Germany;Passau;settlement;485.665;134.312;78;yes;8;A10. A11;1;cuisine. ghsl-ucdb. osm. unesco-whs. wikidata
Germany;Frankfurt am Main;settlement;501.155;86.842;77;yes;14;A11. A12;0;ghsl-ucdb. osm. wikidata
Germany;Kleinmachnow;settlement;524.079;132.251;77;no;;A11;0;ghsl-ucdb. osm. wikidata
Germany;Lübeck;settlement;538.689;106.873;77;no;;A11;1;ghsl-ucdb. osm. unesco-whs. wikidata
Germany;Stuttgart;settlement;487.823;9.177;77;yes;12;A11. A12;1;ghsl-ucdb. osm. unesco-whs. wikidata
Germany;Hannover;settlement;523.705;97.332;75;yes;15;A11;0;ghsl-ucdb. osm. wikidata
Germany;Essen;settlement;514.566;70.123;74;no;;A11. A12;1;ghsl-ucdb. osm. unesco-whs. wikidata
Germany;Boppard;settlement;502.308;75.899;74;no;;A11;1;ghsl-ucdb. osm. unesco-whs. wikidata
Germany;Mainz;settlement;499.819;82.801;74;no;;A11;0;ghsl-ucdb. osm. wikidata
Germany;Bonn;settlement;507.344;70.955;74;no;;A10. A11;0;ghsl-ucdb. osm. wikidata
Germany;Düsseldorf;settlement;512.232;67.793;73;no;;A11. A12;0;ghsl-ucdb. osm. wikidata
Germany;Bamberg;settlement;498.987;109.007;73;no;;A10. A11;1;ghsl-ucdb. osm. unesco-whs. wikidata
Germany;Freiburg;settlement;479.959;78.522;73;yes;10;A10. A11;0;ghsl-ucdb. osm. wdpa. wikidata
Germany;Würzburg;settlement;497.939;99.512;73;yes;22;A10. A11;1;ghsl-ucdb. osm. unesco-whs. wikidata
Germany;Bayreuth;settlement;499.478;115.789;72;no;;A11;1;ghsl-ucdb. osm. unesco-whs. wikidata
Germany;Straubing;settlement;488.813;125.739;72;no;;A10. A11;0;cuisine. ghsl-ucdb. osm. wikidata
Germany;Bad Neustadt an der Saale;settlement;503.217;102.067;72;no;;A10. A11;0;cuisine. ghsl-ucdb. osm. wdpa. wikidata
Germany;Bingen am Rhein;settlement;499.667;78.992;71;no;;A10. A11;0;ghsl-ucdb. osm. wikidata
Germany;Aachen;settlement;507.766;60.834;71;no;;A11;1;ghsl-ucdb. osm. unesco-whs. wikidata
Germany;Darmstadt;settlement;498.717;86.503;70;no;;A11;1;ghsl-ucdb. osm. unesco-whs. wikidata
Germany;Karlsruhe;settlement;490.094;84.044;70;no;;A11;0;ghsl-ucdb. osm. wikidata
Germany;Kaufbeuren;settlement;478.824;106.219;70;no;;A10. A11;0;ghsl-ucdb. osm. wikidata
Germany;Koblenz;settlement;503.536;75.788;69;no;;A10. A11;0;ghsl-ucdb. osm. wikidata
Germany;Emden;settlement;533.659;72.085;69;yes;16;A11. A9;1;ghsl-ucdb. osm. unesco-whs. wdpa. wikidata
Germany;Duisburg;settlement;514.325;67.652;68;no;;A11;0;ghsl-ucdb. osm. wikidata
Germany;Universitäts- und Hansestadt Greifswald;settlement;540.891;134.024;68;no;;A11;0;ghsl-ucdb. osm. wdpa. wikidata
Germany;Kassel;settlement;513.167;9.5;68;no;;A11;0;cuisine. ghsl-ucdb. osm. wikidata
Germany;Heidelberg;settlement;494.077;86.908;68;no;;A11;0;ghsl-ucdb. osm. wikidata
Germany;Bobingen;settlement;482.709;108.339;67;no;;A10. A11;0;ghsl-ucdb. osm. wikidata
Germany;Rostock;settlement;540.887;121.405;67;no;;A11;0;ghsl-ucdb. osm. wikidata
Germany;Speyer;settlement;493.208;84.311;67;no;;A11. A2;2;ghsl-ucdb. osm. unesco-whs. wikidata
Germany;Wittlich;settlement;49.986;68.931;66;no;;A11. A10;0;ghsl-ucdb. osm. wikidata
Germany;Traunreut;settlement;479.627;125.923;66;no;;A10. A11;0;cuisine. ghsl-ucdb. osm. wikidata
Germany;Dortmund;settlement;515.149;7.466;66;no;;A11. A12;0;ghsl-ucdb. osm. wikidata
Germany;Neumarkt in der Oberpfalz;settlement;492.803;114.628;66;no;;A10. A11;0;ghsl-ucdb. osm. wikidata
Germany;Mechernich;settlement;50.593;66.522;66;no;;A11. A10. A9;0;ghsl-ucdb. osm. wdpa. wikidata
Germany;Garmisch-Partenkirchen;settlement;474.921;110.958;65;no;;A11. A10;1;ghsl-ucdb. osm. unesco-whs. wdpa. wikidata
Germany;Dessau;settlement;518.386;122.455;65;no;;A11;1;ghsl-ucdb. osm. unesco-whs. wdpa. wikidata
Germany;Vilshofen;settlement;48.627;131.922;65;no;;A10. A11;0;cuisine. ghsl-ucdb. osm. wikidata
Germany;Pirmasens;settlement;492.015;76.053;65;no;;A11. A10;0;ghsl-ucdb. osm. wikidata
Germany;Schlüchtern;settlement;503.489;95.253;65;no;;A10. A11;0;cuisine. ghsl-ucdb. osm. wikidata
Germany;Deggendorf;settlement;488.409;129.607;65;no;;A11. A10. A9;0;cuisine. ghsl-ucdb. osm. wdpa. wikidata
Germany;Kitzingen;settlement;497.397;101.507;64;no;;A10. A11;0;ghsl-ucdb. osm. wikidata
Germany;Baden-Baden;settlement;487.606;82.398;64;no;;A11;1;ghsl-ucdb. osm. unesco-whs. wikidata
Germany;Naumburg;settlement;511.499;118.098;64;no;;A11;1;ghsl-ucdb. osm. unesco-whs. wikidata
Germany;Cham;settlement;492.257;12.655;64;no;;A10. A11;0;ghsl-ucdb. osm. wikidata
Germany;Ehingen;settlement;482.826;97.275;64;no;;A10. A11;1;ghsl-ucdb. osm. unesco-whs. wikidata
Germany;Münster;settlement;519.624;76.257;64;yes;20;A11;0;ghsl-ucdb. osm. wikidata
Germany;Schwerin;settlement;536.294;114.132;64;no;;A11;1;ghsl-ucdb. osm. unesco-whs. wikidata
Germany;Bochum;settlement;514.817;72.165;63;no;;A11;0;ghsl-ucdb. osm. wikidata
Germany;Landshut;settlement;485.296;121.618;63;no;;A10. A11;0;cuisine. ghsl-ucdb. osm. wikidata
Germany;Wuppertal;settlement;512.563;71.482;63;no;;A10. A11;0;ghsl-ucdb. osm. wikidata
Germany;Arnstadt;settlement;508.405;10.952;63;no;;A11;0;cuisine. ghsl-ucdb. osm. wdpa. wikidata
Germany;Jena;settlement;509.288;115.899;63;no;;A11;0;ghsl-ucdb. osm. wikidata
Germany;Quedlinburg;settlement;517.884;111.501;62;no;;A11;1;ghsl-ucdb. osm. unesco-whs. wikidata
Germany;Mannheim;settlement;494.891;84.669;62;no;;A11;0;ghsl-ucdb. osm. wikidata
Germany;Burghausen;settlement;481.692;128.314;62;no;;A10. A11;0;cuisine. ghsl-ucdb. osm. wikidata
Germany;Duderstadt;settlement;515.131;102.595;61;no;;A11. A10;0;cuisine. ghsl-ucdb. osm. wikidata
Germany;Radolfzell;settlement;477.419;8.971;61;no;;A11. A2;2;ghsl-ucdb. osm. unesco-whs. wikidata
Germany;Neuenhagen;settlement;525.299;136.891;61;no;;A11;0;ghsl-ucdb. osm. wikidata
Germany;Halle (Saale);settlement;514.816;119.795;61;no;;A11;0;ghsl-ucdb. osm. wikidata
Germany;Ingolstadt;settlement;487.651;114.237;61;no;;A10. A11;0;ghsl-ucdb. osm. wikidata
Germany;Kelheim;settlement;489.173;118.862;61;no;;A10. A11;0;ghsl-ucdb. osm. wikidata
Germany;Wiesbaden;settlement;50.086;82.444;61;no;;A11;0;ghsl-ucdb. osm. wikidata
Germany;Nordhausen;settlement;515.018;107.957;61;no;;A11;0;cuisine. ghsl-ucdb. osm. wikidata
Germany;Gotha;settlement;509.482;107.019;61;no;;A11;0;cuisine. ghsl-ucdb. osm. wikidata
Germany;Mayen;settlement;50.328;72.228;61;no;;A11;0;ghsl-ucdb. osm. wikidata
Germany;Bad Wildungen;settlement;511.196;91.248;61;no;;A11. A9;0;cuisine. ghsl-ucdb. osm. wdpa. wikidata
Germany;Ilmenau;settlement;506.832;109.186;61;no;;A11;0;cuisine. ghsl-ucdb. osm. wikidata
Germany;Limburg an der Lahn;settlement;503.836;80.503;61;no;;A11;0;ghsl-ucdb. osm. wikidata
Germany;Meiningen;settlement;505.679;104.152;61;no;;A11;0;cuisine. ghsl-ucdb. osm. wikidata
Germany;Cuxhaven;settlement;538.683;8.699;61;no;;A9. A11;0;ghsl-ucdb. osm. wdpa. wikidata
Germany;Göttingen;settlement;515.344;99.323;60;no;;A11;0;cuisine. ghsl-ucdb. osm. wikidata
Germany;Memmingen;settlement;479.837;101.853;60;no;;A10. A11;0;ghsl-ucdb. osm. wikidata
Germany;Traunstein;settlement;478.683;126.433;60;no;;A11. A10;0;cuisine. ghsl-ucdb. osm. wikidata
Germany;Sonthofen;settlement;475.182;102.826;60;yes;19;A11. A10;0;ghsl-ucdb. osm. wdpa. wikidata
Germany;Braunschweig;settlement;522.659;105.267;60;no;;A11;0;ghsl-ucdb. osm. wikidata
Germany;Neustrelitz;settlement;533.602;130.726;59;no;;A11. A9;0;ghsl-ucdb. osm. wdpa. wikidata
Germany;Illertissen;settlement;482.234;101.035;59;no;;A10. A11;0;ghsl-ucdb. osm. wikidata
Germany;Schleswig;settlement;545.202;95.683;59;no;;A11;1;ghsl-ucdb. osm. unesco-whs. wikidata
Germany;Baunatal;settlement;512.518;94.075;59;no;;A11;1;cuisine. ghsl-ucdb. osm. unesco-whs. wikidata
Germany;Buchen in Odenwald;settlement;495.242;93.229;59;no;;A10. A11;0;ghsl-ucdb. osm. wikidata
Germany;Bad Reichenhall;settlement;477.295;128.782;59;no;;A11. A10;0;cuisine. ghsl-ucdb. osm. wdpa. wikidata
Germany;Kiel;settlement;543.213;101.349;59;no;;A11;0;ghsl-ucdb. osm. wikidata
Germany;Gera;settlement;508.803;120.819;59;no;;A11;0;ghsl-ucdb. osm. wikidata
Germany;Coburg;settlement;502.594;109.638;59;no;;A11;0;ghsl-ucdb. osm. wikidata
Germany;Forchheim;settlement;497.175;110.588;59;no;;A10. A11;0;ghsl-ucdb. osm. wikidata
Germany;Wismar;settlement;538.922;114.556;59;no;;A11;1;ghsl-ucdb. osm. unesco-whs. wikidata
Germany;Cottbus;settlement;517.577;143.289;59;no;;A11;0;ghsl-ucdb. osm. wdpa. wikidata
Germany;Flensburg;settlement;54.788;94.372;59;no;;A11;0;ghsl-ucdb. osm. wikidata
Germany;Mühldorf;settlement;482.467;125.215;58;no;;A10. A11;0;cuisine. ghsl-ucdb. osm. wikidata
Germany;Mühlhausen;settlement;51.209;104.527;58;no;;A11;0;cuisine. ghsl-ucdb. osm. wikidata
Germany;Emmendingen;settlement;48.121;78.536;58;no;;A11. A10;0;ghsl-ucdb. osm. wikidata
Germany;Ulm;settlement;483.984;99.916;58;no;;A11;0;ghsl-ucdb. osm. wikidata
Germany;Aschaffenburg;settlement;49.977;91.521;58;no;;A10. A11;0;ghsl-ucdb. osm. wikidata
Germany;Bad Salzungen;settlement;508.134;102.361;58;no;;A11;0;cuisine. ghsl-ucdb. osm. wikidata
Germany;Waldkirch;settlement;480.958;79.637;58;no;;A10. A11;0;ghsl-ucdb. osm. wikidata
Germany;Erding;settlement;48.306;119.069;58;no;;A10. A11;0;cuisine. ghsl-ucdb. osm. wikidata
Germany;Bad Dürkheim;settlement;494.618;81.724;58;no;;A11;0;ghsl-ucdb. osm. wikidata
Germany;Chemnitz;settlement;508.357;129.292;57;no;;A11;0;ghsl-ucdb. osm. wikidata
Germany;Ahrensburg;settlement;536.766;10.237;57;no;;A11;0;ghsl-ucdb. osm. wikidata
Germany;Hagen;settlement;513.608;74.717;57;no;;A11;0;ghsl-ucdb. osm. wikidata
Germany;Lahr;settlement;483.404;78.689;57;no;;A10. A11;0;ghsl-ucdb. osm. wikidata
Germany;Rathenow;settlement;526.066;12.337;57;no;;A11;0;ghsl-ucdb. osm. wdpa. wikidata
Germany;Fulda;settlement;505.516;96.752;57;no;;A11;0;cuisine. ghsl-ucdb. osm. wikidata
Germany;Suhl;settlement;506.091;10.694;57;no;;A11;0;cuisine. ghsl-ucdb. osm. wikidata
Germany;Mönchengladbach;settlement;511.854;64.417;57;no;;A11;0;ghsl-ucdb. osm. wikidata
Germany;Bielefeld;settlement;520.333;85.333;57;no;;A11;0;ghsl-ucdb. osm. wikidata
Germany;Landau in der Pfalz;settlement;491.984;81.169;57;no;;A11;0;ghsl-ucdb. osm. wikidata
Germany;Überlingen;settlement;477.698;91.714;56;no;;A10. A11;0;ghsl-ucdb. osm. wikidata
Germany;Filderstadt;settlement;48.657;92.205;56;no;;A11;0;ghsl-ucdb. osm. wikidata
Germany;Geesthacht;settlement;534.366;103.734;56;no;;A11;0;ghsl-ucdb. osm. wikidata
Germany;Heilbronn;settlement;491.399;92.205;56;no;;A10. A11;0;ghsl-ucdb. osm. wikidata
Germany;Waldkraiburg;settlement;482.085;123.989;56;no;;A10. A11;0;cuisine. ghsl-ucdb. osm. wikidata
Germany;Bremerhaven;settlement;535.536;85.755;56;no;;A11;0;ghsl-ucdb. osm. wikidata
Germany;Schramberg;settlement;48.224;83.858;56;no;;A11. A10;0;ghsl-ucdb. osm. wikidata
Germany;Schwäbisch Gmünd;settlement;487.995;97.981;56;no;;A11;1;ghsl-ucdb. osm. unesco-whs. wikidata
Germany;Kamenz;settlement;51.268;140.937;56;no;;A11. A10. A9;0;ghsl-ucdb. osm. wdpa. wikidata
Germany;Konstanz;settlement;476.603;91.758;56;no;;A11;0;ghsl-ucdb. osm. wikidata
Germany;Wolfsburg;settlement;524.245;107.815;56;no;;A11;0;ghsl-ucdb. osm. wdpa. wikidata
Germany;Bautzen;settlement;511.803;144.349;56;no;;A11;0;ghsl-ucdb. osm. wdpa. wikidata
Germany;Osnabrück;settlement;522.726;80.498;56;no;;A11;0;ghsl-ucdb. osm. wikidata
Germany;Aalen;settlement;488.378;100.933;56;no;;A10. A11;0;ghsl-ucdb. osm. wikidata
Germany;Löbau;settlement;510.995;146.674;56;no;;A11;1;ghsl-ucdb. osm. unesco-whs. wikidata
Germany;Zittau;settlement;508.977;148.076;55;no;;A11;0;cuisine. ghsl-ucdb. osm. wikidata
Germany;Marktredwitz;settlement;500.044;120.859;55;no;;A11. A10;0;ghsl-ucdb. osm. wikidata
Germany;Coswig;settlement;51.132;135.831;55;no;;A11;0;ghsl-ucdb. osm. wikidata
Germany;Hildesheim;settlement;521.508;99.511;55;no;;A11;1;ghsl-ucdb. osm. unesco-whs. wikidata
Germany;Schmalkalden;settlement;507.214;104.439;55;no;;A11;0;cuisine. ghsl-ucdb. osm. wikidata
Germany;Lüneburg;settlement;532.512;104.155;55;no;;A11;0;ghsl-ucdb. osm. wikidata
Germany;Günzburg;settlement;48.456;102.769;55;no;;A11. A10;0;ghsl-ucdb. osm. wikidata
Germany;Weiden;settlement;496.768;121.561;55;no;;A11. A10;0;ghsl-ucdb. osm. wikidata
Germany;Kempten (Allgäu);settlement;477.267;103.139;55;no;;A10. A11;0;ghsl-ucdb. osm. wikidata
Germany;Paderborn;settlement;517.191;87.544;55;no;;A11;0;ghsl-ucdb. osm. wikidata
Germany;Clausthal-Zellerfeld;settlement;518.095;103.382;55;no;;A11;1;ghsl-ucdb. osm. unesco-whs. wikidata
Germany;Bad Mergentheim;settlement;494.925;97.736;55;no;;A10. A11;0;ghsl-ucdb. osm. wikidata
Germany;Weilheim;settlement;478.415;111.548;55;no;;A11. A10;0;ghsl-ucdb. osm. wikidata
Germany;Hünfeld;settlement;506.797;97.673;54;no;;A11;0;cuisine. ghsl-ucdb. osm. wikidata
Germany;Landsberg am Lech;settlement;480.482;108.828;54;no;;A11. A10;0;ghsl-ucdb. osm. wikidata
Germany;Magdeburg;settlement;521.313;116.319;54;no;;A11;0;ghsl-ucdb. osm. wikidata
Germany;Weißenburg in Bayern;settlement;490.309;109.722;54;no;;A10. A11;0;ghsl-ucdb. osm. wikidata
Germany;Ansbach;settlement;493.048;105.931;54;no;;A11;0;ghsl-ucdb. osm. wikidata
Germany;Weinstadt-Endersbach;settlement;488.131;93.639;54;no;;A11;0;ghsl-ucdb. osm. wikidata
Germany;Kaiserslautern;settlement;49.443;77.716;54;no;;A11;0;ghsl-ucdb. osm. wikidata
Germany;Königs Wusterhausen;settlement;523.014;13.633;54;no;;A11;1;ghsl-ucdb. osm. unesco-whs. wikidata
Germany;Neustadt in Holstein;settlement;541.071;108.145;54;no;;A11;0;ghsl-ucdb. osm. wdpa. wikidata
Germany;Rastatt;settlement;488.585;82.096;54;no;;A11. A10;0;ghsl-ucdb. osm. wikidata
Germany;Reutlingen;settlement;484.914;92.043;54;no;;A11;0;ghsl-ucdb. osm. wikidata
Germany;Falkensee;settlement;525.601;130.927;54;no;;A11;0;ghsl-ucdb. osm. wdpa. wikidata
Germany;Schweinfurt;settlement;500.494;102.218;54;no;;A11;0;ghsl-ucdb. osm. wikidata
Germany;Bad Hersfeld;settlement;50.872;97.089;54;no;;A11;0;cuisine. ghsl-ucdb. osm. wikidata
Germany;Heide;settlement;541.956;90.974;54;no;;A11;0;ghsl-ucdb. osm. wikidata
Germany;Tübingen;settlement;485.227;90.522;54;no;;A11;0;ghsl-ucdb. osm. wikidata
Germany;Wetzlar;settlement;505.611;85.049;54;no;;A11;0;ghsl-ucdb. osm. wikidata
Germany;Ribnitz-Damgarten;settlement;542.422;124.567;54;no;;A11;0;ghsl-ucdb. osm. wdpa. wikidata
Germany;Ludwigsburg;settlement;488.973;91.916;54;no;;A11;0;ghsl-ucdb. osm. wikidata
Germany;Waldshut-Tiengen;settlement;476.232;82.172;54;no;;A11;0;cuisine. ghsl-ucdb. osm. wikidata
Germany;Dillingen an der Donau;settlement;485.815;104.953;54;no;;A10. A11;0;ghsl-ucdb. osm. wikidata
Germany;Saalfeld;settlement;506.483;113.654;54;no;;A11;0;ghsl-ucdb. osm. wikidata
Germany;Bad Kreuznach;settlement;498.414;78.671;54;no;;A11;0;ghsl-ucdb. osm. wikidata
Germany;Eschwege;settlement;511.839;100.533;54;no;;A11;0;cuisine. ghsl-ucdb. osm. wikidata
Germany;Pforzheim;settlement;488.844;86.989;54;no;;A11;0;ghsl-ucdb. osm. wikidata
Germany;Ludwigshafen am Rhein;settlement;494.812;84.464;54;no;;A10. A11;0;ghsl-ucdb. osm. wikidata
Germany;Templin;settlement;531.187;135.022;54;no;;A11;0;ghsl-ucdb. osm. wdpa. wikidata
Germany;Hof;settlement;50.313;119.126;54;yes;24;A11;0;ghsl-ucdb. osm. wikidata
Germany;Donauwörth;settlement;48.718;107.793;54;no;;A10. A11;0;ghsl-ucdb. osm. wikidata
Germany;Nördlingen;settlement;488.512;104.887;53;no;;A11. A10;0;ghsl-ucdb. osm. wikidata
Germany;Eisleben Lutherstadt;settlement;515.275;115.483;53;no;;A11;1;ghsl-ucdb. osm. unesco-whs. wikidata
Germany;Krefeld;settlement;513.364;65.538;53;no;;A11;0;ghsl-ucdb. osm. wikidata
Germany;Schwalmstadt;settlement;509.333;92.167;53;no;;A11;0;cuisine. ghsl-ucdb. osm. wikidata
Germany;Neufahrn bei Freising;settlement;483.159;116.632;53;no;;A11. A10;0;ghsl-ucdb. osm. wikidata
Germany;Unterkrozingen;settlement;479.193;76.905;53;no;;A11. A10;0;ghsl-ucdb. osm. wikidata
Germany;Freiberg;settlement;509.109;133.388;53;no;;A11;0;ghsl-ucdb. osm. wikidata
Germany;Neubrandenburg;settlement;535.573;13.261;53;no;;A10. A11;0;ghsl-ucdb. osm. wikidata
Germany;Heiligenhaus;settlement;513.266;69.711;53;no;;A11;0;ghsl-ucdb. osm. wikidata
Germany;Pfaffenhofen an der Ilm;settlement;485.305;11.505;53;no;;A10. A11;0;ghsl-ucdb. osm. wikidata
Germany;Lubnjow;settlement;518.622;139.517;53;no;;A11;0;ghsl-ucdb. osm. wdpa. wikidata
Germany;Itzehoe;settlement;53.921;95.153;53;no;;A11;0;ghsl-ucdb. osm. wdpa. wikidata
Germany;Gießen;settlement;505.873;86.755;53;no;;A11;0;ghsl-ucdb. osm. wikidata
Germany;Schwäbisch Hall;settlement;491.113;97.391;53;no;;A11. A10;0;ghsl-ucdb. osm. wikidata
Germany;Bruckmühl;settlement;478.786;11.911;53;no;;A11. A10;0;cuisine. ghsl-ucdb. osm. wikidata
Germany;Dingolfing;settlement;486.424;124.928;53;no;;A10. A11;0;cuisine. ghsl-ucdb. osm. wikidata
Germany;Saarbrücken;settlement;492.326;70.098;53;no;;A11;0;ghsl-ucdb. osm. wikidata
Germany;Brandenburg an der Havel;settlement;524.167;12.55;53;no;;A11;0;ghsl-ucdb. osm. wdpa. wikidata
Germany;Görlitz;settlement;511.552;149.885;53;no;;A11;0;ghsl-ucdb. osm. wikidata
Germany;Schwetzingen;settlement;493.822;85.823;53;no;;A11;0;ghsl-ucdb. osm. wikidata
Germany;Plauen;settlement;504.973;121.378;52;no;;A11;0;ghsl-ucdb. osm. wikidata
Germany;Worms;settlement;496.328;83.592;52;no;;A11;0;ghsl-ucdb. osm. wikidata
Germany;Bad Arolsen;settlement;513.798;90.145;52;no;;A11;0;cuisine. ghsl-ucdb. osm. wikidata
Germany;Pirna;settlement;509.584;13.937;52;no;;A11;0;ghsl-ucdb. osm. wikidata
Germany;Offenburg;settlement;484.738;7.945;52;no;;A11;0;ghsl-ucdb. osm
Germany;Lichtenfels;settlement;501.457;110.593;52;no;;A10. A11;0;ghsl-ucdb. osm. wikidata
Germany;Güstrow;settlement;537.972;121.734;52;no;;A11;0;ghsl-ucdb. osm. wikidata
Germany;Crailsheim;settlement;491.344;100.719;52;no;;A11;0;ghsl-ucdb. osm. wikidata
Germany;Heidenau;settlement;509.722;138.674;52;no;;A11;0;ghsl-ucdb. osm. wikidata
Germany;Alsfeld;settlement;507.518;92.708;52;no;;A11;0;cuisine. ghsl-ucdb. osm. wikidata
Germany;Oldenburg;settlement;531.404;82.148;52;no;;A11;0;ghsl-ucdb. osm. wikidata
Germany;Idar-Oberstein;settlement;497.144;73.078;52;no;;A11. A9;0;ghsl-ucdb. osm. wdpa. wikidata
Germany;Weilerswist;settlement;507.529;68.459;52;no;;A11;1;ghsl-ucdb. osm. unesco-whs. wikidata
Germany;Wernigerode;settlement;518.365;107.822;52;no;;A11;0;ghsl-ucdb. osm. wikidata
Germany;Marburg an der Lahn;settlement;50.809;87.707;52;no;;A11;0;ghsl-ucdb. osm. wikidata
Germany;Dieburg;settlement;498.974;88.461;52;no;;A11. A9;1;ghsl-ucdb. osm. unesco-whs. wikidata
Germany;Donaueschingen;settlement;479.551;84.971;52;no;;A11. A10;0;ghsl-ucdb. osm. wikidata
Germany;Annaberg-Buchholz;settlement;505.795;130.063;52;no;;A11;0;ghsl-ucdb. osm. wikidata
Germany;Amberg;settlement;494.429;118.627;52;no;;A10. A11;0;ghsl-ucdb. osm. wikidata
Germany;Witzenhausen;settlement;51.341;98.554;52;no;;A11;0;cuisine. ghsl-ucdb. osm. wikidata
Germany;Marienberg;settlement;506.505;131.612;52;no;;A11;0;ghsl-ucdb. osm. wikidata
Germany;Borna;settlement;511.242;124.964;52;no;;A11;0;ghsl-ucdb. osm. wikidata
Germany;Neuburg an der Donau;settlement;487.322;111.871;51;no;;A11. A10;0;ghsl-ucdb. osm. wikidata
Germany;Luckenwalde;settlement;520.903;131.677;51;no;;A11;0;ghsl-ucdb. osm. wdpa. wikidata
Germany;Gaggenau;settlement;48.8;83.333;51;no;;A11. A10;0;ghsl-ucdb. osm. wikidata
Germany;Waren;settlement;535.199;126.813;51;no;;A11. A9;0;ghsl-ucdb. osm. wdpa. wikidata
Germany;Lauf an der Pegnitz;settlement;495.139;112.825;51;no;;A11;0;ghsl-ucdb. osm. wikidata
Germany;Heppenheim an der Bergstrasse;settlement;496.414;86.321;51;no;;A11;1;ghsl-ucdb. osm. unesco-whs. wikidata
Germany;Rheinfelden;settlement;475.601;77.871;51;no;;A11;0;cuisine. ghsl-ucdb. osm. wikidata
Germany;Auerbach;settlement;505.115;124.008;51;no;;A11;0;ghsl-ucdb. osm. wikidata
Germany;Alfeld;settlement;519.838;98.199;51;no;;A11;1;ghsl-ucdb. osm. unesco-whs. wdpa. wikidata
Germany;Bad Kissingen;settlement;502.023;100.778;51;no;;A11;0;ghsl-ucdb. osm. wdpa. wikidata
Germany;Bad Säckingen;settlement;475.537;79.461;51;no;;A11;0;cuisine. ghsl-ucdb. osm. wikidata
Germany;Herzogenaurach;settlement;49.568;108.857;51;no;;A11;0;ghsl-ucdb. osm. wikidata
Germany;Wittenberg;settlement;518.661;126.497;51;no;;A11;0;ghsl-ucdb. osm. wdpa. wikidata
Germany;Erlangen;settlement;49.591;110.078;51;no;;A11;0;ghsl-ucdb. osm. wikidata
Germany;Selb;settlement;501.706;121.305;51;no;;A11;0;ghsl-ucdb. osm. wikidata
Germany;Parchim;settlement;534.263;118.488;51;yes;23;A11;0;ghsl-ucdb. osm. wikidata
Germany;Penzberg;settlement;477.529;11.377;51;no;;A11. A10;0;ghsl-ucdb. osm. wikidata
Germany;Zwickau;settlement;507.272;124.884;51;no;;A11;0;ghsl-ucdb. osm. wikidata
Germany;Lauda-Königshofen;settlement;495.653;97.082;50;no;;A10. A11;0;ghsl-ucdb. osm. wikidata
Germany;Giengen an der Brenz;settlement;486.222;102.431;50;no;;A10. A11;0;ghsl-ucdb. osm. wikidata
Germany;Ratekau;settlement;539.465;107.312;50;no;;A11;0;ghsl-ucdb. osm. wikidata
Germany;Calw;settlement;487.142;87.403;50;no;;A11;0;ghsl-ucdb. osm. wikidata
Germany;Olching;settlement;48.2;113.333;50;no;;A11;0;ghsl-ucdb. osm. wikidata
Germany;Bad Honnef;settlement;506.434;72.278;50;no;;A11;0;ghsl-ucdb. osm. wdpa. wikidata
Germany;Heilbad Heiligenstadt;settlement;513.782;101.374;50;no;;A11. A10;0;cuisine. ghsl-ucdb. osm. wikidata
Germany;Norden;settlement;535.955;72.062;50;no;;A11;0;ghsl-ucdb. osm. wdpa. wikidata
Germany;Bad Harzburg;settlement;518.827;105.616;50;no;;A11. A9;0;ghsl-ucdb. osm. wdpa. wikidata
Germany;Werder;settlement;523.787;12.934;50;no;;A11;0;ghsl-ucdb. osm. wikidata
Germany;Buchholz in der Nordheide;settlement;533.304;9.866;50;no;;A11;0;ghsl-ucdb. osm. wikidata
Germany;Fürstenfeldbruck;settlement;48.179;112.547;50;no;;A11. A10;0;ghsl-ucdb. osm. wikidata
Germany;Alzey;settlement;497.466;81.151;50;no;;A11;0;ghsl-ucdb. osm. wikidata
Germany;Hansestadt Salzwedel;settlement;52.853;111.529;50;no;;A11;0;ghsl-ucdb. osm. wikidata
Germany;Hannoversch Münden;settlement;514.151;96.505;50;no;;A11;0;cuisine. ghsl-ucdb. osm. wikidata
Germany;Fürstenwalde;settlement;523.607;140.618;50;no;;A11;0;ghsl-ucdb. osm. wikidata
Germany;Zeitz;settlement;510.496;121.369;50;no;;A11;0;ghsl-ucdb. osm. wikidata
Germany;Starnberg;settlement;480.019;113.442;50;no;;A10. A11;0;ghsl-ucdb. osm. wikidata
Germany;Stendal;settlement;526.058;118.609;50;no;;A11;0;ghsl-ucdb. osm. wikidata
Germany;Backnang;settlement;489.474;94.372;50;no;;A11;0;ghsl-ucdb. osm. wikidata
Germany;Sömmerda;settlement;511.591;111.152;49;no;;A11;0;cuisine. ghsl-ucdb. osm. wdpa. wikidata
Germany;Torgau;settlement;515.602;129.962;49;no;;A11;0;ghsl-ucdb. osm. wikidata
Germany;Wertheim;settlement;49.759;95.085;49;no;;A11;0;ghsl-ucdb. osm. wikidata
Germany;Singen;settlement;477.593;88.403;49;no;;A11. A10;0;ghsl-ucdb. osm. wikidata
Germany;Rendsburg;settlement;543.018;96.717;49;no;;A11. A10;0;ghsl-ucdb. osm. wikidata
Germany;Kulmbach;settlement;501.007;114.503;49;no;;A11;0;ghsl-ucdb. osm. wikidata
Germany;Bruchsal;settlement;491.243;8.598;49;no;;A11;0;ghsl-ucdb. osm. wikidata
Germany;Hanau am Main;settlement;501.342;89.142;49;no;;A11;0;ghsl-ucdb. osm. wikidata
Germany;Marktoberdorf;settlement;477.796;106.171;49;no;;A10. A11;0;ghsl-ucdb. osm. wikidata
Germany;Heidenheim an der Brenz;settlement;48.678;101.516;49;no;;A11;0;ghsl-ucdb. osm. wikidata
Germany;Öhringen;settlement;491.988;95.072;49;no;;A11;0;ghsl-ucdb. osm. wikidata
Germany;Neustadt an der Weinstraße;settlement;493.501;81.389;49;no;;A11;0;ghsl-ucdb. osm. wikidata
Germany;Altenburg;settlement;509.876;124.368;49;no;;A11;0;ghsl-ucdb. osm. wikidata
Germany;Brackenheim;settlement;490.779;9.066;49;no;;A11;0;ghsl-ucdb. osm. wikidata
Germany;Kronach;settlement;502.396;113.331;49;no;;A11. A10;0;ghsl-ucdb. osm. wikidata
Germany;Holzkirchen;settlement;478.766;117.018;49;no;;A10. A11;0;ghsl-ucdb. osm. wikidata
Germany;Schwandorf in Bayern;settlement;493.253;121.098;49;no;;A11;0;ghsl-ucdb. osm. wikidata
Germany;Sonneberg;settlement;503.592;111.746;49;no;;A11;0;ghsl-ucdb. osm. wikidata
Germany;Weißwasser;settlement;51.504;146.402;49;no;;A11;1;ghsl-ucdb. osm. unesco-whs. wikidata
Germany;Mittweida;settlement;509.862;129.754;49;no;;A11;0;ghsl-ucdb. osm. wikidata
Germany;Bad Aibling;settlement;478.638;120.106;48;no;;A10. A11;0;cuisine. ghsl-ucdb. osm. wikidata
Germany;Bietigheim-Bissingen;settlement;489.441;91.175;48;no;;A11;0;ghsl-ucdb. osm. wikidata
Germany;Radeberg;settlement;511.111;13.912;48;no;;A11;0;ghsl-ucdb. osm. wikidata
Germany;Gifhorn;settlement;524.777;105.511;48;no;;A11;0;ghsl-ucdb. osm. wdpa. wikidata
Germany;Sangerhausen;settlement;514.722;112.953;48;no;;A11;0;ghsl-ucdb. osm. wdpa. wikidata
Germany;Sulzbach-Rosenberg;settlement;495.013;11.746;48;no;;A11;0;ghsl-ucdb. osm. wikidata
Germany;Schorndorf;settlement;488.054;95.272;48;no;;A11;0;ghsl-ucdb. osm. wikidata
Germany;Neuwied;settlement;504.336;74.706;48;no;;A11;0;ghsl-ucdb. osm. wikidata
Germany;Friedrichshafen;settlement;476.569;94.755;48;no;;A11;0;ghsl-ucdb. osm. wikidata
Germany;Bad Waldsee;settlement;479.203;97.549;48;no;;A10. A11;0;ghsl-ucdb. osm. wikidata
Germany;Hohenstein-Ernstthal;settlement;508.006;127.129;48;no;;A11;0;ghsl-ucdb. osm. wikidata
Germany;Wilhelmshaven;settlement;535.476;81.039;48;no;;A11;0;ghsl-ucdb. osm. wikidata
Germany;Northeim;settlement;517.066;10;48;no;;A11;0;cuisine. ghsl-ucdb. osm. wikidata
Germany;Zeulenroda-Triebes;settlement;506.503;119.838;48;no;;A11;0;ghsl-ucdb. osm. wikidata
Germany;Wittmund;settlement;535.768;77.757;48;no;;A11. A9;0;ghsl-ucdb. osm. wdpa. wikidata
Germany;Wolfenbüttel;settlement;521.644;10.541;48;no;;A11;0;ghsl-ucdb. osm. wikidata
Germany;Künzelsau;settlement;492.818;96.835;48;no;;A11;0;ghsl-ucdb. osm. wikidata
Germany;Bad Langensalza;settlement;511.077;10.646;48;no;;A11;0;cuisine. ghsl-ucdb. osm. wikidata
Germany;Michelstadt;settlement;496.757;90.037;48;no;;A11;0;ghsl-ucdb. osm. wikidata
Germany;Schneeberg;settlement;505.947;126.414;48;no;;A11;1;ghsl-ucdb. osm. unesco-whs. wikidata
Germany;Eckernförde;settlement;544.685;98.382;48;no;;A11;0;ghsl-ucdb. osm. wikidata
Germany;Korbach;settlement;512.756;8.873;48;no;;A11;0;cuisine. ghsl-ucdb. osm. wikidata
Germany;Riedstadt;settlement;498.341;84.962;47;no;;A11;0;ghsl-ucdb. osm. wikidata
Germany;Geislingen an der Steige;settlement;486.242;98.274;47;no;;A11;0;ghsl-ucdb. osm. wikidata
Germany;Sinzig;settlement;505.438;72.464;47;no;;A11;0;ghsl-ucdb. osm. wikidata
Germany;Eberswalde;settlement;528.349;138.195;47;no;;A11;0;ghsl-ucdb. osm. wdpa. wikidata
Germany;Lohmar;settlement;508.387;7.214;47;no;;A11;0;ghsl-ucdb. osm. wikidata
Germany;Döbeln;settlement;511.221;131.103;47;no;;A11;0;ghsl-ucdb. osm. wikidata
Germany;Frankenberg;settlement;510.589;88.008;47;no;;A11;0;cuisine. ghsl-ucdb. osm. wikidata
Germany;Köthen;settlement;517.518;119.709;47;no;;A11;0;ghsl-ucdb. osm. wikidata
Germany;Crimmitschau;settlement;508.164;123.904;47;no;;A11;0;ghsl-ucdb. osm. wikidata
Germany;Remagen;settlement;505.788;7.227;47;no;;A11. A10;1;ghsl-ucdb. osm. unesco-whs. wikidata
Germany;Neuruppin;settlement;529.282;128.031;47;no;;A11;0;ghsl-ucdb. osm. wdpa. wikidata
Germany;Achern;settlement;486.311;80.761;47;no;;A11;0;ghsl-ucdb. osm. wikidata
Germany;Villingen-Schwenningen;settlement;480.623;84.936;47;no;;A11;0;ghsl-ucdb. osm. wikidata
Germany;Ellwangen;settlement;489.616;101.317;46;no;;A10. A11;0;ghsl-ucdb. osm. wikidata
Germany;Mössingen;settlement;484.057;90.542;46;no;;A11;0;ghsl-ucdb. osm. wikidata
Germany;Steinfurt;settlement;521.504;73.366;46;no;;A11. A10;0;ghsl-ucdb. osm. wikidata
Germany;Trossingen;settlement;480.767;86.441;46;no;;A11. A10;0;ghsl-ucdb. osm. wikidata
Germany;Böblingen;settlement;486.821;90.117;46;no;;A11;0;ghsl-ucdb. osm. wikidata
Germany;Quickborn;settlement;537.282;99.108;46;no;;A11;0;ghsl-ucdb. osm
Germany;Moosburg;settlement;484.709;119.381;46;no;;A11;0;cuisine. ghsl-ucdb. osm. wikidata
Germany;Wedel;settlement;535.837;96.983;46;no;;A11;0;ghsl-ucdb. osm. wikidata
Germany;Sigmaringen;settlement;480.883;92.303;46;no;;A11;0;ghsl-ucdb. osm. wikidata
Germany;Winnenden;settlement;488.756;93.982;46;no;;A11;0;ghsl-ucdb. osm. wikidata
Germany;Großostheim;settlement;499.198;9.076;46;no;;A11;0;ghsl-ucdb. osm. wikidata
Germany;Grimma;settlement;512.337;127.196;46;no;;A11;0;ghsl-ucdb. osm. wikidata
Germany;Wiesloch;settlement;49.295;86.985;46;no;;A11;0;ghsl-ucdb. osm. wikidata
Germany;Wangen;settlement;476.895;98.325;46;no;;A11. A10;0;ghsl-ucdb. osm. wikidata
Germany;Springe;settlement;522.084;95.542;46;no;;A11;0;ghsl-ucdb. osm. wikidata
Germany;Wittenberge;settlement;530.001;117.494;46;no;;A11;0;ghsl-ucdb. osm. wdpa. wikidata
Germany;Rudolstadt;settlement;507.204;113.405;46;no;;A11;0;ghsl-ucdb. osm. wikidata
Germany;Bühl;settlement;486.968;81.352;46;no;;A11;0;ghsl-ucdb. osm. wikidata
Germany;Sprockhövel;settlement;513.467;72.434;46;no;;A11;0;ghsl-ucdb. osm. wikidata
Germany;Meissen;settlement;511.616;134.737;46;no;;A11;0;ghsl-ucdb. osm. wikidata
Germany;Siegen;settlement;508.748;80.243;46;no;;A11;0;ghsl-ucdb. osm. wikidata
Germany;Kirchheim unter Teck;settlement;486.468;94.538;46;no;;A11;0;ghsl-ucdb. osm. wikidata
Germany;Senden;settlement;483.244;100.444;46;no;;A11. A10;0;ghsl-ucdb. osm. wikidata
Germany;Bramsche;settlement;524.084;79.833;46;no;;A11. A10;0;ghsl-ucdb. osm. wikidata
Germany;Sondershausen;settlement;513.697;108.701;46;no;;A11;0;cuisine. ghsl-ucdb. osm. wikidata
Germany;Herrenberg;settlement;485.952;88.665;46;no;;A11;0;ghsl-ucdb. osm. wikidata
Germany;Bernau bei Berlin;settlement;526.798;135.871;46;no;;A11;0;ghsl-ucdb. osm. wikidata
Germany;Eschweiler;settlement;508.185;62.718;46;no;;A11;0;ghsl-ucdb. osm. wdpa. wikidata
Germany;Limbach-Oberfrohna;settlement;508.588;127.616;45;no;;A11;0;ghsl-ucdb. osm. wikidata
Germany;Leer;settlement;532.316;7.461;45;no;;A11;0;ghsl-ucdb. osm. wikidata
Germany;Celle;settlement;526.226;100.805;45;no;;A11;0;ghsl-ucdb. osm. wikidata
Germany;Merseburg;settlement;513.548;119.892;45;no;;A11;0;ghsl-ucdb. osm. wikidata
Germany;Weinheim;settlement;495.489;8.667;45;no;;A11;0;ghsl-ucdb. osm. wikidata
Germany;Detmold;settlement;519.385;88.732;45;no;;A11;0;ghsl-ucdb. osm. wikidata
Germany;Gilching;settlement;481.076;112.936;45;no;;A11;0;ghsl-ucdb. osm. wikidata
Germany;Neustadt am Rübenberge;settlement;525.046;94.587;45;no;;A11;0;ghsl-ucdb. osm. wdpa
Germany;Solingen;settlement;511.734;70.845;45;no;;A11;0;ghsl-ucdb. osm. wikidata
Germany;Gunzenhausen;settlement;491.166;107.597;45;no;;A11;0;ghsl-ucdb. osm. wikidata
Germany;Kladow;settlement;524.542;131.445;45;no;;A11;0;ghsl-ucdb. osm. wikidata
Germany;Warstein;settlement;514.449;83.485;45;no;;A11;0;ghsl-ucdb. osm. wikidata
Germany;Uelzen;settlement;529.645;10.567;45;no;;A11;0;ghsl-ucdb. osm. wikidata
Germany;Freising;settlement;484.035;117.488;45;no;;A11. A10;0;ghsl-ucdb. osm. wikidata
Germany;Germersheim;settlement;492.144;83.669;45;no;;A11;0;ghsl-ucdb. osm. wikidata
Germany;Bad Neuenahr-Ahrweiler;settlement;505.432;71.113;45;no;;A11;0;ghsl-ucdb. osm. wikidata
Germany;Oschersleben;settlement;520.304;11.229;45;no;;A11;0;ghsl-ucdb. osm. wikidata
Germany;Friesoythe;settlement;530.205;78.588;45;no;;A11;0;ghsl-ucdb. osm. wdpa. wikidata
Germany;Wunstorf;settlement;524.238;94.359;45;no;;A11;0;ghsl-ucdb. osm. wikidata
Germany;Hofgeismar;settlement;514.961;9.385;45;no;;A11;0;cuisine. ghsl-ucdb. osm. wikidata
Germany;Rüsselsheim am Main;settlement;499.896;84.225;45;no;;A11;0;ghsl-ucdb. osm. wikidata
Germany;Bad Driburg;settlement;51.733;90.197;45;no;;A11;0;ghsl-ucdb. osm. wikidata
Germany;Freilassing;settlement;478.409;129.811;45;no;;A11. A10;0;cuisine. ghsl-ucdb. osm. wikidata
Germany;Nienburg;settlement;526.444;92.166;45;no;;A11;0;ghsl-ucdb. osm
Germany;Bretten;settlement;490.369;87.074;45;no;;A11;0;ghsl-ucdb. osm. wikidata
Germany;Wendlingen am Neckar;settlement;486.712;93.763;45;no;;A11;0;ghsl-ucdb. osm. wikidata
Germany;Nürtingen;settlement;486.257;9.342;45;no;;A11;0;ghsl-ucdb. osm. wikidata
Germany;Beverungen;settlement;51.668;93.742;44;no;;A11;0;cuisine. ghsl-ucdb. osm. wikidata
Germany;Buxtehude;settlement;534.699;96.897;44;no;;A11;0;ghsl-ucdb. osm
Germany;Nieder-Ingelheim;settlement;499.776;80.725;44;no;;A11. A10;0;ghsl-ucdb. osm. wikidata
Germany;Warendorf;settlement;519.511;79.876;44;no;;A11;0;ghsl-ucdb. osm
Germany;Hilden;settlement;511.682;69.309;44;no;;A11;0;ghsl-ucdb. osm. wikidata
Germany;Nagold;settlement;485.498;87.237;44;no;;A11;0;ghsl-ucdb. osm. wikidata
Germany;Uslar;settlement;516.569;9.635;44;no;;A11;0;cuisine. ghsl-ucdb. osm. wikidata
Germany;Göppingen;settlement;487.035;96.521;44;no;;A11;0;ghsl-ucdb. osm. wikidata
Germany;Rotenburg;settlement;531.103;94.036;44;no;;A11;0;ghsl-ucdb. osm. wdpa. wikidata
Germany;Sankt Wendel;settlement;494.663;71.681;44;no;;A11;0;ghsl-ucdb. osm. wikidata
Germany;Laupheim;settlement;482.279;98.787;44;no;;A11;0;ghsl-ucdb. osm
Germany;Einbeck;settlement;518.202;98.696;44;no;;A11;0;ghsl-ucdb. osm. wikidata
Germany;Schifferstadt;settlement;493.842;83.775;44;no;;A11;0;ghsl-ucdb. osm. wikidata
Germany;Bad Nauheim;settlement;503.646;87.386;44;no;;A11;0;ghsl-ucdb. osm. wikidata
Germany;Renningen;settlement;487.697;89.387;44;no;;A11;0;ghsl-ucdb. osm. wikidata
Germany;Oberkirch;settlement;485.324;80.786;44;no;;A11. A10;0;ghsl-ucdb. osm. wikidata
Germany;Helmstedt;settlement;522.279;110.099;44;no;;A11;0;ghsl-ucdb. osm. wdpa. wikidata
Germany;Gladbeck;settlement;515.708;69.859;44;no;;A11;0;ghsl-ucdb. osm. wikidata
Germany;Hamm;settlement;516.803;78.209;44;no;;A11;0;ghsl-ucdb. osm. wikidata
Germany;Neubrück;settlement;511.343;66.386;44;no;;A11;0;ghsl-ucdb. osm. wikidata
Germany;Burg bei Magdeburg;settlement;522.715;118.549;44;no;;A11;0;ghsl-ucdb. osm. wikidata
Germany;Soest;settlement;515.756;81.062;44;no;;A11;0;ghsl-ucdb. osm. wikidata
Germany;Soltau;settlement;529.854;98.398;44;no;;A11;0;ghsl-ucdb. osm. wikidata
Germany;Alzenau in Unterfranken;settlement;500.888;90.646;44;no;;A10. A11;0;ghsl-ucdb. osm. wikidata
Germany;Hameln;settlement;52.104;93.562;43;no;;A11;0;ghsl-ucdb. osm. wikidata
Germany;Roth;settlement;492.476;110.911;43;no;;A11;0;ghsl-ucdb. osm. wikidata
Germany;Schwarzenberg;settlement;505.379;127.852;43;no;;A11;0;ghsl-ucdb. osm. wikidata
Germany;Gelnhausen;settlement;502.016;91.874;43;no;;A11;0;ghsl-ucdb. osm. wikidata
Germany;Lüdenscheid;settlement;512.198;76.273;43;no;;A11;0;ghsl-ucdb. osm. wikidata
Germany;Mosbach;settlement;493.536;91.511;43;no;;A11;0;ghsl-ucdb. osm. wikidata
Germany;Riesa;settlement;513.078;132.917;43;no;;A11;0;ghsl-ucdb. osm. wdpa. wikidata
Germany;Kerpen;settlement;508.699;66.969;43;no;;A11;0;ghsl-ucdb. osm. wikidata
Germany;Neumünster;settlement;54.074;99.846;43;no;;A11;0;ghsl-ucdb. osm. wikidata
Germany;Merzig;settlement;494.433;66.387;43;no;;A11;0;ghsl-ucdb. osm. wikidata
Germany;Goslar;settlement;519.042;104.277;43;no;;A11;0;ghsl-ucdb. osm. wikidata
Germany;Eisenhüttenstadt;settlement;52.15;14.65;43;no;;A11;0;ghsl-ucdb. osm. wikidata
Germany;Blankenfelde-Mahlow;settlement;523.364;134.132;43;no;;A11;0;ghsl-ucdb. osm. wikidata
Germany;Rottweil;settlement;481.678;86.272;43;no;;A11;0;ghsl-ucdb. osm. wikidata
Germany;Schwabach;settlement;493.305;110.235;43;no;;A11;0;ghsl-ucdb. osm. wikidata
Germany;Bad Saulgau;settlement;480.168;95.006;43;no;;A11;0;ghsl-ucdb. osm. wikidata
Germany;Cloppenburg;settlement;528.475;80.474;43;no;;A11;0;ghsl-ucdb. osm
Germany;Lindau;settlement;475.461;96.843;43;no;;A10. A11;0;ghsl-ucdb. osm. wikidata
Germany;Bad Rappenau;settlement;492.385;91.018;43;no;;A11;0;ghsl-ucdb. osm. wikidata
Germany;Leutkirch;settlement;478.267;100.205;43;no;;A11. A10;0;ghsl-ucdb. osm. wikidata
Germany;Halle;settlement;520.601;83.608;43;no;;A11;0;ghsl-ucdb. osm. wikidata
Germany;Aurich;settlement;534.696;74.824;43;no;;A11;0;ghsl-ucdb. osm. wikidata
Germany;Waghäusel;settlement;492.499;85.126;43;no;;A11;0;ghsl-ucdb. osm. wikidata
Germany;Lippstadt;settlement;516.737;83.448;43;no;;A11;0;ghsl-ucdb. osm. wikidata
Germany;Sinsheim;settlement;492.529;88.787;43;no;;A11;0;ghsl-ucdb. osm. wikidata
Germany;Rheine;settlement;522.851;74.405;43;no;;A11;0;ghsl-ucdb. osm. wikidata
Germany;Nidda;settlement;504.133;90.064;43;no;;A11;0;ghsl-ucdb. osm. wikidata
Germany;Langen;settlement;499.896;86.685;42;no;;A11;0;ghsl-ucdb. osm. wikidata
Germany;Wermelskirchen;settlement;511.397;72.158;42;no;;A11;0;ghsl-ucdb. osm. wikidata
Germany;Blankenburg;settlement;517.903;109.551;42;no;;A11;0;ghsl-ucdb. osm. wikidata
Germany;Ravensburg;settlement;47.782;96.106;42;no;;A11;0;ghsl-ucdb. osm. wikidata
Germany;Bad Tölz;settlement;477.611;115.589;42;no;;A11;0;ghsl-ucdb. osm. wdpa. wikidata
Germany;Bensheim;settlement;496.837;86.184;42;no;;A11;0;ghsl-ucdb. osm. wikidata
Germany;Elmshorn;settlement;537.491;96.618;42;no;;A11;0;ghsl-ucdb. osm
Germany;Stadthagen;settlement;523.233;92.031;42;no;;A11;0;ghsl-ucdb. osm. wikidata
Germany;Recklinghausen;settlement;516.138;71.974;42;no;;A11;0;ghsl-ucdb. osm. wikidata
Germany;Apolda;settlement;510.262;115.164;42;no;;A11;0;ghsl-ucdb. osm. wikidata
Germany;Oranienburg;settlement;52.748;132.519;42;no;;A11;0;ghsl-ucdb. osm. wikidata
Germany;Hansestadt Stade;settlement;535.941;9.473;42;no;;A11;0;ghsl-ucdb. osm. wdpa. wikidata
Germany;Schönebeck;settlement;520.168;117.307;42;no;;A11;0;ghsl-ucdb. osm. wikidata
Germany;Altdorf bei Nürnberg;settlement;493.856;113.573;42;no;;A11. A10;0;ghsl-ucdb. osm. wikidata
Germany;Euskirchen;settlement;506.606;67.872;42;no;;A11;0;ghsl-ucdb. osm. wikidata
Germany;Rottenburg;settlement;484.763;89.353;42;no;;A11;0;ghsl-ucdb. osm. wikidata
Germany;Idstein;settlement;502.177;82.668;42;no;;A11;0;ghsl-ucdb. osm. wikidata
Germany;Freudenberg;settlement;508.974;78.742;42;no;;A11;0;ghsl-ucdb. osm. wikidata
Germany;Andernach;settlement;504.311;74.043;42;no;;A11;0;ghsl-ucdb. osm. wikidata
Germany;Hennef (Sieg);settlement;507.756;72.831;42;no;;A11;0;ghsl-ucdb. osm. wikidata
Germany;Sindelfingen;settlement;48.7;90.167;42;no;;A11;0;ghsl-ucdb. osm. wikidata
Germany;Rahden;settlement;524.342;86.127;42;no;;A11;0;ghsl-ucdb. osm. wdpa. wikidata
Germany;Gummersbach;settlement;510.261;75.647;42;no;;A10. A11;0;ghsl-ucdb. osm. wikidata
Germany;Kleve;settlement;517.883;61.387;42;no;;A11;0;ghsl-ucdb. osm. wdpa. wikidata
Germany;Walsrode;settlement;52.861;95.928;41;no;;A11;0;ghsl-ucdb. osm. wikidata
Germany;Schopfheim;settlement;47.651;78.209;41;no;;A11. A10;0;ghsl-ucdb. osm. wdpa. wikidata
Germany;Bremervörde;settlement;534.851;91.464;41;no;;A11;0;ghsl-ucdb. osm. wdpa. wikidata
Germany;Biberach an der Riß;settlement;480.934;97.905;41;no;;A11. A10;0;ghsl-ucdb. osm. wikidata
Germany;Düren;settlement;508.043;6.493;41;no;;A11;0;ghsl-ucdb. osm. wikidata
Germany;Schortens;settlement;53.538;79.477;41;no;;A11;0;ghsl-ucdb. osm. wikidata
Germany;Neue Neustadt;settlement;52.15;116.333;41;no;;A11;0;ghsl-ucdb. osm. wikidata
Germany;Oyten;settlement;53.055;90.199;41;no;;A11;0;ghsl-ucdb. osm
Germany;Herborn;settlement;506.814;83.037;41;no;;A11;0;ghsl-ucdb. osm. wikidata
Germany;Prenzlau;settlement;53.317;13.864;41;no;;A11;0;ghsl-ucdb. osm. wdpa. wikidata
Germany;Strausberg;settlement;525.786;138.874;41;no;;A11;0;ghsl-ucdb. osm. wikidata
Germany;Mölln;settlement;536.207;106.875;41;no;;A11;0;ghsl-ucdb. osm. wikidata
Germany;Meerane;settlement;508.469;124.647;41;no;;A11;0;ghsl-ucdb. osm. wikidata
Germany;Kempen;settlement;513.643;64.186;41;no;;A11;0;ghsl-ucdb. osm. wikidata
Germany;Lohne;settlement;526.656;82.383;41;no;;A11;0;ghsl-ucdb. osm
Germany;Haldensleben I;settlement;522.891;114.098;41;no;;A11;0;ghsl-ucdb. osm. wikidata
Germany;Tettnang;settlement;476.686;95.913;41;no;;A11;0;ghsl-ucdb. osm
Germany;Bünde;settlement;521.984;85.864;41;no;;A11;0;ghsl-ucdb. osm. wikidata
Germany;Wurzen;settlement;513.707;127.394;41;no;;A11;0;ghsl-ucdb. osm. wikidata
Germany;Wadern;settlement;495.412;68.877;41;no;;A11;0;ghsl-ucdb. osm. wikidata
Germany;Vaihingen an der Enz;settlement;489.356;89.604;40;no;;A11;0;ghsl-ucdb. osm. wikidata
Germany;Nettetal;settlement;513.167;62.833;40;no;;A11;0;ghsl-ucdb. osm. wikidata
Germany;Weil der Stadt;settlement;487.495;88.718;40;no;;A11;0;ghsl-ucdb. osm. wikidata
Germany;Karlstadt;settlement;499.603;97.724;40;no;;A10. A11;0;ghsl-ucdb. osm. wikidata
Germany;Aue;settlement;505.903;127.066;40;no;;A11;0;ghsl-ucdb. osm. wikidata
Germany;Verden;settlement;529.233;9.238;40;no;;A11;0;ghsl-ucdb. osm. wikidata
Germany;Bad Segeberg;settlement;539.378;103.074;40;no;;A11;0;ghsl-ucdb. osm. wikidata
Germany;Müllheim;settlement;478.082;76.303;40;no;;A11;0;ghsl-ucdb. osm. wikidata
Germany;Bergheim;settlement;509.557;66.399;40;no;;A11;0;ghsl-ucdb. osm. wikidata
Germany;Frankfurt (Oder);settlement;523.471;145.506;40;no;;A11;0;ghsl-ucdb. osm. wikidata
Germany;Petershagen;settlement;523.751;89.654;40;no;;A11;0;ghsl-ucdb. osm. wikidata
Germany;Minden;settlement;522.895;89.146;40;no;;A11;0;ghsl-ucdb. osm. wikidata
Germany;Varel;settlement;533.969;81.362;40;no;;A11;0;ghsl-ucdb. osm. wikidata
Germany;Horb am Neckar;settlement;484.442;86.913;40;no;;A11;0;ghsl-ucdb. osm. wikidata
Germany;Oerlinghausen;settlement;519.545;86.622;40;no;;A11;0;ghsl-ucdb. osm. wikidata
Germany;Rheinbach;settlement;506.256;69.491;40;no;;A11;0;ghsl-ucdb. osm. wikidata
Germany;Haiger;settlement;507.416;82.078;40;no;;A11;0;ghsl-ucdb. osm. wikidata
Germany;Bad Lippspringe;settlement;517.833;88.168;40;no;;A11;0;ghsl-ucdb. osm. wikidata
Germany;Hoyerswerda;settlement;514.379;142.355;40;no;;A11;0;ghsl-ucdb. osm. wikidata
Germany;Dorsten;settlement;516.617;69.651;40;no;;A11;0;ghsl-ucdb. osm. wikidata
Germany;Baiersbronn;settlement;485.032;8.377;40;no;;A11. A9;0;ghsl-ucdb. osm. wdpa. wikidata
Germany;Winsen;settlement;533.578;102.116;40;no;;A11;0;ghsl-ucdb. osm. wikidata
Germany;Bocholt;settlement;518.388;66.153;40;no;;A11;0;ghsl-ucdb. osm. wikidata
Germany;Buer;settlement;515.774;70.518;40;no;;A11;0;ghsl-ucdb. osm. wikidata
Germany;Kirchhain;settlement;508.272;89.281;40;no;;A11;0;cuisine. ghsl-ucdb. osm. wikidata
Germany;Ibbenbueren;settlement;522.796;77.146;40;no;;A11;0;ghsl-ucdb. osm. wikidata
Germany;Borken;settlement;518.438;68.577;39;no;;A11;0;ghsl-ucdb. osm. wikidata
Germany;Haren;settlement;527.931;72.413;39;no;;A11;0;ghsl-ucdb. osm. wdpa. wikidata
Germany;Peine;settlement;523.193;102.352;39;no;;A11;0;ghsl-ucdb. osm
Germany;Ingelheim am Rhein;settlement;499.708;80.588;39;no;;A11;0;ghsl-ucdb. osm. wikidata
Germany;Monheim am Rhein;settlement;510.916;68.922;39;no;;A11;0;ghsl-ucdb. osm. wikidata
Germany;Warburg;settlement;514.901;91.464;39;no;;A11;0;cuisine. ghsl-ucdb. osm. wikidata
Germany;Bad Soden am Taunus;settlement;501.408;85.045;39;no;;A11;0;ghsl-ucdb. osm. wikidata
Germany;Rastede;settlement;532.451;81.972;39;no;;A11;0;ghsl-ucdb. osm. wikidata
Germany;Schrobenhausen;settlement;485.607;112.607;39;no;;A11;0;ghsl-ucdb. osm. wikidata
Germany;Erkelenz;settlement;510.795;63.153;39;no;;A11;0;ghsl-ucdb. osm. wikidata
Germany;Eitorf;settlement;507.667;7.45;39;no;;A11;0;ghsl-ucdb. osm. wikidata
Germany;Dillenburg;settlement;507.411;8.287;39;no;;A11;0;ghsl-ucdb. osm. wikidata
Germany;Lingen;settlement;525.227;73.255;39;no;;A11;0;ghsl-ucdb. osm. wikidata
Germany;Friedberg;settlement;503.374;87.559;39;no;;A11;0;ghsl-ucdb. osm. wikidata
Germany;Seesen;settlement;518.909;101.785;39;no;;A11;0;ghsl-ucdb. osm. wikidata
Germany;Stadtallendorf;settlement;508.226;90.129;39;no;;A11;0;cuisine. ghsl-ucdb. osm. wikidata
Germany;Ahlen;settlement;517.634;78.887;39;no;;A11;0;ghsl-ucdb. osm. wikidata
Germany;Eberbach;settlement;494.668;89.902;39;no;;A11;0;ghsl-ucdb. osm. wikidata
Germany;Wildeshausen;settlement;528.945;84.337;39;no;;A11;0;ghsl-ucdb. osm
Germany;Bückeburg;settlement;522.606;90.494;39;no;;A11;0;ghsl-ucdb. osm. wikidata
Germany;Lübbecke;settlement;52.307;86.142;39;no;;A11;0;ghsl-ucdb. osm
Germany;Hattersheim;settlement;500.691;84.863;39;no;;A11;0;ghsl-ucdb. osm. wikidata
Germany;Butzbach;settlement;50.434;86.712;39;no;;A11;0;ghsl-ucdb. osm. wikidata
Germany;Leichlingen;settlement;511.063;70.187;39;no;;A11;0;ghsl-ucdb. osm
Germany;Weingarten;settlement;478.101;96.386;39;no;;A11;0;ghsl-ucdb. osm. wikidata
Germany;Albstadt;settlement;482.164;9.026;39;no;;A11;0;ghsl-ucdb. osm. wikidata
Germany;Herford;settlement;521.146;86.734;39;no;;A11;0;ghsl-ucdb. osm. wikidata
Germany;Greiz;settlement;506.578;121.992;39;no;;A11;0;ghsl-ucdb. osm. wikidata
Germany;Eutin;settlement;54.135;106.115;38;no;;A11;0;ghsl-ucdb. osm. wikidata
Germany;Overath;settlement;509.327;72.839;38;no;;A11;0;ghsl-ucdb. osm. wikidata
Germany;Syke;settlement;529.134;88.221;38;no;;A11;0;ghsl-ucdb. osm. wikidata
Germany;Hockenheim;settlement;493.233;85.519;38;no;;A11;0;ghsl-ucdb. osm. wikidata
Germany;Hennigsdorf;settlement;52.636;132.042;38;no;;A11;0;ghsl-ucdb. osm. wikidata
Germany;Kehl;settlement;48.573;78.152;38;no;;A11;0;ghsl-ucdb. osm. wdpa. wikidata
Germany;Lohr am Main;settlement;499.892;95.722;38;no;;A11;0;ghsl-ucdb. osm. wikidata
Germany;Dinslaken;settlement;515.623;67.434;38;no;;A11;0;ghsl-ucdb. osm
Germany;Lemgo;settlement;520.279;8.899;38;no;;A11;0;ghsl-ucdb. osm. wikidata
Germany;Zülpich;settlement;506.945;66.541;38;no;;A11;0;ghsl-ucdb. osm. wikidata
Germany;Delmenhorst;settlement;530.511;86.309;38;no;;A11;0;ghsl-ucdb. osm
Germany;Preetz;settlement;542.358;102.793;38;no;;A11;0;ghsl-ucdb. osm. wikidata
Germany;Eilenburg;settlement;514.598;126.334;38;no;;A11;0;ghsl-ucdb. osm. wdpa. wikidata
Germany;Salzkotten;settlement;516.717;86.009;38;no;;A11;0;ghsl-ucdb. osm. wikidata
Germany;Beckum;settlement;517.557;80.407;38;no;;A11;0;ghsl-ucdb. osm
Germany;Kaltenkirchen;settlement;538.324;99.604;38;no;;A11;0;ghsl-ucdb. osm
Germany;Balingen;settlement;482.752;88.546;38;no;;A11. A10;0;ghsl-ucdb. osm. wikidata
Germany;Hohen Neuendorf;settlement;526.774;132.789;37;no;;A11;0;ghsl-ucdb. osm. wikidata
Germany;Greven;settlement;520.936;7.594;37;no;;A11;0;ghsl-ucdb. osm. wikidata
Germany;Wilnsdorf;settlement;508.167;8.1;37;no;;A11;0;ghsl-ucdb. osm. wikidata
Germany;Papenburg;settlement;530.777;74.152;37;no;;A11;0;ghsl-ucdb. osm. wikidata
Germany;Wendelstein;settlement;493.523;111.507;37;no;;A11;0;ghsl-ucdb. osm. wikidata
Germany;Obertshausen;settlement;500.714;88.512;37;no;;A11;0;ghsl-ucdb. osm. wikidata
Germany;Damme;settlement;525.215;81.977;37;no;;A11;0;ghsl-ucdb. osm. wikidata
Germany;Seligenstadt;settlement;500.432;89.739;37;no;;A11;0;ghsl-ucdb. osm. wikidata
Germany;Jülich;settlement;509.215;63.627;37;no;;A11;0;ghsl-ucdb. osm. wikidata
Germany;Vechta;settlement;527.306;82.897;37;no;;A11;0;ghsl-ucdb. osm
Germany;Schkeuditz;settlement;513.968;122.214;37;no;;A11;0;ghsl-ucdb. osm. wikidata
Germany;Gevelsberg;settlement;513.197;73.392;37;no;;A11;0;ghsl-ucdb. osm
Germany;Lampertheim;settlement;495.979;84.725;37;no;;A11;0;ghsl-ucdb. osm. wikidata
Germany;Schneverdingen;settlement;531.174;97.924;37;no;;A11;0;ghsl-ucdb. osm. wdpa
Germany;Finsterwalde;settlement;516.339;137.066;37;no;;A11;0;ghsl-ucdb. osm. wdpa. wikidata
Germany;Mühlacker;settlement;489.475;88.368;37;no;;A11;1;ghsl-ucdb. osm. unesco-whs. wikidata
Germany;Waltrop;settlement;516.213;74.024;37;no;;A11;0;ghsl-ucdb. osm. wikidata
Germany;Dietzenbach;settlement;500.098;87.778;37;no;;A11;0;ghsl-ucdb. osm
Germany;Stadtlohn;settlement;51.994;69.192;36;no;;A11;0;ghsl-ucdb. osm. wikidata
Germany;Wolfratshausen;settlement;479.129;114.217;36;no;;A11;0;ghsl-ucdb. osm. wikidata
Germany;Gütersloh;settlement;519.069;83.785;36;no;;A11;0;ghsl-ucdb. osm
Germany;Büdingen;settlement;502.901;91.114;36;no;;A11;0;ghsl-ucdb. osm. wikidata
Germany;Homburg;settlement;493.264;73.387;36;no;;A11;0;ghsl-ucdb. osm. wikidata
Germany;Bad Laasphe;settlement;509.314;8.425;36;no;;A11;0;ghsl-ucdb. osm. wikidata
Germany;Glauchau;settlement;508.199;125.449;36;no;;A11;0;ghsl-ucdb. osm. wikidata
Germany;Haßloch;settlement;493.628;82.581;36;no;;A11;0;ghsl-ucdb. osm. wikidata
Germany;Isernhagen Farster Bauerschaft;settlement;524.709;98.418;36;no;;A11;0;ghsl-ucdb. osm
Germany;Illingen;settlement;493.736;70.476;36;no;;A11;0;ghsl-ucdb. osm
Germany;Meppen;settlement;526.906;7.291;36;no;;A11;0;ghsl-ucdb. osm. wikidata
Germany;Groß-Gerau;settlement;499.214;84.825;36;no;;A11;0;ghsl-ucdb. osm. wikidata
Germany;Ebersbach an der Fils;settlement;48.716;95.236;36;no;;A11;0;ghsl-ucdb. osm. wikidata
Germany;Schwedt (Oder);settlement;530.596;142.815;36;no;;A11. A9;0;ghsl-ucdb. osm. wdpa. wikidata
Germany;Weil am Rhein;settlement;475.933;76.208;36;no;;A11;0;cuisine. ghsl-ucdb. osm. wikidata
Germany;Bad Oldesloe;settlement;538.117;103.742;36;no;;A11;0;ghsl-ucdb. osm. wikidata
Germany;Weißenfels;settlement;512.015;119.684;36;no;;A11;0;ghsl-ucdb. osm. wikidata
Germany;Iserlohn;settlement;513.755;77.028;36;no;;A11;0;ghsl-ucdb. osm. wikidata
Germany;Großenhain;settlement;512.895;135.335;36;no;;A11;0;ghsl-ucdb. osm. wikidata
Germany;Westerstede;settlement;532.568;79.274;35;no;;A11;0;ghsl-ucdb. osm. wikidata
Germany;Kevelaer;settlement;515.824;6.246;35;no;;A11. A9;0;ghsl-ucdb. osm. wdpa. wikidata
Germany;Dormagen;settlement;510.968;68.317;35;no;;A11;0;ghsl-ucdb. osm. wikidata
Germany;Sulzbach;settlement;492.988;7.057;35;no;;A11;0;ghsl-ucdb. osm. wikidata
Germany;Reichenbach/Vogtland;settlement;506.228;123.034;35;no;;A11;0;ghsl-ucdb. osm. wikidata
Germany;Hechingen;settlement;483.515;89.632;35;no;;A11;0;ghsl-ucdb. osm. wikidata
Germany;Haltern am See;settlement;51.743;71.816;35;no;;A11. A10;0;ghsl-ucdb. osm. wikidata
Germany;Oschatz;settlement;51.3;131.098;35;no;;A11;0;ghsl-ucdb. osm. wikidata
Germany;Bitterfeld-Wolfen;settlement;516.236;123.239;35;no;;A11;0;ghsl-ucdb. osm. wikidata
Germany;Hövelhof;settlement;518.167;8.65;35;no;;A11;0;ghsl-ucdb. osm. wikidata
Germany;Lörrach;settlement;47.615;76.646;35;no;;A11;0;ghsl-ucdb. osm. wikidata
Germany;Bad Oeynhausen;settlement;52.207;88.036;35;no;;A11;0;ghsl-ucdb. osm. wikidata
Germany;Grevenbroich;settlement;51.091;65.827;35;no;;A11;0;ghsl-ucdb. osm. wikidata
Germany;Vegesack;settlement;531.792;86.223;35;no;;A11;0;ghsl-ucdb. osm. wikidata
Germany;Schmallenberg;settlement;511.547;82.851;35;no;;A11;0;ghsl-ucdb. osm. wikidata
Germany;Verl;settlement;518.833;85.167;34;no;;A11;0;ghsl-ucdb. osm. wikidata
Germany;Loxstedt;settlement;53.471;86.458;34;no;;A11;0;ghsl-ucdb. osm. wikidata
Germany;Wesel;settlement;516.669;66.204;34;no;;A11;0;ghsl-ucdb. osm
Germany;Wardenburg;settlement;530.594;81.967;34;no;;A11;0;ghsl-ucdb. osm
Germany;Oberursel;settlement;502.073;85.775;34;no;;A11;0;ghsl-ucdb. osm. wikidata
Germany;Blomberg;settlement;519.433;90.907;34;no;;A11;0;ghsl-ucdb. osm. wdpa. wikidata
Germany;Senftenberg;settlement;515.252;140.016;34;no;;A11;0;ghsl-ucdb. osm. wikidata
Germany;Halberstadt;settlement;518.956;110.562;34;no;;A11;0;ghsl-ucdb. osm. wikidata
Germany;Neukirchen-Vluyn;settlement;514.466;65.519;34;no;;A11;0;ghsl-ucdb. osm. wikidata
Germany;Eppingen;settlement;491.365;89.123;34;no;;A11;0;ghsl-ucdb. osm. wikidata
Germany;Rheda-Wiedenbrück;settlement;518.497;83.002;34;no;;A11;0;ghsl-ucdb. osm
Germany;Osterholz-Scharmbeck;settlement;532.266;87.923;34;no;;A11;0;ghsl-ucdb. osm. wdpa
Germany;Nauen;settlement;52.607;128.737;34;no;;A11;0;ghsl-ucdb. osm. wikidata
Germany;Sarstedt;settlement;522.349;98.541;33;no;;A11;0;ghsl-ucdb. osm. wikidata
Germany;Meckenheim;settlement;506.239;70.294;33;no;;A11;0;ghsl-ucdb. osm. wikidata
Germany;Lüdinghausen;settlement;517.683;74.438;33;no;;A11;0;ghsl-ucdb. osm. wikidata
Germany;Menden;settlement;514.434;77.782;33;no;;A11;0;ghsl-ucdb. osm
Germany;Völklingen;settlement;492.516;68.587;33;no;;A11;1;ghsl-ucdb. osm. unesco-whs. wikidata
Germany;Lauchhammer;settlement;514.881;137.662;33;no;;A11;0;ghsl-ucdb. osm. wikidata
Germany;Coesfeld;settlement;519.435;71.681;33;no;;A11;0;ghsl-ucdb. osm. wikidata
Germany;Tuttlingen;settlement;479.846;88.177;33;no;;A11;0;ghsl-ucdb. osm. wikidata
Germany;Alsdorf;settlement;508.767;6.164;33;no;;A11;0;ghsl-ucdb. osm. wikidata
Germany;Angermünde;settlement;53.015;139.992;33;no;;A11;0;ghsl-ucdb. osm. wdpa. wikidata
Germany;Munster;settlement;529.854;100.899;33;no;;A11;0;ghsl-ucdb. osm. wikidata
Germany;Bad Pyrmont;settlement;519.859;92.525;33;no;;A11;0;ghsl-ucdb. osm. wikidata
Germany;Bad Homburg vor der Höhe;settlement;502.268;86.182;33;no;;A11;0;ghsl-ucdb. osm. wikidata
Germany;Waldbröl;settlement;508.758;76.169;33;no;;A11;0;ghsl-ucdb. osm. wikidata
Germany;Meschede;settlement;513.502;82.833;33;no;;A11;0;ghsl-ucdb. osm. wikidata
Germany;Unna;settlement;51.538;76.897;32;no;;A11;0;ghsl-ucdb. osm
Germany;Wipperfürth;settlement;511.161;73.986;32;no;;A11;0;ghsl-ucdb. osm. wikidata
Germany;Rietberg;settlement;518.092;84.284;32;no;;A11;0;ghsl-ucdb. osm
Germany;Olsberg;settlement;513.561;8.489;32;no;;A11;0;ghsl-ucdb. osm. wikidata
Germany;Datteln;settlement;51.656;73.453;32;no;;A11;0;ghsl-ucdb. osm. wikidata
Germany;Nottuln;settlement;519.333;7.35;32;no;;A11;0;ghsl-ucdb. osm. wikidata
Germany;Bad Salzuflen;settlement;520.862;87.443;32;no;;A11;0;ghsl-ucdb. osm. wikidata
Germany;Losheim;settlement;495.099;67.455;32;no;;A11;0;ghsl-ucdb. osm
Germany;Herten;settlement;515.964;71.439;32;no;;A11;0;ghsl-ucdb. osm. wikidata
Germany;Werdau;settlement;50.736;123.753;31;no;;A11;0;ghsl-ucdb. osm. wikidata
Germany;Zossen;settlement;52.216;134.491;31;no;;A11;0;ghsl-ucdb. osm. wikidata
Germany;Delbrück;settlement;51.765;85.622;31;no;;A11;0;ghsl-ucdb. osm. wikidata
Germany;Rees;settlement;517.626;63.978;31;no;;A11;0;ghsl-ucdb. osm. wikidata
Germany;Delitzsch;settlement;515.255;123.428;31;no;;A11;0;ghsl-ucdb. osm. wikidata
Germany;Vechelde;settlement;522.604;103.649;31;no;;A11;0;ghsl-ucdb. osm. wikidata
Germany;Kelkheim;settlement;50.137;84.502;31;no;;A11. A10;0;ghsl-ucdb. osm. wikidata
Germany;Emsdetten;settlement;521.734;75.278;31;no;;A11;0;ghsl-ucdb. osm. wikidata
Germany;Versmold;settlement;520.401;81.527;31;no;;A11;0;ghsl-ucdb. osm
Germany;Zweibrücken;settlement;492.469;73.698;31;no;;A11;0;ghsl-ucdb. osm. wikidata
Germany;Bad Essen;settlement;523.167;83.333;31;no;;A11;0;ghsl-ucdb. osm. wikidata
Germany;Harsewinkel;settlement;519.622;82.277;30;no;;A11;0;ghsl-ucdb. osm
Germany;Burscheid;settlement;510.847;71.139;30;no;;A11;0;ghsl-ucdb. osm. wikidata
Germany;Bassum;settlement;528.506;87.279;30;no;;A11;0;ghsl-ucdb. osm. wdpa. wikidata
Germany;Friedrichsdorf;settlement;502.496;86.428;30;no;;A11;0;ghsl-ucdb. osm. wikidata
Germany;Löhne;settlement;521.885;86.922;30;no;;A11;0;ghsl-ucdb. osm. wikidata
Germany;Diepholz;settlement;526.069;83.703;30;no;;A11;0;ghsl-ucdb. osm. wikidata
Germany;Lengerich;settlement;521.866;78.604;30;no;;A11;0;ghsl-ucdb. osm. wikidata
Germany;Groß-Umstadt;settlement;49.869;89.321;30;no;;A11;0;ghsl-ucdb. osm. wikidata
Germany;Werne;settlement;516.645;76.342;30;no;;A11;0;ghsl-ucdb. osm
Germany;Espelkamp;settlement;523.814;8.623;30;no;;A11;0;ghsl-ucdb. osm
Germany;Neu-Anspach;settlement;503.167;8.5;29;no;;A11;0;ghsl-ucdb. osm. wikidata
Germany;Geretsried;settlement;478.578;114.805;29;no;;A11;0;ghsl-ucdb. osm. wikidata
Germany;Wassenberg;settlement;511.001;61.548;29;no;;A11;0;ghsl-ucdb. osm. wikidata
Germany;Arnsberg;settlement;513.833;80.833;29;no;;A11;0;ghsl-ucdb. osm. wdpa. wikidata
Germany;Wandlitz;settlement;52.742;13.458;29;no;;A11;0;ghsl-ucdb. osm. wikidata
Germany;Sachsenheim;settlement;48.96;90.647;29;no;;A11;0;ghsl-ucdb. osm. wikidata
Germany;Karben;settlement;502.302;87.715;29;no;;A11;0;ghsl-ucdb. osm. wikidata
Germany;Melle;settlement;52.202;83.383;29;no;;A11;0;ghsl-ucdb. osm
Germany;Senden;settlement;518.565;74.833;29;no;;A11;0;ghsl-ucdb. osm
Germany;Lennestadt;settlement;511.172;80.671;29;no;;A11;0;ghsl-ucdb. osm. wikidata
Germany;Seeheim-Jugenheim;settlement;49.765;86.519;29;no;;A11;0;ghsl-ucdb. osm. wikidata
Germany;Höxter;settlement;51.775;93.816;29;no;;A11;1;ghsl-ucdb. osm. unesco-whs. wikidata
Germany;Neunkirchen;settlement;493.445;71.805;28;no;;A11;0;ghsl-ucdb. osm. wikidata
Germany;Neheim;settlement;514.505;79.703;28;no;;A11;0;ghsl-ucdb. osm. wikidata
Germany;Bernburg;settlement;517.946;117.401;28;no;;A11;0;ghsl-ucdb. osm. wikidata
Germany;Ennigerloh;settlement;518.384;80.309;28;no;;A11;0;ghsl-ucdb. osm
Germany;Guben;settlement;519.499;147.055;28;no;;A11;0;ghsl-ucdb. osm. wdpa. wikidata
Germany;Ganderkesee;settlement;530.362;85.451;28;no;;A11;0;ghsl-ucdb. osm
Germany;Königslutter am Elm;settlement;522.512;108.168;28;no;;A11;0;ghsl-ucdb. osm. wikidata
Germany;Hückelhoven;settlement;510.555;62.266;28;no;;A11;0;ghsl-ucdb. osm. wikidata
Germany;Xanten;settlement;516.588;6.453;28;no;;A11;0;ghsl-ucdb. osm. wikidata
Germany;Gescher;settlement;51.954;70.048;28;no;;A11;0;ghsl-ucdb. osm. wikidata
Germany;Büren;settlement;515.511;85.596;28;no;;A11;0;ghsl-ucdb. osm
Germany;Holzminden;settlement;51.828;94.455;28;no;;A11;0;ghsl-ucdb. osm. wikidata
Germany;Nordenham;settlement;53.501;84.896;28;no;;A11;0;ghsl-ucdb. osm. wdpa. wikidata
Germany;Wolfen;settlement;516.612;122.687;28;no;;A11;0;ghsl-ucdb. osm. wikidata
Germany;Brilon;settlement;513.946;85.715;28;no;;A11;0;ghsl-ucdb. osm. wikidata
Germany;Gronau;settlement;52.211;70.224;28;no;;A11;0;ghsl-ucdb. osm. wikidata
Germany;Vreden;settlement;520.379;6.828;27;no;;A11;0;ghsl-ucdb. osm. wikidata
Germany;Mettmann;settlement;512.504;69.754;27;no;;A11;0;ghsl-ucdb. osm
Germany;Zerbst;settlement;519.662;120.852;27;no;;A11;0;ghsl-ucdb. osm. wdpa. wikidata
Germany;Ascheberg;settlement;517.833;76.167;27;no;;A11;0;ghsl-ucdb. osm
Germany;Rodgau;settlement;500.263;88.859;27;no;;A11;0;ghsl-ucdb. osm
Germany;Hemer;settlement;513.871;77.702;27;no;;A11;0;ghsl-ucdb. osm. wikidata
Germany;Emmerich;settlement;518.393;62.479;27;no;;A11;0;ghsl-ucdb. osm. wikidata
Germany;Bad Zwischenahn;settlement;531.848;80.029;27;no;;A11;0;ghsl-ucdb. osm. wikidata
Germany;Reinheim;settlement;498.292;88.357;27;no;;A11;0;ghsl-ucdb. osm. wikidata
Germany;Uetersen;settlement;536.888;9.662;27;no;;A11;0;ghsl-ucdb. osm. wikidata
Germany;Lünen;settlement;516.163;75.287;27;no;;A11;0;ghsl-ucdb. osm
Germany;Ochtrup;settlement;52.208;71.899;27;no;;A11;0;ghsl-ucdb. osm. wikidata
Germany;Blieskastel;settlement;492.372;72.562;27;no;;A11;0;ghsl-ucdb. osm. wikidata
Germany;Stockach;settlement;478.511;90.091;27;no;;A11;0;ghsl-ucdb. osm. wikidata
Germany;Selm;settlement;516.969;74.681;26;no;;A11;0;ghsl-ucdb. osm. wikidata
Germany;Wittstock;settlement;531.612;124.829;26;no;;A11;0;ghsl-ucdb. osm. wikidata
Germany;Marsberg;settlement;514.617;88.495;26;no;;A11;0;ghsl-ucdb. osm
Germany;Wallenhorst;settlement;52.35;80.167;26;no;;A11;0;ghsl-ucdb. osm. wikidata
Germany;Goch;settlement;516.787;61.589;26;no;;A11;0;ghsl-ucdb. osm. wikidata
Germany;Burglesum;settlement;531.653;86.887;26;no;;A11;0;ghsl-ucdb. osm
Germany;Hille;settlement;523.333;8.75;25;no;;A11;0;ghsl-ucdb. osm
Germany;Ludwigsfelde;settlement;523.032;13.254;25;no;;A11;0;ghsl-ucdb. osm. wdpa. wikidata
Germany;Marl;settlement;516.567;70.904;25;no;;A11;0;ghsl-ucdb. osm
Germany;Freudenstadt;settlement;484.669;84.137;25;no;;A11;0;ghsl-ucdb. osm. wikidata
Germany;Much;settlement;509.038;74.031;25;no;;A11;0;ghsl-ucdb. osm. wikidata
Germany;Kreuztal;settlement;509.678;79.885;25;no;;A11;0;ghsl-ucdb. osm. wikidata
Germany;Enger;settlement;521.406;85.577;25;no;;A11;0;ghsl-ucdb. osm. wikidata
Germany;Dillingen;settlement;493.556;67.278;25;no;;A11;0;ghsl-ucdb. osm. wikidata
Germany;Edewecht;settlement;531.281;79.842;25;no;;A11;0;ghsl-ucdb. osm. wikidata
Germany;Saarlouis;settlement;493.137;67.515;25;no;;A11;0;ghsl-ucdb. osm
Germany;Eppelborn;settlement;49.4;69.667;25;no;;A11;0;ghsl-ucdb. osm
Germany;Bexbach;settlement;493.462;72.553;25;no;;A11;0;ghsl-ucdb. osm. wikidata
Germany;Nidderau;settlement;502.381;8.867;25;no;;A11;0;ghsl-ucdb. osm
Germany;Salzgitter;settlement;52.157;104.154;24;no;;A11;0;ghsl-ucdb. osm. wikidata
Germany;Achim;settlement;530.142;90.263;24;no;;A11;0;ghsl-ucdb. osm
Germany;Drensteinfurt;settlement;517.953;77.382;24;no;;A11;0;ghsl-ucdb. osm
Germany;Kamp-Lintfort;settlement;515.047;65.459;24;no;;A11;0;ghsl-ucdb. osm. wikidata
Germany;Aschersleben;settlement;517.574;114.608;24;no;;A11;0;ghsl-ucdb. osm. wikidata
Germany;Hude;settlement;531.066;84.678;24;no;;A11;0;ghsl-ucdb. osm
Germany;Niederkrüchten;settlement;51.2;62.167;24;no;;A11;0;ghsl-ucdb. osm. wikidata
Germany;Werl;settlement;515.549;7.914;24;no;;A11;0;ghsl-ucdb. osm. wikidata
Germany;Brake (Unterweser);settlement;533.333;84.833;23;no;;A11;0;ghsl-ucdb. osm
Germany;Schwalmtal;settlement;512.167;62.667;23;no;;A11;0;ghsl-ucdb. osm. wikidata
Germany;Nordhorn;settlement;524.308;70.683;23;no;;A11;0;ghsl-ucdb. osm. wikidata
Germany;Bad Münder am Deister;settlement;521.955;94.642;23;no;;A11;0;ghsl-ucdb. osm. wikidata
Germany;Heinsberg;settlement;510.636;60.998;23;no;;A11;0;ghsl-ucdb. osm. wikidata
Germany;Brakel;settlement;517.175;9.186;23;no;;A11;0;ghsl-ucdb. osm. wikidata
Germany;Hettstedt;settlement;516.503;115.115;23;no;;A11;0;ghsl-ucdb. osm. wikidata
Germany;Olpe;settlement;51.029;78.514;23;no;;A11;0;ghsl-ucdb. osm. wikidata
Germany;Weener;settlement;531.654;73.497;23;no;;A11;0;ghsl-ucdb. osm. wikidata
Germany;Wadgassen;settlement;492.667;67.833;23;no;;A11;0;ghsl-ucdb. osm. wdpa
Germany;Vlotho;settlement;521.653;8.86;22;no;;A11;0;ghsl-ucdb. osm. wikidata
Germany;Hofheim am Taunus;settlement;500.902;84.493;22;no;;A11;0;ghsl-ucdb. osm. wikidata
Germany;Sundern;settlement;513.281;80.037;22;no;;A11;0;ghsl-ucdb. osm. wikidata
Germany;Oelde;settlement;518.289;81.472;22;no;;A11;0;ghsl-ucdb. osm
Germany;Königstein im Taunus;settlement;501.794;84.713;22;no;;A11;0;ghsl-ucdb. osm. wikidata
Germany;Voerde;settlement;51.597;66.863;22;no;;A11;0;ghsl-ucdb. osm. wikidata
Germany;Bad Bentheim;settlement;523.007;71.576;22;no;;A11;0;ghsl-ucdb. osm. wikidata
Germany;Werdohl;settlement;512.601;77.661;22;no;;A11;0;ghsl-ucdb. osm. wikidata
Germany;Geilenkirchen;settlement;509.674;61.176;22;no;;A11;0;ghsl-ucdb. osm. wikidata
Germany;Lage;settlement;519.922;8.793;22;no;;A11;0;ghsl-ucdb. osm. wikidata
Germany;Rinteln;settlement;52.186;90.792;21;no;;A11;0;ghsl-ucdb. osm. wikidata
Germany;Straelen;settlement;514.419;62.664;21;no;;A11;0;ghsl-ucdb. osm. wikidata
Germany;Kürten;settlement;51.05;72.667;21;no;;A11;0;ghsl-ucdb. osm. wikidata
Germany;Schwanewede;settlement;53.224;85.897;21;no;;A11;0;ghsl-ucdb. osm. wikidata
Germany;Ennepetal;settlement;512.985;73.629;20;no;;A11;0;ghsl-ucdb. osm
Germany;Kapellen;settlement;515.713;63.673;20;no;;A11;0;ghsl-ucdb. osm. wikidata
Germany;Burgdorf;settlement;524.463;100.064;20;no;;A11;0;ghsl-ucdb. osm
Germany;Geseke;settlement;516.409;85.109;20;no;;A11. A10;0;ghsl-ucdb. osm. wikidata
Germany;Radevormwald;settlement;512.022;73.603;20;no;;A11;0;ghsl-ucdb. osm. wikidata
Germany;Plettenberg;settlement;512.095;78.726;20;no;;A11;0;ghsl-ucdb. osm. wikidata
Germany;Langenfeld;settlement;511.082;69.483;19;no;;A11;0;ghsl-ucdb. osm
Germany;Lebach;settlement;494.112;69.099;19;no;;A11. A10;0;ghsl-ucdb. osm. wikidata
Germany;Sankt Ingbert;settlement;49.277;71.167;19;no;;A11;0;ghsl-ucdb. osm. wikidata
Germany;Staßfurt;settlement;518.519;115.851;19;no;;A11;0;ghsl-ucdb. osm. wikidata
Germany;Pfungstadt;settlement;498.056;86.031;19;no;;A11;0;ghsl-ucdb. osm
Germany;Hessisch Oldendorf;settlement;521.727;92.491;19;no;;A11;0;ghsl-ucdb. osm. wikidata
Germany;Forst;settlement;517.354;146.397;19;no;;A11;0;ghsl-ucdb. osm. wikidata
Germany;Kamen;settlement;515.923;76.638;19;no;;A11;0;ghsl-ucdb. osm. wikidata
Germany;Lehrte;settlement;523.719;99.792;19;no;;A11;0;ghsl-ucdb. osm
Germany;Porta Westfalica;settlement;522.296;89.161;19;no;;A11;0;ghsl-ucdb. osm. wikidata
Germany;Attendorn;settlement;511.264;79.033;19;no;;A11;0;ghsl-ucdb. osm. wikidata
Germany;Lindlar;settlement;510.196;73.776;19;no;;A11;0;ghsl-ucdb. osm. wikidata
Germany;Ober-Ramstadt;settlement;498.308;87.489;18;no;;A11;0;ghsl-ucdb. osm
Germany;Geldern;settlement;515.191;63.236;18;no;;A11;0;ghsl-ucdb. osm. wikidata
Germany;Bergkamen;settlement;516.163;76.445;18;no;;A11;0;ghsl-ucdb. osm
Germany;Hückeswagen;settlement;511.498;73.447;18;no;;A11;0;ghsl-ucdb. osm. wikidata
Germany;Beckingen;settlement;49.4;6.7;18;no;;A11;0;ghsl-ucdb. osm
Germany;Ahaus;settlement;520.794;70.134;18;no;;A11;0;ghsl-ucdb. osm. wikidata
Germany;Altena;settlement;512.947;76.734;18;no;;A11;0;ghsl-ucdb. osm. wikidata
Germany;Heusweiler;settlement;493.363;69.304;18;no;;A11;0;ghsl-ucdb. osm. wikidata
Germany;Mörfelden-Walldorf;settlement;499.947;85.836;18;no;;A11;0;ghsl-ucdb. osm
Germany;Riegelsberg;settlement;49.3;69.333;17;no;;A11;0;ghsl-ucdb. osm
Germany;Schmelz;settlement;494.333;6.85;17;no;;A11;0;ghsl-ucdb. osm
Germany;Dülmen;settlement;518.315;72.808;17;no;;A11;0;ghsl-ucdb. osm. wikidata
Germany;Übach-Palenberg;settlement;509.177;61.234;17;no;;A11;0;ghsl-ucdb. osm. wikidata
Germany;Bönen;settlement;51.6;77.667;17;no;;A11;0;ghsl-ucdb. osm
Germany;Bad Berleburg;settlement;510.522;83.923;16;no;;A11;0;ghsl-ucdb. osm. wdpa. wikidata
Germany;Püttlingen;settlement;492.855;68.872;15;no;;A11;0;ghsl-ucdb. osm
Germany;Hörstel;settlement;522.976;75.838;14;no;;A11;0;ghsl-ucdb. osm. wikidata
Germany;Hamminkeln;settlement;517.326;65.903;14;no;;A11;0;ghsl-ucdb. osm. wikidata
Germany;Wiehl;settlement;509.495;75.506;13;no;;A11;0;ghsl-ucdb. osm. wikidata
Germany;Nümbrecht;settlement;509.043;75.406;13;no;;A11;0;ghsl-ucdb. osm. wikidata
Germany;Hilchenbach;settlement;509.969;81.106;12;no;;A11;0;ghsl-ucdb. osm. wikidata
Germany;Baesweiler;settlement;509.096;61.887;12;no;;A11;0;ghsl-ucdb. osm. wikidata
Germany;Kronberg;settlement;50.181;8.513;12;no;;A11;0;ghsl-ucdb. osm. wikidata
Germany;Spenge;settlement;521.402;84.848;12;no;;A11;0;ghsl-ucdb. osm
Germany;Brüggen;settlement;512.405;61.838;12;no;;A11;0;ghsl-ucdb. osm. wikidata
Germany;Meinerzhagen;settlement;511.074;76.484;11;no;;A11;0;ghsl-ucdb. osm. wikidata
Germany;Halver;settlement;511.861;74.982;11;no;;A11;0;ghsl-ucdb. osm. wikidata
Germany;Babenhausen;settlement;499.652;89.513;11;no;;A11;0;ghsl-ucdb. osm. wikidata
Germany;Kierspe;settlement;51.134;75.907;11;no;;A11;0;ghsl-ucdb. osm. wikidata
Germany;Schwalbach;settlement;49.3;68.167;11;no;;A11;0;ghsl-ucdb. osm
Germany;Rheinberg;settlement;515.465;65.953;10;no;;A11;0;ghsl-ucdb. osm. wikidata
Germany;Engelskirchen;settlement;509.885;74.139;10;no;;A11;0;ghsl-ucdb. osm. wikidata
Ghana;Accra;settlement;5.556;-0.1969;100;yes;1;A12. A11;0;ghsl-ucdb. osm. wikidata
Ghana;Prestea;settlement;54.338;-21.429;81;yes;12;A11;0;ghsl-ucdb. osm. wdpa. wikidata
Ghana;Bekwai;settlement;6.452;-15.787;77;yes;2;;1;cuisine. ghsl-ucdb. osm. unesco-whs. wdpa. wikidata
Ghana;Kumasi;settlement;66.885;-16.244;74;no;;A12. A11;0;cuisine. ghsl-ucdb. osm. wdpa. wikidata
Ghana;Goaso;settlement;68.036;-25.172;72;yes;7;A11;0;ghsl-ucdb. osm. wdpa
Ghana;Buduburam;settlement;55.231;-0.4772;72;no;;;1;ghsl-ucdb. osm. unesco-whs. wikidata
Ghana;Ejura;settlement;73.856;-13.562;71;yes;6;A9;0;cuisine. ghsl-ucdb. osm. wdpa
Ghana;Bibiani;settlement;6.452;-23.163;68;no;;A11;0;ghsl-ucdb. osm. wdpa
Ghana;Elubo;settlement;52.851;-27.666;65;yes;4;A11. A9;0;ghsl-ucdb. osm. wdpa. wikidata
Ghana;Aflao;settlement;61.198;11.901;64;yes;5;A11;0;ghsl-ucdb. osm
Ghana;Tarkwa;settlement;53.038;-19.896;64;no;;A11;0;ghsl-ucdb. osm. wdpa. wikidata
Ghana;Dzodze;settlement;62.367;0.9958;62;no;;A11;0;ghsl-ucdb. osm
Ghana;Adenta;settlement;57.142;-0.1542;60;no;;A11;0;ghsl-ucdb. osm. wikidata
Ghana;Twifu Praso;settlement;56.141;-15.502;57;no;;A9. A11;0;ghsl-ucdb. osm. wdpa
Ghana;Elmina;settlement;50.847;-13.509;55;yes;3;;0;ghsl-ucdb. osm. wikidata
Ghana;Dunkwa;settlement;5.96;-17.779;54;no;;;0;ghsl-ucdb. wdpa
Ghana;Koforidua;settlement;60.941;-0.2591;54;no;;A11;0;ghsl-ucdb. osm. wdpa. wikidata
Ghana;Cape Coast;settlement;51.053;-12.466;50;no;;A11;0;ghsl-ucdb. osm. wikidata
Ghana;Nkawkaw;settlement;65.458;-0.7626;47;yes;13;A11;0;cuisine. ghsl-ucdb. osm. wdpa. wikidata
Ghana;Bolgatanga;settlement;107.856;-0.8514;45;yes;9;A11;0;ghsl-ucdb. osm. wdpa
Ghana;Mampong;settlement;70.627;-14.001;44;no;;A11;0;cuisine. ghsl-ucdb. osm. wdpa. wikidata
Ghana;Damongo;settlement;9.083;-18.188;44;no;;A11;0;cuisine. ghsl-ucdb. osm. wdpa. wikidata
Ghana;Mole;site;96.507;-1.746;44;yes;8;A9;0;cuisine. wdpa
Ghana;Bui;site;83.967;-2.36;44;yes;10;A9;0;cuisine. wdpa
Ghana;Yendi;settlement;94.427;-0.0099;43;yes;11;A11;0;cuisine. ghsl-ucdb. osm. wdpa
Ghana;Mim;settlement;69.041;-25.611;43;no;;A11;0;cuisine. ghsl-ucdb. osm. wdpa
Ghana;Tepa;settlement;7.006;-21.659;42;no;;;0;cuisine. ghsl-ucdb. wdpa
Ghana;Nalerigu;settlement;105.273;-0.3698;42;no;;;0;ghsl-ucdb. osm. wdpa
Ghana;Wa;settlement;100.607;-25.019;42;yes;14;A11;0;ghsl-ucdb. osm. wdpa. wikidata
Ghana;Tema;settlement;56.698;-0.0166;37;no;;A11;0;ghsl-ucdb. osm. wikidata
Ghana;Amanfrom;settlement;55.353;-0.3983;35;no;;A11;0;ghsl-ucdb. osm. wdpa. wikidata
Ghana;Takoradi;settlement;48.982;-17.603;31;no;;A11;0;ghsl-ucdb. osm. wikidata
Ghana;Tamale;settlement;94.008;-0.8393;30;yes;16;A11;0;cuisine. ghsl-ucdb. osm. wdpa
Ghana;Digya;site;74.477;-0.2273;30;yes;15;A9;0;cuisine. osm. wdpa
Ghana;Begoro;settlement;63.871;-0.3774;29;no;;A11;0;cuisine. ghsl-ucdb. osm. wdpa
Ghana;Agogo;settlement;6.8;-10.819;29;no;;;0;cuisine. ghsl-ucdb. osm. wdpa. wikidata
Ghana;Kintampo;settlement;80.563;-17.306;29;no;;;0;cuisine. ghsl-ucdb. osm. wdpa
Ghana;Akim Oda;settlement;59.267;-0.9858;29;no;;A11;0;ghsl-ucdb. osm. wdpa
Ghana;Esim;settlement;48.664;-22.418;28;no;;;0;ghsl-ucdb. osm. wdpa. wikidata
Ghana;Keta;settlement;59.179;0.9879;28;no;;;0;ghsl-ucdb. osm. wdpa. wikidata
Ghana;Anloga;settlement;57.947;0.8973;24;no;;;0;ghsl-ucdb. osm. wikidata
Ghana;Sekondi;settlement;49.342;-17.145;23;no;;;0;ghsl-ucdb. osm. wikidata
Ghana;Saltpond;settlement;52.091;-10.606;23;no;;;0;ghsl-ucdb. osm. wikidata
Ghana;Hohoe;settlement;71.518;0.4736;22;no;;A11;0;cuisine. ghsl-ucdb. osm. wdpa
Ghana;Savelugu;settlement;96.238;-0.827;22;no;;A11;0;cuisine. ghsl-ucdb. osm. wdpa
Ghana;Akatsi;settlement;61.316;0.7985;21;no;;A11;0;ghsl-ucdb. osm. wdpa
Ghana;Effiduase;settlement;68.468;-13.961;21;no;;A11;0;cuisine. ghsl-ucdb. osm. wikidata
Ghana;Navrongo;settlement;108.947;-10.908;20;no;;A11;0;ghsl-ucdb. osm. wdpa. wikidata
Ghana;Anyinam;settlement;63.816;-0.5493;20;no;;A11;0;cuisine. ghsl-ucdb. osm. wdpa
Ghana;Dambai;settlement;80.662;0.1795;20;no;;A11;0;cuisine. ghsl-ucdb. osm. wdpa
Ghana;Winneba;settlement;53.511;-0.6231;20;no;;A11;0;ghsl-ucdb. osm
Ghana;Atsiaman;settlement;56.978;-0.3282;19;no;;A11;0;ghsl-ucdb. osm. wikidata
Ghana;Aburi;settlement;5.848;-0.1745;19;no;;A11;0;ghsl-ucdb. osm. wdpa. wikidata
Ghana;Sunyani;settlement;73.399;-23.268;19;no;;A11;0;cuisine. ghsl-ucdb. osm
Ghana;Konongo;settlement;66.167;-12.167;18;no;;A11;0;cuisine. ghsl-ucdb. osm. wdpa. wikidata
Ghana;Jirapa;settlement;105.369;-27.016;18;no;;A11;0;ghsl-ucdb. osm. wdpa
Ghana;Bimbila;settlement;88.549;0.0592;17;no;;;0;cuisine. ghsl-ucdb. osm. wdpa
Ghana;Ahwiaa;settlement;69.031;-1.652;16;no;;;0;cuisine. ghsl-ucdb. osm. wdpa. wikidata
Ghana;Atronie;settlement;71.534;-2.405;16;no;;A11;0;cuisine. ghsl-ucdb. osm. wdpa
Ghana;Nkoranza;settlement;75.713;-17.087;16;no;;;0;cuisine. ghsl-ucdb. osm. wdpa
Ghana;Ho;settlement;66.008;0.4713;16;no;;A11;0;ghsl-ucdb. osm. wikidata
Ghana;Asamankese;settlement;58.601;-0.6635;16;no;;A11;0;ghsl-ucdb. osm. wdpa
Ghana;Kade;settlement;60.939;-0.836;15;no;;A11;0;ghsl-ucdb. osm. wdpa
Ghana;Kpandu;settlement;69.954;0.2931;15;no;;A11;0;cuisine. ghsl-ucdb. osm
Ghana;Japekrom;settlement;75.758;-27.852;15;no;;;0;cuisine. ghsl-ucdb. wdpa
Ghana;Nsoatre;settlement;74.035;-24.663;15;no;;;0;cuisine. ghsl-ucdb. wdpa
Ghana;Bechem;settlement;70.903;-2.025;15;no;;;0;cuisine. ghsl-ucdb. wdpa
Ghana;Domaa-Ahenkro;settlement;72.739;-28.735;15;no;;A11;0;ghsl-ucdb. osm. wdpa
Ghana;Obuase;settlement;62.023;-1.668;15;no;;;0;ghsl-ucdb. osm. wdpa
Ghana;Assin Foso;settlement;5.7;-1.65;15;no;;;0;ghsl-ucdb. wdpa
Ghana;Tema New Town;settlement;5.654;0.0264;13;no;;;0;ghsl-ucdb. osm. wikidata
Ghana;Berekum;settlement;74.534;-2.584;12;no;;A11;0;cuisine. ghsl-ucdb. osm
Ghana;Apam;settlement;5.285;-0.746;12;yes;17;;0;ghsl-ucdb. osm. wikidata
Ghana;Ashaiman;settlement;56.995;-0.0348;10;no;;A11;0;ghsl-ucdb. osm. wikidata
Gibraltar;Gibraltar;settlement;361.447;-53.526;100;yes;1;A10;1;ghsl-ucdb. unesco-whs. wikidata
Greece;Athens;settlement;379.838;237.278;100;yes;1;A12. A11;1;cuisine. ghsl-ucdb. osm. unesco-whs. wikidata
Greece;Árgos;settlement;376.333;227.333;97;yes;6;A11. A10. A2;2;cuisine. ghsl-ucdb. osm. unesco-whs. wdpa. wikidata
Greece;Ioánnina;settlement;396.634;208.519;96;yes;2;A9. A11;1;ghsl-ucdb. osm. unesco-whs. wdpa. wikidata
Greece;Thessaloníki;settlement;406.407;229.349;92;yes;3;A11;1;ghsl-ucdb. osm. unesco-whs. wikidata
Greece;Irákleion;settlement;353.279;251.434;87;yes;5;A11;1;ghsl-ucdb. osm. unesco-whs. wdpa. wikidata
Greece;Delos;site;37.4;252.667;74;yes;4;A10. A11;1;osm. unesco-whs. wikidata
Greece;Kateríni;settlement;402.696;225.061;72;no;;A9. A11;2;cuisine. ghsl-ucdb. osm. unesco-whs. wdpa. wikidata
Greece;Pýrgos;settlement;376.751;21.441;71;yes;9;A11;1;cuisine. ghsl-ucdb. osm. unesco-whs. wdpa. wikidata
Greece;Lárisa;settlement;396.285;224.211;66;yes;8;A11;0;cuisine. ghsl-ucdb. osm. wdpa. wikidata
Greece;Corfu;settlement;396.244;199.202;65;yes;17;A11;1;ghsl-ucdb. osm. unesco-whs. wikidata
Greece;Kifisiá;settlement;380.744;238.111;65;no;;A11;0;cuisine. ghsl-ucdb. osm. wikidata
Greece;Ródos;settlement;364.356;28.222;63;yes;7;A10. A11;1;ghsl-ucdb. osm. unesco-whs. wdpa. wikidata
Greece;Sparta;settlement;370.745;224.301;62;no;;A11;1;cuisine. ghsl-ucdb. osm. unesco-whs. wdpa. wikidata
Greece;Livadeiá;settlement;384.362;228.767;62;yes;15;A11. A9;1;cuisine. ghsl-ucdb. osm. unesco-whs. wdpa. wikidata
Greece;Mytilene;settlement;391.077;265.553;61;yes;11;A11;0;ghsl-ucdb. osm. wdpa. wikidata
Greece;Kalamata;settlement;370.391;221.126;61;yes;16;A11;0;cuisine. ghsl-ucdb. osm. wikidata
Greece;Pérama;settlement;379.678;235.721;61;no;;A11;0;cuisine. ghsl-ucdb. osm. wikidata
Greece;Volos;settlement;393.692;229.477;60;no;;A11;0;cuisine. ghsl-ucdb. osm. wdpa. wikidata
Greece;Chaniá;settlement;355.112;240.292;60;yes;12;A9. A11;0;ghsl-ucdb. osm. wdpa. wikidata
Greece;Tríkala;settlement;395.549;217.684;60;no;;A11. A9;2;cuisine. ghsl-ucdb. osm. unesco-whs. wdpa. wikidata
Greece;Mount Athos;site;402.667;242.167;60;yes;10;A11. A9;2;osm. unesco-whs. wdpa. wikidata
Greece;Trípoli;settlement;375.096;223.788;57;no;;A11;1;cuisine. ghsl-ucdb. osm. unesco-whs. wdpa. wikidata
Greece;Pátra;settlement;382.462;217.351;57;no;;A11;0;cuisine. ghsl-ucdb. osm. wdpa. wikidata
Greece;Glyfáda;settlement;378.629;23.758;56;no;;A11;0;cuisine. ghsl-ucdb. osm. wikidata
Greece;Kavála;settlement;409.396;244.069;56;no;;A11;1;ghsl-ucdb. osm. unesco-whs. wdpa. wikidata
Greece;Chalkída;settlement;384.635;236.028;54;no;;A11;0;cuisine. ghsl-ucdb. osm. wdpa. wikidata
Greece;Kozáni;settlement;402.993;217.898;53;no;;A11;0;ghsl-ucdb. osm. wdpa
Greece;Gérakas;settlement;380.228;238.576;53;no;;A11;0;cuisine. ghsl-ucdb. osm. wikidata
Greece;Rethymno;settlement;353.655;244.823;53;no;;A11;0;ghsl-ucdb. osm. wdpa. wikidata
Greece;Lamía;settlement;388.995;224.335;50;no;;A9. A11;0;cuisine. ghsl-ucdb. osm. wdpa. wikidata
Greece;Flórina;settlement;40.782;214.098;49;yes;13;A11. A9;0;ghsl-ucdb. osm. wdpa. wikidata
Greece;Sérres;settlement;41.085;235.476;47;no;;A11;0;ghsl-ucdb. osm. wdpa. wikidata
Greece;Kos;settlement;368.929;272.877;47;yes;18;A11;0;ghsl-ucdb. osm. wdpa. wikidata
Greece;Peraía;settlement;404.987;229.262;46;no;;A11;0;ghsl-ucdb. osm. wdpa. wikidata
Greece;Chortiátis;settlement;406.095;231.001;45;no;;A11;0;ghsl-ucdb. osm. wdpa. wikidata
Greece;Alexandroupoli;settlement;408.499;258.764;45;yes;14;A9. A11;0;ghsl-ucdb. osm. wdpa. wikidata
Greece;Aígio;settlement;382.486;220.819;45;no;;A11. A9;0;cuisine. ghsl-ucdb. osm. wdpa. wikidata
Greece;Fylí;settlement;381.024;23.669;44;no;;A11. A9;0;cuisine. ghsl-ucdb. osm. wdpa
Greece;Amaliáda;settlement;377.984;213.507;43;no;;A11;0;cuisine. ghsl-ucdb. osm. wdpa. wikidata
Greece;Agrínio;settlement;386.214;214.078;40;yes;19;A11;0;cuisine. ghsl-ucdb. osm. wdpa. wikidata
Greece;Árta;settlement;391.601;209.856;39;no;;A11;0;cuisine. ghsl-ucdb. osm. wdpa. wikidata
Greece;Chios;settlement;383.687;261.372;36;no;;A11;0;ghsl-ucdb. osm. wikidata
Greece;Dráma;settlement;411.528;241.473;36;no;;A11;0;ghsl-ucdb. osm. wdpa. wikidata
Greece;Kórinthos;settlement;379.401;229.513;36;no;;A11;0;cuisine. ghsl-ucdb. osm. wikidata
Greece;Koropí;settlement;378.989;238.718;36;no;;A11;0;cuisine. ghsl-ucdb. osm. wikidata
Greece;Préveza;settlement;389.562;207.505;35;no;;A11;0;cuisine. ghsl-ucdb. osm. wdpa. wikidata
Greece;Komotiní;settlement;411.176;254.059;35;no;;A11;0;ghsl-ucdb. osm. wdpa. wikidata
Greece;Kardítsa;settlement;393.648;219.219;32;no;;A11;0;cuisine. ghsl-ucdb. osm. wdpa. wikidata
Greece;Ainos;site;381.546;206.513;32;no;;A9. A11;0;osm. wdpa. wikidata
Greece;Véroia;settlement;405.244;222.024;32;no;;;1;ghsl-ucdb. osm. unesco-whs. wdpa. wikidata
Greece;Artémida;settlement;379.673;239.968;26;no;;A11;0;cuisine. ghsl-ucdb. osm. wikidata
Greece;Orestiáda;settlement;415.031;265.297;25;no;;A11;0;ghsl-ucdb. osm. wikidata
Greece;Xánthi;settlement;411.349;24.888;25;no;;A11;0;ghsl-ucdb. osm. wdpa. wikidata
Greece;Néa Mákri;settlement;380.873;239.764;24;no;;A11;0;cuisine. ghsl-ucdb. osm. wdpa. wikidata
Greece;Ptolemaḯda;settlement;405.147;216.786;24;no;;A11;0;ghsl-ucdb. osm. wdpa. wikidata
Greece;Zones A2. A3. A4. A5 kai A7 periochis A Ethnikou Thalassiou Parkou Voreion Sporadon;site;392.803;241.147;23;no;;A9. A11;0;cuisine. osm. wdpa
Greece;Thívai;settlement;38.325;233.189;23;no;;A11;0;cuisine. ghsl-ucdb. osm. wikidata
Greece;The Historic Centre (Chorá) with the Monastery of Saint-John the Theologian and the Cave of the Apocalypse on the Island of Pátmos;site;37.3;26.55;21;no;;A11;1;osm. unesco-whs. wikidata
Greece;Chalkidóna;settlement;407.318;225.999;20;no;;A11;0;ghsl-ucdb. osm. wdpa. wikidata
Greece;Salamína;settlement;379.643;234.965;18;no;;A11;0;cuisine. ghsl-ucdb. osm. wikidata
Greece;Asprópyrgos;settlement;380.613;235.897;18;no;;;1;cuisine. ghsl-ucdb. osm. unesco-whs. wikidata
Greece;Édessa;settlement;408.026;220.475;16;no;;;0;ghsl-ucdb. osm. wdpa. wikidata
Greece;Náousa;settlement;406.294;220.681;15;no;;A11;0;ghsl-ucdb. osm. wdpa. wikidata
Greece;Giannitsá;settlement;407.919;224.075;13;no;;A11;0;ghsl-ucdb. osm. wikidata
Greece;Mégara;settlement;379.947;233.432;12;no;;A12;0;cuisine. ghsl-ucdb. osm. wikidata
Greece;Lagkadás;settlement;40.75;230.667;11;no;;;0;ghsl-ucdb. osm. wdpa
Greece;Elefsína;settlement;380.414;23.543;10;no;;A11;0;cuisine. ghsl-ucdb. osm
Greenland;Kitsissunnguit;site;688.417;-519.178;100;yes;1;A9. A11;0;osm. wdpa
Greenland;Quinnguadalen. Qinngeq Kujalle;site;602.816;-445.818;37;yes;2;A9. A11;0;osm. wdpa
Greenland;Nationalparken i Nord- og Østg;site;77.365;-370.487;36;yes;3;A9;0;wdpa
Greenland;Melville Bay;site;759.718;-610.033;36;yes;4;A9;0;wdpa
Greenland;Hochstetter Forland;site;754.613;-197.841;36;yes;5;A9;0;wdpa
Greenland;Kilen;site;811.796;-13.399;36;yes;7;A9;0;wdpa
Greenland;Arnangarnup Qoorua/Paradisdale;site;664.917;-513.667;36;yes;8;A9;0;wdpa
Greenland;Austmannadalen;site;64.197;-498.743;36;no;;A9;0;wdpa
Greenland;Nuuk;settlement;641.835;-517.216;20;yes;6;A11;0;ghsl-ucdb. osm
Grenada;Saint George's;settlement;120.529;-617.523;100;yes;1;A11;0;ghsl-ucdb. osm
Guadeloupe;Capesterre-Belle-Eau;settlement;16.045;-615.643;100;yes;1;A11;0;ghsl-ucdb. osm. wikidata
Guadeloupe;Petit-Bourg;settlement;161.916;-615.914;95;no;;A11. A9;0;ghsl-ucdb. osm. wdpa
Guadeloupe;Les Abymes;settlement;16.273;-615.051;95;no;;A11;0;ghsl-ucdb. osm. wikidata
Guadeloupe;Basse-Terre;settlement;159.971;-617.321;81;no;;A11;0;ghsl-ucdb. osm. wikidata
Guadeloupe;Le Moule;settlement;163.316;-613.466;79;no;;A11;0;ghsl-ucdb. osm
Guadeloupe;Baie-Mahault;settlement;162.674;-615.854;56;no;;A11;0;ghsl-ucdb. osm
Guadeloupe;Sainte-Rose;settlement;163.326;-616.969;50;no;;A11;0;ghsl-ucdb. osm. wdpa
Guadeloupe;Le Gosier;settlement;162.062;-614.931;45;no;;A11;0;ghsl-ucdb. osm. wikidata
Guadeloupe;Sainte-Anne;settlement;162.256;-61.381;39;no;;A11;0;ghsl-ucdb. osm
Guam;Mangilao Village;settlement;134.476;1.448.011;100;yes;1;;0;ghsl-ucdb. osm. wikidata
Guam;Tamuning;settlement;134.875;1.447.814;94;no;;A12;0;ghsl-ucdb. osm
Guam;Dededo Village;settlement;135.178;1.448.391;63;no;;A11;0;ghsl-ucdb. osm
Guatemala;Antigua Guatemala;settlement;145.564;-907.332;100;yes;1;A11;1;ghsl-ucdb. osm. unesco-whs. wikidata
Guatemala;Lívingston;settlement;158.283;-887.504;93;yes;2;A11. A9;0;ghsl-ucdb. osm. wdpa. wikidata
Guatemala;Guatemala City;settlement;146.407;-905.133;91;no;;A11. A12;0;ghsl-ucdb. osm. wikidata
Guatemala;Flores;settlement;169.226;-898.994;88;yes;3;A11. A9;2;ghsl-ucdb. osm. unesco-whs. wdpa. wikidata
Guatemala;Morales;settlement;154.723;-888.407;74;no;;;1;ghsl-ucdb. osm. unesco-whs. wikidata
Guatemala;Esquipulas;settlement;145.657;-893.517;72;yes;4;A11. A9;1;ghsl-ucdb. osm. unesco-whs. wdpa. wikidata
Guatemala;El Asintal;settlement;145.963;-917.274;64;yes;5;A11;1;ghsl-ucdb. osm. unesco-whs. wikidata
Guatemala;Quetzaltenango;settlement;148.446;-915.232;53;no;;A11;0;ghsl-ucdb. osm. wdpa
Guatemala;Santiago Atitlán;settlement;146.382;-91.229;52;no;;A11;0;ghsl-ucdb. osm. wdpa. wikidata
Guatemala;Sololá;settlement;147.707;-911.834;51;no;;A11;0;ghsl-ucdb. osm. wdpa
Guatemala;Mixco;settlement;146.308;-906.071;45;no;;A11;0;ghsl-ucdb. osm. wdpa
Guatemala;Villa Nueva;settlement;145.251;-905.854;44;no;;A11;0;ghsl-ucdb. osm
Guatemala;Retalhuleu;settlement;145.358;-916.785;39;no;;A11;0;ghsl-ucdb. osm
Guatemala;Poptún;settlement;163.311;-894.169;31;yes;8;A9;0;ghsl-ucdb. osm. wdpa. wikidata
Guatemala;San Benito;settlement;169.168;-89.919;29;no;;A11. A9;0;ghsl-ucdb. osm. wdpa
Guatemala;Sierra del Lacandón;site;170.312;-909.883;28;yes;6;A9;0;wdpa
Guatemala;Alotenango;settlement;144.858;-908.044;28;no;;A9;0;ghsl-ucdb. wdpa
Guatemala;Chisec;settlement;158.131;-90.289;25;yes;7;A11. A9;0;ghsl-ucdb. osm. wdpa. wikidata
Guatemala;Cobán;settlement;154.703;-903.745;23;no;;A11;0;ghsl-ucdb. osm
Guatemala;Chichicastenango;settlement;149.433;-911.112;22;no;;A11;0;ghsl-ucdb. osm. wikidata
Guatemala;San José Pinula;settlement;14.546;-904.129;19;no;;A11;0;ghsl-ucdb. osm
Guatemala;Escuintla;settlement;14.301;-907.882;19;no;;A11;0;ghsl-ucdb. osm
Guatemala;Ostuncalco;settlement;14.869;-916.214;17;no;;A9;0;ghsl-ucdb. osm. wdpa
Guatemala;Cantel;settlement;148.115;-914.554;17;no;;A11. A9;0;ghsl-ucdb. osm. wdpa
Guatemala;Chimaltenango;settlement;146.588;-908.216;17;no;;A11;0;ghsl-ucdb. osm
Guatemala;Chiquimula;settlement;148.009;-895.464;17;no;;A11;0;ghsl-ucdb. osm
Guatemala;Palencia;settlement;146.671;-903.572;16;no;;A11;0;ghsl-ucdb. osm
Guatemala;Zacapa;settlement;149.687;-895.273;16;no;;A9. A11;0;ghsl-ucdb. osm. wdpa
Guatemala;Puerto San José;settlement;139.222;-908.191;16;yes;10;A11;0;ghsl-ucdb. osm
Guatemala;Huehuetenango;settlement;15.321;-91.47;16;no;;A11;0;ghsl-ucdb. osm
Guatemala;San Marcos;settlement;149.644;-917.949;15;no;;A9;0;ghsl-ucdb. osm. wdpa
Guatemala;Guazacapán;settlement;140.742;-904.167;14;no;;A11;0;ghsl-ucdb. osm. wdpa
Guatemala;Santa María de Jesús;settlement;144.945;-907.104;14;no;;A11. A9;0;ghsl-ucdb. osm. wdpa
Guatemala;Colomba;settlement;147.073;-917.317;14;no;;A9;0;ghsl-ucdb. osm. wdpa
Guatemala;El Palmar;settlement;146.508;-91.578;14;no;;A9;0;ghsl-ucdb. wdpa
Guatemala;Dos Pilas;site;164.452;-902.802;14;yes;12;A9;0;wdpa
Guatemala;Laguna del Tigre;site;174.911;-905.054;14;yes;11;A9;0;wdpa
Guatemala;Puerto Barrios;settlement;157.272;-885.979;14;no;;;0;ghsl-ucdb. osm. wdpa
Guatemala;Ciudad Vieja;settlement;14.524;-907.631;11;no;;A11;0;ghsl-ucdb. osm. wikidata
Guatemala;Tecpán Guatemala;settlement;147.618;-909.925;11;no;;A11;0;ghsl-ucdb. osm
Guatemala;Comalapa;settlement;147.409;-908.876;11;no;;A11;0;ghsl-ucdb. osm
Guatemala;Soloma;settlement;156.584;-914.299;11;yes;9;A11;0;ghsl-ucdb. osm
Guernsey;Saint Peter Port;settlement;494.598;-25.353;100;yes;1;A11;0;ghsl-ucdb. osm. wikidata
Guinea;Koundara;settlement;124.833;-13.3;100;yes;1;A9;0;cuisine. ghsl-ucdb. osm. wdpa. wikidata
Guinea;Conakry;settlement;9.538;-136.773;73;yes;2;A11. A12;0;ghsl-ucdb. osm
Guinea;Arfa Moussaïa;settlement;107.667;-113.667;68;yes;3;A12;0;ghsl-ucdb. wikidata
Guinea;Nzérékoré;settlement;77.562;-88.179;68;yes;4;A11;0;ghsl-ucdb. osm
Guinea;Forécariah;settlement;94.306;-130.881;59;yes;12;A11;0;ghsl-ucdb. osm. wdpa
Guinea;Macenta;settlement;85.435;-9.471;47;yes;6;A11;0;ghsl-ucdb. osm
Guinea;Dubréka;settlement;97.911;-135.233;43;no;;A11;0;ghsl-ucdb. osm
Guinea;Mamou;settlement;103.755;-120.915;38;yes;9;A11;0;ghsl-ucdb. osm
Guinea;Kankan;settlement;103.854;-93.057;37;yes;5;;0;ghsl-ucdb. osm. wdpa
Guinea;Mandiana;settlement;106.258;-86.941;37;yes;10;;0;ghsl-ucdb. osm. wdpa
Guinea;Bissikrima;settlement;10.85;-109.333;37;no;;;0;ghsl-ucdb. osm. wdpa
Guinea;Faranah;settlement;100.404;-107.434;34;yes;8;A11;0;ghsl-ucdb. osm
Guinea;Kamsar;settlement;10.65;-146.167;29;yes;7;A11;0;ghsl-ucdb. osm
Guinea;Gueckedou;settlement;85.674;-101.336;27;no;;A11;0;ghsl-ucdb. osm
Guinea;Camayenne;settlement;9.535;-136.878;26;no;;A11. A12;0;ghsl-ucdb. osm
Guinea;Labé;settlement;113.182;-122.833;23;yes;11;A11;0;ghsl-ucdb. osm
Guinea;Lola;settlement;7.8;-85.333;19;no;;A11;0;ghsl-ucdb. osm
Guinea;Yende Millimou;settlement;88.872;-101.722;12;no;;A11;0;ghsl-ucdb. osm
Guinea;Kissidougou;settlement;91.848;-100.999;12;no;;A11;0;ghsl-ucdb. osm
Guinea;Manéah;settlement;97.333;-134.167;11;no;;A11;0;ghsl-ucdb. osm
Guinea;Télimélé;settlement;10.9;-130.333;11;no;;A11;0;ghsl-ucdb. osm
Guinea;Donghol-Sigon;settlement;11.8;-122.167;11;no;;A11;0;ghsl-ucdb. osm
Guinea-Bissau;Gabú;settlement;12.28;-142.222;100;yes;1;A12;0;cuisine. ghsl-ucdb
Guinea-Bissau;Coastal and Marine Ecosystems of the Bijagós Archipelago – Omatí Minhô;site;11.12;-159.489;100;yes;2;A9;1;unesco-whs. wdpa
Guinea-Bissau;Bissau;settlement;118.636;-155.977;93;yes;3;A12;0;ghsl-ucdb. wikidata
Guinea-Bissau;Bafatá;settlement;121.658;-146.617;32;no;;A12;0;ghsl-ucdb. wikidata
Guinea-Bissau;Xitole;settlement;117.333;-148.167;32;yes;4;A12;0;ghsl-ucdb. wikidata
Guyana;Georgetown;settlement;68.045;-581.553;100;yes;1;A12;0;ghsl-ucdb. wikidata
Haiti;Port-au-Prince;settlement;185.435;-723.388;100;yes;1;A9. A11. A12;0;cuisine. ghsl-ucdb. osm. wdpa
Haiti;Saint-Raphaël;settlement;194.388;-721.991;95;yes;2;A11;1;cuisine. ghsl-ucdb. osm. unesco-whs. wdpa. wikidata
Haiti;Grand Gosier;settlement;181.854;-719.182;95;no;;A11. A9;0;ghsl-ucdb. osm. wdpa
Haiti;Thomazeau;settlement;18.653;-720.939;55;no;;A11;0;cuisine. ghsl-ucdb. osm
Haiti;Cap-Haïtien;settlement;197.594;-721.981;53;no;;A11;0;ghsl-ucdb. osm. wikidata
Haiti;Terrier Rouge;settlement;196.363;-719.548;45;no;;A11;0;ghsl-ucdb. osm
Haiti;Jacmel;settlement;182.357;-725.369;41;no;;A11;0;cuisine. ghsl-ucdb. osm. wikidata
Haiti;Les Cayes;settlement;18.192;-737.495;40;yes;6;A11;0;ghsl-ucdb. osm. wdpa
Haiti;Jérémie;settlement;18.65;-741.167;34;yes;3;A9;0;ghsl-ucdb. osm. wdpa
Haiti;Fond Parisien;settlement;185.055;-719.812;32;no;;;0;ghsl-ucdb. osm. wdpa
Haiti;Saint-Marc;settlement;191.114;-727.008;31;yes;7;A11;0;cuisine. ghsl-ucdb. osm
Haiti;Port-de-Paix;settlement;199.398;-728.304;22;yes;4;A11;0;ghsl-ucdb. osm
Haiti;Verrettes;settlement;190.505;-724.659;17;no;;;0;cuisine. ghsl-ucdb. osm. wdpa
Haiti;Lenbe;settlement;19.706;-724.034;17;no;;A11;0;cuisine. ghsl-ucdb. osm
Haiti;Miragoâne;settlement;18.446;-730.896;14;yes;5;A11;0;cuisine. ghsl-ucdb. osm
Haiti;Hinche;settlement;191.409;-720.119;13;no;;A11;0;cuisine. ghsl-ucdb. osm
Haiti;Saint-Michel de l'Atalaye;settlement;193.708;-723.347;13;no;;A11;0;cuisine. ghsl-ucdb. osm
Haiti;Arcahaie;settlement;187.702;-725.123;12;no;;;0;cuisine. ghsl-ucdb. osm
Heard Island and McDonald Islands;Heard Island and McDonald Islands;site;-516.631;748.432;100;yes;1;A9;0;wdpa
Honduras;Omoa;settlement;15.776;-880.383;100;yes;1;A9. A11;1;ghsl-ucdb. osm. unesco-whs. wdpa. wikidata
Honduras;Tela;settlement;157.743;-874.673;80;no;;A11. A9;0;ghsl-ucdb. osm. wdpa. wikidata
Honduras;Tegucigalpa;settlement;140.818;-872.068;76;yes;2;A9. A11;0;ghsl-ucdb. osm. wdpa
Honduras;Iriona;settlement;159.678;-850.932;52;yes;3;A9;1;ghsl-ucdb. unesco-whs. wdpa
Honduras;Marcovia;settlement;132.881;-873.097;52;yes;6;A11;0;ghsl-ucdb. osm. wdpa. wikidata
Honduras;Tocoa;settlement;156.833;-86;51;yes;9;A9;0;ghsl-ucdb. osm. wdpa
Honduras;San Juan de Flores;settlement;142.667;-870.333;49;no;;A11. A9;0;ghsl-ucdb. osm. wdpa
Honduras;La Ceiba;settlement;157.597;-867.822;47;yes;4;A9. A11;0;ghsl-ucdb. osm. wdpa
Honduras;Warunta;site;149.992;-846.237;47;yes;5;A9;0;wdpa. wikidata
Honduras;San Pedro Sula;settlement;155.059;-880.259;43;no;;A11;0;ghsl-ucdb. osm
Honduras;Belén Gualcho;settlement;144.833;-88.8;41;yes;7;A9;0;ghsl-ucdb. osm. wdpa
Honduras;Santa Cruz de Yojoa;settlement;149.809;-878.909;41;yes;10;A9;0;ghsl-ucdb. wdpa. wikidata
Honduras;Santa Rosa de Copán;settlement;147.739;-887.756;33;no;;A11. A9;0;ghsl-ucdb. osm. wdpa
Honduras;Yamaranguila;settlement;142.833;-88.242;32;no;;A11. A9;0;ghsl-ucdb. osm. wdpa
Honduras;Catacamas;settlement;148.511;-858.941;32;yes;8;A9. A11;0;ghsl-ucdb. osm. wdpa
Honduras;La Ceiba;settlement;157.667;-868.333;31;no;;A9;0;ghsl-ucdb. wdpa
Honduras;Comayagua;settlement;144.558;-876.397;30;no;;A9. A11;0;ghsl-ucdb. osm. wdpa
Honduras;Siguatepeque;settlement;145.969;-87.831;24;no;;A11;0;ghsl-ucdb. osm
Honduras;Colomoncagua;settlement;13.95;-882.833;23;no;;A9;0;ghsl-ucdb. osm. wdpa
Honduras;El Negrito;settlement;153.167;-87.7;21;no;;A9. A11;0;ghsl-ucdb. osm. wdpa
Honduras;La Paz;settlement;143.212;-876.759;21;no;;A9;0;ghsl-ucdb. osm. wdpa
Honduras;Cofradía;settlement;15.4;-88.15;21;no;;A9;0;ghsl-ucdb. osm. wdpa
Honduras;Teupasenti;settlement;142.167;-86.7;21;no;;A11. A9;0;ghsl-ucdb. osm. wdpa
Honduras;Santa Bárbara;settlement;149.222;-882.376;21;no;;A9;0;ghsl-ucdb. osm. wdpa
Honduras;Olanchito;settlement;154.813;-865.742;21;no;;A9;0;ghsl-ucdb. osm. wdpa
Honduras;Río Kruta;site;151.129;-833.671;21;yes;11;A9;0;osm. wdpa
Honduras;Yoro;settlement;151.382;-871.284;21;no;;A9;0;ghsl-ucdb. osm. wdpa
Honduras;Arizona;settlement;156.333;-873.167;21;no;;A9;0;ghsl-ucdb. wdpa
Honduras;Erandique;settlement;142.379;-884.645;21;no;;A9;0;ghsl-ucdb. wdpa
Honduras;Abogado Agustín Córdoba Rodríguez (Isla Santanilla o del Cisne);site;174.252;-83.975;21;yes;12;A9;0;wdpa
Honduras;Sistema de Humedales de la Isla de Guanaja;site;16.461;-858.893;21;yes;13;A9;0;wdpa
Honduras;El Progreso;settlement;15.4;-87.8;15;no;;A11;0;ghsl-ucdb. osm
Honduras;San Lorenzo;settlement;134.242;-874.472;13;no;;A11;0;ghsl-ucdb. osm. wdpa
Honduras;Ciudad Choluteca;settlement;133.057;-871.788;12;no;;;0;ghsl-ucdb. osm. wdpa
Honduras;San Pedro de Copán;settlement;146.167;-888.667;11;no;;A11;0;ghsl-ucdb. osm. wdpa
Honduras;La Iguala;settlement;146.167;-884.667;11;no;;;0;ghsl-ucdb. osm. wdpa
Honduras;Morocelí;settlement;141.167;-868.667;11;no;;A11;0;ghsl-ucdb. osm. wdpa
Honduras;Lepaera;settlement;147.788;-885.902;11;no;;A11;0;ghsl-ucdb. osm. wdpa
Honduras;Macuelizo;settlement;153.128;-885.411;10;no;;;0;ghsl-ucdb. wdpa
Honduras;Villa de San Antonio;settlement;143.259;-876.135;10;no;;;0;ghsl-ucdb. wdpa
Hong Kong;Hong Kong;settlement;222.783;1.141.747;100;yes;1;A12. A11;0;ghsl-ucdb. osm. wikidata
Hong Kong;New Territories;settlement;224.244;114.111;59;no;;A12. A11;0;ghsl-ucdb. osm. wikidata
Hong Kong;Tung Chung;settlement;222.878;1.139.424;20;no;;A11;0;ghsl-ucdb. osm. wikidata
Hong Kong;San Tung Chung Hang;settlement;222.787;1.139.431;11;no;;;0;ghsl-ucdb. osm. wikidata
Hungary;Sopron;settlement;47.685;165.905;100;yes;1;A9;1;ghsl-ucdb. unesco-whs. wdpa. wikidata
Hungary;Budapest;settlement;474.984;190.404;86;yes;2;A10. A12;1;cuisine. ghsl-ucdb. unesco-whs. wikidata
Hungary;Sátoraljaújhely;settlement;483.949;216.587;84;yes;3;A11;0;ghsl-ucdb. osm. wikidata
Hungary;Mosonmagyaróvár;settlement;478.679;172.699;70;no;;A11. A10;0;ghsl-ucdb. osm. wikidata
Hungary;Esztergom;settlement;477.928;187.415;67;no;;A10. A11;0;cuisine. ghsl-ucdb. osm. wikidata
Hungary;Salgótarján;settlement;480.987;19.803;44;yes;7;A10;1;cuisine. ghsl-ucdb. osm. unesco-whs. wikidata
Hungary;Kazincbarcika;settlement;48.25;206.333;41;yes;12;A9;1;cuisine. ghsl-ucdb. unesco-whs
Hungary;Kiskőrös;settlement;466.214;192.853;40;yes;5;A9;0;cuisine. ghsl-ucdb. wdpa
Hungary;Zalaegerszeg;settlement;46.837;16.844;37;yes;6;A10. A11;0;ghsl-ucdb. osm. wikidata
Hungary;Balmazújváros;settlement;476.167;21.35;35;no;;A9;1;ghsl-ucdb. unesco-whs. wdpa. wikidata
Hungary;Pécs;settlement;460.762;182.281;32;yes;4;A10;1;ghsl-ucdb. unesco-whs. wikidata
Hungary;Komárom;settlement;477.432;181.191;31;no;;;1;cuisine. ghsl-ucdb. unesco-whs. wikidata
Hungary;Győr;settlement;476.833;176.351;29;yes;11;;1;ghsl-ucdb. unesco-whs. wikidata
Hungary;Tiszaújváros;settlement;479.333;210.833;29;no;;;1;ghsl-ucdb. unesco-whs. wikidata
Hungary;Siófok;settlement;469.041;18.058;28;yes;10;A10;0;cuisine. ghsl-ucdb. wikidata
Hungary;Mohács;settlement;459.902;186.862;27;no;;A10. A9;0;ghsl-ucdb. osm. wdpa. wikidata
Hungary;Eger;settlement;479.027;203.733;24;no;;A9;0;cuisine. ghsl-ucdb. wdpa. wikidata
Hungary;Tata;settlement;476.529;183.184;23;no;;A11;0;cuisine. ghsl-ucdb. osm. wikidata
Hungary;Kecskemét;settlement;469.062;196.913;22;no;;A9;0;cuisine. ghsl-ucdb. wdpa. wikidata
Hungary;Vác;settlement;477.759;191.361;22;no;;A12;0;cuisine. ghsl-ucdb. osm
Hungary;Szombathely;settlement;472.309;166.215;22;no;;A10;0;ghsl-ucdb. wikidata
Hungary;Dabas;settlement;471.859;193.109;22;no;;A9;0;cuisine. ghsl-ucdb. wdpa
Hungary;Kiskunfélegyháza;settlement;467.121;198.446;21;no;;A10;0;cuisine. ghsl-ucdb. wikidata
Hungary;Karcag;settlement;473.167;209.333;20;yes;8;A9;0;ghsl-ucdb. wdpa
Hungary;Hatvan;settlement;476.667;196.833;18;no;;A12;0;cuisine. ghsl-ucdb
Hungary;Baja;settlement;46.183;189.531;16;no;;A11;0;cuisine. ghsl-ucdb. osm. wikidata
Hungary;Szeged;settlement;46.253;201.482;13;yes;9;;0;ghsl-ucdb. osm. wikidata
Hungary;Gyöngyös;settlement;477.826;19.928;11;no;;A12;0;cuisine. ghsl-ucdb. wikidata
Iceland;Reykjavík;settlement;641.355;-218.954;100;yes;1;A9. A11;1;ghsl-ucdb. osm. unesco-whs. wdpa. wikidata
Iceland;Vatnajökull National Park - Dynamic Nature of Fire and Ice;site;645.774;-168.815;71;yes;2;A9;1;unesco-whs. wdpa. wikidata
Iceland;Surtsey;site;633.031;-206.022;62;yes;4;A9. A11;1;osm. unesco-whs. wdpa. wikidata
Iceland;Akureyri;settlement;656.835;-180.878;56;yes;3;A11;0;ghsl-ucdb. osm. wdpa. wikidata
Iceland;Hornstrandir;site;663.618;-226.936;43;yes;5;A9. A11;0;osm. wdpa. wikidata
Iceland;Þjórsárver;site;647.252;-186.801;39;yes;6;A9;0;wdpa
Iceland;Snæfellsjökull;site;648.235;-238.848;21;yes;7;A9;0;osm. wdpa
India;Delhi;settlement;286.519;772.315;100;yes;1;A12. A11. A2;3;ghsl-ucdb. osm. unesco-whs. wikidata
India;Gangtok;settlement;273.257;886.122;76;yes;3;A9. A11;2;ghsl-ucdb. osm. unesco-whs. wdpa. wikidata
India;Barpeta Road;settlement;265.028;909.694;74;yes;2;A9;1;ghsl-ucdb. osm. unesco-whs. wdpa. wikidata
India;Bengaluru;settlement;129.719;775.937;73;yes;4;A12. A11;0;ghsl-ucdb. osm. wikidata
India;Kolkata;settlement;225.626;88.363;72;yes;6;A12. A11;0;ghsl-ucdb. osm. wikidata
India;Mumbai;settlement;190.728;728.826;70;yes;7;A12. A11;0;ghsl-ucdb. osm. wikidata
India;Hyderabad;settlement;17.384;784.564;67;yes;12;A12. A11;0;ghsl-ucdb. osm. wikidata
India;Thiruvananthapuram;settlement;84.855;769.492;64;yes;13;A11. A12;0;ghsl-ucdb. osm. wikidata
India;Vijayawada;settlement;165.074;806.466;63;yes;14;A11. A12;0;ghsl-ucdb. osm. wikidata
India;Thrissur;settlement;105.167;762.167;62;yes;15;A11;0;ghsl-ucdb. osm. wikidata
India;Jaipur;settlement;269.196;757.878;61;yes;8;A12. A11. A2;2;ghsl-ucdb. osm. unesco-whs. wikidata
India;Kanayannur;settlement;99.667;762.667;61;no;;A11. A12;0;ghsl-ucdb. osm. wikidata
India;Uran;settlement;188.781;729.392;58;no;;A11. A2;3;ghsl-ucdb. osm. unesco-whs. wikidata
India;Pune;settlement;185.196;738.554;57;no;;A12. A11;0;ghsl-ucdb. osm. wikidata
India;Srinagar;settlement;340.857;748.055;57;yes;19;A11. A12;0;ghsl-ucdb. osm. wikidata
India;Guwahati;settlement;261.844;917.458;55;no;;A11;0;ghsl-ucdb. osm. wikidata
India;Chennai;settlement;130.878;802.785;54;yes;21;A12. A11;0;ghsl-ucdb. osm. wikidata
India;Ahmedabad;settlement;230.258;725.873;54;yes;22;A12. A11;1;ghsl-ucdb. osm. unesco-whs. wikidata
India;Kulu;settlement;319.583;771.082;53;yes;20;A11. A9;1;ghsl-ucdb. osm. unesco-whs. wikidata
India;Panjim;settlement;154.957;738.262;51;yes;17;A11;1;ghsl-ucdb. osm. unesco-whs. wikidata
India;Agra;settlement;271.833;780.167;50;yes;27;A11. A12. A2;2;ghsl-ucdb. osm. unesco-whs. wikidata
India;Mapusa;settlement;155.915;73.809;50;no;;A11;0;ghsl-ucdb. osm. wikidata
India;Nanda Devi and Valley of Flowers National Parks;site;304.186;798.497;50;yes;10;A9;1;unesco-whs. wikidata
India;Marayur;settlement;102.764;77.162;49;no;;A11. A9;1;ghsl-ucdb. osm. unesco-whs. wikidata
India;Bharatpur;settlement;272.173;774.901;49;no;;A9;1;ghsl-ucdb. osm. unesco-whs. wikidata
India;Canning;settlement;22.314;886.651;49;no;;A9;1;ghsl-ucdb. osm. unesco-whs
India;Biswanath Chariali;settlement;267.258;931.466;49;no;;A9;1;ghsl-ucdb. osm. unesco-whs. wikidata
India;Rohini;settlement;287.432;770.678;49;no;;A11;0;ghsl-ucdb. osm
India;Hebbagodi;settlement;128.263;776.809;48;no;;A11;0;ghsl-ucdb. osm
India;Gundupālaiyam;settlement;11.941;798.029;48;no;;A11;0;ghsl-ucdb. osm
India;Erāttupetta;settlement;96.875;767.789;47;no;;A11;0;ghsl-ucdb. osm
India;Pimpri-Chinchwad;settlement;186.187;738.037;46;no;;A11. A12;0;ghsl-ucdb. osm
India;Gudalur;settlement;96.783;772.495;46;no;;A11;0;ghsl-ucdb. osm. wikidata
India;Rasapūdipalem;settlement;177.331;833.162;46;no;;A11. A12;0;ghsl-ucdb. osm. wikidata
India;Borivli;settlement;19.235;728.598;46;no;;A11;0;ghsl-ucdb. osm. wikidata
India;Najafgarh;settlement;286.092;769.798;45;no;;A11. A12;0;ghsl-ucdb. osm
India;Pathanāmthitta;settlement;92.667;767.833;44;no;;A11;0;ghsl-ucdb. osm
India;Adūr;settlement;9.156;767.319;44;no;;A11;0;ghsl-ucdb. osm
India;Kizhake Chālakudi;settlement;103.007;763.376;44;no;;A11;0;ghsl-ucdb. osm
India;Gurugram;settlement;284.601;770.263;44;no;;A11;0;ghsl-ucdb. osm. wikidata
India;Puducherry;settlement;119.338;798.298;44;no;;A11;0;ghsl-ucdb. osm. wikidata
India;Payyanur;settlement;120.935;752.025;43;no;;A11;0;ghsl-ucdb. osm
India;Kozhikode;settlement;11.248;757.804;43;no;;A11;0;ghsl-ucdb. osm
India;Changanācheri;settlement;9.442;76.536;42;no;;A11;0;ghsl-ucdb. osm
India;Kalpatta;settlement;116.087;760.834;42;no;;A11;0;ghsl-ucdb. osm. wikidata
India;Kottārakara;settlement;90.036;767.738;42;no;;A11;0;ghsl-ucdb. osm
India;Kollam;settlement;88.811;765.847;41;no;;A11;0;ghsl-ucdb. osm. wikidata
India;Haldwani;settlement;292.225;795.286;41;no;;A11;0;ghsl-ucdb. osm
India;Nagpur;settlement;211.463;790.849;40;yes;25;A12. A11;0;ghsl-ucdb. osm. wikidata
India;Tiruvalla;settlement;93.816;765.749;40;no;;A11;0;ghsl-ucdb. osm
India;Chengannūr;settlement;93.157;766.151;40;no;;A11;0;ghsl-ucdb. osm
India;Attingal;settlement;86.961;768.151;40;no;;A11;0;ghsl-ucdb. osm
India;Kanhangad;settlement;123.081;751.063;40;yes;26;A11;0;ghsl-ucdb. osm. wikidata
India;Khajuraho Group of Monuments;settlement;248.481;799.335;39;yes;5;;1;ghsl-ucdb. osm. unesco-whs. wikidata
India;Mūvattupula;settlement;99.849;765.773;39;no;;A11;0;ghsl-ucdb. osm
India;Punalūr;settlement;90.196;769.226;38;no;;A11;0;ghsl-ucdb. osm. wikidata
India;Mahabalipuram;settlement;126.209;801.933;38;no;;A11;1;ghsl-ucdb. osm. unesco-whs. wikidata
India;Athiyannur;settlement;8.393;770.637;38;no;;A11;0;ghsl-ucdb. osm
India;Piravam;settlement;98.667;76.5;38;no;;A11;0;ghsl-ucdb. osm
India;Mannārakkāt;settlement;109.922;764.642;38;no;;A11;0;ghsl-ucdb. osm. wikidata
India;Jalpāiguri;settlement;265.167;887.333;38;no;;A11;0;ghsl-ucdb. osm
India;Coimbatore;settlement;110.055;769.661;38;no;;A12. A11;0;ghsl-ucdb. osm
India;Siliguri;settlement;26.71;884.285;38;no;;A11;0;ghsl-ucdb. osm. wikidata
India;Iroopara;settlement;86.075;769.149;37;no;;A11;0;ghsl-ucdb. osm
India;Kulathummal;settlement;85.073;770.815;37;no;;A11;0;ghsl-ucdb. osm. wikidata
India;Munnar;settlement;100.882;770.624;37;no;;A11;0;ghsl-ucdb. osm. wikidata
India;Varanasi;settlement;253.167;830.104;37;yes;24;A11. A12;1;ghsl-ucdb. osm. unesco-whs. wikidata
India;Irinjālakuda;settlement;103.424;762.112;37;no;;A11;0;ghsl-ucdb. osm
India;Manjeri;settlement;111.202;76.12;37;no;;A11;0;ghsl-ucdb. osm
India;Puthuppally;settlement;95.575;765.748;37;no;;A11;0;ghsl-ucdb. osm
India;Mandya;settlement;125.223;768.975;36;no;;A11;0;ghsl-ucdb. osm
India;Lucknow;settlement;268.393;809.231;36;yes;29;A12. A11;0;ghsl-ucdb. osm. wikidata
India;Raval;settlement;219.191;694.818;36;no;;A11;0;ghsl-ucdb. osm
India;Kayamkulam;settlement;91.817;765.009;36;no;;A11;0;ghsl-ucdb. osm. wikidata
India;Alappuzha;settlement;9.49;763.264;36;no;;A11;0;ghsl-ucdb. osm
India;Patna;settlement;255.941;851.356;35;no;;A11. A12;0;ghsl-ucdb. osm. wikidata
India;Warangal;settlement;18;795.833;35;no;;A11;0;ghsl-ucdb. osm. wikidata
India;Nedumangād;settlement;86.027;770.014;35;no;;A11;0;ghsl-ucdb. osm
India;Hoskote;settlement;130.707;777.981;35;no;;A11;0;ghsl-ucdb. osm
India;Kunnamkulam;settlement;106.467;76.067;34;no;;A11;0;ghsl-ucdb. osm. wikidata
India;Elampalloor;settlement;89.558;766.739;34;no;;A11;0;ghsl-ucdb. osm
India;Kāsaragod;settlement;124.984;749.896;34;no;;A11;0;ghsl-ucdb. osm. wikidata
India;Chandigarh;settlement;307.363;767.884;34;no;;A11. A12;1;ghsl-ucdb. osm. unesco-whs. wikidata
India;Dwārka;settlement;222.394;689.678;34;no;;A11;0;ghsl-ucdb. osm. wikidata
India;Khammam;settlement;172.477;801.437;34;no;;A11;0;ghsl-ucdb. osm
India;Perintalmanna;settlement;109.772;762.254;34;no;;A11;0;ghsl-ucdb. osm
India;Dharamsala;settlement;322.201;763.201;34;no;;A11;0;ghsl-ucdb. osm. wikidata
India;Ghāziābād;settlement;286.654;774.391;34;no;;A11. A12;0;ghsl-ucdb. osm
India;Kalamassery;settlement;100.614;763.263;33;no;;A11;0;ghsl-ucdb. osm
India;Hassan;settlement;130.071;760.962;33;no;;A11;0;ghsl-ucdb. osm. wikidata
India;Nāgāvaram;settlement;174.886;786.021;33;no;;A11;0;ghsl-ucdb. osm
India;Thodupuzha;settlement;98.939;767.222;32;no;;A11;0;ghsl-ucdb. osm
India;Mysuru;settlement;122.979;766.393;32;no;;A11;0;ghsl-ucdb. osm. wikidata
India;Ludhiana;settlement;30.912;758.538;32;no;;A11. A12;0;ghsl-ucdb. osm
India;Ottapalam;settlement;107.735;763.776;32;no;;A11;0;ghsl-ucdb. osm
India;Madgaon;settlement;15.275;739.579;31;no;;A11;0;ghsl-ucdb. osm. wikidata
India;Madurai;settlement;9.919;781.195;31;no;;A11. A12;0;ghsl-ucdb. osm. wikidata
India;Bhundsi;settlement;283.505;770.614;31;no;;A11;0;ghsl-ucdb. osm
India;Parūr;settlement;101.477;76.23;31;no;;A11;0;ghsl-ucdb. osm
India;Kochi;settlement;99.399;762.602;31;no;;A11;0;ghsl-ucdb. osm
India;Aymanam;settlement;96.068;765.006;31;no;;A11;0;ghsl-ucdb. osm
India;Thodiyoor;settlement;9.078;765.777;30;no;;A11;0;ghsl-ucdb. osm. wikidata
India;Nashik;settlement;199.973;73.791;30;no;;A10. A11. A12;0;ghsl-ucdb. osm. wikidata
India;Kunnamangalam;settlement;113.046;758.777;30;no;;A11;0;ghsl-ucdb. osm
India;Taliparamba;settlement;120.416;753.593;29;no;;A11;0;ghsl-ucdb. osm
India;Palakkad;settlement;107.732;766.537;29;no;;A11;0;ghsl-ucdb. osm. wikidata
India;Serilingampalle;settlement;174.931;78.302;28;no;;A11;0;ghsl-ucdb. osm
India;Bhubaneswar;settlement;202.724;858.338;28;no;;A11;0;ghsl-ucdb. osm. wikidata
India;Porathissery;settlement;103.764;762.015;27;no;;A11;0;ghsl-ucdb. osm. wikidata
India;Ettumanoor;settlement;9.67;76.57;27;no;;A11;0;ghsl-ucdb. osm
India;Guntur;settlement;162.997;804.573;27;no;;A11;0;ghsl-ucdb. osm
India;Mulamthuruthy;settlement;99.003;76.387;27;no;;A11;0;ghsl-ucdb. osm
India;Nautanwa;settlement;274.275;834.179;26;yes;28;A11. A10;1;cuisine. ghsl-ucdb. osm. unesco-whs. wikidata
India;Kottayam;settlement;95.869;765.213;26;no;;A11;0;ghsl-ucdb. osm
India;Vizianagaram;settlement;181.169;834.115;26;yes;23;A10. A11;0;ghsl-ucdb. osm. wikidata
India;Karungappalli;settlement;91.042;76.537;26;no;;A11;0;ghsl-ucdb. osm
India;Prayagraj;settlement;254.448;818.432;26;no;;A11. A12;0;ghsl-ucdb. osm. wikidata
India;Jaynagar Majilpur;settlement;221.752;884.201;26;no;;A11. A9;0;ghsl-ucdb. osm. wdpa. wikidata
India;Nilambūr;settlement;112.727;762.257;26;no;;A11;0;ghsl-ucdb. osm. wikidata
India;Thazhecode;settlement;113.226;759.758;26;no;;A11;0;ghsl-ucdb. osm
India;Palai;settlement;97.131;766.833;26;no;;A11;0;ghsl-ucdb. osm
India;Aurangabad;settlement;198.776;753.423;25;no;;A11. A12;0;ghsl-ucdb. osm. wikidata
India;Meerut;settlement;28.98;777.064;25;no;;A11. A12;0;ghsl-ucdb. osm
India;Bilāspur;settlement;22.08;821.554;25;no;;A11;0;cuisine. ghsl-ucdb. osm. wikidata
India;Faridabad;settlement;284.112;773.132;25;no;;A11. A12;0;ghsl-ucdb. osm. wikidata
India;Khowai;settlement;240.796;915.997;25;no;;A9;0;ghsl-ucdb. wdpa. wikidata
India;Tso Kar Wetland Complex;site;332.951;780.129;25;no;;A9;0;wdpa. wikidata
India;Angul;settlement;208.409;851.019;24;no;;A9;0;ghsl-ucdb. wdpa
India;Urmar;settlement;316.814;756.355;24;no;;A9;0;ghsl-ucdb. wdpa
India;Mattanur;settlement;119.302;755.715;24;no;;A11;0;ghsl-ucdb. osm
India;Calangute;settlement;155.439;737.553;24;no;;A11;0;ghsl-ucdb. osm. wikidata
India;Puthencruz;settlement;99.773;764.105;24;no;;A11;0;ghsl-ucdb. osm
India;Jodhpur;settlement;262.684;730.059;24;no;;A11. A12;0;ghsl-ucdb. osm. wikidata
India;Tiruchirappalli;settlement;108.155;786.965;24;no;;A11. A12;0;ghsl-ucdb. osm. wikidata
India;Udaipur;settlement;245.858;737.135;24;no;;A11;0;ghsl-ucdb. osm. wikidata
India;Māvelikara;settlement;92.593;765.564;24;no;;A11;0;ghsl-ucdb. osm
India;Moothakunnam;settlement;101.899;762.008;24;no;;A11;0;ghsl-ucdb. osm. wikidata
India;Amravati;settlement;209.333;77.75;24;no;;A11;0;ghsl-ucdb. osm
India;Kharghar;settlement;190.498;730.702;23;no;;A11;0;ghsl-ucdb. osm
India;Kalavoor;settlement;95.705;763.276;23;no;;A11. A10;0;ghsl-ucdb. osm. wikidata
India;Gaya;settlement;247.969;850.038;23;no;;A11;1;ghsl-ucdb. osm. unesco-whs. wikidata
India;Talikkulam;settlement;104.404;760.948;23;no;;A11;0;ghsl-ucdb. osm
India;Kotamangalam;settlement;100.643;766.284;23;no;;A11;0;ghsl-ucdb. osm
India;Udupi;settlement;133.347;747.462;23;no;;A11;0;ghsl-ucdb. osm. wikidata
India;Kizhuparamba;settlement;112.526;760.244;22;no;;A11;0;ghsl-ucdb. osm
India;Jaisalmer;settlement;269.176;709.039;22;no;;A11;0;ghsl-ucdb. osm. wikidata
India;Gaurela;settlement;227.545;819.011;22;yes;9;A10;0;cuisine. ghsl-ucdb. wikidata
India;Adichānallūr;settlement;88.805;767.156;22;no;;A11;0;ghsl-ucdb. osm
India;Bhopal;settlement;232.547;774.029;22;no;;A11. A12;0;ghsl-ucdb. osm. wikidata
India;Renukūt;settlement;242.164;830.358;22;no;;A11;0;cuisine. ghsl-ucdb. osm
India;Kodungallūr;settlement;102.326;761.951;22;no;;A11;0;ghsl-ucdb. osm
India;Kodur;settlement;110.153;760.701;22;no;;A11;0;ghsl-ucdb. osm
India;Raipur;settlement;212.333;816.333;22;no;;A11. A12;0;ghsl-ucdb. osm
India;Ettumānūr;settlement;9.669;765.592;22;no;;A11;0;ghsl-ucdb. osm
India;Jharsuguda;settlement;218.553;84.007;22;no;;A11;0;cuisine. ghsl-ucdb. osm
India;Sundergarh;settlement;221.167;840.333;22;no;;A11;0;cuisine. ghsl-ucdb. osm
India;Shertallai;settlement;96.858;76.34;21;no;;A11;0;ghsl-ucdb. osm
India;Kamalāpuram;settlement;153.044;764.765;21;no;;A11;1;ghsl-ucdb. osm. unesco-whs. wikidata
India;Panachikkad;settlement;95.297;765.406;21;no;;A11;0;ghsl-ucdb. osm
India;Saktī;settlement;220.266;829.609;21;no;;A11;0;cuisine. ghsl-ucdb. osm
India;Korba;settlement;223.458;826.963;21;no;;;0;cuisine. ghsl-ucdb. osm
India;Visakhapatnam;settlement;176.801;832.016;21;no;;A11. A12;0;ghsl-ucdb. osm
India;Pallāvaram;settlement;12.968;801.502;20;no;;A11;0;ghsl-ucdb. osm
India;Balussheri;settlement;114.474;758.294;20;no;;A11;0;ghsl-ucdb. osm
India;Ambikāpur;settlement;231.189;831.954;20;no;;A11;0;cuisine. ghsl-ucdb. osm
India;Dārjiling;settlement;270.333;882.667;20;no;;A11;0;ghsl-ucdb. osm. wikidata
India;Vaikam;settlement;97.486;763.964;20;no;;A11;0;ghsl-ucdb. osm
India;Mēppādam;settlement;93.242;764.934;20;no;;A11;0;ghsl-ucdb. osm
India;Fatehpur Sīkri;settlement;270.937;77.66;20;no;;;1;ghsl-ucdb. osm. unesco-whs. wikidata
India;Kharsia;settlement;219.895;831.048;20;no;;A12;0;cuisine. ghsl-ucdb. osm. wikidata
India;Hālol;settlement;225.032;734.724;20;no;;;1;ghsl-ucdb. unesco-whs. wikidata
India;Raigarh;settlement;218.976;833.966;20;no;;A12;0;cuisine. ghsl-ucdb. osm
India;Neyyāttinkara;settlement;83.985;770.859;20;no;;A11;0;ghsl-ucdb. osm
India;Indore;settlement;227.179;758.333;20;no;;A11. A12;0;ghsl-ucdb. osm. wikidata
India;Nanminda;settlement;114.232;758.231;19;no;;A11;0;ghsl-ucdb. osm
India;Karamuck;settlement;104.842;761.044;19;no;;A11;0;ghsl-ucdb. osm
India;Leh;settlement;34.165;77.584;19;yes;11;;0;ghsl-ucdb. osm. wikidata
India;Varkala;settlement;87.333;767.167;19;no;;A11;0;ghsl-ucdb. osm. wikidata
India;Perumbaikad;settlement;96.183;765.313;19;no;;A11;0;ghsl-ucdb. osm
India;Bijuri;settlement;232.524;821.167;19;no;;;0;cuisine. ghsl-ucdb. osm
India;Karīmnagar;settlement;184.392;791.286;19;no;;;0;ghsl-ucdb. osm
India;Bāspalli;settlement;175.391;783.636;19;no;;A11;0;ghsl-ucdb. osm
India;Belpahar;settlement;218.218;838.458;19;no;;A12;0;cuisine. ghsl-ucdb. wikidata
India;Pasān;settlement;228.441;821.982;19;no;;A12;0;cuisine. ghsl-ucdb. wikidata
India;Chirmiri;settlement;231.907;823.531;18;no;;A12;0;cuisine. ghsl-ucdb
India;Brajarajnagar;settlement;218.167;839.167;18;no;;A12;0;cuisine. ghsl-ucdb
India;Chāmpa;settlement;220.353;826.423;18;no;;A12;0;cuisine. ghsl-ucdb
India;Dhanpuri;settlement;231.854;815.551;18;no;;A12;0;cuisine. ghsl-ucdb
India;Simdega;settlement;226.152;845.021;18;no;;A12;0;cuisine. ghsl-ucdb
India;Nailā;settlement;220.207;825.666;18;no;;A12;0;cuisine. ghsl-ucdb
India;Manendragarh;settlement;232.134;822.023;18;no;;A12;0;cuisine. ghsl-ucdb
India;Jānjgīr;settlement;220.092;825.778;18;no;;A12;0;cuisine. ghsl-ucdb
India;Kotma;settlement;232.038;81.979;18;no;;A12;0;cuisine. ghsl-ucdb
India;Amlai;settlement;231.984;815.806;18;no;;A12;0;cuisine. ghsl-ucdb
India;Pasan;settlement;231.649;819.286;18;no;;A12;0;cuisine. ghsl-ucdb
India;Baikunthpur;settlement;232.621;825.605;18;no;;A12;0;cuisine. ghsl-ucdb
India;Jashpur Nagar;settlement;228.878;841.386;18;no;;A12;0;cuisine. ghsl-ucdb
India;Baloda Bāzār;settlement;216.568;821.606;18;no;;A12;0;cuisine. ghsl-ucdb
India;Ratanpur;settlement;222.866;821.682;18;no;;A12;0;cuisine. ghsl-ucdb
India;Shivpur Charcha;settlement;233.289;825.281;18;no;;A12;0;cuisine. ghsl-ucdb
India;Akaltara;settlement;220.246;824.264;18;no;;A12;0;cuisine. ghsl-ucdb
India;Katghora;settlement;225.025;825.428;18;no;;A12;0;cuisine. ghsl-ucdb
India;Bangawan;settlement;231.926;821.272;18;no;;A12;0;cuisine. ghsl-ucdb
India;Surajpur;settlement;232.135;828.684;18;no;;A12;0;cuisine. ghsl-ucdb
India;Takhatpur;settlement;221.291;818.696;18;no;;A12;0;cuisine. ghsl-ucdb
India;Anūppur;settlement;231.034;816.908;18;no;;A12;0;cuisine. ghsl-ucdb
India;Burhar;settlement;232.149;81.532;18;no;;A12;0;cuisine. ghsl-ucdb
India;Kotā;settlement;222.951;820.237;18;no;;A12;0;cuisine. ghsl-ucdb
India;Khongapani;settlement;231.912;821.626;18;no;;A12;0;cuisine. ghsl-ucdb
India;Pathalgaon;settlement;225.566;834.635;18;no;;A12;0;cuisine. ghsl-ucdb
India;Lormi;settlement;222.743;817.018;18;no;;A12;0;cuisine. ghsl-ucdb
India;Bārāsat;settlement;227.215;88.482;18;no;;A11;0;ghsl-ucdb. osm
India;Khuldābād;settlement;200.067;751.924;18;no;;;1;ghsl-ucdb. osm. unesco-whs. wikidata
India;Kārakkād;settlement;10.588;760.388;18;no;;A11;0;ghsl-ucdb. osm
India;Ādanāttutekkumuri Kizhakku;settlement;90.791;765.137;18;no;;A11;0;ghsl-ucdb. osm
India;Tirur;settlement;109.137;759.212;18;no;;A11;0;ghsl-ucdb. osm
India;Nichlaul;settlement;273.125;837.253;18;no;;A11. A10;0;cuisine. ghsl-ucdb. osm. wikidata
India;Mangaluru;settlement;129.172;74.856;18;no;;A11;0;ghsl-ucdb. osm. wikidata
India;Mandapeta;settlement;168.625;819.292;18;no;;A11;0;ghsl-ucdb. osm
India;Kottuvalli;settlement;101.112;762.463;18;no;;A11;0;ghsl-ucdb. osm
India;Kondotty;settlement;111.423;759.657;18;no;;A11;0;ghsl-ucdb. osm
India;Chhatrapur;settlement;193.557;849.836;18;no;;A11;0;ghsl-ucdb. osm
India;Thanjavur;settlement;107.852;791.391;17;no;;;1;ghsl-ucdb. osm. unesco-whs. wikidata
India;Sholinganallur;settlement;12.89;802.313;17;no;;A11;0;ghsl-ucdb. osm. wikidata
India;Kāraikkudi;settlement;100.662;787.678;17;no;;A11;0;ghsl-ucdb. osm. wikidata
India;Vidisha;settlement;23.526;778.109;17;no;;A11;1;ghsl-ucdb. osm. unesco-whs. wikidata
India;Kannur;settlement;118.675;753.576;17;no;;A11;0;ghsl-ucdb. osm. wikidata
India;Dombivali;settlement;192.167;730.833;17;no;;A11. A12;0;ghsl-ucdb. osm
India;Muvattupuzha;settlement;99.799;765.738;17;no;;A11;0;ghsl-ucdb. osm
India;Talegaon Dābhāde;settlement;18.735;736.756;17;no;;A11;0;ghsl-ucdb. osm. wikidata
India;Nangal;settlement;313.897;763.757;17;no;;A11;0;ghsl-ucdb. osm
India;Pachperwa;settlement;275.123;82.643;17;no;;A11;0;cuisine. ghsl-ucdb. osm
India;Kompalli;settlement;17.545;784.884;17;no;;A11;0;ghsl-ucdb. osm
India;Vellore;settlement;129.184;791.325;16;no;;A11;0;ghsl-ucdb. osm. wikidata
India;Rāpar;settlement;235.727;706.472;16;no;;;1;ghsl-ucdb. osm. unesco-whs. wikidata
India;Bhayandar;settlement;193.016;728.511;16;no;;A11;0;ghsl-ucdb. osm. wikidata
India;Muzaffarpur;settlement;261.226;853.906;16;no;;A11;0;ghsl-ucdb. osm
India;Jawaharnagar;settlement;17.51;785.656;16;no;;A11;0;ghsl-ucdb. osm
India;Chengamanād;settlement;101.541;763.416;16;no;;A11;0;ghsl-ucdb. osm
India;Mahbūbnagar;settlement;167.438;77.986;16;no;;A11;0;ghsl-ucdb. osm
India;Khordha;settlement;201.827;856.163;16;no;;A11;0;ghsl-ucdb. osm
India;Vettanād;settlement;86.059;769.424;16;no;;A11;0;ghsl-ucdb. osm
India;Ālankōd;settlement;10.746;760.348;16;no;;A11;0;ghsl-ucdb. osm
India;Cherpulassery;settlement;108.765;763.093;15;no;;A11;0;ghsl-ucdb. osm
India;Dehradun;settlement;303.244;780.339;15;no;;A11;0;ghsl-ucdb. osm
India;Konārka;settlement;198.902;860.976;15;no;;;1;ghsl-ucdb. osm. unesco-whs. wikidata
India;Tellicherry;settlement;117.481;754.929;15;no;;A11;0;ghsl-ucdb. osm. wikidata
India;Angamāli;settlement;101.905;763.879;15;no;;A11;0;ghsl-ucdb. osm
India;Srikakulam;settlement;182.989;838.975;15;no;;A11;0;ghsl-ucdb. osm
India;Jūnāgadh;settlement;215.197;704.598;15;yes;16;;0;ghsl-ucdb. osm. wikidata
India;Vijayapuram;settlement;95.912;765.612;15;no;;A11;0;ghsl-ucdb. osm
India;Edattala;settlement;100.564;763.845;15;no;;A11;0;ghsl-ucdb. osm
India;Vengola Kizhakkumbāgam;settlement;100.637;764.761;15;no;;A11;0;ghsl-ucdb. osm
India;Ezhome;settlement;12.03;752.819;15;no;;A11;0;ghsl-ucdb. osm
India;Cuncolim;settlement;151.773;739.939;15;no;;A11;0;ghsl-ucdb. osm. wikidata
India;Gingee;settlement;122.528;794.173;15;no;;;1;ghsl-ucdb. osm. unesco-whs. wikidata
India;Bannūr;settlement;12.333;76.862;15;no;;;1;ghsl-ucdb. osm. unesco-whs. wikidata
India;Soygaon;settlement;205.961;756.176;14;no;;;1;ghsl-ucdb. unesco-whs. wikidata
India;Kuttippuram;settlement;108.425;760.308;14;no;;A11;0;ghsl-ucdb. osm
India;Ranchi;settlement;233.432;853.094;14;no;;A12. A11;0;ghsl-ucdb. osm. wikidata
India;Kurnool;settlement;158.289;78.036;14;no;;A10. A11;0;ghsl-ucdb. osm. wikidata
India;Pattāmbi;settlement;108.001;761.841;14;no;;A11;0;ghsl-ucdb. osm
India;Martūru;settlement;101.717;764.264;14;no;;A11;0;ghsl-ucdb. osm
India;Sīkar;settlement;276.121;75.14;14;no;;A11;0;ghsl-ucdb. osm. wikidata
India;Perumbavoor;settlement;101.069;764.737;14;no;;A11;0;ghsl-ucdb. osm
India;Vayalār;settlement;97.116;763.389;14;no;;A11;0;ghsl-ucdb. osm
India;Ajmer;settlement;264.521;746.387;14;no;;A10. A11;0;ghsl-ucdb. osm. wikidata
India;Malappuram;settlement;11.042;760.815;14;no;;A11;0;ghsl-ucdb. osm
India;Jalladiampet;settlement;129.203;802.081;14;no;;A11;0;ghsl-ucdb. osm
India;Port Blair;settlement;116.661;927.464;14;no;;A11;0;ghsl-ucdb. osm. wikidata
India;Jorhat;settlement;267.575;942.031;14;yes;18;;0;ghsl-ucdb. osm. wikidata
India;Kalliyasshēri;settlement;119.755;753.645;14;no;;A11;0;ghsl-ucdb. osm
India;Chittūr;settlement;106.997;767.471;14;no;;A11;0;ghsl-ucdb. osm
India;Bolpur;settlement;236.628;87.697;14;no;;;1;ghsl-ucdb. osm. unesco-whs. wikidata
India;Kanniyākumāri;settlement;80.901;775.384;13;no;;;0;ghsl-ucdb. osm. wikidata
India;Eluru;settlement;167.131;811.044;13;no;;A11;0;ghsl-ucdb. osm. wikidata
India;Kolaccheri;settlement;119.763;754.167;13;no;;A11;0;ghsl-ucdb. osm
India;Bhuj;settlement;23.254;696.693;13;no;;A11;0;ghsl-ucdb. osm. wikidata
India;Vettūr;settlement;87.174;767.258;13;no;;A11;0;ghsl-ucdb. osm
India;Sonāri;settlement;270.246;950.163;13;no;;;1;ghsl-ucdb. osm. unesco-whs. wikidata
India;Yamjāl;settlement;172.694;785.767;13;no;;A11;0;ghsl-ucdb. osm
India;Bikaner;settlement;280.176;733.149;13;no;;A11;0;ghsl-ucdb. osm
India;Srīkandamangalam;settlement;96.594;763.633;13;no;;A11;0;ghsl-ucdb. osm
India;Kāramadai;settlement;112.406;769.601;13;no;;A11;0;ghsl-ucdb. osm
India;Edavai;settlement;87.645;766.885;13;no;;A11;0;ghsl-ucdb. osm
India;Haldia;settlement;220.605;881.098;13;no;;A11;0;ghsl-ucdb. osm
India;Naihāti;settlement;22.894;884.152;13;no;;A11;0;ghsl-ucdb. osm. wikidata
India;Vadakāncheri;settlement;106.604;762.466;13;no;;A11;0;ghsl-ucdb. osm. wikidata
India;Vadodara;settlement;222.994;732.081;13;no;;A11. A12;0;ghsl-ucdb. osm. wikidata
India;Mehndāwal;settlement;269.758;831.099;13;no;;;0;cuisine. ghsl-ucdb. wdpa
India;Kotagiri;settlement;114.207;768.603;13;no;;A11;1;ghsl-ucdb. osm. unesco-whs
India;Pātan;settlement;238.507;721.296;13;no;;;1;ghsl-ucdb. osm. unesco-whs. wikidata
India;Silao;settlement;250.836;85.428;13;no;;;1;ghsl-ucdb. osm. unesco-whs. wikidata
India;Ubaidullāhganj;settlement;229.983;775.862;13;no;;;1;ghsl-ucdb. osm. unesco-whs. wikidata
India;Mulugu;settlement;18.191;79.943;12;no;;;1;ghsl-ucdb. unesco-whs. wikidata
India;Jhālāwār;settlement;245.963;76.165;12;no;;;1;ghsl-ucdb. unesco-whs. wikidata
India;Guledagudda;settlement;160.502;75.79;12;no;;;1;ghsl-ucdb. unesco-whs. wikidata
India;Rajamahendravaram;settlement;170.052;817.778;12;no;;;0;ghsl-ucdb. osm. wikidata
India;Villupuram;settlement;119.398;794.924;12;no;;A11;0;ghsl-ucdb. osm
India;Bakhri;settlement;255.989;862.607;12;no;;;0;ghsl-ucdb. wdpa. wikidata
India;Kākināda;settlement;169.604;822.381;12;no;;A11;0;ghsl-ucdb. osm
India;Naduvattam;settlement;108.799;76.002;12;no;;A11;0;ghsl-ucdb. osm
India;Pudussery West;settlement;10.788;767.279;12;no;;A11;0;ghsl-ucdb. osm
India;Nattakam;settlement;95.453;765.141;12;no;;A11;0;ghsl-ucdb. osm
India;Ramanattukara;settlement;11.178;758.689;12;no;;A11;0;ghsl-ucdb. osm
India;Bijnor;settlement;29.373;781.364;12;no;;;0;ghsl-ucdb. osm. wdpa
India;Udalguri;settlement;267.537;921.021;12;no;;;0;ghsl-ucdb. wdpa
India;Kohima;settlement;256.747;94.111;12;no;;A11;0;ghsl-ucdb. osm
India;Icchannūr;settlement;113.615;757.782;12;no;;A11;0;ghsl-ucdb. osm
India;Rāikot;settlement;30.65;75.6;12;no;;A11;0;ghsl-ucdb. osm
India;Perumpāvūr;settlement;101.154;764.761;12;no;;A11;0;ghsl-ucdb. osm
India;Iramallūr;settlement;100.619;765.717;12;no;;A11;0;ghsl-ucdb. osm. wikidata
India;Nedumpana;settlement;8.908;76.693;12;no;;A11;0;ghsl-ucdb. osm
India;Puttankulam;settlement;88.138;767.179;12;no;;A11;0;ghsl-ucdb. osm
India;Mahesāna;settlement;235.986;723.847;12;no;;A11;0;ghsl-ucdb. osm
India;Curchorem;settlement;152.635;741.088;12;no;;A11;0;ghsl-ucdb. osm. wikidata
India;Amritsar;settlement;316.223;748.753;12;no;;A11. A12;0;ghsl-ucdb. osm. wikidata
India;Alattūr;settlement;10.65;765.333;12;no;;A11;0;ghsl-ucdb. osm
India;Krishnagiri;settlement;125.192;782.138;12;no;;;0;ghsl-ucdb. osm. wikidata
India;Davangere;settlement;144.669;759.269;12;no;;A11;0;ghsl-ucdb. osm
India;Choornikkara;settlement;100.879;763.411;11;no;;A11;0;ghsl-ucdb. osm
India;Edaicode;settlement;83.825;771.983;11;no;;A11;0;ghsl-ucdb. osm. wikidata
India;Sholapur;settlement;176.715;759.104;11;no;;A11;0;ghsl-ucdb. osm. wikidata
India;Hubballi;settlement;153.478;751.338;11;no;;;0;ghsl-ucdb. osm. wikidata
India;Pimpri;settlement;186.229;73.807;11;no;;A11. A12;0;ghsl-ucdb. osm
India;Jalandhar;settlement;313.256;755.792;11;no;;A11;0;ghsl-ucdb. osm
India;Pūlakkōd;settlement;113.097;75.95;11;no;;A11;0;ghsl-ucdb. osm
India;Machilīpatnam;settlement;161.875;811.389;11;no;;A11;0;ghsl-ucdb. osm
India;Polavaram;settlement;172.475;816.437;11;no;;A11;0;ghsl-ucdb. osm
India;Jammu;settlement;327.353;748.617;11;no;;A11;0;ghsl-ucdb. osm
India;Shimla;settlement;311.044;771.666;11;no;;A11;0;ghsl-ucdb. osm. wikidata
India;Puthenvelikara;settlement;101.851;762.454;11;no;;A11;0;ghsl-ucdb. osm
India;Talakkolattur;settlement;113.537;75.758;11;no;;A11;0;ghsl-ucdb. osm
India;Irimbiliyam;settlement;108.624;760.922;11;no;;A11;0;ghsl-ucdb. osm
India;Kandamkunnu;settlement;118.695;755.808;11;no;;A11;0;ghsl-ucdb. osm
India;Dindigul;settlement;10.369;779.804;11;no;;A11;0;ghsl-ucdb. osm. wikidata
India;Belagavi;settlement;158.521;745.045;11;no;;A11;0;ghsl-ucdb. osm. wikidata
India;Kōttakkal;settlement;110.009;760.062;11;no;;A11;0;ghsl-ucdb. osm
India;Durgapur;settlement;235.158;87.308;10;no;;A10. A11;0;ghsl-ucdb. osm. wikidata
India;Panvel;settlement;189.888;731.101;10;no;;A11;0;ghsl-ucdb. osm
India;Pāppinisshēri;settlement;119.566;753.403;10;no;;A11;0;ghsl-ucdb. osm
India;Tambaram;settlement;129.246;801.271;10;no;;A11;0;ghsl-ucdb. osm
India;Bicholim;settlement;155.932;739.457;10;no;;A11;0;ghsl-ucdb. osm. wikidata
India;Jhānsi;settlement;254.589;785.799;10;no;;A11;0;ghsl-ucdb. osm. wikidata
India;Gorakhpur;settlement;267.663;833.689;10;no;;A11;0;cuisine. ghsl-ucdb. osm
India;Koovappady;settlement;101.553;764.854;10;no;;A11. A10;0;ghsl-ucdb. osm. wikidata
India;Laxmangarh;settlement;278.229;750.275;10;no;;A11;0;ghsl-ucdb. osm
India;Kīlattingal;settlement;86.926;767.933;10;no;;A11;0;ghsl-ucdb. osm
India;Koipādi;settlement;12.593;749.626;10;no;;A11;0;ghsl-ucdb. osm
Indonesia;Muntilan;settlement;-75.811;1.102.928;100;yes;1;A9;1;ghsl-ucdb. unesco-whs. wdpa. wikidata
Indonesia;Yogyakarta;settlement;-78.014;1.103.647;99;no;;;1;ghsl-ucdb. unesco-whs. wikidata
Indonesia;Padang;settlement;-0.9492;1.003.543;98;no;;A9;0;ghsl-ucdb. wdpa. wikidata
Indonesia;Salatiga;settlement;-73.319;1.104.928;89;no;;A9;0;ghsl-ucdb. wdpa. wikidata
Indonesia;Tangerang;settlement;-61.781;106.63;87;yes;2;A12;0;ghsl-ucdb. wikidata
Indonesia;Labuan Bajo;settlement;-84.964;1.198.877;87;yes;4;A9;1;ghsl-ucdb. unesco-whs. wdpa. wikidata
Indonesia;Surakarta;settlement;-75.561;1.108.317;86;no;;;1;ghsl-ucdb. unesco-whs. wikidata
Indonesia;Candi Prambanan;settlement;-7.75;1.104.942;86;no;;;1;ghsl-ucdb. unesco-whs. wikidata
Indonesia;Padangpanjang;settlement;-0.456;1.004.052;84;no;;A9;1;ghsl-ucdb. unesco-whs. wdpa. wikidata
Indonesia;Banjar;settlement;-71.955;1.074.313;82;no;;A9;0;ghsl-ucdb. wdpa. wikidata
Indonesia;Nunukan;settlement;41.384;1.176.507;82;yes;6;A9;0;ghsl-ucdb. wdpa
Indonesia;Bogor;settlement;-65.944;1.067.892;80;no;;A12;0;ghsl-ucdb. wikidata
Indonesia;Bandung;settlement;-69.222;1.076.069;80;no;;A12. A9;0;ghsl-ucdb. wdpa. wikidata
Indonesia;Mertoyudan;settlement;-7.52;1.102.264;80;no;;;0;ghsl-ucdb. wikidata
Indonesia;Karawang;settlement;-63.053;1.073.197;78;no;;;0;ghsl-ucdb. wikidata
Indonesia;Magelang;settlement;-74.706;1.102.178;78;no;;;0;ghsl-ucdb. wikidata
Indonesia;Ambarawa;settlement;-72.633;1.103.975;78;no;;;0;ghsl-ucdb. wikidata
Indonesia;Kutoarjo;settlement;-77.169;1.099.128;78;no;;;0;ghsl-ucdb. wikidata
Indonesia;Padangsidempuan;settlement;13.795;992.715;74;yes;9;A9;0;ghsl-ucdb. wdpa
Indonesia;Paseh;settlement;-7.068;107.794;73;no;;A9;0;ghsl-ucdb. wdpa. wikidata
Indonesia;Solok;settlement;-0.8006;1.006.571;72;yes;3;;0;ghsl-ucdb. wikidata
Indonesia;Cianjur;settlement;-68.222;1.071.394;70;no;;;0;ghsl-ucdb. wikidata
Indonesia;Klaten;settlement;-77.058;1.106.064;70;no;;;0;ghsl-ucdb. wikidata
Indonesia;Sumedang;settlement;-68.586;1.079.164;70;no;;;0;ghsl-ucdb. wikidata
Indonesia;Sumedang Utara;settlement;-6.85;1.079.167;70;no;;;0;ghsl-ucdb. wikidata
Indonesia;Pariaman;settlement;-0.619;100.12;70;no;;;0;ghsl-ucdb. wikidata
Indonesia;Wonosari;settlement;-79.656;1.106.036;70;no;;;0;ghsl-ucdb. wikidata
Indonesia;Boyolali;settlement;-75.331;1.105.958;70;no;;;0;ghsl-ucdb. wikidata
Indonesia;Pandak;settlement;-79.131;1.102.936;70;no;;;0;ghsl-ucdb. wikidata
Indonesia;Wedi;settlement;-77.431;1.105.794;70;no;;;0;ghsl-ucdb. wikidata
Indonesia;Gatak;settlement;-75.908;1.107.044;70;no;;;0;ghsl-ucdb. wikidata
Indonesia;Bambanglipuro;settlement;-7.95;1.102.833;70;no;;;0;ghsl-ucdb. wikidata
Indonesia;Karangnongko;settlement;-77.956;1.105.867;70;no;;;0;ghsl-ucdb. wikidata
Indonesia;Selogiri;settlement;-77.833;1.108.667;70;no;;;0;ghsl-ucdb. wikidata
Indonesia;Srandakan;settlement;-79.386;1.102.506;70;no;;;0;ghsl-ucdb. wikidata
Indonesia;Ceper;settlement;-76.742;1.106.789;70;no;;;0;ghsl-ucdb. wikidata
Indonesia;Delanggu;settlement;-76.167;1.106.833;70;no;;;0;ghsl-ucdb. wikidata
Indonesia;Ngemplak;settlement;-75.497;1.107.164;70;no;;;0;ghsl-ucdb. wikidata
Indonesia;Leuwiliang;settlement;-71.169;1.075.019;70;no;;;0;ghsl-ucdb. wikidata
Indonesia;Sungai Penuh;settlement;-20.561;1.013.913;69;yes;16;A9;1;ghsl-ucdb. unesco-whs. wdpa. wikidata
Indonesia;Labuan;settlement;-63.784;105.83;67;no;;A9;1;ghsl-ucdb. unesco-whs. wdpa. wikidata
Indonesia;Lorentz National Park;site;-4.75;1.378.333;67;yes;12;A9;1;unesco-whs. wdpa. wikidata
Indonesia;Ubud;settlement;-85.098;1.152.654;66;yes;5;;1;ghsl-ucdb. unesco-whs. wikidata
Indonesia;Panua;site;0.5719;1.219.723;64;yes;13;A9;0;wdpa
Indonesia;Jakarta;settlement;-62.146;1.068.451;63;no;;A12;0;ghsl-ucdb. wikidata
Indonesia;Depok;settlement;-6.4;1.068.186;61;no;;A12;0;ghsl-ucdb. wikidata
Indonesia;Rengasdengklok;settlement;-61.592;1.072.981;61;no;;;0;ghsl-ucdb. wikidata
Indonesia;Cikampek;settlement;-64.197;1.074.558;61;no;;;0;ghsl-ucdb. wikidata
Indonesia;Kresek;settlement;-61.314;1.063.797;61;no;;;0;ghsl-ucdb. wikidata
Indonesia;Cikarang;settlement;-62.611;1.071.528;61;no;;;0;ghsl-ucdb. wikidata
Indonesia;Metro;settlement;-51.131;1.053.067;57;no;;A9;0;ghsl-ucdb. wdpa. wikidata
Indonesia;Purwakarta;settlement;-65.569;1.074.433;55;no;;;0;ghsl-ucdb. wikidata
Indonesia;Pangkalanbuun;settlement;-26.832;1.116.259;55;yes;18;A9;0;ghsl-ucdb. wdpa. wikidata
Indonesia;Waisai;settlement;-0.2379;1.305.072;55;yes;19;A9;0;ghsl-ucdb. wdpa. wikidata
Indonesia;Banjarmasin;settlement;-33.199;1.145.907;53;no;;;0;cuisine. ghsl-ucdb. wdpa. wikidata
Indonesia;Batam;settlement;11.494;1.040.249;52;yes;10;A12;0;ghsl-ucdb. wikidata
Indonesia;Bandar Lampung;settlement;-54.292;1.052.611;52;yes;17;A12;0;ghsl-ucdb. wikidata
Indonesia;Tanjung Pinang;settlement;0.9167;1.044.583;52;no;;;0;ghsl-ucdb. wikidata
Indonesia;Subang;settlement;-6.57;1.077.567;52;no;;;0;ghsl-ucdb. wikidata
Indonesia;Garut;settlement;-7.245;107.921;52;no;;;0;ghsl-ucdb. wikidata
Indonesia;Wonosobo;settlement;-73.589;1.099.031;52;no;;;0;ghsl-ucdb. wikidata
Indonesia;Ciranjang-hilir;settlement;-6.82;1.072.572;52;no;;;0;ghsl-ucdb. wikidata
Indonesia;Lamongan;settlement;-71.167;1.124.167;52;no;;;0;ghsl-ucdb. wikidata
Indonesia;Weleri;settlement;-69.713;1.100.666;52;no;;;0;ghsl-ucdb. wikidata
Indonesia;Wanaraja;settlement;-71.749;1.079.808;52;no;;;0;ghsl-ucdb. wikidata
Indonesia;Pundong;settlement;-79.522;1.103.486;52;no;;;0;ghsl-ucdb. wikidata
Indonesia;Toli-Toli;settlement;10.402;1.208.176;52;no;;A9;0;cuisine. ghsl-ucdb. wdpa
Indonesia;Teluk Adang;site;-17.191;1.163.493;52;yes;24;A9;0;cuisine. wdpa
Indonesia;Pegunungan Faruhumpenai;site;-23.804;1.210.343;52;yes;25;A9;0;cuisine. wdpa
Indonesia;Banjarbaru;settlement;-34.406;1.148.365;51;no;;;0;cuisine. ghsl-ucdb. wikidata
Indonesia;Martapura;settlement;-34.109;1.148.642;51;no;;;0;cuisine. ghsl-ucdb. wikidata
Indonesia;Barabai;settlement;-25.833;1.153.833;51;no;;;0;cuisine. ghsl-ucdb. wikidata
Indonesia;Amuntai;settlement;-24.177;1.152.494;51;no;;;0;cuisine. ghsl-ucdb. wikidata
Indonesia;Tanjung;settlement;-21.709;1.154.077;51;no;;;0;cuisine. ghsl-ucdb. wikidata
Indonesia;Banda Aceh;settlement;55.417;953.333;46;no;;A9;0;cuisine. ghsl-ucdb. wdpa. wikidata
Indonesia;Sabang;settlement;58.897;953.164;46;no;;A9;0;cuisine. ghsl-ucdb. wdpa. wikidata
Indonesia;Ambon;settlement;-36.958;1.281.833;45;no;;A9;0;ghsl-ucdb. wdpa. wikidata
Indonesia;Bima;settlement;-84.601;1.187.267;45;no;;A9;0;ghsl-ucdb. wdpa. wikidata
Indonesia;Pontianak;settlement;-0.0319;109.325;44;no;;;0;ghsl-ucdb. wdpa. wikidata
Indonesia;Pamona;site;-20.477;1.205.835;44;no;;A9;0;cuisine. wdpa
Indonesia;Tabanan;settlement;-85.413;1.151.252;44;no;;;0;ghsl-ucdb. wikidata
Indonesia;Mojoagung;settlement;-75.667;112.35;44;no;;;0;ghsl-ucdb. wikidata
Indonesia;Nabire;settlement;-33.599;1.355.007;43;no;;A9;0;ghsl-ucdb. wdpa
Indonesia;Kayan Mentarang;site;32.089;1.154.703;43;no;;A9;0;wdpa
Indonesia;Pegunungan Wondiboy;site;-27.296;1.345.729;43;no;;A9;0;wdpa
Indonesia;Pulau Misool;site;-19.489;1.301.021;43;no;;A9;0;wdpa
Indonesia;Kepulauan Karimun Jawa;site;-5.795;1.103.196;43;no;;A9;0;wdpa
Indonesia;Kepulauan Karimata;site;-15.895;1.090.256;43;no;;A9;0;wdpa
Indonesia;Surabaya;settlement;-72.492;1.127.508;43;yes;14;A12;0;ghsl-ucdb. wikidata
Indonesia;Denpasar;settlement;-8.65;1.152.167;43;no;;;0;ghsl-ucdb. wikidata
Indonesia;Pekalongan;settlement;-68.886;1.096.753;43;no;;;0;ghsl-ucdb. wikidata
Indonesia;Klungkung;settlement;-85.333;115.4;43;no;;;0;ghsl-ucdb. wikidata
Indonesia;Sidoarjo;settlement;-74.478;1.127.183;43;no;;;0;ghsl-ucdb. wikidata
Indonesia;Pasuruan;settlement;-76.453;1.129.075;43;no;;;0;ghsl-ucdb. wikidata
Indonesia;Mojokerto;settlement;-74.664;1.124.338;43;no;;;0;ghsl-ucdb. wikidata
Indonesia;Singaraja;settlement;-8.112;1.150.882;43;no;;;0;ghsl-ucdb. wikidata
Indonesia;Sukawati;settlement;-84.913;1.150.459;43;no;;;0;ghsl-ucdb. wikidata
Indonesia;Banjar;settlement;-8.19;1.149.675;43;no;;;0;ghsl-ucdb. wikidata
Indonesia;Bangkalan;settlement;-70.455;1.127.351;43;no;;;0;ghsl-ucdb. wikidata
Indonesia;Bangil;settlement;-75.994;1.128.186;43;no;;;0;ghsl-ucdb. wikidata
Indonesia;Tulangan Utara;settlement;-74.737;1.126.505;43;no;;;0;ghsl-ucdb. wikidata
Indonesia;Sampang;settlement;-71.872;1.132.394;43;no;;;0;ghsl-ucdb. wikidata
Indonesia;Buaran;settlement;-7.05;109.55;43;no;;;0;ghsl-ucdb. wikidata
Indonesia;Krian;settlement;-74.104;1.125.792;43;no;;;0;ghsl-ucdb. wikidata
Indonesia;Wonopringgo;settlement;-69.833;1.096.167;43;no;;;0;ghsl-ucdb. wikidata
Indonesia;Pandaan;settlement;-76.527;1.126.875;43;no;;;0;ghsl-ucdb. wikidata
Indonesia;Paciran;settlement;-68.767;1.123.761;43;no;;;0;ghsl-ucdb. wikidata
Indonesia;Driyorejo;settlement;-73.659;1.126.219;43;no;;;0;ghsl-ucdb. wikidata
Indonesia;Prigen;settlement;-76.833;1.126.167;43;no;;;0;ghsl-ucdb. wikidata
Indonesia;Watampone;settlement;-45.386;1.203.279;40;yes;7;;0;cuisine. ghsl-ucdb. wikidata
Indonesia;Sengkang;settlement;-41.279;1.200.297;40;no;;;0;cuisine. ghsl-ucdb. wikidata
Indonesia;Kualakapuas;settlement;-30.091;1.143.876;40;yes;8;;0;cuisine. ghsl-ucdb. wikidata
Indonesia;Maros;settlement;-5.006;1.195.727;40;no;;A9;0;cuisine. ghsl-ucdb. wdpa. wikidata
Indonesia;Bedugul;settlement;-84.504;1.155.925;37;no;;;0;ghsl-ucdb. wikidata
Indonesia;Palu;settlement;-0.9083;1.198.708;36;no;;A9;0;cuisine. ghsl-ucdb. wdpa
Indonesia;Palangkaraya;settlement;-22.083;1.139.167;36;no;;A9;0;cuisine. ghsl-ucdb. wdpa
Indonesia;Bontang;settlement;0.1324;1.174.854;36;no;;A9;0;cuisine. ghsl-ucdb. wdpa
Indonesia;Muara Teweh;settlement;-0.9473;1.148.962;36;no;;A9;0;cuisine. ghsl-ucdb. wdpa
Indonesia;Sigli;settlement;53.848;959.609;36;no;;A9;0;cuisine. ghsl-ucdb. wdpa
Indonesia;Lore Lindu;site;-1.519;1.201.503;36;no;;A9;0;cuisine. wdpa
Indonesia;Teluk Pamukan;site;-25.865;1.163.187;36;no;;A9;0;cuisine. wdpa
Indonesia;Teluk Kelumpang. Selat Laut dan Selat Sebuku;site;-32.261;1.161.849;36;no;;A9;0;cuisine. wdpa
Indonesia;Gunung Sojol;site;0.5032;1.202.298;36;no;;A9;0;cuisine. wdpa
Indonesia;Kepulauan Togean;site;-0.3631;1.219.781;36;no;;A9;0;cuisine. wdpa
Indonesia;Bukit Sapat Hawung;site;0.5995;1.145.396;36;no;;A9;0;cuisine. wdpa
Indonesia;Sungai Barito;site;-18.677;1.144.032;36;no;;A9;0;cuisine. wdpa
Indonesia;Ganda Dewata;site;-23.535;1.195.136;36;no;;A9;0;cuisine. wdpa
Indonesia;Sungai Bulan dan Sungai Lulan;site;-3.871;1.162.579;36;no;;A9;0;cuisine. wdpa
Indonesia;Dompu;settlement;-85.365;1.184.634;35;no;;A9;0;ghsl-ucdb. wdpa. wikidata
Indonesia;Sijunjung;settlement;-0.7005;1.009.774;35;no;;A9;0;ghsl-ucdb. wdpa. wikidata
Indonesia;Bukit Barisan Selatan;site;-52.473;1.040.673;34;no;;A9;0;wdpa. wikidata
Indonesia;Rawa Aopa Watumohai;site;-43.037;1.219.727;34;no;;A9;0;wdpa. wikidata
Indonesia;Jember;settlement;-81.721;1.136.995;33;no;;A9;0;ghsl-ucdb. wdpa
Indonesia;Kotamobagu;settlement;0.7419;1.243.121;33;no;;A9;0;ghsl-ucdb. wdpa
Indonesia;Pelabuhanratu;settlement;-69.875;1.065.514;33;no;;A9;0;ghsl-ucdb. wdpa
Indonesia;Wongsorejo;settlement;-79.908;1.144.009;33;no;;A9;0;ghsl-ucdb. wdpa
Indonesia;Bupul;site;-76.333;1.407.099;33;no;;A9;0;wdpa
Indonesia;Tafermaar;site;-66.993;1.315.918;33;no;;A9;0;wdpa
Indonesia;Tegal;settlement;-68.694;1.091.402;33;no;;;0;ghsl-ucdb. wikidata
Indonesia;Pemalang;settlement;-68.919;1.093.826;33;no;;;0;ghsl-ucdb. wikidata
Indonesia;Negara;settlement;-83.569;1.146.169;33;no;;;0;ghsl-ucdb. wikidata
Indonesia;Majalengka;settlement;-68.361;1.082.278;33;no;;;0;ghsl-ucdb. wikidata
Indonesia;Slawi;settlement;-69.816;1.091.407;33;no;;;0;ghsl-ucdb. wikidata
Indonesia;Comal;settlement;-69.053;1.095.347;33;no;;;0;ghsl-ucdb. wikidata
Indonesia;Gombong;settlement;-76.072;1.095.142;33;no;;;0;ghsl-ucdb. wikidata
Indonesia;Amlapura city;settlement;-84.487;1.156.062;33;no;;;0;ghsl-ucdb. wikidata
Indonesia;Randudongkal;settlement;-70.981;1.093.243;33;no;;;0;ghsl-ucdb. wikidata
Indonesia;Ujung Kulon;site;-66.906;1.053.602;33;no;;A9;0;wdpa. wikidata
Indonesia;Sukabumi;settlement;-69.181;1.069.267;32;no;;A9;0;ghsl-ucdb. wdpa. wikidata
Indonesia;Singaparna;settlement;-73.515;108.111;32;no;;A9;0;ghsl-ucdb. wdpa. wikidata
Indonesia;Bintuni;settlement;-21.097;1.335.246;32;no;;A9;0;ghsl-ucdb. wdpa. wikidata
Indonesia;Galesong;settlement;-53.166;1.193.661;31;no;;;0;cuisine. ghsl-ucdb. wdpa
Indonesia;Makassar;settlement;-51.486;1.194.319;29;no;;A12;0;cuisine. ghsl-ucdb
Indonesia;Samarinda;settlement;-0.4917;1.171.458;29;no;;A12;0;cuisine. ghsl-ucdb
Indonesia;Balikpapan;settlement;-12.675;1.168.289;29;no;;A12;0;cuisine. ghsl-ucdb
Indonesia;Palopo;settlement;-29.925;1.201.969;29;no;;A12;0;cuisine. ghsl-ucdb
Indonesia;Parepare;settlement;-40.135;1.196.255;29;no;;A12;0;cuisine. ghsl-ucdb
Indonesia;Majene;settlement;-35.403;1.189.707;29;no;;A12;0;cuisine. ghsl-ucdb
Indonesia;Polewali;settlement;-34.324;1.193.435;29;no;;A12;0;cuisine. ghsl-ucdb
Indonesia;Poso;settlement;-13.959;1.207.524;29;no;;A12;0;cuisine. ghsl-ucdb
Indonesia;Sinjai;settlement;-51.241;120.253;29;no;;A12;0;cuisine. ghsl-ucdb
Indonesia;Rantepao;settlement;-29.701;1.198.978;29;no;;A12;0;cuisine. ghsl-ucdb
Indonesia;Reuleuet;settlement;52.167;962.833;29;no;;A12;0;cuisine. ghsl-ucdb
Indonesia;Masamba;settlement;-25.537;1.203.279;29;no;;A12;0;cuisine. ghsl-ucdb
Indonesia;Bungku;settlement;-25.471;121.972;29;no;;A12;0;cuisine. ghsl-ucdb
Indonesia;Kefamenanu;settlement;-94.467;1.244.781;28;no;;A9;0;ghsl-ucdb. osm. wdpa
Indonesia;Cirebon;settlement;-67.063;108.557;27;yes;11;;0;ghsl-ucdb. wikidata
Indonesia;Manado;settlement;14.822;1.248.489;26;no;;A9;0;ghsl-ucdb. wdpa. wikidata
Indonesia;Aceh Selatan;site;31.464;972.746;26;no;;A9;0;wdpa. wikidata
Indonesia;Palembang;settlement;-29.167;1.047.458;25;no;;A12;0;ghsl-ucdb. wdpa. wikidata
Indonesia;Rajapolah;settlement;-7.221;1.081.896;25;no;;;0;ghsl-ucdb. wdpa. wikidata
Indonesia;Kuningan;settlement;-69.758;1.084.831;25;no;;A9;0;ghsl-ucdb. wdpa. wikidata
Indonesia;Selong;settlement;-86.503;1.165.318;25;no;;A9;0;ghsl-ucdb. wdpa. wikidata
Indonesia;Gunung Leuser;site;34.924;978.076;25;no;;A9;0;wdpa. wikidata
Indonesia;P. Pinang. P. Siumat. dan P. Simanaha;site;25.979;962.727;25;no;;A9;0;wdpa. wikidata
Indonesia;Way Kambas;site;-49.836;105.91;25;no;;A9;0;wdpa. wikidata
Indonesia;Ternate;settlement;0.7906;1.273.842;24;no;;A12;0;ghsl-ucdb. wikidata
Indonesia;Ciamis;settlement;-73.257;1.083.534;24;no;;;0;ghsl-ucdb. wikidata
Indonesia;Simpang;settlement;-12.642;104.097;24;no;;A9;0;ghsl-ucdb. wdpa. wikidata
Indonesia;Betung Kerihun;site;11.039;1.132.025;24;no;;A9;0;wdpa. wikidata
Indonesia;Take Bone Rate;site;-66.517;1.211.496;24;no;;A9;0;wdpa. wikidata
Indonesia;Kepulauan Wakatobi;site;-56.802;1.239.941;24;no;;A9;0;wdpa. wikidata
Indonesia;Pekanbaru;settlement;0.5167;1.014.417;23;no;;A12;0;ghsl-ucdb. wikidata
Indonesia;Tasikmalaya;settlement;-73.274;1.082.207;23;no;;;0;ghsl-ucdb. wikidata
Indonesia;Astanajapura;settlement;-68.017;1.086.311;23;no;;;0;ghsl-ucdb. wikidata
Indonesia;Pati;settlement;-67.559;111.038;23;no;;;0;ghsl-ucdb. wikidata
Indonesia;Pamekasan;settlement;-71.568;1.134.746;23;no;;;0;ghsl-ucdb. wikidata
Indonesia;Kudus;settlement;-68.048;1.108.405;23;no;;;0;ghsl-ucdb. wikidata
Indonesia;Cicurug;settlement;-67.814;1.067.825;23;no;;;0;ghsl-ucdb. wikidata
Indonesia;Karangsembung;settlement;-68.487;1.086.422;23;no;;;0;ghsl-ucdb. wikidata
Indonesia;Sragen;settlement;-74.264;1.110.222;23;no;;;0;ghsl-ucdb. wikidata
Indonesia;Baekrajan;settlement;-67.674;1.108.541;23;no;;;0;ghsl-ucdb. wikidata
Indonesia;Cepu;settlement;-71.475;1.115.906;23;no;;;0;ghsl-ucdb. wikidata
Indonesia;Jatiroto;settlement;-78.833;1.111.167;23;no;;;0;ghsl-ucdb. wikidata
Indonesia;Ketanggungan;settlement;-69.383;108.891;23;no;;;0;ghsl-ucdb. wikidata
Indonesia;Gebog;settlement;-6.735;1.108.444;23;no;;;0;ghsl-ucdb. wikidata
Indonesia;Indralaya;settlement;-32.525;1.046.756;23;no;;;0;ghsl-ucdb. wikidata
Indonesia;Juwana;settlement;-6.715;1.111.514;23;no;;;0;ghsl-ucdb. wikidata
Indonesia;Jekulo;settlement;-68.057;1.109.262;23;no;;;0;ghsl-ucdb. wikidata
Indonesia;Bulakamba;settlement;-68.748;1.089.559;23;no;;;0;ghsl-ucdb. wikidata
Indonesia;Tayu;settlement;-65.397;1.110.518;23;no;;;0;ghsl-ucdb. wikidata
Indonesia;Singkawang;settlement;0.9093;1.089.846;22;no;;A9;0;ghsl-ucdb. wdpa
Indonesia;Sorong;settlement;-0.8796;131.261;22;no;;A9;0;ghsl-ucdb. wdpa
Indonesia;Payakumbuh;settlement;-0.2159;1.006.334;22;no;;A9;0;ghsl-ucdb. wdpa
Indonesia;Banyuwangi;settlement;-82.325;1.143.576;22;no;;A9;0;ghsl-ucdb. wdpa
Indonesia;Ende;settlement;-88.432;1.216.623;22;no;;A9;0;ghsl-ucdb. wdpa
Indonesia;Muncar;settlement;-84.333;1.143.333;22;no;;A9;0;ghsl-ucdb. wdpa
Indonesia;Sumbawa Besar;settlement;-84.932;1.174.202;22;no;;A9;0;ghsl-ucdb. wdpa
Indonesia;Mendaha;settlement;-10.163;1.035.933;22;no;;A9;0;ghsl-ucdb. wdpa
Indonesia;Berastagi;settlement;31.947;985.089;22;no;;A9;0;ghsl-ucdb. wdpa
Indonesia;Singkil;settlement;22.874;977.884;22;no;;A9;0;ghsl-ucdb. wdpa
Indonesia;Sentani;settlement;-25.691;1.405.127;22;no;;A9;0;ghsl-ucdb. wdpa
Indonesia;Biak;settlement;-11.767;136.082;22;no;;A9;0;ghsl-ucdb. wdpa
Indonesia;Ruteng;settlement;-86.114;1.204.644;22;no;;A9;0;ghsl-ucdb. wdpa
Indonesia;Masohi;settlement;-32.983;1.289.688;22;no;;A9;0;ghsl-ucdb. wdpa
Indonesia;Waingapu;settlement;-96.567;1.202.641;22;no;;A9;0;ghsl-ucdb. wdpa
Indonesia;Tambolaka;settlement;-94.283;119.238;22;no;;A9;0;ghsl-ucdb. wdpa
Indonesia;Kawasi;settlement;-15.912;1.274.071;22;no;;A9;0;ghsl-ucdb. wdpa
Indonesia;Blangpidie;settlement;37.396;968.361;22;no;;A9;0;ghsl-ucdb. wdpa
Indonesia;Dampit;settlement;-82.116;1.127.493;22;no;;A9;0;ghsl-ucdb. wdpa
Indonesia;Fakfak;settlement;-29.248;1.322.981;22;no;;A9;0;ghsl-ucdb. wdpa
Indonesia;Ransiki;settlement;-15.083;1.341.708;22;no;;A9;0;ghsl-ucdb. wdpa
Indonesia;Muara Kaman Sedulang;site;-26.847;1.103.461;22;no;;A9;0;wdpa
Indonesia;Kepulauan Seribu;site;-56.161;1.065.897;22;no;;A9;0;wdpa
Indonesia;Enarotali;site;-38.186;1.363.916;22;no;;A9;0;wdpa
Indonesia;Pegunungan Kumawa;site;-38.886;1.330.751;22;no;;A9;0;wdpa
Indonesia;Pulau Batanta Barat;site;-0.8555;1.306.005;22;no;;A9;0;wdpa
Indonesia;Yapen Tengah;site;-17.742;1.363.329;22;no;;A9;0;wdpa
Indonesia;Gunung Sibela;site;-0.7285;1.275.466;22;no;;A9;0;wdpa
Indonesia;Taliabu;site;-17.738;1.246.087;22;no;;A9;0;wdpa
Indonesia;Pulau Berkeh;site;22.116;1.007.413;22;no;;A9;0;wdpa
Indonesia;Pegunungan Tamrau Selatan;site;-11.644;1.332.066;22;no;;A9;0;wdpa
Indonesia;Wagura Kote;site;-27.814;1.338.624;22;no;;A9;0;wdpa
Indonesia;Siberut;site;-14.238;988.231;22;no;;A9;0;wdpa
Indonesia;Pulau Supiori;site;-0.7542;1.355.487;22;no;;A9;0;wdpa
Indonesia;Gunung Palung;site;-12.137;1.101.886;22;no;;A9;0;wdpa
Indonesia;Sembilang;site;-20.311;1.045.712;22;no;;A9;0;wdpa
Indonesia;Batang Gadis;site;0.7382;995.195;22;no;;A9;0;wdpa
Indonesia;Bukit Baka -  Bukit Raya;site;-0.7159;1.125.717;22;no;;A9;0;wdpa
Indonesia;Bogani Nani Wartabone;site;0.581;1.236.765;22;no;;A9;0;wdpa
Indonesia;Bukit Tiga Puluh;site;-1.006;1.025.026;22;no;;A9;0;wdpa
Indonesia;Tesso Nilo;site;-0.2205;1.018.277;22;no;;A9;0;wdpa
Indonesia;Bukit Dua Belas;site;-18.854;1.026.824;22;no;;A9;0;wdpa
Indonesia;Danau Sentarum;site;0.8315;112.174;22;no;;A9;0;wdpa
Indonesia;Aketajawe Lolobata;site;0.9284;1.281.382;22;no;;A9;0;wdpa
Indonesia;Gunung Tambora Selatan;site;-82.505;1.179.808;22;no;;A9;0;wdpa
Indonesia;Wolo Tadho;site;-84.293;1.210.483;22;no;;A9;0;wdpa
Indonesia;Tobalai;site;-16.328;1.283.303;22;no;;A9;0;wdpa
Indonesia;P. Kofiau;site;-12.271;1.297.614;22;no;;A9;0;wdpa
Indonesia;Bekau Huhun;site;-78.113;1.260.738;22;no;;A9;0;wdpa
Indonesia;Bukit Barisan Selatan;site;-58.092;1.045.481;22;no;;A9;0;wdpa
Indonesia;Balai Pungut;settlement;10.595;1.012.905;21;no;;;0;ghsl-ucdb. wdpa
Indonesia;Luwuk;settlement;-0.9516;1.227.875;21;no;;;0;ghsl-ucdb. wdpa
Indonesia;Katobu;settlement;-48.299;122.726;21;no;;;0;ghsl-ucdb. wdpa
Indonesia;Cilegon;settlement;-60.144;1.060.542;16;no;;;0;ghsl-ucdb. wdpa. wikidata
Indonesia;Kendari;settlement;-39.778;1.225.151;16;no;;;0;ghsl-ucdb. wdpa. wikidata
Indonesia;Bitung;settlement;14.406;1.251.282;16;no;;;0;ghsl-ucdb. wdpa. wikidata
Indonesia;Tomohon;settlement;13.168;1.248.038;16;no;;;0;ghsl-ucdb. wdpa. wikidata
Indonesia;Semarang;settlement;-69.931;1.104.208;14;no;;A12;0;ghsl-ucdb. wikidata
Indonesia;Serang;settlement;-61.153;1.061.542;14;no;;;0;ghsl-ucdb. wikidata
Indonesia;Jambi City;settlement;-1.6;1.036.167;14;yes;15;;0;ghsl-ucdb. wikidata
Indonesia;Jepara;settlement;-65.924;110.671;12;no;;A12;0;ghsl-ucdb. wikidata
Indonesia;Malang;settlement;-79.797;1.126.304;12;no;;A12;0;ghsl-ucdb. wikidata
Indonesia;Kupang;settlement;-101.708;1.236.069;12;yes;20;;0;ghsl-ucdb. wikidata
Indonesia;Mataram;settlement;-85.833;1.161.167;12;no;;;0;ghsl-ucdb. wikidata
Indonesia;Pangkalpinang;settlement;-21.291;1.061.138;12;yes;21;;0;ghsl-ucdb. wikidata
Indonesia;Batu;settlement;-7.87;1.125.283;12;no;;;0;ghsl-ucdb. wikidata
Indonesia;Jombang;settlement;-7.546;1.122.331;12;no;;;0;ghsl-ucdb. wikidata
Indonesia;Rangkasbitung;settlement;-63.591;1.062.494;12;no;;;0;ghsl-ucdb. wikidata
Indonesia;Adiwerna;settlement;-69.375;1.091.325;12;no;;;0;ghsl-ucdb. wikidata
Indonesia;Indramayu;settlement;-63.264;108.32;12;no;;;0;ghsl-ucdb. wikidata
Indonesia;Lawang;settlement;-78.353;1.126.947;12;no;;;0;ghsl-ucdb. wikidata
Indonesia;Arjawinangun;settlement;-66.453;1.084.103;12;no;;;0;ghsl-ucdb. wikidata
Indonesia;Sungailiat;settlement;-18.544;1.061.222;12;no;;;0;ghsl-ucdb. wikidata
Indonesia;Palimanan;settlement;-67.069;1.084.242;12;no;;;0;ghsl-ucdb. wikidata
Indonesia;Pandeglang;settlement;-63.084;1.061.067;12;no;;;0;ghsl-ucdb. wikidata
Indonesia;Sibolga;settlement;17.402;987.812;12;no;;;0;ghsl-ucdb. wikidata
Indonesia;Klangenan;settlement;-67.094;108.44;12;no;;;0;ghsl-ucdb. wikidata
Indonesia;Bojonegoro;settlement;-71.502;1.118.817;12;no;;;0;ghsl-ucdb. wikidata
Indonesia;Sumenep;settlement;-70.115;1.138.604;12;no;;;0;ghsl-ucdb. wikidata
Indonesia;Tuban;settlement;-68.976;1.120.649;12;no;;;0;ghsl-ucdb. wikidata
Indonesia;Jatibarang;settlement;-64.747;1.083.153;12;no;;;0;ghsl-ucdb. wikidata
Indonesia;Meulaboh;settlement;4.144;961.266;12;yes;22;;0;ghsl-ucdb. wikidata
Indonesia;Jatiwangi;settlement;-67.336;1.082.628;12;no;;;0;ghsl-ucdb. wikidata
Indonesia;Taliwang;settlement;-87.449;1.168.532;12;no;;;0;ghsl-ucdb. wikidata
Indonesia;Terbanggi Besar;settlement;-4.879;1.052.182;12;no;;;0;ghsl-ucdb. wikidata
Indonesia;Blora;settlement;-69.698;1.114.186;12;no;;;0;ghsl-ucdb. wikidata
Indonesia;Rembangan;settlement;-67.036;1.113.416;12;no;;;0;ghsl-ucdb. wikidata
Indonesia;Baturaden;settlement;-7.3;1.092.167;12;no;;;0;ghsl-ucdb. wikidata
Indonesia;Tarutung;settlement;20.147;989.655;12;no;;;0;ghsl-ucdb. wikidata
Indonesia;Praya;settlement;-87.054;1.162.704;12;no;;;0;ghsl-ucdb. wikidata
Indonesia;Lebaksiu;settlement;-70.496;1.091.441;12;no;;;0;ghsl-ucdb. wikidata
Indonesia;Tondano;settlement;13.054;1.249.126;12;yes;23;;0;ghsl-ucdb. wikidata
Indonesia;Amlapura;settlement;-8.45;1.156.167;12;no;;;0;ghsl-ucdb. wikidata
Indonesia;Airmadidi;settlement;1.428;1.249.777;12;no;;;0;ghsl-ucdb. wikidata
Indonesia;Karangampel;settlement;-64.622;1.084.519;12;no;;;0;ghsl-ucdb. wikidata
Indonesia;Lasem;settlement;-66.922;1.114.527;12;no;;;0;ghsl-ucdb. wikidata
Indonesia;Balapulang;settlement;-70.486;1.091.006;12;no;;;0;ghsl-ucdb. wikidata
Indonesia;Margasari;settlement;-70.948;109.025;12;no;;;0;ghsl-ucdb. wikidata
Indonesia;Demak;settlement;-68.909;1.106.396;12;no;;;0;ghsl-ucdb. wikidata
Indonesia;Babat;settlement;-71.128;1.121.635;12;no;;;0;ghsl-ucdb. wikidata
Indonesia;Welahan;settlement;-6.8;1.107.167;12;no;;;0;ghsl-ucdb. wikidata
Indonesia;Malinau;settlement;35.886;1.166.239;12;no;;;0;ghsl-ucdb. wikidata
Indonesia;Kalianget;settlement;-70.537;1.139.424;12;no;;;0;ghsl-ucdb. wikidata
Indonesia;Ngoro;settlement;-76.839;112.258;12;no;;;0;ghsl-ucdb. wikidata
Indonesia;Dumai;settlement;16.671;1.014.432;11;no;;;0;ghsl-ucdb. wdpa
Indonesia;Baubau;settlement;-54.633;1.226.024;11;no;;;0;ghsl-ucdb. wdpa
Indonesia;Subulussalam;settlement;2.662;978.827;11;no;;;0;ghsl-ucdb. wdpa
Indonesia;Pagar Alam;settlement;-40.251;1.032.469;11;no;;;0;ghsl-ucdb. wdpa
Indonesia;Tanjungagung;settlement;-39.373;1.038.046;11;no;;;0;ghsl-ucdb. wdpa
Indonesia;Dobo;settlement;-57.609;134.234;11;no;;;0;ghsl-ucdb. wdpa
Indonesia;Sidikalang;settlement;2.749;983.127;11;no;;;0;ghsl-ucdb. wdpa
Indonesia;Sangkapura;settlement;-58.453;1.126.517;11;no;;;0;ghsl-ucdb. wdpa
Indonesia;Labuhan Deli;settlement;3.879;98.633;11;no;;;0;ghsl-ucdb. wdpa
Indonesia;Kencong;settlement;-82.833;1.133.667;11;no;;;0;ghsl-ucdb. wdpa
Indonesia;Namlea;settlement;-32.619;1.270.929;11;no;;;0;ghsl-ucdb. wdpa
Indonesia;Bandar;settlement;2.05;99.75;11;no;;;0;ghsl-ucdb. wdpa
Indonesia;Daruba;settlement;20.505;128.294;11;no;;;0;ghsl-ucdb. wdpa
Iran;Tehran;settlement;356.944;514.215;100;yes;1;A12. A9. A11;2;ghsl-ucdb. osm. unesco-whs. wdpa. wikidata
Iran;Isfahan;settlement;326.525;516.746;94;yes;2;A11. A12. A2;2;cuisine. ghsl-ucdb. osm. unesco-whs. wikidata
Iran;Tabriz;settlement;38.08;462.919;76;yes;4;A11. A12;1;ghsl-ucdb. osm. unesco-whs. wikidata
Iran;Esfarāyen;settlement;370.765;575.101;75;yes;3;A9. A11;0;cuisine. ghsl-ucdb. osm. wdpa. wikidata
Iran;Zīr Āb;settlement;361.797;529.735;70;yes;9;A9;1;ghsl-ucdb. osm. unesco-whs. wikidata
Iran;Āstārā;settlement;384.308;488.699;70;yes;5;A9;1;ghsl-ucdb. osm. unesco-whs. wikidata
Iran;Lut Desert;site;302.161;588.389;70;yes;7;A9;1;unesco-whs. wikidata
Iran;Shiraz;settlement;296.103;525.311;69;yes;6;A11. A12;1;ghsl-ucdb. osm. unesco-whs. wikidata
Iran;Mashhad;settlement;362.981;596.057;64;yes;8;A11. A12;0;cuisine. ghsl-ucdb. osm. wikidata
Iran;Bahārestān;settlement;324.881;517.731;59;no;;A9. A11;0;cuisine. ghsl-ucdb. osm. wdpa. wikidata
Iran;Ardabīl;settlement;382.498;482.933;58;no;;A11;1;ghsl-ucdb. osm. unesco-whs. wikidata
Iran;Arāk;settlement;340.949;496.981;55;yes;10;A11;0;ghsl-ucdb. osm. wikidata
Iran;Orūmīyeh;settlement;375.527;450.761;53;no;;A9. A11;0;ghsl-ucdb. osm. wdpa. wikidata
Iran;Touran;site;357.206;561.022;52;yes;12;A9;0;wdpa. wikidata
Iran;Estahbān;settlement;291.266;540.421;52;yes;15;A9;0;ghsl-ucdb. wdpa
Iran;Khabr;site;287.154;56.345;52;yes;13;A9;0;wdpa
Iran;Shahrīār;settlement;356.588;510.577;51;no;;A11;0;ghsl-ucdb. osm. wikidata
Iran;Yazd;settlement;318.972;543.675;50;yes;11;A11;1;cuisine. ghsl-ucdb. osm. unesco-whs. wikidata
Iran;Qom;settlement;346.401;508.764;50;yes;22;A11. A12;0;ghsl-ucdb. osm. wikidata
Iran;Marvdasht;settlement;298.741;528.026;48;no;;A11;1;cuisine. ghsl-ucdb. osm. unesco-whs. wikidata
Iran;Karaj;settlement;358.327;509.915;48;no;;A12. A11;0;ghsl-ucdb. osm. wikidata
Iran;Kermanshah;settlement;343.142;47.065;48;yes;14;A11;0;ghsl-ucdb. osm. wikidata
Iran;Bandar Abbas;settlement;271.865;562.808;46;yes;16;A11;0;ghsl-ucdb. osm. wikidata
Iran;Lavāsān;settlement;358.216;516.444;46;no;;A11. A9;0;ghsl-ucdb. osm. wdpa. wikidata
Iran;Kerman;settlement;302.832;570.788;45;yes;17;A11;0;ghsl-ucdb. osm. wikidata
Iran;Chālūs;settlement;36.655;514.204;44;no;;A11;0;ghsl-ucdb. osm
Iran;Zanjan;settlement;366.764;484.963;43;yes;18;A11;0;ghsl-ucdb. osm. wikidata
Iran;Bandar-e Anzalī;settlement;374.732;494.579;43;no;;A11;0;ghsl-ucdb. osm. wdpa. wikidata
Iran;Hamadān;settlement;347.992;485.146;42;yes;26;A11;1;ghsl-ucdb. osm. unesco-whs. wikidata
Iran;Qazvin;settlement;362.688;500.041;42;yes;23;A11;0;ghsl-ucdb. osm. wikidata
Iran;Sari;settlement;365.633;530.601;41;no;;A11;0;ghsl-ucdb. osm. wikidata
Iran;Khorramabad;settlement;334.878;483.558;40;yes;24;A11;1;ghsl-ucdb. osm. unesco-whs. wikidata
Iran;Pardīs;settlement;357.469;518.122;40;no;;A9. A11;0;ghsl-ucdb. osm. wdpa
Iran;Rasht;settlement;372.761;495.886;40;no;;A11;0;ghsl-ucdb. osm. wikidata
Iran;Shahr-e Bābak;settlement;301.165;551.186;39;yes;21;A11;1;ghsl-ucdb. osm. unesco-whs. wikidata
Iran;Neyshābūr;settlement;362.133;587.957;39;no;;A11;0;ghsl-ucdb. osm. wikidata
Iran;Fūlād Shahr;settlement;324.866;513.967;39;no;;A11;0;cuisine. ghsl-ucdb. osm. wikidata
Iran;Shūshtar;settlement;320.497;488.484;38;yes;19;A11. A2;2;ghsl-ucdb. osm. unesco-whs. wdpa. wikidata
Iran;Ahvaz;settlement;31.319;486.842;38;no;;A11;0;ghsl-ucdb. osm. wikidata
Iran;Mīnāb;settlement;27.131;570.872;37;no;;A11;0;ghsl-ucdb. osm
Iran;Farrokh Shahr;settlement;322.717;509.801;37;no;;A11. A9;0;cuisine. ghsl-ucdb. osm. wdpa
Iran;Bam;settlement;29.106;58.357;36;no;;A11. A2;2;ghsl-ucdb. osm. unesco-whs. wikidata
Iran;Zarqān;settlement;297.724;527.189;36;no;;A11. A9;0;cuisine. ghsl-ucdb. osm. wdpa
Iran;Piranshahr;settlement;36.701;451.413;36;yes;20;A9. A11;0;ghsl-ucdb. osm. wdpa
Iran;Āstāneh-ye Ashrafīyeh;settlement;372.632;499.432;36;no;;A11. A9;0;ghsl-ucdb. osm. wdpa
Iran;Dargaz;settlement;374.445;591.081;36;no;;A11. A9;0;cuisine. ghsl-ucdb. osm. wdpa. wikidata
Iran;Bāqershahr;settlement;355.316;514.048;35;no;;A11;0;ghsl-ucdb. osm. wikidata
Iran;Kavir;site;345.988;52.501;35;yes;27;A9;0;wdpa
Iran;Sabzevar;settlement;362.126;576.819;35;no;;A11;0;ghsl-ucdb. osm. wdpa. wikidata
Iran;Delījān;settlement;339.905;506.838;35;no;;A11;0;ghsl-ucdb. osm. wdpa. wikidata
Iran;Shāhīn Shahr;settlement;328.579;515.529;35;no;;A11;0;cuisine. ghsl-ucdb. osm
Iran;Hādīshahr;settlement;388.479;456.623;34;no;;;1;ghsl-ucdb. osm. unesco-whs. wdpa. wikidata
Iran;Kashan;settlement;339.824;514.277;34;no;;A11;0;ghsl-ucdb. osm. wikidata
Iran;Eslamshahr;settlement;355.522;51.235;33;no;;A11;0;ghsl-ucdb. osm
Iran;Jahrom;settlement;28.5;535.605;33;no;;A11;0;ghsl-ucdb. osm. wikidata
Iran;Torbat-e Ḩeydarīyeh;settlement;35.274;592.195;33;no;;A11;0;ghsl-ucdb. osm. wikidata
Iran;Bīrjand;settlement;328.663;592.211;32;yes;25;A11;0;ghsl-ucdb. osm. wikidata
Iran;Semnan;settlement;355.769;53.392;32;no;;A11;0;ghsl-ucdb. osm. wikidata
Iran;Bābol;settlement;36.551;526.786;32;no;;A11;0;ghsl-ucdb. osm. wikidata
Iran;Bonāb;settlement;373.404;460.561;31;no;;A11;0;ghsl-ucdb. osm. wikidata
Iran;Ţorqabeh;settlement;363.104;593.735;31;no;;A11;0;cuisine. ghsl-ucdb. osm
Iran;Āmol;settlement;364.696;523.507;31;no;;A11;0;ghsl-ucdb. osm. wikidata
Iran;Shahr-e Kord;settlement;323.261;508.572;31;no;;A11;0;cuisine. ghsl-ucdb. osm. wikidata
Iran;Varāmīn;settlement;353.242;516.457;31;no;;A11;0;ghsl-ucdb. osm. wikidata
Iran;Golestān;settlement;355.183;511.819;30;no;;A11;0;ghsl-ucdb. osm
Iran;Gorgān;settlement;368.427;544.439;29;no;;A11;0;ghsl-ucdb. osm. wikidata
Iran;Qā’em Shahr;settlement;364.667;528.676;29;no;;A11;0;ghsl-ucdb. osm. wikidata
Iran;Shūsh;settlement;321.942;482.436;28;no;;A11;1;ghsl-ucdb. osm. unesco-whs. wdpa. wikidata
Iran;Takāb;settlement;364.009;471.133;28;no;;A11;1;ghsl-ucdb. osm. unesco-whs. wdpa. wikidata
Iran;Tīrān;settlement;327.033;511.538;26;no;;A11;0;cuisine. ghsl-ucdb. osm. wdpa
Iran;Damāvand;settlement;357.184;520.696;26;no;;A11;0;ghsl-ucdb. osm. wikidata
Iran;Ferdows;settlement;340.185;581.722;25;no;;A11;0;ghsl-ucdb. osm. wikidata
Iran;Zābol;settlement;310.306;614.949;25;no;;;1;ghsl-ucdb. osm. unesco-whs. wdpa. wikidata
Iran;Nasimshahr;settlement;355.653;511.583;25;no;;A11;0;ghsl-ucdb. osm
Iran;Sanandaj;settlement;35.315;469.988;25;no;;A11;0;ghsl-ucdb. osm. wikidata
Iran;Saqqez;settlement;362.499;462.735;24;no;;A11;0;ghsl-ucdb. osm. wikidata
Iran;Harsīn;settlement;342.721;475.861;24;no;;A11;1;ghsl-ucdb. osm. unesco-whs. wikidata
Iran;Gonbad-e Kāvūs;settlement;37.25;551.672;24;no;;A11;1;ghsl-ucdb. osm. unesco-whs. wikidata
Iran;Bojnūrd;settlement;374.747;57.329;24;no;;A11;0;cuisine. ghsl-ucdb. osm. wikidata
Iran;Robāţ Karīm;settlement;354.846;510.829;24;no;;A11;0;ghsl-ucdb. osm
Iran;Khvāf;settlement;345.763;601.409;24;no;;A11;0;ghsl-ucdb. osm. wikidata
Iran;Najafābād;settlement;326.346;513.653;24;no;;A11;0;cuisine. ghsl-ucdb. osm. wikidata
Iran;Kāshmar;settlement;352.383;584.656;23;no;;A11;0;ghsl-ucdb. osm. wikidata
Iran;Poldasht;settlement;39.348;45.071;23;no;;;0;ghsl-ucdb. wdpa. wikidata
Iran;Shahr-e Ṣadrā;settlement;297.997;525.022;23;no;;A11;0;ghsl-ucdb. osm
Iran;Kāshān;settlement;340.023;514.388;22;no;;A11;0;ghsl-ucdb. osm. wikidata
Iran;Dezful;settlement;323.811;484.058;22;no;;A11;0;ghsl-ucdb. osm. wikidata
Iran;Bushehr;settlement;289.689;508.366;22;no;;A11;0;ghsl-ucdb. osm. wikidata
Iran;Borūjerd;settlement;338.973;487.516;22;no;;A11;0;ghsl-ucdb. osm. wikidata
Iran;Parand;settlement;354.719;509.755;22;no;;A11;0;ghsl-ucdb. osm
Iran;Langarūd;settlement;371.955;501.526;21;no;;A11;0;ghsl-ucdb. osm
Iran;Eqlīd;settlement;308.988;52.697;21;no;;A11;0;cuisine. ghsl-ucdb. osm
Iran;Ṣafādasht;settlement;356.924;508.483;21;no;;A11;0;ghsl-ucdb. osm
Iran;Mehestan;settlement;359.891;507.451;20;no;;A11;0;ghsl-ucdb. osm. wikidata
Iran;Chenārān;settlement;366.455;591.212;20;no;;A11;0;cuisine. ghsl-ucdb. osm. wdpa. wikidata
Iran;Ḩasanābād;settlement;353.673;51.235;20;no;;A11;0;ghsl-ucdb. osm. wikidata
Iran;Zahedan;settlement;294.963;608.629;20;no;;A11;0;ghsl-ucdb. osm
Iran;Ahar;settlement;384.774;470.699;20;no;;A11;0;ghsl-ucdb. osm. wikidata
Iran;Sardasht;settlement;361.552;454.788;20;no;;A11;0;ghsl-ucdb. osm. wikidata
Iran;Ardakān;settlement;32.31;540.175;20;no;;A11;0;cuisine. ghsl-ucdb. osm. wikidata
Iran;Jājarm;settlement;369.501;56.38;19;no;;;0;ghsl-ucdb. osm. wdpa. wikidata
Iran;Bandar-e Genāveh;settlement;295.791;50.517;19;no;;A11;0;ghsl-ucdb. osm
Iran;Sarakhs;settlement;365.449;611.577;19;no;;;0;cuisine. ghsl-ucdb. osm. wdpa. wikidata
Iran;Pākdasht;settlement;354.785;516.834;18;no;;A11;0;ghsl-ucdb. osm
Iran;Qahderījān;settlement;325.773;514.537;18;no;;A11;0;cuisine. ghsl-ucdb. osm
Iran;Marāgheh;settlement;373.921;462.391;18;no;;A11;0;ghsl-ucdb. osm. wikidata
Iran;Īlām;settlement;336.374;464.227;18;no;;A11;0;ghsl-ucdb. osm
Iran;Rāmhormoz;settlement;31.28;496.035;18;no;;A11;0;ghsl-ucdb. osm
Iran;Shāzand;settlement;339.313;494.063;18;no;;A11;0;ghsl-ucdb. osm. wdpa
Iran;Malāyer;settlement;343.016;488.217;18;no;;A11;0;ghsl-ucdb. osm. wikidata
Iran;Qeshm;settlement;269.492;562.691;18;no;;A11;0;ghsl-ucdb. osm. wikidata
Iran;Bābolsar;settlement;366.993;526.501;18;no;;A11;0;ghsl-ucdb. osm
Iran;Kahnūj;settlement;279.403;576.998;18;no;;A11;0;ghsl-ucdb. osm. wdpa
Iran;Fereydūn Kenār;settlement;366.849;525.192;18;no;;A11;0;ghsl-ucdb. osm
Iran;Pāsārgād;settlement;302.019;53.18;18;no;;;1;cuisine. ghsl-ucdb. osm. unesco-whs. wikidata
Iran;Āzādshahr;settlement;370.864;551.722;18;no;;A11;0;ghsl-ucdb. osm. wdpa
Iran;Shādegān;settlement;306.492;48.665;18;no;;A11;0;ghsl-ucdb. osm. wdpa
Iran;Galūgāh;settlement;367.273;538.089;17;no;;;0;ghsl-ucdb. osm. wdpa
Iran;Kāmyārān;settlement;347.953;469.368;17;no;;;0;ghsl-ucdb. osm. wdpa
Iran;Fīrūzābād;settlement;288.446;525.715;17;no;;;1;ghsl-ucdb. osm. unesco-whs. wikidata
Iran;Falāvarjān;settlement;325.553;515.097;17;no;;A11;0;cuisine. ghsl-ucdb. osm. wikidata
Iran;Māhdāsht;settlement;357.282;508.134;17;no;;A11;0;ghsl-ucdb. osm. wikidata
Iran;Shahrud;settlement;364.182;549.763;17;no;;A11;0;ghsl-ucdb. osm. wikidata
Iran;Būmahen;settlement;357.297;518.688;17;no;;A11;0;ghsl-ucdb. osm
Iran;Sahand;settlement;37.951;461.103;17;no;;A11;0;ghsl-ucdb. osm
Iran;Nūr;settlement;365.717;520.153;16;no;;A11;0;ghsl-ucdb. osm. wikidata
Iran;Abadan;settlement;303.392;483.043;16;no;;A11;0;ghsl-ucdb. osm. wikidata
Iran;Sāveh;settlement;350.213;503.566;16;no;;A11;0;ghsl-ucdb. osm. wikidata
Iran;Mīāneh;settlement;37.421;47.715;16;no;;A11;0;ghsl-ucdb. osm. wikidata
Iran;Andīmeshk;settlement;324.615;483.537;16;no;;A11;0;ghsl-ucdb. osm. wikidata
Iran;Qīdar;settlement;361.147;485.911;16;no;;A11;1;ghsl-ucdb. osm. unesco-whs. wikidata
Iran;Jam;settlement;278.298;523.252;16;no;;A11;0;ghsl-ucdb. osm. wikidata
Iran;Sirjan;settlement;294.514;556.809;16;no;;A11;0;ghsl-ucdb. osm
Iran;Masjed Soleymān;settlement;319.364;493.039;15;no;;A11;0;ghsl-ucdb. osm
Iran;Shahreẕā;settlement;320.088;518.641;15;no;;A11;0;cuisine. ghsl-ucdb. osm. wikidata
Iran;Naz̧arābād;settlement;359.541;506.061;15;no;;A11;0;ghsl-ucdb. osm. wikidata
Iran;Dāmghān;settlement;361.679;543.429;15;no;;A11;0;ghsl-ucdb. osm. wikidata
Iran;Bāgh-e Malek;settlement;31.524;498.856;15;no;;A11;0;ghsl-ucdb. osm
Iran;Kīsh;settlement;265.578;540.194;15;no;;A11;0;ghsl-ucdb. osm
Iran;Kahrīzak;settlement;355.172;513.605;14;no;;A11;0;ghsl-ucdb. osm
Iran;Sīāhkal;settlement;371.533;498.714;14;no;;A11;0;ghsl-ucdb. osm. wikidata
Iran;Khānsār;settlement;332.205;50.315;14;no;;A11;0;ghsl-ucdb. osm. wikidata
Iran;Tonekābon;settlement;368.163;508.738;14;no;;A11;0;ghsl-ucdb. osm
Iran;Meybod;settlement;322.501;540.166;14;no;;A11;0;cuisine. ghsl-ucdb. osm. wikidata
Iran;Maḩmūdābād;settlement;366.319;522.629;14;no;;A11;0;ghsl-ucdb. osm
Iran;Naţanz;settlement;335.112;519.181;14;no;;A11;0;cuisine. ghsl-ucdb. osm. wikidata
Iran;Tafresh;settlement;346.931;50.016;14;no;;A11;0;ghsl-ucdb. osm
Iran;Mobārakeh;settlement;323.461;51.502;14;no;;A11;0;cuisine. ghsl-ucdb. osm
Iran;Āz̄arshahr;settlement;37.759;459.783;13;no;;A11;0;ghsl-ucdb. osm
Iran;Neyrīz;settlement;291.988;543.278;13;no;;A11;0;ghsl-ucdb. osm. wikidata
Iran;Nekā;settlement;366.508;532.991;13;no;;A11;0;ghsl-ucdb. osm. wikidata
Iran;Ābyek;settlement;360.667;50.55;13;no;;A11;1;ghsl-ucdb. osm. unesco-whs. wikidata
Iran;Pāveh;settlement;350.434;463.565;13;no;;;1;ghsl-ucdb. unesco-whs. wikidata
Iran;Qarchak;settlement;354.287;515.776;13;no;;A11;0;ghsl-ucdb. osm. wikidata
Iran;Nahāvand;settlement;341.909;483.745;13;no;;A11;0;ghsl-ucdb. osm. wikidata
Iran;Dehdasht;settlement;307.934;505.651;13;no;;A11;0;ghsl-ucdb. osm
Iran;Yasuj;settlement;306.682;51.588;13;no;;A11;0;cuisine. ghsl-ucdb. osm
Iran;Khomām;settlement;373.902;496.585;13;no;;A11;0;ghsl-ucdb. osm
Iran;Kāzerūn;settlement;296.192;516.535;13;no;;A11;0;ghsl-ucdb. osm
Iran;Germī;settlement;390.215;480.801;13;no;;A10;0;cuisine. ghsl-ucdb. osm. wikidata
Iran;Golpāyegān;settlement;334.537;502.884;12;no;;A11;0;ghsl-ucdb. osm. wikidata
Iran;Khūy;settlement;385.503;449.521;12;no;;A11;0;ghsl-ucdb. osm. wikidata
Iran;Lār;settlement;276.834;543.417;12;no;;A11;1;ghsl-ucdb. osm. unesco-whs
Iran;Rāmsar;settlement;36.918;50.648;12;no;;A11;0;ghsl-ucdb. osm. wikidata
Iran;Behshahr;settlement;366.923;535.526;12;no;;A11;0;ghsl-ucdb. osm. wikidata
Iran;Nā’īn;settlement;328.601;530.875;11;no;;A11;0;cuisine. ghsl-ucdb. osm. wikidata
Iran;Nasīm Shahr;settlement;35.565;511.633;11;no;;A11;0;ghsl-ucdb. osm
Iran;Sarāvān;settlement;273.709;62.331;11;no;;A11;0;ghsl-ucdb. osm. wikidata
Iran;Mīāndoāb;settlement;369.667;461.096;11;no;;A11;0;ghsl-ucdb. osm
Iran;Golbahār;settlement;365.698;591.904;11;no;;A11;0;cuisine. ghsl-ucdb. osm
Iran;Shabestar;settlement;381.804;457.028;11;no;;A11;0;ghsl-ucdb. osm. wikidata
Iran;Meshgīn Shahr;settlement;38.399;47.682;11;no;;A11;0;ghsl-ucdb. osm. wikidata
Iran;Rafsanjān;settlement;304.067;559.939;11;no;;A11;0;ghsl-ucdb. osm
Iran;Marīvān;settlement;355.183;46.183;11;no;;A11;0;ghsl-ucdb. osm. wikidata
Iran;Būkān;settlement;36.521;462.089;11;no;;A11;0;ghsl-ucdb. osm. wikidata
Iran;Gerāsh;settlement;276.697;541.359;11;no;;A11;0;ghsl-ucdb. osm
Iran;Qorveh;settlement;351.664;478.056;10;no;;A11;0;ghsl-ucdb. osm
Iran;Semīrom;settlement;314.167;515.667;10;no;;A11;0;cuisine. ghsl-ucdb. osm. wikidata
Iran;Āb Pakhsh;settlement;293.586;510.742;10;no;;A11;0;ghsl-ucdb. osm. wikidata
Iraq;Al Madīnah;settlement;309.632;47.27;100;yes;1;A11. A9;2;ghsl-ucdb. osm. unesco-whs. wikidata
Iraq;Baghdad;settlement;333.406;444.009;90;yes;2;A12. A11;0;cuisine. ghsl-ucdb. osm. wikidata
Iraq;Nāḩiyat al Fuhūd;settlement;309.697;467.228;88;no;;A11. A9;0;ghsl-ucdb. osm. wdpa. wikidata
Iraq;Erbil;settlement;361.912;440.094;88;yes;3;A11. A12;1;ghsl-ucdb. osm. unesco-whs. wikidata
Iraq;Ash Sharqāt;settlement;355.172;432.281;83;yes;4;A11. A2;2;ghsl-ucdb. osm. unesco-whs. wikidata
Iraq;Sulaymaniyah;settlement;35.565;454.329;68;yes;5;A11;0;ghsl-ucdb. osm. wikidata
Iraq;Al Hillah;settlement;324.637;444.196;59;no;;A11;1;cuisine. ghsl-ucdb. osm. unesco-whs. wikidata
Iraq;Kirkuk;settlement;354.681;443.922;54;yes;7;A11. A12;0;ghsl-ucdb. osm
Iraq;Najaf;settlement;320.259;443.462;51;yes;6;A11;0;cuisine. ghsl-ucdb. osm. wikidata
Iraq;Karbala;settlement;32.616;440.249;46;yes;14;A11. A12;0;cuisine. ghsl-ucdb. osm. wikidata
Iraq;Mosul;settlement;36.335;431.189;45;yes;12;A11. A12;0;ghsl-ucdb. osm. wikidata
Iraq;Şafwān;settlement;301.165;477.163;45;no;;A11;0;ghsl-ucdb. osm. wdpa
Iraq;Al Başrah al Qadīmah;settlement;305.032;478.151;44;no;;A12. A11;0;ghsl-ucdb. osm
Iraq;Sāmarrā’;settlement;341.959;438.857;44;yes;8;A11;1;cuisine. ghsl-ucdb. osm. unesco-whs. wikidata
Iraq;Basrah;settlement;305.085;477.804;43;no;;A11. A12;0;ghsl-ucdb. osm
Iraq;As Samawah;settlement;31.332;452.944;42;yes;10;A11;0;ghsl-ucdb. osm. wikidata
Iraq;Zaxo;settlement;371.487;426.859;39;yes;11;A11;0;ghsl-ucdb. osm
Iraq;Soran;settlement;366.556;445.422;38;yes;16;A11;0;ghsl-ucdb. osm
Iraq;Nasiriyah;settlement;31.058;462.573;38;yes;13;A11;0;ghsl-ucdb. osm. wikidata
Iraq;'Ākra;settlement;367.336;438.804;38;no;;A11;0;ghsl-ucdb. osm. wdpa
Iraq;Dihok;settlement;368.661;429.879;36;no;;A11;0;ghsl-ucdb. osm. wikidata
Iraq;Balad;settlement;340.149;441.457;28;no;;A11;0;cuisine. ghsl-ucdb. osm
Iraq;Umm Qaşr;settlement;300.362;479.195;27;yes;9;A11;0;ghsl-ucdb. osm. wdpa
Iraq;Tikrīt;settlement;346.158;436.786;26;no;;A11;0;cuisine. ghsl-ucdb. osm
Iraq;Al-Hamdaniya;settlement;362.709;433.776;24;no;;A11;0;ghsl-ucdb. osm. wikidata
Iraq;Koysinceq;settlement;360.829;446.287;23;no;;A11;0;ghsl-ucdb. osm
Iraq;Sumayl;settlement;368.582;428.482;22;no;;A11;0;ghsl-ucdb. osm
Iraq;Al Miqdādīyah;settlement;339.786;449.369;21;no;;A11;0;cuisine. ghsl-ucdb. osm. wikidata
Iraq;Batifa;settlement;371.745;430.123;21;no;;A11;0;ghsl-ucdb. osm. wikidata
Iraq;Al Maḩmūdīyah;settlement;330.622;443.656;21;no;;A11;0;cuisine. ghsl-ucdb. osm. wikidata
Iraq;Kelar;settlement;346.281;453.185;19;yes;15;A11;0;ghsl-ucdb. osm
Iraq;Abū Ghurayb;settlement;333.056;441.848;19;no;;A11;0;cuisine. ghsl-ucdb. osm. wikidata
Iraq;Al Diwaniyah;settlement;319.929;449.255;19;no;;A11;0;cuisine. ghsl-ucdb. osm
Iraq;Halabja;settlement;351.778;459.861;17;no;;A11;0;ghsl-ucdb. osm
Iraq;Al Fallūjah;settlement;333.491;43.786;17;no;;A11;0;cuisine. ghsl-ucdb. osm. wikidata
Iraq;Aş Şuwayrah;settlement;329.256;447.758;17;no;;A11;0;cuisine. ghsl-ucdb. osm. wikidata
Iraq;Pīrmām;settlement;363.852;44.197;16;no;;A11;0;ghsl-ucdb. osm
Iraq;Ramadi;settlement;334.206;433.078;15;no;;A11;0;cuisine. ghsl-ucdb. osm
Iraq;Al Qurnah;settlement;310.155;474.336;13;no;;A11;0;ghsl-ucdb. osm
Iraq;Al-Qāsim;settlement;32.298;446.828;13;no;;A11;0;cuisine. ghsl-ucdb. osm
Iraq;Al-Kut;settlement;325.128;458.182;13;yes;17;A11;0;ghsl-ucdb. osm
Iraq;Ţūz Khūrmātū;settlement;348.881;446.326;13;no;;A11;0;cuisine. ghsl-ucdb. osm
Iraq;Simele;settlement;368.583;428.501;12;no;;A11;0;ghsl-ucdb. osm
Iraq;Qal‘at Şāliḩ;settlement;31.528;472.936;12;no;;A11;0;ghsl-ucdb. osm. wikidata
Iraq;Al Mawşil al Jadīdah;settlement;363.327;431.056;11;no;;A11. A12;0;ghsl-ucdb. osm
Iraq;Rānyah;settlement;362.551;448.824;11;no;;A11;0;ghsl-ucdb. osm. wikidata
Iraq;Baqubah;settlement;33.754;446.052;10;no;;A11;0;cuisine. ghsl-ucdb. osm. wikidata
Ireland;Galway;settlement;532.724;-9.051;100;yes;1;A10;0;ghsl-ucdb. wdpa. wikidata
Ireland;Tralee;settlement;522.704;-97.026;96;yes;2;A9;0;ghsl-ucdb. wdpa. wikidata
Ireland;Cork;settlement;51.898;-84.706;74;yes;7;A10;0;ghsl-ucdb. wikidata
Ireland;Wild Nephin National Park;site;540.758;-96.344;73;yes;6;A9;0;wdpa. wikidata
Ireland;Kilkenny;settlement;526.542;-72.522;66;no;;A10;0;ghsl-ucdb. wikidata
Ireland;Drogheda;settlement;537.189;-63.478;59;yes;3;;1;ghsl-ucdb. unesco-whs. wikidata
Ireland;Greystones;settlement;531.408;-60.631;50;yes;12;A9;0;ghsl-ucdb. wdpa. wikidata
Ireland;Letterkenny;settlement;54.95;-77.333;49;yes;5;A9;0;ghsl-ucdb. wdpa. wikidata
Ireland;Cluain Meala;settlement;52.355;-77.039;46;yes;4;A12;0;ghsl-ucdb. wikidata
Ireland;Athlone;settlement;534.228;-79.372;46;no;;A10;0;ghsl-ucdb. wdpa. wikidata
Ireland;Dublin;settlement;533.331;-62.489;44;no;;A12;0;ghsl-ucdb. wikidata
Ireland;Sceilg Mhichíl;site;517.719;-105.386;44;yes;8;;1;unesco-whs. wikidata
Ireland;Ennis;settlement;528.436;-89.864;44;no;;A12;0;ghsl-ucdb. wikidata
Ireland;Dundalk;settlement;54;-64.167;43;no;;A10;0;ghsl-ucdb. wdpa. wikidata
Ireland;Carlow;settlement;528.408;-69.261;42;yes;14;A10;0;ghsl-ucdb. wikidata
Ireland;Sligo;settlement;542.697;-84.694;37;yes;9;A12;0;ghsl-ucdb. wikidata
Ireland;Waterford;settlement;522.583;-71.119;34;no;;A10;0;ghsl-ucdb. wikidata
Ireland;Naas;settlement;532.158;-66.669;31;no;;;0;ghsl-ucdb. wikidata
Ireland;Carrigaline;settlement;518.117;-83.986;30;no;;A12;0;ghsl-ucdb. wikidata
Ireland;Navan;settlement;536.528;-66.814;29;no;;;0;ghsl-ucdb. wikidata
Ireland;Limerick;settlement;526.647;-86.231;19;yes;13;A12;0;ghsl-ucdb. wikidata
Ireland;Wexford;settlement;523.342;-64.575;16;yes;10;;0;ghsl-ucdb. wikidata
Ireland;Portlaoise;settlement;530.344;-72.998;13;no;;;0;ghsl-ucdb. wikidata
Ireland;An Muileann gCearr;settlement;535.247;-73.385;13;no;;;0;ghsl-ucdb. wikidata
Ireland;Maynooth;settlement;53.385;-65.936;13;no;;;0;ghsl-ucdb. wikidata
Ireland;Tullamore;settlement;532.739;-74.889;13;yes;11;;0;ghsl-ucdb. wikidata
Isle of Man;Douglas;settlement;54.15;-44.833;100;yes;1;;0;ghsl-ucdb. wdpa. wikidata
Israel;Jerusalem;settlement;31.769;352.163;100;yes;1;A10. A11. A12;1;cuisine. ghsl-ucdb. osm. unesco-whs. wdpa. wikidata
Israel;Tel Aviv;settlement;320.809;347.806;56;no;;A12;1;cuisine. ghsl-ucdb. unesco-whs. wikidata
Israel;Modiin Ilit;settlement;319.322;350.442;48;no;;A11;0;cuisine. ghsl-ucdb. osm. wikidata
Israel;West Jerusalem;settlement;31.782;352.196;42;no;;A12;0;cuisine. ghsl-ucdb. wikidata
Israel;Dimona;settlement;310.708;350.327;36;yes;3;;1;cuisine. ghsl-ucdb. unesco-whs. wikidata
Israel;Beersheba;settlement;312.518;347.913;30;no;;;1;cuisine. ghsl-ucdb. unesco-whs. wikidata
Israel;‘Ara-‘Ar‘ara;settlement;324.956;350.926;29;no;;A11;0;ghsl-ucdb. osm. wikidata
Israel;Arad;settlement;312.588;352.128;24;no;;;1;cuisine. ghsl-ucdb. unesco-whs. wikidata
Israel;Qiryat Tiv‘on;settlement;327.122;351.251;23;yes;2;;1;ghsl-ucdb. unesco-whs. wikidata
Israel;Acre;settlement;329.281;350.765;23;no;;A10;1;ghsl-ucdb. unesco-whs. wikidata
Israel;Safed;settlement;329.646;35.496;21;no;;A10;0;ghsl-ucdb. wikidata
Israel;Haifa;settlement;32.813;349.993;19;no;;A10;1;ghsl-ucdb. unesco-whs. wikidata
Israel;Reẖovot;settlement;318.942;34.812;19;no;;A12;0;cuisine. ghsl-ucdb. wikidata
Israel;Ariel;settlement;321.065;351.845;18;no;;A11;0;cuisine. ghsl-ucdb. osm
Israel;Qiryat Shmona;settlement;33.212;355.704;17;yes;4;A11;0;ghsl-ucdb. osm. wikidata
Israel;H̱ura;settlement;313.008;349.361;16;no;;A12;0;cuisine. ghsl-ucdb
Israel;Kuseifa;settlement;312.453;350.931;16;no;;A12;0;cuisine. ghsl-ucdb
Israel;‘Ar‘ara BaNegev;settlement;311.605;350.227;16;no;;A12;0;cuisine. ghsl-ucdb
Israel;Ofaqim;settlement;313.141;346.202;16;no;;;0;cuisine. ghsl-ucdb. wikidata
Israel;Daliyat al Karmel;settlement;326.938;350.469;15;no;;;1;ghsl-ucdb. unesco-whs
Israel;Modi‘in Makkabbim Re‘ut;settlement;318.939;35.015;12;no;;A12;0;cuisine. ghsl-ucdb. wikidata
Israel;Bet Shemesh;settlement;317.307;349.929;11;no;;A12;0;cuisine. ghsl-ucdb
Israel;Kiryat Gat;settlement;31.61;347.642;11;no;;A12;0;cuisine. ghsl-ucdb
Israel;Netivot;settlement;31.423;345.891;11;no;;A12;0;cuisine. ghsl-ucdb
Israel;Sderot;settlement;31.525;345.969;11;yes;5;A12;0;cuisine. ghsl-ucdb
Israel;Rahat;settlement;313.955;34.757;11;no;;A12;0;cuisine. ghsl-ucdb
Israel;Petaẖ Tiqva;settlement;320.871;348.875;10;no;;A12;0;cuisine. ghsl-ucdb. wikidata
Italy;Rome;settlement;418.919;125.113;100;yes;1;A10. A12. A11;3;cuisine. ghsl-ucdb. osm. unesco-whs. wikidata
Italy;Belluno;settlement;461.426;122.156;90;yes;2;A10. A11. A9;0;ghsl-ucdb. osm. wdpa. wikidata
Italy;Siena;settlement;433.182;113.306;80;no;;A10. A11. A2;3;ghsl-ucdb. osm. unesco-whs. wikidata
Italy;Florence;settlement;437.792;112.463;77;yes;3;A11. A2;2;ghsl-ucdb. osm. unesco-whs. wikidata
Italy;Verona;settlement;454.385;109.938;73;yes;8;A10. A11;1;ghsl-ucdb. osm. unesco-whs. wikidata
Italy;Bologna;settlement;444.938;113.387;73;no;;A10. A11;1;ghsl-ucdb. osm. unesco-whs. wdpa. wikidata
Italy;Bressanone;settlement;46.715;11.656;73;no;;A10. A11;0;ghsl-ucdb. osm. wdpa. wikidata
Italy;Milan;settlement;454.643;91.895;73;yes;4;A12. A11;1;ghsl-ucdb. osm. unesco-whs. wikidata
Italy;Merano;settlement;466.682;111.595;71;yes;15;A10. A11. A9;1;ghsl-ucdb. osm. unesco-whs. wdpa. wikidata
Italy;Naples;settlement;408.522;142.681;71;yes;7;A12. A11;1;ghsl-ucdb. osm. unesco-whs. wikidata
Italy;Gorizia;settlement;459.409;136.217;70;no;;A11. A10;1;ghsl-ucdb. osm. unesco-whs. wikidata
Italy;Genoa;settlement;444.048;89.444;70;yes;6;A11;1;ghsl-ucdb. osm. unesco-whs. wikidata
Italy;Trieste;settlement;456.495;137.768;70;yes;5;A10. A11. A9;1;ghsl-ucdb. osm. unesco-whs. wikidata
Italy;Trento;settlement;460.679;111.211;67;no;;A10. A11. A9;1;ghsl-ucdb. osm. unesco-whs. wdpa. wikidata
Italy;Viterbo;settlement;424.194;121.056;66;no;;A11;0;cuisine. ghsl-ucdb. osm. wdpa. wikidata
Italy;Padua;settlement;45.408;118.859;66;no;;A10. A11. A2;2;ghsl-ucdb. osm. unesco-whs. wikidata
Italy;Grosseto;settlement;42.763;111.094;65;yes;12;A10. A11;0;cuisine. ghsl-ucdb. osm. wdpa. wikidata
Italy;Sondrio;settlement;461.685;98.713;65;yes;19;A10. A11;1;ghsl-ucdb. osm. unesco-whs. wdpa. wikidata
Italy;Fabriano;settlement;433.394;129.033;65;no;;A10. A11;0;cuisine. ghsl-ucdb. osm. wdpa. wikidata
Italy;Lecco;settlement;458.559;9.397;64;no;;A10. A11;0;ghsl-ucdb. osm. wikidata
Italy;Castellammare di Stabia;settlement;407.021;144.869;64;no;;A10. A11;1;ghsl-ucdb. osm. unesco-whs. wikidata
Italy;Cuneo;settlement;443.907;75.483;64;no;;A10. A9. A11;0;ghsl-ucdb. osm. wdpa. wikidata
Italy;Venice;settlement;454.371;123.326;64;no;;A11;1;cuisine. ghsl-ucdb. osm. unesco-whs. wikidata
Italy;Turin;settlement;450.705;76.868;64;yes;9;A12. A11;0;ghsl-ucdb. osm. wikidata
Italy;Marino;settlement;417.698;126.592;62;no;;A10. A11;0;cuisine. ghsl-ucdb. osm. wikidata
Italy;Perugia;settlement;431.122;123.888;62;yes;10;A11;0;cuisine. ghsl-ucdb. osm. wdpa. wikidata
Italy;Bergamo;settlement;45.696;96.672;61;no;;A10. A11;0;ghsl-ucdb. osm. wikidata
Italy;Spoleto;settlement;427.407;12.739;61;no;;A11. A10;1;cuisine. ghsl-ucdb. osm. unesco-whs. wikidata
Italy;Ascoli Piceno;settlement;428.535;135.739;61;yes;21;A11. A10. A9;0;cuisine. ghsl-ucdb. osm. wdpa. wikidata
Italy;L'Aquila;settlement;423.505;133.995;60;no;;A11;0;cuisine. ghsl-ucdb. osm. wdpa. wikidata
Italy;Palermo;settlement;381.166;133.636;60;yes;14;A11;0;ghsl-ucdb. osm. wikidata
Italy;Pisa;settlement;437.085;104.036;60;no;;A11;1;ghsl-ucdb. osm. unesco-whs. wdpa. wikidata
Italy;Parma;settlement;447.993;103.262;60;no;;A10. A11;0;ghsl-ucdb. osm. wikidata
Italy;Arezzo;settlement;434.628;118.807;60;no;;A11;0;cuisine. ghsl-ucdb. osm. wikidata
Italy;Città di Castello;settlement;434.656;122.375;60;no;;A11. A10;0;cuisine. ghsl-ucdb. osm. wikidata
Italy;Bolzano;settlement;464.907;113.398;59;no;;A10. A11;0;ghsl-ucdb. osm. wdpa. wikidata
Italy;Desenzano del Garda;settlement;454.713;105.356;58;no;;A10. A11;1;ghsl-ucdb. osm. unesco-whs. wikidata
Italy;Oristano;settlement;399.036;85.926;58;yes;23;A11. A10;1;ghsl-ucdb. osm. unesco-whs. wdpa. wikidata
Italy;Biella;settlement;45.563;8.058;58;no;;A10. A11;0;ghsl-ucdb. osm. wdpa. wikidata
Italy;Potenza;settlement;406.418;158.079;57;yes;13;A10. A9. A11;0;ghsl-ucdb. osm. wdpa. wikidata
Italy;Siracusa;settlement;370.754;152.866;57;yes;16;A10. A11;1;ghsl-ucdb. osm. unesco-whs. wikidata
Italy;Cerveteri;settlement;419.908;120.908;55;no;;A11;1;cuisine. ghsl-ucdb. osm. unesco-whs. wikidata
Italy;Ivrea;settlement;454.672;78.762;55;no;;A11;1;ghsl-ucdb. osm. unesco-whs. wikidata
Italy;Brescia;settlement;455.356;102.147;55;no;;A10. A11;0;ghsl-ucdb. osm. wikidata
Italy;Rimini;settlement;440.575;125.653;54;yes;20;A10. A11;1;ghsl-ucdb. osm. unesco-whs. wikidata
Italy;Guidonia Montecelio;settlement;419.936;127.224;54;no;;A10. A11. A2;2;cuisine. ghsl-ucdb. osm. unesco-whs. wdpa. wikidata
Italy;Bastia umbra;settlement;430.643;125.461;54;no;;A11;1;cuisine. ghsl-ucdb. osm. unesco-whs. wikidata
Italy;Ferrara;settlement;44.838;116.206;54;no;;A10. A11;1;ghsl-ucdb. osm. unesco-whs. wikidata
Italy;Bassano del Grappa;settlement;457.666;117.274;54;no;;A10. A11;0;ghsl-ucdb. osm. wikidata
Italy;Monfalcone;settlement;458.046;135.329;53;no;;A11;1;ghsl-ucdb. osm. unesco-whs. wikidata
Italy;Riva del Garda;settlement;458.858;108.412;53;no;;A10. A11;0;ghsl-ucdb. osm. wdpa. wikidata
Italy;Aosta;settlement;457.376;73.172;53;no;;A11. A9;0;ghsl-ucdb. osm. wdpa. wikidata
Italy;Monterotondo;settlement;420.516;126.197;53;no;;A11. A10;0;cuisine. ghsl-ucdb. osm. wikidata
Italy;Udine;settlement;460.693;132.371;53;no;;A11;0;ghsl-ucdb. osm. wdpa. wikidata
Italy;Castrovillari;settlement;398.163;162.018;53;yes;24;A11. A9;0;ghsl-ucdb. osm. wdpa. wikidata
Italy;Todi;settlement;427.788;12.412;52;no;;A11;0;cuisine. ghsl-ucdb. osm. wikidata
Italy;Ravenna;settlement;444.134;122.012;52;no;;A10. A11;1;ghsl-ucdb. osm. unesco-whs. wikidata
Italy;Varese;settlement;458.206;88.251;52;no;;A11. A9;1;ghsl-ucdb. osm. unesco-whs. wikidata
Italy;Tolentino;settlement;432.092;132.852;52;no;;A11. A10;0;cuisine. ghsl-ucdb. osm. wikidata
Italy;Sulmona;settlement;420.495;139.258;52;yes;17;A11. A10. A9;0;ghsl-ucdb. osm. wdpa. wikidata
Italy;Borgomanero;settlement;456.987;84.623;51;no;;A10. A11;0;ghsl-ucdb. osm. wikidata
Italy;Prato;settlement;438.805;11.097;51;no;;A11;0;ghsl-ucdb. osm. wikidata
Italy;Rieti;settlement;424.048;128.574;51;no;;A10. A11;0;cuisine. ghsl-ucdb. osm. wdpa. wikidata
Italy;Foligno;settlement;429.549;127.027;51;no;;A11;0;cuisine. ghsl-ucdb. osm. wikidata
Italy;Nuoro;settlement;403.199;93.257;51;no;;A11. A10. A9;0;ghsl-ucdb. osm. wdpa. wikidata
Italy;Pinerolo;settlement;448.853;73.313;51;no;;A11;0;ghsl-ucdb. osm. wdpa. wikidata
Italy;Modena;settlement;446.478;109.254;51;no;;A11;1;cuisine. ghsl-ucdb. osm. unesco-whs. wikidata
Italy;Benevento;settlement;411.307;147.782;51;no;;A10. A11;1;ghsl-ucdb. osm. unesco-whs. wikidata
Italy;Reggio nell'Emilia;settlement;446.983;106.312;51;no;;A11;0;cuisine. ghsl-ucdb. osm. wikidata
Italy;Avezzano;settlement;42.029;134.264;50;no;;A11. A10;0;cuisine. ghsl-ucdb. osm. wdpa. wikidata
Italy;Domodossola;settlement;461.165;82.931;50;no;;A11;0;cuisine. ghsl-ucdb. osm. wdpa. wikidata
Italy;Como;settlement;458.082;90.832;50;no;;A10. A11;0;ghsl-ucdb. osm. wikidata
Italy;Savona;settlement;44.309;84.771;49;no;;A10. A11;0;ghsl-ucdb. osm. wikidata
Italy;Catania;settlement;374.922;150.704;49;no;;A11;0;ghsl-ucdb. osm. wikidata
Italy;Colleferro;settlement;417.272;130.048;49;no;;A11;0;cuisine. ghsl-ucdb. osm. wikidata
Italy;Lido di Ostia;settlement;417.321;122.765;49;no;;A11;0;cuisine. ghsl-ucdb. osm
Italy;San Sebastiano;settlement;456.519;102.568;48;no;;A10. A11;1;ghsl-ucdb. osm. unesco-whs. wikidata
Italy;Imola;settlement;443.592;117.132;48;no;;A10. A11;0;ghsl-ucdb. osm. wikidata
Italy;Alba;settlement;446.999;80.347;48;no;;A11. A10;1;ghsl-ucdb. osm. unesco-whs. wikidata
Italy;Portogruaro;settlement;457.807;128.405;48;no;;A11;0;ghsl-ucdb. osm
Italy;Macerata;settlement;432.979;134.529;48;no;;A11;0;cuisine. ghsl-ucdb. osm. wikidata
Italy;Pescara;settlement;424.584;142.028;48;no;;A11;0;ghsl-ucdb. osm. wikidata
Italy;Palazzolo sull'Oglio;settlement;455.966;98.869;48;no;;A10. A11;0;ghsl-ucdb. osm. wikidata
Italy;Montecatini-Terme;settlement;438.815;107.723;48;no;;A11;1;ghsl-ucdb. osm. unesco-whs. wdpa. wikidata
Italy;Livorno;settlement;435.443;103.262;48;no;;A10. A11;0;ghsl-ucdb. osm. wdpa. wikidata
Italy;Bronte;settlement;377.886;148.338;47;no;;A11. A9;1;ghsl-ucdb. osm. unesco-whs. wdpa. wikidata
Italy;Bari;settlement;411.207;168.698;47;no;;A11;0;ghsl-ucdb. osm. wikidata
Italy;Pistoia;settlement;439.306;109.237;47;no;;A10. A11;0;ghsl-ucdb. osm. wdpa. wikidata
Italy;San Giovanni Valdarno;settlement;435.676;115.299;46;no;;A11. A10. A9;0;ghsl-ucdb. osm. wdpa. wikidata
Italy;Olbia;settlement;409.234;9.498;46;no;;A9. A11;0;ghsl-ucdb. osm. wdpa. wikidata
Italy;Chieti;settlement;423.483;141.649;46;no;;A11;0;ghsl-ucdb. osm. wikidata
Italy;Ciriè;settlement;452.349;76.013;46;no;;A10. A11;0;ghsl-ucdb. osm. wdpa. wikidata
Italy;Pavia;settlement;451.921;91.592;45;no;;A11;0;ghsl-ucdb. osm. wikidata
Italy;Rovereto;settlement;458.904;110.405;45;no;;A11. A10;0;ghsl-ucdb. osm. wikidata
Italy;Imperia;settlement;438.892;80.393;45;no;;A11;0;ghsl-ucdb. osm. wikidata
Italy;Teramo;settlement;426.612;13.699;45;no;;A9. A11;0;cuisine. ghsl-ucdb. osm. wdpa. wikidata
Italy;Arcore;settlement;456.268;93.245;45;no;;A11;0;ghsl-ucdb. osm. wikidata
Italy;Terni;settlement;425.633;126.433;45;no;;A11;0;cuisine. ghsl-ucdb. osm. wikidata
Italy;Piacenza;settlement;450.524;96.934;45;no;;A10. A11;0;ghsl-ucdb. osm. wikidata
Italy;Lanciano;settlement;422.272;143.902;45;no;;A11;0;ghsl-ucdb. osm. wikidata
Italy;Lodi;settlement;453.099;95.008;44;no;;A11;0;ghsl-ucdb. osm. wikidata
Italy;Milazzo;settlement;382.201;152.402;44;yes;22;A10. A11. A9;1;ghsl-ucdb. osm. unesco-whs. wikidata
Italy;Mondovì;settlement;44.396;78.176;44;no;;A10. A11;0;ghsl-ucdb. osm. wikidata
Italy;Faenza;settlement;442.901;118.795;44;no;;A11. A10;0;ghsl-ucdb. osm. wikidata
Italy;Riccione;settlement;439.994;126.569;44;no;;A11. A9;1;ghsl-ucdb. osm. unesco-whs
Italy;Cesena;settlement;441.391;122.431;44;no;;A11;0;ghsl-ucdb. osm. wikidata
Italy;Vicenza;settlement;455.467;115.475;44;no;;A11;0;ghsl-ucdb. osm. wikidata
Italy;Rivoli;settlement;450.707;75.146;44;no;;A11;0;ghsl-ucdb. osm. wdpa. wikidata
Italy;Thiene;settlement;457.088;114.796;44;no;;A11. A10;0;ghsl-ucdb. osm. wikidata
Italy;Vibo Valentia;settlement;386.762;161.009;44;no;;A11. A10;0;ghsl-ucdb. osm. wdpa. wikidata
Italy;Casarano;settlement;400.113;181.624;44;no;;A11. A10;0;ghsl-ucdb. osm. wikidata
Italy;Osimo;settlement;434.854;134.822;42;no;;A10. A11;0;ghsl-ucdb. osm. wikidata
Italy;Barcellona Pozzo di Gotto;settlement;381.477;152.147;42;no;;A11;0;ghsl-ucdb. osm. wdpa. wikidata
Italy;Avellino;settlement;409.149;14.791;42;no;;A10. A11;0;ghsl-ucdb. osm. wikidata
Italy;Gallarate;settlement;456.602;87.916;42;no;;A10. A11;0;ghsl-ucdb. osm. wikidata
Italy;Taranto;settlement;404.644;172.471;42;yes;18;A11;1;ghsl-ucdb. osm. unesco-whs. wikidata
Italy;Lucca;settlement;438.437;105.045;42;no;;A11;0;ghsl-ucdb. osm. wikidata
Italy;Follonica;settlement;429.278;107.645;42;no;;A11;0;ghsl-ucdb. osm
Italy;Voghera;settlement;449.915;90.117;42;no;;A11;0;ghsl-ucdb. osm. wikidata
Italy;Colle di Val d'Elsa;settlement;434.211;111.274;42;no;;A11;0;ghsl-ucdb. osm. wikidata
Italy;Bra;settlement;446.978;78.513;42;no;;A10. A11;1;ghsl-ucdb. osm. unesco-whs. wikidata
Italy;Poggibonsi;settlement;434.706;11.148;41;no;;A11;1;ghsl-ucdb. osm. unesco-whs. wikidata
Italy;Cagliari;settlement;392.305;91.192;41;no;;A9. A11;0;ghsl-ucdb. osm. wdpa. wikidata
Italy;Mantua;settlement;451.603;107.978;41;no;;A11;0;ghsl-ucdb. osm. wikidata
Italy;Agropoli;settlement;403.492;149.907;41;no;;A11. A10. A9;1;ghsl-ucdb. osm. unesco-whs. wdpa. wikidata
Italy;Sanremo;settlement;438.173;77.772;41;no;;A11;0;ghsl-ucdb. osm. wikidata
Italy;Pordenone;settlement;459.569;126.605;40;no;;A11;0;ghsl-ucdb. osm. wikidata
Italy;Acqui Terme;settlement;446.755;84.693;40;no;;A11. A10;0;ghsl-ucdb. osm. wikidata
Italy;Carrara;settlement;440.793;100.979;40;no;;A9. A11;0;ghsl-ucdb. osm. wdpa. wikidata
Italy;Crema;settlement;453.626;96.818;40;no;;A10. A11;0;ghsl-ucdb. osm. wikidata
Italy;Asti;settlement;449.016;82.075;40;no;;A11;0;ghsl-ucdb. osm. wikidata
Italy;Chieri;settlement;450.105;78.213;40;no;;A11. A10;0;ghsl-ucdb. osm. wikidata
Italy;La Spezia;settlement;44.103;98.238;40;no;;A10. A9. A11;1;ghsl-ucdb. osm. unesco-whs. wdpa. wikidata
Italy;Viadana;settlement;449.355;10.519;39;no;;A11. A2;2;ghsl-ucdb. osm. unesco-whs. wikidata
Italy;Isernia;settlement;41.596;14.234;39;no;;A11;0;ghsl-ucdb. osm. wdpa. wikidata
Italy;San Donà di Piave;settlement;456.302;125.681;39;no;;A11;0;ghsl-ucdb. osm. wikidata
Italy;Termini Imerese;settlement;379.823;136.973;39;no;;A11;1;ghsl-ucdb. osm. unesco-whs. wdpa. wikidata
Italy;Forlì;settlement;442.218;120.414;39;no;;A11;0;ghsl-ucdb. osm. wikidata
Italy;Matera;settlement;40.666;166.046;39;no;;A11;1;ghsl-ucdb. osm. unesco-whs. wikidata
Italy;Casale Monferrato;settlement;451.334;84.525;39;no;;A11. A10;1;ghsl-ucdb. osm. unesco-whs. wikidata
Italy;Lecce;settlement;403.548;181.724;39;no;;A10. A11;0;ghsl-ucdb. osm. wikidata
Italy;Cesano Maderno;settlement;456.292;91.519;38;no;;A11;0;ghsl-ucdb. osm. wikidata
Italy;Schio;settlement;457.126;113.567;38;no;;A11. A10;0;ghsl-ucdb. osm. wikidata
Italy;Vignola;settlement;444.838;11.011;38;no;;A11. A10;0;cuisine. ghsl-ucdb. osm. wikidata
Italy;Mira Taglio;settlement;454.346;121.294;38;no;;A11;0;cuisine. ghsl-ucdb. osm. wikidata
Italy;Galatina;settlement;401.742;181.703;38;no;;A10. A11;0;ghsl-ucdb. osm. wikidata
Italy;Cattolica;settlement;439.618;127.363;38;no;;A11;1;ghsl-ucdb. osm. unesco-whs. wikidata
Italy;Montebelluna;settlement;45.775;12.049;38;no;;A10. A11;0;ghsl-ucdb. osm. wikidata
Italy;Verbania;settlement;459.214;85.518;38;no;;A11. A10;0;ghsl-ucdb. osm. wikidata
Italy;Seregno;settlement;45.65;92.055;38;no;;A10. A11;0;ghsl-ucdb. osm. wikidata
Italy;Jesi;settlement;435.214;132.437;37;no;;A11;0;ghsl-ucdb. osm. wikidata
Italy;Pallanza-Intra-Suna;settlement;459.378;85.709;37;no;;A11. A9;0;cuisine. ghsl-ucdb. osm. wdpa. wikidata
Italy;Civitavecchia;settlement;420.932;117.967;37;no;;A11. A10;0;cuisine. ghsl-ucdb. osm. wikidata
Italy;Pozzuoli;settlement;408.439;140.952;37;no;;A11;0;ghsl-ucdb. osm. wikidata
Italy;Vimercate;settlement;456.155;9.368;37;no;;A11. A10;0;ghsl-ucdb. osm. wikidata
Italy;Ancona;settlement;436.072;135.103;37;no;;A11;0;ghsl-ucdb. osm. wikidata
Italy;Piombino;settlement;429.255;105.259;37;no;;A11. A9;0;ghsl-ucdb. osm. wdpa
Italy;Crotone;settlement;390.808;171.276;36;no;;A11;0;ghsl-ucdb. osm. wdpa. wikidata
Italy;Busto Arsizio;settlement;456.113;88.491;36;no;;A11;0;ghsl-ucdb. osm. wikidata
Italy;Frosinone;settlement;416.398;133.411;36;no;;A11;0;cuisine. ghsl-ucdb. osm. wikidata
Italy;Castelfranco Veneto;settlement;456.715;119.276;36;no;;A10. A11;0;ghsl-ucdb. osm. wikidata
Italy;Magenta;settlement;454.646;88.845;36;no;;A11;0;ghsl-ucdb. osm. wikidata
Italy;Vercelli;settlement;453.216;84.199;36;no;;A11;0;ghsl-ucdb. osm. wikidata
Italy;Fano;settlement;438.405;130.167;36;no;;A11;0;ghsl-ucdb. osm. wdpa. wikidata
Italy;Ghedi;settlement;45.402;102.768;36;no;;A11. A10;0;ghsl-ucdb. osm. wikidata
Italy;Siderno;settlement;382.699;162.961;36;no;;A11;0;ghsl-ucdb. osm. wikidata
Italy;Pontedera;settlement;436.614;106.307;35;no;;A11;0;ghsl-ucdb. osm. wikidata
Italy;Messina;settlement;381.939;155.526;35;no;;A10. A11;0;ghsl-ucdb. osm. wikidata
Italy;Mirano;settlement;454.946;121.077;35;no;;A11. A10;0;cuisine. ghsl-ucdb. osm. wikidata
Italy;Rapallo;settlement;443.496;9.228;35;no;;A11;0;ghsl-ucdb. osm. wikidata
Italy;Saluzzo;settlement;446.467;74.931;35;no;;A11. A10;0;ghsl-ucdb. osm. wikidata
Italy;Lumezzane;settlement;456.479;102.649;35;no;;A10. A11;0;ghsl-ucdb. osm. wikidata
Italy;Legnago;settlement;451.936;113.023;35;no;;A11. A10;0;ghsl-ucdb. osm. wikidata
Italy;Saronno;settlement;456.251;90.352;35;no;;A11;0;ghsl-ucdb. osm. wikidata
Italy;Albenga;settlement;44.05;82.183;34;no;;A11;0;ghsl-ucdb. osm. wikidata
Italy;Catanzaro;settlement;388.825;166.009;34;no;;A11;0;ghsl-ucdb. osm. wikidata
Italy;Novara;settlement;454.469;86.212;34;no;;A11;0;ghsl-ucdb. osm. wikidata
Italy;Erba;settlement;458.088;92.261;34;no;;A10. A11;0;ghsl-ucdb. osm. wikidata
Italy;Sora;settlement;417.183;136.136;34;no;;A11. A10. A9;0;ghsl-ucdb. osm. wdpa. wikidata
Italy;Caronno Pertusella;settlement;455.978;90.463;34;no;;A11;0;ghsl-ucdb. osm. wikidata
Italy;Acilia-Castel Fusano-Ostia Antica;settlement;417.634;123.308;33;no;;A11;0;cuisine. ghsl-ucdb. osm. wdpa. wikidata
Italy;Empoli;settlement;43.718;109.476;33;no;;A11;0;ghsl-ucdb. osm. wikidata
Italy;Cecina;settlement;433.062;105.173;33;no;;A11;0;ghsl-ucdb. osm. wdpa. wikidata
Italy;Reggio Calabria;settlement;381.105;156.613;33;no;;A9. A11;1;ghsl-ucdb. osm. unesco-whs. wikidata
Italy;Tradate;settlement;457.084;89.076;33;no;;A11. A10;0;ghsl-ucdb. osm. wdpa. wikidata
Italy;Villafranca di Verona;settlement;453.541;108.446;33;no;;A11. A10;0;ghsl-ucdb. osm. wikidata
Italy;Giussano;settlement;45.7;92.089;33;no;;A11. A10;0;ghsl-ucdb. osm. wikidata
Italy;Alghero;settlement;405.597;83.195;33;no;;A11;0;ghsl-ucdb. osm. wdpa. wikidata
Italy;Campobasso;settlement;415.595;146.674;33;no;;A11;0;ghsl-ucdb. osm. wikidata
Italy;Cremona;settlement;451.332;100.213;32;no;;A10. A11;0;ghsl-ucdb. osm. wikidata
Italy;Castelvetrano;settlement;376.808;127.919;32;no;;A11;0;ghsl-ucdb. osm. wikidata
Italy;Conegliano;settlement;45.888;12.302;32;no;;A11;0;ghsl-ucdb. osm
Italy;Barletta;settlement;413.143;162.816;32;no;;A11;0;ghsl-ucdb. osm. wikidata
Italy;San Benedetto del Tronto;settlement;429.568;138.768;32;no;;A11;0;ghsl-ucdb. osm. wikidata
Italy;Floridia;settlement;370.834;151.533;32;no;;A11;0;ghsl-ucdb. osm. wdpa. wikidata
Italy;Senigallia;settlement;437.163;132.088;31;no;;A11. A10;0;ghsl-ucdb. osm. wikidata
Italy;Giarre;settlement;377.244;151.816;31;no;;A10. A11;0;ghsl-ucdb. osm. wikidata
Italy;Gorgonzola;settlement;455.307;94.053;31;no;;A11;0;ghsl-ucdb. osm. wikidata
Italy;Vasto;settlement;421.115;147.065;31;no;;A11;0;ghsl-ucdb. osm. wikidata
Italy;Bagheria;settlement;380.789;135.124;31;no;;A11;0;ghsl-ucdb. osm. wdpa. wikidata
Italy;Eboli;settlement;406.175;150.569;31;no;;A11;0;ghsl-ucdb. osm. wdpa. wikidata
Italy;Este;settlement;452.234;116.638;31;no;;A11;0;ghsl-ucdb. osm. wikidata
Italy;Sarzana;settlement;441.118;99.622;31;no;;A11;0;ghsl-ucdb. osm. wikidata
Italy;San Bonifacio;settlement;453.959;112.735;31;no;;A11. A10;0;ghsl-ucdb. osm. wikidata
Italy;Cosenza;settlement;392.989;162.531;31;no;;A11;0;ghsl-ucdb. osm. wikidata
Italy;Carbonia;settlement;391.647;85.213;31;no;;A11;1;ghsl-ucdb. osm. unesco-whs. wikidata
Italy;Fondi;settlement;413.579;134.272;30;no;;A11. A10;0;ghsl-ucdb. osm. wikidata
Italy;Meda;settlement;456.612;91.534;30;no;;A11;0;ghsl-ucdb. osm
Italy;Cava Dè Tirreni;settlement;406.995;147.077;30;no;;A11;1;ghsl-ucdb. osm. unesco-whs. wikidata
Italy;Terzigno;settlement;40.804;144.931;30;no;;A11. A10;0;ghsl-ucdb. osm. wikidata
Italy;Carpi;settlement;447.824;108.777;30;no;;A10. A11;0;cuisine. ghsl-ucdb. osm. wikidata
Italy;Abano Terme;settlement;453.575;117.873;30;no;;A11;0;ghsl-ucdb. osm. wikidata
Italy;Treviso;settlement;456.667;122.416;30;no;;A11;0;ghsl-ucdb. osm. wikidata
Italy;Albano Laziale;settlement;417.275;12.659;29;no;;A11;0;cuisine. ghsl-ucdb. osm. wikidata
Italy;Salsomaggiore Terme;settlement;448.159;99.864;29;no;;A11;0;ghsl-ucdb. osm. wikidata
Italy;Chivasso;settlement;451.909;78.898;29;no;;A11. A10;0;ghsl-ucdb. osm. wikidata
Italy;Cassano d'Adda;settlement;455.264;95.153;29;no;;A11. A10;1;ghsl-ucdb. osm. unesco-whs. wikidata
Italy;Capannori;settlement;438.417;105.727;29;no;;A11. A10;0;ghsl-ucdb. osm. wikidata
Italy;Trapani;settlement;380.176;125.362;29;no;;A11;0;ghsl-ucdb. osm. wikidata
Italy;Caserta;settlement;410.726;143.323;29;no;;A11;1;ghsl-ucdb. osm. unesco-whs
Italy;Novi Ligure;settlement;447.625;8.787;29;no;;A10. A11;0;ghsl-ucdb. osm. wdpa. wikidata
Italy;Brindisi;settlement;406.322;179.361;29;no;;A11;0;ghsl-ucdb. osm. wikidata
Italy;Cerignola;settlement;412.652;158.956;28;no;;A11;0;ghsl-ucdb. osm. wdpa. wikidata
Italy;Parabiago;settlement;455.603;89.454;28;no;;A11;0;ghsl-ucdb. osm. wikidata
Italy;Lugo;settlement;444.214;119.109;28;no;;A11;0;ghsl-ucdb. osm
Italy;Sciacca;settlement;375.069;13.084;28;no;;A11;0;ghsl-ucdb. osm. wdpa. wikidata
Italy;Ariccia;settlement;417.206;126.723;28;no;;A11;0;cuisine. ghsl-ucdb. osm. wikidata
Italy;Fiorano;settlement;445.389;108.117;28;no;;A11;0;cuisine. ghsl-ucdb. osm. wikidata
Italy;Assemini;settlement;392.912;89.988;28;no;;A11;0;ghsl-ucdb. osm. wdpa. wikidata
Italy;Vittoria;settlement;369.515;145.279;28;no;;A11;0;ghsl-ucdb. osm. wdpa. wikidata
Italy;San Salvo;settlement;420.441;147.333;28;no;;A11;0;ghsl-ucdb. osm. wikidata
Italy;Sinnai;settlement;393.029;92.028;28;no;;A11;0;ghsl-ucdb. osm. wikidata
Italy;Chioggia;settlement;452.186;122.777;28;no;;A11;0;cuisine. ghsl-ucdb. osm. wikidata
Italy;Cantù;settlement;45.741;91.308;28;no;;A11. A10;0;ghsl-ucdb. osm. wikidata
Italy;Vittorio Veneto;settlement;459.803;123.006;28;no;;A11;1;ghsl-ucdb. osm. unesco-whs. wikidata
Italy;Scandiano;settlement;445.983;106.956;28;no;;A11;0;cuisine. ghsl-ucdb. osm. wikidata
Italy;Sabaudia;settlement;413.002;130.282;28;no;;A11. A9;0;ghsl-ucdb. osm. wdpa. wikidata
Italy;Bellaria-Igea Marina;settlement;441.425;124.715;28;no;;A11;0;ghsl-ucdb. osm. wikidata
Italy;Civitanova Marche;settlement;433.049;137.207;27;no;;A11;0;ghsl-ucdb. osm. wikidata
Italy;Pesaro;settlement;439.092;129.164;27;no;;A11;0;ghsl-ucdb. osm. wikidata
Italy;Ventimiglia;settlement;437.896;76.087;27;no;;A11;0;ghsl-ucdb. osm. wikidata
Italy;Cascina;settlement;436.756;105.549;27;no;;A11;0;ghsl-ucdb. osm. wikidata
Italy;Velletri;settlement;416.857;127.775;26;no;;A11;0;cuisine. ghsl-ucdb. osm
Italy;Mestre;settlement;454.917;122.454;26;no;;A11;0;cuisine. ghsl-ucdb. osm
Italy;Grottaglie;settlement;405.369;174.372;26;no;;A11;0;ghsl-ucdb. osm
Italy;Corigliano Scalo;settlement;396.271;165.137;26;no;;A11. A10;0;ghsl-ucdb. osm. wikidata
Italy;Treviglio;settlement;455.208;9.591;26;no;;A11. A10;0;ghsl-ucdb. osm. wikidata
Italy;Roseto degli Abruzzi;settlement;426.716;140.148;26;no;;A11;0;ghsl-ucdb. osm. wdpa. wikidata
Italy;Caivano;settlement;409.575;143.059;25;no;;A11;0;ghsl-ucdb. osm. wikidata
Italy;Chiari;settlement;455.376;9.927;25;no;;A11;0;ghsl-ucdb. osm
Italy;Fermo;settlement;43.163;137.227;25;no;;A11;0;ghsl-ucdb. osm. wikidata
Italy;Salerno;settlement;406.754;147.933;25;no;;A11;0;ghsl-ucdb. osm. wikidata
Italy;Sestri Levante;settlement;442.732;93.968;25;no;;A11;0;ghsl-ucdb. osm. wikidata
Italy;Oderzo;settlement;457.811;124.944;24;no;;A11;0;ghsl-ucdb. osm
Italy;Abbiategrasso;settlement;453.982;89.168;24;no;;A11;0;ghsl-ucdb. osm. wikidata
Italy;Scicli;settlement;367.901;147.028;24;no;;A11;1;ghsl-ucdb. osm. unesco-whs. wikidata
Italy;Pomezia;settlement;416.693;125.012;24;no;;A11;0;cuisine. ghsl-ucdb. osm. wikidata
Italy;Parco Nazionale Isola di Pantelleria;site;36.78;119.916;24;no;;A9. A11;0;osm. wdpa
Italy;Ragusa;settlement;369.257;147.244;24;no;;A11;0;ghsl-ucdb. osm. wikidata
Italy;Viareggio;settlement;438.669;102.502;24;no;;A11;0;ghsl-ucdb. osm. wikidata
Italy;Castelfranco Emilia;settlement;445.945;110.498;24;no;;A11;0;cuisine. ghsl-ucdb. osm. wikidata
Italy;Aversa;settlement;409.726;142.074;24;no;;A10. A11;0;ghsl-ucdb. osm. wikidata
Italy;Piossasco;settlement;44.988;74.601;24;no;;A11. A10;0;ghsl-ucdb. osm. wikidata
Italy;Legnano;settlement;455.979;89.151;24;no;;A11;0;ghsl-ucdb. osm. wikidata
Italy;Alcamo;settlement;379.779;129.647;24;no;;A11;0;ghsl-ucdb. osm. wikidata
Italy;Rovigo;settlement;450.698;117.902;24;no;;A11;1;ghsl-ucdb. osm. unesco-whs. wikidata
Italy;Marsala;settlement;377.992;124.367;24;no;;A11;0;ghsl-ucdb. osm. wdpa
Italy;Palmi;settlement;383.594;158.515;24;no;;A11. A10. A9;0;ghsl-ucdb. osm. wdpa. wikidata
Italy;Termoli;settlement;419.999;149.939;24;no;;A11;0;ghsl-ucdb. osm. wikidata
Italy;Aprilia;settlement;415.945;126.542;23;no;;A11;0;cuisine. ghsl-ucdb. osm
Italy;Nettuno;settlement;414.579;126.639;23;no;;A11;0;cuisine. ghsl-ucdb. osm. wikidata
Italy;San Giovanni in Fiore;settlement;392.545;16.697;23;no;;A11. A10. A9;0;ghsl-ucdb. osm. wdpa. wikidata
Italy;Porto Torres;settlement;408.338;84.053;23;no;;A11. A9;0;ghsl-ucdb. osm. wdpa. wikidata
Italy;Cento;settlement;44.731;112.872;23;no;;A11;0;ghsl-ucdb. osm. wikidata
Italy;Gioia Tauro;settlement;384.251;158.975;23;no;;A11;0;ghsl-ucdb. osm. wikidata
Italy;Mariano Comense;settlement;456.965;91.818;23;no;;A11;0;ghsl-ucdb. osm
Italy;Cisterna di Latina;settlement;415.908;128.281;22;no;;A11;0;cuisine. ghsl-ucdb. osm. wikidata
Italy;Valdagno;settlement;45.645;112.989;22;no;;A10. A11;0;ghsl-ucdb. osm. wdpa. wikidata
Italy;Monte Rosello;settlement;407.354;85.677;22;no;;A11;0;ghsl-ucdb. osm. wikidata
Italy;Iglesias;settlement;393.092;85.372;22;no;;A11;0;ghsl-ucdb. osm. wikidata
Italy;Modica;settlement;368.587;147.597;22;no;;A10. A11;0;ghsl-ucdb. osm. wikidata
Italy;Falconara Marittima;settlement;436.256;133.995;22;no;;A11;0;ghsl-ucdb. osm
Italy;Seveso;settlement;456.467;9.143;22;no;;A11;0;ghsl-ucdb. osm. wikidata
Italy;Fossano;settlement;445.508;77.192;22;no;;A11;0;ghsl-ucdb. osm. wikidata
Italy;Alessandria;settlement;449.092;86.101;22;no;;A11;0;ghsl-ucdb. osm. wikidata
Italy;Terlizzi;settlement;41.129;165.454;22;no;;A11;0;ghsl-ucdb. osm
Italy;Cassino;settlement;414.858;138.284;22;no;;A11. A10;0;ghsl-ucdb. osm. wikidata
Italy;Bitonto;settlement;411.101;166.909;22;no;;A11;0;ghsl-ucdb. osm
Italy;Ginosa;settlement;405.769;167.566;21;no;;A11. A10;0;ghsl-ucdb. osm. wikidata
Italy;Camaiore;settlement;439.427;102.975;21;no;;A11;0;ghsl-ucdb. osm. wikidata
Italy;Enna;settlement;375.655;142.743;21;no;;A11;0;ghsl-ucdb. osm. wikidata
Italy;Ruvo di Puglia;settlement;411.176;164.842;21;no;;A11. A9;0;ghsl-ucdb. osm. wdpa
Italy;Gela;settlement;370.738;142.404;21;no;;A11;0;ghsl-ucdb. osm
Italy;Quartu Sant'Elena;settlement;392.293;9.25;21;no;;A11;0;ghsl-ucdb. osm. wdpa
Italy;Carmagnola;settlement;448.496;77.203;21;no;;A10. A11;0;ghsl-ucdb. osm. wikidata
Italy;Chiavari;settlement;443.177;93.224;21;no;;A11;0;ghsl-ucdb. osm
Italy;Caltagirone;settlement;372.379;145.155;21;no;;A11;0;ghsl-ucdb. osm. wikidata
Italy;Latina;settlement;414.661;129.043;21;no;;A11;0;ghsl-ucdb. osm. wikidata
Italy;Monselice;settlement;45.239;117.498;21;no;;A11;0;ghsl-ucdb. osm
Italy;Comiso;settlement;369.489;146.073;20;no;;A11;0;ghsl-ucdb. osm. wikidata
Italy;Ribera;settlement;374.977;132.668;20;no;;A11;0;ghsl-ucdb. osm. wdpa
Italy;Agrigento;settlement;373.107;135.766;20;no;;A11;1;ghsl-ucdb. osm. unesco-whs. wikidata
Italy;San Giovanni in Persiceto;settlement;446.384;111.842;20;no;;A11;0;cuisine. ghsl-ucdb. osm. wikidata
Italy;Fidenza;settlement;448.669;100.604;20;no;;A11;0;ghsl-ucdb. osm. wikidata
Italy;Orta Nova;settlement;413.288;157.099;19;no;;A11;0;ghsl-ucdb. osm
Italy;Massa;settlement;440.354;101.393;19;no;;A11;0;ghsl-ucdb. osm. wdpa
Italy;Orbassano;settlement;450.055;75.381;19;no;;A11;0;ghsl-ucdb. osm. wikidata
Italy;Sacile;settlement;459.541;125.027;19;no;;A11;0;ghsl-ucdb. osm
Italy;Ladispoli;settlement;419.507;12.075;19;no;;A11;0;cuisine. ghsl-ucdb. osm
Italy;Lentini;settlement;372.856;149.974;19;no;;A11;0;ghsl-ucdb. osm
Italy;Anzio;settlement;414.526;126.216;19;no;;A12;0;cuisine. ghsl-ucdb. osm
Italy;Aci Catena;settlement;376.061;151.417;19;no;;A11. A10;0;ghsl-ucdb. osm. wikidata
Italy;Sassari;settlement;407.259;85.555;18;yes;11;;0;ghsl-ucdb. osm. wikidata
Italy;Rosignano Solvay-Castiglioncello;settlement;433.895;104.361;18;no;;A11;0;ghsl-ucdb. osm
Italy;Foggia;settlement;414.584;155.519;18;no;;A11;0;ghsl-ucdb. osm
Italy;Melzo;settlement;454.981;94.204;18;no;;A11;0;ghsl-ucdb. osm. wikidata
Italy;Qualiano;settlement;40.919;141.535;18;no;;A11;0;ghsl-ucdb. osm
Italy;Pachino;settlement;367.152;150.902;18;no;;A11;0;ghsl-ucdb. osm
Italy;Giulianova;settlement;427.538;139.665;18;no;;A11. A10;0;ghsl-ucdb. osm. wikidata
Italy;Acireale;settlement;376.089;151.658;18;no;;A11;0;ghsl-ucdb. osm. wikidata
Italy;Nicastro;settlement;389.709;163.129;18;no;;A11. A10;0;ghsl-ucdb. osm. wikidata
Italy;Castiglione delle Stiviere;settlement;453.902;104.862;18;no;;A11. A10;0;ghsl-ucdb. osm. wikidata
Italy;San Felice A Cancello;settlement;41.017;144.874;18;no;;A11;0;ghsl-ucdb. osm
Italy;Formigine;settlement;445.727;108.474;17;no;;A11;0;cuisine. ghsl-ucdb. osm
Italy;Noto;settlement;368.924;150.698;17;no;;A11;0;ghsl-ucdb. osm. wikidata
Italy;Marina di Ardea-Tor San Lorenzo;settlement;415.544;125.412;17;no;;A11;0;cuisine. ghsl-ucdb. osm
Italy;Canicattì;settlement;373.584;138.479;17;no;;A11;0;ghsl-ucdb. osm
Italy;Vigevano;settlement;453.141;88.544;17;no;;A11;0;ghsl-ucdb. osm. wikidata
Italy;Sezze;settlement;415.003;130.618;17;no;;A11;0;ghsl-ucdb. osm. wikidata
Italy;Piazza Armerina;settlement;373.842;143.692;17;no;;A11;1;ghsl-ucdb. osm. unesco-whs. wikidata
Italy;Mazara del Vallo;settlement;376.553;125.899;17;no;;A11;0;ghsl-ucdb. osm. wikidata
Italy;Manduria;settlement;40.399;176.373;17;no;;A11;0;ghsl-ucdb. osm
Italy;San Miniato;settlement;436.795;108.498;17;no;;A11;0;ghsl-ucdb. osm
Italy;Montevarchi;settlement;435.252;115.724;17;no;;A11. A10;0;ghsl-ucdb. osm. wikidata
Italy;Nola;settlement;409.261;145.282;16;no;;A11. A10;0;ghsl-ucdb. osm. wdpa. wikidata
Italy;Acerra;settlement;409.448;143.714;16;no;;A11;0;ghsl-ucdb. osm
Italy;Mesagne;settlement;405.585;178.077;16;no;;A11;0;ghsl-ucdb. osm
Italy;Ardea;settlement;416.074;125.416;16;no;;A12;0;cuisine. ghsl-ucdb. osm
Italy;Canosa di Puglia;settlement;412.195;160.677;16;no;;A11;0;ghsl-ucdb. osm. wikidata
Italy;Romano di Lombardia;settlement;455.208;97.544;16;no;;A11. A10;0;ghsl-ucdb. osm. wikidata
Italy;Santa Maria Capua Vetere;settlement;410.816;142.534;16;no;;A11;0;ghsl-ucdb. osm. wikidata
Italy;Lucera;settlement;415.055;153.391;16;no;;A11. A10;0;ghsl-ucdb. osm. wikidata
Italy;Bisceglie;settlement;412.426;16.501;15;no;;A11;0;ghsl-ucdb. osm. wikidata
Italy;Sava;settlement;40.402;175.527;15;no;;A11;0;ghsl-ucdb. osm
Italy;Torvaianica;settlement;416.211;12.462;15;no;;A12;0;cuisine. ghsl-ucdb
Italy;Montecchio Maggiore-Alte Ceccato;settlement;455.037;11.412;15;no;;A11;0;ghsl-ucdb. osm. wikidata
Italy;Monopoli;settlement;409.492;172.972;15;no;;A11;0;ghsl-ucdb. osm. wikidata
Italy;Valenza;settlement;450.124;86.438;15;no;;A11;0;ghsl-ucdb. osm. wikidata
Italy;Mirandola;settlement;448.852;11.069;15;no;;A11;0;ghsl-ucdb. osm. wikidata
Italy;Terracina;settlement;412.917;132.436;15;no;;A11;0;ghsl-ucdb. osm. wikidata
Italy;Arzignano;settlement;455.203;113.345;15;no;;A11;0;ghsl-ucdb. osm
Italy;Belpasso;settlement;375.919;149.799;15;no;;A11;0;ghsl-ucdb. osm
Italy;Favara;settlement;373.175;136.623;14;no;;A11;0;ghsl-ucdb. osm
Italy;Noci;settlement;407.936;171.268;14;no;;A11;1;ghsl-ucdb. osm. unesco-whs
Italy;Niscemi;settlement;371.465;143.938;14;no;;A11. A10;0;ghsl-ucdb. osm. wdpa. wikidata
Italy;San Severo;settlement;416.856;153.815;14;no;;A11;0;ghsl-ucdb. osm
Italy;Martina Franca;settlement;407.035;173.381;14;no;;A11;0;ghsl-ucdb. osm. wikidata
Italy;Carini;settlement;381.324;131.827;14;no;;A11;0;ghsl-ucdb. osm
Italy;Molfetta;settlement;412.004;16.599;14;no;;A11;0;ghsl-ucdb. osm. wikidata
Italy;Lamezia Terme;settlement;389.626;163.094;14;no;;A11;0;ghsl-ucdb. osm. wikidata
Italy;San Giovanni Rotondo;settlement;417.064;157.277;14;no;;A11. A10;0;ghsl-ucdb. osm. wikidata
Italy;Forio;settlement;407.376;13.86;14;no;;A11;0;ghsl-ucdb. osm. wdpa
Italy;Rossano Stazione;settlement;395.986;166.349;14;no;;A11;0;ghsl-ucdb. osm. wikidata
Italy;Avola;settlement;369.084;151.394;14;no;;A11;0;ghsl-ucdb. osm. wdpa
Italy;Capua;settlement;411.052;142.127;13;no;;A11;0;ghsl-ucdb. osm. wikidata
Italy;Ottaviano;settlement;408.519;144.783;13;no;;A9;0;ghsl-ucdb. osm. wdpa
Italy;San Nicandro Garganico;settlement;418.384;155.654;13;no;;A9;0;ghsl-ucdb. osm. wdpa
Italy;Tortona;settlement;448.978;88.637;13;no;;A11;0;ghsl-ucdb. osm. wikidata
Italy;Somma Vesuviana;settlement;408.733;144.387;13;no;;A11;0;ghsl-ucdb. osm
Italy;Corato;settlement;411.517;164.114;13;no;;A11;1;ghsl-ucdb. osm. unesco-whs. wikidata
Italy;Nocera Superiore;settlement;407.425;146.745;13;no;;A11. A10;0;ghsl-ucdb. osm. wikidata
Italy;Pagani;settlement;40.742;146.145;13;no;;A11;0;ghsl-ucdb. osm
Italy;Manfredonia;settlement;416.307;159.188;12;no;;A11;0;ghsl-ucdb. osm. wikidata
Italy;Angri;settlement;407.381;145.707;12;no;;A11. A10;0;ghsl-ucdb. osm. wikidata
Italy;Sassuolo;settlement;445.432;107.848;12;no;;A11;0;cuisine. ghsl-ucdb. osm. wikidata
Italy;Gravina in Puglia;settlement;408.175;164.191;12;no;;A11;0;ghsl-ucdb. osm
Italy;Minturno;settlement;412.629;137.458;12;no;;A11. A10;0;ghsl-ucdb. osm. wikidata
Italy;Nardò;settlement;401.795;180.317;12;no;;A11;0;ghsl-ucdb. osm. wdpa
Italy;Montichiari;settlement;454.132;10.398;12;no;;A11. A10;0;ghsl-ucdb. osm. wikidata
Italy;Ostuni;settlement;407.291;175.768;12;no;;A11;0;ghsl-ucdb. osm. wikidata
Italy;Pietrasanta;settlement;439.595;102.278;12;no;;A11;0;ghsl-ucdb. osm. wikidata
Italy;Putignano;settlement;408.511;171.219;12;no;;A11;0;ghsl-ucdb. osm. wikidata
Italy;Cesenatico;settlement;441.999;123.991;12;no;;A11;0;ghsl-ucdb. osm
Italy;Suzzara;settlement;449.924;107.441;12;no;;A11;0;ghsl-ucdb. osm. wikidata
Italy;Battipaglia;settlement;406.086;149.821;12;no;;A11;0;ghsl-ucdb. osm. wikidata
Italy;Formia;settlement;412.563;136.089;11;no;;A11;0;ghsl-ucdb. osm. wdpa
Italy;Rosolini;settlement;368.214;149.513;11;no;;A11;0;ghsl-ucdb. osm. wikidata
Italy;Trecate;settlement;45.434;87.364;11;no;;A11;0;ghsl-ucdb. osm. wikidata
Italy;Ischia Porto;settlement;407.391;13.951;11;no;;A11;0;ghsl-ucdb. osm. wdpa. wikidata
Italy;Scordia;settlement;372.955;148.406;11;no;;A11;0;ghsl-ucdb. osm. wikidata
Italy;Fasano;settlement;408.362;173.601;11;no;;A11. A10;0;ghsl-ucdb. osm. wikidata
Italy;Paternò;settlement;375.667;149.025;11;no;;A11;0;ghsl-ucdb. osm. wikidata
Italy;Augusta;settlement;372.407;152.212;10;no;;A11;0;ghsl-ucdb. osm. wikidata
Italy;Massafra;settlement;405.862;171.164;10;no;;A11;0;ghsl-ucdb. osm. wdpa. wikidata
Ivory Coast;Bianouan;settlement;6.012;-31.902;100;yes;1;A11;0;ghsl-ucdb. osm. wdpa
Ivory Coast;Para;settlement;55.196;-73.275;97;yes;2;A9;1;ghsl-ucdb. unesco-whs. wdpa. wikidata
Ivory Coast;Grand-Bassam;settlement;52.118;-37.388;89;yes;5;;1;ghsl-ucdb. unesco-whs. wikidata
Ivory Coast;Comoé National Park;site;9.077;-3.758;84;yes;4;A9;1;unesco-whs. wdpa. wikidata
Ivory Coast;Kaouara;settlement;100.908;-51.948;74;yes;3;;1;ghsl-ucdb. unesco-whs
Ivory Coast;Grand-Lahou;settlement;51.383;-50.212;56;yes;6;A9;0;ghsl-ucdb. wdpa. wikidata
Ivory Coast;Maféré;settlement;54.151;-30.301;46;yes;13;A11;0;ghsl-ucdb. osm
Ivory Coast;Niablé;settlement;66.613;-32.698;44;yes;9;A11. A9;0;ghsl-ucdb. osm. wdpa
Ivory Coast;Abidjan;settlement;53.544;-40.017;41;no;;A12. A9;0;ghsl-ucdb. wdpa. wikidata
Ivory Coast;Adiaké;settlement;52.863;-3.304;40;no;;A9;0;ghsl-ucdb. wdpa. wikidata
Ivory Coast;Bouaké;settlement;76.939;-50.303;28;yes;7;A9;0;ghsl-ucdb. wdpa
Ivory Coast;Hiré;settlement;61.888;-52.946;28;yes;8;A9;0;ghsl-ucdb. wdpa
Ivory Coast;Ancien-Prozi;settlement;76.688;-69.688;28;yes;10;A9;0;ghsl-ucdb. wdpa
Ivory Coast;Bangolo Tahouake;settlement;70.412;-7.168;28;yes;15;A9;0;ghsl-ucdb. wdpa
Ivory Coast;Niakaramandougou;settlement;86.576;-52.911;28;yes;12;A9;0;ghsl-ucdb. wdpa
Ivory Coast;Bognonzra;settlement;69.432;-59.673;28;yes;11;A9;0;ghsl-ucdb. wdpa
Ivory Coast;Tengréla;settlement;104.811;-64.069;20;yes;14;;0;ghsl-ucdb. wdpa. wikidata
Ivory Coast;Yamoussoukro;settlement;68.205;-52.767;14;no;;;0;ghsl-ucdb. wdpa
Ivory Coast;Zagné;settlement;62.102;-74.828;14;no;;;0;ghsl-ucdb. wdpa
Ivory Coast;Ouangolodougou;settlement;99.684;-51.488;14;no;;;0;ghsl-ucdb. wdpa
Ivory Coast;Buyo;settlement;62.753;-6.997;14;yes;16;;0;ghsl-ucdb. wdpa
Ivory Coast;Aboisso Comoé;settlement;57.351;-34.034;14;no;;;0;ghsl-ucdb. wdpa
Ivory Coast;Ebilassokro;settlement;63.792;-33.472;14;no;;;0;ghsl-ucdb. wdpa
Jamaica;New Kingston;settlement;180.075;-767.832;100;yes;1;A9. A11;2;ghsl-ucdb. osm. unesco-whs. wdpa. wikidata
Jamaica;Kingston;settlement;17.997;-767.936;84;no;;A11. A12;1;ghsl-ucdb. osm. unesco-whs. wikidata
Jamaica;Mandeville;settlement;180.417;-775.071;34;yes;3;A11;0;cuisine. ghsl-ucdb. osm. wdpa. wikidata
Jamaica;Savanna-la-Mar;settlement;182.189;-781.332;26;yes;2;A11. A9;0;ghsl-ucdb. osm. wdpa
Jamaica;Ocho Rios;settlement;184.076;-771.031;24;no;;A11;0;cuisine. ghsl-ucdb. osm
Jamaica;Spanish Town;settlement;179.911;-769.574;19;no;;A11;0;cuisine. ghsl-ucdb. osm
Jamaica;Barrett Town;settlement;185.149;-778.018;17;no;;A11;0;cuisine. ghsl-ucdb. osm. wikidata
Jamaica;May Pen;settlement;179.645;-772.451;13;no;;A11;0;cuisine. ghsl-ucdb. osm
Jamaica;Old Harbour;settlement;179.414;-77.109;11;no;;;0;cuisine. ghsl-ucdb. osm. wdpa
Japan;Tokyo;settlement;356.895;1.396.917;100;yes;1;A12. A11;1;ghsl-ucdb. osm. unesco-whs. wdpa. wikidata
Japan;Nara-shi;settlement;34.685;1.358.048;97;yes;2;A11;1;cuisine. ghsl-ucdb. osm. unesco-whs. wikidata
Japan;Kyoto;settlement;350.211;1.357.538;94;no;;A12. A11;0;cuisine. ghsl-ucdb. osm. wikidata
Japan;Osaka;settlement;346.938;1.355.011;83;no;;A12. A11;0;cuisine. ghsl-ucdb. osm. wikidata
Japan;Naha;settlement;26.213;1.276.785;82;yes;3;A9. A11;1;cuisine. ghsl-ucdb. osm. unesco-whs. wdpa. wikidata
Japan;Shibetsu;settlement;43.659;145.132;79;yes;5;A11. A9;1;ghsl-ucdb. osm. unesco-whs. wdpa. wikidata
Japan;Takamatsu;settlement;343.333;134.05;78;yes;4;A10. A11;0;ghsl-ucdb. osm. wikidata
Japan;Noshiro;settlement;402.084;1.400.274;73;yes;8;A9. A11;1;ghsl-ucdb. osm. unesco-whs. wdpa. wikidata
Japan;Takatsuki;settlement;348.483;1.356.168;71;no;;A11;0;cuisine. ghsl-ucdb. osm. wdpa. wikidata
Japan;Jōyō;settlement;34.844;1.358.056;70;no;;A11;1;cuisine. ghsl-ucdb. osm. unesco-whs. wikidata
Japan;Ishigaki;settlement;243.448;1.241.572;70;yes;10;A11. A9;1;ghsl-ucdb. osm. unesco-whs. wdpa. wikidata
Japan;Kobe;settlement;346.913;135.183;69;no;;A11. A12;0;ghsl-ucdb. osm. wdpa. wikidata
Japan;Nagoya;settlement;351.815;1.369.064;68;yes;9;A12. A11;0;ghsl-ucdb. osm. wikidata
Japan;Yuzawa;settlement;391.667;140.5;67;yes;7;A11. A10. A9;0;ghsl-ucdb. osm. wdpa. wikidata
Japan;Nikkō;settlement;36.75;1.396.167;67;yes;12;A9. A11;1;ghsl-ucdb. osm. unesco-whs. wdpa. wikidata
Japan;Hiroshima;settlement;34.4;132.45;66;yes;6;A11. A12;1;ghsl-ucdb. osm. unesco-whs. wikidata
Japan;Kimokawa;settlement;348.797;135.367;65;no;;A11;0;cuisine. ghsl-ucdb. osm. wikidata
Japan;Fukuoka;settlement;33.6;1.304.167;65;yes;11;A11. A12;0;ghsl-ucdb. osm. wdpa. wikidata
Japan;Yakushima;site;30.315;1.305.086;65;yes;14;A9. A11;1;osm. unesco-whs. wdpa. wikidata
Japan;Yokohama;settlement;354.333;139.65;64;no;;A12. A11;0;ghsl-ucdb. osm. wikidata
Japan;Ichikawa;settlement;357.341;1.399.065;63;no;;A11;0;ghsl-ucdb. osm. wikidata
Japan;Sendai;settlement;382.667;1.408.667;63;yes;21;A11. A12;0;ghsl-ucdb. osm. wdpa. wikidata
Japan;Imabari;settlement;34.07;1.330.002;62;no;;A10. A11;0;ghsl-ucdb. osm. wdpa. wikidata
Japan;Matsuyama;settlement;338.392;1.327.657;62;no;;A10. A11;0;ghsl-ucdb. osm. wikidata
Japan;Hayama;settlement;352.765;1.395.773;62;no;;A11;0;ghsl-ucdb. osm. wikidata
Japan;Sapporo;settlement;430.667;141.35;61;yes;15;A11. A12;0;ghsl-ucdb. osm. wikidata
Japan;Hirakata;settlement;348.135;1.356.491;61;no;;A11;0;cuisine. ghsl-ucdb. osm. wikidata
Japan;Fuchū;settlement;356.745;1.394.822;60;no;;A11;0;ghsl-ucdb. osm. wdpa. wikidata
Japan;Kurashiki;settlement;345.833;1.337.667;60;no;;A11;0;ghsl-ucdb. osm. wikidata
Japan;Okayama;settlement;34.65;1.339.333;59;no;;A11;0;ghsl-ucdb. osm. wikidata
Japan;Saitama;settlement;359.081;1.396.566;59;no;;A12. A11;0;ghsl-ucdb. osm. wikidata
Japan;Akita;settlement;397.167;1.401.167;59;no;;A11;0;ghsl-ucdb. osm. wdpa. wikidata
Japan;Semboku;settlement;397.093;1.407.465;58;no;;A11. A9;0;ghsl-ucdb. osm. wdpa. wikidata
Japan;Matsue;settlement;354.833;133.05;58;yes;16;A11;0;ghsl-ucdb. osm. wdpa. wikidata
Japan;Hamamatsu;settlement;34.7;1.377.333;58;no;;A11;0;ghsl-ucdb. osm. wdpa
Japan;Nagano;settlement;36.65;1.381.833;57;yes;17;A11;0;ghsl-ucdb. osm. wdpa. wikidata
Japan;Niigata;settlement;379.226;1.390.412;57;yes;18;A11;0;ghsl-ucdb. osm. wdpa. wikidata
Japan;Kagoshima;settlement;315.667;130.55;57;yes;13;A11;1;ghsl-ucdb. osm. unesco-whs. wikidata
Japan;Kanazawa;settlement;36.6;1.366.167;57;yes;19;A11;0;ghsl-ucdb. osm. wikidata
Japan;Tokorozawa;settlement;357.992;139.469;57;no;;A11. A12;0;ghsl-ucdb. osm. wikidata
Japan;Iida;settlement;355.196;1.378.207;56;no;;A9. A11;0;ghsl-ucdb. osm. wdpa
Japan;Uonuma;settlement;372.449;1.389.623;56;no;;A11. A9;0;ghsl-ucdb. osm. wdpa. wikidata
Japan;Kashiba;settlement;345.347;1.357.092;56;no;;A11;1;cuisine. ghsl-ucdb. osm. unesco-whs. wikidata
Japan;Ōme;settlement;357.839;1.392.431;56;no;;A11;0;ghsl-ucdb. osm. wdpa. wikidata
Japan;Matsudo;settlement;357.799;1.399.014;55;no;;A11;0;ghsl-ucdb. osm. wikidata
Japan;Machida;settlement;355.403;1.394.508;55;no;;A11;0;ghsl-ucdb. osm. wikidata
Japan;Nakano;settlement;36.75;1.383.667;55;no;;A11. A9;0;ghsl-ucdb. osm. wdpa. wikidata
Japan;Kashihara-shi;settlement;34.509;1.357.929;55;no;;A11;0;cuisine. ghsl-ucdb. osm. wikidata
Japan;Nabari;settlement;346.167;1.360.833;55;no;;A11;0;cuisine. ghsl-ucdb. osm. wikidata
Japan;Kodaira;settlement;35.726;1.394.851;54;no;;A11;0;ghsl-ucdb. osm. wikidata
Japan;Kusatsu;settlement;350.167;1.359.667;54;no;;A11;0;cuisine. ghsl-ucdb. osm. wikidata
Japan;Izumi;settlement;344.833;1.354.333;54;no;;A11;1;ghsl-ucdb. osm. unesco-whs. wikidata
Japan;Fukui-shi;settlement;360.644;1.362.226;53;no;;A11;0;ghsl-ucdb. osm. wikidata
Japan;Marugame;settlement;342.833;1.337.833;53;no;;A10. A11;0;ghsl-ucdb. osm. wikidata
Japan;Shizuoka;settlement;349.833;1.383.833;53;yes;20;A11;1;ghsl-ucdb. osm. unesco-whs. wdpa. wikidata
Japan;Youkaichi;settlement;351.163;1.361.977;52;no;;A11;0;cuisine. ghsl-ucdb. osm. wikidata
Japan;Aomori;settlement;408.167;1.407.333;52;no;;A11;0;ghsl-ucdb. osm. wdpa. wikidata
Japan;Yokote;settlement;393.169;1.405.503;52;no;;A11;0;ghsl-ucdb. osm. wikidata
Japan;Kochi;settlement;33.55;1.335.333;52;no;;A10. A11;0;ghsl-ucdb. osm. wdpa. wikidata
Japan;Okazaki;settlement;34.95;1.371.667;51;no;;A11;0;ghsl-ucdb. osm. wikidata
Japan;Fujisawa;settlement;353.493;1.394.767;51;no;;A11;0;ghsl-ucdb. osm. wdpa. wikidata
Japan;Tondabayashichō;settlement;345.007;1.356.021;51;no;;A11;0;cuisine. ghsl-ucdb. osm. wikidata
Japan;Setouchi;settlement;346.592;1.341.424;50;no;;A11;0;ghsl-ucdb. osm. wikidata
Japan;Azumino;settlement;362.882;137.887;50;no;;A9. A11;0;ghsl-ucdb. osm. wdpa. wikidata
Japan;Nagahama;settlement;353.833;1.362.667;49;no;;A11;0;cuisine. ghsl-ucdb. osm. wikidata
Japan;Tokushima;settlement;340.667;1.345.667;49;no;;A10. A11;0;ghsl-ucdb. osm. wikidata
Japan;Okinawa;settlement;263.358;1.278.014;48;no;;A11;0;cuisine. ghsl-ucdb. osm. wikidata
Japan;Ichinoseki;settlement;389.167;1.411.333;48;no;;A11;1;ghsl-ucdb. osm. unesco-whs. wikidata
Japan;Katsuyama;settlement;360.617;136.501;48;no;;A11. A9;0;ghsl-ucdb. osm. wdpa. wikidata
Japan;Hachiōji;settlement;356.558;1.393.239;48;no;;A11. A12;0;ghsl-ucdb. osm. wikidata
Japan;Nagareyama;settlement;358.563;1.399.027;48;no;;A11;0;ghsl-ucdb. osm
Japan;Shizunai-furukawachō;settlement;423.339;1.423.669;47;yes;23;A11. A9;0;ghsl-ucdb. osm. wdpa
Japan;Hita;settlement;333.213;130.941;47;no;;A11;0;ghsl-ucdb. osm. wikidata
Japan;Asahikawa;settlement;437.706;1.423.649;47;no;;A11;0;ghsl-ucdb. osm. wikidata
Japan;Kosai;settlement;347.005;1.375.225;47;no;;A11;0;ghsl-ucdb. osm. wikidata
Japan;Saijō;settlement;339.167;1.331.833;47;no;;A10. A11;0;ghsl-ucdb. osm. wdpa. wikidata
Japan;Nagasaki;settlement;32.75;1.298.833;47;no;;A11;0;ghsl-ucdb. osm. wikidata
Japan;Tottori-shi;settlement;35.5;1.342.333;47;no;;A11;0;ghsl-ucdb. osm. wikidata
Japan;Hanawa;settlement;401.836;1.407.872;46;no;;A11. A9;0;ghsl-ucdb. osm. wdpa. wikidata
Japan;Kōnosu;settlement;360.687;1.395.168;46;no;;A11;0;ghsl-ucdb. osm. wikidata
Japan;Uki;settlement;326.222;1.306.618;46;no;;A11;0;ghsl-ucdb. osm. wdpa
Japan;Nagai;settlement;381.036;140.035;46;no;;A11. A9;0;ghsl-ucdb. osm. wdpa
Japan;Tokoname;settlement;348.833;136.85;45;no;;A11;0;ghsl-ucdb. osm. wikidata
Japan;Atsugi;settlement;354.427;1.393.693;45;no;;A11;0;ghsl-ucdb. osm. wikidata
Japan;Yamato;settlement;354.728;139.451;45;no;;A11;0;ghsl-ucdb. osm. wikidata
Japan;Shimo-furano;settlement;43.35;1.423.833;45;no;;A11. A9;0;ghsl-ucdb. osm. wdpa
Japan;Saga;settlement;332.333;130.3;45;no;;A11;0;ghsl-ucdb. osm. wikidata
Japan;Ueno-ebisumachi;settlement;347.586;1.361.311;45;no;;A11;0;cuisine. ghsl-ucdb. osm. wikidata
Japan;Kashiwara;settlement;34.45;1.357.667;45;no;;A11;1;cuisine. ghsl-ucdb. osm. unesco-whs. wdpa. wikidata
Japan;Toyokawa;settlement;348.167;137.4;45;no;;A11;0;ghsl-ucdb. osm
Japan;Ōmachi;settlement;36.5;1.378.667;45;no;;A11. A9;0;ghsl-ucdb. osm. wdpa. wikidata
Japan;Yanagawa;settlement;331.667;130.4;45;no;;A11;0;ghsl-ucdb. osm. wikidata
Japan;Kashiwa;settlement;358.622;1.399.773;45;no;;A11;0;ghsl-ucdb. osm
Japan;Hannō;settlement;358.519;1.393.181;44;no;;A11;0;ghsl-ucdb. osm. wikidata
Japan;Ōmagari;settlement;39.45;1.404.833;44;no;;A11;0;ghsl-ucdb. osm. wikidata
Japan;Takasaki;settlement;363.333;1.390.167;44;no;;A11;0;ghsl-ucdb. osm. wikidata
Japan;Mutsu;settlement;412.894;1.412.169;44;no;;A9. A11;0;ghsl-ucdb. osm. wdpa. wikidata
Japan;Toyooka;settlement;355.401;1.348.204;44;no;;A11;0;ghsl-ucdb. osm. wikidata
Japan;Susaki;settlement;333.947;1.332.913;44;yes;22;A10. A11;0;ghsl-ucdb. osm. wikidata
Japan;Suzuka;settlement;348.833;1.365.833;44;no;;A11;0;cuisine. ghsl-ucdb. osm. wikidata
Japan;Hamakita;settlement;34.8;1.377.833;43;no;;A11;0;ghsl-ucdb. osm. wikidata
Japan;Honchō;settlement;357.013;1.399.865;43;no;;A11;0;ghsl-ucdb. osm
Japan;Fukuyama;settlement;344.833;1.333.667;43;no;;A11;0;ghsl-ucdb. osm. wikidata
Japan;Seto;settlement;352.333;137.1;43;no;;A11;0;ghsl-ucdb. osm. wikidata
Japan;Morioka;settlement;39.7;141.15;43;no;;A11;0;ghsl-ucdb. osm. wikidata
Japan;Yomitan;settlement;264.017;127.745;43;no;;A11;0;cuisine. ghsl-ucdb. osm. wikidata
Japan;Kushiro;settlement;42.975;1.443.747;42;no;;A9. A11;0;ghsl-ucdb. osm. wdpa. wikidata
Japan;Hikone;settlement;35.25;136.25;42;no;;A11;0;cuisine. ghsl-ucdb. osm. wikidata
Japan;Toyama;settlement;36.7;1.372.167;42;no;;A11;0;ghsl-ucdb. osm. wikidata
Japan;Tsuyama;settlement;350.521;1.339.989;42;no;;A11;0;ghsl-ucdb. osm. wikidata
Japan;Hokuto;settlement;358.346;1.383.961;41;no;;A11;0;ghsl-ucdb. osm. wdpa. wikidata
Japan;Ōno-hara;settlement;342.833;1.322.667;41;no;;A11;1;ghsl-ucdb. osm. unesco-whs. wdpa. wikidata
Japan;Aihara;settlement;35.6;1.393.167;41;no;;A11;0;ghsl-ucdb. osm. wikidata
Japan;Tatebayashi;settlement;36.25;1.395.333;41;no;;A11;0;ghsl-ucdb. osm. wikidata
Japan;Kamojimachō-jōgejima;settlement;34.068;1.343.503;41;no;;A10. A11;0;ghsl-ucdb. osm. wikidata
Japan;Sakata;settlement;389.167;139.855;41;no;;A11;0;ghsl-ucdb. osm. wdpa. wikidata
Japan;Komagane;settlement;357.166;1.379.375;41;no;;A11. A9;0;ghsl-ucdb. osm. wdpa. wikidata
Japan;Yamanashi;settlement;356.715;1.386.983;41;no;;A11;0;ghsl-ucdb. osm. wikidata
Japan;Aizu-Wakamatsu;settlement;374.914;1.399.455;41;no;;A11;0;ghsl-ucdb. osm. wdpa. wikidata
Japan;Hakodate;settlement;417.758;1.407.367;41;no;;A11;0;ghsl-ucdb. osm. wikidata
Japan;Chikuma;settlement;365.271;1.380.894;40;no;;A11;0;ghsl-ucdb. osm
Japan;Anjō;settlement;349.583;1.370.805;40;no;;A11;0;ghsl-ucdb. osm. wikidata
Japan;Sonobe;settlement;334.238;1.304.992;40;no;;A11;0;ghsl-ucdb. osm. wikidata
Japan;Kitakyushu;settlement;338.518;1.308.503;40;no;;A11;0;ghsl-ucdb. osm. wdpa. wikidata
Japan;Ōdate;settlement;402.718;1.405.576;40;no;;A11;0;ghsl-ucdb. osm. wikidata
Japan;Kitakata;settlement;37.65;1.398.667;40;no;;A11. A9;0;ghsl-ucdb. osm. wdpa. wikidata
Japan;Mito;settlement;36.35;140.45;40;no;;A11;0;ghsl-ucdb. osm. wikidata
Japan;Tsurugashima;settlement;35.96;1.394.028;40;no;;A11;0;ghsl-ucdb. osm. wikidata
Japan;Hirosaki;settlement;405.931;1.404.725;40;no;;A11;0;ghsl-ucdb. osm. wikidata
Japan;Awara;settlement;362.231;1.361.924;39;no;;A11;0;ghsl-ucdb. osm
Japan;Tomioka;settlement;362.541;1.388.981;39;no;;A11;1;ghsl-ucdb. osm. unesco-whs. wikidata
Japan;Higashikagawa;settlement;342.102;1.343.365;39;no;;A10. A11;0;ghsl-ucdb. osm. wikidata
Japan;Yamagata;settlement;382.333;1.403.667;39;no;;A11;0;ghsl-ucdb. osm. wdpa. wikidata
Japan;Kariya;settlement;349.833;1.369.833;39;no;;A11;0;ghsl-ucdb. osm. wikidata
Japan;Miyazaki;settlement;319.167;1.314.167;39;no;;A11;0;ghsl-ucdb. osm. wikidata
Japan;Himeji;settlement;348.167;134.7;38;no;;A11;1;ghsl-ucdb. osm. unesco-whs. wikidata
Japan;Gifu;settlement;354.229;1.367.604;38;no;;A11;0;ghsl-ucdb. osm. wikidata
Japan;Kure;settlement;342.322;1.325.666;38;no;;A11;0;ghsl-ucdb. osm. wdpa
Japan;Tsu;settlement;347.333;1.365.167;38;no;;A11;0;cuisine. ghsl-ucdb. osm. wikidata
Japan;Wakkanai;settlement;454.094;1.416.739;38;no;;A11. A9;0;ghsl-ucdb. osm. wdpa
Japan;Takashima;settlement;354.135;1.360.161;38;no;;A11;0;cuisine. ghsl-ucdb. osm. wikidata
Japan;Yono;settlement;349.219;1.354.952;38;no;;A11;0;cuisine. ghsl-ucdb. osm. wikidata
Japan;Kōge;settlement;35.41;1.342.549;38;no;;A11;0;ghsl-ucdb. osm. wikidata
Japan;Shingū;settlement;337.333;1.359.833;38;no;;A10. A11;0;ghsl-ucdb. osm. wdpa. wikidata
Japan;Obama;settlement;354.958;135.746;37;no;;A11;0;cuisine. ghsl-ucdb. osm. wikidata
Japan;Nantan;settlement;351.098;1.354.916;37;no;;A11;0;cuisine. ghsl-ucdb. osm. wikidata
Japan;Kan’onjichō;settlement;341.276;133.646;37;no;;A10. A11;0;ghsl-ucdb. osm. wikidata
Japan;Bunkyo;settlement;355.331;1.394.217;37;no;;A11;0;ghsl-ucdb. osm. wikidata
Japan;Kakegawa;settlement;347.667;1.380.167;37;no;;A11;0;ghsl-ucdb. osm. wikidata
Japan;Toyota;settlement;350.833;137.15;37;no;;A11;0;ghsl-ucdb. osm. wikidata
Japan;Chiba;settlement;35.6;1.401.167;36;no;;A11. A12;0;ghsl-ucdb. osm. wikidata
Japan;Ise;settlement;344.833;136.7;36;no;;A11;0;ghsl-ucdb. osm. wikidata
Japan;Ōuda-yamaguchi;settlement;344.592;1.359.536;36;no;;A11;0;cuisine. ghsl-ucdb. osm. wdpa. wikidata
Japan;Goshogawara;settlement;408.044;1.404.414;36;no;;A11;0;ghsl-ucdb. osm. wikidata
Japan;Kakogawachō-honmachi;settlement;347.694;134.829;36;no;;A11;0;ghsl-ucdb. osm. wikidata
Japan;Ōita;settlement;332.333;131.6;36;no;;A11;0;ghsl-ucdb. osm. wikidata
Japan;Otaru;settlement;431.894;1.410.022;36;no;;A11;0;ghsl-ucdb. osm. wikidata
Japan;Motomachi;settlement;438.263;1.440.964;36;no;;A11. A9;0;ghsl-ucdb. osm. wdpa. wikidata
Japan;Itō;settlement;349.667;1.390.833;36;no;;A11;0;ghsl-ucdb. osm. wikidata
Japan;Ōta;settlement;36.3;1.393.667;36;no;;A11;0;ghsl-ucdb. osm. wikidata
Japan;Minami-Sōma;settlement;376.291;1.409.787;36;no;;A11;0;ghsl-ucdb. osm
Japan;Yabu;settlement;35.403;1.347.712;35;no;;A11;0;ghsl-ucdb. osm. wdpa. wikidata
Japan;Odawara;settlement;352.556;1.391.597;35;no;;A11;0;ghsl-ucdb. osm. wikidata
Japan;Kitami;settlement;438.031;1.438.908;35;no;;A11;0;ghsl-ucdb. osm
Japan;Hino;settlement;35;136.25;35;no;;A11;0;cuisine. ghsl-ucdb. osm. wdpa. wikidata
Japan;Ōmihachiman;settlement;351.286;1.360.976;35;no;;A11;0;cuisine. ghsl-ucdb. osm. wdpa. wikidata
Japan;Tatsuno;settlement;348.318;1.345.434;35;no;;A11;0;ghsl-ucdb. osm. wikidata
Japan;Sakaki;settlement;364.667;1.381.833;35;no;;A11;0;ghsl-ucdb. osm
Japan;Kuwana;settlement;350.519;1.366.696;35;no;;A11;0;cuisine. ghsl-ucdb. osm. wikidata
Japan;Nasushiobara;settlement;369.768;1.400.664;34;no;;A11;0;ghsl-ucdb. osm. wdpa. wikidata
Japan;Fukushima;settlement;37.75;1.404.667;34;no;;A11;0;ghsl-ucdb. osm
Japan;Minakuchichō-matoba;settlement;349.667;1.361.667;34;no;;A11;0;cuisine. ghsl-ucdb. osm. wikidata
Japan;Bizen;settlement;347.867;1.342.354;34;no;;A11;0;ghsl-ucdb. osm. wikidata
Japan;Matsushima;settlement;383.736;141.061;34;no;;A11;0;ghsl-ucdb. osm. wdpa. wikidata
Japan;Shimonoseki;settlement;339.555;1.309.371;34;no;;A11;0;ghsl-ucdb. osm. wikidata
Japan;Kuji;settlement;401.878;1.417.689;34;no;;A11;0;ghsl-ucdb. osm. wdpa. wikidata
Japan;Tome;settlement;387.088;1.411.558;34;no;;A11;0;ghsl-ucdb. osm. wikidata
Japan;Noda;settlement;35.949;1.398.679;34;no;;A11;0;ghsl-ucdb. osm. wikidata
Japan;Narita;settlement;357.833;1.403.167;34;no;;A11;0;ghsl-ucdb. osm. wikidata
Japan;Tanabe;settlement;337.333;1.353.667;34;no;;A11;1;ghsl-ucdb. osm. unesco-whs. wikidata
Japan;Kofu;settlement;356.667;1.385.667;33;no;;A11;0;ghsl-ucdb. osm. wikidata
Japan;Tamano;settlement;345.174;1.339.457;33;no;;A11;0;ghsl-ucdb. osm. wikidata
Japan;Anan;settlement;339.167;134.65;33;no;;A10. A11;0;ghsl-ucdb. osm. wikidata
Japan;Utsunomiya;settlement;365.667;1.398.833;33;no;;A11;0;ghsl-ucdb. osm
Japan;Tajimi;settlement;353.167;1.371.333;33;no;;A11;0;ghsl-ucdb. osm. wikidata
Japan;Kurihama;settlement;35.228;1.397.021;33;no;;A11;0;ghsl-ucdb. osm. wikidata
Japan;Kinokawa;settlement;342.697;1.354.104;32;no;;A11;0;ghsl-ucdb. osm. wikidata
Japan;Hashimoto;settlement;343.167;1.356.167;32;no;;A10. A11;0;ghsl-ucdb. osm. wdpa. wikidata
Japan;Gyōda;settlement;361.407;1.394.601;32;no;;A11;0;ghsl-ucdb. osm. wikidata
Japan;Sandachō;settlement;348.844;1.352.269;32;no;;A11;0;ghsl-ucdb. osm. wikidata
Japan;Shinshiro;settlement;34.9;137.5;32;no;;A11;0;ghsl-ucdb. osm. wdpa. wikidata
Japan;Maebashi;settlement;36.4;1.390.833;32;no;;A11;0;ghsl-ucdb. osm. wikidata
Japan;Takayama;settlement;361.333;137.25;32;no;;A11;0;ghsl-ucdb. osm. wdpa. wikidata
Japan;Kasumi;settlement;356.333;1.346.333;32;no;;A11;0;ghsl-ucdb. osm. wikidata
Japan;Ishinomaki;settlement;384.167;141.3;32;no;;A11;0;ghsl-ucdb. osm. wikidata
Japan;Takedamachi;settlement;329.667;131.4;32;no;;A11. A9;0;ghsl-ucdb. osm. wdpa. wikidata
Japan;Yonezawa;settlement;37.91;1.401.167;32;no;;A9. A11;0;ghsl-ucdb. osm. wdpa
Japan;Wakimachi;settlement;340.667;134.15;31;no;;A11. A10;0;ghsl-ucdb. osm. wikidata
Japan;Wakayama;settlement;342.333;1.351.667;31;no;;A11;0;ghsl-ucdb. osm. wikidata
Japan;Chūō;settlement;355.947;1.385.027;31;no;;A11;0;ghsl-ucdb. osm. wikidata
Japan;Minamirinkan;settlement;354.953;1.394.428;31;no;;A11;0;ghsl-ucdb. osm. wikidata
Japan;Kesennuma;settlement;389.011;1.415.775;31;no;;A9. A11;0;ghsl-ucdb. osm. wdpa
Japan;Muikamachi;settlement;370.667;1.388.833;31;no;;A11. A9;0;ghsl-ucdb. osm. wdpa. wikidata
Japan;Tsuha;settlement;266.575;1.280.941;31;no;;A11. A9;0;ghsl-ucdb. osm. wdpa. wikidata
Japan;Takanosu;settlement;402.227;1.403.661;31;no;;A11;0;ghsl-ucdb. osm. wikidata
Japan;Iga;settlement;34.758;1.361.347;31;no;;A11;0;cuisine. ghsl-ucdb. osm. wikidata
Japan;Susono;settlement;351.739;1.389.069;30;no;;A11;0;ghsl-ucdb. osm. wdpa. wikidata
Japan;Ono;settlement;359.811;1.364.873;30;no;;A11;0;ghsl-ucdb. osm
Japan;Tsuruoka;settlement;387.217;1.398.217;30;no;;A11;0;ghsl-ucdb. osm. wdpa. wikidata
Japan;Yotsutsuji;settlement;355.333;135.1;30;no;;A11;0;ghsl-ucdb. osm. wikidata
Japan;Toyohashi;settlement;347.667;1.373.833;30;no;;A11;0;ghsl-ucdb. osm
Japan;Miki;settlement;34.8;1.349.833;30;no;;A11;0;ghsl-ucdb. osm. wikidata
Japan;Kumamoto;settlement;328.059;1.306.918;30;no;;A11;0;ghsl-ucdb. osm. wdpa. wikidata
Japan;Sakaidechō;settlement;343.228;1.338.356;30;no;;A10. A11;0;ghsl-ucdb. osm. wdpa. wikidata
Japan;Katagami;settlement;398.787;1.399.977;29;no;;A11;0;ghsl-ucdb. osm. wikidata
Japan;Nago;settlement;26.615;1.279.854;29;no;;A11;0;ghsl-ucdb. osm. wdpa. wikidata
Japan;Chichibu;settlement;359.903;1.390.764;29;no;;A11;0;ghsl-ucdb. osm. wdpa. wikidata
Japan;Kita-Akita;settlement;401.996;1.403.939;29;no;;A11;0;ghsl-ucdb. osm. wikidata
Japan;Ogasawara Islands;site;24.235;1.414.625;29;no;;A9;1;unesco-whs. wikidata
Japan;Minakami;settlement;366.882;1.389.863;29;no;;;0;ghsl-ucdb. osm. wdpa. wikidata
Japan;Onomichi;settlement;344.167;133.2;29;no;;A11;0;ghsl-ucdb. osm. wikidata
Japan;Hadano;settlement;353.711;1.392.236;29;no;;A11;0;ghsl-ucdb. osm. wikidata
Japan;Arai;settlement;370.006;1.382.259;29;no;;A9;0;ghsl-ucdb. osm. wdpa
Japan;Moriyama;settlement;350.667;1.359.833;28;no;;A11;0;cuisine. ghsl-ucdb. osm. wikidata
Japan;Murata;settlement;381.186;1.407.243;28;no;;A11;0;ghsl-ucdb. osm. wdpa. wikidata
Japan;Fujikawaguchiko;settlement;354.893;1.386.883;28;no;;A11;0;ghsl-ucdb. osm. wdpa. wikidata
Japan;Yachiyo;settlement;357.353;1.401.244;28;no;;A11;0;ghsl-ucdb. osm
Japan;Honchō;settlement;418.944;1.406.939;28;no;;A11;0;ghsl-ucdb. osm. wdpa. wikidata
Japan;Amami;settlement;283.769;1.294.938;28;no;;A11;0;ghsl-ucdb. osm
Japan;Nakanojō;settlement;365.872;1.388.408;28;no;;A11. A9;0;ghsl-ucdb. osm. wdpa. wikidata
Japan;Asakuchi;settlement;345.348;133.603;28;no;;A11;0;ghsl-ucdb. osm. wikidata
Japan;Masuda;settlement;346.667;131.85;28;no;;A11;0;ghsl-ucdb. osm. wikidata
Japan;Shioiri;settlement;341.561;1.338.515;28;no;;A11. A10;0;ghsl-ucdb. osm. wikidata
Japan;Unnan;settlement;352.431;1.328.999;28;no;;A11;0;ghsl-ucdb. osm. wdpa
Japan;Shimo-tsuma;settlement;361.833;1.399.667;28;no;;A11;0;ghsl-ucdb. osm. wdpa
Japan;Uwajima;settlement;332.238;132.56;28;no;;A10. A11;0;ghsl-ucdb. osm. wikidata
Japan;Yurihonjō;settlement;393.895;1.400.581;27;no;;A11;0;ghsl-ucdb. osm. wikidata
Japan;Konan;settlement;349.992;1.360.967;27;no;;A11;0;cuisine. ghsl-ucdb. osm. wikidata
Japan;Kōriyama;settlement;37.4;1.403.833;27;no;;A11;0;ghsl-ucdb. osm. wdpa
Japan;Iwaki;settlement;37.05;1.408.833;27;no;;A11;0;ghsl-ucdb. osm. wikidata
Japan;Iwanuma;settlement;381.047;1.408.594;27;no;;A11;0;ghsl-ucdb. osm. wikidata
Japan;Numazu;settlement;35.1;1.388.667;27;no;;A11;0;ghsl-ucdb. osm. wikidata
Japan;Isehara;settlement;353.993;1.393.102;27;no;;A11;0;ghsl-ucdb. osm. wikidata
Japan;Tsugaru;settlement;408.036;140.403;27;no;;A11;0;ghsl-ucdb. osm. wdpa. wikidata
Japan;Mobara;settlement;354.258;1.402.961;27;no;;A11;0;ghsl-ucdb. osm. wikidata
Japan;Haibara-akanedai;settlement;345.333;135.95;27;no;;A11;0;cuisine. ghsl-ucdb. osm. wikidata
Japan;Shimoda;settlement;346.765;1.389.446;26;no;;A11;0;ghsl-ucdb. osm. wdpa. wikidata
Japan;Matsumoto;settlement;362.333;1.379.667;26;no;;A11;0;ghsl-ucdb. osm. wdpa. wikidata
Japan;Koga;settlement;361.833;1.397.167;26;no;;A11;0;ghsl-ucdb. osm. wikidata
Japan;Miyazu;settlement;355.364;1.351.993;26;no;;A11;0;ghsl-ucdb. osm. wdpa. wikidata
Japan;Sabae;settlement;359.465;136.185;26;no;;A11;0;ghsl-ucdb. osm
Japan;Sakura;settlement;357.167;1.402.333;26;no;;A11;0;ghsl-ucdb. osm
Japan;Nagaoka;settlement;37.45;138.85;26;no;;A11;0;ghsl-ucdb. osm. wikidata
Japan;Shiraoi;settlement;42.55;141.35;26;no;;A11. A9;0;ghsl-ucdb. osm. wdpa
Japan;Tomakomai;settlement;426.369;1.416.033;26;no;;A11;0;ghsl-ucdb. osm. wdpa
Japan;Ushitsu;settlement;373.079;1.371.522;26;no;;A11;0;ghsl-ucdb. osm. wikidata
Japan;Hachinohe;settlement;40.5;141.5;26;no;;A11;0;ghsl-ucdb. osm. wdpa. wikidata
Japan;Nakatsugawa;settlement;354.833;137.5;26;no;;A10. A11;0;ghsl-ucdb. osm. wdpa. wikidata
Japan;Mikuni;settlement;362.149;1.361.483;26;no;;A11;0;ghsl-ucdb. osm. wikidata
Japan;Kawachi-Nagano;settlement;344.411;1.355.828;26;no;;A11;0;ghsl-ucdb. osm. wikidata
Japan;Sasebo;settlement;331.683;129.725;26;no;;A11;0;ghsl-ucdb. osm. wikidata
Japan;Kisarazu;settlement;353.833;1.399.325;26;no;;A11;0;ghsl-ucdb. osm
Japan;Fujiyoshida;settlement;354.403;1.387.959;26;no;;A11;0;ghsl-ucdb. osm. wdpa. wikidata
Japan;Hida;settlement;362.448;1.371.732;25;no;;;1;ghsl-ucdb. osm. unesco-whs. wikidata
Japan;Hayashino;settlement;35;134.15;25;no;;A11;0;ghsl-ucdb. osm. wikidata
Japan;Makubetsu;settlement;453.714;1.418.211;25;no;;A11;0;ghsl-ucdb. osm. wdpa. wikidata
Japan;Nikaho;settlement;392.708;1.399.395;25;no;;A11;0;ghsl-ucdb. osm. wdpa. wikidata
Japan;Yokkaichi;settlement;349.667;1.366.167;25;no;;A11;0;cuisine. ghsl-ucdb. osm. wikidata
Japan;Kaizu;settlement;352.017;1.366.351;25;no;;A11;0;cuisine. ghsl-ucdb. osm. wikidata
Japan;Fusō;settlement;353.578;1.369.098;25;no;;A11;0;ghsl-ucdb. osm. wikidata
Japan;Naka-niida;settlement;385.686;1.408.536;25;no;;A11;0;ghsl-ucdb. osm. wikidata
Japan;Suibara;settlement;378.461;1.392.304;25;no;;A11;0;ghsl-ucdb. osm. wikidata
Japan;Kameyama;settlement;34.85;136.45;25;no;;A11;0;cuisine. ghsl-ucdb. osm. wikidata
Japan;Gotemba;settlement;353.186;1.389.434;25;no;;A11;0;ghsl-ucdb. osm. wikidata
Japan;Higashihiroshima;settlement;344.086;1.327.368;25;no;;A11;0;ghsl-ucdb. osm
Japan;Handa;settlement;348.833;1.369.333;25;no;;A11;0;ghsl-ucdb. osm. wikidata
Japan;Mikuriya;settlement;355.124;1.334.974;25;no;;A11. A9;0;ghsl-ucdb. osm. wdpa. wikidata
Japan;Shimabara;settlement;327.833;1.303.667;25;no;;A11;0;ghsl-ucdb. osm. wikidata
Japan;Gero;settlement;35.8;1.372.333;24;no;;A11;0;ghsl-ucdb. osm. wdpa. wikidata
Japan;Wajima;settlement;374.046;1.368.991;24;no;;A11;0;ghsl-ucdb. osm. wikidata
Japan;Tsurugi-asahimachi;settlement;36.45;1.366.333;24;no;;A11;0;ghsl-ucdb. osm. wdpa
Japan;Kitahama;settlement;351.667;1.359.167;24;no;;A11;0;cuisine. ghsl-ucdb. osm. wikidata
Japan;Kishiwada;settlement;344.667;1.353.667;24;no;;A11;0;ghsl-ucdb. osm. wikidata
Japan;Takaoka;settlement;36.75;1.370.167;24;no;;A11;0;ghsl-ucdb. osm. wikidata
Japan;Ina;settlement;358.276;1.379.538;24;no;;A11;0;ghsl-ucdb. osm. wikidata
Japan;Sado;settlement;38.025;1.383.593;24;no;;A11;1;ghsl-ucdb. osm. unesco-whs. wikidata
Japan;Muroran;settlement;423.172;1.409.881;24;no;;A11;0;ghsl-ucdb. osm
Japan;Owase;settlement;340.667;136.2;23;no;;A11;0;ghsl-ucdb. osm. wdpa. wikidata
Japan;Mori;settlement;348.333;1.379.333;23;no;;A11;0;ghsl-ucdb. osm. wdpa. wikidata
Japan;Miyaodai;settlement;338.466;1.307.128;23;no;;A11;0;ghsl-ucdb. osm. wikidata
Japan;Arita;settlement;331.833;129.9;23;no;;A11;0;ghsl-ucdb. osm. wikidata
Japan;Yawatahama;settlement;334.574;1.324.328;23;no;;A11;0;ghsl-ucdb. osm
Japan;Tōon;settlement;337.943;1.328.901;23;no;;A10. A11;0;ghsl-ucdb. osm. wikidata
Japan;Yanai;settlement;339.667;1.321.167;23;no;;A11;0;ghsl-ucdb. osm
Japan;Tōno;settlement;393.167;1.415.333;23;no;;A9;0;ghsl-ucdb. osm. wdpa. wikidata
Japan;Yugawara;settlement;35.15;1.390.667;23;no;;A11;0;ghsl-ucdb. osm. wdpa. wikidata
Japan;Niihama;settlement;339.605;1.333.052;23;no;;A10. A11;0;ghsl-ucdb. osm. wikidata
Japan;Tatsuno;settlement;359.843;1.379.972;23;no;;A11;0;ghsl-ucdb. osm. wikidata
Japan;Nihommatsu;settlement;375.833;1.404.333;23;no;;A11;0;ghsl-ucdb. osm. wikidata
Japan;Takahashi;settlement;347.833;1.336.167;23;no;;A11;0;ghsl-ucdb. osm. wikidata
Japan;Daisen;settlement;394.412;1.404.896;23;no;;A11;0;ghsl-ucdb. osm. wikidata
Japan;Minamiarupusu;settlement;356.086;1.384.647;23;no;;A9;0;ghsl-ucdb. osm. wdpa. wikidata
Japan;Ninohe;settlement;402.908;1.413.133;23;no;;A11;1;ghsl-ucdb. osm. unesco-whs. wikidata
Japan;Karatsu;settlement;334.425;1.299.697;23;no;;A11;0;ghsl-ucdb. osm. wikidata
Japan;Hidaka;settlement;359.166;1.393.623;23;no;;A11;0;ghsl-ucdb. osm. wikidata
Japan;Kiryū;settlement;36.4;1.393.333;23;no;;A11;0;ghsl-ucdb. osm. wikidata
Japan;Saku;settlement;362.167;1.384.833;23;no;;A11;0;ghsl-ucdb. osm
Japan;Nomimachi;settlement;364.097;1.364.847;23;no;;A11;0;ghsl-ucdb. osm
Japan;Chino;settlement;359.944;1.381.543;22;no;;A11;0;ghsl-ucdb. osm. wdpa. wikidata
Japan;Iwamizawa;settlement;432.003;1.417.597;22;no;;A11;0;ghsl-ucdb. osm
Japan;Nichinan;settlement;31.6;1.313.667;22;no;;A11;0;ghsl-ucdb. osm
Japan;Rittō;settlement;350.275;1.359.997;22;no;;A11;0;cuisine. ghsl-ucdb. osm. wikidata
Japan;Tarumizu;settlement;314.833;130.7;22;no;;A9;0;ghsl-ucdb. osm. wdpa
Japan;Chikugo;settlement;332.054;1.304.918;22;no;;A11;0;ghsl-ucdb. osm. wikidata
Japan;Tōkamachi;settlement;371.333;1.387.667;22;no;;A11;0;ghsl-ucdb. osm. wikidata
Japan;Sawara;settlement;358.833;140.5;22;no;;A11;0;ghsl-ucdb. osm. wikidata
Japan;Hiratsuka;settlement;353.278;1.393.373;22;no;;A11;0;ghsl-ucdb. osm. wikidata
Japan;Ikeno;settlement;354.333;1.365.833;22;no;;A11;0;ghsl-ucdb. osm. wikidata
Japan;Kōka;settlement;349.802;1.361.575;22;no;;A11;0;cuisine. ghsl-ucdb. osm. wikidata
Japan;Karuizawa;settlement;36.35;1.386.333;22;no;;A11;0;ghsl-ucdb. osm. wdpa. wikidata
Japan;Kyōtango;settlement;356.062;1.350.443;22;no;;A11;0;ghsl-ucdb. osm. wikidata
Japan;Takefu;settlement;359.039;1.361.669;22;no;;A11;0;ghsl-ucdb. osm
Japan;Uruma;settlement;263.761;1.278.591;22;no;;A11;0;cuisine. ghsl-ucdb. osm. wikidata
Japan;Ōmura;settlement;329.214;1.299.539;22;no;;A11;0;ghsl-ucdb. osm. wdpa. wikidata
Japan;Kurihara;settlement;38.75;141;22;no;;A11;0;ghsl-ucdb. osm. wdpa. wikidata
Japan;Otofuke;settlement;429.917;1.432.003;21;no;;A11;0;ghsl-ucdb. osm. wdpa
Japan;Sobue;settlement;35.25;1.367.167;21;no;;A11;0;ghsl-ucdb. osm. wikidata
Japan;Ōdachō-ōda;settlement;351.902;1.325.085;21;no;;A11;1;ghsl-ucdb. osm. unesco-whs. wikidata
Japan;Kōshū;settlement;357.242;1.387.711;21;no;;;0;ghsl-ucdb. osm. wdpa. wikidata
Japan;Yamaguchi;settlement;341.833;1.314.667;21;no;;A11;0;ghsl-ucdb. osm. wdpa. wikidata
Japan;Fukutsu;settlement;33.783;1.304.911;21;no;;A11;1;ghsl-ucdb. osm. unesco-whs. wikidata
Japan;Mitoyo;settlement;342.105;1.336.746;21;no;;A10. A11;0;ghsl-ucdb. osm. wikidata
Japan;Fukuroi;settlement;34.75;1.379.167;21;no;;A11;0;ghsl-ucdb. osm
Japan;Kamogatachō-kamogata;settlement;345.374;1.335.897;21;no;;A11;0;ghsl-ucdb. osm. wikidata
Japan;Tamba-Sasayama;settlement;350.732;1.352.178;21;no;;A11;0;ghsl-ucdb. osm. wikidata
Japan;Higashi-Matsuyama;settlement;360.333;1.394.167;21;no;;A11;0;ghsl-ucdb. osm. wikidata
Japan;Wadayama;settlement;353.167;1.348.667;21;no;;A11;0;ghsl-ucdb. osm. wikidata
Japan;Kobayashi;settlement;319.833;1.309.833;21;no;;;0;ghsl-ucdb. osm. wdpa
Japan;Hitoyoshi;settlement;322.167;130.75;21;no;;A11;0;ghsl-ucdb. osm. wdpa. wikidata
Japan;Kurume;settlement;333.167;1.305.167;21;no;;A11;0;ghsl-ucdb. osm. wikidata
Japan;Suwa;settlement;36.038;1.381.131;21;no;;A11;0;ghsl-ucdb. osm. wikidata
Japan;Tochio-honchō;settlement;374.764;1.389.951;20;no;;A11;0;ghsl-ucdb. osm. wdpa. wikidata
Japan;Kurayoshi;settlement;354.333;1.338.167;20;no;;A11;0;ghsl-ucdb. osm
Japan;Date;settlement;424.681;1.408.681;20;no;;A11;0;ghsl-ucdb. osm. wdpa. wikidata
Japan;Ōkawara;settlement;38.05;1.407.336;20;no;;A11;0;ghsl-ucdb. osm. wdpa. wikidata
Japan;Kikugawa;settlement;347.029;1.381.198;20;no;;A11;0;ghsl-ucdb. osm. wdpa
Japan;Kariya;settlement;347.514;1.343.873;20;no;;A11;0;ghsl-ucdb. osm. wikidata
Japan;Tainai;settlement;380.646;1.394.056;20;no;;A11;0;ghsl-ucdb. osm. wdpa
Japan;Chigasaki;settlement;353.364;1.394.043;20;no;;A11;0;ghsl-ucdb. osm. wikidata
Japan;Innoshima;settlement;342.833;1.331.833;20;no;;A11;0;ghsl-ucdb. osm. wikidata
Japan;Miyako;settlement;396.469;1.419.406;20;no;;A11;0;ghsl-ucdb. osm. wdpa. wikidata
Japan;Tamana;settlement;329.472;1.305.745;20;no;;A11;0;ghsl-ucdb. osm. wdpa. wikidata
Japan;Abashiri;settlement;440.213;1.442.697;20;no;;A11;0;ghsl-ucdb. osm. wdpa. wikidata
Japan;Shinagawa;settlement;336.363;1.330.057;20;no;;A10. A9;0;ghsl-ucdb. osm. wdpa. wikidata
Japan;Nishiwaki;settlement;349.842;1.349.741;20;no;;A11;0;ghsl-ucdb. osm
Japan;Fujinomiya;settlement;352.167;1.386.167;20;no;;A11;0;ghsl-ucdb. osm. wikidata
Japan;Itoigawa;settlement;370.333;137.85;20;no;;A11;0;ghsl-ucdb. osm. wdpa
Japan;Kaga;settlement;36.3;1.363.333;20;no;;A11;0;ghsl-ucdb. osm
Japan;Hagi;settlement;34.4;1.314.167;20;no;;A11;0;ghsl-ucdb. osm. wikidata
Japan;Iizuka;settlement;336.365;1.306.868;19;no;;A11;0;ghsl-ucdb. osm. wikidata
Japan;Sagamihara;settlement;355.671;1.392.417;19;no;;A11;0;ghsl-ucdb. osm. wdpa. wikidata
Japan;Enzan;settlement;35.7;1.387.333;19;no;;A11;0;ghsl-ucdb. osm. wikidata
Japan;Inabe;settlement;351.134;136.572;19;no;;A11;0;cuisine. ghsl-ucdb. osm. wikidata
Japan;Komatsu;settlement;364.026;1.364.509;19;no;;A11;0;ghsl-ucdb. osm
Japan;Saikai;settlement;329.839;1.296.809;19;no;;A11;0;ghsl-ucdb. osm. wikidata
Japan;Honmachi;settlement;325.044;1.305.995;19;no;;A11;0;ghsl-ucdb. osm. wikidata
Japan;Kitahiroshima;settlement;429.758;1.415.672;19;no;;A11;0;ghsl-ucdb. osm
Japan;Yakumo;settlement;422.539;1.402.692;19;no;;A11. A9;0;ghsl-ucdb. osm. wdpa
Japan;Hondomachi-hondo;settlement;324.599;1.301.671;19;no;;A11;0;ghsl-ucdb. osm. wdpa. wikidata
Japan;Chitose;settlement;428.194;1.416.522;19;no;;A11;0;ghsl-ucdb. osm
Japan;Akaiwa;settlement;348.099;1.340.215;19;no;;A11;0;ghsl-ucdb. osm. wikidata
Japan;Narutochō-mitsuishi;settlement;341.993;1.346.093;19;no;;A10. A11;0;ghsl-ucdb. osm. wikidata
Japan;Memuro-minami;settlement;429.072;1.430.365;19;no;;A11. A9;0;ghsl-ucdb. osm. wdpa. wikidata
Japan;Satte;settlement;360.725;1.397.261;19;no;;A11;0;ghsl-ucdb. osm. wikidata
Japan;Ikedachō;settlement;340.285;1.338.062;19;no;;A10. A11;0;ghsl-ucdb. osm. wikidata
Japan;Ishige;settlement;361.167;1.399.667;18;no;;A11;0;ghsl-ucdb. osm
Japan;Honjō;settlement;362.378;1.391.902;18;no;;A11;0;ghsl-ucdb. osm. wikidata
Japan;Hirakawa;settlement;405.873;1.405.711;18;no;;A11;0;ghsl-ucdb. osm. wikidata
Japan;Ushibukamachi;settlement;322.014;1.300.217;18;no;;A11;1;ghsl-ucdb. osm. unesco-whs. wdpa. wikidata
Japan;Miyakonojō;settlement;317.333;1.310.667;18;no;;A11;0;ghsl-ucdb. osm
Japan;Tateyama;settlement;349.833;1.398.667;18;no;;A11;0;ghsl-ucdb. osm. wikidata
Japan;Midori;settlement;364.449;1.392.845;18;no;;A11;0;ghsl-ucdb. osm. wikidata
Japan;Isesaki;settlement;363.167;139.2;18;no;;A11;0;ghsl-ucdb. osm. wikidata
Japan;Kasaoka;settlement;34.506;1.335.039;18;no;;A11;0;ghsl-ucdb. osm. wikidata
Japan;Aizu-misato Machi;settlement;374.086;1.398.132;18;no;;A11;0;ghsl-ucdb. osm. wdpa. wikidata
Japan;Kimitsu;settlement;353.504;1.398.703;18;no;;A11;0;ghsl-ucdb. osm
Japan;Hanyū;settlement;361.667;1.395.333;18;no;;A11;0;ghsl-ucdb. osm. wikidata
Japan;Moritake;settlement;400.967;1.400.773;18;no;;A11;0;ghsl-ucdb. osm. wikidata
Japan;Takeo;settlement;331.901;1.300.208;18;no;;A11;0;ghsl-ucdb. osm. wikidata
Japan;Shiojiri;settlement;36.1;1.379.667;18;no;;A11;0;ghsl-ucdb. osm. wdpa
Japan;Tsukuba;settlement;360.833;1.401.167;18;no;;A11;0;ghsl-ucdb. osm
Japan;Amamigunto;site;277.729;1.292.243;18;no;;A9. A11;0;osm. wdpa. wikidata
Japan;Yasu;settlement;351.005;1.360.178;18;no;;;0;cuisine. ghsl-ucdb. osm. wikidata
Japan;Gojō;settlement;34.35;135.7;17;no;;;0;ghsl-ucdb. osm. wdpa. wikidata
Japan;Mashiko;settlement;364.667;140.1;17;no;;A11;0;ghsl-ucdb. osm
Japan;Niimi;settlement;349.833;1.334.667;17;no;;A11;0;ghsl-ucdb. osm. wdpa. wikidata
Japan;Ogi;settlement;332.803;130.195;17;no;;A11;0;ghsl-ucdb. osm. wikidata
Japan;Towada;settlement;406.205;1.412.107;17;no;;A11;0;ghsl-ucdb. osm. wdpa. wikidata
Japan;Shizukuishi;settlement;396.941;1.409.844;17;no;;A11;0;ghsl-ucdb. osm. wdpa
Japan;Fukuchiyama;settlement;35.3;1.351.167;17;no;;A11;0;ghsl-ucdb. osm. wikidata
Japan;Kamo;settlement;376.644;139.035;17;no;;A11;0;ghsl-ucdb. osm. wikidata
Japan;Sekimachi;settlement;354.833;1.369.167;17;no;;A11;0;ghsl-ucdb. osm. wikidata
Japan;Rumoi;settlement;439.344;1.416.428;17;no;;A11;0;ghsl-ucdb. osm
Japan;Minamiashigara;settlement;353.195;1.391.096;17;no;;A11;0;ghsl-ucdb. osm. wikidata
Japan;Saiki;settlement;32.95;131.9;17;no;;A11;0;ghsl-ucdb. osm
Japan;Nishinoomote;settlement;307.333;131;17;no;;A11;0;ghsl-ucdb. osm
Japan;Sodegaura;settlement;354.137;1.400.214;17;no;;A12;0;ghsl-ucdb. osm. wikidata
Japan;Atami;settlement;350.883;1.390.532;17;no;;A11;0;ghsl-ucdb. osm. wikidata
Japan;Katori-shi;settlement;358.977;1.404.994;17;no;;A11;0;ghsl-ucdb. osm
Japan;Kirishima;settlement;317.409;1.307.629;17;no;;A11;0;ghsl-ucdb. osm. wikidata
Japan;Naze;settlement;283.667;1.294.833;17;no;;A9;0;ghsl-ucdb. osm. wdpa. wikidata
Japan;Izumo;settlement;353.667;1.327.667;16;no;;A11;0;ghsl-ucdb. osm. wikidata
Japan;Ōgaki;settlement;35.35;1.366.167;16;no;;A11;0;ghsl-ucdb. osm. wikidata
Japan;Tsuruga;settlement;35.653;1.360.633;16;no;;A11;0;ghsl-ucdb. osm. wikidata
Japan;Kutchan;settlement;429.011;1.407.406;16;no;;A11;0;ghsl-ucdb. osm
Japan;Kamogawa;settlement;350.969;1.401.003;16;no;;A11;0;ghsl-ucdb. osm. wdpa
Japan;Tochigi;settlement;363.833;1.397.333;16;no;;A11;0;ghsl-ucdb. osm
Japan;Maki;settlement;37.75;1.388.833;16;no;;A11;0;ghsl-ucdb. osm. wdpa. wikidata
Japan;Numata;settlement;366.333;139.05;16;no;;A11;0;ghsl-ucdb. osm. wdpa. wikidata
Japan;Ena;settlement;354.472;1.373.833;16;no;;A11;0;ghsl-ucdb. osm. wikidata
Japan;Umeki;settlement;316.667;1.303.833;16;no;;A11;0;ghsl-ucdb. osm
Japan;Yonago;settlement;354.333;1.333.333;16;no;;A11;0;ghsl-ucdb. osm. wikidata
Japan;Muroto-misakicho;settlement;332.866;1.341.683;16;no;;A10;0;ghsl-ucdb. osm. wikidata
Japan;Kakuda;settlement;379.745;140.772;16;no;;A11;0;ghsl-ucdb. osm. wikidata
Japan;Ogawamachi;settlement;360.534;1.392.661;16;no;;A11;0;ghsl-ucdb. osm. wikidata
Japan;Kaizuka;settlement;34.45;135.35;16;no;;A11;0;ghsl-ucdb. osm. wikidata
Japan;Matsusaka;settlement;345.789;1.365.371;16;no;;A11;0;ghsl-ucdb. osm. wikidata
Japan;Iwakuni;settlement;34.163;132.22;16;no;;A11;0;ghsl-ucdb. osm. wikidata
Japan;Yoichi;settlement;432.039;1.407.703;16;no;;A11. A9;0;ghsl-ucdb. osm. wdpa
Japan;Kashiwazaki;settlement;373.667;138.55;16;no;;A11;0;ghsl-ucdb. osm. wdpa. wikidata
Japan;Kuroiso;settlement;369.667;140.05;16;no;;A11;0;ghsl-ucdb. osm. wdpa
Japan;Gujō;settlement;357.369;1.369.585;16;no;;;0;ghsl-ucdb. osm. wikidata
Japan;Sendai;settlement;318.167;130.3;16;no;;A11;0;ghsl-ucdb. osm. wikidata
Japan;Mizusawa;settlement;391.333;1.411.333;16;no;;;0;ghsl-ucdb. osm. wdpa
Japan;Nayoro;settlement;443.506;1.424.578;15;no;;A11;0;ghsl-ucdb. osm. wdpa
Japan;Hizume;settlement;39.55;1.411.667;15;no;;A11. A9;0;ghsl-ucdb. osm. wdpa
Japan;Anamizu;settlement;372.333;136.9;15;no;;A11;0;ghsl-ucdb. osm. wikidata
Japan;Takinomiya;settlement;342.464;133.923;15;no;;A11. A10;0;ghsl-ucdb. osm. wikidata
Japan;Inuyama;settlement;35.38;1.369.429;15;no;;A11;0;ghsl-ucdb. osm. wikidata
Japan;Kajiki;settlement;317.333;1.306.667;15;no;;A11;0;ghsl-ucdb. osm
Japan;Iwade;settlement;34.25;1.353.167;15;no;;A11;0;ghsl-ucdb. osm. wikidata
Japan;Maebaru-chūō;settlement;335.592;1.302.015;15;no;;A11;0;ghsl-ucdb. osm. wikidata
Japan;Itoshima;settlement;335.423;1.301.842;15;no;;A11;0;ghsl-ucdb. osm. wikidata
Japan;Uwa;settlement;333.645;1.325.127;15;no;;A10;0;ghsl-ucdb. osm. wikidata
Japan;Minamishimabara;settlement;326.733;1.302.675;15;no;;A11;0;ghsl-ucdb. osm. wikidata
Japan;Kuroishi;settlement;406.458;1.405.835;15;no;;A11;0;ghsl-ucdb. osm. wdpa. wikidata
Japan;Eniwa;settlement;428.936;141.576;15;no;;A9. A11;0;ghsl-ucdb. osm. wdpa
Japan;Komoro;settlement;363.167;1.384.333;15;no;;A11;0;ghsl-ucdb. osm. wikidata
Japan;Ōmuta;settlement;330.333;130.45;15;no;;A11;0;ghsl-ucdb. osm. wikidata
Japan;Imaichi;settlement;367.167;1.396.833;15;no;;A11;0;ghsl-ucdb. osm. wikidata
Japan;Fuji;settlement;351.667;1.386.833;15;no;;A11;0;ghsl-ucdb. osm. wikidata
Japan;Kanoya;settlement;313.833;130.85;15;no;;A11;0;ghsl-ucdb. osm
Japan;Sanjō;settlement;376.167;138.95;15;no;;A11;0;ghsl-ucdb. osm. wikidata
Japan;Amakusa;settlement;324.586;1.301.931;15;no;;A11;0;ghsl-ucdb. osm. wdpa. wikidata
Japan;Kamisu;settlement;358.969;1.406.667;15;no;;A11;0;ghsl-ucdb. osm
Japan;Nanao;settlement;370.482;136.968;15;no;;A11;0;ghsl-ucdb. osm. wikidata
Japan;Murayama;settlement;384.697;1.404.144;15;no;;;0;ghsl-ucdb. osm. wdpa. wikidata
Japan;Ogasawara;site;265.874;1.415.761;15;no;;A9;0;wdpa. wikidata
Japan;Gamagōri;settlement;348.333;1.372.333;15;no;;A11;0;ghsl-ucdb. osm
Japan;Kani;settlement;354.044;1.370.559;15;no;;A11;0;ghsl-ucdb. osm. wikidata
Japan;Kitakami;settlement;392.833;1.411.167;15;no;;A11;0;ghsl-ucdb. osm
Japan;Yasugichō;settlement;354.215;1.332.422;15;no;;A11;0;ghsl-ucdb. osm. wdpa. wikidata
Japan;Sano;settlement;363.167;1.395.833;15;no;;A11;0;ghsl-ucdb. osm. wikidata
Japan;Takehara;settlement;343.383;1.329.167;15;no;;A11;0;ghsl-ucdb. osm. wikidata
Japan;Hirado;settlement;333.685;1.295.525;15;no;;A11;0;ghsl-ucdb. osm. wikidata
Japan;Nobeoka;settlement;325.833;1.316.667;15;no;;A11;0;ghsl-ucdb. osm
Japan;Hakui;settlement;368.833;1.367.833;15;no;;A11;0;ghsl-ucdb. osm. wikidata
Japan;Hirara;settlement;248.038;1.253.022;15;no;;;0;ghsl-ucdb. osm. wdpa
Japan;Izumisano;settlement;344.167;1.353.167;15;no;;A11;0;ghsl-ucdb. osm. wikidata
Japan;Kurono;settlement;354.667;1.366.333;15;no;;A11;0;ghsl-ucdb. osm. wikidata
Japan;Ogasawarashoto;site;259.731;1.415.609;15;no;;A9;0;wdpa
Japan;Izu-Ogasawara Trench;site;315.538;142.628;15;no;;A9;0;wdpa
Japan;Nishi-Shichito Ridge;site;30;1.388.504;15;no;;A9;0;wdpa
Japan;Northern part of Naka Mariana Ridge and West Mariana Ridge;site;225.886;1.418.694;15;no;;A9;0;wdpa
Japan;Northern part of Mariana Trench;site;242.101;1.439.703;15;no;;A9;0;wdpa
Japan;Shikokuchūō;settlement;339.754;1.335.489;14;no;;A10. A11;0;ghsl-ucdb. osm. wikidata
Japan;Tosayamadachō-nakano;settlement;33.6;1.336.833;14;no;;A11. A10;0;ghsl-ucdb. osm. wikidata
Japan;Shibata;settlement;37.95;1.393.333;14;no;;A11;0;ghsl-ucdb. osm. wdpa. wikidata
Japan;Nirasaki;settlement;35.7;138.45;14;no;;A11;0;ghsl-ucdb. osm. wdpa. wikidata
Japan;Toba;settlement;344.833;1.368.419;14;no;;A11;0;ghsl-ucdb. osm. wikidata
Japan;Nanto;settlement;365.127;1.368.935;14;no;;A11;0;ghsl-ucdb. osm
Japan;Nagato;settlement;343.833;131.2;14;no;;;0;ghsl-ucdb. osm. wdpa. wikidata
Japan;Matsubase;settlement;32.65;1.306.667;14;no;;A11;0;ghsl-ucdb. osm
Japan;Takikawa;settlement;435.528;1.419.064;14;no;;A11;0;ghsl-ucdb. osm
Japan;Ishiki;settlement;34.8;1.370.167;14;no;;A11;0;ghsl-ucdb. osm. wikidata
Japan;Furukawa;settlement;362.333;1.371.833;14;no;;A11;0;ghsl-ucdb. osm. wikidata
Japan;Kushimoto;settlement;334.684;1.357.791;14;no;;A11;0;ghsl-ucdb. osm. wikidata
Japan;Sōma;settlement;377.928;1.409.294;14;no;;A11;0;ghsl-ucdb. osm. wikidata
Japan;Awaji;settlement;344.777;1.349.307;14;no;;A11;0;ghsl-ucdb. osm. wikidata
Japan;Ushiku;settlement;359.667;1.401.333;14;no;;A11;0;ghsl-ucdb. osm
Japan;Kanaishima;settlement;353.441;1.391.175;14;no;;A11;0;ghsl-ucdb. osm. wdpa. wikidata
Japan;Yufu;settlement;331.956;1.313.783;14;no;;A11;0;ghsl-ucdb. osm. wdpa
Japan;Izumi;settlement;320.833;1.303.667;14;no;;A11;0;ghsl-ucdb. osm
Japan;Gōtsuchō;settlement;350.086;1.322.257;14;no;;A11;0;ghsl-ucdb. osm
Japan;Yaizu;settlement;348.688;1.383.195;14;no;;A11;0;ghsl-ucdb. osm
Japan;Sanmu;settlement;356.276;1.404.176;14;no;;A11;0;ghsl-ucdb. osm
Japan;Shima;settlement;343.333;1.368.333;14;no;;A11;0;ghsl-ucdb. osm. wikidata
Japan;Aki;settlement;33.5;133.9;14;no;;A11. A10;0;ghsl-ucdb. osm. wikidata
Japan;Mine;settlement;341.868;1.312.162;13;no;;;0;ghsl-ucdb. osm. wdpa. wikidata
Japan;Miyoshi;settlement;34.8;132.85;13;no;;A11;0;ghsl-ucdb. osm
Japan;Bibai;settlement;433.247;1.418.586;13;no;;A11;0;ghsl-ucdb. osm
Japan;Iiyama;settlement;36.85;1.383.667;13;no;;A11;0;ghsl-ucdb. osm
Japan;Ogawa;settlement;36.75;1.401.333;13;no;;A11;0;ghsl-ucdb. osm
Japan;Maizuru;settlement;35.45;1.353.333;13;no;;A11;0;ghsl-ucdb. osm. wikidata
Japan;Kurobe-shi;settlement;369.012;1.374.495;13;no;;A11;0;ghsl-ucdb. osm. wikidata
Japan;Higashigō;settlement;331.908;130.138;13;no;;A11;0;ghsl-ucdb. osm. wikidata
Japan;Shimada;settlement;348.167;1.381.833;13;no;;A11;0;ghsl-ucdb. osm
Japan;Hiratachō;settlement;354.333;1.328.167;13;no;;A11;0;ghsl-ucdb. osm
Japan;Onoda;settlement;340.014;1.311.836;13;no;;A11;0;ghsl-ucdb. osm. wikidata
Japan;Kamiichi;settlement;36.7;1.373.667;13;no;;A11;0;ghsl-ucdb. osm. wdpa. wikidata
Japan;Nyūzen;settlement;369.374;1.375.006;13;no;;A11;0;ghsl-ucdb. osm. wdpa
Japan;Hiji;settlement;333.708;1.315.302;13;no;;A11;0;ghsl-ucdb. osm. wikidata
Japan;Ibara;settlement;34.6;1.334.667;13;no;;A11;0;ghsl-ucdb. osm. wikidata
Japan;Kōshi;settlement;328.927;1.307.757;13;no;;A11;0;ghsl-ucdb. osm. wikidata
Japan;Kamaishi;settlement;392.769;141.868;13;no;;A11;0;ghsl-ucdb. osm
Japan;Mishima;settlement;351.167;1.389.167;13;no;;A11;0;ghsl-ucdb. osm. wikidata
Japan;Okaya;settlement;360.566;1.380.451;13;no;;A12;0;ghsl-ucdb. osm. wikidata
Japan;Tsuchiura;settlement;360.905;1.402.105;13;no;;;0;ghsl-ucdb. osm. wdpa
Japan;Tendō;settlement;383.536;1.403.697;13;no;;A11;0;ghsl-ucdb. osm. wikidata
Japan;Kanzakimachi-kanzaki;settlement;33.309;1.303.738;13;no;;A11;0;ghsl-ucdb. osm. wikidata
Japan;Oyama;settlement;36.3;139.8;12;no;;A11;0;ghsl-ucdb. osm
Japan;Tonami;settlement;366.205;1.369.432;12;no;;A11;0;ghsl-ucdb. osm
Japan;Hashima;settlement;35.329;1.366.805;12;no;;A11;0;ghsl-ucdb. osm. wikidata
Japan;Maniwa;settlement;351.064;1.337.201;12;no;;A11;0;ghsl-ucdb. osm. wikidata
Japan;Minamikyushu;settlement;313.469;1.304.561;12;no;;A11;0;ghsl-ucdb. osm
Japan;Oga;settlement;39.871;1.398.493;12;no;;A11;0;ghsl-ucdb. osm. wikidata
Japan;Uenohara;settlement;356.167;1.391.167;12;no;;A11;0;ghsl-ucdb. osm. wikidata
Japan;Shinjō;settlement;387.586;1.403.008;12;no;;A11;0;ghsl-ucdb. osm. wdpa. wikidata
Japan;Taku;settlement;332.771;1.301.093;12;no;;A11;0;ghsl-ucdb. osm. wikidata
Japan;Engaru;settlement;440.481;1.435.455;12;no;;A11;0;ghsl-ucdb. osm
Japan;Mitsukaidō;settlement;360.167;1.399.833;12;no;;A11;0;ghsl-ucdb. osm
Japan;Menuma;settlement;362.225;139.382;12;no;;A11;0;ghsl-ucdb. osm. wikidata
Japan;Saikū;settlement;345.333;1.366.333;12;no;;A11;0;ghsl-ucdb. osm. wikidata
Japan;Nakatsu;settlement;335.981;1.311.883;12;no;;;0;ghsl-ucdb. osm. wikidata
Japan;Hachimantai;settlement;398.998;1.411.299;12;no;;A11;0;ghsl-ucdb. osm. wdpa. wikidata
Japan;Fuchūchō;settlement;345.735;1.332.351;12;no;;A11;0;ghsl-ucdb. osm. wikidata
Japan;Unzen;settlement;327.711;1.302.484;12;no;;;0;ghsl-ucdb. osm. wdpa. wikidata
Japan;Kami;settlement;335.294;1.307.648;12;no;;;0;ghsl-ucdb. osm. wdpa. wikidata
Japan;Shirone;settlement;377.635;139.022;12;no;;A11;0;ghsl-ucdb. osm. wikidata
Japan;Sakaiminato;settlement;355.377;1.332.309;12;no;;A11;0;ghsl-ucdb. osm
Japan;Obihiro;settlement;429.172;1.432.044;12;no;;A11;0;ghsl-ucdb. osm
Japan;Makurazaki;settlement;312.667;1.303.167;12;no;;A11;0;ghsl-ucdb. osm. wdpa
Japan;Wakuya;settlement;385.446;1.411.346;12;no;;A11;0;ghsl-ucdb. osm. wdpa. wikidata
Japan;Kazo;settlement;361.167;139.6;12;no;;A11;0;ghsl-ucdb. osm. wikidata
Japan;Hekinan;settlement;348.833;1.369.833;12;no;;A11;0;ghsl-ucdb. osm. wikidata
Japan;Kaseda-shirakame;settlement;314.167;1.303.167;12;no;;A11;0;ghsl-ucdb. osm
Japan;Namie;settlement;374.833;141;12;no;;A11;0;ghsl-ucdb. osm
Japan;Yatsuomachi-higashikumisaka;settlement;365.667;1.371.333;11;no;;;0;ghsl-ucdb. osm. wdpa
Japan;Ōhara;settlement;352.476;1.403.929;11;no;;;0;ghsl-ucdb. osm. wdpa
Japan;Noboribetsu;settlement;424.522;1.411.791;11;no;;A11;0;ghsl-ucdb. osm
Japan;Sarubetsu;settlement;428.724;1.433.376;11;no;;A11;0;ghsl-ucdb. osm
Japan;Ibusuki;settlement;312.333;130.65;11;no;;A11;0;ghsl-ucdb. osm
Japan;Ōarai;settlement;363.141;1.405.839;11;no;;A11;0;ghsl-ucdb. osm
Japan;Asahi;settlement;357.167;140.65;11;no;;A11;0;ghsl-ucdb. osm
Japan;Kushikino;settlement;317.167;1.302.667;11;no;;A11;0;ghsl-ucdb. osm. wikidata
Japan;Awa;settlement;340.921;1.342.845;11;no;;A10. A11;0;ghsl-ucdb. osm. wikidata
Japan;Hōfu;settlement;34.05;1.315.667;11;no;;A11;0;ghsl-ucdb. osm. wikidata
Japan;Ōsaki;settlement;385.887;140.973;11;no;;A11;0;ghsl-ucdb. osm. wikidata
Japan;Ibi;settlement;354.833;1.365.667;11;no;;A11;0;ghsl-ucdb. osm. wikidata
Japan;Tōgane;settlement;35.55;1.403.667;11;no;;A11;0;ghsl-ucdb. osm
Japan;Kitaibaraki;settlement;367.867;140.749;11;no;;A11;0;ghsl-ucdb. osm
Japan;Bange;settlement;375.644;1.398.218;11;no;;A11;0;ghsl-ucdb. osm
Japan;Imarichō-kō;settlement;332.736;1.298.788;11;no;;;0;ghsl-ucdb. osm. wikidata
Japan;Yamaga;settlement;330.167;1.306.891;11;no;;;0;ghsl-ucdb. osm. wikidata
Japan;Nemuro;settlement;433.236;145.575;11;no;;A11;0;ghsl-ucdb. osm. wdpa. wikidata
Japan;Sukumo;settlement;329.333;1.327.333;11;no;;A11. A10;0;ghsl-ucdb. osm. wikidata
Japan;Fujioka;settlement;36.25;139.65;11;no;;A11;0;ghsl-ucdb. osm. wdpa. wikidata
Japan;Watari;settlement;38.035;1.408.511;11;no;;A11;0;ghsl-ucdb. osm. wikidata
Japan;Hitachi;settlement;36.6;140.65;11;no;;A11;0;ghsl-ucdb. osm
Japan;Ōtawara;settlement;368.667;1.400.333;11;no;;A11;0;ghsl-ucdb. osm
Japan;Nishifukuma;settlement;337.663;1.304.746;11;no;;A11;0;ghsl-ucdb. osm. wikidata
Japan;Ureshinomachi-shimojuku;settlement;331.136;1.300.029;11;no;;A11;0;ghsl-ucdb. osm. wikidata
Japan;Kumano;settlement;339.039;1.361.221;11;no;;;0;ghsl-ucdb. osm. wdpa. wikidata
Japan;Matsuzaki;settlement;354.667;133.9;11;no;;A11;0;ghsl-ucdb. osm. wikidata
Japan;Yoshioka;settlement;384.414;1.408.764;11;no;;A11;0;ghsl-ucdb. osm. wikidata
Japan;Sunagawa;settlement;434.864;1.419.056;11;no;;A11;0;ghsl-ucdb. osm
Japan;Ijūin;settlement;316.167;130.4;11;no;;A11;0;ghsl-ucdb. osm
Japan;Nakashibetsu;settlement;435.485;1.449.718;10;no;;A11;0;ghsl-ucdb. osm. wdpa. wikidata
Japan;Arao;settlement;329.789;1.304.457;10;no;;;0;ghsl-ucdb. osm. wikidata
Japan;Kashima;settlement;331.061;1.300.906;10;no;;;0;ghsl-ucdb. osm. wikidata
Japan;Uchiko;settlement;335.499;1.326.471;10;no;;A12;0;ghsl-ucdb. osm
Japan;Iijima;settlement;36.09;1.363.599;10;no;;A11;0;ghsl-ucdb. osm. wikidata
Japan;Rikuzen-Takata;settlement;390.203;1.416.542;10;no;;A11;0;ghsl-ucdb. osm. wikidata
Japan;Ueda;settlement;364.027;1.382.816;10;no;;A11;0;ghsl-ucdb. osm. wikidata
Japan;Kamimaruko;settlement;363.186;1.382.733;10;no;;A11;0;ghsl-ucdb. osm. wikidata
Japan;Asakura;settlement;334.144;1.307.188;10;no;;;0;ghsl-ucdb. osm. wdpa. wikidata
Japan;Ryōtsu-minato;settlement;380.782;1.384.394;10;no;;;0;ghsl-ucdb. osm. wdpa
Japan;Shuzenji;settlement;349.701;1.389.219;10;no;;;0;ghsl-ucdb. osm. wdpa. wikidata
Japan;Minokamo;settlement;35.482;1.370.217;10;no;;A11;0;ghsl-ucdb. osm. wdpa. wikidata
Japan;Tsuru;settlement;355.473;1.389.096;10;no;;;0;ghsl-ucdb. osm. wikidata
Japan;Iki;settlement;337.829;1.297.209;10;no;;A11;0;ghsl-ucdb. osm. wikidata
Japan;Inzai;settlement;358.348;1.401.636;10;no;;A11;0;ghsl-ucdb. osm
Japan;Echizen;settlement;358.857;1.361.707;10;no;;A11;0;ghsl-ucdb. osm
Japan;Sasayama;settlement;350.667;1.352.167;10;no;;A11;0;ghsl-ucdb. osm. wikidata
Jersey;Saint Helier;settlement;49.188;-21.049;100;yes;1;A11;0;ghsl-ucdb. osm
Jordan;Mādabā;settlement;31.716;357.939;100;yes;1;A9;1;cuisine. ghsl-ucdb. unesco-whs. wdpa. wikidata
Jordan;Aqaba;settlement;295.267;350.078;93;yes;2;A9;3;ghsl-ucdb. unesco-whs. wikidata
Jordan;Aţ Ţafīlah;settlement;308.375;356.044;76;yes;3;A9;0;cuisine. ghsl-ucdb. wdpa. wikidata
Jordan;Safi;settlement;310.361;354.654;73;no;;;0;cuisine. ghsl-ucdb. wdpa. wikidata
Jordan;Karak City;settlement;311.637;35.762;73;no;;A12;0;cuisine. ghsl-ucdb. wikidata
Jordan;‘Izrā;settlement;311.589;356.928;72;no;;A12;0;cuisine. ghsl-ucdb
Jordan;Qīr Moāv;settlement;311.825;35.7;72;no;;A12;0;cuisine. ghsl-ucdb
Jordan;As Salţ;settlement;320.392;357.272;63;no;;;1;cuisine. ghsl-ucdb. unesco-whs. wikidata
Jordan;Mafraq;settlement;323.429;36.208;63;no;;;1;cuisine. ghsl-ucdb. unesco-whs. wikidata
Jordan;Az̧ Z̧ulayl;settlement;321.208;362.801;63;no;;;1;cuisine. ghsl-ucdb. unesco-whs. wikidata
Jordan;Ma'an;settlement;301.962;357.341;63;yes;5;;1;cuisine. ghsl-ucdb. unesco-whs. wikidata
Jordan;Kurayyimah;settlement;322.764;355.994;38;no;;;0;cuisine. ghsl-ucdb. wdpa
Jordan;Jarash;settlement;322.808;358.993;38;no;;A12;0;cuisine. ghsl-ucdb. wikidata
Jordan;Judita;settlement;324.079;35.708;38;no;;A12;0;cuisine. ghsl-ucdb. wikidata
Jordan;Amman;settlement;319.552;35.945;37;no;;A12;0;cuisine. ghsl-ucdb
Jordan;Zarqa;settlement;320.727;36.088;37;no;;A12;0;cuisine. ghsl-ucdb
Jordan;Ar Ramthā;settlement;325.587;360.082;37;yes;4;A12;0;cuisine. ghsl-ucdb
Jordan;‘Ajlūn;settlement;323.333;357.528;37;no;;A12;0;cuisine. ghsl-ucdb
Jordan;Irbid;settlement;325.556;35.85;17;no;;A12;0;ghsl-ucdb. wikidata
Kazakhstan;Turkistan;settlement;432.946;682.569;100;yes;1;A10. A9;1;cuisine. ghsl-ucdb. unesco-whs. wdpa. wikidata
Kazakhstan;Saryarka – Steppe and Lakes of Northern Kazakhstan;site;504.333;691.889;90;yes;3;A9;1;cuisine. unesco-whs. wdpa. wikidata
Kazakhstan;Lenger;settlement;421.815;698.858;84;no;;A11. A9;1;ghsl-ucdb. osm. unesco-whs. wdpa
Kazakhstan;Saryaghash;settlement;414.604;691.679;84;yes;2;A11;0;ghsl-ucdb. osm
Kazakhstan;Taraz;settlement;42.898;713.733;67;yes;5;A10. A9. A11;0;ghsl-ucdb. osm. wdpa. wikidata
Kazakhstan;Petroglyphs of the Archaeological Landscape of Tanbaly;site;438.033;75.535;59;yes;4;;1;unesco-whs. wikidata
Kazakhstan;Naurzum State Nature Reserve;site;51.54;64.236;58;yes;7;A9;0;cuisine. wdpa. wikidata
Kazakhstan;Karkaraly State National Nature Park;site;49.261;758.482;58;yes;11;A9;0;cuisine. wdpa
Kazakhstan;Shelek;settlement;435.962;782.575;56;yes;10;A9;1;ghsl-ucdb. unesco-whs
Kazakhstan;Talghar;settlement;433.023;772.381;55;no;;A9;0;ghsl-ucdb. wdpa. wikidata
Kazakhstan;Zhanaozen;settlement;433.412;528.619;49;yes;6;;1;ghsl-ucdb. unesco-whs
Kazakhstan;Turar Ryskulov;settlement;425.334;703.496;43;no;;A9;0;ghsl-ucdb. wdpa. wikidata
Kazakhstan;Markakol State Nature Reserve;site;488.278;857.697;42;yes;13;A9;0;wdpa
Kazakhstan;Bayanayl State National Nature Park;site;505.781;755.482;42;yes;23;A9;0;wdpa
Kazakhstan;Petropavl;settlement;548.734;691.506;40;yes;16;;0;ghsl-ucdb. wdpa
Kazakhstan;Arys;settlement;424.301;688.087;40;no;;;0;ghsl-ucdb. wdpa
Kazakhstan;Q57315182;site;491.606;792.417;40;yes;9;A10;0;wikidata
Kazakhstan;Kentau;settlement;435.167;685.046;38;no;;A9;0;cuisine. ghsl-ucdb. wdpa. wikidata
Kazakhstan;"State National Nature Park ""Altyn-Yemel""";site;441.173;786.671;34;no;;A9;0;wdpa. wikidata
Kazakhstan;Shchuchinsk;settlement;529.359;70.189;33;no;;A9;0;cuisine. ghsl-ucdb. wdpa
Kazakhstan;"State National Nature Park ""Kokshetau""";site;531.754;684.821;33;no;;A9;0;cuisine. wdpa
Kazakhstan;"State National Nature Park ""Buiratau""";site;514.217;730.813;33;yes;21;A9;0;cuisine. wdpa
Kazakhstan;Makinsk;settlement;526.329;704.191;32;no;;;0;cuisine. ghsl-ucdb. wdpa
Kazakhstan;Almaty;settlement;432.525;769.115;30;no;;A12;0;ghsl-ucdb. wikidata
Kazakhstan;Sarqant;settlement;454.132;799.171;30;yes;15;A9;0;ghsl-ucdb. wdpa. wikidata
Kazakhstan;Ustyurt State Nature Reserve;site;429.799;545.789;30;no;;A9;0;wdpa. wikidata
Kazakhstan;Ridder;settlement;503.452;835.156;28;yes;17;A9;0;ghsl-ucdb. wdpa
Kazakhstan;Maqanshy;settlement;467.817;820.226;28;yes;20;A9;0;ghsl-ucdb. wdpa
Kazakhstan;Barsakelmes State Nature Reserve;site;456.408;599.649;28;yes;18;A9;0;wdpa
Kazakhstan;Alakol State Nature Reserve;site;462.993;81.389;28;no;;A9;0;wdpa
Kazakhstan;Charyn State National Nature Park;site;435.046;791.724;28;no;;A9;0;wdpa
Kazakhstan;Katon-Karagay State National Nature Park;site;49.358;861.158;28;no;;A9;0;wdpa
Kazakhstan;"State National Nature Park ""Kolday koldery""";site;42.962;779.929;28;no;;A9;0;wdpa
Kazakhstan;Q16581518;site;538.595;688.868;25;no;;A10;0;wdpa. wikidata
Kazakhstan;Kyzylorda;settlement;448.528;655.092;22;yes;24;;0;cuisine. ghsl-ucdb. wdpa
Kazakhstan;Karatau;settlement;431.796;704.592;22;no;;;0;cuisine. ghsl-ucdb. wdpa
Kazakhstan;Atbasar;settlement;518.085;683.582;22;no;;;0;cuisine. ghsl-ucdb. wdpa
Kazakhstan;Shiyeli;settlement;441.706;667.338;22;no;;;0;cuisine. ghsl-ucdb. wdpa
Kazakhstan;Merke;settlement;428.718;731.965;20;no;;A12;0;ghsl-ucdb. osm. wikidata
Kazakhstan;Aksu;settlement;424.219;698.271;20;no;;A10;0;ghsl-ucdb. wikidata
Kazakhstan;Astana;settlement;511.801;71.446;17;no;;A12;0;cuisine. ghsl-ucdb
Kazakhstan;Karagandy;settlement;498.019;731.021;17;yes;8;A12;0;cuisine. ghsl-ucdb
Kazakhstan;Temirtau;settlement;50.052;72.955;17;no;;A12;0;cuisine. ghsl-ucdb
Kazakhstan;Kokshetau;settlement;532.841;693.936;17;yes;12;A12;0;cuisine. ghsl-ucdb
Kazakhstan;Zhezqazghan;settlement;477.941;677.063;17;yes;14;A12;0;cuisine. ghsl-ucdb
Kazakhstan;Balqash;settlement;468.455;749.821;17;yes;19;A12;0;cuisine. ghsl-ucdb
Kazakhstan;Baikonur;settlement;456.167;633.167;17;yes;22;A12;0;cuisine. ghsl-ucdb
Kazakhstan;Satpayev;settlement;479.041;675.411;17;no;;A12;0;cuisine. ghsl-ucdb
Kazakhstan;Stepnogorsk;settlement;523.506;718.816;17;no;;A12;0;cuisine. ghsl-ucdb
Kazakhstan;Saran;settlement;498.025;728.319;17;no;;A12;0;cuisine. ghsl-ucdb
Kazakhstan;Arkalyk;settlement;502.503;669.038;17;no;;A12;0;cuisine. ghsl-ucdb
Kazakhstan;Shakhtinsk;settlement;497.071;725.932;17;no;;A12;0;cuisine. ghsl-ucdb
Kazakhstan;Zhetysay;settlement;407.763;683.277;17;no;;A12;0;cuisine. ghsl-ucdb
Kazakhstan;Novokazalinsk;settlement;458.481;621.525;17;no;;A12;0;cuisine. ghsl-ucdb
Kazakhstan;Abay;settlement;496.354;728.652;17;no;;A12;0;cuisine. ghsl-ucdb
Kazakhstan;Zhangatas;settlement;435.627;697.321;17;no;;A12;0;cuisine. ghsl-ucdb
Kazakhstan;Aral;settlement;468.017;616.631;17;yes;25;A12;0;cuisine. ghsl-ucdb
Kazakhstan;Shardara;settlement;412.583;679.699;17;no;;A12;0;cuisine. ghsl-ucdb
Kazakhstan;Abay;settlement;413.468;689.504;17;no;;A12;0;cuisine. ghsl-ucdb
Kazakhstan;Zhangaqorghan;settlement;439.065;672.464;17;no;;A12;0;cuisine. ghsl-ucdb
Kazakhstan;Zhosaly;settlement;454.878;640.781;17;no;;A12;0;cuisine. ghsl-ucdb
Kazakhstan;Akkol’;settlement;532.962;69.6;17;no;;A12;0;cuisine. ghsl-ucdb
Kazakhstan;Pavlodar;settlement;52.276;769.688;14;no;;;0;ghsl-ucdb. wdpa
Kazakhstan;Altay;settlement;497.363;842.542;14;no;;;0;ghsl-ucdb. wdpa
Kazakhstan;Zhitikara;settlement;521.902;611.989;14;no;;;0;ghsl-ucdb. wdpa
Kazakhstan;Aqsay;settlement;511.681;529.978;14;no;;;0;ghsl-ucdb. wdpa
Kazakhstan;Esik;settlement;433.552;774.524;14;no;;;0;ghsl-ucdb. wdpa
Kazakhstan;Mangistau;settlement;436.909;513.224;14;no;;;0;ghsl-ucdb. wdpa
Kazakhstan;Zaysan;settlement;474.666;848.714;14;no;;;0;ghsl-ucdb. wdpa
Kenya;Nakuru;settlement;-0.3072;360.722;100;yes;1;A9. A11;1;ghsl-ucdb. osm. unesco-whs. wdpa. wikidata
Kenya;Nairobi;settlement;-12.833;368.167;91;yes;3;A12. A11;0;ghsl-ucdb. osm. wikidata
Kenya;Mombasa;settlement;-40.547;396.636;88;yes;9;A11. A12;1;ghsl-ucdb. osm. unesco-whs. wikidata
Kenya;Watamu;settlement;-33.533;400.209;84;yes;2;;1;ghsl-ucdb. osm. unesco-whs. wikidata
Kenya;Awendo;settlement;-0.9071;34.529;73;yes;4;;1;ghsl-ucdb. osm. unesco-whs. wikidata
Kenya;Lake Turkana National Parks;site;26.325;365.947;72;yes;5;A9;1;osm. unesco-whs. wdpa. wikidata
Kenya;Kilifi;settlement;-36.305;398.499;72;no;;;1;ghsl-ucdb. osm. unesco-whs. wikidata
Kenya;Kisumu;settlement;-0.1022;347.617;72;no;;A11;0;ghsl-ucdb. osm. wikidata
Kenya;Isiolo;settlement;0.3546;375.822;66;yes;6;A9. A11;0;ghsl-ucdb. osm. wdpa
Kenya;Bondo;settlement;-0.0962;342.732;61;no;;A11;0;ghsl-ucdb. osm. wikidata
Kenya;Lamu;settlement;-22.717;40.902;61;yes;7;;1;ghsl-ucdb. osm. unesco-whs
Kenya;Kakuma;settlement;37.136;348.572;58;yes;10;A11;0;ghsl-ucdb. osm
Kenya;Muhoroni;settlement;-0.1582;351.964;52;yes;16;A11;0;ghsl-ucdb. osm
Kenya;Nanyuki;settlement;0.0062;37.074;50;no;;A9. A11;1;ghsl-ucdb. osm. unesco-whs. wikidata
Kenya;Nyahururu;settlement;0.0381;363.634;49;no;;A9;0;ghsl-ucdb. osm. wdpa. wikidata
Kenya;South Turkana;site;18.261;357.345;48;yes;13;A9. A11;0;osm. wdpa
Kenya;Malka Mari;site;41.701;405.846;44;yes;12;A9;0;wdpa
Kenya;Mbale;settlement;0.0821;347.214;43;no;;A11;0;ghsl-ucdb. osm. wikidata
Kenya;Naivasha;settlement;-0.7138;364.326;42;no;;A9. A11;0;ghsl-ucdb. osm. wdpa. wikidata
Kenya;Lodwar;settlement;31.199;355.964;41;yes;17;A11;0;ghsl-ucdb. osm
Kenya;Nyamira;settlement;-0.5633;349.358;40;no;;A11;0;ghsl-ucdb. osm
Kenya;Oyugis;settlement;-0.5097;347.307;39;no;;A11;0;ghsl-ucdb. osm. wikidata
Kenya;Ukunda;settlement;-42.929;39.564;37;no;;A9. A11;0;ghsl-ucdb. osm. wdpa
Kenya;Awendo;settlement;-0.5;34.4;32;no;;A9;0;ghsl-ucdb. osm. wdpa. wikidata
Kenya;Tetu;settlement;-0.4342;369.168;26;no;;A11. A9;0;ghsl-ucdb. osm. wdpa. wikidata
Kenya;Maua;settlement;0.2332;379.409;26;no;;A9;0;ghsl-ucdb. osm. wdpa. wikidata
Kenya;Tsavo East;site;-28.357;387.057;26;yes;19;A9;0;wdpa. wikidata
Kenya;Sibiloi;site;39.607;363.657;26;no;;A9;0;wdpa. wikidata
Kenya;Chuka;settlement;-0.3332;376.459;25;no;;A9;0;ghsl-ucdb. osm. wdpa
Kenya;Nyeri;settlement;-0.4201;369.476;25;yes;11;;0;ghsl-ucdb. osm. wikidata
Kenya;Mlolongo;settlement;-13.964;369.403;25;no;;A9. A11;0;ghsl-ucdb. osm. wdpa
Kenya;Kakamega;settlement;0.2842;347.523;24;no;;A12;0;ghsl-ucdb. osm. wikidata
Kenya;Mumias;settlement;0.3347;34.488;24;yes;8;;0;ghsl-ucdb. osm. wikidata
Kenya;Makindu;settlement;-22.781;378.187;24;no;;A9;0;ghsl-ucdb. osm. wdpa
Kenya;Kiserian;settlement;-14.275;366.865;23;no;;A11;0;ghsl-ucdb. osm. wikidata
Kenya;Mai;settlement;-0.9817;365.864;23;no;;A9;0;ghsl-ucdb. osm. wdpa
Kenya;Voi;settlement;-3.396;385.561;23;no;;A9;0;ghsl-ucdb. osm. wdpa
Kenya;Kimilili;settlement;0.7877;347.156;23;no;;A9;0;ghsl-ucdb. osm. wdpa
Kenya;Kora;site;-0.2445;387.607;23;no;;A9;0;osm. wdpa
Kenya;Masalani;settlement;-16.941;401.701;23;no;;A9;0;ghsl-ucdb. wdpa
Kenya;Ngong;settlement;-13.527;366.699;22;no;;A11;0;ghsl-ucdb. osm
Kenya;Siaya;settlement;0.0607;342.881;21;no;;;0;ghsl-ucdb. osm. wikidata
Kenya;Kabarnet;settlement;0.4919;35.743;20;no;;A11;0;ghsl-ucdb. osm. wikidata
Kenya;Malindi;settlement;-3.218;401.169;20;no;;;0;ghsl-ucdb. osm. wikidata
Kenya;Khwisero;settlement;0.1712;345.947;19;no;;;0;ghsl-ucdb. osm. wikidata
Kenya;Malaba;settlement;0.6351;342.816;19;no;;;0;ghsl-ucdb. osm
Kenya;Ruiru;settlement;-11.466;369.609;18;no;;A11;0;ghsl-ucdb. osm
Kenya;Lugulu;settlement;0.3934;34.304;18;no;;;0;ghsl-ucdb. osm
Kenya;Busia;settlement;0.4601;341.117;17;no;;;0;ghsl-ucdb. osm
Kenya;Webuye;settlement;0.6004;347.712;17;no;;;0;ghsl-ucdb. osm
Kenya;Moi‘s Bridge;settlement;0.8718;351.221;16;yes;15;;0;ghsl-ucdb. osm
Kenya;Mwala;settlement;-13.525;374.548;14;no;;;0;ghsl-ucdb. osm
Kenya;Kinoi;settlement;-16.558;373.745;14;no;;;0;ghsl-ucdb. osm
Kenya;Molo;settlement;-0.2485;357.319;13;no;;A11;0;ghsl-ucdb. osm
Kenya;Mwingi;settlement;-0.9361;380.596;13;no;;A11;0;ghsl-ucdb. osm
Kenya;Bungoma;settlement;0.5635;345.605;13;no;;;0;ghsl-ucdb. osm
Kenya;Gilgil;settlement;-0.504;363.184;12;no;;A12;0;ghsl-ucdb. osm. wikidata
Kenya;Marsabit;settlement;23.347;379.909;12;yes;18;A12;0;ghsl-ucdb. osm. wikidata
Kenya;Mariakani;settlement;-38.626;394.746;12;no;;;0;ghsl-ucdb. osm. wikidata
Kenya;Machakos;settlement;-15.223;372.652;12;no;;A11;0;ghsl-ucdb. osm
Kenya;Rongo;settlement;-0.7568;345.983;12;no;;;0;ghsl-ucdb. osm
Kenya;Kitale;settlement;10.157;350.062;11;no;;;0;ghsl-ucdb. osm
Kenya;Wote;settlement;-17.808;376.288;11;no;;;0;ghsl-ucdb. osm
Kenya;Meru;settlement;0.0463;376.559;11;no;;A11;0;ghsl-ucdb. osm
Kenya;Kitui;settlement;-1.367;380.106;10;yes;14;;0;ghsl-ucdb. osm
Kenya;Eldoret;settlement;0.5204;352.699;10;no;;A11;0;ghsl-ucdb. osm
Kenya;Kisii;settlement;-0.6817;347.667;10;no;;A11;0;ghsl-ucdb. osm
Kiribati;Phoenix Islands Protected Area;site;-38.645;-1.726.502;100;yes;1;A9;1;unesco-whs. wikidata
Kosovo;Prizren;settlement;422.139;207.397;100;yes;1;A11;1;ghsl-ucdb. osm. unesco-whs. wikidata
Kosovo;Pristina;settlement;426.727;211.669;93;no;;A11;0;cuisine. ghsl-ucdb. osm. wikidata
Kosovo;Deçan;settlement;425.402;202.879;84;no;;A9. A11;0;ghsl-ucdb. osm. wdpa. wikidata
Kosovo;Gjilan;settlement;424.605;214.699;53;yes;3;A11;0;ghsl-ucdb. osm. wikidata
Kosovo;Orahovac;settlement;423.994;206.547;52;no;;A11;0;ghsl-ucdb. osm. wikidata
Kosovo;Istok;settlement;427.808;204.875;50;no;;A11;0;cuisine. ghsl-ucdb. osm. wdpa. wikidata
Kosovo;Pejë;settlement;426.591;202.883;47;yes;4;A11;0;ghsl-ucdb. osm. wikidata
Kosovo;Vushtrri;settlement;428.231;209.675;47;no;;A11;0;cuisine. ghsl-ucdb. osm. wikidata
Kosovo;Gjakovë;settlement;423.803;204.308;47;no;;A11;0;ghsl-ucdb. osm. wikidata
Kosovo;Mitrovicë;settlement;428.833;208.667;38;no;;A11;0;cuisine. ghsl-ucdb. osm. wikidata
Kosovo;Leposaviq;settlement;431.039;208.028;30;yes;2;A9;0;cuisine. ghsl-ucdb. osm. wdpa. wikidata
Kosovo;Vitina;settlement;423.214;213.583;28;no;;A11;0;cuisine. ghsl-ucdb. osm. wikidata
Kosovo;Ferizaj;settlement;423.706;211.553;25;no;;A11;0;ghsl-ucdb. osm. wikidata
Kosovo;Podujeva;settlement;429.106;211.931;24;no;;A11;0;cuisine. ghsl-ucdb. osm. wikidata
Kosovo;Glogovac;settlement;426.283;208.939;24;no;;A11;0;cuisine. ghsl-ucdb. osm. wikidata
Kosovo;Llazicë;settlement;425.553;207.633;16;no;;A11;0;ghsl-ucdb. osm
Kosovo;Dragash;settlement;420.265;206.533;15;no;;;0;ghsl-ucdb. wdpa. wikidata
Kosovo;Suva Reka;settlement;423.586;20.825;12;no;;A11;0;ghsl-ucdb. osm. wikidata
Kuwait;Ḩawallī;settlement;293.328;480.286;100;yes;1;A11;0;ghsl-ucdb. osm. wikidata
Kuwait;Al Aḩmadī;settlement;290.769;480.839;79;no;;A11;0;ghsl-ucdb. osm. wdpa. wikidata
Kuwait;Al Jahrā’;settlement;293.375;476.581;75;no;;A11. A9;0;ghsl-ucdb. osm. wdpa
Kuwait;As Sālimīyah;settlement;293.339;480.761;71;no;;A11;0;ghsl-ucdb. osm. wikidata
Kuwait;Ar Rābiyah;settlement;29.295;479.331;48;no;;A11;0;ghsl-ucdb. osm
Kuwait;Şabāḩ as Sālim;settlement;292.572;480.572;17;no;;A11;0;ghsl-ucdb. osm
Kuwait;Al Farwānīyah;settlement;292.775;479.586;14;no;;A11;0;ghsl-ucdb. osm
Kyrgyzstan;Bishkek;settlement;42.87;74.59;100;yes;1;A9. A11;0;cuisine. ghsl-ucdb. osm. wdpa. wikidata
Kyrgyzstan;Kara-Kul’;settlement;416.283;726.703;89;yes;2;A11. A9;0;cuisine. ghsl-ucdb. osm. wdpa
Kyrgyzstan;Kan-Achuu Nature Park;site;415.147;735.978;89;yes;9;A9. A11;0;cuisine. osm. wdpa. wikidata
Kyrgyzstan;Besh-Aral State Nature Reserve;site;418.081;707.582;89;yes;4;A9;0;wdpa. wikidata
Kyrgyzstan;Kara-Kulja;settlement;406.322;735.925;89;yes;13;A11. A9;0;cuisine. ghsl-ucdb. osm. wdpa
Kyrgyzstan;Tokmok;settlement;428.419;753.015;86;no;;A11;1;cuisine. ghsl-ucdb. osm. unesco-whs. wdpa. wikidata
Kyrgyzstan;Osh;settlement;405.283;727.985;75;yes;3;A11;1;cuisine. ghsl-ucdb. osm. unesco-whs. wikidata
Kyrgyzstan;Talas;settlement;425.226;722.417;70;yes;5;A9;1;ghsl-ucdb. osm. unesco-whs. wdpa
Kyrgyzstan;Naryn;settlement;414.283;759.957;60;yes;6;A11. A9;0;cuisine. ghsl-ucdb. osm. wdpa
Kyrgyzstan;Karakol;settlement;424.905;78.392;58;yes;7;A9. A11;0;ghsl-ucdb. osm. wdpa
Kyrgyzstan;Balykchy;settlement;424.602;761.871;52;yes;8;A11. A9;0;cuisine. ghsl-ucdb. osm. wdpa
Kyrgyzstan;Issyk-Kul State Nature Reserve;site;425.145;772.512;49;yes;12;A9. A11;0;osm. wdpa. wikidata
Kyrgyzstan;Karatal-Zhapyrk Nature Reserve;site;412.113;75.307;48;no;;A9. A11;0;cuisine. osm. wdpa
Kyrgyzstan;Nookat;settlement;40.266;726.183;47;no;;A9;0;cuisine. ghsl-ucdb. osm. wdpa
Kyrgyzstan;Razzakov;settlement;398.389;695.276;47;yes;10;A9;0;cuisine. ghsl-ucdb. osm. wdpa. wikidata
Kyrgyzstan;Sary-Chelek State Biosphere Reserve;site;418.686;719.334;47;no;;A9. A11;0;osm. wdpa. wikidata
Kyrgyzstan;Ala-Buka;settlement;414.105;714.863;47;yes;15;A9;0;ghsl-ucdb. wdpa. wikidata
Kyrgyzstan;Kyzyl-Kyya;settlement;402.568;721.279;46;no;;A9;0;cuisine. ghsl-ucdb. osm. wdpa
Kyrgyzstan;Naryn State Nature Reserve;site;414.051;769.387;46;yes;14;A9;0;cuisine. wdpa
Kyrgyzstan;Sarychat-Ertash Nature Reserve;site;419.274;786.044;45;no;;A9. A11;0;osm. wdpa
Kyrgyzstan;Khan Teniri Nature Park;site;421.146;795.647;45;yes;11;A9;0;wdpa
Kyrgyzstan;Belovodskoye;settlement;428.294;741.083;38;no;;A11;0;cuisine. ghsl-ucdb. osm
Kyrgyzstan;Kara-Balta;settlement;428.142;738.481;23;no;;A11;0;cuisine. ghsl-ucdb. osm
Kyrgyzstan;Batken;settlement;400.604;708.193;22;no;;A11;0;cuisine. ghsl-ucdb. osm
Kyrgyzstan;Kant;settlement;428.911;748.508;17;no;;A11;0;cuisine. ghsl-ucdb. osm
Kyrgyzstan;Manas;settlement;40.945;729.931;17;no;;A11;0;cuisine. ghsl-ucdb. osm
Kyrgyzstan;Ivanovka;settlement;428.878;75.085;11;no;;;0;cuisine. ghsl-ucdb. osm. wikidata
Kyrgyzstan;Toktogul;settlement;418.744;729.419;11;no;;A11;0;cuisine. ghsl-ucdb. osm
Kyrgyzstan;Massy;settlement;410.601;726.329;11;no;;A11;0;cuisine. ghsl-ucdb. osm
Kyrgyzstan;Bazar-Korgon;settlement;410.376;727.459;10;no;;;0;cuisine. ghsl-ucdb. osm
Laos;Pakse;settlement;151.202;105.799;100;yes;1;A9. A11;1;cuisine. ghsl-ucdb. osm. unesco-whs. wdpa. wikidata
Laos;Phong Nha-Ke Bang National Park and Hin Nam No National Park;site;173.756;1.058.842;94;yes;3;A9;1;cuisine. osm. unesco-whs. wdpa. wikidata
Laos;Vientiane;settlement;179.667;102.6;93;yes;4;A11;0;cuisine. ghsl-ucdb. osm. wikidata
Laos;Luang Prabang;settlement;198.933;1.021.525;91;yes;2;A11;1;ghsl-ucdb. osm. unesco-whs. wikidata
Laos;Muang Phônsavan;settlement;194.494;1.031.917;79;yes;5;A11;1;cuisine. ghsl-ucdb. osm. unesco-whs. wikidata
Laos;Nakai-Nam Teun;site;179.796;1.052.946;31;yes;9;A9;0;cuisine. osm. wdpa
Laos;Nam Et-Phouloey;site;203.302;1.034.442;31;yes;8;A9;0;osm. wdpa
Laos;Ban Khoan;settlement;203.501;1.000.902;25;yes;7;;0;ghsl-ucdb. osm. wdpa. wikidata
Laos;Muang Xay;settlement;206.923;1.019.837;22;yes;12;A11;0;ghsl-ucdb. osm
Laos;Savannakhet;settlement;165.703;1.047.622;20;no;;A11;0;cuisine. ghsl-ucdb. osm
Laos;Vang Vieng;settlement;189.235;1.024.478;19;yes;13;A11;0;cuisine. ghsl-ucdb. osm
Laos;Ban Xénô;settlement;166.759;104.988;19;yes;6;A10;0;cuisine. ghsl-ucdb. osm. wikidata
Laos;Borikhan;settlement;185.629;1.037.267;18;yes;10;A11;0;cuisine. ghsl-ucdb. osm
Laos;Ban Laongam;settlement;154.655;1.061.668;18;no;;A11;0;cuisine. ghsl-ucdb. osm
Laos;Thakhèk;settlement;174.103;1.048.307;17;yes;14;A11;0;cuisine. ghsl-ucdb. osm
Laos;Muang Sing;settlement;211.921;1.011.479;16;yes;11;A11;0;ghsl-ucdb. osm
Laos;Xam Nua;settlement;204.164;104.045;12;no;;A11;0;ghsl-ucdb. osm
Laos;Pakxan;settlement;183.942;1.036.611;10;no;;A11;0;cuisine. ghsl-ucdb. osm
Latvia;Riga;settlement;56.946;241.059;100;yes;1;A9. A11;1;cuisine. ghsl-ucdb. osm. unesco-whs. wdpa. wikidata
Latvia;Jēkabpils;settlement;56.499;258.574;89;yes;2;A11. A9;1;cuisine. ghsl-ucdb. osm. unesco-whs. wdpa. wikidata
Latvia;Tukums;settlement;569.676;231.555;84;no;;A11. A9;0;cuisine. ghsl-ucdb. osm. wdpa. wikidata
Latvia;Ventspils;settlement;573.948;215.612;71;yes;3;A11. A9;1;ghsl-ucdb. osm. unesco-whs. wdpa. wikidata
Latvia;Cēsis;settlement;573.119;252.746;65;no;;A11. A9;0;cuisine. ghsl-ucdb. osm. wdpa. wikidata
Latvia;Daugavpils;settlement;558.833;265.333;63;yes;4;A10. A9. A11;0;ghsl-ucdb. osm. wdpa. wikidata
Latvia;Jelgava;settlement;56.65;237.128;58;no;;A11;0;cuisine. ghsl-ucdb. osm. wikidata
Latvia;Valmiera;settlement;575.411;254.275;54;yes;5;A11. A9;0;cuisine. ghsl-ucdb. osm. wdpa. wikidata
Latvia;Ogre;settlement;568.162;24.614;52;no;;A11. A9;0;cuisine. ghsl-ucdb. osm. wdpa. wikidata
Latvia;Liepāja;settlement;565.047;210.109;46;yes;6;A11;0;ghsl-ucdb. osm. wdpa. wikidata
Latvia;Rēzekne;settlement;565.103;27.34;45;yes;7;A11. A9;0;ghsl-ucdb. osm. wdpa. wikidata
Latvia;Salaspils;settlement;568.601;243.654;30;no;;A11;0;cuisine. ghsl-ucdb. osm. wikidata
Latvia;Jūrmala;settlement;56.968;237.704;22;no;;A11;0;cuisine. ghsl-ucdb. osm. wdpa. wikidata
Lebanon;Zahlé;settlement;338.468;35.902;100;yes;1;A9. A11;1;cuisine. ghsl-ucdb. osm. unesco-whs. wdpa. wikidata
Lebanon;Beirut;settlement;338.933;355.016;72;no;;A11. A12;0;cuisine. ghsl-ucdb. osm. wikidata
Lebanon;Tripoli;settlement;344.335;358.441;68;yes;3;A11;1;ghsl-ucdb. osm. unesco-whs. wikidata
Lebanon;Byblos;settlement;341.211;356.481;62;no;;A11. A10;1;cuisine. ghsl-ucdb. osm. unesco-whs. wikidata
Lebanon;Baalbek;settlement;340.058;362.181;59;no;;;1;cuisine. ghsl-ucdb. osm. unesco-whs. wikidata
Lebanon;Bsharri;settlement;342.508;360.106;53;no;;A11;1;cuisine. ghsl-ucdb. osm. unesco-whs. wikidata
Lebanon;Tyre;settlement;332.733;351.939;45;no;;A11;1;ghsl-ucdb. osm. unesco-whs. wikidata
Lebanon;En Nâqoûra;settlement;331.181;351.397;38;yes;2;;1;ghsl-ucdb. osm. unesco-whs
Lebanon;Sidon;settlement;335.575;353.715;22;no;;A11;0;cuisine. ghsl-ucdb. osm. wikidata
Lebanon;Ra’s Bayrūt;settlement;33.9;354.833;16;no;;A11. A12;0;cuisine. ghsl-ucdb. osm
Lebanon;Nabatîyé et Tahta;settlement;333.789;354.839;15;no;;A11;0;cuisine. ghsl-ucdb. osm. wikidata
Lesotho;Qacha’s Nek;settlement;-301.154;286.894;100;yes;1;A9;2;ghsl-ucdb. osm. unesco-whs. wdpa. wikidata
Lesotho;Teyateyaneng;settlement;-291.472;27.749;73;yes;2;A11;0;ghsl-ucdb. osm
Lesotho;Maseru;settlement;-293.167;274.833;69;no;;A11;0;cuisine. ghsl-ucdb. osm. wikidata
Lesotho;Mafeteng;settlement;-29.823;272.374;47;yes;3;;0;cuisine. ghsl-ucdb. osm
Lesotho;Hlotse;settlement;-288.718;28.045;35;no;;A11;0;ghsl-ucdb. osm
Lesotho;Maputsoe;settlement;-288.866;278.991;34;no;;A11;0;ghsl-ucdb. osm
Lesotho;Butha-Buthe;settlement;-287.666;282.494;29;yes;5;A11. A9;0;ghsl-ucdb. osm. wdpa
Lesotho;Thaba-Tseka;settlement;-29.522;286.084;19;yes;4;;0;ghsl-ucdb. osm
Liberia;New Yekepa;settlement;75.794;-85.378;100;yes;1;A11. A9;1;ghsl-ucdb. osm. unesco-whs. wdpa. wikidata
Liberia;Ganta;settlement;7.235;-89.844;69;yes;5;A11;0;ghsl-ucdb. osm
Liberia;Monrovia;settlement;63.005;-107.969;64;yes;2;A12;0;ghsl-ucdb. wikidata
Liberia;Tubmanburg;settlement;68.706;-108.211;64;yes;4;A12;0;ghsl-ucdb. wikidata
Liberia;Foya Kamara;settlement;83.603;-102.064;62;yes;3;A11;0;ghsl-ucdb. osm
Liberia;Voinjama;settlement;84.219;-97.478;21;no;;A11;0;ghsl-ucdb. osm
Libya;Tripoli;settlement;328.874;131.873;100;yes;1;A11. A12;0;ghsl-ucdb. osm
Libya;Şabrātah;settlement;327.933;124.885;97;no;;A11;1;ghsl-ucdb. osm. unesco-whs. wikidata
Libya;Shahhat;settlement;328.043;218.661;93;yes;3;A11;1;ghsl-ucdb. osm. unesco-whs. wikidata
Libya;Old Town of Ghadamès;site;301.333;9.5;93;yes;2;;1;unesco-whs. wikidata
Libya;Al Khums;settlement;326.486;142.619;80;no;;;1;ghsl-ucdb. osm. unesco-whs. wikidata
Libya;Rock-Art Sites of Tadrart Acacus;site;248.333;103.333;80;yes;4;;1;unesco-whs. wikidata
Libya;Nālūt;settlement;318.685;109.812;58;yes;5;A11;0;ghsl-ucdb. osm
Libya;Benghazi;settlement;321.149;200.686;53;yes;6;A11;0;ghsl-ucdb. osm
Libya;As Sawānī;settlement;327.167;130.667;53;no;;A11;0;ghsl-ucdb. osm
Libya;Zawiya;settlement;327.522;127.278;49;no;;A11;0;ghsl-ucdb. osm
Libya;Bani Walid;settlement;317.455;139.835;45;yes;9;A11;0;ghsl-ucdb. osm
Libya;Misratah;settlement;323.753;150.925;44;yes;7;A11;0;ghsl-ucdb. osm
Libya;Al Ḩurshah;settlement;327.647;126.739;38;no;;A11;0;ghsl-ucdb. osm
Libya;Tarhuna;settlement;32.435;136.332;38;no;;A11;0;ghsl-ucdb. osm
Libya;Sabha;settlement;270.377;144.283;35;yes;8;A11;0;ghsl-ucdb. osm
Libya;Az Zāwīyah;settlement;327.571;127.276;31;no;;A11;0;ghsl-ucdb. osm
Libya;Qaşr Bin Ghashīr;settlement;326.833;131.833;31;no;;A11;0;ghsl-ucdb. osm
Libya;Qaryat Sulūq;settlement;316.682;202.521;31;no;;A11;0;ghsl-ucdb. osm
Libya;Zliten;settlement;324.674;145.687;28;no;;A11;0;ghsl-ucdb. osm
Libya;Qarqūzah;settlement;327.457;128.423;26;no;;A11;0;ghsl-ucdb. osm
Libya;Zuwarah;settlement;329.312;12.082;25;no;;A11;0;ghsl-ucdb. osm
Libya;Al Ajaylat;settlement;327.572;123.763;25;no;;A11;0;ghsl-ucdb. osm
Libya;Ajdabiya;settlement;307.554;202.263;24;yes;11;A11;0;ghsl-ucdb. osm
Libya;Zintan;settlement;319.316;122.529;23;yes;14;A11;0;ghsl-ucdb. osm
Libya;Şurmān;settlement;327.567;125.716;21;no;;A11;0;ghsl-ucdb. osm
Libya;Mizdah;settlement;314.493;129.853;20;no;;A11;0;ghsl-ucdb. osm
Libya;Tobruk;settlement;320.896;239.538;18;yes;10;A11;0;ghsl-ucdb. osm
Libya;Al Ghurayfah;settlement;265.216;130.107;17;yes;13;A11;0;ghsl-ucdb. osm
Libya;Sirte;settlement;312.089;165.887;17;yes;12;A11;0;ghsl-ucdb. osm
Libya;Al Bayḑā’;settlement;327.627;217.551;16;no;;A11;0;ghsl-ucdb. osm. wikidata
Libya;Al Marj;settlement;324.926;208.291;15;no;;A11;0;ghsl-ucdb. osm. wikidata
Libya;Al ‘Azīzīyah;settlement;325.319;130.175;13;no;;A11;0;ghsl-ucdb. osm
Libya;Al Qubbah;settlement;327.568;222.411;13;no;;A12;0;ghsl-ucdb. wikidata
Liechtenstein;Vaduz;settlement;471.415;95.215;100;yes;1;A11. A10;0;ghsl-ucdb. osm. wikidata
Lithuania;Mazeikiai;settlement;563.167;223.333;100;yes;1;A11. A9;0;ghsl-ucdb. osm. wdpa. wikidata
Lithuania;Vilnius;settlement;546.892;252.798;75;yes;2;A10. A9. A2;3;cuisine. ghsl-ucdb. unesco-whs. wdpa. wikidata
Lithuania;Visaginas;settlement;555.968;264.398;69;yes;3;A11. A9;0;ghsl-ucdb. osm. wdpa. wikidata
Lithuania;Klaipėda;settlement;557.068;211.391;48;yes;5;A9;0;ghsl-ucdb. wdpa
Lithuania;Palanga;settlement;559.175;210.686;38;no;;A9;0;ghsl-ucdb. osm. wdpa. wikidata
Lithuania;Radviliskis;settlement;558.167;235.333;37;yes;6;;0;cuisine. ghsl-ucdb. wdpa
Lithuania;Kaunas;settlement;549.016;239.091;31;yes;4;;1;cuisine. ghsl-ucdb. unesco-whs. wikidata
Lithuania;Marijampolė;settlement;545.579;23.35;29;no;;A9;0;cuisine. ghsl-ucdb. wdpa. wikidata
Lithuania;Alytus;settlement;543.957;240.389;27;no;;A9;0;cuisine. ghsl-ucdb. wdpa
Lithuania;Utena;settlement;554.978;256.046;27;no;;A9;0;cuisine. ghsl-ucdb. wdpa
Lithuania;Taurage;settlement;552.522;222.897;27;yes;7;A9;0;cuisine. ghsl-ucdb. wdpa
Lithuania;Plunge;settlement;559.114;218.442;24;no;;A9;0;ghsl-ucdb. wdpa
Lithuania;Panevėžys;settlement;557.319;243.598;18;no;;;0;cuisine. ghsl-ucdb. wdpa
Lithuania;Jonava;settlement;550.801;242.754;18;no;;;0;cuisine. ghsl-ucdb. wdpa
Lithuania;Šiauliai;settlement;559.333;233.167;13;no;;A12;0;cuisine. ghsl-ucdb
Lithuania;Kėdainiai;settlement;552.878;239.728;13;no;;A12;0;cuisine. ghsl-ucdb
Lithuania;Telsiai;settlement;559.814;222.472;13;no;;A12;0;cuisine. ghsl-ucdb
Lithuania;Ukmerge;settlement;55.25;24.75;13;yes;8;A12;0;cuisine. ghsl-ucdb
Lithuania;Gargždai;settlement;557.095;213.944;12;no;;;0;ghsl-ucdb. wdpa
Luxembourg;Luxembourg;settlement;496.098;61.327;100;yes;1;A10. A9. A11;1;ghsl-ucdb. osm. unesco-whs. wdpa. wikidata
Luxembourg;Esch-sur-Alzette;settlement;494.958;59.806;54;no;;A11. A10;0;ghsl-ucdb. osm. wdpa. wikidata
Luxembourg;Dudelange;settlement;494.806;60.875;30;no;;A11;0;ghsl-ucdb. osm. wikidata
Macao;Macau;settlement;222.006;1.135.461;100;yes;1;A11;1;ghsl-ucdb. osm. unesco-whs. wikidata
Madagascar;Antsiranana;settlement;-123.173;492.919;100;yes;1;A9;1;ghsl-ucdb. osm. unesco-whs. wdpa. wikidata
Madagascar;Antananarivo;settlement;-189.137;475.361;99;yes;2;A11. A12;0;ghsl-ucdb. osm
Madagascar;Ambohitrolomahitsy;settlement;-18.7;476.833;92;no;;A11;1;ghsl-ucdb. osm. unesco-whs. wikidata
Madagascar;Andapa;settlement;-14.65;49.65;84;yes;3;A11. A9;1;ghsl-ucdb. osm. unesco-whs. wdpa. wikidata
Madagascar;Fianarantsoa;settlement;-214.527;470.857;65;yes;4;A11;0;ghsl-ucdb. osm
Madagascar;Itampolo;settlement;-246.833;43.95;58;yes;5;A9;0;ghsl-ucdb. osm. wdpa
Madagascar;Soalala;settlement;-16.1;453.167;52;yes;7;A9;0;ghsl-ucdb. osm. wdpa. wikidata
Madagascar;Maromandia;settlement;-142.167;480.833;50;yes;8;A9;0;ghsl-ucdb. osm. wdpa
Madagascar;Maroantsetra;settlement;-154.353;497.379;42;yes;17;A9;0;ghsl-ucdb. wdpa. wikidata
Madagascar;Kirindy Mite;site;-209.367;439.827;40;yes;11;A9;0;wdpa
Madagascar;Imerimandroso;settlement;-174.333;485.833;37;no;;A9;0;ghsl-ucdb. osm. wdpa. wikidata
Madagascar;Toliara;settlement;-23.35;436.667;35;yes;10;A11;0;ghsl-ucdb. osm
Madagascar;Ambositra;settlement;-205.303;472.434;34;yes;14;A11;0;ghsl-ucdb. osm
Madagascar;Sakaraha;settlement;-22.9;445.333;34;yes;16;A11. A9;0;ghsl-ucdb. osm. wdpa
Madagascar;Ivohibe;settlement;-224.833;468.833;34;yes;13;A9;0;ghsl-ucdb. wdpa. wikidata
Madagascar;Tôlanaro;settlement;-250.325;469.833;32;yes;12;A9. A11;0;ghsl-ucdb. osm. wdpa. wikidata
Madagascar;Mahajanga;settlement;-157.167;463.167;30;yes;15;A11;0;ghsl-ucdb. osm. wdpa
Madagascar;Ifanadiana;settlement;-21.3;476.333;29;no;;A11. A9;0;ghsl-ucdb. osm. wdpa. wikidata
Madagascar;Soavinandriana;settlement;-191.667;467.333;28;no;;A11;0;ghsl-ucdb. osm. wikidata
Madagascar;Antsalova;settlement;-186.667;446.167;26;yes;18;A9;0;ghsl-ucdb. osm. wdpa. wikidata
Madagascar;Tsiroanomandidy;settlement;-187.697;460.465;25;no;;A11;0;ghsl-ucdb. osm
Madagascar;Hell-Ville;settlement;-133.972;482.666;24;no;;A9. A11;0;ghsl-ucdb. osm. wdpa
Madagascar;Antsirabe;settlement;-198.659;470.333;23;no;;A11;0;ghsl-ucdb. osm
Madagascar;Isalo;site;-224.258;452.723;22;no;;A9. A11;0;osm. wdpa
Madagascar;Fandriana;settlement;-202.333;473.833;21;no;;A11. A9;0;ghsl-ucdb. osm. wdpa
Madagascar;Moramanga;settlement;-189.495;482.301;21;no;;A9;0;ghsl-ucdb. osm. wdpa
Madagascar;Mikea;site;-223.251;435.708;21;no;;A9. A11;0;osm. wdpa
Madagascar;Ambato Boeny;settlement;-164.667;467.167;21;no;;A9;0;ghsl-ucdb. osm. wdpa
Madagascar;Marovoay;settlement;-161.106;466.438;20;no;;A9;0;ghsl-ucdb. osm. wdpa
Madagascar;Mananara;settlement;-161.686;497.662;20;no;;A9;0;ghsl-ucdb. wdpa
Madagascar;Vohipaho;settlement;-23.55;47.5;20;no;;A9;0;ghsl-ucdb. wdpa
Madagascar;Ambarakaraka;settlement;-13.5;488.667;20;no;;A9;0;ghsl-ucdb. wdpa
Madagascar;Mahanoro;settlement;-19.9;48.8;16;yes;6;;0;ghsl-ucdb. osm. wikidata
Madagascar;Manjakandriana;settlement;-189.167;47.8;15;no;;;0;ghsl-ucdb. osm. wikidata
Madagascar;Antsohihy;settlement;-148.796;479.875;14;no;;;0;ghsl-ucdb. osm. wdpa
Madagascar;Morombe;settlement;-21.745;433.606;12;no;;A11;0;ghsl-ucdb. osm
Madagascar;Fenoarivo Atsinanana;settlement;-173.809;494.083;11;yes;9;;0;ghsl-ucdb. osm
Madagascar;Ankazobe;settlement;-183.167;471.167;11;no;;A11;0;ghsl-ucdb. osm. wdpa
Madagascar;Ambilobe;settlement;-13.2;49.05;11;no;;A11;0;ghsl-ucdb. osm. wdpa
Madagascar;Imerintsiatosika;settlement;-189.833;473.167;11;no;;;0;ghsl-ucdb. osm
Madagascar;Amparafaravola;settlement;-175.876;482.239;11;no;;A11;0;ghsl-ucdb. osm. wdpa
Madagascar;Morondava;settlement;-202.887;443.178;11;no;;;0;ghsl-ucdb. osm. wdpa
Madagascar;Farafangana;settlement;-228.222;478.261;10;no;;;0;ghsl-ucdb. osm. wdpa
Madagascar;Mampikony;settlement;-16.092;47.647;10;no;;;0;ghsl-ucdb. osm. wdpa
Madagascar;Betioky;settlement;-237.206;443.807;10;no;;;0;ghsl-ucdb. osm. wdpa
Madagascar;Soanierana Ivongo;settlement;-169.167;495.833;10;no;;;0;ghsl-ucdb. osm. wdpa
Madagascar;Sitampiky;settlement;-166.667;46.1;10;no;;;0;ghsl-ucdb. osm. wdpa
Madagascar;Didy;settlement;-181.167;485.333;10;no;;;0;ghsl-ucdb. wdpa
Madagascar;Tsiombe;settlement;-25.3;454.833;10;no;;;0;ghsl-ucdb. wdpa
Madagascar;Betroka;settlement;-232.667;460.833;10;no;;;0;ghsl-ucdb. wdpa
Madagascar;Bealanana;settlement;-145.433;487.498;10;no;;A11;0;ghsl-ucdb. osm
Malawi;Mulanje;settlement;-160.316;35.5;100;yes;1;;1;ghsl-ucdb. osm. unesco-whs. wikidata
Malawi;Monkey Bay;settlement;-140.824;349.165;74;yes;2;A9;1;ghsl-ucdb. unesco-whs. wdpa. wikidata
Malawi;Rumphi;settlement;-110.186;338.575;61;yes;3;A9;0;ghsl-ucdb. wdpa. wikidata
Malawi;Dedza;settlement;-143.779;343.332;52;yes;5;;1;ghsl-ucdb. unesco-whs. wikidata
Malawi;Kasungu;settlement;-130.333;334.833;24;yes;4;A9;0;ghsl-ucdb. wdpa
Malawi;Liwonde;settlement;-150.666;352.254;24;yes;6;A9;0;ghsl-ucdb. wdpa
Malawi;Lengwe National Park;site;-162.132;345.961;24;yes;7;A9;0;wdpa
Malawi;Nkhotakota;settlement;-129.274;342.961;12;yes;9;;0;ghsl-ucdb. wdpa
Malawi;Nsanje;settlement;-16.92;35.262;12;yes;8;;0;ghsl-ucdb. wdpa
Malawi;Mwanza;settlement;-156.026;345.248;12;yes;10;;0;ghsl-ucdb. wdpa
Malaysia;Iskandar Puteri;settlement;13.932;1.036.232;100;yes;1;A11;0;cuisine. ghsl-ucdb. osm. wikidata
Malaysia;Mersing;settlement;24.312;1.038.405;99;yes;2;A9;0;ghsl-ucdb. wdpa
Malaysia;Malacca;settlement;2.196;1.022.405;92;yes;3;;1;ghsl-ucdb. unesco-whs. wikidata
Malaysia;Kuala Lumpur;settlement;31.412;1.016.865;91;yes;4;A12;0;cuisine. ghsl-ucdb. wikidata
Malaysia;Johor Bahru;settlement;14.655;1.037.578;87;no;;A11. A12;0;cuisine. ghsl-ucdb. osm
Malaysia;Ranau;settlement;59.538;1.166.641;68;yes;5;A9;1;ghsl-ucdb. unesco-whs. wdpa. wikidata
Malaysia;Pasir Gudang;settlement;1.462;1.039.053;67;no;;A11;0;cuisine. ghsl-ucdb. osm. wikidata
Malaysia;Lahad Datu;settlement;5.023;118.329;57;yes;7;A9;0;ghsl-ucdb. wdpa
Malaysia;Sandakan;settlement;58.402;1.181.179;56;yes;14;A9;0;ghsl-ucdb. wdpa. wikidata
Malaysia;Bukit Rahman Putra;settlement;32.173;1.015.608;48;no;;;1;cuisine. ghsl-ucdb. unesco-whs. wikidata
Malaysia;Niah;settlement;3.862;1.137.152;47;yes;9;A9;1;ghsl-ucdb. unesco-whs. wdpa. wikidata
Malaysia;Kuala Nerus;settlement;53.729;1.030.205;47;yes;10;A9;0;ghsl-ucdb. wdpa
Malaysia;Danum Valley;site;49.387;1.176.912;47;no;;A9;0;wdpa
Malaysia;Gunung Rara Wildlife Corridor;site;4.745;1.170.975;47;yes;12;A9;0;wdpa
Malaysia;Batu Kurau;settlement;49.667;100.8;44;yes;6;;1;ghsl-ucdb. unesco-whs. wikidata
Malaysia;Bandar Nabawan;settlement;50.393;1.164.274;41;yes;18;A9;0;ghsl-ucdb. wdpa
Malaysia;George Town;settlement;54.112;1.003.354;39;yes;17;A12;0;ghsl-ucdb. wikidata
Malaysia;Kudat;settlement;68.873;1.168.236;35;yes;15;A9;0;ghsl-ucdb. wdpa
Malaysia;Bidu-Bidu;site;58.302;1.173.003;35;no;;A9;0;wdpa
Malaysia;Tawau;settlement;42.448;1.178.911;29;no;;A9;0;ghsl-ucdb. wdpa
Malaysia;Semporna;settlement;44.818;1.186.112;29;no;;A9;0;ghsl-ucdb. wdpa
Malaysia;Raub;settlement;37.899;101.857;28;no;;A9;0;cuisine. ghsl-ucdb. wdpa. wikidata
Malaysia;Kuching;settlement;1.55;1.103.333;27;yes;16;A9;0;ghsl-ucdb. wdpa. wikidata
Malaysia;Bandar Baru Salak Tinggi;settlement;28.123;1.017.356;26;no;;;0;cuisine. ghsl-ucdb. wikidata
Malaysia;Jerantut;settlement;3.936;1.023.626;24;no;;A9;0;cuisine. ghsl-ucdb. wdpa. wikidata
Malaysia;Marudi;settlement;41.833;1.143.167;23;no;;A9;0;ghsl-ucdb. wdpa. wikidata
Malaysia;Gunung Mulu National Park;site;41.333;1.149.167;23;yes;19;A9;1;unesco-whs. wdpa
Malaysia;Dungun;settlement;4.775;1.034.162;23;no;;A9;0;ghsl-ucdb. wdpa
Malaysia;Tambunan;settlement;57.167;116.4;23;no;;A9;0;ghsl-ucdb. wdpa. wikidata
Malaysia;Pengerang;settlement;13.651;1.041.118;22;no;;;0;ghsl-ucdb. osm. wikidata
Malaysia;Alor Setar;settlement;6.121;1.003.601;22;no;;A9;0;ghsl-ucdb. wdpa
Malaysia;Pasir Puteh;settlement;58.333;102.4;22;no;;A9;0;ghsl-ucdb. wdpa
Malaysia;Sungai Siput;settlement;43.945;1.011.947;22;no;;A9;0;ghsl-ucdb. wdpa
Malaysia;Limbang;settlement;47.548;1.150.101;22;no;;A9;0;ghsl-ucdb. wdpa
Malaysia;Kulamba;site;55.227;1.186.697;22;no;;A9;0;wdpa
Malaysia;Bentong Town;settlement;35.223;1.019.087;22;no;;;0;cuisine. ghsl-ucdb. wikidata
Malaysia;Bentung;settlement;35.316;1.019.038;22;no;;;0;cuisine. ghsl-ucdb. wikidata
Malaysia;Kuala Kangsar;settlement;47.667;1.009.333;21;no;;A12;0;ghsl-ucdb. wikidata
Malaysia;Seremban;settlement;27.297;1.019.381;20;no;;A9;0;cuisine. ghsl-ucdb. wdpa. wikidata
Malaysia;Gunung Aais;site;4.399;1.028.438;19;no;;A9;0;cuisine. wdpa
Malaysia;Tanjong Malim;settlement;3.681;1.015.198;19;no;;A9;0;cuisine. ghsl-ucdb. wdpa. wikidata
Malaysia;Hulu Yam Lama;settlement;34.537;1.016.413;19;no;;A9;0;cuisine. ghsl-ucdb. wdpa. wikidata
Malaysia;Kuala Lipis;settlement;41.842;1.020.468;19;no;;A9;0;cuisine. ghsl-ucdb. wdpa. wikidata
Malaysia;Kajang;settlement;29.942;1.017.887;18;no;;;0;cuisine. ghsl-ucdb. wdpa. wikidata
Malaysia;Shah Alam;settlement;30.851;1.015.328;17;no;;A12;0;cuisine. ghsl-ucdb. wikidata
Malaysia;Kampung Baru Subang;settlement;3.15;1.015.333;17;no;;A12;0;cuisine. ghsl-ucdb. wikidata
Malaysia;Petaling Jaya;settlement;31.073;1.016.067;17;no;;;0;cuisine. ghsl-ucdb. wikidata
Malaysia;Subang Jaya;settlement;30.438;1.015.806;17;no;;;0;cuisine. ghsl-ucdb. wikidata
Malaysia;Kapar;settlement;31.333;1.013.833;17;no;;;0;cuisine. ghsl-ucdb. wikidata
Malaysia;Bandar Tasik Puteri;settlement;32.853;1.014.741;17;no;;;0;cuisine. ghsl-ucdb. wikidata
Malaysia;Kuala Kubu Baharu;settlement;35.638;1.016.581;17;no;;;0;cuisine. ghsl-ucdb. wikidata
Malaysia;Ijok;settlement;33.167;101.4;17;no;;;0;cuisine. ghsl-ucdb. wikidata
Malaysia;Maran;settlement;3.586;102.773;17;yes;8;;0;cuisine. ghsl-ucdb. wikidata
Malaysia;Serendah;settlement;33.646;1.016.041;17;no;;;0;cuisine. ghsl-ucdb. wikidata
Malaysia;Cyberjaya;settlement;29.228;1.016.572;17;no;;;0;cuisine. ghsl-ucdb. wikidata
Malaysia;Temerluh;settlement;34.506;1.024.176;17;no;;;0;cuisine. ghsl-ucdb. wikidata
Malaysia;Putrajaya;settlement;29.353;1.016.911;17;no;;;0;cuisine. ghsl-ucdb. wikidata
Malaysia;Bangi;settlement;2.9;1.017.833;17;no;;;0;cuisine. ghsl-ucdb. wikidata
Malaysia;Kampung Perak;settlement;38.682;1.025.862;17;no;;;0;cuisine. ghsl-ucdb. wikidata
Malaysia;Mentakab;settlement;34.854;1.023.484;17;no;;;0;cuisine. ghsl-ucdb. wikidata
Malaysia;Kampung Baharu Nilai;settlement;28.033;1.017.972;17;no;;;0;cuisine. ghsl-ucdb. wikidata
Malaysia;Seminyih;settlement;29.476;101.847;17;no;;;0;cuisine. ghsl-ucdb. wikidata
Malaysia;Kampung Jeli;settlement;5.7;1.018.333;16;no;;A9;0;ghsl-ucdb. osm. wdpa
Malaysia;Pandamaran;settlement;30.108;1.014.208;15;no;;;0;ghsl-ucdb. wikidata
Malaysia;Keningau;settlement;53.378;1.161.602;15;no;;A9;0;ghsl-ucdb. wdpa
Malaysia;Sipitang;settlement;5.079;1.155.496;15;no;;A9;0;ghsl-ucdb. wdpa
Malaysia;Sebauh;settlement;31.167;1.132.667;15;no;;A9;0;ghsl-ucdb. wdpa
Malaysia;Lundu;settlement;16.744;1.098.517;15;no;;A9;0;ghsl-ucdb. wdpa
Malaysia;Kuala Penyu;settlement;55.714;1.155.984;15;no;;A9;0;ghsl-ucdb. wdpa
Malaysia;Simunjan;settlement;13.833;110.75;15;no;;A9;0;ghsl-ucdb. wdpa
Malaysia;Labis;settlement;2.385;103.021;15;no;;A9;0;ghsl-ucdb. wdpa
Malaysia;Beaufort;settlement;53.473;1.157.455;15;no;;A9;0;ghsl-ucdb. wdpa
Malaysia;Sugud Island Marine Conservation Area;site;65.538;1.178.138;15;no;;A9;0;wdpa
Malaysia;Gunung Kumaka;site;44.135;115.962;15;no;;A9;0;wdpa
Malaysia;Pulau Ceben Marine Park;site;29.337;1.040.974;15;no;;A9;0;wdpa
Malaysia;Sungkai;settlement;4;1.013.167;14;no;;A9;0;cuisine. ghsl-ucdb. wdpa
Malaysia;Bidur;settlement;41.167;1.012.833;14;no;;A9;0;cuisine. ghsl-ucdb. wdpa
Malaysia;Ipoh;settlement;45.841;1.010.829;14;no;;A12;0;ghsl-ucdb. wikidata
Malaysia;Kota Bharu;settlement;61.236;1.022.433;14;yes;13;A12;0;ghsl-ucdb. wikidata
Malaysia;Kuala Pilah;settlement;27.389;1.022.487;14;no;;A12;0;cuisine. ghsl-ucdb. wikidata
Malaysia;Miri;settlement;43.993;1.139.916;13;no;;A9;0;ghsl-ucdb. wdpa. wikidata
Malaysia;Kampung Baru Ulu Melaka;settlement;6.352;997.879;12;no;;A9;0;ghsl-ucdb. osm. wdpa
Malaysia;Kuantan;settlement;38.077;103.326;12;no;;A12;0;cuisine. ghsl-ucdb
Malaysia;Kampung Larkin Lama;settlement;15.024;103.744;12;no;;A12;0;cuisine. ghsl-ucdb
Malaysia;Rompin;settlement;27.083;1.025.047;12;no;;A12;0;cuisine. ghsl-ucdb
Malaysia;Pekan;settlement;34.836;1.033.996;12;no;;A12;0;cuisine. ghsl-ucdb
Malaysia;Bahau;settlement;28.079;1.024.049;12;no;;A12;0;cuisine. ghsl-ucdb
Malaysia;Bandar Tun Razak;settlement;29.029;1.028.877;12;no;;A12;0;cuisine. ghsl-ucdb
Malaysia;FELDA Chini;settlement;33.746;1.029.434;12;no;;A12;0;cuisine. ghsl-ucdb
Malaysia;Kota Kinabalu;settlement;59.749;1.160.724;12;no;;A9;0;ghsl-ucdb. wdpa. wikidata
Malaysia;Gua Musang;settlement;48.844;1.019.686;11;no;;A9;0;ghsl-ucdb. wdpa. wikidata
Malaysia;Engkilili;settlement;11.386;1.116.667;11;no;;A9;0;ghsl-ucdb. wdpa. wikidata
Malaysia;Sibu;settlement;2.3;1.118.167;10;yes;11;;0;ghsl-ucdb. wikidata
Maldives;Male;settlement;41.752;735.092;100;yes;1;A11;0;ghsl-ucdb. osm
Mali;Zégoua;settlement;10.488;-56.494;100;yes;1;;0;ghsl-ucdb. osm
Mali;Nama Woula;site;122.552;-97.612;100;yes;2;A9;0;wdpa
Mali;Djenné;settlement;139.061;-45.533;94;yes;5;;1;ghsl-ucdb. unesco-whs. wdpa. wikidata
Mali;Timbuktu;settlement;167.735;-30.074;93;yes;3;;1;ghsl-ucdb. unesco-whs. wikidata
Mali;Andéranboukan;settlement;154.275;30.175;88;yes;4;;0;ghsl-ucdb. osm
Mali;Bandiagara;settlement;14.35;-36.104;84;no;;A9;2;ghsl-ucdb. unesco-whs. wikidata
Mali;Kita;settlement;130.389;-94.882;81;yes;14;;0;ghsl-ucdb. wdpa
Mali;Wongo;site;128.941;-107.432;66;yes;10;A9;0;wdpa
Mali;Gao;settlement;162.717;-0.0447;64;yes;7;;1;ghsl-ucdb. unesco-whs. wikidata
Mali;Koro;settlement;14.064;-30.754;61;yes;6;;0;ghsl-ucdb. osm
Mali;Ségou;settlement;134.403;-62.595;61;yes;8;;0;ghsl-ucdb. wdpa
Mali;Kati;settlement;127.441;-80.726;50;no;;;0;ghsl-ucdb. wdpa
Mali;Kayes;settlement;144.478;-114.439;40;yes;11;;0;ghsl-ucdb. wdpa. wikidata
Mali;Bougouni;settlement;114.177;-74.832;38;yes;13;;0;ghsl-ucdb. wdpa
Mali;Sibi;settlement;123.755;-83.349;38;no;;;0;ghsl-ucdb. wdpa
Mali;Mopti;settlement;144.843;-4.183;30;no;;A12;0;ghsl-ucdb. wikidata
Mali;Bafoulabé;settlement;138.084;-108.334;28;yes;18;;0;ghsl-ucdb. wdpa. wikidata
Mali;Koutiala;settlement;123.872;-54.651;26;yes;15;;0;ghsl-ucdb. wdpa
Mali;Fana;settlement;127.787;-69.564;26;no;;;0;ghsl-ucdb. wdpa
Mali;Yanfolila;settlement;111.833;-8.15;26;no;;;0;ghsl-ucdb. wdpa
Mali;Dioïla;settlement;124.873;-68.031;26;yes;16;;0;ghsl-ucdb. wdpa
Mali;Goundam;settlement;164.145;-36.707;26;no;;;0;ghsl-ucdb. wdpa
Mali;Kangaba;settlement;119.333;-84.167;26;no;;;0;ghsl-ucdb. wdpa
Mali;Ké-Macina;settlement;139.641;-53.579;26;no;;;0;ghsl-ucdb. wdpa
Mali;Finnkolo;settlement;112.682;-55.105;21;no;;;0;ghsl-ucdb. osm. wdpa
Mali;Kouri;settlement;12.184;-48.028;21;no;;;0;ghsl-ucdb. osm. wdpa
Mali;Bamako;settlement;126.091;-79.752;17;yes;9;A12;0;ghsl-ucdb. wdpa. wikidata
Mali;Koulikoro;settlement;128.627;-75.598;13;no;;;0;ghsl-ucdb. wdpa
Mali;Nioro;settlement;152.307;-95.936;13;yes;17;;0;ghsl-ucdb. wdpa
Mali;Kolokani;settlement;135.739;-80.327;13;no;;;0;ghsl-ucdb. wdpa
Mali;Massiogo;settlement;103.064;-61.097;13;no;;;0;ghsl-ucdb. wdpa
Mali;Kadiolo;settlement;10.55;-57.667;13;no;;;0;ghsl-ucdb. wdpa
Mali;Bla;settlement;129.508;-57.556;13;no;;;0;ghsl-ucdb. wdpa
Mali;Bamba;settlement;103.833;-7.15;13;yes;20;;0;ghsl-ucdb. wdpa
Mali;Mahina;settlement;139.044;-100.986;13;no;;;0;ghsl-ucdb. wdpa
Mali;Diourou;settlement;136.872;-5.832;13;no;;;0;ghsl-ucdb. wdpa
Mali;Toubakoura;settlement;134.637;-73.828;13;yes;21;;0;ghsl-ucdb. wdpa
Mali;Niono;settlement;142.505;-59.868;11;yes;19;A12;0;ghsl-ucdb. wikidata
Mali;Kidal;settlement;184.434;14.092;11;yes;12;A12;0;ghsl-ucdb. wikidata
Malta;San Pawl il-Baħar;settlement;359.506;144.156;100;yes;1;A10;0;cuisine. ghsl-ucdb. wdpa. wikidata
Malta;Sliema;settlement;359.125;145.017;73;no;;;1;cuisine. ghsl-ucdb. unesco-whs. wdpa. wikidata
Malta;Qormi;settlement;35.876;14.472;69;no;;;1;cuisine. ghsl-ucdb. unesco-whs. wdpa. wikidata
Malta;Żabbar;settlement;358.769;145.359;66;no;;;1;cuisine. ghsl-ucdb. unesco-whs. wdpa. wikidata
Malta;Mosta;settlement;359.094;144.257;44;no;;;0;cuisine. ghsl-ucdb. wikidata
Malta;Birkirkara;settlement;358.971;144.611;39;no;;;0;cuisine. ghsl-ucdb. wikidata
Marshall Islands;Bikini Atoll Nuclear Test Site;site;11.6;1.653.806;100;yes;1;A9;1;unesco-whs. wdpa. wikidata
Marshall Islands;Ailinginae;site;111.506;166.409;73;yes;2;A9;0;wdpa
Marshall Islands;Mili Atoll;site;62.196;1.719.443;73;yes;3;A9;0;wdpa
Martinique;Saint-Joseph;settlement;14.671;-610.391;100;yes;1;A11. A9;1;ghsl-ucdb. osm. unesco-whs. wdpa
Martinique;Fort-de-France;settlement;146.037;-610.742;100;no;;A11;0;ghsl-ucdb. osm. wikidata
Martinique;Ducos;settlement;145.753;-609.745;95;no;;A11;0;ghsl-ucdb. osm
Martinique;Sainte-Marie;settlement;147.835;-609.923;29;no;;A11;0;ghsl-ucdb. osm
Martinique;Le François;settlement;146.151;-609.031;19;no;;A11;0;ghsl-ucdb. osm
Martinique;Le Lamentin;settlement;146.134;-609.996;15;no;;A11;0;ghsl-ucdb. osm
Mauritania;Rosso;settlement;165.138;-15.805;100;yes;1;A9;1;ghsl-ucdb. osm. unesco-whs. wdpa
Mauritania;Kaédi;settlement;161.507;-135.058;95;yes;2;A11;0;cuisine. ghsl-ucdb. osm
Mauritania;Ancient <I>Ksour</I> of Ouadane. Chinguetti. Tichitt and Oualata;site;17.3;-70.333;88;yes;3;;1;unesco-whs
Mauritania;Banc d'Arguin National Park;site;202.347;-161.089;79;yes;5;A9;1;unesco-whs. wdpa. wikidata
Mauritania;Sélibaby;settlement;151.585;-121.843;77;yes;4;;0;cuisine. ghsl-ucdb. osm
Mauritania;Bogué;settlement;165.915;-142.631;63;yes;8;;0;cuisine. ghsl-ucdb. osm
Mauritania;Tékane;settlement;166.017;-153.487;63;no;;A11;0;ghsl-ucdb. osm
Mauritania;Reserve de Chat TBoul;site;165.648;-164.169;19;no;;A9;0;wdpa
Mauritania;Atar;settlement;205.188;-130.464;18;yes;6;A12;0;ghsl-ucdb. wikidata
Mauritania;Tembedgha;settlement;162.414;-81.732;18;yes;7;A12;0;ghsl-ucdb. wikidata
Mauritania;Nouadhibou;settlement;209.419;-170.384;16;yes;9;A12;0;ghsl-ucdb. osm
Mauritius;Curepipe;settlement;-203.163;575.259;100;yes;1;A9;0;ghsl-ucdb. wdpa
Mauritius;Vacoas;settlement;-202.981;574.783;93;no;;;1;ghsl-ucdb. unesco-whs. wikidata
Mauritius;Port Louis;settlement;-201.619;574.989;80;no;;;1;ghsl-ucdb. unesco-whs. wikidata
Mauritius;Goodlands;settlement;-200.384;576.506;50;no;;;0;ghsl-ucdb. wdpa
Mayotte;Mamoudzou;settlement;-127.823;452.288;100;yes;1;A11;0;ghsl-ucdb. osm. wdpa. wikidata
Mexico;Mexico City;settlement;194.285;-991.277;100;yes;1;A10. A12. A2;2;ghsl-ucdb. unesco-whs. wikidata
Mexico;Ancient Maya City and Protected Tropical Forests of Calakmul. Campeche;site;18.053;-897.373;77;yes;2;A9;2;unesco-whs. wdpa. wikidata
Mexico;Guanajuato;settlement;210.186;-1.012.591;75;yes;3;;1;cuisine. ghsl-ucdb. unesco-whs. wikidata
Mexico;El Pinacate and Gran Desierto de Altar Biosphere Reserve;site;32;-1.139.167;57;yes;4;A9;1;unesco-whs. wdpa. wikidata
Mexico;Heróica Zitácuaro;settlement;194.366;-1.003.564;51;yes;18;A9;1;ghsl-ucdb. unesco-whs. wdpa. wikidata
Mexico;Tecate;settlement;32.566;-1.166.319;48;yes;7;A9;0;ghsl-ucdb. wdpa. wikidata
Mexico;San Miguel de Allende;settlement;209.153;-1.007.439;47;no;;A10;1;ghsl-ucdb. unesco-whs. wikidata
Mexico;Chihuahua;settlement;286.353;-1.060.889;40;yes;5;A10. A9;0;ghsl-ucdb. wdpa. wikidata
Mexico;Puebla;settlement;190.478;-982.072;39;no;;A12;1;ghsl-ucdb. unesco-whs. wikidata
Mexico;Felipe Carrillo Puerto;settlement;195.775;-880.453;39;yes;9;A9;1;ghsl-ucdb. unesco-whs. wdpa. wikidata
Mexico;Zacatecas;settlement;227.684;-1.025.814;38;no;;;1;cuisine. ghsl-ucdb. unesco-whs
Mexico;La Paz;settlement;241.423;-1.103.132;37;yes;13;A9;0;ghsl-ucdb. wdpa
Mexico;Zinacatepec;settlement;183.352;-972.462;36;yes;12;A9;2;ghsl-ucdb. unesco-whs. wikidata
Mexico;San Luis Potosí;settlement;221.523;-1.009.714;35;no;;A9;0;cuisine. ghsl-ucdb. wdpa. wikidata
Mexico;Guadalajara;settlement;206.774;-1.033.475;34;yes;8;A12;1;ghsl-ucdb. unesco-whs. wikidata
Mexico;San Luis de la Paz;settlement;212.984;-1.005.148;34;no;;A9;0;cuisine. ghsl-ucdb. wdpa. wikidata
Mexico;Morelia;settlement;197.008;-1.011.844;34;no;;A9;1;ghsl-ucdb. unesco-whs. wdpa. wikidata
Mexico;Jerez de García Salinas;settlement;226.497;-1.029.898;33;yes;6;A12;0;cuisine. ghsl-ucdb. wikidata
Mexico;Sombrerete;settlement;236.314;-1.036.413;33;no;;A12;0;cuisine. ghsl-ucdb. wikidata
Mexico;Guadalupe;settlement;227.468;-1.025.188;32;no;;A12;0;cuisine. ghsl-ucdb. wikidata
Mexico;Rincón de Romos;settlement;222.292;-1.023.225;32;no;;A12;0;cuisine. ghsl-ucdb. wikidata
Mexico;Loreto;settlement;222.719;-101.986;32;no;;A12;0;cuisine. ghsl-ucdb. wikidata
Mexico;Nochistlán de Mejía;settlement;213.636;-1.028.475;32;no;;A12;0;cuisine. ghsl-ucdb. wikidata
Mexico;Palenque;settlement;175.091;-919.813;32;yes;10;;1;ghsl-ucdb. unesco-whs. wikidata
Mexico;Teotihuacán de Arista;settlement;196.897;-988.608;32;no;;;1;ghsl-ucdb. unesco-whs. wikidata
Mexico;Aguascalientes;settlement;218.826;-1.022.843;32;no;;A12;0;cuisine. ghsl-ucdb. wikidata
Mexico;Lagos de Moreno;settlement;213.588;-1.019.331;32;no;;A12;0;cuisine. ghsl-ucdb. wikidata
Mexico;Matehuala;settlement;236.482;-1.006.433;32;yes;11;A12;0;cuisine. ghsl-ucdb. wikidata
Mexico;Dolores Hidalgo;settlement;211.561;-1.009.325;32;no;;A12;0;cuisine. ghsl-ucdb. wikidata
Mexico;Purísima de Bustos;settlement;210.297;-1.018.778;32;no;;A12;0;cuisine. ghsl-ucdb. wikidata
Mexico;Calvillo;settlement;218.459;-1.027.188;32;no;;A12;0;cuisine. ghsl-ucdb. wikidata
Mexico;Salinas de Hidalgo;settlement;226.279;-1.017.142;32;no;;A12;0;cuisine. ghsl-ucdb. wikidata
Mexico;Vicente Guerrero;settlement;237.327;-1.039.825;32;no;;A12;0;cuisine. ghsl-ucdb. wikidata
Mexico;Oaxaca;settlement;170.602;-967.254;31;no;;A9;1;ghsl-ucdb. unesco-whs. wdpa. wikidata
Mexico;León de los Aldama;settlement;211.218;-1.016.825;31;no;;A12;0;cuisine. ghsl-ucdb
Mexico;Soledad de Graciano Sánchez;settlement;221.891;-1.009.379;31;no;;A12;0;cuisine. ghsl-ucdb
Mexico;Ciudad Acuña;settlement;293.232;-1.009.522;31;yes;14;A12;0;cuisine. ghsl-ucdb
Mexico;Piedras Negras;settlement;287.001;-1.005.235;31;no;;A12;0;cuisine. ghsl-ucdb
Mexico;Fresnillo;settlement;231.749;-1.028.679;31;no;;A12;0;cuisine. ghsl-ucdb
Mexico;Silao de la Victoria;settlement;209.436;-101.427;31;no;;A12;0;cuisine. ghsl-ucdb
Mexico;San Francisco del Rincón;settlement;210.189;-1.018.584;31;no;;A12;0;cuisine. ghsl-ucdb
Mexico;Rioverde;settlement;219.311;-999.949;31;yes;20;A12;0;cuisine. ghsl-ucdb
Mexico;San Juan de los Lagos;settlement;212.489;-1.023.304;31;no;;A12;0;cuisine. ghsl-ucdb
Mexico;Río Grande;settlement;238.273;-1.030.341;31;no;;A12;0;cuisine. ghsl-ucdb
Mexico;Víctor Rosales;settlement;229.489;-1.027.022;31;no;;A12;0;cuisine. ghsl-ucdb
Mexico;Ciudad Fernández;settlement;219.404;-1.000.115;31;no;;A12;0;cuisine. ghsl-ucdb
Mexico;Marfil;settlement;209.975;-1.012.855;31;no;;A12;0;cuisine. ghsl-ucdb
Mexico;Pabellón de Arteaga;settlement;221.475;-102.279;31;no;;A12;0;cuisine. ghsl-ucdb
Mexico;San Felipe;settlement;214.788;-1.012.158;31;no;;A12;0;cuisine. ghsl-ucdb
Mexico;Encarnación de Díaz;settlement;215.263;-1.022.402;31;no;;A12;0;cuisine. ghsl-ucdb
Mexico;Jalostotitlán;settlement;211.681;-102.461;31;no;;A12;0;cuisine. ghsl-ucdb
Mexico;San Miguel el Alto;settlement;210.305;-1.024.023;31;no;;A12;0;cuisine. ghsl-ucdb
Mexico;Teocaltiche;settlement;214.343;-1.025.743;31;no;;A12;0;cuisine. ghsl-ucdb
Mexico;Romita;settlement;208.721;-101.517;31;no;;A12;0;cuisine. ghsl-ucdb
Mexico;Tlaltenango de Sánchez Román;settlement;217.813;-1.033.044;31;no;;A12;0;cuisine. ghsl-ucdb
Mexico;San Francisco de los Romo;settlement;220.721;-1.022.722;31;no;;A12;0;cuisine. ghsl-ucdb
Mexico;Juan Aldama;settlement;242.907;-1.033.934;31;yes;15;A12;0;cuisine. ghsl-ucdb
Mexico;Villa Hidalgo;settlement;216.762;-102.588;31;no;;A12;0;cuisine. ghsl-ucdb
Mexico;Nuevo Casas Grandes;settlement;304.155;-1.079.117;29;yes;16;;1;ghsl-ucdb. unesco-whs. wikidata
Mexico;Papantla de Olarte;settlement;204.465;-973.249;29;yes;17;;1;ghsl-ucdb. unesco-whs. wikidata
Mexico;Ciudad Sahagun;settlement;197.756;-985.747;29;no;;;1;ghsl-ucdb. unesco-whs. wikidata
Mexico;Tamazunchale;settlement;212.599;-987.893;29;no;;;1;ghsl-ucdb. unesco-whs. wikidata
Mexico;Oxkutzkab;settlement;203.073;-894.181;29;no;;;1;ghsl-ucdb. unesco-whs. wikidata
Mexico;Xochitepec;settlement;187.808;-992.305;29;no;;;1;ghsl-ucdb. unesco-whs. wikidata
Mexico;Chichén-Itzá;settlement;206.667;-885.667;29;no;;;1;ghsl-ucdb. unesco-whs. wikidata
Mexico;Cancún;settlement;211.743;-868.466;28;yes;19;A9;0;ghsl-ucdb. wdpa. wikidata
Mexico;Bucerías;settlement;207.582;-1.053.362;27;yes;21;A9;1;ghsl-ucdb. unesco-whs. wikidata
Mexico;Yautepec;settlement;188.819;-990.671;26;no;;A9;0;ghsl-ucdb. wdpa. wikidata
Mexico;Whale Sanctuary of El Vizcaino;site;269.786;-1.131.649;26;yes;22;A9;1;unesco-whs. wikidata
Mexico;Archipiélago de Revillagigedo;site;183.564;-1.147.233;26;yes;23;A9;1;unesco-whs. wikidata
Mexico;Zona marina Bahía de los Ángeles. canales de Ballenas y de Salsipuedes;site;290.513;-1.133.101;25;yes;24;A9;0;wdpa. wikidata
Mexico;Mapastepec;settlement;154.336;-929.004;25;yes;25;A9;0;ghsl-ucdb. wdpa
Mexico;Santiago de Querétaro;settlement;205.881;-1.003.881;25;no;;A12;1;ghsl-ucdb. unesco-whs. wikidata
Mexico;Delegación Cuajimalpa de Morelos;settlement;193.692;-992.909;25;no;;;1;ghsl-ucdb. unesco-whs. wikidata
Mexico;Tala;settlement;206.527;-1.037.015;25;no;;;1;ghsl-ucdb. unesco-whs. wikidata
Mexico;Lerdo de Tejada;settlement;186.294;-955.197;25;no;;;1;ghsl-ucdb. unesco-whs. wikidata
Mexico;Santiago Ixcuintla;settlement;218.111;-1.052.084;25;no;;;1;ghsl-ucdb. unesco-whs. wikidata
Mexico;Yecapixtla;settlement;188.833;-98.865;25;no;;;1;ghsl-ucdb. unesco-whs. wikidata
Mexico;Ocotlán de Morelos;settlement;167.918;-96.675;25;no;;;1;ghsl-ucdb. unesco-whs. wikidata
Mexico;Rock Paintings of the Sierra de San Francisco;site;27.627;-1.130.204;25;no;;;1;unesco-whs. wikidata
Mexico;Campeche;settlement;198.407;-905.168;24;no;;A9;1;ghsl-ucdb. unesco-whs. wdpa
Mexico;Chetumal;settlement;185.196;-88.304;21;no;;A9;0;ghsl-ucdb. wdpa. wikidata
Mexico;Cozumel;settlement;205.004;-869.427;21;no;;A9;0;ghsl-ucdb. wdpa. wikidata
Mexico;Loreto II;site;257.799;-1.113.218;21;no;;A9;0;wdpa. wikidata
Mexico;Xico;settlement;192.703;-989.509;21;no;;;1;ghsl-ucdb. unesco-whs
Mexico;Toluca;settlement;192.879;-996.532;20;no;;;0;ghsl-ucdb. wikidata
Mexico;Huejotzingo;settlement;191.589;-984.082;20;no;;;0;ghsl-ucdb. wikidata
Mexico;Guadalupe;settlement;256.766;-1.002.591;20;no;;;0;ghsl-ucdb. wdpa. wikidata
Mexico;Pachuca de Soto;settlement;20.117;-987.333;20;no;;A9;0;ghsl-ucdb. wdpa. wikidata
Mexico;San José del Cabo;settlement;230.541;-1.097.037;20;no;;A9;0;ghsl-ucdb. wdpa. wikidata
Mexico;Tequisquiapan;settlement;205.225;-998.917;19;no;;A12;0;ghsl-ucdb. wikidata
Mexico;Veracruz;settlement;191.809;-961.429;17;no;;A9;0;ghsl-ucdb. wdpa. wikidata
Mexico;Sierra Gorda;site;213.262;-995.372;17;no;;A9;0;wdpa. wikidata
Mexico;Ixtlán del Río;settlement;210.351;-1.043.688;15;no;;A12;0;ghsl-ucdb. wikidata
Mexico;Tuxtla;settlement;167.536;-931.158;15;no;;A9;0;ghsl-ucdb. wdpa. wikidata
Mexico;Frontera;settlement;185.433;-926.453;15;no;;A9;0;ghsl-ucdb. wdpa. wikidata
Mexico;Crucecita;settlement;157.689;-96.135;15;no;;A9;0;ghsl-ucdb. wdpa. wikidata
Mexico;Alto Golfo de California y Delta del Río Colorado;site;315.949;-1.144.141;15;no;;A9;0;wdpa. wikidata
Mexico;Islas Marías;site;21.517;-1.064.754;15;no;;A9;0;wdpa. wikidata
Mexico;Torreón;settlement;255.439;-103.419;13;no;;A9. A12;0;ghsl-ucdb. wdpa. wikidata
Mexico;Cuernavaca;settlement;189.261;-992.308;13;no;;A9;0;ghsl-ucdb. wdpa. wikidata
Mexico;Tizimín;settlement;21.143;-881.519;13;no;;A9;0;ghsl-ucdb. wdpa. wikidata
Mexico;Cihuatlán;settlement;192.366;-1.045.651;13;no;;A9;0;ghsl-ucdb. wdpa. wikidata
Mexico;Santiago;settlement;25.426;-100.154;13;no;;A9;0;ghsl-ucdb. wdpa. wikidata
Mexico;Ixmiquilpan;settlement;204.784;-99.217;13;no;;A9;0;ghsl-ucdb. wdpa. wikidata
Mexico;Tenosique;settlement;174.729;-914.236;13;no;;A9;0;ghsl-ucdb. wdpa. wikidata
Mexico;Pinotepa Nacional;settlement;163.401;-98.053;13;no;;A9;0;ghsl-ucdb. wdpa. wikidata
Mexico;Zacualtipán;settlement;20.65;-986.563;13;no;;A9;0;ghsl-ucdb. wdpa. wikidata
Mexico;Las Margaritas;settlement;163.128;-919.822;13;no;;A9;0;ghsl-ucdb. wdpa. wikidata
Mexico;Compostela;settlement;212.373;-1.049.006;13;no;;A9;0;ghsl-ucdb. wdpa. wikidata
Mexico;Arrecife Alacranes;site;224.746;-897.044;13;no;;A9;0;wdpa. wikidata
Mexico;Isla San Pedro Mártir;site;283.836;-112.309;13;no;;A9;0;wdpa. wikidata
Mexico;Revillagigedo;site;188.319;-1.127.747;13;no;;A9;0;wdpa. wikidata
Mexico;Balam Kin;site;189.946;-898.755;13;no;;A9;0;wdpa. wikidata
Mexico;Tijuana;settlement;325.027;-1.170.037;13;no;;A9. A12;0;ghsl-ucdb. wdpa
Mexico;Acapulco de Juárez;settlement;168.494;-999.089;13;no;;A9;0;ghsl-ucdb. wdpa
Mexico;Cintalapa de Figueroa;settlement;166.839;-937.181;13;no;;A9;0;ghsl-ucdb. wdpa
Mexico;Perote;settlement;195.623;-972.424;13;no;;A9;0;ghsl-ucdb. wdpa
Mexico;Ciudad Mendoza;settlement;188.065;-971.787;13;no;;A9;0;ghsl-ucdb. wdpa
Mexico;Arriaga;settlement;162.356;-938.997;13;no;;A9;0;ghsl-ucdb. wdpa
Mexico;Ciudad Serdán;settlement;189.886;-974.464;13;no;;A9;0;ghsl-ucdb. wdpa
Mexico;Zapotiltic;settlement;196.275;-1.034.175;13;no;;A9;0;ghsl-ucdb. wdpa
Mexico;El Grullo;settlement;198.067;-1.042.163;13;no;;A9;0;ghsl-ucdb. wdpa
Mexico;San Rafael;settlement;192.096;-987.564;13;no;;A9;0;ghsl-ucdb. wdpa
Mexico;San Felipe;settlement;310.253;-1.148.417;13;no;;A9;0;ghsl-ucdb. wdpa
Mexico;Cacahoatán;settlement;14.992;-921.642;13;no;;A9;0;ghsl-ucdb. wdpa
Mexico;Teolocholco;settlement;192.433;-981.908;13;no;;A9;0;ghsl-ucdb. wdpa
Mexico;Ciudad de Armería;settlement;189.378;-1.039.642;13;no;;A9;0;ghsl-ucdb. wdpa
Mexico;Peribán de Ramos;settlement;195.203;-1.024.153;13;no;;A9;0;ghsl-ucdb. wdpa
Mexico;Constitución de 1857;site;320.766;-1.159.035;13;no;;A9;0;wdpa
Mexico;Cascada de Bassaseachic;site;281.449;-1.082.229;13;no;;A9;0;wdpa
Mexico;El Vizcaíno;site;271.919;-1.137.493;13;no;;A9;0;wdpa
Mexico;Mapimí;site;266.013;-1.037.344;13;no;;A9;0;wdpa
Mexico;Islas del Pacífico de la Península de Baja California;site;283.921;-1.143.866;13;no;;A9;0;wdpa
Mexico;Caribe Mexicano;site;198.613;-866.056;13;no;;A9;0;wdpa
Mexico;Bajos del Norte;site;229.829;-890.354;13;no;;A9;0;wdpa
Mexico;Zona Marina de la Isla Isabel;site;21.85;-1.058.833;13;no;;A9;0;wdpa
Mexico;Arrecifes del Golfo de México-Sur;site;212.671;-918.425;13;no;;A9;0;wdpa
Mexico;Arrecifes del Golfo de México-Sur;site;215.219;-90.988;13;no;;A9;0;wdpa
Mexico;Ciudad del Carmen;settlement;186.459;-918.299;12;no;;A12;0;ghsl-ucdb. wikidata
Mexico;Sahuayo de Morelos;settlement;20.057;-1.027.164;12;no;;A12;0;ghsl-ucdb. wikidata
Mexico;Huauchinango;settlement;201.738;-980.549;12;no;;A12;0;ghsl-ucdb. wikidata
Mexico;Pátzcuaro;settlement;195.132;-1.016.099;12;no;;A12;0;ghsl-ucdb. wikidata
Mexico;Ticul;settlement;203.987;-895.349;12;no;;A12;0;ghsl-ucdb. wikidata
Mexico;Zaragoza;settlement;19.771;-975.551;12;no;;A12;0;ghsl-ucdb. wikidata
Mexico;La Cruz;settlement;239.213;-1.068.925;12;no;;A12;0;ghsl-ucdb. wikidata
Micronesia;Palikir;settlement;69.248;1.581.611;100;yes;1;;1;ghsl-ucdb. unesco-whs. wikidata
Moldova;Chisinau;settlement;47.009;288.594;100;yes;1;A12;0;cuisine. ghsl-ucdb. wikidata
Moldova;Orhei;settlement;47.385;288.254;93;no;;;0;cuisine. ghsl-ucdb. wikidata
Moldova;Tiraspol;settlement;468.428;296.284;80;no;;;0;cuisine. ghsl-ucdb. wikidata
Moldova;Strășeni;settlement;471.422;286.077;64;no;;A12;0;cuisine. ghsl-ucdb. wikidata
Moldova;Bender;settlement;468.316;294.767;61;no;;A12;0;cuisine. ghsl-ucdb. wikidata
Moldova;Bălţi;settlement;477.629;279.285;58;no;;A12;0;cuisine. ghsl-ucdb. wikidata
Moldova;Rîbniţa;settlement;477.682;29.01;58;yes;5;A12;0;cuisine. ghsl-ucdb. wikidata
Moldova;Ungheni;settlement;472.102;278.001;57;yes;3;A12;0;cuisine. ghsl-ucdb. wikidata
Moldova;Soroca;settlement;481.566;282.849;57;yes;2;A12;0;cuisine. ghsl-ucdb. wikidata
Moldova;Dubăsari;settlement;472.656;291.667;57;no;;A12;0;cuisine. ghsl-ucdb. wikidata
Moldova;Floreşti;settlement;478.917;282.934;57;no;;A12;0;cuisine. ghsl-ucdb. wikidata
Moldova;Căuşeni;settlement;466.374;294.109;56;no;;A12;0;cuisine. ghsl-ucdb. wikidata
Moldova;Hînceşti;settlement;468.309;28.59;56;no;;A12;0;cuisine. ghsl-ucdb. wikidata
Moldova;Drochia;settlement;480.369;278.124;56;no;;A12;0;cuisine. ghsl-ucdb
Moldova;Bilicenii Vechi;settlement;476.558;280.473;56;no;;A12;0;cuisine. ghsl-ucdb
Moldova;Slobozia;settlement;467.293;297.045;27;yes;4;;0;ghsl-ucdb. wikidata
Moldova;Cahul;settlement;459.046;281.952;10;yes;6;A12;0;ghsl-ucdb. wikidata
Monaco;Monte-Carlo;settlement;437.398;74.273;100;yes;1;A11;0;ghsl-ucdb. osm. wikidata
Monaco;Monaco;settlement;437.372;74.215;90;no;;A11;0;ghsl-ucdb. osm
Mongolia;Orkhon Valley Cultural Landscape;site;474.792;1.026.785;100;yes;1;A9;1;cuisine. unesco-whs. wdpa. wikidata
Mongolia;Great Burkhan Khaldun Mountain and its surrounding sacred landscape;site;48.762;1.090.093;94;yes;3;A9;1;cuisine. unesco-whs. wdpa. wikidata
Mongolia;Khorgo-Terkhiin tsagaan nuur;site;481.949;997.173;90;yes;4;A9;0;cuisine. wdpa. wikidata
Mongolia;Otgontenger;site;477.143;977.387;89;yes;13;A9;0;cuisine. wdpa
Mongolia;Tsetserleg;settlement;47.475;1.014.542;89;no;;A9;1;cuisine. ghsl-ucdb. unesco-whs. wdpa
Mongolia;The Cemetery Complexes of the Xiongnu Nobility;site;465.981;1.070.814;85;yes;6;;1;cuisine. unesco-whs
Mongolia;Sühbaatar;settlement;502.314;1.062.078;82;yes;7;A9;0;cuisine. ghsl-ucdb. wdpa
Mongolia;Khugnu-Tarna;site;473.768;1.037.334;82;no;;A9;0;cuisine. wdpa
Mongolia;Ikh Bogd uul;site;449.185;1.003.772;76;yes;21;A9;0;cuisine. wdpa. wikidata
Mongolia;Nalayh;settlement;477.667;1.072.833;76;no;;A9;0;cuisine. ghsl-ucdb. wdpa
Mongolia;Undurkhaan;settlement;473.194;1.106.556;76;yes;9;A9;0;cuisine. ghsl-ucdb. wdpa
Mongolia;Dzuunmod;settlement;477.069;1.069.528;76;no;;A9;0;cuisine. ghsl-ucdb. wdpa
Mongolia;Gobi gurvan saikhan;site;437.958;1.019.252;76;no;;A9;0;cuisine. wdpa
Mongolia;Khustain nuruu;site;476.857;1.059.296;76;yes;20;A9;0;cuisine. wdpa
Mongolia;Gobiin baga /A/;site;421.652;1.055.982;76;yes;12;A9;0;cuisine. wdpa
Mongolia;Onon-Balj /A/;site;490.665;1.112.401;76;yes;15;A9;0;cuisine. wdpa
Mongolia;Zed-Khantai-Buteeliin nuruu;site;499.329;1.037.438;76;no;;A9;0;cuisine. wdpa
Mongolia;Zag Baidragiin goliin ekhen sav;site;474.607;993.461;76;no;;A9;0;cuisine. wdpa
Mongolia;Ikh gazriin chuluu;site;455.606;1.072.443;76;no;;A9;0;cuisine. wdpa
Mongolia;Ulan Bator;settlement;479.077;1.068.832;72;no;;;0;cuisine. ghsl-ucdb. wdpa
Mongolia;Dzüünharaa;settlement;488.523;1.064.579;72;no;;;0;cuisine. ghsl-ucdb. wdpa
Mongolia;Bulgan;settlement;488.125;1.035.347;72;no;;;0;cuisine. ghsl-ucdb. wdpa
Mongolia;Erdenet;settlement;490.333;1.040.833;70;yes;2;A12;0;cuisine. ghsl-ucdb
Mongolia;Darhan;settlement;494.867;1.059.228;70;no;;A12;0;cuisine. ghsl-ucdb
Mongolia;Mörön;settlement;496.342;1.001.625;70;yes;16;A12;0;cuisine. ghsl-ucdb
Mongolia;Bayanhongor;settlement;461.944;1.007.181;70;yes;5;A12;0;cuisine. ghsl-ucdb
Mongolia;Arvayheer;settlement;462.639;102.775;70;no;;A12;0;cuisine. ghsl-ucdb
Mongolia;Bogd;settlement;446.702;1.021.749;70;yes;8;A12;0;cuisine. ghsl-ucdb
Mongolia;Dalandzadgad;settlement;435.708;104.425;70;yes;10;A12;0;cuisine. ghsl-ucdb
Mongolia;Saynshand;settlement;448.824;1.101.163;70;yes;11;A12;0;cuisine. ghsl-ucdb
Mongolia;Zuunmod;settlement;477.069;1.069.528;70;no;;A12;0;cuisine. ghsl-ucdb
Mongolia;Landscapes of Dauria;site;492.667;113.75;70;yes;14;A9;1;unesco-whs. wdpa
Mongolia;Bulgan gol-Ikh Ongog;site;463.963;913.113;61;yes;17;A9;0;osm. wdpa
Mongolia;Ulaangom;settlement;499.811;920.667;57;yes;19;A9;1;ghsl-ucdb. unesco-whs. wikidata
Mongolia;Petroglyphic Complexes of the Mongolian Altai;site;48.739;881.496;55;yes;18;A9;1;unesco-whs. wdpa
Mongolia;Khan khukhii - Khyargas nuur;site;494.302;94.63;42;no;;A9;0;wdpa
Mongolia;Tsambagarav uul;site;486.696;909.914;42;no;;A9;0;wdpa
Mongolia;Ulaan Taiga;site;505.558;984.745;42;no;;A9;0;wdpa
Mongolia;Mongol daguur /A/;site;500.369;1.151.004;39;no;;A9;0;wdpa. wikidata
Mongolia;Khovd;settlement;480.056;916.419;30;no;;A9;0;ghsl-ucdb. wdpa. wikidata
Mongolia;Khar us nuur;site;479.075;927.666;30;no;;A9;0;wdpa. wikidata
Mongolia;Siilkhemiin nuruu /A/;site;495.242;888.236;30;no;;A9;0;wdpa. wikidata
Mongolia;Dariganga;site;454.359;114.079;30;no;;A9;0;wdpa. wikidata
Mongolia;Altai;settlement;463.722;962.583;28;no;;A9;0;ghsl-ucdb. wdpa
Mongolia;Gobiin ikh /A/;site;436.231;974.768;28;no;;A9;0;wdpa
Mongolia;Dornod Mongol;site;464.879;1.172.784;28;no;;A9;0;wdpa
Mongolia;Numrug;site;469.703;1.192.539;28;no;;A9;0;wdpa
Mongolia;Khuvsgul nuur;site;510.346;1.010.465;28;no;;A9;0;wdpa
Mongolia;Khoridol-Saridag;site;507.505;997.064;28;no;;A9;0;wdpa
Mongolia;Ulaagchinii khar nuur;site;483.919;956.303;28;no;;A9;0;wdpa
Mongolia;Mongol els;site;475.106;950.814;28;no;;A9;0;wdpa
Mongolia;Tengis-Shishged goliin ai sav;site;515.056;988.459;28;no;;A9;0;wdpa
Mongolia;Myangan-Ugalzat;site;462.514;930.048;28;no;;A9;0;wdpa
Mongolia;Chigertein golin ai sav;site;476.814;903.677;28;no;;A9;0;wdpa
Mongolia;Tesiin gol Bulnain nuruu;site;49.126;983.243;28;no;;A9;0;wdpa
Montenegro;Pljevlja;settlement;433.567;193.584;100;yes;1;A11. A9. A2;3;cuisine. ghsl-ucdb. osm. unesco-whs. wdpa. wikidata
Montenegro;Bijelo Polje;settlement;430.383;197.476;36;no;;A9;0;cuisine. ghsl-ucdb. osm. wdpa. wikidata
Montenegro;Herceg Novi;settlement;424.531;185.375;34;yes;2;A2;2;ghsl-ucdb. unesco-whs
Montenegro;Cetinje;settlement;423.906;189.142;29;no;;A9;1;ghsl-ucdb. unesco-whs. wdpa. wikidata
Montenegro;Bar;settlement;420.937;190.984;28;yes;3;A9;0;ghsl-ucdb. wdpa. wikidata
Montenegro;Podgorica;settlement;424.412;192.631;26;no;;A9;0;ghsl-ucdb. wdpa. wikidata
Morocco;Fes;settlement;340.331;-50.003;100;yes;1;A11. A12;1;ghsl-ucdb. osm. unesco-whs. wikidata
Morocco;Marrakesh;settlement;316.342;-79.999;86;yes;3;A11. A12;1;ghsl-ucdb. osm. unesco-whs. wikidata
Morocco;Rabat;settlement;340.132;-68.326;80;yes;4;A11. A12;1;ghsl-ucdb. osm. unesco-whs. wikidata
Morocco;Boumia;settlement;327.236;-51.025;73;yes;2;A9;0;ghsl-ucdb. osm. wdpa. wikidata
Morocco;Meknes;settlement;338.935;-55.473;73;no;;A11. A2;2;ghsl-ucdb. osm. unesco-whs. wikidata
Morocco;Casablanca;settlement;335.883;-76.114;70;yes;8;A12. A11;0;ghsl-ucdb. osm. wikidata
Morocco;Chefchaouen;settlement;351.688;-52.636;59;yes;5;A11. A9;0;ghsl-ucdb. osm. wdpa. wikidata
Morocco;Oujda;settlement;346.814;-19.086;51;yes;7;A11;0;ghsl-ucdb. osm
Morocco;Tétouan;settlement;355.784;-53.684;47;no;;A11;1;ghsl-ucdb. osm. unesco-whs. wikidata
Morocco;Aoulouz;settlement;306.731;-81.809;42;yes;14;A11;0;ghsl-ucdb. osm. wikidata
Morocco;Tangier;settlement;357.673;-57.998;42;yes;17;A11. A12;0;ghsl-ucdb. osm. wikidata
Morocco;Asni;settlement;312.465;-79.789;39;no;;A11. A9;0;ghsl-ucdb. osm. wdpa. wikidata
Morocco;Essaouira;settlement;315.125;-9.77;38;yes;10;A11;1;ghsl-ucdb. osm. unesco-whs. wikidata
Morocco;Taza;settlement;34.21;-4.01;38;yes;15;A9;0;ghsl-ucdb. osm. wdpa. wikidata
Morocco;Azrou;settlement;334.344;-52.213;38;yes;19;A9;0;ghsl-ucdb. osm. wdpa
Morocco;Ben Jerrar;settlement;302.622;-95.038;38;yes;6;A9;0;ghsl-ucdb. osm. wdpa. wikidata
Morocco;Al Hoceïma;settlement;352.516;-39.372;38;yes;9;A9;0;ghsl-ucdb. osm. wdpa
Morocco;Parc National d'Iriqui;site;298.479;-6.418;38;yes;13;A9. A11;0;osm. wdpa
Morocco;Parc National de Khnifiss;site;278.875;-122.198;38;yes;11;A9;0;wdpa. wikidata
Morocco;Parc National de Draa-Warkziz-Lebtana;site;281.783;-100.462;38;yes;12;A9;0;wdpa
Morocco;El Jadida;settlement;332.568;-85.088;37;yes;16;A11;1;ghsl-ucdb. osm. unesco-whs. wikidata
Morocco;Kenitra;settlement;34.261;-65.802;34;no;;A11;0;ghsl-ucdb. osm. wikidata
Morocco;Agadir;settlement;304.202;-95.982;31;no;;A11. A12;0;ghsl-ucdb. osm. wikidata
Morocco;Tabount;settlement;309.032;-69.158;21;yes;18;A11;1;ghsl-ucdb. osm. unesco-whs. wikidata
Morocco;Ouarzazate;settlement;309.189;-68.934;21;no;;A11;0;ghsl-ucdb. osm. wikidata
Morocco;Ait Melloul;settlement;303.416;-95.036;20;no;;A11;0;ghsl-ucdb. osm
Morocco;Salé;settlement;340.531;-67.985;16;no;;A11;0;ghsl-ucdb. osm. wikidata
Morocco;Tinghir;settlement;315.147;-55.328;14;yes;20;A11;0;ghsl-ucdb. osm. wikidata
Morocco;Settat;settlement;33.001;-76.166;14;no;;A11;0;ghsl-ucdb. osm. wikidata
Morocco;Midar;settlement;349.402;-35.331;12;no;;A11;0;ghsl-ucdb. osm
Mozambique;Maputo;settlement;-259.655;325.832;100;yes;1;A11. A12. A9;1;ghsl-ucdb. osm. unesco-whs. wdpa. wikidata
Mozambique;Mozambique;settlement;-150.347;407.345;47;yes;2;;1;ghsl-ucdb. osm. unesco-whs. wikidata
Mozambique;Maputo;site;-265.248;327.133;39;no;;A9;0;wdpa. wikidata
Mozambique;Matola;settlement;-259.622;324.589;37;no;;A9. A11. A12;0;ghsl-ucdb. osm. wdpa
Mozambique;Vilankulo;settlement;-22;353.167;36;yes;4;A9;0;ghsl-ucdb. osm. wdpa. wikidata
Mozambique;Chimanimani;site;-198.077;330.868;36;yes;5;A9. A11;0;osm. wdpa
Mozambique;Marromeu;settlement;-182.908;359.453;34;yes;8;;0;ghsl-ucdb. osm. wdpa
Mozambique;Beira;settlement;-198.436;348.389;29;no;;A11;0;ghsl-ucdb. osm. wikidata
Mozambique;Nacala;settlement;-145.626;406.854;26;no;;A11;0;ghsl-ucdb. osm. wdpa
Mozambique;Milange;settlement;-160.986;35.77;26;yes;3;;0;ghsl-ucdb. osm
Mozambique;Catandica;settlement;-180.575;331.736;25;yes;10;A9;0;ghsl-ucdb. osm. wdpa. wikidata
Mozambique;Banhine;site;-227.932;327.645;24;yes;11;A9;0;osm. wdpa. wikidata
Mozambique;Magoe;site;-159.257;317.444;24;yes;12;A9;0;osm. wdpa. wikidata
Mozambique;Zinave;site;-216.505;335.074;24;yes;13;A9;0;wdpa. wikidata
Mozambique;Gilé;site;-165.337;384.424;24;yes;14;A9;0;wdpa. wikidata
Mozambique;Limpopo;site;-232.983;319.735;24;yes;17;A9;0;osm. wdpa
Mozambique;Gorongosa;settlement;-186.756;340.728;24;yes;16;A9;0;ghsl-ucdb. osm. wdpa
Mozambique;Machipanda;settlement;-18.986;327.355;23;yes;18;;0;ghsl-ucdb. wdpa
Mozambique;Nampula;settlement;-151.165;392.666;13;yes;9;A11;0;ghsl-ucdb. osm. wikidata
Mozambique;Macomia;settlement;-122.467;401.208;13;yes;15;A11;0;ghsl-ucdb. osm. wikidata
Mozambique;Chimoio;settlement;-191.164;334.833;12;no;;;0;ghsl-ucdb. osm. wdpa
Mozambique;Morrumbala;settlement;-173.269;355.842;12;no;;;0;ghsl-ucdb. osm. wdpa
Mozambique;Ribáuè;settlement;-149.447;383.236;12;no;;;0;ghsl-ucdb. osm. wdpa
Mozambique;Massinga;settlement;-233.292;353.814;12;yes;20;;0;ghsl-ucdb. wdpa
Mozambique;Iapala;settlement;-15.025;380.425;12;no;;;0;ghsl-ucdb. wdpa
Mozambique;Tete;settlement;-161.564;335.867;12;yes;6;;0;ghsl-ucdb. osm. wikidata
Mozambique;Búzi;settlement;-198.644;344.674;11;yes;7;;0;ghsl-ucdb. osm
Mozambique;Songo;settlement;-155.958;327.647;10;yes;19;A11;0;ghsl-ucdb. osm. wikidata
Myanmar;Nyaung-U;settlement;212.006;949.083;100;yes;1;A11;1;cuisine. ghsl-ucdb. osm. unesco-whs. wikidata
Myanmar;Payathonzu;settlement;153.177;983.884;98;yes;2;A9;1;ghsl-ucdb. osm. unesco-whs. wdpa. wikidata
Myanmar;Yangon;settlement;168.053;961.561;95;yes;4;A12. A11;0;ghsl-ucdb. osm. wikidata
Myanmar;Pyay;settlement;18.82;952.156;88;yes;3;;1;ghsl-ucdb. osm. unesco-whs. wikidata
Myanmar;Mandalay;settlement;219.747;960.836;85;yes;5;A11. A12;0;cuisine. ghsl-ucdb. osm. wdpa. wikidata
Myanmar;Paung;settlement;166.175;974.585;62;yes;7;A11;0;ghsl-ucdb. osm
Myanmar;Mawlamyine;settlement;164.905;976.282;52;no;;A11;0;ghsl-ucdb. osm
Myanmar;Shwebo;settlement;225.693;956.982;41;no;;A11;0;cuisine. ghsl-ucdb. osm. wikidata
Myanmar;Kyaikto;settlement;173.086;970.112;39;yes;13;A11. A10;0;ghsl-ucdb. osm. wikidata
Myanmar;Hopin;settlement;249.915;965.268;38;yes;18;A11. A9;0;ghsl-ucdb. osm. wdpa. wikidata
Myanmar;Kawthoung;settlement;99.824;985.503;38;yes;6;A9;0;ghsl-ucdb. osm. wdpa
Myanmar;Yawnghwe;settlement;206.597;969.338;37;no;;A11;0;cuisine. ghsl-ucdb. osm. wikidata
Myanmar;Nay Pyi Taw;settlement;19.745;961.297;34;no;;A12. A11;0;cuisine. ghsl-ucdb. osm
Myanmar;Monywa;settlement;221.086;951.358;33;no;;A11;0;cuisine. ghsl-ucdb. osm
Myanmar;Myeik;settlement;124.395;986.003;32;yes;16;A11;0;ghsl-ucdb. osm
Myanmar;Pyin Oo Lwin;settlement;22.035;964.568;31;no;;A11;0;cuisine. ghsl-ucdb. osm. wdpa
Myanmar;Myitkyina;settlement;253.833;973.964;30;yes;15;A9. A11;0;ghsl-ucdb. osm. wdpa
Myanmar;Natmataung National Park;site;213.812;93.786;30;yes;17;A9. A11;0;cuisine. osm. wdpa. wikidata
Myanmar;Mrauk U;settlement;20.59;931.906;29;no;;A11;0;ghsl-ucdb. osm. wikidata
Myanmar;Yamethin;settlement;204.319;961.388;29;no;;A11;0;cuisine. ghsl-ucdb. osm
Myanmar;Wundwin;settlement;210.942;96.028;28;no;;A11;0;cuisine. ghsl-ucdb. osm. wdpa. wikidata
Myanmar;Dawei;settlement;140.823;981.915;25;yes;19;A11;0;ghsl-ucdb. osm
Myanmar;Hmaw Bi;settlement;166.356;976.153;23;no;;A11;0;ghsl-ucdb. osm
Myanmar;Hakha;settlement;226.445;936.108;23;no;;A11. A9;0;cuisine. ghsl-ucdb. osm. wdpa
Myanmar;Yesagyo;settlement;216.324;952.462;21;no;;A11;0;cuisine. ghsl-ucdb. osm
Myanmar;Sittwe;settlement;201.462;928.983;21;no;;A9;0;ghsl-ucdb. osm. wdpa
Myanmar;Kyaukpadaung;settlement;208.416;951.267;21;no;;A9;0;cuisine. ghsl-ucdb. osm. wdpa
Myanmar;Alaungdaw Katthapa National Park;site;224.421;944.356;20;no;;A9;0;cuisine. osm. wdpa
Myanmar;Taninthayi Nature Reserve;site;146.548;983.084;19;no;;A9;0;osm. wdpa
Myanmar;Taungdwingyi;settlement;200.065;955.453;19;yes;8;;0;cuisine. ghsl-ucdb. osm. wikidata
Myanmar;Lampi Marine National Park;site;10.785;981.837;19;no;;A9;0;wdpa
Myanmar;Danai;settlement;263.593;96.72;19;no;;A11;0;ghsl-ucdb. osm. wdpa
Myanmar;Bogale;settlement;162.941;953.974;19;no;;;0;ghsl-ucdb. osm. wdpa
Myanmar;Kyauktaga;settlement;174.947;969.776;19;no;;;0;ghsl-ucdb. wdpa
Myanmar;Okpo;settlement;169.727;960.882;19;no;;A11;0;ghsl-ucdb. osm
Myanmar;Yenangyaung;settlement;20.465;948.712;18;no;;A11;0;cuisine. ghsl-ucdb. osm
Myanmar;Mogok;settlement;229.177;965.098;17;no;;A11;0;cuisine. ghsl-ucdb. osm. wdpa
Myanmar;Pakokku;settlement;213.349;950.844;17;no;;A11;0;cuisine. ghsl-ucdb. osm
Myanmar;Kalemyo;settlement;231.901;94.064;17;no;;A11;0;cuisine. ghsl-ucdb. osm
Myanmar;Chauk;settlement;208.992;948.178;17;no;;;0;cuisine. ghsl-ucdb. osm
Myanmar;Kyaukme;settlement;225.392;970.343;16;no;;A11;0;cuisine. ghsl-ucdb. osm
Myanmar;Hpa-An;settlement;168.895;976.348;16;no;;A11;0;ghsl-ucdb. osm
Myanmar;Pyan Lel Nay Yar Cha Htar Ye;settlement;169.719;961.274;16;no;;A11;0;ghsl-ucdb. osm
Myanmar;Myingyan;settlement;21.46;953.884;15;no;;;0;cuisine. ghsl-ucdb. osm
Myanmar;Taunggyi;settlement;207.892;970.378;15;yes;9;;0;cuisine. ghsl-ucdb. osm
Myanmar;Kyauktan;settlement;242.782;958.949;15;yes;10;;0;cuisine. ghsl-ucdb. osm
Myanmar;Meiktila;settlement;208.778;958.584;15;no;;A11;0;cuisine. ghsl-ucdb. osm
Myanmar;Bago;settlement;173.352;964.814;14;no;;A11;0;ghsl-ucdb. osm
Myanmar;Kyaukse;settlement;216.056;961.351;14;no;;A11;0;cuisine. ghsl-ucdb. osm
Myanmar;Mu-se;settlement;239.974;979.011;14;yes;11;;0;ghsl-ucdb. osm
Myanmar;Lashio;settlement;229.359;977.498;14;yes;12;;0;cuisine. ghsl-ucdb. osm
Myanmar;Minbu;settlement;201.806;94.876;14;no;;;0;cuisine. ghsl-ucdb. osm. wdpa
Myanmar;Kanbalu;settlement;232.033;955.169;14;no;;;0;cuisine. ghsl-ucdb. osm. wdpa
Myanmar;Lawksawk;settlement;212.481;968.673;13;no;;A11;0;cuisine. ghsl-ucdb. osm
Myanmar;Pèkon;settlement;198.677;970.067;13;no;;A11;0;ghsl-ucdb. osm. wdpa
Myanmar;Pyawbwe;settlement;205.919;96.052;12;no;;A11;0;cuisine. ghsl-ucdb. osm
Myanmar;Madaya;settlement;222.115;961.039;12;no;;A11;0;cuisine. ghsl-ucdb. osm
Myanmar;Mudon;settlement;162.562;977.246;12;no;;A11;0;ghsl-ucdb. osm
Myanmar;Kēng Tung;settlement;216.309;999.268;12;no;;;0;ghsl-ucdb. osm. wdpa
Myanmar;Katha;settlement;241.754;963.414;12;no;;;0;cuisine. ghsl-ucdb. osm
Myanmar;Ye-u;settlement;227.672;954.276;12;yes;14;;0;cuisine. ghsl-ucdb. osm
Myanmar;Laukkai;settlement;236.961;987.621;11;no;;A11;0;ghsl-ucdb. osm
Myanmar;Namhkam;settlement;238.334;976.798;11;no;;A11;0;ghsl-ucdb. osm
Myanmar;Bhamo;settlement;242.526;972.336;11;no;;A11;0;ghsl-ucdb. osm
Myanmar;Tangyan;settlement;224.944;983.928;11;no;;;0;cuisine. ghsl-ucdb. osm
Myanmar;Kalaw;settlement;206.346;965.645;10;no;;A11;0;cuisine. ghsl-ucdb. osm
Myanmar;Waw;settlement;17.477;966.783;10;no;;A11;0;ghsl-ucdb. osm. wdpa
Myanmar;Zigon;settlement;183.356;956.215;10;no;;;0;ghsl-ucdb. osm. wdpa
Namibia;Windhoek;settlement;-225.594;170.832;100;yes;1;A9. A11;0;ghsl-ucdb. osm. wdpa. wikidata
Namibia;Namib Sand Sea;site;-248.853;154.078;85;yes;3;A9;1;unesco-whs. wdpa. wikidata
Namibia;Twyfelfontein or /Ui-//aes;site;-205.948;143.751;78;yes;2;;1;osm. unesco-whs. wikidata
Namibia;Mudumu;site;-180.938;235.319;56;yes;4;A9. A11;0;osm. wdpa
Namibia;Walvis Bay;settlement;-229.575;145.053;31;yes;6;A11;0;ghsl-ucdb. osm. wikidata
Namibia;Etosha;site;-18.992;157.542;30;yes;7;A9;0;osm. wdpa. wikidata
Namibia;Ai-Ais Hot Springs;site;-278.312;17.345;30;yes;9;A9;0;osm. wdpa. wikidata
Namibia;Skeleton Coast Park;site;-191.724;128.488;28;yes;11;A9;0;wdpa
Namibia;Waterberg Plateau Park;site;-204.356;172.533;28;no;;A9;0;wdpa
Namibia;Khaudum;site;-187.751;207.563;28;yes;12;A9;0;wdpa
Namibia;Mangetti;site;-18.694;190.815;28;yes;13;A9;0;wdpa
Namibia;Swakopmund;settlement;-226.784;145.266;27;no;;A11;0;ghsl-ucdb. osm
Namibia;Otjiwarongo;settlement;-204.637;166.477;23;yes;10;A11;0;ghsl-ucdb. osm
Namibia;Tsumeb;settlement;-192.484;177.135;21;no;;A11;0;ghsl-ucdb. osm. wikidata
Namibia;Keetmanshoop;settlement;-265.765;181.336;20;yes;14;A11;0;ghsl-ucdb. osm. wikidata
Namibia;Okahandja;settlement;-219.814;169.029;12;no;;A11;0;ghsl-ucdb. osm
Namibia;Lüderitz;settlement;-266.481;151.538;12;yes;5;A12;0;ghsl-ucdb. osm. wikidata
Namibia;Helao Nafidi;settlement;-173.932;158.911;11;yes;15;A11;0;ghsl-ucdb. osm
Namibia;Grootfontein;settlement;-195.733;181.003;10;yes;8;A12;0;ghsl-ucdb. osm. wikidata
Nepal;Kathmandu;settlement;277.017;853.206;100;yes;1;A9. A11. A12;0;cuisine. ghsl-ucdb. osm. wdpa. wikidata
Nepal;Bharatpur;settlement;276.803;844.365;86;yes;5;A9. A11;1;cuisine. ghsl-ucdb. osm. unesco-whs. wdpa. wikidata
Nepal;Sagarmatha National Park;site;279.653;869.131;73;yes;2;A9. A11;1;osm. unesco-whs. wdpa. wikidata
Nepal;Banepā;settlement;276.327;85.522;68;no;;A11;1;cuisine. ghsl-ucdb. osm. unesco-whs. wikidata
Nepal;Pokhara;settlement;282.669;839.685;60;yes;3;A11;0;cuisine. ghsl-ucdb. osm
Nepal;Siddharthanagar;settlement;27.5;83.45;50;yes;6;A11;0;cuisine. ghsl-ucdb. osm
Nepal;Nepalgunj;settlement;28.05;816.167;42;yes;4;A9. A11;0;ghsl-ucdb. osm. wdpa
Nepal;Panauti;settlement;275.847;855.212;40;no;;A11. A10;0;cuisine. ghsl-ucdb. osm. wikidata
Nepal;Butwāl;settlement;276.912;834.525;39;no;;A11;0;cuisine. ghsl-ucdb. osm. wikidata
Nepal;Rara;site;295.015;820.682;29;yes;7;A9. A11;0;osm. wdpa
Nepal;Tulsi̇̄pur;settlement;281.333;82.298;27;yes;13;A11;0;cuisine. ghsl-ucdb. osm
Nepal;Bāgluṅ;settlement;282.673;835.996;27;no;;A11;0;cuisine. ghsl-ucdb. osm
Nepal;Dipayal;settlement;292.608;80.94;26;yes;8;A11. A9;0;ghsl-ucdb. osm. wdpa
Nepal;Shey-Phoksundo;site;29.378;82.832;25;yes;11;A9;0;osm. wdpa. wikidata
Nepal;Chautārā;settlement;277.763;857.127;25;no;;A9. A11;0;cuisine. ghsl-ucdb. osm. wdpa. wikidata
Nepal;Birendranagar;settlement;285.967;816.166;24;no;;A9;0;ghsl-ucdb. osm. wdpa
Nepal;Khā̃dbāri̇̄;settlement;273.765;872.077;24;yes;12;A11. A9;0;ghsl-ucdb. osm. wdpa
Nepal;Panauti̇̄;settlement;275.845;855.149;18;no;;A11;0;cuisine. ghsl-ucdb. osm. wikidata
Nepal;Dailekh;settlement;288.443;817.101;15;yes;14;A11;0;ghsl-ucdb. osm. wikidata
Nepal;Hetauda;settlement;274.284;850.322;15;no;;A10;0;cuisine. ghsl-ucdb. osm. wdpa. wikidata
Nepal;Inaruwa;settlement;266.068;871.478;14;yes;10;;0;ghsl-ucdb. wdpa. wikidata
Nepal;Tānsen;settlement;278.666;835.459;12;no;;A11;0;cuisine. ghsl-ucdb. osm. wikidata
Nepal;Bhimdatta;settlement;28.964;801.771;12;yes;15;A11;0;ghsl-ucdb. osm. wdpa
Nepal;Ṭikāpur;settlement;285.282;811.183;11;no;;A11;0;ghsl-ucdb. osm. wikidata
Nepal;Dārchulā;settlement;29.83;80.55;11;no;;A11;0;ghsl-ucdb. osm
Nepal;Chari̇̄koṭ;settlement;276.682;860.519;11;yes;9;A11. A10;0;ghsl-ucdb. osm. wikidata
New Caledonia;Nouméa;settlement;-222.741;1.664.488;100;yes;1;A11;0;ghsl-ucdb. osm. wikidata
New Caledonia;Dumbéa;settlement;-221.576;1.664.572;77;no;;A11. A9;0;ghsl-ucdb. osm. wdpa
New Caledonia;Mont-Dore;settlement;-222.626;1.665.662;57;no;;A9;0;ghsl-ucdb. osm. wdpa
New Zealand;Wellington;settlement;-412.866;1.747.756;100;yes;1;A11;0;cuisine. ghsl-ucdb. osm. wikidata
New Zealand;Christchurch;settlement;-435.333;1.726.333;91;yes;4;A11;0;cuisine. ghsl-ucdb. osm. wikidata
New Zealand;Auckland;settlement;-368.485;1.747.635;89;yes;2;A11. A12;0;ghsl-ucdb. osm. wikidata
New Zealand;Paparoa National Park;site;-42.051;1.716.256;81;yes;3;A9. A11;0;cuisine. osm. wdpa. wikidata
New Zealand;Dunedin;settlement;-458.742;1.705.036;72;yes;5;A11;0;ghsl-ucdb. osm. wdpa. wikidata
New Zealand;Rotorua;settlement;-381.387;1.762.452;66;yes;6;A11;0;ghsl-ucdb. osm. wdpa
New Zealand;Whangarei;settlement;-357.317;1.743.239;65;yes;7;A11;0;ghsl-ucdb. osm. wdpa. wikidata
New Zealand;Hamilton;settlement;-377.833;1.752.833;63;yes;11;A11;0;ghsl-ucdb. osm. wikidata
New Zealand;Manukau City;settlement;-369.928;1.748.799;62;no;;A11;0;ghsl-ucdb. osm
New Zealand;Blenheim;settlement;-41.516;1.739.528;60;no;;A11;0;cuisine. ghsl-ucdb. osm. wdpa
New Zealand;Westland / Tai Poutini National Park;site;-43.425;170.126;59;yes;8;A9. A11;0;osm. wdpa
New Zealand;Mount Aspiring National Park;site;-44.391;168.881;57;yes;9;A9. A11;0;osm. wdpa
New Zealand;Arthur's Pass National Park;site;-428.943;1.717.241;54;yes;15;A9;0;cuisine. osm. wdpa
New Zealand;Taupo;settlement;-386.833;1.760.833;49;no;;A11. A9;2;ghsl-ucdb. osm. unesco-whs. wdpa
New Zealand;Nelson Lakes National Park;site;-420.416;1.726.346;49;yes;18;A9;0;cuisine. osm. wdpa
New Zealand;Hastings;settlement;-396.381;1.768.492;48;yes;10;A11;0;ghsl-ucdb. osm. wdpa
New Zealand;Palmerston North;settlement;-403.564;1.756.111;47;yes;13;A11;0;cuisine. ghsl-ucdb. osm. wikidata
New Zealand;Masterton;settlement;-409.597;1.756.575;47;no;;A11;0;cuisine. ghsl-ucdb. osm
New Zealand;Nelson;settlement;-412.708;173.284;47;yes;12;A9. A11;0;cuisine. ghsl-ucdb. osm. wdpa. wikidata
New Zealand;Tauranga;settlement;-376.861;1.761.667;46;no;;A11;0;ghsl-ucdb. osm. wikidata
New Zealand;Tongariro National Park;site;-391.934;1.755.888;44;yes;14;A9. A11;0;cuisine. osm. wdpa. wikidata
New Zealand;Lower Hutt;settlement;-412.167;1.749.167;40;no;;A11;0;cuisine. ghsl-ucdb. osm
New Zealand;New Plymouth;settlement;-390.667;1.740.833;37;yes;16;A9. A11;0;cuisine. ghsl-ucdb. osm. wdpa. wikidata
New Zealand;Pukekohe East;settlement;-37.2;174.95;37;no;;A11;0;ghsl-ucdb. osm. wikidata
New Zealand;Tasman;site;-410.757;1.723.352;35;no;;A9. A11;0;cuisine. osm. wdpa
New Zealand;Napier;settlement;-394.926;1.769.123;35;no;;A11;0;ghsl-ucdb. osm. wikidata
New Zealand;Invercargill;settlement;-46.4;168.35;34;yes;17;A9. A11;0;ghsl-ucdb. osm. wdpa. wikidata
New Zealand;Cambridge;settlement;-378.782;1.754.402;34;no;;A11;0;ghsl-ucdb. osm. wdpa
New Zealand;Upper Hutt;settlement;-411.383;1.750.502;32;no;;A11;0;cuisine. ghsl-ucdb. osm. wdpa. wikidata
New Zealand;Paraparaumu;settlement;-409.167;1.750.167;32;no;;A11;0;cuisine. ghsl-ucdb. osm
New Zealand;Porirua;settlement;-411.333;174.85;29;no;;A11;0;cuisine. ghsl-ucdb. osm
New Zealand;Whanganui;settlement;-399.333;175.05;28;no;;A11;0;cuisine. ghsl-ucdb. osm. wdpa
New Zealand;Richmond;settlement;-413.333;1.731.833;28;no;;A11;0;cuisine. ghsl-ucdb. osm. wdpa
New Zealand;Timaru;settlement;-443.967;1.712.536;28;no;;A11;0;ghsl-ucdb. osm. wdpa. wikidata
New Zealand;Burwood Bush (Red Tussock);site;-455.305;168.064;27;no;;A9;0;osm. wdpa
New Zealand;Raukumara;site;-379.603;1.778.221;27;no;;A9;0;wdpa
New Zealand;Rangiora;settlement;-433.044;1.725.836;26;no;;A11;0;cuisine. ghsl-ucdb. osm. wdpa
New Zealand;Ashburton;settlement;-438.983;1.717.301;25;no;;A11;0;ghsl-ucdb. osm. wdpa
New Zealand;Hikurangi;site;-425.354;1.736.523;24;no;;A9. A11;0;cuisine. osm. wdpa
New Zealand;Levin;settlement;-406.333;175.275;24;no;;A11;0;cuisine. ghsl-ucdb. osm
New Zealand;Te Wahipounamu – South West New Zealand;site;-45.036;1.673.196;23;no;;A9;1;unesco-whs. wdpa. wikidata
New Zealand;New Zealand Sub-Antarctic Islands;site;-477.516;1.790.254;23;no;;A9;1;unesco-whs. wdpa. wikidata
New Zealand;Gisborne;settlement;-386.533;1.780.042;22;no;;A11;0;ghsl-ucdb. osm. wdpa
New Zealand;Farewell Spit;site;-405.529;1.729.046;21;no;;A9. A11;0;cuisine. osm. wdpa
New Zealand;Ruakituri Wilderness Area;site;-386.035;1.771.793;21;no;;A9. A11;0;osm. wdpa
New Zealand;Te Tapuwae o Hua (Long Sound);site;-460.064;1.668.201;21;no;;A9;0;wdpa
New Zealand;Auckland Islands - Motu Maha;site;-507.071;1.661.151;19;no;;A9;0;wdpa. wikidata
New Zealand;Whakatane;settlement;-379.586;1.769.854;18;no;;A11;0;ghsl-ucdb. osm. wdpa
New Zealand;Rolleston;settlement;-435.833;1.723.833;17;no;;A11;0;ghsl-ucdb. osm
New Zealand;Rakiura National Park;site;-469.868;167.805;16;no;;A9;0;wdpa. wikidata
New Zealand;Campbell Island;site;-525.435;169.126;16;no;;A9;0;wdpa. wikidata
New Zealand;Kermadec Islands;site;-302.925;-1.783.866;14;no;;A9;0;wdpa
New Zealand;Te Hauturu-o-Toi / Little Barrier Island (Gift Area);site;-361.986;1.750.809;14;no;;A9. A11;0;osm. wdpa. wikidata
Nicaragua;León;settlement;124.353;-868.786;100;yes;1;A11;1;ghsl-ucdb. osm. unesco-whs. wdpa. wikidata
Nicaragua;Puerto Cabezas;settlement;140.351;-833.888;83;yes;2;A11. A9;0;ghsl-ucdb. osm. wdpa
Nicaragua;Managua;settlement;121.328;-862.504;82;yes;6;A11. A12;0;ghsl-ucdb. osm
Nicaragua;Siuna;settlement;137.332;-847.772;81;yes;3;A11. A9;0;ghsl-ucdb. osm. wdpa. wikidata
Nicaragua;La Paz Centro;settlement;12.34;-866.753;77;no;;;1;ghsl-ucdb. unesco-whs. wdpa. wikidata
Nicaragua;Río Indio Maíz;site;111.206;-840.268;69;yes;4;A9;0;osm. wdpa. wikidata
Nicaragua;Rivas;settlement;114.398;-858.275;62;yes;5;A11. A9;0;ghsl-ucdb. osm. wdpa
Nicaragua;Masaya;settlement;119.732;-860.959;60;no;;A9. A11;0;ghsl-ucdb. osm. wdpa
Nicaragua;Matagalpa;settlement;129.279;-859.191;49;no;;A11;0;ghsl-ucdb. osm. wdpa
Nicaragua;Jinotega;settlement;13.091;-860.023;49;yes;7;A11;0;ghsl-ucdb. osm. wdpa. wikidata
Nicaragua;Nandaime;settlement;11.757;-860.529;42;no;;A9;0;ghsl-ucdb. osm. wdpa
Nicaragua;Estelí;settlement;130.929;-863.559;40;no;;A11;0;ghsl-ucdb. osm. wdpa
Nicaragua;El Viejo;settlement;126.635;-871.666;40;no;;A10;0;ghsl-ucdb. osm. wdpa. wikidata
Nicaragua;Río Blanco;settlement;129.344;-852.235;40;yes;9;A11;0;ghsl-ucdb. osm. wdpa
Nicaragua;Masatepe;settlement;119.145;-861.446;36;no;;A11;0;ghsl-ucdb. osm
Nicaragua;Nueva Guinea;settlement;116.876;-844.562;29;yes;11;A11;0;ghsl-ucdb. osm. wdpa
Nicaragua;Granada;settlement;119.306;-859.537;28;no;;A11;0;ghsl-ucdb. osm. wdpa. wikidata
Nicaragua;Bluefields;settlement;120.129;-837.645;19;yes;10;A11;0;ghsl-ucdb. osm. wdpa
Nicaragua;Jalapa;settlement;139.222;-861.235;19;yes;12;A11;0;ghsl-ucdb. osm. wdpa
Nicaragua;Juigalpa;settlement;121.059;-853.655;16;yes;8;A10;0;ghsl-ucdb. osm. wdpa. wikidata
Nicaragua;Somoto;settlement;134.841;-865.823;16;yes;13;;0;ghsl-ucdb. osm. wdpa
Nicaragua;Ocotal;settlement;136.322;-86.474;15;no;;A11;0;ghsl-ucdb. osm. wdpa
Nicaragua;Chichigalpa;settlement;125.704;-87.028;15;no;;A11;0;ghsl-ucdb. osm. wdpa
Nicaragua;Mateare;settlement;122.351;-864.281;14;no;;A11;0;ghsl-ucdb. osm. wdpa
Nicaragua;Boaco;settlement;124.726;-856.596;14;no;;;0;ghsl-ucdb. wdpa
Nicaragua;Nagarote;settlement;122.659;-865.647;14;no;;;0;ghsl-ucdb. wdpa
Nicaragua;Camoapa;settlement;123.838;-855.128;14;no;;;0;ghsl-ucdb. wdpa
Nicaragua;Chinandega;settlement;126.295;-871.313;11;no;;A11;0;ghsl-ucdb. osm
Niger;Niamey;settlement;135.137;21.098;100;yes;1;A11. A12;0;ghsl-ucdb. osm
Niger;Air and Ténéré Natural Reserves;site;190.762;9.662;100;yes;2;A9;1;unesco-whs. wdpa
Niger;Agadez;settlement;169.733;79.911;94;yes;3;A11;1;ghsl-ucdb. osm. unesco-whs. wikidata
Niger;Magaria;settlement;129.983;89.099;61;yes;4;A11;0;ghsl-ucdb. osm
Niger;Tahoua;settlement;148.888;52.692;52;yes;6;A11;0;ghsl-ucdb. osm
Niger;Téra;settlement;140.078;0.7531;43;no;;A11. A9;0;ghsl-ucdb. osm. wdpa. wikidata
Niger;Ayorou;settlement;147.308;0.9174;29;yes;5;A9;0;ghsl-ucdb. osm. wdpa
Niger;Illéla;settlement;144.605;52.437;29;no;;A9;0;ghsl-ucdb. osm. wdpa
Niger;La Mare de Tabalak;site;150.867;58.565;29;no;;A9;0;osm. wdpa
Niger;La Mare de Lassouri;site;140.849;9.585;29;no;;A9;0;osm. wdpa
Niger;Gueltas et Oasis de l'Aïr;site;189.595;89.286;29;no;;A9;0;wdpa
Niger;Gaya;settlement;118.843;34.492;28;yes;9;A11;0;ghsl-ucdb. osm. wdpa
Niger;Zinder;settlement;138.072;89.881;24;no;;A11;0;ghsl-ucdb. osm
Niger;Maradi;settlement;13.5;71.017;23;yes;10;A11;0;ghsl-ucdb. osm
Niger;Dosso;settlement;13.049;31.937;22;yes;11;A11;0;ghsl-ucdb. osm
Niger;Birnin Gaouré;settlement;130.817;2.911;18;no;;;0;ghsl-ucdb. osm. wdpa
Niger;Nguigmi;settlement;142.495;131.092;18;yes;12;A11;0;ghsl-ucdb. osm. wdpa
Niger;Tillabéri;settlement;142.071;14.542;16;no;;A11;0;ghsl-ucdb. osm
Niger;Say;settlement;131.007;23.689;15;no;;;0;ghsl-ucdb. osm. wdpa
Niger;Méhana;settlement;143.939;11.338;15;no;;;0;ghsl-ucdb. osm. wdpa
Niger;Gouré;settlement;139.835;102.704;13;yes;7;;0;ghsl-ucdb. osm
Niger;Diffa;settlement;133.154;126.113;13;yes;8;;0;ghsl-ucdb. osm
Niger;Mirriah;settlement;137.073;91.501;13;no;;;0;ghsl-ucdb. osm
Niger;Dogondoutchi;settlement;136.403;40.265;12;yes;13;A11;0;ghsl-ucdb. osm
Nigeria;Benin City;settlement;63.381;56.258;100;yes;1;A9. A11. A12;0;ghsl-ucdb. osm. wdpa. wikidata
Nigeria;Gashaka-Gumti;site;75.134;116.865;89;yes;3;A9;0;wdpa. wikidata
Nigeria;Abuja;settlement;90.579;74.951;88;yes;4;A12. A11;0;cuisine. ghsl-ucdb. osm
Nigeria;Kainji Lake;site;100.263;44.939;88;yes;5;A9;0;wdpa
Nigeria;Jos;settlement;99.285;88.921;83;yes;6;A11. A12;0;cuisine. ghsl-ucdb. osm
Nigeria;Osogbo;settlement;7.771;4.557;82;yes;2;A11;1;ghsl-ucdb. osm. unesco-whs. wikidata
Nigeria;Kano;settlement;120.001;85.167;81;yes;7;A12. A11;0;ghsl-ucdb. osm. wikidata
Nigeria;Ondo;settlement;70.932;48.353;81;no;;A11;0;ghsl-ucdb. osm
Nigeria;Nguru;settlement;12.877;104.554;79;yes;9;A11;0;ghsl-ucdb. osm. wdpa. wikidata
Nigeria;Ikom;settlement;59.667;87.063;79;yes;8;A9. A11;0;ghsl-ucdb. osm. wdpa. wikidata
Nigeria;Yenagoa;settlement;49.268;62.676;78;yes;10;A11;0;ghsl-ucdb. osm. wdpa. wikidata
Nigeria;Ilorin;settlement;84.966;45.421;78;no;;A11. A12;0;ghsl-ucdb. osm
Nigeria;Aba;settlement;51.066;73.667;77;yes;15;A11. A12;0;ghsl-ucdb. osm
Nigeria;Okuta;settlement;92.187;32.012;76;yes;11;A11;0;ghsl-ucdb. osm
Nigeria;Idanre;settlement;71.127;51.159;75;no;;A11;0;ghsl-ucdb. osm. wikidata
Nigeria;Wamba;settlement;89.415;86.031;75;no;;A11;0;cuisine. ghsl-ucdb. osm. wdpa
Nigeria;Otukpa;settlement;71.017;76.594;74;yes;12;A11;0;cuisine. ghsl-ucdb. osm
Nigeria;Ajaokuta;settlement;75.623;6.655;74;no;;A11;0;cuisine. ghsl-ucdb. osm. wikidata
Nigeria;Doma;settlement;83.931;83.554;74;no;;A11;0;cuisine. ghsl-ucdb. osm
Nigeria;Nasarawa;settlement;85.389;77.082;74;no;;A11;0;cuisine. ghsl-ucdb. osm
Nigeria;Baro;settlement;86.157;64.185;72;yes;16;A11;0;cuisine. ghsl-ucdb. osm
Nigeria;Ibadan;settlement;73.776;39.059;72;no;;A12. A11;0;ghsl-ucdb. osm
Nigeria;Kuje;settlement;88.795;72.276;71;no;;A11;0;cuisine. ghsl-ucdb. osm
Nigeria;Elele;settlement;51.009;68.141;71;no;;A11;0;ghsl-ucdb. osm
Nigeria;Makurdi;settlement;77.337;85.214;71;no;;A11;0;cuisine. ghsl-ucdb. osm. wikidata
Nigeria;Kwale;settlement;57.077;6.434;71;no;;A11;0;ghsl-ucdb. osm
Nigeria;Lafia;settlement;84.939;85.153;70;yes;18;A11;0;cuisine. ghsl-ucdb. osm
Nigeria;Pankshin;settlement;93.254;94.352;70;no;;A11;0;cuisine. ghsl-ucdb. osm
Nigeria;Port Harcourt;settlement;47.774;70.134;70;no;;A11. A12;0;ghsl-ucdb. osm
Nigeria;Saki;settlement;86.676;33.939;69;no;;A11;0;ghsl-ucdb. osm
Nigeria;Igangan;settlement;76.807;31.841;68;yes;14;A11;0;ghsl-ucdb. osm
Nigeria;Pindiga;settlement;99.843;109.523;68;yes;13;A9;0;ghsl-ucdb. wdpa
Nigeria;Ogbomoso;settlement;81.337;42.401;67;no;;A11;0;ghsl-ucdb. osm
Nigeria;Rano;settlement;115.568;85.807;67;no;;A11;0;ghsl-ucdb. osm
Nigeria;Ogoja;settlement;66.584;87.992;67;no;;A11;0;ghsl-ucdb. osm
Nigeria;Birnin Kudu;settlement;114.521;94.786;67;no;;A11;0;ghsl-ucdb. osm
Nigeria;Gumel;settlement;126.269;93.881;66;no;;A11;0;ghsl-ucdb. osm
Nigeria;Effium;settlement;66.311;80.581;66;no;;A11;0;ghsl-ucdb. osm
Nigeria;Kisi;settlement;9.083;3.852;66;no;;A11;0;ghsl-ucdb. osm
Nigeria;Kiyawa;settlement;117.844;96.069;64;no;;A11;0;ghsl-ucdb. osm
Nigeria;Idah;settlement;71.135;67.387;63;no;;A11;0;ghsl-ucdb. osm
Nigeria;Gaya;settlement;118.606;90.027;63;no;;A11;0;ghsl-ucdb. osm
Nigeria;Eket;settlement;46.423;79.244;63;no;;A11;0;ghsl-ucdb. osm
Nigeria;Badagry;settlement;6.415;28.813;61;yes;20;A11;0;ghsl-ucdb. osm. wikidata
Nigeria;Enugu-Ezike;settlement;69.827;74.553;60;no;;A11;0;cuisine. ghsl-ucdb. osm
Nigeria;Dutse;settlement;117.562;9.339;60;no;;A11;0;ghsl-ucdb. osm
Nigeria;Lafiagi;settlement;8.853;54.164;60;no;;A11;0;ghsl-ucdb. osm
Nigeria;Obudu;settlement;66.682;91.645;57;no;;A11;0;ghsl-ucdb. osm
Nigeria;Darazo;settlement;109.992;104.106;55;no;;A11;0;ghsl-ucdb. osm
Nigeria;Gwarzo;settlement;11.916;79.337;55;no;;A11;0;ghsl-ucdb. osm
Nigeria;Ijebu-Igbo;settlement;6.972;39.994;55;no;;A11;0;ghsl-ucdb. osm
Nigeria;Lokoja;settlement;77.969;67.405;54;no;;A11;0;cuisine. ghsl-ucdb. osm
Nigeria;Igbara-Odo;settlement;75.025;50.626;54;no;;A11;0;ghsl-ucdb. osm
Nigeria;Igbor;settlement;74.512;86.081;53;no;;A11;0;cuisine. ghsl-ucdb. osm
Nigeria;Sofo-Birnin-Gwari;settlement;110.154;67.804;52;no;;A9;0;ghsl-ucdb. wdpa. wikidata
Nigeria;Ejigbo;settlement;7.903;43.136;50;no;;A11;0;ghsl-ucdb. osm
Nigeria;Orita-Eruwa;settlement;75.563;34.411;49;no;;A11;0;ghsl-ucdb. osm
Nigeria;Igboho;settlement;88.378;37.563;48;no;;A11;0;ghsl-ucdb. osm
Nigeria;Kaduna;settlement;105.264;74.388;48;no;;A11. A12;0;cuisine. ghsl-ucdb. osm. wikidata
Nigeria;Lagos;settlement;64.541;33.947;48;no;;A12. A11;0;ghsl-ucdb. osm. wikidata
Nigeria;Ugep;settlement;58.087;8.081;47;no;;A11;0;ghsl-ucdb. osm
Nigeria;Ise-Ekiti;settlement;74.648;54.233;45;no;;A9;0;ghsl-ucdb. osm. wdpa
Nigeria;Igbeti;settlement;87.492;41.311;45;no;;A9;0;ghsl-ucdb. osm. wdpa
Nigeria;Okigwe;settlement;58.292;73.506;44;no;;A11;0;ghsl-ucdb. osm
Nigeria;Bonny;settlement;44.516;71.707;44;no;;A11;0;ghsl-ucdb. osm. wikidata
Nigeria;Wukari;settlement;78.714;97.779;44;no;;A11;0;cuisine. ghsl-ucdb. osm
Nigeria;Fiditi;settlement;77.139;39.167;41;no;;A11;0;ghsl-ucdb. osm
Nigeria;Gombe;settlement;102.897;111.673;40;no;;A11;0;ghsl-ucdb. osm
Nigeria;Gwaram;settlement;112.773;98.839;35;no;;A11;0;ghsl-ucdb. osm
Nigeria;Ebute Ikorodu;settlement;66.009;34.882;35;no;;A11;0;ghsl-ucdb. osm
Nigeria;Owerri;settlement;54.836;70.332;32;no;;A11;0;ghsl-ucdb. osm
Nigeria;Alasia;settlement;64.749;31.691;32;no;;A11;0;ghsl-ucdb. osm
Nigeria;Agege;settlement;66.156;33.334;29;no;;A11;0;ghsl-ucdb. osm. wikidata
Nigeria;Akure;settlement;72.526;51.931;27;no;;A11;0;ghsl-ucdb. osm
Nigeria;Abakaliki;settlement;63.248;81.137;26;no;;A11;0;ghsl-ucdb. osm
Nigeria;Uromi;settlement;6.7;63.333;25;no;;A11;0;ghsl-ucdb. osm. wdpa
Nigeria;Kaiama;settlement;96.053;3.941;25;no;;A11;0;ghsl-ucdb. osm
Nigeria;Enugu;settlement;64.413;74.988;24;no;;A11;0;ghsl-ucdb. osm
Nigeria;Anchau;settlement;109.625;83.923;23;no;;;0;cuisine. ghsl-ucdb. wdpa
Nigeria;Sapele;settlement;58.941;56.767;23;no;;;0;ghsl-ucdb. osm. wdpa
Nigeria;Suleja;settlement;91.806;71.794;20;no;;A11;0;cuisine. ghsl-ucdb. osm
Nigeria;Maiduguri;settlement;118.469;131.571;19;no;;A12. A11;0;ghsl-ucdb. osm
Nigeria;Ikare;settlement;75.259;57.534;18;yes;17;;0;ghsl-ucdb. osm
Nigeria;Kagoro;settlement;96.078;83.904;18;no;;;0;cuisine. ghsl-ucdb. wikidata
Nigeria;Owo;settlement;71.962;55.868;18;no;;;0;ghsl-ucdb. osm
Nigeria;Calabar;settlement;49.589;8.327;16;no;;;0;ghsl-ucdb. osm. wikidata
Nigeria;Umuahia;settlement;55.249;74.946;15;no;;;0;ghsl-ucdb. osm. wikidata
Nigeria;Oyo;settlement;78.537;39.324;14;no;;;0;ghsl-ucdb. osm. wikidata
Nigeria;Uyo;settlement;50.513;79.335;14;no;;;0;ghsl-ucdb. osm. wikidata
Nigeria;Ile-Ife;settlement;74.824;45.603;14;no;;A12;0;ghsl-ucdb. osm. wikidata
Nigeria;Sokoto;settlement;130.627;52.432;14;no;;A12;0;ghsl-ucdb. osm. wikidata
Nigeria;Katsina;settlement;129.908;76.018;14;no;;;0;ghsl-ucdb. osm. wikidata
Nigeria;Epe;settlement;65.841;39.834;14;no;;;0;ghsl-ucdb. osm. wikidata
Nigeria;Argungu;settlement;127.448;45.251;14;yes;19;;0;ghsl-ucdb. wikidata
Nigeria;Akowonjo;settlement;66.101;33.097;14;no;;;0;ghsl-ucdb. osm. wikidata
Nigeria;Enugu-Ukwu;settlement;61.715;70.053;14;no;;A12;0;ghsl-ucdb. wikidata
Nigeria;Bende;settlement;55.587;76.336;13;no;;A11;0;ghsl-ucdb. osm
Nigeria;Warri;settlement;55.174;57.501;11;no;;;0;ghsl-ucdb. osm
Nigeria;Bauchi;settlement;103.103;98.439;11;no;;;0;cuisine. ghsl-ucdb. osm
Nigeria;Ogwashi-Uku;settlement;61.781;65.246;10;no;;A11;0;ghsl-ucdb. osm
Norfolk Island;Norfolk;site;-267.225;1.678.083;100;yes;1;A9;0;wdpa
North Korea;T’ongch’ŏn-ŭp;settlement;389.539;1.278.917;100;yes;1;A9;2;cuisine. ghsl-ucdb. osm. unesco-whs. wikidata
North Korea;Pyongyang;settlement;390.339;1.257.543;94;yes;2;A12. A11;0;cuisine. ghsl-ucdb. osm. wikidata
North Korea;Kaesŏng;settlement;379.708;1.265.544;86;yes;3;A11;1;ghsl-ucdb. osm. unesco-whs. wikidata
North Korea;Manp’o;settlement;411.547;1.262.894;47;yes;4;;1;cuisine. ghsl-ucdb. osm. unesco-whs. wikidata
North Korea;Anak;settlement;385.108;1.254.942;33;yes;10;;1;ghsl-ucdb. osm. unesco-whs
North Korea;Wŏnsan;settlement;391.528;1.274.436;29;no;;A11;0;cuisine. ghsl-ucdb. osm
North Korea;Ŭndŏk;settlement;425.188;1.303.348;23;yes;5;;0;ghsl-ucdb. osm. wdpa
North Korea;Yŏnan-ŭp;settlement;379.089;1.261.611;23;no;;;0;ghsl-ucdb. osm. wdpa
North Korea;Chongjin;settlement;417.956;1.297.758;20;yes;9;A11;0;ghsl-ucdb. osm
North Korea;Sinŭiju;settlement;401.006;1.243.981;19;yes;7;A11;0;ghsl-ucdb. osm
North Korea;Kanggye;settlement;409.695;1.265.852;17;no;;;0;cuisine. ghsl-ucdb. osm. wikidata
North Korea;Kangsŏn;settlement;389.364;1.255.811;16;no;;A11;0;ghsl-ucdb. osm. wikidata
North Korea;Samjiyŏn-ŭp;settlement;418.036;1.283.189;15;yes;8;A11;0;ghsl-ucdb. osm. wikidata
North Korea;Kujang-ŭp;settlement;398.672;1.260.303;14;yes;6;;0;cuisine. ghsl-ucdb. osm. wikidata
North Korea;Tŏkch’ŏn;settlement;397.526;126.258;12;no;;;0;cuisine. ghsl-ucdb. osm. wikidata
North Korea;P’yŏngsŏng;settlement;392.464;1.258.719;11;no;;;0;cuisine. ghsl-ucdb. osm
North Korea;Anju;settlement;396.178;1.256.647;10;no;;;0;cuisine. ghsl-ucdb. osm
North Macedonia;Skopje;settlement;419.965;214.314;100;yes;1;A11;0;cuisine. ghsl-ucdb. osm. wikidata
North Macedonia;Ohrid;settlement;41.117;208.017;96;yes;2;A11. A9;2;cuisine. ghsl-ucdb. osm. unesco-whs. wdpa. wikidata
North Macedonia;Prilep;settlement;413.456;215.537;51;yes;5;A11;0;cuisine. ghsl-ucdb. osm. wdpa. wikidata
North Macedonia;Gostivar;settlement;417.963;20.908;42;no;;A9;1;cuisine. ghsl-ucdb. osm. unesco-whs. wdpa. wikidata
North Macedonia;Shtip;settlement;417.458;221.958;42;no;;A11;0;cuisine. ghsl-ucdb. osm. wikidata
North Macedonia;Bitola;settlement;410.323;213.355;39;no;;A9;0;cuisine. ghsl-ucdb. osm. wdpa. wikidata
North Macedonia;Gevgelija;settlement;411.429;225.011;38;yes;3;A11;0;cuisine. ghsl-ucdb. osm. wdpa. wikidata
North Macedonia;Struga;settlement;411.779;206.789;35;no;;A11. A9;1;cuisine. ghsl-ucdb. osm. unesco-whs. wikidata
North Macedonia;Debar;settlement;415.229;20.522;28;no;;A11. A9;0;cuisine. ghsl-ucdb. osm. wdpa. wikidata
North Macedonia;Resen;settlement;41.09;210.088;26;no;;;0;cuisine. ghsl-ucdb. osm. wdpa. wikidata
North Macedonia;Veles;settlement;417.172;21.772;24;no;;A11;0;cuisine. ghsl-ucdb. osm. wikidata
North Macedonia;Tetovo;settlement;420.099;209.714;23;no;;A9;0;cuisine. ghsl-ucdb. osm. wdpa. wikidata
North Macedonia;Kumanovo;settlement;421.328;217.158;23;no;;A11;0;cuisine. ghsl-ucdb. osm. wikidata
North Macedonia;Kriva Palanka;settlement;42.202;223.339;21;no;;A11;0;cuisine. ghsl-ucdb. osm. wikidata
North Macedonia;Strumica;settlement;414.376;226.429;21;no;;A11;0;cuisine. ghsl-ucdb. osm. wikidata
North Macedonia;Negotino;settlement;414.846;220.906;21;no;;A11;0;cuisine. ghsl-ucdb. osm. wikidata
North Macedonia;Kavadarci;settlement;414.334;220.122;20;no;;A11. A9;0;cuisine. ghsl-ucdb. osm. wdpa
North Macedonia;Tearce;settlement;420.759;210.518;19;no;;A9;0;cuisine. ghsl-ucdb. wdpa. wikidata
North Macedonia;Kičevo;settlement;415.127;209.587;19;no;;A11;0;cuisine. ghsl-ucdb. osm. wikidata
North Macedonia;Kochani;settlement;419.164;224.128;18;yes;4;;0;cuisine. ghsl-ucdb. osm. wikidata
North Macedonia;Ilinden;settlement;41.993;215.808;16;no;;A11;0;cuisine. ghsl-ucdb. osm. wdpa
North Macedonia;Delcevo;settlement;419.672;227.694;13;no;;A11;0;ghsl-ucdb. osm
Northern Mariana Islands;Saipan;settlement;152.123;1.457.545;100;yes;1;;0;ghsl-ucdb. osm
Norway;Smoldalen;site;614.601;124.612;100;yes;1;A9;0;cuisine. wdpa. wikidata
Norway;Hamar;settlement;607.945;11.068;98;no;;A9;0;cuisine. ghsl-ucdb. wdpa. wikidata
Norway;Røros Mining Town and the Circumference;site;623.219;118.339;95;yes;8;A9;1;cuisine. unesco-whs. wdpa. wikidata
Norway;Lillehammer;settlement;611.151;104.663;91;yes;6;A9;0;cuisine. ghsl-ucdb. wdpa. wikidata
Norway;Urnes Stave Church;site;612.983;73.227;84;yes;4;A9;2;cuisine. unesco-whs. wdpa. wikidata
Norway;Harstad;settlement;687.983;165.417;79;yes;9;A9;0;ghsl-ucdb. wdpa. wikidata
Norway;Gjøvik;settlement;607.957;106.915;78;no;;A9;0;cuisine. ghsl-ucdb. wdpa. wikidata
Norway;Oslo;settlement;599.127;107.461;78;yes;2;A12;0;cuisine. ghsl-ucdb. wikidata
Norway;Lillestrøm;settlement;59.956;110.492;77;no;;A9;0;cuisine. ghsl-ucdb. wdpa. wikidata
Norway;Bergen;settlement;60.393;53.242;77;yes;3;;1;ghsl-ucdb. unesco-whs. wikidata
Norway;Blåfjella-Skjækerfjella;site;64.151;128.919;73;yes;10;A9;0;wdpa. wikidata
Norway;Trondheim;settlement;634.305;103.951;70;yes;12;A9;0;ghsl-ucdb. wdpa. wikidata
Norway;Arendal;settlement;584.615;87.725;69;no;;A9;0;cuisine. ghsl-ucdb. wdpa. wikidata
Norway;Fuggdalen;site;617.697;112.991;68;no;;A9;0;cuisine. wdpa. wikidata
Norway;Smådaladn;site;610.303;85.547;65;no;;A9;0;cuisine. wdpa. wikidata
Norway;Børgefjell/Byrkije;site;65.157;138.934;65;yes;16;A9;0;wdpa. wikidata
Norway;Vegaøyan – The Vega Archipelago;site;656.167;11.75;64;yes;13;A9;1;unesco-whs. wdpa. wikidata
Norway;Levanger;settlement;637.464;112.996;64;no;;A9;0;ghsl-ucdb. wdpa. wikidata
Norway;Bodø;settlement;672.827;143.751;64;yes;14;A9;0;ghsl-ucdb. wdpa. wikidata
Norway;Halden;settlement;591.248;113.875;63;no;;A9;1;cuisine. ghsl-ucdb. unesco-whs. wdpa. wikidata
Norway;Rjukan-Notodden Industrial Heritage Site;site;598.786;85.936;60;yes;15;;1;cuisine. unesco-whs. wdpa. wikidata
Norway;Horten;settlement;594.172;104.834;60;no;;;0;cuisine. ghsl-ucdb. wikidata
Norway;Tønsberg;settlement;592.675;104.076;59;no;;;0;cuisine. ghsl-ucdb. wikidata
Norway;Larvik;settlement;590.533;100.352;59;yes;5;;0;cuisine. ghsl-ucdb. wikidata
Norway;Ålesund;settlement;624.723;61.549;56;yes;7;A12;0;ghsl-ucdb. wikidata
Norway;Molde;settlement;627.375;71.591;56;no;;;0;ghsl-ucdb. wdpa. wikidata
Norway;Kristiansand;settlement;581.467;79.956;54;yes;11;A12;0;ghsl-ucdb. wikidata
Norway;Ljosådalen;site;592.654;72.697;53;yes;21;A9;0;cuisine. wdpa. wikidata
Norway;Haugesund;settlement;594.138;5.268;52;yes;17;A12;0;ghsl-ucdb. wikidata
Norway;Kristiansund;settlement;631.105;77.279;52;yes;20;A9;0;ghsl-ucdb. wdpa. wikidata
Norway;Kongsberg;settlement;596.686;96.502;51;no;;A9;0;cuisine. ghsl-ucdb. wdpa. wikidata
Norway;Rondane;site;618.877;97.869;51;no;;A9;0;cuisine. wdpa. wikidata
Norway;Tromsø;settlement;696.489;189.551;50;yes;18;A9;0;ghsl-ucdb. wdpa. wikidata
Norway;Skien;settlement;592.096;9.609;50;no;;A9;0;cuisine. ghsl-ucdb. wdpa. wikidata
Norway;Stavanger;settlement;589.701;57.333;48;no;;A9;0;ghsl-ucdb. wdpa. wikidata
Norway;Alta;settlement;699.689;232.717;47;yes;19;A9;1;ghsl-ucdb. unesco-whs. wdpa. wikidata
Norway;Struve Geodetic Arc;site;690.286;233.053;46;no;;A9;1;unesco-whs. wdpa. wikidata
Norway;Stjørdalshalsen;settlement;634.681;109.262;45;no;;A9;0;ghsl-ucdb. wdpa. wikidata
Norway;Porsgrunn;settlement;591.405;96.561;45;no;;A9;0;cuisine. ghsl-ucdb. wdpa. wikidata
Norway;Mo i Rana;settlement;663.128;141.428;43;no;;A9;0;ghsl-ucdb. wdpa. wikidata
Norway;Time;settlement;587.333;5.7;41;no;;A9;0;ghsl-ucdb. wdpa. wikidata
Norway;Dovrefjell-Sunndalsfjella;site;623.933;91.478;41;no;;A9;0;wdpa. wikidata
Norway;Hardangervidda;site;601.326;74.912;40;no;;A9;0;cuisine. wdpa. wikidata
Norway;Drammen;settlement;597.439;102.045;39;no;;A12;0;cuisine. ghsl-ucdb. wikidata
Norway;Grimstad;settlement;583.405;85.934;39;no;;A12;0;cuisine. ghsl-ucdb. wikidata
Norway;Sandefjord;settlement;591.312;102.166;38;no;;A12;0;cuisine. ghsl-ucdb. wikidata
Norway;Mjøsund;site;648.595;121.676;37;no;;A9;0;wdpa. wikidata
Norway;Borgan og Frelsøy;site;649.589;107.982;37;no;;A9;0;wdpa. wikidata
Norway;Moss;settlement;59.434;106.577;37;no;;A12;0;cuisine. ghsl-ucdb. wikidata
Norway;Asker;settlement;598.333;104.372;36;no;;A9;0;cuisine. ghsl-ucdb. wdpa. wikidata
Norway;Øvre Dividal;site;687.091;197.897;36;no;;A9;0;wdpa. wikidata
Norway;Forollhogna;site;626.864;106.449;36;no;;A9;0;wdpa. wikidata
Norway;Øyenskavlen;site;643.015;110.172;36;no;;A9;0;wdpa. wikidata
Norway;Fredrikstad;settlement;592.181;109.298;36;no;;A12;0;cuisine. ghsl-ucdb. wikidata
Norway;Vassfaret;site;605.637;94.193;35;no;;A9;0;cuisine. wdpa. wikidata
Norway;Havmyran;site;635.076;86.223;34;no;;A9;0;wdpa. wikidata
Norway;Makkaurhalvøya;site;706.316;301.428;33;no;;A9;0;wdpa. wikidata
Norway;Sarpsborg;settlement;592.839;111.096;32;no;;A12;0;cuisine. ghsl-ucdb. wikidata
Norway;Lofotodden;site;679.742;129.595;32;no;;A9;0;wdpa. wikidata
Norway;Folgefonna;site;60.058;62.955;29;no;;A9;0;wdpa. wikidata
Norway;Kjølsøyværet/Valvær;site;667.957;126.783;27;no;;A9;0;wdpa. wikidata
Norway;Tromsdalen;settlement;69.65;190.167;26;no;;A12;0;ghsl-ucdb. wikidata
Norway;Breheimen;site;617.698;79.212;25;no;;A9;0;wdpa. wikidata
Norway;Tanamunningen;site;70.492;284.101;25;no;;A9;0;wdpa. wikidata
Norway;Froan;site;640.455;90.295;25;no;;A9;0;wdpa. wikidata
Norway;Jávreoaivvit;site;695.242;212.146;25;no;;A9;0;wdpa. wikidata
Norway;Melkevatn-Hjertvatn-Børsvatn;site;682.409;167.716;24;no;;A9;0;wdpa. wikidata
Norway;Sandnes;settlement;588.524;57.352;22;no;;A12;0;ghsl-ucdb. wikidata
Norway;Rago;site;67.448;159.818;18;no;;A9;0;wdpa. wikidata
Norway;Røstøyan;site;674.483;119.523;13;no;;A9;0;wdpa. wikidata
Oman;Sur;settlement;225.667;595.289;100;yes;1;A9. A11;1;ghsl-ucdb. osm. unesco-whs. wdpa. wikidata
Oman;Şalālah;settlement;17.015;540.924;85;yes;2;A11;1;ghsl-ucdb. osm. unesco-whs. wikidata
Oman;Muscat;settlement;235.841;584.078;76;yes;3;A11;0;ghsl-ucdb. osm. wikidata
Oman;Qurayyāt;settlement;23.263;589.201;73;yes;9;A9. A11;0;ghsl-ucdb. osm. wdpa
Oman;Bahlā’;settlement;229.789;573.047;61;yes;6;A11;1;ghsl-ucdb. osm. unesco-whs. wikidata
Oman;Seeb;settlement;236.703;581.891;61;no;;A11;0;ghsl-ucdb. osm. wdpa. wikidata
Oman;‘Ibrī;settlement;232.257;565.157;59;no;;A11;1;ghsl-ucdb. osm. unesco-whs. wikidata
Oman;Izkī;settlement;229.333;577.667;50;no;;A11;1;ghsl-ucdb. osm. unesco-whs
Oman;Khasab;settlement;261.799;562.477;49;yes;4;A9;0;ghsl-ucdb. wdpa
Oman;Yanqul;settlement;235.864;565.397;48;yes;7;;0;ghsl-ucdb. osm. wdpa
Oman;Bawshar;settlement;235.777;583.998;29;no;;A11;0;ghsl-ucdb. osm
Oman;Al Buraymī;settlement;242.509;557.931;28;yes;5;;0;ghsl-ucdb. osm. wikidata
Oman;As Suwayq;settlement;238.494;574.386;26;yes;8;A11;0;ghsl-ucdb. osm
Oman;Badīyah;settlement;22.45;58.8;25;yes;10;A11;0;ghsl-ucdb. osm. wdpa
Oman;Nizwá;settlement;229.333;575.333;17;no;;;0;ghsl-ucdb. osm. wikidata
Oman;Barkā’;settlement;236.787;57.886;15;no;;A11;0;ghsl-ucdb. osm
Oman;Sohar;settlement;243.474;567.094;14;yes;11;A11;0;ghsl-ucdb. osm
Oman;Rustaq;settlement;233.908;574.244;12;no;;A11;0;ghsl-ucdb. osm
Oman;Samā’il;settlement;232.984;579.531;10;no;;;0;ghsl-ucdb. osm. wikidata
Pakistan;Talagang;settlement;329.277;724.159;100;yes;1;A9;0;ghsl-ucdb. wdpa
Pakistan;Sukheke Mandi;settlement;318.654;735.088;100;yes;2;A10;0;ghsl-ucdb. wikidata
Pakistan;Kirthar National Park;site;256.472;675.222;100;yes;4;A9;0;wdpa
Pakistan;Wah Cantt;settlement;337.709;727.512;93;no;;;1;ghsl-ucdb. unesco-whs. wikidata
Pakistan;Taunsa;settlement;307.036;706.505;90;no;;;0;cuisine. ghsl-ucdb. wdpa. wikidata
Pakistan;Mastung;settlement;297.997;668.455;90;no;;;0;cuisine. ghsl-ucdb. wdpa
Pakistan;Multan;settlement;301.968;714.782;84;yes;3;A12;0;cuisine. ghsl-ucdb. wikidata
Pakistan;Ahmadpur East;settlement;291.427;712.577;84;no;;A12;0;cuisine. ghsl-ucdb. wikidata
Pakistan;Kot Addu;settlement;304.691;70.967;84;no;;A12;0;cuisine. ghsl-ucdb. wikidata
Pakistan;Quetta;settlement;301.841;670.014;83;yes;6;A12;0;cuisine. ghsl-ucdb
Pakistan;Bahawalpur;settlement;293.978;716.752;83;no;;A12;0;cuisine. ghsl-ucdb
Pakistan;Jalalpur Pirwala;settlement;295.051;71.222;83;no;;A12;0;cuisine. ghsl-ucdb
Pakistan;Dera Ghazi Khan;settlement;300.459;706.403;83;no;;A12;0;cuisine. ghsl-ucdb
Pakistan;Burewala;settlement;301.667;72.65;83;yes;18;A12;0;cuisine. ghsl-ucdb
Pakistan;Muzaffargarh;settlement;300.726;711.938;83;no;;A12;0;cuisine. ghsl-ucdb
Pakistan;Qadirpur Ran;settlement;302.918;716.716;83;no;;A12;0;cuisine. ghsl-ucdb
Pakistan;Dajal;settlement;295.577;703.761;83;no;;A12;0;cuisine. ghsl-ucdb
Pakistan;Hasilpur;settlement;296.922;725.457;83;no;;A12;0;cuisine. ghsl-ucdb
Pakistan;Jampur;settlement;296.424;705.952;83;no;;A12;0;cuisine. ghsl-ucdb
Pakistan;Layyah;settlement;309.613;70.939;83;no;;A12;0;cuisine. ghsl-ucdb
Pakistan;Shujaabad;settlement;298.809;712.934;83;no;;A12;0;cuisine. ghsl-ucdb
Pakistan;Lodhran;settlement;295.339;716.324;83;no;;A12;0;cuisine. ghsl-ucdb
Pakistan;Khanpur;settlement;286.474;706.569;83;yes;8;A12;0;cuisine. ghsl-ucdb
Pakistan;Mian Channun;settlement;304.407;723.568;83;no;;A12;0;cuisine. ghsl-ucdb
Pakistan;Chaman;settlement;309.177;664.526;83;no;;A12;0;cuisine. ghsl-ucdb
Pakistan;Mailsi;settlement;298.012;72.174;83;no;;A12;0;cuisine. ghsl-ucdb
Pakistan;Vihari;settlement;300.445;723.556;83;no;;A12;0;cuisine. ghsl-ucdb
Pakistan;Kabirwala;settlement;304.047;718.627;83;no;;A12;0;cuisine. ghsl-ucdb
Pakistan;Zahir Pir;settlement;288.128;705.234;83;no;;A12;0;cuisine. ghsl-ucdb
Pakistan;Kahror Pakka;settlement;296.243;719.144;83;no;;A12;0;cuisine. ghsl-ucdb
Pakistan;Yazman;settlement;291.212;717.446;83;yes;16;A12;0;cuisine. ghsl-ucdb
Pakistan;Pir Mahal;settlement;307.666;724.346;83;no;;A12;0;cuisine. ghsl-ucdb
Pakistan;Rajanpur;settlement;291.041;703.297;83;no;;A12;0;cuisine. ghsl-ucdb
Pakistan;Zhob;settlement;313.408;694.493;83;yes;9;A12;0;cuisine. ghsl-ucdb
Pakistan;Jahanian;settlement;300.393;718.167;83;no;;A12;0;cuisine. ghsl-ucdb
Pakistan;Nushki;settlement;295.522;660.229;83;yes;17;A12;0;cuisine. ghsl-ucdb
Pakistan;Jatoi Shimali;settlement;295.183;708.447;83;no;;A12;0;cuisine. ghsl-ucdb
Pakistan;Mach;settlement;298.637;673.302;83;no;;A12;0;cuisine. ghsl-ucdb
Pakistan;Fatehpur;settlement;311.777;712.048;83;no;;A12;0;cuisine. ghsl-ucdb
Pakistan;Dunyapur;settlement;298.027;717.434;83;no;;A12;0;cuisine. ghsl-ucdb
Pakistan;Tank;settlement;322.171;703.832;83;yes;13;A12;0;cuisine. ghsl-ucdb
Pakistan;Loralai;settlement;303.705;685.979;83;yes;12;A12;0;cuisine. ghsl-ucdb
Pakistan;Alipur;settlement;293.824;709.111;83;no;;A12;0;cuisine. ghsl-ucdb
Pakistan;Khairpur Tamewah;settlement;295.814;72.238;83;no;;A12;0;cuisine. ghsl-ucdb
Pakistan;Garh Maharaja;settlement;308.338;719.049;83;no;;A12;0;cuisine. ghsl-ucdb
Pakistan;Talamba;settlement;305.269;722.408;83;no;;A12;0;cuisine. ghsl-ucdb
Pakistan;Karor;settlement;312.246;709.515;83;yes;15;A12;0;cuisine. ghsl-ucdb
Pakistan;Ahmadpur Sial;settlement;306.779;717.434;83;no;;A12;0;cuisine. ghsl-ucdb
Pakistan;Pishin;settlement;305.818;669.941;83;no;;A12;0;cuisine. ghsl-ucdb
Pakistan;Khangarh;settlement;299.145;711.607;83;no;;A12;0;cuisine. ghsl-ucdb
Pakistan;Shahr Sultan;settlement;295.752;710.221;83;no;;A12;0;cuisine. ghsl-ucdb
Pakistan;Dhanot;settlement;295.799;717.521;83;no;;A12;0;cuisine. ghsl-ucdb
Pakistan;Sarai Sidhu;settlement;305.948;719.699;83;no;;A12;0;cuisine. ghsl-ucdb
Pakistan;Lahore;settlement;31.558;743.507;75;no;;A12;1;ghsl-ucdb. unesco-whs. wikidata
Pakistan;Thatta;settlement;247.475;679.235;70;yes;19;;1;ghsl-ucdb. unesco-whs. wdpa. wikidata
Pakistan;Khunjerab National Park;site;365.667;753.342;67;yes;11;A9;0;wdpa. wikidata
Pakistan;Hingol;site;255.262;65.086;67;yes;14;A9;0;wdpa
Pakistan;Gilgit;settlement;359.187;743.124;65;no;;;0;ghsl-ucdb. wdpa
Pakistan;Uthal;settlement;258.072;666.219;65;no;;;0;ghsl-ucdb. wdpa
Pakistan;Mardan;settlement;341.979;720.496;62;yes;5;;1;ghsl-ucdb. unesco-whs. wikidata
Pakistan;Dokri;settlement;273.742;680.971;55;yes;10;;1;ghsl-ucdb. unesco-whs. wikidata
Pakistan;Thal;settlement;354.784;722.438;51;yes;7;;0;ghsl-ucdb. wikidata
Pakistan;Jhelum;settlement;329.345;73.731;47;no;;;1;ghsl-ucdb. unesco-whs. wikidata
Pakistan;Malir Cantonment;settlement;249.434;672.059;34;no;;;0;ghsl-ucdb. wdpa. wikidata
Pakistan;Chuhar Jamali;settlement;243.944;67.993;34;no;;;0;ghsl-ucdb. wdpa. wikidata
Pakistan;Sahiwal;settlement;319.739;723.311;33;no;;;0;ghsl-ucdb. wdpa
Pakistan;Khuzdar;settlement;278.119;66.611;33;no;;;0;ghsl-ucdb. wdpa
Pakistan;Pasrur;settlement;322.629;746.633;33;no;;;0;ghsl-ucdb. wdpa
Pakistan;Sibi;settlement;29.543;678.773;33;no;;;0;ghsl-ucdb. wdpa
Pakistan;Mithi;settlement;24.737;697.971;33;no;;;0;ghsl-ucdb. wdpa
Pakistan;Kot Mumin;settlement;321.884;730.299;33;no;;;0;ghsl-ucdb. wdpa
Pakistan;Kundian;settlement;324.577;714.789;33;no;;;0;ghsl-ucdb. wdpa
Pakistan;Kharan;settlement;285.846;65.415;33;no;;;0;ghsl-ucdb. wdpa
Pakistan;Kalat;settlement;290.266;665.936;33;no;;;0;ghsl-ucdb. wdpa
Pakistan;Kot Diji;settlement;273.416;687.082;33;no;;;0;ghsl-ucdb. wdpa
Pakistan;Kasur;settlement;311.187;744.502;17;no;;;0;ghsl-ucdb. osm
Pakistan;Narowal;settlement;32.102;74.873;17;yes;20;;0;ghsl-ucdb. osm
Pakistan;Manhala;settlement;315.333;74.55;17;no;;;0;ghsl-ucdb. osm
Palau;Rock Islands Southern Lagoon;site;72.469;1.343.525;100;yes;1;A9. A11;2;osm. unesco-whs. wdpa. wikidata
Palau;Helen Reef Conservation Area;site;29.024;1.317.685;13;yes;2;A9;0;wdpa
Palestinian Territory;Jericho;settlement;318.667;35.45;100;yes;1;A11. A9. A2;2;cuisine. ghsl-ucdb. osm. unesco-whs. wdpa. wikidata
Palestinian Territory;East Jerusalem;settlement;317.834;352.339;97;no;;A10. A9;1;cuisine. ghsl-ucdb. osm. unesco-whs. wdpa. wikidata
Palestinian Territory;Gaza;settlement;315.016;344.667;81;yes;2;A11;0;cuisine. ghsl-ucdb. osm. wikidata
Palestinian Territory;Nablus;settlement;322.211;352.544;54;no;;A11;1;ghsl-ucdb. osm. unesco-whs. wdpa. wikidata
Palestinian Territory;Hebron;settlement;315.294;350.938;45;no;;A11;1;cuisine. ghsl-ucdb. osm. unesco-whs. wdpa. wikidata
Palestinian Territory;Battir;settlement;31.7;351.167;37;no;;A11;1;cuisine. ghsl-ucdb. osm. unesco-whs
Palestinian Territory;Ramallah;settlement;318.996;352.042;30;no;;A11;0;cuisine. ghsl-ucdb. osm
Palestinian Territory;Dayr al Balaḩ;settlement;314.183;343.493;29;no;;A11;1;cuisine. ghsl-ucdb. osm. unesco-whs. wikidata
Palestinian Territory;Idhnā;settlement;315.587;349.744;28;no;;;1;cuisine. ghsl-ucdb. osm. unesco-whs. wikidata
Palestinian Territory;Ţūlkarm;settlement;323.116;350.269;25;yes;3;A11;0;ghsl-ucdb. osm
Palestinian Territory;Qabāţīyah;settlement;324.104;352.809;23;no;;A11;0;ghsl-ucdb. osm
Palestinian Territory;Al Bīrah;settlement;31.91;352.165;23;no;;A11;0;cuisine. ghsl-ucdb. osm
Palestinian Territory;As Samū‘;settlement;313.967;350.661;22;no;;A11;0;cuisine. ghsl-ucdb. osm
Palestinian Territory;Ţūbās;settlement;323.209;353.699;18;no;;A11;0;ghsl-ucdb. osm
Palestinian Territory;Qalqīlyah;settlement;321.897;349.706;18;no;;A11;0;cuisine. ghsl-ucdb. osm
Palestinian Territory;Az̧ Z̧āhirīyah;settlement;314.097;349.733;17;no;;A11;0;cuisine. ghsl-ucdb. osm
Palestinian Territory;Surif City;settlement;316.508;350.644;16;no;;A12;0;cuisine. ghsl-ucdb. osm
Palestinian Territory;Yaţţā;settlement;314.459;350.944;14;no;;A12;0;cuisine. ghsl-ucdb. wikidata
Panama;Panama City;settlement;89.936;-795.197;100;yes;1;A9. A11;1;ghsl-ucdb. osm. unesco-whs. wdpa. wikidata
Panama;Changuinola;settlement;9.43;-82.52;74;yes;2;A11. A9;1;ghsl-ucdb. osm. unesco-whs. wdpa
Panama;Darien National Park;site;77.361;-775.472;73;yes;3;A9;1;unesco-whs. wdpa. wikidata
Panama;Coiba National Park and its Special Zone of Marine Protection;site;7.433;-81.766;64;yes;4;A9;1;unesco-whs. wdpa. wikidata
Panama;Santiago de Veraguas;settlement;8.1;-809.833;57;yes;5;A11. A9;0;ghsl-ucdb. osm. wdpa
Panama;Penonomé;settlement;85.189;-803.573;54;yes;7;A11. A9;0;ghsl-ucdb. osm. wdpa
Panama;Colón;settlement;93.603;-799.002;54;no;;A11;1;ghsl-ucdb. osm. unesco-whs. wikidata
Panama;La Concepción;settlement;85.167;-826.239;50;no;;A11. A9;0;ghsl-ucdb. osm. wdpa
Panama;David;settlement;84.273;-824.309;48;yes;6;A9. A11;0;ghsl-ucdb. osm. wdpa
Panama;San Miguelito;settlement;90.503;-794.707;38;no;;A11;0;ghsl-ucdb. osm. wdpa. wikidata
Panama;Sabanitas;settlement;93.452;-798.054;31;no;;A11. A9;0;ghsl-ucdb. osm. wdpa. wikidata
Panama;Cerro Hoya;site;72.815;-807.609;27;yes;8;A9. A11;0;osm. wdpa
Panama;Chilibre;settlement;9.154;-796.202;20;no;;A9;0;ghsl-ucdb. wdpa. wikidata
Panama;La Chorrera;settlement;88.776;-797.801;19;no;;A9. A11;0;ghsl-ucdb. osm. wdpa
Panama;Alcalde Díaz;settlement;91.227;-795.567;18;no;;A9;0;ghsl-ucdb. wdpa
Panama;Reverendo Padre Jesús Héctor Gallego Herrera;site;87.308;-809.792;18;yes;9;A9;0;wdpa
Panama;Arraiján;settlement;89.398;-796.404;14;no;;A11;0;ghsl-ucdb. osm
Papua New Guinea;Mount Hagen;settlement;-58.575;1.442.306;100;yes;1;A11;1;ghsl-ucdb. osm. unesco-whs. wikidata
Papua New Guinea;Port Moresby;settlement;-94.772;1.471.509;85;yes;2;A11;0;ghsl-ucdb. osm
Papua New Guinea;Lae;settlement;-67.233;1.469.961;64;yes;3;A11;0;ghsl-ucdb. osm
Papua New Guinea;Mendi;settlement;-61.475;1.436.563;42;no;;A11;0;ghsl-ucdb. osm. wikidata
Papua New Guinea;Madang;settlement;-52.215;1.457.869;30;yes;6;A11;0;ghsl-ucdb. osm
Papua New Guinea;Goroka;settlement;-6.085;1.453.867;30;yes;4;;0;ghsl-ucdb. osm
Papua New Guinea;Wewak;settlement;-35.496;1.436.323;14;yes;7;A11;0;ghsl-ucdb. osm
Papua New Guinea;Bulolo;settlement;-72.036;1.466.401;14;no;;A11;0;ghsl-ucdb. osm
Papua New Guinea;Popondetta;settlement;-87.654;1.482.325;12;yes;5;;0;ghsl-ucdb. osm
Paraguay;Serrania de San Luis;site;-226.239;-574.344;100;yes;1;A9;0;cuisine. wdpa
Paraguay;Capiibary;site;-248.132;-559.423;82;yes;4;A9;0;cuisine. wdpa
Paraguay;Pedro Juan Caballero;settlement;-225.493;-557.387;77;yes;6;A9;0;cuisine. ghsl-ucdb. wdpa
Paraguay;Caazapá;settlement;-261.966;-563.679;77;yes;8;A9;0;cuisine. ghsl-ucdb. wdpa
Paraguay;Cerro Cabrera - Timane;site;-197.467;-614.855;77;yes;7;A9;0;cuisine. wdpa
Paraguay;Asunción;settlement;-252.865;-57.647;74;no;;A9. A12;0;cuisine. ghsl-ucdb. wdpa. wikidata
Paraguay;Itá;settlement;-255.005;-573.672;74;no;;;0;cuisine. ghsl-ucdb. wdpa. wikidata
Paraguay;Medanos del Chaco;site;-203.697;-615.561;74;yes;14;A9;0;cuisine. wdpa
Paraguay;Los Humedales de Cerro Tigre;site;-222.507;-579.236;74;yes;16;A9;0;cuisine. wdpa
Paraguay;Capiatá;settlement;-253.552;-574.455;71;no;;;0;cuisine. ghsl-ucdb. wdpa
Paraguay;Villa Hayes;settlement;-25.093;-575.273;71;no;;;0;cuisine. ghsl-ucdb. wdpa
Paraguay;Caaguazú;settlement;-25.471;-56.016;71;yes;12;;0;cuisine. ghsl-ucdb. wdpa
Paraguay;Villarrica;settlement;-257.495;-564.352;71;no;;;0;cuisine. ghsl-ucdb. wdpa
Paraguay;Caacupé;settlement;-253.858;-571.422;71;yes;2;A12;0;cuisine. ghsl-ucdb. wikidata
Paraguay;Limpio;settlement;-251.661;-574.856;71;no;;A12;0;cuisine. ghsl-ucdb
Paraguay;Itauguá;settlement;-253.926;-573.542;71;no;;A12;0;cuisine. ghsl-ucdb
Paraguay;San Antonio;settlement;-254.213;-575.472;71;no;;A12;0;cuisine. ghsl-ucdb
Paraguay;Coronel Oviedo;settlement;-254.461;-564.393;71;no;;A12;0;cuisine. ghsl-ucdb
Paraguay;Concepción;settlement;-233.999;-574.324;71;yes;11;A12;0;cuisine. ghsl-ucdb
Paraguay;Yby Yaú;settlement;-229.661;-565.407;71;yes;9;A12;0;cuisine. ghsl-ucdb
Paraguay;Filadelfia;settlement;-223.394;-600.316;71;yes;5;A12;0;cuisine. ghsl-ucdb
Paraguay;Loma Plata;settlement;-223.829;-598.355;71;no;;A12;0;cuisine. ghsl-ucdb
Paraguay;Encarnación;settlement;-273.318;-558.666;65;yes;3;A2;2;ghsl-ucdb. unesco-whs. wikidata
Paraguay;Caazapa;site;-260.876;-556.088;51;yes;15;A9;0;wdpa
Paraguay;Teniente Agripino Enciso;site;-210.859;-616.333;51;yes;10;A9;0;wdpa
Paraguay;Rio Negro;site;-19.851;-583.845;31;yes;13;A9;0;wdpa
Paraguay;Defensores del Chaco;site;-202.449;-603.258;21;no;;A9;0;wdpa. wikidata
Paraguay;Cerro Chovoreca;site;-193.787;-593.314;21;no;;A9;0;wdpa
Paraguay;Ciudad del Este;settlement;-255.036;-546.507;10;no;;;0;ghsl-ucdb. wdpa
Paraguay;Pilar;settlement;-268.587;-583.064;10;no;;;0;ghsl-ucdb. wdpa
Peru;Cusco;settlement;-135.319;-71.967;100;yes;1;A10;1;ghsl-ucdb. unesco-whs. wikidata
Peru;Lima;settlement;-120.432;-770.282;97;yes;2;A12;1;cuisine. ghsl-ucdb. unesco-whs. wikidata
Peru;Río Abiseo National Park;site;-7.75;-77.25;94;yes;3;A9;2;cuisine. unesco-whs. wdpa. wikidata
Peru;Centenario;settlement;-95.166;-775.305;92;yes;4;A9;1;cuisine. ghsl-ucdb. unesco-whs. wdpa. wikidata
Peru;Manú National Park;site;-12.25;-71.75;84;yes;7;A9;1;unesco-whs. wdpa. wikidata
Peru;Ichigkat Muja - Cordillera del Cóndor;site;-33.246;-78.112;80;yes;6;A9;0;wdpa
Peru;Huancayo;settlement;-120.687;-752.103;79;yes;5;A10;0;cuisine. ghsl-ucdb. wikidata
Peru;Quillabamba;settlement;-128.633;-726.931;76;yes;13;A9;2;ghsl-ucdb. unesco-whs. wdpa. wikidata
Peru;Tarma;settlement;-11.419;-756.899;52;no;;;0;cuisine. ghsl-ucdb. wdpa. wikidata
Peru;Junín;settlement;-11.159;-75.993;52;no;;;0;cuisine. ghsl-ucdb. wdpa. wikidata
Peru;La Oroya;settlement;-115.189;-758.993;50;yes;15;;0;cuisine. ghsl-ucdb. wikidata
Peru;Jauja;settlement;-117.758;-754.966;50;no;;;0;cuisine. ghsl-ucdb. wikidata
Peru;Tingo María;settlement;-92.953;-759.957;46;yes;16;A9;0;cuisine. ghsl-ucdb. wdpa
Peru;Yanachaga-Chemillén;site;-103.862;-754.009;46;no;;A9;0;cuisine. wdpa
Peru;Cordillera Azul;site;-76.946;-759.908;46;yes;20;A9;0;cuisine. wdpa
Peru;Andahuaylas;settlement;-136.556;-733.872;43;yes;12;A10;0;ghsl-ucdb. wikidata
Peru;Q114516295;site;-44.938;-735.601;43;yes;10;A10;0;wikidata
Peru;Huaraz;settlement;-95.261;-775.287;41;no;;;1;cuisine. ghsl-ucdb. unesco-whs. wikidata
Peru;Hualmay;settlement;-110.964;-776.139;41;yes;23;;1;cuisine. ghsl-ucdb. unesco-whs. wikidata
Peru;Chosica;settlement;-119.431;-767.094;40;no;;;1;cuisine. ghsl-ucdb. unesco-whs
Peru;Chankillo Archaeoastronomical Complex;site;-95.183;-781.814;40;no;;;1;cuisine. unesco-whs
Peru;Yanacancha;settlement;-106.659;-762.553;39;no;;;0;cuisine. ghsl-ucdb. wdpa. wikidata
Peru;Huarmey;settlement;-100.681;-781.522;37;no;;A12;0;cuisine. ghsl-ucdb. wikidata
Peru;Chimbote;settlement;-90.751;-785.937;37;no;;A12;0;cuisine. ghsl-ucdb. wikidata
Peru;Puno;settlement;-15.84;-70.022;37;yes;8;A12;0;cuisine. ghsl-ucdb. wikidata
Peru;Huánuco;settlement;-99.288;-762.399;36;no;;A12;0;cuisine. ghsl-ucdb. wikidata
Peru;Huacho;settlement;-111.172;-776.058;36;no;;A12;0;cuisine. ghsl-ucdb. wikidata
Peru;Cerro de Pasco;settlement;-106.658;-762.531;36;yes;11;A12;0;cuisine. ghsl-ucdb. wikidata
Peru;Barranca;settlement;-10.75;-777.667;36;no;;A12;0;cuisine. ghsl-ucdb. wikidata
Peru;Juanjuí;settlement;-7.177;-767.277;36;no;;A12;0;cuisine. ghsl-ucdb. wikidata
Peru;Paramonga;settlement;-106.667;-778.333;36;no;;A12;0;cuisine. ghsl-ucdb. wikidata
Peru;Yanacancha;settlement;-102.411;-766.456;36;no;;A12;0;cuisine. ghsl-ucdb. wikidata
Peru;Ilave;settlement;-160.833;-696.667;36;no;;A12;0;cuisine. ghsl-ucdb. wikidata
Peru;Huamachuco;settlement;-7.8;-780.667;36;no;;A12;0;cuisine. ghsl-ucdb. wikidata
Peru;Pucallpa;settlement;-83.791;-745.539;36;yes;14;A12;0;cuisine. ghsl-ucdb
Peru;Huaral;settlement;-11.495;-772.078;36;no;;A12;0;cuisine. ghsl-ucdb
Peru;La Rinconada;settlement;-146.313;-694.464;36;yes;22;A12;0;cuisine. ghsl-ucdb
Peru;Tocache;settlement;-81.877;-765.205;36;no;;A12;0;cuisine. ghsl-ucdb
Peru;Chaupimarca;settlement;-10.407;-764.617;36;no;;A12;0;cuisine. ghsl-ucdb
Peru;Chancay;settlement;-115.714;-772.672;36;no;;A12;0;cuisine. ghsl-ucdb
Peru;Contamana;settlement;-73.333;-750.167;36;no;;A12;0;cuisine. ghsl-ucdb
Peru;Aguaytía;settlement;-90.378;-755.091;36;no;;A12;0;cuisine. ghsl-ucdb
Peru;Santa Rosa;settlement;-109.191;-74.885;36;no;;A12;0;cuisine. ghsl-ucdb
Peru;Uchiza;settlement;-84.592;-764.633;36;no;;A12;0;cuisine. ghsl-ucdb
Peru;Atalaya;settlement;-107.307;-737.587;36;yes;18;A12;0;cuisine. ghsl-ucdb
Peru;San Martín de Pangoa;settlement;-114.285;-744.883;36;no;;A12;0;cuisine. ghsl-ucdb
Peru;Satipo;settlement;-112.522;-746.386;36;no;;A12;0;cuisine. ghsl-ucdb
Peru;Bellavista;settlement;-70.561;-765.911;36;no;;A12;0;cuisine. ghsl-ucdb
Peru;Trujillo;settlement;-8.116;-79.03;33;yes;19;A12;1;ghsl-ucdb. unesco-whs. wikidata
Peru;Arequipa;settlement;-16.399;-715.375;30;yes;21;A12;1;ghsl-ucdb. unesco-whs. wikidata
Peru;Nazca;settlement;-14.831;-74.939;30;yes;9;;1;ghsl-ucdb. unesco-whs. wikidata
Peru;Sierra del Divisor;site;-71.452;-739.487;28;no;;A9;0;wdpa. wikidata
Peru;Tumbes;settlement;-35.559;-804.426;28;no;;A9;0;ghsl-ucdb. wdpa
Peru;Jaén;settlement;-57.073;-788.079;28;no;;A9;0;ghsl-ucdb. wdpa
Peru;Bahuaja - Sonene;site;-133.027;-69.526;28;no;;A9;0;wdpa
Peru;Alto Purus;site;-108.366;-715.484;28;no;;A9;0;wdpa
Peru;Otishi;site;-118.451;-736.974;28;no;;A9;0;wdpa
Peru;Yaguas;site;-29.157;-712.951;28;no;;A9;0;wdpa
Peru;Chongoyape;settlement;-66.406;-793.892;27;no;;;0;ghsl-ucdb. wdpa
Peru;Iquitos;settlement;-37.481;-732.529;16;no;;;0;ghsl-ucdb. wikidata
Peru;Ica;settlement;-140.754;-757.342;16;yes;17;;0;ghsl-ucdb. wikidata
Peru;Abancay;settlement;-136.343;-728.838;16;no;;;0;ghsl-ucdb. wdpa. wikidata
Peru;Ferreñafe;settlement;-66.389;-797.889;16;no;;;0;ghsl-ucdb. wdpa. wikidata
Peru;Cajamarca;settlement;-71.638;-785.003;16;no;;A12;0;ghsl-ucdb. wikidata
Peru;La Peca;settlement;-56.111;-78.435;14;no;;;0;ghsl-ucdb. wdpa
Peru;Virú;settlement;-84.155;-78.752;14;no;;;0;ghsl-ucdb. wdpa
Philippines;Manila;settlement;146.042;1.209.822;100;yes;1;A10. A12;0;ghsl-ucdb. wikidata
Philippines;Quezon City;settlement;146.488;1.210.509;84;no;;A10. A12;0;ghsl-ucdb. wikidata
Philippines;Tubbataha Reefs Natural Park;site;89.533;1.198.675;84;yes;2;A9;1;unesco-whs. wdpa. wikidata
Philippines;Iloilo;settlement;106.969;1.225.644;56;yes;4;A10. A9;1;cuisine. ghsl-ucdb. unesco-whs. wdpa. wikidata
Philippines;Roxas;settlement;103.215;1.193.451;52;yes;6;A9;1;ghsl-ucdb. unesco-whs. wdpa. wikidata
Philippines;Mati;settlement;69.551;1.262.165;52;yes;7;A9;1;ghsl-ucdb. unesco-whs. wdpa
Philippines;Sablayan;settlement;128.346;120.769;49;yes;8;A9;0;ghsl-ucdb. wdpa
Philippines;Vigan;settlement;175.747;1.203.869;48;yes;3;;1;ghsl-ucdb. unesco-whs. wikidata
Philippines;Lagawe;settlement;16.8;1.211.192;48;yes;5;;1;ghsl-ucdb. unesco-whs. wikidata
Philippines;Digos;settlement;67.497;1.253.572;34;yes;13;A9;0;ghsl-ucdb. wdpa
Philippines;Naga;settlement;136.192;1.231.814;25;yes;10;A10;0;ghsl-ucdb. wikidata
Philippines;Teresa;settlement;145.612;1.212.195;25;no;;A10;0;ghsl-ucdb. wikidata
Philippines;Caloocan;settlement;146.495;1.209.679;24;no;;A10. A12;0;ghsl-ucdb. wikidata
Philippines;Binangonan;settlement;144.646;1.211.929;24;no;;A10;0;ghsl-ucdb. wikidata
Philippines;Olongapo;settlement;148.292;1.202.828;24;no;;A10;0;ghsl-ucdb. wikidata
Philippines;Sibonga;settlement;100.168;1.236.171;24;no;;A10;0;ghsl-ucdb. wikidata
Philippines;Aliaga;settlement;15.5;120.843;24;yes;12;A10;0;ghsl-ucdb. wikidata
Philippines;Zamboanga;settlement;69.103;1.220.739;22;yes;11;A9. A12;0;ghsl-ucdb. wdpa. wikidata
Philippines;Ilagan;settlement;171.485;1.218.892;22;no;;A9;0;ghsl-ucdb. wdpa. wikidata
Philippines;Malilipot;settlement;133.188;1.237.385;21;no;;A9;0;cuisine. ghsl-ucdb. wdpa. wikidata
Philippines;Irosin;settlement;127.001;1.240.322;21;yes;18;A9;0;cuisine. ghsl-ucdb. wdpa. wikidata
Philippines;Virac;settlement;135.848;1.242.374;21;yes;15;A10. A9;0;ghsl-ucdb. wdpa. wikidata
Philippines;Morong;settlement;146.789;1.202.661;21;no;;A10. A9;0;ghsl-ucdb. wdpa. wikidata
Philippines;Sagay;settlement;109.447;1.234.242;20;no;;A9;0;cuisine. ghsl-ucdb. wdpa
Philippines;Ualog;settlement;10.574;1.233.933;20;no;;A9;0;cuisine. ghsl-ucdb. wdpa
Philippines;Pandan;settlement;117.448;1.221.003;20;yes;16;A9;0;cuisine. ghsl-ucdb. wdpa
Philippines;Romblon;settlement;125.751;1.222.708;20;no;;A9;0;cuisine. ghsl-ucdb. wdpa
Philippines;Cebu City;settlement;103.167;1.238.907;20;yes;9;A12;0;ghsl-ucdb. wikidata
Philippines;Talacogon;settlement;84.561;1.257.842;18;yes;17;;0;ghsl-ucdb. wdpa. wikidata
Philippines;La Trinidad;settlement;16.455;1.205.875;17;no;;A9;0;ghsl-ucdb. wdpa
Philippines;Gingoog;settlement;88.278;1.250.997;17;no;;A9;0;ghsl-ucdb. wdpa
Philippines;Catbalogan;settlement;117.753;1.248.861;17;no;;A9;0;ghsl-ucdb. wdpa
Philippines;Ozamiz City;settlement;81.481;1.238.405;17;no;;A9;0;ghsl-ucdb. wdpa
Philippines;Tanjay;settlement;95.162;123.158;17;no;;A9;0;ghsl-ucdb. wdpa
Philippines;Daet;settlement;141.122;1.229.553;17;no;;A9;0;ghsl-ucdb. wdpa
Philippines;Oroquieta;settlement;84.859;1.238.048;17;no;;A9;0;ghsl-ucdb. wdpa
Philippines;Orani;settlement;148.006;1.205.371;17;no;;A9;0;ghsl-ucdb. wdpa
Philippines;Canlaon;settlement;10.387;1.232.227;17;no;;A9;0;ghsl-ucdb. wdpa
Philippines;Hinigaran;settlement;102.706;1.228.507;17;no;;A9;0;ghsl-ucdb. wdpa
Philippines;Sanchez-Mira;settlement;185.616;1.212.319;17;no;;A9;0;ghsl-ucdb. wdpa
Philippines;Goa;settlement;136.978;1.234.892;17;no;;A9;0;ghsl-ucdb. wdpa
Philippines;Nunungan;settlement;78.236;123.965;17;no;;A9;0;ghsl-ucdb. wdpa
Philippines;Dologon;settlement;78.408;1.250.444;17;no;;A9;0;ghsl-ucdb. wdpa
Philippines;Philippine Rise Marine Resource Reserve;site;157.916;1.242.842;17;no;;A9;0;wdpa
Philippines;Muntinlupa;settlement;143.903;1.210.475;14;no;;A10. A12;0;ghsl-ucdb. wikidata
Philippines;Butuan;settlement;89.492;1.255.436;14;no;;A10;0;ghsl-ucdb. wikidata
Philippines;Mariveles;settlement;144.338;1.204.857;14;no;;A10;0;ghsl-ucdb. wikidata
Philippines;Imus;settlement;144.297;1.209.367;14;no;;A12;0;ghsl-ucdb. wikidata
Philippines;Lapu-Lapu City;settlement;103.103;1.239.494;14;no;;A12;0;ghsl-ucdb. wikidata
Philippines;Dumaguete;settlement;93.065;1.233.077;14;yes;14;A12;0;ghsl-ucdb. wikidata
Philippines;Legaspi;settlement;131.412;1.237.407;13;no;;A12;0;cuisine. ghsl-ucdb. wikidata
Philippines;Batangas;settlement;137.567;1.210.584;12;no;;A10;0;ghsl-ucdb. wikidata
Philippines;Dagupan;settlement;160.431;1.203.333;12;no;;A10;0;ghsl-ucdb. wikidata
Philippines;Gapan;settlement;153.072;1.209.464;12;no;;A10;0;ghsl-ucdb. wikidata
Philippines;Hagonoy;settlement;148.341;1.207.327;12;no;;A10;0;ghsl-ucdb. wikidata
Philippines;Calumpit;settlement;149.164;1.207.658;12;no;;A10;0;ghsl-ucdb. wikidata
Philippines;Balanga;settlement;146.761;1.205.361;12;no;;A10;0;ghsl-ucdb. wikidata
Philippines;Limay;settlement;145.619;1.205.983;12;no;;A10;0;ghsl-ucdb. wikidata
Philippines;Tanay;settlement;144.968;1.212.846;12;no;;A10;0;ghsl-ucdb. wikidata
Philippines;Naic;settlement;143.181;1.207.661;12;no;;A10;0;ghsl-ucdb. wikidata
Philippines;Talavera;settlement;155.883;1.209.192;12;no;;A10;0;ghsl-ucdb. wikidata
Philippines;Carcar;settlement;101.061;1.236.402;12;no;;A10;0;ghsl-ucdb. wikidata
Philippines;Hermosa;settlement;148.314;1.205.081;12;no;;A10;0;ghsl-ucdb. wikidata
Philippines;Bay;settlement;141.837;1.212.855;12;no;;A10;0;ghsl-ucdb. wikidata
Philippines;Pililla;settlement;144.854;1.213.062;12;no;;A10;0;ghsl-ucdb. wikidata
Philippines;Castillejos;settlement;149.336;1.201.979;12;no;;A10;0;ghsl-ucdb. wikidata
Philippines;Victoria;settlement;142.277;1.213.292;12;no;;A10;0;ghsl-ucdb. wikidata
Philippines;Danao;settlement;95.542;1.237.565;12;no;;A10;0;ghsl-ucdb. wikidata
Philippines;Q130654972;site;10.935;125.827;12;no;;A10;0;wikidata
Philippines;Inabanga;settlement;100.307;1.240.671;11;no;;;0;ghsl-ucdb. wdpa. wikidata
Philippines;Catanauan;settlement;135.926;1.223.215;11;no;;;0;ghsl-ucdb. wdpa. wikidata
Philippines;Bacolod City;settlement;106.667;122.95;10;no;;A12;0;cuisine. ghsl-ucdb
Philippines;Mansilingan;settlement;106.311;1.229.789;10;no;;A12;0;cuisine. ghsl-ucdb
Philippines;Bago City;settlement;105.333;1.228.333;10;no;;A12;0;cuisine. ghsl-ucdb
Philippines;Sorsogon;settlement;129.739;1.239.933;10;no;;A12;0;cuisine. ghsl-ucdb
Philippines;Roxas City;settlement;115.853;1.227.511;10;no;;A12;0;cuisine. ghsl-ucdb
Philippines;Iriga City;settlement;134.324;1.234.115;10;no;;A12;0;cuisine. ghsl-ucdb
Philippines;Cadiz;settlement;109.465;123.288;10;no;;A12;0;cuisine. ghsl-ucdb
Philippines;Escalante;settlement;108.403;1.234.992;10;no;;A12;0;cuisine. ghsl-ucdb
Philippines;Daanbantayan;settlement;112.468;1.240.146;10;no;;A12;0;cuisine. ghsl-ucdb
Philippines;Polangui;settlement;132.923;1.234.855;10;no;;A12;0;cuisine. ghsl-ucdb
Philippines;Kalibo (poblacion);settlement;117.061;1.223.644;10;no;;A12;0;cuisine. ghsl-ucdb
Philippines;Bantayan;settlement;111.683;1.237.223;10;no;;A12;0;cuisine. ghsl-ucdb
Philippines;Victorias;settlement;109.015;1.230.705;10;no;;A12;0;cuisine. ghsl-ucdb
Philippines;Binonga;settlement;107.719;1.229.817;10;no;;A12;0;cuisine. ghsl-ucdb
Philippines;Libon;settlement;132.997;1.234.386;10;no;;A12;0;cuisine. ghsl-ucdb
Philippines;Oas;settlement;132.593;1.234.963;10;no;;A12;0;cuisine. ghsl-ucdb
Philippines;Enrique B. Magalona;settlement;108.788;1.229.771;10;no;;A12;0;cuisine. ghsl-ucdb
Philippines;Gubat;settlement;129.206;1.241.231;10;no;;A12;0;cuisine. ghsl-ucdb
Philippines;Tabaco;settlement;133.586;1.237.336;10;no;;A12;0;cuisine. ghsl-ucdb
Philippines;Estancia;settlement;114.551;123.152;10;no;;A12;0;cuisine. ghsl-ucdb
Philippines;Masbate;settlement;123.717;1.236.249;10;no;;A12;0;cuisine. ghsl-ucdb
Philippines;Passi;settlement;111.078;1.226.419;10;no;;A12;0;cuisine. ghsl-ucdb
Philippines;San Jose;settlement;13.35;123.55;10;no;;A12;0;cuisine. ghsl-ucdb
Philippines;Manapla;settlement;10.958;123.123;10;no;;A12;0;cuisine. ghsl-ucdb
Philippines;Paraiso;settlement;108.849;1.233.627;10;no;;A12;0;cuisine. ghsl-ucdb
Philippines;Buhi;settlement;134.322;123.517;10;no;;A12;0;cuisine. ghsl-ucdb
Philippines;Bulan;settlement;126.714;123.875;10;no;;A12;0;cuisine. ghsl-ucdb
Philippines;Maao;settlement;104.896;1.229.907;10;no;;A12;0;cuisine. ghsl-ucdb
Philippines;Bogo;settlement;110.517;1.240.055;10;no;;A12;0;cuisine. ghsl-ucdb
Philippines;Esperanza;settlement;117.365;124.042;10;no;;A12;0;cuisine. ghsl-ucdb
Philippines;Bato;settlement;133.528;1.233.677;10;no;;A12;0;cuisine. ghsl-ucdb
Philippines;Aurora;settlement;133.476;1.225.195;10;no;;A12;0;cuisine. ghsl-ucdb
Poland;Hajnówka;settlement;527.433;235.812;100;yes;1;A11. A9;2;ghsl-ucdb. osm. unesco-whs. wdpa. wikidata
Poland;Świnoujście;settlement;539.105;142.471;98;yes;4;A11. A9;0;ghsl-ucdb. osm. wdpa. wikidata
Poland;Kraków;settlement;500.614;199.366;91;yes;2;A10;1;ghsl-ucdb. unesco-whs. wikidata
Poland;Warsaw;settlement;522.298;210.118;90;yes;3;A10. A12;1;ghsl-ucdb. unesco-whs. wikidata
Poland;Wrocław;settlement;511.029;170.301;84;yes;6;A10. A12;1;ghsl-ucdb. unesco-whs. wikidata
Poland;Zakopane;settlement;49.299;199.489;77;yes;12;A10. A9;0;cuisine. ghsl-ucdb. osm. wdpa. wikidata
Poland;Gdańsk;settlement;543.523;186.491;65;yes;5;;0;ghsl-ucdb. wikidata
Poland;Kostrzyn nad Odrą;settlement;525.871;146.495;64;yes;8;A11. A9;0;ghsl-ucdb. osm. wdpa. wikidata
Poland;Łódź;settlement;517.706;194.739;59;yes;9;A12;0;cuisine. ghsl-ucdb. wikidata
Poland;Toruń;settlement;530.138;185.981;56;yes;7;;1;cuisine. ghsl-ucdb. unesco-whs. wikidata
Poland;Żywiec;settlement;496.853;191.924;49;no;;A10. A11. A9;0;cuisine. ghsl-ucdb. osm. wdpa. wikidata
Poland;Szczecin;settlement;534.289;14.553;48;no;;A11;0;ghsl-ucdb. osm. wikidata
Poland;Poznań;settlement;524.069;169.299;47;yes;10;A9;0;ghsl-ucdb. wdpa. wikidata
Poland;Białystok;settlement;531.333;231.643;44;no;;A10;0;ghsl-ucdb. wikidata
Poland;Oświęcim;settlement;500.344;192.104;42;no;;;1;ghsl-ucdb. unesco-whs. wikidata
Poland;Lublin;settlement;512.506;225.701;40;yes;20;A12;0;ghsl-ucdb. wikidata
Poland;Gdynia;settlement;545.189;185.319;37;no;;;1;ghsl-ucdb. unesco-whs. wikidata
Poland;Zamość;settlement;507.231;23.252;37;yes;11;;1;ghsl-ucdb. unesco-whs. wikidata
Poland;Katowice;settlement;502.597;190.217;37;no;;A12;0;ghsl-ucdb. wikidata
Poland;Wadowice;settlement;498.834;194.929;34;no;;A10;1;ghsl-ucdb. unesco-whs. wikidata
Poland;Kłodzko;settlement;504.349;166.614;34;yes;21;A10;0;ghsl-ucdb. wikidata
Poland;Legnica;settlement;512.101;161.619;33;no;;A12;0;ghsl-ucdb. wikidata
Poland;Ustka;settlement;545.805;168.619;32;yes;14;A9;0;ghsl-ucdb. wdpa. wikidata
Poland;Jelenia Góra;settlement;508.997;15.729;32;no;;A9;0;ghsl-ucdb. wdpa. wikidata
Poland;Nowy Targ;settlement;494.778;200.323;32;no;;A9;1;cuisine. ghsl-ucdb. unesco-whs. wdpa. wikidata
Poland;Łęczna;settlement;513.012;228.814;30;no;;A9;0;ghsl-ucdb. wdpa. wikidata
Poland;Bochnia;settlement;499.691;204.303;29;no;;A10;1;ghsl-ucdb. unesco-whs. wikidata
Poland;Malbork;settlement;540.359;190.266;28;no;;;1;ghsl-ucdb. unesco-whs. wikidata
Poland;Gorlice;settlement;496.556;211.604;27;yes;19;A10;0;ghsl-ucdb. wikidata
Poland;Przemyśl;settlement;49.785;227.673;26;yes;15;A12;0;ghsl-ucdb. wikidata
Poland;Sandomierz;settlement;506.827;21.749;26;no;;A12;0;ghsl-ucdb. wikidata
Poland;Elbląg;settlement;541.522;194.088;26;no;;A9;0;ghsl-ucdb. wdpa. wikidata
Poland;Częstochowa;settlement;507.965;191.241;26;yes;18;A10;0;ghsl-ucdb. wikidata
Poland;Gryfino;settlement;532.524;144.883;25;no;;A11;0;ghsl-ucdb. osm
Poland;Ostrowiec Świętokrzyski;settlement;509.294;213.852;25;yes;13;;1;ghsl-ucdb. unesco-whs. wikidata
Poland;Świdnica;settlement;508.438;164.886;25;no;;;1;ghsl-ucdb. unesco-whs. wikidata
Poland;Sokółka;settlement;534.072;235.023;24;no;;A9;0;ghsl-ucdb. osm. wdpa. wikidata
Poland;Opole;settlement;506.712;17.926;24;no;;A12;0;ghsl-ucdb. wikidata
Poland;Lubin;settlement;514.009;162.015;24;no;;A12;0;ghsl-ucdb. wikidata
Poland;Ząbkowice Śląskie;settlement;505.897;168.124;24;no;;A12;0;ghsl-ucdb. wikidata
Poland;Biłgoraj;settlement;505.411;22.722;23;no;;A9;0;ghsl-ucdb. wdpa
Poland;Sosnowiec;settlement;502.868;191.039;23;no;;A10;0;ghsl-ucdb. wikidata
Poland;Chełm;settlement;511.431;234.716;22;no;;A9;0;ghsl-ucdb. osm. wdpa. wikidata
Poland;Cieszyn;settlement;497.513;186.321;22;no;;A12;0;ghsl-ucdb. wikidata
Poland;Kętrzyn;settlement;540.768;213.753;22;yes;17;A12;0;ghsl-ucdb. wikidata
Poland;Tarnowskie Góry;settlement;504.455;188.615;21;no;;;1;ghsl-ucdb. unesco-whs. wikidata
Poland;Suwałki;settlement;541.118;229.309;21;yes;22;A9;0;cuisine. ghsl-ucdb. wdpa. wikidata
Poland;Koszalin;settlement;541.944;161.722;20;no;;A10;0;ghsl-ucdb. wikidata
Poland;Nowa Ruda;settlement;505.801;165.016;20;no;;A10;0;ghsl-ucdb. wikidata
Poland;Starachowice;settlement;510.374;210.713;20;no;;A9;0;ghsl-ucdb. wdpa. wikidata
Poland;Głowno;settlement;519.646;197.157;20;no;;A10;0;cuisine. ghsl-ucdb. wikidata
Poland;Włocławek;settlement;526.482;190.678;20;no;;A12;0;cuisine. ghsl-ucdb. wikidata
Poland;Kielce;settlement;508.703;206.275;19;no;;A12;0;ghsl-ucdb. wikidata
Poland;Biała Podlaska;settlement;520.324;231.165;19;no;;A12;0;ghsl-ucdb. wikidata
Poland;Tarnobrzeg;settlement;50.573;216.794;19;no;;A12;0;ghsl-ucdb. wikidata
Poland;Puławy;settlement;514.166;219.694;19;no;;A12;0;ghsl-ucdb. wikidata
Poland;Jawor;settlement;510.513;161.935;19;no;;A12;0;ghsl-ucdb. wikidata
Poland;Zgorzelec;settlement;511.494;150.084;18;yes;16;A11;0;ghsl-ucdb. osm
Poland;Żyrardów;settlement;520.488;20.446;18;no;;A9;0;cuisine. ghsl-ucdb. wdpa. wikidata
Poland;Bydgoszcz;settlement;531.235;180.076;18;no;;A10;0;ghsl-ucdb. wikidata
Poland;Zawiercie;settlement;504.877;194.168;18;no;;A10;0;ghsl-ucdb. wikidata
Poland;Sanok;settlement;495.557;222.056;18;no;;A11;0;ghsl-ucdb. osm. wikidata
Poland;Inowrocław;settlement;527.989;182.639;17;no;;A12;0;cuisine. ghsl-ucdb. wikidata
Poland;Bogatynia;settlement;509.075;149.563;17;no;;A11;0;cuisine. ghsl-ucdb. osm. wikidata
Poland;Kalisz;settlement;517.611;18.091;16;no;;A10;0;cuisine. ghsl-ucdb. wikidata
Poland;Krosno;settlement;496.887;217.706;16;no;;A12;0;ghsl-ucdb. osm. wikidata
Poland;Siemiatycze;settlement;524.272;228.623;16;no;;;0;ghsl-ucdb. osm. wikidata
Poland;Gliwice;settlement;502.976;186.766;16;no;;A12;0;ghsl-ucdb. wikidata
Poland;Stargard;settlement;533.367;150.499;16;no;;A12;0;ghsl-ucdb. wikidata
Poland;Brzeg;settlement;508.608;174.674;16;no;;A12;0;ghsl-ucdb. wikidata
Poland;Kamienna Góra;settlement;507.831;160.304;16;no;;A12;0;ghsl-ucdb. wikidata
Poland;Sokołów Podlaski;settlement;524.068;222.531;16;no;;A12;0;ghsl-ucdb. wikidata
Poland;Krotoszyn;settlement;516.987;174.374;16;no;;;0;cuisine. ghsl-ucdb. wdpa
Poland;Choszczno;settlement;53.169;154.205;15;no;;A9;0;ghsl-ucdb. wdpa
Poland;Łapy;settlement;529.911;228.842;15;no;;A10;0;ghsl-ucdb. wikidata
Poland;Łęczyca;settlement;520.596;191.997;15;no;;A10;0;cuisine. ghsl-ucdb. wikidata
Poland;Gniezno;settlement;525.348;175.826;14;no;;A12;0;cuisine. ghsl-ucdb. wikidata
Poland;Ustroń;settlement;497.215;18.802;14;no;;A10;0;ghsl-ucdb. wikidata
Poland;Jastrzębie Zdrój;settlement;499.554;185.748;14;no;;A10;0;ghsl-ucdb. wikidata
Poland;Kutno;settlement;522.306;193.641;13;no;;A10;0;cuisine. ghsl-ucdb. wikidata
Poland;Sochaczew;settlement;522.294;202.384;13;no;;A10;0;cuisine. ghsl-ucdb. wikidata
Poland;Lubań;settlement;511.201;152.877;13;no;;A12;0;ghsl-ucdb. wikidata
Poland;Busko-Zdrój;settlement;504.708;207.188;13;no;;A12;0;ghsl-ucdb. wikidata
Poland;Brzesko;settlement;499.691;206.061;13;no;;A12;0;ghsl-ucdb. wikidata
Poland;Gryfice;settlement;539.165;152.003;13;no;;A12;0;ghsl-ucdb. wikidata
Poland;Lidzbark Warmiński;settlement;541.259;205.795;13;no;;;0;ghsl-ucdb. wdpa. wikidata
Poland;Bytom;settlement;50.348;189.328;12;no;;A10;0;ghsl-ucdb. wikidata
Poland;Bielsko-Biala;settlement;498.225;190.469;12;no;;A10;0;ghsl-ucdb. wikidata
Poland;Olsztyn;settlement;537.838;204.927;12;no;;A10;0;ghsl-ucdb. wikidata
Poland;Nowy Sącz;settlement;496.218;206.971;12;no;;A10;0;ghsl-ucdb. wikidata
Poland;Strzelce Opolskie;settlement;505.107;183.006;12;no;;A10;0;ghsl-ucdb. wikidata
Poland;Płock;settlement;525.468;197.064;12;no;;A12;0;cuisine. ghsl-ucdb. wikidata
Poland;Łowicz;settlement;521.071;199.453;12;no;;A12;0;cuisine. ghsl-ucdb. wikidata
Poland;Września;settlement;523.251;175.652;12;no;;A12;0;cuisine. ghsl-ucdb. wikidata
Poland;Rzeszów;settlement;500.413;21.999;10;no;;A12;0;ghsl-ucdb. wikidata
Poland;Zabrze;settlement;503.249;187.858;10;no;;A12;0;ghsl-ucdb. wikidata
Poland;Dąbrowa Górnicza;settlement;503.339;192.048;10;no;;A12;0;ghsl-ucdb. wikidata
Poland;Głogów;settlement;516.636;160.845;10;no;;A12;0;ghsl-ucdb. wikidata
Poland;Leszno;settlement;518.403;165.749;10;no;;A12;0;ghsl-ucdb. wikidata
Poland;Nowa Sól;settlement;518.033;15.717;10;no;;A12;0;ghsl-ucdb. wikidata
Poland;Olkusz;settlement;502.813;19.565;10;no;;A12;0;ghsl-ucdb. wikidata
Poland;Oleśnica;settlement;512.134;173.899;10;no;;A12;0;ghsl-ucdb. wikidata
Poland;Myszków;settlement;505.752;193.246;10;no;;A12;0;ghsl-ucdb. wikidata
Poland;Iława;settlement;53.596;195.685;10;no;;A12;0;ghsl-ucdb. wikidata
Poland;Żagań;settlement;516.176;153.149;10;no;;A12;0;ghsl-ucdb. wikidata
Poland;Bartoszyce;settlement;542.535;208.082;10;no;;A12;0;ghsl-ucdb. wikidata
Poland;Prudnik;settlement;503.212;175.746;10;no;;A12;0;ghsl-ucdb. wikidata
Poland;Świebodzice;settlement;508.597;163.197;10;no;;A12;0;ghsl-ucdb. wikidata
Poland;Środa Wielkopolska;settlement;522.284;172.762;10;no;;A12;0;ghsl-ucdb. wikidata
Poland;Wieliczka;settlement;499.874;200.647;10;no;;A12;0;ghsl-ucdb. wikidata
Poland;Krapkowice;settlement;504.751;179.654;10;no;;A12;0;ghsl-ucdb. wikidata
Poland;Staszów;settlement;505.631;211.659;10;no;;A12;0;ghsl-ucdb. wikidata
Poland;Jarocin;settlement;519.727;175.026;10;no;;;0;cuisine. ghsl-ucdb. wikidata
Portugal;Lisbon;settlement;387.251;-91.498;100;yes;1;A10. A11. A12;1;cuisine. ghsl-ucdb. osm. unesco-whs. wikidata
Portugal;Funchal;settlement;326.657;-169.255;97;yes;2;A10. A11. A9;1;ghsl-ucdb. osm. unesco-whs. wdpa. wikidata
Portugal;Évora;settlement;385.659;-7.904;94;yes;4;A10. A11;1;cuisine. ghsl-ucdb. osm. unesco-whs. wikidata
Portugal;Porto;settlement;411.485;-8.611;93;yes;3;A11. A12;1;ghsl-ucdb. osm. unesco-whs. wikidata
Portugal;Braga;settlement;415.514;-84.231;86;no;;A10. A11;1;ghsl-ucdb. osm. unesco-whs. wikidata
Portugal;Coimbra;settlement;402.069;-8.42;77;yes;5;A11;1;ghsl-ucdb. osm. unesco-whs. wikidata
Portugal;Bragança;settlement;418.072;-6.759;74;yes;7;A10. A11;0;ghsl-ucdb. osm. wikidata
Portugal;Custoias;settlement;411.053;-7.321;70;no;;A10. A11;1;ghsl-ucdb. osm. unesco-whs. wikidata
Portugal;Arcos de Valdevez;settlement;418.467;-84.191;69;yes;15;A10. A11. A9;0;ghsl-ucdb. osm. wdpa. wikidata
Portugal;Viseu;settlement;406.617;-7.909;69;no;;A10. A11;0;ghsl-ucdb. osm. wikidata
Portugal;Beja;settlement;380.147;-78.628;68;no;;A11. A10;0;cuisine. ghsl-ucdb. osm. wikidata
Portugal;Vila Real;settlement;413.001;-77.432;66;yes;17;A11. A10;0;ghsl-ucdb. osm. wikidata
Portugal;Tomar;settlement;39.602;-84.092;65;no;;A11. A10;1;cuisine. ghsl-ucdb. osm. unesco-whs. wikidata
Portugal;Setúbal;settlement;385.244;-88.882;63;no;;A11;0;cuisine. ghsl-ucdb. osm. wdpa. wikidata
Portugal;Algueirão;settlement;387.976;-93.437;63;no;;A10. A11;1;cuisine. ghsl-ucdb. osm. unesco-whs. wikidata
Portugal;Caldas da Rainha;settlement;394.033;-91.384;61;no;;A10. A11;0;cuisine. ghsl-ucdb. osm. wikidata
Portugal;Sequeira;settlement;405.536;-72.259;61;yes;9;A11. A10;1;ghsl-ucdb. osm. unesco-whs. wdpa. wikidata
Portugal;Leiria;settlement;397.436;-88.071;61;no;;A10. A11;1;cuisine. ghsl-ucdb. osm. unesco-whs. wikidata
Portugal;Aveiro;settlement;406.457;-86.464;60;no;;A11;0;ghsl-ucdb. osm. wikidata
Portugal;Guimarães;settlement;414.444;-82.962;60;no;;A10. A11;1;ghsl-ucdb. osm. unesco-whs. wikidata
Portugal;Charneca de Caparica;settlement;386.203;-91.943;58;no;;A11;0;cuisine. ghsl-ucdb. osm. wikidata
Portugal;Portalegre;settlement;392.938;-74.312;57;yes;14;A10. A11;0;cuisine. ghsl-ucdb. osm. wikidata
Portugal;Covilhã;settlement;402.811;-7.505;57;no;;A11;0;ghsl-ucdb. osm. wdpa. wikidata
Portugal;Chaves;settlement;417.402;-74.688;55;no;;A10. A11;0;ghsl-ucdb. osm. wikidata
Portugal;Landscape of the Pico Island Vineyard Culture;site;38.423;-284.367;54;yes;8;A11;1;osm. unesco-whs. wikidata
Portugal;Ponta Delgada;settlement;377.395;-256.687;53;yes;10;A11;0;ghsl-ucdb. osm. wdpa. wikidata
Portugal;Baião;settlement;411.627;-80.347;52;no;;A11. A10;1;ghsl-ucdb. osm. unesco-whs. wikidata
Portugal;Santa Iria da Azóia;settlement;388.411;-90.991;51;no;;A11;0;cuisine. ghsl-ucdb. osm. wikidata
Portugal;Bougado;settlement;413.398;-85.518;51;no;;A11;0;ghsl-ucdb. osm. wikidata
Portugal;Alfena;settlement;412.367;-85.245;51;no;;A11;0;ghsl-ucdb. osm
Portugal;São João da Madeira;settlement;409.007;-84.902;50;no;;A11;0;ghsl-ucdb. osm. wikidata
Portugal;Feira;settlement;409.254;-85.428;48;no;;A11;0;ghsl-ucdb. osm. wikidata
Portugal;Alcobaça;settlement;395.522;-89.775;48;no;;A11;1;cuisine. ghsl-ucdb. osm. unesco-whs. wikidata
Portugal;Portimão;settlement;371.386;-85.378;48;yes;12;A11;0;ghsl-ucdb. osm. wikidata
Portugal;Cacém;settlement;38.767;-92.979;48;no;;A11;0;cuisine. ghsl-ucdb. osm. wikidata
Portugal;Monção;settlement;420.789;-84.808;47;no;;A11;0;cuisine. ghsl-ucdb. osm. wikidata
Portugal;Torres Vedras;settlement;390.911;-92.586;47;no;;A10. A11;0;cuisine. ghsl-ucdb. osm. wikidata
Portugal;Viana do Castelo;settlement;416.932;-88.329;46;no;;A11;0;ghsl-ucdb. osm. wikidata
Portugal;Central Zone of the Town of Angra do Heroismo in the Azores;site;38.655;-27.22;45;yes;13;A11;1;osm. unesco-whs. wdpa. wikidata
Portugal;Ilhas Selvagens;site;300.909;-15.952;44;yes;6;A9;0;wdpa. wikidata
Portugal;Paredes;settlement;412.049;-83.315;43;no;;A11. A10;0;ghsl-ucdb. osm. wdpa. wikidata
Portugal;Caniço;settlement;326.508;-168.375;42;no;;A11. A9;0;ghsl-ucdb. osm. wdpa. wikidata
Portugal;Lagos;settlement;37.102;-86.742;41;no;;A11;0;ghsl-ucdb. osm. wikidata
Portugal;Santarém;settlement;392.338;-86.862;41;no;;A11;0;cuisine. ghsl-ucdb. osm. wikidata
Portugal;Montijo;settlement;387.067;-89.739;41;no;;A11;0;cuisine. ghsl-ucdb. osm. wikidata
Portugal;Alcabideche;settlement;387.337;-94.093;40;no;;A11;1;cuisine. ghsl-ucdb. osm. unesco-whs. wikidata
Portugal;Castelo Branco;settlement;398.236;-7.491;40;no;;A11;0;ghsl-ucdb. osm. wikidata
Portugal;Sesimbra;settlement;384.445;-91.015;40;no;;A11. A10;0;cuisine. ghsl-ucdb. osm. wdpa. wikidata
Portugal;Arouca;settlement;409.306;-82.449;39;no;;A11;0;ghsl-ucdb. osm. wikidata
Portugal;Loulé;settlement;371.377;-80.197;37;no;;A11;0;ghsl-ucdb. osm. wikidata
Portugal;Entroncamento;settlement;394.667;-84.667;37;no;;A11;0;cuisine. ghsl-ucdb. osm. wikidata
Portugal;Peniche;settlement;393.558;-93.811;36;no;;A11. A10;0;cuisine. ghsl-ucdb. osm. wdpa. wikidata
Portugal;Espinho;settlement;410.076;-86.412;36;no;;A11;0;ghsl-ucdb. osm. wikidata
Portugal;São Domingos de Rana;settlement;387.019;-93.408;33;no;;A11;0;cuisine. ghsl-ucdb. osm. wikidata
Portugal;Vialonga;settlement;388.721;-9.078;33;no;;A11;0;cuisine. ghsl-ucdb. osm
Portugal;Azambuja;settlement;390.703;-88.682;33;no;;A11;0;cuisine. ghsl-ucdb. osm
Portugal;Cabeceiras de Basto;settlement;415.143;-79.894;32;no;;A11;0;ghsl-ucdb. osm. wikidata
Portugal;Rede de Areas Marinhas Protegidas do Porto Santo;site;330.587;-163.405;31;no;;A9. A11;0;osm. wdpa. wikidata
Portugal;Ilheus das Formigas;site;37.25;-24.75;31;no;;A9. A11;0;osm. wdpa. wikidata
Portugal;Planalto Central das Flores;site;394.418;-312.169;30;yes;18;A9. A11;0;osm. wdpa. wikidata
Portugal;Oeiras;settlement;38.691;-93.109;30;no;;A11;0;cuisine. ghsl-ucdb. osm. wikidata
Portugal;Condeixa-a-Nova;settlement;401.128;-8.498;30;no;;A11. A10;0;ghsl-ucdb. osm. wikidata
Portugal;Póvoa de Santa Iria;settlement;38.861;-90.645;30;no;;A11;0;cuisine. ghsl-ucdb. osm. wdpa. wikidata
Portugal;Moita;settlement;386.508;-89.904;29;no;;A11;0;cuisine. ghsl-ucdb. osm
Portugal;Campo Hidrotermal Lucky Strike;site;372.833;-32.275;29;yes;11;A9;0;wdpa
Portugal;Campo Hidrotermal Menez Gwen;site;378.458;-31.525;29;no;;A9;0;wdpa
Portugal;Monte Submarino Sedlo;site;403.833;-268.667;29;yes;16;A9;0;wdpa
Portugal;Fafe;settlement;414.508;-81.726;29;no;;A11. A10;0;ghsl-ucdb. osm. wikidata
Portugal;Felgueiras;settlement;413.681;-8.194;29;no;;A10. A11;0;ghsl-ucdb. osm. wikidata
Portugal;Pombal;settlement;399.167;-86.285;29;no;;A11;0;cuisine. ghsl-ucdb. osm. wikidata
Portugal;Ovar;settlement;408.586;-86.251;29;no;;A11;0;ghsl-ucdb. osm. wikidata
Portugal;Vila Franca de Xira;settlement;389.552;-89.897;27;no;;A11;0;cuisine. ghsl-ucdb. osm. wikidata
Portugal;Faro;settlement;370.187;-79.272;27;no;;A11;0;ghsl-ucdb. osm. wikidata
Portugal;Cascais;settlement;386.968;-94.215;27;no;;A11;0;cuisine. ghsl-ucdb. osm. wikidata
Portugal;Figueira da Foz;settlement;401.508;-88.618;27;no;;A11;0;cuisine. ghsl-ucdb. osm. wikidata
Portugal;Albufeira;settlement;370.882;-82.503;26;no;;A11;0;ghsl-ucdb. osm. wikidata
Portugal;Vila do Conde;settlement;413.533;-87.452;26;no;;A11;0;ghsl-ucdb. osm. wikidata
Portugal;Ponte de Lima;settlement;417.672;-85.839;26;no;;A11;0;ghsl-ucdb. osm. wikidata
Portugal;Esposende;settlement;415.361;-8.782;25;no;;A11. A10;0;ghsl-ucdb. osm. wikidata
Portugal;Pinhal Novo;settlement;386.311;-89.138;25;no;;A11;0;cuisine. ghsl-ucdb. osm. wikidata
Portugal;Barcelos;settlement;415.317;-86.184;24;no;;A11;0;ghsl-ucdb. osm. wikidata
Portugal;Monsanto;settlement;39.462;-87.118;24;no;;A11;0;cuisine. ghsl-ucdb. osm. wikidata
Portugal;Quinta Do Conde;settlement;385.653;-90.432;23;no;;A11;0;cuisine. ghsl-ucdb. osm
Portugal;Porto de Mós;settlement;370.853;-86.837;23;no;;A11;0;ghsl-ucdb. osm. wikidata
Portugal;Tavira;settlement;371.273;-76.486;23;no;;A11;0;ghsl-ucdb. osm. wikidata
Portugal;Guarda;settlement;405.375;-72.663;21;no;;A11;0;ghsl-ucdb. osm. wikidata
Portugal;Marinha Grande;settlement;397.477;-89.323;21;no;;A11;0;cuisine. ghsl-ucdb. osm. wikidata
Portugal;Trofa;settlement;413.373;-85.596;18;no;;A11;0;ghsl-ucdb. osm
Portugal;Azeitão;settlement;385.192;-90.139;18;no;;A11;0;cuisine. ghsl-ucdb. osm. wikidata
Portugal;Torres Novas;settlement;394.758;-85.435;17;no;;A11. A10;0;cuisine. ghsl-ucdb. osm. wikidata
Portugal;Póvoa de Varzim;settlement;413.834;-87.636;17;no;;A11;0;ghsl-ucdb. osm. wikidata
Portugal;Olhão;settlement;370.286;-78.411;16;no;;A11;0;ghsl-ucdb. osm. wikidata
Portugal;Laranjeiro;settlement;37.068;-78.078;16;no;;A11;0;ghsl-ucdb. osm. wikidata
Portugal;Monte Estoril;settlement;387.064;-9.406;13;no;;A11;0;cuisine. ghsl-ucdb. osm
Portugal;Carcavelos;settlement;38.691;-93.222;13;no;;A11;0;cuisine. ghsl-ucdb. osm. wikidata
Puerto Rico;San Juan;settlement;184.663;-661.057;100;yes;1;;1;ghsl-ucdb. unesco-whs. wikidata
Puerto Rico;Trujillo Alto;settlement;183.547;-660.074;95;no;;A10;0;ghsl-ucdb. wikidata
Puerto Rico;Humacao;settlement;181.497;-658.274;95;no;;A9;0;ghsl-ucdb. wdpa
Puerto Rico;Fajardo;settlement;183.258;-656.524;62;no;;;0;ghsl-ucdb. wdpa. wikidata
Puerto Rico;Ponce;settlement;180.103;-66.624;48;yes;2;;0;ghsl-ucdb. wikidata
Qatar;Umm Ghuwaylīnah;settlement;255.872;511.499;100;yes;1;;1;ghsl-ucdb. unesco-whs. wikidata
Republic of the Congo;Sangha Trinational;site;26.094;165.542;100;yes;1;A9;2;unesco-whs. wdpa. wikidata
Republic of the Congo;Pointe-Noire;settlement;-47.761;118.635;82;yes;2;A11. A12;0;ghsl-ucdb. osm. wdpa. wikidata
Republic of the Congo;Brazzaville;settlement;-42.661;152.832;69;yes;3;A11. A12;0;ghsl-ucdb. osm
Republic of the Congo;Forest Massif of Odzala-Kokoua;site;13.356;148.603;51;yes;5;A9;1;unesco-whs. wdpa. wikidata
Republic of the Congo;Mossaka;settlement;-12.198;167.992;35;yes;4;;0;ghsl-ucdb. osm. wikidata
Republic of the Congo;Parc National de Ntokou-Pikounda;site;0.5019;162.295;13;yes;6;A9;0;wdpa
Reunion;Le Tampon;settlement;-212.766;555.177;100;yes;1;A11. A9;1;ghsl-ucdb. osm. unesco-whs. wdpa. wikidata
Reunion;Saint-Denis;settlement;-208.823;554.504;99;no;;A11;0;ghsl-ucdb. osm. wikidata
Reunion;Saint-Pierre;settlement;-213.393;554.781;74;no;;A11;0;ghsl-ucdb. osm. wikidata
Reunion;Sainte-Marie;settlement;-208.969;555.506;62;no;;A11;0;ghsl-ucdb. osm. wikidata
Reunion;Saint-Benoît;settlement;-210.379;557.155;53;no;;A11. A9;0;ghsl-ucdb. osm. wdpa. wikidata
Reunion;Saint-Paul;settlement;-210.096;552.713;48;no;;A11;0;ghsl-ucdb. osm. wikidata
Reunion;Saint-André;settlement;-209.633;556.503;45;no;;A11;0;ghsl-ucdb. osm. wikidata
Reunion;Saint-Louis;settlement;-212.858;554.112;44;no;;A11;0;ghsl-ucdb. osm. wikidata
Reunion;Saint-Joseph;settlement;-213.777;556.169;39;no;;A11. A9;0;ghsl-ucdb. osm. wdpa. wikidata
Reunion;Le Port;settlement;-209.375;552.942;37;no;;A11;0;ghsl-ucdb. osm. wikidata
Reunion;Saint-Leu;settlement;-211.706;552.882;30;no;;A11;0;ghsl-ucdb. osm. wdpa. wikidata
Reunion;Piton Saint-Leu;settlement;-212.196;553.151;22;no;;A11;0;ghsl-ucdb. osm. wikidata
Reunion;La Possession;settlement;-209.291;553.348;18;no;;A11;0;ghsl-ucdb. osm. wikidata
Reunion;Sainte-Suzanne;settlement;-209.062;556.079;15;no;;A11;0;ghsl-ucdb. osm. wikidata
Romania;Cluj-Napoca;settlement;467.667;23.6;100;yes;1;;0;cuisine. ghsl-ucdb. wikidata
Romania;Miercurea-Ciuc;settlement;46.35;25.8;80;yes;2;A10;0;cuisine. ghsl-ucdb. wikidata
Romania;Reşiţa;settlement;453.008;218.892;80;yes;3;A9;1;ghsl-ucdb. unesco-whs. wdpa
Romania;Bucharest;settlement;444.323;261.063;76;yes;4;A12;0;ghsl-ucdb. wikidata
Romania;Iaşi;settlement;471.667;27.6;72;yes;5;;1;cuisine. ghsl-ucdb. unesco-whs. wdpa. wikidata
Romania;Braşov;settlement;456.486;256.061;69;yes;12;;1;cuisine. ghsl-ucdb. unesco-whs. wikidata
Romania;Râmnicu Vâlcea;settlement;45.1;243.667;61;no;;A9;1;cuisine. ghsl-ucdb. unesco-whs. wdpa. wikidata
Romania;Sibiu;settlement;45.8;24.15;60;yes;6;;0;cuisine. ghsl-ucdb. wikidata
Romania;Sighișoara;settlement;462.214;247.928;56;no;;;1;cuisine. ghsl-ucdb. unesco-whs. wikidata
Romania;Timişoara;settlement;457.537;212.257;56;no;;A12;0;ghsl-ucdb. wikidata
Romania;Drobeta-Turnu Severin;settlement;446.269;226.529;50;yes;13;A9;0;ghsl-ucdb. osm. wdpa. wikidata
Romania;Codlea;settlement;45.7;25.45;46;no;;;0;cuisine. ghsl-ucdb. wdpa. wikidata
Romania;Turnu Măgurele;settlement;437.469;248.685;42;yes;10;A9;1;cuisine. ghsl-ucdb. unesco-whs. wdpa. wikidata
Romania;Târgu Mureş;settlement;465.425;245.575;41;yes;18;A12;0;cuisine. ghsl-ucdb. wikidata
Romania;Făgăraș;settlement;45.85;249.667;40;no;;;0;cuisine. ghsl-ucdb. wdpa. wikidata
Romania;Rădăuți;settlement;47.85;259.167;40;yes;7;;0;ghsl-ucdb. wikidata
Romania;Arad;settlement;461.833;213.167;38;yes;11;A12;0;ghsl-ucdb. wikidata
Romania;Târgu Jiu;settlement;45.05;232.833;36;no;;;1;ghsl-ucdb. unesco-whs. wikidata
Romania;Baia Sprie;settlement;476.619;236.922;36;no;;;1;ghsl-ucdb. unesco-whs. wikidata
Romania;Lupeni;settlement;453.603;232.383;36;yes;17;A9;0;ghsl-ucdb. wdpa. wikidata
Romania;Alba Iulia;settlement;460.667;235.833;35;no;;A12;0;cuisine. ghsl-ucdb. wikidata
Romania;Zărnești;settlement;455.609;253.179;34;no;;A9;0;cuisine. ghsl-ucdb. wdpa. wikidata
Romania;Gheorgheni;settlement;467.229;256.005;34;no;;A9;0;cuisine. ghsl-ucdb. wdpa. wikidata
Romania;Curtea de Argeş;settlement;451.342;246.741;34;no;;;0;cuisine. ghsl-ucdb. wdpa. wikidata
Romania;Breaza;settlement;451.833;256.667;33;no;;A12;0;cuisine. ghsl-ucdb. wikidata
Romania;Râşnov;settlement;455.833;25.45;33;no;;A12;0;cuisine. ghsl-ucdb. wikidata
Romania;Dorohoi;settlement;47.95;26.4;33;no;;;0;ghsl-ucdb. wikidata
Romania;Mediaş;settlement;461.667;24.35;32;no;;A12;0;cuisine. ghsl-ucdb. wikidata
Romania;Sebeş;settlement;459.565;23.571;32;no;;A12;0;cuisine. ghsl-ucdb. wikidata
Romania;Petrila;settlement;45.45;234.167;31;no;;;0;cuisine. ghsl-ucdb. wdpa. wikidata
Romania;Cisnădie;settlement;457.167;24.15;31;no;;;0;cuisine. ghsl-ucdb. wdpa. wikidata
Romania;Câmpina;settlement;451.262;25.735;30;no;;A12;0;cuisine. ghsl-ucdb. wikidata
Romania;Reghin-Sat;settlement;467.833;247.167;30;no;;;0;cuisine. ghsl-ucdb. wdpa. wikidata
Romania;Târgu Secuiesc;settlement;46;261.333;30;no;;;0;cuisine. ghsl-ucdb. wdpa. wikidata
Romania;Comăneşti;settlement;464.213;264.365;30;no;;;0;cuisine. ghsl-ucdb. wdpa
Romania;Brad;settlement;461.333;227.833;29;yes;16;;1;ghsl-ucdb. unesco-whs. wikidata
Romania;Târgovişte;settlement;449.254;254.567;29;no;;A12;0;cuisine. ghsl-ucdb. wikidata
Romania;Giurgiu;settlement;438.866;259.627;29;no;;A12;0;cuisine. ghsl-ucdb. wikidata
Romania;Sfântu Gheorghe;settlement;458.667;257.833;29;no;;A12;0;cuisine. ghsl-ucdb. wikidata
Romania;Turda;settlement;465.667;237.833;29;no;;A12;0;cuisine. ghsl-ucdb. wikidata
Romania;Blaj;settlement;461.751;239.158;29;no;;A12;0;cuisine. ghsl-ucdb. wikidata
Romania;Bistriţa;settlement;471.332;245.001;29;no;;A12;0;cuisine. ghsl-ucdb. wikidata
Romania;Odorheiu Secuiesc;settlement;46.3;25.3;29;no;;A12;0;cuisine. ghsl-ucdb. wikidata
Romania;Târnăveni;settlement;463.319;242.966;29;no;;A12;0;cuisine. ghsl-ucdb. wikidata
Romania;Aiud;settlement;463.101;237.213;29;no;;A12;0;cuisine. ghsl-ucdb. wikidata
Romania;Corabia;settlement;437.751;245.015;29;no;;A12;0;cuisine. ghsl-ucdb. wikidata
Romania;Băicoi;settlement;450.333;25.85;29;no;;A12;0;cuisine. ghsl-ucdb. wikidata
Romania;Piteşti;settlement;44.85;248.667;28;yes;14;A12;0;cuisine. ghsl-ucdb
Romania;Vaslui;settlement;466.333;277.333;28;no;;A12;0;cuisine. ghsl-ucdb
Romania;Alexandria;settlement;439.833;253.333;28;no;;A12;0;cuisine. ghsl-ucdb
Romania;Huşi;settlement;466.736;280.594;28;no;;A12;0;cuisine. ghsl-ucdb
Romania;Mioveni;settlement;44.959;24.942;28;no;;A12;0;cuisine. ghsl-ucdb
Romania;Câmpia Turzii;settlement;46.55;238.833;28;no;;A12;0;cuisine. ghsl-ucdb
Romania;Cugir;settlement;458.365;23.37;28;no;;A12;0;cuisine. ghsl-ucdb
Romania;Moineşti;settlement;464.752;264.891;28;no;;A12;0;cuisine. ghsl-ucdb
Romania;Moreni;settlement;44.983;256.441;28;no;;A12;0;cuisine. ghsl-ucdb
Romania;Luduş;settlement;464.833;24.1;28;no;;A12;0;cuisine. ghsl-ucdb
Romania;Ocna Mureş;settlement;463.833;23.85;28;no;;A12;0;cuisine. ghsl-ucdb
Romania;Zimnicea;settlement;436.564;253.645;28;no;;A12;0;cuisine. ghsl-ucdb
Romania;Satu Mare;settlement;477.993;228.625;27;no;;;0;ghsl-ucdb. wdpa. wikidata
Romania;Brăila;settlement;452.715;279.743;25;no;;A9;0;ghsl-ucdb. wdpa. wikidata
Romania;Sighetu Marmaţiei;settlement;47.932;23.886;25;yes;8;;0;ghsl-ucdb. wikidata
Romania;Hunedoara;settlement;45.75;22.9;25;no;;A12;0;ghsl-ucdb. wikidata
Romania;Constanţa;settlement;441.807;286.343;23;yes;15;A12;0;ghsl-ucdb. wikidata
Romania;Suceava;settlement;476.333;26.25;23;no;;A12;0;ghsl-ucdb. wikidata
Romania;Vulcan;settlement;453.833;232.667;22;no;;;1;ghsl-ucdb. unesco-whs. wikidata
Romania;Borşa;settlement;476.553;246.633;22;no;;A9;0;ghsl-ucdb. wdpa. wikidata
Romania;Tulcea;settlement;451.787;28.805;20;yes;9;;0;ghsl-ucdb. wikidata
Romania;Oradea;settlement;470.458;219.183;20;yes;19;A12;0;ghsl-ucdb. wikidata
Romania;Târgu Neamţ;settlement;47.2;263.667;20;no;;A12;0;ghsl-ucdb. wikidata
Romania;Piatra Neamţ;settlement;469.167;263.333;18;no;;A9;0;ghsl-ucdb. wdpa. wikidata
Romania;Motru;settlement;448.033;229.719;18;no;;A9;0;ghsl-ucdb. wdpa
Romania;Vatra Dornei;settlement;47.35;253.667;18;no;;A9;0;ghsl-ucdb. wdpa
Romania;Zalău;settlement;47.2;23.05;17;no;;A12;0;ghsl-ucdb. wikidata
Romania;Vişeu de Sus;settlement;477.079;244.295;16;no;;;0;ghsl-ucdb. wikidata
Romania;Baia Mare;settlement;476.573;235.681;14;no;;A12;0;ghsl-ucdb. wikidata
Romania;Mangalia;settlement;438.162;285.766;14;no;;A12;0;ghsl-ucdb. wikidata
Romania;Buftea;settlement;445.614;259.489;14;no;;A12;0;ghsl-ucdb. wikidata
Romania;Galaţi;settlement;454.369;280.503;14;yes;20;;0;ghsl-ucdb. wikidata
Romania;Craiova;settlement;443.167;23.8;11;no;;A12;0;ghsl-ucdb. wikidata
Romania;Deva;settlement;458.833;22.9;11;no;;A12;0;ghsl-ucdb. wikidata
Romania;Gherla;settlement;470.333;239.167;11;no;;A12;0;ghsl-ucdb. wikidata
Romania;Orăştie;settlement;458.333;23.2;11;no;;A12;0;ghsl-ucdb. wikidata
Romania;Cernavodă;settlement;443.396;280.327;11;no;;A12;0;ghsl-ucdb. wikidata
Romania;Gura Humorului;settlement;47.55;25.9;11;no;;A12;0;ghsl-ucdb. wikidata
Russia;Kazan;settlement;557.887;491.221;100;yes;1;A9. A12. A2;2;ghsl-ucdb. unesco-whs. wdpa. wikidata
Russia;Kostomuksha;settlement;64.571;305.767;98;yes;2;A9;0;cuisine. ghsl-ucdb. wdpa. wikidata
Russia;Belidzhi;settlement;418.918;484.125;91;yes;3;A12;0;ghsl-ucdb. osm
Russia;Moscow;settlement;55.752;376.178;87;yes;5;A12. A2;2;ghsl-ucdb. unesco-whs. wikidata
Russia;Ostashkov;settlement;571.469;331.066;84;yes;26;;0;ghsl-ucdb. wdpa. wikidata
Russia;Nelidovo;settlement;562.276;327.747;74;no;;;0;ghsl-ucdb. wdpa
Russia;Ostrov;settlement;573.438;283.536;71;yes;6;A9;0;ghsl-ucdb. osm. wdpa. wikidata
Russia;Alagir;settlement;430.425;442.202;69;no;;A9;0;cuisine. ghsl-ucdb. wdpa
Russia;Uchaly;settlement;543.581;594.361;65;yes;7;A9;0;ghsl-ucdb. wdpa
Russia;Velikiy Novgorod;settlement;585.213;31.271;62;no;;;1;ghsl-ucdb. unesco-whs. wdpa. wikidata
Russia;Vyazemskiy;settlement;475.334;1.347.578;62;no;;A11. A9;0;ghsl-ucdb. osm. wdpa
Russia;Vladikavkaz;settlement;43.041;446.699;62;no;;A9;0;cuisine. ghsl-ucdb. wdpa. wikidata
Russia;Sebezhskij;site;561.852;284.361;61;no;;A9. A11;0;osm. wdpa. wikidata
Russia;Uvs Nuur Basin;site;500.833;95.25;60;yes;10;A9;1;unesco-whs. wdpa
Russia;Nikel;settlement;694.129;30.222;59;yes;11;A9;0;ghsl-ucdb. wdpa. wikidata
Russia;Vyshniy Volochëk;settlement;575.888;345.685;58;no;;;0;ghsl-ucdb. wdpa. wikidata
Russia;Pskov;settlement;578.192;283.318;58;no;;;1;ghsl-ucdb. unesco-whs. wdpa. wikidata
Russia;Pestovo;settlement;585.938;358.024;58;no;;;0;ghsl-ucdb. wdpa
Russia;Kovdor;settlement;675.663;304.777;57;no;;A9;0;ghsl-ucdb. wdpa
Russia;Saint Petersburg;settlement;599.386;303.141;56;no;;A12;0;ghsl-ucdb. wikidata
Russia;Rostov-on-Don;settlement;47.22;397.077;56;yes;8;A12;0;ghsl-ucdb. wikidata
Russia;Taganrog;settlement;472.363;389.053;56;no;;A12;0;ghsl-ucdb. wikidata
Russia;Bikin;settlement;468.129;1.342.501;53;yes;4;A11;0;ghsl-ucdb. osm. wdpa
Russia;Sochi;settlement;43.597;397.248;53;no;;A9;1;ghsl-ucdb. unesco-whs. wdpa. wikidata
Russia;Golden Mountains of Altai;site;493.667;87.5;51;yes;14;A9;1;unesco-whs. wdpa
Russia;Tyrnyauz;settlement;433.828;429.183;51;yes;12;A9;1;ghsl-ucdb. unesco-whs. wdpa. wikidata
Russia;Lake Baikal;site;531.736;1.076.625;51;yes;15;A9;1;unesco-whs. wdpa. wikidata
Russia;Putorana Plateau;site;690.469;941.581;51;yes;16;A9;1;cuisine. unesco-whs. wikidata
Russia;Novocherkassk;settlement;474.222;400.937;51;no;;A12;0;ghsl-ucdb. wikidata
Russia;Slantsy;settlement;591.179;280.883;50;no;;A9;0;ghsl-ucdb. wdpa. wikidata
Russia;Kaliningrad;settlement;547.064;20.511;49;yes;13;A12;0;ghsl-ucdb. wikidata
Russia;Yaroslavl;settlement;576.299;398.737;49;no;;;1;ghsl-ucdb. unesco-whs. wdpa. wikidata
Russia;Burejskij;site;499.871;1.302.036;49;yes;17;A9;0;wdpa
Russia;Vyborg;settlement;607.076;287.528;49;yes;27;;0;ghsl-ucdb. wdpa. wikidata
Russia;Mezgor'e;settlement;540.498;578.171;49;no;;A9;0;ghsl-ucdb. wdpa
Russia;Pushkin;settlement;597.142;303.964;48;no;;A12;0;ghsl-ucdb. wikidata
Russia;Yemva;settlement;625.879;508.634;45;yes;18;;0;ghsl-ucdb. wdpa. wikidata
Russia;Pechora;settlement;651.472;572.244;45;yes;23;;0;ghsl-ucdb. wdpa
Russia;Sovetsk;settlement;550.839;218.785;44;no;;;0;cuisine. ghsl-ucdb. wdpa. wikidata
Russia;Virgin Komi Forests;site;618.789;570.083;43;no;;A9;1;unesco-whs. wdpa. wikidata
Russia;Borzya;settlement;503.914;1.165.336;43;yes;20;A9;1;ghsl-ucdb. unesco-whs. wdpa
Russia;Sortavala;settlement;617.123;307.095;43;no;;A9;0;ghsl-ucdb. wdpa. wikidata
Russia;Vladimir;settlement;561.385;403.998;42;no;;;1;ghsl-ucdb. unesco-whs. wdpa. wikidata
Russia;Alatyr’;settlement;548.421;465.813;42;no;;A9;0;ghsl-ucdb. wdpa
Russia;Zov tigra;site;43.545;1.342.047;42;no;;A9;0;wdpa
Russia;Bolotnaya sistema Uluh-CHayah;site;574.238;887.642;42;yes;21;A9;0;wdpa
Russia;Ensemble of the Ferapontov Monastery;site;59.95;385.667;42;yes;19;A9;1;unesco-whs. wdpa. wikidata
Russia;Yekaterinburg;settlement;568.573;606.153;42;no;;A12;0;ghsl-ucdb. wdpa. wikidata
Russia;Tigirekskij;site;510.166;82.894;42;no;;A9;0;wdpa. wikidata
Russia;Kuvandyk;settlement;514.848;573.579;42;no;;A9;0;ghsl-ucdb. wdpa
Russia;Talitsa;settlement;570.109;637.335;42;yes;32;A9;0;ghsl-ucdb. wdpa
Russia;Pinezhskij;site;645.979;429.931;42;yes;24;A9;0;wdpa
Russia;Polistovskij;site;57.152;305.585;42;no;;A9;0;wdpa
Russia;Gusev;settlement;545.922;221.997;41;no;;A9;0;cuisine. ghsl-ucdb. wdpa
Russia;Verhne-Tazovskij;site;62.876;839.824;41;yes;22;A9;0;cuisine. wdpa
Russia;CHikoj;site;499.553;1.100.953;41;yes;35;A9;0;cuisine. wdpa
Russia;Sibirskie uvaly;site;625.831;814.142;41;no;;A9;0;cuisine. wdpa
Russia;Elogujskij;site;617.366;859.524;41;no;;A9;0;cuisine. wdpa
Russia;Klintsy;settlement;527.603;32.239;41;yes;9;A11;0;ghsl-ucdb. osm. wdpa
Russia;Nizhniy Novgorod;settlement;563.287;44.002;41;no;;A12;0;ghsl-ucdb. wikidata
Russia;Derbent;settlement;420.662;482.876;40;no;;;1;ghsl-ucdb. unesco-whs. wikidata
Russia;Krasnoyarsk;settlement;560.374;929.314;40;no;;A9. A12;0;ghsl-ucdb. wdpa. wikidata
Russia;Vyazniki;settlement;562.423;421.491;40;no;;;0;ghsl-ucdb. wdpa. wikidata
Russia;Kostroma;settlement;577.664;409.283;39;no;;;0;ghsl-ucdb. wdpa. wikidata
Russia;Rybinsk;settlement;580.456;388.381;39;no;;;0;ghsl-ucdb. wdpa. wikidata
Russia;Berezniki;settlement;594.091;568.204;39;yes;25;;0;ghsl-ucdb. wdpa
Russia;Gusinoozyorsk;settlement;512.833;106.5;39;no;;;0;cuisine. ghsl-ucdb. wdpa. wikidata
Russia;Ufa;settlement;547.431;559.678;38;no;;A12;0;ghsl-ucdb. wikidata
Russia;Beslan;settlement;431.928;445.327;38;no;;A12;0;cuisine. ghsl-ucdb. wikidata
Russia;Cultural Landscape of Kenozero Lake;site;61.928;381.726;38;no;;A9;1;unesco-whs. wdpa. wikidata
Russia;Gatchina;settlement;595.764;301.283;38;no;;;1;ghsl-ucdb. unesco-whs. wdpa. wikidata
Russia;Kyakhta;settlement;503.496;106.451;38;no;;A12;0;cuisine. ghsl-ucdb. wikidata
Russia;Ardon;settlement;431.789;442.946;38;no;;A12;0;cuisine. ghsl-ucdb. wikidata
Russia;Norilsk;settlement;693.535;882.027;38;no;;A12;0;cuisine. ghsl-ucdb
Russia;Talnakh;settlement;694.865;883.972;38;no;;A12;0;cuisine. ghsl-ucdb
Russia;Kayyerkan;settlement;693.786;877.439;38;no;;A12;0;cuisine. ghsl-ucdb
Russia;Dudinka;settlement;694.058;861.778;38;no;;A12;0;cuisine. ghsl-ucdb
Russia;Tarko-Sale;settlement;649.161;777.746;38;no;;A12;0;cuisine. ghsl-ucdb
Russia;Kantyshevo;settlement;432.282;446.332;38;no;;A12;0;cuisine. ghsl-ucdb
Russia;Kondopoga;settlement;622.041;342.693;37;no;;A9;1;ghsl-ucdb. unesco-whs. wdpa. wikidata
Russia;Azov;settlement;471.069;394.149;36;no;;A12;0;ghsl-ucdb. wikidata
Russia;Cultural and Historic Ensemble of the Solovetsky Islands;site;64.95;356.667;36;no;;;1;unesco-whs. wdpa. wikidata
Russia;Lena Pillars Nature Park;site;606.667;127;34;yes;28;A9;1;unesco-whs. wikidata
Russia;Central Sikhote-Alin;site;451.285;1.367.561;34;no;;A9;1;unesco-whs. wikidata
Russia;Volcanoes of Kamchatka;site;513.333;157;34;yes;29;A9;1;unesco-whs
Russia;Natural System of Wrangel Island Reserve;site;711.889;-1.797.153;34;yes;30;A9;1;unesco-whs
Russia;Birobidzhan;settlement;48.793;1.329.203;34;no;;A9;0;ghsl-ucdb. wdpa. wikidata
Russia;Stroitel;settlement;507.882;364.775;34;no;;A9;0;ghsl-ucdb. wdpa. wikidata
Russia;Novoul’yanovsk;settlement;541.477;483.864;34;no;;A9;0;ghsl-ucdb. wdpa
Russia;Hoso;site;497.888;137.845;34;no;;A9;0;wdpa
Russia;Vepsskij les;site;602.567;348.277;34;no;;A9;0;wdpa
Russia;Udegejskaya legenda;site;456.912;135.518;34;no;;A9;0;wdpa
Russia;Botchinskij;site;48.127;1.391.462;34;no;;A9;0;wdpa
Russia;Voronezh;settlement;516.683;39.192;33;yes;31;A12;0;ghsl-ucdb. wdpa. wikidata
Russia;Akhtubinsk;settlement;482.834;461.652;33;yes;33;A9;0;ghsl-ucdb. wdpa
Russia;Kharabali;settlement;474.077;472.539;33;no;;A9;0;ghsl-ucdb. wdpa
Russia;Kodar;site;570.198;117.629;33;yes;34;A9;0;wdpa
Russia;Kyzyl;settlement;517.111;944.378;33;no;;;0;ghsl-ucdb. wdpa. wikidata
Russia;Arzamas;settlement;553.956;438.381;32;no;;;0;ghsl-ucdb. wdpa. wikidata
Russia;Chistopol’;settlement;553.661;50.644;32;no;;;0;ghsl-ucdb. wdpa. wikidata
Russia;Luga;settlement;587.388;298.476;32;no;;;0;ghsl-ucdb. wdpa. wikidata
Russia;Velikiye Luki;settlement;563.406;305.438;32;no;;;0;ghsl-ucdb. wdpa. wikidata
Russia;Dobryanka;settlement;584.648;56.413;32;no;;;0;ghsl-ucdb. wdpa. wikidata
Russia;Bologoye;settlement;578.859;340.532;32;no;;;0;ghsl-ucdb. wdpa. wikidata
Russia;Koz’modem’yansk;settlement;563.321;465.606;32;no;;;0;ghsl-ucdb. wdpa. wikidata
Russia;Arsk;settlement;560.925;498.782;32;no;;;0;ghsl-ucdb. wdpa. wikidata
Russia;Kashin;settlement;573.592;376.081;32;no;;;0;ghsl-ucdb. wdpa. wikidata
Russia;Kurgan;settlement;55.449;653.434;32;no;;;0;ghsl-ucdb. wdpa
Russia;Ezhva;settlement;618.128;507.283;32;no;;;0;ghsl-ucdb. wdpa
Russia;Valuyki;settlement;501.966;381.167;32;no;;;0;ghsl-ucdb. wdpa
Russia;Korsakov;settlement;466.341;1.427.829;32;yes;36;;0;ghsl-ucdb. wdpa
Russia;Udomlya;settlement;57.876;35.007;32;no;;;0;ghsl-ucdb. wdpa
Russia;Krasnovishersk;settlement;604.073;570.829;32;no;;;0;ghsl-ucdb. wdpa
Russia;Zelenogradsk;settlement;549.589;204.767;31;no;;;1;ghsl-ucdb. unesco-whs. wikidata
Russia;Pereslavl’-Zalesskiy;settlement;567.391;388.597;30;no;;A9;0;ghsl-ucdb. wdpa. wikidata
Russia;Irkutsk;settlement;522.957;1.042.908;29;no;;;0;ghsl-ucdb. wdpa. wikidata
Russia;Zhigulëvsk;settlement;534.033;495.106;28;no;;A9;0;ghsl-ucdb. wdpa. wikidata
Russia;Tyumen;settlement;571.522;655.272;28;no;;;0;ghsl-ucdb. wdpa. wikidata
Russia;Zelenchukskaya;settlement;43.855;415.902;28;no;;;0;ghsl-ucdb. wdpa. wikidata
Russia;Volgograd;settlement;487.138;444.976;27;no;;A12;0;ghsl-ucdb. wikidata
Russia;Peterhof;settlement;598.833;29.9;27;no;;A12;0;ghsl-ucdb. wikidata
Russia;Tomsk;settlement;565.005;849.822;27;no;;;0;ghsl-ucdb. wdpa. wikidata
Russia;Biryulëvo;settlement;555.864;376.778;27;no;;;1;ghsl-ucdb. unesco-whs. wikidata
Russia;Chelyabinsk;settlement;551.611;614.288;27;no;;A12;0;ghsl-ucdb. wdpa. wikidata
Russia;Rostov Veliky;settlement;571.908;394.131;27;no;;;0;ghsl-ucdb. wdpa. wikidata
Russia;Chita;settlement;520.431;1.134.917;26;no;;A9;0;ghsl-ucdb. wdpa. wikidata
Russia;Votkinsk;settlement;570.487;539.872;26;no;;A9;0;ghsl-ucdb. wdpa. wikidata
Russia;Buynaksk;settlement;42.818;471.268;26;no;;A9;0;ghsl-ucdb. wdpa. wikidata
Russia;Anapa;settlement;44.895;373.162;26;no;;A9;0;ghsl-ucdb. wdpa. wikidata
Russia;Kirovsk;settlement;676.148;336.727;26;no;;A9;0;ghsl-ucdb. wdpa. wikidata
Russia;Zeya;settlement;537.359;127.256;26;no;;A9;0;ghsl-ucdb. wdpa. wikidata
Russia;Karachev;settlement;531.225;349.849;26;no;;A9;0;ghsl-ucdb. wdpa. wikidata
Russia;Ust`-Medvedickij;site;495.536;426.059;26;no;;A9;0;wdpa. wikidata
Russia;Tyva;site;506.716;901.458;26;no;;A9;0;wdpa. wikidata
Russia;Buinsk;settlement;549.742;482.909;26;no;;;1;ghsl-ucdb. unesco-whs. wdpa. wikidata
Russia;Petroglyphs of Lake Onega and the White Sea;site;617.299;360.126;26;no;;;1;unesco-whs. wdpa. wikidata
Russia;Khabarovsk;settlement;48.462;1.350.971;26;no;;A9;0;ghsl-ucdb. wdpa
Russia;Cherepovets;settlement;591.333;37.9;26;no;;A9;0;ghsl-ucdb. wdpa
Russia;Chaykovskiy;settlement;567.632;541.126;26;no;;A9;0;ghsl-ucdb. wdpa
Russia;Belebey;settlement;541.077;541.174;26;no;;A9;0;ghsl-ucdb. wdpa
Russia;Revda;settlement;568.024;599.377;26;no;;A9;0;ghsl-ucdb. wdpa
Russia;Svobodnyy;settlement;51.375;1.281.401;26;no;;A9;0;ghsl-ucdb. wdpa
Russia;Severoural’sk;settlement;601.533;59.952;26;no;;A9;0;ghsl-ucdb. wdpa
Russia;Yugorsk;settlement;613.123;633.307;26;no;;A9;0;ghsl-ucdb. wdpa
Russia;Gagarin;settlement;555.533;349.968;26;no;;A9;0;ghsl-ucdb. wdpa
Russia;Kizel;settlement;590.471;576.477;26;no;;A9;0;ghsl-ucdb. wdpa
Russia;Agidel’;settlement;559.087;539.344;26;no;;A9;0;ghsl-ucdb. wdpa
Russia;Abaza;settlement;52.653;900.945;26;no;;A9;0;ghsl-ucdb. wdpa
Russia;Alhanaj;site;508.974;1.132.087;26;no;;A9;0;wdpa
Russia;Severnyj Timan;site;671.967;48.793;26;no;;A9;0;wdpa
Russia;Anyujskij;site;490.438;1.371.338;26;no;;A9;0;wdpa
Russia;Norskij;site;527.278;1.303.384;26;no;;A9;0;wdpa
Russia;Arej;site;510.011;1.112.425;26;no;;A9;0;wdpa
Russia;Visherskij;site;612.805;590.325;26;no;;A9;0;wdpa
Russia;Kuzneckij Alatau;site;545.463;884.295;26;no;;A9;0;wdpa
Russia;Smol`nyj;site;547.923;453.492;26;no;;A9;0;wdpa
Russia;Kuril`skij;site;439.618;1.459.228;26;no;;A9;0;wdpa
Russia;Zabajkal`skij;site;538.076;1.092.066;26;no;;A9;0;wdpa
Russia;Hakasiya;site;520.113;884.896;26;no;;A9;0;wdpa
Russia;Nevel’;settlement;56.02;299.282;26;no;;;0;ghsl-ucdb. osm. wdpa
Russia;Astrakhan;settlement;463.497;480.408;25;no;;;0;ghsl-ucdb. wdpa. wikidata
Russia;Ryazan’;settlement;54.627;397.041;25;no;;;0;ghsl-ucdb. wdpa. wikidata
Russia;Shumerlya;settlement;555.005;464.129;25;no;;;0;ghsl-ucdb. wdpa. wikidata
Russia;Syktyvkar;settlement;616.639;508.163;24;no;;;0;ghsl-ucdb. wdpa
Russia;Ukhta;settlement;63.569;536.914;24;no;;;0;ghsl-ucdb. wdpa
Russia;Solikamsk;settlement;596.669;567.427;24;no;;;0;ghsl-ucdb. wdpa
Russia;Borovichi;settlement;583.942;339.186;24;no;;;0;ghsl-ucdb. wdpa
Russia;Kimry;settlement;568.746;373.596;24;no;;;0;ghsl-ucdb. wdpa
Russia;Kamen’-na-Obi;settlement;53.789;81.332;24;no;;;0;ghsl-ucdb. wdpa
Russia;Usinsk;settlement;660.087;575.305;24;no;;;0;ghsl-ucdb. wdpa
Russia;Sharypovo;settlement;55.54;892.006;24;no;;;0;ghsl-ucdb. wdpa
Russia;Chernushka;settlement;565.072;560.771;24;no;;;0;ghsl-ucdb. wdpa
Russia;Primorsko-Akhtarsk;settlement;460.485;38.179;24;no;;;0;ghsl-ucdb. wdpa
Russia;Gudermes;settlement;433.508;461.009;24;no;;;0;ghsl-ucdb. wdpa
Russia;Sasovo;settlement;543.537;419.199;24;no;;;0;ghsl-ucdb. wdpa
Russia;Bezhetsk;settlement;577.842;367.008;24;no;;;0;ghsl-ucdb. wdpa
Russia;Kaltan;settlement;535.278;872.758;24;no;;;0;ghsl-ucdb. wdpa
Russia;Sergach;settlement;555.277;454.568;24;no;;;0;ghsl-ucdb. wdpa
Russia;Igra;settlement;575.549;530.544;24;no;;;0;ghsl-ucdb. wdpa
Russia;Roshal’;settlement;556.685;398.749;24;no;;;0;ghsl-ucdb. wdpa
Russia;Usman’;settlement;520.448;397.257;24;no;;;0;ghsl-ucdb. wdpa
Russia;Shumikha;settlement;552.287;632.855;24;no;;;0;ghsl-ucdb. wdpa
Russia;Kurtamysh;settlement;549.097;644.319;24;no;;;0;ghsl-ucdb. wdpa
Russia;Promyshlennaya;settlement;549.144;856.397;24;no;;;0;ghsl-ucdb. wdpa
Russia;Danilov;settlement;581.908;401.708;24;no;;;0;ghsl-ucdb. wdpa
Russia;Gryazovets;settlement;58.88;402.525;24;no;;;0;ghsl-ucdb. wdpa
Russia;Trubchevsk;settlement;525.803;337.657;24;no;;;0;ghsl-ucdb. wdpa
Russia;Arzgir;settlement;453.741;442.198;24;no;;;0;ghsl-ucdb. wdpa
Russia;Kataysk;settlement;562.885;625.812;24;no;;;0;ghsl-ucdb. wdpa
Russia;Novosibirsk;settlement;550.226;829.317;24;no;;A12;0;ghsl-ucdb. wdpa. wikidata
Russia;Vasil’yevo;settlement;558.301;487.173;24;no;;;1;ghsl-ucdb. unesco-whs. wdpa. wikidata
Russia;Dalnerechensk;settlement;459.315;1.337.391;23;no;;A9;0;ghsl-ucdb. osm. wdpa
Russia;Kurortnyy;settlement;601.656;29.908;22;no;;;0;ghsl-ucdb. wdpa. wikidata
Russia;Saratov;settlement;515.405;459.901;21;no;;A9. A12;0;ghsl-ucdb. wdpa. wikidata
Russia;Semikarakorsk;settlement;475.168;408.083;21;no;;A9;0;ghsl-ucdb. wdpa. wikidata
Russia;Tver;settlement;568.584;359.006;21;no;;;0;ghsl-ucdb. wdpa. wikidata
Russia;Smolensk;settlement;547.783;320.509;21;no;;;0;ghsl-ucdb. wdpa. wikidata
Russia;Petrozavodsk;settlement;617.849;343.469;21;no;;;0;ghsl-ucdb. wdpa. wikidata
Russia;Uglich;settlement;575.232;383.226;20;no;;;0;ghsl-ucdb. wdpa. wikidata
Russia;Sergiyev Posad;settlement;56.312;381.387;20;no;;;1;ghsl-ucdb. unesco-whs. wikidata
Russia;Vladivostok;settlement;431.056;1.318.735;19;no;;;0;ghsl-ucdb. wdpa. wikidata
Russia;Konstantinovsk;settlement;475.811;410.934;19;no;;;0;ghsl-ucdb. wdpa. wikidata
Russia;Samara;settlement;532.077;501.355;19;no;;A12;0;ghsl-ucdb. wikidata
Russia;Kronstadt;settlement;59.992;297.762;19;no;;A12;0;ghsl-ucdb. wikidata
Russia;Sarov;settlement;54.948;433.152;19;no;;A9;0;ghsl-ucdb. wdpa. wikidata
Russia;Torzhok;settlement;570.436;349.622;19;no;;;0;ghsl-ucdb. wdpa. wikidata
Russia;Sertolovo;settlement;601.444;302.017;18;no;;A9;0;ghsl-ucdb. wdpa. wikidata
Russia;Dagestanskiye Ogni;settlement;421.159;481.919;18;no;;A9;0;ghsl-ucdb. wdpa. wikidata
Russia;Karachayevsk;settlement;437.723;419.137;18;no;;A9;0;ghsl-ucdb. wdpa. wikidata
Russia;Dimitrovgrad;settlement;542.139;496.184;18;no;;;0;ghsl-ucdb. wdpa. wikidata
Russia;Chernogorsk;settlement;538.288;913.095;18;no;;;0;ghsl-ucdb. wdpa. wikidata
Russia;Rzhev;settlement;562.629;343.289;18;no;;;0;ghsl-ucdb. wdpa. wikidata
Russia;Staraya Russa;settlement;579.962;31.36;18;no;;;0;ghsl-ucdb. wdpa. wikidata
Russia;Velikiy Ustyug;settlement;607.619;463.135;18;no;;;0;ghsl-ucdb. wdpa. wikidata
Russia;Uchkeken;settlement;439.451;425.165;18;no;;;0;ghsl-ucdb. wdpa. wikidata
Russia;Klin;settlement;563.317;367.292;17;no;;A9;0;ghsl-ucdb. wdpa. wikidata
Russia;Zarechnyy;settlement;532.036;451.923;17;no;;A9;0;ghsl-ucdb. wdpa. wikidata
Russia;Gus’-Khrustal’nyy;settlement;556.117;406.502;17;no;;A9;0;ghsl-ucdb. wdpa. wikidata
Russia;Kalach-na-Donu;settlement;48.691;435.264;17;no;;A9;0;ghsl-ucdb. wdpa. wikidata
Russia;Uch Enmek;site;505.549;86.198;17;no;;A9;0;wdpa. wikidata
Russia;Bikin;site;467.098;1.366.721;17;no;;A9;0;wdpa. wikidata
Russia;Luchegorsk;settlement;464.446;1.342.934;17;no;;;0;ghsl-ucdb. osm. wdpa
Russia;Kirov;settlement;585.981;496.578;17;no;;A9;0;ghsl-ucdb. wdpa
Russia;Komsomolsk-on-Amur;settlement;505.503;137.01;17;no;;A9;0;ghsl-ucdb. wdpa
Russia;Balakovo;settlement;520.264;477.967;17;no;;A9;0;ghsl-ucdb. wdpa
Russia;Zlatoust;settlement;551.718;596.547;17;no;;A9;0;ghsl-ucdb. wdpa
Russia;Kamyshin;settlement;500.885;454.128;17;no;;A9;0;ghsl-ucdb. wdpa
Russia;Artëm;settlement;433.576;1.321.914;17;no;;A9;0;ghsl-ucdb. wdpa
Russia;Khanty-Mansiysk;settlement;610.019;690.273;17;no;;A9;0;ghsl-ucdb. wdpa
Russia;Yelabuga;settlement;557.623;520.442;17;no;;A9;0;ghsl-ucdb. wdpa
Russia;Tuymazy;settlement;546.064;537.118;17;no;;A9;0;ghsl-ucdb. wdpa
Russia;Borisoglebsk;settlement;513.689;42.098;17;no;;A9;0;ghsl-ucdb. wdpa
Russia;Volzhsk;settlement;558.666;483.593;17;no;;A9;0;ghsl-ucdb. wdpa
Russia;Otradnyy;settlement;53.376;513.452;17;no;;A9;0;ghsl-ucdb. wdpa
Russia;Sayanogorsk;settlement;530.998;914.074;17;no;;A9;0;ghsl-ucdb. wdpa
Russia;Mirny;settlement;625.353;1.139.611;17;no;;A9;0;ghsl-ucdb. wdpa
Russia;Trëkhgornyy;settlement;548.172;584.475;17;no;;A9;0;ghsl-ucdb. wdpa
Russia;Lazarevskoye;settlement;439.089;393.314;17;no;;A9;0;ghsl-ucdb. wdpa
Russia;Tashtagol;settlement;52.768;87.888;17;no;;A9;0;ghsl-ucdb. wdpa
Russia;Kirovgrad;settlement;574.313;600.617;17;no;;A9;0;ghsl-ucdb. wdpa
Russia;Sysert’;settlement;565.017;608.198;17;no;;A9;0;ghsl-ucdb. wdpa
Russia;Bakal;settlement;549.417;588.083;17;no;;A9;0;ghsl-ucdb. wdpa
Russia;Kotel’nikovo;settlement;476.301;431.416;17;no;;A9;0;ghsl-ucdb. wdpa
Russia;Novoanninskiy;settlement;505.283;426.746;17;no;;A9;0;ghsl-ucdb. wdpa
Russia;Manturovo;settlement;583.258;447.588;17;no;;A9;0;ghsl-ucdb. wdpa
Russia;Kirsanov;settlement;526.509;427.348;17;no;;A9;0;ghsl-ucdb. wdpa
Russia;Kasli;settlement;558.875;607.548;17;no;;A9;0;ghsl-ucdb. wdpa
Russia;Privolzhsk;settlement;573.839;412.916;17;no;;A9;0;ghsl-ucdb. wdpa
Russia;Saraktash;settlement;517.874;563.599;17;no;;A9;0;ghsl-ucdb. wdpa
Russia;Belëv;settlement;538.122;361.334;17;no;;A9;0;ghsl-ucdb. wdpa
Russia;Ak CHolushpa;site;507.625;88.417;17;no;;A9;0;wdpa
Russia;Olekminskij;site;587.055;1.222.706;17;no;;A9;0;wdpa
Russia;Medvezh`i ostrova;site;705.189;1.605.302;17;no;;A9;0;wdpa
Russia;Zemlya leoparda;site;431.146;1.310.597;17;no;;A9;0;wdpa
Russia;Tungusskij;site;60.744;1.020.405;17;no;;A9;0;wdpa
Russia;Poluostrova Rybachij i Srednij;site;69.762;324.418;17;no;;A9;0;wdpa
Russia;Tajmyrskij;site;743.309;1.048.615;17;no;;A9;0;wdpa
Russia;Ergaki;site;526.722;933.556;17;no;;A9;0;wdpa
Russia;El`tonskij;site;491.773;466.943;17;no;;A9;0;wdpa
Russia;Beringiya;site;658.615;-1.723.113;17;no;;A9;0;wdpa
Russia;Azas;site;525.054;975.897;17;no;;A9;0;wdpa
Russia;Bashkirskij;site;534.042;579.621;17;no;;A9;0;wdpa
Russia;Rostovskij;site;464.126;428.746;17;no;;A9;0;wdpa
Russia;Kojgorodskij;site;598.111;501.678;17;no;;A9;0;wdpa
Russia;Neneckij;site;687.609;563.877;17;no;;A9;0;wdpa
Russia;Gydanskij;site;723.973;768.312;17;no;;A9;0;wdpa
Russia;Ust`-Lenskij;site;729.176;1.258.547;17;no;;A9;0;wdpa
Russia;Magadanskij;site;61.405;1.505.645;17;no;;A9;0;wdpa
Russia;Malaya Sos`va;site;62.141;641.998;17;no;;A9;0;wdpa
Russia;YUganskij;site;598.272;746.638;17;no;;A9;0;wdpa
Russia;Dzherginskij;site;551.433;1.115.297;17;no;;A9;0;wdpa
Russia;Momskij;site;655.139;1.462.789;17;no;;A9;0;wdpa
Russia;Ust`-Vilyujskij;site;651.898;1.260.891;17;no;;A9;0;wdpa
Russia;Kolyma;site;676.145;156.926;17;no;;A9;0;wdpa
Russia;Ozero Dzheka Londona;site;620.723;1.495.206;17;no;;A9;0;wdpa
Russia;Numto;site;637.367;707.797;17;no;;A9;0;wdpa
Russia;SHumak;site;519.752;1.018.838;17;no;;A9;0;wdpa
Russia;Bureinskij;site;520.033;1.346.159;17;no;;A9;0;wdpa
Russia;Polyarno-Ural`skij;site;67.239;723.517;17;no;;A9;0;wdpa
Russia;Dzhugdzhurskij;site;566.064;1.378.174;17;no;;A9;0;wdpa
Russia;Poronajskij;site;490.462;1.442.367;17;no;;A9;0;wdpa
Russia;SHantarskie ostrova;site;547.808;1.374.647;17;no;;A9;0;wdpa
Russia;Siine (Sinyaya);site;619.251;1.242.642;17;no;;A9;0;wdpa
Russia;Onezhskoe Pomor`e;site;647.585;375.119;17;no;;A9;0;wdpa
Russia;Russkaya Arktika;site;79.035;568.615;17;no;;A9;0;wdpa
Russia;Novosibirskie ostrova;site;759.209;1.495.059;17;no;;A9;0;wdpa
Russia;Vasyuganskij;site;566.067;808.365;17;no;;A9;0;wdpa
Russia;Salair (Togul);site;532.105;864.323;17;no;;A9;0;wdpa
Russia;Tula;settlement;541.961;376.182;17;no;;A12;0;ghsl-ucdb. wikidata
Russia;Biryulëvo Zapadnoye;settlement;555.873;376.458;17;no;;A12;0;ghsl-ucdb. wikidata
Russia;Kirovsk;settlement;59.88;309.955;17;no;;A12;0;ghsl-ucdb. wikidata
Russia;Rock Paintings of Shulgan-Tash Cave;site;530.494;57.072;17;no;;;1;unesco-whs. wikidata
Russia;Dzerzhinsk;settlement;562.442;434.554;17;no;;;0;ghsl-ucdb. wdpa. wikidata
Russia;Yuzhno-Sakhalinsk;settlement;469.543;1.427.356;17;no;;;0;ghsl-ucdb. wdpa. wikidata
Russia;Murom;settlement;555.685;420.239;17;no;;;0;ghsl-ucdb. wdpa. wikidata
Russia;Yelets;settlement;526.144;385.093;17;no;;;0;ghsl-ucdb. wdpa. wikidata
Russia;Kungur;settlement;574.143;569.716;17;no;;;0;ghsl-ucdb. wdpa. wikidata
Russia;Koryazhma;settlement;613.124;471.483;17;no;;;0;ghsl-ucdb. wdpa. wikidata
Russia;Novozybkov;settlement;525.371;319.366;17;no;;;0;ghsl-ucdb. wdpa. wikidata
Russia;Urus-Martan;settlement;431.305;455.379;17;no;;;0;ghsl-ucdb. wdpa. wikidata
Russia;Tosno;settlement;59.54;308.775;17;no;;;0;ghsl-ucdb. wdpa. wikidata
Russia;Maloyaroslavets;settlement;550.146;364.719;17;no;;;0;ghsl-ucdb. wdpa. wikidata
Russia;Volokolamsk;settlement;560.336;359.694;17;no;;;0;ghsl-ucdb. wdpa. wikidata
Russia;Aginskoye;settlement;511.075;1.145.417;17;no;;;0;ghsl-ucdb. wdpa. wikidata
Russia;Kupino;settlement;543.668;773.068;17;no;;;0;ghsl-ucdb. wdpa. wikidata
Russia;Shilovo;settlement;543.201;408.796;17;no;;;0;ghsl-ucdb. wdpa. wikidata
Russia;Lipetsk;settlement;525.876;395.515;17;no;;;0;ghsl-ucdb. wdpa
Russia;Arkhangel’sk;settlement;645.461;405.518;17;no;;;0;ghsl-ucdb. wdpa
Russia;Sterlitamak;settlement;536.379;559.533;17;no;;;0;ghsl-ucdb. wdpa
Russia;Blagoveshchensk;settlement;502.759;1.275.264;17;no;;;0;ghsl-ucdb. wdpa
Russia;Nalchik;settlement;434.981;436.189;17;no;;;0;ghsl-ucdb. wdpa
Russia;Biysk;settlement;525.342;851.966;17;no;;;0;ghsl-ucdb. wdpa
Russia;Seversk;settlement;566.006;848.864;17;no;;;0;ghsl-ucdb. wdpa
Russia;Zheleznogorsk;settlement;562.511;935.314;17;no;;;0;ghsl-ucdb. wdpa
Russia;Michurinsk;settlement;529.076;404.823;17;no;;;0;ghsl-ucdb. wdpa
Russia;Gubkin;settlement;512.837;375.351;17;no;;;0;ghsl-ucdb. wdpa
Russia;Yurga;settlement;557.231;848.861;17;no;;;0;ghsl-ucdb. wdpa
Russia;Ishim;settlement;561.125;694.872;17;no;;;0;ghsl-ucdb. wdpa
Russia;Roslavl’;settlement;539.539;328.641;17;no;;;0;ghsl-ucdb. wdpa
Russia;Kirishi;settlement;594.742;320.401;17;no;;;0;ghsl-ucdb. wdpa
Russia;Kizlyar;settlement;438.469;467.098;17;no;;;0;ghsl-ucdb. wdpa
Russia;Snezhinsk;settlement;560.783;607.478;17;no;;;0;ghsl-ucdb. wdpa
Russia;Kuybyshev;settlement;554.478;783.191;17;no;;;0;ghsl-ucdb. wdpa
Russia;Malgobek;settlement;435.112;445.905;17;no;;;0;ghsl-ucdb. wdpa
Russia;Morshansk;settlement;534.432;418.106;17;no;;;0;ghsl-ucdb. wdpa
Russia;Izberbash;settlement;425.671;478.755;17;no;;;0;ghsl-ucdb. wdpa
Russia;Apsheronsk;settlement;444.599;39.73;17;no;;;0;ghsl-ucdb. wdpa
Russia;Tavda;settlement;58.042;652.716;17;no;;;0;ghsl-ucdb. wdpa
Russia;Nurlat;settlement;54.429;50.806;17;no;;;0;ghsl-ucdb. wdpa
Russia;Kizilyurt;settlement;432.028;468.659;17;no;;;0;ghsl-ucdb. wdpa
Russia;Kudymkar;settlement;590.152;546.532;17;no;;;0;ghsl-ucdb. wdpa
Russia;Divnogorsk;settlement;55.957;92.378;17;no;;;0;ghsl-ucdb. wdpa
Russia;Shar’ya;settlement;583.685;455.162;17;no;;;0;ghsl-ucdb. wdpa
Russia;Sosnogorsk;settlement;635.967;538.918;17;no;;;0;ghsl-ucdb. wdpa
Russia;Karasuk;settlement;537.395;780.439;17;no;;;0;ghsl-ucdb. wdpa
Russia;Buturlinovka;settlement;508.262;40.598;17;no;;;0;ghsl-ucdb. wdpa
Russia;Kartaly;settlement;530.596;606.412;17;no;;;0;ghsl-ucdb. wdpa
Russia;Kamyshlov;settlement;568.466;627.121;17;no;;;0;ghsl-ucdb. wdpa
Russia;Nikolayevsk-on-Amure;settlement;531.466;1.407.229;17;no;;;0;ghsl-ucdb. wdpa
Russia;Gur’yevsk;settlement;542.841;859.481;17;no;;;0;ghsl-ucdb. wdpa
Russia;Bezenchuk;settlement;529.806;49.432;17;no;;;0;ghsl-ucdb. wdpa
Russia;Bogotol;settlement;562.045;895.332;17;no;;;0;ghsl-ucdb. wdpa
Russia;Osa;settlement;572.836;554.588;17;no;;;0;ghsl-ucdb. wdpa
Russia;Shakhun’ya;settlement;57.676;466.117;17;no;;;0;ghsl-ucdb. wdpa
Russia;Terek;settlement;434.833;441.378;17;no;;;0;ghsl-ucdb. wdpa
Russia;Cherepanovo;settlement;542.239;833.806;17;no;;;0;ghsl-ucdb. wdpa
Russia;Rybnoye;settlement;547.253;39.513;17;no;;;0;ghsl-ucdb. wdpa
Russia;Uva;settlement;569.908;521.852;17;no;;;0;ghsl-ucdb. wdpa
Russia;Shushenskoye;settlement;533.236;919.361;17;no;;;0;ghsl-ucdb. wdpa
Russia;Galich;settlement;583.788;423.463;17;no;;;0;ghsl-ucdb. wdpa
Russia;Turinsk;settlement;580.457;63.696;17;no;;;0;ghsl-ucdb. wdpa
Russia;Barysh;settlement;536.498;471.272;17;no;;;0;ghsl-ucdb. wdpa
Russia;Bolotnoye;settlement;556.734;843.946;17;no;;;0;ghsl-ucdb. wdpa
Russia;Plast;settlement;543.691;608.136;17;no;;;0;ghsl-ucdb. wdpa
Russia;Balezino;settlement;579.787;530.138;17;no;;;0;ghsl-ucdb. wdpa
Russia;Gornyak;settlement;509.953;814.669;17;no;;;0;ghsl-ucdb. wdpa
Russia;Uzhur;settlement;553.175;898.313;17;no;;;0;ghsl-ucdb. wdpa
Russia;Karabash;settlement;554.895;602.088;17;no;;;0;ghsl-ucdb. wdpa
Russia;Pochep;settlement;529.331;33.447;17;no;;;0;ghsl-ucdb. wdpa
Russia;Millerovo;settlement;489.252;403.998;15;no;;;0;ghsl-ucdb. wikidata
Russia;Ulan-Ude;settlement;518.265;1.075.998;15;no;;A12;0;ghsl-ucdb. wikidata
Russia;Shakhty;settlement;477.192;40.216;15;no;;A12;0;ghsl-ucdb. wikidata
Russia;Solntsevo;settlement;556.371;373.811;15;no;;A12;0;ghsl-ucdb. wikidata
Russia;Tobolsk;settlement;581.981;682.546;15;no;;A12;0;ghsl-ucdb. wikidata
Russia;Krasnogorsk;settlement;55.819;373.298;15;no;;A12;0;ghsl-ucdb. wikidata
Russia;Barnaul;settlement;53.362;837.279;14;no;;;0;ghsl-ucdb. wdpa. wikidata
Russia;Murmansk;settlement;689.678;330.992;14;no;;;0;ghsl-ucdb. wdpa. wikidata
Russia;Lodeynoye Pole;settlement;607.256;335.606;14;no;;;0;ghsl-ucdb. wdpa. wikidata
Russia;Perm;settlement;580.105;562.502;13;no;;A12;0;ghsl-ucdb. wikidata
Russia;Krasnodar;settlement;450.453;389.818;13;no;;A12;0;ghsl-ucdb. wikidata
Russia;Kursk;settlement;517.269;361.846;13;no;;A12;0;ghsl-ucdb. wikidata
Russia;Khimki;settlement;559.001;374.285;13;no;;A12;0;ghsl-ucdb. wikidata
Russia;Volkhov;settlement;599.233;323.397;13;no;;A12;0;ghsl-ucdb. wikidata
Russia;Grozny;settlement;43.312;456.889;12;no;;;0;ghsl-ucdb. wdpa. wikidata
Russia;Yakutsk;settlement;620.311;1.297.229;12;no;;;0;ghsl-ucdb. wdpa. wikidata
Russia;Priozërsk;settlement;610.403;301.392;12;no;;;0;ghsl-ucdb. wdpa. wikidata
Russia;Izhevsk;settlement;568.522;531.986;10;no;;A12;0;ghsl-ucdb. wikidata
Russia;Orenburg;settlement;517.671;550.988;10;no;;A12;0;ghsl-ucdb. wikidata
Russia;Cheboksary;settlement;561.322;47.246;10;no;;A12;0;ghsl-ucdb. wikidata
Russia;Baltiysk;settlement;546.546;199.093;10;no;;A12;0;ghsl-ucdb. wikidata
Russia;Miass;settlement;550.455;601.076;10;no;;;0;ghsl-ucdb. wdpa. wikidata
Russia;Kingisepp;settlement;593.763;286.141;10;no;;;0;ghsl-ucdb. wdpa. wikidata
Russia;Tutayev;settlement;578.729;395.297;10;no;;;0;ghsl-ucdb. wdpa. wikidata
Russia;Novovoronezh;settlement;513.153;392.187;10;no;;;0;ghsl-ucdb. wdpa. wikidata
Russia;Mozhaysk;settlement;555.019;360.272;10;no;;;0;ghsl-ucdb. wdpa. wikidata
Russia;Zvenigorod;settlement;55.734;368.592;10;no;;;0;ghsl-ucdb. wdpa. wikidata
Rwanda;Kigali;settlement;-1.95;300.588;100;yes;1;A11. A12;1;ghsl-ucdb. osm. unesco-whs. wikidata
Rwanda;Bushekeri;settlement;-24.195;290.908;73;yes;2;A9;1;ghsl-ucdb. osm. unesco-whs
Rwanda;Kayonza;settlement;-19.509;305.205;39;no;;A11. A9;0;ghsl-ucdb. osm. wdpa. wikidata
Rwanda;Mukingo;settlement;-15.394;295.558;38;yes;4;A9;0;ghsl-ucdb. wdpa. wikidata
Rwanda;Butare;settlement;-25.967;297.394;34;yes;3;A11;0;ghsl-ucdb. osm
Rwanda;Kibuye;settlement;-20.603;293.478;21;no;;;0;ghsl-ucdb. osm. wdpa
Rwanda;Rangiro;settlement;-24.045;291.606;18;no;;;0;ghsl-ucdb. wdpa
Rwanda;Gikongoro;settlement;-2.464;295.739;11;no;;;0;ghsl-ucdb. osm. wikidata
Rwanda;Byumba;settlement;-15.763;300.675;10;no;;;0;ghsl-ucdb. osm. wikidata
Saint Barthelemy;Gustavia;settlement;178.962;-628.498;100;yes;1;A11;0;ghsl-ucdb. osm
Saint Kitts and Nevis;Basseterre;settlement;172.955;-62.725;100;yes;1;A9;1;ghsl-ucdb. unesco-whs. wdpa. wikidata
Saint Lucia;Castries;settlement;139.957;-610.061;100;yes;1;A9;1;ghsl-ucdb. unesco-whs. wdpa. wikidata
Saint Martin;Marigot;settlement;180.682;-63.083;100;yes;1;A11;0;ghsl-ucdb. osm. wdpa
Saint Pierre and Miquelon;Saint-Pierre;settlement;467.791;-561.773;100;yes;1;A11;0;ghsl-ucdb. osm. wikidata
Saint Vincent and the Grenadines;Calliaqua;settlement;131.287;-611.918;100;yes;1;A9;0;ghsl-ucdb. wdpa. wikidata
Saint Vincent and the Grenadines;Kingstown;settlement;131.553;-612.274;88;no;;A9;0;ghsl-ucdb. wdpa. wikidata
Samoa;Apia;settlement;-138.333;-1.717.667;100;yes;1;A11. A9;0;ghsl-ucdb. osm. wdpa. wikidata
Samoa;Lata;site;-13.715;-1.725.218;59;yes;2;A9;0;wdpa
Sao Tome and Principe;São Tomé;settlement;0.3376;67.299;100;yes;1;;1;ghsl-ucdb. osm. unesco-whs. wikidata
Saudi Arabia;Qal‘at Bīshah;settlement;200.005;426.052;100;yes;1;A9;0;ghsl-ucdb. wdpa
Saudi Arabia;Şāmitah;settlement;16.596;429.444;100;yes;2;;0;ghsl-ucdb. osm
Saudi Arabia;Al-`Ula;settlement;266.085;379.232;99;yes;4;A9;1;ghsl-ucdb. unesco-whs. wdpa. wikidata
Saudi Arabia;Jeddah;settlement;214.901;391.862;93;yes;3;A12;1;ghsl-ucdb. unesco-whs. wikidata
Saudi Arabia;Ad Dir‘īyah;settlement;247.519;465.387;93;yes;5;;1;ghsl-ucdb. unesco-whs. wikidata
Saudi Arabia;Al Mash‘ilīyah;settlement;177.556;44.468;93;yes;8;;1;ghsl-ucdb. unesco-whs. wikidata
Saudi Arabia;The Cultural Landscape of Al-Faw Archaeological Area;site;197.649;451.634;93;yes;7;;1;unesco-whs. wikidata
Saudi Arabia;Al Hufūf;settlement;253.647;495.876;77;yes;10;;1;ghsl-ucdb. unesco-whs
Saudi Arabia;Rock Art in the Hail Region of Saudi Arabia;site;261.536;398.917;77;yes;12;;1;unesco-whs
Saudi Arabia;‘Uruq Bani Ma’arid;site;193.639;455.983;72;no;;A9;1;unesco-whs. wikidata
Saudi Arabia;Sulţānah;settlement;244.926;395.857;68;yes;9;A9;0;ghsl-ucdb. wdpa
Saudi Arabia;Ar Rass;settlement;258.694;434.973;68;yes;11;A9;0;ghsl-ucdb. wdpa
Saudi Arabia;Ḥawṭah Banī Tamīm;settlement;23.496;46.878;68;yes;13;A9;0;ghsl-ucdb. wdpa
Saudi Arabia;Khyber Al Janoub National Park;site;188.646;428.051;68;yes;21;A9;0;wdpa
Saudi Arabia;Qurayyat;settlement;313.318;373.428;68;yes;6;A12;0;cuisine. ghsl-ucdb
Saudi Arabia;Rumāḩ;settlement;255.639;471.641;53;no;;A9;0;ghsl-ucdb. wdpa
Saudi Arabia;Jabal Sawaj National Park;site;251.884;43.256;53;no;;A9;0;wdpa
Saudi Arabia;Fayfā’;settlement;172.806;431.373;52;no;;A9;0;ghsl-ucdb. osm. wdpa
Saudi Arabia;Jazirat al-Huwaysat / Dawhat Duwayhin;site;244.014;513.605;38;yes;14;A9;0;wdpa. wikidata
Saudi Arabia;Ha'il;settlement;275.219;416.907;35;yes;15;A9;0;ghsl-ucdb. wdpa
Saudi Arabia;Najrān;settlement;174.933;441.277;35;no;;A9;0;ghsl-ucdb. wdpa
Saudi Arabia;Khamis Mushait;settlement;18.3;427.333;35;no;;A9;0;ghsl-ucdb. wdpa
Saudi Arabia;Şabyā;settlement;171.495;426.254;35;no;;A9;0;ghsl-ucdb. wdpa
Saudi Arabia;Al Bahah;settlement;200.129;414.677;35;no;;A9;0;ghsl-ucdb. wdpa
Saudi Arabia;Umluj;settlement;250.213;372.685;35;no;;A9;0;ghsl-ucdb. wdpa
Saudi Arabia;Shaqra;settlement;252.402;45.251;35;no;;A9;0;ghsl-ucdb. wdpa
Saudi Arabia;Al Khurmah;settlement;219.115;420.309;35;yes;16;A9;0;ghsl-ucdb. wdpa
Saudi Arabia;An Nimas;settlement;191.455;421.201;35;no;;A9;0;ghsl-ucdb. wdpa
Saudi Arabia;Duba;settlement;273.513;356.901;35;yes;17;A9;0;ghsl-ucdb. wdpa
Saudi Arabia;Mahd adh Dhahab;settlement;234.997;408.841;35;no;;A9;0;ghsl-ucdb. wdpa
Saudi Arabia;Al ‘Aqīq;settlement;20.65;414.167;35;no;;A9;0;ghsl-ucdb. wdpa
Saudi Arabia;‘Uyūn al Jiwā’;settlement;264.983;436.312;35;no;;A9;0;ghsl-ucdb. wdpa
Saudi Arabia;King Abdulaziz Royal Reserve;site;264.909;461.388;35;yes;20;A9;0;wdpa
Saudi Arabia;Harrat Khaybar / Wadi Hadiyah;site;25.537;394.521;35;no;;A9;0;wdpa
Saudi Arabia;Jibal Qaraqir;site;275.942;36.465;35;no;;A9;0;wdpa
Saudi Arabia;Gulf Islands Wildlife Sanctuary;site;276.487;498.016;35;yes;18;A9;0;wdpa
Saudi Arabia;Jabal Radwa;site;246.767;382.073;35;no;;A9;0;wdpa
Saudi Arabia;Maqla‘ Timiyah / Harrat Kishb;site;22.875;412.725;35;no;;A9;0;wdpa
Saudi Arabia;Extension to Majami‘ al-Hadb;site;214.734;438.387;35;yes;22;A9;0;wdpa
Saudi Arabia;Gharameel Nature Reserve;site;272.385;380.397;35;no;;A9;0;wdpa
Saudi Arabia;Harrat AlZabin Nature Reserve;site;260.287;379.415;35;no;;A9;0;wdpa
Saudi Arabia;Wadi Nakhlah Nature Reserve;site;264.167;384.953;35;no;;A9;0;wdpa
Saudi Arabia;Al-Dhamiriya National Park;site;242.656;402.256;35;no;;A9;0;wdpa
Saudi Arabia;Jabal Al Najj National Park;site;249.601;423.317;35;no;;A9;0;wdpa
Saudi Arabia;Al Asyah National Park & Nafud Al-Asyah Wilderness Park;site;268.402;442.511;35;no;;A9;0;wdpa
Saudi Arabia;Areeq Al Baladan National Park;site;257.235;449.437;35;no;;A9;0;wdpa
Saudi Arabia;Jabla National Park;site;248.137;439.027;35;no;;A9;0;wdpa
Saudi Arabia;Al Ghalghal and Al Dureei Park;site;228.693;464.309;35;no;;A9;0;wdpa
Saudi Arabia;Sudair National Park;site;255.416;45.785;35;no;;A9;0;wdpa
Saudi Arabia;Al Mubarraz;settlement;254.077;495.903;30;no;;A12;0;ghsl-ucdb. wikidata
Saudi Arabia;Thuqbah;settlement;262.602;502.049;27;no;;A12;0;ghsl-ucdb. osm
Saudi Arabia;Al ‘Awwāmīyah;settlement;265.914;499.795;23;no;;;0;ghsl-ucdb. wdpa. wikidata
Saudi Arabia;Ḩaql;settlement;292.863;349.469;23;no;;;0;ghsl-ucdb. wdpa. wikidata
Saudi Arabia;Al Līth;settlement;20.148;402.722;18;no;;;0;ghsl-ucdb. wdpa
Saudi Arabia;Madinah;settlement;244.686;396.142;15;no;;A12;0;ghsl-ucdb. wikidata
Saudi Arabia;Abha;settlement;182.164;425.053;15;no;;A12;0;ghsl-ucdb. wikidata
Saudi Arabia;Sakakah;settlement;299.697;402.064;15;yes;19;A12;0;ghsl-ucdb. wikidata
Senegal;Dakar;settlement;146.937;-174.441;100;yes;1;A12. A11;1;ghsl-ucdb. osm. unesco-whs. wikidata
Senegal;Saint-Louis;settlement;160.179;-164.896;94;yes;2;A9. A11;1;ghsl-ucdb. osm. unesco-whs. wdpa. wikidata
Senegal;Niokolo-Koba National Park;site;13.006;-13.004;76;yes;3;A9;1;cuisine. unesco-whs. wdpa. wikidata
Senegal;Pikine;settlement;147.646;-173.907;57;no;;A11. A12;0;ghsl-ucdb. osm
Senegal;Joal;settlement;141.731;-168.493;50;yes;8;A11;0;ghsl-ucdb. osm
Senegal;Touba;settlement;148.623;-158.753;49;yes;4;A11. A12;0;cuisine. ghsl-ucdb. osm. wikidata
Senegal;Ziguinchor;settlement;12.568;-162.733;45;yes;5;A9. A11;0;ghsl-ucdb. osm. wdpa. wikidata
Senegal;Thilogne;settlement;159.239;-136.578;40;yes;6;A11;0;cuisine. ghsl-ucdb. osm. wdpa
Senegal;Tivaouane;settlement;149.519;-168.152;40;yes;10;A11;0;ghsl-ucdb. osm
Senegal;Bargny Guèdj;settlement;14.687;-172.281;36;no;;A11;0;ghsl-ucdb. osm
Senegal;Diamniadio;settlement;147.205;-171.816;36;no;;A11;0;ghsl-ucdb. osm. wikidata
Senegal;Koungneul Sossé;settlement;139.667;-148.167;32;yes;7;A11;1;cuisine. ghsl-ucdb. osm. unesco-whs
Senegal;Kédougou;settlement;125.556;-121.808;32;yes;9;A11;1;ghsl-ucdb. osm. unesco-whs
Senegal;Mbour;settlement;14.422;-169.638;27;no;;A11;0;ghsl-ucdb. osm
Senegal;Kaolack;settlement;14.152;-160.726;17;yes;13;A11;0;cuisine. ghsl-ucdb. osm
Senegal;Thiès;settlement;147.894;-16.926;16;no;;A11;0;ghsl-ucdb. osm
Senegal;Médina Gounas;settlement;131.361;-137.557;14;no;;A11;0;cuisine. ghsl-ucdb. osm
Senegal;Ndioum;settlement;165.129;-146.471;13;yes;11;A11;0;cuisine. ghsl-ucdb. osm
Senegal;Bambey;settlement;147.007;-164.591;13;no;;A11;0;cuisine. ghsl-ucdb. osm
Senegal;Tambacounda;settlement;137.707;-136.673;12;yes;12;A11;0;cuisine. ghsl-ucdb. osm
Serbia;Belgrade;settlement;44.804;204.651;100;yes;1;A11. A12;0;cuisine. ghsl-ucdb. osm. wikidata
Serbia;Užice;settlement;438.586;198.488;81;yes;2;A9. A11;0;cuisine. ghsl-ucdb. osm. wdpa. wikidata
Serbia;Zrenjanin;settlement;453.836;203.819;79;no;;A11;0;ghsl-ucdb. osm. wdpa. wikidata
Serbia;Novi Sad;settlement;452.517;198.369;79;yes;6;A11;0;ghsl-ucdb. osm. wdpa. wikidata
Serbia;Niš;settlement;433.247;219.033;61;yes;3;A11;0;cuisine. ghsl-ucdb. osm. wikidata
Serbia;Vršac;settlement;451.167;213.036;58;yes;8;A11;0;cuisine. ghsl-ucdb. osm. wdpa. wikidata
Serbia;Novi Pazar;settlement;431.367;205.122;51;yes;5;A11;1;cuisine. ghsl-ucdb. osm. unesco-whs. wikidata
Serbia;Senta;settlement;459.275;200.772;51;no;;A11;0;ghsl-ucdb. osm. wdpa
Serbia;Subotica;settlement;46.1;196.667;49;yes;4;A11;0;ghsl-ucdb. osm. wdpa. wikidata
Serbia;Kraljevo;settlement;437.258;206.894;45;no;;A11;1;cuisine. ghsl-ucdb. osm. unesco-whs. wdpa. wikidata
Serbia;Šabac;settlement;447.467;19.69;44;no;;A11;0;cuisine. ghsl-ucdb. osm. wdpa. wikidata
Serbia;Leskovac;settlement;429.981;219.461;41;no;;A11;0;cuisine. ghsl-ucdb. osm. wdpa. wikidata
Serbia;Zaječar;settlement;439.036;222.641;41;no;;A11;1;cuisine. ghsl-ucdb. osm. unesco-whs. wdpa. wikidata
Serbia;Trstenik;settlement;436.169;210.025;40;no;;A11;0;cuisine. ghsl-ucdb. osm. wdpa. wikidata
Serbia;Pirot;settlement;431.531;225.861;39;no;;A11;0;ghsl-ucdb. osm. wdpa. wikidata
Serbia;Smederevo;settlement;446.644;209.276;38;no;;A11;0;cuisine. ghsl-ucdb. osm. wikidata
Serbia;Valjevo;settlement;442.751;198.982;37;no;;A11;0;cuisine. ghsl-ucdb. osm. wikidata
Serbia;Bor;settlement;440.749;220.959;37;no;;A11;0;cuisine. ghsl-ucdb. osm. wikidata
Serbia;Loznica;settlement;445.312;192.427;35;yes;9;A11;0;ghsl-ucdb. osm. wikidata
Serbia;Bačka Palanka;settlement;452.497;193.966;33;no;;A11;0;ghsl-ucdb. osm. wikidata
Serbia;Futog;settlement;452.387;197.142;33;no;;A11;0;ghsl-ucdb. osm. wikidata
Serbia;Požarevac;settlement;446.213;211.878;32;no;;A11;0;cuisine. ghsl-ucdb. osm. wikidata
Serbia;Apatin;settlement;456.726;18.978;31;yes;11;A11;0;ghsl-ucdb. osm. wdpa. wikidata
Serbia;Inđija;settlement;450.482;200.816;30;no;;A11;0;cuisine. ghsl-ucdb. osm. wikidata
Serbia;Negotin;settlement;442.264;225.308;29;yes;10;A11;0;cuisine. ghsl-ucdb. osm. wikidata
Serbia;Aranđelovac;settlement;443.069;20.56;28;no;;A11;0;cuisine. ghsl-ucdb. osm. wikidata
Serbia;Kragujevac;settlement;440.167;209.167;28;no;;A11;0;cuisine. ghsl-ucdb. osm. wikidata
Serbia;Čačak;settlement;438.914;203.497;27;no;;A11;0;cuisine. ghsl-ucdb. osm. wikidata
Serbia;Ruma;settlement;450.081;198.222;27;no;;A11;0;cuisine. ghsl-ucdb. osm. wikidata
Serbia;Vrbas;settlement;455.714;196.408;26;no;;A11;0;ghsl-ucdb. osm. wikidata
Serbia;Bačka Topola;settlement;458.152;196.318;25;no;;A11;0;ghsl-ucdb. osm
Serbia;Nova Pazova;settlement;449.437;202.193;25;no;;A11;0;cuisine. ghsl-ucdb. osm. wikidata
Serbia;Kikinda;settlement;458.297;204.653;24;yes;13;A11;0;ghsl-ucdb. osm
Serbia;Knjazevac;settlement;435.663;22.257;24;no;;A11;0;cuisine. ghsl-ucdb. osm. wikidata
Serbia;Sremska Mitrovica;settlement;449.764;196.122;24;no;;;0;ghsl-ucdb. osm. wikidata
Serbia;Kruševac;settlement;43.58;213.339;23;no;;A11;0;cuisine. ghsl-ucdb. osm. wikidata
Serbia;Smederevska Palanka;settlement;443.655;209.589;22;no;;A11;0;cuisine. ghsl-ucdb. osm. wikidata
Serbia;Obrenovac;settlement;446.549;202.002;20;no;;A11;0;cuisine. ghsl-ucdb. osm. wikidata
Serbia;Gornji Milanovac;settlement;44.026;204.615;19;no;;A11;0;cuisine. ghsl-ucdb. osm. wikidata
Serbia;Vranje;settlement;425.514;219.003;18;yes;12;A11;0;ghsl-ucdb. osm. wikidata
Serbia;Lazarevac;settlement;443.853;202.557;18;no;;A11;0;cuisine. ghsl-ucdb. osm. wikidata
Serbia;Jagodina;settlement;439.771;212.612;17;no;;A11;0;cuisine. ghsl-ucdb. osm. wikidata
Serbia;Stara Pazova;settlement;44.985;201.608;15;no;;A11;0;cuisine. ghsl-ucdb. osm
Serbia;Bečej;settlement;456.163;200.333;14;no;;;0;ghsl-ucdb. osm. wikidata
Serbia;Sombor;settlement;457.742;191.122;12;no;;A11;0;ghsl-ucdb. osm. wikidata
Serbia;Prokuplje;settlement;432.342;215.881;12;no;;A11;0;cuisine. ghsl-ucdb. osm. wikidata
Serbia;Ćuprija;settlement;439.275;21.37;11;yes;7;;0;cuisine. ghsl-ucdb. osm. wikidata
Seychelles;Victoria;settlement;-4.62;55.455;100;yes;1;A11. A9;1;ghsl-ucdb. osm. unesco-whs. wdpa. wikidata
Seychelles;Aldabra Atoll;site;-94.167;464.167;65;yes;2;A9;1;unesco-whs. wdpa. wikidata
Sierra Leone;Kenema;settlement;78.769;-111.903;100;yes;1;A9;1;ghsl-ucdb. unesco-whs. wdpa. wikidata
Sierra Leone;Kabala;settlement;95.889;-115.526;88;yes;2;A11. A9;0;ghsl-ucdb. osm. wdpa
Sierra Leone;Freetown;settlement;84.871;-132.356;68;yes;3;A12;0;ghsl-ucdb. wikidata
Sierra Leone;Koidu;settlement;86.439;-109.714;44;yes;4;A9;0;ghsl-ucdb. osm. wdpa. wikidata
Sierra Leone;Waterloo;settlement;83.389;-130.709;43;no;;A9;0;ghsl-ucdb. wdpa. wikidata
Sierra Leone;Port Loko;settlement;87.661;-12.787;35;no;;A12;0;ghsl-ucdb. wikidata
Singapore;Singapore;settlement;12.897;1.038.501;100;yes;1;A12. A11;1;cuisine. ghsl-ucdb. osm. unesco-whs. wikidata
Singapore;Sembawang Estate;settlement;14.508;1.038.286;77;no;;A9. A11;0;cuisine. ghsl-ucdb. osm. wdpa
Slovakia;Bratislava;settlement;481.482;171.067;100;yes;1;A9. A11;1;ghsl-ucdb. osm. unesco-whs. wdpa. wikidata
Slovakia;Košice;settlement;487.144;21.258;86;yes;2;A11;0;cuisine. ghsl-ucdb. osm. wikidata
Slovakia;Rožňava;settlement;486.601;205.376;80;no;;A11. A9;1;cuisine. ghsl-ucdb. osm. unesco-whs. wdpa. wikidata
Slovakia;Snina;settlement;489.886;22.151;77;yes;5;A11. A9;3;ghsl-ucdb. osm. unesco-whs. wdpa. wikidata
Slovakia;Prešov;settlement;489.992;212.355;68;no;;A11;0;cuisine. ghsl-ucdb. osm. wikidata
Slovakia;Levice;settlement;482.156;186.071;66;yes;3;A11. A10;0;cuisine. ghsl-ucdb. osm. wikidata
Slovakia;Spišská Nová Ves;settlement;489.446;205.615;63;no;;A10. A11. A9;1;cuisine. ghsl-ucdb. osm. unesco-whs. wdpa. wikidata
Slovakia;Žilina;settlement;492.231;187.394;62;yes;4;A11;0;cuisine. ghsl-ucdb. osm. wikidata
Slovakia;Poprad;settlement;490.614;20.298;60;yes;6;A11;0;cuisine. ghsl-ucdb. osm. wikidata
Slovakia;Bardejov;settlement;492.918;212.727;57;yes;9;A11. A10;1;ghsl-ucdb. osm. unesco-whs. wikidata
Slovakia;Žiar nad Hronom;settlement;485.918;188.496;57;no;;A11;1;cuisine. ghsl-ucdb. osm. unesco-whs. wikidata
Slovakia;Ružomberok;settlement;490.748;193.075;54;no;;A11;1;cuisine. ghsl-ucdb. osm. unesco-whs. wikidata
Slovakia;Nitra;settlement;483.076;180.845;51;no;;A11;0;ghsl-ucdb. osm. wikidata
Slovakia;Pezinok;settlement;482.899;172.666;49;no;;A11;0;ghsl-ucdb. osm. wikidata
Slovakia;Trenčín;settlement;488.945;180.444;49;no;;A11;0;ghsl-ucdb. osm. wikidata
Slovakia;Prievidza;settlement;487.745;186.275;48;no;;A11;0;cuisine. ghsl-ucdb. osm. wikidata
Slovakia;Malacky;settlement;48.436;170.219;44;no;;A11. A9;0;ghsl-ucdb. osm. wdpa. wikidata
Slovakia;Liptovský Mikuláš;settlement;490.806;196.222;44;no;;A11;0;cuisine. ghsl-ucdb. osm. wikidata
Slovakia;Trnava;settlement;483.777;17.586;44;no;;A11;0;ghsl-ucdb. osm. wikidata
Slovakia;Senica;settlement;486.792;17.367;44;no;;A11;0;ghsl-ucdb. osm. wikidata
Slovakia;Zvolen;settlement;485.744;191.532;44;no;;A11;1;cuisine. ghsl-ucdb. osm. unesco-whs. wikidata
Slovakia;Banská Bystrica;settlement;487.395;191.493;43;no;;A11;0;cuisine. ghsl-ucdb. osm. wikidata
Slovakia;Lučenec;settlement;483.325;196.671;43;yes;8;A11;0;cuisine. ghsl-ucdb. osm. wikidata
Slovakia;Piešťany;settlement;485.948;178.259;42;yes;7;A11. A10;0;ghsl-ucdb. osm. wikidata
Slovakia;Rimavská Sobota;settlement;483.828;200.224;41;no;;A11;0;cuisine. ghsl-ucdb. osm
Slovakia;Martin;settlement;490.665;18.924;41;no;;A11;0;cuisine. ghsl-ucdb. osm. wikidata
Slovakia;Brezno;settlement;488.043;196.363;38;no;;A11. A9;0;cuisine. ghsl-ucdb. osm. wdpa. wikidata
Slovakia;Dolný Kubín;settlement;492.098;193.034;38;no;;A11;0;cuisine. ghsl-ucdb. osm. wikidata
Slovakia;Nové Mesto nad Váhom;settlement;487.576;178.309;37;no;;A11;0;ghsl-ucdb. osm. wikidata
Slovakia;Stará Ľubovňa;settlement;492.986;206.862;36;no;;A11;0;cuisine. ghsl-ucdb. osm. wikidata
Slovakia;Partizánske;settlement;486.286;183.846;36;no;;A11;0;cuisine. ghsl-ucdb. osm. wikidata
Slovakia;Dubnica nad Váhom;settlement;489.598;181.663;35;no;;A11;0;cuisine. ghsl-ucdb. osm
Slovakia;Nové Zámky;settlement;479.854;18.162;35;no;;A11;0;ghsl-ucdb. osm
Slovakia;Považská Bystrica;settlement;491.215;184.217;34;no;;A11;0;cuisine. ghsl-ucdb. osm. wikidata
Slovakia;Komárno;settlement;477.636;181.226;32;yes;10;A11;0;cuisine. ghsl-ucdb. osm. wikidata
Slovakia;Čadca;settlement;49.435;187.889;32;no;;A11;0;cuisine. ghsl-ucdb. osm
Slovakia;Šaľa;settlement;481.513;178.806;32;no;;A11;0;ghsl-ucdb. osm
Slovakia;Michalovce;settlement;487.543;219.195;30;no;;A11;0;ghsl-ucdb. osm. wikidata
Slovakia;Skalica;settlement;488.449;172.264;29;no;;A11;0;ghsl-ucdb. osm. wikidata
Slovakia;Galanta;settlement;48.19;177.275;28;no;;A11;0;ghsl-ucdb. osm
Slovakia;Kežmarok;settlement;491.357;204.335;28;no;;A11. A9;0;cuisine. ghsl-ucdb. osm. wdpa. wikidata
Slovakia;Púchov;settlement;491.249;18.326;26;no;;A11;0;cuisine. ghsl-ucdb. osm
Slovakia;Hlohovec;settlement;484.317;178.031;26;no;;A11;0;ghsl-ucdb. osm. wikidata
Slovakia;Sereď;settlement;482.912;177.333;26;no;;A11;0;ghsl-ucdb. osm
Slovakia;Dunajská Streda;settlement;479.927;176.121;25;no;;A11;0;ghsl-ucdb. osm. wikidata
Slovakia;Senec;settlement;482.195;174.004;24;no;;A11;0;ghsl-ucdb. osm. wikidata
Slovakia;Handlová;settlement;487.276;187.601;22;no;;A11;0;cuisine. ghsl-ucdb. osm. wikidata
Slovakia;Trebišov;settlement;486.286;217.195;20;no;;A11;0;ghsl-ucdb. osm. wikidata
Slovakia;Komárno;settlement;481.167;183.167;19;no;;A11;0;ghsl-ucdb. osm
Slovakia;Bánovce nad Bebravou;settlement;487.213;182.575;16;no;;A11;0;cuisine. ghsl-ucdb. osm
Slovakia;Vranov nad Topľou;settlement;488.884;216.848;14;no;;A11;0;ghsl-ucdb. osm. wikidata
Slovakia;Topoľčany;settlement;485.636;181.671;13;no;;A11;0;cuisine. ghsl-ucdb. osm. wikidata
Slovakia;Humenné;settlement;489.371;219.163;12;no;;;0;ghsl-ucdb. osm. wikidata
Slovenia;Ljubljana;settlement;460.511;145.051;100;yes;1;A11. A2;2;cuisine. ghsl-ucdb. osm. unesco-whs. wikidata
Slovenia;Kranj;settlement;462.389;143.556;84;no;;A10. A11;0;cuisine. ghsl-ucdb. osm. wikidata
Slovenia;Maribor;settlement;465.558;156.459;73;no;;A11;0;cuisine. ghsl-ucdb. osm. wikidata
Slovenia;Ptuj;settlement;464.201;158.702;71;yes;2;A11;0;cuisine. ghsl-ucdb. osm. wikidata
Slovenia;Celje;settlement;462.309;152.604;70;no;;A11. A10;0;cuisine. ghsl-ucdb. osm. wikidata
Slovenia;Velenje;settlement;463.572;151.128;70;no;;A11;0;cuisine. ghsl-ucdb. osm. wikidata
Slovenia;Novo Mesto;settlement;45.804;151.689;69;no;;A11. A10;0;cuisine. ghsl-ucdb. osm. wikidata
Slovenia;Koper;settlement;455.482;137.296;68;yes;3;A11;1;ghsl-ucdb. osm. unesco-whs. wikidata
Slovenia;Trbovlje;settlement;461.541;150.518;62;no;;A11;0;cuisine. ghsl-ucdb. osm. wikidata
Solomon Islands;East Rennell;site;-116.833;1.603.333;100;yes;1;A9;1;unesco-whs. wikidata
Solomon Islands;Honiara;settlement;-94.333;159.95;73;yes;2;A11;0;ghsl-ucdb. osm
Solomon Islands;Nggosi;settlement;-94.306;159.921;12;no;;A12;0;ghsl-ucdb. osm
Solomon Islands;Malango;settlement;-9.425;1.600.533;12;no;;A12;0;ghsl-ucdb. osm
Somalia;Kaambooni;settlement;-16.377;415.866;100;yes;1;A12;0;ghsl-ucdb. wikidata
Somalia;Ceeldheer;settlement;38.488;471.806;100;yes;2;A12;0;ghsl-ucdb. wikidata
South Africa;Wembesi;settlement;-290.491;297.823;100;yes;1;A9;2;ghsl-ucdb. unesco-whs. wdpa. wikidata
South Africa;Ottosdal;settlement;-268.091;260.054;94;yes;3;;0;cuisine. ghsl-ucdb. wdpa
South Africa;Bloemfontein;settlement;-291.211;26.214;93;yes;2;A12;0;cuisine. ghsl-ucdb
South Africa;Welkom;settlement;-279.774;267.351;93;yes;15;A12;0;cuisine. ghsl-ucdb
South Africa;Botshabelo;settlement;-292.674;26.726;93;no;;A12;0;cuisine. ghsl-ucdb
South Africa;Kimberley;settlement;-287.323;247.623;93;no;;A12;0;cuisine. ghsl-ucdb
South Africa;Virginia;settlement;-281.039;268.659;93;no;;A12;0;cuisine. ghsl-ucdb
South Africa;Kutloanong;settlement;-278.333;26.75;93;no;;A12;0;cuisine. ghsl-ucdb
South Africa;Odendaalsrus;settlement;-278.739;266.907;93;no;;A12;0;cuisine. ghsl-ucdb
South Africa;Thaba Nchu;settlement;-292.093;26.839;93;no;;A12;0;cuisine. ghsl-ucdb
South Africa;Bothaville;settlement;-273.887;26.617;93;no;;A12;0;cuisine. ghsl-ucdb
South Africa;Upington;settlement;-284.478;212.561;93;yes;4;A12;0;cuisine. ghsl-ucdb
South Africa;Schweizer-Reneke;settlement;-271.887;253.293;93;no;;A12;0;cuisine. ghsl-ucdb
South Africa;Vryburg;settlement;-269.566;247.284;93;yes;17;A12;0;cuisine. ghsl-ucdb
South Africa;Wolmaransstad;settlement;-271.974;259.831;93;no;;A12;0;cuisine. ghsl-ucdb
South Africa;Aliwal North;settlement;-306.937;267.114;93;yes;7;A12;0;cuisine. ghsl-ucdb
South Africa;Wesselsbron;settlement;-278.549;263.658;93;no;;A12;0;cuisine. ghsl-ucdb
South Africa;Theunissen;settlement;-28.411;267.011;93;no;;A12;0;cuisine. ghsl-ucdb
South Africa;Bloemhof;settlement;-276.469;25.607;93;no;;A12;0;cuisine. ghsl-ucdb
South Africa;De Aar;settlement;-306.497;240.123;93;yes;10;A12;0;cuisine. ghsl-ucdb
South Africa;Allanridge;settlement;-277.543;266.438;93;no;;A12;0;cuisine. ghsl-ucdb
South Africa;Ladybrand;settlement;-291.945;274.574;93;no;;A12;0;cuisine. ghsl-ucdb
South Africa;Postmasburg;settlement;-283.339;230.654;93;yes;11;A12;0;cuisine. ghsl-ucdb
South Africa;Bultfontein;settlement;-282.876;26.15;93;no;;A12;0;cuisine. ghsl-ucdb
South Africa;Christiana;settlement;-27.914;251.611;93;no;;A12;0;cuisine. ghsl-ucdb
South Africa;Phomolong;settlement;-280.127;270.823;93;no;;A12;0;cuisine. ghsl-ucdb
South Africa;Hennenman;settlement;-279.765;270.242;93;no;;A12;0;cuisine. ghsl-ucdb
South Africa;Middelburg;settlement;-314.929;250.063;93;yes;16;A12;0;cuisine. ghsl-ucdb
South Africa;Hartbeesfontein;settlement;-267.657;264.202;93;no;;A12;0;cuisine. ghsl-ucdb
South Africa;Pampierstad;settlement;-277.832;246.877;93;no;;A12;0;cuisine. ghsl-ucdb
South Africa;Hoopstad;settlement;-278.327;259.083;93;no;;A12;0;cuisine. ghsl-ucdb
South Africa;Burgersdorp;settlement;-309.977;263.286;93;no;;A12;0;cuisine. ghsl-ucdb
South Africa;Zastron;settlement;-303.023;27.084;93;no;;A12;0;cuisine. ghsl-ucdb
South Africa;Marquard;settlement;-286.645;274.305;93;no;;A12;0;cuisine. ghsl-ucdb
South Africa;Warrenton;settlement;-28.114;248.475;93;yes;12;A12;0;cuisine. ghsl-ucdb
South Africa;Winburg;settlement;-28.518;270.093;93;no;;A12;0;cuisine. ghsl-ucdb
South Africa;Leeudoringstad;settlement;-272.371;262.351;93;no;;A12;0;cuisine. ghsl-ucdb
South Africa;Makwassie;settlement;-273.156;25.995;93;no;;A12;0;cuisine. ghsl-ucdb
South Africa;Winnie Mandela;settlement;-287.003;264.581;93;no;;A12;0;cuisine. ghsl-ucdb
South Africa;Cape Town;settlement;-339.258;184.232;86;yes;9;A12;1;ghsl-ucdb. unesco-whs. wikidata
South Africa;Potchefstroom;settlement;-267.167;27.1;83;no;;A9;1;ghsl-ucdb. unesco-whs. wikidata
South Africa;Muizenberg;settlement;-34.097;184.797;63;no;;A9;1;ghsl-ucdb. unesco-whs. wikidata
South Africa;Barberton;settlement;-257.884;310.532;62;yes;13;A9;1;ghsl-ucdb. unesco-whs. wikidata
South Africa;iSimangaliso Wetland Park – Maputo National Park;site;-278.389;32.55;62;yes;14;A9;1;unesco-whs. wikidata
South Africa;Durban;settlement;-298.579;310.292;56;no;;A12;0;ghsl-ucdb. wikidata
South Africa;Grahamstown;settlement;-333.042;265.328;56;yes;5;;0;ghsl-ucdb. wikidata
South Africa;Northam;settlement;-249.578;272.654;56;yes;6;;0;ghsl-ucdb. wikidata
South Africa;Fouriesburg;settlement;-286.196;282.097;56;yes;8;;0;ghsl-ucdb. wikidata
South Africa;Makuleke Wetlands;site;-223.925;311.844;48;yes;19;A9;0;osm. wdpa
South Africa;Pretoria;settlement;-257.449;281.878;47;no;;A12;1;ghsl-ucdb. unesco-whs. wikidata
South Africa;Mapungubwe Cultural Landscape;site;-221.925;292.389;44;yes;20;;1;unesco-whs. wdpa. wikidata
South Africa;Richtersveld Cultural and Botanical Landscape;site;-28.6;172.039;38;yes;18;;1;unesco-whs. wikidata
South Africa;Krugersdorp;settlement;-260.858;277.752;33;no;;A12;0;ghsl-ucdb. wikidata
South Africa;Mokopane;settlement;-241.944;290.097;33;no;;;1;ghsl-ucdb. unesco-whs. wikidata
South Africa;ǂKhomani Cultural Landscape;site;-256.876;203.746;33;no;;;1;unesco-whs. wikidata
South Africa;Mtubatuba;settlement;-284.179;321.848;31;no;;A9;0;ghsl-ucdb. wdpa. wikidata
South Africa;Saldanha;settlement;-330.117;179.442;31;no;;A9;0;ghsl-ucdb. wdpa
South Africa;Tongaat;settlement;-295.737;311.155;27;no;;;1;ghsl-ucdb. unesco-whs
South Africa;Kamaqhekeza;settlement;-256.703;318.629;19;no;;;0;ghsl-ucdb. osm
South Africa;Kokstad;settlement;-305.472;294.241;16;no;;;0;ghsl-ucdb. wdpa. wikidata
South Africa;Newcastle;settlement;-27.758;299.318;15;no;;;0;ghsl-ucdb. wdpa
South Africa;Rustenburg;settlement;-256.676;272.421;15;no;;;0;ghsl-ucdb. wdpa
South Africa;Oudtshoorn;settlement;-336.005;221.995;11;no;;A12;0;ghsl-ucdb. wikidata
South Korea;Seoul;settlement;37.566;1.269.784;100;yes;1;A12. A10. A2;2;ghsl-ucdb. unesco-whs. wdpa. wikidata
South Korea;Seogwipo;settlement;332.533;1.265.618;81;yes;2;A9;1;ghsl-ucdb. unesco-whs. wdpa. wikidata
South Korea;Changwon;settlement;352.281;1.286.811;80;yes;9;A12;0;cuisine. ghsl-ucdb. wikidata
South Korea;Jeonju;settlement;358.219;1.271.489;80;yes;3;;0;cuisine. ghsl-ucdb. wikidata
South Korea;Iksan;settlement;359.439;1.269.544;78;no;;;1;cuisine. ghsl-ucdb. unesco-whs. wikidata
South Korea;Gongju;settlement;364.556;1.271.247;76;no;;;0;cuisine. ghsl-ucdb. wikidata
South Korea;Buyeo;settlement;362.747;1.269.091;76;no;;;0;cuisine. ghsl-ucdb. wikidata
South Korea;Nonsan;settlement;362.039;1.270.847;75;no;;;0;cuisine. ghsl-ucdb. wikidata
South Korea;Daejeon;settlement;363.491;1.273.849;75;no;;A12;0;cuisine. ghsl-ucdb. wikidata
South Korea;Sejong;settlement;365.924;1.272.922;75;yes;6;;0;cuisine. ghsl-ucdb. wikidata
South Korea;Kimje;settlement;358.017;1.268.889;75;no;;;0;cuisine. ghsl-ucdb. wikidata
South Korea;Yŏnmu;settlement;361.294;127.1;75;no;;;0;cuisine. ghsl-ucdb. wikidata
South Korea;Waegwan;settlement;359.925;1.283.979;71;no;;A9;1;cuisine. ghsl-ucdb. unesco-whs. wdpa. wikidata
South Korea;Koesan;settlement;368.108;1.277.947;71;no;;A9;0;cuisine. ghsl-ucdb. wdpa. wikidata
South Korea;Daegu;settlement;358.703;1.285.911;71;no;;A9. A12;0;cuisine. ghsl-ucdb. wdpa
South Korea;Yeongju;settlement;368.217;1.286.308;68;yes;5;A9;0;cuisine. ghsl-ucdb. wdpa. wikidata
South Korea;Kurye;settlement;352.094;1.274.644;68;no;;A9;0;cuisine. ghsl-ucdb. wdpa. wikidata
South Korea;Cheongsong gun;settlement;364.335;129.057;68;no;;A9;0;cuisine. ghsl-ucdb. wdpa. wikidata
South Korea;Jeongeup;settlement;35.6;126.917;68;no;;A9;0;cuisine. ghsl-ucdb. wdpa
South Korea;Chinju;settlement;351.928;1.280.847;68;no;;;0;cuisine. ghsl-ucdb. wdpa
South Korea;Hadong;settlement;35.068;1.277.515;68;no;;;0;cuisine. ghsl-ucdb. wdpa
South Korea;Kunwi;settlement;362.347;1.285.728;68;no;;;0;cuisine. ghsl-ucdb. wdpa
South Korea;Andong;settlement;365.664;1.287.227;67;no;;A12;0;cuisine. ghsl-ucdb. wikidata
South Korea;Cheongju-si;settlement;366.372;1.274.897;67;no;;;0;cuisine. ghsl-ucdb. wdpa. wikidata
South Korea;Yecheon;settlement;366.574;1.284.551;67;no;;;0;cuisine. ghsl-ucdb. wdpa. wikidata
South Korea;Sangju;settlement;364.153;1.281.606;66;no;;;0;cuisine. ghsl-ucdb. wdpa. wikidata
South Korea;Changnyeong;settlement;355.414;1.284.951;66;no;;;0;cuisine. ghsl-ucdb. wdpa. wikidata
South Korea;Miryang;settlement;354.933;1.287.489;66;no;;;0;cuisine. ghsl-ucdb. wdpa
South Korea;Yeongdong;settlement;36.175;1.277.764;66;no;;;0;cuisine. ghsl-ucdb. wdpa
South Korea;Nangen;settlement;35.41;1.273.858;66;no;;A12;0;cuisine. ghsl-ucdb. wikidata
South Korea;Mungyeong;settlement;365.946;1.281.995;66;no;;A12;0;cuisine. ghsl-ucdb. wikidata
South Korea;Jinan-gun;settlement;357.917;1.274.253;66;no;;A12;0;cuisine. ghsl-ucdb. wikidata
South Korea;Hayang;settlement;359.133;128.82;66;no;;A12;0;cuisine. ghsl-ucdb. wikidata
South Korea;Gumi;settlement;361.136;128.336;66;no;;A12;0;cuisine. ghsl-ucdb
South Korea;Gimcheon;settlement;361.218;1.281.198;66;yes;8;A12;0;cuisine. ghsl-ucdb
South Korea;Chinch'ŏn;settlement;368.567;1.274.433;66;no;;A12;0;cuisine. ghsl-ucdb
South Korea;Eisen;settlement;359.675;1.289.308;66;no;;A12;0;cuisine. ghsl-ucdb
South Korea;Jungpyong;settlement;367.847;1.275.819;66;no;;A12;0;cuisine. ghsl-ucdb
South Korea;Changsu;settlement;356.484;1.275.152;66;no;;A12;0;cuisine. ghsl-ucdb
South Korea;Imsil;settlement;356.131;1.272.794;66;no;;A12;0;cuisine. ghsl-ucdb
South Korea;Kinzan;settlement;361.031;1.274.889;66;no;;A12;0;cuisine. ghsl-ucdb
South Korea;Jenzan;settlement;362.408;1.282.975;66;no;;A12;0;cuisine. ghsl-ucdb
South Korea;Yeosu;settlement;347.606;1.276.621;63;yes;7;A9;1;ghsl-ucdb. unesco-whs. wdpa
South Korea;Gyeongju;settlement;358.428;1.292.117;60;yes;4;A2;2;ghsl-ucdb. unesco-whs. wikidata
South Korea;Haenam;settlement;345.711;1.265.989;41;yes;10;A9;1;ghsl-ucdb. unesco-whs. wdpa. wikidata
South Korea;Sokcho;settlement;38.207;1.285.918;36;yes;11;A9;0;ghsl-ucdb. wdpa. wikidata
South Korea;Busan;settlement;351.017;129.03;30;no;;A12;0;ghsl-ucdb. wdpa. wikidata
South Korea;Hwaseong-si;settlement;372.068;1.268.169;28;no;;A10;0;ghsl-ucdb. wikidata
South Korea;Chungju;settlement;369.767;1.279.287;27;no;;A9;0;ghsl-ucdb. wdpa. wikidata
South Korea;Muan;settlement;349.901;126.479;27;no;;A9;0;ghsl-ucdb. wdpa
South Korea;Boseong;settlement;347.715;127.08;27;no;;A9;0;ghsl-ucdb. wdpa
South Korea;Boryeong;settlement;363.493;1.265.977;24;yes;12;;0;ghsl-ucdb. wikidata
South Korea;Ulsan;settlement;355.372;1.293.167;23;no;;A12;1;ghsl-ucdb. unesco-whs. wikidata
South Korea;Seongnam-si;settlement;374.386;1.271.378;23;no;;;1;ghsl-ucdb. unesco-whs. wdpa. wikidata
South Korea;Neietsu;settlement;371.845;1.284.682;23;no;;;1;ghsl-ucdb. unesco-whs. wdpa. wikidata
South Korea;Gimpo-si;settlement;376.236;1.267.142;22;no;;;0;ghsl-ucdb. wdpa. wikidata
South Korea;Yeongam;settlement;348.006;1.266.967;19;no;;A9;0;ghsl-ucdb. wdpa. wikidata
South Korea;Suwon;settlement;372.911;1.270.089;18;no;;A12;1;ghsl-ucdb. unesco-whs. wikidata
South Korea;Pohang;settlement;360.292;1.293.648;18;no;;;1;ghsl-ucdb. unesco-whs. wikidata
South Korea;Beolgyo;settlement;34.849;1.273.405;18;no;;;0;ghsl-ucdb. wdpa. wikidata
South Korea;Gangneung;settlement;377.527;1.288.724;18;no;;A9;0;ghsl-ucdb. wdpa. wikidata
South Korea;Buan;settlement;357.281;1.267.319;18;no;;A9;0;ghsl-ucdb. wdpa. wikidata
South Korea;Wŏnju;settlement;373.514;1.279.453;18;yes;13;A9;0;ghsl-ucdb. wdpa
South Korea;Seosan;settlement;367.817;1.264.522;18;no;;A9;0;ghsl-ucdb. wdpa
South Korea;Tongyeong;settlement;348.496;1.284.278;18;no;;A9;0;ghsl-ucdb. wdpa
South Korea;Kosong;settlement;383.788;1.284.676;18;no;;A9;0;ghsl-ucdb. wdpa
South Korea;Yanggu;settlement;381.058;1.279.894;18;no;;A9;0;ghsl-ucdb. wdpa
South Korea;Jumunjin;settlement;378.914;1.288.258;18;no;;;0;ghsl-ucdb. wdpa. wikidata
South Korea;Incheon;settlement;374.565;1.267.052;15;no;;A12;0;ghsl-ucdb. wikidata
South Korea;Gapyeong;settlement;37.831;1.275.106;14;no;;;0;ghsl-ucdb. wikidata
South Korea;Suncheon;settlement;349.505;1.274.878;13;no;;;0;ghsl-ucdb. wdpa. wikidata
South Korea;Gwangju;settlement;351.547;1.269.156;13;yes;14;A12;1;ghsl-ucdb. unesco-whs
South Korea;Jangseong;settlement;352.978;1.267.844;13;no;;;1;ghsl-ucdb. unesco-whs
South Korea;Goseong;settlement;349.763;1.283.236;13;no;;;1;ghsl-ucdb. unesco-whs
South Korea;Gunsan;settlement;359.786;1.267.114;13;no;;;0;ghsl-ucdb. wdpa. wikidata
South Sudan;Boma–Badingilo Migratory Landscape;site;69.417;332.775;100;yes;1;A9;1;osm. unesco-whs. wikidata
South Sudan;Juba;settlement;48.517;315.825;73;yes;2;A11;0;ghsl-ucdb. osm
South Sudan;Badingilo;site;53.675;322.018;71;yes;10;A9;0;osm. wdpa
South Sudan;Yei;settlement;40.944;306.764;52;yes;3;;0;ghsl-ucdb. osm
South Sudan;Southern;site;60.692;28.791;37;yes;6;A9;0;wdpa
South Sudan;Boma;site;64.206;339.871;37;yes;11;A9;0;wdpa
South Sudan;Shambe;site;69.621;307.873;37;yes;7;A9;0;wdpa
South Sudan;Boma Extension;site;71.132;341.081;37;yes;12;A9;0;wdpa
South Sudan;Aweil;settlement;87.619;273.919;22;yes;4;;0;ghsl-ucdb. osm
South Sudan;Leer;settlement;83.031;301.406;22;yes;5;;0;ghsl-ucdb. osm
South Sudan;Winejok;settlement;90.122;275.708;17;no;;;0;ghsl-ucdb. osm
South Sudan;Yambio;settlement;45.708;283.942;12;yes;8;;0;ghsl-ucdb. osm
South Sudan;Kafia Kingi;settlement;92.735;24.417;12;yes;9;;0;ghsl-ucdb. osm
Spain;Madrid;settlement;404.165;-37.026;100;yes;1;A10. A12. A11;1;cuisine. ghsl-ucdb. osm. unesco-whs. wikidata
Spain;Barcelona;settlement;413.888;2.159;97;yes;4;A10. A12. A11;1;cuisine. ghsl-ucdb. osm. unesco-whs. wikidata
Spain;Sevilla;settlement;373.828;-59.732;90;yes;6;A10. A11;1;ghsl-ucdb. osm. unesco-whs. wikidata
Spain;Segovia;settlement;409.481;-41.184;89;no;;A9. A11;2;cuisine. ghsl-ucdb. osm. unesco-whs. wdpa. wikidata
Spain;Burgos;settlement;423.411;-37.018;88;yes;2;A11. A2;2;ghsl-ucdb. osm. unesco-whs. wikidata
Spain;Córdoba;settlement;378.916;-47.728;87;yes;5;A11. A2;2;ghsl-ucdb. osm. unesco-whs. wdpa. wikidata
Spain;Zaragoza;settlement;416.561;-0.8773;86;yes;8;A10. A11;0;cuisine. ghsl-ucdb. osm. wikidata
Spain;Valencia;settlement;394.739;-0.3797;85;yes;7;A11. A12;1;cuisine. ghsl-ucdb. osm. unesco-whs. wikidata
Spain;Toledo;settlement;398.581;-40.226;85;no;;A11;1;cuisine. ghsl-ucdb. osm. unesco-whs. wikidata
Spain;A Coruña;settlement;433.713;-8.396;80;yes;10;A10. A11;1;cuisine. ghsl-ucdb. osm. unesco-whs. wikidata
Spain;Santiago de Compostela;settlement;428.805;-85.457;80;no;;A10. A11;1;cuisine. ghsl-ucdb. osm. unesco-whs. wikidata
Spain;Ourense;settlement;423.367;-78.641;78;yes;18;A10. A11;0;cuisine. ghsl-ucdb. osm. wikidata
Spain;Lugo;settlement;430.099;-7.556;78;no;;A10. A11;1;cuisine. ghsl-ucdb. osm. unesco-whs. wikidata
Spain;Granada;settlement;371.882;-36.067;78;yes;11;A10. A11;1;ghsl-ucdb. osm. unesco-whs. wdpa. wikidata
Spain;Ponferrada;settlement;425.466;-65.962;78;yes;9;A10. A9. A11;1;ghsl-ucdb. osm. unesco-whs. wdpa. wikidata
Spain;Logroño;settlement;424.661;-24.512;77;no;;A10. A11;1;ghsl-ucdb. osm. unesco-whs. wikidata
Spain;Realejo Alto;settlement;283.764;-165.858;76;yes;3;A9;1;ghsl-ucdb. osm. unesco-whs. wdpa. wikidata
Spain;Aranda de Duero;settlement;416.704;-36.892;76;no;;A11. A9;0;ghsl-ucdb. osm. wdpa. wikidata
Spain;Badajoz;settlement;388.779;-69.706;73;yes;12;A10. A11;1;ghsl-ucdb. osm. unesco-whs. wikidata
Spain;Torrelavega;settlement;433.494;-40.479;72;yes;17;A10. A11;0;ghsl-ucdb. osm. wikidata
Spain;Pamplona;settlement;428.169;-16.432;72;yes;14;A10. A11;0;ghsl-ucdb. osm. wikidata
Spain;Palma;settlement;395.694;26.502;71;yes;16;A10. A11;1;ghsl-ucdb. osm. unesco-whs. wikidata
Spain;Huesca;settlement;421.362;-0.4087;71;no;;A10. A11;0;ghsl-ucdb. osm. wikidata
Spain;Monforte de Lemos;settlement;425.217;-75.142;71;no;;A10. A11. A9;0;cuisine. ghsl-ucdb. osm. wdpa. wikidata
Spain;Bilbao;settlement;432.627;-29.253;70;no;;A10. A11;0;ghsl-ucdb. osm. wikidata
Spain;Miranda de Ebro;settlement;426.865;-2.947;70;no;;A11;1;ghsl-ucdb. osm. unesco-whs. wikidata
Spain;Ibiza;settlement;389.088;1.433;68;yes;13;A11. A9;2;ghsl-ucdb. osm. unesco-whs. wdpa. wikidata
Spain;Valladolid;settlement;416.554;-47.235;68;yes;23;A10. A11;0;ghsl-ucdb. osm. wikidata
Spain;Olot;settlement;42.181;24.901;67;no;;A10. A11;1;cuisine. ghsl-ucdb. osm. unesco-whs. wdpa. wikidata
Spain;Figueres;settlement;422.664;29.616;67;yes;21;A10. A11. A9;1;ghsl-ucdb. osm. unesco-whs. wdpa. wikidata
Spain;Carballo;settlement;43.213;-8.691;67;no;;A10. A11;0;cuisine. ghsl-ucdb. osm. wikidata
Spain;Inca;settlement;397.211;29.109;67;no;;A10. A11. A9;0;ghsl-ucdb. osm. wdpa. wikidata
Spain;Gijón;settlement;435.357;-56.615;67;yes;20;A10. A11;0;ghsl-ucdb. osm. wikidata
Spain;Catalan Romanesque Churches of the Vall de Boí;site;424.431;0.7455;67;yes;15;A11;1;cuisine. osm. unesco-whs. wikidata
Spain;Salamanca;settlement;409.688;-56.639;66;yes;19;A11;1;ghsl-ucdb. osm. unesco-whs. wikidata
Spain;Almería;settlement;368.381;-24.597;65;yes;24;A9. A11;0;cuisine. ghsl-ucdb. osm. wdpa. wikidata
Spain;Gasteiz / Vitoria;settlement;42.85;-26.727;64;no;;A10. A11;0;ghsl-ucdb. osm. wikidata
Spain;Alcalá de Henares;settlement;404.821;-3.36;64;no;;A11;1;cuisine. ghsl-ucdb. osm. unesco-whs. wikidata
Spain;Oviedo;settlement;433.603;-58.448;63;no;;A11;0;ghsl-ucdb. osm. wikidata
Spain;Málaga;settlement;367.202;-44.203;63;no;;A11;0;ghsl-ucdb. osm. wdpa. wikidata
Spain;Pontevedra;settlement;42.431;-86.443;63;no;;A10. A11;0;cuisine. ghsl-ucdb. osm. wikidata
Spain;Viveiro;settlement;436.623;-75.934;61;no;;A10. A11;0;ghsl-ucdb. osm. wikidata
Spain;Martorell;settlement;41.474;19.306;61;no;;A10. A11;0;cuisine. ghsl-ucdb. osm. wikidata
Spain;Manacor;settlement;395.696;32.096;61;no;;A10. A11. A9;0;ghsl-ucdb. osm. wdpa. wikidata
Spain;Guía de Isora;settlement;282.115;-167.795;61;no;;A11. A9;1;ghsl-ucdb. osm. unesco-whs. wdpa. wikidata
Spain;Maó;settlement;398.885;42.658;61;yes;22;A11. A9;1;ghsl-ucdb. osm. unesco-whs. wdpa. wikidata
Spain;Lleida;settlement;416.167;0.6222;61;no;;A11;0;cuisine. ghsl-ucdb. osm. wikidata
Spain;Silla;settlement;393.626;-0.4117;61;no;;A11. A9;0;cuisine. ghsl-ucdb. osm. wdpa. wikidata
Spain;Parla;settlement;40.236;-37.675;60;no;;A10. A11;0;cuisine. ghsl-ucdb. osm. wikidata
Spain;Villaviciosa de Odón;settlement;403.581;-39.043;60;no;;A11;0;cuisine. ghsl-ucdb. osm. wikidata
Spain;Donostia / San Sebastián;settlement;433.128;-1.975;60;no;;A11;0;ghsl-ucdb. osm. wikidata
Spain;Requena;settlement;394.883;-11.004;60;no;;A11. A9;0;cuisine. ghsl-ucdb. osm. wdpa. wikidata
Spain;Santander;settlement;434.659;-38.049;60;no;;A11;0;ghsl-ucdb. osm. wikidata
Spain;Castelldefels;settlement;412.779;19.703;59;no;;A11;1;cuisine. ghsl-ucdb. osm. unesco-whs. wikidata
Spain;Girona;settlement;419.831;28.249;59;no;;A11;0;ghsl-ucdb. osm. wikidata
Spain;Almonte;settlement;372.647;-65.167;59;no;;A11. A10. A9;0;ghsl-ucdb. osm. wdpa. wikidata
Spain;Sanlúcar de Barrameda;settlement;367.781;-63.515;59;no;;A9. A11;1;ghsl-ucdb. osm. unesco-whs. wdpa. wikidata
Spain;Getxo;settlement;433.569;-30.115;59;no;;A11;1;ghsl-ucdb. osm. unesco-whs. wikidata
Spain;Tarragona;settlement;411.191;12.454;59;no;;A11;1;cuisine. ghsl-ucdb. osm. unesco-whs. wikidata
Spain;Sama;settlement;432.957;-56.842;58;no;;A10. A11;0;ghsl-ucdb. osm. wikidata
Spain;Ferrol;settlement;434.845;-82.329;58;no;;A10. A11;0;cuisine. ghsl-ucdb. osm. wikidata
Spain;Barbastro;settlement;420.356;0.1269;58;no;;A10. A11;0;ghsl-ucdb. osm. wikidata
Spain;Alcañiz;settlement;41.05;-0.1333;57;no;;A10. A11;0;cuisine. ghsl-ucdb. osm. wikidata
Spain;Ávila;settlement;406.572;-46.995;57;no;;A9. A11;1;cuisine. ghsl-ucdb. osm. unesco-whs. wdpa. wikidata
Spain;Boiro;settlement;426.472;-88.846;57;no;;A10. A11;0;cuisine. ghsl-ucdb. osm. wikidata
Spain;Vigo;settlement;422.328;-87.226;57;no;;A11;0;cuisine. ghsl-ucdb. osm. wikidata
Spain;Alicante;settlement;383.452;-0.4815;57;no;;A11;0;ghsl-ucdb. osm. wikidata
Spain;Cuenca;settlement;400.667;-21.333;57;yes;25;A11;1;cuisine. ghsl-ucdb. osm. unesco-whs. wdpa. wikidata
Spain;Valls;settlement;412.861;12.499;57;no;;A11;1;cuisine. ghsl-ucdb. osm. unesco-whs. wikidata
Spain;Torrejón de Ardoz;settlement;404.554;-34.697;57;no;;A11;0;cuisine. ghsl-ucdb. osm. wikidata
Spain;León;settlement;42.6;-55.703;56;no;;A10. A11;0;ghsl-ucdb. osm. wikidata
Spain;Béjar;settlement;403.864;-57.634;56;no;;A11. A10. A9;0;ghsl-ucdb. osm. wdpa. wikidata
Spain;Albacete;settlement;389.942;-18.564;56;no;;A11;0;cuisine. ghsl-ucdb. osm. wikidata
Spain;Narón;settlement;435.018;-81.908;56;no;;A11. A10;0;cuisine. ghsl-ucdb. osm. wikidata
Spain;Guadalajara;settlement;406.286;-31.618;56;no;;A11;0;cuisine. ghsl-ucdb. osm. wikidata
Spain;Tomelloso;settlement;391.576;-30.216;55;no;;A11. A9;0;cuisine. ghsl-ucdb. osm. wdpa. wikidata
Spain;Palencia;settlement;420.095;-45.241;55;no;;A11;0;ghsl-ucdb. osm. wikidata
Spain;Mieres;settlement;43.25;-57.667;55;no;;A11;1;ghsl-ucdb. osm. unesco-whs. wikidata
Spain;Colmenar Viejo;settlement;406.591;-37.676;55;no;;A11;0;cuisine. ghsl-ucdb. osm. wikidata
Spain;Berga;settlement;421.043;18.463;55;no;;A11;0;cuisine. ghsl-ucdb. osm. wikidata
Spain;Terrassa;settlement;415.667;20.167;55;no;;A11;0;cuisine. ghsl-ucdb. osm. wikidata
Spain;Mérida;settlement;38.918;-63.429;55;no;;A11;1;ghsl-ucdb. osm. unesco-whs. wikidata
Spain;Teruel;settlement;403.456;-11.065;55;no;;A10. A11. A9;1;cuisine. ghsl-ucdb. osm. unesco-whs. wdpa. wikidata
Spain;Manresa;settlement;417.281;1.824;54;no;;A11;0;cuisine. ghsl-ucdb. osm. wikidata
Spain;Torrevieja;settlement;379.787;-0.6822;54;no;;A9. A11;0;ghsl-ucdb. osm. wdpa. wikidata
Spain;Talavera de la Reina;settlement;399.635;-48.308;53;no;;A10. A11;0;cuisine. ghsl-ucdb. osm. wikidata
Spain;Balaguer;settlement;417.912;0.8109;53;no;;A10. A11;0;cuisine. ghsl-ucdb. osm. wikidata
Spain;Jerez de la Frontera;settlement;366.865;-61.361;53;no;;A11;0;ghsl-ucdb. osm. wikidata
Spain;Reus;settlement;411.561;11.069;53;no;;A11;0;cuisine. ghsl-ucdb. osm. wikidata
Spain;Pozoblanco;settlement;383.791;-48.483;53;no;;A11;1;ghsl-ucdb. osm. unesco-whs. wdpa. wikidata
Spain;Las Palmas de Gran Canaria;settlement;281.018;-154.157;53;no;;A11;0;cuisine. ghsl-ucdb. osm. wikidata
Spain;Avilés;settlement;435.547;-59.248;53;no;;A11;0;ghsl-ucdb. osm. wikidata
Spain;Calatayud;settlement;413.535;-16.432;53;no;;A10. A11;0;cuisine. ghsl-ucdb. osm. wikidata
Spain;Elche;settlement;382.622;-0.7011;52;no;;A11;1;ghsl-ucdb. osm. unesco-whs. wikidata
Spain;Níjar;settlement;369.665;-2.206;51;no;;A11. A10. A9;0;cuisine. ghsl-ucdb. osm. wdpa. wikidata
Spain;Zamora;settlement;415.063;-57.446;51;no;;A11;0;ghsl-ucdb. osm. wikidata
Spain;Zafra;settlement;384.254;-64.173;51;no;;A11;0;ghsl-ucdb. osm. wdpa. wikidata
Spain;Roses;settlement;42.262;31.769;51;no;;A11;0;ghsl-ucdb. osm. wikidata
Spain;Tudela;settlement;420.617;-16.045;51;no;;A11. A10. A9;0;ghsl-ucdb. osm. wdpa. wikidata
Spain;Collado-Villalba;settlement;406.351;-40.049;51;no;;A11;0;cuisine. ghsl-ucdb. osm. wikidata
Spain;Irun;settlement;43.339;-17.894;51;no;;A11;0;ghsl-ucdb. osm. wikidata
Spain;Llucmajor;settlement;394.909;28.911;51;no;;A10. A11. A9;0;ghsl-ucdb. osm. wdpa. wikidata
Spain;Soria;settlement;41.764;-24.688;50;no;;A11;0;ghsl-ucdb. osm. wdpa. wikidata
Spain;Xàtiva;settlement;389.904;-0.5185;50;no;;A11;0;cuisine. ghsl-ucdb. osm. wikidata
Spain;Úbeda;settlement;380.133;-33.705;50;no;;A11;0;ghsl-ucdb. osm. wikidata
Spain;Murcia;settlement;37.987;-1.13;50;no;;A9. A11;0;ghsl-ucdb. osm. wdpa. wikidata
Spain;Vilanova i la Geltrú;settlement;412.239;17.251;50;no;;A11;0;cuisine. ghsl-ucdb. osm. wikidata
Spain;La Laguna;settlement;284.853;-163.201;49;no;;A10. A11;1;ghsl-ucdb. osm. unesco-whs. wikidata
Spain;Castro-Urdiales;settlement;433.828;-32.204;49;no;;A11;0;ghsl-ucdb. osm. wikidata
Spain;Alcoy;settlement;387.054;-0.4743;49;no;;A9. A11;0;ghsl-ucdb. osm. wdpa. wikidata
Spain;Motril;settlement;367.507;-35.179;49;no;;A11;0;ghsl-ucdb. osm. wikidata
Spain;Camargo;settlement;434.074;-3.885;49;no;;A11;0;ghsl-ucdb. osm. wdpa. wikidata
Spain;Cáceres;settlement;394.765;-63.722;48;no;;A10. A11;1;ghsl-ucdb. osm. unesco-whs. wikidata
Spain;Villanueva del Pardillo;settlement;404.901;-39.638;48;no;;A11;0;cuisine. ghsl-ucdb. osm. wikidata
Spain;Antequera;settlement;370.194;-45.612;48;no;;A11;1;ghsl-ucdb. osm. unesco-whs. wdpa. wikidata
Spain;Campo de Criptana;settlement;394.046;-31.249;48;no;;A11;0;cuisine. ghsl-ucdb. osm. wikidata
Spain;Campiña;settlement;38.219;-29.807;48;no;;A11;0;cuisine. ghsl-ucdb. osm. wdpa. wikidata
Spain;Teo;settlement;42.795;-8.548;47;no;;A10. A11;0;cuisine. ghsl-ucdb. osm. wikidata
Spain;Vilafranca del Penedès;settlement;413.462;16.971;47;no;;A11;0;cuisine. ghsl-ucdb. osm. wikidata
Spain;Ponteareas;settlement;421.748;-8.504;47;no;;A11. A10;0;cuisine. ghsl-ucdb. osm. wikidata
Spain;Benavente;settlement;420.025;-56.783;47;no;;A11;0;ghsl-ucdb. osm. wdpa. wikidata
Spain;Laudio / Llodio;settlement;431.432;-2.962;47;no;;A11;0;ghsl-ucdb. osm. wikidata
Spain;Melilla;settlement;352.937;-29.383;47;no;;A11;0;ghsl-ucdb. osm. wikidata
Spain;Picos de Europa;site;431.952;-4.869;46;no;;A9. A11;0;osm. wdpa. wikidata
Spain;Rivas-Vaciamadrid;settlement;403.261;-35.109;46;no;;A11;0;cuisine. ghsl-ucdb. osm. wikidata
Spain;Caldes de Montbui;settlement;416.333;21.667;46;no;;A11;0;cuisine. ghsl-ucdb. osm. wikidata
Spain;Granollers;settlement;41.608;22.877;46;no;;A10. A11;0;cuisine. ghsl-ucdb. osm. wikidata
Spain;Felanitx;settlement;394.696;31.483;46;no;;A11. A10. A9;0;ghsl-ucdb. osm. wdpa. wikidata
Spain;Denia;settlement;388.408;0.1057;46;no;;A11;0;ghsl-ucdb. osm. wikidata
Spain;Lalín;settlement;426.609;-81.128;46;no;;A11;0;cuisine. ghsl-ucdb. osm. wikidata
Spain;Los Llanos de Aridane;settlement;286.585;-179.182;46;no;;A11. A9;0;ghsl-ucdb. osm. wdpa. wikidata
Spain;Medina del Campo;settlement;413.124;-49.141;45;no;;A11;0;ghsl-ucdb. osm. wdpa. wikidata
Spain;Guadix;settlement;372.993;-31.392;45;no;;A11. A9;0;ghsl-ucdb. osm. wdpa. wikidata
Spain;Sierra Pelada y Rivera del Aserrador;site;378.625;-70.749;45;no;;A9. A11;0;osm. wdpa. wikidata
Spain;Huercal-Overa;settlement;373.892;-1.943;44;no;;A11;0;ghsl-ucdb. osm. wdpa. wikidata
Spain;La Felguera;settlement;433.075;-56.909;44;no;;A11. A10;0;ghsl-ucdb. osm. wikidata
Spain;Premià de Mar;settlement;414.921;23.652;44;no;;A11;0;cuisine. ghsl-ucdb. osm. wikidata
Spain;Cadiz;settlement;365.267;-62.891;44;no;;A11;0;ghsl-ucdb. osm. wdpa. wikidata
Spain;Jaén;settlement;377.692;-37.903;44;no;;A11;0;ghsl-ucdb. osm. wdpa. wikidata
Spain;Vic;settlement;419.301;22.549;44;no;;A10. A11;0;cuisine. ghsl-ucdb. osm. wikidata
Spain;Cehegín;settlement;380.924;-17.985;44;no;;A11. A10;0;cuisine. ghsl-ucdb. osm. wikidata
Spain;Aranjuez;settlement;400.311;-36.025;44;no;;A11;1;cuisine. ghsl-ucdb. osm. unesco-whs. wikidata
Spain;Castelló de la Plana;settlement;399.857;-0.0493;44;no;;A11;0;cuisine. ghsl-ucdb. osm. wikidata
Spain;Calahorra;settlement;423.051;-19.652;43;no;;A11;0;ghsl-ucdb. osm. wikidata
Spain;Yaiza;settlement;289.568;-137.653;43;no;;A11. A9;0;ghsl-ucdb. osm. wdpa. wikidata
Spain;Zarautz;settlement;432.844;-21.699;43;no;;A11. A10;1;ghsl-ucdb. osm. unesco-whs. wikidata
Spain;Tortosa;settlement;408.125;0.5216;43;no;;A11. A10;0;ghsl-ucdb. osm. wikidata
Spain;Lorca;settlement;376.712;-17.017;43;no;;A11;0;cuisine. ghsl-ucdb. osm. wdpa. wikidata
Spain;Eibar;settlement;431.849;-24.716;42;no;;A11;0;ghsl-ucdb. osm. wikidata
Spain;Tarancón;settlement;400.085;-30.073;42;no;;A11. A10;0;cuisine. ghsl-ucdb. osm. wikidata
Spain;Elda;settlement;384.778;-0.7916;42;no;;A11;0;ghsl-ucdb. osm. wdpa. wikidata
Spain;Ronda;settlement;367.423;-51.671;42;no;;A11. A9;0;ghsl-ucdb. osm. wdpa. wikidata
Spain;Benicàssim;settlement;40.05;0.0667;42;no;;A11. A10. A9;0;ghsl-ucdb. osm. wdpa. wikidata
Spain;Onda;settlement;39.965;-0.2604;42;no;;A11;0;cuisine. ghsl-ucdb. osm. wikidata
Spain;Navalcarnero;settlement;402.891;-4.012;41;no;;A11;0;cuisine. ghsl-ucdb. osm. wikidata
Spain;Baeza;settlement;379.938;-3.471;41;no;;A11;1;ghsl-ucdb. osm. unesco-whs. wdpa. wikidata
Spain;Benicarló;settlement;404.165;0.4271;41;no;;A10. A11. A9;0;ghsl-ucdb. osm. wdpa. wikidata
Spain;Cambrils;settlement;41.07;10.595;40;no;;A11;0;cuisine. ghsl-ucdb. osm. wikidata
Spain;Andújar;settlement;380.392;-40.508;40;no;;A11. A10;0;ghsl-ucdb. osm. wdpa. wikidata
Spain;Jumilla;settlement;384.792;-1.325;40;no;;A11. A9;0;ghsl-ucdb. osm. wdpa. wikidata
Spain;Gandia;settlement;389.667;-0.1833;40;no;;A11;0;cuisine. ghsl-ucdb. osm. wikidata
Spain;Alcázar de San Juan;settlement;393.901;-32.083;40;no;;A11. A9;0;cuisine. ghsl-ucdb. osm. wdpa. wikidata
Spain;Villanueva de la Serena;settlement;389.766;-57.974;40;no;;A11;0;ghsl-ucdb. osm. wikidata
Spain;Novelda;settlement;383.848;-0.7677;40;no;;A11;0;ghsl-ucdb. osm. wikidata
Spain;Galapagar;settlement;405.783;-40.043;40;no;;A11;0;cuisine. ghsl-ucdb. osm. wikidata
Spain;Orihuela;settlement;380.848;-0.944;39;no;;A11;0;ghsl-ucdb. osm. wikidata
Spain;Caravaca;settlement;381.056;-18.634;39;no;;A11. A10. A9;0;cuisine. ghsl-ucdb. osm. wdpa. wikidata
Spain;Cartagena;settlement;37.602;-0.984;39;no;;A11;0;ghsl-ucdb. osm. wikidata
Spain;La Línea de la Concepción;settlement;361.681;-53.478;38;no;;A11;0;ghsl-ucdb. osm. wikidata
Spain;Benidorm;settlement;385.382;-0.131;38;no;;A11;0;ghsl-ucdb. osm. wikidata
Spain;Plasencia;settlement;400.312;-60.884;38;no;;A11. A9;0;ghsl-ucdb. osm. wdpa. wikidata
Spain;Algete;settlement;405.971;-34.974;38;no;;A11;0;cuisine. ghsl-ucdb. osm. wikidata
Spain;Santa Cruz de Tenerife;settlement;284.682;-162.546;38;no;;A11;0;ghsl-ucdb. osm. wikidata
Spain;Tàrrega;settlement;41.647;11.396;38;no;;A11;0;cuisine. ghsl-ucdb. osm. wikidata
Spain;San Lorenzo de El Escorial;settlement;405.914;-41.474;38;no;;A11;1;cuisine. ghsl-ucdb. osm. unesco-whs. wikidata
Spain;Tolosa;settlement;431.348;-2.078;38;no;;A11;0;ghsl-ucdb. osm. wikidata
Spain;Sagunto;settlement;396.833;-0.2667;38;no;;A9. A11;0;cuisine. ghsl-ucdb. osm. wdpa. wikidata
Spain;Villarrobledo;settlement;392.699;-26.012;38;no;;A11;0;cuisine. ghsl-ucdb. osm. wikidata
Spain;Q58096740;site;410.597;-25.789;37;no;;A10. A11;0;cuisine. osm. wikidata
Spain;Tui;settlement;420.471;-86.443;37;no;;A11;0;ghsl-ucdb. osm. wikidata
Spain;Palafrugell;settlement;419.174;31.631;37;no;;A11;0;ghsl-ucdb. osm. wikidata
Spain;Vélez-Málaga;settlement;367.811;-41.027;37;no;;A11;0;ghsl-ucdb. osm. wikidata
Spain;Calafell;settlement;41.2;15.683;37;no;;A11;0;cuisine. ghsl-ucdb. osm. wikidata
Spain;Tres Cantos;settlement;406.009;-37.081;37;no;;A11;0;cuisine. ghsl-ucdb. osm. wikidata
Spain;Navalmoral de la Mata;settlement;398.916;-55.406;37;no;;A11;1;ghsl-ucdb. osm. unesco-whs. wikidata
Spain;Calp;settlement;386.447;0.0445;37;no;;A11;0;ghsl-ucdb. osm. wdpa. wikidata
Spain;Tavernes de la Valldigna;settlement;39.072;-0.2662;37;no;;A11;0;cuisine. ghsl-ucdb. osm. wikidata
Spain;San Martín de la Vega;settlement;402.073;-35.706;36;no;;A11;0;cuisine. ghsl-ucdb. osm. wikidata
Spain;Sanxenxo;settlement;42.4;-8.807;36;no;;A11. A9;0;cuisine. ghsl-ucdb. osm. wdpa. wikidata
Spain;Lora del Río;settlement;37.659;-55.275;36;no;;A11;0;ghsl-ucdb. osm. wdpa. wikidata
Spain;Loja;settlement;371.689;-41.513;36;no;;A11;0;ghsl-ucdb. osm. wdpa. wikidata
Spain;Burriana;settlement;39.889;-0.085;36;no;;A11. A10;0;cuisine. ghsl-ucdb. osm. wikidata
Spain;Mogán;settlement;278.838;-157.254;36;no;;A11. A9;0;cuisine. ghsl-ucdb. osm. wdpa. wikidata
Spain;Arrasate / Mondragón;settlement;430.644;-24.898;36;no;;A10. A11;0;ghsl-ucdb. osm. wikidata
Spain;Illescas;settlement;401.221;-3.847;35;no;;A11;0;cuisine. ghsl-ucdb. osm. wikidata
Spain;Bermeo;settlement;434.209;-27.215;35;no;;A11;0;ghsl-ucdb. osm. wikidata
Spain;Huelva;settlement;372.664;-6.94;35;no;;A9. A11;0;ghsl-ucdb. osm. wdpa. wikidata
Spain;Torre-Pacheco;settlement;377.429;-0.954;35;no;;A11;0;ghsl-ucdb. osm. wikidata
Spain;Gáldar;settlement;28.147;-156.502;35;no;;A11. A9;1;cuisine. ghsl-ucdb. osm. unesco-whs. wdpa. wikidata
Spain;Alhama de Murcia;settlement;37.851;-14.251;35;no;;A11. A9;0;cuisine. ghsl-ucdb. osm. wdpa. wikidata
Spain;Santa Cruz de la Palma;settlement;286.835;-177.642;35;no;;A11. A9;0;ghsl-ucdb. osm. wdpa. wikidata
Spain;Torrelodones;settlement;405.765;-39.266;35;no;;A11;0;cuisine. ghsl-ucdb. osm. wikidata
Spain;Daimiel;settlement;39.07;-3.615;35;no;;A11. A10. A9;0;cuisine. ghsl-ucdb. osm. wdpa. wikidata
Spain;Ribarroja del Turia;settlement;395.459;-0.5707;35;no;;A11. A9;0;cuisine. ghsl-ucdb. osm. wdpa. wikidata
Spain;Cieza;settlement;38.24;-14.199;35;no;;A11. A9;0;cuisine. ghsl-ucdb. osm. wdpa. wikidata
Spain;Vilagarcía de Arousa;settlement;425.963;-87.643;34;no;;A11;0;cuisine. ghsl-ucdb. osm. wikidata
Spain;Alzira;settlement;39.15;-0.4333;34;no;;A11;0;cuisine. ghsl-ucdb. osm. wikidata
Spain;Ejea de los Caballeros;settlement;421.263;-11.372;34;no;;A10. A11;0;ghsl-ucdb. osm. wikidata
Spain;Teguise;settlement;290.605;-13.564;34;no;;A11. A9;0;ghsl-ucdb. osm. wdpa. wikidata
Spain;Barbate;settlement;361.924;-59.219;33;no;;A11;0;ghsl-ucdb. osm. wdpa. wikidata
Spain;Alcúdia;settlement;398.532;31.214;33;no;;A11;0;ghsl-ucdb. osm. wikidata
Spain;Guardamar del Segura;settlement;380.903;-0.6556;33;no;;A11;0;ghsl-ucdb. osm. wikidata
Spain;Grao de Murviedro;settlement;396.417;-0.2389;31;no;;A11;0;cuisine. ghsl-ucdb. osm. wikidata
Spain;A Estrada;settlement;426.891;-84.884;31;no;;A11. A10;0;cuisine. ghsl-ucdb. osm. wikidata
Spain;Águilas;settlement;374.063;-15.829;31;no;;A11. A9;0;ghsl-ucdb. osm. wdpa. wikidata
Spain;Calvià;settlement;395.657;25.062;31;no;;A10. A11;0;ghsl-ucdb. osm. wikidata
Spain;Atarfe;settlement;372.248;-36.869;30;no;;A11;0;ghsl-ucdb. osm. wdpa. wikidata
Spain;Arganda;settlement;403.008;-34.372;30;no;;A11;0;cuisine. ghsl-ucdb. osm. wikidata
Spain;Arroyomolinos;settlement;402.695;-39.195;30;no;;A11;0;cuisine. ghsl-ucdb. osm. wikidata
Spain;Coria del Río;settlement;372.877;-60.541;30;no;;A11. A10;0;ghsl-ucdb. osm. wdpa. wikidata
Spain;Monzón;settlement;419.108;0.1941;30;no;;A11. A10;0;ghsl-ucdb. osm. wikidata
Spain;Piera;settlement;415.223;17.508;30;no;;A11;0;cuisine. ghsl-ucdb. osm. wikidata
Spain;Igualada;settlement;41.581;16.172;30;no;;A11. A10;0;cuisine. ghsl-ucdb. osm. wikidata
Spain;Algeciras;settlement;361.333;-54.505;30;no;;A11;0;ghsl-ucdb. osm. wikidata
Spain;Ribeira;settlement;427.381;-84.411;30;no;;A11;0;cuisine. ghsl-ucdb. osm. wikidata
Spain;Banyoles;settlement;421.167;27.667;30;no;;A10. A11;0;ghsl-ucdb. osm. wikidata
Spain;Roquetas de Mar;settlement;367.642;-26.147;29;no;;A11;0;cuisine. ghsl-ucdb. osm. wikidata
Spain;Azuqueca de Henares;settlement;405.657;-32.675;29;no;;A11;0;cuisine. ghsl-ucdb. osm. wikidata
Spain;Valdemoro;settlement;401.908;-36.789;29;no;;A11;0;cuisine. ghsl-ucdb. osm. wikidata
Spain;Ubrique;settlement;366.778;-5.446;29;no;;A11;0;ghsl-ucdb. osm. wdpa. wikidata
Spain;Montilla;settlement;375.863;-4.638;29;no;;A11. A10;0;ghsl-ucdb. osm. wikidata
Spain;Vinaròs;settlement;404.703;0.4756;29;no;;A11. A9;0;ghsl-ucdb. osm. wdpa. wikidata
Spain;Pájara;settlement;283.504;-141.076;29;no;;A11. A9;0;ghsl-ucdb. osm. wdpa
Spain;Torrox;settlement;367.579;-39.523;29;no;;A11;0;ghsl-ucdb. osm. wdpa. wikidata
Spain;Nigrán;settlement;421.415;-88.066;28;no;;A11;0;ghsl-ucdb. osm. wikidata
Spain;Ontinyent;settlement;388.219;-0.606;28;no;;A11;0;cuisine. ghsl-ucdb. osm. wikidata
Spain;Mataró;settlement;415.421;24.445;28;no;;A11;0;cuisine. ghsl-ucdb. osm. wikidata
Spain;Chiclana de la Frontera;settlement;364.198;-61.437;28;no;;A11;0;ghsl-ucdb. osm. wikidata
Spain;Ciutadella;settlement;400.011;38.414;28;no;;A11;0;ghsl-ucdb. osm. wikidata
Spain;Adra;settlement;367.483;-30.208;28;no;;A11;0;ghsl-ucdb. osm. wikidata
Spain;Totana;settlement;377.688;-15.023;28;no;;A11;0;cuisine. ghsl-ucdb. osm. wikidata
Spain;Fuengirola;settlement;36.54;-46.247;28;no;;A11;0;ghsl-ucdb. osm. wikidata
Spain;Baza;settlement;374.907;-27.726;27;no;;A11;0;ghsl-ucdb. osm. wdpa. wikidata
Spain;Santa Uxía de Ribeira;settlement;425.535;-89.909;27;no;;A11;0;cuisine. ghsl-ucdb. osm. wikidata
Spain;Morón de la Frontera;settlement;371.208;-5.454;27;no;;A11;0;ghsl-ucdb. osm. wikidata
Spain;Ciudad Real;settlement;389.863;-39.291;27;no;;A11;0;cuisine. ghsl-ucdb. osm. wikidata
Spain;Gernika-Lumo;settlement;433.167;-26.833;27;no;;A11;0;ghsl-ucdb. osm. wdpa. wikidata
Spain;Bétera;settlement;395.911;-0.4615;27;no;;A11;0;cuisine. ghsl-ucdb. osm. wikidata
Spain;Cabañeros;site;394.308;-44.644;27;no;;A9. A11;0;cuisine. osm. wdpa. wikidata
Spain;La Carolina;settlement;382.756;-36.153;27;no;;A11;0;cuisine. ghsl-ucdb. osm. wdpa. wikidata
Spain;Crevillente;settlement;382.499;-0.8097;27;no;;A11;0;ghsl-ucdb. osm. wikidata
Spain;Vilaseca;settlement;420.617;22.553;27;no;;A10;0;cuisine. ghsl-ucdb. osm. wikidata
Spain;Esparreguera;settlement;415.381;18.702;27;no;;A11. A10;0;cuisine. ghsl-ucdb. osm. wikidata
Spain;Estepona;settlement;364.276;-51.459;27;no;;A11;0;ghsl-ucdb. osm. wdpa. wikidata
Spain;Almoradí;settlement;381.088;-0.792;26;no;;A11;0;ghsl-ucdb. osm. wikidata
Spain;Cullera;settlement;391.667;-0.25;26;no;;A11;0;cuisine. ghsl-ucdb. osm. wdpa. wikidata
Spain;Hellín;settlement;385.106;-1.701;26;no;;A11. A10;0;cuisine. ghsl-ucdb. osm. wikidata
Spain;Berja;settlement;368.469;-29.497;26;no;;A11;0;cuisine. ghsl-ucdb. osm. wikidata
Spain;Santa Pola;settlement;381.917;-0.5658;26;no;;A11;0;ghsl-ucdb. osm. wikidata
Spain;San Roque;settlement;362.098;-53.845;26;no;;A11;0;ghsl-ucdb. osm. wdpa. wikidata
Spain;Carlet;settlement;392.266;-0.5214;26;no;;A11;0;cuisine. ghsl-ucdb. osm. wikidata
Spain;Alborán;site;359.239;-30.543;26;no;;A9;0;wdpa. wikidata
Spain;Amposta;settlement;407.099;0.5786;26;no;;A11;0;ghsl-ucdb. osm. wikidata
Spain;El Escorial;settlement;405.825;-41.285;26;no;;A11;0;cuisine. ghsl-ucdb. osm. wikidata
Spain;El Vendrell;settlement;412.167;15.333;26;no;;A11;0;cuisine. ghsl-ucdb. osm. wikidata
Spain;Villena;settlement;386.373;-0.8657;26;no;;A11;0;ghsl-ucdb. osm. wikidata
Spain;Almendralejo;settlement;386.832;-64.075;25;no;;A11;0;ghsl-ucdb. osm. wikidata
Spain;Amorebieta;settlement;432.167;-27.333;25;no;;A11;0;ghsl-ucdb. osm. wikidata
Spain;Rojales;settlement;38.088;-0.7254;25;no;;A11;0;ghsl-ucdb. osm. wikidata
Spain;Almansa;settlement;388.692;-10.971;25;no;;A11;0;cuisine. ghsl-ucdb. osm. wikidata
Spain;Mazarrón;settlement;375.992;-13.149;25;no;;A11;1;ghsl-ucdb. osm. unesco-whs. wikidata
Spain;Sant Feliu de Guíxols;settlement;417.833;30.333;25;no;;A11;0;ghsl-ucdb. osm. wikidata
Spain;Villanueva de la Cañada;settlement;404.469;-40.043;25;no;;A11;0;cuisine. ghsl-ucdb. osm. wikidata
Spain;La Roda;settlement;392.073;-21.572;25;no;;A11;0;cuisine. ghsl-ucdb. osm. wikidata
Spain;La Solana;settlement;389.442;-32.381;25;no;;A11;0;cuisine. ghsl-ucdb. osm. wikidata
Spain;Archena;settlement;381.163;-13.004;25;no;;A11;0;cuisine. ghsl-ucdb. osm. wikidata
Spain;Yecla;settlement;386.136;-11.147;25;no;;A11;0;ghsl-ucdb. osm. wikidata
Spain;Altea;settlement;385.988;-0.0515;25;no;;A11. A9;0;ghsl-ucdb. osm. wdpa. wikidata
Spain;Salou;settlement;410.766;11.416;25;no;;A11;0;cuisine. ghsl-ucdb. osm. wikidata
Spain;Seseña;settlement;401.047;-36.979;24;no;;A11;0;cuisine. ghsl-ucdb. osm. wikidata
Spain;Puente-Genil;settlement;373.894;-47.669;24;no;;A11;0;ghsl-ucdb. osm. wikidata
Spain;Carcaixent;settlement;391.218;-0.4481;24;no;;A11;0;cuisine. ghsl-ucdb. osm. wikidata
Spain;Arcos de la Frontera;settlement;367.507;-58.106;24;no;;A11;0;ghsl-ucdb. osm. wikidata
Spain;El Puerto de Santa María;settlement;365.939;-6.233;24;no;;A11;0;ghsl-ucdb. osm. wikidata
Spain;Manzanares;settlement;389.992;-33.699;24;no;;A11;0;cuisine. ghsl-ucdb. osm. wikidata
Spain;Algemesí;settlement;391.904;-0.4357;24;no;;A11;0;cuisine. ghsl-ucdb. osm. wikidata
Spain;El Arahal;settlement;372.627;-55.453;24;no;;A11;0;ghsl-ucdb. osm. wikidata
Spain;Lucena;settlement;374.088;-44.852;24;no;;A11;0;ghsl-ucdb. osm. wikidata
Spain;Agüimes;settlement;279.054;-154.461;24;no;;A11;0;cuisine. ghsl-ucdb. osm. wikidata
Spain;Villajoyosa;settlement;385.075;-0.2335;23;no;;A11;0;ghsl-ucdb. osm. wikidata
Spain;Pollença;settlement;398.768;30.163;23;no;;A11;0;ghsl-ucdb. osm. wikidata
Spain;Torredembarra;settlement;41.145;13.986;23;no;;A11;0;cuisine. ghsl-ucdb. osm. wikidata
Spain;Martos;settlement;377.211;-39.726;23;no;;A11;0;ghsl-ucdb. osm. wikidata
Spain;Las Gabias;settlement;371.355;-36.703;23;no;;A11;0;ghsl-ucdb. osm. wikidata
Spain;San Fernando;settlement;364.759;-61.982;23;no;;A11;0;ghsl-ucdb. osm. wdpa. wikidata
Spain;Marbella;settlement;365.154;-48.858;23;no;;A11;0;ghsl-ucdb. osm. wdpa. wikidata
Spain;Montijo;settlement;389.084;-66.178;23;no;;A11;0;ghsl-ucdb. osm. wikidata
Spain;Arrecife;settlement;28.963;-135.477;23;no;;A11;0;ghsl-ucdb. osm. wikidata
Spain;Sant Celoni;settlement;416.892;24.897;23;no;;A11;0;cuisine. ghsl-ucdb. osm. wikidata
Spain;San Bartolomé de Tirajana;settlement;279.248;-155.733;23;no;;A9. A11;0;cuisine. ghsl-ucdb. osm. wdpa. wikidata
Spain;Baena;settlement;376.167;-43.224;23;no;;A11;0;ghsl-ucdb. osm. wikidata
Spain;Ibi;settlement;386.253;-0.5723;22;no;;A11;0;ghsl-ucdb. osm. wikidata
Spain;La Pobla de Vallbona;settlement;395.975;-0.5547;22;no;;A11. A10;0;cuisine. ghsl-ucdb. osm. wikidata
Spain;Picassent;settlement;393.635;-0.4595;22;no;;A11;0;cuisine. ghsl-ucdb. osm. wikidata
Spain;Tordera;settlement;416.991;27.189;22;no;;A11;0;ghsl-ucdb. osm. wikidata
Spain;Palma del Río;settlement;377.002;-52.812;22;no;;A11;0;ghsl-ucdb. osm. wdpa. wikidata
Spain;Puertollano;settlement;386.871;-41.073;22;no;;A11;0;cuisine. ghsl-ucdb. osm. wdpa. wikidata
Spain;L'Eliana;settlement;395.667;-0.5333;22;no;;A11;0;cuisine. ghsl-ucdb. osm. wikidata
Spain;Javea;settlement;387.833;0.1667;22;no;;A11;0;ghsl-ucdb. osm. wikidata
Spain;Dos Hermanas;settlement;372.829;-59.209;22;no;;A11;0;ghsl-ucdb. osm. wikidata
Spain;Ayamonte;settlement;372.133;-74.081;22;no;;A11;0;ghsl-ucdb. osm. wikidata
Spain;Lebrija;settlement;369.208;-60.753;21;no;;A11;0;ghsl-ucdb. osm. wikidata
Spain;San Pedro Alcántara;settlement;364.884;-49.912;21;no;;A11;0;ghsl-ucdb. osm. wdpa. wikidata
Spain;La Oliva;settlement;286.105;-139.291;21;no;;A11. A9;0;ghsl-ucdb. osm. wdpa. wikidata
Spain;Valdepeñas;settlement;387.621;-33.848;21;no;;A11;0;cuisine. ghsl-ucdb. osm. wikidata
Spain;Llíria;settlement;396.289;-0.5978;21;no;;A11;0;cuisine. ghsl-ucdb. osm. wikidata
Spain;Tacoronte;settlement;284.769;-164.102;21;no;;A11;0;ghsl-ucdb. osm. wikidata
Spain;Tías;settlement;289.611;-13.645;21;no;;A11;0;ghsl-ucdb. osm
Spain;Mula;settlement;38.041;-14.901;20;no;;;0;cuisine. ghsl-ucdb. osm. wikidata
Spain;Moguer;settlement;372.756;-68.385;20;no;;A11;0;ghsl-ucdb. osm. wdpa. wikidata
Spain;Mungia;settlement;433.546;-28.452;20;no;;A11. A10;0;ghsl-ucdb. osm. wikidata
Spain;Benalmádena;settlement;365.961;-45.727;20;no;;A11;0;ghsl-ucdb. osm. wikidata
Spain;Pilar de la Horadada;settlement;378.659;-0.7926;20;no;;;0;ghsl-ucdb. osm. wdpa. wikidata
Spain;Sueca;settlement;392.026;-0.3111;19;no;;;0;cuisine. ghsl-ucdb. osm. wikidata
Spain;Aspe;settlement;383.451;-0.7672;19;no;;;0;ghsl-ucdb. osm. wikidata
Spain;Priego de Córdoba;settlement;374.381;-41.952;19;no;;A11;0;ghsl-ucdb. osm. wdpa. wikidata
Spain;Cabra;settlement;374.725;-44.421;19;no;;A11;0;ghsl-ucdb. osm. wikidata
Spain;San Javier;settlement;378.063;-0.8374;18;no;;;0;ghsl-ucdb. osm. wikidata
Spain;La Orotava;settlement;283.908;-165.231;18;no;;A11;0;ghsl-ucdb. osm. wikidata
Spain;Chipiona;settlement;367.366;-6.437;18;no;;A11. A10;0;ghsl-ucdb. osm. wikidata
Spain;Sitges;settlement;412.351;18.119;18;no;;A11;0;cuisine. ghsl-ucdb. osm. wikidata
Spain;La Unión;settlement;376.191;-0.878;18;no;;A11;0;ghsl-ucdb. osm. wikidata
Spain;Rincón de la Victoria;settlement;367.171;-42.758;18;no;;A11. A10;0;ghsl-ucdb. osm. wikidata
Spain;Santa Lucía;settlement;279.117;-155.407;18;no;;A9;0;cuisine. ghsl-ucdb. osm. wdpa. wikidata
Spain;Los Alcázares;settlement;377.443;-0.8504;18;no;;;0;ghsl-ucdb. osm. wikidata
Spain;Bailén;settlement;380.964;-37.779;18;no;;A11;0;ghsl-ucdb. osm. wikidata
Spain;Q124157522;site;409.771;-0.842;18;no;;A10;0;cuisine. osm. wikidata
Spain;Nerja;settlement;367.528;-38.744;18;no;;A11;0;ghsl-ucdb. osm. wikidata
Spain;El Ejido;settlement;367.763;-28.146;18;no;;A11;0;cuisine. ghsl-ucdb. osm. wdpa. wikidata
Spain;San Pedro del Pinatar;settlement;378.357;-0.791;17;no;;;0;ghsl-ucdb. osm. wikidata
Spain;Durango;settlement;431.712;-26.338;17;no;;A11;0;ghsl-ucdb. osm. wikidata
Spain;Manlleu;settlement;420.023;22.848;17;no;;A11. A10;0;cuisine. ghsl-ucdb. osm. wikidata
Spain;la Nucia;settlement;386.137;-0.1269;17;no;;;0;ghsl-ucdb. osm. wikidata
Spain;Linares;settlement;380.952;-3.636;17;no;;A11;0;ghsl-ucdb. osm. wikidata
Spain;Candelaria;settlement;283.548;-163.727;17;no;;A11. A10;0;ghsl-ucdb. osm. wikidata
Spain;Osuna;settlement;372.376;-51.031;17;no;;;0;ghsl-ucdb. osm. wdpa. wikidata
Spain;Puerto de la Cruz;settlement;284.169;-165.509;17;no;;A11;0;ghsl-ucdb. osm. wikidata
Spain;Atamaría;settlement;375.999;-0.8068;16;no;;A11;0;ghsl-ucdb. osm. wikidata
Spain;Sant Pere de Ribes;settlement;412.604;17.739;16;no;;A11;0;cuisine. ghsl-ucdb. osm. wikidata
Spain;Tarifa;settlement;360.139;-5.607;16;no;;A11;0;ghsl-ucdb. osm. wdpa. wikidata
Spain;Arenys de Mar;settlement;415.819;25.494;16;no;;A11;0;cuisine. ghsl-ucdb. osm. wikidata
Spain;Don Benito;settlement;389.563;-58.616;16;no;;A11;0;ghsl-ucdb. osm. wikidata
Spain;Olesa de Montserrat;settlement;415.437;18.941;16;no;;A11;0;cuisine. ghsl-ucdb. osm. wikidata
Spain;Icod de los Vinos;settlement;283.724;-167.119;16;no;;A11;0;ghsl-ucdb. osm. wikidata
Spain;Puerto Real;settlement;365.282;-61.901;16;no;;A11;0;ghsl-ucdb. osm. wikidata
Spain;Conil de la Frontera;settlement;362.772;-60.885;16;no;;A11;0;ghsl-ucdb. osm. wikidata
Spain;Carmona;settlement;374.712;-56.461;16;no;;A11;0;ghsl-ucdb. osm. wikidata
Spain;Lloret de Mar;settlement;416.999;28.457;16;no;;A11;0;ghsl-ucdb. osm. wikidata
Spain;Coín;settlement;366.595;-47.564;15;no;;A11;0;ghsl-ucdb. osm. wdpa. wikidata
Spain;Calella;settlement;416.138;26.542;15;no;;A11;0;cuisine. ghsl-ucdb. osm. wikidata
Spain;Palamós;settlement;418.484;31.291;15;no;;A11;0;ghsl-ucdb. osm. wikidata
Spain;Rota;settlement;366.236;-6.36;14;no;;A11;0;ghsl-ucdb. osm. wikidata
Spain;Alcalá la Real;settlement;374.614;-3.923;14;no;;A11;0;ghsl-ucdb. osm. wikidata
Spain;Cártama;settlement;367.107;-4.633;14;no;;A11;0;ghsl-ucdb. osm. wikidata
Spain;Arona;settlement;280.996;-16.681;14;no;;A11;0;ghsl-ucdb. osm. wikidata
Spain;Telde;settlement;279.924;-154.192;14;no;;A11;0;cuisine. ghsl-ucdb. osm. wikidata
Spain;Santafé;settlement;371.886;-37.189;13;no;;A11;0;ghsl-ucdb. osm. wikidata
Spain;Torremolinos;settlement;366.204;-44.998;13;no;;A11;0;ghsl-ucdb. osm. wikidata
Spain;Écija;settlement;375.422;-50.826;13;no;;A11;0;ghsl-ucdb. osm. wikidata
Spain;Ceuta;settlement;358.892;-53.204;13;no;;;0;ghsl-ucdb. osm. wikidata
Spain;Cartaya;settlement;372.811;-71.507;13;no;;A11;0;ghsl-ucdb. osm. wdpa. wikidata
Spain;Sant Antoni de Portmany;settlement;389.807;13.036;12;no;;A11;0;ghsl-ucdb. osm
Spain;Ermua;settlement;431.872;-25.026;12;no;;A11;0;ghsl-ucdb. osm. wikidata
Spain;Los Palacios y Villafranca;settlement;371.618;-59.243;12;no;;A11;0;ghsl-ucdb. osm. wikidata
Spain;Alhaurín de la Torre;settlement;36.664;-45.614;12;no;;A11;0;ghsl-ucdb. osm. wikidata
Spain;Blanes;settlement;416.742;27.904;12;no;;A11;0;ghsl-ucdb. osm. wikidata
Spain;Sant Carles de la Ràpita;settlement;406.167;0.6;12;no;;A11;0;ghsl-ucdb. osm. wikidata
Spain;Maspalomas;settlement;277.606;-15.586;12;no;;;0;cuisine. ghsl-ucdb. osm. wikidata
Spain;Las Cabezas de San Juan;settlement;369.838;-59.393;11;no;;A11;0;ghsl-ucdb. osm. wikidata
Spain;Mijas;settlement;365.958;-46.373;11;no;;A11;0;ghsl-ucdb. osm. wikidata
Spain;Puerto del Rosario;settlement;285.004;-138.627;11;no;;A11;0;ghsl-ucdb. osm. wikidata
Spain;Almuñécar;settlement;367.325;-36.917;11;no;;A11;0;ghsl-ucdb. osm. wikidata
Spain;San Isidro;settlement;280.762;-16.558;10;no;;A11;0;ghsl-ucdb. osm. wikidata
Spain;Marchena;settlement;37.329;-54.168;10;no;;;0;ghsl-ucdb. osm. wikidata
Sri Lanka;Dambulla;settlement;7.86;806.517;100;yes;1;A9. A2;3;cuisine. ghsl-ucdb. unesco-whs. wdpa. wikidata
Sri Lanka;Kandy;settlement;72.906;806.336;71;no;;;1;cuisine. ghsl-ucdb. unesco-whs. wdpa. wikidata
Sri Lanka;Vakarai;settlement;81.333;814.333;66;yes;8;A9;0;cuisine. ghsl-ucdb. wdpa
Sri Lanka;Mullaittivu;settlement;9.268;80.815;66;yes;3;A9;0;ghsl-ucdb. wdpa
Sri Lanka;Vavuniya;settlement;87.514;804.971;63;yes;10;A9;0;ghsl-ucdb. wdpa
Sri Lanka;Nuwara Eliya;settlement;69.708;807.829;60;yes;9;A9;1;cuisine. ghsl-ucdb. unesco-whs. wdpa. wikidata
Sri Lanka;Mannar;settlement;89.894;798.784;58;yes;6;A9;0;ghsl-ucdb. wdpa. wikidata
Sri Lanka;Kataragama;settlement;64.134;813.346;52;yes;5;A9;0;cuisine. ghsl-ucdb. wdpa. wikidata
Sri Lanka;Galle;settlement;60.461;802.103;51;yes;7;A9;1;cuisine. ghsl-ucdb. unesco-whs. wdpa. wikidata
Sri Lanka;Pottuvil;settlement;68.762;818.267;49;no;;A9;0;cuisine. ghsl-ucdb. wdpa
Sri Lanka;Ratnapura;settlement;66.858;804.036;48;no;;A9;1;cuisine. ghsl-ucdb. unesco-whs. wdpa
Sri Lanka;Eravur Town;settlement;77.782;816.038;47;no;;A9;0;cuisine. ghsl-ucdb. wdpa
Sri Lanka;Ampara;settlement;72.975;81.682;44;no;;A9;0;cuisine. ghsl-ucdb. wdpa
Sri Lanka;Matale;settlement;74.698;806.217;44;no;;A9;0;cuisine. ghsl-ucdb. wdpa. wikidata
Sri Lanka;Hambantota;settlement;61.241;811.185;44;no;;A9;0;cuisine. ghsl-ucdb. wdpa. wikidata
Sri Lanka;Badulla;settlement;69.802;810.577;43;no;;A9;0;cuisine. ghsl-ucdb. wdpa
Sri Lanka;Weligama;settlement;5.975;804.297;43;no;;A9;0;cuisine. ghsl-ucdb. wdpa
Sri Lanka;Batticaloa;settlement;77.102;816.924;42;no;;A9;0;cuisine. ghsl-ucdb. wdpa. wikidata
Sri Lanka;Hatton;settlement;68.916;805.955;42;no;;A9;0;cuisine. ghsl-ucdb. wdpa. wikidata
Sri Lanka;Hanwella Ihala;settlement;69.012;800.852;42;yes;2;A12;0;cuisine. ghsl-ucdb. wikidata
Sri Lanka;Ambalantota;settlement;61.196;810.214;42;no;;A9;0;cuisine. ghsl-ucdb. wdpa
Sri Lanka;Bentota;settlement;6.426;799.958;42;no;;A9;0;cuisine. ghsl-ucdb. wdpa
Sri Lanka;Negombo;settlement;72.083;798.358;42;no;;A12;0;cuisine. ghsl-ucdb. wikidata
Sri Lanka;Matara;settlement;59.485;805.353;42;no;;A12;0;cuisine. ghsl-ucdb. wikidata
Sri Lanka;Kalutara;settlement;65.831;799.593;42;no;;A12;0;cuisine. ghsl-ucdb. wikidata
Sri Lanka;Colombo;settlement;69.355;798.487;42;no;;A12;0;cuisine. ghsl-ucdb
Sri Lanka;Moratuwa;settlement;6.773;798.816;42;no;;A12;0;cuisine. ghsl-ucdb
Sri Lanka;Maharagama;settlement;6.848;799.265;42;no;;A12;0;cuisine. ghsl-ucdb
Sri Lanka;Kalmunai;settlement;7.409;818.347;42;yes;4;A12;0;cuisine. ghsl-ucdb
Sri Lanka;Katunayaka;settlement;71.699;798.884;42;no;;A12;0;cuisine. ghsl-ucdb
Sri Lanka;Beliatta;settlement;60.496;807.325;42;no;;A12;0;cuisine. ghsl-ucdb
Sri Lanka;Ambalangoda;settlement;62.355;800.538;42;no;;A12;0;cuisine. ghsl-ucdb
Sri Lanka;Devinuwara;settlement;59.283;805.888;42;no;;A12;0;cuisine. ghsl-ucdb
Sri Lanka;Homagama;settlement;6.844;800.024;42;no;;A12;0;cuisine. ghsl-ucdb
Sri Lanka;Beruwala;settlement;64.788;799.828;42;no;;A12;0;cuisine. ghsl-ucdb
Sri Lanka;Kandana;settlement;7.048;798.937;42;no;;A12;0;cuisine. ghsl-ucdb
Sri Lanka;Ja Ela;settlement;70.744;798.919;42;no;;A12;0;cuisine. ghsl-ucdb
Sri Lanka;Kurunegala;settlement;74.839;803.683;42;no;;A12;0;cuisine. ghsl-ucdb
Sri Lanka;Gampola;settlement;71.643;805.696;42;no;;A12;0;cuisine. ghsl-ucdb
Sri Lanka;Kegalle;settlement;72.523;803.436;42;no;;A12;0;cuisine. ghsl-ucdb
Sri Lanka;Anuradhapura;settlement;83.122;804.131;37;no;;A9;1;ghsl-ucdb. unesco-whs. wdpa. wikidata
Sri Lanka;Trincomalee;settlement;85.778;812.289;36;no;;A9;0;ghsl-ucdb. wdpa. wikidata
Sri Lanka;Jaffna;settlement;96.684;800.074;26;yes;12;A9;0;ghsl-ucdb. wdpa. wikidata
Sri Lanka;Puttalam;settlement;80.362;798.283;23;yes;11;A9;0;ghsl-ucdb. wdpa
Sudan;Port Sudan;settlement;196.175;372.164;100;yes;1;A9;1;ghsl-ucdb. unesco-whs. wikidata
Sudan;Abyei;settlement;95.953;284.349;100;yes;2;;0;ghsl-ucdb. osm
Sudan;Dinder;site;123.581;355.198;98;yes;4;A9;0;wdpa. wikidata
Sudan;Kuraymah;settlement;18.55;31.85;92;yes;3;;1;ghsl-ucdb. unesco-whs. wikidata
Sudan;Shendi;settlement;166.915;334.341;62;yes;5;;1;ghsl-ucdb. unesco-whs. wikidata
Suriname;Central Suriname Nature Reserve;site;4;-56.5;100;yes;1;A9;1;unesco-whs. wdpa. wikidata
Suriname;Paramaribo;settlement;58.664;-551.668;92;yes;2;;1;ghsl-ucdb. unesco-whs. wikidata
Suriname;Lelydorp;settlement;5.7;-552.333;53;no;;;1;ghsl-ucdb. unesco-whs. wdpa. wikidata
Suriname;Brownsberg;site;49.182;-551.859;50;yes;3;A9;0;wdpa
Suriname;Latour;settlement;57.967;-552.086;17;no;;;0;ghsl-ucdb. wdpa
Svalbard and Jan Mayen;Sassen-Bünsow Land;site;784.357;172.013;100;yes;1;A9. A11;0;osm. wdpa. wikidata
Svalbard and Jan Mayen;Sør-Spitsbergen;site;769.423;156.665;85;yes;2;A9;0;wdpa. wikidata
Svalbard and Jan Mayen;Forlandet;site;785.718;109.785;84;yes;3;A9;0;osm. wdpa. wikidata
Svalbard and Jan Mayen;Van Mijenfjorden;site;777.724;155.331;71;yes;7;A9. A11;0;osm. wdpa. wikidata
Svalbard and Jan Mayen;Nordvest-Spitsbergen;site;796.252;122.216;55;yes;4;A9;0;wdpa
Svalbard and Jan Mayen;Hopen;site;765.792;252.043;55;yes;5;A9;0;wdpa
Svalbard and Jan Mayen;Bjørnøya;site;74.425;19.005;55;yes;6;A9;0;wdpa
Svalbard and Jan Mayen;Nordaust-Svalbard;site;797.337;257.439;28;yes;8;A9;0;wdpa
Svalbard and Jan Mayen;Søraust-Svalbard;site;776.679;228.638;28;yes;9;A9;0;wdpa
Svalbard and Jan Mayen;Nordre Isfjorden;site;785.475;144.407;28;no;;A9;0;wdpa
Svalbard and Jan Mayen;Indre Wijdefjorden;site;791.204;159.419;28;no;;A9;0;wdpa
Svalbard and Jan Mayen;Jan Mayen;site;709.924;-84.956;28;yes;10;A9;0;wdpa
Sweden;Stockholm;settlement;593.294;180.687;100;yes;1;A12. A2;2;cuisine. ghsl-ucdb. unesco-whs. wikidata
Sweden;2002500 Tandövala;site;60.85;131.627;84;yes;2;A9;0;cuisine. wdpa. wikidata
Sweden;Laponian Area;site;673.333;175.833;78;yes;5;A9;2;unesco-whs. wdpa. wikidata
Sweden;Karlstad;settlement;593.793;135.036;77;yes;3;;0;cuisine. ghsl-ucdb. wikidata
Sweden;2001223 Muddus/Muttos;site;668.989;201.776;73;yes;8;A9;0;wdpa. wikidata
Sweden;2001848 Blaikfjället;site;645.981;161.121;73;yes;10;A9;0;wdpa
Sweden;Gothenburg;settlement;577.072;119.668;72;yes;4;;0;ghsl-ucdb. wikidata
Sweden;Kristinehamn;settlement;593.098;141.081;71;no;;A9;0;cuisine. ghsl-ucdb. wdpa. wikidata
Sweden;Karlskoga;settlement;593.267;145.239;70;no;;;0;cuisine. ghsl-ucdb. wikidata
Sweden;Kiruna;settlement;678.557;202.251;70;yes;14;A9;0;ghsl-ucdb. wdpa. wikidata
Sweden;Visby;settlement;576.409;18.296;64;yes;11;A9;1;ghsl-ucdb. unesco-whs. wdpa. wikidata
Sweden;2002449 Städjan-Nipfjället;site;620.128;128.915;63;yes;12;A9;0;cuisine. wdpa
Sweden;Södertälje;settlement;591.955;176.253;62;no;;;1;cuisine. ghsl-ucdb. unesco-whs. wikidata
Sweden;Norrtälje;settlement;59.758;18.705;61;no;;A9;0;cuisine. ghsl-ucdb. wdpa. wikidata
Sweden;2002464 Våmhuskölen;site;614.874;142.498;60;yes;19;A9;0;cuisine. wdpa. wikidata
Sweden;2001218 Pieljekaise;site;663.651;167.833;60;yes;15;A9;0;wdpa
Sweden;Falun;settlement;606.036;15.626;57;yes;7;;1;cuisine. ghsl-ucdb. unesco-whs. wikidata
Sweden;2000860 Arvesjåkkå;site;664.945;18.382;56;no;;A9;0;wdpa
Sweden;Märsta;settlement;596.216;178.548;55;no;;;0;cuisine. ghsl-ucdb. wikidata
Sweden;Upplands Väsby;settlement;595.184;179.113;54;no;;;0;cuisine. ghsl-ucdb. wikidata
Sweden;Vallentuna;settlement;595.344;180.776;54;no;;;0;cuisine. ghsl-ucdb. wikidata
Sweden;Tumba;settlement;591.986;178.332;53;no;;;0;cuisine. ghsl-ucdb. wikidata
Sweden;Åkersberga;settlement;594.794;182.997;53;no;;;0;cuisine. ghsl-ucdb. wikidata
Sweden;Luleå;settlement;655.841;221.547;53;yes;17;A9;1;cuisine. ghsl-ucdb. unesco-whs. wdpa. wikidata
Sweden;Uppsala;settlement;598.588;176.389;51;no;;A9;0;cuisine. ghsl-ucdb. wdpa. wikidata
Sweden;2001026 Tjadnesvare;site;658.323;185.698;50;yes;21;A9;0;wdpa
Sweden;2000893 Vålådalen;site;631.318;129.249;49;yes;18;A9;0;wdpa. wikidata
Sweden;Östersund;settlement;631.792;146.357;46;no;;A9;0;cuisine. ghsl-ucdb. wdpa. wikidata
Sweden;Sandviken;settlement;606.167;167.667;46;no;;A9;0;cuisine. ghsl-ucdb. wdpa. wikidata
Sweden;Piteå;settlement;653.172;214.794;45;no;;A9;0;cuisine. ghsl-ucdb. wdpa
Sweden;Örebro;settlement;592.741;152.066;44;no;;;0;cuisine. ghsl-ucdb. wikidata
Sweden;Kungälv;settlement;57.871;119.805;44;no;;;0;cuisine. ghsl-ucdb. wikidata
Sweden;2001846 Marsfjället;site;651.501;155.865;44;no;;A9;0;wdpa
Sweden;Västerås;settlement;596.162;165.528;43;no;;;1;cuisine. ghsl-ucdb. unesco-whs. wdpa. wikidata
Sweden;Ludvika;settlement;601.496;151.878;42;no;;;0;cuisine. ghsl-ucdb. wdpa. wikidata
Sweden;Köping;settlement;59.514;159.925;42;yes;6;;0;cuisine. ghsl-ucdb. wikidata
Sweden;Borlänge;settlement;604.858;154.371;42;no;;;0;cuisine. ghsl-ucdb. wdpa. wikidata
Sweden;Karlskrona;settlement;561.616;155.866;42;yes;20;A9;1;ghsl-ucdb. unesco-whs. wdpa. wikidata
Sweden;2001012 Granlandet;site;665.967;215.135;42;no;;A9;0;cuisine. wdpa
Sweden;Jönköping;settlement;577.814;141.562;42;no;;A9;0;ghsl-ucdb. wdpa. wikidata
Sweden;Kalmar;settlement;566.616;163.616;41;no;;;1;ghsl-ucdb. unesco-whs. wdpa. wikidata
Sweden;Hudiksvall;settlement;617.274;171.056;40;yes;22;A9;1;cuisine. ghsl-ucdb. unesco-whs. wdpa. wikidata
Sweden;2001259 Puolva;site;674.228;214.107;38;no;;A9;0;wdpa
Sweden;Örnsköldsvik;settlement;632.909;187.153;37;no;;A9;1;ghsl-ucdb. unesco-whs. wdpa. wikidata
Sweden;Enköping;settlement;596.361;170.777;36;no;;;0;cuisine. ghsl-ucdb. wdpa. wikidata
Sweden;2000645 Jämtgaveln;site;626.793;158.815;35;no;;A9;0;cuisine. wdpa. wikidata
Sweden;2001197 Jougdadalen;site;645.168;147.386;34;no;;A9;0;wdpa
Sweden;Katrineholm;settlement;589.959;162.072;32;no;;A12;0;cuisine. ghsl-ucdb. wikidata
Sweden;Ystad;settlement;554.297;138.204;32;no;;;0;ghsl-ucdb. wdpa. wikidata
Sweden;Lidköping;settlement;585.052;131.577;32;no;;A9;0;cuisine. ghsl-ucdb. wdpa. wikidata
Sweden;Haninge;settlement;591.677;181.448;31;no;;A9;0;ghsl-ucdb. wdpa. wikidata
Sweden;Eskilstuna;settlement;593.666;165.077;31;no;;;0;cuisine. ghsl-ucdb. wdpa. wikidata
Sweden;Uddevalla;settlement;583.478;119.424;31;no;;A12;0;cuisine. ghsl-ucdb. wikidata
Sweden;Härnösand;settlement;626.323;179.379;31;yes;13;A12;0;cuisine. ghsl-ucdb. wikidata
Sweden;Skellefteå;settlement;647.507;209.528;31;no;;A9;0;cuisine. ghsl-ucdb. wdpa
Sweden;Aloppkölen-Köpmankölen;site;626.361;136.379;31;no;;A9;0;cuisine. wdpa
Sweden;2001623 Stöttingfjället;site;646.057;175.164;30;no;;A9;0;wdpa
Sweden;Vänersborg;settlement;583.807;123.234;30;no;;;0;cuisine. ghsl-ucdb. wdpa. wikidata
Sweden;Gävle;settlement;606.745;171.417;30;no;;A12;0;cuisine. ghsl-ucdb. wikidata
Sweden;Sundsvall;settlement;623.913;173.063;30;no;;A12;0;cuisine. ghsl-ucdb. wikidata
Sweden;Trollhättan;settlement;582.837;122.886;30;no;;A12;0;cuisine. ghsl-ucdb. wikidata
Sweden;Boden;settlement;658.252;216.886;30;no;;A12;0;cuisine. ghsl-ucdb. wikidata
Sweden;Kumla;settlement;591.277;151.434;30;no;;A12;0;cuisine. ghsl-ucdb. wikidata
Sweden;Mariestad;settlement;587.097;138.237;30;no;;A12;0;cuisine. ghsl-ucdb
Sweden;2001842 Vindelfjällen;site;658.843;15.834;29;no;;A9;0;wdpa
Sweden;Malmö;settlement;556.059;130.007;28;yes;9;;0;ghsl-ucdb. wikidata
Sweden;Värnamo;settlement;57.186;14.04;27;no;;A9;0;ghsl-ucdb. wdpa. wikidata
Sweden;Lund;settlement;557.058;131.932;26;no;;;0;ghsl-ucdb. wdpa. wikidata
Sweden;Gustavsberg;settlement;593.268;183.897;26;no;;;0;ghsl-ucdb. wikidata
Sweden;Linköping;settlement;584.109;156.216;24;no;;A9;0;ghsl-ucdb. wdpa. wikidata
Sweden;Varberg;settlement;571.056;122.508;23;no;;A9;1;ghsl-ucdb. unesco-whs. wdpa. wikidata
Sweden;Umeå;settlement;638.284;202.597;23;no;;A9;0;ghsl-ucdb. wdpa. wikidata
Sweden;Motala;settlement;585.371;150.365;22;no;;;0;ghsl-ucdb. wdpa. wikidata
Sweden;Oskarshamn;settlement;572.645;164.484;21;no;;;0;ghsl-ucdb. wdpa. wikidata
Sweden;Ängelholm;settlement;562.428;128.622;20;no;;A9;0;ghsl-ucdb. wdpa. wikidata
Sweden;2000189 Gotska Sandön;site;583.675;192.498;20;no;;A9;0;wdpa. wikidata
Sweden;2001051 Kronogård fjällurskog;site;662.662;197.011;19;no;;A9;0;wdpa
Sweden;Norrköping;settlement;585.942;161.826;18;no;;;0;ghsl-ucdb. wdpa. wikidata
Sweden;Växjö;settlement;568.777;148.091;16;no;;A9;0;ghsl-ucdb. wdpa. wikidata
Sweden;Eslöv;settlement;558.393;133.039;16;no;;A12;0;ghsl-ucdb. wikidata
Sweden;Nyköping;settlement;58.753;170.079;16;no;;A9;0;ghsl-ucdb. wdpa. wikidata
Sweden;Trelleborg;settlement;553.751;131.569;16;no;;A9;0;ghsl-ucdb. wdpa. wikidata
Sweden;Kristianstad;settlement;560.313;141.524;16;no;;;0;ghsl-ucdb. wdpa. wikidata
Sweden;Falköping;settlement;581.735;135.507;15;no;;;0;ghsl-ucdb. wdpa. wikidata
Sweden;Borås;settlement;57.721;129.401;15;no;;;0;ghsl-ucdb. wikidata
Sweden;Huskvarna;settlement;57.786;143.021;15;no;;A12;0;ghsl-ucdb. wikidata
Sweden;2001225 Abisko;site;683.279;186.695;14;no;;A9;0;wdpa. wikidata
Sweden;Kungsbacka;settlement;574.872;120.761;13;no;;;0;ghsl-ucdb. wikidata
Sweden;2047424 Blaiken;site;653.462;16.975;13;no;;A9;0;wdpa
Sweden;Lerum;settlement;577.705;12.269;12;no;;;0;ghsl-ucdb. wikidata
Sweden;Ljungby;settlement;568.332;139.408;12;yes;16;;0;ghsl-ucdb. wikidata
Sweden;Alingsås;settlement;579.303;125.335;12;no;;;0;ghsl-ucdb. wikidata
Sweden;Kinna;settlement;575.073;126.946;12;no;;;0;ghsl-ucdb. wikidata
Sweden;Landskrona;settlement;558.708;128.302;11;no;;;0;ghsl-ucdb. wdpa. wikidata
Switzerland;Geneva;settlement;462.022;61.457;100;yes;1;A11. A2;2;ghsl-ucdb. osm. unesco-whs. wdpa. wikidata
Switzerland;Bellinzona;settlement;461.928;9.017;97;no;;A10. A11;1;cuisine. ghsl-ucdb. osm. unesco-whs. wdpa. wikidata
Switzerland;Chur;settlement;468.499;95.329;93;yes;2;A9;1;cuisine. ghsl-ucdb. unesco-whs. wdpa. wikidata
Switzerland;Nyon;settlement;463.832;62.396;83;no;;A11. A9;0;ghsl-ucdb. osm. wdpa. wikidata
Switzerland;La Chaux-de-Fonds;settlement;470.999;68.259;82;yes;3;A11;1;ghsl-ucdb. osm. unesco-whs. wikidata
Switzerland;Locarno;settlement;461.709;87.995;71;no;;A11. A10. A9;1;cuisine. ghsl-ucdb. osm. unesco-whs. wdpa. wikidata
Switzerland;Thun;settlement;467.512;76.217;71;no;;A9;1;cuisine. ghsl-ucdb. unesco-whs. wdpa. wikidata
Switzerland;Luzern;settlement;470.505;83.064;64;yes;4;A10;0;cuisine. ghsl-ucdb. wdpa. wikidata
Switzerland;Bern;settlement;469.481;74.474;61;no;;;1;cuisine. ghsl-ucdb. unesco-whs. wikidata
Switzerland;Lugano;settlement;460.101;8.96;60;yes;5;A10. A11;0;ghsl-ucdb. osm. wikidata
Switzerland;Basel;settlement;475.584;75.733;59;yes;8;A11;0;cuisine. ghsl-ucdb. osm. wikidata
Switzerland;Zürich;settlement;473.667;8.55;51;no;;A10. A12;0;cuisine. ghsl-ucdb. wikidata
Switzerland;Sierre;settlement;462.919;75.356;49;yes;6;;0;cuisine. ghsl-ucdb. wdpa. wikidata
Switzerland;Yverdon-les-Bains;settlement;467.785;66.411;49;no;;A12;0;ghsl-ucdb. wikidata
Switzerland;Schwyz;settlement;470.208;86.541;48;no;;A10;0;cuisine. ghsl-ucdb. wdpa. wikidata
Switzerland;Vevey;settlement;46.463;68.434;48;no;;A11;1;ghsl-ucdb. osm. unesco-whs. wikidata
Switzerland;Schaffhausen;settlement;476.973;86.349;47;no;;A11;0;ghsl-ucdb. osm. wikidata
Switzerland;Lausanne;settlement;46.516;66.328;44;no;;;0;ghsl-ucdb. osm. wikidata
Switzerland;Biel/Bienne;settlement;471.371;72.461;41;no;;A12;0;cuisine. ghsl-ucdb. wikidata
Switzerland;Fribourg;settlement;468.024;71.513;41;no;;;0;cuisine. ghsl-ucdb. wikidata
Switzerland;Sankt Gallen;settlement;474.239;93.748;41;no;;A10;1;ghsl-ucdb. unesco-whs. wikidata
Switzerland;Neuchâtel;settlement;469.918;6.931;41;no;;A12;0;ghsl-ucdb. wikidata
Switzerland;Morges;settlement;465.113;64.985;40;no;;A12;0;ghsl-ucdb. wikidata
Switzerland;Solothurn;settlement;472.079;75.371;39;no;;A10;0;cuisine. ghsl-ucdb. wikidata
Switzerland;Burgdorf;settlement;47.059;76.279;38;no;;A12;0;cuisine. ghsl-ucdb. wikidata
Switzerland;Grenchen;settlement;471.921;73.959;38;no;;A12;0;cuisine. ghsl-ucdb. wikidata
Switzerland;Aarau;settlement;473.925;80.442;36;no;;A12;0;cuisine. ghsl-ucdb. wikidata
Switzerland;Bulle;settlement;46.618;70.569;35;no;;;0;cuisine. ghsl-ucdb. wdpa. wikidata
Switzerland;Monthey;settlement;462.545;69.541;35;no;;A11;0;ghsl-ucdb. osm. wdpa. wikidata
Switzerland;Olten;settlement;47.35;79.033;35;no;;A12;0;cuisine. ghsl-ucdb. wikidata
Switzerland;Sitten;settlement;462.274;73.556;34;no;;;0;cuisine. ghsl-ucdb. wdpa. wikidata
Switzerland;Baden;settlement;474.733;83.059;33;no;;;0;cuisine. ghsl-ucdb. wikidata
Switzerland;Montreux;settlement;46.433;69.114;33;no;;;0;ghsl-ucdb. wdpa. wikidata
Switzerland;Martigny-Ville;settlement;461.028;70.724;33;no;;A11;0;ghsl-ucdb. osm. wdpa. wikidata
Switzerland;Winterthur;settlement;475.056;87.241;32;no;;A12;0;cuisine. ghsl-ucdb. wikidata
Switzerland;Bülach;settlement;47.522;85.405;30;no;;A11;0;cuisine. ghsl-ucdb. osm. wikidata
Switzerland;Frauenfeld;settlement;475.578;88.989;29;no;;A12;0;cuisine. ghsl-ucdb. wikidata
Switzerland;Jona;settlement;472.298;88.388;28;no;;A10;0;cuisine. ghsl-ucdb. wikidata
Switzerland;Wil;settlement;474.615;90.455;23;no;;A10;0;cuisine. ghsl-ucdb. wikidata
Switzerland;Kreuzlingen;settlement;476.505;9.175;22;yes;7;A12;0;ghsl-ucdb. wikidata
Switzerland;Einsiedeln;settlement;471.285;87.474;22;no;;A10;0;cuisine. ghsl-ucdb. wdpa. wikidata
Switzerland;Rapperswil;settlement;472.256;88.223;21;no;;A12;0;cuisine. ghsl-ucdb. wikidata
Switzerland;Cham;settlement;471.821;84.636;21;no;;A12;0;cuisine. ghsl-ucdb. wikidata
Switzerland;Herisau;settlement;473.862;92.792;21;no;;;0;ghsl-ucdb. wdpa. wikidata
Switzerland;Wetzikon;settlement;473.264;87.978;16;no;;A12;0;cuisine. ghsl-ucdb. wikidata
Switzerland;Wettingen;settlement;474.661;83.266;16;no;;A12;0;cuisine. ghsl-ucdb. wikidata
Switzerland;Uster;settlement;473.471;87.209;14;no;;;0;cuisine. ghsl-ucdb. wikidata
Switzerland;Gossau;settlement;474.155;92.548;13;no;;A10;0;ghsl-ucdb. wikidata
Switzerland;Horgen;settlement;472.598;85.978;10;no;;A12;0;cuisine. ghsl-ucdb. wikidata
Syria;Aleppo;settlement;362.012;371.612;100;yes;1;A10. A12;1;cuisine. ghsl-ucdb. unesco-whs. wikidata
Syria;Tallkalakh;settlement;346.684;36.26;99;yes;2;A11. A10;1;ghsl-ucdb. osm. unesco-whs. wikidata
Syria;Qaţanā;settlement;334.376;360.789;84;yes;5;A11;0;cuisine. ghsl-ucdb. osm
Syria;Damascus;settlement;335.102;362.913;79;no;;A12;1;ghsl-ucdb. unesco-whs. wikidata
Syria;As-Suwayda;settlement;32.709;365.695;69;yes;3;;1;ghsl-ucdb. unesco-whs. wikidata
Syria;Tadmur;settlement;345.624;38.284;66;yes;4;;1;cuisine. ghsl-ucdb. unesco-whs. wikidata
Syria;Kafranbel;settlement;356.138;365.645;66;yes;7;;1;cuisine. ghsl-ucdb. unesco-whs. wikidata
Syria;Az Zabadānī;settlement;337.249;361.005;62;no;;A11;0;cuisine. ghsl-ucdb. osm
Syria;Nubl;settlement;363.787;369.929;35;no;;A12;0;cuisine. ghsl-ucdb. wikidata
Syria;Ar Raqqah;settlement;359.528;390.079;30;yes;6;A12;0;cuisine. ghsl-ucdb. wikidata
Syria;Ḩamāh;settlement;351.318;367.578;30;no;;A12;0;cuisine. ghsl-ucdb. wikidata
Syria;As Safīrah;settlement;36.077;373.725;30;no;;A12;0;cuisine. ghsl-ucdb. wikidata
Syria;Ālbū Kamāl;settlement;344.523;409.185;30;yes;8;A12;0;cuisine. ghsl-ucdb. wikidata
Syria;Saraqib;settlement;358.645;368.059;30;no;;A12;0;cuisine. ghsl-ucdb. wikidata
Syria;Kafr Zaytā;settlement;353.743;366.033;30;no;;A12;0;cuisine. ghsl-ucdb. wikidata
Syria;Homs;settlement;34.724;367.256;29;no;;A12;0;cuisine. ghsl-ucdb
Syria;Deir ez-Zor;settlement;353.359;401.408;29;yes;9;A12;0;cuisine. ghsl-ucdb
Syria;Al Bāb;settlement;363.705;375.157;29;no;;A12;0;cuisine. ghsl-ucdb
Syria;Idlib;settlement;359.306;366.339;29;no;;A12;0;cuisine. ghsl-ucdb
Syria;Manbij;settlement;365.281;379.549;29;no;;A12;0;cuisine. ghsl-ucdb
Syria;As Salamīyah;settlement;350.113;370.532;29;yes;12;A12;0;cuisine. ghsl-ucdb
Syria;Al-Tabqa;settlement;358.376;385.483;29;no;;A12;0;cuisine. ghsl-ucdb
Syria;Al Mayādīn;settlement;350.198;404.515;29;no;;A12;0;cuisine. ghsl-ucdb
Syria;Ar Rastan;settlement;349.267;367.324;29;no;;A12;0;cuisine. ghsl-ucdb
Syria;Kabbasin;settlement;364.327;375.686;29;no;;A12;0;cuisine. ghsl-ucdb
Syria;‘Ayn al ‘Arab;settlement;368.909;383.535;29;yes;10;A12;0;cuisine. ghsl-ucdb
Syria;Khān Shaykhūn;settlement;354.421;36.651;29;no;;A12;0;cuisine. ghsl-ucdb
Syria;Al Quşayr;settlement;345.078;365.803;29;no;;A12;0;cuisine. ghsl-ucdb
Syria;Tallbīsah;settlement;348.407;367.309;29;no;;A12;0;cuisine. ghsl-ucdb
Syria;Maşyāf;settlement;350.653;363.406;29;no;;A12;0;cuisine. ghsl-ucdb
Syria;Ma‘arratmişrīn;settlement;360.115;366.718;29;no;;A12;0;cuisine. ghsl-ucdb
Syria;Al Qaryatayn;settlement;342.296;372.407;29;yes;11;A12;0;cuisine. ghsl-ucdb
Syria;Şūrān;settlement;352.919;367.485;29;no;;A12;0;cuisine. ghsl-ucdb
Syria;Ţayyibat al Imām;settlement;352.659;367.122;29;no;;A12;0;cuisine. ghsl-ucdb
Syria;Dayr Ḩāfir;settlement;361.569;377.078;29;no;;A12;0;cuisine. ghsl-ucdb
Syria;Tall Rif‘at;settlement;364.723;370.947;29;no;;A12;0;cuisine. ghsl-ucdb
Syria;Batabo;settlement;361.345;367.398;29;no;;A12;0;cuisine. ghsl-ucdb
Syria;Subaykhān;settlement;348.531;405.999;29;no;;A12;0;cuisine. ghsl-ucdb
Syria;Jarābulus;settlement;368.175;380.111;29;no;;A12;0;cuisine. ghsl-ucdb
Syria;Ḩalfāyā;settlement;352.601;366.058;29;no;;A12;0;cuisine. ghsl-ucdb
Syria;Ad Dānā;settlement;362.125;36.77;29;no;;A12;0;cuisine. ghsl-ucdb
Syria;Kafr Lāhā;settlement;348.947;364.958;29;no;;A12;0;cuisine. ghsl-ucdb
Syria;Qārah;settlement;341.556;367.428;29;no;;A12;0;cuisine. ghsl-ucdb
Syria;Maharda;settlement;352.479;365.725;29;no;;A12;0;cuisine. ghsl-ucdb
Syria;Ţarţūs;settlement;34.889;358.866;19;no;;A12;0;ghsl-ucdb. wikidata
Syria;‘Āmūdā;settlement;371.042;40.93;11;yes;13;A12;0;ghsl-ucdb. osm
Taiwan;Zhudong;settlement;247.317;1.210.908;100;yes;1;A9;0;cuisine. ghsl-ucdb. wdpa
Taiwan;Lugu;settlement;237.464;1.207.525;100;no;;A9;0;cuisine. ghsl-ucdb. wdpa
Taiwan;Daxi;settlement;248.837;1.212.904;89;no;;A9;0;cuisine. ghsl-ucdb. wdpa
Taiwan;Xiulin;settlement;241.202;1.216.263;79;no;;A9;0;cuisine. ghsl-ucdb. wdpa. wikidata
Taiwan;Taichung;settlement;241.469;1.206.839;79;yes;6;A12;0;cuisine. ghsl-ucdb. wdpa. wikidata
Taiwan;Puli;settlement;239.664;1.209.695;79;no;;;0;cuisine. ghsl-ucdb. wdpa
Taiwan;Taipei;settlement;250.531;1.215.264;78;no;;A12;0;ghsl-ucdb. wikidata
Taiwan;Chiayi City;settlement;234.792;1.204.489;72;yes;2;A12;0;cuisine. ghsl-ucdb. wikidata
Taiwan;Hsinchu;settlement;248.036;1.209.686;71;no;;A12;0;cuisine. ghsl-ucdb. wikidata
Taiwan;Xihu;settlement;239.568;1.204.792;71;no;;A12;0;cuisine. ghsl-ucdb. wikidata
Taiwan;Taibao;settlement;234.594;1.203.322;71;no;;A12;0;cuisine. ghsl-ucdb. wikidata
Taiwan;Beigang;settlement;235.701;1.203.016;71;no;;A12;0;cuisine. ghsl-ucdb. wikidata
Taiwan;Linnei;settlement;237.615;1.206.188;71;no;;A12;0;cuisine. ghsl-ucdb. wikidata
Taiwan;Zhubei;settlement;248.383;1.210.078;71;no;;A12;0;cuisine. ghsl-ucdb
Taiwan;Yuanlin;settlement;239.567;1.205.761;71;no;;A12;0;cuisine. ghsl-ucdb
Taiwan;Douliu;settlement;237.094;1.205.433;71;no;;A12;0;cuisine. ghsl-ucdb
Taiwan;Nantou;settlement;239.157;1.206.639;71;no;;A12;0;cuisine. ghsl-ucdb
Taiwan;Toufen;settlement;246.875;1.209.094;71;no;;A12;0;cuisine. ghsl-ucdb
Taiwan;Hualien City;settlement;239.769;1.216.044;71;yes;4;A12;0;cuisine. ghsl-ucdb
Taiwan;Caotun;settlement;23.977;1.206.877;71;no;;A12;0;cuisine. ghsl-ucdb
Taiwan;Miaoli;settlement;245.643;1.208.237;71;no;;A12;0;cuisine. ghsl-ucdb
Taiwan;Xinying;settlement;233.069;1.203.106;71;no;;A12;0;cuisine. ghsl-ucdb
Taiwan;Zhushan;settlement;237.555;120.682;71;no;;A12;0;cuisine. ghsl-ucdb
Taiwan;Erlin;settlement;239.005;1.203.689;71;no;;A12;0;cuisine. ghsl-ucdb
Taiwan;Xiluo;settlement;237.989;1.204.634;71;no;;A12;0;cuisine. ghsl-ucdb
Taiwan;Tianzhong;settlement;238.581;1.205.857;71;no;;A12;0;cuisine. ghsl-ucdb
Taiwan;Beidou;settlement;238.729;1.205.243;71;no;;A12;0;cuisine. ghsl-ucdb
Taiwan;Xingang;settlement;235.574;120.346;71;no;;A12;0;cuisine. ghsl-ucdb
Taiwan;Pitou;settlement;23.895;1.204.786;71;no;;A12;0;cuisine. ghsl-ucdb
Taiwan;Tianwei;settlement;238.927;120.524;71;no;;A12;0;cuisine. ghsl-ucdb
Taiwan;Erlun;settlement;237.705;1.204.134;71;no;;A12;0;cuisine. ghsl-ucdb
Taiwan;Hengchun;settlement;220.042;1.207.439;56;yes;3;A9;0;ghsl-ucdb. wdpa. wikidata
Taiwan;Taitung;settlement;227.599;1.211.446;51;yes;7;;0;ghsl-ucdb. wdpa
Taiwan;Tainan;settlement;229.908;1.202.133;45;no;;A9. A12;0;ghsl-ucdb. wdpa. wikidata
Taiwan;Chaozhou;settlement;225.499;1.205.407;37;no;;A9;0;ghsl-ucdb. wdpa. wikidata
Taiwan;Sanzhi;settlement;252.578;1.215.018;37;no;;A9;0;ghsl-ucdb. wdpa. wikidata
Taiwan;Jincheng;settlement;244.341;1.183.171;36;yes;5;A9;0;ghsl-ucdb. wdpa
Taiwan;Yujing;settlement;231.249;1.204.614;36;no;;A9;0;ghsl-ucdb. wdpa
Taiwan;Dongsha;site;206.841;1.168.089;36;yes;8;A9;0;wdpa
Taiwan;Kaohsiung;settlement;226.163;1.203.133;30;yes;9;A12;0;ghsl-ucdb. wikidata
Taiwan;Keelung;settlement;251.309;1.217.409;27;yes;10;A12;0;ghsl-ucdb. wikidata
Taiwan;New Taipei City;settlement;25.062;121.457;12;no;;A12;0;ghsl-ucdb. wikidata
Tajikistan;Tajik National Park (Mountains of the Pamirs);site;38.765;723.053;100;yes;1;A9;1;cuisine. unesco-whs. wdpa. wikidata
Tajikistan;Panjakent;settlement;394.952;676.093;99;yes;2;A2;2;cuisine. ghsl-ucdb. unesco-whs. wdpa. wikidata
Tajikistan;Isfara;settlement;401.265;706.253;77;yes;3;;0;cuisine. ghsl-ucdb. osm. wikidata
Tajikistan;Farkhor;settlement;374.922;694.036;75;no;;;1;cuisine. ghsl-ucdb. unesco-whs. wdpa
Tajikistan;Chubek;settlement;376.145;697.053;69;no;;A9;0;cuisine. ghsl-ucdb. wdpa. wikidata
Tajikistan;Vahdat;settlement;385.563;690.135;69;no;;A9;0;cuisine. ghsl-ucdb. wdpa
Tajikistan;Kŭlob;settlement;379.146;697.845;69;no;;;0;cuisine. ghsl-ucdb. wdpa
Tajikistan;Norak;settlement;383.892;693.227;69;no;;;0;cuisine. ghsl-ucdb. wdpa
Tajikistan;Hulbuk;settlement;378.054;696.452;64;yes;4;A12;0;cuisine. ghsl-ucdb. wikidata
Tajikistan;Konibodom;settlement;402.941;704.312;64;no;;A12;0;cuisine. ghsl-ucdb
Tajikistan;Khorugh;settlement;374.904;715.534;64;yes;5;A12;0;cuisine. ghsl-ucdb
Tajikistan;Ishqoshim;settlement;367.248;716.133;64;yes;8;A12;0;cuisine. ghsl-ucdb
Tajikistan;Danghara;settlement;380.958;69.34;64;no;;A12;0;cuisine. ghsl-ucdb
Tajikistan;Yovon;settlement;383.141;690.378;64;yes;10;A12;0;cuisine. ghsl-ucdb
Tajikistan;Tursunzoda;settlement;385.127;682.316;63;yes;6;A9;0;ghsl-ucdb. wdpa
Tajikistan;Zarhalol;settlement;374.647;681.695;54;yes;7;A9;1;ghsl-ucdb. unesco-whs. wikidata
Tajikistan;Shahriston;settlement;397.745;688.093;42;yes;9;A9;0;ghsl-ucdb. osm. wdpa. wikidata
Tajikistan;Зоркуль;site;374.196;737.543;28;yes;12;A9;0;wdpa. wikidata
Tajikistan;Buston;settlement;402.342;696.948;13;yes;11;;0;ghsl-ucdb. osm
Tajikistan;Hisor;settlement;38.525;685.512;13;no;;;0;ghsl-ucdb. wdpa
Tanzania;Tarakea;settlement;-30.008;375.642;100;yes;1;A9;1;ghsl-ucdb. osm. unesco-whs. wdpa. wikidata
Tanzania;Bugarama;settlement;-28.706;305.281;88;yes;2;;0;ghsl-ucdb. osm
Tanzania;Kiratu;settlement;-33.333;356.667;84;yes;5;A9;2;ghsl-ucdb. unesco-whs. wdpa. wikidata
Tanzania;Zanzibar;settlement;-61.639;391.979;81;yes;3;;1;ghsl-ucdb. unesco-whs. wikidata
Tanzania;Nungwi;settlement;-57.265;392.987;71;no;;;0;ghsl-ucdb. wikidata
Tanzania;Kabanga;settlement;-26.386;304.678;68;no;;;0;ghsl-ucdb. osm
Tanzania;Shirati;settlement;-11.333;339.833;68;yes;4;;0;ghsl-ucdb. osm
Tanzania;Selous Game Reserve;site;-9;37.4;56;yes;7;A9;1;unesco-whs. wdpa. wikidata
Tanzania;Kigoma;settlement;-48.769;296.267;53;no;;A9;0;ghsl-ucdb. osm. wdpa. wikidata
Tanzania;Kilwa Masoko;settlement;-89.251;395.131;51;yes;8;;1;ghsl-ucdb. unesco-whs. wikidata
Tanzania;Kasulu;settlement;-45.767;301.025;46;yes;6;;0;ghsl-ucdb. osm
Tanzania;Kibondo;settlement;-35.864;307.203;46;yes;14;;0;ghsl-ucdb. osm
Tanzania;Serengeti National Park;site;-2.74;34.859;45;yes;13;A9;1;unesco-whs. wikidata
Tanzania;Mugumu;settlement;-1.85;34.7;43;yes;15;A9;0;ghsl-ucdb. wdpa
Tanzania;Maramba;settlement;-5.05;386.167;43;yes;10;A9;0;ghsl-ucdb. wdpa
Tanzania;Kondoa;settlement;-4.9;357.833;39;yes;9;;1;ghsl-ucdb. unesco-whs. wikidata
Tanzania;Mafinga;settlement;-83.002;352.937;33;yes;11;A9;0;ghsl-ucdb. wdpa
Tanzania;Mikumi;settlement;-74.041;369.831;33;yes;12;A9;0;ghsl-ucdb. wdpa
Tanzania;Lushoto;settlement;-47.833;382.833;32;no;;;0;ghsl-ucdb. wdpa
Tanzania;Tanga;settlement;-50.689;390.988;23;no;;A9;0;ghsl-ucdb. wdpa. wikidata
Tanzania;Kidatu;settlement;-76.992;369.572;22;no;;A9;0;ghsl-ucdb. wdpa
Tanzania;Mhalamba;settlement;-25.812;320.099;22;yes;16;A9;0;ghsl-ucdb. wdpa
Tanzania;Usa River;settlement;-33.667;36.85;22;no;;A9;0;ghsl-ucdb. wdpa
Tanzania;Galappo;settlement;-42.667;35.85;22;no;;A9;0;ghsl-ucdb. wdpa
Tanzania;Madizini;settlement;-61.409;37.636;22;yes;17;A9;0;ghsl-ucdb. wdpa
Tanzania;Usevia;settlement;-7.1;312.333;22;yes;18;A9;0;ghsl-ucdb. wdpa
Tanzania;Ruaha National Park;site;-77.988;345.233;22;no;;A9;0;wdpa
Tanzania;Mahale Mountains National Park;site;-62.294;29.912;22;yes;19;A9;0;wdpa
Tanzania;Handeni;settlement;-54.333;380.167;22;no;;;0;ghsl-ucdb. wdpa
Tanzania;Ilula;settlement;-76.766;360.366;22;yes;20;;0;ghsl-ucdb. wdpa
Tanzania;Morogoro;settlement;-6.821;376.612;11;no;;;0;ghsl-ucdb. wdpa
Tanzania;Ifakara;settlement;-81.333;366.833;11;no;;;0;ghsl-ucdb. wdpa
Tanzania;Iringa;settlement;-77.667;35.7;11;no;;;0;ghsl-ucdb. wdpa
Tanzania;Kilosa;settlement;-68.333;369.833;11;no;;;0;ghsl-ucdb. wdpa
Tanzania;Same;settlement;-40.667;377.333;11;no;;;0;ghsl-ucdb. wdpa
Tanzania;Maswa;settlement;-26.833;339.833;11;no;;;0;ghsl-ucdb. wdpa
Tanzania;Mwanhuzi;settlement;-35.272;343.151;11;no;;;0;ghsl-ucdb. wdpa
Tanzania;Usangi;settlement;-3.7;376.667;11;no;;;0;ghsl-ucdb. wdpa
Tanzania;Hedaru;settlement;-4.5;37.9;11;no;;;0;ghsl-ucdb. wdpa
Tanzania;Kibakwe;settlement;-67.167;363.667;11;no;;;0;ghsl-ucdb. wdpa
Tanzania;Msowero;settlement;-65.333;37.2;11;no;;;0;ghsl-ucdb. wdpa
Tanzania;Ngerengere;settlement;-6.75;381.167;11;no;;;0;ghsl-ucdb. wdpa
Tanzania;Mlalo;settlement;-49.333;389.333;11;no;;;0;ghsl-ucdb. wdpa
Thailand;Bangkok;settlement;13.754;1.005.014;100;yes;1;A12. A11;0;cuisine. ghsl-ucdb. osm. wikidata
Thailand;Chiang Mai;settlement;187.904;989.847;89;yes;2;A9. A11;0;ghsl-ucdb. osm. wdpa. wikidata
Thailand;Phu Miang - Phu Thong;site;175.027;1.006.932;73;yes;3;A9;0;osm. wdpa
Thailand;Krabi;settlement;80.726;989.105;73;yes;4;A11. A9;0;ghsl-ucdb. osm. wdpa. wikidata
Thailand;Takua Pa;settlement;88.705;983.438;69;yes;10;A11. A9;0;ghsl-ucdb. osm. wdpa. wikidata
Thailand;Nan;settlement;187.838;100.779;65;yes;5;A11. A9;0;ghsl-ucdb. osm. wdpa. wikidata
Thailand;Chiang Rai;settlement;199.086;998.325;64;yes;6;A9. A11;0;ghsl-ucdb. osm. wdpa. wikidata
Thailand;Lom Sak;settlement;167.798;1.012.422;64;yes;15;A11. A9;0;ghsl-ucdb. osm. wdpa
Thailand;Thoen;settlement;176.129;992.161;64;yes;8;A11. A9;0;ghsl-ucdb. osm. wdpa
Thailand;Lum Nam Pai;site;194.231;982.028;64;yes;13;A9;0;osm. wdpa
Thailand;Salawin;site;181.776;977.534;63;yes;9;A9;0;osm. wdpa
Thailand;Kamphaeng Phet;settlement;164.834;995.215;57;yes;11;A9. A11;1;ghsl-ucdb. osm. unesco-whs. wdpa. wikidata
Thailand;Phra Nakhon Si Ayutthaya;settlement;143.517;1.005.774;56;no;;A11;1;cuisine. ghsl-ucdb. osm. unesco-whs. wikidata
Thailand;Ranong;settlement;99.658;986.348;53;yes;14;A11. A9;0;ghsl-ucdb. osm. wdpa
Thailand;Ban Na San;settlement;88.004;993.637;51;yes;22;A9;0;ghsl-ucdb. osm. wdpa
Thailand;Pattaya;settlement;129.333;1.008.833;46;no;;A11;0;ghsl-ucdb. osm
Thailand;Kantharalak;settlement;146.406;1.046.499;45;yes;17;A11. A9;1;ghsl-ucdb. osm. unesco-whs. wdpa. wikidata
Thailand;Wichian Buri;settlement;156.578;101.106;45;yes;18;A11. A9;1;ghsl-ucdb. osm. unesco-whs. wdpa. wikidata
Thailand;Phrae;settlement;181.459;100.141;43;no;;A11. A9;0;ghsl-ucdb. osm. wdpa
Thailand;Sa Kaeo;settlement;138.141;1.020.722;42;yes;19;A11. A9;1;ghsl-ucdb. osm. unesco-whs. wdpa. wikidata
Thailand;Tha Yang;settlement;129.577;999.056;42;no;;A9;1;ghsl-ucdb. osm. unesco-whs. wdpa. wikidata
Thailand;Phayao;settlement;19.192;998.788;41;no;;A9;0;ghsl-ucdb. osm. wdpa
Thailand;Mae Phang;site;199.186;991.879;41;no;;A9. A11;0;osm. wdpa
Thailand;Bo Phloi;settlement;143.252;995.147;40;no;;A11. A9;0;ghsl-ucdb. osm. wdpa
Thailand;Dok Kham Tai;settlement;191.624;999.934;40;no;;A11. A9;0;ghsl-ucdb. osm. wdpa
Thailand;Chumphon;settlement;104.957;991.797;40;no;;A9;0;ghsl-ucdb. osm. wdpa
Thailand;Sai Yok;site;14.373;987.985;40;no;;A9;0;osm. wdpa
Thailand;Phu Kradueng;settlement;168.843;1.018.847;40;no;;A9;0;ghsl-ucdb. osm. wdpa
Thailand;Wang Nam Yen;settlement;135.048;1.021.809;40;no;;A9;0;ghsl-ucdb. osm. wdpa
Thailand;Huai Kha Khaeng;site;153.966;992.288;40;yes;21;A9;0;wdpa
Thailand;Lampang;settlement;182.923;994.928;38;no;;A9. A11;0;ghsl-ucdb. osm. wdpa. wikidata
Thailand;San Kamphaeng;settlement;187.449;991.195;38;no;;A11. A9;0;ghsl-ucdb. osm. wdpa
Thailand;Ko Samui;settlement;95.357;999.357;34;no;;A9. A11;0;ghsl-ucdb. osm. wdpa. wikidata
Thailand;Seka;settlement;179.285;1.039.552;34;no;;A9;0;cuisine. ghsl-ucdb. osm. wdpa
Thailand;Anusawari;settlement;138.947;1.006.142;33;no;;A11;0;cuisine. ghsl-ucdb. osm. wikidata
Thailand;Samut Prakan;settlement;135.976;1.005.972;33;no;;A11;0;cuisine. ghsl-ucdb. osm
Thailand;Chanthaburi;settlement;126.096;1.021.045;31;no;;A9. A11;0;ghsl-ucdb. osm. wdpa. wikidata
Thailand;Ban Chalong;settlement;78.447;98.339;31;no;;A11;0;ghsl-ucdb. osm. wikidata
Thailand;San Pa Tong;settlement;186.283;988.957;30;no;;A11. A9;0;ghsl-ucdb. osm. wdpa
Thailand;Khon Kaen;settlement;164.467;102.833;30;no;;A11;0;ghsl-ucdb. osm
Thailand;Tak;settlement;168.697;99.129;30;no;;A11. A9;0;ghsl-ucdb. osm. wdpa
Thailand;Hang Dong;settlement;18.687;989.194;29;no;;A11. A9;0;ghsl-ucdb. osm. wdpa. wikidata
Thailand;Ban Na;settlement;170.172;997.328;29;no;;A11. A9;0;ghsl-ucdb. osm. wdpa. wikidata
Thailand;Nakhon Ratchasima;settlement;149.707;102.102;29;no;;A11;0;ghsl-ucdb. osm
Thailand;Phibun Mangsahan;settlement;152.447;1.052.291;28;no;;A11. A9;0;cuisine. ghsl-ucdb. osm. wdpa
Thailand;Khao Wong;settlement;167.001;1.040.902;28;no;;A11. A9;0;cuisine. ghsl-ucdb. osm. wdpa
Thailand;Bang Saphan;settlement;112.126;995.117;28;no;;A11. A9;0;ghsl-ucdb. osm. wdpa
Thailand;Ban Kamala;settlement;79.551;982.832;28;no;;A11. A9;0;ghsl-ucdb. osm. wdpa
Thailand;Nakhon Si Thammarat;settlement;84.333;999.667;28;no;;A9. A11;1;ghsl-ucdb. osm. unesco-whs. wdpa. wikidata
Thailand;Pa Sang;settlement;185.262;989.394;27;no;;A11. A9;0;ghsl-ucdb. osm. wdpa
Thailand;Om Koi;site;175.757;985.921;27;no;;A9. A11;0;osm. wdpa
Thailand;Chum Phae;settlement;165.443;1.020.992;27;no;;A9;0;ghsl-ucdb. osm. wdpa
Thailand;Hat Yai;settlement;70.084;1.004.767;27;no;;A9. A11;0;ghsl-ucdb. osm. wdpa
Thailand;Ra-ngae;settlement;62.968;1.017.284;27;no;;A9;0;ghsl-ucdb. osm. wdpa
Thailand;Nang Rong;settlement;146.377;1.027.914;27;no;;A9;0;ghsl-ucdb. osm. wdpa
Thailand;Chom Bueng;settlement;13.62;995.917;27;no;;A9;0;ghsl-ucdb. osm. wdpa
Thailand;Mae Ramat;settlement;16.984;985.166;27;no;;A9;0;ghsl-ucdb. wdpa
Thailand;Kaset Sombun;settlement;162.805;1.019.542;27;no;;A9;0;ghsl-ucdb. wdpa
Thailand;Ao Phangnga - Mu Koh Surin - Mu Koh Similan;site;87.782;977.223;27;no;;A9;0;wdpa
Thailand;Nam Som;settlement;177.704;1.021.895;26;yes;20;A9;1;cuisine. ghsl-ucdb. osm. unesco-whs. wdpa. wikidata
Thailand;Tha Raeng;settlement;138.685;1.006.453;25;no;;A11;0;cuisine. ghsl-ucdb. osm
Thailand;Trang;settlement;75.563;996.114;25;no;;A9. A11;0;ghsl-ucdb. osm. wdpa
Thailand;Chon Buri;settlement;133.622;1.009.835;25;no;;A11;0;ghsl-ucdb. osm
Thailand;Lop Buri;settlement;147.981;100.654;24;no;;A11;0;ghsl-ucdb. osm. wikidata
Thailand;Uttaradit;settlement;176.256;1.000.942;24;no;;A9. A11;0;ghsl-ucdb. osm. wdpa
Thailand;Sawankhalok;settlement;17.316;998.319;24;no;;A11;0;ghsl-ucdb. osm
Thailand;Sakon Nakhon;settlement;171.612;1.041.472;24;no;;A9. A11;0;cuisine. ghsl-ucdb. osm. wdpa. wikidata
Thailand;Si Sa Ket;settlement;151.148;1.043.294;24;no;;A11;0;ghsl-ucdb. osm. wikidata
Thailand;Ban Khlong Prawet;settlement;13.719;1.006.815;23;no;;A11;0;cuisine. ghsl-ucdb. osm
Thailand;Nakhon Pathom;settlement;138.196;1.000.443;23;no;;A11;0;ghsl-ucdb. osm. wikidata
Thailand;Mae Chan;settlement;201.468;998.526;22;no;;A11;0;ghsl-ucdb. osm
Thailand;Wichit;settlement;78.894;983.852;22;no;;A11;0;ghsl-ucdb. osm
Thailand;Ratchaburi;settlement;135.367;998.171;21;no;;A11;0;ghsl-ucdb. osm. wikidata
Thailand;Mukdahan;settlement;165.453;1.047.235;21;no;;A11. A9;0;cuisine. ghsl-ucdb. osm. wdpa
Thailand;Ban Samae Dam;settlement;135.896;1.003.873;20;no;;A11;0;ghsl-ucdb. osm
Thailand;Uthai Thani;settlement;153.794;1.000.245;20;no;;A11;0;ghsl-ucdb. osm
Thailand;Nakhon Sawan;settlement;157.047;1.001.372;20;no;;A11;0;ghsl-ucdb. osm
Thailand;Kathu;settlement;79.178;983.332;20;no;;A11;0;ghsl-ucdb. osm
Thailand;Hua Hin;settlement;125.707;999.588;19;no;;A11;0;ghsl-ucdb. osm. wikidata
Thailand;Thung Song;settlement;81.645;996.804;19;no;;A11. A9;0;ghsl-ucdb. osm. wdpa
Thailand;Si Satchanalai;settlement;175.169;997.598;19;no;;A11. A9;0;ghsl-ucdb. osm. wdpa. wikidata
Thailand;Loei;settlement;174.905;1.017.275;19;no;;A11. A9;0;ghsl-ucdb. osm. wdpa
Thailand;Sukhothai;settlement;170.078;99.823;19;no;;A11;0;ghsl-ucdb. osm
Thailand;Ban Nong Wua So;settlement;172.675;1.032.247;18;yes;7;;1;cuisine. ghsl-ucdb. osm. unesco-whs
Thailand;Bueng Kum;settlement;137.853;1.006.696;18;no;;A10. A11;0;cuisine. ghsl-ucdb. osm. wikidata
Thailand;Sai Mai;settlement;139.207;1.006.455;18;no;;A11;0;cuisine. ghsl-ucdb. osm
Thailand;Ban Phra;settlement;140.946;101.389;17;no;;A11. A9;0;cuisine. ghsl-ucdb. osm. wdpa. wikidata
Thailand;Laem Ngop;settlement;121.713;1.023.947;17;no;;A11. A9;0;ghsl-ucdb. osm. wdpa
Thailand;Pak Chong;settlement;14.708;1.014.161;17;no;;A11. A9;0;ghsl-ucdb. osm. wdpa. wikidata
Thailand;Phitsanulok;settlement;168.248;1.002.586;17;no;;A11;0;ghsl-ucdb. osm. wikidata
Thailand;Satun;settlement;66.231;1.000.668;17;no;;A11. A9;0;ghsl-ucdb. osm. wdpa
Thailand;Rayong;settlement;126.809;101.258;16;no;;A11;0;ghsl-ucdb. osm
Thailand;Warichaphum;settlement;172.941;1.036.382;16;no;;A11. A9;0;cuisine. ghsl-ucdb. osm. wdpa
Thailand;Ban Ratsada;settlement;79.096;984.025;16;no;;A11. A9;0;ghsl-ucdb. osm. wdpa. wikidata
Thailand;Nong Bua Lamphu;settlement;172.041;1.024.407;16;no;;A11. A9;0;cuisine. ghsl-ucdb. osm. wdpa
Thailand;Khlong Luang;settlement;140.647;1.006.458;16;no;;A11;0;cuisine. ghsl-ucdb. osm
Thailand;Klaeng;settlement;12.78;1.016.491;16;no;;A9. A11;0;ghsl-ucdb. osm. wdpa
Thailand;Lamphun;settlement;185.805;990.075;16;no;;A11;0;ghsl-ucdb. osm. wikidata
Thailand;Phatthalung;settlement;76.179;1.000.779;16;no;;A11. A9;0;ghsl-ucdb. osm. wdpa. wikidata
Thailand;Phetchabun;settlement;16.419;1.011.606;16;no;;A9. A11;0;ghsl-ucdb. osm. wdpa
Thailand;Khon Buri;settlement;145.254;1.022.459;16;no;;A9;0;ghsl-ucdb. osm. wdpa. wikidata
Thailand;Lang Suan;settlement;99.456;990.785;16;no;;A11. A9;0;ghsl-ucdb. osm. wdpa
Thailand;Chachoengsao;settlement;136.882;1.010.716;15;no;;A11;0;cuisine. ghsl-ucdb. osm. wikidata
Thailand;Tha Kham;settlement;91.107;992.321;15;no;;A9;0;ghsl-ucdb. osm. wdpa. wikidata
Thailand;Bang Bua Thong;settlement;139.178;100.424;15;no;;A11;0;cuisine. ghsl-ucdb. osm. wikidata
Thailand;Amnat Charoen;settlement;158.585;1.046.288;15;no;;A11. A9;0;ghsl-ucdb. osm. wdpa
Thailand;Doi Wiang La;site;188.421;977.862;15;no;;A9;0;osm. wdpa
Thailand;Udon Thani;settlement;174.157;1.027.859;15;no;;A11;0;cuisine. ghsl-ucdb. osm
Thailand;Betong;settlement;57.743;1.010.723;15;no;;A9;0;ghsl-ucdb. osm. wdpa. wikidata
Thailand;Narathiwat;settlement;64.264;1.018.231;15;no;;A9;0;ghsl-ucdb. osm. wdpa. wikidata
Thailand;Den Chai;settlement;179.837;1.000.522;15;no;;A9;0;ghsl-ucdb. osm. wdpa
Thailand;Tha Bo;settlement;17.85;1.025.814;14;no;;A11;0;cuisine. ghsl-ucdb. osm
Thailand;Ban Bueng;settlement;133.119;1.011.127;14;no;;A11. A9;0;ghsl-ucdb. osm. wdpa
Thailand;Ubon Ratchathani;settlement;152.384;1.048.487;14;no;;A11;0;ghsl-ucdb. osm
Thailand;Saraburi;settlement;145.333;1.009.167;14;no;;A9;0;cuisine. ghsl-ucdb. osm. wdpa
Thailand;Ban Aranyik;settlement;168.255;1.002.849;14;no;;A9;0;ghsl-ucdb. wdpa. wikidata
Thailand;Ban Phe;settlement;126.282;1.014.376;14;no;;A9;0;ghsl-ucdb. osm. wdpa
Thailand;Si Maha Phot;settlement;139.656;1.015.135;14;no;;A11;0;cuisine. ghsl-ucdb. osm
Thailand;Mae Sot;settlement;167.167;985.667;14;no;;A9;0;ghsl-ucdb. osm. wdpa
Thailand;Chaiyaphum;settlement;158.105;1.020.288;14;no;;A9;0;ghsl-ucdb. osm. wdpa
Thailand;Khun Nan;site;191.271;1.012.592;14;no;;A9;0;osm. wdpa
Thailand;Yala;settlement;6.54;1.012.813;14;no;;A9. A11;0;ghsl-ucdb. osm. wdpa
Thailand;Wang Saphung;settlement;17.301;1.017.685;14;no;;A9;0;ghsl-ucdb. osm. wdpa
Thailand;Phu Zang;site;195.391;1.005.091;14;no;;A9;0;osm. wdpa
Thailand;Sadao;settlement;66.388;1.004.234;14;no;;A9;0;ghsl-ucdb. osm. wdpa
Thailand;Tak Bai;settlement;62.595;1.020.546;14;no;;A9;0;ghsl-ucdb. osm. wdpa
Thailand;Mu ko Lanta;site;74.459;990.249;14;no;;A9;0;osm. wdpa
Thailand;Det Udom;settlement;14.906;1.050.784;14;no;;A9;0;ghsl-ucdb. osm. wdpa
Thailand;Nong Phai;settlement;159.902;1.010.618;14;no;;A9;0;ghsl-ucdb. osm. wdpa
Thailand;Kui Buri;settlement;120.828;998.543;14;no;;A9;0;ghsl-ucdb. osm. wdpa
Thailand;Phu Khiao;settlement;163.765;1.021.285;14;no;;A9;0;ghsl-ucdb. osm. wdpa
Thailand;Huai Yot;settlement;77.894;996.347;14;no;;A9;0;ghsl-ucdb. osm. wdpa
Thailand;Muko Surin;site;94.144;979.132;14;no;;A9;0;wdpa
Thailand;Mu ko Phetra;site;69.502;995.944;14;no;;A9;0;wdpa
Thailand;Um Phang;site;160.004;988.399;14;no;;A9;0;wdpa
Thailand;Khanu Woralaksaburi;settlement;160.617;998.606;14;no;;A11;0;ghsl-ucdb. osm
Thailand;Suphan Buri;settlement;144.742;1.001.222;14;no;;A11;0;ghsl-ucdb. osm
Thailand;Nakhon Phanom;settlement;174.108;1.047.786;13;yes;12;;0;cuisine. ghsl-ucdb. osm
Thailand;Nong Khae;settlement;143.405;1.008.669;13;no;;A11;0;cuisine. ghsl-ucdb. osm
Thailand;Khan Na Yao;settlement;138.256;1.006.774;12;no;;;0;cuisine. ghsl-ucdb. osm
Thailand;Nong Khai;settlement;178.785;102.742;12;no;;A11;0;cuisine. ghsl-ucdb. osm
Thailand;Bang Pa-in;settlement;142.278;1.005.759;12;no;;A11;0;cuisine. ghsl-ucdb. osm. wikidata
Thailand;Sing Buri;settlement;148.879;1.004.046;12;no;;A11;0;ghsl-ucdb. osm
Thailand;Kanchanaburi;settlement;140.041;995.483;12;yes;16;;0;ghsl-ucdb. osm
Thailand;Non Sung;settlement;151.801;102.257;12;no;;A11;0;ghsl-ucdb. osm. wikidata
Thailand;Nakhon Nayok;settlement;142.046;101.213;12;no;;A11;0;cuisine. ghsl-ucdb. osm. wikidata
Thailand;Ban Lam Luk Ka;settlement;139.774;1.007.778;12;no;;A11;0;cuisine. ghsl-ucdb. osm
Thailand;Ban Bang Kadi;settlement;13.999;1.005.496;12;no;;A11;0;cuisine. ghsl-ucdb. osm
Thailand;Bang Racham;settlement;14.892;1.003.173;11;no;;A11;0;ghsl-ucdb. osm
Thailand;Chai Nat;settlement;151.864;1.001.235;11;no;;A11;0;ghsl-ucdb. osm
Thailand;Pran Buri;settlement;123.849;999.016;11;no;;A11;0;ghsl-ucdb. osm
Thailand;Si Racha;settlement;131.728;1.009.316;11;no;;A11;0;ghsl-ucdb. osm
Thailand;Songkhla;settlement;71.988;1.005.951;11;no;;A11;0;ghsl-ucdb. osm
Thailand;Maha Sarakham;settlement;161.848;1.033.007;11;no;;A11;0;ghsl-ucdb. osm
Thailand;Sattahip;settlement;126.663;1.009.018;11;no;;A11;0;ghsl-ucdb. osm
Thailand;Surin;settlement;148.818;1.034.936;11;no;;A11;0;ghsl-ucdb. osm. wikidata
Thailand;Samut Songkhram;settlement;134.146;1.000.026;11;no;;A11;0;ghsl-ucdb. osm
Thailand;Sam Phran;settlement;13.727;1.002.153;10;no;;;0;ghsl-ucdb. osm
The Netherlands;Delfzijl;settlement;53.33;69.181;100;yes;1;A11. A9;1;ghsl-ucdb. osm. unesco-whs. wdpa. wikidata
The Netherlands;Steenwijk;settlement;527.875;61.208;93;no;;A9;1;ghsl-ucdb. unesco-whs. wdpa. wikidata
The Netherlands;Dordrecht;settlement;51.81;46.736;85;no;;A9;1;ghsl-ucdb. unesco-whs. wdpa. wikidata
The Netherlands;Emmeloord;settlement;527.108;57.486;78;yes;3;A2;2;cuisine. ghsl-ucdb. unesco-whs. wikidata
The Netherlands;Hardenberg;settlement;525.758;66.194;75;no;;A11;0;ghsl-ucdb. osm. wdpa. wikidata
The Netherlands;Rotterdam;settlement;519.225;44.792;66;yes;2;A12;1;ghsl-ucdb. unesco-whs. wikidata
The Netherlands;Tiel;settlement;518.867;54.292;62;no;;;1;cuisine. ghsl-ucdb. unesco-whs. wikidata
The Netherlands;Venlo;settlement;51.37;61.681;56;no;;A11;0;ghsl-ucdb. osm. wikidata
The Netherlands;Sittard;settlement;509.983;58.694;55;no;;A11;0;ghsl-ucdb. osm. wikidata
The Netherlands;Utrecht;settlement;520.908;51.222;55;no;;;1;cuisine. ghsl-ucdb. unesco-whs. wikidata
The Netherlands;Arnhem;settlement;51.98;59.111;55;no;;A9;0;cuisine. ghsl-ucdb. wdpa. wikidata
The Netherlands;Amsterdam;settlement;52.374;48.897;55;no;;A10. A12;1;cuisine. ghsl-ucdb. unesco-whs. wikidata
The Netherlands;Leek;settlement;531.625;63.764;55;no;;A9;0;ghsl-ucdb. wdpa. wikidata
The Netherlands;Lelystad;settlement;525.083;5.475;55;no;;A9;0;cuisine. ghsl-ucdb. wdpa. wikidata
The Netherlands;Goes;settlement;515.042;38.889;54;no;;A9;0;ghsl-ucdb. wdpa. wikidata
The Netherlands;Den Helder;settlement;529.599;47.593;53;yes;6;A9;0;ghsl-ucdb. wdpa
The Netherlands;Harlingen;settlement;531.748;54.224;52;no;;;1;ghsl-ucdb. unesco-whs. wdpa. wikidata
The Netherlands;Groesbeek;settlement;517.767;59.361;52;yes;5;A11;1;ghsl-ucdb. osm. unesco-whs. wikidata
The Netherlands;Purmerend;settlement;52.505;49.597;49;no;;A10;1;cuisine. ghsl-ucdb. unesco-whs. wdpa. wikidata
The Netherlands;Leeuwarden;settlement;532.027;58.097;48;no;;A10. A9;0;ghsl-ucdb. wdpa. wikidata
The Netherlands;Assen;settlement;529.967;65.625;46;no;;A9;0;ghsl-ucdb. wdpa. wikidata
The Netherlands;Tilburg;settlement;515.555;50.913;42;no;;;0;ghsl-ucdb. wikidata
The Netherlands;Middelburg;settlement;51.5;36.139;41;yes;7;;0;ghsl-ucdb. wdpa. wikidata
The Netherlands;Middelharnis;settlement;517.575;41.653;41;no;;;0;ghsl-ucdb. wdpa. wikidata
The Netherlands;Heerlen;settlement;508.837;59.815;41;no;;;0;ghsl-ucdb. osm. wdpa. wikidata
The Netherlands;Sneek;settlement;53.033;56.589;40;no;;;0;ghsl-ucdb. wdpa. wikidata
The Netherlands;Almere Stad;settlement;523.702;52.141;40;no;;A9;0;cuisine. ghsl-ucdb. wdpa. wikidata
The Netherlands;Loon op Zand;settlement;516.275;5.075;39;no;;A9;0;ghsl-ucdb. wdpa. wikidata
The Netherlands;Venray;settlement;51.525;5.975;38;no;;;0;ghsl-ucdb. wdpa. wikidata
The Netherlands;Haarlem;settlement;523.808;46.368;37;no;;A10. A9;0;ghsl-ucdb. wdpa. wikidata
The Netherlands;Hoogeveen;settlement;527.225;64.764;37;no;;A9;0;ghsl-ucdb. wdpa. wikidata
The Netherlands;Maastricht;settlement;508.483;56.889;36;yes;4;A10;0;ghsl-ucdb. wikidata
The Netherlands;Schijndel;settlement;516.225;54.319;36;no;;A10;0;ghsl-ucdb. wikidata
The Netherlands;Sint-Oedenrode;settlement;515.675;54.597;36;no;;A10;0;ghsl-ucdb. wikidata
The Netherlands;Wijk bij Duurstede;settlement;519.742;53.417;36;no;;A9;0;cuisine. ghsl-ucdb. wdpa. wikidata
The Netherlands;Groningen;settlement;532.192;65.667;36;no;;A10. A9;0;ghsl-ucdb. wdpa. wikidata
The Netherlands;Meppel;settlement;526.958;61.944;35;no;;A9;0;ghsl-ucdb. wdpa. wikidata
The Netherlands;Huizen;settlement;522.992;52.417;34;no;;A10;0;cuisine. ghsl-ucdb. wikidata
The Netherlands;Eersel;settlement;513.575;53.181;34;yes;9;;0;ghsl-ucdb. wikidata
The Netherlands;Weert;settlement;512.517;57.069;34;no;;;0;ghsl-ucdb. wdpa. wikidata
The Netherlands;Hilversum;settlement;522.233;51.764;31;no;;;0;cuisine. ghsl-ucdb. wdpa. wikidata
The Netherlands;Best;settlement;515.075;53.903;30;no;;;0;ghsl-ucdb. wikidata
The Netherlands;Gemert;settlement;515.558;56.903;30;no;;;0;ghsl-ucdb. wikidata
The Netherlands;Deventer;settlement;52.255;61.639;30;no;;;0;cuisine. ghsl-ucdb. wikidata
The Netherlands;Enkhuizen;settlement;527.033;52.917;29;no;;;0;cuisine. ghsl-ucdb. wdpa. wikidata
The Netherlands;Nijmegen;settlement;518.425;58.528;29;no;;;0;ghsl-ucdb. wikidata
The Netherlands;Wijchen;settlement;518.092;5.725;29;no;;;0;ghsl-ucdb. wikidata
The Netherlands;Wageningen;settlement;51.97;56.667;29;no;;;0;cuisine. ghsl-ucdb. wikidata
The Netherlands;Culemborg;settlement;51.955;52.278;29;no;;;0;cuisine. ghsl-ucdb. wikidata
The Netherlands;Elst;settlement;519.192;58.417;29;no;;;0;cuisine. ghsl-ucdb. wikidata
The Netherlands;Borssele;settlement;514.233;37.347;29;no;;;0;ghsl-ucdb. wdpa. wikidata
The Netherlands;Putten;settlement;522.592;56.069;28;no;;;0;cuisine. ghsl-ucdb. wdpa. wikidata
The Netherlands;Castricum;settlement;525.483;46.694;28;no;;A10;0;ghsl-ucdb. wdpa. wikidata
The Netherlands;Helmond;settlement;514.817;56.611;28;no;;;0;ghsl-ucdb. wikidata
The Netherlands;Geleen;settlement;509.742;58.292;28;no;;;0;ghsl-ucdb. wikidata
The Netherlands;Boxtel;settlement;515.908;53.292;28;no;;;0;ghsl-ucdb. wikidata
The Netherlands;Gennep;settlement;516.983;59.736;28;no;;;0;ghsl-ucdb. osm. wikidata
The Netherlands;Wisch;settlement;519.265;6.417;27;no;;;0;ghsl-ucdb. osm. wikidata
The Netherlands;Dronten;settlement;52.525;57.181;27;no;;;0;cuisine. ghsl-ucdb. wdpa. wikidata
The Netherlands;Amersfoort;settlement;52.155;53.875;26;no;;;0;cuisine. ghsl-ucdb. wikidata
The Netherlands;Ede;settlement;520.333;56.583;26;no;;;0;cuisine. ghsl-ucdb. wikidata
The Netherlands;Veenendaal;settlement;520.286;55.589;26;no;;;0;cuisine. ghsl-ucdb. wikidata
The Netherlands;Barneveld;settlement;52.14;55.847;26;no;;;0;cuisine. ghsl-ucdb. wikidata
The Netherlands;Valkenswaard;settlement;513.508;54.597;26;no;;;0;ghsl-ucdb. wdpa. wikidata
The Netherlands;Winterswijk;settlement;519.725;67.194;26;no;;A11;0;ghsl-ucdb. osm. wikidata
The Netherlands;Tubbergen;settlement;524.075;67.847;25;yes;8;A11;0;ghsl-ucdb. osm. wikidata
The Netherlands;Steenbergen;settlement;515.842;43.194;25;no;;;0;ghsl-ucdb. wdpa. wikidata
The Netherlands;'s-Hertogenbosch;settlement;516.992;53.042;25;no;;;0;ghsl-ucdb. wikidata
The Netherlands;Uden;settlement;516.608;56.194;25;no;;;0;ghsl-ucdb. wikidata
The Netherlands;Terneuzen;settlement;513.358;38.278;25;no;;;0;ghsl-ucdb. wikidata
The Netherlands;Veghel;settlement;516.167;55.486;25;no;;;0;ghsl-ucdb. wikidata
The Netherlands;Bergeijk;settlement;513.192;53.583;25;no;;;0;ghsl-ucdb. wikidata
The Netherlands;Harderwijk;settlement;523.417;56.208;25;no;;;0;cuisine. ghsl-ucdb. wdpa. wikidata
The Netherlands;Hoorn;settlement;526.425;50.597;24;no;;A10;0;cuisine. ghsl-ucdb. wikidata
The Netherlands;Nijverdal;settlement;52.36;64.681;24;no;;A9;0;ghsl-ucdb. wdpa. wikidata
The Netherlands;Elburg;settlement;524.475;58.431;24;no;;;0;cuisine. ghsl-ucdb. wikidata
The Netherlands;Nijkerk;settlement;52.22;54.861;23;no;;;0;cuisine. ghsl-ucdb. wikidata
The Netherlands;Apeldoorn;settlement;52.21;59.694;23;no;;;0;cuisine. ghsl-ucdb. wdpa. wikidata
The Netherlands;Eindhoven;settlement;514.408;54.778;23;no;;;0;ghsl-ucdb. wikidata
The Netherlands;Oss;settlement;51.765;55.181;23;no;;;0;ghsl-ucdb. wikidata
The Netherlands;Waalwijk;settlement;516.825;50.708;23;no;;;0;ghsl-ucdb. wikidata
The Netherlands;Cranendonck;settlement;513.042;55.889;23;no;;;0;ghsl-ucdb. wikidata
The Netherlands;Emmen;settlement;527.792;69.069;23;no;;A11;0;ghsl-ucdb. osm. wikidata
The Netherlands;Bergen op Zoom;settlement;51.495;42.917;20;no;;;0;ghsl-ucdb. wdpa. wikidata
The Netherlands;Zwolle;settlement;525.125;60.944;20;no;;;0;cuisine. ghsl-ucdb. wikidata
The Netherlands;Zutphen;settlement;521.383;62.014;20;no;;;0;cuisine. ghsl-ucdb. wikidata
The Netherlands;Epe;settlement;523.475;59.833;20;no;;;0;cuisine. ghsl-ucdb. wikidata
The Netherlands;Raalte;settlement;523.858;6.275;20;no;;;0;cuisine. ghsl-ucdb. wikidata
The Netherlands;Breda;settlement;515.866;4.776;20;no;;;0;ghsl-ucdb. wikidata
The Netherlands;Oosterhout;settlement;51.645;48.597;20;no;;;0;ghsl-ucdb. wikidata
The Netherlands;Roosendaal;settlement;515.308;44.653;20;no;;;0;ghsl-ucdb. wikidata
The Netherlands;Vlissingen;settlement;514.425;35.736;20;no;;;0;ghsl-ucdb. wikidata
The Netherlands;Roermond;settlement;511.942;59.875;20;no;;;0;ghsl-ucdb. wikidata
The Netherlands;Gorinchem;settlement;518.365;49.724;20;no;;;0;ghsl-ucdb. wikidata
The Netherlands;Zaltbommel;settlement;51.81;52.444;20;no;;;0;ghsl-ucdb. wikidata
The Netherlands;Zevenaar;settlement;51.93;60.708;20;no;;;0;ghsl-ucdb. wikidata
The Netherlands;Geldermalsen;settlement;518.808;52.889;20;no;;;0;ghsl-ucdb. wikidata
The Netherlands;Dongen;settlement;516.267;49.389;20;no;;;0;ghsl-ucdb. wikidata
The Netherlands;Hengelo;settlement;522.658;67.931;18;no;;;0;ghsl-ucdb. wikidata
The Netherlands;Leerdam;settlement;518.933;50.917;17;no;;;0;ghsl-ucdb. wikidata
The Netherlands;Kampen;settlement;52.555;59.111;17;no;;;0;cuisine. ghsl-ucdb. wikidata
The Netherlands;Uithoorn;settlement;522.375;48.264;17;no;;;0;cuisine. ghsl-ucdb. wikidata
The Netherlands;Urk;settlement;526.625;56.014;17;no;;;0;cuisine. ghsl-ucdb. wikidata
The Netherlands;Brummen;settlement;52.09;61.556;17;no;;;0;cuisine. ghsl-ucdb. wikidata
The Netherlands;Nunspeet;settlement;523.792;57.861;17;no;;;0;cuisine. ghsl-ucdb. wikidata
The Netherlands;Zeewolde;settlement;52.33;55.417;17;no;;;0;cuisine. ghsl-ucdb. wikidata
The Netherlands;Weesp;settlement;523.075;50.417;17;no;;;0;cuisine. ghsl-ucdb. wikidata
The Netherlands;Naarden;settlement;522.958;51.625;17;yes;10;;0;cuisine. ghsl-ucdb. wikidata
The Netherlands;Mijdrecht;settlement;522.067;48.625;17;no;;;0;cuisine. ghsl-ucdb. wikidata
The Netherlands;Hoofddorp;settlement;523.025;46.889;15;no;;;0;ghsl-ucdb. wikidata
The Netherlands;Zoetermeer;settlement;520.575;44.931;15;no;;;0;ghsl-ucdb. wikidata
The Netherlands;IJmuiden;settlement;524.603;46.105;15;no;;;0;ghsl-ucdb. wikidata
The Netherlands;Lisse;settlement;52.26;45.569;15;no;;;0;ghsl-ucdb. wikidata
The Netherlands;Eibergen;settlement;52.1;66.486;15;no;;;0;ghsl-ucdb. osm. wikidata
The Netherlands;Alkmaar;settlement;526.317;47.486;15;no;;A10;0;ghsl-ucdb. wikidata
The Netherlands;Hellevoetsluis;settlement;518.333;41.333;15;no;;A10;0;ghsl-ucdb. wikidata
The Netherlands;Almelo;settlement;523.567;66.625;14;no;;;0;ghsl-ucdb. wikidata
The Netherlands;Doetinchem;settlement;51.965;62.889;14;no;;;0;ghsl-ucdb. wikidata
The Netherlands;Woerden;settlement;52.085;48.833;14;no;;;0;ghsl-ucdb. wikidata
The Netherlands;Drachten;settlement;531.125;60.989;14;no;;;0;ghsl-ucdb. wikidata
The Netherlands;Heerenveen;settlement;529.593;59.185;14;no;;;0;ghsl-ucdb. wikidata
The Netherlands;Veendam;settlement;531.067;68.792;14;no;;;0;ghsl-ucdb. wikidata
The Netherlands;Rijssen;settlement;523.067;65.181;14;no;;;0;ghsl-ucdb. wikidata
The Netherlands;Losser;settlement;522.608;70.042;14;no;;;0;ghsl-ucdb. osm. wikidata
The Netherlands;Hoogezand;settlement;531.617;67.611;14;no;;;0;ghsl-ucdb. wikidata
The Netherlands;Stadskanaal;settlement;529.895;69.504;14;no;;;0;ghsl-ucdb. wikidata
The Netherlands;Didam;settlement;519.408;61.319;14;no;;;0;ghsl-ucdb. wikidata
The Netherlands;Staphorst;settlement;52.645;62.111;14;no;;;0;ghsl-ucdb. wikidata
The Netherlands;Katwijk aan Zee;settlement;522.033;43.986;13;no;;;0;ghsl-ucdb. wdpa. wikidata
The Netherlands;Lichtenvoorde;settlement;519.867;65.667;12;no;;;0;ghsl-ucdb. wikidata
The Netherlands;Oldenzaal;settlement;523.133;69.292;11;no;;;0;ghsl-ucdb. wikidata
The Netherlands;Dalfsen;settlement;525.117;62.569;11;no;;;0;ghsl-ucdb. wikidata
The Netherlands;Winschoten;settlement;531.442;70.347;11;no;;;0;ghsl-ucdb. wikidata
Timor Leste;Dili;settlement;-85.586;1.255.736;100;yes;1;A11;0;ghsl-ucdb. osm. wikidata
Timor Leste;Suai;settlement;-93.129;1.252.565;86;yes;2;A11. A9;0;ghsl-ucdb. osm. wdpa
Timor Leste;Aileu;settlement;-87.281;1.255.664;80;no;;A11;0;ghsl-ucdb. osm
Timor Leste;Maliana;settlement;-89.917;1.252.197;34;no;;A11;0;ghsl-ucdb. osm. wikidata
Timor Leste;Baukau;settlement;-84.757;1.264.563;33;yes;3;;0;ghsl-ucdb. osm. wikidata
Timor Leste;Venilale;settlement;-86.431;1.263.783;28;no;;;0;ghsl-ucdb. osm
Togo;Sotouboua;settlement;85.634;0.984;100;yes;1;A11. A9;0;ghsl-ucdb. osm. wdpa
Togo;Lomé;settlement;61.287;12.215;95;yes;2;A11. A12;0;ghsl-ucdb. osm. wikidata
Togo;Aného;settlement;6.228;15.919;89;no;;A11. A10;0;ghsl-ucdb. osm. wikidata
Togo;Mango;settlement;103.592;0.4708;89;yes;3;A11. A9;0;ghsl-ucdb. osm. wdpa. wikidata
Togo;Kpalimé;settlement;6.9;0.6333;68;yes;5;A11;0;ghsl-ucdb. osm
Togo;Kara;settlement;95.511;11.861;66;yes;4;A11;0;ghsl-ucdb. osm. wdpa
Togo;Sokodé;settlement;89.833;11.333;65;no;;A11;0;ghsl-ucdb. osm. wikidata
Togo;Vogan;settlement;63.333;15.333;61;no;;A11;0;ghsl-ucdb. osm
Togo;Tsévié;settlement;64.261;12.133;60;no;;A11;0;ghsl-ucdb. osm
Togo;Atakpamé;settlement;75.333;11.333;59;yes;6;A11;0;ghsl-ucdb. osm
Togo;Notsé;settlement;6.95;11.667;55;no;;A11;0;ghsl-ucdb. osm
Togo;Dapaong;settlement;108.622;0.2076;44;yes;7;A9. A11;0;ghsl-ucdb. osm. wdpa
Togo;Badou;settlement;75.833;0.6;38;no;;A11;0;cuisine. ghsl-ucdb. osm. wdpa
Togo;Bafilo;settlement;9.35;12.667;28;no;;A11;0;ghsl-ucdb. osm
Togo;Niamtougou;settlement;97.681;11.053;22;no;;A11;0;ghsl-ucdb. osm
Togo;Anié;settlement;7.75;1.2;19;no;;A11;0;ghsl-ucdb. osm
Togo;Bassar;settlement;92.502;0.7821;11;no;;A11;0;ghsl-ucdb. osm
Togo;Sinkassé;settlement;111.039;0.0094;11;no;;A11;0;ghsl-ucdb. osm
Tonga;Nuku‘alofa;settlement;-211.368;-1.752.011;100;yes;1;A11;0;ghsl-ucdb. osm
Tonga;Tofua Island;site;-19.748;-1.750.677;100;yes;2;A9;0;wdpa
Trinidad and Tobago;Sangre Grande;settlement;10.587;-611.301;100;yes;1;;0;ghsl-ucdb. wdpa
Trinidad and Tobago;Laventille;settlement;106.492;-614.989;93;no;;A12;0;ghsl-ucdb. wikidata
Trinidad and Tobago;Point Fortin;settlement;101.741;-616.841;93;yes;2;A12;0;ghsl-ucdb. wikidata
Trinidad and Tobago;Rio Claro;settlement;103.059;-611.756;77;no;;;0;ghsl-ucdb. wdpa
Trinidad and Tobago;Mon Repos;settlement;102.798;-614.459;54;no;;A9;0;ghsl-ucdb. wdpa
Trinidad and Tobago;Scarborough;settlement;111.823;-607.353;27;yes;3;;0;ghsl-ucdb. wdpa
Tunisia;Tunis;settlement;36.819;101.658;100;yes;1;A12;1;ghsl-ucdb. unesco-whs. wikidata
Tunisia;Menzel Bourguiba;settlement;371.537;97.859;85;no;;A9;1;ghsl-ucdb. unesco-whs. wikidata
Tunisia;Nefta;settlement;338.731;78.777;85;yes;2;;0;cuisine. ghsl-ucdb. osm
Tunisia;Bou hedma;site;344.614;95.384;68;yes;3;A9;0;cuisine. wdpa. wikidata
Tunisia;Kairouan;settlement;356.781;100.963;62;yes;4;;1;cuisine. ghsl-ucdb. unesco-whs. wikidata
Tunisia;Ajim;settlement;337.264;107.566;56;no;;;1;cuisine. ghsl-ucdb. unesco-whs. wikidata
Tunisia;El Jem;settlement;35.3;107.167;56;no;;;1;cuisine. ghsl-ucdb. unesco-whs. wikidata
Tunisia;Houmt Souk;settlement;338.758;108.575;55;yes;5;A12;0;cuisine. ghsl-ucdb. wikidata
Tunisia;Sfax;settlement;347.406;107.603;54;no;;A12;0;cuisine. ghsl-ucdb. wikidata
Tunisia;Tataouine;settlement;329.297;104.518;53;yes;8;A12;0;cuisine. ghsl-ucdb. wikidata
Tunisia;Mahdia;settlement;355.047;110.622;53;no;;A12;0;cuisine. ghsl-ucdb. wikidata
Tunisia;Msaken;settlement;357.292;105.808;53;no;;A12;0;cuisine. ghsl-ucdb. wikidata
Tunisia;El Mgarsa;settlement;338.168;109.923;53;no;;A12;0;cuisine. ghsl-ucdb. wikidata
Tunisia;Metlaoui;settlement;343.208;84.016;53;yes;16;A12;0;cuisine. ghsl-ucdb. wikidata
Tunisia;Tozeur;settlement;339.197;81.335;53;no;;A12;0;cuisine. ghsl-ucdb. wikidata
Tunisia;Midoun;settlement;338.081;109.923;53;no;;A12;0;cuisine. ghsl-ucdb. wikidata
Tunisia;Sbeitla;settlement;352.315;91.232;53;no;;A12;0;cuisine. ghsl-ucdb. wikidata
Tunisia;Mareth;settlement;336.179;102.854;53;no;;A12;0;cuisine. ghsl-ucdb. wikidata
Tunisia;Mahires;settlement;345.275;105.008;53;yes;11;A12;0;cuisine. ghsl-ucdb. wikidata
Tunisia;Kellabine;settlement;347.088;112.147;53;no;;A12;0;cuisine. ghsl-ucdb. wikidata
Tunisia;Gabès;settlement;338.815;100.982;53;yes;15;A12;0;cuisine. ghsl-ucdb
Tunisia;Gafsa;settlement;34.425;87.842;53;no;;A12;0;cuisine. ghsl-ucdb
Tunisia;Ben Gardane;settlement;331.378;112.196;53;yes;13;A12;0;cuisine. ghsl-ucdb
Tunisia;Kasserine;settlement;351.676;88.365;53;no;;A12;0;cuisine. ghsl-ucdb
Tunisia;Zarzis;settlement;33.504;111.121;53;no;;A12;0;cuisine. ghsl-ucdb
Tunisia;Feriana;settlement;349.453;85.679;53;yes;10;A12;0;cuisine. ghsl-ucdb
Tunisia;Djemmal;settlement;356.223;10.757;53;no;;A12;0;cuisine. ghsl-ucdb
Tunisia;Medenine;settlement;33.355;105.055;53;no;;A12;0;cuisine. ghsl-ucdb
Tunisia;Moknine;settlement;356.333;10.9;53;no;;A12;0;cuisine. ghsl-ucdb
Tunisia;Sidi Bouzid;settlement;350.382;94.849;53;yes;17;A12;0;cuisine. ghsl-ucdb
Tunisia;El Hamma;settlement;338.915;97.963;53;no;;A12;0;cuisine. ghsl-ucdb
Tunisia;Zouila;settlement;355.006;110.606;53;no;;A12;0;cuisine. ghsl-ucdb
Tunisia;Ksour Essaf;settlement;354.181;109.947;53;no;;A12;0;cuisine. ghsl-ucdb
Tunisia;Douz;settlement;334.663;90.203;53;yes;7;A12;0;cuisine. ghsl-ucdb
Tunisia;Ar Rudayyif;settlement;343.827;81.555;53;no;;A12;0;cuisine. ghsl-ucdb
Tunisia;Kebili;settlement;337.044;8.969;53;no;;A12;0;cuisine. ghsl-ucdb
Tunisia;Ouerdanine;settlement;356.901;10.676;53;no;;A12;0;cuisine. ghsl-ucdb
Tunisia;Chebba;settlement;352.372;11.115;53;yes;9;A12;0;cuisine. ghsl-ucdb
Tunisia;Moularès;settlement;344.888;82.687;53;no;;A12;0;cuisine. ghsl-ucdb
Tunisia;Métouia;settlement;339.592;99.962;53;no;;A12;0;cuisine. ghsl-ucdb
Tunisia;Ouardenine;settlement;357.092;10.674;53;no;;A12;0;cuisine. ghsl-ucdb
Tunisia;Tabursuq;settlement;364.569;92.475;41;yes;12;;1;ghsl-ucdb. unesco-whs. wikidata
Tunisia;La Marsa;settlement;368.782;103.247;37;no;;;1;ghsl-ucdb. unesco-whs. wikidata
Tunisia;Le Kram;settlement;368.358;103.164;37;no;;;1;ghsl-ucdb. unesco-whs. wikidata
Tunisia;Ghardimaou;settlement;364.479;84.413;32;yes;6;A11;0;ghsl-ucdb. osm. wikidata
Tunisia;Sousse;settlement;358.254;10.637;27;no;;;1;ghsl-ucdb. unesco-whs. wikidata
Tunisia;Kélibia;settlement;368.476;110.939;25;yes;14;;1;ghsl-ucdb. unesco-whs. wikidata
Turkey;Istanbul;settlement;410.138;289.497;100;yes;1;A12. A11;1;ghsl-ucdb. osm. unesco-whs. wikidata
Turkey;Nevşehir;settlement;38.625;347.122;90;yes;2;A11. A9;2;cuisine. ghsl-ucdb. osm. unesco-whs. wikidata
Turkey;Merkezefendi;settlement;378.054;290.424;81;yes;3;A10. A11. A9;2;ghsl-ucdb. osm. unesco-whs. wikidata
Turkey;Ankara;settlement;399.199;328.543;74;yes;4;A12. A11;0;ghsl-ucdb. osm. wikidata
Turkey;İzmir;settlement;384.127;271.384;72;no;;A12. A11;0;ghsl-ucdb. osm
Turkey;Maltepe;settlement;409.357;291.551;68;no;;A11;0;ghsl-ucdb. osm. wikidata
Turkey;Antalya;settlement;369.081;306.956;66;yes;6;A11. A12;0;ghsl-ucdb. osm. wikidata
Turkey;Bursa;settlement;401.956;290.601;64;yes;16;A12. A11;1;ghsl-ucdb. osm. unesco-whs. wikidata
Turkey;İzmit;settlement;40.765;299.293;62;yes;21;A11;0;ghsl-ucdb. osm
Turkey;Bergama;settlement;391.207;271.805;61;yes;5;A10. A11;1;ghsl-ucdb. osm. unesco-whs. wikidata
Turkey;Gebze;settlement;408.028;294.307;57;no;;A11;0;ghsl-ucdb. osm
Turkey;Manavgat;settlement;367.867;314.409;52;no;;A11;0;ghsl-ucdb. osm
Turkey;Esenyurt;settlement;41.027;286.773;52;no;;A11. A12;0;ghsl-ucdb. osm. wikidata
Turkey;Ürgüp;settlement;386.296;34.912;50;no;;A11;0;cuisine. ghsl-ucdb. osm. wikidata
Turkey;Bandırma;settlement;403.522;279.767;50;no;;A11;0;ghsl-ucdb. osm. wikidata
Turkey;Kemer;settlement;365.978;305.606;49;no;;A11;0;ghsl-ucdb. osm. wikidata
Turkey;Zekeriya;settlement;411.981;290.303;49;no;;A11;0;ghsl-ucdb. osm. wikidata
Turkey;Çerkezköy;settlement;412.863;279.994;49;no;;A11;0;ghsl-ucdb. osm. wikidata
Turkey;Trabzon;settlement;41.005;397.269;49;yes;13;A11;0;ghsl-ucdb. osm
Turkey;Kuşadası;settlement;378.601;272.571;48;yes;8;A11;1;ghsl-ucdb. osm. unesco-whs. wikidata
Turkey;Sultanbeyli;settlement;409.607;292.707;48;no;;A11;0;ghsl-ucdb. osm
Turkey;Sancaktepe;settlement;410.024;292.319;48;no;;A11;0;ghsl-ucdb. osm
Turkey;Eskişehir;settlement;397.767;305.206;47;yes;14;A11;0;ghsl-ucdb. osm. wikidata
Turkey;Batman;settlement;378.874;411.322;46;yes;15;A11;0;ghsl-ucdb. osm
Turkey;Tekirdağ;settlement;409.781;27.511;45;no;;A11;0;ghsl-ucdb. osm
Turkey;Alanya;settlement;365.438;319.998;45;yes;18;A11;0;ghsl-ucdb. osm. wikidata
Turkey;Kırklareli;settlement;417.351;272.252;45;yes;9;A9. A11;0;ghsl-ucdb. osm. wdpa
Turkey;Fethiye;settlement;366.404;291.276;44;yes;11;A11;1;ghsl-ucdb. osm. unesco-whs. wikidata
Turkey;Ortaca;settlement;368.391;287.646;43;no;;A10. A11;0;ghsl-ucdb. osm. wikidata
Turkey;Çanakkale;settlement;401.555;264.127;43;yes;10;A10. A11;0;ghsl-ucdb. osm. wikidata
Turkey;Düzce;settlement;408.389;311.639;43;yes;17;A11;0;ghsl-ucdb. osm
Turkey;Kayseri;settlement;387.322;354.853;43;no;;A11. A12;0;cuisine. ghsl-ucdb. osm. wikidata
Turkey;Çorlu;settlement;411.607;278.009;42;no;;A11;0;ghsl-ucdb. osm
Turkey;Denizli;settlement;377.742;290.875;40;no;;A11;0;ghsl-ucdb. osm
Turkey;Edirne;settlement;416.772;26.556;40;no;;A11;1;ghsl-ucdb. osm. unesco-whs. wikidata
Turkey;Burhaniye;settlement;395.004;269.727;39;no;;A11;0;ghsl-ucdb. osm
Turkey;Marmaris;settlement;36.855;282.742;39;no;;A10. A11;0;ghsl-ucdb. osm. wikidata
Turkey;Ardahan;settlement;411.087;427.022;38;yes;7;A9;0;cuisine. ghsl-ucdb. osm. wdpa. wikidata
Turkey;Develi;settlement;383.906;354.922;37;no;;A9;0;cuisine. ghsl-ucdb. osm. wdpa. wikidata
Turkey;Balıkesir;settlement;396.492;278.861;37;no;;A11;0;ghsl-ucdb. osm
Turkey;Mersin;settlement;36.812;346.389;36;no;;A11;0;ghsl-ucdb. osm
Turkey;Adana;settlement;369.862;353.253;36;yes;19;A11. A12;0;ghsl-ucdb. osm. wikidata
Turkey;Diyarbakır;settlement;379.136;402.172;36;no;;A11. A12;1;ghsl-ucdb. osm. unesco-whs. wikidata
Turkey;Selçuk;settlement;379.514;273.685;34;no;;A11. A10;1;ghsl-ucdb. osm. unesco-whs. wikidata
Turkey;Gaziantep;settlement;370.594;373.825;33;no;;A11. A12;0;ghsl-ucdb. osm. wikidata
Turkey;Konya;settlement;378.713;324.846;33;yes;22;A11. A12;0;ghsl-ucdb. osm. wikidata
Turkey;Ezine;settlement;397.856;263.408;32;no;;A11;1;ghsl-ucdb. osm. unesco-whs. wikidata
Turkey;Beylikdüzü;settlement;40.982;286.399;32;no;;A11;0;ghsl-ucdb. osm
Turkey;Uşak;settlement;386.735;294.058;31;no;;A11;0;ghsl-ucdb. osm
Turkey;Derince;settlement;407.569;298.147;30;no;;A11;0;ghsl-ucdb. osm
Turkey;Samsun;settlement;412.798;363.361;30;no;;A11;0;ghsl-ucdb. osm
Turkey;Malatya;settlement;383.502;383.167;30;no;;A11;1;ghsl-ucdb. osm. unesco-whs. wikidata
Turkey;Lüleburgaz;settlement;414.017;273.575;29;no;;A11;0;ghsl-ucdb. osm. wikidata
Turkey;Suluova;settlement;408.313;356.479;29;no;;A11;0;ghsl-ucdb. osm. wikidata
Turkey;Beykonak;settlement;363.257;30.303;28;no;;A11;0;ghsl-ucdb. osm. wikidata
Turkey;Bodrum;settlement;370.383;274.292;28;no;;A11;0;ghsl-ucdb. osm. wikidata
Turkey;Ayvalık;settlement;393.193;266.934;28;no;;A11;0;ghsl-ucdb. osm. wikidata
Turkey;Isparta;settlement;377.644;305.522;28;no;;A11;0;ghsl-ucdb. osm. wikidata
Turkey;Belek;settlement;368.631;310.654;27;no;;A11;0;ghsl-ucdb. osm
Turkey;Malkara;settlement;40.891;26.902;27;no;;A11;0;ghsl-ucdb. osm
Turkey;Manisa;settlement;38.612;274.265;27;no;;A11;0;ghsl-ucdb. osm
Turkey;Milas;settlement;373.164;277.839;27;no;;A10. A11;0;ghsl-ucdb. osm. wikidata
Turkey;Urla;settlement;383.229;26.764;26;no;;A11;0;ghsl-ucdb. osm. wikidata
Turkey;Salihli;settlement;384.826;281.477;26;no;;A11;1;ghsl-ucdb. osm. unesco-whs. wikidata
Turkey;Şanlıurfa;settlement;371.671;387.939;26;yes;20;;1;ghsl-ucdb. osm. unesco-whs. wikidata
Turkey;Sarayköy;settlement;379.245;289.252;26;no;;A11;1;ghsl-ucdb. osm. unesco-whs. wikidata
Turkey;Serinhisar;settlement;37.581;292.664;25;no;;A11;0;ghsl-ucdb. osm. wikidata
Turkey;Kahramanmaraş;settlement;375.847;369.264;25;no;;A11;0;cuisine. ghsl-ucdb. osm
Turkey;Sivas;settlement;397.483;370.161;24;no;;A11;0;cuisine. ghsl-ucdb. osm
Turkey;Kastamonu;settlement;413.781;337.753;24;no;;A11;0;ghsl-ucdb. osm. wikidata
Turkey;Adapazarı;settlement;407.806;304.033;24;no;;A11;0;ghsl-ucdb. osm. wikidata
Turkey;Karabük;settlement;412.049;326.277;24;no;;A11;1;ghsl-ucdb. osm. unesco-whs
Turkey;Görükle;settlement;402.311;288.402;23;no;;A11;0;ghsl-ucdb. osm
Turkey;Kütahya;settlement;394.242;299.833;23;no;;A11;0;ghsl-ucdb. osm. wikidata
Turkey;Beyşehir;settlement;376.773;317.246;23;no;;;1;ghsl-ucdb. unesco-whs. wikidata
Turkey;Midyat;settlement;374.191;413.391;23;no;;A11;0;ghsl-ucdb. osm
Turkey;Polatlı;settlement;395.772;321.413;22;no;;A11;1;ghsl-ucdb. osm. unesco-whs. wikidata
Turkey;Amasya;settlement;406.533;358.331;21;no;;A11;0;cuisine. ghsl-ucdb. osm
Turkey;Çumra;settlement;375.732;327.745;21;no;;A11;1;ghsl-ucdb. osm. unesco-whs. wikidata
Turkey;Aksaray;settlement;383.725;340.254;20;no;;A11;0;cuisine. ghsl-ucdb. osm
Turkey;Silivri;settlement;410.739;282.464;20;no;;A11;0;ghsl-ucdb. osm
Turkey;Great Mosque and Hospital of Divriği;site;393.713;381.218;20;no;;;1;cuisine. unesco-whs. wikidata
Turkey;Aliağa;settlement;387.998;26.972;20;no;;A11. A10;0;ghsl-ucdb. osm. wikidata
Turkey;Kâhta;settlement;377.855;386.237;20;no;;;1;ghsl-ucdb. unesco-whs. wikidata
Turkey;Edremit;settlement;395.961;270.244;19;no;;A11;0;ghsl-ucdb. osm. wikidata
Turkey;Turgutreis;settlement;370.167;272.667;19;no;;A11;0;ghsl-ucdb. osm
Turkey;Ödemiş;settlement;382.278;279.696;19;no;;A11;0;ghsl-ucdb. osm. wikidata
Turkey;Antakya;settlement;362.066;361.572;18;no;;A11;0;ghsl-ucdb. osm. wikidata
Turkey;Niğde;settlement;379.658;346.793;18;no;;A11;0;cuisine. ghsl-ucdb. osm
Turkey;Didim;settlement;37.385;272.564;18;no;;A11. A10;0;ghsl-ucdb. osm. wikidata
Turkey;İskenderun;settlement;365.872;361.735;18;no;;A11;0;ghsl-ucdb. osm
Turkey;Gerede;settlement;408.008;321.969;18;no;;A11;0;ghsl-ucdb. osm
Turkey;Çatalca;settlement;411.407;284.597;18;no;;A11;0;ghsl-ucdb. osm
Turkey;Karasu;settlement;411.044;306.966;18;no;;A11;0;ghsl-ucdb. osm
Turkey;Yozgat;settlement;39.82;348.044;17;no;;A11;1;cuisine. ghsl-ucdb. osm. unesco-whs
Turkey;Kırıkkale;settlement;398.453;335.064;17;no;;A11;0;ghsl-ucdb. osm
Turkey;Bartın;settlement;416.358;323.375;17;no;;A11;0;ghsl-ucdb. osm. wikidata
Turkey;Rize;settlement;410.208;405.219;17;no;;A11;0;ghsl-ucdb. osm
Turkey;Akçaabat;settlement;410.212;395.715;16;no;;A11;0;ghsl-ucdb. osm
Turkey;Sinop;settlement;420.268;351.625;16;no;;A11;0;ghsl-ucdb. osm
Turkey;Ereğli;settlement;412.826;314.181;15;no;;A11;0;ghsl-ucdb. osm
Turkey;Menemen;settlement;386.075;270.694;15;no;;A11;0;ghsl-ucdb. osm
Turkey;Şile;settlement;411.789;296.108;15;no;;A11;0;ghsl-ucdb. osm
Turkey;Mardin;settlement;373.131;407.436;15;no;;A11;0;ghsl-ucdb. osm. wikidata
Turkey;Arnavutköy;settlement;411.835;287.402;15;no;;A11;0;ghsl-ucdb. osm
Turkey;Mudanya;settlement;403.752;288.838;14;no;;A11;0;ghsl-ucdb. osm
Turkey;Körfez;settlement;40.767;297.828;14;no;;A11;0;ghsl-ucdb. osm
Turkey;Yeşilova;settlement;381.557;362.576;14;no;;A11;0;cuisine. ghsl-ucdb. osm
Turkey;Erdek;settlement;403.996;277.935;14;no;;A11;0;ghsl-ucdb. osm. wikidata
Turkey;Gölcük;settlement;40.715;298.182;14;no;;A11;0;ghsl-ucdb. osm
Turkey;Afyonkarahisar;settlement;387.567;305.433;14;no;;A11;0;ghsl-ucdb. osm. wikidata
Turkey;Söke;settlement;377.482;274.061;13;no;;A11;0;ghsl-ucdb. osm. wikidata
Turkey;Tarsus;settlement;369.177;348.928;13;no;;A11;0;ghsl-ucdb. osm. wikidata
Turkey;İnegol;settlement;400.781;295.133;13;no;;A11;0;ghsl-ucdb. osm
Turkey;Tatvan;settlement;384.922;422.827;13;no;;A11;0;ghsl-ucdb. osm. wikidata
Turkey;Muğla;settlement;372.181;283.665;13;no;;A11;0;ghsl-ucdb. osm
Turkey;Ordu;settlement;409.778;378.905;12;no;;A11;0;ghsl-ucdb. osm
Turkey;Gazipaşa;settlement;362.694;323.179;12;no;;A11;0;ghsl-ucdb. osm
Turkey;Keşan;settlement;408.552;266.327;12;no;;A11;0;ghsl-ucdb. osm
Turkey;Çeşme;settlement;383.261;263.057;12;no;;A11;0;ghsl-ucdb. osm. wikidata
Turkey;Yatağan;settlement;373.402;281.428;12;no;;A11. A10;0;ghsl-ucdb. osm. wikidata
Turkey;Serinyol;settlement;363.614;362.136;12;no;;A11;0;ghsl-ucdb. osm
Turkey;Erdemli;settlement;36.605;343.084;12;no;;A11;0;ghsl-ucdb. osm. wikidata
Turkey;Mucur;settlement;390.615;343.829;12;no;;A11;0;cuisine. ghsl-ucdb. osm. wikidata
Turkey;Kula;settlement;385.473;286.498;12;no;;A11;0;ghsl-ucdb. osm
Turkey;Kırşehir;settlement;391.458;341.639;11;no;;A11;0;cuisine. ghsl-ucdb. osm
Turkey;Uzunköprü;settlement;412.691;26.686;11;no;;A11;0;ghsl-ucdb. osm. wikidata
Turkey;Fatsa;settlement;410.289;374.998;11;no;;A11;0;ghsl-ucdb. osm
Turkey;Çorum;settlement;405.489;349.533;11;yes;12;;0;cuisine. ghsl-ucdb. osm
Turkey;Foça;settlement;386.703;267.566;11;no;;A11;0;ghsl-ucdb. osm. wikidata
Turkey;Yalova;settlement;40.655;292.769;11;no;;A11;0;ghsl-ucdb. osm
Turkey;Menderes;settlement;382.496;271.343;11;no;;A11;0;ghsl-ucdb. osm
Turkey;Bolu;settlement;407.358;316.061;10;no;;A11;0;ghsl-ucdb. osm
Turkey;Kulu;settlement;390.951;330.799;10;no;;A11;0;ghsl-ucdb. osm. wikidata
Turkey;Emirdağ;settlement;390.197;31.15;10;no;;A11;0;ghsl-ucdb. osm
Turkey;Hadim;settlement;369.878;324.567;10;no;;A11;0;ghsl-ucdb. osm
Turkey;Dargeçit;settlement;375.462;417.165;10;no;;A11;0;ghsl-ucdb. osm
Turkmenistan;Bayramaly;settlement;376.185;621.671;100;yes;1;A2;2;cuisine. ghsl-ucdb. unesco-whs. wikidata
Turkmenistan;Kaka;settlement;373.482;596.143;83;yes;2;;0;cuisine. ghsl-ucdb. osm. wikidata
Turkmenistan;Saýat;settlement;387.839;638.803;81;yes;3;A9;1;ghsl-ucdb. unesco-whs. wdpa. wikidata
Turkmenistan;Daşoguz;settlement;418.362;599.666;80;yes;4;;0;cuisine. ghsl-ucdb. osm
Turkmenistan;Abadan;settlement;380.541;581.972;79;no;;;1;cuisine. ghsl-ucdb. unesco-whs. wikidata
Turkmenistan;Seydi;settlement;394.816;629.137;71;yes;7;A9;0;cuisine. ghsl-ucdb. wdpa. wikidata
Turkmenistan;Arkadag;settlement;380.713;580.656;71;no;;A9;0;cuisine. ghsl-ucdb. wdpa
Turkmenistan;Ashgabat;settlement;37.95;583.833;68;yes;10;A12;0;cuisine. ghsl-ucdb. wdpa
Turkmenistan;Tejen;settlement;373.834;605.055;67;yes;12;A12;0;cuisine. ghsl-ucdb. wikidata
Turkmenistan;Türkmenabat;settlement;390.733;635.786;67;no;;A12;0;cuisine. ghsl-ucdb
Turkmenistan;Mary;settlement;375.938;618.303;67;no;;A12;0;cuisine. ghsl-ucdb
Turkmenistan;Yolöten;settlement;372.989;623.597;67;no;;A12;0;cuisine. ghsl-ucdb
Turkmenistan;Bäherden;settlement;384.362;574.316;67;yes;5;A12;0;cuisine. ghsl-ucdb
Turkmenistan;Yylanly;settlement;418.333;59.65;67;no;;A12;0;cuisine. ghsl-ucdb
Turkmenistan;Gökdepe;settlement;381.586;579.607;67;no;;A12;0;cuisine. ghsl-ucdb
Turkmenistan;Sarahs;settlement;365.238;612.148;67;yes;6;A12;0;cuisine. ghsl-ucdb
Turkmenistan;Görogly;settlement;416.504;599.164;67;no;;A12;0;cuisine. ghsl-ucdb
Turkmenistan;Gazojak;settlement;411.875;614.036;67;yes;8;A12;0;cuisine. ghsl-ucdb
Turkmenistan;Türkmengala;settlement;374.247;623.382;67;no;;A12;0;cuisine. ghsl-ucdb
Turkmenistan;Çaşgyn;settlement;377.973;615.491;67;no;;A12;0;cuisine. ghsl-ucdb
Turkmenistan;Magdanly;settlement;378.124;660.466;57;yes;9;A9;0;ghsl-ucdb. wdpa. wikidata
Turkmenistan;Köneürgenç;settlement;423.277;591.544;44;yes;11;;1;ghsl-ucdb. osm. unesco-whs. wikidata
Turkmenistan;Badkhyz;site;35.778;616.103;35;yes;14;A9;0;wdpa. wikidata
Turkmenistan;Magtymguly;settlement;384.375;562.808;24;yes;16;A9;0;ghsl-ucdb. wdpa. wikidata
Turkmenistan;Kaplangurskiy;site;409.804;570.873;23;yes;13;A9;0;wdpa
Turkmenistan;Hazar;site;386.836;537.628;23;yes;15;A9;0;wdpa
Turkmenistan;Oýrat;settlement;419.458;599.089;13;no;;;0;ghsl-ucdb. osm
Turkmenistan;Halaç;settlement;38.072;648.794;11;no;;;0;ghsl-ucdb. wdpa
Turks and Caicos Islands;Providenciales;settlement;217.825;-722.521;100;yes;1;;0;ghsl-ucdb. wdpa. wikidata
Tuvalu;Funafuti;settlement;-85.243;1.791.942;100;yes;1;A12;0;ghsl-ucdb. wikidata
U.S. Virgin Islands;Saint Croix;settlement;177.275;-64.747;100;yes;1;A9;0;ghsl-ucdb. osm. wdpa
U.S. Virgin Islands;Charlotte Amalie;settlement;183.419;-649.307;99;yes;2;A11. A9;0;ghsl-ucdb. osm. wdpa. wikidata
Uganda;Kampala;settlement;0.3163;325.822;100;yes;1;A12. A11;1;ghsl-ucdb. osm. unesco-whs. wikidata
Uganda;Moyo;settlement;36.609;317.247;75;yes;3;A11. A9;0;ghsl-ucdb. osm. wdpa
Uganda;Kanungu;settlement;-0.9575;297.897;74;yes;2;A9;1;ghsl-ucdb. unesco-whs. wdpa. wikidata
Uganda;Yumbe;settlement;34.651;312.469;63;no;;A11;0;ghsl-ucdb. osm
Uganda;Arua;settlement;30.201;30.911;61;no;;A11;0;ghsl-ucdb. osm. wdpa
Uganda;Paidha;settlement;24.167;309.855;60;yes;4;A11;0;ghsl-ucdb. osm
Uganda;Lira;settlement;22.499;328.999;53;yes;6;A11;0;ghsl-ucdb. osm
Uganda;Koboko;settlement;34.136;309.599;52;yes;8;A11;0;ghsl-ucdb. osm
Uganda;Adjumani;settlement;33.779;317.909;51;no;;A11;0;ghsl-ucdb. osm
Uganda;Mukono;settlement;0.3533;327.553;51;no;;A11;0;ghsl-ucdb. osm
Uganda;Nebbi;settlement;24.783;310.889;51;no;;A11;0;ghsl-ucdb. osm
Uganda;Kisinga;settlement;0.0768;298.683;49;yes;5;A9;1;ghsl-ucdb. osm. unesco-whs
Uganda;Gulu;settlement;27.746;32.299;48;no;;A11;0;ghsl-ucdb. osm
Uganda;Bombo;settlement;0.5739;325.155;47;no;;A11;0;ghsl-ucdb. osm
Uganda;Opit;settlement;26.111;324.756;44;no;;A11;0;ghsl-ucdb. osm
Uganda;Kakiri;settlement;0.4199;323.913;44;no;;A11;0;ghsl-ucdb. osm
Uganda;Katabi;settlement;0.0841;324.697;40;no;;A11;0;ghsl-ucdb. osm
Uganda;Apac;settlement;19.756;325.386;39;no;;A11;0;ghsl-ucdb. osm
Uganda;Kisoro;settlement;-12.854;29.685;33;no;;A11. A9;0;ghsl-ucdb. osm. wdpa. wikidata
Uganda;Anaka;settlement;26.011;319.475;33;yes;9;A11. A9;0;ghsl-ucdb. osm. wdpa
Uganda;Masaka;settlement;-0.3338;317.341;30;yes;10;A11;0;ghsl-ucdb. osm. wikidata
Uganda;Kayunga;settlement;0.7025;328.886;27;no;;A11;0;ghsl-ucdb. osm
Uganda;Bundibugyo;settlement;0.7112;300.647;25;no;;A9;0;ghsl-ucdb. osm. wdpa
Uganda;Budadiri;settlement;11.481;343.261;25;yes;12;A9;0;ghsl-ucdb. osm. wdpa. wikidata
Uganda;Nyahuka;settlement;0.675;299.926;25;no;;A9;0;ghsl-ucdb. osm. wdpa
Uganda;Kyamahungu;settlement;-0.4514;301.133;25;no;;A9;0;ghsl-ucdb. osm. wdpa
Uganda;Nakivale Refugee Camp;settlement;-0.7406;309.963;25;yes;14;A9;0;ghsl-ucdb. osm. wdpa
Uganda;Kidepo Valley;site;38.443;337.813;25;yes;11;A9;0;osm. wdpa
Uganda;Rwiimi;settlement;0.3796;302.304;24;no;;A9;0;ghsl-ucdb. osm. wdpa
Uganda;Fort Portal;settlement;0.6617;302.748;24;yes;15;A11;0;ghsl-ucdb. osm
Uganda;Kotido;settlement;29.806;341.331;24;yes;13;;0;ghsl-ucdb. wdpa
Uganda;Jinja;settlement;0.439;332.032;24;no;;A11;0;ghsl-ucdb. osm. wikidata
Uganda;Kasanje;settlement;0.1533;324.009;23;no;;A11;0;ghsl-ucdb. osm. wikidata
Uganda;Kasese;settlement;0.1833;300.833;23;no;;A11;0;ghsl-ucdb. osm. wdpa. wikidata
Uganda;Kiziba;settlement;0.5139;323.506;19;no;;A11;0;ghsl-ucdb. osm
Uganda;Mbale;settlement;10.821;34.175;18;no;;A11;0;ghsl-ucdb. osm
Uganda;Kiryandongo Refugee Camp;settlement;19.399;32.166;16;no;;A11;0;ghsl-ucdb. osm
Uganda;Luwero;settlement;0.8492;324.731;14;no;;A11;0;ghsl-ucdb. osm
Uganda;Kabale;settlement;-12.486;299.899;14;no;;A11;0;ghsl-ucdb. osm
Uganda;Kapchorwa;settlement;1.401;344.504;14;no;;;0;ghsl-ucdb. osm. wdpa. wikidata
Uganda;Kihihi;settlement;-0.75;29.7;13;no;;;0;ghsl-ucdb. wdpa. wikidata
Uganda;Kikube;settlement;13.564;312.222;13;no;;A11;0;ghsl-ucdb. osm. wdpa
Uganda;Wobulenzi;settlement;0.7283;325.122;13;no;;A11;0;ghsl-ucdb. osm
Uganda;Masindi;settlement;16.744;31.715;12;no;;;0;ghsl-ucdb. osm. wdpa
Uganda;Rwamwanja Refugee Camp;settlement;0.348;306.543;12;no;;;0;ghsl-ucdb. wdpa
Uganda;Buyale;settlement;19.342;321.164;12;no;;;0;ghsl-ucdb. wdpa
Uganda;Kyarusozi;settlement;0.7842;305.311;12;no;;;0;ghsl-ucdb. wdpa
Uganda;Hoima;settlement;14.331;313.524;11;no;;A11;0;ghsl-ucdb. osm. wikidata
Uganda;Namavundu;settlement;0.364;338.176;11;yes;7;;0;ghsl-ucdb. osm
Ukraine;Lviv;settlement;498.383;240.232;100;yes;1;;1;ghsl-ucdb. unesco-whs. wikidata
Ukraine;Uzhhorod;settlement;486.242;222.947;89;yes;4;A9. A11;0;ghsl-ucdb. osm. wdpa. wikidata
Ukraine;Slavutych;settlement;515.225;307.181;89;yes;6;A11. A9;0;ghsl-ucdb. osm. wdpa. wikidata
Ukraine;Rakhiv;settlement;480.547;242.031;88;yes;5;A9;2;ghsl-ucdb. unesco-whs. wdpa. wikidata
Ukraine;Kyiv;settlement;504.547;305.238;87;yes;2;A12;1;ghsl-ucdb. unesco-whs. wikidata
Ukraine;Kiliya;settlement;454.445;29.264;84;yes;3;A9;1;ghsl-ucdb. unesco-whs. wdpa. wikidata
Ukraine;Bilhorod-Dnistrovskyi;settlement;461.948;303.483;84;no;;A9;0;ghsl-ucdb. wdpa. wikidata
Ukraine;Varash;settlement;513.404;258.555;80;yes;14;A9;0;ghsl-ucdb. wdpa
Ukraine;Sarny;settlement;51.339;266.069;80;no;;A9;0;ghsl-ucdb. wdpa
Ukraine;Odesa;settlement;464.857;307.438;69;yes;7;A12;1;ghsl-ucdb. unesco-whs. wikidata
Ukraine;Chernivtsi;settlement;482.904;259.324;57;no;;;1;ghsl-ucdb. unesco-whs. wikidata
Ukraine;Yagorlytska Bay;site;464.035;318.665;55;no;;A9;0;wdpa
Ukraine;Novoyavorivs'k;settlement;499.302;235.736;49;no;;A10;0;ghsl-ucdb. wikidata
Ukraine;Novyi Rozdil;settlement;494.714;241.335;45;no;;;0;ghsl-ucdb. wikidata
Ukraine;Boryspil;settlement;503.505;309.526;44;no;;;0;cuisine. ghsl-ucdb. wikidata
Ukraine;Obukhiv;settlement;501.163;306.333;44;no;;;0;cuisine. ghsl-ucdb. wikidata
Ukraine;Kaniv;settlement;497.519;31.47;44;no;;;0;cuisine. ghsl-ucdb. wikidata
Ukraine;Yalta;settlement;445.022;341.662;43;no;;A12;0;ghsl-ucdb. wikidata
Ukraine;Balaklava;settlement;445.112;335.994;41;no;;;1;ghsl-ucdb. unesco-whs. wikidata
Ukraine;Sevastopol;settlement;44.608;335.213;40;no;;A12;0;ghsl-ucdb. wikidata
Ukraine;Bakhchysaray;settlement;447.552;338.578;39;no;;A12;0;ghsl-ucdb. wikidata
Ukraine;Kerch;settlement;453.567;364.754;38;no;;;0;ghsl-ucdb. wdpa. wikidata
Ukraine;Kalush;settlement;49.024;243.721;37;no;;;0;ghsl-ucdb. wikidata
Ukraine;Zolotonosha;settlement;496.693;320.364;35;yes;8;;0;cuisine. ghsl-ucdb. wikidata
Ukraine;Bohuslav;settlement;495.464;308.741;35;no;;;0;cuisine. ghsl-ucdb. wikidata
Ukraine;Cherkasy;settlement;494.445;320.574;35;no;;;0;cuisine. ghsl-ucdb. wikidata
Ukraine;Smila;settlement;49.233;318.843;35;no;;;0;cuisine. ghsl-ucdb. wikidata
Ukraine;Myrhorod;settlement;499.646;336.086;35;yes;13;;0;cuisine. ghsl-ucdb. wikidata
Ukraine;Vasylkiv;settlement;501.802;303.119;35;no;;;0;cuisine. ghsl-ucdb. wikidata
Ukraine;Voznesensk;settlement;475.622;31.336;35;yes;9;;0;cuisine. ghsl-ucdb. wikidata
Ukraine;Pereiaslav;settlement;500.674;314.497;35;no;;;0;cuisine. ghsl-ucdb. wikidata
Ukraine;Vilnohirsk;settlement;484.842;340.171;35;yes;10;;0;cuisine. ghsl-ucdb. wikidata
Ukraine;Yahotyn;settlement;502.754;317.634;35;no;;;0;cuisine. ghsl-ucdb. wikidata
Ukraine;Korsun-Shevchenkivskyi;settlement;494.182;312.517;35;no;;;0;cuisine. ghsl-ucdb. wikidata
Ukraine;Shpola;settlement;490.129;313.926;35;no;;;0;cuisine. ghsl-ucdb. wikidata
Ukraine;Zvenyhorodka;settlement;490.776;309.607;35;no;;;0;cuisine. ghsl-ucdb. wikidata
Ukraine;Berezan;settlement;503.107;314.677;35;no;;;0;cuisine. ghsl-ucdb. wikidata
Ukraine;Bahacheve;settlement;49.012;310.466;35;yes;15;;0;cuisine. ghsl-ucdb. wikidata
Ukraine;Verkhnodniprovsk;settlement;486.556;343.262;35;no;;;0;cuisine. ghsl-ucdb. wikidata
Ukraine;Zolochiv;settlement;498.074;249.038;34;no;;;0;ghsl-ucdb. wikidata
Ukraine;Feodosiya;settlement;45.032;353.815;34;yes;11;;0;ghsl-ucdb. wikidata
Ukraine;Kharkiv;settlement;499.818;362.548;33;yes;18;A12;0;ghsl-ucdb. wikidata
Ukraine;Chortkiv;settlement;49.017;257.981;33;yes;12;;0;ghsl-ucdb. wikidata
Ukraine;Pravyi Bereh;settlement;47.115;375.852;30;no;;A9;0;ghsl-ucdb. wdpa. wikidata
Ukraine;Mariupol;settlement;470.951;375.413;30;no;;A9;0;ghsl-ucdb. wdpa. wikidata
Ukraine;Kamyanske;settlement;485.172;346.062;30;no;;A9;0;ghsl-ucdb. wdpa. wikidata
Ukraine;Chornobyl Radiation and Ecological Biosphere Reserve;site;513.072;299.133;30;no;;A9;0;wdpa. wikidata
Ukraine;Kherson;settlement;466.369;326.146;29;no;;A9;0;ghsl-ucdb. wdpa. wikidata
Ukraine;Dolyna;settlement;489.716;239.656;29;no;;;0;ghsl-ucdb. wikidata
Ukraine;Melitopol;settlement;468.473;35.382;29;no;;A9;0;ghsl-ucdb. wdpa. wikidata
Ukraine;Berdyansk;settlement;467.558;367.882;28;no;;A9;0;ghsl-ucdb. wdpa. wikidata
Ukraine;Stryi;settlement;49.261;238.484;28;no;;;0;ghsl-ucdb. wikidata
Ukraine;Svatove;settlement;494.093;381.553;28;no;;;0;ghsl-ucdb. wikidata
Ukraine;Skadovsk;settlement;461.131;329.098;28;no;;A9;0;ghsl-ucdb. wdpa
Ukraine;Ovruch;settlement;513.274;288.016;27;no;;A11;0;ghsl-ucdb. osm. wikidata
Ukraine;Vinnytsya;settlement;492.322;284.687;27;no;;;0;ghsl-ucdb. wikidata
Ukraine;Kamyanets-Podilskyi;settlement;486.788;265.852;27;no;;;0;ghsl-ucdb. wikidata
Ukraine;Simferopol;settlement;449.572;341.108;27;no;;A12;0;ghsl-ucdb. wikidata
Ukraine;Izmayil;settlement;453.506;288.375;26;no;;;1;ghsl-ucdb. unesco-whs. wikidata
Ukraine;Bila Tserkva;settlement;497.994;301.165;26;no;;A12;0;cuisine. ghsl-ucdb. wikidata
Ukraine;Uman;settlement;487.501;302.194;26;no;;A12;0;cuisine. ghsl-ucdb. wikidata
Ukraine;Ivano-Frankivsk;settlement;489.231;247.125;25;no;;;0;ghsl-ucdb. wikidata
Ukraine;Donetsk;settlement;48.023;378.022;25;no;;A12;0;ghsl-ucdb. wikidata
Ukraine;Sudak;settlement;448.492;349.747;25;no;;A12;0;ghsl-ucdb. wikidata
Ukraine;Kremenchuk;settlement;490.625;334.048;25;no;;A12;0;cuisine. ghsl-ucdb. wikidata
Ukraine;Kropyvnytskyi;settlement;485.083;322.662;25;no;;A12;0;cuisine. ghsl-ucdb. wikidata
Ukraine;Fortechnyi;settlement;484.986;322.537;25;no;;A12;0;cuisine. ghsl-ucdb. wikidata
Ukraine;Pryluky;settlement;505.953;323.838;25;no;;A12;0;cuisine. ghsl-ucdb. wikidata
Ukraine;Lubny;settlement;500.141;329.997;25;no;;A12;0;cuisine. ghsl-ucdb. wikidata
Ukraine;Kryvyy Rih;settlement;479.057;33.394;25;no;;A12;0;cuisine. ghsl-ucdb
Ukraine;Avtozavodskyi;settlement;490.975;334.321;25;no;;A12;0;cuisine. ghsl-ucdb
Ukraine;Oleksandriya;settlement;486.747;331.176;25;no;;A12;0;cuisine. ghsl-ucdb
Ukraine;Pervomaysk;settlement;480.448;308.478;25;no;;A12;0;cuisine. ghsl-ucdb
Ukraine;Inhulets;settlement;477.301;332.519;25;no;;A12;0;cuisine. ghsl-ucdb
Ukraine;Horishni Plavni;settlement;490.084;336.293;25;no;;A12;0;cuisine. ghsl-ucdb
Ukraine;Svitlovodsk;settlement;490.629;332.458;25;no;;A12;0;cuisine. ghsl-ucdb
Ukraine;Zhovti Vody;settlement;483.452;334.974;25;no;;A12;0;cuisine. ghsl-ucdb
Ukraine;Podilsk;settlement;477.499;295.307;25;no;;A12;0;cuisine. ghsl-ucdb
Ukraine;Pivdennoukrainsk;settlement;478.288;311.751;25;no;;A12;0;cuisine. ghsl-ucdb
Ukraine;Terny;settlement;481.451;335.583;25;no;;A12;0;cuisine. ghsl-ucdb
Ukraine;Dolynska;settlement;481.172;327.769;25;no;;A12;0;cuisine. ghsl-ucdb
Ukraine;Znamyanka;settlement;487.207;326.582;25;no;;A12;0;cuisine. ghsl-ucdb
Ukraine;Pyatykhatky;settlement;484.082;337.092;25;no;;A12;0;cuisine. ghsl-ucdb
Ukraine;Novoukrayinka;settlement;483.166;315.236;25;no;;A12;0;cuisine. ghsl-ucdb
Ukraine;Dnipro;settlement;484.666;350.407;23;no;;A12;0;ghsl-ucdb. wikidata
Ukraine;Mykolayiv;settlement;469.763;31.993;22;no;;;0;ghsl-ucdb. wikidata
Ukraine;Sheptytskyi;settlement;50.394;242.394;22;no;;;0;ghsl-ucdb. wikidata
Ukraine;Yevpatoriya;settlement;452.009;333.665;22;yes;16;;0;ghsl-ucdb. wikidata
Ukraine;Mohyliv-Podilskyy;settlement;484.428;277.997;22;no;;;1;ghsl-ucdb. unesco-whs. wikidata
Ukraine;Desnyanskyi;settlement;515.063;313.168;21;no;;;0;ghsl-ucdb. wikidata
Ukraine;Drohobych;settlement;49.352;235.112;21;no;;;0;ghsl-ucdb. wikidata
Ukraine;Kolomyia;settlement;48.525;250.371;21;no;;;0;ghsl-ucdb. wikidata
Ukraine;Nadvirna;settlement;486.366;245.714;21;no;;;0;ghsl-ucdb. wikidata
Ukraine;Berezhany;settlement;494.458;249.369;21;no;;;0;ghsl-ucdb. wikidata
Ukraine;Zhmerynka;settlement;490.352;28.114;19;no;;;0;ghsl-ucdb. wikidata
Ukraine;Kalynivka;settlement;494.613;285.154;19;no;;;0;ghsl-ucdb. wikidata
Ukraine;Starobilsk;settlement;492.788;389.075;19;no;;;0;ghsl-ucdb. wikidata
Ukraine;Hirnytskyi;settlement;480.211;379.691;19;no;;;0;ghsl-ucdb. wikidata
Ukraine;Chumakivskyi;settlement;479.567;379.419;19;no;;;0;ghsl-ucdb. wikidata
Ukraine;Voznesenskyi;settlement;479.316;376.297;19;no;;;0;ghsl-ucdb. wikidata
Ukraine;Chornomors’k;settlement;462.991;306.553;19;no;;;0;ghsl-ucdb. wikidata
Ukraine;Fastiv;settlement;50.078;299.196;19;no;;;0;ghsl-ucdb. wikidata
Ukraine;Bucha;settlement;505.474;302.088;19;no;;;0;ghsl-ucdb. wikidata
Ukraine;Sambir;settlement;495.162;232.013;19;no;;;0;ghsl-ucdb. wikidata
Ukraine;Boryslav;settlement;49.29;234.289;19;no;;;0;ghsl-ucdb. wikidata
Ukraine;Kupyansk;settlement;49.71;376.158;19;no;;;0;ghsl-ucdb. wikidata
Ukraine;Lebedyn;settlement;505.823;344.826;19;no;;;0;ghsl-ucdb. wikidata
Ukraine;Dokuchayevsk;settlement;477.522;376.776;19;no;;;0;ghsl-ucdb. wikidata
Ukraine;Kivsharivka;settlement;496.303;376.775;19;no;;;0;ghsl-ucdb. wikidata
Ukraine;Horodok;settlement;497.848;236.481;19;no;;;0;ghsl-ucdb. wikidata
Ukraine;Ilovays’k;settlement;47.925;382.024;19;no;;;0;ghsl-ucdb. wikidata
Ukraine;Chernihiv;settlement;515.054;312.866;19;no;;;0;ghsl-ucdb. wikidata
Ukraine;Novozavodskyi;settlement;514.893;312.563;17;no;;;0;ghsl-ucdb. wikidata
Ukraine;Zarichnyi;settlement;509.038;348.093;17;no;;;0;ghsl-ucdb. wdpa. wikidata
Ukraine;Ternopil;settlement;49.554;255.907;16;no;;A12;0;ghsl-ucdb. wikidata
Ukraine;Vynohradiv;settlement;481.413;230.362;15;no;;;0;ghsl-ucdb. wikidata
Ukraine;Brody;settlement;500.885;251.461;15;no;;;0;ghsl-ucdb. wikidata
Ukraine;Zaporizhzhya;settlement;478.517;351.171;14;no;;A12;0;ghsl-ucdb. wikidata
Ukraine;Lutsk;settlement;507.578;253.502;14;no;;A12;0;ghsl-ucdb. wikidata
Ukraine;Netishyn;settlement;503.286;266.487;14;no;;A12;0;ghsl-ucdb. wikidata
Ukraine;Nizhyn;settlement;510.477;318.884;13;no;;;0;ghsl-ucdb. wikidata
Ukraine;Volodymyr-Volynskyi;settlement;508.503;243.212;13;yes;17;;0;ghsl-ucdb. wikidata
Ukraine;Svalyava;settlement;485.474;229.867;13;no;;;0;ghsl-ucdb. wikidata
Ukraine;Zhytomyr;settlement;502.623;286.791;12;yes;19;;0;ghsl-ucdb. wikidata
Ukraine;Mukachevo;settlement;484.425;22.718;12;no;;;0;ghsl-ucdb. wikidata
Ukraine;Berdychiv;settlement;498.942;285.824;12;no;;;0;ghsl-ucdb. wikidata
Ukraine;Khust;settlement;481.719;232.979;12;no;;;0;ghsl-ucdb. wikidata
Ukraine;Reni;settlement;454.542;282.773;12;no;;;0;ghsl-ucdb. wikidata
Ukraine;Bakhmach;settlement;511.814;328.346;12;yes;20;;0;ghsl-ucdb. wikidata
Ukraine;Horodok;settlement;491.721;265.636;12;no;;A12;0;ghsl-ucdb. wikidata
Ukraine;Sumy;settlement;509.174;347.991;10;yes;21;;0;ghsl-ucdb. wikidata
Ukraine;Tsentralnyi;settlement;470.983;375.484;10;yes;22;;0;ghsl-ucdb. wikidata
Ukraine;Bohuniya;settlement;502.769;286.096;10;no;;;0;ghsl-ucdb. wikidata
Ukraine;Kovpakivskyi;settlement;509.251;347.948;10;no;;;0;ghsl-ucdb. wikidata
Ukraine;Brovary;settlement;50.511;307.911;10;no;;;0;ghsl-ucdb. wikidata
Ukraine;Irpin;settlement;50.522;302.404;10;no;;;0;ghsl-ucdb. wikidata
Ukraine;Samar;settlement;486.289;352.589;10;no;;;0;ghsl-ucdb. wikidata
Ukraine;Kostyantynivka;settlement;485.273;377.059;10;yes;23;;0;ghsl-ucdb. wikidata
Ukraine;Okhtyrka;settlement;503.085;348.947;10;no;;;0;ghsl-ucdb. wikidata
Ukraine;Boyarka;settlement;503.191;302.973;10;no;;;0;ghsl-ucdb. wikidata
Ukraine;Pivdenne;settlement;466.247;311.018;10;no;;;0;ghsl-ucdb. wikidata
Ukraine;Berehove;settlement;482.051;226.445;10;no;;;0;ghsl-ucdb. wikidata
Ukraine;Kozyatyn;settlement;497.164;288.386;10;no;;;0;ghsl-ucdb. wikidata
Ukraine;Bilohorodka;settlement;503.898;302.273;10;no;;;0;ghsl-ucdb. wikidata
Ukraine;Sokal;settlement;504.745;242.809;10;no;;;0;ghsl-ucdb. wikidata
Ukraine;Mostyska;settlement;497.947;231.508;10;no;;;0;ghsl-ucdb. wikidata
Ukraine;Bolhrad;settlement;456.779;286.181;10;no;;;0;ghsl-ucdb. wikidata
United Arab Emirates;Lahbab;settlement;250.376;555.913;100;yes;1;A9. A11;1;ghsl-ucdb. osm. unesco-whs. wdpa
United Arab Emirates;Abu Dhabi;settlement;244.512;54.397;94;yes;2;A9. A12;0;ghsl-ucdb. wdpa. wikidata
United Arab Emirates;Al Ain City;settlement;241.917;557.606;89;yes;5;A9;1;ghsl-ucdb. unesco-whs. wdpa. wikidata
United Arab Emirates;Ras Al Khaimah;settlement;257.895;559.432;84;yes;3;;0;ghsl-ucdb. wikidata
United Arab Emirates;Ar Ruways;settlement;241.103;527.306;78;yes;4;;0;ghsl-ucdb. wdpa
United Arab Emirates;Khawr Fakkān;settlement;253.313;56.342;70;yes;7;A9;0;ghsl-ucdb. wdpa. wikidata
United Arab Emirates;Dibba Al-Fujairah;settlement;255.925;562.618;69;no;;A9;1;ghsl-ucdb. unesco-whs
United Arab Emirates;Zayed City;settlement;236.542;537.052;49;yes;6;;0;ghsl-ucdb. wdpa
United Arab Emirates;Dibba Al-Hisn;settlement;256.196;562.729;26;no;;;0;ghsl-ucdb. osm
United Arab Emirates;Sharjah;settlement;253.342;554.122;20;no;;A12;0;ghsl-ucdb. wikidata
United Arab Emirates;Jebel Ali;settlement;250.025;551.081;17;no;;;0;ghsl-ucdb. wdpa
United Arab Emirates;Ḩattā;settlement;248.007;561.273;17;yes;8;;0;ghsl-ucdb. wdpa
United Arab Emirates;Adh Dhayd;settlement;252.881;558.816;10;no;;A12;0;ghsl-ucdb. wikidata
United Kingdom;London;settlement;515.085;-0.1257;100;yes;1;A12. A2;3;ghsl-ucdb. unesco-whs. wikidata
United Kingdom;The Flow Country;site;581.686;-41.072;75;yes;2;A9;1;unesco-whs. wdpa. wikidata
United Kingdom;Edinburgh;settlement;559.521;-31.965;66;yes;3;A10;1;ghsl-ucdb. unesco-whs. wikidata
United Kingdom;Fort William;settlement;568.165;-51.121;58;yes;5;A9;0;ghsl-ucdb. wdpa. wikidata
United Kingdom;Inverness;settlement;574.791;-4.224;57;no;;A9;0;ghsl-ucdb. wdpa. wikidata
United Kingdom;Bangor;settlement;532.275;-41.294;51;yes;10;;1;ghsl-ucdb. unesco-whs. wdpa. wikidata
United Kingdom;Aberystwyth;settlement;524.155;-40.829;49;no;;;1;ghsl-ucdb. unesco-whs. wdpa. wikidata
United Kingdom;Heart of Neolithic Orkney;site;589.942;-32.081;49;yes;14;;1;unesco-whs. wdpa. wikidata
United Kingdom;Carlisle;settlement;548.951;-29.382;48;no;;;0;cuisine. ghsl-ucdb. wdpa. wikidata
United Kingdom;Penrith;settlement;546.658;-27.576;48;no;;;0;cuisine. ghsl-ucdb. wdpa. wikidata
United Kingdom;Ashington;settlement;551.772;-15.641;46;no;;;0;cuisine. ghsl-ucdb. wdpa. wikidata
United Kingdom;Bath;settlement;513.751;-23.617;46;no;;A2;2;ghsl-ucdb. unesco-whs. wikidata
United Kingdom;Glasgow;settlement;558.651;-42.576;45;yes;22;;0;ghsl-ucdb. wikidata
United Kingdom;Kendal;settlement;543.268;-27.476;45;yes;18;;1;cuisine. ghsl-ucdb. unesco-whs. wdpa. wikidata
United Kingdom;York;settlement;539.576;-10.827;44;yes;6;A12;0;cuisine. ghsl-ucdb. wikidata
United Kingdom;Consett;settlement;54.854;-18.316;43;no;;;0;cuisine. ghsl-ucdb. wdpa. wikidata
United Kingdom;Ripon;settlement;541.358;-15.283;41;no;;;1;cuisine. ghsl-ucdb. unesco-whs. wdpa. wikidata
United Kingdom;Newcastle upon Tyne;settlement;549.733;-1.614;40;yes;12;A12;0;cuisine. ghsl-ucdb. wikidata
United Kingdom;Carmarthen;settlement;518.555;-43.053;40;yes;19;A10;0;ghsl-ucdb. wdpa. wikidata
United Kingdom;Feltham;settlement;514.462;-0.4139;39;no;;;1;ghsl-ucdb. unesco-whs. wikidata
United Kingdom;Ebbw Vale;settlement;517.771;-32.079;39;no;;;1;ghsl-ucdb. unesco-whs. wdpa. wikidata
United Kingdom;Manchester;settlement;534.809;-22.374;38;no;;A10. A12;0;ghsl-ucdb. wikidata
United Kingdom;Leeds;settlement;537.965;-15.478;37;no;;A12;0;cuisine. ghsl-ucdb. wikidata
United Kingdom;Durham;settlement;547.768;-15.757;37;no;;;1;cuisine. ghsl-ucdb. unesco-whs. wikidata
United Kingdom;Oxford;settlement;517.522;-1.256;37;no;;A12;0;ghsl-ucdb. wikidata
United Kingdom;Keighley;settlement;538.679;-19.066;37;no;;;0;cuisine. ghsl-ucdb. wdpa. wikidata
United Kingdom;Bishop Auckland;settlement;546.555;-16.771;37;no;;;0;cuisine. ghsl-ucdb. wdpa. wikidata
United Kingdom;Cardiff;settlement;51.48;-3.18;37;yes;4;;0;ghsl-ucdb. wikidata
United Kingdom;Gough and Inaccessible Islands;site;-37.3;-126.833;36;yes;7;A11. A9;1;osm. unesco-whs. wikidata
United Kingdom;Bedlington;settlement;551.306;-15.932;36;no;;A12;0;cuisine. ghsl-ucdb. wikidata
United Kingdom;Northallerton;settlement;54.339;-14.324;36;no;;A12;0;cuisine. ghsl-ucdb. wikidata
United Kingdom;Pontypool;settlement;517.011;-30.444;36;no;;A12;0;ghsl-ucdb. wikidata
United Kingdom;Bradford;settlement;537.939;-17.521;36;no;;;1;cuisine. ghsl-ucdb. unesco-whs. wikidata
United Kingdom;Aberdeen;settlement;571.437;-20.981;36;yes;21;;0;ghsl-ucdb. wdpa. wikidata
United Kingdom;Workington;settlement;546.425;-35.441;36;no;;;0;cuisine. ghsl-ucdb. wdpa. wikidata
United Kingdom;Lancaster;settlement;540.465;-27.999;35;no;;;0;cuisine. ghsl-ucdb. wdpa. wikidata
United Kingdom;Elgin;settlement;576.495;-33.184;35;no;;;0;ghsl-ucdb. wdpa. wikidata
United Kingdom;Darlington;settlement;545.243;-15.504;35;no;;;0;cuisine. ghsl-ucdb. wdpa. wikidata
United Kingdom;Barrow in Furness;settlement;541.109;-32.276;34;no;;;0;cuisine. ghsl-ucdb. wdpa. wikidata
United Kingdom;Morecambe;settlement;540.684;-28.611;34;no;;;0;cuisine. ghsl-ucdb. wdpa. wikidata
United Kingdom;Guisborough;settlement;545.348;-10.561;34;no;;;0;cuisine. ghsl-ucdb. wdpa. wikidata
United Kingdom;Harrogate;settlement;539.908;-15.373;34;no;;A12;0;cuisine. ghsl-ucdb. wikidata
United Kingdom;Beinn Eighe;site;576.079;-53.905;34;no;;A9;0;wdpa. wikidata
United Kingdom;Oswestry;settlement;52.862;-3.055;34;no;;;0;ghsl-ucdb. wdpa. wikidata
United Kingdom;Penicuik;settlement;558.312;-32.261;34;no;;;0;ghsl-ucdb. wdpa. wikidata
United Kingdom;Liverpool;settlement;534.106;-29.779;33;no;;A12;0;ghsl-ucdb. wikidata
United Kingdom;Hereford;settlement;520.568;-27.148;33;yes;20;;0;ghsl-ucdb. wikidata
United Kingdom;Sunderland;settlement;549.046;-13.822;33;no;;A12;0;cuisine. ghsl-ucdb. wikidata
United Kingdom;Burnley;settlement;53.8;-22.333;33;no;;A12;0;cuisine. ghsl-ucdb. wikidata
United Kingdom;Blackburn;settlement;53.75;-24.833;33;no;;A12;0;cuisine. ghsl-ucdb. wikidata
United Kingdom;Chester-le-Street;settlement;548.586;-15.741;33;no;;A12;0;cuisine. ghsl-ucdb. wikidata
United Kingdom;Wrexham;settlement;530.466;-29.913;33;no;;;1;ghsl-ucdb. unesco-whs. wdpa. wikidata
United Kingdom;Stockton-on-Tees;settlement;545.685;-13.187;33;no;;A12;0;cuisine. ghsl-ucdb. wikidata
United Kingdom;Tynemouth;settlement;550.179;-14.256;33;no;;A12;0;cuisine. ghsl-ucdb. wikidata
United Kingdom;Cambridge;settlement;52.2;0.1167;33;yes;15;;0;ghsl-ucdb. wikidata
United Kingdom;Hartlepool;settlement;546.855;-12.103;33;no;;;0;cuisine. ghsl-ucdb. wdpa
United Kingdom;Middlesbrough;settlement;545.762;-12.348;33;no;;A12;0;cuisine. ghsl-ucdb. wikidata
United Kingdom;Whitley Bay;settlement;550.397;-14.471;33;no;;A12;0;cuisine. ghsl-ucdb. wikidata
United Kingdom;Blyth;settlement;551.271;-15.086;33;no;;A12;0;cuisine. ghsl-ucdb. wikidata
United Kingdom;Redcar;settlement;546.166;-1.06;33;no;;A12;0;cuisine. ghsl-ucdb. wikidata
United Kingdom;Accrington;settlement;537.538;-23.586;33;no;;A12;0;cuisine. ghsl-ucdb. wikidata
United Kingdom;Stanley;settlement;54.868;-16.985;33;no;;A12;0;cuisine. ghsl-ucdb. wikidata
United Kingdom;Spennymoor;settlement;546.988;-16.023;33;no;;A12;0;cuisine. ghsl-ucdb. wikidata
United Kingdom;Houghton-Le-Spring;settlement;548.403;-14.643;32;no;;A12;0;cuisine. ghsl-ucdb
United Kingdom;Cramlington;settlement;550.865;-1.586;32;no;;A12;0;cuisine. ghsl-ucdb
United Kingdom;Newton Aycliffe;settlement;546.184;-15.719;32;no;;A12;0;cuisine. ghsl-ucdb
United Kingdom;Peterlee;settlement;547.603;-13.365;32;no;;A12;0;cuisine. ghsl-ucdb
United Kingdom;East Dereham;settlement;526.833;0.9333;32;yes;9;A10;0;ghsl-ucdb. wdpa. wikidata
United Kingdom;Penzance;settlement;501.186;-55.371;32;yes;23;;1;ghsl-ucdb. unesco-whs. wdpa. wikidata
United Kingdom;Greenock;settlement;559.484;-47.612;31;no;;;0;ghsl-ucdb. wdpa. wikidata
United Kingdom;Mendip;settlement;512.372;-26.266;31;no;;A10;0;ghsl-ucdb. wikidata
United Kingdom;Birmingham;settlement;524.814;-18.998;31;no;;A10. A12;0;ghsl-ucdb. wikidata
United Kingdom;Dumfries;settlement;550.696;-36.114;30;no;;A9;0;ghsl-ucdb. wdpa. wikidata
United Kingdom;Dunfermline;settlement;560.716;-34.589;28;no;;;1;ghsl-ucdb. unesco-whs. wikidata
United Kingdom;Perth;settlement;563.952;-34.314;28;no;;;0;ghsl-ucdb. wdpa. wikidata
United Kingdom;Brighton;settlement;508.284;-0.1395;27;yes;17;;0;ghsl-ucdb. wikidata
United Kingdom;Salisbury;settlement;510.693;-17.957;27;no;;;1;ghsl-ucdb. unesco-whs. wikidata
United Kingdom;Shrewsbury;settlement;527.101;-27.521;26;no;;;0;ghsl-ucdb. wdpa. wikidata
United Kingdom;Whitehaven;settlement;54.549;-35.841;26;no;;;1;ghsl-ucdb. unesco-whs. wdpa. wikidata
United Kingdom;Canterbury;settlement;51.279;10.799;26;no;;;1;ghsl-ucdb. unesco-whs. wikidata
United Kingdom;Llanelli;settlement;51.682;-41.619;25;no;;;0;ghsl-ucdb. wdpa. wikidata
United Kingdom;Stirling;settlement;56.119;-39.368;25;no;;A9;0;ghsl-ucdb. wdpa. wikidata
United Kingdom;Bristol;settlement;514.552;-25.966;25;no;;;0;ghsl-ucdb. wikidata
United Kingdom;Norwich;settlement;526.278;12.983;25;no;;;0;ghsl-ucdb. wdpa. wikidata
United Kingdom;Rum;site;569.979;-63.489;25;no;;A9;0;wdpa. wikidata
United Kingdom;Dundee;settlement;564.691;-29.749;25;no;;;0;ghsl-ucdb. wdpa. wikidata
United Kingdom;Ayr;settlement;554.627;-46.339;24;no;;;0;ghsl-ucdb. wdpa. wikidata
United Kingdom;Reading;settlement;514.562;-0.9711;24;no;;A10;0;ghsl-ucdb. wikidata
United Kingdom;Southampton;settlement;50.904;-14.043;23;no;;;0;ghsl-ucdb. wdpa. wikidata
United Kingdom;Swansea;settlement;516.208;-39.432;23;no;;A12;0;ghsl-ucdb. wikidata
United Kingdom;Hayes;settlement;515.158;-0.4234;23;no;;A12;0;ghsl-ucdb. wikidata
United Kingdom;Kilwinning;settlement;556.533;-47.067;23;no;;;0;ghsl-ucdb. wdpa. wikidata
United Kingdom;Ammanford;settlement;517.928;-39.883;22;no;;;0;ghsl-ucdb. wdpa. wikidata
United Kingdom;Arbroath;settlement;565.632;-25.874;22;no;;A12;0;ghsl-ucdb. wikidata
United Kingdom;Llandudno;settlement;53.325;-38.315;22;no;;A12;0;ghsl-ucdb. wikidata
United Kingdom;Plymouth;settlement;503.715;-4.143;22;no;;;0;ghsl-ucdb. wdpa. wikidata
United Kingdom;Telford;settlement;526.766;-24.493;22;no;;;1;ghsl-ucdb. unesco-whs. wikidata
United Kingdom;Leicester;settlement;526.386;-11.317;21;no;;A12;0;ghsl-ucdb. wikidata
United Kingdom;Omagh;settlement;54.6;-7.3;21;no;;A10;0;ghsl-ucdb. wikidata
United Kingdom;Weymouth;settlement;506.145;-24.599;21;no;;A9;1;ghsl-ucdb. unesco-whs. wdpa. wikidata
United Kingdom;Colwyn Bay;settlement;532.948;-37.267;21;no;;;0;ghsl-ucdb. wdpa. wikidata
United Kingdom;Newport;settlement;515.877;-29.983;20;no;;A12;0;ghsl-ucdb. wikidata
United Kingdom;Maidstone;settlement;512.667;0.5167;20;no;;A12;0;ghsl-ucdb. wikidata
United Kingdom;Portishead;settlement;51.482;-27.697;20;no;;;0;ghsl-ucdb. wdpa. wikidata
United Kingdom;Vale of Leven;settlement;559.713;-45.793;20;no;;A9;0;ghsl-ucdb. wdpa. wikidata
United Kingdom;Isle of Lewis;settlement;58.219;-6.388;20;no;;;0;ghsl-ucdb. wdpa. wikidata
United Kingdom;Belfast;settlement;545.968;-59.254;19;yes;8;;0;ghsl-ucdb. wikidata
United Kingdom;Loughton;settlement;524.333;-25.667;19;no;;A12;0;ghsl-ucdb. wikidata
United Kingdom;Saint Andrews;settlement;563.387;-2.799;19;no;;A12;0;ghsl-ucdb. wikidata
United Kingdom;Flint;settlement;532.449;-31.323;19;no;;A10;0;ghsl-ucdb. wdpa. wikidata
United Kingdom;Esher;settlement;513.697;-0.3669;18;no;;;0;ghsl-ucdb. wikidata
United Kingdom;Sutton;settlement;51.35;-0.2;18;no;;A12;0;ghsl-ucdb. wikidata
United Kingdom;Slough;settlement;515.095;-0.5954;18;no;;A12;0;ghsl-ucdb. wikidata
United Kingdom;Hastings;settlement;508.557;0.5801;18;no;;A12;0;ghsl-ucdb. wikidata
United Kingdom;Rhyl;settlement;533.193;-34.923;18;no;;A12;0;ghsl-ucdb. wikidata
United Kingdom;Meikle Earnock;settlement;55.75;-40.333;18;no;;;1;ghsl-ucdb. unesco-whs. wdpa. wikidata
United Kingdom;Merthyr Tydfil;settlement;517.479;-33.778;17;no;;;0;ghsl-ucdb. wdpa. wikidata
United Kingdom;Bodmin;settlement;504.715;-47.243;17;no;;;0;ghsl-ucdb. wdpa. wikidata
United Kingdom;Coventry;settlement;524.066;-15.122;17;yes;11;;0;ghsl-ucdb. wikidata
United Kingdom;Congleton;settlement;531.631;-22.125;17;no;;;1;ghsl-ucdb. unesco-whs. wikidata
United Kingdom;Ripley;settlement;530.333;-1.4;17;no;;;1;ghsl-ucdb. unesco-whs. wikidata
United Kingdom;Portsmouth;settlement;50.799;-10.913;17;no;;A12;0;ghsl-ucdb. wikidata
United Kingdom;Exeter;settlement;507.236;-35.275;17;no;;A12;0;ghsl-ucdb. wikidata
United Kingdom;Scarborough;settlement;542.797;-0.4044;17;no;;A12;0;ghsl-ucdb. wikidata
United Kingdom;Glenrothes;settlement;561.951;-31.732;17;no;;A12;0;ghsl-ucdb. wikidata
United Kingdom;Bideford;settlement;510.168;-42.083;17;no;;;0;ghsl-ucdb. wdpa. wikidata
United Kingdom;St Kilda;site;578.172;-85.767;17;no;;A9;2;unesco-whs. wikidata
United Kingdom;Winchester;settlement;510.651;-13.187;17;yes;13;;0;ghsl-ucdb. wikidata
United Kingdom;Clacton-on-Sea;settlement;517.897;1.156;16;no;;A10;0;ghsl-ucdb. wdpa. wikidata
United Kingdom;Faversham;settlement;513.148;0.8886;16;no;;A10;0;ghsl-ucdb. wdpa. wikidata
United Kingdom;Sheffield;settlement;53.383;-14.659;16;no;;;0;ghsl-ucdb. wdpa. wikidata
United Kingdom;Paignton;settlement;504.357;-35.679;16;no;;;0;ghsl-ucdb. wdpa. wikidata
United Kingdom;Banbury;settlement;520.632;-13.422;16;no;;;0;ghsl-ucdb. wikidata
United Kingdom;Coleraine;settlement;551.333;-66.667;16;no;;A9;1;ghsl-ucdb. unesco-whs. wikidata
United Kingdom;Derby;settlement;529.228;-14.766;16;no;;A12;0;ghsl-ucdb. wikidata
United Kingdom;Buckley;settlement;531.667;-30.833;16;no;;A12;0;ghsl-ucdb. wikidata
United Kingdom;Yeovil;settlement;509.416;-26.321;16;no;;A12;0;ghsl-ucdb. wikidata
United Kingdom;Peterhead;settlement;575.052;-17.844;16;no;;A12;0;ghsl-ucdb. wikidata
United Kingdom;Witney;settlement;517.836;-14.854;16;no;;;1;ghsl-ucdb. unesco-whs. wikidata
United Kingdom;Horsham;settlement;510.631;-0.3276;16;no;;A10;0;ghsl-ucdb. wikidata
United Kingdom;Chichester;settlement;508.367;-0.78;15;no;;;0;ghsl-ucdb. wikidata
United Kingdom;Kirkcaldy;settlement;561.168;-3.16;15;no;;;0;ghsl-ucdb. wdpa. wikidata
United Kingdom;Thetford;settlement;524.167;0.75;15;no;;;0;ghsl-ucdb. wdpa. wikidata
United Kingdom;Preston;settlement;537.628;-27.045;15;no;;A10;0;ghsl-ucdb. wikidata
United Kingdom;Nottingham;settlement;529.536;-11.505;15;no;;A12;0;ghsl-ucdb. wikidata
United Kingdom;Wolverhampton;settlement;525.855;-2.123;15;no;;A12;0;ghsl-ucdb. wikidata
United Kingdom;Becontree;settlement;515.529;0.129;15;no;;A12;0;ghsl-ucdb. wikidata
United Kingdom;Bridgend;settlement;515.058;-35.772;15;no;;A12;0;ghsl-ucdb. wikidata
United Kingdom;Alloa;settlement;561.159;-3.79;15;no;;A12;0;ghsl-ucdb. wikidata
United Kingdom;Ely;settlement;523.996;0.262;15;no;;A10;0;ghsl-ucdb. wdpa. wikidata
United Kingdom;Poole;settlement;507.143;-19.846;14;no;;;0;ghsl-ucdb. wdpa. wikidata
United Kingdom;Doncaster;settlement;535.228;-11.312;14;no;;A10;0;ghsl-ucdb. wikidata
United Kingdom;Cannock;settlement;526.904;-20.309;14;no;;A10;0;ghsl-ucdb. wikidata
United Kingdom;Bexhill-on-Sea;settlement;508.502;0.4709;14;no;;;0;ghsl-ucdb. wdpa. wikidata
United Kingdom;Wigan;settlement;53.543;-26.371;14;no;;A10;0;ghsl-ucdb. wikidata
United Kingdom;Cheltenham;settlement;519.001;-20.797;14;no;;;0;ghsl-ucdb. wikidata
United Kingdom;Folkestone;settlement;510.817;11.673;14;no;;;0;ghsl-ucdb. wdpa. wikidata
United Kingdom;King's Lynn;settlement;527.517;0.3952;14;no;;;0;ghsl-ucdb. wdpa. wikidata
United Kingdom;Tiverton;settlement;509.024;-34.923;14;no;;;0;ghsl-ucdb. wdpa. wikidata
United Kingdom;Portadown;settlement;54.423;-64.443;14;no;;;0;ghsl-ucdb. wikidata
United Kingdom;Northampton;settlement;52.25;-0.8833;13;no;;A12;0;ghsl-ucdb. wikidata
United Kingdom;Ipswich;settlement;520.592;11.555;13;no;;A12;0;ghsl-ucdb. wikidata
United Kingdom;Lincoln;settlement;532.268;-0.5379;13;no;;A12;0;ghsl-ucdb. wikidata
United Kingdom;Bangor;settlement;546.608;-5.668;13;no;;A12;0;ghsl-ucdb. wikidata
United Kingdom;Falmouth;settlement;501.544;-50.711;13;no;;A12;0;ghsl-ucdb. wikidata
United Kingdom;Sevenoaks;settlement;512.727;0.1888;13;no;;A12;0;ghsl-ucdb. wikidata
United Kingdom;Potters Bar;settlement;516.935;-0.1784;13;no;;A12;0;ghsl-ucdb. wikidata
United Kingdom;Coalville;settlement;527.225;-13.702;13;no;;;0;ghsl-ucdb. wikidata
United Kingdom;Great Malvern;settlement;521.116;-23.251;13;no;;;0;ghsl-ucdb. wikidata
United Kingdom;Henderson Island;site;-243.667;-1.283.333;12;no;;A9;1;unesco-whs. wikidata
United Kingdom;Bexley;settlement;514.416;0.1487;12;no;;A12;0;ghsl-ucdb. wikidata
United Kingdom;Guildford;settlement;512.354;-0.5743;12;no;;A12;0;ghsl-ucdb. wikidata
United Kingdom;Chester;settlement;531.905;-28.919;12;no;;A12;0;ghsl-ucdb. wikidata
United Kingdom;Taunton;settlement;510.149;-31.029;12;no;;A12;0;ghsl-ucdb. wikidata
United Kingdom;Bridlington;settlement;540.831;-0.1919;12;no;;A12;0;ghsl-ucdb. wikidata
United Kingdom;Pontypridd;settlement;516.021;-33.421;12;no;;A12;0;ghsl-ucdb. wikidata
United Kingdom;Newtownards;settlement;545.924;-56.909;12;no;;A12;0;ghsl-ucdb. wikidata
United Kingdom;Frome;settlement;512.283;-23.221;12;no;;A12;0;ghsl-ucdb. wikidata
United Kingdom;Sleaford;settlement;529.983;-0.4094;12;no;;A12;0;ghsl-ucdb. wikidata
United Kingdom;Mar Lodge Estate;site;57.005;-36.155;12;no;;A9;0;wdpa. wikidata
United Kingdom;Felixstowe;settlement;519.637;13.511;12;no;;;0;ghsl-ucdb. wdpa. wikidata
United Kingdom;Barnstaple;settlement;510.802;-40.581;11;no;;;0;ghsl-ucdb. wdpa. wikidata
United Kingdom;High Wycombe;settlement;516.291;-0.7493;11;no;;;0;ghsl-ucdb. wikidata
United Kingdom;Lowestoft;settlement;524.752;17.517;11;no;;;0;ghsl-ucdb. wikidata
United Kingdom;Beverley;settlement;538.459;-0.4233;11;no;;;0;ghsl-ucdb. wikidata
United Kingdom;Littlehampton;settlement;508.114;-0.5408;11;no;;;0;ghsl-ucdb. wdpa. wikidata
United Kingdom;Bridgwater;settlement;511.284;-30.036;11;no;;;0;ghsl-ucdb. wdpa. wikidata
United Kingdom;Deal;settlement;512.232;14.028;11;no;;;0;ghsl-ucdb. wdpa. wikidata
United Kingdom;Peterborough;settlement;525.736;-0.2478;11;no;;A12;0;ghsl-ucdb. wikidata
United Kingdom;Gloucester;settlement;518.657;-22.431;11;no;;A12;0;ghsl-ucdb. wikidata
United Kingdom;Weston-super-Mare;settlement;51.346;-29.766;11;no;;A12;0;ghsl-ucdb. wikidata
United Kingdom;Livingston;settlement;559.029;-35.226;11;no;;A12;0;ghsl-ucdb. wikidata
United Kingdom;Hamilton;settlement;557.667;-40.333;11;no;;A12;0;ghsl-ucdb. wikidata
United Kingdom;Stafford;settlement;528.052;-21.164;11;no;;A12;0;ghsl-ucdb. wikidata
United Kingdom;Brentwood;settlement;516.213;0.3056;11;no;;A12;0;ghsl-ucdb. wikidata
United Kingdom;Newark on Trent;settlement;530.667;-0.8167;11;no;;A12;0;ghsl-ucdb. wikidata
United Kingdom;Borehamwood;settlement;516.547;-0.2776;11;no;;A12;0;ghsl-ucdb. wikidata
United Kingdom;Stratford-upon-Avon;settlement;521.917;-17.073;11;no;;A12;0;ghsl-ucdb. wikidata
United Kingdom;Egham;settlement;514.316;-0.5524;11;no;;A12;0;ghsl-ucdb. wikidata
United Kingdom;Evesham;settlement;520.924;-19.489;11;no;;A12;0;ghsl-ucdb. wikidata
United Kingdom;Yate;settlement;515.407;-24.184;11;no;;A12;0;ghsl-ucdb. wikidata
United Kingdom;Stowmarket;settlement;521.889;0.9977;11;no;;A12;0;ghsl-ucdb. wikidata
United Kingdom;Stamford;settlement;52.65;-0.4833;11;no;;A12;0;ghsl-ucdb. wikidata
United Kingdom;Ampthill;settlement;520.269;-0.4957;11;no;;A12;0;ghsl-ucdb. wikidata
United Kingdom;Prestatyn;settlement;533.375;-34.078;11;no;;A12;0;ghsl-ucdb. wikidata
United Kingdom;Larne;settlement;54.85;-58.167;11;no;;A12;0;ghsl-ucdb. wikidata
United Kingdom;Grangemouth;settlement;560.114;-37.218;11;no;;A12;0;ghsl-ucdb. wikidata
United Kingdom;Erskine;settlement;559.005;-44.503;11;no;;A12;0;ghsl-ucdb. wikidata
United Kingdom;Ashford;settlement;511.465;0.8738;10;no;;;0;ghsl-ucdb. wdpa. wikidata
United Kingdom;Newquay;settlement;504.156;-50.732;10;no;;;0;ghsl-ucdb. wdpa. wikidata
United Kingdom;Gillingham;settlement;513.891;0.5486;10;no;;;0;ghsl-ucdb. wdpa. wikidata
United Kingdom;Warrington;settlement;533.925;-25.802;10;yes;16;;0;ghsl-ucdb. wikidata
United Kingdom;Crewe;settlement;530.979;-24.416;10;no;;;0;ghsl-ucdb. wikidata
United Kingdom;Kettering;settlement;523.984;-0.7257;10;no;;;0;ghsl-ucdb. wikidata
United Kingdom;Maesteg;settlement;516.093;-36.582;10;no;;;0;ghsl-ucdb. wikidata
United States;New York City;settlement;407.143;-74.006;100;yes;1;A12;1;ghsl-ucdb. unesco-whs. wikidata
United States;Papillion;settlement;411.544;-960.422;93;yes;2;A10;0;cuisine. ghsl-ucdb. wikidata
United States;Sheldon Contiguous;site;41.928;-1.196.302;93;yes;3;A9;0;wdpa
United States;Blue Ridge;site;437.901;-744.693;85;yes;11;A9;0;wdpa. wikidata
United States;Hutchinson;settlement;380.608;-979.298;83;yes;4;;0;cuisine. ghsl-ucdb. wikidata
United States;Ridgecrest;settlement;356.225;-1.176.709;81;yes;5;A9;0;ghsl-ucdb. wdpa
United States;Steens Mountain;site;425.504;-1.187.503;81;no;;A9;0;wdpa
United States;Muddy Creek;site;386.435;-1.108.794;77;yes;7;A9;0;wdpa. wikidata
United States;Canyonlands;site;38.234;-1.098.961;77;no;;A9;0;wdpa
United States;Capitol Reef;site;380.665;-1.111.427;77;no;;A9;0;wdpa
United States;Valentine National Wildlife Refuge_;site;424.903;-1.006.188;75;no;;A9;0;cuisine. wdpa
United States;Kansas City;settlement;390.997;-945.786;74;no;;A12;0;cuisine. ghsl-ucdb. wikidata
United States;Omaha;settlement;412.563;-959.404;73;no;;;0;cuisine. ghsl-ucdb. wdpa
United States;Saint Joseph;settlement;397.686;-948.466;73;no;;;0;cuisine. ghsl-ucdb. wdpa
United States;Emporia;settlement;384.039;-961.817;73;no;;;0;cuisine. ghsl-ucdb. wdpa
United States;Great Bend;settlement;383.645;-987.648;73;no;;;0;cuisine. ghsl-ucdb. wdpa
United States;Lincoln;settlement;40.8;-96.667;73;no;;A12;0;cuisine. ghsl-ucdb. wikidata
United States;Topeka;settlement;390.483;-95.678;73;no;;A12;0;cuisine. ghsl-ucdb. wikidata
United States;Liberty;settlement;392.461;-944.191;73;no;;A12;0;cuisine. ghsl-ucdb. wikidata
United States;Wichita;settlement;376.922;-973.375;73;no;;A12;0;cuisine. ghsl-ucdb
United States;Overland Park;settlement;389.822;-946.708;73;no;;A12;0;cuisine. ghsl-ucdb
United States;Olathe;settlement;388.814;-948.191;73;no;;A12;0;cuisine. ghsl-ucdb
United States;Independence;settlement;390.911;-944.155;73;no;;A12;0;cuisine. ghsl-ucdb
United States;Lawrence;settlement;389.717;-952.352;73;no;;A12;0;cuisine. ghsl-ucdb
United States;Sioux City;settlement;42.5;-964.003;73;no;;A12;0;cuisine. ghsl-ucdb
United States;Manhattan;settlement;391.836;-965.717;73;no;;A12;0;cuisine. ghsl-ucdb
United States;Bellevue;settlement;411.367;-958.908;73;no;;A12;0;cuisine. ghsl-ucdb
United States;Grand Island;settlement;40.925;-98.342;73;no;;A12;0;cuisine. ghsl-ucdb
United States;Salina;settlement;388.403;-976.114;73;no;;A12;0;cuisine. ghsl-ucdb
United States;Leavenworth;settlement;393.111;-949.225;73;no;;A12;0;cuisine. ghsl-ucdb
United States;Kearney;settlement;406.995;-990.815;73;no;;A12;0;cuisine. ghsl-ucdb
United States;Raytown;settlement;390.086;-944.636;73;no;;A12;0;cuisine. ghsl-ucdb
United States;Dodge City;settlement;377.528;-1.000.171;73;no;;A12;0;cuisine. ghsl-ucdb
United States;Garden City;settlement;379.717;-1.008.727;73;no;;A12;0;cuisine. ghsl-ucdb
United States;Fremont;settlement;414.333;-964.981;73;no;;A12;0;cuisine. ghsl-ucdb
United States;Grandview;settlement;388.858;-94.533;73;no;;A12;0;cuisine. ghsl-ucdb
United States;Hastings;settlement;405.861;-983.884;73;no;;A12;0;cuisine. ghsl-ucdb
United States;Ponca City;settlement;36.707;-970.856;73;no;;A12;0;cuisine. ghsl-ucdb
United States;Junction City;settlement;390.286;-968.314;73;no;;A12;0;cuisine. ghsl-ucdb
United States;Norfolk;settlement;420.283;-97.417;73;no;;A12;0;cuisine. ghsl-ucdb
United States;North Platte;settlement;411.239;-1.007.654;73;yes;6;A12;0;cuisine. ghsl-ucdb
United States;Derby;settlement;375.456;-972.689;73;no;;A12;0;cuisine. ghsl-ucdb
United States;Belton;settlement;38.812;-945.319;73;yes;21;A12;0;cuisine. ghsl-ucdb
United States;Columbus;settlement;414.297;-973.684;73;no;;A12;0;cuisine. ghsl-ucdb
United States;Hays;settlement;388.792;-993.268;73;no;;A12;0;cuisine. ghsl-ucdb
United States;Gardner;settlement;388.108;-949.272;73;no;;A12;0;cuisine. ghsl-ucdb
United States;Liberal;settlement;370.431;-100.921;73;yes;22;A12;0;cuisine. ghsl-ucdb
United States;Newton;settlement;380.467;-97.345;73;no;;A12;0;cuisine. ghsl-ucdb
United States;Washington;settlement;388.951;-770.364;73;no;;A10. A12;0;ghsl-ucdb. wikidata
United States;Pine Forest Range;site;416.684;-118.717;73;no;;A9;0;wdpa
United States;Blue Canyon;site;432.455;-1.174.484;73;no;;A9;0;wdpa
United States;Craters of the Moon National Wilderness Area Area;site;433.938;-1.135.345;69;yes;15;A9;0;wdpa. wikidata
United States;Wall Canyon;site;412.602;-1.198.072;68;no;;A9;0;wdpa
United States;Blythe;settlement;336.103;-1.145.964;68;yes;18;A9;0;ghsl-ucdb. wdpa. wikidata
United States;Vale Of Tears;site;404.875;-1.085.312;68;no;;A9;0;wdpa. wikidata
United States;Lake Havasu City;settlement;344.839;-1.143.225;68;no;;A9;0;ghsl-ucdb. wdpa
United States;Kingston;settlement;41.927;-739.974;64;no;;A9;0;ghsl-ucdb. wdpa. wikidata
United States;Philadelphia;settlement;399.524;-751.636;64;no;;A10. A12;1;ghsl-ucdb. unesco-whs. wikidata
United States;Las Cruces;settlement;323.123;-1.067.783;64;yes;19;A9;0;ghsl-ucdb. wdpa
United States;Silver Peak Range;site;377.402;-1.179.296;64;no;;A9;0;wdpa
United States;Blue Eagle;site;385.843;-1.154.397;64;yes;20;A9;0;wdpa
United States;Chicago;settlement;41.85;-87.65;63;yes;9;A10. A12;0;ghsl-ucdb. wikidata
United States;Yosemite National Park;site;377.461;-1.195.967;60;no;;A9;1;cuisine. unesco-whs. wdpa
United States;Boulder City;settlement;359.786;-1.148.325;59;no;;A9;0;ghsl-ucdb. wdpa. wikidata
United States;Payson;settlement;342.309;-1.113.251;59;yes;31;A9;0;ghsl-ucdb. wdpa
United States;Rawhide Mountain;site;383.012;-1.164.621;59;no;;A9;0;wdpa
United States;Pahrump;settlement;362.083;-1.159.839;57;no;;A9;0;ghsl-ucdb. wdpa
United States;Antelope;site;337.699;-1.068.181;57;no;;A9;0;wdpa
United States;Bryce Canyon;site;375.707;-1.121.787;53;no;;A9;0;wdpa
United States;Great Basin;site;389.416;-1.142.396;53;no;;A9;0;wdpa
United States;Lost Forest Instant Stud;site;43.377;-1.203.215;53;no;;A9;0;wdpa
United States;Sinkyone;site;399.856;-1.239.245;53;yes;32;A9;0;wdpa
United States;Coso Range;site;362.443;-1.178.433;53;no;;A9;0;wdpa
United States;Grand Teton;site;43.811;-1.106.856;52;no;;A9;0;wdpa
United States;Troublesome;site;402.646;-1.063.145;52;yes;26;A9;0;wdpa
United States;San Francisco;settlement;377.749;-1.224.194;49;no;;A10. A12;0;ghsl-ucdb. wikidata
United States;Bullhead City;settlement;351.478;-1.145.683;48;no;;A9;0;ghsl-ucdb. wdpa
United States;Montrose;settlement;384.783;-1.078.762;48;no;;A9;0;ghsl-ucdb. wdpa
United States;Hurricane;settlement;371.753;-113.29;48;no;;A9;0;ghsl-ucdb. wdpa
United States;North Cascades;site;486.852;-1.211.361;48;no;;A9;0;wdpa
United States;Upper West Little Owyhee;site;421.507;-1.174.319;48;no;;A9;0;wdpa
United States;Castle Peak;site;397.859;-106.814;48;no;;A9;0;wdpa
United States;Saint Paul;settlement;449.444;-930.933;47;no;;A10;0;cuisine. ghsl-ucdb. wikidata
United States;The Bronx;settlement;408.499;-738.664;47;no;;A12;0;ghsl-ucdb. wikidata
United States;Waterton Glacier International Peace Park;site;487.561;-1.137.798;47;yes;30;A9;2;unesco-whs. wdpa. wikidata
United States;Handies Peak;site;379.099;-107.455;47;no;;A9;0;wdpa. wikidata
United States;Homestead;settlement;254.687;-804.776;46;no;;A9;1;ghsl-ucdb. unesco-whs. wdpa
United States;Boston;settlement;423.584;-710.598;46;no;;A12;0;ghsl-ucdb. wikidata
United States;Bodie Mountain;site;382.207;-1.191.427;45;no;;A9;0;cuisine. wdpa
United States;Flagstaff;settlement;351.981;-1.116.513;44;no;;A9;0;ghsl-ucdb. wdpa. wikidata
United States;Rock Creek;site;441.832;-1.240.401;44;no;;A9;0;wdpa
United States;Burnt Lodge;site;477.539;-1.074.251;44;no;;A9;0;wdpa
United States;Los Angeles;settlement;340.522;-1.182.437;43;no;;A12;0;ghsl-ucdb. wikidata
United States;Alkali Draw;site;420.442;-1.087.913;42;no;;A9;0;wdpa. wikidata
United States;Bell/Limekiln Canyons;site;448.841;-1.129.326;42;no;;A9;0;wdpa. wikidata
United States;Boulder;settlement;40.015;-1.052.706;42;no;;A9;0;ghsl-ucdb. wdpa
United States;Isla Vista;settlement;344.133;-119.861;42;no;;A9;0;ghsl-ucdb. wdpa
United States;Grand Canyon;site;362.836;-1.128.064;42;no;;A9;0;wdpa
United States;Black Canyon;site;443.393;-1.196.504;42;no;;A9;0;wdpa
United States;Boulder Creek;site;433.499;-1.224.922;42;no;;A9;0;wdpa
United States;Encampment River;site;410.741;-1.067.855;42;no;;A9;0;wdpa
United States;Q897289;site;352.858;-1.156.846;41;no;;A10. A9;0;wdpa. wikidata
United States;Durango;settlement;372.753;-1.078.801;40;no;;A9;1;ghsl-ucdb. unesco-whs. wdpa
United States;Chaco Culture;site;353.694;-1.077.781;40;no;;A9;1;unesco-whs. wdpa
United States;Fish Springs;site;39.73;-1.134.356;40;no;;A9;0;wdpa
United States;Dinkey Lakes;site;371.809;-1.190.357;39;no;;A9;0;cuisine. wdpa
United States;Port Angeles;settlement;481.181;-1.234.307;38;no;;A9;1;ghsl-ucdb. unesco-whs. wdpa
United States;Yellowstone National Park;site;444.606;-1.108.278;38;no;;A9;1;unesco-whs. wdpa
United States;Orejana Canyon;site;428.758;-1.194.801;37;no;;A9;0;wdpa
United States;Key West;settlement;245.552;-817.816;37;no;;A9;0;ghsl-ucdb. wdpa. wikidata
United States;Fish Creek Canyon;site;374.694;-1.097.732;36;no;;A9;0;wdpa. wikidata
United States;Rutland;settlement;436.106;-729.726;36;no;;A9;0;ghsl-ucdb. wdpa. wikidata
United States;Arches;site;387.258;-1.095.652;36;no;;A9;0;wdpa. wikidata
United States;Tortugas Marine Reserves Habitat Areas of Particular Concern Marine Reserve;site;245.333;-83.075;36;no;;A9;0;wdpa. wikidata
United States;Lankin Dome;site;42.533;-1.075.907;36;no;;A9;0;wdpa. wikidata
United States;Enterprise;settlement;360.252;-1.152.419;36;no;;A9;0;ghsl-ucdb. wdpa
United States;Saint George;settlement;371.041;-1.135.841;36;no;;A9;0;ghsl-ucdb. wdpa
United States;Grand Junction;settlement;390.639;-1.085.507;36;no;;A9;0;ghsl-ucdb. wdpa
United States;Buckeye;settlement;333.703;-1.125.838;36;no;;A9;0;ghsl-ucdb. wdpa
United States;Twentynine Palms;settlement;341.356;-1.160.542;36;no;;A9;0;ghsl-ucdb. wdpa
United States;Mesquite;settlement;368.055;-1.140.672;36;no;;A9;0;ghsl-ucdb. wdpa
United States;Ukiah;settlement;391.502;-1.232.078;36;no;;A9;0;ghsl-ucdb. wdpa
United States;Susanville;settlement;404.163;-120.653;36;no;;A9;0;ghsl-ucdb. wdpa
United States;Mckenna Peak;site;379.016;-1.085.101;36;no;;A9;0;wdpa
United States;Arrastra Mountain;site;343.813;-113.394;36;no;;A9;0;wdpa
United States;Goat Rocks;site;465.257;-121.435;36;no;;A9;0;wdpa
United States;Lassen Volcanic;site;404.971;-1.214.094;36;no;;A9;0;wdpa
United States;Alkali Creek;site;443.781;-1.076.056;36;no;;A9;0;wdpa
United States;Antelope Creek;site;477.392;-1.088.045;36;no;;A9;0;wdpa
United States;Deer Creek;site;431.905;-1.149.668;36;no;;A9;0;wdpa
United States;Papahānaumokuākea;site;253.491;-1.701.458;36;no;;A9;2;unesco-whs. wdpa
United States;Austin;settlement;302.672;-977.431;36;no;;A12;0;cuisine. ghsl-ucdb. wikidata
United States;Miami;settlement;257.743;-801.937;35;yes;8;;0;ghsl-ucdb. wikidata
United States;San Antonio;settlement;294.241;-984.936;34;yes;24;A12;1;cuisine. ghsl-ucdb. unesco-whs. wikidata
United States;Taos Pueblo;site;36.438;-105.546;34;no;;A9;1;unesco-whs. wdpa
United States;Clan Alpine Mountains;site;396.209;-1.178.622;33;no;;A9;0;wdpa
United States;Arrow Canyon;site;366.834;-114.835;33;no;;A9;0;wdpa
United States;Dolly Sods;site;390.178;-793.532;33;no;;A9;0;wdpa
United States;Caribou-Speckled Mountain;site;443.139;-709.398;33;no;;A9;0;wdpa
United States;Detroit;settlement;423.314;-830.457;32;yes;10;;0;ghsl-ucdb. wikidata
United States;Swanquarter National Wildlife Refuge.Wilderness Area;site;353.535;-763.031;32;no;;A9;0;wdpa
United States;Carlsbad;settlement;324.207;-1.042.288;31;no;;A9;1;ghsl-ucdb. unesco-whs. wdpa
United States;Burlington;settlement;444.759;-732.121;31;no;;A9;0;ghsl-ucdb. wdpa. wikidata
United States;Hunter-Fryingpan;site;392.202;-1.066.324;31;no;;A9;0;wdpa. wikidata
United States;Portland;settlement;455.234;-1.226.762;30;no;;A10;0;ghsl-ucdb. wikidata
United States;Milwaukee;settlement;430.389;-879.065;30;no;;A10;0;ghsl-ucdb. wikidata
United States;Albuquerque;settlement;350.845;-1.066.511;30;no;;A10;0;ghsl-ucdb. wikidata
United States;Cañon City;settlement;38.441;-1.052.425;30;no;;A9;0;ghsl-ucdb. wdpa. wikidata
United States;Yuma;settlement;327.253;-1.146.244;29;no;;A9;0;ghsl-ucdb. wdpa
United States;Gainesville;settlement;342.979;-838.241;29;no;;A9;0;ghsl-ucdb. wdpa
United States;Grants Pass;settlement;424.393;-1.233.307;29;no;;A9;0;ghsl-ucdb. wdpa
United States;Maryville;settlement;357.565;-839.705;29;no;;A9;0;ghsl-ucdb. wdpa
United States;South Lake Tahoe;settlement;389.332;-1.199.844;29;no;;A9;0;ghsl-ucdb. wdpa
United States;Elko;settlement;408.324;-1.157.631;29;no;;A9;0;ghsl-ucdb. wdpa
United States;Plattsburgh;settlement;446.995;-734.529;29;no;;A9;0;ghsl-ucdb. wdpa
United States;Guadalupe Mountains;site;319.068;-1.048.683;29;no;;A9;0;wdpa
United States;Twin Peaks;site;406.592;-1.199.353;29;no;;A9;0;wdpa
United States;Owyhee Canyon;site;41.87;-1.165.689;29;no;;A9;0;wdpa
United States;Blue Creek;site;327.027;-1.088.888;29;no;;A9;0;wdpa
United States;Cowboy Spring;site;315.925;-1.086.507;29;no;;A9;0;wdpa
United States;Winter Ridge;site;395.636;-109.483;29;no;;A9;0;wdpa
United States;Browns Canyon;site;387.013;-1.060.421;29;no;;A9;0;wdpa
United States;Big Rocks;site;377.046;-1.149.573;29;no;;A9;0;wdpa
United States;Bob Marshall;site;476.964;-1.131.774;29;no;;A9;0;wdpa
United States;Bridger;site;429.919;-1.094.825;29;no;;A9;0;wdpa
United States;Capitan Mountains;site;335.937;-1.053.317;29;no;;A9;0;wdpa
United States;Inyo Mountains;site;369.197;-1.180.319;29;no;;A9;0;wdpa
United States;Chuck River;site;575.773;-1.333.668;29;no;;A9;0;wdpa
United States;North Pole Ridge;site;451.198;-1.204.733;29;no;;A9;0;wdpa
United States;Bobcat Draw Badlands;site;441.535;-1.084.599;29;no;;A9;0;wdpa
United States;Pole Creek;site;425.429;-1.165.664;29;no;;A9;0;wdpa
United States;Burnt Creek;site;441.598;-1.136.087;29;no;;A9;0;wdpa
United States;Pittsfield;settlement;424.501;-732.454;29;no;;A10;0;ghsl-ucdb. wikidata
United States;Hilo;settlement;197.299;-1.550.907;28;no;;A9;0;ghsl-ucdb. wdpa. wikidata
United States;Greenfield;settlement;363.208;-1.212.438;28;no;;A9;0;cuisine. ghsl-ucdb. wdpa
United States;The Dalles;settlement;455.946;-1.211.787;27;no;;A9;0;ghsl-ucdb. wdpa. wikidata
United States;Vicksburg;settlement;323.526;-908.779;27;no;;;1;cuisine. ghsl-ucdb. unesco-whs. wdpa. wikidata
United States;Great Sand Dunes;site;37.766;-1.055.757;27;no;;A9;0;wdpa
United States;Kalispell;settlement;481.958;-1.143.129;27;no;;A9;0;ghsl-ucdb. wdpa
United States;Klamath Falls;settlement;422.249;-1.217.817;27;no;;A9;0;ghsl-ucdb. wdpa
United States;Charlottesville;settlement;380.293;-784.767;26;yes;12;;1;ghsl-ucdb. unesco-whs. wikidata
United States;Tracy;settlement;377.399;-1.214.262;26;yes;13;;0;cuisine. ghsl-ucdb. wikidata
United States;Gilroy;settlement;370.058;-1.215.683;26;no;;;0;cuisine. ghsl-ucdb. wikidata
United States;Chaska;settlement;447.894;-936.022;26;yes;14;;0;cuisine. ghsl-ucdb. wikidata
United States;Slidell;settlement;302.752;-897.812;26;no;;A9;0;ghsl-ucdb. wdpa
United States;Mud Swamp/New River;site;300.816;-848.808;26;no;;A9;0;wdpa
United States;Salmo-Priest;site;488.982;-1.171.582;26;no;;A9;0;wdpa
United States;San Diego;settlement;327.157;-1.171.647;25;no;;A12;0;ghsl-ucdb. wikidata
United States;Santa Barbara;settlement;344.208;-1.196.982;25;no;;A9;0;ghsl-ucdb. wdpa. wikidata
United States;Los Banos;settlement;370.583;-1.208.499;25;no;;A9;0;cuisine. ghsl-ucdb. wdpa
United States;Columbus;settlement;399.612;-829.988;25;no;;A12;0;ghsl-ucdb. wikidata
United States;Marco Island;settlement;259.412;-817.184;24;no;;;0;ghsl-ucdb. wdpa
United States;Bowling Green;settlement;369.903;-864.436;24;no;;A9;1;ghsl-ucdb. unesco-whs. wdpa
United States;Sevierville;settlement;358.681;-835.618;24;no;;A9;1;ghsl-ucdb. unesco-whs. wdpa
United States;McKinleyville;settlement;409.465;-1.241.006;24;no;;A9;1;ghsl-ucdb. unesco-whs. wdpa
United States;Grand Canyon National Park;site;361.008;-1.120.906;24;no;;A9;1;unesco-whs. wdpa
United States;Tallahassee;settlement;304.383;-842.807;23;no;;A9;0;ghsl-ucdb. wdpa. wikidata
United States;Havelock;settlement;34.879;-769.013;23;no;;A9;0;ghsl-ucdb. wdpa
United States;Beaver Basin;site;465.729;-863.333;23;no;;A9;0;wdpa
United States;East;site;553.514;-1.624.188;23;no;;A9;0;wdpa
United States;Newport;settlement;414.901;-713.128;23;no;;;0;ghsl-ucdb. wikidata
United States;Spring Valley;settlement;36.108;-115.245;23;no;;A9;0;ghsl-ucdb. wdpa. wikidata
United States;Bend;settlement;440.582;-1.213.153;23;no;;A9;0;ghsl-ucdb. wdpa. wikidata
United States;Missoula;settlement;468.721;-113.994;23;no;;A9;0;ghsl-ucdb. wdpa. wikidata
United States;Douglas;settlement;313.446;-1.095.453;23;no;;A9;0;ghsl-ucdb. wdpa. wikidata
United States;Caney Creek;site;343.984;-940.896;23;no;;A9;0;wdpa. wikidata
United States;Farmington;settlement;377.809;-904.218;23;no;;A10. A9;0;ghsl-ucdb. wdpa. wikidata
United States;Honolulu;settlement;213.069;-1.578.583;23;no;;A12;0;cuisine. ghsl-ucdb. wikidata
United States;Spring Hill;settlement;284.769;-825.255;23;no;;A9;0;ghsl-ucdb. wdpa
United States;Fort Collins;settlement;405.853;-1.050.844;23;no;;A9;0;ghsl-ucdb. wdpa
United States;Maricopa;settlement;330.581;-1.120.476;23;no;;A9;0;ghsl-ucdb. wdpa
United States;Lompoc;settlement;346.392;-1.204.579;23;no;;A9;0;ghsl-ucdb. wdpa
United States;Tooele;settlement;405.308;-1.122.983;23;no;;A9;0;ghsl-ucdb. wdpa
United States;Walla Walla;settlement;460.646;-118.343;23;no;;A9;0;ghsl-ucdb. wdpa
United States;Russellville;settlement;352.784;-931.338;23;no;;A9;0;ghsl-ucdb. wdpa
United States;Queensbury;settlement;433.773;-736.132;23;no;;A9;0;ghsl-ucdb. wdpa
United States;Watertown;settlement;439.748;-759.108;23;no;;A9;0;ghsl-ucdb. wdpa
United States;Rock Springs;settlement;415.875;-1.092.029;23;no;;A9;0;ghsl-ucdb. wdpa
United States;Barstow;settlement;348.986;-1.170.228;23;no;;A9;0;ghsl-ucdb. wdpa
United States;Tanque Verde;settlement;322.517;-1.107.373;23;no;;A9;0;ghsl-ucdb. wdpa
United States;Kobuk Valley;site;673.914;-1.590.631;23;no;;A9;0;wdpa
United States;China Mountain;site;405.444;-117.436;23;no;;A9;0;wdpa
United States;Rough Hills;site;416.907;-1.155.677;23;no;;A9;0;wdpa
United States;South Pequop;site;406.392;-1.146.141;23;no;;A9;0;wdpa
United States;Antelope Range;site;38.883;-1.162.833;23;no;;A9;0;wdpa
United States;Continental Divide;site;336.951;-1.080.352;23;no;;A9;0;wdpa
United States;Petaca Pinta;site;347.472;-1.075.101;23;no;;A9;0;wdpa
United States;Rìo San Antonio;site;369.395;-1.060.604;23;no;;A9;0;wdpa
United States;Wah Wah Mountains;site;386.631;-1.135.727;23;no;;A9;0;wdpa
United States;Scorpion;site;375.192;-1.112.033;23;no;;A9;0;wdpa
United States;Sewemup Mesa;site;384.993;-108.925;23;no;;A9;0;wdpa
United States;Line Creek Plateau;site;450.599;-1.093.492;23;no;;A9;0;wdpa
United States;Aravaipa Canyon;site;328.858;-1.104.949;23;no;;A9;0;wdpa
United States;Bear Wallow;site;336.039;-1.094.419;23;no;;A9;0;wdpa
United States;Bristol Mountains;site;347.834;-1.159.465;23;no;;A9;0;wdpa
United States;Buffalo National River;site;360.401;-929.179;23;no;;A9;0;wdpa
United States;Cadiz Dunes;site;343.761;-1.153.848;23;no;;A9;0;wdpa
United States;Castle Crags;site;41.198;-1.223.809;23;no;;A9;0;wdpa
United States;Elk Creek;site;454.865;-1.157.674;23;no;;A9;0;wdpa
United States;Hells Canyon;site;454.522;-116.645;23;no;;A9;0;wdpa
United States;Marble Mountain;site;415.127;-1.232.317;23;no;;A9;0;wdpa
United States;Monument Rock;site;443.069;-1.183.231;23;no;;A9;0;wdpa
United States;Sawtooth;site;440.005;-1.150.758;23;no;;A9;0;wdpa
United States;Sheepshead Mountains;site;429.323;-1.181.712;23;no;;A9;0;wdpa
United States;Headwaters;site;458.203;-889.571;23;no;;A9;0;wdpa
United States;Anaconda Pintler;site;459.565;-113.476;23;no;;A9;0;wdpa
United States;Tebenkof Bay;site;564.633;-1.341.424;23;no;;A9;0;wdpa
United States;Marten River;site;551.772;-1.304.851;23;no;;A9;0;wdpa
United States;Santa Fe;settlement;35.687;-1.059.378;22;no;;A9;0;ghsl-ucdb. wdpa. wikidata
United States;Soledad;settlement;364.247;-1.213.263;22;no;;A9;0;cuisine. ghsl-ucdb. wdpa
United States;San Rafael;settlement;379.735;-1.225.311;22;no;;A9;0;ghsl-ucdb. wdpa. wikidata
United States;Bethlehem;settlement;406.259;-753.705;21;no;;;1;ghsl-ucdb. unesco-whs. wikidata
United States;Fountain Hills;settlement;336.117;-1.117.174;21;no;;;1;ghsl-ucdb. unesco-whs. wikidata
United States;Chillicothe;settlement;393.331;-829.824;21;no;;;1;ghsl-ucdb. unesco-whs. wikidata
United States;Waiau-Pacific Palisades;settlement;214.002;-1.579.545;21;no;;A12;0;cuisine. ghsl-ucdb. wikidata
United States;Dallas;settlement;327.831;-968.067;21;no;;A10. A12;0;ghsl-ucdb. wikidata
United States;Baltimore;settlement;392.904;-766.122;21;no;;A10;0;ghsl-ucdb. wikidata
United States;St. Johns;settlement;300.815;-815.477;20;no;;A10;0;ghsl-ucdb. wdpa. wikidata
United States;Puyallup;settlement;471.854;-1.222.929;20;yes;16;;0;ghsl-ucdb. wikidata
United States;Natchitoches;settlement;317.607;-930.863;20;no;;A9;0;cuisine. ghsl-ucdb. wdpa
United States;South Boston;settlement;423.334;-710.495;20;no;;A10;0;ghsl-ucdb. wikidata
United States;Buffalo;settlement;428.865;-788.784;20;no;;A10;0;ghsl-ucdb. wikidata
United States;Los Lunas;settlement;348.062;-1.067.334;20;no;;A9;0;ghsl-ucdb. wdpa. wikidata
United States;Altamont;settlement;422.068;-1.217.372;20;no;;A9;0;ghsl-ucdb. wdpa. wikidata
United States;Sunnyvale;settlement;373.688;-1.220.363;19;no;;A10;0;ghsl-ucdb. wikidata
United States;Royal Oak;settlement;424.895;-831.446;19;no;;A10;0;ghsl-ucdb. wikidata
United States;Findlay;settlement;410.442;-836.499;19;no;;A10;0;ghsl-ucdb. wikidata
United States;San Juan Capistrano;settlement;335.017;-1.176.625;19;no;;A10;0;ghsl-ucdb. wikidata
United States;Dolton;settlement;416.389;-876.073;19;no;;A10;0;ghsl-ucdb. wikidata
United States;Darien;settlement;41.752;-87.974;19;no;;A10;0;ghsl-ucdb. wikidata
United States;Germantown;settlement;432.286;-881.104;19;no;;A10;0;ghsl-ucdb. wikidata
United States;Westminster;settlement;395.754;-769.958;19;no;;A10;0;ghsl-ucdb. wikidata
United States;Amsterdam;settlement;429.387;-741.882;19;no;;A10;0;ghsl-ucdb. wikidata
United States;Fairview Heights;settlement;385.889;-899.904;19;no;;A10;0;ghsl-ucdb. wikidata
United States;Lansdale;settlement;402.415;-752.838;19;no;;A10;0;ghsl-ucdb. wikidata
United States;Southchase;settlement;283.931;-813.834;19;no;;A10;0;ghsl-ucdb. wikidata
United States;Kīhei;settlement;207.646;-1.564.458;19;no;;A9;0;ghsl-ucdb. wdpa
United States;Kenai Fjords;site;598.685;-1.502.466;19;no;;A9;0;wdpa
United States;Twin Coulee;site;467.079;-1.092.128;19;no;;A9;0;wdpa
United States;Lower Wisconsin Riverway;site;43.148;-904.214;19;no;;A9;0;wdpa
United States;Cincinnati;settlement;391.271;-845.144;19;yes;17;;0;ghsl-ucdb. wikidata
United States;Visalia;settlement;363.302;-1.192.921;18;no;;A9;0;cuisine. ghsl-ucdb. wdpa
United States;Merced;settlement;373.022;-120.483;18;no;;A9;0;cuisine. ghsl-ucdb. wdpa
United States;Porterville;settlement;360.652;-1.190.168;18;no;;A9;0;cuisine. ghsl-ucdb. wdpa
United States;Dinuba;settlement;365.433;-1.193.871;18;no;;A9;0;cuisine. ghsl-ucdb. wdpa
United States;Mililani Mauka / Launani Valley;settlement;214.789;-157.988;18;no;;A9;0;cuisine. ghsl-ucdb. wdpa
United States;Indian Mounds;site;313.349;-937.358;18;no;;A9;0;cuisine. wdpa
United States;Sequoia;site;364.961;-1.185.772;18;no;;A9;0;cuisine. wdpa
United States;Lake Charles;settlement;302.131;-932.044;18;no;;;0;cuisine. ghsl-ucdb. wdpa
United States;Monroe;settlement;325.093;-921.193;18;no;;;0;cuisine. ghsl-ucdb. wdpa
United States;Alexandria;settlement;313.113;-924.451;18;no;;;0;cuisine. ghsl-ucdb. wdpa
United States;Orange;settlement;30.093;-937.365;18;no;;;0;cuisine. ghsl-ucdb. wdpa
United States;Natchez;settlement;315.602;-914.033;18;no;;;0;cuisine. ghsl-ucdb. wdpa
United States;Collinsville;settlement;386.703;-899.845;17;no;;;1;ghsl-ucdb. unesco-whs
United States;Apache Junction;settlement;334.151;-1.115.496;17;no;;A9;0;ghsl-ucdb. wdpa. wikidata
United States;Duluth;settlement;467.833;-921.066;17;no;;;0;cuisine. ghsl-ucdb. wdpa
United States;Eden Prairie;settlement;448.547;-934.708;17;no;;;0;cuisine. ghsl-ucdb. wdpa
United States;East Honolulu;settlement;212.891;-1.577.173;17;no;;;0;cuisine. ghsl-ucdb. wdpa
United States;New Iberia;settlement;300.035;-918.187;17;no;;;0;cuisine. ghsl-ucdb. wdpa
United States;Elk River;settlement;453.038;-935.672;17;no;;;0;cuisine. ghsl-ucdb. wdpa
United States;Corcoran;settlement;36.098;-1.195.604;17;no;;;0;cuisine. ghsl-ucdb. wdpa
United States;Opelousas;settlement;305.335;-920.815;17;no;;;0;cuisine. ghsl-ucdb. wdpa
United States;Zachary;settlement;306.485;-911.565;17;no;;;0;cuisine. ghsl-ucdb. wdpa
United States;Baton Rouge;settlement;304.433;-911.875;17;no;;A12;0;cuisine. ghsl-ucdb. wikidata
United States;Kerrville;settlement;300.474;-991.403;17;no;;A12;0;cuisine. ghsl-ucdb. wikidata
United States;Oakdale;settlement;377.666;-1.208.471;17;no;;A12;0;cuisine. ghsl-ucdb. wikidata
United States;Kingsland;settlement;30.8;-816.898;16;no;;A9;1;ghsl-ucdb. unesco-whs. wikidata
United States;Hawaii Volcanoes National Park;site;193.333;-155.5;16;no;;A9;1;unesco-whs. wikidata
United States;Seattle;settlement;476.062;-1.223.321;16;no;;;0;ghsl-ucdb. wikidata
United States;Oakland;settlement;378.044;-1.222.708;16;no;;;0;ghsl-ucdb. wikidata
United States;Minneapolis;settlement;44.98;-932.638;16;no;;A12;0;cuisine. ghsl-ucdb
United States;Fresno;settlement;367.477;-1.197.724;16;no;;A12;0;cuisine. ghsl-ucdb
United States;Stockton;settlement;379.577;-1.212.908;16;no;;A12;0;cuisine. ghsl-ucdb
United States;Modesto;settlement;376.391;-1.209.969;16;no;;A12;0;cuisine. ghsl-ucdb
United States;Killeen;settlement;311.171;-977.278;16;no;;A12;0;cuisine. ghsl-ucdb
United States;Salinas;settlement;366.777;-1.216.555;16;no;;A12;0;cuisine. ghsl-ucdb
United States;Round Rock;settlement;305.083;-976.789;16;no;;A12;0;cuisine. ghsl-ucdb
United States;Midland;settlement;319.974;-1.020.779;16;no;;A12;0;cuisine. ghsl-ucdb
United States;Waco;settlement;315.493;-971.467;16;no;;A12;0;cuisine. ghsl-ucdb
United States;Abilene;settlement;324.487;-997.331;16;no;;A12;0;cuisine. ghsl-ucdb
United States;Lafayette;settlement;302.241;-920.198;16;no;;A12;0;cuisine. ghsl-ucdb
United States;Bloomington;settlement;448.408;-932.983;16;no;;A12;0;cuisine. ghsl-ucdb
United States;Odessa;settlement;318.457;-1.023.676;16;no;;A12;0;cuisine. ghsl-ucdb
United States;Makakilo / Kapolei / Honokai Hale;settlement;213.374;-1.580.968;16;no;;A12;0;cuisine. ghsl-ucdb
United States;West Coon Rapids;settlement;451.597;-933.497;16;no;;A12;0;cuisine. ghsl-ucdb
United States;San Angelo;settlement;314.638;-100.437;16;no;;A12;0;cuisine. ghsl-ucdb
United States;Manteca;settlement;377.974;-121.216;16;no;;A12;0;cuisine. ghsl-ucdb
United States;Eagan;settlement;448.041;-931.669;16;no;;A12;0;cuisine. ghsl-ucdb
United States;Lakeville;settlement;446.497;-932.427;16;no;;A12;0;cuisine. ghsl-ucdb
United States;Saint Cloud;settlement;455.608;-941.625;16;no;;A12;0;cuisine. ghsl-ucdb
United States;Brooklyn Park;settlement;450.941;-933.563;16;no;;A12;0;cuisine. ghsl-ucdb
United States;Plymouth;settlement;450.105;-934.555;16;no;;A12;0;cuisine. ghsl-ucdb
United States;Turlock;settlement;374.947;-1.208.466;16;no;;A12;0;cuisine. ghsl-ucdb
United States;Temple;settlement;310.982;-973.428;16;no;;A12;0;cuisine. ghsl-ucdb
United States;New Braunfels;settlement;29.703;-981.244;16;no;;A12;0;cuisine. ghsl-ucdb
United States;Maple Grove;settlement;450.725;-934.558;16;no;;A12;0;cuisine. ghsl-ucdb
United States;Kenner;settlement;299.941;-902.417;16;no;;A12;0;cuisine. ghsl-ucdb
United States;Cedar Park;settlement;305.052;-978.203;16;no;;A12;0;cuisine. ghsl-ucdb
United States;Madera;settlement;369.613;-1.200.607;16;no;;A12;0;cuisine. ghsl-ucdb
United States;Georgetown;settlement;306.327;-976.772;16;no;;A12;0;cuisine. ghsl-ucdb
United States;Tulare;settlement;362.077;-1.193.473;16;no;;A12;0;cuisine. ghsl-ucdb
United States;Coon Rapids;settlement;45.12;-932.877;16;no;;A12;0;cuisine. ghsl-ucdb
United States;Blaine;settlement;451.608;-932.349;16;no;;A12;0;cuisine. ghsl-ucdb
United States;Burnsville;settlement;447.677;-932.777;16;no;;A12;0;cuisine. ghsl-ucdb
United States;San Marcos;settlement;298.833;-979.414;16;no;;A12;0;cuisine. ghsl-ucdb
United States;Leander;settlement;305.788;-978.531;16;no;;A12;0;cuisine. ghsl-ucdb
United States;Pflugerville;settlement;304.394;-97.62;16;no;;A12;0;cuisine. ghsl-ucdb
United States;Hanford;settlement;363.274;-1.196.457;16;no;;A12;0;cuisine. ghsl-ucdb
United States;Watsonville;settlement;369.102;-1.217.569;16;no;;A12;0;cuisine. ghsl-ucdb
United States;Delano;settlement;357.688;-1.192.471;16;no;;A12;0;cuisine. ghsl-ucdb
United States;Minnetonka;settlement;449.133;-935.033;16;no;;A12;0;cuisine. ghsl-ucdb
United States;Apple Valley;settlement;447.319;-932.177;16;no;;A12;0;cuisine. ghsl-ucdb
United States;Edina;settlement;448.897;-93.35;16;no;;A12;0;cuisine. ghsl-ucdb
United States;Minnetonka Mills;settlement;449.411;-934.419;16;no;;A12;0;cuisine. ghsl-ucdb
United States;Pearl City;settlement;213.973;-1.579.752;16;no;;A12;0;cuisine. ghsl-ucdb
United States;Schertz;settlement;295.522;-982.697;16;no;;A12;0;cuisine. ghsl-ucdb
United States;Morgan Hill;settlement;371.305;-1.216.544;16;no;;A12;0;cuisine. ghsl-ucdb
United States;Shakopee;settlement;44.798;-935.269;16;no;;A12;0;cuisine. ghsl-ucdb
United States;Kailua;settlement;214.024;-1.577.405;16;no;;A12;0;cuisine. ghsl-ucdb
United States;Waipahu;settlement;213.867;-1.580.092;16;no;;A12;0;cuisine. ghsl-ucdb
United States;Hollister;settlement;368.524;-1.214.016;16;no;;A12;0;cuisine. ghsl-ucdb
United States;Del Rio;settlement;293.627;-1.008.968;16;no;;A12;0;cuisine. ghsl-ucdb
United States;Cottage Grove;settlement;448.277;-929.438;16;no;;A12;0;cuisine. ghsl-ucdb
United States;ʻEwa Gentry-West Loch;settlement;213.533;-1.580.284;16;no;;A12;0;cuisine. ghsl-ucdb
United States;Kyle;settlement;299.891;-978.772;16;no;;A12;0;cuisine. ghsl-ucdb
United States;Kaneohe;settlement;213.999;-1.577.989;16;no;;A12;0;cuisine. ghsl-ucdb
United States;Houma;settlement;295.958;-907.195;16;no;;A12;0;cuisine. ghsl-ucdb
United States;Cibolo;settlement;295.616;-98.227;16;no;;A12;0;cuisine. ghsl-ucdb
United States;Copperas Cove;settlement;311.241;-979.031;16;no;;A12;0;cuisine. ghsl-ucdb
United States;Andover;settlement;452.333;-932.913;16;no;;A12;0;cuisine. ghsl-ucdb
United States;Hawai‘i Kai;settlement;212.964;-1.577.018;16;no;;A12;0;cuisine. ghsl-ucdb
United States;Laplace;settlement;30.067;-904.815;16;no;;A12;0;cuisine. ghsl-ucdb
United States;Atwater;settlement;373.477;-1.206.091;16;no;;A12;0;cuisine. ghsl-ucdb
United States;Big Spring;settlement;322.504;-1.014.787;16;no;;A12;0;cuisine. ghsl-ucdb
United States;Eagle Pass;settlement;287.091;-1.004.995;16;no;;A12;0;cuisine. ghsl-ucdb
United States;Central;settlement;305.543;-910.368;16;no;;A12;0;cuisine. ghsl-ucdb
United States;Seguin;settlement;295.688;-979.647;16;no;;A12;0;cuisine. ghsl-ucdb
United States;Mililani Town;settlement;214.504;-158.015;16;no;;A12;0;cuisine. ghsl-ucdb
United States;Prairieville;settlement;30.303;-90.972;16;no;;A12;0;cuisine. ghsl-ucdb
United States;Shoreview;settlement;450.791;-931.472;16;no;;A12;0;cuisine. ghsl-ucdb
United States;Ramsey;settlement;452.611;-93.45;16;no;;A12;0;cuisine. ghsl-ucdb
United States;Lemoore;settlement;363.008;-1.197.829;16;no;;A12;0;cuisine. ghsl-ucdb
United States;Reedley;settlement;365.963;-1.194.504;16;no;;A12;0;cuisine. ghsl-ucdb
United States;Prior Lake;settlement;447.133;-934.227;16;no;;A12;0;cuisine. ghsl-ucdb
United States;White Bear Lake;settlement;450.847;-930.099;16;no;;A12;0;cuisine. ghsl-ucdb
United States;Sanger;settlement;36.708;-119.556;16;no;;A12;0;cuisine. ghsl-ucdb
United States;Selma;settlement;365.708;-1.196.121;16;no;;A12;0;cuisine. ghsl-ucdb
United States;Riverbank;settlement;37.736;-1.209.355;16;no;;A12;0;cuisine. ghsl-ucdb
United States;Hutto;settlement;305.427;-975.467;16;no;;A12;0;cuisine. ghsl-ucdb
United States;West Odessa;settlement;318.423;-1.024.988;16;no;;A12;0;cuisine. ghsl-ucdb
United States;‘Ewa Gentry;settlement;21.34;-1.580.304;16;no;;A12;0;cuisine. ghsl-ucdb
United States;Hastings;settlement;447.433;-928.524;16;no;;A12;0;cuisine. ghsl-ucdb
United States;Wahiawā-Whitmore;settlement;215.056;-1.580.335;16;no;;A12;0;cuisine. ghsl-ucdb
United States;Ruston;settlement;325.232;-926.379;16;no;;A12;0;cuisine. ghsl-ucdb
United States;Converse;settlement;29.518;-983.161;16;no;;A12;0;cuisine. ghsl-ucdb
United States;Patterson;settlement;374.716;-1.211.297;16;no;;A12;0;cuisine. ghsl-ucdb
United States;Canyon Lake;settlement;298.752;-982.625;16;no;;A12;0;cuisine. ghsl-ucdb
United States;ʻEwa Beach-Iroquois Point;settlement;213.153;-1.579.913;16;no;;A12;0;cuisine. ghsl-ucdb
United States;Mililani Mauka;settlement;214.779;-1.579.945;16;no;;A12;0;cuisine. ghsl-ucdb
United States;Lino Lakes;settlement;451.602;-930.888;16;no;;A12;0;cuisine. ghsl-ucdb
United States;Makakilo-Makaīwa Hills-Kunia;settlement;213.668;-1.580.733;16;no;;A12;0;cuisine. ghsl-ucdb
United States;Belton;settlement;31.056;-974.644;16;no;;A12;0;cuisine. ghsl-ucdb
United States;Hammond;settlement;305.046;-904.629;16;no;;A12;0;cuisine. ghsl-ucdb
United States;Schofield-Wheeler;settlement;214.839;-1.580.468;16;no;;A12;0;cuisine. ghsl-ucdb
United States;Northfield;settlement;444.583;-931.616;16;no;;A12;0;cuisine. ghsl-ucdb
United States;Sulphur;settlement;302.366;-933.774;16;no;;A12;0;cuisine. ghsl-ucdb
United States;Stephenville;settlement;322.207;-982.023;16;no;;A12;0;cuisine. ghsl-ucdb
United States;Universal City;settlement;29.548;-982.911;16;no;;A12;0;cuisine. ghsl-ucdb
United States;Willmar;settlement;451.219;-950.433;16;no;;A12;0;cuisine. ghsl-ucdb
United States;Forest Lake;settlement;452.789;-929.852;16;no;;A12;0;cuisine. ghsl-ucdb
United States;Bayou Cane;settlement;296.241;-907.512;16;no;;A12;0;cuisine. ghsl-ucdb
United States;Brownwood;settlement;317.093;-989.912;16;no;;A12;0;cuisine. ghsl-ucdb
United States;Stillwater;settlement;450.564;-92.806;16;no;;A12;0;cuisine. ghsl-ucdb
United States;Chowchilla;settlement;37.123;-1.202.602;16;no;;A12;0;cuisine. ghsl-ucdb
United States;Shenandoah;settlement;304.013;-910.009;16;no;;A12;0;cuisine. ghsl-ucdb
United States;Wahiawā;settlement;215.028;-1.580.246;16;no;;A12;0;cuisine. ghsl-ucdb
United States;Prunedale;settlement;367.758;-1.216.697;16;no;;A12;0;cuisine. ghsl-ucdb
United States;Taylor;settlement;305.708;-974.094;16;no;;A12;0;cuisine. ghsl-ucdb
United States;Coalinga;settlement;361.397;-1.203.602;16;no;;A12;0;cuisine. ghsl-ucdb
United States;Uvalde;settlement;292.097;-997.862;16;no;;A12;0;cuisine. ghsl-ucdb
United States;‘Ewa Beach;settlement;213.156;-1.580.072;16;no;;A12;0;cuisine. ghsl-ucdb
United States;Saint Michael;settlement;45.21;-93.665;16;no;;A12;0;cuisine. ghsl-ucdb
United States;Schofield Barracks;settlement;214.984;-1.580.651;16;no;;A12;0;cuisine. ghsl-ucdb
United States;Hibbing;settlement;474.271;-929.377;16;no;;A12;0;cuisine. ghsl-ucdb
United States;Jollyville;settlement;304.427;-97.775;16;no;;A12;0;cuisine. ghsl-ucdb
United States;Ham Lake;settlement;452.502;-932.499;16;no;;A12;0;cuisine. ghsl-ucdb
United States;Buffalo;settlement;451.719;-938.747;16;no;;A12;0;cuisine. ghsl-ucdb
United States;Gatesville;settlement;314.352;-977.439;16;no;;A12;0;cuisine. ghsl-ucdb
United States;Koolauloa;settlement;216.058;-1.579.265;16;no;;A12;0;cuisine. ghsl-ucdb
United States;Otsego;settlement;452.741;-935.914;16;no;;A12;0;cuisine. ghsl-ucdb
United States;Live Oak;settlement;295.652;-983.364;16;no;;A12;0;cuisine. ghsl-ucdb
United States;River Falls;settlement;448.614;-926.238;16;no;;A12;0;cuisine. ghsl-ucdb
United States;Ripon;settlement;377.416;-1.211.244;16;no;;A12;0;cuisine. ghsl-ucdb
United States;Parlier;settlement;366.116;-1.195.271;16;no;;A12;0;cuisine. ghsl-ucdb
United States;Columbia;settlement;340.007;-810.348;16;no;;A9;0;ghsl-ucdb. wdpa. wikidata
United States;Enchanted Hills;settlement;353.368;-106.593;16;no;;A9;0;ghsl-ucdb. wdpa. wikidata
United States;La Quinta;settlement;336.634;-116.31;16;no;;A9;0;ghsl-ucdb. wdpa. wikidata
United States;Helena;settlement;465.927;-1.120.361;16;no;;A9;0;ghsl-ucdb. wdpa. wikidata
United States;Rio Chama;site;365.096;-1.067.242;16;no;;A9;0;wdpa. wikidata
United States;Chiricahua Natio;site;320.157;-1.093.454;16;no;;A9;0;wdpa. wikidata
United States;Squaw/Papoose Canyon;site;375.546;-1.090.708;16;no;;A9;0;wdpa. wikidata
United States;Copper Sands;site;603.297;-1.455.515;16;no;;A9;0;wdpa. wikidata
United States;Mount Pleasant;settlement;327.941;-798.626;16;no;;A9;0;ghsl-ucdb. wdpa
United States;Cutler Bay;settlement;255.783;-803.377;16;no;;A9;0;ghsl-ucdb. wdpa
United States;Longview;settlement;461.382;-1.229.382;16;no;;A9;0;ghsl-ucdb. wdpa
United States;Aberdeen;settlement;469.754;-1.238.157;16;no;;A9;0;ghsl-ucdb. wdpa
United States;Breton National Wildlife Refuge.Wilderness Area;site;297.568;-890.205;16;no;;A9;0;wdpa
United States;Tucson;settlement;322.217;-1.109.265;15;no;;A9;0;ghsl-ucdb. wdpa
United States;Oxnard;settlement;341.975;-119.177;15;no;;A9;0;ghsl-ucdb. wdpa
United States;Gresham;settlement;454.982;-1.224.315;15;no;;A9;0;ghsl-ucdb. wdpa
United States;Temecula;settlement;334.936;-1.171.484;15;no;;A9;0;ghsl-ucdb. wdpa
United States;Asheville;settlement;356.009;-82.554;15;no;;A9;0;ghsl-ucdb. wdpa
United States;Rapid City;settlement;440.805;-103.231;15;no;;A9;0;ghsl-ucdb. wdpa
United States;Johnson City;settlement;363.134;-823.535;15;no;;A9;0;ghsl-ucdb. wdpa
United States;Harrisonburg;settlement;384.496;-788.689;15;no;;A9;0;ghsl-ucdb. wdpa
United States;Caldwell;settlement;436.629;-1.166.874;15;no;;A9;0;ghsl-ucdb. wdpa
United States;Twin Falls;settlement;42.563;-1.144.609;15;no;;A9;0;ghsl-ucdb. wdpa
United States;Coachella;settlement;336.803;-1.161.739;15;no;;A9;0;ghsl-ucdb. wdpa
United States;Cleveland;settlement;351.595;-848.766;15;no;;A9;0;ghsl-ucdb. wdpa
United States;Prescott;settlement;34.54;-1.124.685;15;no;;A9;0;ghsl-ucdb. wdpa
United States;Alamogordo;settlement;328.995;-1.059.603;15;no;;A9;0;ghsl-ucdb. wdpa
United States;Kingman;settlement;351.894;-114.053;15;no;;A9;0;ghsl-ucdb. wdpa
United States;Paradise;settlement;397.596;-1.216.219;15;no;;A9;0;ghsl-ucdb. wdpa
United States;Staunton;settlement;381.499;-790.732;15;no;;A9;0;ghsl-ucdb. wdpa
United States;Graham;settlement;470.529;-1.222.943;15;no;;A9;0;ghsl-ucdb. wdpa
United States;Anthem;settlement;338.673;-1.121.468;15;no;;A9;0;ghsl-ucdb. wdpa
United States;Yucca Valley;settlement;341.142;-1.164.322;15;no;;A9;0;ghsl-ucdb. wdpa
United States;Clifton;settlement;390.919;-108.449;15;no;;A9;0;ghsl-ucdb. wdpa
United States;Silverdale;settlement;476.445;-1.226.949;15;no;;A9;0;ghsl-ucdb. wdpa
United States;Monroe;settlement;478.554;-121.971;15;no;;A9;0;ghsl-ucdb. wdpa
United States;Imperial;settlement;328.475;-1.155.694;15;no;;A9;0;ghsl-ucdb. wdpa
United States;Nipomo;settlement;350.427;-120.476;15;no;;A9;0;ghsl-ucdb. wdpa
United States;Clearlake;settlement;389.582;-1.226.264;15;no;;A9;0;ghsl-ucdb. wdpa
United States;Gloversville;settlement;430.528;-743.438;15;no;;A9;0;ghsl-ucdb. wdpa
United States;Big Bend;site;293.332;-1.033.107;15;no;;A9;0;wdpa
United States;Katmai Bay;site;585.048;-1.548.825;15;no;;A9;0;wdpa
United States;Wrangell-St. Elias;site;611.816;-1.420.941;15;no;;A9;0;wdpa
United States;Simpson Park;site;397.148;-1.166.115;15;no;;A9;0;wdpa
United States;Grapevine Mountains;site;371.193;-1.171.508;15;no;;A9;0;wdpa
United States;Eagle Peak;site;343.652;-1.087.214;15;no;;A9;0;wdpa
United States;Cedar Mountains;site;319.553;-108.104;15;no;;A9;0;wdpa
United States;La Lena;site;356.614;-107.192;15;no;;A9;0;wdpa
United States;Richardson Rock (San Miguel Island) State Marine Reserve;site;340.948;-1.205.252;15;no;;A9;0;wdpa
United States;Santa Barbara Island State Marine Reserve;site;334.444;-1.190.021;15;no;;A9;0;wdpa
United States;Aldo Leopold;site;33.136;-1.078.798;15;no;;A9;0;wdpa
United States;Alpine Lakes;site;475.688;-1.211.625;15;no;;A9;0;wdpa
United States;Big Gum Swamp;site;30.35;-824.427;15;no;;A9;0;wdpa
United States;Brasstown;site;348.827;-838.188;15;no;;A9;0;wdpa
United States;Death Valley;site;364.702;-1.171.388;15;no;;A9;0;wdpa
United States;Denali;site;632.998;-1.505.089;15;no;;A9;0;wdpa
United States;Eagletail Mountains;site;334.016;-1.133.735;15;no;;A9;0;wdpa
United States;Fishhooks;site;332.189;-1.099.843;15;no;;A9;0;wdpa
United States;Glacier Bay;site;588.391;-1.368.654;15;no;;A9;0;wdpa
United States;Grassy Knob;site;427.445;-1.243.412;15;no;;A9;0;wdpa
United States;Lee Metcalf;site;451.372;-1.113.467;15;no;;A9;0;wdpa
United States;Mount Jefferson;site;446.175;-1.218.072;15;no;;A9;0;wdpa
United States;Parsnip Peak;site;381.405;-1.143.081;15;no;;A9;0;wdpa
United States;Petrified Forest National Wilderness Area Area;site;349.821;-1.097.914;15;no;;A9;0;wdpa
United States;Tonalite Creek;site;576.232;-1.352.283;15;no;;A9;0;wdpa
United States;Badlands;site;43.832;-1.022.474;15;no;;A9;0;wdpa
United States;Theodore Roosevelt;site;472.599;-1.034.435;15;no;;A9;0;wdpa
United States;Saranac Lakes;site;443.121;-741.893;15;no;;A9;0;wdpa
United States;Centennial Mountains;site;445.586;-1.117.851;15;no;;A9;0;wdpa
United States;Gardner Mountain;site;43.782;-1.069.686;15;no;;A9;0;wdpa
United States;Lake Mountain;site;423.225;-1.104.248;15;no;;A9;0;wdpa
United States;Gearhart Mountain;site;425.265;-1.208.397;15;no;;A9;0;wdpa
United States;Yolla Bolly-Middle Eel;site;400.265;-1.230.472;15;no;;A9;0;wdpa
United States;Shellback;site;392.477;-1.153.588;15;no;;A9;0;wdpa
United States;Becky Peak;site;399.537;-114.619;15;no;;A9;0;wdpa
United States;Karta River;site;555.704;-1.327.161;15;no;;A9;0;wdpa
United States;Endicott River;site;587.622;-1.355.109;15;no;;A9;0;wdpa
United States;Grandmother Mountain;site;470.645;-1.159.748;15;no;;A9;0;wdpa
United States;Sheep Mountain;site;449.133;-1.168.861;15;no;;A9;0;wdpa
United States;Steller Sea Lion Rookery Buffer Areas Buffer;site;553.305;0.3872;15;no;;A9;0;wdpa
United States;Coronation Island;site;559.055;-134.234;15;no;;A9;0;wdpa
United States;Petersburg Creek-Duncan Salt Chuck;site;568.403;-1.331.789;15;no;;A9;0;wdpa
United States;Turtle Canyon;site;393.882;-1.102.157;15;no;;A9;0;wdpa
United States;Port Arthur;settlement;298.852;-939.423;15;no;;;0;ghsl-ucdb. wdpa
United States;Dover;settlement;391.582;-755.244;15;no;;;0;ghsl-ucdb. wdpa
United States;Hilton Head;settlement;322.163;-807.526;15;no;;;0;ghsl-ucdb. wdpa
United States;Pascagoula;settlement;303.658;-885.561;15;no;;;0;ghsl-ucdb. wdpa
United States;Elizabeth City;settlement;362.946;-762.511;15;no;;;0;ghsl-ucdb. wdpa
United States;Cedar City;settlement;376.775;-1.130.619;14;no;;A9;0;ghsl-ucdb. wdpa. wikidata
United States;San Jose;settlement;373.394;-121.895;14;no;;A12;0;ghsl-ucdb. wikidata
United States;Rio Rancho;settlement;352.334;-1.066.645;13;no;;A9;0;ghsl-ucdb. wdpa. wikidata
United States;Utica;settlement;431.009;-752.327;13;no;;A9;0;ghsl-ucdb. wdpa. wikidata
United States;Decatur;settlement;346.059;-869.833;13;no;;A9;0;ghsl-ucdb. wdpa. wikidata
United States;Palm Springs;settlement;338.303;-1.165.453;13;no;;A9;0;ghsl-ucdb. wdpa. wikidata
United States;Rome;settlement;432.129;-754.557;13;no;;A9;0;ghsl-ucdb. wdpa. wikidata
United States;Golden;settlement;397.555;-1.052.211;13;no;;A9;0;ghsl-ucdb. wdpa. wikidata
United States;Lenoir;settlement;35.914;-81.539;13;no;;A9;0;ghsl-ucdb. wdpa. wikidata
United States;Mt. Limbo;site;403.386;-1.192.706;13;no;;A9;0;wdpa. wikidata
United States;Denver;settlement;397.392;-1.049.847;13;no;;A12;0;ghsl-ucdb. wikidata
United States;Salt Lake City;settlement;407.608;-1.118.911;13;no;;A12;0;ghsl-ucdb. wikidata
United States;Lawton;settlement;346.087;-983.903;12;no;;A9;0;ghsl-ucdb. wdpa. wikidata
United States;Tri-Cities;settlement;462.454;-1.191.962;12;no;;A9;0;ghsl-ucdb. wdpa
United States;Roswell;settlement;333.944;-1.045.249;12;no;;A9;0;ghsl-ucdb. wdpa
United States;DeLand;settlement;290.283;-813.031;12;no;;A9;0;ghsl-ucdb. wdpa
United States;New Bern;settlement;351.085;-770.441;12;no;;A9;0;ghsl-ucdb. wdpa
United States;Rexburg;settlement;43.826;-1.117.897;12;no;;A9;0;ghsl-ucdb. wdpa
United States;Brawley;settlement;329.787;-1.155.303;12;no;;A9;0;ghsl-ucdb. wdpa
United States;Anniston;settlement;336.598;-858.316;12;no;;A9;0;ghsl-ucdb. wdpa
United States;Marquette;settlement;465.435;-873.954;12;no;;A9;0;ghsl-ucdb. wdpa
United States;Rio Rico;settlement;314.715;-1.109.765;12;no;;A9;0;ghsl-ucdb. wdpa
United States;Brigham City;settlement;415.102;-1.120.155;12;no;;A9;0;ghsl-ucdb. wdpa
United States;St. Marys;settlement;307.305;-815.465;12;no;;A9;0;ghsl-ucdb. wdpa
United States;Marion;settlement;377.306;-889.331;12;no;;A9;0;ghsl-ucdb. wdpa
United States;Poplar Bluff;settlement;36.757;-903.929;12;no;;A9;0;ghsl-ucdb. wdpa
United States;Dallas;settlement;449.193;-123.317;12;no;;A9;0;ghsl-ucdb. wdpa
United States;Traverse City;settlement;447.631;-856.206;12;no;;A9;0;ghsl-ucdb. wdpa
United States;Becharof;site;578.282;-1.557.177;12;no;;A9;0;wdpa
United States;Dry Creek;site;350.264;-937.491;12;no;;A9;0;wdpa
United States;Kofa;site;332.468;-1.140.009;12;no;;A9;0;wdpa
United States;Koyukuk;site;656.519;-1.573.961;12;no;;A9;0;wdpa
United States;Mackinac;site;46.064;-848.493;12;no;;A9;0;wdpa
United States;Medicine Lake National Wildlife Refuge_Wilderness Area;site;484.556;-1.043.839;12;no;;A9;0;wdpa
United States;Crescent Lake National Wildlife Refuge_;site;417.012;-1.022.608;12;no;;A9;0;wdpa
United States;Ten Lakes;site;48.916;-1.148.862;12;no;;A9;0;wdpa
United States;Togiak;site;596.928;-1.603.462;12;no;;A9;0;wdpa
United States;Petit Manan National Wildlife Refuge;site;437.922;-689.876;12;no;;A9;0;wdpa
United States;Round Island No Entry Zone;site;586.054;-1.599.753;12;no;;A9;0;wdpa
United States;Hawaiian Islands National Wildlife Refuge;site;255.087;-1.689.521;12;no;;A9;0;wdpa
United States;Cleveland;settlement;414.995;-816.954;12;no;;;0;ghsl-ucdb. wikidata
United States;Atlanta;settlement;33.749;-84.388;12;yes;23;;0;ghsl-ucdb. wikidata
United States;St. Louis;settlement;386.273;-901.979;12;yes;25;;0;ghsl-ucdb. wikidata
United States;Rochester;settlement;431.548;-776.156;12;no;;;0;ghsl-ucdb. wikidata
United States;Montgomery;settlement;323.668;-86.3;12;no;;;0;ghsl-ucdb. wikidata
United States;Cedar Rapids;settlement;420.083;-916.441;12;yes;29;;0;ghsl-ucdb. wikidata
United States;Evansville;settlement;379.748;-875.559;12;no;;;0;ghsl-ucdb. wikidata
United States;Ann Arbor;settlement;422.776;-837.409;12;no;;;0;ghsl-ucdb. wikidata
United States;Albany;settlement;426.526;-737.562;12;no;;;0;ghsl-ucdb. wikidata
United States;Cape Coral;settlement;265.629;-819.495;11;no;;;0;ghsl-ucdb. wdpa
United States;Port Charlotte;settlement;269.762;-820.906;11;no;;;0;ghsl-ucdb. wdpa
United States;Greenville;settlement;33.409;-910.598;11;no;;;0;ghsl-ucdb. wdpa
United States;Lake Jackson;settlement;290.339;-954.344;11;no;;;0;ghsl-ucdb. wdpa
United States;Foley;settlement;304.066;-876.836;11;no;;;0;ghsl-ucdb. wdpa
United States;Easton;settlement;387.743;-760.763;11;no;;;0;ghsl-ucdb. wdpa
United States;Minot;settlement;482.325;-1.012.963;11;no;;;0;ghsl-ucdb. wdpa. wikidata
United States;Monterey;settlement;366.002;-1.218.947;10;no;;A9;0;ghsl-ucdb. wdpa. wikidata
United States;Warm Pass;site;595.746;-1.350.903;10;no;;A9;0;wdpa. wikidata
United States;Bridgeport;settlement;411.792;-731.894;10;no;;;0;ghsl-ucdb. wikidata
United States;Knoxville;settlement;359.606;-839.207;10;no;;;0;ghsl-ucdb. wikidata
United States;Brandon;settlement;279.378;-822.859;10;no;;;0;ghsl-ucdb. wikidata
United States;Lewisville;settlement;330.462;-969.942;10;yes;27;;0;ghsl-ucdb. wikidata
United States;Portland;settlement;436.574;-702.589;10;no;;;0;ghsl-ucdb. wikidata
United States;South Fulton;settlement;335.926;-846.729;10;no;;;0;ghsl-ucdb. wikidata
United States;Rialto;settlement;341.064;-1.173.703;10;no;;;0;ghsl-ucdb. wikidata
United States;Indio;settlement;337.207;-1.162.168;10;no;;;0;ghsl-ucdb. wikidata
United States;Mountain View;settlement;37.386;-1.220.838;10;no;;;0;ghsl-ucdb. wikidata
United States;Meriden;settlement;415.382;-72.807;10;no;;;0;ghsl-ucdb. wikidata
United States;Sarasota;settlement;273.364;-825.306;10;no;;;0;ghsl-ucdb. wikidata
United States;Dublin;settlement;400.992;-831.141;10;no;;;0;ghsl-ucdb. wikidata
United States;Altamonte Springs;settlement;286.611;-813.656;10;yes;33;;0;ghsl-ucdb. wikidata
United States;Muskegon;settlement;432.342;-862.484;10;no;;;0;ghsl-ucdb. wikidata
United States;Mount Vernon;settlement;484.212;-1.223.341;10;no;;;0;ghsl-ucdb. wikidata
United States;Dakota Ridge;settlement;396.164;-1.051.393;10;no;;;0;ghsl-ucdb. wikidata
United States;Wenatchee;settlement;474.235;-1.203.103;10;no;;;0;ghsl-ucdb. wikidata
United States;Seaside;settlement;366.111;-1.218.516;10;no;;;0;ghsl-ucdb. wikidata
United States;Highland Park;settlement;421.817;-878.003;10;no;;;0;ghsl-ucdb. wikidata
United States;Port Chester;settlement;410.018;-736.657;10;no;;;0;ghsl-ucdb. wikidata
United States;Crown Point;settlement;41.417;-873.653;10;no;;;0;ghsl-ucdb. wikidata
United States;Ossining;settlement;411.629;-738.615;10;no;;;0;ghsl-ucdb. wikidata
United States;Eagle River;settlement;613.214;-1.495.678;10;yes;28;;0;ghsl-ucdb. wikidata
United States;Romulus;settlement;422.223;-833.966;10;no;;;0;ghsl-ucdb. wikidata
United States;Keene;settlement;429.337;-722.781;10;no;;;0;ghsl-ucdb. wikidata
United States;Chambersburg;settlement;399.376;-776.611;10;no;;;0;ghsl-ucdb. wikidata
United States;Greenfield;settlement;425.876;-725.995;10;no;;;0;ghsl-ucdb. wikidata
United States;Tullahoma;settlement;35.362;-862.094;10;no;;;0;ghsl-ucdb. wikidata
United States;Claremore;settlement;363.126;-956.161;10;no;;;0;ghsl-ucdb. wikidata
United States;Macomb;settlement;404.592;-906.718;10;no;;;0;ghsl-ucdb. wikidata
United States;Mastic;settlement;40.802;-728.409;10;no;;;0;ghsl-ucdb. wikidata
United States;Titusville;settlement;286.122;-808.076;10;no;;;0;ghsl-ucdb. wdpa. wikidata
United States Minor Outlying Islands;Johnston Island National Wildlife Refuge;site;167.457;-1.695.093;100;yes;1;A9;0;wdpa. wikidata
United States Minor Outlying Islands;Baker Island National Wildlife Refuge;site;0.1958;-1.764.781;90;yes;2;A9;0;wdpa
United States Minor Outlying Islands;Howland Island National Wildlife Refuge;site;0.8073;-1.766.176;90;yes;7;A9;0;wdpa
United States Minor Outlying Islands;Jarvis Island National Wildlife Refuge;site;-0.3723;-159.999;90;yes;3;A9;0;wdpa
United States Minor Outlying Islands;Kingman Reef National Wildlife Refuge;site;64.056;-1.623.621;72;yes;4;A9;0;wdpa
United States Minor Outlying Islands;Palmyra Atoll National Wildlife Refuge;site;58.818;-1.620.777;72;yes;8;A9;0;wdpa
United States Minor Outlying Islands;Wake Atoll National Wildlife Refuge;site;192.969;1.666.263;55;yes;5;A9;0;wdpa
United States Minor Outlying Islands;Navassa Island National Wildlife Refuge;site;184.018;-750.168;55;yes;6;A9;0;wdpa
Uruguay;Montevideo;settlement;-349.033;-561.882;100;yes;1;A10. A12;0;cuisine. ghsl-ucdb. wikidata
Uruguay;Rocha;settlement;-34.48;-543.306;92;yes;2;A9;0;cuisine. ghsl-ucdb. wdpa. wikidata
Uruguay;Minas;settlement;-343.759;-552.377;88;yes;8;A10;0;cuisine. ghsl-ucdb. wikidata
Uruguay;Fray Bentos;settlement;-331.165;-583.107;70;yes;3;A9;1;cuisine. ghsl-ucdb. unesco-whs. wdpa. wikidata
Uruguay;Barros Blancos;settlement;-347.524;-560.026;65;no;;A9;0;cuisine. ghsl-ucdb. wdpa. wikidata
Uruguay;Colonia del Sacramento;settlement;-344.626;-578.398;49;yes;6;;1;cuisine. ghsl-ucdb. unesco-whs. wikidata
Uruguay;Paysandú;settlement;-323.171;-580.807;47;yes;7;;0;cuisine. ghsl-ucdb. wikidata
Uruguay;Young;settlement;-326.984;-576.269;47;yes;14;;0;cuisine. ghsl-ucdb. wikidata
Uruguay;Pando;settlement;-347.172;-559.584;39;no;;;1;cuisine. ghsl-ucdb. unesco-whs. wikidata
Uruguay;San José de Mayo;settlement;-34.339;-567.134;37;no;;;0;cuisine. ghsl-ucdb. wikidata
Uruguay;Canelones;settlement;-345.238;-562.822;37;no;;;0;cuisine. ghsl-ucdb. wikidata
Uruguay;Durazno;settlement;-333.806;-565.231;37;yes;4;;0;cuisine. ghsl-ucdb. wikidata
Uruguay;Florida;settlement;-341.003;-562.148;37;yes;9;;0;cuisine. ghsl-ucdb. wikidata
Uruguay;Treinta y Tres;settlement;-33.231;-543.858;37;yes;5;;0;cuisine. ghsl-ucdb. wikidata
Uruguay;Trinidad;settlement;-335.165;-568.996;37;no;;;0;cuisine. ghsl-ucdb. wikidata
Uruguay;Santa Lucía;settlement;-344.533;-563.906;37;no;;;0;cuisine. ghsl-ucdb. wikidata
Uruguay;Maldonado;settlement;-348.979;-549.502;28;yes;13;A12;0;cuisine. ghsl-ucdb. wikidata
Uruguay;Tacuarembó;settlement;-317.188;-559.793;27;yes;10;A12;0;cuisine. ghsl-ucdb. wikidata
Uruguay;Melo;settlement;-323.682;-541.641;27;yes;12;A12;0;cuisine. ghsl-ucdb. wikidata
Uruguay;Mercedes;settlement;-332.524;-580.305;27;no;;A12;0;cuisine. ghsl-ucdb. wikidata
Uruguay;Las Piedras;settlement;-347.302;-562.191;26;no;;A12;0;cuisine. ghsl-ucdb
Uruguay;Rivera;settlement;-309.053;-555.508;26;yes;11;A12;0;cuisine. ghsl-ucdb
Uruguay;San Carlos;settlement;-347.912;-549.182;26;no;;A12;0;cuisine. ghsl-ucdb
Uruguay;Delta del Tigre;settlement;-347.649;-563.645;26;no;;A12;0;cuisine. ghsl-ucdb
Uruguay;Dolores;settlement;-335.301;-58.217;26;no;;A12;0;cuisine. ghsl-ucdb
Uzbekistan;Tashkent;settlement;412.647;692.163;100;yes;1;A12. A11;1;ghsl-ucdb. osm. unesco-whs. wikidata
Uzbekistan;Bukhara;settlement;397.703;644.307;99;yes;2;A11;1;cuisine. ghsl-ucdb. osm. unesco-whs. wdpa. wikidata
Uzbekistan;Yangiobod;settlement;411.192;700.941;79;yes;8;A9;1;ghsl-ucdb. unesco-whs. wdpa. wikidata
Uzbekistan;Cold Winter Deserts of Turan;site;420.814;566.647;79;yes;3;A9;1;unesco-whs. wdpa
Uzbekistan;Samarkand;settlement;396.546;669.644;78;yes;4;A11;1;cuisine. ghsl-ucdb. osm. unesco-whs. wikidata
Uzbekistan;Xiva;settlement;413.856;603.641;68;yes;6;A11;1;cuisine. ghsl-ucdb. osm. unesco-whs. wikidata
Uzbekistan;Nukus;settlement;424.586;596.058;67;yes;7;A11;0;ghsl-ucdb. osm
Uzbekistan;G‘azalkent;settlement;415.581;697.708;59;no;;A11. A9;1;ghsl-ucdb. osm. unesco-whs. wikidata
Uzbekistan;Urganch;settlement;415.518;606.314;46;no;;A11;0;cuisine. ghsl-ucdb. osm
Uzbekistan;Guliston;settlement;404.954;687.754;46;yes;11;A11;0;cuisine. ghsl-ucdb. osm
Uzbekistan;Andijon;settlement;407.834;723.507;39;yes;9;A11;0;cuisine. ghsl-ucdb. osm. wikidata
Uzbekistan;Qibray;settlement;413.897;69.465;36;no;;A11;0;ghsl-ucdb. osm
Uzbekistan;Urgut Shahri;settlement;39.419;672.612;34;no;;A9. A11;1;cuisine. ghsl-ucdb. osm. unesco-whs. wdpa. wikidata
Uzbekistan;Navoiy;settlement;400.844;653.792;31;yes;19;A11;0;cuisine. ghsl-ucdb. osm. wdpa. wikidata
Uzbekistan;Tirmiz;settlement;372.242;672.783;30;yes;5;;0;ghsl-ucdb. osm. wikidata
Uzbekistan;Zomin Shaharchasi;settlement;399.606;683.958;30;no;;A11. A9;0;cuisine. ghsl-ucdb. osm. wdpa
Uzbekistan;Shahrisabz;settlement;390.578;668.342;28;no;;;1;cuisine. ghsl-ucdb. osm. unesco-whs. wikidata
Uzbekistan;Nurata State Reserve;site;405.198;668.087;27;yes;17;A9;0;cuisine. wdpa. wikidata
Uzbekistan;Fergana;settlement;403.842;717.843;27;no;;A11;0;cuisine. ghsl-ucdb. osm
Uzbekistan;Kitob;settlement;391.216;66.886;27;no;;A9;0;cuisine. ghsl-ucdb. osm. wdpa. wikidata
Uzbekistan;Gurlan;settlement;418.412;603.927;27;no;;A11;0;cuisine. ghsl-ucdb. osm. wikidata
Uzbekistan;Qo‘qon;settlement;405.286;709.425;27;yes;18;A11;0;ghsl-ucdb. osm. wikidata
Uzbekistan;Druzhba;settlement;412.222;613.067;27;no;;A9;0;cuisine. ghsl-ucdb. osm. wdpa
Uzbekistan;Oltinko‘l;settlement;430.687;589.037;27;yes;21;A9;0;ghsl-ucdb. osm. wdpa
Uzbekistan;Pop;settlement;408.736;711.089;27;no;;A9;0;ghsl-ucdb. osm. wdpa. wikidata
Uzbekistan;Bulung’ur Shahri;settlement;39.76;672.744;27;no;;A9;0;cuisine. ghsl-ucdb. wdpa
Uzbekistan;Kyzylkum State Reserve;site;406.009;621.342;27;yes;10;A9;0;cuisine. wdpa
Uzbekistan;"State reserve “Aktau-Tamdi""";site;428.049;659.123;27;yes;12;A9;0;cuisine. wdpa
Uzbekistan;Muborak;settlement;392.553;651.528;27;no;;A11;0;cuisine. ghsl-ucdb. osm. wdpa. wikidata
Uzbekistan;Sho‘rchi;settlement;379.994;677.875;26;yes;20;A9;0;ghsl-ucdb. osm. wdpa
Uzbekistan;“Saigachiy” complex (landscape) Nature Reserve;site;450.277;576.941;26;yes;13;A9;0;wdpa
Uzbekistan;Aralkum National Nature park;site;448.041;589.382;26;yes;15;A9;0;wdpa
Uzbekistan;Markaziy Kizilkum National Nature park;site;433.089;630.489;26;yes;14;A9;0;wdpa
Uzbekistan;Beruniy;settlement;416.911;607.525;25;no;;A11;0;cuisine. ghsl-ucdb. osm. wikidata
Uzbekistan;Jizzax;settlement;401.335;678.296;25;no;;A11;0;cuisine. ghsl-ucdb. osm
Uzbekistan;Kattaqo’rg’on Shahri;settlement;399.055;662.656;22;no;;A11;0;cuisine. ghsl-ucdb. osm
Uzbekistan;Qarshi;settlement;388.606;657.891;21;yes;16;A11;0;cuisine. ghsl-ucdb. osm. wikidata
Uzbekistan;Chirchiq;settlement;414.689;695.822;19;no;;A11;0;ghsl-ucdb. osm
Uzbekistan;Marg‘ilon;settlement;404.724;717.246;19;no;;A11;0;cuisine. ghsl-ucdb. osm
Uzbekistan;G’ijduvon Shahri;settlement;401.022;646.823;19;no;;A11;0;cuisine. ghsl-ucdb. osm. wikidata
Uzbekistan;G’allaorol Shahri;settlement;40.027;675.878;18;no;;A11;0;cuisine. ghsl-ucdb. osm. wikidata
Uzbekistan;Asaka;settlement;406.415;722.387;17;no;;A11;0;cuisine. ghsl-ucdb. osm
Uzbekistan;Olmaliq;settlement;408.447;695.983;17;no;;A11;0;ghsl-ucdb. osm
Uzbekistan;Qŭnghirot;settlement;430.433;588.394;16;no;;A11;0;ghsl-ucdb. osm. wdpa
Uzbekistan;Angren;settlement;410.167;701.436;15;no;;A11;0;ghsl-ucdb. osm. wdpa
Uzbekistan;Payshamba Shahri;settlement;400.114;662.311;15;no;;;0;cuisine. ghsl-ucdb. osm. wdpa
Uzbekistan;Rishton;settlement;403.567;712.847;14;no;;A11;0;cuisine. ghsl-ucdb. osm. wikidata
Uzbekistan;Nurota;settlement;405.614;656.886;14;no;;;0;cuisine. ghsl-ucdb. osm. wdpa
Uzbekistan;Yangiyŭl;settlement;41.112;690.471;14;no;;A11;0;ghsl-ucdb. osm
Uzbekistan;Do’stlik Shahri;settlement;405.288;680.315;14;no;;;0;cuisine. ghsl-ucdb. osm. wdpa
Uzbekistan;Shovot;settlement;416.582;602.945;14;no;;A11;0;cuisine. ghsl-ucdb. osm
Uzbekistan;Namangan;settlement;409.983;716.726;13;no;;A11;0;ghsl-ucdb. osm. wikidata
Uzbekistan;Xo‘jayli Shahri;settlement;424.088;594.454;13;no;;A11;0;ghsl-ucdb. osm
Uzbekistan;Quvasoy;settlement;402.972;719.803;13;no;;A11;0;cuisine. ghsl-ucdb. osm. wikidata
Uzbekistan;Denov;settlement;382.675;678.989;11;no;;A11;0;ghsl-ucdb. osm. wikidata
Uzbekistan;Vobkent Shahri;settlement;400.003;645.021;11;no;;A11;0;cuisine. ghsl-ucdb. osm. wikidata
Uzbekistan;Bekobod;settlement;402.208;692.697;10;no;;A11;0;ghsl-ucdb. osm
Vanuatu;Port-Vila;settlement;-177.365;1.683.137;100;yes;1;A11;1;ghsl-ucdb. osm. unesco-whs. wikidata
Venezuela;Canaima National Park;site;5.338;-620.379;100;yes;1;A9;1;unesco-whs. wdpa. wikidata
Venezuela;Cúa;settlement;101.624;-668.825;100;yes;2;A10;0;cuisine. ghsl-ucdb. wikidata
Venezuela;Caracas;settlement;10.488;-668.792;92;no;;A12;1;ghsl-ucdb. unesco-whs. wikidata
Venezuela;Tucacas;settlement;107.901;-683.256;81;yes;5;A9;0;ghsl-ucdb. wdpa
Venezuela;Coro;settlement;114.077;-696.782;77;yes;3;A9;1;ghsl-ucdb. unesco-whs. wdpa. wikidata
Venezuela;Punta de Piedras;settlement;109.012;-640.969;65;yes;8;A9;0;ghsl-ucdb. wdpa. wikidata
Venezuela;Archipiélago Los Roques;site;118.802;-667.518;65;yes;9;A9;0;wdpa. wikidata
Venezuela;Sanare;settlement;97.521;-696.524;65;no;;A9;0;ghsl-ucdb. wdpa
Venezuela;Santa Ana;settlement;76.429;-722.764;65;yes;10;A9;0;ghsl-ucdb. wdpa
Venezuela;Río Chico;settlement;10.319;-659.775;65;yes;17;A9;0;ghsl-ucdb. wdpa
Venezuela;San Carlos;settlement;96.641;-685.866;57;yes;14;A9;0;cuisine. ghsl-ucdb. wdpa. wikidata
Venezuela;Aguaro - Guariquito;site;83.035;-666.449;57;no;;A9;0;cuisine. wdpa. wikidata
Venezuela;Los Teques;settlement;103.495;-670.427;56;no;;A9;0;cuisine. ghsl-ucdb. wdpa
Venezuela;Mariara;settlement;102.953;-677.177;56;no;;A9;0;cuisine. ghsl-ucdb. wdpa
Venezuela;Caucagua;settlement;102.831;-663.759;56;no;;A9;0;cuisine. ghsl-ucdb. wdpa
Venezuela;Santos Luzardo;site;68.488;-679.622;56;yes;15;A9;0;cuisine. wdpa
Venezuela;Guanare;settlement;90.393;-697.336;54;yes;6;A10;0;ghsl-ucdb. wikidata
Venezuela;Barquisimeto;settlement;100.647;-69.357;50;no;;A9. A12;0;ghsl-ucdb. wdpa. wikidata
Venezuela;Encontrados;settlement;90.598;-722.346;50;yes;13;A9;0;ghsl-ucdb. wdpa
Venezuela;San Juan de los Morros;settlement;99.125;-67.354;48;no;;;0;cuisine. ghsl-ucdb. wdpa
Venezuela;La Victoria;settlement;102.268;-673.312;48;no;;;0;cuisine. ghsl-ucdb. wdpa
Venezuela;Villa de Cura;settlement;100.386;-674.894;48;no;;;0;cuisine. ghsl-ucdb. wdpa
Venezuela;Camaguán;settlement;81.073;-676.074;48;no;;;0;cuisine. ghsl-ucdb. wdpa
Venezuela;Maracay;settlement;102.497;-675.948;48;no;;A12;0;cuisine. ghsl-ucdb. wikidata
Venezuela;Mérida;settlement;8.579;-711.692;47;yes;16;A9;0;ghsl-ucdb. wdpa. wikidata
Venezuela;San Fernando de Apure;settlement;78.896;-674.718;46;yes;4;A12;0;cuisine. ghsl-ucdb. wikidata
Venezuela;Calabozo;settlement;89.242;-674.293;46;yes;18;A12;0;cuisine. ghsl-ucdb. wikidata
Venezuela;Puerto Ayacucho;settlement;56.605;-675.834;46;yes;7;A12;0;cuisine. ghsl-ucdb. wikidata
Venezuela;Valencia;settlement;101.615;-680.004;45;no;;A12;0;cuisine. ghsl-ucdb
Venezuela;Turmero;settlement;102.286;-674.742;45;no;;A12;0;cuisine. ghsl-ucdb
Venezuela;Santa Teresa del Tuy;settlement;102.329;-666.647;45;no;;A12;0;cuisine. ghsl-ucdb
Venezuela;Lander;settlement;101.833;-66.7;45;no;;A12;0;cuisine. ghsl-ucdb
Venezuela;Ocumare del Tuy;settlement;101.182;-667.751;45;no;;A12;0;cuisine. ghsl-ucdb
Venezuela;Valle de La Pascua;settlement;92.155;-660.073;45;no;;A12;0;cuisine. ghsl-ucdb
Venezuela;Charallave;settlement;102.425;-668.572;45;no;;A12;0;cuisine. ghsl-ucdb
Venezuela;Tinaquillo;settlement;99.186;-683.047;45;no;;A12;0;cuisine. ghsl-ucdb
Venezuela;Güigüe;settlement;100.834;-67.778;45;no;;A12;0;cuisine. ghsl-ucdb
Venezuela;Zaraza;settlement;93.503;-653.245;45;yes;11;A12;0;cuisine. ghsl-ucdb
Venezuela;San Joaquín;settlement;102.606;-677.935;45;no;;A12;0;cuisine. ghsl-ucdb
Venezuela;Altagracia de Orituco;settlement;9.86;-663.814;45;no;;A12;0;cuisine. ghsl-ucdb
Venezuela;Caicara del Orinoco;settlement;7.635;-661.681;45;yes;12;A12;0;cuisine. ghsl-ucdb
Venezuela;Villa Bruzual;settlement;93.319;-691.197;45;no;;A12;0;cuisine. ghsl-ucdb
Venezuela;Achaguas;settlement;77.792;-682.237;45;no;;A12;0;cuisine. ghsl-ucdb
Venezuela;Las Tejerías;settlement;102.542;-671.733;45;no;;A12;0;cuisine. ghsl-ucdb
Venezuela;Tucupido;settlement;9.273;-657.715;45;no;;A12;0;cuisine. ghsl-ucdb
Venezuela;Pariaguán;settlement;88.436;-647.105;45;no;;A12;0;cuisine. ghsl-ucdb
Venezuela;Tinaco;settlement;96.989;-684.327;45;no;;A12;0;cuisine. ghsl-ucdb
Venezuela;Guanarito;settlement;86.962;-692.083;45;no;;A12;0;cuisine. ghsl-ucdb
Venezuela;El Sombrero;settlement;93.863;-670.582;45;no;;A12;0;cuisine. ghsl-ucdb
Venezuela;Las Vegas;settlement;95.372;-686.302;45;no;;A12;0;cuisine. ghsl-ucdb
Venezuela;El Pao;settlement;96.393;-681.292;45;no;;A12;0;cuisine. ghsl-ucdb
Venezuela;Chaguaramas;settlement;93.375;-662.528;45;no;;A12;0;cuisine. ghsl-ucdb
Venezuela;San Cristóbal;settlement;77.659;-722.358;34;no;;A9;0;ghsl-ucdb. wdpa. wikidata
Venezuela;Puerto La Cruz;settlement;102.138;-646.328;33;no;;A9;0;ghsl-ucdb. wdpa
Venezuela;San Felipe;settlement;103.401;-68.743;33;no;;A9;0;ghsl-ucdb. wdpa
Venezuela;Guarenas;settlement;104.703;-666.193;33;no;;A9;0;ghsl-ucdb. wdpa
Venezuela;Puerto Cabello;settlement;104.731;-680.125;33;no;;A9;0;ghsl-ucdb. wdpa
Venezuela;San Juan Bautista;settlement;110.124;-639.441;33;no;;A9;0;ghsl-ucdb. wdpa
Venezuela;El Tocuyo;settlement;97.871;-697.929;33;no;;A9;0;ghsl-ucdb. wdpa
Venezuela;Boconó;settlement;92.538;-702.511;33;no;;A9;0;ghsl-ucdb. wdpa
Venezuela;Quíbor;settlement;99.287;-696.201;33;no;;A9;0;ghsl-ucdb. wdpa
Venezuela;Santa Bárbara;settlement;78.135;-711.779;33;no;;A9;0;ghsl-ucdb. wdpa
Venezuela;Caripito;settlement;101.113;-630.999;33;no;;A9;0;ghsl-ucdb. wdpa
Venezuela;Güiria;settlement;105.772;-622.984;33;yes;19;A9;0;ghsl-ucdb. wdpa
Venezuela;La Grita;settlement;81.332;-719.839;33;no;;A9;0;ghsl-ucdb. wdpa
Venezuela;Aroa;settlement;104.395;-68.895;33;no;;A9;0;ghsl-ucdb. wdpa
Venezuela;Tucaní;settlement;8.97;-712.728;33;no;;A9;0;ghsl-ucdb. wdpa
Venezuela;Casanay;settlement;105.042;-634.173;33;no;;A9;0;ghsl-ucdb. wdpa
Venezuela;Yapacana;site;38.301;-667.817;33;yes;20;A9;0;wdpa
Venezuela;Duida - Marahuaca;site;35.745;-655.349;33;no;;A9;0;wdpa
Venezuela;Serranía La Neblina;site;12.789;-658.877;33;yes;21;A9;0;wdpa
Venezuela;Caura;site;5.653;-644.587;33;no;;A9;0;wdpa
Venezuela;Paríma - Tapirapeco;site;25.001;-644.589;33;no;;A9;0;wdpa
Venezuela;Río Viejo - San Camilo;site;71.727;-714.135;33;no;;A9;0;wdpa
Venezuela;Delta del Orinoco (Mariusa);site;94.407;-614.734;33;no;;A9;0;wdpa
Venezuela;Santa Cruz de Mara;settlement;107.927;-716.851;32;no;;;0;ghsl-ucdb. wdpa
Venezuela;Porlamar;settlement;109.577;-638.697;17;no;;;0;ghsl-ucdb. wdpa. wikidata
Venezuela;Cabimas;settlement;103.991;-714.521;17;no;;;0;ghsl-ucdb. wdpa
Venezuela;Chivacoa;settlement;101.595;-688.945;17;no;;;0;ghsl-ucdb. wdpa
Venezuela;Ciudad Bolivia;settlement;8.353;-705.712;17;no;;;0;ghsl-ucdb. wdpa
Venezuela;Temblador;settlement;90.053;-626.449;17;no;;;0;ghsl-ucdb. wdpa
Venezuela;Puerto Cumarebo;settlement;114.861;-693.532;17;no;;;0;ghsl-ucdb. wdpa
Venezuela;Timotes;settlement;89.822;-707.393;17;no;;;0;ghsl-ucdb. wdpa
Venezuela;Pueblo Nuevo;settlement;119.479;-699.231;17;no;;;0;ghsl-ucdb. wdpa
Venezuela;Maracaibo;settlement;106.423;-716.109;10;no;;A12;0;ghsl-ucdb. wikidata
Venezuela;Maturín;settlement;97.457;-631.832;10;no;;A12;0;ghsl-ucdb. wikidata
Venezuela;La Asunción;settlement;110.333;-638.628;10;no;;A12;0;ghsl-ucdb. wikidata
Vietnam;Thị Trấn Trùng Khánh;settlement;228.351;106.525;100;yes;1;A11;0;ghsl-ucdb. osm. wdpa
Vietnam;Ba Đồn;settlement;177.535;1.064.236;99;yes;2;A9;1;cuisine. ghsl-ucdb. unesco-whs. wdpa. wikidata
Vietnam;Huế;settlement;164.619;1.075.955;91;yes;3;A12;1;cuisine. ghsl-ucdb. unesco-whs. wikidata
Vietnam;Ninh Bình;settlement;202.581;1.059.797;85;yes;4;A9;2;ghsl-ucdb. unesco-whs. wikidata
Vietnam;Hạ Long;settlement;209.505;1.070.734;66;yes;5;A9;1;ghsl-ucdb. unesco-whs. wikidata
Vietnam;Kon Tum;settlement;143.545;1.080.076;64;yes;6;A9;0;cuisine. ghsl-ucdb. wdpa
Vietnam;Xóm Cái Nước;settlement;9.8;105.1;64;yes;7;A9;0;ghsl-ucdb. wdpa
Vietnam;Bỉm Sơn;settlement;200.781;1.058.603;63;no;;A9;1;ghsl-ucdb. unesco-whs. wdpa. wikidata
Vietnam;Hoi An;settlement;158.794;108.335;62;yes;8;;1;cuisine. ghsl-ucdb. unesco-whs. wikidata
Vietnam;Hanoi;settlement;210.245;1.058.412;62;yes;9;A12;1;ghsl-ucdb. unesco-whs. wikidata
Vietnam;Thành Phố Uông Bí;settlement;210.343;1.067.705;56;no;;;1;ghsl-ucdb. unesco-whs. wdpa. wikidata
Vietnam;Tràm Chim;settlement;10.67;1.055.647;50;yes;13;A9;0;cuisine. ghsl-ucdb. wdpa. wikidata
Vietnam;Ðà Lạt;settlement;119.465;1.084.419;50;yes;11;A9;0;ghsl-ucdb. wdpa. wikidata
Vietnam;Thái Bình;settlement;20.45;106.34;50;no;;A9;0;ghsl-ucdb. wdpa. wikidata
Vietnam;Bà Nà;settlement;159.833;1.079.833;50;no;;A9;0;cuisine. ghsl-ucdb. wdpa
Vietnam;Phước Hòa;settlement;12.1;1.071.167;49;yes;12;A9;0;ghsl-ucdb. osm. wdpa
Vietnam;Bảo Lộc;settlement;11.548;1.078.077;49;yes;17;A9;0;ghsl-ucdb. wdpa
Vietnam;Hải Châu;settlement;159.167;1.081.333;45;no;;;1;cuisine. ghsl-ucdb. unesco-whs
Vietnam;Hồng Lĩnh;settlement;185.286;1.057.064;35;no;;A9;0;cuisine. ghsl-ucdb. wdpa. wikidata
Vietnam;Lào Cai;settlement;224.856;1.039.707;34;yes;10;A9. A11;0;ghsl-ucdb. osm. wdpa
Vietnam;Cát Bà;settlement;207.278;1.070.482;34;no;;A9;0;ghsl-ucdb. wdpa. wikidata
Vietnam;Thái Hòa;settlement;189.203;1.049.744;33;yes;14;A9;0;cuisine. ghsl-ucdb. wdpa
Vietnam;Ba Vì;settlement;210.833;1.053.833;33;no;;A9;0;ghsl-ucdb. wdpa
Vietnam;Phan Rang-Tháp Chàm;settlement;115.643;1.089.886;33;no;;A9;0;ghsl-ucdb. wdpa
Vietnam;Phú Quốc;settlement;102.872;1.040.105;33;yes;15;A9;0;ghsl-ucdb. wdpa
Vietnam;Thị Trấn Đại Từ;settlement;216.338;1.056.377;33;no;;A9;0;ghsl-ucdb. wdpa
Vietnam;Phú Thọ;settlement;213.996;1.052.222;33;no;;A9;0;ghsl-ucdb. wdpa
Vietnam;Trần Văn Thời;settlement;90.771;1.049.791;33;no;;A9;0;ghsl-ucdb. wdpa
Vietnam;Thị Trấn Lam Sơn;settlement;199.047;1.054.056;33;no;;A9;0;ghsl-ucdb. wdpa
Vietnam;Quảng Phú;settlement;128.196;1.080.774;33;no;;A9;0;ghsl-ucdb. wdpa
Vietnam;Phước An;settlement;12.713;1.083.015;33;no;;A9;0;ghsl-ucdb. wdpa
Vietnam;Con Dao;site;86.945;1.066.377;33;yes;16;A9;0;wdpa
Vietnam;Hòa Bình;settlement;208.172;1.053.376;32;no;;;0;ghsl-ucdb. wdpa
Vietnam;Bắc Kạn;settlement;22.147;1.058.348;24;no;;;0;ghsl-ucdb. wdpa. wikidata
Vietnam;Hà Tĩnh;settlement;183.428;1.059.057;17;no;;;0;cuisine. ghsl-ucdb. wdpa
Vietnam;Đức Phổ;settlement;148.135;1.089.593;17;no;;;0;cuisine. ghsl-ucdb. wdpa
Vietnam;Phong Điền;settlement;165.832;1.073.644;17;no;;;0;cuisine. ghsl-ucdb. wdpa
Vietnam;Bản Na Hỷ;settlement;195.636;1.045.346;17;no;;;0;cuisine. ghsl-ucdb. wdpa
Vietnam;Hà Giang;settlement;228.233;1.049.836;17;no;;;0;ghsl-ucdb. osm. wdpa
Vietnam;Thị Trấn Nước Hai;settlement;227.374;1.061.522;16;no;;;0;ghsl-ucdb. osm. wdpa
Vietnam;Phan Thiết;settlement;109.289;1.081.021;16;no;;;0;ghsl-ucdb. wdpa
Vietnam;Đưc Trọng;settlement;117.356;1.083.733;16;no;;;0;ghsl-ucdb. wdpa
Vietnam;La Gi;settlement;106.599;1.077.721;16;no;;;0;ghsl-ucdb. wdpa
Vietnam;Tuy Hòa;settlement;130.955;1.093.209;16;no;;;0;ghsl-ucdb. wdpa
Vietnam;Phủ Lý;settlement;205.453;1.059.122;16;no;;;0;ghsl-ucdb. wdpa
Vietnam;Chũ;settlement;213.738;1.065.665;16;no;;;0;ghsl-ucdb. wdpa
Vietnam;Sơn La;settlement;213.256;1.039.188;16;no;;;0;ghsl-ucdb. wdpa
Vietnam;Gia Nghĩa;settlement;120.042;1.076.907;16;no;;;0;ghsl-ucdb. wdpa
Vietnam;Duyên Hải;settlement;9.635;1.064.924;16;no;;;0;ghsl-ucdb. wdpa
Vietnam;Long Mỹ;settlement;96.814;1.055.723;16;no;;;0;ghsl-ucdb. wdpa
Vietnam;Buôn Trấp;settlement;124.848;1.080.298;16;no;;;0;ghsl-ucdb. wdpa
Vietnam;Ít Ong;settlement;215.175;104.027;16;no;;;0;ghsl-ucdb. wdpa
Vietnam;Bo;settlement;206.726;1.055.362;16;no;;;0;ghsl-ucdb. wdpa
Vietnam;Ấp Bình Châu;settlement;10.55;107.55;16;no;;;0;ghsl-ucdb. wdpa
Vietnam;Ea T’ling;settlement;12.589;1.078.958;16;no;;;0;ghsl-ucdb. wdpa
Vietnam;Đông Phú;settlement;156.736;1.082.201;11;no;;A12;0;cuisine. ghsl-ucdb. wikidata
Western Sahara;Dakhla;settlement;236.848;-15.958;100;yes;1;A11;0;ghsl-ucdb. osm
Western Sahara;Boujdour;settlement;261.307;-144.851;98;yes;2;A11;0;ghsl-ucdb. osm. wikidata
Western Sahara;Laayoune;settlement;271.418;-13.188;20;yes;3;;0;ghsl-ucdb. osm
Yemen;Sanaa;settlement;153.545;442.065;100;yes;1;A11. A12;1;ghsl-ucdb. osm. unesco-whs. wikidata
Yemen;Socotra Archipelago;site;121.236;532.733;90;yes;2;A9;1;unesco-whs. wikidata
Yemen;Bājil;settlement;15.059;432.873;85;yes;4;A9;0;ghsl-ucdb. osm. wdpa. wikidata
Yemen;Ma'rib;settlement;154.625;453.258;80;yes;3;;1;ghsl-ucdb. osm. unesco-whs. wikidata
Yemen;Old Walled City of Shibam;site;159.269;486.267;53;yes;5;A11;1;osm. unesco-whs. wikidata
Yemen;Zabīd;settlement;141.951;433.152;51;yes;9;;1;ghsl-ucdb. osm. unesco-whs. wikidata
Yemen;Aden;settlement;127.796;450.385;44;yes;6;A11. A12;0;ghsl-ucdb. osm
Yemen;Dhī as Sufāl;settlement;138.345;441.147;43;yes;7;A9;0;ghsl-ucdb. wdpa
Yemen;North Kamaran Island PA;site;153.832;426.054;43;yes;10;A9;0;wdpa
Yemen;Taiz;settlement;135.795;440.209;24;no;;A11;0;ghsl-ucdb. osm. wikidata
Yemen;Laḩij;settlement;130.567;448.819;18;no;;A11;0;ghsl-ucdb. osm
Yemen;Ibb;settlement;139.667;441.833;16;no;;A11;0;ghsl-ucdb. osm. wikidata
Yemen;Ghayl Bā Wazīr;settlement;147.761;493.661;13;yes;11;A11;0;ghsl-ucdb. osm
Yemen;Sa'dah;settlement;169.402;437.639;12;yes;8;;0;ghsl-ucdb. osm. wikidata
Yemen;Dhamār;settlement;145.427;444.051;11;yes;12;A11;0;ghsl-ucdb. osm. wikidata
Yemen;Al Ḩudaydah;settlement;147.978;429.545;11;no;;A11;0;ghsl-ucdb. osm
Zambia;Lusaka;settlement;-154.067;282.871;100;yes;1;A12. A11;0;ghsl-ucdb. osm
Zambia;Lukusuzi;site;-127.672;326.146;100;yes;2;A9;0;wdpa
Zambia;Mongu;settlement;-152.484;231.274;95;yes;4;A11;0;ghsl-ucdb. osm. wikidata
Zambia;Mpulungu;settlement;-87.623;31.114;93;yes;3;;0;ghsl-ucdb. osm. wikidata
Zambia;Mazabuka;settlement;-15.856;27.748;52;no;;A9;0;ghsl-ucdb. osm. wdpa
Zambia;Nsumbu;site;-87.618;304.428;52;no;;A9;0;osm. wdpa
Zambia;Sioma Ngwezi;site;-17.283;234.348;51;yes;5;A9;0;osm. wdpa
Zambia;Kaputa;settlement;-84.689;296.619;51;yes;6;A9;0;ghsl-ucdb. osm. wdpa
Zambia;Siavonga;settlement;-165.382;287.088;51;yes;13;A9;0;ghsl-ucdb. osm. wdpa
Zambia;South Luangwa;site;-130.508;315.577;51;yes;16;A9;0;osm. wdpa
Zambia;Monze;settlement;-162.715;274.772;51;yes;15;A9;0;ghsl-ucdb. wdpa
Zambia;Kawambwa;settlement;-97.915;290.791;51;yes;9;A9;0;ghsl-ucdb. wdpa
Zambia;Mufumbwe;settlement;-13.137;250.065;51;yes;10;A9;0;ghsl-ucdb. wdpa
Zambia;Itezhi-Tezhi;settlement;-157.369;260.416;51;yes;11;A9;0;ghsl-ucdb. wdpa
Zambia;Kalabo;settlement;-149.931;226.793;51;no;;A9;0;ghsl-ucdb. wdpa
Zambia;North Luangwa;site;-118.918;321.847;51;yes;17;A9;0;wdpa
Zambia;Lavushi Manda;site;-12.306;30.855;51;yes;12;A9;0;wdpa
Zambia;Isangano;site;-111.717;305.867;51;yes;14;A9;0;wdpa
Zambia;Kasanka;site;-125.289;302.138;51;no;;A9;0;wdpa
Zambia;Livingstone;settlement;-178.419;258.543;47;yes;7;A11;0;ghsl-ucdb. osm
Zambia;Solwezi;settlement;-121.688;263.894;26;no;;;0;ghsl-ucdb. osm. wdpa
Zambia;Kasama;settlement;-102.129;311.808;18;no;;A11;0;ghsl-ucdb. osm
Zambia;Ndola;settlement;-129.587;286.366;17;yes;8;;0;ghsl-ucdb. osm
Zambia;Kitwe;settlement;-128.024;282.132;15;no;;A11;0;ghsl-ucdb. osm
Zambia;Mkushi;settlement;-136.202;293.939;15;no;;A11;0;ghsl-ucdb. osm
Zambia;Palabana;settlement;-154.462;285.344;13;no;;A11;0;ghsl-ucdb. osm
Zambia;Chipata;settlement;-136.333;32.65;13;no;;;0;ghsl-ucdb. osm
Zimbabwe;Bulawayo;settlement;-20.15;285.833;100;yes;1;A9. A11. A2;2;ghsl-ucdb. osm. unesco-whs. wdpa. wikidata
Zimbabwe;Victoria Falls;settlement;-179.328;258.307;99;yes;2;A9;1;ghsl-ucdb. osm. unesco-whs. wdpa. wikidata
Zimbabwe;Chinhoyi;settlement;-173.667;30.2;94;yes;3;A11;0;ghsl-ucdb. osm. wikidata
Zimbabwe;Mana Pools National Park. Sapi and Chewore Safari Areas;site;-158.194;294.081;87;yes;4;A9;1;unesco-whs. wdpa. wikidata
Zimbabwe;Harare;settlement;-178.277;310.534;69;yes;5;A11. A12;0;ghsl-ucdb. osm
Zimbabwe;Masvingo;settlement;-200.637;308.277;47;yes;6;;1;ghsl-ucdb. osm. unesco-whs. wdpa. wikidata
Zimbabwe;Chipinge;settlement;-201.883;326.236;28;yes;9;A11. A9;0;ghsl-ucdb. osm. wdpa
Zimbabwe;Mvurwi;settlement;-170.333;30.85;25;yes;14;;0;ghsl-ucdb. osm. wdpa
Zimbabwe;Ruwa;settlement;-178.897;312.447;21;no;;;0;ghsl-ucdb. osm
Zimbabwe;Norton;settlement;-178.833;30.7;17;no;;A9;0;ghsl-ucdb. wdpa
Zimbabwe;Gonarezhou;site;-216.614;31.865;17;yes;10;A9;0;wdpa
Zimbabwe;Chizarira;site;-177.707;279.173;17;yes;11;A9;0;wdpa
Zimbabwe;Hwange;site;-19.191;26.625;17;yes;13;A9;0;wdpa
Zimbabwe;Gwanda;settlement;-209.362;29.007;17;yes;12;A11;0;ghsl-ucdb. osm
Zimbabwe;Gweru;settlement;-19.45;298.167;15;no;;A12;0;ghsl-ucdb. osm
Zimbabwe;Shurugwi;settlement;-196.702;300.059;14;yes;8;;0;ghsl-ucdb. osm. wikidata
Zimbabwe;Mutare;settlement;-189.707;326.709;13;yes;7;;0;ghsl-ucdb. osm
Zimbabwe;Kwekwe;settlement;-189.281;298.149;12;yes;15;;0;ghsl-ucdb. osm. wdpa
