candidate_id,lat,lon,landforms
uc-1138958,34.5281,69.1723,steppe
uc-1140026,34.3482,62.1997,steppe
uc-1133616,36.709,67.1109,desert
uc-1138336,31.6133,65.7101,desert
uc-1139715,34.4265,70.4515,desert
uc-1135689,36.7289,68.857,steppe
uc-1141269,33.5539,68.421,steppe
uc-1147290,36.7563,66.8972,steppe
uc-1147540,36.1307,68.7083,steppe
uc-1141857,33.5974,69.2259,
uc-1136469,33.3395,69.9204,steppe
uc-1133453,35.9214,64.7836,steppe
uc-1137168,36.683,69.1128,steppe
uc-1121381,34.7353,66.9738,steppe
uc-1429434,35.3129,69.5152,
uc-1136575,36.6974,67.6983,desert
uc-1123004,36.736,69.5345,steppe
uc-1147242,34.8216,67.8273,steppe
uc-1130490,35.9446,68.7151,steppe
uc-1125444,36.6676,65.7529,steppe
uc-1145352,35.0136,69.1714,
uc-1127110,36.2154,65.9325,steppe
uc-1120985,30.9596,61.8604,desert
uc-1131316,34.5879,68.9509,
uc-1148311,34.8731,71.147,steppe
uc-1127768,36.2647,68.0155,steppe
uc-1142170,37.1166,70.58,desert
uc-1134720,31.5938,64.3716,desert|river
uc-1141540,31.8209,64.57,desert|river
uc-1142264,32.3745,62.1164,desert
uc-1142330,34.8327,69.0776,
uc-1148658,36.9529,65.1238,steppe
uc-1147489,37.0025,70.9066,steppe
uc-1131833,33.7218,66.1302,
uc-1141089,35.7306,63.7826,steppe
uc-1125155,33.3029,62.1474,desert
uc-1128265,37.126,69.8304,
uc-1137079,30.5488,63.7888,desert|river
uc-1129648,37.2196,68.7802,river|steppe
uc-1139085,36.8648,70.8342,desert
uc-1132495,36.0649,69.1334,
uc-1147066,33.9674,68.9492,steppe
uc-1148106,37.0857,69.4796,steppe
uc-1142404,34.6667,61.0667,desert
uc-1137807,34.4811,62.5863,steppe
uc-1133574,34.6714,70.2094,desert
uc-1135158,33.2957,61.9522,desert
uc-1125896,34.1074,64.3052,
uc-1148205,35.0333,71.3581,
uc-1127628,35.8497,66.4369,steppe
uc-1136863,31.5292,62.7906,desert
uc-1469706,34.1258,70.7078,steppe
uc-1139807,35.1183,69.2378,
uc-1129516,37.4185,66.0436,river|steppe
uc-3041732,60.0973,19.9348,coast
uc-3183875,41.3274,19.8187,
uc-3185728,41.3235,19.4547,coast
uc-3183719,40.4696,19.4838,coast
uc-783263,41.1114,20.0822,
uc-3184081,42.0683,19.5126,lake|river
uc-3185670,40.7167,19.5667,coast
uc-3185082,41.5092,19.7928,coast
uc-3184862,40.9419,19.705,coast
uc-3186084,40.7058,19.9522,
uc-782756,40.6186,20.7808,
uc-3185672,40.7251,19.5582,coast
uc-781988,40.9025,20.6525,lake
uc-782661,42.0769,20.4219,river
uc-3185060,40.8003,19.9167,
uc-3185211,41.1856,19.5569,coast
uc-783508,41.4917,20.2219,
uc-783148,40.0758,20.1389,
uc-782519,41.1794,20.315,
uc-3184517,40.6428,19.6508,coast
uc-363243,39.8753,20.0048,coast
uc-3184935,41.7836,19.6436,coast|river
uc-3184497,41.0461,19.7511,
uc-2507480,36.7323,3.0875,coast
uc-2485926,35.6991,-0.6359,coast|steppe
uc-2503769,36.47,2.8277,
uc-2501152,36.365,6.6147,
uc-2506999,36.9,7.7667,coast
uc-2505572,35.556,6.1741,steppe
uc-2481700,36.1911,5.4137,
uc-2500017,34.6728,3.263,steppe
uc-2475687,34.8783,-1.315,
uc-2498611,36.1653,1.3345,steppe
uc-2481007,35.1899,-0.6309,steppe
uc-2503826,34.8504,5.728,desert
uc-2477461,35.4042,8.1242,steppe
uc-2497411,33.3561,6.8632,desert
uc-2475475,33.1108,6.07,desert
uc-2495662,36.4621,7.4261,
uc-2479536,36.8762,6.9092,coast
uc-2476897,35.371,1.317,steppe
uc-2505329,36.7559,5.0843,coast
uc-2485801,31.9493,5.325,desert
uc-2505530,31.6167,-2.2167,desert
uc-2487134,35.9312,0.0892,coast|steppe
uc-2503701,36.0739,4.7614,steppe
uc-2498766,36.0639,4.6274,
uc-2479215,36.2864,7.9511,
uc-2488835,36.2642,2.7539,
uc-2498392,36.1528,5.6902,
uc-2496049,32.4909,3.6735,desert
uc-2482572,34.8303,0.1517,steppe
uc-2491191,33.8,2.8651,desert
uc-2475744,36.7118,4.0459,coast
uc-2486690,35.7089,4.5372,desert
uc-2492913,36.821,5.7635,coast
uc-2483668,35.7373,0.556,steppe
uc-2508287,35.7964,7.3928,
uc-2491889,35.4358,7.1433,steppe
uc-2502385,35.2086,4.174,desert
uc-2490098,35.3966,0.1403,steppe
uc-2505629,35.389,5.3658,desert
uc-2507972,35.4514,2.9058,steppe
uc-2487772,34.1543,3.5031,desert
uc-2508737,34.1128,2.1023,steppe
uc-2497849,36.2633,6.6936,
uc-2487452,36.4503,6.2644,
uc-2490584,34.8497,-1.7275,steppe
uc-2498543,33.6832,1.0193,steppe
uc-2478216,22.785,5.5228,desert
uc-2482886,31.9243,5.3502,desert
uc-2491911,36.261,2.2201,
uc-2494073,35.0711,3.0299,steppe
uc-2479247,35.1857,1.4961,steppe
uc-2507901,35.2975,-1.1404,coast
uc-2503878,34.7449,8.0602,steppe
uc-2502958,36.3749,3.902,
uc-2508813,27.8743,-0.2939,desert
uc-2484620,35.8754,7.1135,
uc-2481246,35.8855,3.7724,steppe
uc-2504072,36.7022,7.8472,coast
uc-2501404,35.2731,7.7519,steppe
uc-2475860,35.6072,1.8108,
uc-2508002,36.0369,6.5722,
uc-2489865,33.5445,-0.2812,desert
uc-2491913,36.65,3.3308,coast
uc-11204500,36.2459,6.5671,
uc-2487293,35.5886,0.0686,steppe
uc-2491578,36.6389,2.7685,coast
uc-2479609,35.5283,-0.1937,steppe
uc-12326384,36.772,5.8982,coast
uc-2491323,35.8889,2.749,
uc-2495524,32.7921,4.4995,desert
uc-2484933,34.43,5.0614,desert
uc-2491050,36.5647,3.1543,coast
uc-2506385,35.8505,-0.318,coast|steppe
uc-2498305,30.5756,2.8842,desert
uc-2503181,36.5741,2.9121,coast
uc-2503229,36.7274,3.4099,coast
uc-2504099,36.1352,2.9108,
uc-2507877,35.3768,5.9,steppe
uc-2485582,35.9612,0.919,steppe
uc-2508228,36.264,1.9679,
uc-2499055,36.6848,7.7511,
uc-2483757,36.7359,3.3402,coast
uc-2503755,36.5422,3.9531,
uc-2501541,36.1629,6.1665,
uc-2494065,35.6922,-0.4994,coast|steppe
uc-2507646,36.4575,4.5349,
uc-2491335,35.2122,2.3189,steppe
uc-2507979,35.923,5.296,steppe
uc-2475612,34.7222,5.3784,desert
uc-2496232,35.0654,1.0494,steppe
uc-2508102,35.9711,6.8737,
uc-2495601,33.4853,6.7969,desert
uc-2487882,35.6311,5.9119,steppe
uc-2507943,32.75,-0.5833,desert
uc-2485540,35.9533,8.1292,
uc-2497509,36.7547,6.2725,coast
uc-2476301,27.6711,-8.1474,desert
uc-2482090,36.1287,7.5338,
uc-2483936,35.9441,5.0311,steppe
uc-2503641,36.7433,3.7173,coast
uc-2485618,36.185,1.533,steppe
uc-2494029,31.6804,6.0729,desert
uc-2479161,36.1477,3.6912,
uc-2487444,36.3055,2.2248,
uc-2491134,36.5646,3.5933,
uc-2478876,36.1213,5.9867,
uc-2499104,36.5363,3.8334,
uc-2476396,36.8,4.2667,coast
uc-2502939,36.6426,2.6901,coast
uc-2484835,36.6839,3.3666,coast
uc-2482939,36.4577,6.0427,
uc-2476700,35.4172,0.3298,
uc-2504581,35.301,-1.3823,coast|steppe
uc-2498172,32.6134,5.5126,desert
uc-2487620,32.2667,3.6333,desert
uc-2498775,32.893,0.5484,desert
uc-2497655,33.9514,5.9222,desert|saltflat
uc-2480368,34.387,4.9878,desert
uc-2503147,36.5418,3.081,
uc-2508295,35.8185,5.5111,steppe
uc-2508174,35.8039,-0.3018,coast|steppe
uc-2500737,33.5167,6.95,desert
uc-2506404,35.2588,6.3471,steppe
uc-2489922,36.0782,7.8196,
uc-2508119,35.7438,-0.7693,coast|steppe
uc-2508225,34.8422,1.547,steppe
uc-2497988,36.8956,8.4433,coast
uc-2498752,36.4701,2.6253,coast
uc-2500282,33.5339,5.9931,desert
uc-2490297,36.7857,4.0627,coast
uc-2508010,36.1628,0.9704,
uc-2501440,36.605,2.1908,coast
uc-2483968,35.6738,5.6453,steppe
uc-2503654,35.9011,4.8981,
uc-2494962,36.5126,2.4138,coast
uc-2505915,36.7394,7.1053,coast
uc-2504703,36.6195,4.0828,mountain
uc-2507912,36.7933,3.2869,coast
uc-2498590,36.2239,1.6719,steppe
uc-2498614,36.6531,6.8364,
uc-2483761,26.7158,0.1714,desert
uc-2498667,35.8669,7.8867,
uc-2508130,34.8415,4.1638,desert
uc-2496059,35.7811,-0.4258,coast|steppe
uc-2492809,35.4947,6.9249,steppe
uc-2478226,36.8376,6.6402,coast
uc-2482211,34.637,-1.3314,
uc-2508268,36.2933,3.6732,
uc-6930641,27.1968,2.4791,desert
uc-2507926,36.2674,6.5014,
uc-2492920,35.9299,0.8287,steppe
uc-2505651,36.5667,4.9667,coast
uc-2503156,36.3329,5.0884,
uc-2508184,34.3438,3.2247,steppe
uc-2476412,36.65,4.7736,
uc-2483649,35.062,-1.4336,steppe
uc-2488716,33.1919,6.0869,desert
uc-2488616,35.4306,1.7571,steppe
uc-2496241,36.7523,4.3155,coast
uc-2491042,36.6311,4.1986,mountain
uc-2508059,35.9247,6.6953,
uc-2485572,36.1012,1.1995,steppe
uc-2483000,33.2797,6.9098,desert
uc-2502962,36.5317,2.9919,
uc-2504110,32.8265,3.7669,desert
uc-2487805,35.6306,7.6661,steppe
uc-2479203,35.7492,1.5478,
uc-2498000,34.4454,2.5275,steppe
uc-2481058,33.4988,6.008,desert
uc-2508455,36.8015,7.6081,
uc-2488500,36.6818,4.2638,
uc-2479916,34.7451,5.8983,desert
uc-2508309,36.2319,6.9433,
uc-2486177,35.555,5.6106,steppe
uc-12640237,37.0056,6.5605,coast
uc-2477148,36.5108,1.3081,coast|steppe
uc-2484891,36.7146,3.3422,coast
uc-2474141,36.7664,3.4772,coast
uc-2474399,36.5331,6.7124,
uc-2508157,35.67,3.8815,steppe
uc-2502924,36.0663,1.126,steppe
uc-2486825,36.4669,2.6899,coast
uc-2495846,36.5161,6.3272,
uc-2494548,35.4486,7.9518,steppe
uc-2496042,35.0958,-1.8577,coast|steppe
uc-2504486,36.7697,7.9064,coast
uc-2508152,36.5647,4.3062,mountain
uc-2475764,36.5884,3.7744,
uc-2481639,35.2346,-0.2444,steppe
uc-2486284,35.0136,-1.748,coast
uc-2501767,34.621,2.795,steppe
uc-2476915,35.8711,2.0281,
uc-2503033,35.3147,-0.0504,steppe
uc-2484777,36.5483,3.1101,
uc-2507155,35.8678,1.1114,steppe
uc-2485551,36.3161,7.1636,
uc-2498782,36.2695,1.6861,
uc-2492345,36.9292,6.5856,coast
uc-2496643,34.5,3.7667,steppe
uc-2503852,35.635,3.225,steppe
uc-2500904,34.8964,3.4854,steppe
uc-2481207,36.4647,1.3026,coast|steppe
uc-2493918,34.9514,-1.3681,steppe
uc-2506043,36.7447,4.3722,coast
uc-2498704,35.5244,-1.0158,coast|steppe
uc-2500583,36.9172,3.9131,coast
uc-2475921,36.6539,3.9814,
uc-2477255,36.1165,6.3543,
uc-2496681,36.4094,5.9446,
uc-2502239,35.5727,-0.8996,coast|steppe
uc-12640238,36.6047,3.9844,
uc-2501525,35.9397,3.4159,
uc-2497796,36.6794,4.8555,coast
uc-2494554,35.3789,-0.9678,steppe
uc-2507169,36.6402,4.9013,
uc-2488202,35.98,4.1867,steppe
uc-2484846,34.9047,-1.0339,
uc-2483746,33.5639,6.7033,desert
uc-2509031,36.4166,1.1962,coast
uc-2506519,36.7936,4.3116,coast
uc-2481389,35.0694,-1.1371,
uc-2482447,35.8545,5.2905,steppe
uc-2474506,34.6828,6.5111,desert
uc-2485636,35.456,0.6878,steppe
uc-2475752,36.5457,4.0571,mountain
uc-2489987,36.1223,0.8986,
uc-2490180,36.0872,4.4519,
uc-2476403,29.2642,0.2358,desert
uc-2474638,35.7225,0.7551,steppe
uc-2506795,26.9667,1.0833,desert
uc-2496573,36.5604,4.8545,
uc-2501508,36.6,4.6167,
uc-2504385,35.0746,-1.2243,
uc-2478509,33.0851,6.3891,desert
uc-2478831,36.7441,3.9005,coast
uc-2503237,36.8022,4.1519,coast
uc-2501289,36.365,4.3264,mountain
uc-2501680,36.5772,3.0092,
uc-2482159,36.5472,4.6861,
uc-2504616,34.8704,-1.4232,
uc-2503620,36.2746,4.8567,
uc-2501873,36.6371,3.6947,
uc-2497714,35.3914,-1.0924,coast|steppe
uc-2504136,36.8353,7.4533,
uc-2502034,33.0989,1.2608,desert
uc-6698360,36.4899,5.5393,
uc-2504739,36.6677,3.5911,coast
uc-2475740,36.6718,4.1918,mountain
uc-2474583,36.7117,2.8424,coast
uc-2508180,35.364,-0.5128,
uc-2476917,36.7254,3.5566,coast
uc-2486505,36.7463,3.8316,coast
uc-2476028,36.5897,2.4489,coast
uc-5881576,-14.2781,-170.7025,coast
uc-3041563,42.5078,1.5211,mountain
uc-3040051,42.5073,1.5341,mountain
uc-2240449,-8.8368,13.2343,coast|steppe
uc-2242906,-9.1469,13.4194,river|steppe
uc-3347762,-14.9172,13.4925,
uc-3348313,-12.7761,15.7392,
uc-3351663,-12.5767,13.4027,coast|desert
uc-2243271,-5.562,12.1948,coast
uc-3347939,-12.3644,13.536,coast|desert
uc-2239862,-9.5402,16.341,
uc-145531,-9.6608,20.3915,
uc-3348078,-12.3833,16.9333,
uc-13631350,-9.0626,13.0456,coast|steppe
uc-2236568,-7.6087,15.0613,
uc-3347719,-11.7833,19.9167,
uc-3347019,-15.1961,12.1522,coast|desert
uc-3347353,-14.6585,17.691,
uc-145778,-7.3,20.7333,
uc-13607978,-12.59,13.3912,coast|desert
uc-2236967,-6.1349,12.3689,coast
uc-3346015,-11.206,13.8437,coast|steppe
uc-11592398,-9.0121,13.3844,steppe
uc-145757,-7.3664,20.8156,
uc-3351599,-12.4702,14.1369,
uc-2239076,-9.2978,14.9116,
uc-13631347,-8.6934,13.4491,coast|steppe
uc-2239520,-6.2667,14.2383,
uc-3351500,-12.8525,15.5606,
uc-3346821,-17.0667,15.7333,desert|steppe
uc-3348094,-12.566,16.2259,
uc-3348613,-10.8515,14.3799,
uc-145724,-8.4192,20.7447,
uc-3351764,-12.3543,14.7723,
uc-3351786,-12.6042,13.1967,coast|desert
uc-2239069,-7.7594,15.2722,
uc-3347853,-12.9079,15.2485,
uc-3346661,-10.7325,13.7684,coast|steppe
uc-3349229,-13.0387,14.2455,
uc-3350123,-11.4217,15.1235,
uc-7768322,-8.7672,17.9957,river
uc-7860624,-11.3922,15.092,
uc-3348774,-12.6789,15.5056,
uc-3347424,-14.7327,15.0348,river
uc-2243677,-8.4718,13.3701,coast|steppe
uc-2242001,-8.5785,13.6642,steppe
uc-2243866,-9.575,15.9944,
uc-3351307,-16.2856,14.3096,desert|steppe
uc-3347615,-10.7391,17.7177,
uc-2591933,-8.5675,13.4764,coast|steppe
uc-3350867,-14.1138,13.2406,
uc-3348581,-13.0159,14.635,
uc-2241371,-9.6846,14.4279,river
uc-2241372,-9.05,15.3167,
uc-2236360,-8.3855,15.3013,
uc-3351014,-12.0167,17.4833,
uc-876177,-10.7073,22.2247,
uc-2241668,-9.1458,18.0445,river
uc-2242584,-9.7833,16.4333,
uc-3351884,-11.4868,16.6966,
uc-3345669,-11.4124,14.3066,
uc-3345790,-15.8039,11.8448,coast|desert
uc-3351064,-10.0006,14.8952,
uc-3345517,-15.727,12.9496,steppe
uc-2239732,-6.0572,15.1097,
uc-2241623,-6.1208,14.6209,
uc-2236587,-8.6516,14.1565,
uc-2243458,-4.7667,12.55,
uc-2243127,-9.421,15.7467,
uc-3345495,-12.2333,15.55,
uc-3348297,-16.6864,14.9032,desert|steppe
uc-3345492,-16.7444,14.9749,desert|river|steppe
uc-876482,-11.8991,22.9022,river
uc-2241954,-8.732,15.3712,
uc-2239149,-10.5143,16.0199,
uc-3349746,-11.95,14.4667,
uc-2236991,-7.3521,14.8463,
uc-3351023,-13.8667,14.4333,
uc-2243421,-8.6742,14.797,
uc-7855993,-10.1916,15.4341,
uc-2239001,-7.228,12.8696,coast|steppe
uc-3350372,-12.15,17.2833,
uc-3346598,-10.7337,14.98,
uc-3349723,-12.5571,16.338,
uc-2241635,-8.2362,19.5257,
uc-2238876,-8.5341,14.4355,
uc-2240416,-9.1545,19.2814,
uc-3348896,-12.9517,13.1025,coast|desert|steppe
uc-3349515,-13.55,16.6333,
uc-2243646,-4.65,12.7667,
uc-3346497,-14.8191,14.535,
uc-2237128,-7.3147,16.0024,
uc-3345668,-12.9612,15.0596,
uc-2242885,-8.1881,15.375,
uc-3347111,-11.8327,16.2361,
uc-3349324,-11.1086,14.3362,
uc-3350550,-11.1333,14.4667,
uc-2239106,-8.1231,14.2884,
uc-2242647,-8.1626,14.1166,
uc-2236716,-6.8052,13.3302,
uc-145872,-7.4837,21.3034,
uc-3349181,-12.15,18.0833,
uc-2240975,-9.1333,14.7667,
uc-2240393,-9.2727,15.2521,river
uc-2240958,-8.1244,14.2908,
uc-876130,-14.1016,21.4353,
uc-3349222,-12.3126,14.1265,
uc-3346942,-11.4751,16.965,
uc-3350917,-10.0753,17.5506,
uc-7745410,-7.4686,17.0377,
uc-7900710,-10.8948,17.764,
uc-3347880,-12.2371,15.317,
uc-2243092,-8.2997,14.3449,
uc-2238951,-8.7131,14.4629,
uc-2240686,-8.9077,17.0534,
uc-3576022,17.121,-61.8433,coast
uc-3435910,-34.6131,-58.3772,coast
uc-3860259,-31.4065,-64.1885,
uc-3838583,-32.9468,-60.6393,river|wetland
uc-3836873,-26.816,-65.2105,river
uc-3430863,-38.0004,-57.5562,coast
uc-3838233,-24.8065,-65.42,steppe
uc-3430697,-34.6654,-58.7274,
uc-3836277,-31.6488,-60.7087,river
uc-3435217,-27.4678,-58.8344,river|wetland
uc-12076997,-34.5154,-58.7681,
uc-3429577,-27.4636,-58.9866,
uc-3836564,-24.1928,-65.2934,steppe
uc-3429886,-27.3918,-55.9238,
uc-3865086,-38.7176,-62.2655,coast
uc-3432043,-34.9213,-57.9544,coast
uc-3835869,-27.8005,-64.2629,river|steppe
uc-3841956,-31.7327,-60.529,river|wetland
uc-3843123,-38.9508,-68.0592,desert|river
uc-3433899,-26.1849,-58.1731,river
uc-7645166,-34.5433,-58.7123,
uc-3837702,-28.4696,-65.7852,desert
uc-3436043,-34.7653,-58.2128,coast
uc-3848950,-29.4133,-66.8564,desert
uc-3837056,-33.2914,-66.3247,
uc-3433424,-34.7,-58.5874,
uc-3433360,-27.585,-56.6871,wetland
uc-3433975,-34.8544,-58.5247,
uc-3838874,-33.1304,-64.3527,
uc-7778796,-34.634,-58.7914,
uc-3435261,-31.392,-58.0171,river
uc-3860443,-45.8626,-67.494,coast|steppe
uc-3836846,-33.3342,-60.2108,river|wetland
uc-13452524,-31.5819,-68.5421,desert
uc-3837213,-31.5373,-68.5257,desert
uc-3435894,-34.8258,-58.395,coast
uc-3832694,-32.4075,-63.2402,river
uc-3836669,-34.6153,-68.3324,steppe
uc-3427833,-37.3287,-59.1369,
uc-3844421,-32.8895,-68.8458,desert
uc-3429594,-29.15,-59.65,
uc-3435607,-34.6514,-58.6407,
uc-3428775,-34.6811,-58.5638,coast
uc-3835994,-36.6162,-64.2899,
uc-3427213,-34.0958,-59.0242,wetland
uc-3430861,-36.5743,-56.6939,coast
uc-3833883,-43.249,-65.305,desert|river
uc-3430988,-34.5664,-59.1148,
uc-7116866,-33.6757,-65.4578,
uc-3838859,-51.6253,-69.2523,coast|steppe
uc-3861056,-38.9339,-67.9903,desert|river
uc-7647007,-41.1456,-71.3082,glacier|lake
uc-3861416,-31.4931,-68.5326,desert|river
uc-3841490,-33.891,-60.5746,
uc-3428067,-35.0249,-58.4241,
uc-3842670,-36.8938,-60.3232,
uc-3839479,-31.2528,-61.4908,
uc-3436040,-34.8715,-57.8833,coast
uc-3853354,-34.5939,-60.9464,river
uc-3836620,-23.137,-64.3243,
uc-3435810,-34.1633,-58.9592,wetland
uc-3836992,-33.0834,-68.4731,desert
uc-3840300,-26.7909,-60.4413,
uc-3429980,-34.4587,-58.914,
uc-3433658,-33.0078,-58.5184,coast|wetland
uc-3430443,-38.5545,-58.7396,coast
uc-3855065,-39.0333,-67.5833,desert|river
uc-3833062,-33.7458,-61.9671,
uc-3435010,-34.4946,-58.6273,coast
uc-3433715,-29.1399,-59.2634,wetland
uc-3832791,-31.4183,-64.4901,
uc-3435264,-32.4846,-58.2322,coast|wetland
uc-3855075,-35.6593,-63.7579,
uc-3861344,-34.8969,-60.0191,
uc-3436199,-36.778,-59.8585,
uc-3840092,-42.7685,-65.0383,coast|desert
uc-3839982,-38.8805,-62.075,coast
uc-3430708,-34.6507,-59.4314,
uc-3836194,-31.5405,-68.4979,desert
uc-3834601,-22.5168,-63.8056,
uc-3433522,-34.5904,-58.629,coast
uc-3837675,-31.425,-62.084,
uc-3434509,-34.6177,-58.6015,coast
uc-3836772,-24.2313,-64.8661,steppe
uc-3435352,-32.2231,-58.1443,river
uc-3833367,-54.8108,-68.3159,coast|tundra
uc-3430340,-27.4868,-55.1199,
uc-3863379,-46.4479,-67.5227,coast|steppe
uc-3434674,-26.4045,-54.6185,
uc-3838793,-32.1767,-64.1129,river
uc-3838854,-53.7877,-67.7097,coast
uc-3840885,-38.9667,-68.2333,desert|river
uc-3833859,-38.3769,-60.2756,
uc-3846915,-23.8131,-64.7935,steppe
uc-3832899,-40.8152,-63.0004,river|steppe
uc-3862144,-38.8295,-68.1318,desert|river
uc-3428759,-28.1344,-58.7668,wetland
uc-3428576,-33.6792,-59.6663,river|wetland
uc-3859552,-38.9342,-69.2305,steppe
uc-3861953,-34.642,-60.4712,
uc-3428992,-34.4697,-58.5211,coast
uc-3436177,-37.8464,-58.2555,
uc-3832778,-33.2279,-60.3299,river|wetland
uc-3430104,-29.7125,-57.0877,river|wetland
uc-3832811,-27.5768,-60.7111,
uc-3433787,-34.4526,-58.6431,coast
uc-3430415,-32.3937,-59.7895,wetland
uc-3861445,-29.1616,-67.4993,desert
uc-3842881,-35.4439,-60.8846,
uc-3435713,-35.0538,-58.7621,
uc-3840860,-31.6833,-68.5833,desert
uc-3866163,-31.6498,-64.4297,
uc-3833875,-35.9733,-62.7328,
uc-3435448,-35.5768,-58.0121,
uc-3429971,-37.1111,-56.8652,coast
uc-3863882,-35.1156,-60.4896,
uc-3833520,-33.5812,-69.0154,desert
uc-3428068,-26.6167,-54.1333,
uc-3855090,-24.6745,-65.0466,steppe
uc-3862320,-25.9466,-60.6201,
uc-3841679,-35.8108,-61.899,
uc-3435103,-29.7915,-58.0499,wetland
uc-3853510,-30.9815,-64.0942,
uc-3862981,-32.8203,-61.3951,
uc-3856022,-31.4496,-60.9315,
uc-3431313,-35.1854,-59.0979,
uc-3855139,-34.9775,-67.6962,steppe
uc-3436150,-33.812,-59.5047,wetland
uc-3864331,-32.6302,-62.6888,river
uc-3838759,-33.191,-68.4622,desert
uc-3844298,-25.4971,-64.9711,steppe
uc-3430668,-38.2716,-57.8389,coast
uc-3838227,-34.2918,-60.2545,
uc-3433663,-33.1409,-59.3126,wetland
uc-3846864,-34.8682,-61.5293,
uc-3860164,-37.4586,-61.9329,
uc-3866496,-27.4315,-65.6146,steppe
uc-3862240,-31.6515,-68.2822,desert
uc-3854895,-32.8568,-60.7175,river
uc-3839490,-26.8708,-60.2154,
uc-3429777,-25.5991,-54.5735,river
uc-3427428,-31.8677,-59.027,wetland
uc-3862351,-33.0446,-61.1642,
uc-3433803,-26.5364,-59.3414,
uc-3837855,-36.2307,-61.1157,
uc-3832132,-38.9006,-70.0667,
uc-3832647,-39.0963,-67.0837,river|steppe
uc-3427761,-34.426,-58.5796,coast
uc-3855666,-27.0545,-65.4019,
uc-3435486,-30.7548,-57.982,wetland
uc-3430709,-29.1842,-58.0752,wetland
uc-3865436,-34.0631,-60.1026,
uc-3429399,-35.6388,-59.7794,
uc-3435038,-36.3154,-57.6755,
uc-3436311,-27.9142,-55.7535,
uc-3839444,-33.4851,-60.0063,river|wetland
uc-3836993,-31.4396,-68.5205,desert|river
uc-3838564,-25.7986,-64.9739,
uc-12035902,-26.9963,-54.477,
uc-3433836,-27.4831,-55.8292,
uc-3433753,-28.05,-56.0333,
uc-3855974,-42.9115,-71.3195,glacier
uc-3859828,-30.7264,-64.8039,
uc-3845330,-26.9262,-60.0485,
uc-3841390,-23.3164,-64.2183,
uc-3832756,-31.945,-65.1903,steppe
uc-3834502,-27.4936,-64.8597,river
uc-3861678,-27.2179,-61.1874,
uc-3866242,-38.9774,-67.8271,desert|river
uc-3845181,-35.4779,-69.5852,steppe
uc-3431391,-27.6038,-55.3237,
uc-3862738,-32.8226,-60.7185,river
uc-3848687,-27.0882,-61.0822,
uc-3434095,-30.0148,-59.5289,wetland
uc-3861061,-38.8222,-68.0629,desert|river
uc-3839307,-43.3003,-65.1056,coast|desert|river
uc-3838561,-24.9858,-65.5784,river|steppe
uc-3860828,-33.8971,-61.0994,
uc-3862583,-40.8025,-62.9835,river|steppe
uc-3430866,-36.7288,-56.6827,coast
uc-3840259,-22.049,-63.6908,
uc-3841309,-46.7994,-67.9578,steppe
uc-3832934,-32.6184,-60.1548,wetland
uc-3431788,-36.0143,-59.0999,
uc-3433349,-27.0435,-55.227,
uc-3833794,-26.3407,-60.4321,
uc-3848353,-46.5413,-68.9323,desert
uc-3432079,-30.7418,-59.6452,river|wetland
uc-3430598,-30.2518,-57.6354,river
uc-3435963,-35.168,-58.2374,
uc-3841500,-32.9984,-60.7679,
uc-3844899,-32.6978,-62.1067,
uc-3860801,-31.022,-64.0617,
uc-3856231,-23.21,-64.0996,
uc-3833112,-35.4325,-60.1716,
uc-3843803,-27.1683,-65.4989,
uc-3428577,-26.6218,-54.109,
uc-3836951,-40.1579,-71.3534,glacier
uc-3427431,-37.2639,-56.973,coast
uc-3429248,-34.2508,-59.4694,
uc-3858677,-50.3407,-72.2768,lake|steppe
uc-3428071,-28.551,-56.0412,river|wetland
uc-3855041,-35.0326,-63.0148,
uc-3430601,-26.5685,-54.7579,river
uc-3838797,-31.6501,-63.9117,
uc-3838650,-34.1977,-60.7337,
uc-3837124,-30.7899,-60.5928,
uc-3428609,-35.4392,-58.8074,
uc-3860174,-37.9857,-61.3504,
uc-3433801,-37.002,-57.1358,
uc-3858765,-41.9605,-71.5334,glacier
uc-3865385,-33.1536,-60.5117,river|wetland
uc-3843619,-30.7107,-62.0071,
uc-3865840,-28.4602,-62.8335,
uc-3859512,-30.425,-64.3527,
uc-3852468,-34.1269,-63.3908,
uc-3855116,-22.5962,-63.811,
uc-3833027,-29.4599,-60.2131,
uc-3865424,-31.4192,-63.0508,
uc-3434291,-27.2966,-54.1981,river
uc-3859384,-32.0671,-60.6427,river|wetland
uc-3862607,-35.6225,-61.3655,
uc-3841504,-33.0749,-68.8884,desert
uc-3853491,-25.1136,-64.1263,river|steppe
uc-3429949,-25.7327,-59.1099,
uc-3427388,-28.4873,-59.3542,
uc-3859965,-31.2452,-64.4657,
uc-3433817,-35.7684,-58.4944,river
uc-3436221,-37.1528,-58.4884,
uc-3834971,-30.9448,-61.5597,
uc-3847613,-31.8704,-62.7197,
uc-3838684,-32.9949,-68.686,desert
uc-3841149,-31.6813,-63.8824,
uc-3428359,-30.9443,-59.7883,river|wetland
uc-3855244,-32.0296,-61.221,
uc-3838506,-34.2624,-62.7113,
uc-3429403,-28.255,-58.6239,wetland
uc-3859904,-32.0308,-60.3062,wetland
uc-3855554,-33.4594,-61.4832,
uc-3836011,-23.3943,-64.4251,
uc-3855043,-35.0,-61.0387,
uc-3832765,-31.5542,-63.5356,
uc-3429732,-26.8089,-55.0215,river
uc-3834310,-36.6739,-64.3798,
uc-3860217,-31.9736,-60.9194,
uc-3837980,-40.7319,-64.9477,coast|steppe
uc-3833512,-33.3693,-69.1478,desert
uc-3837441,-31.8971,-61.8599,
uc-3863503,-26.0729,-65.9777,steppe
uc-3840104,-47.7513,-65.8967,coast|steppe
uc-3430457,-35.0059,-59.2783,
uc-3838902,-31.1697,-64.3175,
uc-3428373,-37.8344,-57.5075,coast
uc-3866465,-28.56,-66.8074,desert
uc-3836142,-26.6946,-66.0481,
uc-3834048,-29.2327,-61.7687,river
uc-3433956,-30.9562,-58.7797,wetland
uc-3838879,-38.9908,-64.0957,river|steppe
uc-3841159,-37.6026,-62.4084,
uc-3435644,-34.3766,-59.8227,
uc-3856235,-32.2068,-64.4006,
uc-3436047,-37.6719,-59.8065,
uc-3855074,-27.3253,-61.281,
uc-3862655,-32.857,-61.1511,river
uc-3428975,-30.5807,-59.9296,
uc-3429786,-26.0227,-54.6136,river
uc-3427327,-25.9734,-54.563,
uc-3833412,-31.2372,-64.3118,
uc-3428708,-27.5077,-58.5562,wetland
uc-3430957,-35.08,-57.5137,coast
uc-3864430,-27.6495,-67.0263,desert
uc-3862254,-37.8755,-67.7945,desert|river
uc-3864375,-27.0342,-65.302,river
uc-3851331,-31.0932,-64.4845,
uc-3855143,-37.3782,-64.6042,steppe
uc-616052,40.1776,44.5126,
uc-616635,40.7931,43.8464,
uc-616530,40.8074,44.497,
uc-616629,40.5169,44.7559,
uc-616062,40.1656,44.2946,steppe
uc-174875,39.2076,46.4068,
uc-616631,40.1555,44.0388,steppe
uc-174979,39.9548,44.5487,river|steppe
uc-616785,40.4029,44.6445,
uc-616250,40.548,44.9531,lake
uc-616627,40.8804,45.1478,
uc-616599,40.354,45.1239,lake
uc-616887,40.6192,43.9721,mountain
uc-616877,40.2976,44.3615,
uc-174991,39.8549,44.6947,steppe
uc-174895,39.5111,46.3417,
uc-616752,40.7404,44.8634,
uc-3577154,12.524,-70.027,coast|steppe
uc-3577159,12.566,-70.032,coast|steppe
uc-3577072,12.5391,-70.02,coast|steppe
uc-3577102,12.5095,-69.9809,coast|steppe
uc-2158177,-37.814,144.9633,coast
uc-2147714,-33.8678,151.2073,coast
uc-2174003,-27.4679,153.0281,coast
uc-2063523,-31.9522,115.8614,coast|river
uc-2078025,-34.9287,138.5986,coast
uc-2165087,-28.0003,153.4309,coast
uc-2155472,-32.9295,151.7801,coast
uc-10630449,-26.6568,153.0796,coast
uc-2172517,-35.2835,149.1281,
uc-8310663,-33.4298,151.3714,coast
uc-7281838,-27.6392,153.1094,
uc-2165798,-38.1471,144.3607,coast
uc-2171507,-34.424,150.8935,coast
uc-2163355,-42.8794,147.3294,coast
uc-2146142,-19.2664,146.8057,coast
uc-2172797,-16.9237,145.7661,coast
uc-2146268,-27.5606,151.9539,
uc-2073124,-12.4611,130.8418,coast
uc-2170089,-37.6,144.95,
uc-2177091,-37.5662,143.8496,
uc-2067119,-32.5269,115.7217,coast
uc-2176187,-36.7582,144.2802,
uc-2172710,-26.8035,153.1219,coast
uc-2160517,-41.4388,147.1347,river
uc-2159045,-32.7331,151.5574,
uc-2145936,-35.4165,149.0695,
uc-2159220,-21.1534,149.1655,coast
uc-2151437,-23.3803,150.506,river
uc-2171085,-30.2963,153.1135,coast
uc-6615604,-33.7133,150.3306,
uc-2147357,-37.8363,144.6595,coast
uc-2075432,-33.3271,115.6414,coast
uc-2173323,-24.8662,152.3479,coast|river
uc-2153953,-38.0702,145.4741,coast
uc-2152819,-37.9148,144.7509,coast
uc-6949382,-33.6662,151.3017,coast
uc-2175411,-33.7667,150.9167,
uc-6354957,-25.2876,152.7694,coast
uc-2152659,-31.4308,152.9089,coast
uc-2176031,-38.0333,145.35,
uc-2144095,-37.9,144.6667,coast
uc-2165478,-23.8485,151.2577,coast
uc-2147497,-31.0905,150.929,
uc-2168305,-32.243,148.6048,river
uc-2165171,-37.8781,145.1648,coast
uc-2154219,-33.284,149.1002,
uc-2172111,-33.7333,151.0,
uc-2143285,-36.1218,146.8881,lake|river
uc-2147914,-37.5774,144.7261,
uc-2070998,-28.779,114.6146,coast
uc-8349017,-32.3289,115.8305,coast
uc-2166144,-38.1446,145.1229,coast
uc-7281807,-37.8826,144.7003,coast
uc-2176592,-33.7588,150.9929,
uc-2145990,-37.8167,144.75,coast
uc-2176632,-33.4166,149.5806,river
uc-2077963,-35.0269,117.8837,coast
uc-2157698,-34.1855,142.1625,river|steppe
uc-2166143,-38.1333,145.1333,coast
uc-6301965,-12.486,130.9833,coast
uc-2150894,-37.9333,145.2333,coast
uc-2167279,-37.65,145.0333,
uc-2144528,-38.3818,142.488,coast
uc-2149645,-36.3805,145.3987,
uc-2159851,-33.9194,150.9259,coast
uc-2155204,-37.9667,145.1667,coast
uc-9972518,-38.0437,145.2923,coast
uc-2068079,-32.2301,115.7813,coast
uc-7281840,-33.8178,151.0035,
uc-2169460,-37.9833,145.2,coast
uc-2161532,-37.9912,145.1738,coast
uc-2144764,-36.3585,146.3206,
uc-2157995,-33.8333,150.9833,
uc-2068823,-30.7461,121.4742,steppe
uc-2157635,-37.6667,145.0667,
uc-2155718,-38.0333,145.3,coast
uc-8347736,-33.7103,150.951,
uc-2158562,-25.5407,152.7049,coast
uc-7281850,-37.8846,145.2954,
uc-2075265,-33.6525,115.3455,coast
uc-2168537,-37.6,145.15,
uc-2146108,-38.1953,146.5415,
uc-2152329,-33.7333,150.8833,
uc-2169867,-37.8,145.2833,
uc-2172832,-27.0846,152.9511,coast
uc-2168943,-41.1769,146.3515,coast
uc-2163990,-38.0333,145.25,coast
uc-2077895,-23.6975,133.8836,desert
uc-2156878,-38.2179,145.0388,coast
uc-2156643,-37.8318,140.7792,
uc-2156942,-37.65,145.1,
uc-2145461,-27.8768,153.2857,coast
uc-2177394,-37.6727,144.4383,
uc-9972516,-38.0776,145.2987,coast
uc-9972515,-38.1153,145.2981,coast
uc-8348596,-31.7674,115.9694,river
uc-2164837,-34.7516,149.7209,
uc-7281805,-37.7412,144.7363,coast
uc-8347325,-37.977,145.2587,coast
uc-2065740,-35.1333,138.5167,coast
uc-2207618,-37.9694,145.0481,coast
uc-2174580,-37.8667,145.2833,
uc-8348582,-33.8235,150.9461,
uc-2158051,-37.6007,145.0956,
uc-2171845,-32.8321,151.3562,
uc-2156977,-37.7825,145.3168,
uc-7302642,-33.7907,150.6693,
uc-9957340,-27.6256,152.9688,
uc-9972522,-37.9665,145.2081,coast
uc-2163137,-33.7024,151.0993,coast
uc-2164129,-26.1898,152.665,
uc-2148591,-37.9485,145.1527,coast
uc-2160582,-38.1667,145.1667,coast
uc-2172191,-38.0997,145.1725,coast
uc-8348460,-33.8974,150.9345,coast
uc-2065665,-35.0667,138.8667,
uc-2177671,-30.5012,151.6655,
uc-2170079,-38.1134,145.2833,coast
uc-2164495,-37.6333,144.8667,
uc-6943562,-27.2243,153.0207,coast
uc-2156934,-27.1088,152.9491,coast
uc-2070571,-32.081,116.0054,
uc-8349354,-19.3032,146.7253,coast
uc-2155787,-27.2034,152.9592,coast
uc-2058430,-33.0327,137.5648,coast|steppe
uc-2144728,-37.8833,145.2167,coast
uc-2143887,-37.9,145.1833,coast
uc-2164422,-34.2885,146.0509,steppe
uc-2173125,-41.0558,145.9038,coast
uc-6943560,-27.252,152.9923,coast
uc-2071059,-34.6025,138.749,
uc-9972517,-38.0965,145.2671,coast
uc-2156340,-37.9284,145.1771,coast
uc-2144604,-38.1591,145.9312,
uc-8349321,-33.7973,150.7847,
uc-2156578,-38.2667,145.0167,coast
uc-2169220,-27.1935,153.0263,coast
uc-2164771,-29.681,152.9339,
uc-2149847,-33.7833,150.9333,
uc-2151576,-37.8167,145.2333,
uc-7932670,-27.6461,152.8596,
uc-2075230,-32.221,116.009,
uc-2167445,-37.7333,145.15,
uc-9972527,-38.166,145.1364,coast
uc-2156663,-38.1833,145.0833,coast
uc-8347871,-33.722,151.0461,
uc-2146218,-38.3308,144.3264,coast
uc-2065594,-20.7252,139.4973,steppe
uc-2169145,-37.7672,144.7666,coast
uc-2172434,-27.5433,153.2029,coast
uc-2166952,-33.8667,150.95,
uc-2143973,-33.8038,150.9877,
uc-2169956,-34.0625,151.1496,coast
uc-2177233,-37.8229,147.6104,
uc-2145092,-33.7182,151.1156,coast
uc-2176639,-35.7066,150.1754,coast
uc-2173911,-31.9652,141.4512,desert
uc-2160188,-37.75,145.35,
uc-8349243,-37.6905,144.7417,
uc-2149975,-38.1,145.1333,coast
uc-2167312,-34.0656,151.0127,coast
uc-6620339,-20.7376,116.8463,coast|desert
uc-2163055,-36.7113,142.1998,steppe
uc-7576707,-27.9183,153.3328,coast
uc-2157410,-37.8167,145.2,
uc-2164691,-33.8406,151.0075,
uc-2156671,-33.7667,150.8167,
uc-8348920,-27.9399,153.3144,coast
uc-8349003,-34.757,138.6082,coast
uc-2147381,-31.911,152.4539,coast
uc-9972964,-33.7457,151.0476,
uc-8348615,-27.5322,153.2289,coast
uc-2156034,-32.2612,150.8901,
uc-2077454,-33.2792,115.715,coast
uc-2160560,-38.0239,144.4062,coast
uc-2176934,-28.213,153.5363,coast
uc-8348477,-33.9522,150.8995,coast
uc-8348511,-33.7061,150.7094,
uc-9972586,-37.7099,144.7548,
uc-2144502,-28.219,152.0344,
uc-2062338,-32.2768,115.7298,coast
uc-8347914,-33.9419,150.8717,
uc-2063042,-20.3121,118.6106,coast|desert
uc-2153925,-28.1169,153.4658,coast
uc-8347847,-37.6986,144.7863,
uc-2157495,-34.0386,151.1001,coast
uc-6693094,-27.6676,152.9249,
uc-2167817,-36.1406,144.7518,river|steppe
uc-2144949,-37.4162,144.9786,
uc-2761369,48.2085,16.3721,river
uc-2778067,47.0673,15.442,river
uc-2775220,47.2627,11.3945,river
uc-2772400,48.3064,14.2861,river
uc-2766824,47.7994,13.044,
uc-2774326,46.6247,14.3053,
uc-2762372,46.6103,13.8558,river
uc-2780180,47.276,16.2591,
uc-2780741,47.4143,9.7419,lake
uc-2761353,47.8049,16.232,
uc-2764359,48.0427,14.4213,
uc-2779674,47.2364,9.5973,mountain
uc-2781503,47.5031,9.7471,lake
uc-2782067,48.0054,16.2326,
uc-2763423,48.2209,14.2383,
uc-2760910,46.8406,14.8442,
uc-2772173,47.4264,9.6585,lake|river
uc-2766429,48.2076,15.6372,
uc-2782480,48.2097,14.29,
uc-2761524,48.1667,14.0333,
uc-2766922,47.4268,12.848,
uc-2775742,47.3612,9.6869,
uc-2764279,48.3833,16.2167,river
uc-2782555,48.1229,14.8721,
uc-2763810,47.3071,11.0682,glacier|mountain|river
uc-2781680,47.1548,9.8225,mountain
uc-587084,40.3777,49.892,coast|steppe
uc-584923,40.5897,49.6686,coast|steppe
uc-586523,40.6816,46.3613,steppe
uc-584649,40.6183,47.1501,river|steppe
uc-585514,40.7642,47.0623,lake|river|steppe
uc-147429,39.2089,45.4122,steppe
uc-147622,38.7543,48.8506,coast
uc-147611,38.7739,48.415,
uc-148565,39.9378,48.929,river|steppe
uc-585170,41.1919,47.1706,
uc-584717,41.4643,48.8056,coast|steppe
uc-586427,40.6506,47.7422,steppe
uc-587057,40.3758,47.1262,steppe
uc-585152,40.8297,46.0178,steppe
uc-587384,40.0502,47.4594,steppe
uc-585156,40.6314,48.6414,
uc-585557,40.5298,50.0062,coast|steppe
uc-148619,39.991,46.9274,steppe
uc-147271,39.5962,48.9848,river|steppe
uc-148290,39.2096,48.4919,steppe
uc-147982,39.871,48.06,river|steppe
uc-584596,41.6316,46.6448,
uc-585187,40.0087,48.477,river|steppe
uc-586318,40.7848,48.1514,
uc-584954,41.0781,49.1156,coast|steppe
uc-148106,39.6009,47.1453,steppe
uc-586925,40.519,50.1144,coast|steppe
uc-586968,40.4508,50.0869,coast|steppe
uc-587378,40.647,47.4738,steppe
uc-586763,41.2012,48.9871,coast|steppe
uc-585225,40.0387,48.9429,steppe
uc-585221,41.3611,48.5134,
uc-587361,40.5703,48.4009,steppe
uc-585226,41.0925,45.3656,steppe
uc-584871,40.342,46.9316,steppe
uc-147288,39.9321,48.3689,river|steppe
uc-147105,39.7601,46.7499,
uc-585763,40.3426,48.1565,steppe
uc-147425,39.3768,49.247,coast|river|steppe
uc-148340,39.4583,48.545,steppe
uc-147059,39.8807,48.3916,steppe
uc-147420,39.116,45.4617,steppe
uc-585220,41.4275,48.4302,
uc-584791,40.519,47.6542,steppe
uc-585802,40.946,45.7317,steppe
uc-148354,39.7756,47.6186,steppe
uc-585568,40.4918,50.1429,coast|steppe
uc-148445,38.456,48.875,coast
uc-3571824,25.0582,-77.3431,coast
uc-3571971,26.5333,-78.6667,coast
uc-3572375,26.5333,-78.7,coast
uc-290332,26.2572,50.6119,coast|desert
uc-290340,26.2279,50.5857,coast|desert
uc-290247,26.1153,50.5069,coast|desert
uc-385038,26.13,50.555,coast|desert
uc-290104,26.1547,50.6206,coast|desert
uc-290269,26.0686,50.5039,coast|desert
uc-1185241,23.7104,90.4074,coast|river|wetland
uc-1205733,22.3384,91.8317,coast
uc-1200109,23.9984,90.4223,
uc-1336135,22.8098,89.5644,wetland
uc-1185188,25.7466,89.2517,
uc-1185128,24.374,88.6011,river|wetland
uc-1185186,23.4619,91.185,
uc-1194041,24.8984,88.5284,
uc-1462674,22.5052,91.8134,coast
uc-1185270,22.1953,92.2195,
uc-1185107,25.0015,89.3227,
uc-7483813,24.4111,88.9867,
uc-1336142,23.9746,91.1123,lake
uc-1349452,23.8486,90.25,river|wetland
uc-1185117,23.923,90.7177,
uc-1193745,24.1561,90.7728,
uc-1185281,22.6566,89.7912,wetland
uc-1336134,21.4397,92.0096,coast
uc-1336140,23.1697,89.2137,wetland
uc-1185159,24.0578,89.877,river|wetland
uc-1185099,24.899,91.872,river
uc-1185162,24.7564,90.4065,
uc-1212405,24.0402,91.0117,lake
uc-1337233,24.851,89.3711,
uc-1203891,25.6274,88.6378,
uc-8299875,22.6906,92.2347,lake
uc-1207337,23.2271,90.6543,coast|wetland
uc-1336137,22.705,90.3701,coast|wetland
uc-6545349,25.7777,88.8917,
uc-1192366,24.8042,88.9488,
uc-1336143,24.0064,89.2372,wetland
uc-1336144,24.2498,89.9166,wetland
uc-1185106,24.9197,89.9481,
uc-7483743,24.3654,88.8343,
uc-1337240,24.5903,88.2744,
uc-1185191,23.9028,89.1194,river|wetland
uc-1195434,22.8667,91.1,coast|wetland
uc-1187530,23.65,90.6167,coast|river|wetland
uc-1185111,22.7082,89.0718,wetland
uc-1185115,24.4577,89.708,
uc-1185920,22.8998,89.9033,river|wetland
uc-1203344,23.6061,89.8406,wetland
uc-1337248,25.0188,90.0175,
uc-1336139,22.6432,92.1919,lake
uc-1185263,24.0524,90.9764,lake|river
uc-1185121,24.1769,89.5988,wetland
uc-1336136,22.6876,90.644,coast|wetland
uc-1337249,24.4394,90.7829,
uc-6414184,22.6835,91.7906,coast
uc-1185209,24.3804,91.413,
uc-1337245,23.171,90.2094,river|wetland
uc-1185224,23.0144,91.3966,coast
uc-1185183,23.2402,91.1214,wetland
uc-1185207,24.1286,89.0657,river|wetland
uc-1188569,24.7513,89.8313,
uc-1185116,24.8835,90.729,
uc-1185105,25.0689,91.4024,river
uc-1185206,25.1015,89.0273,
uc-1348441,23.8577,90.0096,wetland
uc-1185092,26.031,88.4699,
uc-1191368,23.2182,90.3508,coast|wetland
uc-1185181,25.9172,89.4459,
uc-7646711,22.3683,90.3458,coast|wetland
uc-1185236,23.0391,90.7681,coast|wetland
uc-1196292,22.9443,90.83,coast|wetland
uc-1185166,24.4889,91.7708,
uc-1185127,23.1006,90.8499,wetland
uc-1185293,23.1551,89.4951,wetland
uc-1185138,22.5797,89.9752,coast|river|wetland
uc-1185120,22.5141,91.4549,coast|wetland
uc-1336133,22.0764,92.0495,coast
uc-1202120,23.2235,90.0604,wetland
uc-1185252,23.1079,91.9701,lake
uc-1185247,25.5561,89.671,river
uc-1185160,25.9682,89.6915,
uc-1185141,26.3334,88.5578,
uc-1205481,22.2265,90.7127,coast|wetland
uc-1185149,25.6637,88.9309,
uc-7926419,25.6647,89.5026,river
uc-1210565,22.4952,90.7239,coast|river|wetland
uc-1185199,23.4096,89.138,wetland
uc-1185100,23.5931,90.1425,coast|river|wetland
uc-1201753,23.2519,90.8551,coast|wetland
uc-8740356,23.3919,89.9839,wetland
uc-1185260,23.0147,89.4394,wetland
uc-1185251,22.3377,90.7371,coast|wetland
uc-1185204,23.1113,89.0906,river|wetland
uc-1185165,24.1029,90.0984,wetland
uc-1189056,24.3199,90.1694,
uc-1185095,20.8583,92.2977,coast
uc-1185210,22.9737,90.2238,wetland
uc-1185272,23.043,89.6309,wetland
uc-1203878,22.1639,92.0733,
uc-1209562,24.0782,89.6326,wetland
uc-1185171,22.8226,90.5286,coast|river|wetland
uc-1185249,23.0248,91.5109,coast
uc-1185254,25.0385,91.6696,river
uc-1185156,22.637,90.272,coast|wetland
uc-1185262,24.0245,88.9923,wetland
uc-1185274,24.5186,91.3579,
uc-1185239,22.3101,89.7911,coast|wetland
uc-1185108,24.685,88.1564,
uc-1337239,25.8559,88.3594,
uc-1185276,24.2162,90.95,lake
uc-1207047,23.3092,90.227,coast|wetland
uc-1185218,24.432,90.5585,
uc-1185283,25.6742,89.0538,
uc-1193823,23.8879,90.9679,lake
uc-1185167,22.4557,89.8558,coast|wetland
uc-1197895,22.9073,89.2195,wetland
uc-1477498,22.489,90.0627,coast|wetland
uc-1185173,22.2862,89.9588,coast|wetland
uc-1208011,22.1399,90.2064,coast|wetland
uc-1462681,22.8396,91.8413,
uc-1185164,24.7648,90.257,
uc-7475889,22.14,89.9414,coast|wetland
uc-7646709,24.3065,91.7296,
uc-1212221,22.2173,90.2096,coast|wetland
uc-7476237,22.0513,90.032,coast
uc-1207144,22.642,90.426,coast|wetland
uc-3374036,13.1073,-59.6202,coast
uc-625144,53.9002,27.5665,
uc-627907,52.4345,30.9754,
uc-627904,53.6758,23.8289,
uc-620127,55.1904,30.2049,river
uc-625665,53.9088,30.3404,river
uc-629634,52.1089,23.7175,river
uc-630468,53.1468,29.2055,
uc-630429,53.1326,26.0078,
uc-630376,54.2279,28.505,
uc-623549,52.1215,26.0673,river
uc-625324,52.0416,29.2163,river
uc-626081,53.8833,25.2997,
uc-624079,54.5136,30.4036,river
uc-622428,52.7898,27.5358,
uc-624784,55.5262,28.5931,river
uc-625625,54.3167,26.854,
uc-623317,55.4879,28.7856,river
uc-618806,52.8926,30.024,river
uc-622794,52.3617,30.3916,river
uc-618800,54.0985,28.3331,
uc-621074,52.6329,29.7389,
uc-621741,53.0152,27.5416,
uc-627145,52.2117,24.3563,river
uc-621754,53.0875,25.3171,
uc-620391,53.1561,24.4513,
uc-627751,52.1323,29.3257,
uc-621713,54.4798,26.3957,river
uc-622739,53.0926,30.0486,river
uc-628634,53.6848,27.1317,
uc-624034,53.3059,28.6287,
uc-627905,54.2861,30.986,
uc-629454,52.5313,24.9782,
uc-624785,53.5942,25.8191,
uc-620181,54.4914,26.9111,river
uc-621729,54.0249,28.0894,
uc-625818,52.2486,26.8006,
uc-626450,53.7192,31.7136,
uc-627800,52.7079,25.3351,
uc-625409,53.509,28.147,
uc-6846555,53.75,27.3334,
uc-622997,52.5546,24.4548,
uc-623760,55.1168,26.8326,
uc-629018,52.4147,31.3143,
uc-627908,55.1393,27.6914,
uc-621266,53.4799,26.7351,
uc-625743,54.8814,28.699,
uc-619066,54.0114,27.2695,
uc-630515,54.4181,25.9373,
uc-629447,53.5213,30.2308,river
uc-624700,53.2219,26.6768,
uc-627811,52.1472,25.532,
uc-618815,52.2168,27.8561,
uc-625972,54.2064,27.8512,
uc-623941,54.6138,25.9554,
uc-622113,53.6014,24.7465,
uc-2800866,50.8505,4.3488,
uc-2803138,51.2205,4.4003,coast|river
uc-2797656,51.05,3.7167,river
uc-2792413,50.6337,5.5675,river
uc-2800481,50.4114,4.4445,
uc-2792482,50.8796,4.7009,
uc-2800931,51.2089,3.2242,coast
uc-2786578,51.1651,4.1437,coast
uc-2790869,50.4541,3.9523,
uc-2790471,50.4669,4.8675,river
uc-2803448,50.936,4.0355,
uc-2794055,50.828,3.2649,
uc-2793508,50.4866,4.1879,
uc-2796491,50.9311,5.3378,
uc-2791537,51.0257,4.4776,
uc-2784821,50.5891,5.8624,
uc-2785341,50.6071,3.3893,river
uc-2789786,51.2155,2.927,coast
uc-2797670,50.965,5.5008,
uc-2799645,51.0287,4.1011,river
uc-2787889,50.9465,3.1227,
uc-2790595,50.745,3.2064,
uc-2785141,51.3225,4.9447,
uc-2792196,51.1036,3.9934,
uc-2802170,51.0495,5.2261,
uc-2796153,51.0754,4.7283,
uc-2786545,50.8168,5.1865,
uc-2801154,50.6836,4.3678,
uc-2791961,50.9654,5.6945,river
uc-2784068,50.889,3.4276,
uc-2795100,50.8511,2.8857,
uc-2790114,50.8278,4.0266,
uc-2797779,51.1656,4.9892,
uc-2783941,50.7172,4.6014,
uc-2794210,51.35,3.2667,coast
uc-2792397,51.1313,4.5704,
uc-2791067,51.1919,5.1166,
uc-2801922,50.4115,4.1647,
uc-2792179,51.2307,5.3135,
uc-2791343,50.7972,3.1225,
uc-2789529,50.8517,3.6089,river
uc-2785470,50.8075,4.9378,
uc-2795800,51.0366,5.2801,
uc-2783759,50.8,3.1667,
uc-2797638,50.7734,3.8822,
uc-2795261,51.0343,5.3743,
uc-2796132,51.0559,5.3824,
uc-2785389,50.7805,5.4648,
uc-2799746,50.9817,3.531,
uc-2801924,50.8732,5.5184,
uc-2792073,50.6683,4.6144,
uc-2803429,50.9871,4.8369,
uc-2803010,50.6294,3.778,
uc-2795009,50.914,3.2138,
uc-2803073,49.6833,5.8167,
uc-2796009,51.1765,4.8325,
uc-2791964,51.098,5.7838,river
uc-2798307,50.5999,5.4447,river
uc-2786420,50.579,4.0713,
uc-2793446,50.8932,5.6468,river
uc-2783175,50.8695,3.8105,
uc-2787769,50.7457,3.6005,
uc-2790101,50.5983,4.3285,
uc-2803204,50.4894,5.0951,river
uc-2789471,50.7118,5.6468,river
uc-2783763,51.0053,3.8834,river
uc-2783632,51.0604,4.3602,
uc-2783801,51.0905,4.9154,
uc-2799397,50.9892,5.0506,
uc-2787416,50.4482,3.8189,
uc-2791857,51.2074,3.4451,
uc-2798297,50.4835,4.5501,
uc-2783308,51.1424,3.1368,coast
uc-2794166,51.1164,2.6377,coast
uc-2797713,50.5615,4.6989,
uc-2787989,50.7123,4.5253,
uc-2790135,51.161,4.6701,
uc-2787048,51.2411,4.5834,coast
uc-2783293,51.0657,4.0403,river
uc-2801150,50.6098,4.1466,
uc-2801226,50.4342,3.7944,
uc-2801447,51.0972,4.2436,coast|river
uc-2802743,51.1684,5.1703,
uc-2795113,50.5189,5.2328,river
uc-2800220,50.4141,3.8557,
uc-2788726,50.8539,2.7266,
uc-2785476,50.9993,3.3271,
uc-2798987,51.187,3.5565,
uc-2785364,51.0656,3.1008,
uc-2803443,51.0902,3.4469,
uc-2795398,51.4003,4.7603,
uc-2794179,51.0591,5.2712,
uc-2798573,50.6279,6.0365,
uc-2785169,50.6906,4.2009,
uc-2801858,51.3131,3.1323,coast
uc-2791194,51.1853,2.8208,coast
uc-2794663,51.2412,4.9665,
uc-2792567,50.711,3.8358,
uc-2784189,50.254,4.438,
uc-2794788,51.3844,4.4756,coast
uc-2783820,50.7807,3.0385,
uc-2786229,51.3319,4.3713,coast
uc-2783197,51.0245,5.3098,
uc-2784548,50.7376,5.6991,river
uc-2786087,51.2099,4.0365,coast
uc-2799226,50.3958,3.7779,
uc-2791744,50.2268,5.3442,
uc-2789162,50.5082,3.5937,
uc-2785612,51.0651,5.0886,
uc-2795908,50.8868,3.8901,
uc-2802435,51.3193,4.853,
uc-2790357,51.2281,5.4427,
uc-2799090,51.0955,4.509,
uc-2798301,50.6152,5.6806,
uc-2788506,51.0741,4.2884,
uc-2788765,50.5052,4.3689,
uc-2801494,51.0924,4.3717,
uc-2788088,50.81,5.6013,
uc-2789232,51.1303,5.4595,
uc-2799369,51.0325,2.8638,coast
uc-2792360,51.242,4.8231,
uc-2791534,50.9659,5.6914,river
uc-2802039,50.8496,3.5873,river
uc-2788521,51.0534,4.6326,
uc-2786344,50.6138,5.7468,
uc-2787662,50.953,4.7166,
uc-3582677,17.4995,-88.1976,coast
uc-3581194,17.1588,-89.0696,
uc-3581164,17.916,-87.9659,coast
uc-3581514,18.0812,-88.5633,
uc-3582672,17.2538,-88.764,
uc-2394819,6.3654,2.4183,coast|lake
uc-2395914,6.4485,2.3557,coast|lake
uc-2392087,6.4965,2.6036,coast|lake
uc-2392204,9.3372,2.6303,
uc-2395915,7.1829,1.9912,
uc-2394560,9.7085,1.666,
uc-2395049,7.1783,2.0667,
uc-2394427,6.3921,2.5372,coast|lake|river
uc-2392505,9.9401,3.2107,
uc-2392837,11.8682,3.3833,river|steppe
uc-2393693,11.1342,2.9386,
uc-2393561,10.8258,2.1048,
uc-2392601,10.3042,1.3796,
uc-2392108,6.9801,2.6649,
uc-2392308,6.3631,2.0851,coast
uc-2392897,6.6387,1.7167,
uc-2395261,9.0081,1.6654,
uc-2391377,8.8865,2.5975,
uc-2394814,7.221,2.3402,
uc-2392009,6.7362,2.6587,
uc-2394824,6.4076,1.882,coast
uc-2394545,6.7991,1.7807,
uc-2393551,7.3633,2.5998,
uc-2391895,7.9281,1.9756,
uc-2395317,11.2985,2.4386,
uc-2392164,10.2275,2.0019,
uc-2393722,10.2927,3.3837,
uc-2391739,10.3496,2.3791,
uc-2395325,6.6476,2.7069,
uc-2391893,8.0342,2.4866,
uc-2395182,10.2283,2.6633,
uc-2394711,7.75,2.1833,
uc-2394822,9.8411,1.5423,
uc-2393287,6.4,2.0667,coast
uc-2391455,10.6212,1.2665,
uc-11427410,7.2287,2.2132,
uc-2391881,6.5111,1.8283,
uc-2391871,10.9282,3.6943,
uc-2395568,6.9333,1.6833,
uc-10339095,10.4922,0.9997,
uc-2392781,10.6962,1.0631,
uc-2394576,7.3444,1.9345,
uc-10339148,6.9803,1.8422,
uc-2391833,6.3667,2.6167,coast|lake
uc-2395635,6.6655,2.1514,
uc-2392595,9.8636,2.7209,
uc-2394914,10.1771,1.1062,
uc-2395874,7.0023,2.6059,
uc-2391034,6.8894,1.8372,
uc-2394111,7.9725,2.2218,
uc-2394597,6.8991,1.7162,
uc-2390731,6.6174,2.3578,
uc-2395301,8.4122,1.8897,
uc-2596746,9.6617,1.3847,
uc-2392303,7.0841,2.4834,river
uc-2391170,10.195,2.13,
uc-2390740,6.7833,2.3,
uc-2391067,10.5028,1.3744,
uc-2392134,9.7972,2.984,
uc-2392319,8.4864,2.4287,
uc-2395510,6.5808,1.6696,
uc-1252416,27.4661,89.6419,
uc-1252484,26.8516,89.3884,
uc-1252608,27.0219,90.1229,
uc-1252479,27.5914,89.8774,desert
uc-3911925,-16.5,-68.15,glacier
uc-3904906,-17.7863,-63.1812,
uc-3919968,-17.3819,-66.1599,
uc-3906791,-17.3923,-66.2784,steppe
uc-3903987,-19.0333,-65.2627,steppe
uc-3909234,-17.9715,-67.0932,lake|steppe
uc-3906194,-17.398,-66.0383,
uc-3903320,-21.5355,-64.7296,steppe
uc-3907584,-19.5836,-65.7531,steppe
uc-3906466,-11.0103,-66.0526,
uc-3910027,-17.3387,-63.2509,
uc-3901742,-16.65,-68.3,
uc-3902377,-14.8322,-64.9034,
uc-3901178,-22.0164,-63.6775,
uc-3904221,-17.4542,-66.3574,steppe
uc-3922037,-15.834,-67.5659,
uc-3901547,-21.2624,-63.469,river|steppe
uc-3915350,-10.8258,-65.3581,river
uc-3923154,-22.7321,-64.3372,river
uc-3910291,-17.941,-65.3402,steppe
uc-3901501,-22.0866,-65.5942,steppe
uc-3911409,-18.4249,-66.5778,steppe
uc-3922414,-20.0406,-63.524,steppe
uc-3919998,-11.0267,-68.7692,
uc-11467676,-14.852,-66.7495,
uc-3905658,-16.3777,-60.9647,
uc-3902202,-21.4434,-65.7188,desert
uc-3901301,-17.5163,-63.1678,
uc-9129422,-15.893,-63.1885,river
uc-3901504,-17.4,-63.8333,
uc-3912103,-16.5333,-68.3833,tundra
uc-3904666,-18.0001,-63.3871,
uc-3914839,-18.289,-66.8358,
uc-3907080,-17.5423,-65.8347,
uc-3513563,12.15,-68.2667,coast
uc-3191281,43.8486,18.3564,
uc-3204541,44.7788,17.2063,
uc-3186573,44.2017,17.904,
uc-3188582,44.5384,18.6671,
uc-3194828,43.3433,17.8081,
uc-3204222,44.8169,15.8708,
uc-3196079,44.5425,18.5262,
uc-3203099,44.0572,17.4508,
uc-3203521,44.8716,18.8163,river
uc-3204186,44.7587,19.2144,
uc-3192409,44.9799,16.714,
uc-3188893,42.712,18.3436,coast
uc-3188924,44.2264,17.6658,
uc-3201984,44.7318,18.087,
uc-3202822,44.9669,15.9431,
uc-3188225,45.185,15.8058,
uc-3187609,43.9889,18.1781,
uc-3200396,43.6679,18.9756,river
uc-3337476,43.6513,17.9608,
uc-3199779,44.7031,18.3101,
uc-3199744,44.8785,18.4276,
uc-3203653,44.8825,16.1514,
uc-933773,-24.6545,25.9086,river|steppe
uc-933778,-21.17,27.5078,steppe
uc-933366,-19.9833,23.4167,river|steppe
uc-933305,-24.4066,25.4951,steppe
uc-933088,-22.3875,26.7108,steppe
uc-933182,-22.5461,27.1251,steppe
uc-933340,-24.4167,26.15,river|steppe
uc-933471,-23.1041,26.8142,steppe
uc-933685,-24.9668,25.3327,desert|steppe
uc-933099,-21.979,27.843,steppe
uc-933535,-21.4149,25.5926,steppe
uc-933141,-24.8716,25.8699,river|steppe
uc-933521,-25.2244,25.6773,steppe
uc-1106213,-24.5669,25.8742,steppe
uc-933018,-24.6701,25.5398,steppe
uc-933271,-24.7718,25.4216,steppe
uc-933000,-21.4424,27.4615,steppe
uc-933885,-21.9655,28.4363,desert
uc-933777,-24.6667,25.7822,steppe
uc-933759,-21.6978,21.6458,steppe
uc-8308627,-24.6017,24.7281,desert|steppe
uc-7573818,-20.4943,27.0348,steppe
uc-933719,-25.4167,25.55,steppe
uc-3448439,-23.5475,-46.6361,river
uc-3451190,-22.9064,-43.1822,coast
uc-3470127,-19.9208,-43.9378,
uc-3469058,-15.7797,-47.9297,
uc-3390760,-8.0539,-34.8811,coast
uc-3399415,-3.7172,-38.5431,coast|desert
uc-3450554,-12.9756,-38.491,coast
uc-3464975,-25.4278,-49.2731,
uc-3452925,-30.0328,-51.2302,coast
uc-3663517,-3.1019,-60.025,
uc-3462377,-16.6786,-49.2539,
uc-3405870,-1.4558,-48.5044,coast
uc-3467865,-22.9056,-47.0608,
uc-3460644,-23.4861,-46.3483,river
uc-3456160,-22.7592,-43.4511,coast
uc-3395981,-9.6658,-35.7353,coast
uc-3386496,-5.0892,-42.8019,river
uc-3457381,-23.6678,-46.4614,
uc-3388368,-2.5297,-44.3028,coast
uc-3467747,-20.4428,-54.6464,
uc-3397277,-7.115,-34.8631,coast
uc-3471872,-10.9111,-37.0717,coast
uc-3394023,-5.795,-35.2094,coast
uc-3447399,-23.5017,-47.4581,
uc-3464374,-22.7856,-43.3117,coast
uc-3448636,-23.1794,-45.8869,river
uc-11962371,-23.7698,-46.6711,
uc-3451328,-21.1775,-47.8103,
uc-3459462,-23.1864,-46.8842,
uc-3463478,-12.2667,-38.9667,
uc-3465038,-15.5961,-56.0967,river
uc-3458449,-23.3103,-51.1628,
uc-3466998,-23.5227,-46.835,river
uc-3457671,-23.4253,-51.9386,
uc-3463237,-27.5967,-48.5492,coast
uc-3445831,-18.9186,-48.2772,
uc-3662762,-8.7619,-63.9039,river
uc-3459505,-21.7642,-43.3503,
uc-3449433,-23.9608,-46.3336,coast
uc-3447779,-20.1286,-40.3078,coast
uc-3396016,0.0389,-51.0664,coast|wetland
uc-3467693,-21.7523,-41.3304,river
uc-3448639,-20.8197,-49.3794,
uc-3448877,-22.8039,-43.3722,coast
uc-3470142,-22.7642,-43.3994,coast
uc-3459712,-26.3044,-48.8456,coast
uc-3456068,-29.6783,-51.1306,
uc-3470044,-19.9678,-44.1983,
uc-3469968,-26.9194,-49.0661,
uc-3664980,2.8197,-60.6733,river
uc-3662574,-9.9747,-67.81,
uc-3456814,-16.735,-43.8617,
uc-3453643,-22.7253,-47.6492,
uc-3402655,-8.2833,-35.9761,river
uc-3445026,-20.3297,-40.2925,coast
uc-3466489,-15.8091,-48.131,
uc-3392242,-9.3986,-40.5008,desert|river|steppe
uc-3466537,-29.1681,-51.1794,
uc-3470279,-22.3147,-49.0606,
uc-3403642,-7.2306,-35.8811,desert
uc-3446682,-23.0264,-45.5553,
uc-3463011,-20.5386,-47.4008,
uc-3392998,-5.9156,-35.2628,coast|desert
uc-3466954,-20.2639,-40.42,coast
uc-3452465,-24.0058,-46.4028,coast
uc-3447259,-22.8219,-47.2669,
uc-3445839,-19.7483,-47.9319,
uc-3448136,-23.9631,-46.3919,coast
uc-3451353,-19.7669,-44.0867,
uc-3457001,-23.5228,-46.1883,river
uc-3461789,-23.9931,-46.2564,coast
uc-3454244,-31.77,-52.341,coast
uc-3472287,-16.3267,-48.9528,
uc-3470353,-23.5106,-46.8761,river
uc-3458575,-22.5647,-47.4017,
uc-3445451,-15.6467,-56.1325,river
uc-3444924,-20.3194,-40.3378,coast
uc-11962408,-23.7164,-46.7687,
uc-3447212,-23.5425,-46.3108,river
uc-3474574,-10.1675,-48.3277,
uc-3444876,-22.5231,-44.1042,river
uc-3465284,-23.6039,-46.9192,
uc-3463030,-25.5478,-54.5881,lake|river
uc-3453186,-25.095,-50.1619,
uc-3445156,-30.0811,-51.0233,coast
uc-3447186,-23.6261,-46.7917,
uc-3454031,-22.505,-43.1786,
uc-3450083,-29.6842,-53.8069,
uc-11962376,-23.6688,-46.7805,
uc-3448744,-27.6153,-48.6275,coast
uc-6317872,-6.0675,-49.9022,
uc-3462089,-29.9422,-50.9928,
uc-3394682,-5.1875,-37.3442,desert
uc-11962427,-23.6807,-46.7394,
uc-3450909,-16.4708,-54.6356,river
uc-3466779,-24.9558,-53.4553,
uc-3461311,-23.0884,-47.2119,
uc-3444914,-14.8661,-40.8394,
uc-3462315,-18.8511,-41.9494,river
uc-3464305,-23.6489,-46.8522,
uc-3472343,-22.7392,-47.3314,
uc-3388441,-2.5557,-44.0599,coast
uc-3458142,-22.6528,-43.0406,coast
uc-3407327,-9.7525,-36.6611,
uc-3460718,-23.5489,-46.9342,
uc-3457692,-22.2139,-49.9458,
uc-3460950,-22.7444,-42.8594,coast
uc-3468615,-22.8872,-42.0262,coast
uc-3397154,-9.4117,-40.4986,desert|river|steppe
uc-3395473,-3.8767,-38.6256,desert
uc-3448742,-28.2134,-49.1638,
uc-3464688,-20.1436,-44.8907,
uc-3460102,-26.4861,-49.0667,
uc-3461144,-19.4683,-42.5367,river
uc-3447624,-19.4658,-44.2467,
uc-3451055,-17.7981,-50.9281,
uc-6316328,-15.7619,-48.2817,
uc-3452324,-22.1256,-51.3889,
uc-3397147,-7.2131,-39.3153,desert
uc-3451234,-22.4114,-47.5614,
uc-3465196,-28.6775,-49.3697,
uc-3450144,-19.7697,-43.8514,river
uc-12432979,-15.8823,-48.1043,
uc-3398269,-5.5264,-47.4917,river
uc-3404545,-8.2877,-35.0292,coast
uc-6318696,-11.8642,-55.5025,
uc-3451138,-32.035,-52.0986,coast
uc-3460370,-23.3053,-45.9658,river
uc-3457708,-22.9194,-42.8186,coast
uc-3460634,-23.5319,-46.4442,
uc-3448622,-29.7603,-51.1472,
uc-3458329,-16.2525,-47.9503,
uc-3460949,-14.7856,-39.2803,
uc-6317317,-23.5031,-46.3857,river
uc-3449319,-22.0175,-47.8908,
uc-6317464,-12.8944,-38.3272,coast
uc-3387296,-3.6861,-40.3497,desert
uc-6318856,-16.0658,-47.9786,
uc-3446606,-22.4167,-42.9782,
uc-3402591,-1.2939,-47.9264,wetland
uc-11962424,-23.5848,-46.4008,
uc-3456166,-22.2819,-42.5311,
uc-11184422,-15.6179,-47.6487,
uc-3389353,-2.4431,-54.7083,river
uc-3468031,-12.6975,-38.3242,coast
uc-3450404,-22.7536,-47.4136,
uc-3468376,-20.8489,-41.1128,
uc-3461879,-25.3905,-51.4654,
uc-3454857,-28.2628,-52.4067,
uc-3463422,-23.5408,-46.3686,
uc-3472177,-23.0067,-44.3181,coast
uc-3469092,-22.9527,-46.5442,
uc-3455478,-27.6453,-48.6678,coast
uc-3461859,-22.8164,-45.1925,river
uc-3471859,-21.2089,-50.4328,
uc-3453303,-21.7878,-46.5614,
uc-3471766,-21.7944,-48.1756,
uc-3452640,-16.4497,-39.0647,coast
uc-3451205,-22.5269,-41.945,coast
uc-3458498,-19.3911,-40.0722,river
uc-3468879,-27.098,-48.9128,
uc-3453837,-22.9239,-45.4617,river
uc-3462980,-23.2817,-46.7453,
uc-3458930,-27.8161,-50.3261,
uc-11962389,-23.5336,-46.4087,
uc-3470636,-22.5442,-44.1714,river
uc-3464460,-22.2211,-54.8056,
uc-3466296,-27.0964,-52.6183,
uc-3450269,-29.7175,-52.4258,
uc-3470583,-12.1528,-44.99,
uc-3454783,-18.5789,-46.5181,river
uc-3460748,-23.7169,-46.8492,
uc-3408424,-1.7181,-48.8825,coast|wetland
uc-3460728,-23.5917,-48.0531,
uc-3402383,-4.8589,-43.3561,
uc-3460845,-26.9078,-48.6619,coast
uc-3461408,-14.7991,-39.0323,coast
uc-3445162,-19.6919,-43.9233,
uc-3449948,-23.4442,-46.9178,river
uc-3457000,-22.3677,-46.9455,
uc-3452525,-22.23,-45.9364,
uc-3471697,-25.5931,-49.4103,
uc-3399058,-8.882,-36.5022,desert
uc-3398352,-7.8342,-34.9064,coast
uc-3389321,-7.1139,-34.9781,coast
uc-6317123,-25.6575,-49.3081,
uc-3469136,-22.8858,-48.445,
uc-3459035,-29.4669,-51.9614,
uc-3395503,-5.3815,-49.1323,lake
uc-6317837,-2.5322,-44.1075,coast
uc-6318755,-17.535,-39.7419,
uc-3462964,-23.3217,-46.7269,
uc-3471335,-23.1169,-46.5503,
uc-3458266,-22.3848,-41.7832,coast
uc-3446038,-16.6494,-49.4889,
uc-3455070,-25.5163,-48.5254,coast
uc-3462672,-16.0251,-48.0712,
uc-3471039,-26.9906,-48.6347,coast
uc-3393001,-2.9047,-41.7767,coast|desert
uc-3471715,-22.8728,-42.3431,coast
uc-3460535,-23.2642,-47.2992,river
uc-3445487,-21.5514,-45.4303,lake
uc-3467736,-25.4596,-49.5301,
uc-3471758,-22.3569,-47.3842,
uc-3403697,-2.2444,-49.4958,coast|wetland
uc-3384987,-8.1181,-35.2914,
uc-3445993,-28.4667,-49.0069,coast
uc-3460005,-22.2964,-48.5578,
uc-3448031,-29.8178,-51.1455,
uc-3397909,-3.4944,-39.5786,desert
uc-3401545,-7.2342,-39.4094,desert
uc-3471910,-23.5508,-51.4608,
uc-3446692,-23.3556,-47.8569,
uc-3459943,-13.8588,-40.0851,river|steppe
uc-3447651,-21.1378,-47.9903,
uc-3407882,-3.2033,-52.2064,
uc-3449521,-12.9689,-39.2614,
uc-3470858,-21.2258,-43.7736,
uc-3461888,-20.6718,-40.502,coast
uc-3925033,-10.8853,-61.9517,river
uc-3460899,-22.8522,-43.7753,coast
uc-3448519,-18.7201,-39.8589,coast
uc-3445679,-29.7547,-57.0883,river|wetland
uc-3467081,-23.6203,-45.4131,coast
uc-3397967,-4.2761,-55.9836,river
uc-3470073,-29.1714,-51.5192,
uc-3405006,-1.0536,-46.7656,coast
uc-3472766,-12.1356,-38.4192,
uc-3460598,-23.0058,-46.8389,
uc-3470451,-20.5572,-48.5678,
uc-6318714,-12.5453,-55.7114,
uc-3450594,-23.2008,-47.2869,river
uc-3446370,-24.7136,-53.7431,
uc-3471798,-23.4194,-51.4244,
uc-3453535,-25.4423,-49.068,
uc-3465342,-19.0092,-57.6533,river|wetland
uc-3471830,-18.6472,-48.1872,
uc-12426999,-23.3684,-46.311,
uc-3445782,-23.7664,-53.325,
uc-12432973,-16.031,-48.0293,
uc-3389609,-3.6667,-45.38,
uc-3463140,-15.5372,-47.3344,
uc-3388713,-5.7933,-35.3294,coast|desert
uc-3466692,-21.1378,-48.9728,
uc-13450916,-15.9086,-48.0645,
uc-6318694,-12.7844,-38.4039,coast
uc-3466696,-18.1658,-47.9464,
uc-3402000,-4.4553,-43.8856,
uc-3463690,-16.3775,-39.5803,
uc-3460960,-19.6192,-43.2269,
uc-3392734,-9.4061,-38.2147,river|steppe
uc-6318738,-14.6194,-57.4858,
uc-3397893,-3.1431,-58.4442,river
uc-3454847,-20.7189,-46.6097,lake
uc-6317548,-1.3553,-48.3419,coast|wetland
uc-3471691,-19.5933,-46.9406,
uc-3465644,-20.6603,-43.7861,
uc-3451668,-22.4689,-44.4467,river
uc-3447785,-22.7439,-43.7075,
uc-3663529,-3.2997,-60.6206,river
uc-3448351,-22.8392,-42.1028,coast
uc-3454690,-22.7611,-47.1542,
uc-11427402,-12.0909,-45.785,
uc-3391360,-0.0382,-51.1748,coast|wetland
uc-3460733,-21.205,-41.8878,
uc-3467978,-23.2758,-51.2783,
uc-3404817,-1.6822,-50.4803,coast|wetland
uc-6316298,-4.9467,-47.5047,
uc-3393400,-3.9842,-38.6203,desert
uc-3460064,-17.8794,-51.7217,river
uc-3398115,-8.3989,-35.0639,coast|river
uc-3456117,-19.8761,-44.9836,
uc-3393106,-2.9956,-47.3549,
uc-12432977,-15.8981,-48.0467,
uc-3395449,-3.8908,-38.6856,desert
uc-3471374,-22.6617,-50.4122,
uc-3453420,-15.4528,-47.6142,
uc-3407357,-7.1911,-48.2072,
uc-3458696,-21.2453,-44.9997,
uc-3465476,-19.5186,-42.6289,
uc-3456500,-21.1306,-42.3664,
uc-3455729,-22.9789,-49.8706,lake|river
uc-6317781,-16.0592,-48.0394,
uc-3406910,-4.2325,-44.7816,river
uc-3460974,-10.685,-37.4253,
uc-3445859,-21.12,-42.9428,
uc-3460791,-24.1831,-46.7889,coast
uc-3468215,-23.3642,-46.7406,
uc-3469989,-21.2886,-50.34,
uc-3460523,-18.9743,-49.4621,
uc-3460132,-22.6431,-43.6533,
uc-3393008,-2.6283,-56.7358,river
uc-3458131,-23.3186,-46.5867,
uc-3406545,-7.5325,-46.0356,
uc-3459342,-10.9172,-37.65,
uc-3472898,-20.4333,-45.1667,
uc-3465944,-19.5394,-40.6306,river
uc-3402721,-7.8508,-35.2547,
uc-3446621,-17.8575,-41.5053,
uc-3467717,-24.0431,-52.3793,
uc-3471196,-31.3314,-54.1069,
uc-3468100,-17.7443,-48.6279,
uc-13450915,-15.9029,-47.7761,
uc-3470691,-22.47,-43.8256,river
uc-3389652,-7.9575,-36.2047,desert|steppe
uc-3458662,-22.1856,-47.3903,
uc-3398331,-6.3594,-39.2986,desert
uc-3460584,-20.0753,-44.5764,
uc-3390288,-9.4783,-35.8533,coast
uc-3455161,-19.8603,-44.6083,
uc-3665199,-9.9133,-63.0408,
uc-3462996,-26.0811,-53.055,
uc-3468562,-23.1008,-45.7069,river
uc-3471291,-23.0986,-48.9258,lake
uc-3464073,-27.6346,-52.2754,
uc-3924679,-12.7406,-60.1458,
uc-3449310,-11.0147,-37.2064,coast
uc-3448011,-22.8989,-42.4699,coast
uc-3471848,-19.8203,-40.2733,coast
uc-3455168,-17.2222,-46.8747,
uc-3460834,-22.4256,-45.4528,
uc-3468158,-23.3561,-46.8769,
uc-3392887,-7.0244,-37.28,desert
uc-3448902,-21.9692,-46.7981,
uc-3462986,-13.0713,-55.9148,
uc-3453150,-22.5361,-55.7256,
uc-3455051,-23.0731,-52.4653,
uc-3664464,-7.6276,-72.6776,river
uc-3398691,-8.2011,-35.5647,river
uc-3457952,-20.2581,-42.0336,
uc-3454818,-26.2286,-52.6706,
uc-3445847,-23.4339,-45.0711,coast
uc-12991858,-16.1097,-47.9326,
uc-3468551,-16.0706,-57.6789,
uc-3385935,-3.7658,-49.6792,lake|river
uc-3470709,-15.89,-52.2567,river
uc-3407243,-7.5761,-40.4983,desert|steppe
uc-3454763,-18.9439,-46.9925,
uc-3460723,-23.9822,-48.8756,
uc-3461724,-11.7292,-49.0686,
uc-3454054,-23.4047,-46.7547,
uc-3461973,-14.2233,-42.7814,steppe
uc-3466988,-19.7897,-42.1392,
uc-3387786,-7.9919,-38.2983,desert
uc-3925212,-11.4386,-61.4472,river
uc-3406317,-5.5056,-45.2433,river
uc-3445764,-16.3575,-46.9061,
uc-3456370,-26.8989,-48.6542,coast
uc-3445597,-13.3703,-39.0731,coast
uc-3464008,-19.7625,-44.3139,
uc-6318107,-8.0286,-50.0314,
uc-3398904,-7.5606,-35.0025,coast
uc-3467968,-27.0253,-48.6544,coast
uc-3458425,-22.7308,-45.1247,river
uc-3461444,-28.3878,-53.9147,
uc-3392054,-2.5214,-45.0825,
uc-3449936,-30.8908,-55.5328,
uc-3390907,-4.9714,-39.0153,desert
uc-3394661,-1.8839,-48.7689,wetland
uc-3466174,-23.6633,-52.605,
uc-3405812,-8.3356,-36.4242,desert|river
uc-3449350,-26.2503,-49.3786,
uc-3392167,-7.0769,-41.4669,desert|steppe
uc-12432965,-15.6336,-47.8348,
uc-3460344,-11.1814,-40.5137,steppe
uc-3446065,-22.1167,-43.2092,river
uc-3390901,-5.1992,-39.2928,desert
uc-3407216,-8.4189,-37.0539,desert
uc-3465721,-27.2342,-52.0278,
uc-3448257,-23.76,-45.4097,coast
uc-3446445,-19.5811,-42.6495,
uc-3386449,-3.7322,-40.9917,desert
uc-3402229,-3.7417,-43.3603,desert
uc-3399506,-6.7669,-43.0225,river
uc-3464891,-18.7564,-44.4308,
uc-3447690,-11.6642,-39.0075,steppe
uc-3459796,-19.81,-43.1736,
uc-3468436,-30.0392,-52.8939,
uc-3467362,-29.7456,-50.0097,coast
uc-3460522,-18.4192,-49.2153,lake|river
uc-3448300,-23.5292,-47.1353,
uc-3661944,-3.3684,-64.7205,
uc-3402360,-5.6344,-35.4256,desert
uc-3457509,-21.6033,-48.3658,
uc-3472603,-21.4292,-45.9472,lake
uc-3446098,-20.7876,-51.7034,
uc-3448879,-21.1356,-44.2617,
uc-3458494,-21.6786,-49.7425,
uc-3456998,-22.4319,-46.9578,
uc-6316757,-6.5239,-49.8517,
uc-3449822,-27.8708,-54.4814,
uc-3449696,-28.2992,-54.2631,
uc-3470003,-27.4942,-48.6556,coast
uc-3454231,-10.2903,-36.5864,river
uc-3445133,-20.7539,-42.8819,
uc-3401548,-5.1777,-40.6695,desert
uc-3470264,-20.9494,-48.4792,
uc-3463859,-29.8614,-51.1792,coast
uc-3460740,-27.0903,-48.6114,coast
uc-3448063,-29.6381,-51.0069,
uc-3461528,-23.6564,-47.2225,
uc-3446138,-21.6969,-45.2533,
uc-3459138,-19.6301,-43.9009,
uc-3446652,-24.3239,-50.6156,
uc-3406442,-7.3111,-39.3042,desert
uc-3465090,-22.5732,-44.9711,mountain|river
uc-3455671,-20.3948,-43.5052,
uc-3447839,-10.4614,-40.1894,
uc-3461013,-11.3042,-41.8558,steppe
uc-3403353,-4.3589,-39.3117,desert
uc-3400558,-3.89,-38.4506,coast|desert
uc-3398856,-5.8194,-46.1386,
uc-3664539,-4.085,-63.1414,river
uc-3468570,-26.7753,-51.015,
uc-3462378,-15.3175,-49.1175,
uc-3453639,-21.9961,-47.4258,
uc-3445153,-20.3903,-40.4961,coast
uc-3466704,-24.7893,-50.0123,
uc-3389590,-1.2986,-48.1606,coast|wetland
uc-3390160,-4.9403,-37.9758,desert
uc-3402613,-4.1331,-38.2419,coast|desert
uc-3472311,-22.7011,-46.7644,
uc-3451152,-27.2142,-49.6431,
uc-6318732,-2.9472,-48.9531,
uc-3472638,-29.7831,-55.7919,
uc-3467555,-12.6678,-38.5506,coast
uc-3662075,-4.2312,-69.9386,river
uc-3447472,-15.6471,-47.7931,
uc-6318357,-15.9397,-48.255,
uc-3402621,-9.1742,-40.9751,lake|steppe
uc-3460699,-22.4361,-46.8217,
uc-3471772,-28.9357,-49.4954,coast
uc-3462376,-16.4961,-49.4264,
uc-3460441,-21.2547,-48.3222,
uc-3448221,-20.9169,-46.9914,
uc-3450964,-23.3097,-51.3692,
uc-3461316,-26.8978,-49.2317,
uc-3464713,-12.6125,-38.2969,
uc-3445596,-22.2456,-43.7003,
uc-3467760,-10.5075,-40.3214,
uc-3463432,-20.2839,-50.2464,
uc-3393409,-4.1725,-38.4606,desert
uc-3398450,-4.098,-38.486,desert
uc-3460174,-15.8025,-43.3089,
uc-3468893,-14.2036,-41.6653,steppe
uc-3403208,-1.1958,-47.1808,
uc-3463605,-29.225,-51.3478,
uc-3457147,-17.5694,-52.5511,
uc-3444864,-20.4228,-49.9728,
uc-3407980,-1.9417,-54.7383,
uc-3445350,-29.6064,-52.1919,
uc-3452711,-10.7081,-48.4172,river
uc-3454061,-24.32,-46.9983,coast
uc-3393471,-1.7656,-55.8661,lake|river
uc-3463174,-20.4644,-45.4264,
uc-3465748,-11.5639,-39.2828,steppe
uc-3457025,-21.4678,-47.0047,
uc-3386279,-2.4189,-48.1522,
uc-3387202,-6.7592,-38.2281,desert
uc-3736808,-3.2847,-60.1861,
uc-3464304,-23.8322,-46.8114,
uc-3404558,-6.9811,-34.8339,coast
uc-3458645,-22.5986,-48.8003,
uc-3466698,-21.3892,-42.6967,
uc-3460730,-15.2489,-40.2478,
uc-3456826,-29.6886,-51.4611,
uc-3395062,-3.3836,-57.7186,
uc-3406196,-2.7556,-42.8259,desert
uc-3469437,-13.255,-43.4181,river|steppe
uc-3391908,-4.2733,-41.7769,desert
uc-3388847,-6.6447,-51.995,river
uc-3408368,-2.8856,-40.12,coast|desert
uc-3393452,-7.8825,-40.0817,desert|steppe
uc-3460148,-15.4795,-44.3652,river
uc-3407407,-3.9014,-38.3911,coast|desert
uc-3463900,-11.2683,-37.4383,coast
uc-3460966,-12.5275,-40.3069,steppe
uc-3398343,-1.975,-48.9597,coast|wetland
uc-3405738,-8.2333,-35.7969,river
uc-3470052,-23.8544,-46.1386,coast
uc-3456827,-22.9467,-47.3158,
uc-3397969,-3.9694,-38.5281,coast|desert
uc-3445630,-28.5122,-50.9339,
uc-3387115,-7.8331,-35.7547,
uc-3445942,-21.9347,-50.5136,
uc-3405792,-1.3614,-48.2447,coast|wetland
uc-3457095,-20.8192,-49.5211,
uc-3404020,-6.8903,-38.5553,desert
uc-3392251,-8.3578,-36.6964,desert
uc-3398379,-6.4011,-38.8622,desert
uc-3454358,-19.6181,-44.0431,
uc-3391412,-1.9356,-50.8211,coast
uc-3389860,-8.0742,-39.1192,desert|steppe
uc-3395395,-9.7103,-35.895,coast
uc-3403687,-2.9022,-40.8411,coast|desert
uc-3664078,-7.5165,-63.0311,river
uc-3400804,-8.3592,-35.2236,river
uc-3468014,-30.8511,-51.8122,
uc-3469540,-23.2833,-47.6722,
uc-3466978,-28.2839,-52.7864,
uc-3454235,-21.4197,-50.0775,lake
uc-3400567,-5.7056,-35.3072,coast|desert
uc-3472248,-20.8961,-51.3794,
uc-3463698,-10.5075,-39.0158,steppe
uc-3394500,-5.1067,-38.3725,desert
uc-3457736,-20.3778,-43.4161,
uc-3401703,-4.13,-44.1242,desert
uc-3386551,-6.0031,-40.2928,desert|steppe
uc-6317755,-13.8289,-56.0822,
uc-3404117,-6.4583,-37.0978,desert
uc-3385742,-9.1628,-36.0319,
uc-6317801,-4.3306,-49.7964,lake
uc-3397936,-3.3925,-44.3586,desert
uc-3465105,-12.67,-39.1019,
uc-3465164,-16.7677,-47.6153,
uc-3461550,-21.7578,-48.8289,
uc-3449340,-28.6606,-56.0044,
uc-3394605,-2.0008,-54.081,river
uc-3451704,-24.4875,-47.8436,river
uc-3397702,-4.447,-49.1156,
uc-3468425,-22.4625,-42.6531,
uc-3465320,-22.6458,-47.1961,
uc-3385106,-3.5622,-41.0922,desert
uc-3460826,-17.0392,-39.5311,
uc-3396266,-5.1456,-38.0981,desert
uc-3461017,-25.4672,-50.6511,
uc-3451261,-22.7086,-42.6097,
uc-3408386,-1.9608,-48.1967,
uc-3465108,-28.644,-53.6063,
uc-3460200,-22.7056,-46.9858,
uc-3385022,-1.1967,-46.14,coast|river
uc-3462916,-20.0247,-48.9406,
uc-3449099,-30.3364,-54.32,
uc-6317029,-4.285,-47.505,
uc-3386177,-3.2778,-39.2689,coast
uc-3470324,-20.8911,-47.585,
uc-3453078,-20.4164,-42.9086,river
uc-3663503,-5.8092,-61.3003,river
uc-3456944,-24.0931,-46.6208,coast
uc-6318263,-3.9633,-45.6583,
uc-3398570,-6.8547,-35.49,desert
uc-3461124,-12.1583,-39.7372,
uc-3392829,-7.8967,-35.1797,
uc-3396277,-7.8747,-35.4503,
uc-3403127,-1.7464,-47.0594,
uc-3408337,-5.5767,-36.9086,desert|steppe
uc-3662342,-0.1181,-67.0853,river
uc-6318182,-11.8036,-61.8033,
uc-3449720,-12.5467,-38.7119,coast
uc-3457772,-24.5561,-54.0567,
uc-3453546,-17.345,-44.9419,river
uc-3469049,-15.6794,-48.1967,
uc-12959044,-4.3212,-46.4547,
uc-3445126,-27.0083,-51.1517,
uc-3394453,-8.1186,-35.0922,
uc-3458147,-26.1114,-49.8053,
uc-3446077,-21.3667,-45.5125,lake
uc-3479329,-10.1761,-48.8667,
uc-3455923,-20.7372,-48.9147,
uc-3445746,-26.23,-51.0864,
uc-3467452,-26.1772,-50.39,
uc-3453060,-15.2261,-59.3353,river
uc-3393264,-8.6833,-35.5917,
uc-3404766,-8.6231,-37.1558,desert
uc-3446232,-29.9847,-50.1336,coast
uc-3457359,-25.2953,-54.0939,lake
uc-3461949,-22.5372,-42.9819,coast
uc-3388714,-3.6072,-38.9683,coast|desert
uc-3451383,-10.8344,-38.5358,steppe
uc-3450063,-13.3881,-44.1987,
uc-3463668,-22.8547,-46.3183,
uc-3452779,-23.2147,-47.5239,river
uc-3388269,-9.7811,-36.0936,
uc-3460954,-20.2533,-43.8014,
uc-3385899,-2.7619,-42.2744,coast
uc-3398706,-3.1203,-40.8261,desert
uc-3446847,-29.6506,-50.7806,
uc-3450188,-23.3156,-46.2214,
uc-3471395,-22.5731,-47.1725,
uc-6318184,-4.7761,-48.0672,
uc-3405924,-4.1797,-38.1306,coast|desert
uc-3453926,-23.7119,-47.4278,
uc-3388270,-1.6267,-47.4833,
uc-6318968,-7.0983,-49.9435,
uc-3465671,-20.5053,-43.8588,
uc-3401109,-9.3886,-37.9992,steppe
uc-3449176,-15.9486,-44.8644,river
uc-3449112,-26.2433,-48.6381,coast
uc-3452775,-21.8539,-47.4792,
uc-3461370,-28.24,-48.6703,coast
uc-3467684,-22.7394,-45.5914,
uc-3393768,-1.9175,-55.5181,river
uc-3467796,-20.8972,-45.2772,lake
uc-3449467,-12.4303,-39.2514,
uc-3446753,-21.4061,-48.5047,
uc-3448640,-21.5956,-46.8886,river
uc-3461194,-16.3578,-49.4961,
uc-3454954,-29.6286,-50.8347,
uc-3468317,-14.0694,-42.475,
uc-3458406,-23.0864,-46.9506,
uc-3465329,-10.1256,-36.1756,coast
uc-3469516,-19.7364,-45.2522,
uc-3406844,-2.7906,-49.6717,coast
uc-3444848,-26.8769,-52.4042,
uc-3461588,-23.2692,-51.0481,
uc-3446500,-27.2414,-48.6336,coast
uc-3385122,-3.2203,-45.0036,
uc-3459251,-20.0225,-45.5436,
uc-3456735,-17.7311,-49.0994,
uc-3388046,-7.0964,-35.2328,
uc-3458632,-21.5319,-42.6431,
uc-3404862,-8.1458,-36.3711,desert
uc-3470821,-11.0894,-43.1417,desert|lake|steppe
uc-3404833,-7.4933,-38.9872,desert
uc-3461763,-21.3053,-46.7128,
uc-3446400,-11.1839,-37.9983,
uc-3396979,-2.1522,-56.0922,
uc-3385088,-0.8583,-48.1417,coast|wetland
uc-3925040,-10.4389,-62.4664,
uc-3456368,-23.065,-54.1906,
uc-3405616,-5.1275,-39.7322,desert|steppe
uc-3467197,-22.995,-47.5078,
uc-6316745,-13.6753,-57.8919,
uc-3458132,-23.5458,-47.1833,
uc-3397851,-5.1347,-49.3267,lake
uc-3467512,-31.395,-52.6756,
uc-3388955,-8.5228,-36.4444,desert
uc-3452216,-25.2131,-50.9778,river
uc-3456110,-18.7106,-40.4006,
uc-3467530,-29.3562,-50.8136,
uc-3449741,-29.1917,-54.8672,
uc-3663684,-7.2644,-64.7964,river
uc-3460186,-20.2689,-50.5458,
uc-3445983,-10.9582,-38.7908,steppe
uc-3466763,-22.4806,-42.2042,
uc-6317707,-22.2333,-53.3431,
uc-3471896,-20.4711,-55.7872,
uc-3448825,-20.5814,-47.8547,
uc-3451931,-18.4483,-50.4517,
uc-3471854,-11.3333,-38.9667,steppe
uc-3453337,-14.5297,-40.3653,
uc-3455459,-26.4842,-51.9906,
uc-3466641,-12.3531,-38.3789,
uc-3389006,-2.6958,-44.8214,
uc-3469601,-17.1078,-43.815,
uc-3406263,-4.2444,-42.2944,desert
uc-6316748,-15.5467,-55.1689,
uc-3467877,-25.3056,-49.0553,mountain
uc-6317400,-11.4205,-58.7549,
uc-3456820,-10.4378,-39.3328,steppe
uc-3464728,-18.2469,-43.6035,
uc-3456848,-18.7247,-47.4986,
uc-3391040,-7.3583,-35.8983,desert
uc-3389023,-4.0486,-40.865,desert
uc-3456873,-21.2611,-48.4964,
uc-3407797,-5.0381,-42.46,
uc-3389384,-9.3783,-37.2453,desert
uc-3455769,-29.8867,-50.2697,coast
uc-6318423,-21.3019,-40.9614,coast
uc-3388443,-6.0747,-35.2378,coast|desert
uc-3447597,-20.9319,-54.9614,
uc-3468592,-23.3075,-47.1328,river
uc-3459785,-17.7425,-46.1725,
uc-3450272,-22.8989,-49.6325,
uc-3397941,-3.6867,-39.5861,desert
uc-3467371,-24.0058,-48.3494,
uc-3405380,-9.1697,-36.6797,desert
uc-3447928,-12.4171,-41.7705,steppe
uc-3386396,-7.5053,-35.3183,
uc-3385745,-4.5858,-42.8642,river
uc-3446465,-26.8233,-49.2717,
uc-3460242,-13.5306,-39.9708,
uc-3461498,-20.0703,-44.3017,
uc-3403566,-4.8278,-42.1686,desert
uc-6316653,-4.0009,-49.5068,lake
uc-3395058,-7.3892,-38.7744,desert
uc-3464426,-21.4825,-51.5328,
uc-3470597,-26.6322,-48.6847,coast
uc-3394326,-1.5283,-49.2167,coast|wetland
uc-3406948,-3.5797,-59.1306,
uc-3471783,-26.37,-48.7222,coast
uc-3460071,-21.0178,-47.7639,river
uc-3460107,-15.7569,-49.3344,river
uc-3465508,-23.1811,-50.6467,
uc-3391220,-5.29,-44.49,
uc-3457817,-28.4492,-52.2,
uc-3457859,-21.6144,-55.1683,
uc-3458826,-25.7697,-49.7158,
uc-3408343,-6.0953,-39.4525,desert
uc-3464579,-25.7336,-53.0572,
uc-3454620,-22.3517,-48.775,
uc-3449933,-19.3636,-42.5686,
uc-3448616,-22.1164,-45.0544,
uc-3389822,-0.621,-47.3542,coast
uc-3444823,-10.8229,-42.7281,lake|steppe
uc-3460963,-16.0203,-49.8103,
uc-3466429,-23.165,-47.7436,
uc-3401845,-8.2644,-49.2698,river
uc-3395717,-6.8386,-35.1261,desert
uc-3406961,-1.0217,-46.635,coast
uc-3455141,-22.1585,-43.2932,river
uc-3460620,-24.1125,-49.3317,
uc-3396601,-4.5603,-45.1315,
uc-3449529,-23.295,-50.0772,
uc-3448454,-26.7253,-53.5181,
uc-3453014,-13.4408,-49.1486,
uc-3407378,-4.5617,-37.7697,coast|desert
uc-3447720,-21.2114,-47.5956,river
uc-10341207,-13.6414,-41.8432,steppe
uc-3450563,-23.6489,-47.5733,
uc-3408166,-9.1114,-37.1231,desert
uc-3449519,-21.5394,-42.1803,
uc-3455170,-22.6083,-43.7095,
uc-3457991,-22.9597,-44.0406,coast
uc-6318838,-3.7175,-53.7367,
uc-3455281,-28.2925,-53.5017,
uc-3661980,-8.1614,-70.7656,
uc-3385538,-3.5431,-43.9158,desert
uc-3454407,-22.7419,-46.9014,
uc-3397883,-2.9203,-39.915,coast
uc-3449614,-29.8175,-50.5197,
uc-3459094,-28.4825,-48.7808,coast
uc-3447562,-10.7383,-37.8111,
uc-3457528,-12.5303,-38.2992,
uc-3397230,-4.7564,-42.5756,
uc-3445713,-14.5247,-49.1408,
uc-3470730,-18.755,-40.8908,
uc-3471487,-22.7469,-41.8817,coast
uc-3408274,-7.7508,-37.6392,desert
uc-3449427,-21.4567,-43.5525,
uc-3448502,-25.8742,-50.3828,
uc-3407703,-3.3617,-39.8317,desert
uc-3462580,-22.2106,-49.6561,
uc-3461857,-25.8828,-48.5747,coast
uc-3406160,-8.8183,-35.1864,coast
uc-3398569,-4.1669,-40.7475,desert
uc-3448596,-31.3653,-51.9783,coast
uc-3457819,-21.0433,-40.8244,coast
uc-3458237,-13.0194,-42.6986,
uc-3457741,-23.485,-51.7917,
uc-3446295,-29.3353,-49.7269,coast
uc-3401992,-4.2567,-43.0128,desert|river
uc-6318278,-20.0275,-40.7434,
uc-3389622,-2.2311,-45.3,
uc-3471683,-20.2819,-45.5394,
uc-3447437,-22.5914,-46.5289,
uc-3662155,-9.0634,-68.6724,
uc-3401283,-6.2608,-36.5178,desert|steppe
uc-3401188,-0.7289,-47.8481,coast|wetland
uc-3456240,-10.2183,-37.4203,
uc-3449195,-21.6461,-41.7469,river
uc-3386264,-8.0067,-36.0567,desert
uc-3455152,-22.4128,-50.5758,
uc-6317834,-3.8378,-50.6375,
uc-3398112,-4.3222,-40.7108,desert
uc-3400740,-3.9017,-42.2336,desert
uc-3448219,-12.5125,-38.4953,
uc-3455065,-19.6772,-51.1908,lake
uc-3449053,-19.3111,-46.0489,
uc-3387604,-8.5908,-35.1161,coast
uc-6318970,-3.2747,-45.6583,
uc-3461129,-14.1345,-39.7395,river
uc-3460971,-11.2739,-37.79,
uc-3449847,-22.2522,-45.7033,
uc-3391387,-1.7483,-52.2383,coast|river|wetland
uc-3390682,-9.6217,-42.0814,lake|steppe
uc-3389462,-8.8078,-39.8256,desert|river|steppe
uc-3472254,-22.0681,-46.5692,
uc-3665016,-4.3755,-70.0318,river
uc-3460362,-23.1606,-49.9694,
uc-3472520,-16.1836,-40.6944,river
uc-3401963,-6.0258,-44.2492,
uc-3392629,-5.4542,-39.7172,desert
uc-3389361,-4.3319,-40.1567,desert
uc-3450671,-16.1703,-42.2903,steppe
uc-3462284,-29.3786,-50.8739,
uc-3445500,-21.8322,-46.8936,
uc-3464974,-27.2828,-50.5844,
uc-3469932,-21.09,-45.5658,lake
uc-3460738,-21.0111,-40.8339,coast
uc-3453807,-22.1959,-46.7488,
uc-3467305,-17.6914,-42.5158,
uc-3396496,-8.6636,-36.32,desert
uc-6317055,-30.0839,-51.6161,
uc-6318807,-6.7475,-51.1611,
uc-3449055,-12.4339,-38.9506,
uc-3456102,-17.8919,-39.3719,coast
uc-3452331,-21.7633,-52.1156,lake
uc-3460671,-21.5956,-48.8128,
uc-3401138,-8.0875,-37.6431,desert|steppe
uc-7290718,-22.9983,-43.3655,coast
uc-3925075,-10.7836,-65.3355,
uc-3472391,-23.1042,-55.2258,
uc-3461995,-20.3183,-48.3106,
uc-3405339,-7.7958,-35.5872,
uc-3455908,-20.6964,-44.8272,
uc-3451124,-26.2544,-49.5183,
uc-3457455,-25.8322,-48.5397,coast
uc-3405172,-8.4703,-35.7286,
uc-8437474,-9.9097,-36.3561,
uc-3444969,-21.0103,-42.8406,
uc-3407351,-2.89,-41.9031,coast|desert|river
uc-3385469,-6.7889,-39.2958,desert
uc-3393115,-3.41,-39.0306,coast
uc-3388145,-9.0153,-42.6994,desert|river|steppe
uc-3468894,-20.1433,-44.1997,river
uc-3388318,-4.0417,-44.475,
uc-3468327,-19.88,-43.6697,
uc-3449116,-12.6275,-38.68,coast
uc-3455689,-20.5233,-43.6949,
uc-3448903,-21.6403,-41.0511,coast|river
uc-3406996,-9.5019,-36.0228,coast
uc-3450206,-17.8136,-50.5969,
uc-3390188,-2.9405,-44.249,coast|desert
uc-3456060,-21.4681,-49.2208,lake
uc-3455785,-20.7203,-47.8867,
uc-3460513,-19.7281,-50.1956,lake
uc-3448403,-22.5486,-47.9139,lake
uc-3664956,-8.7522,-67.3978,river
uc-3393764,-7.0253,-42.1311,desert
uc-6318662,-9.7458,-41.8853,lake|steppe
uc-3464100,-11.9419,-38.0844,
uc-3456593,-18.0864,-39.5508,coast
uc-6318826,-3.7419,-47.4947,
uc-3924877,-13.0827,-62.2773,
uc-3392431,-4.4247,-41.4586,desert
uc-3457484,-19.9864,-44.4278,
uc-3450157,-11.2558,-39.3747,steppe
uc-3392345,-3.7928,-39.2703,desert
uc-3408269,-0.1567,-50.3867,coast|wetland
uc-3394649,-5.7431,-39.6275,desert
uc-3395239,-3.5228,-40.3428,desert
uc-3458211,-21.6747,-45.9197,
uc-3472825,-22.4692,-48.9875,
uc-3446539,-23.1019,-47.7147,river
uc-6317358,-15.3383,-43.6744,
uc-3459922,-10.076,-38.3473,steppe
uc-3457393,-19.5578,-44.0814,
uc-3453171,-21.0225,-48.0372,
uc-3451241,-21.8019,-54.5464,
uc-3460511,-20.3394,-47.7806,
uc-3451242,-25.19,-49.3142,
uc-6316908,-10.6439,-51.5689,
uc-3460068,-23.1014,-46.7283,
uc-3461824,-21.36,-48.2283,
uc-3385908,-1.6633,-45.3717,coast
uc-3467450,-10.6672,-39.4992,steppe
uc-3452956,-15.7433,-43.0283,
uc-3407938,-7.6033,-35.2308,
uc-3397337,-9.8842,-36.8289,
uc-3389673,-6.2294,-36.0228,desert|steppe
uc-3448545,-22.7311,-48.5706,lake
uc-3469425,-21.1339,-41.6797,
uc-3388925,-8.3258,-36.1428,desert|river
uc-3407755,-5.5667,-46.7422,
uc-3392456,-4.5689,-44.5919,
uc-3389445,-3.139,-44.3252,desert
uc-3464547,-30.9828,-54.6731,
uc-3467677,-27.4017,-51.225,
uc-3466723,-20.6036,-41.1847,
uc-3394755,-7.2497,-39.1431,desert
uc-6316450,-24.42,-53.5214,
uc-3398077,-4.5417,-40.7189,desert
uc-3458049,-23.521,-51.6818,
uc-3459667,-21.0528,-49.6883,lake
uc-3450873,-30.2583,-54.9142,
uc-3386889,-7.4103,-35.1128,
uc-3470747,-14.8811,-40.5794,
uc-3472370,-13.0303,-39.6047,
uc-3392126,-9.5972,-35.9567,coast
uc-3461134,-23.3503,-47.6886,
uc-3385922,-5.2581,-44.6489,
uc-3405429,-7.7783,-39.9411,desert|steppe
uc-3407440,-5.6642,-37.7989,desert
uc-3453439,-20.4653,-45.9581,
uc-3411913,-8.0592,-48.475,
uc-3445433,-22.4039,-43.6625,
uc-6317397,-11.255,-57.5197,
uc-3457850,-12.7778,-38.9194,coast
uc-3398350,-1.1289,-47.62,
uc-6318194,-4.0956,-54.9103,
uc-3460629,-29.1253,-56.5531,river|wetland
uc-3461090,-16.4419,-51.1178,
uc-3462371,-18.0125,-49.3547,
uc-3473157,-21.6853,-51.0725,
uc-3461425,-23.7781,-45.3581,coast
uc-3391287,-1.8,-53.48,
uc-3664321,-6.6603,-69.8736,river
uc-3664243,-8.1654,-70.3549,
uc-3464556,-20.3633,-40.6592,
uc-3451071,-11.4847,-37.9328,
uc-3461511,-10.0005,-42.4798,lake|steppe
uc-3465758,-12.3167,-38.7667,
uc-3405954,-4.3286,-38.8847,desert
uc-3452320,-21.8761,-51.8439,
uc-3662252,-3.3783,-68.8725,river
uc-3460214,-24.2442,-49.7093,
uc-3452237,-21.5367,-49.8581,lake
uc-6317461,-0.826,-52.506,river
uc-3924908,-11.6725,-61.1936,river
uc-3924948,-10.7481,-62.2158,
uc-3456398,-17.8392,-40.3539,
uc-3466261,-29.9547,-51.6253,
uc-3455298,-24.2839,-53.84,
uc-3452483,-17.3411,-39.2208,coast
uc-3455580,-15.1654,-48.2842,
uc-3456285,-14.4739,-48.4597,
uc-3452599,-14.0931,-46.3694,
uc-3405051,-4.3914,-59.5886,river
uc-3388440,-7.8614,-38.7597,desert|steppe
uc-3450232,-20.2111,-50.9258,lake
uc-3448552,-28.4083,-54.9608,
uc-3451102,-29.9897,-52.3781,
uc-3470164,-16.9728,-48.9533,
uc-3460665,-10.9981,-37.3106,coast
uc-6317503,-2.0464,-47.5506,
uc-3448824,-20.0492,-44.2739,river
uc-3470776,-22.4947,-48.5581,lake|river
uc-3462557,-29.2561,-51.5336,
uc-3471846,-16.8497,-42.0703,steppe
uc-3453245,-26.7406,-49.1769,
uc-3407903,-1.5233,-52.5817,coast|wetland
uc-3393876,-6.4781,-35.4339,desert
uc-13454596,-13.5423,-43.5797,steppe
uc-3401331,-8.9903,-39.9094,desert|river|steppe
uc-6317937,-8.9792,-38.2194,desert|steppe
uc-3404889,-3.6844,-42.7503,desert
uc-3388868,-5.5758,-44.3853,
uc-3401263,-1.8136,-49.7953,coast
uc-3460548,-10.6917,-39.8536,steppe
uc-3455425,-25.4294,-50.0064,
uc-3448558,-16.525,-50.3722,
uc-3393762,-2.0031,-49.8544,coast|wetland
uc-3461224,-11.7844,-38.3531,
uc-3472338,-21.7244,-48.1017,
uc-3445459,-17.5976,-44.7337,river
uc-3397675,-5.8906,-38.6219,desert
uc-3397983,-8.9475,-37.4228,desert
uc-3453467,-21.0094,-48.2217,
uc-3454213,-26.7694,-48.6458,coast
uc-3471849,-23.5053,-47.6142,
uc-6317800,-7.1478,-55.3811,
uc-6317924,-10.2231,-54.9797,
uc-3456696,-11.5485,-41.158,steppe
uc-3453478,-24.7572,-51.7614,
uc-3468535,-12.6014,-38.9658,coast
uc-3390326,-8.5144,-35.3778,
uc-6317166,-27.0261,-50.9214,
uc-3391609,-9.805,-37.6844,steppe
uc-3400541,-7.5119,-39.7242,desert|steppe
uc-3406202,-2.7933,-57.07,
uc-3451474,-11.8069,-39.3856,steppe
uc-3393051,-6.5557,-47.4415,river
uc-3397315,-5.5375,-35.8197,desert
uc-3465209,-21.3403,-47.7294,
uc-3402528,-8.6667,-35.7167,
uc-3467272,-11.3811,-40.0128,steppe
uc-3395458,-9.0122,-35.2225,coast
uc-3455416,-27.8994,-53.3136,
uc-3407353,-5.6508,-48.1112,river
uc-12958682,-3.5428,-45.6085,
uc-3447059,-15.8078,-42.2331,
uc-3386213,-5.1989,-35.4608,coast
uc-3736812,-2.0344,-60.025,
uc-3452623,-26.2381,-51.0783,
uc-3460825,-17.8572,-42.8589,
uc-3472969,-22.0594,-46.9786,
uc-3446974,-22.7303,-42.7142,
uc-3449304,-12.3633,-44.9733,
uc-3385726,-3.2078,-43.4036,desert
uc-3387663,-8.0736,-37.2644,desert
uc-3461481,-29.5744,-50.7903,
uc-3446556,-29.4481,-51.8064,
uc-3471451,-22.9661,-42.0278,coast
uc-3405908,-3.0506,-40.1678,desert
uc-3385873,-3.8544,-40.9211,desert
uc-3460495,-24.2478,-51.6847,
uc-3403611,-9.7819,-36.3508,
uc-3460225,-10.2639,-40.1958,
uc-3388112,-9.9336,-36.5542,
uc-3460602,-22.4961,-44.5633,river
uc-3448906,-27.2761,-48.8494,
uc-3467577,-15.675,-38.9472,coast
uc-6318186,0.9461,-60.4181,
uc-3462956,-27.3592,-53.3944,
uc-3463920,-11.7961,-37.945,
uc-3468560,-30.5144,-53.485,
uc-3392368,-3.2942,-45.1736,
uc-3391571,-6.7703,-37.8017,desert
uc-6317824,-6.7547,-51.0839,
uc-3465373,-13.3433,-44.6367,
uc-3739143,-3.7681,-60.3692,
uc-6318324,-9.335,-50.35,
uc-3453503,-17.2997,-48.2794,
uc-3394549,-7.8894,-37.12,desert
uc-3449102,-19.0181,-40.5373,
uc-3461958,-18.775,-42.9325,
uc-3388991,-6.2833,-37.75,desert
uc-3458746,-25.4078,-52.4161,
uc-3393091,-3.4394,-39.1483,coast|desert
uc-3461625,-21.9547,-47.9967,
uc-3462601,-13.7439,-39.4867,
uc-3395100,-5.5189,-43.1989,
uc-3465228,-18.5067,-54.76,river
uc-3394892,-4.1656,-42.8953,desert|river
uc-3453286,-12.4306,-38.3278,
uc-3461994,-24.082,-54.2462,lake|river
uc-3455682,-22.2831,-46.3689,
uc-3470428,-21.1936,-48.1639,
uc-3448460,-23.8783,-47.9972,
uc-3469057,-16.2064,-44.4333,
uc-6316881,-10.8178,-55.4508,
uc-3393922,-6.0911,-35.2086,coast|desert
uc-3456322,-16.4064,-49.2186,
uc-3444830,-26.9617,-52.5347,
uc-3406856,-1.8997,-50.2082,coast
uc-3455362,-16.805,-49.9258,
uc-6316389,-3.4722,-51.1978,
uc-3388341,-9.3183,-35.5611,coast
uc-3398480,-1.405,-51.64,coast|wetland
uc-3464809,-21.9039,-47.6194,
uc-3404513,-8.5142,-39.31,desert|river|steppe
uc-3397665,-4.8339,-37.7811,desert
uc-3460707,-11.3167,-38.2333,
uc-3467319,-10.5033,-37.0528,
uc-12958671,-2.2203,-45.3064,
uc-3399518,-8.6011,-38.5686,desert|steppe
uc-3470825,-22.0744,-48.7403,river
uc-3468428,-22.665,-45.0094,river
uc-3401148,-1.8283,-44.8683,coast
uc-3388447,-9.5583,-37.3811,
uc-11669527,-13.5421,-58.8201,
uc-3458051,-23.3472,-52.0953,
uc-3393065,-6.2111,-40.6944,desert|steppe
uc-3463066,-28.7475,-49.4722,
uc-3451202,-22.8433,-47.6061,
uc-12969893,-9.9505,-54.9082,
uc-3451121,-26.1058,-49.7975,
uc-6316314,-14.05,-52.1586,
uc-3470912,-23.11,-50.3675,
uc-3455756,-21.7967,-50.8786,
uc-3453315,-16.2567,-56.6228,wetland
uc-3392996,-5.6817,-43.0933,river
uc-3467012,-20.7331,-42.0294,
uc-3461871,-23.415,-46.035,river
uc-3400752,-7.0331,-35.8572,desert
uc-3460734,-25.22,-49.3478,
uc-3453240,-19.2244,-44.9353,
uc-3461874,-21.2608,-50.6428,
uc-3388435,-7.4789,-37.2744,desert
uc-6316864,-18.7942,-52.6228,
uc-3449747,-33.5189,-53.3681,coast|lake
uc-3398014,-1.7711,-47.4381,
uc-3466171,-10.6,-38.3833,steppe
uc-3463271,-29.0289,-51.1817,
uc-3664659,-4.8828,-66.8958,
uc-3384983,-4.2881,-45.2461,
uc-6318104,-2.4231,-44.1033,coast
uc-3384986,-3.4622,-44.8706,coast|river
uc-3396364,-6.7533,-38.9644,desert
uc-3404740,-3.9422,-42.925,desert
uc-3470878,-19.9458,-43.4872,
uc-3460741,-26.1169,-48.6161,coast
uc-3467709,-25.453,-52.9046,
uc-3472609,-21.8878,-42.7044,river
uc-3459550,-19.9519,-44.3428,river
uc-3451448,-13.6092,-42.9389,steppe
uc-6317499,-9.4439,-61.9814,
uc-3393832,-4.7067,-40.5631,desert|steppe
uc-3473129,-20.0742,-41.1239,
uc-3471061,-19.5189,-41.0158,river
uc-3402496,-9.5173,-43.0103,desert|steppe
uc-3402465,-6.3439,-37.7467,desert
uc-3386984,-5.2467,-38.1306,desert
uc-3393972,-7.7417,-35.2278,
uc-3396121,-2.8792,-41.6669,coast
uc-3389387,-3.4606,-40.2122,desert
uc-3466993,-22.6342,-54.8222,
uc-3398105,-7.6519,-40.1489,desert|steppe
uc-3388869,-1.6742,-47.7711,
uc-3445307,-12.6333,-41.0333,steppe
uc-3392775,-6.1092,-38.2044,desert
uc-3468025,-13.947,-39.1026,coast
uc-3450440,-19.9594,-43.4153,
uc-3662395,-3.1022,-67.9397,river
uc-3463939,-14.9261,-42.8192,steppe
uc-3404231,-8.7731,-36.6225,desert
uc-3478424,-25.6736,-48.5111,coast
uc-3466933,-29.2975,-51.5036,
uc-3398920,-8.0017,-35.2928,
uc-6317294,-2.5578,-47.495,
uc-3386042,-7.7619,-40.2678,desert|steppe
uc-3467718,-25.3686,-49.4514,
uc-3466062,-20.4433,-44.7658,
uc-3459869,-27.1781,-51.5047,
uc-3447409,-29.1139,-49.6167,coast
uc-3447423,-28.8183,-52.5103,
uc-3472277,-20.8058,-40.6456,coast
uc-3462549,-28.0233,-48.6133,coast
uc-3461368,-25.23,-50.6044,
uc-3447718,-22.6122,-46.7006,
uc-3453777,-25.6956,-51.6597,
uc-6318091,-12.5969,-52.1997,
uc-3469481,-22.1519,-42.4194,
uc-3469984,-23.5725,-46.0386,river
uc-3403362,-6.38,-35.1289,coast|desert
uc-3392478,-7.4019,-35.1164,
uc-3454827,-22.4286,-43.4186,
uc-6318433,-19.3953,-54.5664,
uc-3461477,-22.8392,-42.2289,coast
uc-3470718,-15.0725,-57.1811,
uc-3396268,-1.8953,-49.3806,coast|wetland
uc-3460355,-15.9653,-54.9683,
uc-3467956,-22.6122,-46.0575,
uc-3407258,-3.4536,-44.78,coast|river
uc-3467542,-22.7464,-50.3869,
uc-3453610,-23.1936,-49.3839,lake|river
uc-3925118,-11.5247,-61.0128,
uc-3462022,-20.7756,-41.6794,
uc-3455029,-12.6906,-43.1842,river|steppe
uc-3386567,-6.0,-40.2833,desert|steppe
uc-3450288,-16.2781,-39.0247,coast
uc-3472666,-20.7636,-41.5331,
uc-3448453,-25.3481,-54.2378,lake
uc-3461465,-24.7081,-47.5553,coast|river
uc-3453635,-22.6292,-43.8981,
uc-3449884,-29.8522,-51.277,coast
uc-3466902,-19.0008,-46.3161,
uc-3460412,-18.9056,-40.0761,
uc-3467550,-29.6692,-52.7889,
uc-6318793,-18.2064,-45.2417,lake|river
uc-3465487,-18.4733,-47.2003,
uc-3466950,-14.3047,-43.765,river|steppe
uc-3450283,-21.8269,-47.2486,
uc-3391991,-3.9281,-41.7092,desert
uc-3461628,-23.8486,-50.1878,
uc-3405304,-9.0744,-44.3586,steppe
uc-3398401,-8.5406,-37.6903,desert|steppe
uc-3456485,-12.6264,-38.99,coast
uc-3449479,-26.0736,-53.7253,
uc-6316600,-4.4835,-46.8533,
uc-3386201,-1.0761,-46.9031,coast
uc-3460505,-20.3458,-41.5358,
uc-3451856,-22.2292,-50.8931,
uc-3468157,-24.7361,-48.1228,
uc-3462369,-24.1847,-53.0275,
uc-3457133,-21.4122,-42.1967,
uc-3465764,-19.9147,-48.3883,
uc-3452440,-19.3072,-48.9242,
uc-3392916,-7.995,-35.5806,
uc-3450832,-12.2839,-40.4939,
uc-3451100,-15.6097,-42.5397,
uc-3393838,-3.8917,-59.0954,river
uc-3457809,-26.7608,-53.1725,
uc-3472417,-22.0794,-51.4719,
uc-6317871,-14.4317,-54.0511,river
uc-3402050,-3.4719,-41.5575,desert
uc-6317056,-6.1042,-49.3553,
uc-6317308,-16.575,-39.5533,
uc-3457191,-22.4539,-43.4689,
uc-3465731,-22.3303,-47.1725,
uc-3466824,-21.7739,-47.0864,
uc-3461022,-12.05,-38.7667,
uc-3407687,-0.9867,-49.94,wetland
uc-6316666,-10.2117,-63.8286,
uc-3457107,-21.1336,-51.1017,
uc-3456724,-20.7314,-48.0578,
uc-3394958,-1.8044,-50.7122,coast|wetland
uc-3394640,-3.4917,-45.2511,
uc-3461677,-16.9622,-49.2281,
uc-3472528,-13.4529,-39.4208,
uc-3397319,-7.8558,-35.5883,
uc-3460940,-14.2789,-38.9958,coast|river
uc-3452900,-27.1578,-48.5531,coast
uc-3387082,-7.5908,-37.5394,desert
uc-3471940,-20.0867,-51.0936,lake
uc-3458397,-16.3333,-55.9333,river|wetland
uc-3459126,-28.2086,-51.5258,
uc-6316760,-13.5522,-52.2683,
uc-3456445,-19.8,-41.4383,
uc-3457854,-13.4411,-40.4308,
uc-3453896,-23.8131,-47.7164,
uc-3385077,-7.2597,-34.9075,coast
uc-3391556,-8.1414,-35.3958,
uc-3393783,-5.5344,-40.7742,desert
uc-6317459,-15.3233,-58.0036,
uc-8456884,-15.6757,-58.0902,
uc-3446019,-29.9433,-51.7181,
uc-3398264,-8.9017,-37.8239,desert|steppe
uc-3393758,3.8431,-51.835,
uc-3389062,-1.1519,-48.1294,coast|wetland
uc-3465769,-18.5933,-39.7322,coast
uc-3458036,-25.7789,-49.3261,
uc-3397577,-7.5817,-39.2835,desert
uc-3459435,-23.9317,-47.0683,
uc-3461591,-11.0086,-44.5194,
uc-3395998,-5.115,-36.6344,coast|desert|steppe
uc-3449500,-20.0872,-45.2936,
uc-3465405,-10.4433,-45.1622,
uc-3449711,-27.6881,-48.7786,coast
uc-3471210,-20.9181,-49.4453,
uc-3408175,-8.7075,-35.5306,
uc-3390732,-4.2258,-38.7306,desert
uc-3394745,-2.5842,-49.5072,coast|wetland
uc-3453943,-26.7639,-48.6717,coast
uc-6317580,-3.4461,-52.8889,
uc-6317592,-13.5331,-48.22,
uc-3456366,-13.035,-39.0144,coast
uc-6316340,-16.0822,-48.5072,
uc-3456070,-17.4681,-41.8753,
uc-3388949,-3.3614,-42.4178,desert
uc-3385920,-8.7533,-37.3397,desert
uc-3406457,-5.08,-37.6167,desert
uc-6316906,-2.0017,-47.9497,
uc-3403344,-9.66,-37.7894,river|steppe
uc-6317277,-29.9753,-50.1281,coast
uc-3398902,-6.2662,-35.2097,coast|desert
uc-3465541,-12.2333,-38.75,
uc-3453512,-15.8507,-48.9609,
uc-3453457,-19.6828,-44.8903,
uc-3450759,-19.8653,-47.44,
uc-3452233,-10.2111,-36.8403,river
uc-3454968,-10.6875,-37.8617,
uc-3460232,-32.5661,-53.3758,
uc-3456174,-23.1836,-52.2047,
uc-3391395,-9.9172,-37.2783,
uc-3395440,-0.7175,-47.6997,coast
uc-3457933,-18.7817,-40.9803,
uc-3460514,-27.4144,-49.6025,
uc-6318712,-19.1969,-40.0978,
uc-3467353,-31.7633,-52.4839,
uc-3386372,-4.2553,-43.9406,desert
uc-6317207,-3.8425,-49.0969,
uc-3385118,-7.6569,-35.3267,
uc-3464329,-21.61,-45.5653,lake
uc-3402882,-7.0422,-39.2836,desert
uc-3461525,-12.1853,-43.2206,river|steppe
uc-3406001,-4.025,-42.075,desert
uc-3458786,-23.0497,-47.8367,river
uc-3461499,-20.0383,-47.7469,
uc-3401552,-9.6181,-36.7681,desert
uc-3460648,-15.5622,-49.9486,
uc-3467680,-21.235,-45.7586,lake
uc-3468023,-22.7553,-46.1447,
uc-6316885,-9.4092,-59.025,
uc-3408100,-7.0416,-35.627,
uc-6316937,-18.5439,-53.1292,
uc-3453661,-23.0539,-46.3581,
uc-3470744,-13.6261,-41.3269,
uc-6316432,-10.1765,-59.4491,
uc-3925227,-11.0161,-68.7481,
uc-3452085,-10.9783,-39.6264,steppe
uc-3395483,-0.7707,-47.4518,coast
uc-3448828,-28.2939,-49.9317,
uc-3394116,-9.3067,-35.9433,
uc-3394884,-7.3133,-38.9456,desert
uc-3463124,-11.0483,-45.1931,
uc-3395404,-3.1239,-40.1467,desert
uc-3471795,-24.1578,-49.8267,
uc-3458817,-11.3833,-41.8319,steppe
uc-6318165,-2.698,-59.7017,
uc-6316350,-3.6707,-45.8475,
uc-3456125,-28.7839,-51.61,
uc-3398573,-8.8342,-48.5103,
uc-3398428,-2.5983,-43.4611,coast|desert
uc-3388109,-1.7146,-49.5315,coast
uc-3385645,-3.1287,-58.155,river
uc-3448846,-21.54,-43.0106,
uc-6317383,-2.895,-40.4492,coast|desert
uc-3407367,-4.3711,-38.8142,desert
uc-3461411,-20.4328,-51.3425,lake
uc-3461151,-17.7219,-48.1597,
uc-3457113,-20.2406,-56.3783,river
uc-3397963,-7.7478,-34.8256,coast
uc-3460267,-22.2856,-46.6122,
uc-6316424,-4.8858,-46.005,
uc-3450213,-24.8603,-54.3328,lake
uc-3466255,-14.6643,-52.3586,river
uc-3387305,-9.4718,-40.8015,lake|river|steppe
uc-3471368,-23.2325,-51.6656,
uc-3445941,-18.5922,-48.705,
uc-3663974,-7.0506,-71.6947,river
uc-6317748,-10.4019,-65.3267,
uc-3472298,-14.6122,-41.1356,steppe
uc-3446087,-27.4556,-53.9319,
uc-3401830,-7.5858,-35.1058,coast
uc-3461624,-20.2339,-41.5106,
uc-3465542,-16.6853,-44.365,
uc-3396101,-3.4578,-42.3703,desert|river
uc-3453542,-22.2753,-51.5,
uc-3461572,-14.1642,-39.3736,
uc-3407682,-3.2644,-44.6197,coast|desert
uc-3452029,-10.7525,-39.2092,steppe
uc-3472808,-19.4958,-41.0639,river
uc-3461941,-28.8456,-51.8903,
uc-3446979,-20.6264,-49.6492,
uc-6316765,-15.505,-41.2392,
uc-3385658,-7.2294,-44.5561,river
uc-3468902,-20.9914,-47.6586,
uc-3446783,-29.7997,-51.8644,
uc-3396270,-9.7406,-36.5028,
uc-3460887,-23.4178,-49.0906,lake
uc-3403534,-7.0744,-40.3761,desert|steppe
uc-3403360,-8.8822,-36.1911,
uc-3477430,-27.1518,-48.4894,coast
uc-3388615,-6.495,-43.7022,
uc-3456324,-21.2334,-45.2349,lake
uc-6316880,-15.7944,-48.7758,
uc-3456234,-10.4917,-37.1933,
uc-3663142,-5.1206,-60.3797,river
uc-3391523,-1.3903,-48.8711,coast|wetland
uc-3446130,-27.7733,-54.24,
uc-3471927,-24.5094,-48.8425,
uc-3453659,-17.3028,-49.0167,
uc-3457595,-22.1458,-51.1708,
uc-3467612,-11.3448,-41.6632,steppe
uc-3449851,-21.7103,-47.4781,
uc-3386874,-4.8322,-40.3206,desert
uc-3398381,-2.7758,-44.0658,coast|desert
uc-3448597,-26.3592,-52.8511,
uc-3450036,-12.9833,-44.0511,
uc-6318823,-24.5453,-52.9878,
uc-3386622,-7.9031,-36.0442,desert
uc-8550580,-3.3071,-52.5386,
uc-3466703,-12.7656,-39.4283,
uc-3397292,-5.4478,-47.4008,
uc-6317188,-1.9342,-47.0525,
uc-3385883,-9.8414,-39.4817,steppe
uc-3457202,-11.4289,-40.595,
uc-3468823,-11.1469,-37.6206,
uc-3389459,-1.3503,-47.5756,
uc-3408251,-8.4581,-35.9447,
uc-3461638,-12.7672,-40.2117,steppe
uc-3452490,-15.8372,-54.3892,
uc-3390280,-6.8031,-35.0806,coast|desert
uc-3451663,-24.6503,-50.8506,
uc-3446922,-28.0681,-52.0139,
uc-3472728,-17.5194,-39.1956,coast
uc-3457818,-14.1039,-39.0149,coast
uc-3391397,-9.045,-35.3983,coast
uc-3472234,-23.4897,-48.4128,
uc-3464618,-22.3661,-48.3803,
uc-3393766,-4.4908,-38.5967,desert
uc-3457161,-21.0642,-41.3664,
uc-3451215,-13.686,-39.478,
uc-3398355,-9.5369,-36.6336,
uc-3664525,-3.8367,-62.0569,river
uc-3448227,-29.5867,-51.3756,
uc-3446137,-29.5169,-50.7778,
uc-3385109,-9.3714,-36.2408,
uc-3454578,-16.0053,-41.2972,
uc-3457152,-17.2186,-42.5903,
uc-3460813,-15.245,-40.6244,steppe
uc-3404760,-1.515,-48.0447,
uc-3397063,-9.9253,-36.4758,
uc-3445594,-11.4122,-39.4619,steppe
uc-3446752,-23.5331,-49.2444,lake
uc-3395077,-9.1517,-35.5333,
uc-6317916,-2.9724,-45.3513,
uc-12958725,-2.5439,-45.7755,
uc-3403309,-3.6333,-44.3767,desert
uc-3401340,-8.6167,-35.95,
uc-3393174,-9.7483,-37.4367,river
uc-3387926,-5.5881,-39.3717,desert
uc-3456115,-11.2333,-38.4833,steppe
uc-6318317,-25.44,-54.4016,lake
uc-3388760,-6.4006,-48.555,river
uc-3445575,-21.2278,-50.8683,
uc-3402648,-1.2074,-46.0236,coast
uc-3467604,-11.6847,-41.7689,steppe
uc-3387204,-0.7167,-48.5233,coast
uc-3463762,-28.0611,-50.9383,river
uc-3455777,-24.2083,-50.9494,
uc-3452141,-25.3656,-49.0769,
uc-3399445,-3.7983,-40.2606,desert
uc-3446218,-12.399,-38.7552,
uc-3460669,-22.0789,-54.7894,
uc-3389780,-0.7533,-48.5167,coast
uc-3386198,-9.9706,-37.0033,river
uc-3472284,-20.4836,-55.8069,
uc-3455045,-19.2744,-44.4042,
uc-3463993,-20.6503,-41.9072,
uc-3454131,-20.6383,-51.1092,lake
uc-3407194,-4.9561,-37.1369,coast
uc-3456806,-22.4325,-46.5725,
uc-3396675,-8.9969,-40.2719,desert|steppe
uc-3462374,-15.9344,-50.1403,
uc-3402724,-7.3356,-47.4622,river
uc-6316349,-4.2128,-44.4464,
uc-3397763,-6.2222,-57.7528,river
uc-3468732,-15.6178,-46.4233,
uc-3398255,-5.3964,-40.3086,desert|steppe
uc-3445299,-28.9361,-51.5494,
uc-3459925,-16.4339,-41.0033,river|steppe
uc-3404394,-1.0114,-48.9633,coast|wetland
uc-3460087,-21.4803,-56.1381,river
uc-3458778,-10.8064,-37.17,
uc-3398408,-3.9233,-40.8894,desert
uc-3449056,-21.8922,-45.5953,
uc-3469451,-18.2205,-49.7299,
uc-3397898,-7.3044,-38.1503,desert
uc-3448892,-15.9292,-44.0078,
uc-3470117,-19.22,-42.4836,
uc-3397119,-6.5253,-39.5275,desert
uc-3445818,-11.3833,-37.6578,
uc-3398028,-3.7461,-39.7833,desert
uc-6317970,-18.3703,-40.2133,
uc-3448861,-15.3136,-42.0144,steppe
uc-3468720,-17.3511,-44.9622,river
uc-3391371,-6.3383,-47.3992,river
uc-3386966,-9.1053,-38.1492,desert|steppe
uc-3468899,-22.2842,-48.1267,
uc-3396009,-7.5547,-35.4531,
uc-3461023,-12.2486,-41.6194,steppe
uc-3394796,-3.5652,-44.5802,desert
uc-3388660,-8.8756,-36.3667,desert
uc-3465083,-23.785,-53.0733,
uc-3468121,-21.2753,-47.3042,
uc-3464255,-30.5439,-52.5219,
uc-3467026,-20.9536,-43.8064,
uc-6316465,-2.1339,-47.5589,
uc-3395686,-8.9639,-37.6283,desert
uc-3406954,-6.9425,-38.9675,desert
uc-3455784,-28.3589,-49.2914,
uc-3469294,-21.1211,-56.4819,
uc-3389358,-3.4959,-42.562,desert|river
uc-3465713,-11.8136,-37.6106,coast
uc-3453622,-24.5261,-49.9486,
uc-3460774,-21.6692,-42.0761,river
uc-3386931,-8.7563,-35.0999,coast
uc-3471005,-20.0064,-45.9769,
uc-3388301,-6.2119,-38.4969,desert
uc-3465512,-18.3808,-44.4564,
uc-6317661,-2.6833,-54.6428,
uc-3452179,-30.3875,-56.4514,
uc-3466903,-20.1842,-44.7711,
uc-3462975,-16.4758,-43.4883,
uc-3451791,-20.1019,-42.4525,
uc-3449793,-21.4728,-47.3631,
uc-3392075,-4.0269,-38.305,coast|desert
uc-6317991,-14.6697,-40.4711,
uc-3465459,-25.9797,-52.5678,
uc-3467261,-27.3436,-51.6119,
uc-3456127,-29.3764,-51.1144,
uc-6316335,-4.6278,-43.4706,
uc-3449518,-22.6061,-46.9194,
uc-3924752,-10.1497,-67.7374,
uc-3458479,-22.9231,-53.1372,
uc-3467985,-23.0464,-50.0736,
uc-3386309,-6.3294,-47.4164,river
uc-3399684,-9.9003,-36.6775,
uc-3398003,-7.3286,-35.3325,
uc-3465745,-19.0372,-43.425,
uc-3451399,-20.4431,-53.7592,
uc-3406503,-6.75,-35.6333,desert
uc-6317220,-2.1258,-45.8853,
uc-3451927,-22.1067,-41.4722,coast
uc-3461501,-22.5092,-48.5578,lake|river
uc-3391965,-9.6236,-37.7567,river|steppe
uc-3400969,-5.0382,-44.4375,
uc-3394591,-6.0678,-35.3322,desert
uc-3470339,-21.7142,-52.4222,
uc-3393190,-8.6636,-36.0058,
uc-3464274,-29.2361,-51.8697,
uc-3389557,-7.6426,-47.2174,
uc-3465881,-22.8375,-51.9731,
uc-3467314,-23.4706,-47.7347,
uc-3447997,-27.9439,-52.9231,
uc-3447537,-23.6889,-49.8339,
uc-3449782,-19.9356,-40.6003,
uc-3467673,-20.4167,-54.0667,
uc-3448638,-22.1521,-42.9233,
uc-3392657,-8.4969,-36.9408,desert
uc-3394432,-3.2294,-40.125,desert
uc-3461214,-19.5492,-42.12,
uc-3473267,-19.16,-45.4458,
uc-3407210,-6.9633,-35.6917,desert
uc-3455913,-11.3667,-38.3333,
uc-3468038,-15.4192,-39.4958,
uc-3387928,-2.5908,-51.9542,river
uc-6317339,-4.4497,-47.5256,
uc-6318804,-4.5719,-44.6208,
uc-3464724,-14.4086,-56.4461,
uc-3468349,-14.5033,-42.2222,steppe
uc-3404722,-5.8372,-43.8336,
uc-3453605,-21.9986,-49.4572,
uc-3406233,-4.2869,-38.6431,desert
uc-3402340,-6.6067,-39.0622,desert
uc-6316763,-8.8097,-63.6956,
uc-3453435,-20.8378,-40.7219,coast
uc-3456866,-20.7725,-49.7142,
uc-3385592,-6.4075,-41.7456,desert
uc-3447588,-16.6666,-48.6125,
uc-3461620,-19.4783,-46.5389,
uc-3457360,-17.3739,-40.2206,
uc-3389134,-6.3106,-35.4789,desert
uc-3446625,-22.5325,-52.1675,river
uc-3399679,-7.9508,-35.3892,
uc-3454839,-17.8861,-39.8589,
uc-3471868,-23.4386,-47.0614,river
uc-3395162,-9.1175,-37.7322,desert
uc-3390581,-7.3619,-46.6172,
uc-3665014,-3.8983,-61.3731,river
uc-3461484,-10.1253,-36.6619,
uc-3465010,-23.0744,-44.9597,
uc-3460869,-26.3364,-49.9064,
uc-3466436,-15.3083,-49.5983,river
uc-3395122,-3.1006,-45.0336,
uc-3447591,-22.6508,-42.3917,
uc-3469421,-23.135,-46.4653,
uc-3464364,-18.3733,-40.8306,
uc-3453782,-26.8481,-52.9919,
uc-3461055,-22.5806,-47.5186,
uc-3385131,-7.9028,-35.9883,desert
uc-3447672,-18.6047,-43.3794,
uc-3395042,-0.115,-51.2894,coast|wetland
uc-3460530,-13.7354,-39.1478,coast
uc-3448455,-13.275,-50.1628,
uc-3449121,-29.4481,-50.5836,
uc-3456412,-21.3758,-46.5256,
uc-3392018,-3.8325,-45.1525,
uc-3385467,-5.35,-40.3833,desert|steppe
uc-6317704,-21.4658,-54.3839,
uc-3393470,-7.745,-35.6022,
uc-3453300,-10.7083,-38.1833,steppe
uc-3465757,-22.0853,-41.8683,
uc-6316415,-7.1972,-59.8914,
uc-3407940,-7.4386,-34.9144,coast
uc-6317245,-27.1936,-51.4947,
uc-3455155,-21.5472,-45.7375,lake
uc-3461954,-20.795,-49.2203,
uc-3407010,-6.8744,-39.875,desert|steppe
uc-3461606,-14.865,-39.5875,
uc-3451478,-11.7461,-44.91,
uc-6318556,-11.6936,-62.7114,
uc-3470177,-22.1081,-56.5325,
uc-3458249,-15.5683,-40.4231,
uc-3461559,-28.6275,-53.0897,
uc-6316300,-17.3956,-50.3769,
uc-6317915,-18.0303,-40.1506,
uc-3405457,-9.6414,-36.2203,
uc-3395380,-7.06,-35.3194,
uc-3470341,-21.9219,-50.7339,
uc-3393017,-6.6878,-36.6575,desert|steppe
uc-6316344,-11.9681,-61.9542,
uc-3461469,-14.7564,-40.0892,
uc-3466430,-23.0356,-49.1661,lake
uc-3465527,-22.0286,-42.3608,
uc-3447005,-21.705,-47.2744,
uc-3398384,-4.7131,-37.3553,coast
uc-3388618,-8.3581,-42.2467,desert|river|steppe
uc-3445690,-14.5931,-39.2844,
uc-6317574,-10.1693,-54.9344,
uc-3460172,-23.6031,-51.6433,
uc-3454139,-21.0908,-45.0914,lake
uc-3450963,-29.6506,-50.5758,
uc-3402271,-8.2383,-35.4617,river
uc-3448207,-30.1606,-53.5653,
uc-3388454,-9.0097,-36.0583,
uc-3404656,-7.5156,-34.9083,coast
uc-3407871,-8.4897,-36.0594,
uc-3460692,-11.4835,-38.9968,steppe
uc-3395497,-2.0428,-45.9592,
uc-3393599,-9.5361,-37.2939,desert
uc-3391172,-7.7367,-37.9933,desert
uc-3393929,-2.1861,-56.7131,
uc-6316346,2.8958,-61.4975,
uc-6318408,-5.5378,-48.7333,
uc-3460773,-14.9508,-49.5494,
uc-6318219,-1.2236,-48.2944,coast|wetland
uc-3466196,-25.8558,-52.5233,
uc-3448533,-28.9711,-51.0681,
uc-3452672,-22.4197,-44.2903,river
uc-6317857,-2.6453,-44.895,
uc-3466547,-21.9772,-44.9325,
uc-3392738,-8.1436,-41.1497,desert|steppe
uc-3459084,-13.1822,-39.425,
uc-3460817,-18.0311,-41.685,
uc-3394813,-6.3708,-44.3631,
uc-3449045,-29.9592,-51.7222,
uc-3408097,-7.0708,-35.7583,desert
uc-3446971,-14.0214,-41.2481,steppe
uc-7874492,-27.7177,-48.5627,coast
uc-3466750,-19.1133,-51.7342,
uc-3449749,-18.8386,-50.1214,lake
uc-3664684,1.8161,-61.1281,river
uc-3466901,-20.9719,-46.1189,lake
uc-3401729,-3.551,-40.6572,desert
uc-3455638,-11.9583,-38.975,
uc-3445667,-28.5178,-49.3208,
uc-3456816,-21.1897,-46.9803,
uc-3390896,-5.0742,-37.9886,desert
uc-3399539,-7.8681,-37.9747,desert
uc-3458902,-20.1514,-41.6228,
uc-3465639,-19.1722,-41.4722,river
uc-3465767,-12.5058,-38.9986,
uc-3461604,-13.4132,-41.2857,
uc-3402199,-0.16,-49.9883,coast
uc-3455903,-12.3169,-42.8961,steppe
uc-3464694,-20.6144,-42.1486,
uc-3467908,-21.7111,-46.2464,
uc-3388626,-0.7747,-47.1772,coast
uc-3390490,-8.1339,-35.8564,
uc-3457950,-20.3578,-41.9581,mountain
uc-3404355,-8.4864,-36.2331,desert
uc-6317114,-22.3742,-54.5139,
uc-3460516,-23.1531,-47.0578,
uc-3468657,-12.6004,-39.0418,coast
uc-3662009,-5.6283,-63.1833,river
uc-3467400,-25.6719,-53.8089,
uc-3392272,-4.3833,-44.3333,
uc-6317734,-2.2678,-46.9675,
uc-3459452,-21.5147,-51.4336,
uc-3455089,-22.5542,-45.78,
uc-3397877,-4.5289,-39.6222,desert
uc-3458881,-21.9756,-45.3503,
uc-3460450,-19.5136,-43.745,
uc-3460197,-28.6214,-49.0253,coast
uc-6318271,-1.5236,-46.8975,
uc-3455082,-13.4425,-42.2389,steppe
uc-3392731,-4.4477,-45.2405,
uc-3456864,-15.155,-42.8747,steppe
uc-3449194,-12.8472,-39.0894,
uc-3450710,-11.0319,-37.475,
uc-3452671,-10.1858,-36.84,river
uc-3464044,-20.84,-42.6572,
uc-3468802,-23.7975,-48.5928,
uc-3662927,-7.7136,-66.9764,river
uc-3661894,-2.8731,-67.8022,river
uc-3401564,-5.8443,-40.7019,desert|steppe
uc-3453242,-22.1086,-50.1717,
uc-3385674,-3.625,-39.5083,desert
uc-3456880,-18.8706,-48.8808,
uc-3402164,-4.3003,-38.4978,desert
uc-3457358,-16.2225,-41.4769,
uc-3451709,-22.2214,-51.3028,
uc-3471902,-10.2814,-37.0186,
uc-3470137,-15.8613,-38.8798,coast|river
uc-3453956,-29.5843,-50.9028,
uc-3453984,-13.1519,-41.7728,mountain
uc-3470369,-21.1869,-43.9758,
uc-3455447,-14.2672,-43.1619,
uc-3447929,-26.4125,-49.0731,
uc-3458390,-21.7203,-51.0189,
uc-3388567,-8.4325,-35.8044,
uc-3456450,-13.2286,-39.5047,
uc-3452330,-27.0506,-49.6228,
uc-3390295,-8.6688,-35.1628,coast
uc-3445939,-29.0806,-53.8358,
uc-3445912,-17.2856,-42.73,
uc-3467445,-21.9811,-42.3681,
uc-3466708,-20.8722,-51.4875,
uc-3445418,-17.9869,-46.9078,
uc-3446550,-24.5094,-50.4136,
uc-6316976,-6.1017,-49.5981,
uc-3466941,-10.3608,-37.7011,
uc-3453025,-10.8628,-40.1336,steppe
uc-3407366,-7.7903,-35.0908,
uc-3403395,-1.4532,-45.7283,coast
uc-3458481,-13.6515,-41.8456,steppe
uc-3472265,-23.0506,-50.2289,
uc-3461576,-27.0569,-49.5178,
uc-6318931,-10.0117,-51.1164,
uc-3451051,-18.9181,-54.8442,
uc-3402920,-3.197,-59.8267,
uc-3460764,-12.8883,-38.6786,coast
uc-3450843,-15.1644,-49.8033,
uc-3407248,-7.2134,-40.137,desert|steppe
uc-3447556,-20.1239,-42.0014,
uc-3446171,-26.1064,-50.3222,
uc-3465184,-11.5106,-38.15,
uc-3402944,-5.7925,-37.5567,desert
uc-3401419,-6.4836,-36.1536,desert
uc-3393465,-6.2444,-38.9136,desert
uc-3455032,-12.4083,-39.5009,
uc-3404713,-3.175,-41.8669,desert
uc-3457135,-24.2814,-47.4597,
uc-6316688,-1.7597,-46.545,
uc-3459531,-15.865,-50.8681,
uc-3472304,-25.915,-53.4728,
uc-3455342,-22.7889,-50.2175,
uc-3468734,-10.7078,-43.6306,desert
uc-3405778,-2.4489,-44.7825,coast
uc-3461996,-22.4912,-47.2118,
uc-3445534,-20.6714,-41.0069,
uc-3408210,-9.2608,-37.9361,desert|steppe
uc-3467078,-17.1889,-41.6947,
uc-3461943,-16.8306,-49.5319,
uc-3461148,-19.8008,-41.7131,
uc-3402849,-7.8053,-37.7939,desert
uc-3385670,-2.5364,-57.76,river
uc-3388060,-2.8942,-44.8803,
uc-3457192,-20.1794,-48.0319,river
uc-3463122,-11.7967,-49.5289,
uc-6317333,-23.4744,-54.185,
uc-3386628,-9.645,-36.4972,
uc-3456164,-20.5339,-49.3142,
uc-3455061,-23.3863,-48.7244,lake
uc-3406085,-7.1785,-38.78,desert
uc-3466307,-15.4606,-55.7497,
uc-3403251,-8.11,-42.9444,desert|steppe
uc-3408270,-8.515,-41.005,desert|steppe
uc-3924872,-11.1753,-61.9014,river
uc-3469190,-12.8231,-42.7306,steppe
uc-6317835,4.4314,-61.1464,
uc-3447473,-12.8333,-39.1,
uc-3663516,-7.6142,-72.8958,
uc-3402548,-5.3222,-41.5525,desert
uc-3451263,-19.265,-40.3333,
uc-3451783,-25.7689,-53.5325,
uc-3455690,-10.9714,-41.0796,steppe
uc-3454967,-24.715,-47.8811,coast
uc-3445348,-23.8739,-49.8028,
uc-3465982,-14.1839,-44.5344,
uc-6317328,-16.5617,-41.5033,river|steppe
uc-3455189,-26.3703,-50.1444,
uc-3461910,-21.2992,-46.8025,
uc-3465616,-25.6792,-49.5372,
uc-6316295,-16.7572,-49.4375,
uc-3464262,-15.5314,-40.9094,
uc-3468704,-30.1197,-51.9622,
uc-3453827,-10.7417,-40.3608,
uc-3460594,-23.1017,-48.6158,lake
uc-3388442,-7.1206,-38.5019,desert
uc-3461860,-16.582,-39.7812,
uc-3466351,-23.2267,-47.9531,
uc-3396769,-7.9361,-35.2903,
uc-3468295,-24.6178,-53.32,
uc-3459181,-18.7786,-46.4075,
uc-3456905,-18.1269,-40.3633,
uc-3455277,-19.225,-40.8514,
uc-3403082,-8.7347,-36.6267,desert
uc-3458020,-14.7558,-43.9322,river
uc-3461659,-27.6258,-54.3078,
uc-3445442,-15.7014,-44.0275,
uc-3396877,-9.8297,-36.7378,
uc-3388456,-8.8978,-35.1478,coast
uc-3392907,-6.6017,-44.0767,
uc-3461565,-14.0669,-39.6406,
uc-3394817,-9.5672,-48.3917,river
uc-3386467,-2.1042,-56.4869,
uc-3460831,-14.6781,-39.375,
uc-3452327,-18.4178,-46.4181,
uc-6317075,-11.0289,-68.7414,
uc-3457770,-20.4128,-40.6831,
uc-3472444,-23.8744,-53.9017,
uc-6317910,-16.6231,-54.4739,
uc-3405852,-8.7539,-38.9658,desert|river|steppe
uc-3407091,-7.5453,-35.7075,
uc-6316774,2.6103,-60.5975,
uc-3388147,-7.0219,-45.4811,
uc-6317986,-3.8678,-54.22,
uc-3451362,-24.2208,-48.7656,
uc-3445854,-13.2681,-39.6628,
uc-3665098,-0.9736,-62.9269,
uc-3389721,-8.3606,-36.5656,desert|river
uc-3447927,-27.1494,-52.3106,
uc-3466931,-17.7031,-40.7664,
uc-3392997,-8.0906,-39.5783,desert|steppe
uc-3390659,-4.1417,-40.5822,desert
uc-3461935,-20.4283,-47.8242,
uc-3462759,-11.2287,-41.8765,steppe
uc-3394380,-2.8644,-44.0394,coast|desert
uc-3457454,-20.2839,-42.3411,
uc-3462536,-26.0267,-48.855,coast
uc-3388635,-2.9553,-44.8069,coast
uc-3456707,-28.6508,-49.21,coast
uc-3456270,-10.8225,-39.4269,steppe
uc-3458161,-12.7408,-38.6208,coast
uc-3472138,-16.4611,-49.9617,river
uc-3452547,-21.0428,-49.3772,lake
uc-3465935,-20.7133,-48.5408,
uc-3407758,-8.3831,-35.4525,
uc-3408073,-2.4041,-44.4167,coast
uc-3474501,-13.6631,-59.7858,
uc-3457487,-25.2404,-53.9824,
uc-3472864,-17.0822,-40.9358,
uc-3470131,-15.0383,-41.2597,
uc-8543780,-5.7451,-47.364,
uc-6318095,-25.8725,-49.4978,
uc-6318160,-7.3106,-50.0483,
uc-3397897,-6.8297,-35.2472,desert
uc-3453544,-23.3969,-47.0022,river
uc-3471208,-21.9589,-44.89,
uc-3389012,-3.3336,-43.5283,desert
uc-3392145,-6.5106,-36.3469,desert|steppe
uc-3451476,-11.0689,-37.725,
uc-3400739,-4.877,-44.8821,
uc-3447063,-27.1164,-49.9981,
uc-3453158,-17.525,-49.4472,
uc-3456750,-25.4769,-48.8344,coast|mountain
uc-3472507,-20.8636,-46.3881,
uc-3406946,-3.6056,-55.3317,
uc-3448033,-21.995,-42.9144,river
uc-3393095,-6.4331,-43.9836,
uc-3401876,-7.5622,-38.5089,desert
uc-3472869,-22.4764,-46.6328,
uc-3924674,-10.6517,-68.5044,
uc-3459495,-29.2269,-53.6817,
uc-3471094,-11.9597,-40.1681,
uc-3400497,-6.9281,-39.5723,desert
uc-3456357,-23.1811,-46.395,
uc-3387727,-7.9333,-39.2958,desert|steppe
uc-3387242,-5.7333,-39.0075,desert
uc-3470470,-15.6153,-43.5919,
uc-3456530,-20.4642,-41.4131,
uc-6318532,-4.3788,-44.6711,river
uc-3456863,-20.9072,-48.6414,
uc-3467780,-10.7333,-37.4933,
uc-3445781,-15.2933,-39.0753,coast
uc-6318978,-24.1567,-54.0969,
uc-3467687,-13.0367,-46.7717,
uc-3385504,-4.1944,-40.4767,desert
uc-3405806,-2.6364,-54.9372,
uc-6317658,2.4399,-60.9115,
uc-3472048,-25.4286,-48.7119,coast|mountain
uc-3471609,-10.7578,-37.3153,
uc-6316312,-6.7911,-50.4669,
uc-3457247,-22.5267,-43.7328,
uc-3446881,-13.5381,-39.0986,coast
uc-3464720,-11.6278,-46.8206,
uc-3462882,-19.9341,-40.4047,
uc-3467860,-19.5379,-49.4881,
uc-6316607,-5.0514,-48.6089,
uc-3466897,-20.5414,-44.635,
uc-3447708,-12.1603,-39.3317,
uc-3403685,-8.3586,-35.7619,
uc-3460967,-23.8619,-49.1372,
uc-3399132,-8.5844,-35.3867,
uc-3407486,-6.7292,-38.4489,desert
uc-3448075,-12.7275,-39.1819,
uc-6318130,-21.9758,-51.6514,
uc-3451232,-22.7231,-44.1356,
uc-3665315,-3.7728,-61.6442,river
uc-3390965,-8.8278,-36.0117,
uc-8430419,-4.1387,-45.1188,
uc-3460531,-13.8133,-41.2967,steppe
uc-3456397,-28.4592,-52.8208,
uc-6317151,-7.5536,-49.7125,
uc-3463350,-10.7428,-40.1319,
uc-3463590,-10.6,-38.2167,steppe
uc-3390674,-6.966,-35.7951,desert
uc-3664716,-6.5339,-64.3831,
uc-3458333,-19.8014,-45.6856,
uc-3393455,-1.5519,-47.1144,
uc-3398457,-4.408,-40.4041,desert
uc-3391368,0.7133,-51.4133,river
uc-3397903,-4.5644,-38.9222,desert
uc-3395880,-9.5322,-36.985,desert
uc-3453010,-20.9628,-42.0408,
uc-6318522,-15.6214,-58.1764,
uc-3460785,-17.1664,-40.33,
uc-3397108,-6.0339,-37.0203,desert|steppe
uc-3468195,-13.4869,-39.0439,coast
uc-6317039,-8.4472,-40.7711,desert|steppe
uc-3466913,-21.9336,-42.6086,
uc-3399464,-6.4446,-46.1888,
uc-3391940,-3.7267,-44.2233,desert
uc-3464335,-23.0428,-47.3739,
uc-3398224,-7.2808,-35.6044,
uc-3458134,-11.7114,-40.1489,
uc-3455139,-23.3861,-45.6622,river
uc-3401618,-9.1289,-36.3303,
uc-3460204,-13.1133,-38.8956,coast
uc-3472473,-17.3147,-53.2153,river
uc-3446619,-20.4422,-54.8603,
uc-3400617,-5.7833,-43.25,
uc-3408421,-8.7203,-39.1139,river|steppe
uc-3402893,-3.9506,-40.4733,desert
uc-3446495,-25.9284,-49.1801,
uc-3449124,-29.5503,-55.1311,
uc-3392020,-6.8354,-40.613,desert|steppe
uc-3398419,-9.0458,-36.8461,desert
uc-3405061,-7.4818,-36.1322,desert|steppe
uc-3445853,-14.3125,-39.3233,river
uc-6316372,-23.535,-47.2619,
uc-3408221,-5.8922,-42.6361,
uc-3446598,-23.7681,-52.4442,
uc-3453494,-11.7303,-40.5553,
uc-3471422,-32.2375,-53.0869,
uc-3388266,-5.5036,-41.3233,desert|steppe
uc-3397660,-7.3592,-41.1378,desert|steppe
uc-12958551,-1.5282,-45.0786,coast
uc-3458121,-17.8422,-42.0767,
uc-6318068,-2.5914,-45.3642,
uc-3453524,-31.4481,-53.1042,
uc-12978005,-12.1201,-58.0027,river
uc-3401511,-4.4159,-40.9047,desert
uc-3445689,-16.1325,-45.7422,
uc-3385758,-3.6772,-39.3503,desert
uc-3465536,-24.7989,-53.3067,
uc-3391762,-7.0767,-36.0611,desert
uc-3468314,-11.6936,-41.4683,steppe
uc-3454628,-18.5486,-42.5569,
uc-3451094,-21.2747,-43.1792,
uc-6318187,-22.5797,-53.0592,river
uc-3456176,-19.75,-43.0375,
uc-6317571,-3.6322,-44.5558,desert
uc-3444997,-20.8731,-48.2969,
uc-3469169,-22.2742,-46.1653,
uc-3449219,-19.865,-42.9683,
uc-3473252,-26.5647,-52.3283,
uc-3397263,-9.1333,-35.7483,
uc-3457426,-15.0081,-59.9506,river
uc-3455568,-17.0742,-41.4844,
uc-3466041,-14.6408,-39.5511,
uc-3455750,-27.4831,-50.1219,
uc-3456559,-11.8589,-40.4725,
uc-3399380,-4.4519,-37.7972,coast|desert
uc-3449516,-20.9464,-44.9189,
uc-3471522,-15.9169,-46.1056,
uc-3447848,-24.1134,-49.4631,
uc-3403146,-4.47,-38.9014,desert
uc-3385230,-8.5747,-36.8742,desert
uc-3466005,-28.5991,-49.3233,
uc-3407756,-6.2432,-42.8454,river
uc-3397680,-5.6128,-38.7669,desert
uc-3466134,-11.0997,-38.5136,steppe
uc-3451650,-19.3256,-41.2553,river
uc-3458591,-21.8425,-43.7931,
uc-3392942,-6.1797,-43.7836,
uc-3402787,-4.1667,-40.9428,desert
uc-3468789,-21.0661,-50.1472,lake
uc-3460942,-15.1022,-44.0919,river
uc-6316490,-5.3097,-38.9206,desert
uc-3407239,-6.5583,-35.7417,desert
uc-3387130,-7.6717,-36.88,desert|steppe
uc-3457561,-26.6106,-49.0083,
uc-3391774,-4.7518,-44.9438,
uc-3446947,-13.5464,-42.4914,steppe
uc-3472485,-21.0256,-47.3739,
uc-3466752,-20.5831,-46.9219,lake
uc-3386528,-3.9889,-39.5806,desert
uc-3459440,-24.3208,-47.6347,
uc-3454157,-19.3528,-47.2928,
uc-3469374,-21.0331,-44.7581,
uc-3394618,-4.7894,-40.0633,desert
uc-3461153,-19.4136,-42.4194,river
uc-3390700,-6.2312,-42.6869,
uc-3452502,-27.2581,-49.9339,
uc-3398076,-7.0333,-40.45,desert|steppe
uc-3405993,-9.6778,-37.1247,
uc-3468353,-21.5294,-46.6439,river
uc-3465154,-11.4756,-37.7553,
uc-3401457,-7.14,-35.0864,coast
uc-3661948,-8.9411,-72.7917,river
uc-3409559,-3.625,-43.1111,desert
uc-3452478,-21.3594,-48.0656,
uc-6317380,-5.3714,-45.6364,
uc-6318703,-5.8781,-46.6992,
uc-3461951,-24.185,-48.5328,
uc-3466165,-30.1811,-50.2056,coast
uc-3454236,-12.7607,-43.95,
uc-3465145,-14.5489,-49.9692,
uc-6317286,-17.1381,-49.9881,
uc-3392746,-2.7192,-42.5331,coast|desert
uc-6316924,-10.2842,-37.9264,steppe
uc-6318717,-12.0886,-41.6378,steppe
uc-3465703,-14.8953,-41.9686,steppe
uc-3460622,-15.6597,-40.0656,
uc-3391420,-7.5347,-39.1183,desert
uc-3461406,-26.8997,-48.8272,coast
uc-3451305,-10.5394,-37.4167,
uc-3387266,-6.7546,-35.6645,desert
uc-3448200,-18.9911,-50.5436,lake
uc-3453597,-20.6847,-43.3003,river
uc-3402875,-6.5372,-39.4967,desert
uc-3754199,-3.4281,-60.4594,
uc-3460836,-21.3181,-49.0544,
uc-3399377,-5.7333,-44.1583,
uc-3461539,-11.5472,-41.9775,steppe
uc-6316471,-2.9708,-44.3156,coast|desert
uc-3447812,-28.7117,-51.935,
uc-3389386,-7.1883,-39.7369,desert
uc-3386445,-6.1867,-35.0919,coast
uc-6317211,-27.3147,-48.5592,coast
uc-3466936,-23.425,-49.7208,lake
uc-3395949,-4.8572,-39.5767,desert
uc-6318466,-5.1139,-43.81,
uc-3445928,-12.6623,-40.6065,steppe
uc-3458245,-22.5022,-48.7114,
uc-3449502,-15.8656,-56.0767,river
uc-3388238,-5.895,-35.7628,desert
uc-3391889,-7.4706,-34.8086,coast
uc-3473042,-20.4481,-52.8781,river
uc-3406333,-9.4047,-35.5072,coast
uc-3662784,-9.5883,-67.5325,
uc-3388059,-7.5911,-35.4914,
uc-3665380,-3.2208,-64.8042,river
uc-3388926,-0.75,-48.02,coast|wetland
uc-3468296,-21.8025,-49.61,
uc-3407387,-6.8531,-35.3811,desert
uc-3463604,-23.3883,-49.51,lake
uc-3460698,-27.1694,-53.7122,river
uc-3389819,-7.2847,-40.4572,desert|steppe
uc-3460542,-15.1169,-40.0703,
uc-3392010,-5.8036,-39.4178,desert
uc-3403943,-9.3967,-36.1536,
uc-3457967,-25.9411,-52.1756,
uc-3461592,-11.6408,-42.0111,steppe
uc-3462439,-27.8903,-52.2275,
uc-3924895,-10.3353,-67.1856,
uc-3468669,-12.5356,-39.1908,
uc-3397886,-7.6678,-35.1017,
uc-3461289,-11.5192,-37.5117,coast
uc-3389461,-8.8717,-49.7128,river
uc-3468234,-16.9567,-51.8103,
uc-3663145,-2.6214,-60.9442,
uc-3392225,-7.1981,-37.9292,desert
uc-3404056,-3.3208,-45.0108,
uc-3405863,-6.6917,-35.5333,desert
uc-3450496,-27.9497,-51.8067,
uc-3455786,-17.0314,-48.2958,
uc-3450116,-20.3839,-42.2506,
uc-3453324,-21.7808,-45.965,
uc-3463573,-24.0003,-51.3194,
uc-3456124,-21.1261,-46.4203,
uc-3402906,-4.2322,-39.1925,desert
uc-3466325,-11.044,-41.971,steppe
uc-3401106,-5.3583,-42.6764,
uc-3466469,-11.1356,-42.1128,steppe
uc-6316364,-9.7228,-63.3102,
uc-3456137,-14.7972,-57.2881,
uc-3479302,-10.7936,-49.6236,
uc-3446198,-14.9758,-41.4108,steppe
uc-3406887,-1.7275,-45.1422,coast
uc-6318426,-12.0522,-63.5675,
uc-3445651,-12.0817,-41.0944,
uc-12958623,-2.1409,-46.1239,
uc-3401404,-8.0061,-35.6972,
uc-3460136,-10.5933,-36.9403,coast
uc-3454005,-10.4056,-36.4344,coast|river
uc-3446392,-21.175,-43.0178,
uc-3460553,-22.2528,-47.8228,
uc-3466405,-24.8236,-49.2611,river
uc-3403214,-9.8967,-39.0264,steppe
uc-3460281,-24.6925,-48.0022,
uc-3445849,-14.2091,-39.5264,river
uc-3448599,-23.8525,-46.9425,
uc-3404306,-6.6417,-35.79,desert
uc-3664207,-2.5139,-66.0917,river
uc-3472831,-29.6453,-53.24,
uc-3462419,-28.0283,-54.3497,
uc-3447965,-11.6039,-38.5831,
uc-3471038,-28.8321,-49.2366,coast
uc-3465067,-26.0175,-51.3467,
uc-3401944,-8.9089,-35.725,
uc-3467928,-21.8361,-45.4006,
uc-3447658,-23.0586,-51.0364,lake
uc-3471917,-11.6603,-38.0814,
uc-3457098,-22.2919,-51.9064,
uc-3390902,-6.2544,-39.2019,desert
uc-3457641,-26.1494,-53.0261,
uc-3665168,-4.3665,-70.1919,river
uc-6316847,-13.1889,-60.8122,
uc-3446923,-23.7331,-52.8733,
uc-3445922,-21.3811,-51.5706,
uc-3469298,-11.9694,-41.2658,
uc-3397546,-7.99,-36.4964,desert|steppe
uc-6317525,-1.853,-65.5743,river
uc-3471427,-28.9869,-49.4173,coast
uc-3446866,-11.8472,-40.7914,
uc-3399625,-7.4475,-35.2442,
uc-3465752,-12.7794,-39.17,
uc-3456277,-14.7203,-56.3275,
uc-3461089,-24.0031,-53.7042,
uc-3403428,-9.1169,-37.6022,desert
uc-6317335,-12.7119,-39.6981,
uc-3450170,-19.3086,-47.5253,
uc-3457105,-10.9544,-40.5758,steppe
uc-3465409,-27.5847,-50.3611,
uc-3467884,-24.5917,-52.7989,
uc-3457582,-10.7375,-37.0817,coast
uc-12972572,-14.5411,-52.7951,
uc-3394908,-9.3833,-35.8417,
uc-6317102,-9.3903,-36.76,desert
uc-3447249,-22.0497,-42.6747,
uc-6316487,-29.1567,-49.5794,coast
uc-6316897,-13.1167,-60.5417,
uc-3399313,-3.76,-40.8164,desert
uc-3455304,-27.0675,-53.1611,
uc-6318953,-2.88,-52.01,
uc-3446582,-22.6333,-47.05,
uc-3448332,-29.6206,-54.1789,
uc-3396662,-6.094,-36.4722,desert
uc-3456377,-21.0422,-41.9733,
uc-3450376,-26.9608,-50.4269,
uc-3466267,-22.5097,-47.7781,
uc-3469974,-26.1614,-51.5525,
uc-3460615,-24.2892,-47.1744,coast
uc-3461503,-13.7733,-42.7142,steppe
uc-3454408,-20.2569,-47.4767,
uc-3398923,-9.3381,-38.2547,river|steppe
uc-3454901,-22.3903,-44.9667,mountain
uc-3398192,-9.2214,-37.7486,desert
uc-3385910,-3.6,-39.4333,desert
uc-3393848,-7.0917,-39.6806,desert
uc-3458112,-14.3361,-43.7736,river|steppe
uc-3465071,-21.8386,-44.8083,
uc-3445728,-14.7714,-42.655,
uc-3458942,-13.6023,-39.4924,
uc-3397055,-8.7117,-36.415,desert
uc-3449475,-27.8239,-54.6628,
uc-3448850,-18.5478,-42.7633,
uc-3460837,-14.2836,-39.8428,
uc-3398584,-5.1075,-36.3203,coast|desert|steppe
uc-3661756,-2.99,-65.1083,river
uc-3392311,-6.0417,-38.4597,desert
uc-12969866,-12.7371,-56.5136,
uc-3465330,-26.4253,-49.2431,
uc-3467545,-24.5669,-51.3333,
uc-6318785,-4.5744,-55.9436,
uc-3450872,-14.8361,-56.4275,river
uc-3460788,-22.2958,-44.9347,mountain
uc-3465729,-23.0153,-48.0106,
uc-3453787,-22.7794,-46.5906,
uc-6318208,-25.7839,-53.3086,
uc-3470390,-11.5283,-39.0764,steppe
uc-3450719,-23.5291,-45.849,
uc-3463916,-28.7247,-52.8497,
uc-3394918,-3.5417,-40.455,desert
uc-3469983,-11.6167,-38.8,steppe
uc-3472344,-11.4553,-41.4361,steppe
uc-3459261,-11.2951,-41.986,steppe
uc-3460243,-23.1128,-51.5319,
uc-3455036,-23.2178,-44.7131,coast
uc-3453518,-22.4128,-49.1347,
uc-3469168,-22.6331,-47.0556,
uc-3466046,-26.4047,-52.3511,
uc-3467962,-21.5753,-41.9111,river
uc-3403200,-9.4075,-36.0736,
uc-3403941,-9.7093,-36.4479,
uc-3472406,-20.1067,-43.0489,
uc-3385980,-0.1549,-50.0615,coast|wetland
uc-8465210,-17.0104,-46.0085,
uc-3461830,-23.3728,-48.1842,
uc-3472263,-10.3447,-39.8356,steppe
uc-3464705,-26.255,-53.6397,
uc-3577430,18.4269,-64.6208,coast
uc-1820906,4.8903,114.9401,coast
uc-1820575,4.8833,114.8333,coast
uc-1820635,4.9706,115.0208,coast
uc-1820491,4.5836,114.2312,coast
uc-1820187,4.6064,114.3248,coast
uc-1820071,4.8028,114.6492,coast
uc-1820574,5.0176,115.058,coast
uc-1820557,4.6775,114.4959,coast
uc-727011,42.6975,23.3241,
uc-726050,43.2191,27.9102,coast
uc-728193,42.1539,24.75,river
uc-732770,42.5065,27.4689,coast
uc-726848,42.432,25.6426,
uc-727523,43.8487,25.9534,river
uc-728203,43.4179,24.6167,
uc-727079,42.6861,26.3256,
uc-728330,42.5967,23.0332,river
uc-727233,43.2706,26.9229,
uc-726418,43.5649,27.8314,
uc-733191,42.0146,23.098,river
uc-730435,41.9342,25.5556,
uc-725578,42.4824,26.5001,
uc-725993,43.0812,25.629,
uc-728378,42.1993,24.3332,river
uc-733618,42.0167,24.8667,
uc-725712,43.2105,23.5631,
uc-731549,42.8742,25.3182,
uc-730496,42.6167,25.4,
uc-729114,43.4128,23.2217,
uc-729730,42.2831,22.6922,
uc-729794,41.645,25.3658,
uc-732263,42.05,25.6,river
uc-725905,43.9916,22.8824,river
uc-726174,43.2512,26.5722,
uc-726872,42.2648,23.1172,
uc-731233,43.1278,25.7017,
uc-728288,41.3985,23.207,
uc-727030,41.5744,24.712,
uc-730565,42.6333,24.8,mountain
uc-726534,43.6187,25.3503,river
uc-727221,44.1171,27.2606,river
uc-727696,43.5333,26.5185,
uc-727447,41.5667,23.2833,river|steppe
uc-729559,43.1323,24.7176,
uc-727462,42.3385,23.5581,mountain
uc-727337,43.023,25.1036,
uc-728742,42.4833,26.0167,
uc-726320,42.8943,24.7159,
uc-733579,42.7032,27.2546,
uc-733014,42.908,23.7927,
uc-731108,41.5667,23.7333,
uc-725988,42.0275,23.9916,
uc-730559,42.65,26.9833,
uc-728448,42.4952,24.1902,
uc-730442,41.9323,25.9017,river
uc-728317,42.0337,24.2999,
uc-729581,43.8317,23.2379,river
uc-727886,42.1,25.2167,river
uc-726546,41.7684,26.1977,river
uc-728075,43.35,26.2333,
uc-727791,42.2882,24.9678,
uc-732452,42.2,25.3333,
uc-733264,43.2374,23.1251,
uc-2357048,12.3657,-1.5339,steppe
uc-2362344,11.1806,-4.2949,
uc-2358946,12.2519,-2.3669,steppe
uc-2357043,13.5769,-2.4179,steppe
uc-2359608,13.0883,-1.0837,steppe
uc-2362909,10.6406,-4.7528,
uc-2356300,12.2516,-0.4256,steppe
uc-2360073,11.5,-3.5167,
uc-2360886,12.0616,0.3584,steppe
uc-2361477,12.4636,-3.4607,steppe
uc-2354675,11.7844,-0.3718,steppe
uc-2361177,14.0986,-1.6266,steppe
uc-2359142,13.3258,-1.5347,steppe
uc-2358382,11.1003,-2.1065,
uc-2358738,12.1786,-0.351,steppe
uc-2354349,13.7667,-2.0667,river|steppe
uc-2361082,14.0333,-0.0333,desert|steppe
uc-2363174,14.2296,-0.8654,desert|steppe
uc-2360620,10.3314,-3.182,
uc-2360615,11.8,-0.5506,steppe
uc-2360238,13.2078,-2.3589,steppe
uc-2353688,12.9591,-2.2607,steppe
uc-2353197,12.2492,-0.6153,steppe
uc-2356228,12.3196,-2.4709,steppe
uc-2357062,10.9811,-4.9188,
uc-2353257,12.5824,-1.2975,steppe
uc-2357371,10.2833,-4.9167,
uc-2357163,12.7294,-3.863,steppe
uc-2362970,12.0357,-4.3987,steppe
uc-2362376,11.2581,-0.3061,
uc-2359227,12.0688,-1.3364,steppe
uc-2358100,11.665,-1.0698,
uc-2356454,11.1697,-1.145,
uc-2361853,13.6781,-1.5461,steppe
uc-2362740,12.55,-0.9667,steppe
uc-2360626,11.6497,-2.1778,
uc-2354176,13.0724,-3.0694,steppe
uc-2355869,11.5544,-1.7736,
uc-2353670,12.9333,-0.85,steppe
uc-2359317,12.1939,-1.8769,steppe
uc-2361586,11.1464,-3.0578,
uc-2357931,12.2844,-0.8372,steppe
uc-2361342,10.9621,-3.2497,
uc-2361845,12.6612,-1.8951,steppe
uc-2355404,12.1742,-4.0848,steppe
uc-2361946,12.6666,-0.5747,steppe
uc-2356467,13.1642,-0.8225,steppe
uc-2362626,11.7808,-0.7339,river|steppe
uc-2353436,11.1825,-0.6322,
uc-2362323,12.9771,-0.1466,steppe
uc-2360855,11.5294,-2.768,
uc-2362150,11.7454,-2.9301,river|steppe
uc-12640343,11.1186,0.0099,
uc-2359042,12.8251,-1.0674,steppe
uc-2362669,9.8833,-2.9167,
uc-2358898,13.4345,-1.6136,steppe
uc-2357487,11.6992,0.5061,steppe
uc-2354351,11.9209,-2.5154,steppe
uc-2359495,12.4386,-2.0328,steppe
uc-12217144,11.7375,1.7772,
uc-2354340,11.4438,-2.2255,
uc-2354265,12.7584,-2.8988,steppe
uc-2361373,12.0729,1.7884,steppe
uc-2359695,11.2219,-4.6442,
uc-2361778,11.4261,-0.7728,
uc-2356765,12.6667,-3.95,steppe
uc-2360541,12.6482,0.4931,steppe
uc-10342754,13.2583,-0.2131,steppe
uc-2356136,12.0667,-2.2333,steppe
uc-12640344,11.0817,0.7237,
uc-425378,-3.3819,29.3614,lake|steppe
uc-426272,-3.4271,29.9246,
uc-430569,-2.9075,29.8306,
uc-428632,-3.1703,29.4026,steppe
uc-423549,-3.9736,29.4386,lake
uc-430021,-2.8869,29.1248,river|steppe
uc-430952,-2.9221,29.6293,
uc-427204,-3.289,30.6011,
uc-428515,-3.0804,29.391,
uc-421930,-4.1024,29.606,lake
uc-426423,-3.2548,30.114,
uc-425309,-3.3333,29.25,lake|river|steppe
uc-428219,-3.1014,30.1628,
uc-432456,-2.5845,30.0959,
uc-3374333,14.9315,-23.5125,coast
uc-3374462,16.8901,-24.9804,coast
uc-8521418,16.7552,-22.9446,coast
uc-3374888,15.1,-23.6833,coast
uc-1821306,11.5625,104.916,river
uc-1821940,10.9908,104.785,
uc-1822214,13.3618,103.8606,lake
uc-1831797,13.1027,103.1982,
uc-1830194,13.658,102.5636,
uc-1831173,11.9934,105.4635,river
uc-1831167,12.25,104.6667,river
uc-1831142,10.6093,103.5296,coast
uc-1825978,12.3537,106.0356,river
uc-1831898,14.2322,104.0811,river
uc-1822768,12.5388,103.9192,river
uc-1822827,11.2823,104.738,
uc-1829516,11.0632,106.1356,
uc-1830467,10.4829,104.3167,coast
uc-1828090,11.2916,104.841,
uc-1831133,11.4533,104.5208,
uc-1830468,11.6153,102.9838,coast
uc-1822610,11.4868,105.3253,
uc-1822019,11.9118,105.6582,
uc-8740221,11.5466,103.0357,coast
uc-1822895,11.6962,104.5806,
uc-1822029,13.5259,105.9683,river
uc-1830098,13.8073,104.9805,
uc-1821993,11.0878,105.7994,
uc-1822207,13.5859,102.9737,river
uc-1830783,11.7885,106.0933,
uc-1831112,10.6104,104.1814,coast
uc-1823687,12.9473,104.5691,
uc-1830564,12.4881,106.0188,river
uc-1831125,12.7111,104.8887,
uc-1830377,13.4915,106.9802,river
uc-1825093,14.1817,103.5176,
uc-1830205,12.849,102.6093,
uc-1830338,11.8288,106.1821,
uc-1831732,13.7394,106.9873,
uc-1822158,12.0724,106.4208,
uc-1822842,13.5497,103.609,
uc-1831940,11.0129,104.6729,
uc-11338545,13.7736,102.7373,
uc-2232593,4.0483,9.7043,coast
uc-2220957,3.8667,11.5167,
uc-2234974,5.9597,10.146,
uc-2235189,5.4778,10.4176,
uc-2228373,10.5909,14.3159,desert
uc-2224827,7.3277,13.5847,
uc-2229752,4.6363,9.4469,
uc-2223763,4.9547,9.9404,
uc-2233410,4.1534,9.2423,coast|mountain
uc-2229798,12.0769,15.0306,desert|river|steppe
uc-2234359,4.5773,13.6846,
uc-2229411,4.0236,9.2061,coast|mountain
uc-2231506,5.7266,10.8986,
uc-2229748,6.2,10.6667,mountain
uc-2232239,3.8,10.1333,river
uc-2227230,5.1218,9.9614,
uc-2232283,2.9,11.15,
uc-2232444,5.444,10.0533,
uc-2221504,4.075,9.36,coast
uc-2229761,2.9373,9.9077,coast
uc-2228079,3.5167,11.5,
uc-2230876,9.9333,13.9467,
uc-2222230,2.9333,11.9833,
uc-2231504,5.508,10.6325,
uc-2235194,4.75,11.2333,river
uc-2227613,5.6261,10.2542,
uc-2225728,4.0913,9.3144,coast|mountain
uc-2225991,11.0461,14.1401,desert|steppe
uc-2227402,6.5167,14.3,
uc-2221030,10.3411,15.2329,desert|steppe
uc-2229152,4.7182,9.7351,
uc-2235196,5.157,10.1771,
uc-2226275,10.7424,13.8023,
uc-2234663,4.4333,14.3667,river
uc-2234794,6.75,11.8167,
uc-2231319,5.8833,14.55,
uc-2223293,4.1667,11.5333,
uc-2223198,6.25,10.4333,mountain
uc-2228005,4.5016,9.5671,
uc-2225726,4.2898,9.4103,
uc-2234865,5.1408,10.5253,
uc-2231482,6.28,10.283,
uc-2231564,5.4685,9.8818,
uc-2221053,6.3833,10.0667,
uc-2228499,4.8428,9.8217,
uc-2576483,6.5,13.2667,
uc-2234942,5.9884,10.4386,mountain
uc-2221530,6.465,12.6284,lake
uc-2221631,9.0287,13.1848,
uc-2231320,9.3014,13.3977,river
uc-2222568,9.3839,13.5023,river
uc-2229681,9.0583,13.6661,river
uc-2220853,3.5167,15.05,
uc-2230599,10.1092,14.4508,
uc-2233805,10.7336,14.6093,desert|steppe
uc-2231636,9.7557,13.9647,
uc-2228964,5.95,11.2167,
uc-2235776,3.7667,12.25,
uc-2228028,4.45,11.9,
uc-2228902,3.55,11.0333,
uc-2221362,7.7708,15.3568,river
uc-2225457,4.6833,12.3667,river
uc-2231881,3.65,10.7667,
uc-2223734,4.5167,12.0333,river
uc-2235029,5.8874,10.0118,
uc-2596834,12.7752,14.5533,desert|river
uc-2224197,4.5806,9.6647,
uc-2224163,6.6333,10.6667,
uc-2235186,6.0833,10.1,
uc-2235660,2.3833,11.2833,
uc-2221802,4.2344,9.6164,coast
uc-2234941,4.4591,8.9027,coast
uc-2230873,10.1337,14.7075,desert
uc-2228977,10.8434,14.9396,desert|steppe
uc-2236053,3.9833,13.1833,
uc-2221408,4.7466,9.6705,
uc-2234536,4.9333,13.3,river
uc-2232102,4.603,9.0404,coast
uc-2221607,8.4022,14.1698,
uc-2229267,3.2333,10.7333,
uc-2222623,4.6391,9.6799,
uc-2228675,5.7513,9.3137,
uc-2232997,3.7667,9.9833,river
uc-2221394,4.9667,10.7,
uc-6167865,43.7064,-79.3986,lake
uc-6077243,45.5088,-73.5878,coast
uc-6094817,45.4112,-75.6981,river
uc-6173331,49.2497,-123.1193,coast
uc-5913490,51.0501,-114.0853,river
uc-6159905,49.1063,-122.8251,coast
uc-6325494,46.8123,-71.2145,coast
uc-5946768,53.5501,-113.4687,river
uc-6183235,49.8844,-97.147,river
uc-6324729,44.6427,-63.5769,coast
uc-6075357,43.5789,-79.6583,lake
uc-5969782,43.2501,-79.8496,lake
uc-5907364,43.6834,-79.7663,
uc-6141256,52.1324,-106.6689,river
uc-6066513,43.8668,-79.2663,lake
uc-6174041,48.4359,-123.3516,coast
uc-5911606,49.2664,-122.9526,coast
uc-6058560,42.9834,-81.233,
uc-5927690,49.2846,-122.7822,coast
uc-5992996,43.4254,-80.5112,
uc-6119109,50.4501,-104.6178,
uc-6182962,42.3001,-83.0165,lake
uc-5990579,49.8831,-119.4857,steppe
uc-6092122,43.4501,-79.6829,lake
uc-6122091,43.8711,-79.4373,
uc-5911592,43.3862,-79.8371,lake
uc-6094578,43.9001,-78.8496,lake
uc-5964700,46.49,-80.99,
uc-5913695,43.3601,-80.3127,river
uc-5881791,49.058,-122.2526,
uc-6169141,46.3451,-72.5477,coast|river
uc-6049429,49.1011,-122.6588,coast
uc-6155721,43.1713,-79.2427,lake
uc-5921356,49.1664,-121.9526,river
uc-13546321,45.5019,-73.8417,coast
uc-6137270,48.4168,-71.0657,coast|river
uc-5894171,44.4001,-79.6663,lake
uc-6163012,45.7,-73.6473,coast
uc-6138671,45.702,-73.7867,coast
uc-5967629,43.5459,-80.256,
uc-5907990,43.1334,-80.2664,river
uc-6180170,43.8834,-78.9329,lake
uc-6136944,48.5496,-123.3693,coast
uc-6324733,47.5649,-52.7093,coast
uc-6074377,43.5168,-79.8829,
uc-5992500,44.2298,-76.481,lake
uc-6146143,45.4001,-71.8991,
uc-5937615,49.0892,-123.0532,coast
uc-6065686,49.2194,-122.6019,river
uc-5882873,43.8501,-79.0329,lake
uc-6087701,44.0501,-79.4663,
uc-5989117,45.3001,-75.9161,
uc-6166142,48.382,-89.2502,lake
uc-6076211,46.0945,-64.7965,coast
uc-6354908,46.1351,-60.1831,coast
uc-6119518,45.7422,-73.4501,coast
uc-6176823,43.4668,-80.5164,river
uc-5989045,50.6665,-120.3192,river
uc-6053154,49.7,-112.8186,steppe
uc-6118158,52.2668,-113.802,
uc-6087892,43.1001,-79.0663,lake|river
uc-6085772,49.1664,-123.94,coast
uc-6138495,45.3071,-73.2626,river
uc-5882799,51.3001,-114.0353,
uc-11838435,46.8903,-71.3722,coast
uc-6138517,45.2708,-66.0562,coast
uc-6101645,44.3001,-78.3162,
uc-6113365,53.9166,-122.753,river
uc-5913414,43.8654,-79.9932,
uc-6141190,42.9787,-82.4041,lake|river
uc-6141439,46.5168,-84.3333,lake
uc-5964347,55.1667,-118.8027,
uc-5921225,48.4196,-71.0637,coast|river
uc-5955895,56.7268,-111.381,river
uc-5964215,45.4001,-72.7324,
uc-6071618,50.0393,-110.6766,river|steppe
uc-5957776,45.9454,-66.6656,river
uc-5969721,43.6403,-79.9315,
uc-6089125,42.8334,-80.383,lake
uc-5942845,45.8834,-72.4824,
uc-6104319,45.4599,-73.8928,coast
uc-5888377,44.0001,-79.4663,
uc-6138501,45.7804,-74.0036,
uc-7303786,48.4165,-71.2488,coast
uc-6177869,42.9834,-79.2496,lake
uc-10287505,44.776,-63.6786,coast
uc-5897884,44.1668,-77.3828,lake
uc-6089426,46.3168,-79.4663,lake
uc-6138374,45.6308,-72.957,
uc-6180176,44.0001,-79.3163,
uc-5940956,45.4945,-73.8242,coast
uc-5907896,49.8469,-99.9531,river
uc-5928065,45.0181,-74.7281,coast|river
uc-5903510,45.6668,-73.8825,coast
uc-5960533,43.6501,-79.9163,
uc-6115355,44.1834,-77.5662,lake
uc-5920457,42.4122,-82.1849,
uc-5983433,44.3001,-79.6496,lake
uc-6139289,45.2501,-74.1325,coast
uc-5920433,45.3834,-73.7492,coast
uc-6354895,48.4488,-68.524,coast
uc-6138175,45.565,-73.9055,coast
uc-6166739,48.4669,-81.3331,
uc-6151350,46.0418,-73.1136,coast|river
uc-6075292,49.133,-122.3026,river
uc-6156855,45.2501,-75.9161,
uc-6184365,43.1334,-80.7497,
uc-6173864,50.2673,-119.2734,
uc-5906831,43.9168,-78.6829,lake
uc-6154383,53.5334,-113.9187,
uc-6158357,42.7736,-81.1804,lake
uc-5920288,46.2346,-63.1256,coast
uc-6145489,46.5667,-72.7491,river
uc-6051122,42.0501,-82.5998,lake
uc-6126305,45.357,-71.9968,
uc-6113335,53.2001,-105.7677,river
uc-5987650,46.0164,-73.4236,coast
uc-6075061,45.6501,-74.0825,coast
uc-6174151,46.0501,-71.9658,
uc-6078112,50.4001,-105.5345,
uc-6101141,49.4806,-119.5858,
uc-5914132,50.0163,-125.2446,coast
uc-5921060,51.0334,-113.8187,
uc-5924618,51.1834,-114.4687,river
uc-6058024,53.2724,-110.0226,
uc-6157977,43.3668,-80.9497,
uc-6620953,46.1135,-70.6653,
uc-6094325,44.6087,-79.4207,lake
uc-6094201,43.9168,-80.0997,
uc-5955815,42.9001,-78.9329,lake
uc-6093010,50.7289,-113.9828,
uc-6107325,45.4487,-73.8167,coast
uc-6089661,48.8413,-123.686,coast
uc-5884083,48.5501,-71.6491,lake|river
uc-6137941,45.5834,-73.3325,coast
uc-6144312,50.2001,-66.3821,coast
uc-5930890,49.6866,-124.9936,coast
uc-6180550,60.7161,-135.0538,river
uc-13607919,45.9759,-66.6412,river
uc-6178999,43.7674,-79.1795,lake
uc-5967149,43.2001,-79.5663,lake
uc-5939219,46.0784,-64.6873,coast
uc-5926511,47.4999,-52.9981,coast
uc-5905308,43.8795,-79.7379,
uc-5905132,45.6168,-73.8325,coast
uc-6173570,45.4001,-74.0325,coast
uc-6943827,46.0937,-71.3054,
uc-6173017,48.0974,-77.7974,
uc-6113355,44.0001,-77.2495,lake
uc-7602285,49.1271,-123.1814,coast
uc-5909483,43.9583,-78.9597,lake
uc-12070742,45.4756,-75.484,river
uc-6137540,45.5334,-73.3492,coast
uc-6073363,44.7501,-79.883,lake
uc-5909294,44.5913,-75.687,lake|river
uc-6158027,42.9551,-81.6223,
uc-6154636,49.6992,-123.1563,coast|glacier
uc-6128577,48.2366,-79.0231,
uc-6162416,42.316,-82.884,lake
uc-6096729,47.5291,-52.8814,coast
uc-5919566,45.4501,-73.2825,coast|river
uc-5943865,48.7829,-123.7027,coast
uc-5992526,42.1001,-82.7331,lake
uc-5925975,44.4834,-80.2164,lake
uc-6169661,49.0167,-123.0833,coast
uc-5889745,49.2168,-68.1489,coast
uc-5955960,56.2499,-120.8529,
uc-6095645,44.5672,-80.9435,lake
uc-6172932,44.1001,-79.1163,
uc-5991370,44.2501,-79.4663,lake
uc-7870883,50.8885,-113.9814,river
uc-5923101,45.5501,-75.291,river
uc-7871320,43.706,-80.3776,river
uc-6111632,49.2413,-124.8028,coast
uc-6176421,44.5168,-80.0164,lake
uc-5914653,53.0168,-112.8353,
uc-6054350,44.3501,-78.7329,
uc-6185377,62.4541,-114.3725,lake
uc-5931800,49.4999,-115.7688,
uc-6138617,45.4001,-74.1326,coast
uc-5978765,45.3334,-79.2163,
uc-6162949,54.5163,-128.6035,glacier|river
uc-6089404,52.7797,-108.2967,river
uc-6139417,50.6998,-119.2691,
uc-5927969,48.95,-57.952,coast
uc-5898138,45.5684,-73.2057,river
uc-5884051,44.1501,-79.8663,
uc-6115383,45.4213,-65.9513,coast
uc-6087579,45.5834,-62.6486,coast
uc-6166580,42.8599,-80.7262,
uc-6354897,47.827,-69.5424,coast
uc-5974407,43.4334,-80.3164,
uc-6111704,42.9001,-79.2329,lake
uc-5924579,43.9598,-78.1651,lake
uc-7870884,50.8879,-113.9593,river
uc-6157536,53.5334,-114.002,
uc-5884588,48.5669,-78.1162,river
uc-6075081,47.029,-65.5019,coast|river
uc-6087905,43.2565,-79.0853,lake|river
uc-6160806,52.311,-114.0837,
uc-6138643,45.8501,-73.7659,coast
uc-12070764,46.645,-80.9973,
uc-6052788,45.2834,-74.2325,coast
uc-7535681,46.7406,-71.4513,coast
uc-6101606,45.8945,-77.2801,river
uc-5961564,46.197,-59.957,coast
uc-5909278,50.7082,-120.4134,river|steppe
uc-6942645,45.5856,-75.4208,
uc-6160603,50.2834,-107.8013,
uc-6545023,47.3737,-68.3251,river
uc-6185607,51.2167,-102.4677,
uc-6062163,46.1354,-64.905,coast
uc-6142912,49.15,-123.1833,coast
uc-5907092,45.0334,-79.3163,
uc-6050263,45.8232,-73.4294,coast
uc-5965812,44.2501,-76.9494,lake
uc-6156102,49.5258,-96.6845,
uc-12070755,50.0088,-119.3967,
uc-6077340,45.5652,-73.1868,river
uc-6137489,45.5334,-73.2825,coast|river
uc-6051562,53.2668,-113.552,
uc-6064180,45.2668,-72.1491,
uc-6137579,46.0501,-73.4659,
uc-5991055,49.7674,-94.4899,lake
uc-6151264,48.3746,-123.7276,coast
uc-3580661,19.2866,-81.3744,coast
uc-3580477,19.382,-81.3928,coast
uc-2389853,4.3612,18.555,river
uc-2388873,4.2567,18.4158,
uc-2387495,4.9427,15.8773,
uc-2389086,4.2612,15.7922,
uc-240604,5.7679,20.6757,
uc-2387926,5.934,15.596,river
uc-2388036,6.4926,17.4552,river
uc-2386012,6.9896,19.1874,
uc-240498,4.7413,22.8184,river
uc-2383523,7.2427,16.4406,
uc-239899,6.5423,21.9863,river
uc-2385535,4.9934,19.9619,river
uc-2388625,6.9853,15.6406,
uc-2390513,5.7957,14.828,
uc-240999,5.0267,21.2088,
uc-2383119,5.718,19.0739,
uc-2383827,3.5249,16.0458,river
uc-238566,6.2679,21.2247,
uc-237379,8.4109,20.6473,
uc-2389691,7.3008,18.2833,river
uc-2384770,3.8678,17.9892,
uc-2382505,5.3195,17.1011,
uc-2387546,6.3193,16.3799,
uc-2390694,5.3335,15.152,
uc-2387319,6.3223,19.0792,
uc-2387890,6.5073,18.2767,
uc-2388720,4.8005,18.1275,
uc-2389804,5.6667,15.9667,river
uc-235826,5.0314,25.1361,river
uc-2388025,5.2667,17.65,
uc-2388693,4.05,18.1167,
uc-2386042,7.6994,18.629,
uc-2427123,12.1067,15.0444,desert|river|steppe
uc-2427455,8.5744,16.0772,river
uc-245785,13.8292,20.8324,desert
uc-2425791,9.1456,18.3833,river
uc-2430506,9.3086,15.8066,
uc-245338,11.0433,20.2834,desert|steppe
uc-2433437,8.6639,16.8532,
uc-2426240,9.3646,14.9072,
uc-2434910,10.2809,15.3742,desert|river|steppe
uc-243787,12.2264,21.4098,desert|steppe
uc-2429605,8.9159,17.5505,
uc-2427637,12.1851,18.6884,desert|steppe
uc-2434979,13.4673,14.7135,desert
uc-2428394,14.1229,15.3119,desert
uc-2434011,9.7602,16.2698,
uc-243590,15.1167,22.25,desert
uc-2432678,17.9257,19.1043,desert
uc-2435124,11.9801,18.2138,desert|steppe
uc-2435854,8.6761,16.566,
uc-2428228,12.9981,15.7319,desert
uc-2426370,13.2954,19.6966,desert
uc-2427336,13.6444,16.4895,desert
uc-244878,14.5273,20.926,desert
uc-2429158,9.6447,14.2151,steppe
uc-2432639,9.9146,15.1399,
uc-2431907,8.65,16.5167,
uc-2436400,13.2138,18.3393,desert
uc-9534257,16.0667,22.8354,desert
uc-2431724,9.6294,15.5132,
uc-2428231,12.4755,15.4365,desert|steppe
uc-2429296,9.3972,16.3007,river
uc-2434985,12.3781,17.0588,desert|steppe
uc-2431573,10.9176,15.5501,desert|river|steppe
uc-2429344,9.4515,18.9449,
uc-245669,13.4665,22.1988,desert|steppe
uc-2428281,9.2235,17.7102,
uc-2428480,11.7302,15.2447,desert|steppe
uc-2433055,11.8062,15.8669,desert|steppe
uc-2435508,8.9833,16.3199,
uc-2427697,8.3404,17.7663,river
uc-244128,17.1919,21.5808,desert
uc-2428042,9.7639,14.1539,
uc-2434584,10.4847,16.7108,river|steppe
uc-2428450,12.3546,19.6139,desert|steppe
uc-2435779,8.6289,17.1864,
uc-2435474,9.3202,16.1552,
uc-3871336,-33.4569,-70.6483,steppe
uc-3875024,-33.6117,-70.5758,steppe
uc-3868121,-33.0246,-71.5518,coast
uc-3899539,-23.6509,-70.3975,coast|desert
uc-3870011,-38.7363,-72.5974,
uc-3893894,-36.827,-73.0498,coast|river
uc-3868626,-33.036,-71.6296,coast
uc-3874960,-41.4693,-72.9424,coast
uc-3899361,-18.4755,-70.3006,coast|desert
uc-3873775,-34.1691,-70.7405,
uc-3887127,-20.2133,-70.1503,coast|desert
uc-3870294,-35.4232,-71.6497,
uc-3895088,-36.6066,-72.1034,
uc-3897347,-22.4567,-68.9237,desert
uc-3868707,-39.8142,-73.2459,coast
uc-3893629,-29.9533,-71.3395,coast|desert
uc-3884373,-29.9059,-71.2501,coast|desert
uc-3870282,-36.7249,-73.1168,coast
uc-3894242,-33.2044,-70.6747,steppe
uc-3899887,-20.2687,-70.1049,coast|desert
uc-3877949,-40.574,-73.1335,
uc-11947989,-37.4042,-71.9795,
uc-3893656,-27.3674,-70.3322,desert|river
uc-3882428,-37.4697,-72.3537,
uc-6693576,-36.839,-73.1003,coast|river
uc-3874787,-53.1628,-70.9092,coast
uc-3893532,-37.0339,-73.1402,coast
uc-3872395,-33.5947,-71.6075,coast
uc-3892870,-34.9828,-71.2394,
uc-3885273,-33.2863,-70.8756,steppe
uc-3868192,-33.0482,-71.3729,coast
uc-3876685,-33.6063,-70.8765,
uc-3874119,-32.8834,-71.2488,river
uc-3895138,-36.9256,-73.0284,coast|river
uc-3882434,-32.8337,-70.5983,river|steppe
uc-3877918,-30.6011,-71.199,desert
uc-3877739,-33.808,-70.7411,
uc-3883167,-35.8467,-71.5931,
uc-3897774,-33.7326,-70.7428,
uc-3877794,-33.5684,-70.8058,
uc-3880107,-33.6891,-71.2153,
uc-3872255,-32.7498,-70.7258,river|steppe
uc-3870306,-33.6639,-70.9273,
uc-3869657,-36.6176,-72.9559,coast
uc-3886405,-32.7868,-71.198,river
uc-3868158,-39.2857,-72.2279,lake
uc-3888214,-32.7833,-71.2167,river
uc-3881276,-37.0899,-73.1577,coast
uc-3883214,-33.0133,-71.2608,
uc-3876664,-36.7407,-72.9953,coast
uc-3894426,-45.5752,-72.0662,
uc-3868633,-28.5762,-70.7594,desert
uc-3899629,-37.7952,-72.7164,
uc-3871276,-34.4386,-71.0775,
uc-3881102,-34.1808,-70.6493,
uc-3896218,-42.4721,-73.7732,coast
uc-3893726,-35.3332,-72.4116,coast
uc-3899695,-41.8707,-73.8162,coast
uc-3879627,-35.1143,-71.2823,
uc-3872154,-35.5952,-71.7292,
uc-3872306,-35.5378,-71.487,
uc-3896105,-35.9671,-72.3225,
uc-3873441,-34.4064,-70.8583,
uc-3874930,-41.3195,-72.9854,coast|lake
uc-3886460,-38.7652,-72.753,
uc-3871616,-34.6388,-71.3658,
uc-3883615,-38.5307,-72.4365,
uc-3895061,-34.7125,-71.0434,
uc-3897334,-41.7734,-73.1305,coast
uc-3877348,-39.6435,-72.3327,
uc-3868326,-38.2329,-72.3329,
uc-3885456,-32.4524,-71.2311,coast|steppe
uc-3892892,-37.4779,-73.3449,
uc-3950116,-37.8,-73.3833,coast
uc-3872326,-36.4248,-71.958,
uc-3873145,-40.3349,-72.9556,
uc-3878456,-38.7445,-72.9502,
uc-3882559,-35.965,-71.6836,
uc-3868308,-30.0354,-70.7127,desert
uc-3897557,-37.0339,-72.4047,
uc-3879200,-37.7189,-72.241,
uc-3875070,-39.2822,-71.9543,lake|mountain
uc-3877146,-36.1431,-71.826,
uc-3879123,-37.5025,-72.6731,river
uc-3890949,-33.6797,-70.9848,
uc-3883629,-40.2931,-73.0817,
uc-3869716,-22.092,-70.1979,coast|desert
uc-3894406,-36.6279,-71.8307,
uc-3899462,-37.2463,-73.3175,coast
uc-3896410,-33.3171,-71.4031,
uc-3896774,-38.7112,-73.161,
uc-3888523,-36.9727,-72.9356,coast|river
uc-3894177,-37.9545,-72.4344,
uc-3888749,-34.0686,-70.7275,mountain
uc-3887344,-31.6335,-71.1697,steppe
uc-3883035,-32.8404,-70.9562,river|steppe
uc-3871286,-34.4333,-71.0833,
uc-3868210,-38.6688,-72.2257,
uc-3889322,-38.9525,-72.6265,
uc-3883457,-37.6082,-73.6536,coast
uc-3873983,-32.7859,-71.5322,coast
uc-3875746,-38.9864,-72.6372,
uc-3874943,-43.1182,-73.6166,coast
uc-3882582,-39.3671,-72.6309,
uc-3874579,-40.913,-73.1591,
uc-3896924,-37.8013,-73.3962,coast
uc-3882460,-37.628,-73.4601,coast
uc-3897595,-32.4313,-71.0717,steppe
uc-3877744,-40.0682,-72.8794,
uc-3874958,-51.7299,-72.506,coast
uc-3892934,-33.3976,-71.1271,
uc-3881285,-31.9129,-71.5005,coast|steppe
uc-3894319,-35.6949,-71.4057,
uc-3872648,-34.9992,-71.3842,
uc-3874122,-36.7455,-72.4748,
uc-3869381,-38.2496,-72.6703,
uc-3890596,-33.3977,-71.6939,coast
uc-3874997,-45.403,-72.6918,coast
uc-3875235,-20.2558,-69.7863,desert
uc-3898597,-33.2328,-70.8092,steppe
uc-3895165,-33.2838,-70.6533,steppe
uc-3882957,-41.256,-73.0065,lake
uc-3897322,-27.0681,-70.8192,coast|desert
uc-3894446,-36.4874,-72.7032,coast
uc-3892981,-38.9318,-72.0315,
uc-3880302,-41.6178,-73.5983,coast
uc-3869967,-38.9944,-73.0893,coast
uc-3874570,-32.6264,-70.7184,steppe
uc-3889262,-41.1216,-73.0581,lake
uc-1796236,31.2222,121.4581,coast|river
uc-1795565,22.5455,114.0683,coast
uc-1816670,39.9075,116.3972,steppe
uc-1809858,23.1167,113.25,coast
uc-1815286,30.6667,104.0667,
uc-1792947,39.1422,117.1767,river|steppe
uc-1791247,30.5833,114.2667,lake|river
uc-1812545,23.018,113.7487,coast|river
uc-1790630,34.2583,108.9286,steppe
uc-1808926,30.2936,120.1614,coast
uc-1799962,32.0617,118.7778,
uc-1811103,23.0268,113.1315,coast|river
uc-1814906,29.5603,106.5577,river
uc-2034937,41.7922,123.4328,
uc-1790842,37.9867,106.201,desert|river
uc-1797929,36.0649,120.3804,coast
uc-1886760,31.3041,120.5954,lake
uc-2037013,45.75,126.65,river
uc-1808722,31.8639,117.2808,
uc-1814087,38.9122,121.6022,coast
uc-2038180,43.88,125.3228,
uc-1790645,24.4798,118.0819,coast
uc-13308620,22.5521,113.8829,coast
uc-1790923,31.5689,120.2886,lake
uc-1805753,36.6683,116.9972,
uc-1793511,37.8694,112.5603,river|steppe
uc-1784658,34.7578,113.6486,
uc-6986104,22.5231,113.3791,coast
uc-1795940,23.3549,116.6788,coast
uc-1795270,38.0414,114.4786,steppe
uc-1804651,25.0389,102.7183,
uc-1799869,22.8167,108.3167,river
uc-1799397,29.8782,121.5494,coast
uc-1810821,26.0614,119.3061,coast
uc-1798425,29.4568,119.8887,
uc-1794903,32.6475,110.7781,
uc-1793346,39.6438,118.1832,
uc-13512505,37.5192,111.1444,steppe
uc-1815456,31.7736,119.954,lake
uc-1809078,20.0342,110.3465,coast
uc-1785286,36.7906,118.0633,
uc-1815577,28.1987,112.9709,river
uc-1809461,26.5833,106.7167,
uc-1529102,43.801,87.6005,steppe
uc-1806776,23.1115,114.4152,river
uc-1804430,36.057,103.8399,river|steppe
uc-1790437,22.2769,113.5678,coast
uc-1785623,31.3776,120.9543,lake
uc-1803318,35.0631,118.3428,
uc-1816971,38.8729,115.4625,steppe
uc-11995100,31.8694,106.7443,
uc-1791388,27.9994,120.6668,coast
uc-1785725,22.9279,112.0381,
uc-1816917,31.4084,121.4896,coast|river
uc-1797873,33.5886,119.0192,
uc-1794035,31.0344,121.2233,
uc-12358576,30.7645,108.3959,gorge|river
uc-1800163,28.684,115.8531,river
uc-2036892,40.8106,111.6522,steppe
uc-1795855,30.0024,120.5786,coast
uc-1787093,37.4765,121.4408,coast
uc-1799722,32.0303,120.8747,coast
uc-10630003,34.2044,117.2839,
uc-2038432,40.6516,109.8439,steppe
uc-1791681,36.71,119.1019,
uc-12359313,35.7098,107.6445,
uc-1800146,30.7951,106.0847,river
uc-10859300,34.5984,119.2156,coast
uc-1783621,27.6867,106.9072,
uc-2037860,46.5833,125.0,
uc-1810638,25.8466,114.9326,river
uc-8400694,28.6627,121.4331,coast
uc-8347664,39.6086,109.7816,desert|steppe
uc-1797121,23.5418,116.3658,
uc-2036502,43.8465,126.5608,river
uc-1806508,31.3858,121.2446,coast
uc-1796134,34.4143,115.6561,
uc-2037799,40.0936,113.2914,steppe
uc-1799629,33.0052,112.5466,
uc-1806299,22.5833,113.0833,coast
uc-1815251,31.911,120.263,coast
uc-1810845,32.9,115.8167,river
uc-11838258,40.7414,107.386,desert|river
uc-1815395,23.654,116.6226,
uc-1797945,23.7,113.0333,river
uc-1793724,36.1853,117.12,
uc-1807681,32.6264,116.9969,river
uc-1788852,36.6255,101.7574,steppe
uc-7283386,31.6461,120.7422,coast
uc-1786657,38.4681,106.2731,desert
uc-1787227,32.3972,119.4358,coast
uc-1793743,33.6361,116.9789,
uc-1802206,31.7356,116.5169,
uc-1787746,33.3575,120.1573,
uc-1814870,29.3151,120.0768,
uc-1793505,32.4907,119.9081,
uc-1791236,31.3526,118.4295,
uc-1813325,31.2106,107.4631,
uc-2038632,41.1236,122.99,
uc-1809498,25.2802,110.2964,
uc-1806602,30.1764,121.2457,coast
uc-1784853,23.0489,112.4609,river
uc-1800627,31.4678,104.6817,
uc-1798449,25.4394,119.0103,coast
uc-1797353,24.9139,118.5858,coast
uc-10942359,34.3678,107.237,river|steppe
uc-13608002,30.8584,121.4678,coast
uc-1793771,33.9492,118.2958,lake
uc-1805528,29.1068,119.6442,
uc-10942283,37.684,112.7547,steppe
uc-1791121,29.0321,111.6984,river
uc-1804879,34.7986,114.3074,
uc-1803300,24.324,109.407,river
uc-1787331,31.865,120.5389,coast
uc-1797658,24.8198,118.5742,coast
uc-1816234,33.8772,115.7703,
uc-1797318,25.4833,103.7833,
uc-1784990,21.2339,110.3875,coast
uc-2037355,41.8867,123.9436,
uc-1801792,34.6735,112.4368,steppe
uc-1802875,28.1586,113.6271,
uc-1808963,36.61,114.4876,steppe
uc-1786764,30.7144,111.2847,gorge|river
uc-1808198,35.2393,115.4736,
uc-8533133,26.5944,104.8333,
uc-1801180,21.6663,110.9136,coast
uc-1792892,34.5795,105.7424,steppe
uc-1797551,21.9825,108.6506,coast
uc-1801934,33.5742,114.0326,river
uc-1790587,32.0422,112.1448,river
uc-1806408,21.8556,111.9627,coast
uc-1786760,31.3606,119.8202,lake
uc-1797798,31.1539,121.1141,
uc-1788046,34.0319,113.863,
uc-1783745,29.3416,104.7769,
uc-2036662,40.7524,120.8355,coast
uc-1799491,29.5835,105.0622,river
uc-1808316,28.5694,112.3473,
uc-1805518,35.405,116.5814,
uc-1788534,32.1228,114.0656,
uc-1803834,36.4506,116.0025,
uc-1808956,36.1839,113.1053,
uc-7602670,35.995,119.4026,
uc-1791636,34.5035,109.5089,river|steppe
uc-1807700,33.9744,116.7917,
uc-1805953,30.7522,120.75,
uc-1784285,37.5113,105.1907,desert|river
uc-10794003,41.121,122.0739,
uc-1805179,29.7048,116.0021,lake|river
uc-1805540,30.3503,112.1903,river
uc-1785294,36.096,114.3828,steppe
uc-1795874,24.8,113.5833,river
uc-1816373,27.3019,105.2863,
uc-1783763,27.8333,113.15,river
uc-1787858,28.4518,117.9429,
uc-1786217,26.4239,111.6131,river
uc-1800818,30.0439,103.837,
uc-1810820,27.96,116.3333,
uc-1809532,23.116,109.5947,river
uc-1808370,26.8895,112.6189,river
uc-7576887,24.4036,111.5667,
uc-1785781,22.6305,110.1469,
uc-1788572,35.1903,113.8015,steppe
uc-1786746,27.8333,114.4,
uc-1790353,34.3378,108.7026,river|steppe
uc-1796556,18.2543,109.5095,coast
uc-1802276,25.0749,117.0178,river
uc-1806535,30.8703,120.0933,lake
uc-1803936,37.9267,102.632,desert
uc-1808857,33.0751,107.0221,river|steppe
uc-1812101,37.4627,118.4917,
uc-1801640,28.8903,105.4257,river
uc-1800779,24.2886,116.1177,
uc-1927639,29.3745,113.0948,lake|river
uc-1804591,36.1928,117.6569,
uc-2038300,41.2886,123.765,
uc-6642286,30.3961,114.8865,lake|river
uc-1798827,33.7309,113.3155,
uc-1886762,29.9887,122.2049,coast
uc-1816440,32.9408,117.3608,river
uc-1796823,39.9805,117.0689,
uc-1790492,27.85,112.9,river
uc-1803567,36.0889,111.5189,river|steppe
uc-1784642,32.2109,119.4551,coast|river
uc-1281673,25.1163,99.1637,
uc-1797063,27.7761,120.6586,coast
uc-1817720,30.0156,120.8711,coast
uc-1786770,28.7593,104.6399,river
uc-1804609,23.7474,109.2222,river
uc-1790254,30.9269,113.9222,
uc-1783683,30.1211,104.6481,river
uc-1797264,28.9594,118.8686,
uc-1785453,34.8647,117.5542,
uc-1798654,27.6167,113.8535,
uc-2035265,47.3392,123.9615,river
uc-1802940,23.3107,116.1687,
uc-12324556,38.9808,106.3892,desert
uc-1789065,32.68,109.0172,river
uc-1804540,39.5208,116.7147,steppe
uc-1805987,35.2392,113.2391,steppe
uc-1791748,30.816,108.3741,gorge|river
uc-1799194,30.4741,106.637,
uc-6958518,22.7512,113.835,coast
uc-1791673,37.5091,122.1136,coast
uc-1788508,27.8043,114.9334,
uc-13608000,30.8356,121.2937,coast
uc-1815059,25.8,113.0333,
uc-1817993,30.5136,117.0472,lake|river
uc-1788927,37.0622,114.4927,steppe
uc-1784841,27.3167,103.7167,
uc-6929460,26.5851,101.7128,river
uc-1814757,32.3219,118.2978,
uc-1788081,30.9525,118.7553,
uc-1817968,26.25,105.9333,
uc-1790840,23.4805,111.2885,river
uc-9181182,35.7564,115.0436,steppe
uc-1797595,39.941,119.5894,coast
uc-1909733,29.3786,106.54,river
uc-1816920,27.2382,111.4621,
uc-2036986,47.3473,130.2903,
uc-1801620,31.6858,118.5101,
uc-1812961,31.1302,104.382,
uc-13527052,29.6384,91.0444,steppe
uc-1787351,37.8575,113.5633,steppe
uc-1808212,29.9923,106.2646,river
uc-1783873,32.9838,114.0259,
uc-1793879,31.7111,113.3631,
uc-1815463,35.2089,111.7386,steppe
uc-1808770,35.7323,114.2862,steppe
uc-2033196,40.7834,114.8714,steppe
uc-2037886,40.1292,124.3947,coast|river
uc-2037346,42.0156,121.6589,
uc-1796989,22.3812,112.6849,
uc-1807234,30.2471,115.0481,lake|river
uc-2036113,41.2719,123.1731,
uc-1816269,23.8901,106.6268,river
uc-1816336,37.3667,118.0167,river
uc-1785738,35.0231,110.9928,steppe
uc-1812955,37.4466,116.3671,steppe
uc-1796669,34.7808,111.1929,river|steppe
uc-2035715,44.548,129.6259,
uc-1804153,29.5623,103.7639,river
uc-9072919,35.4141,119.5291,coast
uc-2034786,46.6769,131.1327,
uc-1793900,30.508,105.5733,
uc-13608003,31.6185,121.6962,coast
uc-1806445,27.1172,114.9793,river
uc-1805611,31.0336,112.2047,
uc-2035513,41.1881,122.0494,
uc-1806096,36.2839,120.0033,coast
uc-1529660,41.1842,80.2792,desert
uc-1814934,30.6613,117.4778,
uc-1787816,29.9852,102.999,
uc-2036389,45.2932,130.9622,river
uc-2036427,41.1078,121.1417,
uc-1796663,26.2486,117.6186,
uc-1802204,37.8845,114.6463,steppe
uc-13512502,23.3678,103.3821,
uc-2033370,40.6647,122.2318,coast|river
uc-1785018,24.5133,117.6556,coast
uc-12446699,52.3338,124.7124,
uc-1529195,44.3023,86.0369,steppe
uc-2034414,41.7197,125.9264,
uc-1791544,19.5516,110.8028,coast
uc-1810458,36.3833,119.7528,
uc-2034714,43.1614,124.3778,
uc-1814760,25.0364,101.5456,
uc-1807689,27.5634,110.004,
uc-8335361,40.993,113.133,steppe
uc-2036581,46.7971,130.3112,river
uc-1529376,41.7606,86.1523,desert|river
uc-1791779,18.7993,110.3841,coast
uc-1788450,38.4092,112.7333,steppe
uc-1798821,36.7844,119.9464,
uc-1809412,28.8816,120.0331,
uc-1793424,39.0211,117.6469,coast|river|steppe
uc-1794794,36.88,118.7375,
uc-1796068,33.8667,109.9306,river
uc-1806488,19.2425,110.4642,coast
uc-1816080,38.3112,116.8533,steppe
uc-1816705,21.4835,109.1155,coast
uc-1808392,37.7391,115.6835,steppe
uc-1806466,32.442,105.823,river
uc-8505006,23.3631,104.2505,
uc-1790396,29.8435,114.322,lake
uc-12492662,31.3379,104.2206,
uc-1785036,38.9342,100.4517,desert
uc-1280849,39.4672,75.9868,desert
uc-1784130,33.6333,114.6333,river
uc-1798760,35.5392,106.6861,river|steppe
uc-1783988,35.9947,119.3975,
uc-1802238,27.7344,111.9944,
uc-1795928,22.782,115.3475,coast
uc-9931406,24.2774,101.224,
uc-1789647,27.8964,102.2634,
uc-1805741,35.5022,112.8328,
uc-1787765,36.5989,109.4917,steppe
uc-1805680,29.2947,117.2079,
uc-8054802,43.9389,116.0702,desert|steppe
uc-1799846,26.645,118.1736,river
uc-1281019,37.1093,79.9343,desert|river
uc-2036109,42.8854,125.1367,
uc-1786112,23.7333,114.6833,lake|river
uc-1810979,29.71,107.3939,river
uc-1792359,29.7114,118.3125,river
uc-1792260,39.6183,122.0081,
uc-1784818,34.8661,110.4403,
uc-1803245,28.4604,119.9103,river
uc-2038087,40.9519,117.9588,
uc-1785716,34.3114,117.9503,
uc-1803364,36.5156,118.5397,
uc-1816858,19.1027,108.6656,coast
uc-1813171,29.1294,110.4783,
uc-2038365,48.2667,126.6,
uc-1794328,39.3158,112.4225,river|steppe
uc-1806097,26.6617,119.5228,coast
uc-1279945,39.7432,98.5174,desert
uc-1816790,29.8274,106.4364,river
uc-1812749,35.5709,104.623,steppe
uc-7064006,34.8988,108.9506,steppe
uc-1809152,36.0067,106.2808,steppe
uc-2038120,41.5703,120.4586,river
uc-1792621,30.95,117.7833,river
uc-1793899,33.8963,117.9331,
uc-1817990,36.4342,119.1925,
uc-12159964,22.3816,107.3683,
uc-1815482,36.8536,119.3908,
uc-1529435,43.9151,81.3215,river|steppe
uc-2033574,40.6121,115.0646,steppe
uc-7304020,27.9356,109.5996,
uc-1789262,34.3842,118.3462,
uc-8537264,30.4514,114.8704,lake|river
uc-1805029,37.5505,115.5687,steppe
uc-11694038,44.053,80.8717,steppe
uc-8067345,29.243,91.7724,steppe
uc-1798900,29.8988,116.5457,lake|river
uc-12548253,49.2114,119.7558,
uc-1813206,30.0833,114.95,lake
uc-2038067,42.2683,118.9636,steppe
uc-2035261,45.768,130.9953,
uc-1794479,36.8592,120.5269,
uc-1811720,30.3,109.4833,gorge
uc-1804866,26.5858,107.9797,river
uc-12492660,24.5866,98.6893,
uc-2034439,42.2931,123.8414,river
uc-12358476,24.6928,108.0838,
uc-2033467,42.8882,129.5024,
uc-1803590,23.8797,100.0945,
uc-1807566,25.0962,104.9064,
uc-2038569,45.6175,122.833,steppe
uc-1815669,36.7058,118.8275,
uc-1800234,19.5213,109.579,
uc-1787323,24.7808,110.4897,
uc-1794209,22.7886,100.9748,
uc-1788618,35.9006,117.7519,
uc-1817240,36.547,104.1702,desert
uc-1810295,21.9197,110.8568,
uc-1812990,32.6827,112.0887,
uc-1281743,39.7084,76.1797,desert
uc-1529046,43.4265,83.2496,desert
uc-1786378,29.3538,105.8939,
uc-1793419,32.6855,112.8323,
uc-1783633,35.4006,116.9656,
uc-12269572,21.7694,108.3566,coast
uc-8594670,24.1483,115.7227,
uc-1803331,35.6003,103.2064,steppe
uc-1529114,42.9477,89.1789,desert
uc-1808950,31.1695,108.4031,gorge
uc-1786640,30.9445,113.5528,
uc-2036670,47.2042,123.6333,river
uc-1816329,29.5949,106.2248,
uc-1812521,22.9459,115.642,coast
uc-1812228,32.8523,120.3095,
uc-1529401,45.5847,84.8872,desert
uc-2034400,43.6125,122.2653,river|steppe
uc-1817848,29.8486,106.0505,
uc-1799471,36.48,102.4164,steppe
uc-13512503,25.8232,98.8585,river
uc-1805962,34.4328,117.4419,
uc-2036458,41.0275,113.1058,steppe
uc-10942183,32.3704,120.5765,
uc-1787031,35.5528,116.8286,
uc-1804386,32.3858,111.6678,river
uc-2034655,46.6481,126.9666,
uc-8416626,29.8259,107.0602,river
uc-1529484,42.8339,93.506,desert
uc-1806988,34.5653,110.0664,mountain|steppe
uc-1805012,35.0891,112.5881,steppe
uc-1790371,30.3708,113.4429,river
uc-1786731,36.6967,118.4797,
uc-1815477,29.405,105.5883,
uc-8521718,44.8933,82.0699,desert
uc-1814093,25.5847,100.2123,
uc-1280957,39.8112,98.2862,desert
uc-1813253,26.8688,100.2207,
uc-1280037,38.4167,77.2406,desert
uc-1805733,38.5006,102.1938,desert
uc-1807508,23.677,116.9996,coast
uc-1805618,30.65,113.1,
uc-2036973,50.2441,127.4902,river
uc-1795196,35.0747,109.085,
uc-1786395,31.0189,109.4595,gorge|river
uc-13512708,29.6488,94.3551,glacier|steppe
uc-1790894,29.8506,115.5525,river
uc-1791249,39.6844,106.8158,desert|river
uc-12358616,35.1152,109.097,
uc-1805298,39.1,121.7167,coast
uc-1802656,22.7229,114.2633,coast
uc-1786577,28.2333,117.0,
uc-1783700,30.1782,105.8299,
uc-1801909,31.305,104.5048,
uc-2037078,49.2,119.7,
uc-1814082,22.8407,113.2503,coast
uc-1811200,34.7039,116.5872,
uc-1808931,39.2489,117.7892,coast|steppe
uc-1809380,29.0231,106.648,
uc-1809467,30.3335,107.3454,
uc-1785710,22.0026,100.7697,river
uc-8544703,29.152,107.1034,
uc-1803551,22.7072,110.3492,
uc-1529569,44.0078,87.3046,steppe
uc-1811764,26.2667,107.5167,river
uc-1804850,23.6977,103.3037,
uc-1800657,39.9382,116.0931,river|steppe
uc-1805798,29.2899,106.25,river
uc-1798972,34.7361,116.9247,
uc-1803842,21.6592,109.2001,coast
uc-2038670,49.9795,127.4812,river
uc-1792585,27.3273,120.214,coast
uc-1806696,22.819,113.6731,coast
uc-2037086,40.8516,122.7475,
uc-2038342,41.7919,120.7792,
uc-1529651,47.8505,88.1329,steppe
uc-1804578,37.1807,119.9422,coast
uc-7910932,27.8251,99.7078,
uc-8417605,29.9997,106.256,river
uc-1529531,40.1667,94.6833,desert
uc-1805704,22.2107,113.2922,coast
uc-1785462,32.1272,112.7542,
uc-2038584,41.9385,126.4197,
uc-1784617,33.0346,112.2276,
uc-2038650,46.4487,125.3016,
uc-8406214,29.8686,107.7303,river
uc-12492669,32.4073,104.5274,steppe
uc-1786067,30.421,112.8919,
uc-1784580,32.2803,119.17,
uc-1789137,29.8167,113.4667,lake|river
uc-2036401,44.1513,125.8298,
uc-1803791,23.2955,113.8247,coast
uc-1804586,36.9758,120.7136,
uc-8408334,29.5328,108.7748,
uc-2034312,46.0833,122.0833,river
uc-1794060,26.8819,120.0011,coast
uc-2036920,45.2084,130.8981,
uc-1784393,28.4505,108.989,
uc-1792520,39.904,116.6618,steppe
uc-1799389,23.0405,101.0368,
uc-1529167,46.7454,82.9585,steppe
uc-1810724,34.7356,105.3263,river|steppe
uc-1784554,30.2956,111.5047,gorge|river
uc-2035644,41.0982,120.7479,
uc-8416218,29.7032,107.3952,river
uc-1797632,24.5,108.6667,
uc-2033413,47.7214,128.8753,
uc-1809879,31.6199,113.9978,
uc-1808872,27.0913,119.6445,
uc-2033168,46.0522,125.9552,
uc-1529085,44.1628,87.5217,steppe
uc-1789273,23.1549,112.8916,river
uc-1816265,36.4833,117.8333,
uc-1814786,22.1667,111.7833,
uc-1812728,38.5147,114.9868,steppe
uc-2037201,41.5956,121.7928,
uc-11778484,33.3979,104.917,steppe
uc-2037534,43.3695,128.2286,
uc-2036876,46.3974,124.8845,
uc-1793092,30.9064,119.4086,
uc-1788816,37.926,115.2191,steppe
uc-1793700,22.2513,112.7799,
uc-1800175,29.9994,108.1091,
uc-2038679,45.5456,126.9519,
uc-2037075,44.5715,129.3854,
uc-1805844,33.2634,115.3611,river
uc-1281105,33.0012,97.0089,tundra
uc-2037222,43.5007,124.8198,
uc-1794371,23.9296,115.765,
uc-2034996,40.0012,119.754,coast
uc-2036776,42.9721,126.7411,
uc-10020191,26.2342,105.426,
uc-2037335,45.1833,124.8167,river
uc-1815427,31.6,117.8667,lake
uc-1802420,29.5656,105.7621,
uc-12489673,30.6611,107.7661,gorge
uc-1805857,22.8103,115.8306,coast
uc-1808612,28.8116,105.8336,river
uc-1922014,27.7599,118.0307,
uc-7303248,30.8492,120.9258,
uc-1790920,31.0775,109.8764,gorge|river
uc-1794806,39.2333,106.7694,desert|river
uc-1810240,23.3608,103.1537,
uc-2036597,50.4167,124.1167,
uc-12022102,39.8698,79.0612,desert
uc-1795055,22.9464,113.3577,coast
uc-8419424,29.3505,105.8775,
uc-1798473,29.7167,113.8833,
uc-1791272,26.7279,110.632,
uc-2033225,48.0095,122.7365,river
uc-1811028,29.1482,105.3739,
uc-1808336,23.4308,115.8299,
uc-2035002,45.2056,128.0024,
uc-2034834,45.3798,126.3071,
uc-1913126,22.7217,113.2926,coast|river
uc-1805935,22.8793,116.0732,coast
uc-1791325,39.4994,106.7117,desert|river
uc-1798655,22.0969,106.7567,
uc-1804208,26.4024,112.8591,
uc-1885823,31.7667,104.7167,
uc-1279891,24.9949,98.5128,
uc-1790251,28.2385,116.6005,
uc-1808916,29.2952,108.1613,river
uc-1805543,36.31,119.3875,
uc-1813812,22.7984,114.4672,coast
uc-1801582,31.1801,115.0221,
uc-1529641,40.5418,81.2657,desert|river
uc-2036595,49.45,117.7,lake|steppe
uc-1806881,23.0385,116.2899,coast
uc-1789703,34.8022,117.1117,lake
uc-1809062,23.1935,116.6122,coast
uc-1796421,36.9383,114.5058,steppe
uc-2033242,44.8275,126.5406,
uc-1804252,25.128,113.3504,river
uc-1800130,36.5328,120.1339,
uc-2038438,46.5747,131.3932,
uc-2036536,43.7213,127.3347,
uc-1788268,29.7167,112.4,river
uc-1784178,36.8167,117.8167,
uc-1790442,25.4669,100.5625,
uc-2035669,47.1333,129.2743,
uc-1803782,30.3,108.85,gorge
uc-2037411,40.4536,124.0717,
uc-1784953,37.365,120.41,
uc-1787901,28.4543,104.715,
uc-1795860,27.9167,112.5167,
uc-2034754,40.1217,116.6478,steppe
uc-2035966,42.7713,129.4231,
uc-1789030,34.8586,105.6686,steppe
uc-1809408,28.0422,105.8104,
uc-1815276,33.1492,107.3258,river
uc-1807301,23.1104,113.4418,coast
uc-2033536,49.2833,120.7333,river
uc-1817441,29.0623,106.1189,river
uc-1818020,23.6982,115.6795,
uc-12258245,37.301,79.6013,desert
uc-1804169,27.6881,111.4294,
uc-1791536,37.2637,122.0523,coast
uc-1800498,36.7167,117.5,
uc-1798131,36.935,101.6736,steppe
uc-2033147,45.706,125.2661,
uc-1791765,28.9629,106.9284,
uc-1791706,37.1361,109.6597,steppe
uc-1798713,22.9938,114.7131,
uc-2035399,45.129,124.8277,river
uc-1814915,31.6308,121.3925,coast
uc-2034497,45.3332,122.7846,river|steppe
uc-1809077,24.7798,102.5755,
uc-1795857,27.3409,117.4831,river
uc-1280570,24.0014,97.865,
uc-2036337,42.5331,124.0403,
uc-1916012,18.7823,109.5013,
uc-1814928,30.5311,120.4309,coast
uc-1813032,29.2785,106.2316,river
uc-1811729,22.1866,112.3042,coast
uc-1783940,29.7188,120.2423,
uc-1813425,34.8092,116.9017,
uc-1803367,36.8409,115.7109,river|steppe
uc-1803352,36.4247,114.2047,steppe
uc-2037069,47.4466,126.9248,
uc-1806439,27.5583,116.6398,
uc-1786546,31.1661,112.5831,river
uc-2037712,44.5367,125.6943,
uc-1787828,28.1699,105.4345,
uc-2035610,48.4793,124.8702,river
uc-2034440,46.9754,128.048,
uc-1795842,22.7702,112.9578,river
uc-1803886,24.9227,102.485,
uc-1801876,34.7542,105.0247,river|steppe
uc-2035970,47.336,123.196,
uc-1784820,32.9392,119.8342,
uc-1793036,35.0836,117.1907,
uc-12324302,36.7712,118.4245,
uc-1807544,39.7403,116.3269,steppe
uc-1786778,30.6037,109.7233,gorge
uc-1798490,39.3953,121.9669,coast
uc-1800829,21.4571,110.7659,coast
uc-2035196,40.5414,110.5108,steppe
uc-2036418,44.3167,126.8,
uc-1784185,24.355,102.5422,
uc-1816865,27.7682,116.0502,
uc-1797091,35.5148,102.016,steppe
uc-1529363,41.715,82.9325,desert
uc-1805270,28.3193,109.7335,
uc-6648023,28.6321,104.4078,river
uc-1997228,23.9196,115.7801,
uc-1807738,24.067,115.6131,
uc-1804120,21.6467,110.2817,
uc-1803334,39.7118,118.4495,
uc-1788492,36.4,118.6167,
uc-1802171,30.0022,101.9569,glacier
uc-1797959,27.2127,116.5301,
uc-12358512,24.4353,98.5837,
uc-1788207,32.987,107.764,
uc-1812256,39.8161,109.9776,desert|steppe
uc-2034228,46.8321,126.4766,
uc-2035801,42.5287,125.6788,
uc-1812647,38.349,114.6853,steppe
uc-1803522,36.3642,119.0769,
uc-2033766,40.6167,120.7167,coast
uc-1797181,38.7094,116.1009,steppe
uc-2034657,44.3998,131.1478,
uc-1788638,31.047,113.141,
uc-1812057,22.373,110.9475,
uc-1803616,27.6667,113.5,
uc-1809849,34.4253,117.9953,
uc-1805220,36.9918,120.2041,
uc-1908011,34.776,105.3222,river|steppe
uc-1811542,39.687,115.9966,steppe
uc-6644097,25.8006,100.5743,
uc-1807761,36.9914,118.9658,
uc-1810136,21.8,109.6,coast
uc-1799686,28.8421,104.9796,river
uc-1802177,23.1723,112.283,river
uc-1805408,32.0898,121.0735,
uc-1811929,23.2421,111.5284,river
uc-2038274,45.7529,130.5845,
uc-2034141,44.9275,127.1604,
uc-1816821,38.8386,105.6686,desert|mountain
uc-1789289,24.9877,118.3858,
uc-1786455,35.7847,118.6281,
uc-1803397,31.0996,108.2196,gorge
uc-1784417,28.8466,108.7642,
uc-1811594,33.2569,113.001,
uc-1813755,36.8339,118.8978,
uc-1529626,45.693,85.1394,desert
uc-1785692,25.4245,100.689,
uc-2033135,43.5107,123.5007,river
uc-2033149,45.5197,125.0763,river
uc-2037930,45.5,124.3,lake
uc-1793315,36.4467,118.8597,
uc-1805947,36.0236,119.1761,
uc-2038154,40.2161,116.2347,steppe
uc-1791007,34.7208,104.8858,river
uc-1803841,24.7819,112.3712,
uc-12324243,36.5266,118.9929,
uc-1812621,36.7767,121.1597,coast
uc-1802651,29.6974,105.7137,
uc-1813828,32.5428,111.5086,lake|river
uc-1784310,24.5167,103.7667,
uc-1806960,21.6333,110.5833,
uc-1788461,19.7145,109.3115,coast
uc-1788944,25.4333,105.2333,
uc-1802476,24.6719,102.1613,
uc-1786855,37.1566,122.4376,coast
uc-12324474,36.6998,118.6709,
uc-2036075,41.24,119.4011,river
uc-1815188,33.7478,105.7329,
uc-1810309,32.7893,119.4418,lake
uc-1785777,38.2918,109.7375,desert|steppe
uc-1792592,27.7172,109.1853,
uc-1811829,30.67,112.6895,river
uc-1794140,35.6489,117.2758,
uc-1810668,27.4375,111.9731,
uc-1807695,33.4333,115.0333,river
uc-1817456,21.7167,109.6833,coast
uc-2037375,47.2472,132.0296,river
uc-1807687,23.9195,112.1763,
uc-1800544,25.3429,100.4873,
uc-1802068,31.2336,117.2806,
uc-1808744,33.7722,120.2618,coast
uc-8397870,31.398,109.5706,gorge
uc-8419425,29.3377,105.8924,
uc-2034221,43.3108,129.7633,
uc-1812138,21.55,107.9667,coast
uc-1281189,31.8167,98.5806,tundra
uc-1803402,35.9939,119.6503,
uc-1808133,36.4028,118.9181,
uc-1785566,34.1547,113.4681,
uc-1784450,28.3133,105.2377,
uc-1808977,30.65,113.7667,river
uc-1792795,34.5333,118.0333,
uc-1790471,27.7333,112.5333,
uc-1812981,30.5449,119.9599,
uc-1787925,26.8394,116.3201,
uc-2035746,45.55,131.8833,
uc-2035601,49.1741,125.2197,river
uc-1280574,22.5621,99.9103,
uc-1794825,35.1711,118.8289,
uc-1806271,36.6781,120.5292,
uc-1784929,39.7654,118.4119,
uc-1818019,25.1,105.5167,
uc-1280281,31.1304,97.1798,river
uc-1800088,23.7269,111.7972,
uc-2036933,42.5397,128.9972,
uc-1280541,37.2725,79.7344,desert
uc-1812988,37.8082,120.7591,coast
uc-1803257,29.0789,106.262,
uc-1797333,35.5967,116.9911,
uc-1280757,39.8333,97.7333,desert
uc-1893595,19.5093,109.3928,
uc-1800629,33.157,106.6945,river|steppe
uc-1813088,33.1997,120.4578,
uc-1803822,36.6744,119.8753,
uc-1805334,27.4326,120.6063,coast
uc-12324303,36.7492,118.5827,
uc-1786515,36.6608,119.4625,
uc-2036081,46.5543,131.1449,
uc-1799574,31.7839,111.8275,
uc-1787837,20.3302,110.1664,coast
uc-1808747,36.5333,114.1111,steppe
uc-1799348,35.7642,116.7914,
uc-1805379,29.6049,111.8701,
uc-1786060,38.7153,112.7575,steppe
uc-1817884,27.4259,115.8364,
uc-1813033,26.2311,109.1314,
uc-1815585,36.5575,116.7272,
uc-12277235,25.6886,100.1589,
uc-1789118,36.7975,118.2944,
uc-1786676,34.7381,111.8839,
uc-1798182,36.5644,118.8839,
uc-1800065,37.3546,115.3888,steppe
uc-1801722,38.8,121.2667,coast
uc-1549817,34.8306,116.8194,
uc-1808103,32.2334,106.3013,
uc-1786042,37.7615,114.517,steppe
uc-1793364,22.0318,111.9354,coast
uc-1815617,28.5777,104.9209,
uc-1788269,27.9113,116.7764,
uc-1804106,25.7183,116.7489,
uc-1811440,35.2606,117.9675,
uc-1795941,35.0753,117.4578,
uc-1804935,28.1711,104.5116,
uc-1549667,34.2972,117.7722,
uc-1280328,24.7102,97.9367,
uc-1784055,39.7008,122.9911,coast
uc-1792516,28.1368,106.822,
uc-1816890,33.2292,119.3092,lake
uc-2037823,40.6373,122.5025,
uc-2035511,42.9372,126.0574,
uc-1789649,21.6333,108.95,coast
uc-12324301,36.6471,118.6055,
uc-1811794,25.8333,107.5333,
uc-1279715,29.25,88.8833,steppe
uc-1549774,34.5723,116.6024,
uc-1793533,32.1667,120.0136,coast
uc-1793385,39.7433,118.451,
uc-1795579,36.2411,115.6672,steppe
uc-1797438,37.3055,120.8275,
uc-1785212,34.9876,106.209,
uc-1790885,31.9925,116.2472,
uc-1788402,25.1167,114.3,
uc-1815847,36.2489,119.6242,
uc-1788452,30.8667,114.8,lake
uc-1794971,39.2342,106.3439,desert
uc-1812792,29.409,106.1423,
uc-2034340,42.9656,129.842,river
uc-8420195,29.4677,106.2362,
uc-1808517,23.8797,115.7255,
uc-12324246,36.2211,118.6966,
uc-2033301,47.8531,128.8356,
uc-1798634,35.5006,117.6308,
uc-12110889,29.3243,107.7606,river
uc-1803374,30.4225,120.2972,coast
uc-1807090,34.87,116.6697,
uc-2036066,45.2762,130.2733,
uc-1807339,30.1924,116.025,
uc-1789176,36.2486,116.7658,
uc-1805267,33.7333,115.4,
uc-2034761,44.4113,126.9483,
uc-1805833,37.0244,111.9125,steppe
uc-2036653,42.8674,130.3569,
uc-1914927,19.7894,109.215,coast
uc-1803948,39.736,116.1329,steppe
uc-1813658,29.6563,121.4064,coast
uc-1786272,34.7481,106.1269,
uc-1783554,19.4478,109.2627,
uc-1797471,33.8,118.0,
uc-1797793,30.4511,115.2559,
uc-1794782,34.8465,116.4588,
uc-1803998,29.7283,106.6351,
uc-1803266,34.378,109.2089,steppe
uc-12324299,36.3723,119.5821,
uc-1792087,35.8786,119.9753,coast
uc-2038118,42.6622,126.0263,
uc-1788869,27.7428,111.2956,
uc-2037334,47.7949,124.4577,
uc-1806840,31.8111,121.655,coast
uc-1787601,36.1106,115.7753,steppe
uc-1795919,34.7953,116.0817,
uc-1785022,34.6167,116.95,
uc-1799897,36.1848,118.1549,
uc-1806880,29.8693,118.4336,
uc-1786043,36.7683,120.3456,
uc-2033675,41.9908,122.8253,
uc-1549743,34.5194,117.0056,lake
uc-1809610,32.266,111.6348,
uc-1790379,38.985,117.3828,river|steppe
uc-1785655,33.4474,112.7142,lake
uc-1788406,28.2863,117.2066,
uc-1804442,29.2159,119.4716,
uc-2037252,50.7833,121.5167,
uc-1801983,29.3848,104.0286,
uc-12324304,36.89,118.5738,
uc-1804979,32.3174,121.1855,coast
uc-7290013,24.9482,114.0657,
uc-1787188,29.8276,106.9973,river
uc-1812427,33.9997,119.8308,
uc-1807553,32.139,115.0429,
uc-1529099,44.431,84.6762,desert
uc-2036226,46.2577,126.2806,
uc-1800430,24.4042,103.4428,
uc-1806188,36.4944,119.7942,
uc-2037391,40.4394,113.1536,steppe
uc-1788462,36.4989,111.7047,river|steppe
uc-1802788,31.4281,119.4835,lake
uc-1920772,35.9122,116.3117,lake
uc-1816176,30.5833,114.0333,river
uc-2033602,40.2928,123.2744,
uc-1794103,22.1563,107.9795,
uc-1529377,44.2028,80.4164,steppe
uc-2038139,42.7788,124.0954,
uc-1807035,34.63,116.7358,
uc-1818016,31.2575,113.6783,
uc-2033403,46.3223,129.5608,river
uc-1809486,23.3948,110.0743,river
uc-2036283,40.7286,124.7847,
uc-1798548,28.9924,116.6675,lake
uc-1786357,27.4549,112.1694,
uc-2037240,41.1167,123.45,
uc-1805757,36.3897,120.4622,coast
uc-2038541,47.6066,126.0823,
uc-1806218,32.5061,120.1428,
uc-2034918,40.7058,110.2856,steppe
uc-1810846,30.0533,119.9519,river
uc-1789799,30.5363,120.6864,coast
uc-1795986,21.6,109.7167,coast
uc-1799100,34.7547,105.1117,river|steppe
uc-1800764,33.2661,116.5661,
uc-1788887,36.925,119.5931,
uc-1909053,28.9877,105.9244,
uc-12358513,24.3973,98.5177,
uc-1529528,44.3396,84.9043,desert
uc-1788061,29.2086,105.5697,
uc-1805884,35.5428,118.455,
uc-2036069,41.8069,126.9078,river
uc-1793230,26.0303,119.5974,coast
uc-2033934,41.2971,124.1209,
uc-1805505,19.7288,110.0085,coast
uc-2036959,41.6892,122.1128,
uc-1798946,36.4311,114.17,steppe
uc-1791484,28.3881,104.5634,
uc-1795166,24.4465,117.8122,coast|river
uc-1800519,32.7802,117.9638,lake
uc-1799384,29.2892,121.4247,coast
uc-2038198,44.7598,129.6783,
uc-1800521,32.4586,114.0486,
uc-1793286,34.4328,116.5911,
uc-1787873,32.8239,109.3653,river
uc-1787587,38.2785,106.2478,desert
uc-2037658,42.6739,125.5289,
uc-1806422,28.7334,105.0683,river
uc-2033128,45.8496,123.1979,
uc-8416931,29.7186,106.6271,
uc-2034691,42.1859,127.4789,
uc-1801850,24.4058,109.6086,
uc-1802136,33.3321,106.155,river
uc-1791464,28.3752,121.3842,coast
uc-1797120,25.7294,119.3747,coast
uc-1816026,30.2297,115.4335,
uc-1810472,36.8,118.5,
uc-2035453,42.0372,119.2889,steppe
uc-1792936,37.0,118.7833,
uc-1801734,36.4842,101.5633,steppe
uc-12279164,34.6715,116.4921,
uc-1811305,30.0827,113.3335,lake
uc-2036033,42.2847,125.7454,
uc-1808863,32.8914,108.5047,
uc-1789427,33.7833,114.5167,
uc-1811970,36.6579,101.5337,steppe
uc-12324473,36.747,118.3166,
uc-2034599,46.39,123.4085,
uc-1815184,35.5794,118.8328,river
uc-2035182,42.0817,126.6003,
uc-12277246,34.2824,117.5527,
uc-1793685,30.0995,106.0489,
uc-1804451,27.6883,111.6642,
uc-1797417,26.5844,111.859,river
uc-11530931,34.2447,118.2211,lake
uc-8418585,29.7023,105.7236,
uc-2036685,42.6225,126.2614,
uc-1816620,36.6044,119.4956,
uc-2038482,44.9165,130.5171,river
uc-2036713,41.2647,125.3667,
uc-1797543,28.8412,112.3551,lake
uc-2036753,46.2362,130.5464,
uc-1810677,28.7422,106.7111,
uc-1786969,34.0667,117.8167,
uc-8417598,30.1842,106.3165,
uc-1800675,35.7069,117.9264,
uc-1280951,25.4274,98.6532,
uc-1790601,33.8541,113.4872,
uc-1816813,34.2667,117.6833,
uc-1796186,36.9656,118.8831,
uc-1803728,36.3578,120.1428,coast
uc-2037820,43.3067,128.5114,
uc-2033423,41.3975,119.6408,
uc-1807645,32.9589,117.1657,river
uc-1813892,33.6333,115.1833,
uc-1816406,34.8486,118.0447,
uc-1793747,34.3928,117.7556,
uc-2034226,42.0597,126.9158,
uc-1802880,34.3686,117.115,lake
uc-1815971,34.3405,118.1104,
uc-1811260,39.8266,118.1382,
uc-1804645,27.6658,120.5658,coast
uc-1792834,36.7958,119.7367,
uc-1803560,19.9087,109.6872,coast
uc-1795241,21.7667,109.3167,coast
uc-1811378,27.5457,116.2146,
uc-1798973,34.4667,117.9667,
uc-1797158,36.6386,120.2036,
uc-1815656,39.7065,119.1603,coast
uc-1785698,31.0625,113.7655,
uc-1787266,33.2219,107.5427,river
uc-2035325,46.6983,126.0921,
uc-7328899,28.2084,116.8172,
uc-1787646,39.3639,117.0603,river|steppe
uc-1784553,31.0075,119.9085,lake
uc-1802020,34.7167,116.7667,
uc-1817701,22.1132,107.2359,
uc-1809677,29.0993,104.3942,
uc-1818004,23.0128,104.4508,
uc-1799908,31.3533,106.0631,river
uc-1786145,29.2094,106.1443,river
uc-1789693,34.9161,118.6389,
uc-9123882,36.5454,118.711,
uc-1816256,38.0737,116.5667,steppe
uc-2038446,46.3245,132.1897,
uc-1549819,34.8056,116.6389,
uc-12324298,36.2818,119.5519,
uc-1549756,34.4809,116.8525,
uc-1815678,21.8333,109.4167,coast
uc-12358566,25.3123,100.2798,river
uc-2036338,44.8091,123.0811,steppe
uc-1798733,23.5418,110.3893,river
uc-1281368,29.9618,90.7188,steppe
uc-1813016,34.4555,113.0319,
uc-1785980,34.9289,116.4653,
uc-1794465,23.9837,115.8958,
uc-2034791,43.5226,125.6595,
uc-2035593,47.5134,122.8879,river
uc-1798632,36.2831,116.4453,river
uc-2038283,45.7427,127.4605,
uc-1797715,27.3808,112.0206,
uc-1806651,32.3547,116.2939,lake
uc-1811184,25.584,100.3118,
uc-1800101,22.8525,110.8233,
uc-1793139,35.2739,119.3703,coast
uc-1786587,32.6294,116.2701,river
uc-1790434,36.1644,119.4189,
uc-1798480,22.761,108.4836,river
uc-1788522,32.5288,112.3651,
uc-2036055,43.3073,124.3337,
uc-2038665,50.5667,123.7167,
uc-1790413,28.8547,120.7317,
uc-1806248,28.1938,115.7836,river
uc-2037611,44.0844,131.1184,
uc-1805563,37.9981,114.0156,steppe
uc-2033866,42.7372,124.7222,
uc-1800006,35.4878,119.3458,coast
uc-1786759,31.7047,112.2561,river
uc-1789546,29.7741,106.3688,
uc-1787144,34.6592,109.2292,steppe
uc-1792916,30.9866,103.9393,
uc-1788206,35.1628,112.865,river|steppe
uc-1786910,34.1833,118.0667,lake
uc-2035707,42.1167,118.7833,steppe
uc-1816924,31.5504,105.9938,river
uc-1802550,37.6518,120.3306,coast
uc-12324508,37.0273,118.6339,
uc-1813851,31.5605,118.4815,
uc-1811140,30.7197,108.0833,gorge
uc-1791161,36.45,118.4,
uc-1791347,29.6008,118.1749,river
uc-1785572,34.0615,108.6291,steppe
uc-1797038,33.0002,114.3459,lake
uc-1801455,30.4214,111.7533,gorge|river
uc-1793089,34.85,117.3333,
uc-1529239,44.326,85.6201,steppe
uc-1786382,26.6462,100.7807,
uc-12450879,36.9887,119.9222,
uc-1790848,30.7454,120.4851,
uc-1806327,25.4869,119.1983,coast
uc-7931312,34.4744,100.245,
uc-1799832,27.9233,118.5333,
uc-1817543,19.712,109.218,coast
uc-8516975,30.3367,109.1346,gorge
uc-1791428,35.7275,116.4961,
uc-2035758,47.1794,125.9028,
uc-12324248,36.2714,119.049,
uc-2037311,47.9204,123.5005,
uc-1808106,27.11,109.9956,river
uc-1806167,27.0415,118.319,
uc-1549691,34.3361,117.5667,
uc-1808181,34.9856,102.9094,
uc-1802640,34.9033,116.8067,
uc-1789945,26.1903,107.5125,river
uc-2035754,43.1025,128.9085,
uc-1793774,36.9539,118.1047,
uc-6963006,28.982,105.637,river
uc-1795029,36.1617,119.2631,
uc-2036519,45.256,131.1164,river
uc-1811114,27.8112,114.668,
uc-1814919,29.7806,104.8522,river
uc-1816868,31.9006,102.2209,
uc-1792692,31.0941,105.0873,
uc-1795470,36.1239,119.1028,
uc-1802811,34.19,105.1725,steppe
uc-1798082,26.7684,112.1081,
uc-2038185,41.4177,128.1962,river
uc-1783802,29.0184,105.8488,river
uc-1812754,35.0744,115.5658,
uc-1812168,28.7614,106.6611,
uc-1804892,35.3874,116.0717,
uc-1808981,35.4603,110.4292,steppe
uc-1930074,27.4056,111.9869,
uc-12324233,34.4962,116.9225,
uc-1529522,46.5258,83.6342,steppe
uc-1802408,28.7572,108.9641,
uc-1817952,29.4137,112.1643,
uc-1801243,34.3767,117.2506,lake
uc-1807308,30.8845,114.3779,lake
uc-2034995,45.7113,128.5803,
uc-2033449,43.2919,126.0094,
uc-1809483,33.6697,118.1889,
uc-1784253,33.7039,118.6792,lake
uc-2036237,46.9498,128.8685,
uc-2034651,47.2349,127.1077,
uc-1790451,28.6821,112.8786,
uc-12324512,37.065,118.8103,
uc-2038529,43.5833,127.5667,
uc-1799383,37.3842,121.6086,coast
uc-1549804,34.7611,116.8139,
uc-1805515,23.2281,110.8261,
uc-1816028,26.85,104.2333,
uc-1797915,28.437,104.5162,
uc-1813775,35.569,114.5159,steppe
uc-1786867,22.1975,109.9419,
uc-2035635,40.9241,122.8044,
uc-1806591,31.5343,119.49,lake
uc-12358569,26.7504,100.6589,
uc-1794126,36.3128,118.4119,
uc-1279553,26.1143,99.9527,
uc-8399042,31.0576,109.5909,gorge|river
uc-1810553,34.0175,119.1886,
uc-2037913,41.1653,121.3667,river
uc-1802426,30.2147,106.4574,
uc-1549660,34.2961,117.458,
uc-1789897,34.7553,113.0114,
uc-1797575,33.2531,119.9133,
uc-1810235,30.0359,107.1161,
uc-2038158,44.273,123.9756,
uc-1280759,25.4633,99.5283,
uc-1803365,30.4159,103.4609,
uc-1797972,29.8443,117.7194,
uc-1549362,33.9361,117.725,
uc-1818051,27.3194,110.1031,river
uc-2033667,48.287,129.5234,
uc-2034600,46.8614,124.442,
uc-1799352,28.2583,112.5605,
uc-1818165,34.3766,118.6031,
uc-2038421,46.0762,127.3937,
uc-1803793,36.0572,119.7833,
uc-1798778,30.6118,107.545,
uc-6825277,24.8188,103.3324,
uc-12277994,34.5529,117.333,lake
uc-2036734,43.5583,128.0239,
uc-2035836,49.6,117.4333,steppe
uc-1806900,28.5863,105.3666,
uc-1549696,34.3583,117.0528,
uc-1803940,34.5,116.75,
uc-2036106,41.5061,122.7242,
uc-1792052,33.9833,117.75,
uc-1799552,29.3638,112.4065,lake
uc-1785711,29.0818,105.6433,
uc-1811583,34.0864,117.4736,
uc-12358567,25.4254,100.2124,river
uc-1789699,25.4,100.8333,
uc-1800524,36.7536,119.6408,
uc-1803549,33.8164,118.1136,
uc-1280948,26.439,99.4406,
uc-8406649,28.4042,108.9044,
uc-1280945,26.538,99.9172,
uc-12324261,36.9122,119.5566,
uc-1795026,33.0408,108.2364,river
uc-1787297,34.8833,116.8833,
uc-1279485,24.1906,97.8019,
uc-12358568,26.0253,100.0677,
uc-1549810,34.7389,116.4556,
uc-1793102,33.8528,117.7703,
uc-1816560,38.1548,114.8069,steppe
uc-1785805,29.3494,110.5441,
uc-1549428,34.2035,118.3565,lake
uc-12324487,36.9459,118.5886,
uc-1912383,36.7017,120.3511,
uc-1813299,27.2637,100.8639,
uc-1798462,36.1319,119.7211,
uc-2047837,40.2939,118.2714,river
uc-1912420,36.8242,120.2261,
uc-12277245,34.2844,117.0752,
uc-1796506,35.5033,119.1717,
uc-12450873,37.2142,79.629,desert
uc-1549693,34.3615,117.4882,
uc-1817958,29.0595,120.4377,
uc-12279163,34.5385,116.6245,
uc-1784272,26.6167,101.2715,steppe
uc-1791638,34.5833,117.0667,lake
uc-1797505,34.6333,116.8,
uc-1279501,38.1887,77.2708,desert
uc-1802949,34.4342,117.2983,lake
uc-1279471,24.2667,98.2833,
uc-1796797,30.0817,106.5912,
uc-12450880,36.9011,119.8657,
uc-1799037,29.5003,105.3707,
uc-1549538,34.5215,118.1184,
uc-1898013,33.7983,117.8664,
uc-8549394,28.5965,106.6675,
uc-1794478,29.2476,107.2844,
uc-1809646,36.2633,119.1939,
uc-1795993,34.2047,117.5956,
uc-13527051,29.8931,91.2617,steppe
uc-1799362,32.834,106.2503,
uc-12450881,36.1381,119.9135,coast
uc-1799986,25.0449,100.5144,river
uc-1818086,28.7742,105.3649,river
uc-1784595,29.8993,107.4645,river
uc-1786249,28.9667,106.5333,
uc-1815758,34.7759,116.5834,
uc-1549747,34.5667,117.8278,
uc-1280797,29.8377,91.7289,glacier|steppe
uc-1794700,29.3207,105.5694,
uc-1914952,19.7087,109.4561,coast
uc-1805501,28.4005,116.8998,
uc-1810625,30.2902,107.462,
uc-1809023,29.7861,118.177,
uc-1809250,34.1139,117.8828,
uc-12277244,34.1861,117.9878,
uc-12324552,38.1614,106.585,desert
uc-1790615,29.21,106.3001,
uc-1810473,34.3167,118.5167,
uc-1814646,29.3831,106.0148,
uc-1549500,34.3889,118.05,
uc-8416624,30.0834,107.1722,
uc-1814001,29.7298,106.2177,
uc-1798290,22.9,100.2,
uc-1791663,34.0333,117.95,
uc-1792105,36.55,118.3833,
uc-1805873,29.2495,106.7766,
uc-8421327,29.4136,106.2701,
uc-1281426,30.478,91.1055,glacier
uc-1817193,30.094,105.713,
uc-1785891,30.9113,108.1593,gorge
uc-1814693,36.6253,119.7133,
uc-8668394,36.5436,119.8133,
uc-1794348,34.8418,116.5572,
uc-10378130,29.2492,115.8095,lake
uc-1549771,34.5778,116.8139,
uc-1549635,34.1944,117.0833,
uc-8400146,31.0,108.3046,gorge
uc-1804730,29.1441,104.6747,
uc-1798403,36.2814,100.6131,steppe
uc-1538377,43.8744,81.6206,steppe
uc-8549414,28.9439,106.8819,
uc-1904094,29.488,105.8676,
uc-1280623,24.4533,98.5704,
uc-1816412,34.4233,117.6454,
uc-1817330,29.5508,107.4869,river
uc-1795299,28.9244,106.7561,
uc-1815345,34.4753,117.7512,
uc-1794725,34.0353,117.5781,
uc-1281157,25.3417,98.483,
uc-1798763,32.3847,109.3456,
uc-1549554,34.6,118.05,
uc-1813868,21.65,109.1167,coast
uc-1793463,30.0165,105.7973,
uc-12358514,24.616,97.8822,
uc-1808588,22.5385,104.0111,
uc-1787292,34.2639,105.4639,steppe
uc-1280023,23.0519,99.8284,
uc-1549510,34.4083,118.1222,
uc-1797514,21.575,108.479,coast
uc-1809178,36.7341,120.2256,
uc-1805117,36.1961,118.465,
uc-12277243,34.1428,118.3353,lake
uc-1786150,29.4313,105.7376,
uc-12489669,29.9976,106.3902,
uc-1816535,38.6208,115.3964,steppe
uc-6921777,28.4521,104.3449,
uc-1810509,30.0204,107.86,river
uc-1816162,28.9089,106.3404,
uc-1797126,36.9508,120.3831,
uc-8992614,37.5417,80.1174,desert|river
uc-12489815,28.5408,106.6807,
uc-1805661,29.8955,106.5639,
uc-1804976,28.9241,104.2615,river
uc-1784388,31.1766,108.1316,gorge
uc-12450864,37.296,79.6358,desert
uc-1784527,35.9167,119.2167,
uc-6913329,28.3077,105.0522,
uc-1807452,34.4333,116.9833,
uc-1784697,34.4372,117.0389,
uc-1806282,21.6,108.15,coast
uc-1792301,34.2208,117.8369,
uc-1809962,30.9559,109.847,gorge
uc-1798537,32.0373,105.4669,
uc-1280425,29.1667,89.25,steppe
uc-2036266,50.2236,120.1709,
uc-1549741,34.5139,117.8528,
uc-1280186,25.2167,98.6,
uc-1809876,25.1686,101.7486,
uc-7517321,34.6646,104.6978,
uc-1801355,37.0748,120.4625,
uc-2037393,47.576,130.8131,
uc-1792760,31.04,108.1336,gorge
uc-1798636,37.2025,112.1781,steppe
uc-1279681,29.3554,90.7321,river|steppe
uc-1786620,19.0383,109.84,mountain
uc-1897997,34.5744,117.0953,lake
uc-1803353,29.667,107.1923,river
uc-1795320,34.2,118.4833,
uc-1800217,21.6667,107.8667,coast
uc-1817676,29.0942,104.6085,
uc-1809159,39.7408,118.4507,
uc-1788984,30.6572,109.446,gorge
uc-1804593,29.266,105.778,
uc-1815193,30.2092,107.2589,
uc-1787879,28.1008,104.5606,
uc-1792289,30.7129,109.1556,gorge
uc-8400147,30.9619,108.2433,gorge
uc-8400057,31.2635,108.4637,gorge
uc-12450862,37.4842,79.5956,desert
uc-1817932,34.8808,105.2764,steppe
uc-1801885,28.8056,104.8991,river
uc-1794254,34.6262,117.9714,
uc-1914932,19.8075,109.3454,coast
uc-1794948,21.75,109.2,coast
uc-1785685,30.1389,107.2049,
uc-1818082,29.3594,105.4674,
uc-12358542,25.4931,98.5415,
uc-1799749,37.0201,120.3373,
uc-1810725,34.3174,118.2072,
uc-1942226,31.0813,108.4116,gorge
uc-8417530,30.1842,106.5558,
uc-1904136,29.3145,105.9926,
uc-1796771,28.9447,106.7106,
uc-12358570,26.4617,100.6786,
uc-1816942,29.4387,108.3132,
uc-1803698,33.7667,117.7833,
uc-1795443,29.7658,106.8228,
uc-1806788,33.7683,106.0808,steppe
uc-1791439,31.3591,108.5222,gorge
uc-1783771,31.3022,109.2581,gorge
uc-6958004,52.9906,123.2352,
uc-12358540,24.9319,98.6701,
uc-12420920,38.4596,77.479,desert
uc-12324249,36.3346,119.2581,
uc-7373600,33.9518,105.2925,
uc-1817137,34.1887,117.9126,
uc-1797161,29.5074,105.4783,
uc-1810101,31.127,109.1972,gorge
uc-1817589,28.736,106.4604,
uc-1806516,32.2091,106.2149,
uc-1808249,37.0184,120.5737,
uc-12450949,29.1002,106.3954,
uc-8561889,38.3834,114.5405,steppe
uc-1785345,34.175,117.7629,
uc-12324438,36.6386,118.2314,
uc-12495683,29.2445,105.88,
uc-1904174,29.137,105.8699,
uc-2037416,44.4833,126.5,
uc-1802441,35.0319,106.0806,steppe
uc-8416622,29.9054,107.2379,
uc-1907975,34.8114,105.4344,
uc-9988213,25.0557,98.3999,
uc-1279575,26.45,99.15,river
uc-8416247,29.7373,107.2192,river
uc-1810266,31.9486,108.6607,
uc-1808861,34.0108,105.2919,steppe
uc-1529420,43.9749,81.5356,steppe
uc-7517266,34.6276,104.8406,
uc-12358747,34.9728,105.5584,steppe
uc-1816316,29.9289,117.9464,
uc-8400058,31.333,108.3582,gorge
uc-1801859,29.7223,106.9321,river
uc-1797962,26.3094,100.6251,
uc-1281278,38.7092,77.3706,desert|river
uc-1800334,29.5733,106.8393,river
uc-8416628,29.9006,107.0229,
uc-8421919,29.2583,106.3586,river
uc-1904187,29.1511,105.784,
uc-1808820,37.3757,101.622,
uc-1802407,29.4463,107.1022,
uc-1802296,29.702,106.7911,
uc-1814545,31.2686,109.8021,gorge
uc-1791596,30.0398,106.147,
uc-1942265,30.2376,106.127,
uc-12358511,22.7152,99.8071,
uc-8406223,29.8396,107.9851,
uc-1795140,29.1004,106.033,river
uc-1904050,29.7425,106.4751,river
uc-8416625,30.0175,107.1804,
uc-8399040,31.1128,109.4296,gorge
uc-1783682,32.5192,108.5323,river
uc-1796755,29.0503,106.7364,
uc-1801098,34.5167,117.0667,lake
uc-1804550,32.3003,108.8931,mountain
uc-12450867,37.3174,79.7053,desert
uc-1549754,34.4528,116.9,
uc-1786408,34.1565,117.5937,
uc-1816824,30.8164,108.611,gorge
uc-1800557,30.8687,109.6461,gorge
uc-12420928,38.809,77.4486,desert|river
uc-10137154,26.2283,100.56,river|steppe
uc-1809034,19.5056,108.9505,coast
uc-1809193,30.3303,105.8721,
uc-12420934,38.5452,77.2573,desert
uc-1791188,29.6348,105.3911,
uc-7348380,35.0149,105.8988,steppe
uc-7348465,35.0616,105.7911,steppe
uc-1788725,29.6553,107.0499,
uc-1784750,24.9667,105.8167,
uc-1783793,29.5361,105.6668,
uc-12324245,36.4497,118.7602,
uc-12450871,37.4119,79.5143,desert
uc-12324259,36.2473,118.8383,
uc-1794682,30.2175,105.7452,
uc-8417104,29.8191,106.5571,
uc-1800982,28.8933,108.9511,
uc-1795544,29.9892,107.6152,
uc-8417531,30.0233,106.4296,
uc-1816904,18.6403,109.6994,
uc-1797100,29.4359,105.4487,
uc-8405717,30.6359,107.5963,gorge
uc-1799845,29.0864,106.9872,
uc-12358564,24.8591,98.6678,
uc-1809338,28.85,106.6014,
uc-8400138,31.1944,108.2509,gorge
uc-1784157,30.4191,107.5385,
uc-1808783,33.9362,105.2163,
uc-1786242,28.9897,106.1761,
uc-1795880,34.1333,118.4333,
uc-1914158,32.29,105.5133,
uc-1800966,29.5925,107.3134,
uc-1346630,37.1497,79.6583,desert
uc-8398677,31.222,109.7107,gorge
uc-1281369,29.6733,91.3453,steppe
uc-1797106,26.55,101.25,
uc-1549750,34.6694,117.0083,lake
uc-1814161,31.5096,108.4458,gorge
uc-1907959,34.9728,105.6303,steppe
uc-12358571,26.6212,100.5543,
uc-8405722,30.5296,107.481,
uc-8399041,31.1372,109.5221,gorge
uc-1802563,30.6109,108.6352,gorge
uc-8550486,36.4293,94.8246,desert
uc-1813875,34.0446,104.3946,steppe
uc-1811374,29.4269,105.6751,
uc-1907961,34.8476,105.3704,
uc-12324247,36.32,118.8554,
uc-1793142,35.8001,119.534,
uc-1885400,19.7428,109.3449,coast
uc-1914248,29.2472,106.5942,
uc-12420984,38.3618,77.1297,desert
uc-1805093,29.862,106.2029,
uc-8400056,31.2953,108.481,gorge
uc-1791406,32.9471,104.6814,steppe
uc-1789101,31.4049,109.2346,gorge
uc-1794067,31.7569,110.6725,
uc-12252444,21.7066,109.475,coast
uc-1784475,29.765,105.6664,
uc-1279590,38.9258,76.1714,desert
uc-8395541,29.0379,100.2974,tundra
uc-1785616,29.5328,108.425,
uc-10188281,38.2125,106.225,desert|river
uc-1795833,30.4746,107.4359,
uc-1798684,29.8459,105.8778,
uc-1796449,21.6667,109.0333,coast
uc-1790744,36.6931,120.4347,
uc-1792636,29.8565,106.8448,
uc-1942274,29.0814,106.8164,
uc-8406218,29.9555,107.8165,river
uc-8549392,28.68,106.7565,
uc-11895138,43.0148,92.8828,desert
uc-1785827,30.8115,107.9538,gorge
uc-1914280,30.0004,106.952,
uc-8417601,30.3318,106.0736,
uc-1800716,21.4623,101.5637,
uc-1806912,29.7155,106.1109,
uc-8562558,36.8545,81.6642,desert
uc-1280031,26.9195,98.9516,tundra
uc-1815856,34.5333,117.8833,
uc-1908015,34.9372,105.6467,steppe
uc-12358515,24.6612,97.8526,
uc-1280517,31.4768,92.0573,
uc-2037330,48.3635,134.2984,river
uc-1280402,29.4374,90.1485,steppe
uc-12358445,35.4493,119.2361,
uc-7373480,33.841,105.2312,
uc-1280267,38.3722,76.9903,desert
uc-12440486,38.4889,77.2014,desert
uc-1818062,33.5053,105.0478,steppe
uc-13561750,44.6984,84.8336,desert
uc-1794227,39.2756,122.6,coast
uc-12358510,22.5782,100.2692,
uc-1792557,30.0005,106.1304,
uc-1942254,30.1467,107.3196,
uc-1795751,30.5228,107.642,gorge
uc-1800854,28.2636,109.0268,
uc-8399043,31.0902,109.624,gorge
uc-1815413,32.6446,105.885,river
uc-8405701,30.0966,107.4244,
uc-10741023,35.0305,106.063,steppe
uc-1789133,25.2814,101.5583,
uc-1794650,29.9597,107.2036,
uc-1904163,29.257,106.0629,
uc-12450883,29.4561,106.8578,
uc-8406204,30.053,107.7943,
uc-1907994,34.1539,105.1297,steppe
uc-1346629,37.0769,79.7317,desert
uc-1791875,29.6824,105.9355,
uc-1792818,29.2772,106.6425,
uc-12358444,35.5234,119.5101,coast
uc-8417604,30.1919,106.0588,
uc-1280124,25.5317,98.4086,
uc-1796642,29.6416,105.6216,
uc-1797755,37.4667,101.4333,
uc-8418559,29.6544,105.7842,
uc-8400150,31.0843,108.0866,gorge
uc-12324260,36.1488,118.9514,
uc-7516804,34.2313,104.223,
uc-8403881,30.6396,108.237,gorge
uc-8405692,30.3976,107.3895,
uc-12277237,25.7543,100.1235,
uc-1281015,25.3236,98.278,
uc-1804687,38.0725,114.0461,steppe
uc-1784669,29.4574,106.1293,
uc-1914915,19.6419,109.3545,coast
uc-1814921,30.1556,105.6122,
uc-8405732,30.8437,107.7241,gorge
uc-12324555,38.1858,106.12,desert
uc-7340457,33.3431,105.0105,steppe
uc-8403872,30.5156,108.5595,gorge
uc-1904071,29.5662,105.5434,
uc-8416620,29.9194,107.3404,
uc-1907965,34.8975,105.1864,steppe
uc-1796799,29.9621,105.8868,
uc-1907977,34.1664,105.5411,
uc-12358541,25.2114,98.484,
uc-12450722,37.1692,79.6898,desert
uc-1805967,29.1157,106.4469,
uc-1803979,33.4318,104.8091,steppe
uc-1794203,34.6222,105.0128,
uc-1790059,30.1227,106.5344,
uc-1908018,34.9381,105.8775,
uc-12450717,37.0657,79.8,desert
uc-7373656,33.9993,105.1999,
uc-12358543,24.7031,98.5701,
uc-12440484,38.3407,77.4691,desert
uc-1783626,33.3308,105.6047,
uc-1281003,38.2554,90.8679,desert|lake
uc-8992603,37.7588,80.2165,desert
uc-8399478,31.1906,109.2369,gorge
uc-7348537,35.1024,105.5656,steppe
uc-1811786,29.15,106.5328,
uc-1794461,25.9128,109.3136,
uc-8418584,29.4854,105.7629,
uc-1814430,26.7119,107.8114,
uc-8416236,29.8554,107.5279,river
uc-8405694,30.3531,107.5129,
uc-7517497,34.7877,104.7753,river
uc-12450865,37.3545,79.721,desert
uc-1784199,30.2949,108.0337,gorge|river
uc-1783782,29.0642,105.9449,river
uc-9884161,43.8504,81.7831,steppe
uc-8400137,31.1573,108.0826,gorge
uc-1796841,29.2784,108.3982,
uc-1794949,29.7161,107.1356,river
uc-1942248,30.5696,108.4375,gorge
uc-8399050,30.8541,109.3765,gorge
uc-7372475,33.0677,105.2648,
uc-1806657,29.3942,107.8725,
uc-1803395,29.2452,105.9566,
uc-1787019,34.5056,117.7022,
uc-1796209,31.3205,109.4842,gorge
uc-1817553,29.3955,107.5394,river
uc-1817862,38.1806,100.2403,
uc-1788272,30.4079,108.2173,gorge|river
uc-1789787,26.5167,107.7833,river
uc-1538378,44.0075,81.4247,steppe
uc-12489793,28.8338,106.7554,
uc-12420917,38.6084,77.3964,desert|river
uc-1815494,38.6747,106.3297,desert
uc-1801740,26.65,107.7833,
uc-1802686,35.001,105.9734,steppe
uc-1795179,30.2613,106.5759,
uc-1929434,26.4672,111.9681,river
uc-1809963,30.081,106.429,
uc-1280003,32.5012,80.0976,desert|river
uc-1797213,26.4167,101.0167,
uc-1801862,31.2066,110.0868,gorge
uc-1802685,28.61,109.0492,
uc-12358539,24.9702,98.3937,
uc-1818002,30.9638,109.345,gorge|river
uc-1538371,43.7458,81.6569,steppe
uc-1795587,35.5047,119.2669,
uc-12324554,38.2487,105.9707,desert
uc-12450869,37.3449,79.7681,desert
uc-1791119,30.5059,108.2588,gorge|river
uc-1798886,26.0167,100.5833,
uc-1815878,30.2508,105.9085,
uc-12450725,37.1965,79.7057,desert
uc-8405731,30.8148,107.5418,gorge
uc-7373724,34.0516,105.3036,steppe
uc-8417596,30.1758,106.4862,
uc-1948720,28.5313,108.611,
uc-8399045,30.8892,109.176,gorge
uc-1793614,30.262,107.2929,
uc-1793725,30.066,105.8093,
uc-8416623,30.1717,107.2299,
uc-1810870,29.9082,105.7871,
uc-12324549,38.6464,106.4304,desert
uc-12358508,22.7112,99.9956,
uc-12358477,21.7148,109.1321,coast
uc-1810672,26.7156,109.7689,
uc-12358707,34.2049,105.3365,steppe
uc-1908009,34.8611,105.8375,
uc-1914265,29.7198,106.7234,
uc-8549410,28.8019,106.8059,
uc-1803564,29.891,107.2197,
uc-1784994,26.8589,100.914,
uc-7373672,34.0092,105.3402,
uc-1816851,29.8354,106.2927,
uc-12358572,26.7627,99.9918,
uc-1800089,19.4102,109.5502,
uc-1810822,33.8189,105.9536,steppe
uc-9019368,37.2987,79.8303,desert
uc-8400059,31.3688,108.2421,gorge
uc-12420915,38.582,77.4762,desert
uc-1538369,43.6411,81.87,river|steppe
uc-2033685,51.6667,124.4,
uc-1806020,29.7161,107.5976,
uc-8405248,30.3167,107.8825,gorge
uc-1791925,35.0571,105.4359,
uc-12324286,37.0425,119.4765,coast
uc-1800333,29.806,106.6444,
uc-1810107,34.9414,106.2964,
uc-1783557,34.6889,103.3524,
uc-1814712,29.9854,106.7398,
uc-1804618,35.2013,102.5212,
uc-1795164,29.6312,105.8307,
uc-1817038,29.513,105.9534,
uc-1904048,29.818,106.1593,
uc-8405727,30.7263,107.6573,gorge
uc-8054542,41.7703,109.9699,desert|steppe
uc-12358538,25.08,98.5775,
uc-7352509,34.1079,105.3158,steppe
uc-1800770,22.1994,100.4169,
uc-8416813,30.0196,106.8202,
uc-1786330,29.5719,106.0013,
uc-1942230,31.3301,109.4399,gorge
uc-1799084,26.7269,108.0636,river
uc-1791760,30.0401,106.9716,
uc-12489814,28.865,106.8381,
uc-1908001,34.8339,105.7617,steppe
uc-1784452,26.1375,109.22,
uc-6310890,31.1361,109.3643,gorge
uc-1529279,43.8355,81.1476,steppe
uc-1786232,34.2078,105.3289,steppe
uc-12358745,34.8121,105.1715,river
uc-12359299,35.0662,106.0332,steppe
uc-1529452,46.5187,86.0021,desert
uc-1784074,31.1179,120.8443,
uc-1783956,33.7842,104.3628,steppe
uc-8405695,30.4724,107.6033,
uc-1788720,30.9034,109.4668,gorge
uc-11916190,36.8853,81.523,desert
uc-1914274,29.8903,106.8973,
uc-12359284,34.9898,106.0721,
uc-12358504,22.9042,99.8029,
uc-1811327,29.3931,108.7846,
uc-8399036,31.2109,109.3215,gorge
uc-1904091,29.5136,106.0606,
uc-1808075,29.352,105.7268,
uc-1789198,29.96,107.1041,
uc-1795776,33.6274,104.5637,steppe
uc-1797172,30.6609,107.679,gorge
uc-12358473,26.2532,108.6578,
uc-1816929,29.7642,107.6783,
uc-1280921,27.3061,99.6491,river
uc-8403877,30.5662,108.1693,gorge
uc-1807916,26.1258,109.4089,
uc-12277236,25.7098,100.2606,
uc-1798134,33.1076,104.8117,steppe
uc-12450886,29.7785,106.2851,
uc-1797804,29.977,106.5206,
uc-12489819,28.8963,106.6684,
uc-8405691,30.3973,107.4695,
uc-1814612,29.9866,107.7392,
uc-12358573,27.1676,100.9201,
uc-1280006,26.8685,99.9563,river
uc-1818042,29.9907,106.0319,
uc-1904188,29.159,105.747,
uc-1786291,27.8333,100.6667,
uc-1806316,29.2396,107.8788,river
uc-12277238,25.7892,100.1228,
uc-8405699,30.2197,107.4079,
uc-1793674,30.1604,105.934,
uc-8400052,31.415,108.4697,gorge
uc-1814385,29.255,106.9769,
uc-1789181,34.6743,103.5868,
uc-12450950,28.8554,106.336,
uc-1790938,38.1833,106.2833,desert|river
uc-12489685,29.1685,107.0064,
uc-1942269,28.5249,108.8804,
uc-1914250,29.2822,106.8981,
uc-1529594,47.3525,87.8205,river|steppe
uc-1783701,31.4128,108.3147,gorge
uc-1783858,29.3031,108.7702,
uc-8417603,30.2682,106.0228,
uc-1788974,29.8893,106.7062,
uc-1810963,30.6542,107.9683,gorge
uc-1529574,47.7028,86.8637,river|steppe
uc-12358574,26.5793,101.3632,steppe
uc-12358575,27.4298,100.797,
uc-2034325,52.9,122.7667,
uc-1795811,30.053,107.5941,
uc-12440503,43.7977,81.5243,river|steppe
uc-1904172,29.1821,105.8344,
uc-8400149,30.9372,107.9466,gorge
uc-12450721,37.5849,80.184,desert|river
uc-12420932,38.5501,77.2083,desert
uc-1908010,34.0382,105.3442,
uc-8405728,30.6849,107.6315,gorge
uc-1346645,36.8864,81.5097,desert
uc-1529504,46.9919,89.5212,river|steppe
uc-7516812,34.2484,104.3195,
uc-1784207,33.1913,104.4201,
uc-1787786,29.4548,107.3737,
uc-12450711,43.7195,81.864,steppe
uc-8400054,31.3564,108.6705,gorge
uc-8403868,30.7955,108.6592,gorge
uc-1812760,28.7755,108.5465,
uc-1281622,36.7,81.5,desert
uc-8398265,30.9423,110.0059,gorge
uc-8417600,30.176,106.1717,river
uc-8406221,30.0448,107.9149,river
uc-1792232,33.2064,105.0497,steppe
uc-1802501,30.7982,107.6871,gorge
uc-8417532,30.069,106.5029,
uc-10315178,29.8926,106.6265,
uc-1808541,30.5812,107.6806,gorge
uc-1538370,43.6817,81.7889,steppe
uc-1806300,33.9014,105.8219,
uc-8407510,28.7817,108.6826,
uc-8419799,29.9846,105.9842,
uc-8405703,30.017,107.3258,
uc-1806079,33.5655,104.6464,steppe
uc-8405696,30.2205,107.504,
uc-1904072,29.6217,105.6927,
uc-9903980,22.3216,100.8879,
uc-8398672,31.132,110.094,gorge
uc-1907996,34.0625,105.2221,
uc-1280249,38.1339,85.5299,desert
uc-12450916,28.9916,106.3484,
uc-1280625,38.3855,90.1555,desert
uc-8549445,29.6929,106.944,river
uc-1813520,29.5701,107.0454,
uc-1280873,37.9781,76.8672,desert|river
uc-8406200,30.2235,107.7057,
uc-8416814,29.8389,106.7426,
uc-12450712,43.756,81.8606,steppe
uc-8416210,29.4612,107.197,
uc-1816838,31.1949,109.8805,gorge
uc-8405713,30.635,107.8502,gorge
uc-8407595,29.152,108.7429,
uc-8398266,30.9341,109.7311,gorge
uc-1280822,36.819,81.6333,desert
uc-8405715,30.542,107.5752,
uc-12358509,22.22,99.6996,
uc-1907990,34.8047,105.5778,
uc-1905431,26.7203,108.1297,
uc-7373739,34.0641,105.3651,
uc-8418774,29.4868,105.5886,
uc-8403846,30.857,108.0059,gorge
uc-1906074,26.0908,108.7653,
uc-1908004,34.6519,105.0535,
uc-12382532,37.3522,101.7393,
uc-1908016,34.2899,105.2722,steppe
uc-1280361,36.8333,81.9333,desert
uc-8406677,28.5713,109.2884,
uc-8408661,29.1963,108.2705,river
uc-1808176,28.5023,109.2666,
uc-7517492,34.7608,104.6767,
uc-1802541,33.9428,105.0674,steppe
uc-1798408,29.6329,108.3282,
uc-7326405,33.9662,104.9144,
uc-1280691,37.0789,80.1818,desert
uc-1905846,26.5308,107.6314,
uc-8406198,30.0608,107.7017,
uc-8405721,30.7707,107.4571,gorge
uc-1790296,33.6806,105.5616,
uc-7329905,33.8697,104.8522,steppe
uc-1904121,29.3357,106.1452,
uc-1812630,37.368,101.8357,
uc-1346644,36.7554,81.6077,desert
uc-12450713,36.813,81.6669,desert
uc-1908000,34.885,105.5417,steppe
uc-8403867,30.7392,108.5998,gorge
uc-1783666,34.0007,102.0713,river
uc-1786209,28.9635,109.1415,
uc-1804996,34.5897,103.5042,
uc-12489817,29.0213,106.8201,
uc-1787503,39.4806,111.693,steppe
uc-12450714,36.8548,81.6355,desert
uc-12420927,38.8574,77.5047,desert|river
uc-1799117,19.6398,109.1586,coast
uc-1802870,29.9621,106.61,
uc-1914240,29.1168,106.5101,
uc-9939651,24.7113,98.6532,
uc-8400053,31.4342,108.2446,gorge
uc-10188419,38.7332,106.2872,desert
uc-8400143,31.2051,108.5063,gorge
uc-11890268,37.8664,76.6958,desert|river
uc-8408551,30.0365,108.1821,
uc-1806155,31.434,108.8953,gorge
uc-1811737,19.8572,109.2627,coast
uc-12358505,22.2614,100.0829,
uc-8417602,30.3626,105.9921,
uc-1810085,28.9077,108.3486,river
uc-1914276,29.9253,106.4907,
uc-12324548,38.0166,114.1533,steppe
uc-1791300,30.2099,107.3413,
uc-1808652,29.0555,108.7964,
uc-8409070,29.5309,108.2113,
uc-1791762,26.7353,107.9872,river
uc-8405736,30.7448,107.8198,gorge
uc-8397876,31.3929,109.3092,gorge
uc-1914235,29.0303,106.9703,
uc-8406205,29.9057,107.6385,
uc-12420919,38.4891,77.5402,desert
uc-1802665,25.8072,109.2125,
uc-2037927,41.9653,101.0639,desert
uc-1790497,30.655,108.193,gorge
uc-1784089,26.4833,107.9167,
uc-1811746,39.2107,101.669,desert
uc-8398673,31.1214,109.9691,gorge
uc-1817310,30.5972,108.8114,gorge
uc-1794686,25.9667,108.9242,
uc-9924467,23.1232,100.0001,
uc-1802802,34.9122,105.0806,
uc-1906095,25.9108,109.1764,
uc-10189869,38.3214,106.368,desert|river
uc-7373329,33.7347,105.3882,steppe
uc-8406675,28.2967,108.9584,
uc-1806368,29.3931,106.8192,
uc-1280763,36.8933,79.6214,desert
uc-1785577,30.3239,105.7774,
uc-1914256,29.4658,106.7708,
uc-2037485,43.6475,111.9767,desert
uc-12420930,38.6228,77.2795,desert
uc-12492805,30.0896,105.8567,
uc-8417533,30.2884,106.4703,
uc-12358565,24.7525,98.483,
uc-8398676,31.3022,109.6355,gorge
uc-1904076,29.6443,106.0696,
uc-12358632,33.6553,105.6579,
uc-7338243,33.5347,104.8142,steppe
uc-1816369,32.7458,105.2414,
uc-1785688,34.7606,105.7925,steppe
uc-1817925,29.5274,107.2007,
uc-12358507,22.991,99.6345,
uc-7326411,34.0351,105.0329,steppe
uc-1907966,34.9589,105.3361,
uc-7338250,33.5964,104.8462,
uc-7517557,34.8256,104.752,river
uc-8418560,29.6148,105.8946,
uc-1921495,39.2358,122.7236,coast
uc-7342980,34.0636,103.2136,
uc-1813591,23.0024,100.1149,
uc-8404735,30.4064,108.3502,gorge
uc-12420918,38.6588,77.4664,desert|river
uc-8409075,29.6981,108.4353,
uc-1904026,29.9567,105.7509,
uc-1904058,29.6895,105.501,
uc-13535802,40.2914,97.0454,desert
uc-1817306,34.8511,106.0017,
uc-1791214,21.7667,109.0333,coast
uc-8416213,29.5107,106.9858,
uc-1810552,29.3956,108.0658,river
uc-8397878,31.3194,109.5547,gorge
uc-8399052,30.8348,109.505,gorge
uc-12358503,22.3342,100.1731,
uc-1813315,30.0729,108.1103,
uc-8400139,31.1523,108.3167,gorge
uc-12440504,43.9303,81.6932,steppe
uc-7372977,33.51,105.1812,
uc-12358502,22.4405,99.8001,
uc-8403605,30.8259,108.0287,gorge
uc-8399049,30.7798,109.2564,gorge
uc-1815797,29.3347,107.475,
uc-1793274,31.4557,108.4986,gorge
uc-1529529,46.5119,88.5339,steppe
uc-8407506,28.6328,108.5002,river
uc-1904046,29.7385,105.9794,
uc-1795330,29.5718,108.6102,
uc-1538338,47.8781,86.9895,steppe
uc-10429089,34.6057,105.115,
uc-3688689,4.6097,-74.0817,
uc-3674962,6.245,-75.5715,
uc-3687925,3.4305,-76.5199,
uc-3689147,10.9685,-74.7813,coast|river
uc-3687238,10.3982,-75.4933,coast
uc-3685533,7.9074,-72.5049,
uc-3688465,7.125,-73.1189,
uc-3680656,4.4357,-75.2029,
uc-3672486,4.8143,-75.6949,
uc-3668605,11.2386,-74.1943,coast
uc-3674453,8.7508,-75.8782,
uc-3675443,5.0668,-75.5068,glacier
uc-3666304,10.4654,-73.2531,
uc-3689560,4.5366,-75.6726,
uc-3688452,3.5833,-77.0,coast
uc-3672778,1.2146,-77.2785,mountain
uc-3673899,2.93,-75.2797,river
uc-3665900,4.1324,-73.6256,
uc-3671916,2.4382,-76.6132,river
uc-3667983,9.3045,-75.3905,
uc-3673164,3.5394,-76.3036,
uc-3682385,7.0622,-73.0864,
uc-3688451,3.8801,-77.0312,coast
uc-3666645,4.0847,-76.1954,
uc-3685095,4.8392,-75.6673,
uc-3689169,7.0653,-73.8547,river
uc-3670745,11.5444,-72.9072,coast
uc-3666608,5.5448,-73.3576,
uc-3665688,5.3357,-72.3939,
uc-3682426,1.6155,-75.6041,
uc-3675657,11.3784,-72.2395,
uc-3672328,6.9879,-73.0495,
uc-3686675,4.8588,-74.0587,
uc-3682516,4.8137,-74.3545,
uc-3682028,4.3008,-74.8075,river
uc-3672110,1.8537,-76.0507,
uc-3675707,4.7325,-74.2642,
uc-3687230,4.7464,-75.9117,
uc-3665542,5.0221,-74.0048,
uc-3671116,5.6919,-76.6583,river
uc-3670730,6.1551,-75.3737,
uc-3674292,4.7059,-74.2302,
uc-3675692,9.242,-74.7547,river
uc-3686279,11.007,-74.2476,coast
uc-3682281,4.7164,-74.212,
uc-3688256,3.9009,-76.2978,river
uc-3667873,5.7143,-72.9339,
uc-3682274,4.3365,-74.3638,
uc-3670502,10.6307,-74.9221,
uc-3673662,8.2377,-73.356,
uc-3668572,3.0095,-76.4849,
uc-3690465,8.3084,-73.6166,
uc-3679277,5.4478,-74.6631,river
uc-3686922,8.8848,-75.7905,
uc-3680539,0.825,-77.6397,
uc-3685084,5.8245,-73.0341,
uc-3674470,7.9792,-75.4202,
uc-3689235,10.7941,-74.9164,coast
uc-3666640,1.7911,-78.7927,coast
uc-3689798,7.883,-76.6259,coast
uc-3686636,7.6664,-76.6811,
uc-3689718,7.0847,-70.7591,
uc-3687952,6.0911,-75.6357,
uc-3672068,8.4115,-75.5851,
uc-3681957,3.5463,-73.7069,
uc-3686561,4.9825,-75.6036,
uc-3669346,8.6597,-75.1281,
uc-3670419,8.9462,-75.4428,
uc-3682292,10.5207,-74.185,
uc-3670218,12.5786,-81.6997,coast
uc-3687025,7.9865,-75.1935,river
uc-3829343,0.6675,-76.873,
uc-3675263,6.1736,-75.3362,
uc-3674654,1.1528,-76.6521,
uc-3682573,4.1492,-74.8843,
uc-3689381,8.3137,-75.1398,
uc-3684917,9.0011,-73.9758,river
uc-3688006,4.9186,-74.028,
uc-3689205,6.4381,-75.3314,
uc-3673045,7.3757,-72.6479,
uc-3828545,2.568,-72.6397,river
uc-3792383,10.0367,-73.2356,
uc-3684945,7.6035,-74.8095,
uc-3671540,6.4916,-74.4033,river
uc-3686255,6.3142,-73.9497,
uc-3686540,9.1057,-75.3981,
uc-3666570,8.0926,-76.7282,coast
uc-3689570,10.2544,-75.3439,
uc-3687318,6.0824,-75.3351,
uc-3670293,1.3385,-77.5957,
uc-3792392,9.7903,-74.7824,river
uc-3676623,-4.2108,-69.9394,river
uc-3684666,9.7174,-75.1202,
uc-3682393,3.3223,-76.2348,
uc-3671315,3.2311,-76.4167,river
uc-3669808,6.5595,-73.1364,
uc-3686513,5.6164,-73.8175,
uc-3680387,3.2607,-76.535,
uc-3671772,3.4211,-76.2447,
uc-8633918,2.6392,-76.5306,
uc-3668132,4.2642,-75.9309,
uc-3674702,3.2528,-76.2292,
uc-3689759,10.5918,-74.1898,
uc-3681702,5.0669,-74.595,
uc-3676928,4.5328,-76.1032,river
uc-3690577,3.987,-73.758,
uc-3676397,9.2365,-75.8135,coast
uc-3688566,9.9711,-73.8882,
uc-3669469,10.7711,-73.0031,
uc-3666582,1.0865,-77.6186,
uc-3668175,7.0799,-74.6989,
uc-3676604,4.9218,-75.0623,glacier
uc-3684615,3.6855,-76.3137,
uc-3689162,10.9567,-72.7946,
uc-3668451,6.6474,-75.4603,
uc-3672761,2.069,-77.0527,
uc-3781636,4.8558,-73.9817,
uc-3672664,4.2975,-75.0967,
uc-3669188,10.0515,-75.2678,
uc-3673398,2.6464,-75.9727,
uc-3679554,6.0313,-75.4333,
uc-3682047,2.3868,-75.5474,river
uc-3671098,4.6231,-75.7628,
uc-3670513,10.7912,-74.7606,coast|river
uc-3685335,9.1999,-73.5427,
uc-3672653,5.8815,-71.8917,
uc-3670199,9.3741,-75.7589,coast
uc-3669454,9.9516,-75.082,
uc-3671091,5.3396,-75.7302,
uc-3685871,3.173,-76.2627,
uc-3671348,1.91,-75.1593,
uc-3667820,5.7106,-75.3107,
uc-3667918,10.7774,-74.7205,coast|river
uc-3675252,5.1989,-74.8929,
uc-3689833,5.3328,-75.7911,
uc-3672093,10.4617,-74.6162,
uc-3669218,9.7359,-75.5263,coast
uc-3688071,4.3324,-75.8267,
uc-3682374,10.8861,-72.8487,
uc-3665951,5.2833,-71.9667,
uc-3671287,7.3483,-73.896,river
uc-3674597,9.2419,-74.4267,river
uc-3667991,9.2439,-75.1467,
uc-3669087,8.2752,-76.3764,
uc-3681563,4.0308,-74.9701,
uc-3686585,9.2578,-73.8123,
uc-3667887,6.4684,-73.2602,
uc-3674676,1.2574,-70.2355,river
uc-3671549,0.5051,-76.4957,river
uc-3770718,2.7545,-76.6279,
uc-3671208,3.8587,-74.9313,river
uc-3682108,2.1959,-75.6278,
uc-3667478,6.4607,-71.7362,
uc-3665559,4.3946,-76.0715,
uc-3668332,10.7577,-74.7545,coast|river
uc-3684579,2.4808,-78.1097,coast
uc-3684452,10.1503,-73.9614,
uc-3680840,5.2086,-74.7358,river
uc-3670520,7.3915,-73.4957,
uc-3675826,10.6171,-75.1515,coast
uc-3670644,4.4126,-76.1546,river
uc-3666939,9.5239,-75.5814,coast
uc-3671531,5.976,-74.5852,river
uc-3673220,10.7406,-74.7544,coast|river
uc-3677010,4.4527,-75.7875,
uc-3686479,9.3624,-73.6031,
uc-3690250,11.161,-72.5924,
uc-3678405,5.2667,-73.9167,
uc-3667697,5.453,-75.6507,
uc-3689589,10.25,-74.0,
uc-3667158,8.1736,-76.0592,
uc-3671497,10.9878,-74.9547,coast
uc-3675668,10.2329,-75.1899,
uc-3674885,4.2047,-74.6407,
uc-3676720,4.8997,-75.8825,river
uc-3689952,4.3964,-75.445,
uc-3670874,10.4952,-75.1245,
uc-3681596,9.1433,-74.2238,river
uc-3680944,11.0694,-72.7669,
uc-3792389,1.9356,-76.2406,river
uc-3665566,7.4897,-74.8692,
uc-3673976,8.0942,-74.7757,river
uc-3685435,4.4455,-69.799,
uc-3687644,3.4067,-76.3482,
uc-3680434,7.1712,-75.764,
uc-3669736,9.8277,-75.1217,
uc-3669997,8.7958,-75.6995,
uc-3671936,10.643,-74.7539,river
uc-3675287,9.9832,-75.3016,
uc-3792376,5.8539,-76.0253,
uc-3672197,8.9192,-74.4677,river
uc-3689816,6.5569,-75.8281,river
uc-3667728,8.8114,-74.7208,
uc-3668087,4.4915,-74.2596,
uc-3670692,2.7772,-75.2564,
uc-3687758,10.3781,-74.8836,river
uc-3685295,7.0002,-76.2691,
uc-3687806,2.6849,-75.3231,
uc-3674010,3.6206,-75.0941,river
uc-3665741,6.9632,-75.4174,
uc-3669332,3.6964,-73.6996,
uc-3667355,5.0179,-72.7468,
uc-3667070,2.7717,-77.6654,coast
uc-3672077,3.197,-75.6451,
uc-3688989,5.2009,-75.8687,
uc-3678674,9.5623,-73.3341,
uc-3670280,9.1836,-75.3817,
uc-3671519,6.1904,-67.4839,river
uc-3674572,5.8764,-73.5728,
uc-3676923,5.9743,-75.3619,
uc-3690431,5.6116,-75.4562,
uc-3670849,6.0586,-75.5031,
uc-3665895,5.0089,-74.4723,
uc-3792375,7.7585,-76.6526,
uc-3666519,5.3093,-73.8157,
uc-3689026,9.7041,-73.2793,
uc-3670587,4.2392,-75.24,
uc-3792385,8.0018,-73.5114,
uc-3689206,5.9317,-73.6151,
uc-3682232,9.1609,-75.0481,
uc-3682313,6.7713,-76.1332,
uc-3671437,-0.1934,-74.7819,river
uc-3666936,9.4508,-75.4386,coast
uc-3669461,8.7592,-76.5297,coast
uc-3686793,3.7231,-75.4832,
uc-3688266,1.3836,-77.1562,
uc-3675605,6.699,-72.7323,
uc-3667773,2.9539,-76.6964,river
uc-3681797,3.7638,-76.3329,river
uc-3666232,6.0133,-73.6735,
uc-3683233,10.6113,-74.2682,
uc-3673404,5.1343,-75.14,
uc-3678097,2.3934,-75.8923,
uc-3675512,10.4459,-74.9587,
uc-3670764,3.5297,-75.6453,
uc-3670719,5.4216,-75.7032,
uc-3689292,2.0418,-77.2165,
uc-3666395,6.317,-76.1342,
uc-3680176,10.8293,-75.0335,coast
uc-3780602,5.9258,-75.6706,
uc-3770955,2.5142,-76.8494,
uc-3665934,10.6077,-72.979,
uc-3674412,8.2762,-73.868,
uc-3672086,4.9533,-77.366,coast
uc-3669947,10.3338,-73.1805,
uc-3689458,9.4983,-73.9759,
uc-3668472,10.4447,-75.3697,coast
uc-3686445,10.025,-74.6228,
uc-3670038,8.929,-75.0271,
uc-3689905,4.1706,-76.1664,river
uc-3670370,5.4073,-75.4875,
uc-3668302,6.2854,-75.3338,
uc-3792380,8.5567,-74.2635,
uc-3684276,1.6782,-75.2847,
uc-3668323,6.1383,-75.2642,
uc-3682330,5.1526,-75.0362,
uc-3684689,6.6974,-73.5112,
uc-3686272,8.8744,-75.6203,
uc-3670855,4.2583,-73.5614,
uc-3690592,5.7893,-75.4273,
uc-3665691,7.0062,-73.9097,river
uc-3673756,9.8017,-74.393,
uc-3671308,5.8726,-74.6405,river
uc-3676626,4.8624,-74.9098,
uc-3667579,5.266,-76.5649,
uc-3673379,8.9567,-73.6238,
uc-3673424,5.1328,-74.1598,
uc-3671418,4.0991,-72.9565,river
uc-3669440,1.5029,-77.2154,
uc-3675409,5.254,-75.154,
uc-3669929,10.3983,-75.1511,
uc-3689899,5.6561,-75.8788,
uc-3671325,8.3636,-72.4063,
uc-3674603,9.2377,-75.6749,coast
uc-3685724,9.0389,-75.7897,
uc-3667386,2.1125,-75.8242,river
uc-3686013,6.0464,-75.907,river
uc-3681733,2.0248,-75.7559,
uc-3670350,5.965,-75.9654,
uc-3685273,3.9314,-76.4848,
uc-3668655,10.3242,-74.9602,
uc-3690316,5.1728,-72.5471,
uc-3687634,10.4591,-74.8797,
uc-3675212,4.9372,-75.7378,
uc-3666997,4.9653,-73.913,
uc-3668012,7.9579,-73.9436,
uc-3688840,6.1128,-75.9838,
uc-3676934,1.6045,-77.1315,
uc-921772,-11.7022,43.2551,coast|mountain
uc-921753,-12.1667,44.3994,coast
uc-921889,-12.2876,43.7434,coast
uc-4035715,-21.2075,-159.7755,coast
uc-3621849,9.9339,-84.0849,
uc-3622247,9.9907,-83.036,coast
uc-3624955,10.0172,-84.2127,
uc-3623076,10.6352,-85.4378,
uc-3622547,9.8385,-83.8666,
uc-3622228,9.9769,-84.8379,coast
uc-3621889,9.3674,-83.6971,
uc-3621841,10.9519,-85.1357,
uc-3621184,9.9037,-83.6836,
uc-3621659,9.831,-84.2901,
uc-3622190,10.3266,-84.432,
uc-3624370,9.8637,-83.9195,
uc-3624288,9.9842,-84.7789,coast
uc-3621335,9.743,-84.2322,
uc-3624468,10.4311,-85.0982,
uc-3623580,10.2168,-83.7848,
uc-3621440,10.0975,-83.5066,
uc-3623781,9.992,-84.6663,coast
uc-3622716,10.1504,-85.4509,
uc-3186886,45.8144,15.978,river
uc-3190261,43.5089,16.4392,coast
uc-3191648,45.3267,14.4424,coast
uc-3193935,45.5507,18.6942,river
uc-3186952,44.1158,15.2251,coast
uc-3192224,44.8683,13.8481,coast
uc-3190586,45.1616,18.0163,river
uc-3345300,45.4917,15.55,
uc-3188383,46.3044,16.3378,river
uc-3190941,43.7343,15.8942,coast
uc-3188244,45.7125,16.0756,
uc-3187719,45.2883,18.8047,
uc-3190813,45.4661,16.3775,river
uc-3201047,42.6412,18.1091,coast
uc-3203982,45.8979,16.8507,
uc-3197728,46.1636,16.8297,
uc-3187047,45.3516,19.0023,river
uc-3186781,45.8564,15.8078,river
uc-3191316,45.8031,15.7181,
uc-3202220,45.3083,18.4106,
uc-3190589,45.3403,17.6853,
uc-3202888,46.3844,16.4339,
uc-3553478,23.133,-82.383,coast
uc-3536729,20.0229,-75.8217,coast
uc-3566067,21.3808,-77.9169,
uc-3556969,20.8872,-76.2631,
uc-3557689,20.1444,-75.2092,coast
uc-3537906,22.4071,-79.9658,
uc-3550598,20.9613,-76.9519,
uc-3567597,20.3737,-76.6427,
uc-3544091,22.4165,-83.6966,
uc-3564124,22.1468,-80.4481,coast
uc-3547398,23.0439,-81.5828,coast
uc-3564178,21.8422,-78.7603,
uc-3547867,20.3424,-77.1193,coast
uc-3540667,21.9343,-79.4398,
uc-3545064,20.2115,-75.9944,
uc-3565432,23.0363,-81.206,coast
uc-3546791,20.6578,-74.9507,coast
uc-3557347,22.7969,-82.5065,coast
uc-3543299,21.1959,-76.6035,coast
uc-3563504,20.2988,-76.245,
uc-3563559,22.5054,-83.5131,
uc-3557378,22.8384,-82.0267,coast
uc-3568312,22.8137,-82.7581,coast
uc-3539093,20.1881,-75.8503,
uc-3546434,22.1088,-78.6269,
uc-3563843,22.7211,-80.9037,
uc-3558771,21.5264,-78.2255,
uc-3541440,22.806,-80.0742,coast
uc-3534915,21.7996,-79.9835,coast
uc-3540680,22.7166,-83.0565,
uc-3543961,22.3138,-79.6538,
uc-3539560,22.9612,-82.1515,
uc-3556437,22.5263,-81.1286,
uc-3545841,21.5445,-77.2649,coast
uc-3567869,20.9613,-75.7231,coast
uc-3567669,20.1666,-76.944,mountain
uc-3563317,22.9821,-80.5853,coast
uc-3556268,21.1615,-76.4777,coast
uc-3556078,20.9098,-77.2845,
uc-3567834,20.348,-74.4971,coast
uc-3555907,22.8045,-81.1918,
uc-3567612,22.9821,-82.5476,coast
uc-3536640,22.5867,-80.2426,
uc-3566603,22.0784,-79.4963,
uc-3534749,20.5997,-76.1347,
uc-3542744,22.3727,-80.1505,
uc-3540885,22.889,-82.5059,coast
uc-3566429,20.7368,-76.3262,
uc-3533826,22.3269,-79.2369,coast
uc-3547976,22.1502,-79.9787,
uc-3569024,20.8288,-77.5786,coast
uc-3556168,20.3684,-76.4291,
uc-3564114,22.6493,-80.0494,
uc-3557923,21.0538,-77.3494,
uc-3566356,22.5199,-79.466,coast
uc-3562827,22.1525,-80.2035,
uc-3563609,21.876,-79.8401,coast
uc-3566054,22.4833,-79.75,
uc-3536724,22.97,-82.3869,coast
uc-3537840,20.7155,-77.9955,coast
uc-3546882,22.5869,-83.9457,coast
uc-3542455,22.4949,-79.5454,coast
uc-3548529,22.9098,-81.8566,
uc-3534761,22.7953,-81.5369,
uc-3534363,21.2589,-78.1493,
uc-3564084,22.0192,-78.7036,
uc-3547600,22.9898,-82.7542,coast
uc-3533753,20.2742,-76.9523,coast
uc-3551608,22.8737,-82.4199,
uc-3544171,19.9055,-77.3215,coast
uc-3548441,20.2467,-74.1518,coast
uc-3558315,21.1098,-76.1303,coast
uc-3534094,22.6189,-83.7069,coast
uc-3544607,22.7278,-81.2887,
uc-3562895,20.6486,-75.9297,coast
uc-3559416,22.6178,-79.8649,
uc-3542137,20.3667,-75.0167,
uc-3548993,22.5876,-83.2476,
uc-3549835,22.95,-81.4111,coast
uc-3557801,22.9261,-82.6869,coast
uc-3565951,20.2327,-77.2795,coast
uc-3563145,22.3428,-80.2708,
uc-3564394,22.1927,-78.9141,
uc-3544393,22.7689,-81.0185,
uc-3542167,20.5598,-76.9167,
uc-3569546,22.3852,-80.8479,
uc-3566134,22.5342,-80.9111,
uc-3545040,22.2422,-80.3916,coast
uc-3553343,22.4144,-80.2936,
uc-3754915,21.2419,-77.8257,
uc-3564885,20.5571,-76.4727,
uc-3546894,21.4876,-77.6094,
uc-3559318,21.8521,-78.1169,coast
uc-3545867,21.8876,-82.8066,coast
uc-3556351,23.044,-82.0092,coast
uc-3563856,20.9855,-77.4256,
uc-3534632,23.1568,-81.2444,coast
uc-3558744,22.1035,-79.7198,
uc-3567995,22.9033,-83.1599,coast
uc-3558792,22.1459,-78.9722,
uc-3556334,21.9433,-79.1675,
uc-3541999,22.3419,-80.5558,coast
uc-3545981,20.0459,-77.5804,coast
uc-3557332,20.2561,-76.5391,
uc-3537845,23.1536,-81.9226,coast
uc-3541446,20.5828,-75.2412,coast
uc-3567546,22.9283,-82.3888,
uc-3543498,21.9455,-78.4285,
uc-3551184,21.7717,-79.2678,
uc-3536259,21.2363,-77.5256,
uc-3547260,20.1421,-77.4359,coast
uc-3569741,22.2778,-80.5689,coast
uc-3534432,21.7379,-78.7933,coast
uc-3557758,22.204,-84.0885,coast
uc-3567823,21.6822,-78.6257,coast
uc-3513090,12.1225,-68.8864,coast
uc-146268,35.1728,33.354,coast
uc-146384,34.6841,33.0379,coast
uc-146400,34.9221,33.6279,coast|steppe
uc-146617,35.1249,33.9413,coast|steppe
uc-146214,34.7768,32.4245,coast
uc-146412,35.3363,33.3173,coast|steppe
uc-146286,35.1987,32.9934,coast
uc-146638,35.1627,33.8832,coast|steppe
uc-18918,35.0125,34.0583,coast|steppe
uc-3067696,50.088,14.4208,river
uc-3078610,49.1952,16.608,
uc-3068799,49.8347,18.282,river
uc-3068160,49.7475,13.3776,
uc-3071961,50.7671,15.0562,
uc-3069011,49.5955,17.2518,river
uc-3077916,48.9745,14.4743,river
uc-3074967,50.2092,15.8328,river
uc-3063548,50.6607,14.0323,river
uc-3068582,50.0408,15.7766,river
uc-3075921,49.7798,18.4369,
uc-3061370,49.2264,17.6706,
uc-3073699,50.1473,14.1029,
uc-3070291,50.503,13.6362,
uc-3068927,49.9387,17.9026,
uc-3076127,49.6833,18.35,
uc-3064288,50.6404,13.8245,
uc-3074199,49.3961,15.5912,
uc-3073789,49.854,18.5417,
uc-3077685,50.4605,13.4178,
uc-3077244,50.7822,14.2148,river
uc-3074603,50.7243,15.1711,
uc-3073803,50.2327,12.8712,
uc-3070544,50.4113,14.9032,
uc-3067421,49.4719,17.1118,
uc-3067580,49.4551,17.4509,
uc-3064000,49.6776,18.6708,
uc-3077929,50.6855,14.5376,
uc-3064379,49.4144,14.6578,
uc-3061344,48.8555,16.0488,
uc-3064104,49.2149,15.8817,
uc-3073371,50.0281,15.1998,river
uc-3077835,50.0796,12.3739,
uc-3067542,49.6899,14.0104,
uc-3063907,50.561,15.9127,mountain
uc-3068293,49.3088,14.1475,
uc-3064673,49.9653,16.9706,river
uc-3072649,49.2978,17.3931,river
uc-3063447,49.4718,17.9711,
uc-3069305,49.5944,18.0103,
uc-3078773,48.759,16.882,
uc-3077882,49.7461,18.6261,
uc-3062339,49.3387,17.9962,
uc-3063739,49.0697,17.4597,river
uc-3071677,50.5335,14.1318,river
uc-3075919,49.6069,15.5794,
uc-3077539,49.9511,15.7956,
uc-3075654,48.8489,17.1324,river
uc-3073254,49.5995,18.1448,
uc-3074149,49.144,15.003,
uc-3073660,49.3955,13.295,
uc-3072656,50.0897,17.7038,
uc-3071665,50.6042,13.6181,
uc-3065067,49.2614,13.9024,
uc-3065617,50.1813,12.6401,
uc-3072463,49.9484,15.2682,
uc-3079467,49.9638,14.072,
uc-3070122,50.4167,16.1629,
uc-3062283,49.2775,16.999,
uc-3061695,49.5626,15.9392,
uc-3078837,50.1871,14.6633,river
uc-3079273,49.363,16.6445,
uc-3074110,50.4998,13.4477,
uc-3070862,50.3505,14.4741,river
uc-3061822,50.3272,13.5458,
uc-3074020,50.3833,13.2667,
uc-3071507,50.357,13.7967,
uc-3074893,49.548,17.7347,
uc-3068690,49.2093,17.5394,river
uc-3072929,50.2411,14.3115,river
uc-3066651,49.4585,18.143,
uc-3066878,49.9917,14.6543,
uc-3079508,49.7816,14.687,
uc-3068445,49.4313,15.2234,
uc-3069844,50.2593,14.5176,river
uc-3063736,49.0251,17.6471,
uc-3074204,50.4372,15.3516,
uc-3061284,50.4317,15.814,river
uc-3064454,49.7559,16.4683,
uc-3067051,50.1037,13.7334,
uc-3068766,50.3059,12.9391,
uc-3068107,50.1424,15.1188,river
uc-3063546,49.9739,16.3936,
uc-3065903,50.2305,14.0869,
uc-3078545,49.9884,17.4647,
uc-3077920,49.9044,16.4441,
uc-2314302,-4.3276,15.3136,river
uc-922704,-11.6609,27.4794,
uc-209228,-6.136,23.5898,
uc-214481,-5.8962,22.4166,
uc-212730,0.5153,25.191,river
uc-217831,-2.4908,28.8428,lake|river
uc-922773,-10.7148,25.4667,
uc-922741,-10.983,26.7384,
uc-204953,-6.4162,20.7999,river
uc-2312895,0.0486,18.2603,river
uc-2314705,-5.041,18.8162,river
uc-216281,-1.6741,29.2284,lake
uc-2313002,-5.8386,13.4631,river
uc-204405,-3.3953,29.1378,lake|steppe
uc-217695,1.5594,30.2522,
uc-217562,0.1416,29.2912,
uc-2316702,-5.851,13.0536,coast
uc-8461573,-9.817,22.8702,
uc-215771,2.7739,27.616,
uc-212902,-2.9437,25.9224,river
uc-215527,-6.1379,24.4818,
uc-216449,-6.745,23.9533,
uc-2317397,-3.3169,17.3806,river
uc-214614,-8.7351,24.998,
uc-2315728,3.2565,19.7723,
uc-207570,-7.0091,23.4528,
uc-922806,-11.761,27.2513,
uc-214974,-5.9475,29.1947,lake|river
uc-217745,2.1877,22.4683,river
uc-2312888,-5.2584,14.8584,
uc-219057,0.4911,29.4731,
uc-2312393,-5.9275,12.3715,coast
uc-211734,2.1513,21.5167,river
uc-215976,-4.3311,20.5864,river
uc-922083,-10.9667,22.9,
uc-2315419,-5.1312,15.0541,river
uc-217834,-9.2044,25.8547,river
uc-220075,4.1263,27.3953,
uc-923058,-10.8735,26.5975,
uc-218855,2.3735,20.4977,river
uc-211647,-3.521,23.6005,
uc-208182,-7.8349,26.9985,river
uc-2315579,-4.9659,19.5915,
uc-212360,-5.3853,27.0003,river
uc-206047,-1.1867,29.4467,river
uc-209598,-7.2986,27.3989,
uc-220121,0.1833,27.4833,
uc-213940,-4.4274,26.6666,
uc-2316259,-4.5444,18.6036,river
uc-207596,-4.8519,21.5595,
uc-215668,-6.0526,26.9143,river
uc-209000,-7.0841,29.7368,lake
uc-217570,2.7858,24.73,
uc-214390,-7.5167,24.174,
uc-209161,-6.2215,23.3925,
uc-2314523,-5.5615,14.4316,
uc-219414,1.2391,23.616,river
uc-8329635,0.6978,29.5186,
uc-216404,4.279,21.0028,
uc-214925,-5.4854,28.216,
uc-2315417,-1.9275,18.2881,lake
uc-9946557,-7.5816,30.206,lake
uc-2311127,-4.9971,12.9484,
uc-2313084,-4.0233,19.5339,river
uc-2314935,-5.7652,13.6571,
uc-206847,-5.9561,28.0165,
uc-2311968,-2.7204,17.69,river
uc-203717,0.7675,24.4397,river
uc-220448,2.7388,23.7833,
uc-2312249,-3.0173,16.9224,river
uc-2313874,-2.7249,18.1476,lake|river
uc-2316091,-4.1587,19.8619,river
uc-11905965,0.6042,29.31,
uc-210399,-7.1618,23.7006,
uc-212760,-1.0906,29.2925,
uc-213576,-0.6093,29.1725,
uc-218680,-0.2816,20.8805,
uc-923186,-10.6177,26.3211,
uc-210379,-4.975,23.4439,river
uc-2310763,4.3428,18.5945,river
uc-217637,3.3386,20.8858,river
uc-204283,3.0372,29.5355,
uc-2316748,-2.158,16.2325,river
uc-210674,-3.8688,23.8835,
uc-212795,-8.2059,26.4204,
uc-2313011,-4.7755,17.891,
uc-220223,2.8622,30.8414,
uc-210939,-5.3522,21.4219,
uc-2315057,-4.5833,15.1655,
uc-208725,1.9447,30.0386,
uc-214297,-0.6998,29.1718,
uc-215558,-5.9988,23.2539,
uc-922597,-10.3781,24.5452,
uc-213851,-0.8254,29.3645,river
uc-211069,-0.1584,29.2386,
uc-217100,1.9193,30.5026,
uc-2317285,1.2209,19.8021,
uc-2315961,-3.6244,18.8494,
uc-206113,-8.466,28.9008,lake|river
uc-211098,-5.3877,25.7489,
uc-2313762,3.6533,18.6357,river
uc-214575,-3.5968,26.6671,
uc-922559,-12.4276,28.3468,
uc-209856,-8.0448,26.7963,river
uc-206289,-7.6981,29.7772,
uc-217389,-5.4957,22.2696,
uc-2315026,-6.4783,16.8174,
uc-218253,3.8146,23.6867,river
uc-204318,2.1484,27.9947,
uc-205970,-1.5739,29.0434,lake
uc-2618425,55.6759,12.5655,coast
uc-2624652,56.1567,10.2108,coast
uc-2615876,55.3959,10.3883,coast
uc-2624886,57.048,9.9187,coast
uc-2622447,55.4703,8.4519,coast
uc-2615006,56.4607,10.0364,coast
uc-2618528,55.4904,9.4722,coast
uc-2619771,55.8607,9.8503,coast
uc-2610613,55.7093,9.5357,coast
uc-2618741,55.197,11.596,coast
uc-2614481,55.6415,12.0803,coast
uc-2620425,56.1362,8.9766,
uc-2614030,56.1697,9.5451,
uc-2619856,55.881,12.5011,coast
uc-2621215,55.5833,12.3,coast
uc-2620583,55.7704,9.7011,coast
uc-2616038,55.2299,11.7609,coast
uc-2610319,56.4532,9.402,coast
uc-2621951,55.5657,9.7526,coast
uc-2618415,55.458,12.1821,coast
uc-2620320,55.9279,12.3008,
uc-2620473,56.0361,12.6136,coast
uc-2620046,56.3601,8.6161,coast
uc-2613460,55.4028,11.3546,coast
uc-2620147,55.7175,11.7128,coast
uc-2613102,54.909,9.7892,coast
uc-2612045,55.0598,10.6068,coast
uc-2624843,55.8704,12.3574,coast
uc-2620214,57.4642,9.9823,coast
uc-2614764,55.4426,11.7901,
uc-2621927,57.4407,10.5366,coast
uc-2620964,55.2494,9.4877,coast
uc-2624112,55.8476,12.4279,coast
uc-2622306,55.8086,12.3607,coast
uc-2613731,56.567,9.0271,coast
uc-2612629,55.7683,12.1972,coast
uc-2615961,54.7691,11.8742,coast
uc-2610020,55.008,11.9106,coast
uc-2616015,55.3127,10.7896,coast
uc-2613233,55.5329,12.2223,coast
uc-2621912,55.8396,12.069,coast
uc-2617658,55.875,12.3458,coast
uc-2611497,54.9331,8.8667,coast
uc-2625070,55.0443,9.4174,coast
uc-2616933,55.5059,9.7305,coast
uc-2619154,55.6795,11.0886,coast
uc-223817,11.589,43.145,coast|desert
uc-7648070,11.5619,43.1067,coast|desert
uc-225284,11.1558,42.7125,desert
uc-223890,11.1045,42.3697,desert
uc-220782,11.7878,42.8822,coast|desert
uc-225037,11.5264,42.8519,coast|desert
uc-221527,11.9669,43.2884,coast|desert
uc-3575635,15.3017,-61.3881,coast
uc-3492908,18.4719,-69.8923,coast
uc-3492914,19.4504,-70.6908,river
uc-3493032,18.4539,-69.3086,coast
uc-3500957,18.4233,-68.9664,coast
uc-3511540,18.4171,-70.1068,coast
uc-3493175,19.7934,-70.6884,coast
uc-3493146,19.2938,-70.2528,
uc-3493240,18.615,-68.708,
uc-3509382,19.2203,-70.531,
uc-3494242,18.5818,-68.4043,coast
uc-3492985,18.2086,-71.1007,coast
uc-3511233,18.9415,-70.4111,
uc-3493081,18.8064,-71.2263,
uc-3512067,18.2797,-70.3318,coast
uc-3496331,19.3929,-70.5235,
uc-3512208,18.4532,-70.7349,coast
uc-3496831,19.5491,-71.0781,
uc-3511336,18.45,-69.6,coast
uc-3493283,19.3777,-70.4172,
uc-3505855,19.5847,-70.9849,river
uc-3509207,19.0539,-70.1512,
uc-3491952,18.673,-70.171,
uc-3504765,18.7658,-69.2558,
uc-3496021,19.3832,-69.8474,coast
uc-3491948,19.5638,-70.8758,river
uc-3504158,19.1168,-70.6359,
uc-3509363,18.9092,-70.745,
uc-3492984,18.7648,-69.0399,
uc-3500370,18.8731,-71.5166,
uc-3493100,18.5468,-70.5069,coast
uc-3511626,18.7503,-69.6352,
uc-3493769,19.6667,-70.7667,coast
uc-3496150,19.7346,-70.5991,coast
uc-3495857,18.4898,-71.4189,lake|steppe
uc-3494121,18.5554,-69.4081,coast
uc-3493174,19.848,-71.646,coast|river
uc-3493482,18.945,-69.7933,
uc-3508952,19.5481,-71.7082,coast
uc-3493383,19.4784,-71.3393,
uc-3496134,18.8075,-69.7843,
uc-3657509,-2.1962,-79.8862,coast
uc-3652462,-0.2298,-78.525,
uc-3658666,-2.8953,-78.9963,
uc-3651297,-0.2537,-79.1763,
uc-3660689,-1.2491,-78.6167,
uc-3652941,-1.0576,-80.4514,steppe
uc-3654533,-3.2589,-79.9588,coast|steppe
uc-3654667,-3.9931,-79.2042,
uc-3654410,-0.9494,-80.7314,coast|steppe
uc-3652350,-1.6651,-78.6589,river
uc-3655673,0.3488,-78.1246,
uc-3657990,0.9592,-79.654,coast
uc-3652567,-1.0288,-79.4626,
uc-3654870,-0.9342,-78.6152,
uc-3658501,-1.8603,-79.9768,
uc-3654215,-2.134,-79.5934,
uc-3650472,0.8124,-77.7171,
uc-3660418,-1.8049,-79.5249,
uc-3655131,-2.233,-80.9104,coast|steppe
uc-3650273,-1.0449,-79.6384,
uc-3652743,-0.4497,-76.9972,river
uc-3653403,-3.3256,-79.807,steppe
uc-3659139,-0.6985,-80.0925,
uc-3652100,-2.2145,-80.9515,coast|steppe
uc-3651438,-2.2265,-80.8581,coast|steppe
uc-3652257,0.3278,-79.4741,
uc-3651356,-3.4557,-79.9637,steppe
uc-3660361,-1.3655,-79.9051,
uc-3655720,-3.4752,-80.2308,coast|steppe
uc-3650267,-1.4428,-79.4627,
uc-3660401,-0.6003,-80.4244,coast|steppe
uc-3654853,-2.4247,-79.3416,steppe
uc-3655446,-1.3484,-80.5791,coast
uc-3660434,-2.7398,-78.8456,
uc-3653873,-2.1707,-79.465,
uc-3650186,-1.5564,-79.7525,
uc-3653693,0.2346,-78.2625,
uc-3658053,-1.9333,-79.9667,coast
uc-3653882,-2.6764,-79.6174,coast|steppe
uc-3652928,-2.7092,-80.2472,coast
uc-3653015,-2.632,-80.3881,coast|steppe
uc-3652977,-0.0542,-78.4538,
uc-3650121,-2.0976,-79.6926,coast
uc-3657722,-3.244,-79.8287,coast|steppe
uc-3659578,0.041,-78.1464,
uc-3660559,-3.554,-80.0668,steppe
uc-3654536,-0.5127,-78.5707,
uc-3652584,-1.4916,-78.0034,
uc-3655185,0.086,-76.8953,
uc-3652065,-1.9607,-79.7257,coast
uc-3654541,-2.3074,-78.1203,
uc-3653295,-1.8162,-80.2343,
uc-3657571,-1.5911,-78.999,mountain
uc-3660152,-0.6983,-77.1408,river
uc-3651694,1.2863,-78.8351,coast
uc-3650301,-0.9531,-79.3551,
uc-3659599,-3.9866,-79.3576,river
uc-3654055,-1.0458,-80.6589,coast|steppe
uc-3660478,0.3276,-78.2191,
uc-3659926,-0.8458,-80.1639,
uc-3650721,-0.9961,-77.8131,river
uc-3657670,-2.8942,-78.7791,
uc-3653130,-3.6802,-79.6817,
uc-3659711,-4.328,-79.5558,
uc-3653287,-1.3306,-78.5452,
uc-3655117,-0.941,-79.2266,
uc-3652684,-0.9576,-78.6964,
uc-3654064,-1.7901,-79.2876,
uc-3650960,-1.2799,-80.4178,
uc-3649959,-4.0645,-78.9512,
uc-360630,30.0626,31.2497,desert|river
uc-361058,31.2018,29.9158,coast|desert|wetland
uc-360995,30.0094,31.2086,desert|river
uc-360761,31.0364,31.3807,desert|river|wetland
uc-358619,31.2653,32.3019,coast|desert|river
uc-361320,29.31,30.8418,desert
uc-359796,29.9737,32.5263,coast|desert
uc-360829,30.9706,31.1669,desert|wetland
uc-359783,27.181,31.1837,desert|river
uc-347497,30.7885,31.0019,desert|wetland
uc-360502,25.6989,32.6421,desert|river
uc-359493,30.5877,31.502,desert|wetland
uc-353802,24.4767,32.9463,desert|river
uc-355449,25.2934,32.554,desert|river
uc-361055,30.6043,32.2722,desert|river
uc-358048,31.4165,31.8133,coast|desert|river|wetland
uc-359173,29.0744,31.0979,desert|river
uc-349158,30.5526,31.009,desert|wetland
uc-359792,24.0908,32.8994,desert|lake|river
uc-353219,29.8167,31.05,desert
uc-355795,29.8414,31.3008,desert|river
uc-358448,31.0341,30.4682,desert|river|wetland
uc-7799991,30.03,31.47,desert
uc-8134081,30.0421,31.4445,desert
uc-350203,31.3995,30.4172,coast|desert|river|wetland
uc-347796,26.557,31.6948,desert|river
uc-360686,28.0919,30.7581,desert|river
uc-350550,26.1642,32.7267,desert|river
uc-353229,30.2964,31.7463,desert
uc-352951,27.7326,30.8413,desert|river
uc-361291,27.2574,33.8129,coast|desert
uc-361546,31.1316,33.7984,coast|desert
uc-354502,31.1117,30.9399,desert|wetland
uc-358108,31.1326,30.6478,desert|river|wetland
uc-358840,30.4204,31.5622,desert|river|wetland
uc-359280,30.4598,31.1842,desert|river|wetland
uc-355628,31.3073,30.2981,coast|desert|wetland
uc-352733,31.3529,27.2372,coast|desert
uc-360716,31.1829,32.0311,coast|desert|wetland
uc-362485,30.7251,31.6715,desert|wetland
uc-352181,30.7152,31.2592,desert|river|wetland
uc-361661,26.5622,31.7457,desert|river
uc-355026,26.3372,31.8929,desert|river
uc-349717,28.3121,30.7101,desert|river
uc-12451089,30.2289,31.4815,desert
uc-358821,31.2145,31.358,desert|wetland
uc-358600,29.1482,31.1273,desert|river
uc-347634,26.7687,31.502,desert|river
uc-350422,25.9154,32.7629,desert|river
uc-354775,31.1338,30.1297,coast|desert|river|wetland
uc-356806,31.2036,30.5491,desert|river|wetland
uc-360754,31.1582,31.936,coast|desert|wetland
uc-352354,30.466,30.932,desert|wetland
uc-360048,30.2974,30.9764,desert|river|wetland
uc-359815,30.8825,31.4627,desert|wetland
uc-353183,28.6478,30.841,desert|river
uc-352913,27.3126,30.9699,desert|river
uc-356989,30.7282,31.797,desert|wetland
uc-359212,28.4946,30.8053,desert|river
uc-361329,28.8231,30.899,desert|river
uc-346030,30.7142,31.2443,desert|river|wetland
uc-360170,25.6199,32.5431,desert|river
uc-362004,27.0451,31.3184,desert|river
uc-360615,30.1933,31.137,desert|river|wetland
uc-358269,27.5564,30.8106,desert|river
uc-347296,26.9084,31.4347,desert|river
uc-358172,31.089,31.5948,desert|wetland
uc-361029,31.1806,31.865,coast|desert|wetland
uc-360526,27.4402,30.8171,desert|river
uc-352352,30.5155,31.3463,desert|wetland
uc-12640364,30.02,31.0,desert
uc-358870,28.9241,30.9854,desert|river
uc-360542,30.6162,31.7351,desert|wetland
uc-7799998,30.1381,31.6156,desert
uc-360773,26.4775,31.8039,desert|river
uc-362277,27.9304,30.8383,desert|river
uc-358726,31.1742,31.2218,desert|wetland
uc-355648,29.359,30.6806,desert
uc-354365,30.8248,30.818,desert|river|wetland
uc-360923,25.451,30.5465,desert
uc-12640357,25.25,30.55,desert
uc-356000,30.9128,30.2902,desert|wetland
uc-352344,31.1262,31.6431,desert|wetland
uc-352628,28.4187,30.7786,desert|river
uc-360928,30.2103,31.3681,desert|river
uc-358095,30.7544,31.4402,desert|wetland
uc-355635,24.9792,32.8772,desert|river
uc-347883,30.4428,30.9698,desert|wetland
uc-355417,30.887,30.6672,desert|river|wetland
uc-354981,26.6742,31.4969,desert
uc-349114,31.1969,31.5243,desert|river|wetland
uc-352679,30.3606,31.3776,desert|river|wetland
uc-358970,30.9398,30.8134,desert|river|wetland
uc-355939,30.6713,31.588,desert|wetland
uc-349156,30.3127,31.3202,desert|wetland
uc-347542,29.4764,30.9612,desert
uc-347612,30.6798,30.9436,desert|wetland
uc-353223,30.3674,30.5087,desert
uc-356933,26.055,32.1627,desert
uc-361301,26.8752,31.3296,desert
uc-355595,29.0895,30.9432,desert
uc-361827,30.828,30.5355,desert|wetland
uc-361435,26.2365,32.0039,desert|river
uc-362882,30.9102,30.1744,desert|wetland
uc-350370,30.5648,31.1578,desert|wetland
uc-347751,28.921,30.8537,desert
uc-358115,26.1224,32.4675,desert|river
uc-361457,30.4305,31.0368,desert|wetland
uc-359900,29.5647,31.2811,desert|river
uc-362552,31.0931,30.3142,coast|desert|river|wetland
uc-358274,27.6415,30.8501,desert|river
uc-361360,31.5823,30.9809,coast|desert
uc-351434,26.0495,32.2414,desert|river
uc-433774,30.6315,31.9393,desert
uc-361213,31.3115,31.1477,desert|wetland
uc-360464,29.3378,31.2056,desert|river
uc-361478,26.9931,31.416,desert|river
uc-353828,30.7613,30.6997,desert|river|wetland
uc-421251,31.4348,31.6751,coast|desert|wetland
uc-359892,27.0631,31.3442,desert|river
uc-361103,30.7188,31.563,desert|wetland
uc-360748,26.6998,31.6046,desert|river
uc-358620,26.7491,33.9389,coast|desert
uc-361119,31.1567,30.1477,coast|desert|river|wetland
uc-347236,30.3549,31.201,desert|wetland
uc-359304,31.5558,31.0892,coast|desert|wetland
uc-361125,30.8616,31.9181,desert|wetland
uc-350797,31.0475,30.8549,desert|wetland
uc-352124,31.1676,31.8012,coast|desert|wetland
uc-361702,30.9416,31.2904,desert|river|wetland
uc-346201,29.1101,32.6601,coast|desert
uc-359710,30.5432,31.785,desert|river
uc-359169,27.9524,30.7808,desert
uc-434129,30.8852,29.5772,coast|desert
uc-359849,30.7461,31.1296,desert|wetland
uc-361495,29.6197,31.2575,desert|river
uc-354440,31.0021,31.6263,desert|wetland
uc-359541,29.589,32.336,coast|desert
uc-7521348,29.6002,32.3167,coast|desert
uc-354605,31.1684,31.7655,coast|desert|wetland
uc-350207,28.3583,33.0783,coast|desert
uc-348112,31.2713,30.7862,coast|desert|wetland
uc-354105,30.7934,31.6258,desert|wetland
uc-350350,31.282,34.2387,coast|steppe
uc-351748,31.2944,30.5225,coast|desert|river|wetland
uc-356945,31.3298,31.7151,coast|desert|river|wetland
uc-362615,30.5377,31.6788,desert|river|wetland
uc-349058,31.028,30.7149,desert|river|wetland
uc-434170,30.3775,30.3503,desert
uc-349340,27.9158,34.3299,coast|desert
uc-359678,28.2417,33.6222,coast|desert
uc-348548,31.6117,25.9254,coast|desert
uc-444473,26.2784,32.0561,desert|river
uc-362288,31.311,30.0612,coast|desert
uc-347749,28.9167,30.85,desert
uc-350831,30.2801,31.2053,desert|wetland
uc-357039,30.3126,32.3094,desert|lake
uc-360471,26.0866,32.4226,desert|river
uc-415561,30.136,31.715,desert
uc-361405,25.15,32.7167,desert|river
uc-409361,30.9306,31.6986,desert|wetland
uc-362028,30.5698,32.1146,desert|river
uc-350376,30.9722,30.9561,desert|wetland
uc-360610,30.8571,32.3118,desert|river
uc-349653,30.9748,31.8723,desert|wetland
uc-354076,30.5497,31.2444,desert|river|wetland
uc-348962,26.9664,31.3795,desert|river
uc-359841,31.2387,31.6538,coast|desert|river|wetland
uc-348507,31.2111,31.0512,desert|wetland
uc-421600,30.575,30.7111,desert|wetland
uc-361871,31.0282,28.445,coast|desert
uc-374290,22.2227,36.6468,coast|desert
uc-419435,31.2086,31.6353,coast|desert|river|wetland
uc-359749,29.4075,31.2525,desert|river
uc-351766,25.4874,28.9792,desert
uc-353471,31.2163,34.1107,coast|steppe
uc-410142,31.0189,33.0098,coast|desert
uc-361098,28.6992,30.7673,desert
uc-347863,29.2032,25.5196,desert
uc-360531,26.1061,34.2772,coast|desert
uc-360577,30.5641,31.9339,desert|river
uc-416047,31.2419,30.945,desert|wetland
uc-350560,25.9984,32.8181,desert|river
uc-12640381,29.385,30.557,desert
uc-408919,30.6687,30.0739,desert
uc-352440,30.9071,32.0234,coast|desert|wetland
uc-358631,30.9032,29.5528,coast|desert
uc-359823,25.1941,32.6771,desert|river
uc-352250,31.2884,31.6772,coast|desert|river|wetland
uc-347289,30.9438,31.5293,desert|wetland
uc-12640361,31.4071,26.5832,coast|desert
uc-361219,30.8453,29.3882,coast|desert
uc-361995,26.1204,32.0954,desert
uc-354123,31.3557,31.6848,coast|desert|river|wetland
uc-359867,31.5537,25.1579,coast|desert
uc-360159,24.9065,32.8856,desert|river
uc-361394,28.3483,28.8694,desert
uc-3583361,13.6893,-89.1872,
uc-3583096,13.7102,-89.1399,
uc-3583446,13.4826,-88.1821,
uc-3583334,13.9883,-89.5568,
uc-3583102,13.7173,-89.723,coast
uc-3582883,13.3447,-88.4399,coast
uc-3586977,13.7197,-88.9331,
uc-3583178,13.6411,-88.7846,
uc-3582805,13.5087,-88.8702,
uc-3583471,13.7833,-88.9167,
uc-3587426,13.924,-89.8434,
uc-3587086,13.9867,-89.6811,
uc-3583981,13.8312,-89.2722,
uc-3584772,13.3392,-87.8433,coast
uc-3587498,13.5928,-89.8275,coast
uc-3587428,13.9572,-89.1897,lake
uc-3583158,13.8758,-88.6273,
uc-3587091,14.0414,-88.9395,lake
uc-3584384,14.3333,-89.45,
uc-3583379,13.3833,-88.35,coast
uc-3584003,13.2833,-88.55,coast
uc-3585157,13.4883,-89.3222,coast
uc-3583747,13.6941,-88.1041,
uc-3583199,13.4833,-88.4667,
uc-2310046,1.8639,9.7658,coast
uc-2309527,3.7558,8.7817,coast|mountain
uc-2309332,2.1522,11.3301,
uc-343300,15.3381,38.9318,
uc-333287,15.7779,38.4511,steppe
uc-334717,14.3043,36.606,river|steppe
uc-330546,15.6081,39.4746,coast|desert
uc-343386,13.0092,42.7394,coast|desert
uc-344901,14.8872,38.8153,steppe
uc-342711,15.1058,37.5907,desert|steppe
uc-588409,59.437,24.7535,coast
uc-588335,58.3806,26.7251,
uc-590031,59.3772,28.1903,coast|lake|river
uc-589580,58.3859,24.4971,coast
uc-591260,59.3986,27.2731,coast
uc-587577,58.3632,25.5916,
uc-590447,59.4653,24.9822,coast
uc-934995,-26.4988,31.38,
uc-934985,-26.3167,31.1333,
uc-344979,9.025,38.7469,
uc-330186,8.55,39.2667,
uc-333795,9.35,42.8,steppe
uc-336014,12.6,37.4667,
uc-331180,13.4967,39.4753,
uc-326282,6.9744,45.3408,steppe
uc-343137,7.0621,38.4763,
uc-342884,11.5936,37.3908,lake|river
uc-338832,9.5931,41.8661,steppe
uc-339219,11.1333,39.6333,
uc-333772,7.6734,36.8344,
uc-328689,7.2,38.6,
uc-339666,8.7523,38.9785,
uc-7910079,6.86,37.7616,
uc-343663,6.0333,37.55,lake
uc-334609,7.5498,37.8537,
uc-338998,6.4167,38.3167,
uc-335035,9.3139,42.1181,
uc-330118,9.0833,36.55,
uc-343749,9.9628,42.4928,steppe
uc-339734,9.6795,39.5326,
uc-339708,10.35,37.7333,
uc-343370,7.95,39.1333,
uc-333373,11.0816,39.7434,
uc-339686,11.85,38.0167,
uc-345149,14.277,39.462,
uc-8643798,7.3547,38.6746,
uc-326406,11.8277,39.5916,
uc-329114,8.9167,38.6167,
uc-334227,14.1031,38.2829,
uc-335288,8.9833,37.85,
uc-337405,8.25,34.5833,
uc-340573,7.8333,38.2333,
uc-344420,14.1211,38.7234,
uc-325579,7.9333,38.7167,
uc-341297,8.1167,38.3667,
uc-344797,14.1635,38.8992,
uc-13308376,6.9247,37.6526,
uc-343593,7.0667,37.7,
uc-325780,6.75,38.4167,
uc-341877,6.9667,37.8667,
uc-336372,8.5342,37.9652,
uc-326355,8.2833,37.7833,
uc-331163,8.15,38.8167,
uc-330134,5.3167,39.5833,
uc-332880,7.3167,38.0833,
uc-344357,12.416,39.5597,
uc-343292,10.0667,34.5333,
uc-336259,5.9506,43.5519,desert|river
uc-327694,7.2,35.45,
uc-336350,7.0167,39.9833,
uc-338404,7.2333,37.8833,
uc-336496,9.1703,35.8349,
uc-326116,13.7952,39.603,
uc-344282,9.3933,42.0097,
uc-330534,6.9986,35.5888,
uc-330491,8.5868,39.1211,lake
uc-339448,8.5333,34.8,
uc-337853,6.3,36.8833,
uc-330764,8.3,35.5833,
uc-326321,6.6,38.4167,
uc-330425,11.0833,37.8667,
uc-337712,10.7,37.2667,
uc-344620,5.6342,38.236,
uc-337771,9.8,38.7333,
uc-8620932,10.028,39.8528,steppe
uc-340008,11.2667,36.8333,
uc-341742,7.2889,36.2417,
uc-333750,5.65,36.65,
uc-344661,7.85,36.65,
uc-11048860,10.9563,36.5046,
uc-328962,12.6306,39.0347,
uc-6913519,11.7934,41.0058,desert
uc-331416,12.7875,39.5422,
uc-340787,6.5833,38.3333,
uc-336931,9.0667,38.5,
uc-335324,7.2,37.6667,
uc-326206,11.9167,37.7,
uc-333103,5.8833,38.9833,
uc-328716,5.7649,38.9101,
uc-334152,11.0,36.9167,
uc-339594,8.2206,43.5572,steppe
uc-339823,13.1561,37.8981,
uc-341397,10.7,37.0667,
uc-333516,6.74,44.2781,steppe
uc-330158,11.7333,38.4667,
uc-333356,10.7167,39.87,
uc-338726,6.9833,39.1833,
uc-345353,11.2667,37.4833,
uc-343413,7.1,39.2,river
uc-330945,11.4167,37.1667,
uc-328492,7.1333,37.95,
uc-338670,13.4992,39.6372,
uc-337152,9.8,38.4,
uc-325779,6.1667,38.2,
uc-342567,8.456,36.353,
uc-329592,9.9946,39.8969,
uc-330120,9.5,35.5,
uc-343409,11.5684,41.4387,desert|river
uc-327472,11.4833,37.5833,river
uc-332288,12.0322,39.0476,
uc-12640449,7.2056,37.7778,
uc-6311120,6.2553,45.3853,steppe
uc-342559,8.9,40.7833,
uc-336475,9.0333,38.15,river
uc-342641,11.1915,40.0168,
uc-444998,6.5822,46.4333,desert
uc-342478,7.5333,39.25,
uc-342965,9.2256,42.3322,steppe
uc-342190,10.45,38.2,
uc-343134,8.9936,40.1664,river|steppe
uc-326036,4.8833,38.0833,
uc-330888,11.6667,39.65,
uc-344923,12.1167,37.7833,
uc-328592,14.4008,37.934,
uc-338554,11.7329,41.082,desert|river
uc-6311122,6.8077,46.0848,desert
uc-332746,12.5058,39.5228,
uc-336454,7.1395,40.7108,
uc-336526,5.65,37.3667,
uc-13308374,6.8773,37.9362,
uc-331958,11.7262,40.9797,desert|river
uc-337010,8.8167,40.5167,
uc-345731,13.5608,38.9739,steppe
uc-342856,5.7833,36.5667,
uc-62780,6.1756,45.2987,steppe
uc-343050,12.55,37.0667,
uc-6311121,6.5546,45.3899,steppe
uc-342445,6.919,37.529,
uc-332129,6.8731,38.4442,
uc-326383,8.6667,39.4333,steppe
uc-329607,7.1229,40.0041,
uc-328709,9.5667,37.1,
uc-334043,8.1333,39.2333,
uc-339846,9.8833,38.2667,
uc-343402,9.0857,40.8671,
uc-339319,8.4,38.85,river
uc-12640445,8.9705,37.7612,
uc-334137,8.0667,38.4667,
uc-345704,9.9833,39.9833,steppe
uc-327234,8.6667,38.2167,
uc-339473,10.55,37.4833,
uc-335808,6.9577,35.5575,
uc-12640447,12.7988,39.6445,
uc-331038,9.8,35.1,
uc-334826,11.3,39.6833,
uc-340358,12.9842,37.765,
uc-12640456,9.5656,36.6357,
uc-12640459,7.1511,35.817,
uc-327567,12.9842,37.0442,
uc-332938,7.0667,38.7833,
uc-336760,6.7167,37.5667,
uc-330691,9.2348,40.7559,
uc-330874,10.8333,38.2667,
uc-334529,8.15,39.35,
uc-340897,6.25,37.5667,
uc-332896,12.4242,37.325,lake
uc-344102,12.7689,37.6239,
uc-12640446,14.0729,36.5683,steppe
uc-334495,12.1333,38.05,
uc-339629,9.3117,41.443,
uc-326669,7.0667,37.1667,
uc-335478,11.356,36.9545,river
uc-337748,11.6667,38.8,
uc-342788,9.75,34.7333,
uc-343244,10.3503,39.9363,
uc-337864,9.465,42.1845,
uc-331671,12.3833,37.55,lake
uc-330789,12.9548,36.1555,
uc-328880,9.152,39.0234,
uc-334478,14.1872,39.5639,
uc-340754,9.5062,42.6094,
uc-345902,14.2333,37.0,river|steppe
uc-13308373,6.9297,38.1251,
uc-336511,6.4192,45.8525,desert
uc-337614,9.4025,42.3175,
uc-329432,7.75,39.15,
uc-331226,10.3121,39.6589,
uc-336481,10.85,36.8833,
uc-12640455,10.8503,36.8928,
uc-342558,6.8333,38.0833,
uc-335063,10.9202,39.7871,
uc-345818,13.7333,36.45,steppe
uc-327913,7.1514,37.1718,
uc-334700,9.2167,41.1,
uc-331630,11.2833,36.2167,
uc-53904,6.8866,46.2151,desert
uc-337114,9.5725,43.1814,steppe
uc-11048861,10.6406,36.9468,
uc-344267,8.3,38.95,lake
uc-344272,10.0833,39.0333,
uc-330811,8.9,39.9167,river|steppe
uc-337083,9.0167,37.45,
uc-336317,7.6167,39.5,
uc-12640460,11.2157,38.3645,
uc-333421,6.0833,38.0333,
uc-335425,6.3466,45.4781,steppe
uc-343562,13.95,40.6667,desert|steppe
uc-343759,5.9667,41.0333,
uc-328598,9.3294,39.2934,
uc-333680,9.6,37.8333,
uc-336491,7.45,37.6333,
uc-326333,6.3167,38.2667,
uc-340799,11.6046,40.0166,steppe
uc-331064,6.4167,39.85,
uc-334898,9.1572,43.3542,steppe
uc-10239401,6.4426,45.9833,desert
uc-334124,14.2789,39.15,
uc-343081,9.8833,36.6167,
uc-12640453,14.2023,36.7595,steppe
uc-12640454,7.3481,37.9506,
uc-330652,11.4217,40.7628,desert
uc-334252,13.9494,38.1842,
uc-328316,8.3167,39.4833,
uc-339159,10.65,36.2167,
uc-331872,10.25,37.9333,
uc-340938,9.3975,41.561,mountain
uc-344976,9.0333,38.4,
uc-328069,8.1,36.95,
uc-329586,12.0167,39.6333,
uc-326259,10.5896,39.4377,
uc-12640458,5.7801,38.4089,
uc-327544,10.85,37.0167,
uc-344928,11.0833,36.8833,
uc-338123,6.5073,45.8349,desert
uc-6311119,5.7528,45.646,desert
uc-13308383,6.7061,37.7697,
uc-2611396,62.0097,-6.7716,coast
uc-2198148,-18.1368,178.4253,coast
uc-8740209,-18.0705,178.5131,coast
uc-2204506,-17.6169,177.4505,coast
uc-2202064,-17.8031,177.4162,coast
uc-2204582,-16.4332,179.3645,coast
uc-2198365,-18.1431,177.5069,coast
uc-658225,60.1695,24.9354,coast
uc-634963,61.4991,23.7871,lake
uc-660158,60.2052,24.6522,coast
uc-632453,60.2941,25.041,coast
uc-633679,60.4515,22.2687,coast
uc-643492,65.0124,25.4682,coast|river
uc-655194,62.2415,25.7209,lake
uc-650224,62.8924,27.677,lake
uc-649360,60.9827,25.6615,lake
uc-632978,63.096,21.6158,coast
uc-640999,61.4807,21.7852,coast|river
uc-655808,62.6012,29.7632,lake
uc-650859,60.8667,26.7,
uc-648900,61.0587,28.1887,lake
uc-659180,60.996,24.4643,lake
uc-637219,62.7945,22.8282,
uc-638936,66.499,25.6887,river
uc-660561,60.3923,25.6651,coast
uc-646005,61.6886,27.2723,lake
uc-637948,60.3833,23.1333,coast
uc-650946,60.4664,26.9458,coast
uc-651943,63.8385,23.1307,coast
uc-655958,60.4737,25.0899,
uc-647751,60.2486,24.0653,lake
uc-644171,60.4641,24.8073,
uc-656913,60.6333,24.8667,
uc-633591,60.4037,25.0264,
uc-649630,60.1238,24.4385,coast
uc-639734,61.1272,21.5113,coast
uc-653185,60.4034,25.105,coast
uc-644450,61.4667,23.5,lake
uc-654899,64.2273,27.7285,lake
uc-654440,61.4638,24.076,lake
uc-637292,61.8699,28.88,lake
uc-631707,60.417,24.3196,
uc-639406,60.7377,24.7773,
uc-639853,59.9774,23.4397,coast
uc-648366,61.3167,23.75,lake
uc-656688,61.1718,28.7524,lake|river
uc-8198723,61.3494,22.9093,lake
uc-640276,64.6833,24.4833,coast
uc-637067,60.3775,25.2691,coast
uc-654137,60.5216,26.9312,coast
uc-657531,61.0,25.5,lake
uc-636947,63.0833,27.6667,lake
uc-652305,60.3824,24.751,
uc-646723,60.6333,25.3167,
uc-634093,65.8481,24.1466,coast|river
uc-632672,61.2642,24.0312,lake
uc-648056,60.5103,22.4618,coast
uc-657530,61.05,25.4333,lake
uc-656820,63.5592,27.1907,lake
uc-645211,60.4674,22.0243,coast
uc-656130,63.6749,22.7026,coast
uc-632370,62.3153,27.873,lake
uc-650095,62.6167,22.4167,
uc-653281,65.7364,24.5637,coast
uc-659169,60.5697,27.1979,coast
uc-656083,61.8642,25.19,lake
uc-648738,62.4141,25.9519,lake
uc-658288,61.2056,26.0381,lake
uc-662095,62.6,25.7333,lake
uc-658629,65.1765,25.3523,coast
uc-641869,62.3,27.1333,
uc-661164,60.6833,26.8333,coast
uc-632542,61.3333,22.9,lake
uc-659935,60.8146,23.6215,
uc-656073,60.9,24.6,lake
uc-643644,60.8049,25.7296,
uc-7911309,60.2997,22.3004,coast
uc-630768,64.0833,24.55,
uc-647731,60.8497,23.0561,
uc-651659,62.7602,29.8471,lake
uc-653616,63.103,23.0713,
uc-2988507,48.8534,2.3488,river
uc-2995469,43.297,5.3811,coast
uc-2996944,45.7491,4.8479,river
uc-3031582,44.8412,-0.5805,coast|river
uc-2972315,43.6043,1.4437,river
uc-12278193,48.8358,2.6424,river
uc-2990969,47.2172,-1.5534,coast|river
uc-2990440,43.7031,7.2661,coast
uc-2998324,50.6339,3.0551,
uc-8555643,49.0389,2.0781,river
uc-2973783,48.5839,7.7455,river
uc-8533870,48.7719,2.0189,
uc-3014728,45.1787,5.7148,
uc-2992166,43.6109,3.8763,coast
uc-2972328,43.1244,5.9284,coast
uc-2982652,49.4431,1.0993,river
uc-2983990,48.1111,-1.6743,
uc-2972191,47.3948,0.704,river
uc-2989317,47.9025,1.9041,river
uc-2984114,49.2653,4.0285,
uc-3003796,49.4935,0.1079,coast
uc-2980291,45.4339,4.39,
uc-3021372,47.3134,5.0139,
uc-2990999,48.6844,6.185,
uc-3037656,47.4716,-0.552,
uc-3024635,45.7797,3.0868,
uc-3020686,51.0344,2.3768,coast
uc-3028808,43.5513,7.0127,coast
uc-2994160,49.1191,6.1727,river
uc-2990363,43.8366,4.3579,
uc-3038354,43.5283,5.4497,
uc-3030300,48.3903,-4.4863,coast
uc-3003603,48.0021,0.2025,
uc-3037854,49.9,2.3,
uc-2991214,47.752,7.3287,
uc-2998286,45.8336,1.2476,river
uc-2982681,50.6942,3.1746,
uc-3029241,49.1859,-0.3591,coast
uc-3033123,47.2488,6.0182,river
uc-2972284,50.7239,3.1612,
uc-2987914,42.6976,2.8954,coast
uc-3035681,43.9483,4.8089,river
uc-3037456,43.5813,7.1249,coast
uc-2997577,47.7482,-3.3718,coast
uc-3037543,45.9088,6.1257,
uc-2986495,46.5826,0.3435,
uc-2971053,44.9256,4.9096,river
uc-2988358,43.3112,-0.3558,
uc-3006787,46.1631,-1.1522,coast
uc-3029162,50.9519,1.8563,coast
uc-3032833,43.3412,3.214,coast
uc-3019256,48.6328,2.4405,river
uc-3012937,43.1204,6.1286,coast
uc-3031005,47.0833,2.4,
uc-2977921,47.2751,-2.2179,coast
uc-3024297,48.0808,7.3558,
uc-3021000,50.3707,3.0792,
uc-2984701,47.996,-4.0979,coast
uc-3031133,50.7249,1.6137,coast
uc-6543862,50.6167,3.1666,
uc-3027422,45.5663,5.9208,
uc-2971549,48.3007,4.0852,river
uc-3012142,43.5695,7.1131,coast
uc-2972811,49.3599,6.1604,river
uc-3006767,46.6697,-1.4276,
uc-3019265,49.0241,1.1508,
uc-2977295,49.8489,3.2876,
uc-2990355,46.3231,-0.4588,
uc-3033791,47.6422,6.8539,
uc-3038334,41.9189,8.7381,coast
uc-2970777,47.6569,-2.762,coast
uc-2994798,48.9601,2.8788,river
uc-3032213,47.5943,1.3291,river
uc-3029974,45.1589,1.5333,
uc-3036938,43.6768,4.6303,coast|river
uc-3034006,49.4333,2.0833,
uc-3026204,46.8125,1.6936,
uc-3025053,47.0589,-0.8797,
uc-3017253,43.4333,6.7355,coast
uc-2981280,48.5151,-2.7684,coast
uc-2993002,44.0176,1.3542,river
uc-3026613,49.7685,4.7249,river
uc-3038261,43.9298,2.148,river
uc-2973385,43.2341,0.0714,
uc-3027487,48.9539,4.3672,river
uc-2990919,43.184,3.0014,coast
uc-2978640,48.6474,-2.0088,coast
uc-3005866,48.0725,-0.7702,
uc-3028641,43.2165,2.3486,
uc-3037598,45.65,0.1535,
uc-3014856,43.6578,6.9254,coast
uc-3028263,43.6053,2.2409,
uc-3027484,46.7811,4.8537,river
uc-3036784,50.293,2.7819,
uc-2995387,43.4074,5.0553,coast
uc-3031009,46.2057,5.2258,
uc-2992292,46.3402,2.6025,
uc-3036433,43.2928,5.5707,coast
uc-2971041,50.3591,3.5251,river
uc-3034475,43.4932,-1.473,coast
uc-3012647,43.5134,4.9875,coast
uc-2996148,48.9905,1.7167,river
uc-3024066,49.4179,2.8261,
uc-2990474,46.9896,3.159,river
uc-3026467,48.4468,1.4892,
uc-2967421,50.7012,3.2181,
uc-3016702,44.5586,6.0787,
uc-3038224,44.1249,4.0808,
uc-3035843,47.7996,3.5703,river
uc-2976341,43.6423,5.0948,coast
uc-2979783,48.8964,2.0904,river
uc-3034640,42.7022,9.4512,coast
uc-2974733,43.4028,3.6928,coast
uc-3037612,43.4892,-1.5192,coast
uc-3023763,48.606,2.4876,river
uc-2983362,46.0362,4.068,river
uc-2975525,48.6768,2.3483,river
uc-3020035,48.1832,6.453,river
uc-2994651,48.5457,2.6536,river
uc-3014078,48.8156,7.7905,
uc-2967870,43.46,5.2486,coast
uc-3020850,43.5369,6.4646,
uc-3003093,50.433,2.8279,
uc-2981206,45.4759,4.5129,
uc-3026141,46.8171,0.5452,river
uc-2968482,48.962,2.5325,
uc-3029030,50.176,3.2347,river
uc-2986501,48.929,2.0495,river
uc-2992771,43.8902,-0.4971,
uc-2995750,43.4173,5.2146,coast
uc-3021411,49.9216,1.0777,coast
uc-2992703,44.5547,4.7547,river
uc-2971874,48.9496,2.5684,
uc-2996882,46.3141,4.8282,river
uc-2983011,45.0496,5.066,
uc-2977246,43.4233,6.7735,coast
uc-2974427,43.0917,5.8247,coast
uc-2987967,45.1869,0.7144,
uc-3036016,44.9254,2.4398,
uc-2998431,50.4198,2.7807,
uc-3038634,44.202,0.6206,river
uc-2980558,48.6468,2.3197,
uc-2995150,50.2788,3.9727,
uc-2975758,47.2593,-0.0781,river
uc-3032797,43.4806,-1.5568,coast
uc-3010025,43.1748,5.6045,coast
uc-2968748,45.9897,4.7196,river
uc-2969284,45.5257,4.8748,river
uc-3000192,48.9917,1.9097,river
uc-2980816,48.6377,4.9489,river
uc-3022610,49.2567,2.4848,
uc-2972742,46.3705,6.4798,lake
uc-3033002,50.5296,2.64,
uc-2967917,48.6721,2.3932,river
uc-2974389,49.3817,3.3236,
uc-3020810,48.7365,1.3657,
uc-3038230,48.4348,0.0931,
uc-2989460,44.1381,4.8102,
uc-3015490,49.0137,2.4659,
uc-2969257,47.2219,2.0684,
uc-2978072,44.8955,-0.7178,coast
uc-3028542,44.0551,5.0481,
uc-2994497,43.7765,7.5043,coast
uc-2980340,45.7474,-0.6349,
uc-2983276,45.943,-0.9677,coast
uc-3020832,48.6847,2.4142,river
uc-2978771,46.7306,4.5008,
uc-3025892,48.1112,5.1413,river
uc-2994048,45.7664,5.0028,
uc-2967245,48.7178,2.4934,river
uc-2992938,47.5096,6.7982,river
uc-2975050,48.1974,3.2833,river
uc-3007477,49.5631,3.6271,
uc-2983154,44.3526,2.5734,
uc-3033391,44.8516,0.4817,river
uc-3037538,46.1944,6.2378,lake|mountain
uc-3038350,45.6917,5.9086,
uc-2973258,49.0254,2.2169,
uc-3006283,44.6328,-1.1451,coast
uc-3020062,49.04,3.9592,river
uc-2969392,46.1271,3.4258,
uc-3028134,43.8312,5.0359,river
uc-2984513,48.6437,1.8299,
uc-3025466,49.6398,-1.6164,coast
uc-3036903,50.6857,2.8821,
uc-2997116,43.6778,4.1361,coast
uc-3038789,50.1052,1.8355,coast
uc-2969766,49.0929,1.4633,river
uc-2975536,48.5741,2.5829,river
uc-3021263,47.0922,5.4897,river
uc-2968515,44.4085,0.7042,
uc-6615536,48.6817,2.1694,
uc-2988888,46.2592,5.6573,mountain
uc-3004427,46.8071,4.4163,
uc-3013525,50.4136,2.9649,
uc-3013477,48.9899,2.1699,river
uc-2983440,48.6511,2.4141,river
uc-3014646,48.6541,2.3934,river
uc-2980827,48.2843,6.9492,
uc-3036281,43.6456,0.5886,
uc-3029825,50.4833,2.55,
uc-2998150,49.1466,0.2293,
uc-2975964,49.1099,7.0675,
uc-3030257,48.6114,2.3059,
uc-2991153,43.46,1.3254,river
uc-2998517,44.9145,-0.2419,river
uc-2993760,43.5851,5.0027,coast
uc-3034126,47.0241,4.8389,
uc-3029748,48.6942,2.4922,
uc-3017609,48.3516,-1.1996,
uc-3016078,48.6833,2.1333,
uc-3029213,44.4491,1.4366,
uc-2993875,44.0997,3.0785,river
uc-3013619,50.7237,2.5373,
uc-2991481,46.5646,3.3324,
uc-3019459,48.4351,2.1623,
uc-3038638,43.3108,3.4758,coast
uc-2992536,48.7054,2.4504,river
uc-2996564,48.9526,2.1452,river
uc-3002465,45.0437,3.8852,river
uc-3024107,48.665,2.5696,
uc-3021670,43.7103,-1.0537,
uc-3016956,43.4477,3.7552,coast
uc-2967758,45.3647,5.5856,
uc-3003481,48.5316,2.6283,river
uc-3018794,49.7579,0.3746,coast
uc-2969958,49.1596,5.3829,river
uc-2978758,49.1162,-1.0903,
uc-3038712,48.9612,2.0688,river
uc-2997110,48.5927,6.4938,
uc-3037540,45.9197,6.1439,
uc-3007609,48.7326,-3.4566,coast
uc-3021605,50.3293,3.3943,river
uc-3024035,47.8754,-3.919,coast
uc-3017805,49.1885,6.8925,
uc-2996180,43.8288,5.7869,river
uc-3016667,43.4549,5.4691,coast
uc-3021852,48.5167,2.65,river
uc-2978742,47.5921,7.5592,river
uc-3024440,45.6958,-0.3287,
uc-2977952,48.6348,2.3083,
uc-2997712,48.6931,2.2943,
uc-3030303,46.8416,-0.4904,
uc-2997626,46.6754,5.5557,
uc-2975349,49.7019,4.9403,river
uc-2986302,46.9035,6.3554,river
uc-2992863,46.6667,4.3667,
uc-2983489,45.8936,3.1126,
uc-2982967,47.3667,1.75,
uc-2996146,48.9737,1.7025,river
uc-2987825,43.6942,5.5029,river
uc-2969562,47.626,6.1425,
uc-3000047,43.4101,5.3084,coast
uc-3024532,46.0625,6.575,
uc-2968771,45.6128,5.1506,
uc-3018074,48.4091,2.7018,river
uc-2990264,49.2716,2.4707,
uc-3035396,44.1626,4.6197,
uc-3023324,47.2147,-1.7245,coast|river
uc-2970110,47.7929,1.0656,
uc-2997336,49.2167,1.1667,river
uc-3014175,44.636,-1.0681,coast
uc-2976258,43.1198,5.8015,coast
uc-2975088,49.2072,2.5866,
uc-3038266,45.6745,6.3906,
uc-2995642,44.5036,0.1655,river
uc-2982343,45.6281,-1.0315,coast
uc-3021382,44.0925,6.232,
uc-3027513,46.8458,-1.8794,coast
uc-2975233,48.2619,7.4489,
uc-3019960,49.6487,-1.6531,coast
uc-3022988,45.7412,3.1964,
uc-2974188,44.0102,4.8738,river
uc-2970148,43.7225,7.1118,coast
uc-3034911,48.7728,5.1611,
uc-2993679,48.9833,2.6167,
uc-3028486,50.4924,2.9581,
uc-2998311,48.9955,1.7408,river
uc-3009443,47.6981,-0.0755,
uc-2986933,43.5655,1.2965,
uc-3035667,50.4104,2.8305,
uc-3037514,45.2399,4.6707,
uc-2995121,43.6169,4.0074,coast
uc-3035883,46.951,4.2987,
uc-2981492,49.1046,6.704,
uc-2972270,49.6383,-1.5664,coast
uc-2977845,50.7483,2.2609,
uc-3037051,48.7444,-0.0202,
uc-3015902,45.5906,4.7688,river
uc-3027763,44.7447,-0.6819,
uc-3018455,45.3896,4.2886,
uc-2989204,48.6957,2.1873,
uc-2981839,50.4472,3.4308,
uc-2997246,48.4369,1.4636,
uc-3019766,47.2922,-2.3639,coast
uc-2972350,48.6808,5.8911,river
uc-2991772,48.5778,-3.8279,coast
uc-2993024,47.997,2.7326,
uc-3018339,48.7372,-0.5747,
uc-2995652,48.8667,2.0833,river
uc-3017651,43.4377,4.9446,coast
uc-2967879,48.1228,-1.2098,
uc-2967856,48.7247,4.5844,river
uc-3020307,49.2867,1.0029,river
uc-2988670,43.1165,1.6108,river
uc-2992671,48.3833,2.95,river
uc-2971482,45.2658,1.7723,
uc-2998127,43.9197,5.0514,
uc-2989755,49.6261,-1.6435,coast
uc-2969796,48.9739,1.9648,river
uc-2986160,48.0684,-2.9665,
uc-2976406,45.9442,6.6316,glacier|mountain
uc-2992367,49.5452,0.1877,coast
uc-3021150,49.0278,2.3264,
uc-3020996,48.0954,-4.329,coast
uc-3002984,48.8932,2.1037,river
uc-3014392,47.3283,-2.4293,coast
uc-3017921,46.4667,-0.8062,
uc-2993572,48.626,2.6012,
uc-2992890,45.6075,4.0652,
uc-2999683,46.4969,-1.7847,coast
uc-2978768,49.0167,2.25,
uc-3007874,48.4515,-4.2518,coast
uc-3026285,48.0709,1.3378,
uc-3012664,45.5442,3.249,
uc-3016097,47.6933,2.6309,river
uc-3034483,49.2773,-0.7039,coast
uc-3026194,49.0464,3.403,river
uc-2986025,43.4066,4.9809,coast
uc-3030101,48.6925,2.6109,
uc-3014383,46.1718,1.8717,
uc-2997395,43.0946,-0.0461,
uc-3022569,49.2336,2.8881,
uc-3033416,50.407,1.5645,coast
uc-3000648,46.871,-1.0156,
uc-3033415,50.4,1.6,coast
uc-2994935,48.3034,-0.6138,
uc-3036240,47.4833,6.8534,river
uc-3013681,50.2508,3.9214,
uc-3013627,49.3288,6.0628,
uc-2973146,49.6561,3.3011,
uc-3028521,48.9495,2.0407,river
uc-2986306,48.907,6.0564,river
uc-3023240,48.8145,3.085,
uc-2978100,43.4481,5.8608,
uc-2989877,49.5833,3.0,
uc-3030057,43.4058,6.0617,
uc-3035654,48.4022,2.7202,river
uc-3382160,4.9381,-52.3346,coast
uc-3380965,4.8492,-52.3235,coast
uc-3380387,5.5015,-54.0292,coast
uc-3381303,5.1628,-52.6427,coast
uc-4034561,-17.5593,-149.6035,coast|mountain
uc-4033936,-17.5347,-149.5684,coast|mountain
uc-4033779,-17.6333,-149.6,coast|mountain
uc-2399697,0.3924,9.4536,coast
uc-2396518,-0.7193,8.7815,coast
uc-2400555,-1.6333,13.5836,river
uc-2396657,0.2912,9.5046,coast
uc-2396646,1.5995,11.5793,
uc-2398269,-1.5665,13.1987,
uc-2397169,0.3905,9.761,coast
uc-2399888,-0.7001,10.2406,river
uc-2398073,-1.8685,11.0559,river
uc-12640495,0.6073,9.3293,coast
uc-2396253,-2.9332,10.9818,
uc-2401578,2.076,11.5007,
uc-2399959,-1.1367,12.464,
uc-2396651,-0.2,10.6833,river
uc-2399371,0.5738,12.8642,river
uc-2411989,13.4383,-16.6781,coast
uc-2413753,13.2714,-16.6494,coast
uc-2412452,13.25,-15.8833,coast
uc-2413515,13.5667,-15.6,coast|steppe
uc-2412749,13.3522,-16.4339,coast
uc-2413419,13.2019,-16.7339,coast
uc-2411805,13.3489,-16.7908,coast
uc-2411905,13.4333,-15.5333,coast|steppe
uc-2412141,13.2667,-16.7606,coast
uc-2413511,13.4,-14.2167,river|steppe
uc-611717,41.6914,44.8341,river
uc-615532,41.6408,41.6306,coast
uc-613607,42.2679,42.6946,
uc-612287,41.5627,44.9787,river
uc-611847,43.007,40.9893,coast
uc-614455,41.9853,44.1129,river
uc-612366,42.1427,41.6738,coast
uc-610824,42.5084,41.868,
uc-611403,42.2276,43.9686,
uc-615912,43.0806,40.8383,coast
uc-613074,41.4876,44.7985,
uc-613988,41.9973,43.599,river
uc-612126,42.1537,42.3352,
uc-610864,42.1075,43.0329,
uc-611694,41.9196,45.47,
uc-613762,41.8328,41.7782,coast
uc-615860,41.6395,42.986,
uc-2950159,52.5244,13.4105,lake
uc-2911298,53.5507,9.993,coast|river
uc-2886242,50.9333,6.95,river
uc-2867714,48.1374,11.5755,
uc-2928810,51.4566,7.0123,
uc-2825297,48.7823,9.177,
uc-2935517,51.5149,7.466,
uc-2934246,51.2232,6.7793,river
uc-2925533,50.1155,8.6842,river
uc-2910831,52.3705,9.7332,
uc-2935022,51.0509,13.7383,river
uc-2934691,51.4325,6.7652,river
uc-2861650,49.4542,11.0775,
uc-2946447,50.7344,7.0955,river
uc-2947416,51.4817,7.2165,
uc-2805753,51.2563,7.1482,
uc-2944388,53.0758,8.8072,river
uc-2879139,51.3396,12.3713,
uc-2869894,51.1854,6.4417,
uc-2809346,50.086,8.2444,
uc-3247449,50.7766,6.0834,
uc-2873891,49.4891,8.4669,river
uc-2954172,48.3715,10.8985,
uc-2892794,49.0094,8.4044,
uc-2949186,52.0333,8.5333,
uc-2884509,51.3364,6.5538,
uc-2867543,51.9624,7.6257,
uc-2911522,51.4816,11.9795,
uc-2891122,54.3213,10.1349,coast
uc-2912621,51.3608,7.4717,
uc-2875601,53.8689,10.6873,coast
uc-2940132,50.8357,12.9292,
uc-2945024,52.2659,10.5267,
uc-2874545,52.1313,11.6319,river
uc-2874225,49.9819,8.2801,river
uc-2925177,47.9959,7.8522,
uc-2938913,49.8717,8.6503,
uc-2864072,52.15,11.6333,river
uc-2929670,50.9773,11.0354,
uc-2844588,54.0887,12.1405,coast
uc-2892518,51.3167,9.5,
uc-2831580,51.1734,7.0845,
uc-2820256,48.3984,9.9916,river
uc-2856883,52.2726,8.0498,
uc-2852458,52.3989,13.0657,lake
uc-2842647,49.2326,7.0098,
uc-2911240,51.6803,7.8209,
uc-2907911,49.4077,8.6908,
uc-2875376,49.4812,8.4464,river
uc-2857458,53.1404,8.2148,
uc-2847736,48.4914,9.2043,
uc-2849647,51.6138,7.1974,
uc-2849483,49.0151,12.1016,river
uc-2907669,49.1399,9.2205,
uc-2875392,48.8973,9.1916,
uc-2886946,50.3536,7.5788,river
uc-2855745,51.7191,8.7544,
uc-2944368,53.5536,8.5755,coast
uc-2805615,49.7939,9.9512,river
uc-2832495,50.8748,8.0243,
uc-2921232,50.8803,12.0819,
uc-2806654,52.4245,10.7815,
uc-2918632,51.5344,9.9323,
uc-2895992,48.7651,11.4237,river
uc-2853969,48.8844,8.6989,
uc-2821164,49.7557,6.6394,river
uc-2950438,50.9557,6.6399,
uc-2911007,50.1342,8.9142,river
uc-2842150,52.157,10.4154,
uc-2895044,50.9288,11.5899,
uc-2904789,52.1508,9.9511,
uc-2929567,49.591,11.0078,
uc-2803560,50.7272,12.4884,
uc-2894003,49.443,7.7716,
uc-2885679,47.6603,9.1758,lake|river
uc-2834282,53.6294,11.4132,lake
uc-2806142,49.6328,8.3592,river
uc-2923822,50.5516,9.6752,
uc-2913366,51.9069,8.3785,river
uc-2934486,50.8043,6.493,
uc-2947421,51.8388,6.6153,
uc-2820860,48.5227,9.0522,
uc-2895669,51.3755,7.7028,
uc-2873263,51.6567,7.0904,
uc-2875107,51.6163,7.5287,
uc-2920512,50.5873,8.6755,
uc-2926271,54.788,9.4372,coast
uc-2906121,52.1146,8.6734,
uc-2939811,51.7577,14.3289,lake
uc-2808720,53.5476,8.1039,coast
uc-2876865,51.6737,8.3448,
uc-2871039,52.2895,8.9146,river
uc-2817220,48.0623,8.4936,
uc-2919054,48.7035,9.6521,
uc-2864475,54.074,9.9846,
uc-2935530,51.6617,6.9651,
uc-2842884,49.9896,8.4225,river
uc-2875457,51.2198,7.6273,
uc-2873759,50.809,8.7707,
uc-2844988,47.8564,12.1225,river
uc-2847645,52.2851,7.4405,river
uc-2938323,53.0511,8.6309,
uc-2920236,51.5708,6.9859,
uc-2955471,51.3833,8.0833,
uc-2913761,51.0261,7.5647,
uc-2937936,51.9385,8.8732,
uc-2871983,51.4434,7.7782,
uc-2951825,49.9478,11.5789,river
uc-2881485,48.5296,12.1618,
uc-2875115,53.2512,10.4155,
uc-2940213,52.6226,10.0805,
uc-2952984,49.8987,10.9007,river
uc-2955272,49.977,9.1521,river
uc-2866135,53.5573,13.261,
uc-2937959,51.8386,12.2455,river
uc-2959927,48.8378,10.0933,
uc-2936871,51.5623,6.7434,
uc-2863840,50.4336,7.4706,river
uc-2820087,51.538,7.6897,
uc-2853292,50.4973,12.1378,
uc-2864435,49.3445,7.1805,
uc-2905560,51.5964,7.1439,
uc-2917540,51.091,6.5827,
uc-2812482,50.9803,11.329,
uc-2891524,50.8699,6.6969,
uc-2935825,51.0968,6.8317,river
uc-2941694,52.1984,8.5864,
uc-2810678,51.6669,6.6204,river
uc-2891621,47.7267,10.3139,
uc-2831948,48.7,9.0167,
uc-2835482,48.7995,9.7981,
uc-2945358,52.4167,12.55,lake
uc-2857798,48.4738,7.945,
uc-2881085,51.1082,6.9483,
uc-2826287,54.3091,13.0818,coast
uc-2911271,52.104,9.3562,river
uc-2866333,51.3167,6.2833,
uc-2924585,47.6569,9.4755,lake
uc-2918987,51.1552,14.9885,
uc-2925535,52.3471,14.5506,river
uc-2953504,48.7606,8.2398,
uc-2904795,51.1682,6.9309,
uc-2928963,50.8185,6.2718,
uc-2959223,51.7634,7.8887,
uc-2953358,52.0862,8.7443,
uc-2928396,50.6606,6.7872,
uc-2806914,52.1644,10.541,
uc-2834498,50.0494,10.2218,river
uc-2864054,49.3501,8.1389,
uc-2861934,52.4308,7.0683,
uc-2917788,54.0891,13.4024,coast
uc-2939658,53.8683,8.699,coast
uc-2809889,50.5611,8.5049,
uc-2950344,51.6163,7.6445,
uc-2953436,50.2268,8.6182,
uc-2930596,53.3659,7.2085,coast
uc-2877088,52.5227,7.3255,river
uc-2866110,51.1343,6.6386,
uc-2881885,48.3404,7.8689,
uc-2896817,52.2796,7.7146,
uc-2855328,48.5665,13.4312,river
uc-2917138,52.211,7.0224,
uc-2830582,49.3208,8.4311,river
uc-2907851,48.678,10.1516,
uc-2855047,52.3193,10.2352,
uc-2953386,52.207,8.8036,river
uc-2902768,50.313,11.9126,
uc-2887835,51.7883,6.1387,
uc-2849802,47.782,9.6106,
uc-2930821,53.7491,9.6618,coast
uc-2831708,51.5756,8.1062,
uc-2906376,50.7756,7.2831,
uc-2850257,48.8585,8.2096,
uc-2943560,49.1243,8.598,
uc-2831924,47.7593,8.8403,lake
uc-2934662,51.8315,7.2808,
uc-2875881,47.615,7.6646,
uc-2958595,48.2164,9.026,
uc-2858738,50.2073,8.5775,
uc-2918752,50.9482,10.7019,
uc-2872079,52.202,8.3383,
uc-2958141,50.8767,6.164,
uc-2947444,48.6821,9.0117,
uc-2847690,51.8497,8.3002,river
uc-2893438,51.5923,7.6638,
uc-2829901,53.5941,9.473,coast
uc-2807465,53.8922,11.4556,coast|lake
uc-2956656,49.4429,11.8627,
uc-2864058,52.5046,9.4587,
uc-2929622,51.0795,6.3153,
uc-2899449,49.3264,7.3387,
uc-2826099,48.8813,12.5739,river
uc-2871992,47.9837,10.1853,
uc-2879367,52.3719,9.9792,
uc-2861982,51.5018,10.7957,
uc-2925192,50.9109,13.3388,
uc-2853574,49.2015,7.6053,
uc-2918840,51.9042,10.4277,
uc-2949012,48.9441,9.1175,
uc-3336891,48.657,9.2205,
uc-2824948,50.6091,10.694,
uc-2812174,49.5489,8.667,
uc-3336893,50.0263,8.8859,
uc-2953416,49.8414,7.8671,
uc-2869791,51.0916,6.8922,river
uc-2920478,52.4777,10.5511,
uc-2843729,48.4763,8.9353,
uc-2925034,48.4035,11.7488,
uc-2813040,49.6768,12.1561,
uc-2892080,47.8824,10.6219,
uc-2933882,52.8349,13.8195,
uc-2951881,51.1803,14.4349,
uc-2878943,52.0279,8.899,
uc-2939951,50.2594,10.9638,
uc-2836320,48.8054,9.5272,
uc-2881646,49.1984,8.1169,
uc-2907201,51.0636,6.0998,
uc-2805761,52.4238,9.4359,
uc-2950978,49.6837,8.6184,
uc-2816630,49.2516,6.8587,
uc-2946228,51.8438,6.8577,
uc-2942323,53.3304,9.866,
uc-2857129,52.748,13.2519,
uc-2931574,50.9807,10.3152,
uc-2853572,50.9584,13.937,river
uc-2954006,53.4696,7.4824,coast
uc-2861632,48.6257,9.342,
uc-2890473,48.6468,9.4538,
uc-2898111,51.0555,6.2266,
uc-2911665,51.8956,11.0562,
uc-2891951,48.573,7.8152,river
uc-2864549,49.2803,11.4628,
uc-2871535,51.2504,6.9754,
uc-2876187,52.1885,8.6922,
uc-2893264,51.5047,6.5459,
uc-2896514,50.6832,10.9186,
uc-2953568,48.9474,9.4372,
uc-2881279,49.9896,8.6685,
uc-2814127,51.9511,7.9876,river
uc-2841590,49.277,7.1167,
uc-2957773,50.9876,12.4368,
uc-2835537,49.3305,11.0235,
uc-2842632,49.3137,6.7515,
uc-2940451,53.4699,9.6897,coast
uc-2959279,52.0794,7.0134,
uc-2911395,51.743,7.1816,
uc-2867996,51.209,10.4527,
uc-2811899,51.2015,11.9684,
uc-2951654,51.7557,8.0407,
uc-2902533,50.0902,8.4493,
uc-2827479,52.6058,11.8609,
uc-2906595,51.3871,7.7702,
uc-2927930,52.5601,13.0927,lake
uc-2831872,49.2529,8.8787,
uc-2810855,51.1397,7.2158,
uc-2939945,51.9435,7.1681,
uc-2948164,51.6236,12.3239,
uc-2835481,49.1113,9.7391,
uc-2852577,52.2296,8.9161,river
uc-2938784,51.656,7.3453,
uc-2939797,49.1344,10.0719,
uc-2817065,51.597,6.6863,river
uc-2930449,52.1734,7.5278,river
uc-2803620,49.2469,7.3698,
uc-2917544,52.0936,7.594,river
uc-2881956,51.9922,8.793,
uc-2820456,52.9645,10.567,
uc-2813464,53.5837,9.6983,coast
uc-2950096,52.6798,13.5871,
uc-2820693,47.9846,8.8177,river
uc-2871736,51.3548,11.9892,
uc-2817783,53.1792,8.6223,river
uc-2847639,47.5601,7.7871,river
uc-2828105,52.1504,7.3366,
uc-2953089,48.2752,8.8546,
uc-2871845,52.6906,7.291,river
uc-2905826,48.5952,8.8665,
uc-2855525,53.0777,7.4152,
uc-2891643,51.3643,6.4186,
uc-2921528,51.5191,6.3236,
uc-2894553,50.9215,6.3627,
uc-2879697,53.2316,7.461,coast|river
uc-2877648,50.3836,8.0503,
uc-2834629,53.0596,14.2815,river
uc-2919625,51.6787,6.1589,
uc-2923588,52.3607,14.0618,
uc-2923625,48.179,11.2547,
uc-2929715,48.306,11.9069,
uc-2937040,50.0098,8.7778,
uc-2895569,53.921,9.5153,coast
uc-11594317,53.1653,8.6887,river
uc-2942056,51.5774,7.0518,
uc-2959681,53.0142,9.0263,river
uc-3272460,49.9947,8.5836,
uc-2898321,51.775,9.3816,river
uc-2920757,51.3197,7.3392,
uc-2807845,53.3578,10.2116,
uc-2862620,52.6444,9.2166,river
uc-2930043,51.2985,7.3629,
uc-2885732,52.3014,13.633,lake
uc-2881695,49.5979,8.4725,river
uc-2949423,48.0934,9.7905,
uc-2812636,47.5933,7.6208,river
uc-2871668,51.3502,8.2833,
uc-2847662,51.5465,6.5953,river
uc-2810808,51.8365,10.7822,
uc-2810878,51.5549,7.914,
uc-2950073,51.7946,11.7401,
uc-2931481,52.15,14.65,river
uc-2864276,52.9282,12.8031,
uc-2955936,49.3048,10.5931,
uc-2930509,51.8393,6.2479,river
uc-2884050,50.9678,7.9885,
uc-2850954,47.7419,8.971,lake
uc-2856500,53.2266,8.7923,
uc-2876218,50.8387,7.214,
uc-2913433,53.7972,12.1734,
uc-2939969,52.8475,8.0474,
uc-2922731,53.0362,8.5451,
uc-2871675,49.4433,6.6387,
uc-2938540,48.8409,12.9607,river
uc-2941405,52.4463,10.0064,
uc-2861814,51.7066,10.0,
uc-2810833,51.6645,7.6342,
uc-2898304,51.4379,14.2355,
uc-2953439,50.872,9.7089,
uc-2925910,49.7175,11.0588,
uc-2836809,52.0168,11.7307,river
uc-2956206,50.4311,7.4043,river
uc-2953395,50.3646,8.7386,
uc-2944200,49.0369,8.7074,
uc-2814362,51.6213,7.4024,
uc-2959083,53.6766,10.237,
uc-2846843,51.8092,8.4284,river
uc-7303020,51.8661,12.6497,river
uc-2938389,51.765,8.5622,
uc-2807872,48.8756,9.3982,
uc-2830035,52.2084,9.5542,
uc-2931804,51.8202,9.8696,
uc-2817812,52.7306,8.2897,
uc-2866906,51.1499,11.8098,
uc-2923362,48.8,8.3333,
uc-2922102,53.4366,10.3734,river
uc-2846939,51.3078,13.2917,river
uc-2857943,51.8289,8.1472,
uc-2896753,49.7144,7.3078,
uc-13526830,52.3364,13.4132,
uc-2833073,51.5252,14.0016,
uc-2817927,48.9356,8.9604,
uc-2885237,51.7518,11.9709,
uc-2921653,48.6242,9.8274,
uc-2941976,48.6968,8.1352,
uc-2814005,51.4449,8.3485,
uc-2872155,51.1616,13.4737,river
uc-2866070,48.7322,11.1871,river
uc-2921837,50.9674,6.1176,
uc-2804922,51.0496,12.1369,
uc-2848245,54.3018,9.6717,
uc-2835297,49.3253,12.1098,
uc-2945474,52.4084,7.9833,
uc-2853209,51.2095,7.8726,
uc-2891832,50.137,8.4502,
uc-3205924,51.4466,6.5519,
uc-2878784,51.1172,8.0671,
uc-2876185,52.6656,8.2383,
uc-2879315,51.1063,7.0187,
uc-2891258,51.5824,6.246,
uc-2842688,50.6483,11.3654,
uc-2951923,51.2518,9.4075,
uc-2953302,50.9096,6.1887,
uc-2953391,50.5432,7.1113,
uc-2932924,48.2826,9.7275,river
uc-2809138,49.295,8.6985,
uc-2907585,51.3266,6.9711,
uc-2824655,51.3281,8.0037,
uc-2882588,50.1007,11.4503,river
uc-2953310,53.1848,8.0029,
uc-2833170,51.6969,7.4681,
uc-2872611,50.593,6.6522,
uc-2917325,51.2337,12.7196,
uc-2924802,50.3374,8.7559,
uc-2911051,51.7326,6.5903,
uc-2930523,48.121,7.8536,
uc-2855859,50.9327,7.2839,
uc-2850213,52.6066,12.337,
uc-2854655,52.3751,8.9654,river
uc-2814270,47.6895,9.8325,
uc-2944079,51.3946,8.5715,
uc-2881509,48.0482,10.8828,
uc-2817599,52.9233,9.238,river
uc-2841463,49.4663,7.1681,
uc-2875626,52.307,8.6142,
uc-2868788,48.9475,8.8368,
uc-2959686,48.6311,8.0761,
uc-2826082,52.5786,13.8874,
uc-2880144,49.5139,11.2825,
uc-2829998,51.3467,7.2434,
uc-2928874,52.3814,8.623,
uc-2948825,49.9667,7.8992,river
uc-2809517,50.9495,7.5506,
uc-2847666,50.6256,6.9491,
uc-2812145,48.8131,9.3639,
uc-2838053,51.1547,8.2851,
uc-2906331,52.636,13.2042,lake
uc-2922530,47.4921,11.0958,mountain
uc-2938376,51.5255,12.3428,
uc-2862104,53.501,8.4896,coast
uc-2896736,50.2177,8.2668,
uc-2857306,51.029,7.8514,
uc-2955439,50.8405,10.952,
uc-2899101,48.4442,8.6913,
uc-2955168,51.7574,11.4608,
uc-2846523,52.186,9.0792,river
uc-2820621,50.9177,6.1234,
uc-2872582,50.6239,7.0294,
uc-2906676,52.2279,11.0099,
uc-2843636,48.1678,8.6272,
uc-2906268,49.6414,8.6321,
uc-2853924,49.8056,8.6031,
uc-2953435,50.6434,7.2278,river
uc-2858763,50.0714,8.8512,
uc-2804008,50.8977,14.8076,
uc-2806919,51.6612,12.2687,
uc-2817873,53.3969,8.1362,coast
uc-2940512,50.434,8.6712,
uc-2869120,49.3536,9.1511,
uc-2844265,49.2476,11.0911,
uc-2867613,51.4151,9.6505,river
uc-2909240,50.0691,8.4863,river
uc-2930889,48.9616,10.1317,
uc-2896020,49.9708,8.0588,river
uc-2941501,52.2715,11.8549,
uc-2810716,49.759,9.5085,river
uc-2843355,50.7204,11.3405,
uc-2955770,51.0262,11.5164,
uc-2954932,51.1264,7.9033,
uc-2862118,53.5955,7.2062,coast
uc-2814874,48.2085,12.3989,river
uc-2863240,49.9776,8.0725,river
uc-2842131,51.6717,8.6009,
uc-2877550,47.5461,9.6843,lake
uc-2885536,51.2756,8.873,
uc-2814462,52.861,9.5928,
uc-2924625,50.2496,8.6428,
uc-2953385,53.8117,10.3742,
uc-2814153,51.4901,9.1464,
uc-2824461,52.9134,8.8221,
uc-2905457,49.568,10.8857,
uc-2910278,51.9622,8.2277,river
uc-2814632,52.35,8.0167,
uc-2875379,52.3032,13.254,lake
uc-2917737,50.6578,12.1992,
uc-2838634,54.5202,9.5683,coast
uc-2850995,51.2022,7.3603,
uc-2875417,51.7683,7.4438,
uc-2817576,51.8833,8.5167,
uc-2857472,48.2,11.3333,
uc-2829457,48.0019,11.3442,
uc-2831250,50.3592,11.1746,
uc-2924894,48.4669,8.4137,
uc-2936658,51.1221,13.1103,
uc-2812204,47.8101,9.6386,
uc-2940383,48.7142,8.7403,
uc-2807594,51.1161,7.3986,
uc-2877673,50.8588,12.7616,
uc-2915613,49.9214,8.4825,
uc-2812515,47.8415,11.1548,
uc-2921139,47.8578,11.4805,
uc-2841693,51.4722,11.2953,
uc-2854386,48.5305,11.505,
uc-2829422,51.8519,11.5851,
uc-3272941,49.8341,8.4962,
uc-2851465,51.7884,11.1501,
uc-2953339,50.1408,8.5045,
uc-2956005,50.5795,13.0063,
uc-2829777,52.3233,9.2031,
uc-2833475,52.3139,9.9682,
uc-2866650,51.4505,7.9703,
uc-2936985,50.7411,8.287,
uc-2953449,51.8827,10.5616,
uc-2867164,48.5498,8.7237,
uc-2934728,51.5131,10.2595,
uc-2925832,51.7354,14.6397,
uc-2857565,49.1988,9.5072,
uc-2893152,51.5713,6.3673,
uc-2878840,52.1866,7.8604,
uc-2895664,52.4709,9.8418,
uc-2834240,49.3822,8.5823,
uc-2910514,52.7931,7.2413,river
uc-2849548,51.7626,6.3978,river
uc-2849156,50.6228,12.3034,
uc-7284571,51.5275,11.5483,
uc-2953402,49.4925,9.7736,
uc-2815824,52.0379,6.828,
uc-2942073,50.2901,9.1114,
uc-2814791,47.6232,8.2172,river
uc-2810945,52.3787,12.934,lake
uc-2878270,47.8267,10.0205,
uc-2939820,51.132,13.5831,river
uc-2864005,53.3602,13.0726,
uc-2833080,48.3244,10.0444,
uc-2941570,51.5511,8.5596,
uc-2844437,53.1103,9.4036,
uc-2872237,51.1074,7.6484,
uc-2831486,52.9854,9.8398,
uc-2873211,51.4617,8.8495,
uc-2833592,51.8909,10.1785,
uc-2810188,53.2568,7.9274,
uc-2901588,52.6774,13.2789,
uc-2921473,50.2016,9.1874,
uc-2831276,51.3697,10.8701,
uc-2877142,51.0196,7.3776,
uc-2892980,50.2302,8.7715,
uc-2953379,51.9859,9.2525,
uc-2875484,52.0903,13.1677,
uc-2913922,51.9499,14.7055,
uc-2936267,47.9551,8.4971,river
uc-2805385,51.6588,6.453,river
uc-2872225,50.5679,10.4152,river
uc-2933627,54.4685,9.8382,coast
uc-2936977,49.3556,6.7278,
uc-2820577,47.7698,9.1714,lake
uc-2808461,50.8167,8.1,
uc-2814131,53.5199,12.6813,lake
uc-2920020,50.8199,12.5449,
uc-2829804,50.8226,9.0129,
uc-2911520,52.0601,8.3608,
uc-2890158,49.7397,10.1507,river
uc-2954602,50.5115,12.4008,
uc-2836282,53.538,7.9477,coast
uc-2807218,53.5768,7.7757,coast
uc-2878074,50.1457,11.0593,river
uc-2953424,50.2023,10.0778,
uc-2833242,50.0432,8.9739,river
uc-2831088,47.5182,10.2826,
uc-2914929,49.869,8.9321,
uc-2821517,47.9627,12.5923,
uc-2928967,51.1839,10.0533,river
uc-2929831,49.1365,8.9123,
uc-2804748,51.9662,12.0852,
uc-2842112,52.853,11.1529,
uc-2851584,49.2855,6.8872,
uc-2958975,48.4575,11.1341,
uc-2899601,51.828,9.4455,river
uc-2817537,52.0401,8.1527,
uc-2921034,49.2144,8.3669,river
uc-2852218,53.317,13.864,
uc-2957886,51.2947,7.6734,
uc-2831403,51.1591,11.1152,
uc-2897132,54.4858,9.0524,coast
uc-2930216,50.9885,7.4139,
uc-2909313,49.3628,8.2581,
uc-2953545,51.0522,8.3923,
uc-2930030,51.8384,8.0309,
uc-2933364,53.1281,7.9842,
uc-2902852,49.3233,8.5519,
uc-2829758,51.994,6.9192,
uc-2920834,51.6409,8.5109,
uc-2908032,54.1956,9.0974,coast
uc-2953374,49.2385,9.1018,
uc-2810969,50.736,12.3753,
uc-2906199,50.6814,8.3037,
uc-2861733,51.9333,7.35,
uc-2851343,53.7282,9.9108,
uc-2860080,48.5324,8.0786,
uc-2810919,51.2601,7.7661,
uc-2833079,51.8565,7.4833,
uc-2861914,48.8512,10.4887,
uc-2924360,53.0205,7.8588,
uc-2911584,52.2891,11.4098,
uc-2911964,50.7416,8.2078,
uc-2817105,52.1653,8.86,river
uc-2803723,50.6945,6.6541,
uc-2920620,48.6222,10.2431,
uc-2947739,49.2372,7.2562,
uc-2815487,49.2499,8.5126,
uc-2807344,53.0001,11.7494,river
uc-2814883,48.0958,7.9637,
uc-2905290,52.1727,9.2491,river
uc-2863712,50.2381,8.867,
uc-2882318,51.05,7.2667,
uc-2850253,53.2451,8.1972,coast
uc-2835260,53.224,8.5897,coast
uc-2869019,48.4057,9.0542,
uc-2904985,49.3363,6.9304,
uc-2898603,52.2976,7.5838,
uc-2814305,52.742,13.458,
uc-2930182,52.1406,8.5577,
uc-2953320,47.9203,9.7549,
uc-2931361,50.7667,7.45,
uc-2893544,53.8324,9.9604,
uc-2913555,48.456,10.2769,river
uc-2838059,50.7214,10.4439,
uc-2953525,51.733,9.0197,
uc-2815137,50.8758,7.6169,
uc-2879832,49.4112,6.9099,
uc-2858245,52.208,7.1899,
uc-2835342,51.2167,6.2667,
uc-2872649,50.328,7.2228,
uc-2908495,48.3515,8.9632,
uc-2946478,51.6,7.7667,
uc-2836413,47.651,7.8209,
uc-2824801,49.5013,11.746,
uc-2812625,48.7495,8.8718,
uc-2835345,50.9333,9.2167,
uc-2944354,53.4851,9.1464,
uc-2942159,52.2606,9.0494,
uc-2940942,51.0847,7.1139,
uc-2839335,49.3842,8.3775,
uc-2837291,53.1174,9.7924,
uc-2855441,53.4263,11.8488,
uc-2958533,51.9838,9.8199,
uc-2880077,48.2279,9.8787,
uc-2880221,51.4881,13.7662,
uc-2956715,50.0888,9.0646,
uc-2926670,51.6339,13.7066,
uc-2856930,52.0304,11.229,
uc-2946172,51.1242,12.4964,
uc-2936909,48.6424,12.4928,
uc-2821807,51.5602,12.9962,river
uc-2936974,48.5815,10.4953,river
uc-2953400,52.1955,9.4642,
uc-2841386,52.2349,9.8541,
uc-2835382,49.3,6.8167,
uc-2953522,49.4618,8.1724,
uc-2851079,51.1111,13.912,
uc-2924915,50.8974,7.8742,
uc-11951298,48.96,9.0647,
uc-2836203,48.224,8.3858,
uc-2954695,50.5903,12.7066,
uc-2873291,47.7796,10.6171,
uc-2896538,49.3736,7.0476,
uc-2839050,51.3968,12.2214,
uc-2869994,53.6207,10.6875,
uc-2815559,49.2667,6.7833,
uc-2821515,47.8683,12.6433,
uc-2876755,51.0995,14.6674,
uc-2936253,48.718,10.7793,river
uc-2811909,49.0309,10.9722,
uc-2939747,50.8164,12.3904,
uc-2941279,48.1692,12.8314,
uc-2865376,48.3159,11.6632,
uc-2883784,50.2396,11.3331,
uc-2863716,50.4133,9.0064,
uc-2956710,49.7466,8.1151,
uc-2942634,49.5242,9.3229,
uc-2873289,50.0044,12.0859,
uc-2891014,51.134,7.5907,
uc-2916630,51.2895,13.5335,
uc-2823368,47.6686,9.5913,lake
uc-2808893,52.8945,8.4337,
uc-2867770,47.8082,7.6303,
uc-2929865,49.4,6.9667,
uc-2953317,51.1196,9.1248,
uc-2818067,53.6888,9.662,coast
uc-2841125,48.0168,9.5006,
uc-2888523,52.4079,13.2251,lake
uc-2807240,49.986,6.8931,
uc-2831852,50.5438,7.2464,river
uc-2848762,49.8292,8.8357,
uc-2945542,51.7175,9.186,
uc-2949470,49.3462,7.2553,
uc-2867542,52.9854,10.0899,
uc-2883754,50.181,8.513,
uc-2953770,49.9652,8.9513,
uc-2953558,47.8638,12.0106,
uc-2911384,51.1861,7.4982,
uc-2925629,51.0589,8.8008,
uc-2823533,53.1187,13.5022,
uc-2868506,48.2467,12.5215,river
uc-2837954,49.4333,6.85,
uc-12035575,50.1793,8.5037,
uc-2848175,48.7697,8.9387,
uc-2953324,47.7611,11.5589,
uc-2861677,50.9043,7.5406,
uc-2857900,51.9545,8.6622,
uc-2869449,48.4709,11.9381,
uc-2807201,53.1612,12.4829,
uc-2872519,50.8469,12.4647,
uc-2940204,49.2257,12.655,
uc-2871284,49.6757,9.0037,
uc-2838201,50.3489,9.5253,
uc-2907545,51.3782,10.1374,
uc-2806768,47.9129,11.4217,
uc-2947641,51.9433,9.0907,
uc-2803870,52.216,13.4491,
uc-2833296,50.1706,12.1305,
uc-2920842,51.954,7.0048,
uc-2928381,54.135,10.6115,coast|lake
uc-2893437,51.268,14.0937,
uc-2953371,47.7295,12.8782,
uc-2920433,48.1076,11.2936,
uc-2955421,51.3798,9.0145,
uc-2826909,47.8511,9.0091,lake
uc-2837470,50.5947,12.6414,
uc-2937317,52.6069,8.3703,
uc-2899676,47.8766,11.7018,
uc-2953413,51.1077,10.646,
uc-2873632,50.6505,13.1612,
uc-2817202,48.627,13.1922,river
uc-2907887,50.9722,13.8674,river
uc-2947449,48.2709,10.8339,
uc-2875831,49.5099,6.7455,
uc-2813786,51.1001,6.1548,
uc-2870318,50.9862,12.9754,
uc-2866930,52.607,12.8737,
uc-2832232,48.0883,9.2303,river
uc-2904725,52.3333,8.75,
uc-2953363,47.5537,7.9461,river
uc-2901420,50.8006,12.7129,
uc-2931871,51.4598,12.6334,
uc-2896546,48.2234,10.1035,
uc-2913537,49.1166,10.7597,
uc-2904808,50.9969,8.1106,
uc-2815565,49.5412,6.8877,
uc-2811292,49.3523,11.1507,
uc-2902559,51.4961,9.385,
uc-2885800,52.2512,10.8168,
uc-2953357,50.8134,10.2361,river
uc-3337504,49.765,8.6519,
uc-2875645,53.471,8.6458,coast
uc-2890504,50.8272,8.9281,
uc-2824841,49.2988,7.057,
uc-2898098,51.1498,7.3447,
uc-2890136,52.4542,13.1445,lake
uc-2915196,49.9198,9.076,river
uc-2897436,50.6797,9.7673,
uc-2812522,50.7529,6.8459,
uc-2848335,50.5788,7.227,river
uc-2953197,48.5032,8.377,
uc-2817813,52.2604,10.3649,
uc-2946366,50.2308,7.5899,river
uc-2952252,52.8506,8.7279,
uc-2865716,52.5299,13.6891,lake
uc-2945545,53.3333,8.4833,coast|river
uc-2836084,48.5607,11.2607,
uc-2850887,52.4342,8.6127,
uc-2876147,49.9892,9.5722,river
uc-2943336,51.2405,6.1838,
uc-2854923,47.7529,11.377,
uc-2807184,51.341,9.8554,river
uc-2953341,53.9378,10.3074,
uc-2939167,52.5215,8.1977,
uc-2814146,53.0594,8.1967,
uc-2856944,51.3,13.1098,
uc-2951679,49.4,6.7,
uc-2948071,51.7903,10.9551,
uc-2898364,51.8167,8.65,river
uc-2818094,51.6569,9.635,
uc-2905206,51.6503,11.5115,
uc-2958128,50.7518,9.2708,
uc-2864034,54.1071,10.8145,coast
uc-2850235,53.9465,10.7312,coast
uc-2933959,48.716,9.5236,
uc-2925080,47.8409,12.9811,
uc-2819974,47.9193,7.6905,
uc-2943408,47.8786,11.911,
uc-2857291,51.3561,8.489,
uc-2875623,51.8622,13.9517,
uc-2852280,54.2358,10.2793,coast|lake
uc-2953464,52.3167,8.3333,
uc-2811204,48.6712,9.3763,
uc-2891834,48.9173,11.8862,river
uc-2813433,53.1654,7.3497,coast|river
uc-8224430,50.6503,11.9838,
uc-2885760,50.1794,8.4713,
uc-2847033,49.3,6.9333,
uc-2830637,52.1402,8.4848,
uc-2934020,49.4668,8.9902,
uc-2923507,47.5714,10.7017,
uc-2898079,53.1066,8.4678,
uc-2953552,52.3007,7.1576,
uc-2863199,51.2,6.2167,
uc-2834978,50.5379,12.7852,
uc-2956093,53.015,13.9992,
uc-2953389,50.3217,10.2067,
uc-2859380,49.8308,8.7489,
uc-2939995,51.8095,10.3382,
uc-2847524,54.2422,12.4567,coast
uc-2826304,51.4419,6.2664,
uc-2958024,49.3856,11.3573,
uc-2855794,53.055,9.0199,
uc-3274966,49.5653,9.7082,
uc-2866280,50.3167,8.5,
uc-2892786,49.9603,9.7724,river
uc-2949475,51.668,9.3742,river
uc-2935042,51.7953,7.7382,
uc-2805597,51.3707,12.7394,
uc-2868936,50.9038,7.4031,
uc-2882091,50.9314,8.425,
uc-2955224,51.7833,7.6167,
uc-2953405,51.7833,8.8168,
uc-2937591,49.8974,8.8461,
uc-2945591,49.0779,9.066,
uc-2882439,49.2818,9.6835,
uc-2820973,48.0767,8.6441,
uc-2811698,51.504,14.6402,
uc-2306104,5.556,-0.1969,coast
uc-2298890,6.6885,-1.6244,
uc-2294915,4.8982,-1.7603,coast
uc-2294877,9.4008,-0.8393,
uc-11808941,4.9342,-1.7145,coast
uc-2304121,5.6995,-0.0348,coast
uc-2302357,5.1053,-1.2466,coast
uc-2306079,5.6978,-0.3282,
uc-2296606,6.2023,-1.668,
uc-2294700,5.6698,-0.0166,coast
uc-2299522,6.0941,-0.2591,
uc-2300379,6.6008,0.4713,
uc-2304848,5.5353,-0.3983,coast
uc-2294308,5.6141,-1.5502,
uc-2300182,7.5758,-2.7852,
uc-11205476,5.654,0.0264,coast
uc-2295021,7.3399,-2.3268,
uc-2300372,7.1518,0.4736,
uc-2300068,10.5369,-2.7016,
uc-2296458,5.5345,-0.4168,coast
uc-2294727,7.5905,-1.9395,
uc-2302821,10.7856,-0.8514,
uc-2294206,10.0607,-2.5019,
uc-2303287,11.0593,-0.2425,
uc-2294034,5.3511,-0.6231,coast
uc-2301217,7.3856,-1.3562,
uc-2303125,7.4534,-2.584,
uc-2305677,6.1198,1.1901,coast
uc-2293801,9.4427,-0.0099,
uc-2302541,5.5231,-0.4772,coast
uc-2296564,5.9267,-0.9858,
uc-2294962,5.5371,-0.6998,
uc-2299625,8.0563,-1.7306,
uc-2298264,7.0627,-1.4001,
uc-7648641,5.7142,-0.1542,coast
uc-2295065,6.0409,-0.45,
uc-2294768,5.3038,-1.9896,
uc-2297141,5.8089,-0.3503,
uc-12640506,6.5458,-0.7626,
uc-2305537,6.8,-1.0819,
uc-2304220,5.8601,-0.6635,
uc-2294086,7.7386,-2.1036,
uc-2299349,6.6167,-1.2167,
uc-2301400,5.96,-1.7779,
uc-2298205,5.2717,-1.0152,coast
uc-2295517,9.6238,-0.827,
uc-2301529,7.2739,-2.8735,
uc-11467879,5.7,-1.65,
uc-2303060,6.452,-2.3163,
uc-2298005,6.9041,-2.5611,
uc-2295840,5.4338,-2.1429,
uc-2303611,4.8664,-2.2418,coast
uc-2297289,7.5713,-1.7087,
uc-2301190,5.0847,-1.3509,coast
uc-2303026,8.8549,0.0592,
uc-2304548,5.7947,0.8973,coast|steppe
uc-2304931,6.0402,-0.8088,
uc-2303878,7.7554,-0.9808,
uc-2303224,6.452,-1.5787,
uc-2305191,6.1316,0.7985,
uc-2301367,6.2367,0.9958,
uc-2297126,7.4035,-2.4663,
uc-7281088,6.8468,-1.3961,
uc-2293805,8.2254,-0.6489,lake
uc-2299945,6.0939,-0.836,
uc-2303789,7.1534,-2.405,
uc-2304421,6.3816,-0.5493,
uc-2303236,6.3871,-0.3774,
uc-2299233,6.9954,0.2931,lake
uc-2295684,8.5508,-0.5188,
uc-2297505,10.8947,-1.0908,
uc-2295672,5.2091,-1.0606,coast
uc-2301184,5.2851,-2.7666,coast
uc-2302002,9.083,-1.8188,
uc-2301424,8.0662,0.1795,lake
uc-2300749,6.8036,-2.5172,
uc-2304389,5.285,-0.746,coast
uc-2300883,5.7012,-1.2866,
uc-13275281,6.9031,-1.652,
uc-2306119,5.848,-0.1745,
uc-2299645,5.9179,0.9879,coast
uc-2294676,7.006,-2.1659,
uc-2297661,10.5273,-0.3698,
uc-2301464,7.1749,-2.0996,
uc-2303258,7.0903,-2.025,
uc-2411585,36.1447,-5.3526,coast
uc-264371,37.9838,23.7278,coast
uc-734077,40.6407,22.9349,coast
uc-255683,38.2462,21.7351,coast
uc-258576,39.6285,22.4211,steppe
uc-261745,35.3279,25.1434,coast
uc-262036,37.8629,23.758,coast
uc-251833,39.3692,22.9477,coast
uc-259824,38.0744,23.8111,coast
uc-261779,39.6634,20.8519,
uc-252664,39.5549,21.7684,
uc-260133,38.4635,23.6028,coast
uc-734330,41.085,23.5476,
uc-400666,36.4356,28.222,coast
uc-261604,37.0391,22.1126,coast
uc-735861,40.9396,24.4069,coast
uc-260114,35.5112,24.0292,coast
uc-735914,40.2696,22.5061,coast|mountain|steppe
uc-736928,40.8499,25.8764,coast
uc-258620,38.8995,22.4335,coast
uc-733840,41.1349,24.888,
uc-262426,38.1024,23.669,coast
uc-265560,38.6214,21.4078,coast
uc-735640,41.1176,25.4059,
uc-736364,41.1528,24.1473,steppe
uc-733905,40.5244,22.2024,steppe
uc-2463679,39.6244,19.9202,coast
uc-735481,40.75,23.0667,coast
uc-735563,40.2993,21.7898,
uc-260989,39.3648,21.9219,
uc-254352,35.3655,24.4823,coast
uc-252910,38.325,23.3189,coast
uc-264445,38.0613,23.5897,coast
uc-259289,37.9401,22.9513,coast
uc-734426,40.5147,21.6786,
uc-735803,40.7318,22.5999,
uc-8201845,38.0228,23.8576,coast
uc-256866,39.1077,26.5553,coast
uc-733776,40.7919,22.4075,
uc-252601,37.5096,22.3788,
uc-255588,37.9678,23.5721,coast
uc-254144,37.9643,23.4965,coast
uc-262752,38.0414,23.543,coast
uc-259973,38.3687,26.1372,coast
uc-257365,37.9947,23.3432,coast
uc-735736,40.993,22.8743,
uc-255229,37.6751,21.441,coast
uc-264670,37.6333,22.7333,coast
uc-258038,37.9673,23.9968,coast
uc-264559,39.1601,20.9856,coast
uc-258463,38.4362,22.8767,coast
uc-265500,38.2486,22.0819,coast
uc-735030,40.6294,22.0681,
uc-259245,36.8929,27.2877,coast
uc-259251,37.8989,23.8718,coast
uc-736357,40.8026,22.0475,
uc-734712,40.4987,22.9262,coast
uc-256598,38.0873,23.9764,coast
uc-735764,40.6095,23.1001,coast
uc-736229,40.782,21.4098,
uc-254698,38.9562,20.7505,coast
uc-265252,37.7984,21.3507,coast
uc-253394,37.0745,22.4301,
uc-734880,41.5031,26.5297,
uc-3421319,64.1835,-51.7216,coast|tundra
uc-3579925,12.0529,-61.7523,coast
uc-3578959,16.273,-61.5051,coast
uc-3579767,16.2674,-61.5854,coast
uc-3578978,16.2062,-61.4931,coast
uc-3578682,16.1916,-61.5914,coast
uc-3578466,16.2256,-61.381,coast
uc-3578967,16.3316,-61.3466,coast
uc-3578447,16.3326,-61.6969,coast
uc-3579585,16.045,-61.5643,coast
uc-3579732,15.9971,-61.7321,coast
uc-4043909,13.5178,144.8391,coast
uc-4038794,13.536,144.8886,coast
uc-4038659,13.4877,144.7814,coast
uc-7874631,13.4875,144.7814,coast
uc-7268049,13.4476,144.8011,coast
uc-3598132,14.6407,-90.5133,
uc-3587902,14.5251,-90.5854,
uc-3592519,14.6308,-90.6071,
uc-3598119,15.4703,-90.3745,
uc-3590979,14.8446,-91.5232,
uc-3598572,14.6588,-90.8216,
uc-3595237,14.6354,-89.9911,
uc-3595803,14.301,-90.7882,
uc-3595069,14.2849,-89.888,
uc-3598655,14.9433,-91.1112,river
uc-3590858,14.5358,-91.6785,
uc-3589289,14.3351,-91.0234,
uc-3598465,14.8009,-89.5464,
uc-3598122,14.7041,-91.8643,
uc-3588258,14.9119,-91.3605,
uc-3591062,15.7272,-88.5979,coast
uc-3592609,14.5341,-91.5031,
uc-3592753,14.9113,-92.0579,mountain
uc-3589977,14.546,-90.4129,
uc-3595416,15.321,-91.47,
uc-3589404,15.0299,-91.1488,
uc-3590219,14.9449,-91.4431,
uc-3591676,15.3986,-89.6415,
uc-3591833,14.4036,-90.6966,
uc-3590616,15.1021,-90.3191,
uc-3599699,14.5564,-90.7332,
uc-3598678,14.5429,-91.3264,
uc-3587587,14.9687,-89.5273,
uc-3598025,15.0894,-91.7497,mountain|river
uc-3595714,14.4653,-90.4408,
uc-3589646,14.7794,-90.4532,
uc-3591512,14.6819,-91.014,
uc-3591997,14.869,-91.6214,
uc-3588694,15.6584,-91.4299,
uc-3599639,14.3337,-89.7109,
uc-3598073,14.7073,-91.7317,
uc-3599582,14.3074,-90.3616,
uc-3589805,14.9644,-91.7949,mountain
uc-3588698,14.7707,-91.1834,
uc-3592642,14.2031,-90.8481,
uc-3599069,14.8115,-91.4554,
uc-3597804,14.2754,-90.2986,
uc-3591541,14.4232,-91.1605,
uc-3589626,14.9681,-91.7617,mountain
uc-3592105,14.593,-91.6939,
uc-3595248,15.6666,-91.7118,
uc-3587636,14.502,-90.954,
uc-3588476,14.7618,-90.9925,
uc-3598128,14.524,-90.7631,
uc-3589105,14.6382,-91.229,
uc-3598034,14.7409,-90.8876,
uc-3592483,15.0444,-91.4086,
uc-3590389,16.9168,-89.919,
uc-3595232,14.1369,-90.0091,
uc-3588653,14.6462,-90.7343,
uc-3592286,14.8429,-91.318,
uc-3596421,14.8544,-90.0699,
uc-3589822,14.6472,-89.7246,
uc-3590288,14.623,-91.595,
uc-3594575,14.0821,-91.0538,coast
uc-3599788,14.4858,-90.8044,
uc-3592237,15.4061,-91.1468,
uc-3599287,15.0748,-91.648,
uc-3589253,14.4945,-90.7104,
uc-3591523,14.6319,-90.9266,
uc-3595783,14.5657,-89.3517,
uc-3597078,15.5322,-89.3311,lake
uc-3595725,16.9226,-89.8994,
uc-3589671,14.5888,-91.4519,
uc-3590316,15.3666,-90.4783,river
uc-3595560,15.1195,-89.3572,river
uc-3592362,15.4723,-88.8407,river
uc-3595503,14.0742,-90.4167,
uc-3591060,13.9222,-90.8191,coast
uc-3591851,14.6671,-90.3572,
uc-3591093,14.2836,-91.3606,
uc-3593376,15.8283,-88.7504,coast|lake
uc-3597587,14.5963,-91.7274,
uc-3591181,16.3311,-89.4169,
uc-3589475,14.4356,-91.2268,
uc-3598415,15.8131,-90.289,
uc-3590406,14.7883,-90.1988,
uc-3596644,14.6508,-91.578,
uc-3590924,15.0853,-90.4925,
uc-3042287,49.4598,-2.5353,coast
uc-2422465,9.538,-13.6773,coast
uc-2422488,9.535,-13.6878,coast
uc-2417786,9.7333,-13.4167,coast
uc-2416969,7.7562,-8.8179,
uc-2419992,10.3854,-9.3057,
uc-2421535,9.7911,-13.5233,coast
uc-2419533,10.0569,-12.8658,
uc-2415703,11.4228,-9.1685,river
uc-2419472,9.1848,-10.0999,
uc-2416402,10.65,-14.6167,coast
uc-2418362,11.3182,-12.2833,
uc-2420562,8.5674,-10.1336,
uc-2417833,10.3755,-12.0915,
uc-2421273,10.0404,-10.7434,river
uc-2417988,8.5435,-9.471,
uc-2420884,10.3668,-13.5825,
uc-2422924,10.9322,-14.2905,
uc-13562381,10.7957,-14.3997,coast
uc-2416085,11.1,-13.7667,
uc-2418623,11.8,-13.5,
uc-2418437,10.65,-9.8833,river
uc-2418092,7.8,-8.5333,mountain
uc-13562331,10.2858,-12.437,
uc-2414926,10.9,-13.0333,
uc-2422442,10.7433,-11.1078,
uc-2423018,10.85,-10.9333,
uc-2419498,11.6,-9.3833,
uc-13562531,10.5891,-11.1775,
uc-2419622,9.2667,-9.0167,
uc-2414545,11.445,-11.6642,
uc-2416443,11.0592,-12.395,
uc-7669271,11.8,-12.2167,
uc-2414341,11.4333,-13.8833,
uc-2423459,10.7167,-10.7167,
uc-2421690,9.7333,-10.1833,
uc-2420985,9.4306,-13.0881,
uc-2418596,12.4833,-13.3,
uc-2421903,11.2906,-10.7121,
uc-2414170,8.8872,-10.1722,
uc-2423126,8.6901,-8.6487,
uc-2417795,10.6258,-8.6941,
uc-2423969,9.55,-10.1,
uc-2417394,8.7667,-8.6167,
uc-2423919,10.7667,-11.3667,
uc-2420139,12.4,-13.4167,
uc-2374775,11.8636,-15.5977,coast
uc-2372532,12.28,-14.2222,
uc-2375254,12.1658,-14.6617,
uc-2368657,11.7333,-14.8167,coast|river
uc-3378644,6.8045,-58.1553,coast
uc-3377408,6.0081,-58.3072,
uc-3376762,6.2492,-57.5158,coast
uc-3718426,18.5435,-72.3388,coast
uc-6201369,18.5333,-72.4,coast
uc-3718420,19.9398,-72.8304,coast
uc-3717588,19.1114,-72.7008,coast
uc-3726540,19.2618,-72.5161,
uc-3723779,18.2357,-72.5369,coast
uc-3728474,19.7594,-72.1981,coast
uc-3722286,18.5111,-72.6334,coast
uc-3731088,18.7702,-72.5123,coast
uc-3728097,18.192,-73.7495,coast
uc-3718962,18.4312,-72.8652,coast
uc-3723593,18.65,-74.1167,coast
uc-3717560,19.3708,-72.3347,
uc-3720824,18.446,-73.0896,coast
uc-3724696,19.4475,-72.6893,coast
uc-3716667,18.653,-72.0939,lake
uc-3724337,18.4259,-72.7699,coast
uc-3716044,19.0505,-72.4659,
uc-3717546,19.4388,-72.1991,
uc-3722124,19.706,-72.4034,coast
uc-3724233,18.5409,-72.5268,coast
uc-3716737,19.6363,-71.9548,coast
uc-3723841,19.1409,-72.0119,
uc-3725276,18.5055,-71.9812,lake|mountain
uc-3724331,18.1854,-71.9182,coast|mountain
uc-3726674,18.9934,-72.3906,
uc-3600949,14.0818,-87.2068,
uc-3601782,15.5059,-88.0259,
uc-3612907,14.0333,-86.5833,
uc-3608248,15.7597,-86.7822,coast
uc-8556321,15.7667,-86.8333,coast
uc-3600026,15.8256,-87.9297,coast
uc-3613974,14.8511,-85.8941,
uc-3613533,15.6144,-87.953,coast
uc-3601311,14.5969,-87.831,
uc-3604251,15.4813,-86.5742,
uc-3600704,15.6833,-86.0,
uc-3610613,15.4,-87.8,river
uc-3601787,14.6167,-88.8667,mountain
uc-3601627,14.9809,-87.8909,
uc-3613528,13.3057,-87.1788,
uc-3613321,14.4558,-87.6397,
uc-3604229,15.776,-88.0383,coast
uc-3611150,15.3167,-87.7,
uc-3601211,15.6333,-86.3333,coast
uc-3602952,15.3475,-88.4052,
uc-3607511,15.4333,-87.9167,
uc-3600841,14.2167,-86.7,
uc-3606048,14.7788,-88.5902,
uc-3605186,15.3128,-88.5411,
uc-3600358,14.9376,-87.3935,
uc-3601403,15.4667,-86.25,
uc-3608503,14.6644,-86.2225,
uc-3600340,14.3259,-87.6135,
uc-3600327,15.3148,-87.9938,river
uc-3612810,15.1,-85.5333,
uc-3610380,14.5791,-87.7268,
uc-3600931,15.7743,-87.4673,coast
uc-3601494,14.7739,-88.7756,
uc-3603330,15.2301,-87.9639,river
uc-3607728,14.6167,-88.4667,
uc-3615069,15.6333,-87.3167,
uc-3602272,15.0144,-87.9716,
uc-3605000,13.2881,-87.3097,coast
uc-3601932,15.1269,-88.4393,
uc-3602680,13.8078,-87.2592,
uc-3602444,15.1161,-88.0407,
uc-3609389,15.0252,-86.0708,
uc-3601977,13.4242,-87.4472,coast
uc-3600254,14.2833,-88.242,
uc-3601516,15.2,-87.8833,
uc-3608822,15.9678,-85.0932,coast
uc-3609742,14.7439,-87.3712,
uc-3607294,13.6208,-87.6525,coast
uc-3613394,15.4,-88.15,
uc-3614975,14.7122,-88.0901,river
uc-3600199,15.0667,-87.2833,
uc-3602097,15.041,-88.3019,
uc-3610965,13.8667,-86.55,mountain
uc-3613361,13.95,-88.2833,
uc-3601159,14.9167,-87.2667,
uc-3615028,14.9325,-88.4896,
uc-3607254,14.3212,-87.6759,
uc-3604579,14.1167,-86.8667,
uc-3601999,14.2667,-87.0333,
uc-3614797,14.4833,-88.8,mountain
uc-3600195,15.1382,-87.1284,
uc-3609775,14.2379,-88.4645,
uc-3601691,14.9222,-88.2376,river
uc-1819729,22.2783,114.1747,coast
uc-12747063,22.4244,114.111,coast
uc-1819283,22.2787,113.9431,coast
uc-11101593,22.2878,113.9424,coast
uc-3054643,47.4984,19.0404,river
uc-721472,47.5317,21.6244,
uc-715429,46.253,20.1482,river
uc-717582,48.1033,20.7781,
uc-3046526,46.0762,18.2281,
uc-3052009,47.6833,17.6351,
uc-716935,47.9554,21.7167,
uc-3050434,46.9062,19.6913,
uc-3044774,47.19,18.4103,
uc-3044310,47.2309,16.6215,
uc-715126,47.1807,20.1984,river
uc-3044082,47.5925,18.381,
uc-3050616,46.3667,17.8,
uc-3045190,47.685,16.5905,
uc-3042638,46.837,16.844,
uc-722437,46.6833,21.1,
uc-3042929,47.0933,17.9115,lake
uc-721239,47.9027,20.3733,
uc-3053438,46.9648,18.9397,river
uc-3047679,46.4535,16.991,
uc-719965,46.4167,20.3333,
uc-3054543,47.1727,19.7995,
uc-3055685,46.183,18.9531,river
uc-3043293,47.7759,19.1361,river
uc-3045643,48.0987,19.803,
uc-3044760,46.3472,18.7119,river
uc-3046686,47.33,17.4674,
uc-3052040,47.7826,19.928,
uc-719311,48.25,20.6333,
uc-3052236,47.5966,19.3551,
uc-720334,46.65,21.2833,
uc-720292,47.6667,21.5167,
uc-3049885,46.7121,19.8446,
uc-3056357,47.102,17.5589,
uc-716736,46.5667,20.6667,
uc-3047896,47.8679,17.2699,
uc-716671,48.2167,20.3,
uc-3049880,46.434,19.4848,
uc-3053163,47.7928,18.7415,river
uc-715337,46.6583,20.2608,river
uc-3050907,47.5,19.9167,
uc-3049512,46.1928,18.2649,
uc-717902,46.2167,20.4833,river
uc-720276,47.45,21.4,
uc-3044681,47.6694,19.0756,river
uc-3047651,47.0342,19.7786,
uc-3044083,47.6529,18.3184,
uc-3045332,46.9041,18.058,lake|river
uc-714581,47.1833,20.4167,
uc-719404,47.3167,20.9333,
uc-3052101,47.3845,19.2214,
uc-3047942,47.3513,19.4473,
uc-3043095,47.1994,18.1395,
uc-722439,46.7667,21.1333,
uc-3053590,46.3766,18.137,
uc-3046768,46.6221,18.8557,river
uc-3046888,47.4867,18.3122,
uc-3051621,47.6667,19.6833,
uc-3050212,46.7681,17.2432,lake
uc-3043019,47.407,19.2865,
uc-717635,47.0,20.6333,
uc-3049519,47.7432,18.1191,river
uc-717771,47.9553,22.3235,
uc-3047967,45.9902,18.6862,river
uc-721592,46.7133,20.1424,river
uc-3050719,46.5298,18.9728,river
uc-718739,48.2167,22.0833,
uc-715466,46.8667,20.55,
uc-3042968,47.6459,19.2954,
uc-715839,48.3949,21.6587,
uc-720284,47.85,21.4333,
uc-722636,47.6167,21.35,
uc-717652,47.8167,20.5833,
uc-3044141,46.8815,17.4412,lake
uc-3044821,47.3295,18.9388,river
uc-714697,47.9333,21.0833,river
uc-3053836,47.1859,19.3109,
uc-723030,47.1899,20.0048,
uc-716301,47.3167,21.1167,
uc-3052241,47.6832,19.1342,river
uc-3045487,47.254,16.9352,
uc-720364,46.9333,20.8333,
uc-3049896,46.6214,19.2853,
uc-3413829,64.1355,-21.8954,coast
uc-8644037,63.9981,-22.5611,coast
uc-2633274,65.6835,-18.0878,coast
uc-3415496,64.0049,-22.5624,coast
uc-1275339,19.0728,72.8826,coast
uc-1273294,28.6519,77.2315,river|steppe
uc-1269843,17.384,78.4564,
uc-1277333,12.9719,77.5937,
uc-1275004,22.5626,88.363,river|wetland
uc-1264527,13.0878,80.2785,coast
uc-1279233,23.0258,72.5873,steppe
uc-1255364,21.1959,72.8302,coast|river
uc-1259229,18.5196,73.8554,
uc-1267995,26.4652,80.3498,river|steppe
uc-1269515,26.9196,75.7878,steppe
uc-1273865,11.0055,76.9661,
uc-1262180,21.1463,79.0849,
uc-1264733,26.8393,80.9231,
uc-1260086,25.5941,85.1356,
uc-1262111,28.6092,76.9798,steppe
uc-1269743,22.7179,75.8333,
uc-1269300,22.8028,86.1855,river
uc-1258393,17.7331,83.3162,coast
uc-1264521,9.919,78.1195,
uc-1275841,23.2547,77.4029,
uc-1253573,22.2994,73.2081,
uc-7626690,18.6187,73.8037,
uc-12165956,11.7338,78.9592,
uc-1271951,28.4112,77.3132,steppe
uc-1268295,19.2437,73.1355,coast
uc-1264728,30.912,75.8538,desert|steppe
uc-1253184,16.5074,80.6466,river
uc-1276058,22.8664,88.4011,river|wetland
uc-1261731,19.9973,73.791,river
uc-1274746,30.7363,76.7884,
uc-1254348,11.1154,77.3546,steppe
uc-1254361,8.7274,77.6838,
uc-1272979,23.7976,86.4299,
uc-1258847,22.2916,70.7932,steppe
uc-1279259,27.1833,78.0167,river|steppe
uc-1255634,34.0857,74.8055,river
uc-1271308,28.6654,77.4391,steppe
uc-12501153,9.9667,76.2667,coast
uc-1270926,29.4477,75.6721,steppe
uc-1278149,19.8776,75.3423,
uc-1253405,25.3167,83.0104,river
uc-1254745,10.0112,77.4777,
uc-1259652,18.6229,73.807,
uc-1272423,19.2167,73.0833,coast
uc-1263214,28.98,77.7064,
uc-1254388,10.8155,78.6965,river
uc-1253133,19.4559,72.8114,coast
uc-1261162,19.2311,82.5483,river
uc-1278710,31.6223,74.8753,desert|steppe
uc-1254163,8.4855,76.9492,coast
uc-1258980,21.2333,81.6333,
uc-1258526,23.3432,85.3094,river
uc-1272013,11.3428,77.7274,river|steppe
uc-1268865,26.2684,73.0059,desert
uc-1270583,26.2298,78.1734,steppe
uc-1269633,23.167,79.9501,
uc-1278994,25.4448,81.8432,river
uc-1253102,17.6801,83.2016,coast
uc-1266049,25.1825,75.8391,river|steppe
uc-1256436,17.6715,75.9104,steppe
uc-1271476,26.1844,91.7458,river
uc-12069922,28.7432,77.0678,steppe
uc-1262321,12.2979,76.6393,
uc-1257629,11.6538,78.1554,
uc-1269920,15.3478,75.1338,
uc-1270642,28.4601,77.0263,steppe
uc-1268782,31.3256,75.5792,desert|steppe
uc-1265873,11.248,75.7804,coast
uc-1275817,20.2724,85.8338,
uc-1275901,19.3002,73.0588,coast
uc-1276014,19.3016,72.8511,coast
uc-1261809,28.8527,77.0929,steppe
uc-1259425,11.9338,79.8298,coast
uc-1256409,22.8333,88.3667,river|wetland
uc-1275362,23.6693,86.1516,
uc-1279017,27.8815,78.0746,steppe
uc-1275971,21.2092,81.4285,
uc-1277013,28.3668,79.4317,
uc-1262801,28.8389,78.7768,
uc-1252948,18.0,79.5833,
uc-1259091,8.8811,76.5847,coast
uc-1270927,26.7663,83.3689,
uc-1270668,16.2997,80.4573,
uc-1257416,16.8544,74.5642,river|steppe
uc-1278314,23.6833,86.9833,
uc-1273780,20.465,85.8793,river
uc-1278718,20.9333,77.75,
uc-1275665,28.0176,73.3149,desert
uc-1269321,32.7353,74.8617,desert
uc-1273874,9.9399,76.2602,coast
uc-1253286,12.9184,79.1325,river
uc-1269317,22.4729,70.0667,coast|steppe
uc-1275248,19.235,72.8598,coast
uc-1276032,21.7629,72.1533,coast|steppe
uc-1266285,16.6956,74.2317,
uc-1258662,18.8008,79.4521,river
uc-1261529,14.4499,79.987,river
uc-8629640,8.7674,78.1342,coast
uc-1273313,30.3244,78.0339,
uc-1264115,20.5497,74.5346,steppe
uc-1260692,12.968,80.1502,coast
uc-1279159,26.4521,74.6387,desert
uc-1278130,13.1147,80.1098,coast
uc-1261977,19.1602,77.315,river
uc-1275610,20.7696,72.9613,coast
uc-1270752,17.3358,76.8376,steppe
uc-1256525,26.71,88.4285,
uc-1276533,15.8521,74.5045,
uc-1272175,23.5158,87.308,
uc-1258932,17.0052,81.7778,river
uc-1253894,19.2167,73.15,coast
uc-1253914,23.1824,75.7764,
uc-1271439,24.7969,85.0038,
uc-1263780,12.9172,74.856,coast
uc-1254360,13.6355,79.4199,
uc-1265491,15.8289,78.036,river|steppe
uc-1257806,29.9679,77.5452,
uc-1260476,29.3875,76.9682,steppe
uc-1275637,22.08,82.1554,
uc-1253986,24.5858,73.7135,steppe
uc-1260107,30.3362,76.3922,desert|steppe
uc-1269407,21.0029,75.566,steppe
uc-1279290,23.8361,91.2794,
uc-1279105,20.7096,76.9981,steppe
uc-1258451,12.9247,79.3333,river
uc-1266122,22.3458,82.6963,
uc-1273800,14.48,78.8235,steppe
uc-1268561,16.9604,82.2381,coast
uc-1273368,14.4669,75.9269,steppe
uc-1254187,10.5167,76.2167,coast
uc-1272543,10.369,77.9804,
uc-1276300,25.2445,86.9718,river
uc-1269006,25.4589,78.5799,steppe
uc-1276509,15.142,76.924,steppe
uc-1272691,20.9013,74.7774,steppe
uc-1279228,19.0946,74.7384,steppe
uc-1265711,23.7317,86.8437,
uc-1263364,27.5035,77.6722,river|steppe
uc-1265014,18.3972,76.5678,
uc-1269834,16.6912,74.4605,
uc-1258076,28.8945,76.5892,steppe
uc-1275198,19.3115,84.7929,coast
uc-1254649,10.7852,79.1391,river
uc-1269934,12.7365,77.8326,
uc-1275960,25.3471,74.6408,steppe
uc-1262330,26.1226,85.3906,
uc-1259239,22.2351,76.3933,
uc-1262332,29.4709,77.7033,
uc-1274693,19.9508,79.2952,
uc-1262131,22.894,88.4152,river|wetland
uc-1270022,29.1539,75.7229,steppe
uc-1255947,9.45,77.798,
uc-1267648,10.9577,78.081,steppe
uc-1275701,16.8244,75.7154,steppe
uc-1256515,13.9316,75.5679,
uc-1257845,23.8388,78.7387,
uc-1278946,27.5625,76.625,steppe
uc-1256728,27.8817,79.9092,
uc-1276609,25.4185,86.1339,
uc-1268773,21.5197,70.4598,steppe
uc-1271715,23.2167,72.6833,steppe
uc-1278985,9.49,76.3264,coast
uc-1278685,22.5525,72.9552,
uc-1276070,30.2075,74.9389,desert|steppe
uc-1259166,25.7789,87.4742,
uc-1261258,18.6715,78.0988,
uc-1254089,13.3414,77.1022,steppe
uc-1260341,19.2686,76.7708,
uc-1271885,27.1509,78.3978,steppe
uc-7279741,20.3717,72.9049,coast
uc-1267708,29.692,76.9845,steppe
uc-1269771,24.8081,93.9442,
uc-1277029,23.2557,87.8569,wetland
uc-11679708,11.941,79.8029,coast
uc-1277065,22.7215,88.482,wetland
uc-12165955,18.191,79.943,
uc-1278672,14.6778,77.6081,steppe
uc-1275716,25.2008,85.5239,
uc-1258599,28.8101,79.027,
uc-1273491,26.1522,85.8971,
uc-1253880,22.4756,88.099,coast|river|wetland
uc-6954929,28.4962,77.536,steppe
uc-1279186,23.7289,92.7179,
uc-1267755,18.4392,79.1286,
uc-1273066,22.9658,76.0553,
uc-1255744,28.9948,77.0194,steppe
uc-1258315,22.225,84.8641,
uc-1269395,19.841,75.8864,
uc-1257022,24.5773,80.8272,
uc-1254780,11.7481,75.4929,coast
uc-12032137,26.7413,83.8869,
uc-11127930,23.7564,86.0051,
uc-1272181,21.1915,81.2762,river
uc-1268159,12.8352,79.7001,river
uc-1258342,23.3303,75.0403,
uc-1276100,21.6948,72.9805,coast
uc-1256523,25.5689,91.8831,
uc-1278483,25.5563,84.6633,
uc-1260728,10.7732,76.6537,
uc-1252797,30.128,77.2837,
uc-1255062,12.9246,80.1271,coast
uc-1271987,26.7762,79.0213,river|steppe
uc-1262204,8.179,77.4323,coast
uc-1253993,11.4134,76.6952,mountain
uc-1276128,27.2173,77.4901,steppe
uc-1267076,17.2477,80.1437,
uc-1253084,18.1169,83.4115,
uc-7302856,17.4931,78.302,
uc-1271717,23.0833,70.1333,coast|steppe
uc-1263311,25.9417,83.5611,
uc-1256320,27.6121,75.14,steppe
uc-1267360,9.1817,76.5009,coast
uc-8347656,18.755,79.474,
uc-1270393,28.7298,77.7807,steppe
uc-1271942,27.3913,79.5793,river
uc-1267480,25.5385,87.5704,
uc-1271685,29.9201,73.875,desert
uc-1258182,24.5326,81.2923,
uc-1260137,32.2748,75.6529,desert
uc-1259012,16.2055,77.3557,steppe
uc-1262771,26.4989,77.9953,steppe
uc-1275068,21.3087,76.2303,river|steppe
uc-1260716,25.7728,73.3234,steppe
uc-1262775,22.8173,70.8377,steppe
uc-1262292,22.6939,72.8616,steppe
uc-1264637,16.1875,81.1389,coast
uc-1253952,13.3347,74.7462,coast
uc-1262395,23.8378,80.394,
uc-1278860,30.361,76.7978,
uc-7279754,24.1997,82.6753,
uc-1259312,14.7502,78.5481,river|steppe
uc-1262995,25.1449,82.5653,river
uc-1266976,22.3397,87.325,
uc-1273241,24.4898,86.699,
uc-1272051,16.7131,81.1044,
uc-1259395,21.6422,69.6093,coast|steppe
uc-13308246,22.1999,84.8618,river
uc-1275738,17.908,77.5152,
uc-1252770,20.3932,78.132,
uc-1262482,25.3746,86.4745,river
uc-1261927,15.478,78.4836,steppe
uc-1267885,10.0662,78.7678,
uc-1261045,15.5036,80.0445,coast
uc-1271976,26.7755,82.1502,
uc-1269935,15.2695,76.3871,lake|steppe
uc-1261653,20.9424,72.9247,coast
uc-1256639,23.2472,88.433,river|wetland
uc-1275778,21.0436,75.7851,river|steppe
uc-1274353,25.7803,84.7471,river
uc-1267031,21.8243,76.3509,
uc-1259184,19.7982,85.8249,coast
uc-1270576,25.3327,82.4664,
uc-1275120,28.4039,77.8577,steppe
uc-1275926,26.5667,78.7873,steppe
uc-1265683,10.9621,79.3912,river
uc-1257540,28.585,78.5696,
uc-1275899,28.793,76.1397,steppe
uc-1260434,18.9888,73.1101,coast
uc-1344377,22.0605,88.1098,coast|wetland
uc-1273802,11.7562,79.7669,coast|river
uc-1264389,23.5986,72.3847,steppe
uc-1264407,16.7438,77.986,steppe
uc-1257542,21.4653,83.9757,lake|river
uc-1259064,26.2309,81.2331,steppe
uc-1270351,29.9479,78.1603,river
uc-1279335,15.6279,77.275,steppe
uc-1268015,12.3081,75.1063,coast
uc-1255560,27.7,74.4667,desert
uc-1279344,19.672,78.5359,
uc-1256052,29.5349,75.029,desert
uc-1277799,27.5743,81.5947,
uc-1275812,23.254,69.6693,desert
uc-1270711,24.6469,77.3113,
uc-1277820,24.1047,88.2515,river|wetland
uc-12501195,16.9099,73.9465,
uc-1264621,13.5503,78.5029,
uc-1256451,25.4238,77.6622,steppe
uc-1255349,22.7271,71.6486,steppe
uc-1261473,11.6088,79.4994,
uc-1256287,24.8273,92.7979,river
uc-1252942,20.7393,78.5978,
uc-1277599,21.4927,86.9335,coast
uc-1264154,11.042,76.0815,
uc-1278708,28.9031,78.4698,
uc-1274304,22.057,78.9396,
uc-1256237,31.1044,77.1666,
uc-1270239,13.0071,76.0962,
uc-8740017,15.4167,75.6167,steppe
uc-1271850,15.4298,75.6297,steppe
uc-1253237,20.9077,70.3679,coast
uc-1259009,25.6128,88.1245,
uc-1269723,25.0045,88.1457,
uc-1269135,25.7536,82.6869,
uc-1257055,17.6859,73.9933,
uc-1269937,31.5372,75.9127,desert
uc-1278667,33.7307,75.1542,river
uc-1268907,29.3158,76.315,steppe
uc-11463772,10.0564,76.3845,coast
uc-1265242,27.9482,80.7793,
uc-1271912,25.9277,80.8127,steppe
uc-1254241,26.1664,75.7882,steppe
uc-1254757,16.2425,80.6398,
uc-1255969,27.5619,80.6826,
uc-1276321,13.8485,75.705,river
uc-1254327,12.2266,79.0746,
uc-1262951,30.8138,75.1688,desert|steppe
uc-1258831,21.0969,81.0289,river
uc-1258109,12.9563,78.2754,
uc-1259994,12.0935,75.2025,coast
uc-1275163,28.0381,79.1267,
uc-1274033,13.2105,79.0956,
uc-7284820,26.8477,89.3756,
uc-1276720,31.8092,75.2029,desert
uc-1261039,25.9902,79.4533,steppe
uc-1257804,25.875,86.5961,
uc-1253200,23.526,77.8109,river
uc-1270407,29.5818,74.3294,desert
uc-1254657,29.9732,76.8321,steppe
uc-1260637,28.1447,77.3255,steppe
uc-1266486,26.5901,74.854,desert
uc-8740322,28.98,79.4,
uc-1262067,17.0544,79.2671,steppe
uc-1270164,23.9924,85.3616,
uc-1263220,22.4211,87.3226,
uc-1277508,25.221,88.7773,
uc-1277397,25.4776,80.3349,
uc-1272552,25.9117,93.7217,
uc-1270079,13.8281,77.4914,river|steppe
uc-1276634,26.1012,74.3203,steppe
uc-1259005,21.8976,83.3966,
uc-1258916,9.453,77.5533,
uc-1256259,20.2739,72.9967,
uc-1258470,23.6164,87.1306,
uc-1257086,24.9494,84.0165,
uc-1266385,10.2326,76.1951,coast
uc-1275947,16.5408,81.5232,coast
uc-1275539,18.9892,75.7563,steppe
uc-1265859,23.4058,88.4907,wetland
uc-1274056,14.2226,76.4004,steppe
uc-1272648,27.4799,94.9084,river
uc-1279403,30.1445,74.1955,desert
uc-1268593,29.8015,76.3996,desert|steppe
uc-1271107,22.7755,73.6149,
uc-1258178,28.199,76.6183,steppe
uc-1276759,22.6614,88.8548,river|wetland
uc-1274337,24.9177,79.5887,
uc-1263834,24.0718,75.0699,
uc-1260777,24.1713,72.4383,steppe
uc-1259411,10.7669,75.9252,coast
uc-1253468,20.6101,72.9343,coast
uc-1273587,23.8331,79.4419,
uc-1270498,29.2225,79.5286,
uc-1270568,22.842,88.6561,wetland
uc-1266305,13.1377,78.13,
uc-1255647,18.2989,83.8975,coast
uc-1263814,12.5223,76.8975,
uc-10834495,24.969,84.1964,
uc-1264111,30.5309,75.8795,desert|steppe
uc-7279747,28.2102,76.8606,steppe
uc-1255927,26.221,84.3561,
uc-1269939,22.7475,77.7274,river
uc-1268338,23.2466,72.4951,steppe
uc-1277264,23.2324,87.0716,
uc-1260173,23.8507,72.1296,steppe
uc-1270996,27.1318,81.9533,
uc-1254432,27.489,95.3599,
uc-1272805,26.6929,77.8797,river|steppe
uc-1270990,21.4603,80.192,
uc-1276393,26.8023,84.5031,
uc-1271992,27.5588,78.6569,steppe
uc-1259686,28.6312,79.8044,
uc-1278553,21.6324,72.99,coast
uc-1274767,28.4518,78.7828,
uc-1275218,22.1692,71.6667,steppe
uc-1273193,26.5017,83.7794,
uc-8441115,24.4595,74.8662,steppe
uc-1267016,30.7055,76.222,desert|steppe
uc-1270216,27.5955,78.052,steppe
uc-1268820,26.7575,94.2031,
uc-1259440,10.6583,77.0085,
uc-1265157,24.6901,78.4192,
uc-1270670,15.1711,77.3624,steppe
uc-7279595,22.602,75.6965,
uc-1262710,26.6486,84.9166,
uc-1269578,19.0814,82.0213,river
uc-1269605,30.1672,77.3037,
uc-1273467,27.0333,88.2667,
uc-13157160,30.3354,76.8627,
uc-1270370,27.3949,80.1316,
uc-1259163,23.3306,86.363,
uc-1272842,14.4144,77.7203,steppe
uc-1277557,19.847,79.3458,
uc-1261163,26.35,92.6667,
uc-1253315,22.6902,73.563,
uc-1274220,13.3223,75.774,
uc-1276325,21.0545,86.5156,
uc-1256949,26.023,76.3441,steppe
uc-1278827,23.1189,83.1954,
uc-1278023,11.5978,75.5814,coast
uc-1265579,10.6467,76.067,coast
uc-1273892,28.3041,74.9672,desert
uc-1271675,26.4725,76.7174,steppe
uc-1256671,29.4497,77.3096,steppe
uc-1264206,27.0436,74.7245,desert
uc-1273687,22.8328,74.2599,
uc-1260607,15.4957,73.8262,coast
uc-1261631,24.8867,85.5436,
uc-1276856,18.2345,75.6928,steppe
uc-1268936,28.1256,75.398,steppe
uc-1269065,21.7548,70.6235,steppe
uc-1253166,11.9398,79.4924,
uc-1270801,16.4355,80.9955,
uc-1277084,25.1,76.5167,steppe
uc-1278715,21.5998,71.2117,steppe
uc-1259297,10.3813,78.8214,
uc-1261848,16.2349,80.0493,
uc-1258126,22.7239,88.3456,river|wetland
uc-1276942,21.9346,86.7285,
uc-1262578,30.4743,74.5166,desert|steppe
uc-1278083,26.0683,83.1836,
uc-1276895,30.3745,75.5487,desert|steppe
uc-1274040,24.8896,74.624,steppe
uc-1266928,21.8229,75.6139,steppe
uc-1270800,12.946,78.8738,river
uc-1276736,26.7882,82.7162,
uc-1260671,10.4503,77.5209,
uc-1271662,15.4313,76.5293,river|steppe
uc-1278815,12.7916,78.7164,river
uc-1271175,24.1862,86.3088,
uc-1265891,9.1717,77.8699,
uc-1255264,16.8147,81.5272,
uc-1277939,27.0992,84.09,river
uc-1268775,24.4349,85.5295,
uc-1279390,21.2567,77.5101,
uc-1270994,21.9607,70.8025,steppe
uc-1261012,18.1816,76.0389,
uc-1259385,11.6661,92.7464,coast
uc-1277936,16.1867,75.6961,steppe
uc-1255344,17.1405,79.6205,steppe
uc-1277324,23.0455,88.8308,wetland
uc-1255121,12.0416,75.3593,coast
uc-7302861,22.8642,88.637,wetland
uc-1272513,24.2561,72.1793,steppe
uc-1261669,23.4067,88.3686,river|wetland
uc-1261931,21.3667,74.2405,
uc-1255491,26.2579,82.0727,
uc-1271883,30.9257,74.6131,desert|steppe
uc-1256913,23.2,77.0833,
uc-1255254,14.9083,78.0103,river|steppe
uc-1261470,8.3985,77.0859,coast
uc-1269388,26.5167,88.7333,river
uc-1258686,23.6303,85.5216,
uc-1258474,14.6224,75.6295,
uc-1278340,9.5096,78.0959,
uc-1266607,28.2538,77.8554,steppe
uc-1266489,26.1022,87.9553,
uc-1268707,9.0728,77.3415,
uc-1270090,26.7341,77.0352,steppe
uc-1269374,25.3126,86.4889,
uc-1262216,27.202,73.7339,desert
uc-1275103,25.4385,75.6373,steppe
uc-1263012,16.8722,79.5625,steppe
uc-1269562,18.7947,78.9166,
uc-1258044,29.8663,77.8912,
uc-1253958,18.3926,77.1176,
uc-1262209,23.4583,75.4176,river
uc-1276389,21.9006,77.9023,
uc-1269557,25.2137,84.9871,
uc-1267579,29.214,78.9569,
uc-1271306,25.5833,83.5853,river
uc-1264588,15.275,73.9579,coast
uc-1262260,10.7638,79.8431,coast
uc-1275019,25.5755,83.9804,river
uc-1263494,15.3891,73.8149,coast
uc-1256826,22.085,79.5504,river
uc-1278148,24.752,84.3742,
uc-1270077,20.5487,78.8398,
uc-1272997,20.7072,81.5487,
uc-1274213,16.0899,80.1671,
uc-1277214,23.5411,74.4425,steppe
uc-12495083,23.1907,82.3531,
uc-1269653,22.6148,77.7622,
uc-1253367,15.3958,73.8157,coast
uc-1274256,11.3993,79.6914,coast
uc-1271631,27.3257,88.6122,
uc-1273403,25.6731,78.4591,steppe
uc-1259083,16.4757,75.1106,river|steppe
uc-1259827,31.2245,75.7739,desert|steppe
uc-1264735,25.1765,86.0947,
uc-1265938,17.5511,80.6178,
uc-1256529,27.108,78.5866,steppe
uc-1267588,27.8088,78.6458,steppe
uc-1267090,22.3174,72.6192,coast|steppe
uc-1266366,25.6747,94.111,
uc-13494723,12.7978,80.025,
uc-1260546,17.6792,75.331,river|steppe
uc-1267911,31.3801,75.3811,desert|steppe
uc-1264326,21.0901,71.769,coast|steppe
uc-1277643,20.7042,83.4903,
uc-10630431,10.0614,76.3263,coast
uc-1268977,21.8553,84.007,lake
uc-1274868,20.4578,75.016,steppe
uc-1278931,21.0398,75.0589,steppe
uc-1254744,8.96,77.3153,
uc-1263694,11.1202,76.12,
uc-1276901,25.7457,71.3921,desert
uc-1267616,12.4984,74.9896,coast
uc-1257198,28.4406,74.491,desert
uc-1257486,22.9923,72.3818,steppe
uc-1257794,25.2443,87.6348,river
uc-1260387,9.5463,78.5907,
uc-1254385,11.3802,77.8944,
uc-1277723,22.4827,88.1818,river|wetland
uc-1258744,12.7218,77.2815,
uc-1272045,15.772,77.4835,steppe
uc-1253437,12.6816,78.6201,river
uc-1253944,10.5881,77.2478,
uc-1260290,18.8506,76.5316,
uc-1264292,27.2286,79.0288,steppe
uc-1267084,20.7074,76.5683,steppe
uc-1265863,12.5192,78.2138,
uc-1272892,22.5937,75.2977,
uc-1277044,29.102,77.2633,steppe
uc-1272473,13.2945,77.5378,steppe
uc-1274106,15.8239,80.3522,coast
uc-1279094,21.0963,77.0588,
uc-1271910,27.9949,74.9563,desert
uc-1258803,30.4786,76.5928,steppe
uc-1265973,30.5806,74.8261,desert|steppe
uc-1276191,21.1682,79.6488,river
uc-1277940,24.529,85.0602,
uc-1258291,14.0572,78.7506,
uc-1258546,23.1762,88.5667,wetland
uc-1253472,10.3269,76.9512,mountain
uc-1272873,10.7383,77.5322,steppe
uc-1267394,14.9163,79.9945,coast
uc-1258099,18.4369,73.1196,coast
uc-1268673,14.1117,78.1598,steppe
uc-1256739,23.2936,81.3619,
uc-11184435,19.622,74.657,steppe
uc-1264359,25.2905,79.8753,
uc-1257436,19.5678,74.2115,steppe
uc-1344069,21.7798,87.7489,coast|wetland
uc-1257402,30.2451,75.8449,desert|steppe
uc-1272694,26.0186,89.9856,river
uc-1261288,19.0968,78.3441,
uc-1273265,29.695,77.6796,
uc-1255024,26.5495,82.6584,river
uc-1271949,30.674,74.7558,desert|steppe
uc-1259263,9.1749,77.398,
uc-1269291,24.9261,86.2253,
uc-1278573,23.1132,70.0267,coast|steppe
uc-1260390,18.7762,84.095,
uc-1259093,11.4381,75.6931,coast
uc-1267887,10.9167,79.8333,coast|river
uc-1270417,29.1024,75.9625,steppe
uc-1263247,11.1035,79.655,
uc-1278688,17.6913,83.004,coast
uc-10209444,22.1032,78.1716,
uc-1273369,26.89,76.3358,steppe
uc-1260393,20.3164,86.6085,coast
uc-1270072,19.7146,77.1424,
uc-1276829,25.4751,85.9681,
uc-1278173,11.5941,78.6014,
uc-1269092,18.8563,82.5716,
uc-1275679,29.373,78.1364,
uc-1272720,21.7336,70.45,steppe
uc-1277661,21.8156,80.1885,river
uc-1268246,9.7365,77.2847,
uc-1253956,32.9243,75.1357,
uc-1262109,29.6119,78.3427,
uc-1255983,26.5936,85.4906,
uc-1270349,14.5129,75.8072,river|steppe
uc-1256039,18.3886,78.8105,
uc-1267819,26.4983,77.0276,steppe
uc-1263622,29.9884,75.4017,desert|steppe
uc-1269247,24.47,88.0766,river
uc-10733738,30.6709,76.3019,desert|steppe
uc-11626023,23.6645,85.3269,
uc-1278297,24.5758,77.7312,
uc-1263080,22.5589,75.7654,
uc-1266509,29.5067,78.2061,
uc-1264138,30.2112,74.4818,desert
uc-1268680,23.2991,72.3336,steppe
uc-13157141,20.9221,72.9095,coast
uc-1260792,16.5167,81.73,
uc-1270099,23.5989,72.966,steppe
uc-1256087,30.6432,76.3842,desert|steppe
uc-1272733,22.7273,72.4413,steppe
uc-1254354,12.4924,78.568,
uc-7279734,30.5819,74.833,desert|steppe
uc-1276988,21.3335,83.6191,
uc-8133395,19.0498,73.0702,coast
uc-1268601,29.3954,77.2054,steppe
uc-1275194,21.8167,83.9167,lake
uc-1268259,18.32,78.3418,
uc-7302847,17.5815,80.6765,
uc-1263664,20.2533,74.4376,steppe
uc-9408449,13.7551,79.7014,
uc-1274987,11.8675,75.3576,coast
uc-1261641,26.9313,81.1984,
uc-1271067,16.169,74.8239,steppe
uc-1254534,24.7433,78.8306,
uc-1278471,13.0845,79.6705,
uc-1278446,26.1493,87.5132,
uc-1266436,26.3254,89.4451,
uc-1276335,25.3953,82.5703,
uc-1254335,9.3816,76.5749,coast
uc-1267457,23.6456,88.1326,river|wetland
uc-1273626,24.0397,84.0658,
uc-1252908,20.1113,77.133,
uc-11184442,21.3373,71.3035,steppe
uc-1276752,23.8515,77.9365,
uc-1254953,16.7544,81.6814,
uc-1270647,32.0393,75.4032,desert
uc-1275391,18.6621,77.8858,
uc-1277525,27.4295,82.1855,
uc-1277085,34.209,74.3428,river
uc-1267635,14.8136,74.1297,coast
uc-1272689,24.6813,87.9535,river
uc-8740018,16.47,75.12,river|steppe
uc-1263275,29.1029,77.922,
uc-1256475,21.3482,74.8804,steppe
uc-1265605,21.3422,71.3063,steppe
uc-1253095,23.6986,72.5521,steppe
uc-1268011,27.0552,79.9188,steppe
uc-1262200,29.4443,78.4365,
uc-1271891,30.4021,74.0284,desert
uc-1277022,21.123,73.1115,
uc-1258338,16.9915,73.3102,coast
uc-1267227,21.3033,70.2486,
uc-1274129,13.4005,78.0517,steppe
uc-1256207,15.7698,76.7558,steppe
uc-1264555,26.3537,86.0717,
uc-1253888,12.8057,74.8606,coast
uc-1272701,22.9917,71.4679,saltflat|steppe
uc-1254710,26.6333,92.8,river
uc-1255616,9.5127,77.6337,
uc-10400284,26.0551,86.1456,
uc-1260667,17.6018,80.7051,
uc-1269217,23.6378,75.1271,
uc-1254046,25.5142,90.2024,
uc-1270791,14.1509,79.8521,
uc-1261772,28.0444,76.1083,steppe
uc-1277527,25.8324,72.24,desert
uc-1266960,30.7463,76.6469,
uc-1252822,16.7701,77.1376,river|steppe
uc-1270375,22.3441,77.0954,
uc-1259680,28.7127,77.656,steppe
uc-1264793,18.7527,73.4057,
uc-1278862,18.7331,76.3862,
uc-1276574,25.9206,81.9963,
uc-1277091,18.1517,74.5777,steppe
uc-1256755,27.6431,79.9402,
uc-8223970,11.515,79.3282,
uc-1274714,29.1349,78.2719,
uc-1256329,28.4523,77.7,steppe
uc-1253113,9.5851,77.9579,
uc-1260040,10.4236,79.3195,coast
uc-1259154,19.9127,77.5784,
uc-1254444,12.234,79.6555,
uc-1273992,21.2458,75.2995,steppe
uc-1257431,17.6248,78.0867,
uc-1260730,19.6969,72.7654,coast
uc-1256593,25.6647,76.6962,steppe
uc-1274641,12.6514,77.2067,
uc-1271947,28.21,79.5415,
uc-1262039,11.2213,78.1652,
uc-11184261,25.4709,85.976,
uc-1265911,9.5869,76.5213,coast
uc-1255714,34.2867,74.4723,lake|river
uc-1258289,19.1713,83.4143,
uc-1252699,17.6814,77.6074,
uc-1266666,18.7856,73.3459,
uc-1258366,28.0814,74.6185,desert
uc-1263504,15.7353,79.2685,
uc-1275346,23.6628,87.697,
uc-1271934,29.5153,75.4555,desert|steppe
uc-1277183,15.9042,80.4674,coast
uc-1266154,15.3452,76.1548,lake|steppe
uc-1277949,14.7451,79.0629,
uc-1255361,29.3215,73.8998,desert
uc-1278152,26.4652,79.5092,steppe
uc-1261008,10.7735,76.3776,
uc-1274821,11.9231,76.9395,
uc-1263752,21.1227,70.1148,coast
uc-1276783,17.8744,76.9497,
uc-1274928,22.5504,85.8025,
uc-1256693,23.4264,76.2777,
uc-1263103,11.2997,76.9348,mountain
uc-1255449,30.1288,75.7994,desert|steppe
uc-1276023,19.9072,83.167,
uc-1269328,16.5046,75.2915,steppe
uc-1276757,19.3287,77.1575,
uc-1272847,12.1277,78.1579,
uc-1275481,28.2925,79.8047,
uc-1278178,16.7,81.6,
uc-1262463,10.0882,77.0624,mountain
uc-1262319,30.3758,76.1529,desert|steppe
uc-1257551,25.8622,85.7795,
uc-1267853,20.4827,77.4886,
uc-1258797,25.0714,73.8798,steppe
uc-1264071,20.8855,76.1993,steppe
uc-1262958,23.4625,73.2986,steppe
uc-1269507,26.9176,70.9039,desert
uc-1275117,20.5293,76.1846,
uc-1272780,20.6574,85.5969,
uc-1253676,17.05,74.2667,
uc-1270965,26.4673,84.4404,
uc-1275321,26.477,90.5581,
uc-1266452,10.3007,76.3376,coast
uc-1270171,14.7935,75.4045,
uc-1263659,10.6663,79.4506,river
uc-1269027,24.5963,76.165,
uc-1254868,31.4519,74.9278,desert|steppe
uc-1256377,18.1048,78.8486,
uc-7302806,19.0558,79.493,
uc-7279597,22.1019,85.3775,
uc-1266124,18.8215,78.7119,
uc-1258128,30.1078,78.2926,river
uc-1270845,26.6998,89.0256,
uc-7302829,18.9651,79.4748,
uc-1260771,18.7726,84.4101,coast|mountain
uc-1271079,29.1378,76.7025,steppe
uc-1259264,14.4214,78.225,steppe
uc-1274430,12.6918,79.9766,river
uc-1265331,27.6531,74.3999,desert
uc-1255396,26.1153,86.5951,
uc-1271670,25.4014,88.5298,
uc-1258740,9.3716,78.8308,coast
uc-1269564,30.7878,75.4739,desert|steppe
uc-1256119,19.8451,73.9987,
uc-1266162,19.8824,74.4761,river|steppe
uc-1279003,26.4835,89.5229,
uc-1255004,17.2485,77.577,
uc-1266849,29.2784,77.733,
uc-1255955,23.9081,87.5277,
uc-6990539,24.1716,78.1876,
uc-1260707,21.5252,71.8231,steppe
uc-1274496,27.1696,75.7223,steppe
uc-1270474,22.5032,73.4724,
uc-1266416,16.9985,79.9656,
uc-1275462,23.0738,87.3199,
uc-1278697,18.7928,78.2767,
uc-1277814,28.7742,79.4974,
uc-1261613,27.8516,75.2738,steppe
uc-1259056,24.4432,77.1977,
uc-1254274,29.7133,75.9044,desert|steppe
uc-1269154,20.1597,85.7074,
uc-1278454,12.6677,79.2853,
uc-1274243,13.4351,77.7279,
uc-1275230,22.4079,72.8982,coast
uc-1270723,23.7975,85.8252,
uc-1271819,16.235,77.7956,steppe
uc-1259704,16.4793,79.8863,
uc-1256698,25.1399,85.841,
uc-1256047,14.6207,74.8355,
uc-10792588,9.6844,76.3356,coast
uc-1261309,16.399,74.3829,
uc-1276948,26.6466,77.6163,steppe
uc-1261227,27.5616,73.4714,desert
uc-1253150,16.0531,79.7396,
uc-1258207,24.2164,83.0358,
uc-1262240,13.3214,79.5856,
uc-1273745,29.9491,74.7383,desert|steppe
uc-1256388,26.9843,94.6378,
uc-1261739,29.599,76.1193,desert|steppe
uc-1261066,22.4676,69.07,coast|steppe
uc-13665129,20.4143,72.8324,coast
uc-1265828,27.1474,74.8565,desert
uc-1261369,24.6217,74.68,steppe
uc-1256382,23.9178,72.3721,steppe
uc-1272525,25.8434,93.4312,
uc-1258290,14.6997,76.8524,steppe
uc-1258352,25.5947,79.5666,steppe
uc-1253080,11.5183,79.3241,
uc-1276977,25.4834,85.7093,river
uc-1256750,21.5454,74.4711,steppe
uc-1273751,25.8857,78.3322,steppe
uc-1254420,13.2563,76.4777,steppe
uc-1257800,28.0723,78.7508,
uc-1252956,16.3674,78.0689,steppe
uc-1262852,25.3966,85.9219,river
uc-1278466,22.8833,87.7833,wetland
uc-1267267,21.6318,85.5969,
uc-12503616,20.1001,79.1144,
uc-1260448,11.7766,79.5527,
uc-1269784,15.9592,76.1135,steppe
uc-1261553,8.6027,77.0014,coast
uc-1277322,25.8673,86.5115,
uc-1261754,22.9494,79.1836,
uc-7302844,16.0711,80.5494,
uc-1267486,32.3694,75.5254,desert|river
uc-1261181,27.2352,94.1036,
uc-1263427,25.3542,85.0319,
uc-1256620,20.7932,76.6992,steppe
uc-7279752,23.0817,77.5333,river
uc-1260959,20.6673,75.353,steppe
uc-1270947,11.455,77.4422,steppe
uc-1271644,29.78,77.2635,
uc-1269655,27.0869,93.6099,
uc-1261852,16.4342,81.6984,coast|river
uc-1260368,22.1913,78.759,
uc-1272722,15.3952,77.8715,steppe
uc-1258868,28.642,75.3861,desert
uc-1260454,24.7209,80.1877,
uc-1271049,28.0784,80.4705,
uc-1271083,26.4328,78.442,steppe
uc-1252960,20.0551,78.9531,
uc-1254589,10.7727,79.6368,
uc-1253736,21.7401,70.2826,steppe
uc-1261110,16.7885,80.8459,
uc-1253783,20.8232,71.0379,coast|steppe
uc-1256269,20.303,75.6528,
uc-1256104,13.7416,76.9043,steppe
uc-1274237,20.3505,76.2577,
uc-1268990,22.4538,86.995,
uc-8541672,19.3316,79.466,
uc-1276084,21.735,81.9471,
uc-1267573,18.7593,84.4161,coast|mountain
uc-1270251,28.7225,78.2844,
uc-1264839,23.4331,84.6799,
uc-1269551,28.4055,78.1059,steppe
uc-1256569,29.327,78.5743,
uc-1264647,16.4764,79.4353,steppe
uc-1262092,26.6827,88.22,
uc-1257379,9.1705,77.5411,
uc-1262562,13.1635,78.3935,
uc-1268111,15.2154,79.9039,coast
uc-1259408,16.0655,80.552,
uc-1266267,12.1545,77.1105,river
uc-1253750,23.8037,72.391,steppe
uc-1274315,27.1487,79.5008,steppe
uc-1254481,27.9628,79.7383,
uc-1264688,22.8925,92.7422,
uc-1269936,13.0707,77.7981,river
uc-12522807,20.9557,86.1264,
uc-1278026,22.1119,85.3868,
uc-1257565,17.0568,82.1764,coast
uc-1267758,24.8692,92.3554,
uc-1275406,18.5737,83.3593,
uc-1263101,11.788,77.8008,lake|river
uc-1257001,16.3938,80.1522,
uc-1254345,11.0432,75.9234,coast
uc-10929901,10.9934,75.935,coast
uc-1274890,22.6761,85.6289,
uc-1256854,21.6856,75.0962,steppe
uc-1255134,18.735,73.6756,
uc-1270032,13.9445,76.6172,steppe
uc-1278580,21.1652,77.3091,
uc-1274571,28.5917,76.2716,steppe
uc-1253918,28.0031,79.0082,
uc-1273766,22.1833,73.4333,
uc-1254813,25.4904,85.94,
uc-1261086,24.4186,82.988,
uc-1254331,13.1438,79.9089,
uc-1263898,16.8625,81.9292,
uc-1254346,10.9137,75.9212,coast
uc-1257951,30.969,76.5269,river
uc-1265310,27.7083,80.9026,
uc-1253143,23.1256,72.0501,steppe
uc-1269665,26.2654,88.1898,
uc-1267904,17.2894,74.1818,river
uc-1252795,16.7331,82.2136,coast|river
uc-1279394,24.4801,72.7819,mountain|steppe
uc-1258294,26.9798,84.8507,
uc-13353584,11.0597,75.9031,coast
uc-1276810,22.0323,74.8998,steppe
uc-1259841,22.4768,72.7999,
uc-1269422,26.1451,79.3366,steppe
uc-1264551,24.2742,86.6393,
uc-1272670,30.3685,75.8679,desert|steppe
uc-1274862,14.318,76.6517,steppe
uc-1275582,24.1835,78.2029,
uc-1274119,17.5334,73.5093,
uc-1263852,22.5988,80.3712,river
uc-1275930,17.8902,83.452,coast
uc-1465873,12.9962,80.0751,
uc-1259508,17.1168,82.2528,coast
uc-1268135,23.9595,88.0402,wetland
uc-1269819,11.5862,77.8389,
uc-1259228,13.3667,78.5719,
uc-1271346,22.6624,87.734,wetland
uc-1257851,14.165,75.029,
uc-1256343,21.7113,71.9618,coast|steppe
uc-1272606,18.5483,77.5769,
uc-1264570,25.9213,86.7927,
uc-1264414,21.1074,82.0948,
uc-1256369,24.4038,81.8795,
uc-1271558,20.1806,80.0052,river
uc-1259123,13.4419,79.5531,
uc-1269392,25.3456,72.6156,desert
uc-1257559,30.1539,76.1985,desert|steppe
uc-1258922,14.1954,79.159,
uc-8430980,25.1786,91.6395,
uc-1260674,13.2,78.7472,
uc-1268189,12.5465,77.4201,
uc-1252840,26.0972,94.2582,
uc-1253807,20.854,79.3247,
uc-1260222,18.7839,83.4257,
uc-1272640,27.401,74.5754,desert
uc-1272225,25.5526,84.1515,
uc-13156777,16.8915,80.0955,
uc-1258581,24.1774,87.7827,
uc-1271151,26.1767,90.6263,river
uc-1254054,17.359,82.5461,coast
uc-1265354,27.8229,75.0275,desert
uc-1256722,16.696,76.8422,steppe
uc-1275848,17.5154,78.8856,steppe
uc-1259124,12.7598,75.2017,
uc-1255654,28.0962,74.0087,desert
uc-1262678,26.0887,83.2909,
uc-1278935,16.5787,82.0061,coast
uc-1278354,13.3145,76.257,steppe
uc-1259811,17.9911,74.4318,steppe
uc-1278294,23.0175,76.7221,river
uc-1257459,27.0699,80.515,steppe
uc-1253182,17.3381,77.9044,
uc-1276832,22.3654,88.4325,wetland
uc-1256759,17.1307,76.9436,steppe
uc-8439888,25.2383,86.7356,river
uc-1263859,29.9663,74.7002,desert|steppe
uc-1266217,25.9945,79.1513,steppe
uc-1253251,13.9601,79.5803,
uc-1275435,27.4958,80.9962,
uc-1256029,15.63,76.8922,river|steppe
uc-1266073,27.7945,77.4368,steppe
uc-1256064,24.1031,77.6906,
uc-1269256,17.726,79.1524,steppe
uc-1273390,25.0347,84.4009,river
uc-1273574,15.2667,74.6167,
uc-1262663,16.3335,75.2831,steppe
uc-9072827,9.8939,76.7222,
uc-1273128,9.947,78.8233,
uc-1278334,25.2428,84.6657,river
uc-1268383,25.6344,88.3267,
uc-1261727,26.3047,74.7336,desert
uc-1274664,9.442,76.536,coast
uc-1256431,16.521,76.7574,steppe
uc-1263824,22.8328,69.3524,coast|steppe
uc-8741053,22.2,84.583,
uc-1259892,12.9343,78.7189,
uc-1270722,23.0427,84.5443,
uc-1258637,29.3925,79.1283,
uc-1256418,23.4067,76.7098,
uc-1254372,9.8231,77.9838,
uc-1256363,13.389,77.8644,steppe
uc-1266620,24.0437,78.3301,
uc-1270102,25.3164,85.2823,
uc-11184474,30.2756,75.2425,desert
uc-1271892,25.5096,85.305,river
uc-1254069,27.2146,78.2368,river|steppe
uc-1263661,10.9922,76.4642,
uc-7302835,18.8472,78.6256,
uc-1258201,16.0184,80.8296,coast
uc-1269873,12.3036,76.2927,
uc-1261910,12.1176,76.684,
uc-1271874,26.3025,87.2656,
uc-8741024,18.7284,82.8293,
uc-1271780,28.8457,78.2396,
uc-1273708,19.9678,72.7126,coast
uc-1258386,11.4601,78.1864,
uc-1257587,18.5172,83.2055,
uc-1276371,25.0405,83.6075,
uc-1270000,27.892,77.3674,steppe
uc-1276328,17.6685,80.8889,river
uc-1278498,28.274,79.1652,
uc-1274536,24.2065,84.8709,
uc-1267189,25.5022,86.4671,
uc-1273002,29.3088,78.5108,
uc-1259813,27.131,72.3683,desert
uc-1271688,18.9696,76.7495,river
uc-1257196,29.1455,77.6143,
uc-1261234,29.1829,74.7706,desert
uc-1252738,20.0424,74.4894,steppe
uc-1276249,19.1129,77.9634,
uc-1259881,10.9772,76.2254,
uc-1259896,11.2333,78.8833,
uc-1277950,22.7443,88.7866,river|wetland
uc-1270819,11.5207,76.4814,
uc-1261784,27.1038,84.4618,
uc-1259954,17.077,82.1384,coast
uc-1263684,19.1551,76.2099,
uc-1273374,18.4652,74.5837,river|steppe
uc-1267939,23.023,73.0711,steppe
uc-1265961,27.7021,76.1991,steppe
uc-1277765,15.8137,74.8589,
uc-1275762,23.9205,76.9107,
uc-1261696,25.3881,87.0991,
uc-1259602,22.757,78.355,
uc-1276867,26.3229,91.0063,
uc-1270974,15.1184,77.6378,steppe
uc-1255046,22.3008,87.9259,coast|wetland
uc-13353581,11.0508,75.9781,coast
uc-1261922,31.3897,76.3757,lake|river
uc-1269179,22.0371,71.2079,steppe
uc-1271113,24.827,87.2125,
uc-1275655,25.2107,84.2551,
uc-1269042,28.6063,76.6565,steppe
uc-1258639,27.1637,84.3234,
uc-1261415,29.3242,78.3872,
uc-10400295,25.6096,85.4808,river
uc-1253091,17.2734,74.5379,steppe
uc-10930101,10.9515,75.9096,coast
uc-1275920,24.9994,72.2714,steppe
uc-1257890,17.6193,77.9526,
uc-7626561,25.456,85.5329,
uc-1278208,16.7261,75.0642,steppe
uc-1252919,21.471,78.2696,
uc-1252958,22.612,70.9438,steppe
uc-1273909,24.3335,93.67,
uc-1272201,23.8431,73.7147,steppe
uc-1272237,24.2678,87.2485,
uc-1271847,22.9235,78.7849,
uc-1259503,29.5835,80.2095,
uc-1277552,25.4214,86.3144,
uc-1275712,25.5588,84.8714,
uc-1278190,28.0296,78.2857,steppe
uc-1266128,18.812,82.7105,
uc-1253861,19.6014,77.6888,
uc-1270820,9.6783,77.2495,
uc-1265580,11.3046,75.8777,coast
uc-1268866,21.9017,70.0327,steppe
uc-11184118,10.1019,76.291,coast
uc-11463700,10.119,76.3023,coast
uc-1259243,9.0196,76.9226,
uc-1253180,8.7148,77.3903,
uc-1260909,26.904,83.9809,
uc-1278868,26.7042,78.2268,steppe
uc-1263331,11.9302,75.5715,coast
uc-1270287,14.7877,75.9886,steppe
uc-1267283,20.5017,86.4223,
uc-13353579,11.1372,75.9257,coast
uc-1257762,19.4551,76.4407,
uc-1263230,18.0453,78.2608,
uc-1272411,21.3236,74.568,steppe
uc-1269315,20.8095,75.7777,steppe
uc-1275050,21.5098,83.8726,lake|river
uc-1261532,11.7755,79.6702,coast|river
uc-1267369,22.0085,81.2315,
uc-1270759,28.5894,77.7932,steppe
uc-9063948,22.017,85.422,
uc-1256832,29.209,78.5884,
uc-1252925,20.2289,79.0028,
uc-1263594,15.9913,77.0503,steppe
uc-1267675,26.8825,88.2773,
uc-1263761,29.7909,77.8784,
uc-1261398,11.2727,76.2257,
uc-1272207,27.7331,78.9412,steppe
uc-1261901,27.8646,81.5004,
uc-1266616,20.1827,85.6163,
uc-1278228,25.2862,80.5716,
uc-9036524,25.2167,85.7333,
uc-1263120,26.6486,74.0341,desert
uc-1269323,14.8468,78.3831,river|steppe
uc-1271493,24.16,83.8076,
uc-1261598,31.1245,76.1161,desert
uc-1258534,21.6873,69.7448,coast|steppe
uc-1277289,24.8809,86.9226,
uc-1254570,24.6388,93.9964,
uc-1264363,27.2919,81.1178,
uc-1260824,24.6393,87.8424,
uc-1261567,13.9074,79.8946,
uc-1271940,17.0779,78.2034,
uc-1258584,30.256,75.2412,desert
uc-10910176,11.9126,75.361,coast
uc-1273833,11.3498,76.7938,mountain
uc-1260543,21.5956,78.5263,
uc-1256558,9.6858,76.34,coast
uc-11452749,11.0153,76.0701,
uc-1271212,30.1995,74.6663,desert|steppe
uc-1261957,15.8567,78.2657,steppe
uc-1267115,26.7727,83.0718,
uc-1274043,23.8568,86.9032,
uc-1274837,22.0353,82.6423,
uc-1263195,20.1505,76.5684,
uc-13353618,23.1854,81.5551,
uc-1255437,22.1167,84.0333,
uc-1272639,27.4719,77.3256,steppe
uc-1254080,21.3833,79.7333,
uc-1258698,9.2885,79.3127,coast
uc-1277320,12.9912,78.178,
uc-1255023,28.9762,78.9419,
uc-1254342,13.1759,79.6164,
uc-1272596,20.1035,77.7185,
uc-1277362,27.0509,76.5733,steppe
uc-1277636,20.6661,76.7739,steppe
uc-11453263,11.5014,76.3498,
uc-13494730,17.51,78.5656,
uc-1269979,17.7707,77.1252,
uc-1263148,23.1765,88.0975,wetland
uc-1261932,20.8342,76.4592,steppe
uc-1278593,20.8409,85.1019,
uc-1265932,11.0009,76.0062,coast
uc-1333526,20.5857,81.075,
uc-1268325,26.1167,79.7333,river|steppe
uc-1268896,19.6119,76.6874,
uc-1273618,20.4143,72.8324,coast
uc-1278609,12.7111,77.6956,
uc-1261446,16.9057,81.6722,
uc-1258952,23.3303,77.7811,
uc-1270787,12.8452,80.0606,
uc-1253403,21.0177,75.9104,steppe
uc-1256340,23.4871,80.104,
uc-1274102,28.2394,75.6403,steppe
uc-1279227,18.7062,76.9373,
uc-1271142,22.8774,88.7548,river|wetland
uc-1252745,17.5906,80.3215,
uc-1270543,25.1648,93.0174,
uc-1259444,17.2475,81.6437,river
uc-7302825,16.2858,81.2546,coast
uc-1258756,16.8364,82.0287,
uc-13353576,9.5297,76.5406,coast
uc-1256432,10.7618,76.2708,
uc-1268138,29.321,77.271,steppe
uc-1276815,29.3675,75.9081,steppe
uc-1269350,22.0524,72.8007,coast
uc-1253392,8.7333,76.7167,coast
uc-1267461,21.2739,78.5858,
uc-1257751,23.9483,87.6804,
uc-13353575,10.0879,76.3411,coast
uc-1276954,25.2881,86.0206,
uc-1255860,25.9249,73.6663,desert
uc-1268403,27.0346,88.6308,
uc-1256246,22.6152,84.5021,
uc-1275446,24.253,83.925,
uc-11463108,10.1112,76.2463,coast
uc-1277748,26.7406,85.2732,
uc-1272607,13.2667,93.0,coast
uc-1264409,17.5973,80.0021,
uc-13353573,9.6183,76.5313,coast
uc-1278335,20.9959,78.2291,
uc-1255953,9.847,78.4836,
uc-1264912,22.5651,71.8108,steppe
uc-1273704,23.169,72.8216,steppe
uc-1256752,30.1678,76.8705,
uc-1269168,29.2792,78.828,
uc-1254675,22.5742,71.1994,steppe
uc-1277196,22.8284,72.3636,steppe
uc-1266794,28.8659,77.2841,steppe
uc-12522576,18.4287,79.8638,
uc-1272532,26.1353,89.4613,
uc-1279068,17.5643,76.5685,steppe
uc-1262117,29.3974,79.4469,
uc-1269818,23.8414,73.0007,steppe
uc-1274151,9.84,77.3811,
uc-1276027,24.4158,75.8355,
uc-1256322,27.6886,78.3799,steppe
uc-1260697,10.9917,77.2863,
uc-1258270,18.4491,83.6596,
uc-1269477,20.8485,86.3373,
uc-1268823,26.3421,77.8092,steppe
uc-1274984,22.314,88.6651,coast|wetland
uc-1267175,27.527,80.7546,
uc-1259338,24.0322,74.7816,
uc-1273043,26.6748,85.167,
uc-1268020,20.2568,75.1379,
uc-1261711,24.9381,73.8239,river|steppe
uc-13353572,11.0698,75.9388,coast
uc-1271050,26.5117,93.9595,
uc-1267336,25.9713,75.1499,steppe
uc-1277053,26.3811,84.5865,
uc-1264403,11.7017,75.5347,coast
uc-1272657,22.1927,88.1895,coast|wetland
uc-1277882,28.9448,77.2186,river|steppe
uc-1277038,25.2186,85.7332,
uc-1261823,16.748,77.4954,steppe
uc-1267091,22.2068,69.6503,coast|steppe
uc-1275647,26.1807,73.7055,desert
uc-1258864,25.0283,85.4208,
uc-1260833,19.4751,75.3856,river|steppe
uc-1266397,20.7939,70.7022,coast|steppe
uc-1259689,13.6558,78.9385,
uc-1258692,24.6465,75.9433,
uc-1253545,19.9267,74.7275,steppe
uc-13353532,11.0754,75.9852,coast
uc-1256983,15.7661,75.1178,steppe
uc-1269570,16.8938,80.0981,
uc-1259961,18.6136,79.3744,
uc-1272674,26.589,89.0073,
uc-10930089,10.8422,75.9486,coast
uc-1276103,26.7523,79.2218,steppe
uc-1260045,31.2809,74.8585,desert|steppe
uc-1268834,12.5702,78.5732,
uc-1255143,20.9493,85.2335,river
uc-7660032,11.8385,75.4208,coast
uc-1278448,10.1723,78.9912,
uc-13353569,8.393,77.0637,coast
uc-10929640,11.3615,75.7782,coast
uc-1256572,24.5595,84.7916,
uc-1276330,29.103,75.1714,desert
uc-1269046,24.7711,86.3789,
uc-1271319,22.5853,86.4768,river
uc-1272852,24.3667,92.1667,
uc-1267361,8.5714,78.1199,coast
uc-1261164,25.0614,79.4412,
uc-1256967,14.9733,75.3372,
uc-10707024,22.0207,82.5666,
uc-8441929,10.9921,75.908,coast
uc-1263952,10.6077,78.4258,
uc-13353568,8.5073,77.0815,coast
uc-1271982,9.669,76.5592,coast
uc-1271345,26.1527,80.168,steppe
uc-1274640,12.9064,76.3877,
uc-1279123,16.5822,81.3811,
uc-1253296,10.9463,77.7124,steppe
uc-1257928,26.2492,77.4079,steppe
uc-1276219,18.0435,77.206,
uc-11462028,10.8738,76.0535,coast
uc-1262410,20.733,77.3669,
uc-13353567,11.7137,75.586,coast
uc-1255850,30.9091,77.1087,
uc-1262302,11.6846,75.6549,coast
uc-1270619,27.1152,79.7317,steppe
uc-1264317,24.2659,80.7606,
uc-1277201,12.8905,75.0349,coast
uc-1263580,15.5915,73.809,coast
uc-1255211,22.5887,88.9325,river|wetland
uc-1279147,17.5253,76.2061,steppe
uc-1263807,25.646,84.8729,river
uc-1264010,13.0032,77.938,
uc-1277688,25.5989,86.2607,
uc-1263151,10.0324,78.3393,
uc-1270245,26.7469,89.3538,
uc-7302851,17.2497,80.869,
uc-1259190,28.5128,80.1483,
uc-1279113,17.8924,75.0214,steppe
uc-1277232,27.1775,82.9344,
uc-1275634,28.8865,79.2703,
uc-1254695,29.192,78.8615,
uc-1278698,18.4103,83.903,
uc-1253074,21.1108,73.3936,
uc-1276037,11.4455,77.6821,river|steppe
uc-1257566,29.2355,77.0127,steppe
uc-11344163,12.112,78.1538,
uc-1259388,26.6744,78.3708,steppe
uc-11463715,10.0948,76.3211,coast
uc-1278681,21.2141,86.1249,
uc-1274896,22.6532,72.945,
uc-1259069,23.8324,71.6047,saltflat|steppe
uc-1262412,24.1839,88.2717,river|wetland
uc-13353566,9.8857,76.3733,coast
uc-1276370,23.2986,70.3428,saltflat|steppe
uc-1269445,30.6062,74.2573,desert
uc-1265504,11.5503,79.5907,coast
uc-1256814,17.1786,77.29,steppe
uc-1253591,22.9568,73.335,
uc-1268214,15.4063,76.6001,river|steppe
uc-1268855,26.399,87.2652,
uc-1256067,24.8884,72.8479,steppe
uc-1271259,26.1059,83.5393,
uc-8224613,25.1543,73.0816,steppe
uc-1259939,29.979,76.5825,steppe
uc-11462947,10.588,76.0388,coast
uc-1261122,29.1496,78.4084,
uc-1258186,25.7898,84.636,river
uc-1276416,15.4514,78.148,steppe
uc-10244604,21.8218,83.8458,lake
uc-1274252,30.0489,76.343,desert|steppe
uc-1260354,8.7947,76.668,coast
uc-1272140,22.2394,68.9678,coast|steppe
uc-1266031,10.0643,76.6284,
uc-11184472,12.506,92.9155,coast
uc-1257830,26.7639,84.7434,
uc-1259019,19.3907,74.6498,steppe
uc-1257481,22.1739,76.0699,
uc-1253220,15.785,80.3066,coast
uc-1257429,29.7989,74.4668,desert
uc-1269415,27.4732,78.3031,steppe
uc-13353564,9.5453,76.5141,coast
uc-1260713,28.4321,80.5814,
uc-1276652,26.9079,77.2899,steppe
uc-1258795,21.0385,71.4434,coast|steppe
uc-13494718,8.289,77.108,coast
uc-1252646,9.2318,78.7854,coast
uc-1274218,16.429,74.5859,steppe
uc-10165672,27.8043,76.6386,steppe
uc-1260138,9.2667,76.7833,
uc-10924889,11.6277,75.5915,coast
uc-1261960,16.7717,80.286,
uc-1269751,17.1774,75.9526,steppe
uc-1264136,12.3856,77.0605,
uc-1255483,13.7,80.0167,coast
uc-1268266,27.6579,77.2691,steppe
uc-1274468,10.5289,76.0479,coast
uc-9794300,26.3051,87.2887,
uc-1253041,17.0518,76.9905,steppe
uc-1271459,13.6107,77.5174,river|steppe
uc-1254858,17.037,74.6017,steppe
uc-1279299,23.7118,76.0157,
uc-1272653,28.2085,78.2617,steppe
uc-1258111,24.6886,83.0678,
uc-1259931,18.7373,73.096,coast
uc-1254880,13.7095,75.8138,
uc-1263303,25.6831,80.1142,steppe
uc-1256989,11.5053,77.2383,
uc-1271363,29.5369,76.9714,steppe
uc-1254322,12.6605,79.5431,
uc-1261614,26.3607,75.9184,steppe
uc-1269373,25.4112,86.6593,
uc-1275641,26.2328,90.2341,
uc-1257060,20.5948,74.203,
uc-1258297,24.9298,75.5921,lake|river|steppe
uc-1272061,29.4528,74.6612,desert
uc-1260274,20.881,75.1194,steppe
uc-1260120,19.2588,76.4341,
uc-1269020,24.542,76.1724,
uc-7645176,30.9685,74.9911,desert|steppe
uc-1264976,34.165,77.584,glacier|steppe
uc-1268031,20.2719,81.4918,
uc-1257237,23.5665,76.4731,
uc-1257456,15.0861,76.5469,steppe
uc-1277318,26.8912,80.2115,steppe
uc-13156774,15.4064,79.507,
uc-1269488,30.4513,74.8919,desert|steppe
uc-1272396,21.1889,80.7546,
uc-1259756,20.481,84.2306,
uc-1278176,8.6961,76.8151,coast
uc-1262740,21.3403,78.0126,
uc-1259688,29.4496,74.1009,desert
uc-1261539,13.0998,77.3936,
uc-1256214,16.9188,76.2337,steppe
uc-1253216,8.7174,76.7258,coast
uc-1276346,20.669,75.2294,steppe
uc-1258347,29.6903,75.5769,desert|steppe
uc-1256025,18.8276,74.3748,steppe
uc-1278296,16.9494,74.4094,
uc-1265170,25.8689,85.1739,river
uc-1277358,34.4173,74.6431,lake
uc-1271543,28.7873,78.1021,river
uc-1277836,26.2617,87.8244,
uc-1262097,31.1259,75.4751,desert|steppe
uc-1264700,23.1284,73.6104,steppe
uc-13353562,11.2173,75.8999,coast
uc-1269993,26.0028,92.856,
uc-1279134,26.4295,82.5343,
uc-1259608,26.3844,73.5439,desert
uc-12523448,25.9291,92.9486,
uc-1254133,26.267,94.8242,
uc-1253077,16.3631,80.8441,
uc-1265201,15.1269,75.4694,steppe
uc-1265645,14.4285,74.4189,coast
uc-1252773,21.1677,75.6976,steppe
uc-13156960,21.5532,81.8019,
uc-1255870,28.2474,77.0654,steppe
uc-1260178,20.5781,86.5606,
uc-1266425,10.2393,77.4893,
uc-1269827,19.1139,84.6872,coast
uc-1273434,20.9249,77.3264,
uc-1273923,25.1278,82.8821,river
uc-1262484,22.0657,81.6854,
uc-1276897,23.0489,75.378,
uc-1259177,19.1817,77.0257,
uc-1266622,23.076,85.2782,
uc-1261800,15.723,75.3867,steppe
uc-13353561,11.0121,75.9947,coast
uc-1261342,27.7398,75.7865,steppe
uc-1261396,18.1167,76.7528,
uc-7302855,27.1047,93.6952,
uc-1275368,19.8036,72.756,coast
uc-1278139,18.2473,76.4993,
uc-1257896,27.4382,78.0376,steppe
uc-1275572,26.0361,80.5762,steppe
uc-1264457,16.3888,75.1087,steppe
uc-1264032,26.2838,75.3646,steppe
uc-1253013,17.9528,73.8906,river
uc-1275191,20.6111,79.861,
uc-1256537,14.2698,75.3564,
uc-1256489,19.7662,74.4774,steppe
uc-13353559,11.0567,75.8668,coast
uc-10858989,11.178,75.8689,coast
uc-1262843,26.3248,94.5183,
uc-1259630,30.7987,76.9182,
uc-10878482,12.0343,75.2378,coast
uc-1260228,19.5993,76.2154,
uc-1255172,10.8846,75.9309,coast
uc-1265854,12.4398,76.3828,lake
uc-1269053,22.7677,74.5909,
uc-1271533,21.5389,71.5774,steppe
uc-1268540,27.8927,79.1945,
uc-1275736,27.836,74.3178,desert
uc-1265311,26.194,78.9414,steppe
uc-1278841,8.7107,77.4519,
uc-1269666,25.1408,85.2059,
uc-13353557,10.335,76.1392,coast
uc-1263226,17.6297,78.4814,
uc-8629543,29.1302,77.0183,steppe
uc-6693809,12.89,80.2313,coast
uc-1254111,18.008,76.0701,steppe
uc-7302849,26.5028,90.9694,
uc-1253698,14.9435,77.2549,steppe
uc-1278058,25.2395,78.4703,steppe
uc-1259060,24.8176,84.6345,
uc-1253870,17.8384,76.6233,
uc-1269810,19.6952,73.5626,
uc-10929726,11.2529,75.8906,coast
uc-1275152,29.288,77.4753,steppe
uc-1264890,16.1588,76.5217,steppe
uc-1258819,21.8667,73.5,
uc-1272874,21.0119,75.2741,steppe
uc-1264398,22.8236,72.7555,steppe
uc-1255372,8.9757,77.4192,
uc-1252930,25.0172,85.6405,
uc-1259272,20.722,78.3206,
uc-1253671,9.9694,77.7862,
uc-10910185,11.9011,75.3892,coast
uc-1267869,11.2406,76.9601,
uc-1271213,15.3744,78.9261,
uc-1278201,15.8811,78.587,steppe
uc-1260406,11.9566,75.3403,coast
uc-1253193,23.5623,72.7485,steppe
uc-1258295,29.2672,74.4029,desert
uc-1272320,23.7902,87.3765,
uc-1267661,11.1093,77.182,
uc-1269447,27.7263,79.6552,
uc-11421465,13.2817,79.4854,
uc-1256753,28.5668,79.0096,
uc-11184575,11.1048,75.9327,coast
uc-1265830,22.2667,86.1739,
uc-1256075,11.2372,79.7358,coast
uc-1266575,28.9115,79.5201,
uc-1462711,13.2972,77.8018,steppe
uc-6695467,12.8263,77.6809,
uc-10925345,11.4048,75.7236,coast
uc-1272022,9.6875,76.7789,
uc-1258704,15.9458,75.2978,steppe
uc-1257855,29.406,76.6704,steppe
uc-10524016,17.5561,78.3482,
uc-1277005,23.0044,78.2301,
uc-10924923,11.6859,75.591,coast
uc-1256532,28.2807,78.0141,steppe
uc-1257369,16.2565,74.4819,
uc-1267742,18.9107,73.3235,
uc-1277684,25.4618,85.5318,
uc-1277924,21.4872,70.9552,steppe
uc-13353556,11.625,75.6287,coast
uc-7576656,9.6068,76.5006,coast
uc-1278602,10.1905,76.3879,coast
uc-1265143,26.5595,76.3291,steppe
uc-8457516,23.4888,75.658,
uc-1257409,17.4395,75.1938,steppe
uc-1253330,10.3721,79.8509,coast
uc-1262669,16.3378,76.1317,steppe
uc-1261664,21.1616,73.794,
uc-1267203,23.4232,75.2819,
uc-13353617,22.0516,80.7157,
uc-1265591,13.0232,77.0252,steppe
uc-1268662,13.5528,76.0116,
uc-13353555,11.1509,75.8719,coast
uc-1270455,25.9553,80.1484,river|steppe
uc-1258124,19.9767,76.788,
uc-1266330,26.4011,90.2729,
uc-1261639,28.541,79.6346,
uc-1268381,30.8398,76.9407,
uc-1268651,16.577,74.3154,
uc-1260363,8.3387,77.1542,coast
uc-1254304,20.2896,83.1523,
uc-1276621,23.5992,78.3406,
uc-1262270,13.3884,79.7962,
uc-1269327,18.7352,75.3134,steppe
uc-1271911,27.1728,81.2106,
uc-13353554,8.9558,76.6739,coast
uc-1269102,11.2127,79.3637,
uc-11462864,10.746,76.0348,coast
uc-1256705,27.3912,75.9596,steppe
uc-10910205,11.8892,75.4124,coast
uc-1270750,16.0502,75.79,steppe
uc-11499877,10.0619,76.5717,
uc-1259530,25.3322,84.4045,
uc-1270598,23.4928,87.7348,
uc-1253805,22.6988,73.1156,
uc-1261748,17.6671,82.6124,
uc-1277808,28.395,78.6266,
uc-1272857,18.8912,77.8494,river
uc-1253275,18.4652,78.8689,
uc-1273856,25.2633,87.2326,river
uc-1276731,21.1197,86.729,coast
uc-1258930,26.898,78.171,steppe
uc-1270530,24.6839,92.561,
uc-1269581,20.2557,86.1711,coast
uc-1271413,19.2637,75.7501,
uc-1264540,12.426,75.7382,
uc-1266164,26.0192,83.5663,
uc-1254673,29.5861,77.4181,
uc-1259231,29.761,76.5603,desert|steppe
uc-1275506,22.4,84.7667,
uc-1274532,26.6051,75.9481,steppe
uc-1273448,15.7698,79.6794,
uc-1252698,26.8309,81.3293,
uc-11463136,10.1851,76.2454,coast
uc-1278510,29.1911,73.2086,desert
uc-1257638,22.3104,69.6038,coast|steppe
uc-11532691,11.6272,77.989,
uc-1266087,21.462,72.9584,
uc-1276782,16.5728,75.9725,steppe
uc-1262626,25.6191,83.7558,river
uc-1265220,23.6667,86.6667,
uc-1253863,23.5247,80.8372,
uc-1274755,24.7131,78.1381,
uc-11185818,23.2134,82.2023,
uc-1258674,28.171,74.9797,desert
uc-1276355,28.3146,74.2895,desert
uc-1260063,23.6651,85.3035,
uc-1275865,19.2193,77.6696,
uc-1257477,24.7536,71.7728,steppe
uc-1268616,27.5544,79.3353,
uc-1269239,22.0092,82.5778,
uc-1272101,21.8995,87.5379,
uc-1275719,25.7341,86.9884,
uc-1262382,22.5114,86.4571,river
uc-1253987,23.5333,91.4833,
uc-1272610,25.7443,85.01,river
uc-1261468,23.538,93.3732,river
uc-1271563,23.7791,79.1432,
uc-11463913,10.0637,76.4761,
uc-13353616,23.2524,82.1167,
uc-1271244,19.9381,79.1119,
uc-1254908,28.6686,75.0321,desert
uc-1261517,21.4538,76.3933,river
uc-10525092,16.7549,78.1443,steppe
uc-1261672,27.4275,83.4179,
uc-1270021,24.8336,85.4173,
uc-1272008,14.6385,78.5397,steppe
uc-1272109,10.7834,76.0079,coast
uc-7302836,17.9302,80.8267,
uc-1255705,21.2785,86.6883,coast
uc-10929613,11.4525,75.7666,coast
uc-1257307,21.3851,78.9215,
uc-1263591,19.3013,76.4973,
uc-1272970,22.3819,71.9866,steppe
uc-1270185,24.1341,79.6012,
uc-1269573,25.4681,84.4194,
uc-1278974,29.5971,79.6591,
uc-8223939,11.148,78.5991,
uc-10916655,18.9286,79.4571,
uc-1278532,25.15,76.3,steppe
uc-1271789,15.7363,75.9698,steppe
uc-1261752,23.7076,77.0932,
uc-7302838,14.5452,77.1055,steppe
uc-1274032,10.6997,76.7471,
uc-1274381,24.6647,76.8438,
uc-1263965,9.6732,78.471,
uc-1254390,8.4972,78.1191,coast
uc-1275476,28.3077,78.9368,
uc-1268095,11.006,77.5609,steppe
uc-11500804,9.5722,76.3525,coast
uc-1268567,24.4982,93.9813,
uc-1254043,11.1497,78.5987,
uc-1275708,25.9298,74.6492,steppe
uc-1273006,22.2093,75.4706,steppe
uc-1260014,14.0995,77.2802,steppe
uc-13353553,11.1323,75.8822,coast
uc-1270466,23.0152,71.1803,saltflat|steppe
uc-1252692,25.4196,83.5579,river
uc-1276067,13.9853,74.5553,coast
uc-11185528,17.2621,74.1757,river
uc-10834074,25.0657,84.9725,
uc-1258380,25.8576,83.8549,
uc-10769741,17.2099,80.8364,
uc-1256995,9.3559,77.9246,
uc-1263293,30.0833,75.25,desert|steppe
uc-1257066,18.3435,74.031,
uc-1265964,23.2038,81.979,
uc-13353687,19.7867,72.7616,coast
uc-1255122,16.4731,76.3109,steppe
uc-1268327,11.6087,76.0834,
uc-1278871,19.613,75.7891,
uc-1259034,23.7897,78.3947,
uc-1253452,12.5043,79.6056,
uc-7303235,9.6634,76.3807,coast
uc-1260225,10.1477,76.23,coast
uc-1271005,23.8736,86.1516,
uc-1269435,26.3116,82.7386,
uc-1266975,25.1245,86.5558,
uc-1255643,27.466,75.5974,steppe
uc-7302859,25.749,93.17,
uc-13494596,30.6773,75.8263,desert|steppe
uc-1274077,17.1236,77.0824,steppe
uc-1269012,26.2647,86.2799,
uc-8440759,26.8107,75.547,steppe
uc-10930087,10.9476,75.9564,coast
uc-1258726,13.1009,79.1841,
uc-10400291,25.7549,86.0315,
uc-1259478,15.6064,79.6149,
uc-1256426,18.6153,74.6989,steppe
uc-10910181,11.9755,75.3645,coast
uc-1260547,20.0211,78.5463,
uc-1263678,25.5335,89.8637,
uc-1272025,20.9221,75.3264,steppe
uc-1278204,10.3406,79.3791,coast
uc-1265545,30.8342,76.5768,
uc-1269574,26.7497,80.5451,steppe
uc-1259409,13.3387,80.1949,coast
uc-1256660,27.0172,78.1236,steppe
uc-1264075,18.3643,81.888,
uc-1273234,19.4739,74.6206,steppe
uc-1263744,20.3138,77.3418,
uc-1261760,17.9279,79.8923,
uc-1276449,23.6313,77.4335,
uc-1278017,15.9149,75.6768,steppe
uc-1260210,22.8441,82.1982,
uc-1260628,9.279,79.2109,coast
uc-1277398,24.0449,78.9609,
uc-1266216,19.5908,81.664,
uc-1268495,8.5138,77.5494,
uc-1258012,26.4447,83.613,
uc-1256435,13.1181,79.4202,
uc-1263943,21.4981,70.1377,steppe
uc-1273136,20.0176,76.0375,
uc-1264520,12.5117,79.8849,
uc-13353551,8.6625,76.8097,coast
uc-1272832,32.2201,76.3201,
uc-1268628,18.7136,76.0672,
uc-1253786,23.8875,71.7698,steppe
uc-13353550,10.469,76.0813,coast
uc-11462193,10.8624,76.0922,coast
uc-1262672,13.0665,74.9952,
uc-1260694,10.7206,77.8795,steppe
uc-1264433,27.1446,83.5621,
uc-1445335,17.4886,78.6021,
uc-1254912,22.8861,88.0136,wetland
uc-1273834,13.6313,74.6902,coast
uc-1253702,18.8781,72.9392,coast
uc-8477241,22.0467,73.1181,
uc-7279735,9.9799,76.5738,
uc-1263940,22.2357,75.0892,steppe
uc-1259701,27.6199,80.2034,
uc-13353615,23.1984,81.5806,river
uc-1263623,23.4256,72.6574,steppe
uc-13156930,25.8876,87.1936,
uc-1258247,23.6372,79.0627,
uc-1253985,27.723,75.4718,steppe
uc-1254910,11.694,77.9703,
uc-1278775,21.9248,78.1279,
uc-1254377,11.9662,79.2026,river
uc-1262380,10.953,78.4443,river
uc-1270059,21.525,83.8727,lake|river
uc-1267182,27.9419,77.8424,steppe
uc-1258895,24.6449,85.5003,
uc-13353549,11.1731,75.9086,coast
uc-1256823,22.4505,77.4665,
uc-8223974,10.4801,77.7498,
uc-1271900,27.0937,77.66,steppe
uc-10924927,11.6935,75.5601,coast
uc-1275016,14.6732,75.4868,
uc-7284803,26.7042,89.1455,
uc-8504418,10.8765,76.3093,
uc-1262534,21.7746,78.2576,
uc-1269985,12.7864,76.2433,
uc-1255175,21.3527,72.0352,coast|steppe
uc-1263528,25.9735,84.868,
uc-1267794,22.9153,79.0638,
uc-1275849,27.2552,79.1812,steppe
uc-7279742,30.9578,76.7914,
uc-1260609,8.322,77.5771,coast
uc-1271839,21.9696,71.5783,steppe
uc-10929812,11.3097,75.95,
uc-1262596,31.9539,75.6172,desert
uc-1258677,27.251,75.1789,steppe
uc-11463687,10.1329,76.2799,coast
uc-1265916,9.0036,76.7738,coast
uc-1263280,11.2667,75.9167,coast
uc-1259693,28.3672,75.6035,steppe
uc-1273109,16.6919,78.9207,lake|steppe
uc-1258875,24.0083,76.7325,
uc-11502187,8.8503,76.6952,coast
uc-8618019,10.1565,76.4017,coast
uc-1275646,28.6215,78.8036,
uc-1262338,9.9849,76.5773,
uc-1279323,9.156,76.7319,coast
uc-13353519,9.5575,76.5748,coast
uc-1258950,29.5358,73.4492,desert
uc-1263021,28.0296,79.6678,
uc-1265394,11.8277,75.5659,coast
uc-12519043,26.5627,85.0452,
uc-1272962,24.5097,72.0234,steppe
uc-11463796,10.1541,76.3416,coast
uc-1265246,25.6724,76.1769,steppe
uc-10629189,9.5705,76.3276,coast
uc-1276589,27.8883,76.2811,steppe
uc-1252653,25.9667,94.5167,
uc-1258891,33.3753,74.3092,
uc-8224728,11.476,77.8664,
uc-1264301,26.5626,88.8204,
uc-11184656,8.908,76.693,coast
uc-11502193,8.8138,76.7179,coast
uc-1257819,23.6795,74.0201,steppe
uc-1262230,16.4821,78.3247,steppe
uc-1253605,8.3829,77.6122,
uc-1269298,23.963,86.8029,
uc-1266806,24.0299,73.0463,steppe
uc-1254380,12.608,80.0555,coast
uc-10929642,11.3537,75.758,coast
uc-1260702,18.6037,83.7557,
uc-1272861,21.3285,71.0264,steppe
uc-11185666,10.1553,76.4854,
uc-8181689,10.1632,76.2346,coast
uc-1269056,28.122,77.5573,steppe
uc-1261604,20.9717,81.8588,
uc-13157137,21.47,72.9521,
uc-1261515,20.4897,77.8663,
uc-1256706,25.6209,74.9249,steppe
uc-13353548,9.5912,76.5612,coast
uc-1269862,24.5285,84.0,
uc-8224612,27.7301,75.4716,steppe
uc-1278036,28.9269,78.2346,
uc-1269693,10.3424,76.2112,coast
uc-1266485,27.1577,75.3581,steppe
uc-1276754,27.1723,73.6452,desert
uc-7302854,26.2491,92.3476,
uc-1264553,13.6603,77.2124,steppe
uc-13353547,11.0512,75.9883,coast
uc-1269670,28.329,78.7252,
uc-1278405,11.1385,79.0756,
uc-1260456,9.008,76.5202,coast
uc-1264395,28.2693,76.1525,steppe
uc-12719976,16.3368,74.9677,steppe
uc-1262093,17.1626,79.4275,steppe
uc-1253635,9.807,77.3272,
uc-1267044,27.605,75.502,steppe
uc-1256050,27.0572,78.6866,steppe
uc-1274020,17.8288,82.9353,
uc-1253860,19.6653,82.2063,
uc-1255597,29.0284,79.0565,
uc-7909857,16.4231,76.9358,steppe
uc-1263649,27.2977,75.9495,steppe
uc-1262151,30.5603,77.2943,
uc-1265323,29.9935,77.0456,
uc-1270667,19.0804,83.8088,
uc-1278124,11.193,77.2686,
uc-1266038,11.4207,76.8603,mountain
uc-1256333,22.4322,69.8416,coast|steppe
uc-1266200,11.1423,75.9657,coast
uc-1257936,25.7536,86.026,
uc-10519399,20.6235,79.9645,river
uc-1264592,12.5828,77.0429,
uc-1261205,25.517,91.2648,
uc-1258993,30.65,75.6,desert|steppe
uc-1269023,23.101,74.1554,
uc-1267786,25.4581,78.1358,steppe
uc-1262419,25.8969,86.9958,
uc-1255704,27.8906,78.7462,steppe
uc-1262591,18.7064,77.3679,
uc-1260052,10.8001,76.1841,
uc-1254794,18.6057,84.2355,coast
uc-1272259,27.3604,95.3181,
uc-13156908,27.3578,95.3141,
uc-12519055,26.2527,85.1608,
uc-1279058,8.864,77.4994,
uc-1279356,15.8106,79.9734,
uc-1276478,21.7156,81.5342,
uc-1263051,28.6103,79.17,
uc-1264756,27.4,74.9167,desert
uc-1258815,22.3039,74.3557,
uc-1260335,20.5087,72.9457,coast
uc-1266518,19.6256,78.1987,
uc-13353614,23.1649,81.9286,
uc-1265166,24.4224,88.2524,river|wetland
uc-1253638,27.3193,82.4187,
uc-1277769,23.2621,82.5605,
uc-1268810,25.436,92.1913,
uc-1258406,23.5727,70.6472,saltflat|steppe
uc-1277216,18.3773,77.8801,
uc-1269943,13.7963,76.2841,steppe
uc-1263034,13.2795,80.2582,coast
uc-1255792,23.3052,87.4134,
uc-1265752,22.2068,74.7579,steppe
uc-1268450,22.2079,70.3834,steppe
uc-1269177,22.8878,84.1386,
uc-1263285,9.2593,76.5564,coast
uc-1272983,28.9591,78.2563,
uc-1269406,21.0519,76.5346,
uc-12639820,9.755,76.3572,coast
uc-1278540,15.4251,75.4335,steppe
uc-1259541,9.8667,76.5,coast
uc-1263862,31.7119,76.9327,river
uc-13353545,11.3885,75.7597,coast
uc-1256539,14.9905,75.225,
uc-1260527,23.0749,88.2864,wetland
uc-1167718,33.7703,74.0925,
uc-11446369,12.2556,79.9823,coast
uc-1270435,14.7646,75.1246,
uc-1259434,12.5122,79.124,
uc-1256597,26.5139,85.2934,
uc-7279739,10.1069,76.4737,
uc-1270686,11.81,76.6903,
uc-1265881,17.4,73.7667,
uc-10541309,23.0289,79.4823,
uc-1268300,16.664,78.4914,steppe
uc-1256598,25.1392,73.0678,steppe
uc-1273123,13.2465,77.7118,
uc-1278365,24.3811,77.4174,
uc-1269849,15.0205,75.9318,lake|steppe
uc-7910929,29.9577,76.0486,desert|steppe
uc-1254638,24.396,71.6258,steppe
uc-1265723,10.9349,78.4125,river
uc-1258492,26.4493,91.6136,
uc-1277442,24.893,78.151,river
uc-1253869,20.1972,72.7503,coast
uc-1262078,26.4394,91.4404,
uc-10910174,11.8899,75.3565,coast
uc-1254165,10.803,76.1288,
uc-1253577,23.7859,72.6389,steppe
uc-1269158,26.8827,78.9026,steppe
uc-1279307,29.3937,78.6739,
uc-1271680,19.6972,75.0105,steppe
uc-1254808,30.3909,78.4803,
uc-1264514,12.9571,77.2237,
uc-10929728,11.271,75.8894,coast
uc-10524017,17.5391,78.3636,
uc-1264489,18.0833,73.4167,
uc-13353544,9.8211,76.2998,coast
uc-1252946,21.7618,80.043,
uc-1276548,23.9343,88.2602,wetland
uc-1256974,21.6558,78.7967,
uc-11185888,10.1899,76.2008,coast
uc-1270554,19.4955,77.6586,
uc-1258928,28.0285,74.4744,desert
uc-1260960,23.7098,76.7339,
uc-1257865,25.1855,73.4529,steppe
uc-1263022,29.2903,77.9494,
uc-13353542,8.6441,76.799,coast
uc-1277505,11.4474,75.8294,coast
uc-1268469,29.8357,74.9717,desert|steppe
uc-10929691,11.4232,75.8231,coast
uc-10836504,25.1048,84.1162,
uc-8223971,11.2763,79.5578,coast
uc-1268484,19.0444,73.9555,
uc-1278343,8.5688,78.0909,coast
uc-1272084,17.5491,82.8575,coast
uc-11502176,8.8805,76.7156,coast
uc-1270763,25.9045,74.6603,steppe
uc-1260135,19.1728,75.1743,steppe
uc-1265613,28.683,78.7856,
uc-1253904,25.1196,94.3642,
uc-1271834,16.2229,74.3501,
uc-1275618,27.1751,80.032,steppe
uc-1269612,20.8661,71.3661,coast|steppe
uc-1275732,26.8017,79.5083,steppe
uc-11487471,8.6059,76.9424,coast
uc-1278320,29.5212,76.6055,steppe
uc-1259857,10.1154,76.4761,
uc-12503489,26.9444,84.5377,
uc-1279306,17.1999,76.3602,river|steppe
uc-1271131,22.6339,86.0716,
uc-1254522,11.4833,75.6167,coast
uc-1271199,12.2528,79.4173,
uc-1258307,21.2476,76.0351,steppe
uc-1277909,13.7834,77.7967,steppe
uc-1266014,29.7461,78.5222,
uc-7302842,17.3678,82.5683,coast
uc-7626554,26.4535,87.0274,
uc-10376566,9.67,76.57,coast
uc-1265025,23.7442,84.4998,
uc-1274429,12.3089,78.7914,
uc-1258869,27.2373,76.6224,steppe
uc-11484935,9.2708,76.4326,coast
uc-1263532,27.2848,95.668,
uc-11501703,9.0912,76.5303,coast
uc-1257545,32.5624,75.1199,desert
uc-1259521,25.2084,78.7516,steppe
uc-1253579,10.0848,77.9611,
uc-10924919,11.6818,75.6248,coast
uc-1277263,25.8886,87.1942,
uc-1255631,13.3391,78.2117,
uc-1274676,19.7344,79.1717,
uc-1269761,18.3,73.25,coast
uc-1267297,28.8067,79.2048,
uc-1279053,10.65,76.5333,
uc-10837461,25.5571,84.4308,
uc-1267669,31.4427,75.4985,desert
uc-1267772,27.0009,78.9394,steppe
uc-1265053,26.2039,83.9691,
uc-1265795,14.905,76.3853,steppe
uc-1279023,27.4936,79.1713,
uc-1277530,21.6568,82.1606,
uc-1263723,25.3389,87.62,river
uc-8224699,10.5365,76.9803,
uc-1271975,21.1677,75.8601,steppe
uc-1263949,24.4776,75.141,steppe
uc-1255762,21.1697,73.5636,
uc-1260016,30.1529,78.7771,
uc-1256735,26.0496,82.6842,
uc-1272699,22.567,70.4177,steppe
uc-1260681,11.9399,78.4016,
uc-1276817,22.2539,76.0385,river
uc-1263300,24.6672,81.8734,
uc-1262296,27.2229,77.1957,steppe
uc-1268360,8.6859,77.4659,
uc-1255104,21.5613,74.2124,
uc-1262824,26.7358,95.0584,
uc-1275590,28.1294,78.9109,
uc-1276765,30.5881,76.845,
uc-10924994,11.6261,75.6743,coast
uc-1265905,14.8244,76.2201,steppe
uc-1278588,22.0417,75.0552,steppe
uc-1261853,18.4143,84.0446,coast
uc-13353540,10.7897,76.219,
uc-1258598,29.8062,77.4525,
uc-1279115,24.4129,76.5672,
uc-8439149,26.3734,84.3349,
uc-1254795,15.5344,76.877,steppe
uc-1262485,24.4084,78.0959,
uc-1275147,29.928,75.562,desert|steppe
uc-1258140,27.3636,75.5684,steppe
uc-1255290,20.8435,70.4832,coast
uc-1259744,26.874,75.2417,steppe
uc-1276767,26.8315,76.0486,steppe
uc-8740819,26.5503,84.6801,
uc-1268761,19.2081,73.8752,
uc-1263181,26.3557,85.0925,
uc-11502206,8.7645,76.6885,coast
uc-1263787,26.4421,92.0305,
uc-1262285,11.4877,75.7751,coast
uc-1265852,12.6662,76.4877,
uc-1254413,29.8015,76.9283,steppe
uc-1268339,22.6078,73.4627,
uc-1269094,22.1752,88.4201,wetland
uc-1268624,26.305,77.616,steppe
uc-1274116,18.3114,83.5685,
uc-11185501,21.9022,70.0357,steppe
uc-12523443,25.8248,93.7759,
uc-13353539,9.078,76.5777,coast
uc-1262065,24.297,87.829,
uc-11462062,10.8194,76.0064,coast
uc-13353538,9.6089,76.3608,coast
uc-10930086,10.9536,75.9468,coast
uc-13353537,9.9003,76.387,coast
uc-1271064,14.55,74.3167,coast
uc-1266116,18.6457,74.0591,river
uc-1268124,23.0333,70.2167,coast|steppe
uc-1267739,13.2143,74.9923,
uc-1273440,20.3102,77.7726,
uc-1274285,22.304,74.0158,
uc-1278122,16.0215,80.9181,coast|river
uc-1262374,30.455,78.0707,
uc-1265395,10.8425,76.0308,coast
uc-1269413,21.8018,87.2225,river
uc-1269509,26.2649,81.5486,
uc-1268489,18.5751,76.0219,
uc-1260003,28.0663,80.103,
uc-1269057,17.0139,76.7732,river|steppe
uc-8442536,11.8341,77.9439,lake
uc-1256295,25.0836,85.428,
uc-1267154,24.8481,79.9335,
uc-7302857,27.5944,94.724,
uc-1273665,22.7527,73.1497,
uc-1253056,16.8355,74.3134,
uc-1273191,23.3902,79.0163,
uc-1269269,31.1593,75.6175,desert|steppe
uc-1260206,28.0663,95.3268,gorge|river
uc-1266809,22.7522,72.6853,steppe
uc-1262253,27.424,77.0992,steppe
uc-8441674,15.3044,76.4765,steppe
uc-8223969,11.4912,79.7605,coast
uc-7646705,29.2803,75.4682,desert|steppe
uc-1269762,18.1153,75.0289,steppe
uc-13353536,10.4404,76.0948,coast
uc-1273850,27.1343,81.6987,
uc-1263185,26.9758,83.1099,
uc-1266372,25.5805,84.7975,river
uc-1270265,12.0527,78.4802,
uc-1277255,12.333,76.862,river
uc-1262574,20.0699,79.6783,
uc-1265401,10.1503,76.7354,
uc-1272375,30.7995,76.0236,desert|steppe
uc-1265400,10.7199,79.5157,
uc-1266847,22.5957,76.9133,
uc-13494712,8.3825,77.1983,coast
uc-10628608,8.6792,76.7671,coast
uc-1274673,20.3306,74.2447,
uc-1255434,31.5352,76.905,
uc-1267657,9.1042,76.537,coast
uc-1278895,25.0397,86.9025,
uc-1277330,15.3177,78.2267,steppe
uc-1278507,28.3575,78.2691,river
uc-1269446,29.6185,77.4391,
uc-12719978,17.6974,77.2152,
uc-1278054,21.8458,71.3054,steppe
uc-1256659,27.5371,79.438,
uc-1266461,28.8668,77.9386,
uc-11463563,10.2532,76.3281,coast
uc-1264643,25.6856,82.4111,
uc-1277902,30.6881,75.0984,desert|steppe
uc-1276178,25.7358,78.7455,steppe
uc-8441383,11.9199,75.3355,coast
uc-1253623,12.6143,79.7575,
uc-1273410,31.8168,75.6531,desert
uc-1270618,25.6168,79.1805,steppe
uc-1260421,30.4367,77.6246,river
uc-10571120,21.4041,79.9262,
uc-1258859,18.8667,73.9,river
uc-11556532,11.8039,77.8567,lake|river
uc-1258477,29.5245,74.8369,desert
uc-13353535,11.3226,75.9758,
uc-1257771,22.4918,92.9814,river
uc-1253340,9.7116,76.3389,coast
uc-1279219,25.0158,83.0329,
uc-1274021,17.4409,81.7756,
uc-1263751,25.3306,76.5097,steppe
uc-1256421,12.4226,76.6844,lake|river
uc-1266891,28.8787,76.9107,steppe
uc-1267976,26.2142,85.2975,
uc-1268059,15.4055,79.5069,
uc-1274428,9.3157,76.6151,
uc-1255884,22.7005,78.1952,
uc-1274770,25.258,83.2682,
uc-1253278,11.1082,78.0011,river|steppe
uc-12501142,11.1916,77.9563,steppe
uc-1261699,25.4986,84.9608,
uc-1257461,27.2887,79.9519,
uc-1260942,33.4666,76.8849,glacier
uc-1263566,10.2764,77.162,mountain
uc-1266258,24.2239,92.6787,
uc-8714565,16.6187,74.7091,river|steppe
uc-1279396,24.5937,72.7176,mountain
uc-12501475,29.9087,74.1757,desert
uc-1271777,17.8482,78.6829,
uc-11453083,11.5437,76.4404,
uc-1265632,25.717,81.514,
uc-1257698,12.9412,75.7847,
uc-1259855,11.2756,77.5879,steppe
uc-1262516,15.2068,75.8839,lake|steppe
uc-1264644,30.9156,76.2002,desert
uc-1262116,22.43,80.1056,
uc-1254909,23.3338,76.0425,
uc-1267972,29.0594,78.6295,
uc-1274574,25.403,79.7488,
uc-1265446,15.7562,76.1911,steppe
uc-11624842,23.6549,85.0128,
uc-1255630,12.9676,79.942,
uc-11462322,10.8354,76.1596,
uc-1264323,27.0459,76.9315,steppe
uc-1268153,18.8731,77.1923,
uc-10805222,25.2674,73.2393,steppe
uc-1271250,19.7164,73.6282,
uc-1257854,26.7378,80.3435,steppe
uc-11002689,10.8746,75.9855,coast
uc-1268480,19.6739,77.3115,
uc-1268739,25.4028,79.9997,
uc-1269796,9.6251,78.6243,
uc-1255076,31.9376,75.8866,desert|lake|river
uc-1271881,27.7885,76.945,steppe
uc-1254538,27.9341,76.8554,steppe
uc-1259244,27.8637,77.2043,steppe
uc-1266117,17.6991,74.1625,
uc-1260830,13.449,79.1149,
uc-1270066,19.4817,84.7449,
uc-10535156,22.1929,78.467,
uc-13494711,8.2651,77.1421,coast
uc-1278621,17.8146,78.0771,
uc-1256673,24.1882,75.639,
uc-1258362,22.2866,82.1682,
uc-1261667,15.5588,75.353,steppe
uc-7701509,25.4955,90.6168,
uc-1275692,33.7938,75.107,river
uc-1270923,13.9841,77.7722,steppe
uc-1273409,28.0253,79.4082,
uc-1254347,9.8256,78.2579,
uc-1276455,24.0242,81.3783,
uc-1274346,27.9247,78.401,steppe
uc-1259638,24.7975,73.055,steppe
uc-1445156,17.4698,78.1257,
uc-1257802,29.1212,78.6227,
uc-1267979,27.8105,79.7918,
uc-1275863,20.2583,75.77,
uc-1264385,22.1759,75.5871,river|steppe
uc-1254341,10.5282,79.6327,
uc-1274219,13.4161,76.6206,steppe
uc-1264436,26.1102,84.5036,
uc-11501853,9.043,76.523,coast
uc-1273272,12.5301,77.7889,
uc-10924961,11.7173,75.6419,coast
uc-1263255,24.61,93.8887,
uc-1270482,15.3286,74.7564,
uc-1255963,28.9293,79.7044,
uc-1261971,20.3068,74.655,steppe
uc-1272881,20.5369,73.1737,
uc-1256328,26.0433,84.053,
uc-1262625,26.034,83.3811,
uc-1255621,16.0722,78.8682,river
uc-1276919,24.1759,85.8894,
uc-1264987,18.9448,77.1155,
uc-1263083,17.6336,74.7877,steppe
uc-1278964,23.7634,75.5566,
uc-1270237,29.1604,78.0076,
uc-10846361,12.8035,74.8647,coast
uc-13494710,8.3352,77.2136,coast
uc-1262426,30.7901,76.4988,
uc-1272502,20.7141,70.9822,coast|steppe
uc-1262318,24.6068,84.1262,
uc-1272546,32.1366,75.4729,desert
uc-1263259,12.9095,92.9035,coast|river
uc-1276642,29.153,79.1081,
uc-11522389,11.3019,77.586,steppe
uc-1273628,25.668,85.8364,
uc-1256968,15.9041,73.8219,
uc-7645181,30.1985,75.6819,desert|steppe
uc-1258203,25.8509,84.3778,
uc-1261722,25.0514,84.3284,river
uc-1271929,28.4662,79.3066,
uc-1257895,16.5587,74.5321,
uc-1261721,22.6837,77.2707,
uc-1266511,11.691,79.2873,
uc-1265169,25.9318,81.7048,
uc-10524858,25.3491,78.7997,steppe
uc-1254317,8.337,77.8678,coast
uc-11500836,9.6594,76.3633,coast
uc-1265418,9.8,76.3333,coast
uc-1261705,10.2278,78.2297,
uc-13494709,8.2996,77.2406,coast
uc-1259907,16.6536,81.7455,
uc-1277535,20.7308,81.2058,
uc-1263522,26.6573,94.3153,
uc-1259110,31.822,75.3766,desert
uc-13494708,8.2602,77.174,coast
uc-8541964,23.4361,72.8448,steppe
uc-1265734,33.6446,75.0192,
uc-1274142,18.8578,79.7956,river
uc-1264282,26.2322,84.1635,
uc-1254282,26.024,75.4818,steppe
uc-1259460,26.9201,71.9163,desert
uc-1265655,27.3166,77.3708,steppe
uc-1262651,19.1566,77.503,
uc-13156959,23.3289,82.5281,
uc-1268962,26.5609,79.7342,steppe
uc-1275488,13.5972,75.9717,
uc-1263917,25.4413,74.5698,steppe
uc-1256468,28.7293,79.3147,
uc-1265821,26.9875,73.9711,desert
uc-1260022,20.7923,79.6364,river
uc-9915464,28.3531,76.9404,steppe
uc-1274342,26.2197,87.0048,
uc-10924934,11.697,75.6349,coast
uc-1253685,31.6814,75.6355,desert
uc-1264794,19.9853,76.5205,
uc-1259286,11.074,78.0209,river|steppe
uc-1258553,21.3956,79.3273,
uc-9212569,12.9162,80.2488,coast
uc-1263883,28.0554,75.1483,desert
uc-10493516,25.0194,79.7319,
uc-1255667,20.5961,75.6176,steppe
uc-1268476,28.8282,76.3955,steppe
uc-1267629,25.2147,80.9164,
uc-1258061,15.6994,75.7341,steppe
uc-1466089,13.0999,79.9321,
uc-1276381,27.2187,79.2976,steppe
uc-13353531,10.1138,76.4418,
uc-1261084,22.621,73.1172,
uc-10255848,30.2979,75.3694,desert|steppe
uc-1253544,9.7486,76.3964,coast
uc-1266322,8.1794,77.2582,coast
uc-1275441,28.2474,75.0767,desert
uc-1257793,26.3083,84.927,
uc-1267716,18.4077,75.1939,steppe
uc-1254904,11.0276,79.8542,coast
uc-1265811,16.6278,74.8541,river|steppe
uc-1256828,26.1542,78.7812,steppe
uc-1265521,18.0934,75.4157,steppe
uc-12501265,25.799,82.9977,
uc-1259446,19.6939,84.814,
uc-11189027,8.6075,76.9149,coast
uc-1262089,29.9196,77.3044,
uc-1260685,12.9052,78.9427,river
uc-1278282,19.3585,79.2841,
uc-1259552,19.7937,75.5352,
uc-1269757,25.9109,78.5619,steppe
uc-1255951,9.3446,77.4291,
uc-13353529,11.8841,75.485,coast
uc-1269908,16.2308,74.6024,
uc-1254283,26.9167,76.8167,steppe
uc-12519446,33.5594,75.2322,river
uc-10469715,21.229,79.2398,
uc-1253352,10.1607,77.7588,
uc-9035005,20.9167,86.45,
uc-1257776,25.5375,83.2238,river
uc-1254300,11.4072,79.1222,
uc-1259735,25.549,82.0895,
uc-1267842,21.7626,85.9732,
uc-1277634,23.0971,86.2229,
uc-1278463,8.2496,77.5216,coast
uc-1254005,22.9983,77.5862,
uc-1274073,23.5728,85.6535,
uc-1261828,30.478,77.128,
uc-1257539,26.9081,75.1914,steppe
uc-11487382,8.6262,76.8305,coast
uc-13494614,24.8149,74.095,steppe
uc-1259049,23.5388,86.6735,
uc-1260304,11.0167,75.8667,coast
uc-1267558,22.1274,75.611,river|steppe
uc-1265022,21.7231,71.3884,steppe
uc-1266710,22.1673,76.8614,
uc-1262664,16.0119,76.442,steppe
uc-1273788,15.2635,74.1088,coast
uc-1273970,21.0295,70.233,coast
uc-7302827,16.9233,80.3631,
uc-1279144,22.0246,82.4264,
uc-1269646,27.2354,78.1983,river|steppe
uc-1267517,22.5025,82.5428,
uc-1259429,15.4034,74.0152,coast
uc-1273795,15.5817,79.1106,
uc-1263395,26.342,89.2155,
uc-1269498,26.2045,73.9368,desert
uc-1254948,28.2117,76.9498,steppe
uc-12501476,29.9427,75.8014,desert|steppe
uc-1269377,22.1964,78.5919,
uc-1274005,10.0216,77.9609,
uc-1262187,24.5692,80.5881,
uc-1267174,21.4186,80.9794,
uc-10973824,15.2176,76.6487,steppe
uc-13353528,11.0833,75.849,coast
uc-1259283,26.2237,79.8374,steppe
uc-10249965,29.9505,74.9785,desert|steppe
uc-1256040,28.6392,78.643,
uc-1277283,14.923,75.2622,
uc-1276724,27.1496,76.5834,steppe
uc-1258843,25.053,87.8305,river
uc-9782490,24.6956,93.8197,
uc-1254102,27.5337,82.4165,
uc-1275656,25.4471,84.8626,
uc-1276486,13.1656,75.8652,
uc-1268008,8.0901,77.5384,coast
uc-1261837,28.2015,78.3872,river|steppe
uc-1268622,24.332,92.0039,
uc-11655503,8.3948,77.2659,
uc-1273246,21.5383,84.7334,
uc-11184488,9.9773,76.4105,coast
uc-1265539,16.6832,74.5889,river|steppe
uc-1254447,22.3712,77.2274,
uc-1259036,19.7166,74.4811,steppe
uc-1260718,23.3645,81.0437,
uc-1276026,30.2669,76.0385,desert|steppe
uc-1255551,24.6461,76.0417,
uc-10924946,11.7486,75.5756,coast
uc-11501709,9.0791,76.5137,coast
uc-1278551,14.6605,74.3047,coast
uc-1263523,25.604,82.6038,
uc-13494707,8.9086,77.4311,
uc-1259157,26.4576,80.774,steppe
uc-1257799,27.796,78.8337,steppe
uc-1275818,20.882,85.8333,river
uc-1261401,10.165,77.8502,
uc-1256372,27.282,80.8345,
uc-1279334,23.4967,86.6836,
uc-1262624,27.3089,79.4325,steppe
uc-10769689,17.6913,80.87,river
uc-1276147,21.9305,69.7808,steppe
uc-1255823,13.4911,75.0665,
uc-1261870,19.7179,81.2444,
uc-1262040,11.4551,78.2682,
uc-1261647,27.0195,75.0023,desert
uc-1259890,10.2904,79.2016,coast
uc-11628608,23.7638,85.8847,
uc-1267495,22.8982,72.9928,steppe
uc-1255925,25.6515,72.4224,desert
uc-1273083,25.7573,75.3799,steppe
uc-11452593,11.2526,76.0244,
uc-13353527,9.7131,76.6833,
uc-1274364,21.961,76.6949,
uc-1263564,12.1921,79.9419,coast
uc-1274533,19.3557,84.9836,coast
uc-1275921,27.7028,81.9343,
uc-1265005,25.1396,80.0011,
uc-1265555,12.7493,78.3419,
uc-1271936,27.0265,78.3027,river|steppe
uc-1257673,22.0266,82.9609,
uc-11456498,11.4998,76.4815,
uc-1257476,15.3779,73.9035,coast
uc-1276375,24.0717,71.5974,steppe
uc-12518993,23.3522,80.9806,
uc-1265007,30.1939,75.6809,desert|steppe
uc-1274943,24.1758,76.9996,
uc-1274699,22.7333,87.5167,
uc-1257410,24.9271,76.2865,steppe
uc-1266774,23.8853,72.6187,steppe
uc-1271954,24.8167,87.9,river
uc-1263777,17.5105,75.4471,steppe
uc-10924880,11.5522,75.6503,coast
uc-1267978,20.4671,82.9204,
uc-1269093,26.5905,86.1379,
uc-10002798,34.5286,74.264,
uc-1257682,20.991,74.3148,
uc-1273397,20.7808,78.1407,
uc-1261882,27.9606,73.5591,desert
uc-1256846,21.5249,78.2835,
uc-1260035,20.4609,76.9373,
uc-1272629,27.3932,95.6184,
uc-8740793,24.0214,76.3764,
uc-11501867,9.054,76.558,coast
uc-1262346,10.395,79.4935,coast|river
uc-1272242,27.5688,95.5566,
uc-10910255,11.9303,75.4455,coast
uc-1255383,28.3101,75.7327,steppe
uc-11655500,8.4083,77.2657,
uc-1277666,31.0606,76.3017,river
uc-1272476,33.1492,75.5475,river
uc-1255646,29.8404,73.4552,desert
uc-1257498,25.8435,78.9068,steppe
uc-1272790,26.7037,92.4781,
uc-1263911,25.1941,75.0721,steppe
uc-10152760,30.2146,77.0403,
uc-1255044,11.4413,78.4887,
uc-1274848,32.5553,76.1265,river
uc-1277238,25.8838,84.2183,
uc-13156770,16.0733,78.8741,river
uc-10781410,18.6843,81.2686,
uc-1278279,19.6111,84.66,
uc-10436674,30.4917,76.7987,
uc-1273960,22.4235,71.1964,steppe
uc-1265773,23.7254,85.5102,
uc-1260918,8.2446,77.3258,coast
uc-1264383,26.4947,78.6159,steppe
uc-1254797,24.9425,84.8427,
uc-1272540,22.9414,81.0798,river
uc-1274642,14.024,75.9258,steppe
uc-1265387,8.3179,77.1919,coast
uc-13353524,9.8006,76.3015,coast
uc-1271343,20.1418,78.3133,
uc-11462031,10.8799,76.002,coast
uc-1274343,27.7237,77.5081,steppe
uc-13494704,8.1843,77.2481,coast
uc-13353523,11.6127,75.6614,coast
uc-1256812,23.2931,92.8468,
uc-10766938,12.5085,80.1498,coast|river
uc-1254787,21.0269,76.8389,
uc-1261782,21.4723,78.5341,
uc-1279158,31.8447,74.763,desert
uc-1278622,11.5751,77.5904,
uc-1275484,23.676,91.2832,
uc-1348780,22.5821,88.171,wetland
uc-12518919,21.0547,70.529,
uc-1275097,23.1609,85.5901,
uc-12523317,23.8417,91.6303,
uc-1273104,22.7052,73.9088,
uc-1260129,23.8992,79.1939,
uc-1260082,20.7083,83.1326,
uc-1266510,27.1377,77.7852,steppe
uc-1276152,24.513,75.7469,lake
uc-13353522,10.3133,76.1485,coast
uc-11184132,22.3774,73.0007,coast
uc-1277844,23.3366,88.6411,wetland
uc-1270674,28.24,78.4399,
uc-1260793,12.307,78.0702,
uc-10910247,11.8949,75.4396,coast
uc-1258816,21.9402,75.1361,steppe
uc-11185837,8.3081,77.2214,coast
uc-11424018,13.9074,79.9086,
uc-1257219,28.494,79.0918,
uc-1462733,31.4322,75.7148,desert
uc-1277970,23.0218,75.2327,
uc-1277338,31.1887,75.995,desert
uc-9915333,28.3449,76.7569,steppe
uc-1274169,17.4651,77.4187,
uc-1269876,16.0621,76.0586,steppe
uc-12625364,9.7715,76.3439,coast
uc-13353613,23.1926,82.1272,
uc-1267934,24.8894,74.3167,steppe
uc-1276870,21.19,83.5872,
uc-1270903,26.6003,78.5119,steppe
uc-1276615,24.9833,75.0,steppe
uc-1264986,22.5325,92.899,river
uc-1272768,26.4679,92.4734,
uc-11680724,9.0401,77.2741,
uc-1255763,20.8333,83.9167,river
uc-1268627,16.5515,81.214,
uc-1279126,32.8955,74.7349,river
uc-1279027,18.6481,72.8758,coast
uc-1267923,25.4053,76.0743,steppe
uc-10525684,16.3982,78.6376,steppe
uc-13353520,10.6867,76.6588,
uc-11488277,11.0724,77.198,
uc-1274899,26.416,85.0466,
uc-1268902,28.2163,94.8539,gorge
uc-1276159,19.9272,84.582,
uc-1253599,23.9423,73.0378,steppe
uc-1264602,10.5587,77.366,
uc-1270627,16.8677,77.3909,
uc-1272860,31.9562,75.3239,desert
uc-10922733,11.8656,75.5233,coast
uc-1255078,29.9838,75.082,desert|steppe
uc-1269545,25.6199,75.2761,steppe
uc-1256959,21.1505,75.8894,steppe
uc-1277745,27.4354,76.183,steppe
uc-1276495,26.4437,85.4008,
uc-1257508,28.7772,76.7716,steppe
uc-1253363,19.4084,73.2629,
uc-1266475,33.3135,75.7673,river
uc-1279382,27.1783,77.7567,steppe
uc-1275974,31.3494,74.7027,desert|steppe
uc-1274195,26.2822,83.5064,river
uc-1275694,24.6235,79.4899,
uc-1264455,28.9691,76.295,steppe
uc-1263730,25.9855,84.1723,river
uc-1252744,14.9637,74.7093,
uc-10922727,11.897,75.531,coast
uc-1261378,26.15,74.0009,desert
uc-1276686,20.8377,84.3262,river
uc-1254131,26.3169,89.6655,
uc-1260156,28.3255,76.7786,steppe
uc-1272819,18.8202,76.1094,
uc-1260553,12.5009,76.6742,lake
uc-10447536,21.358,81.4179,
uc-10347914,26.0648,75.0216,steppe
uc-10347952,26.2425,75.1287,steppe
uc-1269019,29.3361,78.2261,
uc-1262497,22.8392,69.7219,coast|desert
uc-1277759,13.8667,74.6333,coast
uc-1274618,26.2727,90.4456,
uc-1276660,28.9492,76.0311,steppe
uc-1252887,11.3655,76.7844,mountain
uc-1270343,23.6936,71.907,steppe
uc-1256783,9.4056,77.4784,
uc-1259905,14.0829,77.5947,steppe
uc-1255635,30.2224,78.7834,river
uc-13156928,26.5681,84.0833,
uc-1255381,23.2135,82.8684,
uc-1261285,26.314,86.5854,river
uc-1262734,22.9047,73.8391,
uc-10922743,11.793,75.5641,coast
uc-1268615,23.3847,79.7442,
uc-1263309,26.2658,78.6711,steppe
uc-13353517,10.788,76.7279,
uc-1263306,25.6952,81.9234,
uc-1271965,26.5196,89.2042,
uc-1272802,27.9981,81.0897,
uc-1267173,26.9435,77.8182,steppe
uc-1264198,23.26,76.1457,
uc-1278539,11.2362,77.1051,
uc-1259251,33.874,74.8996,
uc-1256027,11.3214,77.0052,
uc-1273166,26.7,93.9667,
uc-1266649,24.0796,91.5997,
uc-1270863,27.4966,77.4626,steppe
uc-1257259,21.3153,83.0063,
uc-1267121,23.6506,85.0074,
uc-1258292,27.5561,77.7897,steppe
uc-1257093,25.7557,75.2229,steppe
uc-1260615,15.0963,79.4117,
uc-1276502,23.2518,91.4541,
uc-1255212,22.1291,81.8696,
uc-1255482,12.561,75.3874,
uc-1276092,27.0389,77.0485,steppe
uc-1274560,29.5469,77.5944,
uc-1255995,27.1465,83.758,
uc-1275499,26.5082,87.0119,
uc-1272985,30.2822,75.5734,desert|steppe
uc-13156769,13.9034,79.8906,
uc-13157031,20.2885,72.8503,coast
uc-1278508,23.1034,81.6908,river
uc-1262863,24.4975,93.7779,
uc-1277590,25.1973,73.2912,steppe
uc-1275364,26.0213,93.7794,
uc-1258455,29.6408,79.4323,
uc-11626032,23.6456,85.4333,
uc-1278156,18.254,77.4176,
uc-1265709,31.9583,77.1082,river
uc-1274393,12.464,79.3484,
uc-10922793,11.7507,75.6199,coast
uc-1255788,27.0246,95.0163,
uc-1273206,28.6299,79.4765,
uc-1266302,25.2193,77.6117,
uc-13157131,21.9191,69.4818,coast|steppe
uc-1274675,20.8141,77.9801,
uc-1445378,17.4508,78.6837,steppe
uc-1256857,11.2811,78.2342,
uc-1274359,27.819,74.4394,desert
uc-1253972,8.4292,78.0297,coast
uc-1267239,16.0138,75.5463,steppe
uc-11655546,8.2953,77.2939,coast
uc-1268961,29.5212,77.2247,steppe
uc-1265670,24.3734,77.0484,
uc-1277012,22.8486,72.5914,steppe
uc-1253127,8.6979,77.5192,
uc-10922760,11.7776,75.5731,coast
uc-1257503,30.836,76.1932,desert
uc-1268772,19.8599,82.9339,
uc-12522811,20.8654,85.1828,
uc-8740814,23.0367,78.0842,
uc-11184460,25.904,90.6075,
uc-1268344,21.2322,78.9199,
uc-1255625,17.2665,78.2554,
uc-1260050,34.1613,74.5563,
uc-11655540,8.2681,77.286,coast
uc-1277918,21.0461,82.3864,
uc-1253105,21.3395,70.7497,steppe
uc-1259647,26.8849,78.3765,river|steppe
uc-1259917,11.4039,79.2416,
uc-1262115,25.7715,75.8498,steppe
uc-1269227,29.325,77.8504,
uc-12501480,23.1902,73.8953,
uc-1258164,28.6947,79.5228,
uc-1276013,21.8552,70.2479,steppe
uc-13494701,8.3075,77.1521,coast
uc-1278899,24.3137,80.977,
uc-1255858,22.5388,72.7198,steppe
uc-1256124,22.8092,88.2294,wetland
uc-1256176,15.2305,80.0279,coast
uc-1266178,16.2014,74.7489,steppe
uc-1252885,27.0186,77.1764,steppe
uc-1261736,25.6439,77.9129,steppe
uc-1252892,28.2114,79.0567,
uc-1268566,21.8791,88.1913,coast|wetland
uc-1255056,25.0164,93.4855,river
uc-1264356,27.6637,80.4737,
uc-10548728,24.0544,80.6136,
uc-1275614,26.8435,80.0639,steppe
uc-1267065,15.6397,74.5085,
uc-1261375,20.0576,86.0044,coast
uc-1275066,23.2149,81.532,
uc-1273228,20.6492,78.4802,
uc-1273132,10.1467,77.6439,
uc-1270454,31.6841,76.5251,
uc-1265208,29.7587,78.0415,
uc-11487287,8.6845,76.7675,coast
uc-13353514,12.03,75.2819,coast
uc-13494700,10.1671,77.9132,
uc-1267222,20.1878,83.2195,river
uc-1274351,29.2099,77.1745,river|steppe
uc-1257191,29.6922,75.2361,desert|steppe
uc-1270036,14.4551,75.3952,
uc-1265910,11.8252,75.5478,coast
uc-1256616,22.9508,73.6312,
uc-1255346,25.4639,82.4192,
uc-1268678,10.6705,75.9797,coast
uc-8541454,26.7258,93.1466,
uc-1256773,28.9091,75.6147,steppe
uc-1269976,14.2809,74.445,coast
uc-10527154,17.5835,79.6586,
uc-13494699,12.9203,80.2081,coast
uc-1275905,25.7922,78.1108,steppe
uc-13494698,8.1887,77.2878,coast
uc-11039180,17.258,78.8978,steppe
uc-1278458,21.1964,81.9691,
uc-1272839,30.9456,75.2324,desert|steppe
uc-8581647,18.6365,81.2583,
uc-1266000,16.38,77.94,steppe
uc-1267537,23.4412,79.7962,
uc-1278774,22.8462,87.3356,
uc-11185601,9.2568,76.4487,coast
uc-1278534,20.0409,77.315,
uc-1260313,28.9784,77.9342,
uc-11655515,8.3307,77.2673,coast
uc-1267231,26.3499,84.8709,
uc-1275836,18.1486,73.8434,
uc-13353513,11.8369,75.449,coast
uc-1265716,25.3201,79.6393,
uc-1259222,11.3516,77.1667,
uc-13494585,20.8987,82.5089,
uc-1266872,21.9895,83.1048,
uc-1262140,27.286,95.328,
uc-1262553,15.2807,75.5213,steppe
uc-1266731,24.0394,76.578,
uc-10849677,14.0077,77.6085,steppe
uc-13156766,18.2833,83.5342,
uc-1270718,13.4077,80.1088,coast
uc-1266448,25.3264,84.2598,
uc-11463857,10.1717,76.4264,
uc-1263937,19.0044,73.9435,
uc-1256713,29.3501,77.5516,
uc-1263567,27.7368,78.5689,steppe
uc-1262510,14.9714,75.0366,
uc-1274265,21.4693,79.7015,
uc-1264007,16.0598,73.4629,coast
uc-1260868,28.1722,78.0638,steppe
uc-8741091,24.0609,77.4104,
uc-1276888,24.6236,76.7078,
uc-1279135,26.3837,79.9493,steppe
uc-1258449,25.2503,79.062,steppe
uc-1264047,11.4933,78.0312,
uc-13157129,20.1575,72.7891,coast
uc-1274674,21.2385,77.7471,
uc-1255816,18.9442,84.5845,coast|mountain
uc-1271676,25.2195,74.2603,steppe
uc-1277200,30.5541,76.7195,
uc-11184592,18.2632,75.4632,steppe
uc-1268785,29.1237,76.4052,steppe
uc-1278742,21.9932,72.8705,coast
uc-1258501,26.8377,92.6688,
uc-1261998,29.7122,77.4173,
uc-1258278,16.4918,74.7739,steppe
uc-1265607,15.2561,75.2473,
uc-1262444,19.2539,73.3899,
uc-1254329,8.2452,77.301,coast
uc-1264795,18.0404,74.1872,steppe
uc-1253782,31.4649,76.2691,lake
uc-1270509,29.2899,78.2844,
uc-1348562,22.9485,88.0195,wetland
uc-1263826,21.2553,73.3041,river
uc-1253512,21.8887,71.8794,coast|steppe
uc-1268501,29.6766,76.2556,desert|steppe
uc-13100428,21.4008,72.9268,coast
uc-13353511,11.8433,75.5437,coast
uc-1256260,23.3026,78.4408,
uc-1266862,26.5184,92.1472,
uc-13494696,8.2095,77.2476,coast
uc-13156765,17.1121,80.6088,
uc-13353433,22.6536,86.356,river
uc-1275804,18.4591,75.6588,steppe
uc-1276353,30.4765,75.3305,desert|steppe
uc-10776734,19.2466,83.4058,
uc-1259818,29.1882,77.83,
uc-1270291,25.2877,79.3328,
uc-1258592,24.467,75.44,lake
uc-1268846,17.8356,78.0681,
uc-12196119,21.3988,72.1754,coast|steppe
uc-1253634,12.2671,78.5378,
uc-1273153,27.7984,73.343,desert
uc-1264195,27.9521,75.2243,steppe
uc-1256955,22.5619,73.2232,
uc-1254249,9.7417,79.0177,coast
uc-10910171,11.9843,75.3041,coast
uc-1259361,11.1098,77.9888,river|steppe
uc-1260938,29.7089,73.6254,desert
uc-1270824,13.3122,76.941,steppe
uc-1253772,24.3825,80.7809,
uc-1276885,25.5,76.65,steppe
uc-1262013,27.194,95.3193,
uc-1261512,19.0248,73.3169,
uc-1263900,9.2757,79.1236,coast
uc-1278969,28.1695,94.8006,gorge
uc-1266051,22.2951,82.0237,
uc-1262794,17.7881,76.4708,
uc-1274284,24.3815,74.7012,steppe
uc-12524323,27.3617,93.0399,
uc-1264248,24.3243,83.8161,
uc-1254694,26.4274,88.1311,
uc-1262073,17.8167,76.2818,steppe
uc-1254624,22.7983,73.2117,river
uc-8740328,24.5641,79.3071,
uc-1279061,12.6224,78.7521,
uc-1258658,22.8282,87.6089,wetland
uc-1269927,26.4224,90.98,
uc-1273756,26.0024,78.8766,steppe
uc-11184400,23.3514,72.95,steppe
uc-13494695,8.3536,77.1859,coast
uc-1271286,26.2799,86.47,
uc-1253984,23.0743,78.5111,
uc-1276600,30.1718,77.6139,
uc-1266744,28.0007,75.7864,steppe
uc-13353677,19.8202,72.7296,coast
uc-1267745,9.6751,78.0999,
uc-1254709,27.9126,96.1288,river
uc-1271396,23.4102,78.2208,
uc-1269441,27.8668,78.2527,steppe
uc-1271464,22.7545,81.9011,
uc-8199699,10.1862,78.415,
uc-11185885,29.8253,75.8906,desert|steppe
uc-1253219,10.5621,76.913,
uc-1259709,25.1756,78.1886,steppe
uc-10846576,12.593,74.9626,coast
uc-11656566,8.4439,77.6044,
uc-1254640,23.9734,71.8192,steppe
uc-1269026,23.3654,85.9764,
uc-1271923,31.8643,74.9566,desert
uc-10925009,11.6832,75.7108,coast
uc-13353509,10.3732,76.1668,coast
uc-1253595,10.4408,78.0978,
uc-1275882,31.5544,75.6427,desert
uc-10922736,11.849,75.5147,coast
uc-1276054,16.1026,80.7807,coast
uc-1276938,23.6182,91.356,
uc-13494693,8.3064,77.224,coast
uc-1256070,26.515,77.3721,steppe
uc-1264368,22.1862,87.9807,coast|wetland
uc-1269625,16.7738,78.1367,steppe
uc-1261242,22.1609,85.5042,
uc-13157127,22.2198,72.0675,coast|steppe
uc-1278345,9.8667,76.35,coast
uc-1261382,29.8367,76.9319,steppe
uc-6941937,14.0943,74.4845,coast
uc-1261714,17.8989,74.7522,steppe
uc-1269970,14.2398,75.6451,river
uc-13156907,26.5919,94.1945,
uc-1257528,25.813,72.5788,desert
uc-1259296,10.6802,76.6836,
uc-1276653,23.2234,73.2149,steppe
uc-1253578,14.3112,79.8043,
uc-1275925,24.5023,74.1855,steppe
uc-8948694,10.3155,78.1514,
uc-1270437,25.3638,82.1865,
uc-1257260,26.027,82.9184,
uc-1254198,33.9271,75.1158,
uc-10815768,21.5543,74.0192,
uc-1275977,30.0592,75.535,desert|steppe
uc-1275619,16.3471,75.618,steppe
uc-1262266,12.8194,76.7546,
uc-1256715,25.6029,84.4041,
uc-1273593,21.6923,71.5175,steppe
uc-13353508,10.4929,76.1027,coast
uc-13157126,24.3317,72.8456,
uc-1268007,22.6676,76.7429,
uc-13156906,26.1202,92.1977,
uc-11184587,23.196,71.7917,saltflat|steppe
uc-1264344,22.8208,72.9403,steppe
uc-1270884,26.6555,73.7371,desert
uc-1259965,11.651,78.5087,
uc-13494691,8.2791,77.3096,coast
uc-1277515,19.7333,85.2167,coast
uc-10168655,27.2736,76.9861,steppe
uc-1259026,17.5921,74.1997,
uc-11661969,10.8692,78.5392,river
uc-1260916,21.0,83.0667,
uc-1259592,20.1136,85.8315,
uc-1253087,12.7632,75.099,
uc-1256483,15.2335,75.58,steppe
uc-1273098,25.5253,73.9081,steppe
uc-1276982,22.9914,79.8755,river
uc-1269183,27.1629,81.5418,
uc-1261451,27.3125,83.7253,
uc-12519184,11.6554,78.4012,
uc-1260417,10.9269,79.2706,river
uc-1258972,26.0426,74.0237,steppe
uc-1266390,16.8764,74.1909,
uc-1255224,29.1624,78.4846,
uc-1277273,20.3791,85.5295,river
uc-11680678,9.3935,77.4935,
uc-1264557,26.4386,85.1357,
uc-1269153,25.0096,79.0487,
uc-1277426,19.7789,85.1703,coast
uc-1260734,25.0201,79.2282,
uc-1269731,29.88,77.0597,steppe
uc-1259916,12.1343,77.8953,
uc-11463832,10.2401,76.3236,coast
uc-11655802,8.1203,77.389,coast
uc-1273181,22.851,75.5422,
uc-1262491,27.0631,73.823,desert
uc-1273858,15.5439,73.7553,coast
uc-1257268,25.3789,81.5104,
uc-1261279,29.6923,76.7546,steppe
uc-6619512,11.7594,75.5784,coast
uc-1278808,25.3061,73.9258,steppe
uc-13494595,29.8635,75.6964,desert|steppe
uc-12518878,19.5815,84.7601,
uc-1270190,22.7695,76.2999,
uc-1275793,28.3505,77.0614,steppe
uc-1261810,15.5732,75.808,steppe
uc-13156958,23.1912,82.1626,
uc-1269752,26.9352,79.6712,steppe
uc-1265041,20.1427,74.2395,
uc-1259773,16.2908,80.2623,
uc-10933952,10.6228,75.9965,coast
uc-13494690,8.2307,77.1863,coast
uc-1274369,23.3078,72.774,steppe
uc-1278216,20.52,85.6296,
uc-1265233,22.6005,79.6009,
uc-1255082,30.8558,74.9298,desert|steppe
uc-1255213,25.3224,73.0049,steppe
uc-1262546,13.091,74.7935,coast
uc-11655528,8.2849,77.2755,coast
uc-1276151,21.0919,80.9322,
uc-1265742,8.3632,77.2978,
uc-1261402,21.4624,86.7679,
uc-1269602,14.5196,76.3392,steppe
uc-1279154,16.116,74.211,
uc-1253132,12.1964,75.8051,
uc-1261771,29.2205,76.1428,steppe
uc-1277514,20.1784,85.1133,
uc-10910231,11.8559,75.4736,coast
uc-1275589,26.1271,83.8915,river
uc-1278973,15.4273,74.7411,
uc-1278692,10.583,76.9344,
uc-1270612,30.7086,74.4041,desert|steppe
uc-11184398,26.6569,91.9138,
uc-1263142,21.3211,70.4408,
uc-1269126,24.5992,74.8626,steppe
uc-1253628,30.7299,78.4434,
uc-13353432,24.3945,87.0864,
uc-1258876,22.6782,74.9448,
uc-11186287,10.4818,78.1564,
uc-10910197,11.9763,75.4167,coast
uc-10910227,11.854,75.4387,coast
uc-13353462,16.3649,77.3586,river|steppe
uc-1274874,21.4107,71.1662,steppe
uc-11484907,9.3242,76.4934,coast
uc-1261208,25.9023,91.8769,
uc-1261872,26.7907,75.2061,steppe
uc-1254732,24.9821,81.6419,
uc-1268920,12.7861,77.6385,
uc-1261580,20.1288,85.0963,
uc-10925004,11.5801,75.7384,coast
uc-1261642,26.864,82.141,river
uc-1264504,26.7559,83.1277,
uc-13353506,10.8027,76.2185,
uc-1272646,15.5932,73.9457,coast
uc-11655531,8.2803,77.2561,coast
uc-1275705,26.0505,77.3714,steppe
uc-1271538,31.2154,76.1415,desert
uc-1272517,30.0722,75.9961,desert|steppe
uc-1258425,22.3516,71.7118,steppe
uc-1263691,25.5305,81.3757,
uc-1263057,26.2837,78.9805,steppe
uc-10431770,28.0662,75.8177,steppe
uc-1268434,15.1831,74.971,
uc-1255027,29.074,80.1114,
uc-13494612,26.7227,73.9176,desert
uc-1266814,17.7189,73.3969,
uc-1255488,31.2147,75.196,desert|steppe
uc-1265415,21.6241,69.9849,steppe
uc-1279221,25.3687,72.7804,desert
uc-1256100,14.3807,75.2501,
uc-11072202,24.2508,94.3007,
uc-11463867,10.1371,76.457,
uc-1274861,16.1176,80.9314,coast
uc-1266220,19.8902,86.0976,coast
uc-13353505,11.8322,75.4825,coast
uc-1254000,29.4675,76.178,desert|steppe
uc-1268279,20.9338,85.5449,
uc-1278393,12.7617,76.0603,
uc-13494689,9.6353,77.6389,
uc-1255950,11.1203,77.7881,steppe
uc-1276666,28.0718,76.5831,steppe
uc-8432864,24.7789,82.096,
uc-13353504,10.3764,76.2015,coast
uc-1278703,22.5834,88.0104,coast|wetland
uc-1253610,19.6535,73.1481,
uc-1268667,21.2172,73.2197,river
uc-1253490,11.9209,79.5824,
uc-1278073,22.7026,77.9349,
uc-1270271,22.0995,76.7342,
uc-1276437,28.7015,76.5771,steppe
uc-1463373,18.8613,72.9526,coast
uc-1257530,8.9986,77.3876,
uc-8224696,8.2363,77.2426,coast
uc-1262060,23.836,76.2432,
uc-1259535,12.335,76.1007,
uc-1259801,26.5989,79.4644,steppe
uc-1278052,28.2642,78.4056,river
uc-11556470,11.8443,77.8473,lake|river
uc-1279181,24.8988,80.2592,
uc-1277776,22.1013,80.5497,
uc-1264085,26.9222,80.7108,steppe
uc-11500480,10.7582,76.7859,
uc-1273793,15.1773,73.9939,coast
uc-1260141,22.5566,83.4635,
uc-1277576,20.1997,83.9094,
uc-1278278,25.7342,74.3328,steppe
uc-1253559,22.3051,73.4002,
uc-1261564,8.561,77.9721,coast
uc-13494539,24.7009,93.9033,
uc-11679084,11.3009,79.5561,coast
uc-1257588,24.1352,74.0444,steppe
uc-1255743,22.9717,76.3467,
uc-11522068,11.4678,77.6434,steppe
uc-12523494,25.8679,94.7857,
uc-1266838,22.9762,86.8546,
uc-10713768,31.1241,75.7724,desert|steppe
uc-1256205,19.9536,76.1264,
uc-1255301,23.9467,76.0883,
uc-1276095,25.5608,81.4916,
uc-13353503,10.3555,76.1282,coast
uc-1276265,21.6449,77.6302,
uc-1268035,16.2661,73.7122,
uc-1271062,17.2582,81.8499,
uc-1260940,20.9993,83.0632,
uc-1273784,15.4167,74.0167,coast
uc-1262034,11.3581,77.3212,steppe
uc-1276978,12.5429,78.3573,
uc-1272878,22.1495,75.3444,river|steppe
uc-1256414,33.7172,74.8341,
uc-10256367,30.8546,75.6609,desert|steppe
uc-1267202,27.1833,83.8833,
uc-1267776,34.5577,76.1262,steppe
uc-1266029,19.1426,82.3254,river
uc-1274881,22.483,86.7179,
uc-1256734,24.3136,79.1181,
uc-1278842,23.936,91.8544,
uc-8224697,8.367,77.2433,coast
uc-1278676,31.2393,76.5025,lake|river
uc-1261049,11.741,78.0456,
uc-1269850,16.1984,76.6604,steppe
uc-1274422,11.1638,77.6039,steppe
uc-1264523,10.481,79.3994,coast
uc-1278090,10.9014,79.1798,river
uc-1261145,28.103,77.0014,steppe
uc-1268276,27.2618,79.6313,steppe
uc-1275978,21.8676,75.9639,
uc-1269449,11.6978,77.873,lake
uc-1462735,31.0619,74.8228,desert|steppe
uc-1260556,22.2249,81.4099,
uc-1257313,22.9742,75.8271,
uc-11655747,8.2055,77.3444,coast
uc-1275700,18.7939,80.816,
uc-1265402,11.0743,79.5622,
uc-10910167,11.9956,75.2872,coast
uc-1254712,9.8967,77.2809,
uc-1275966,23.7676,73.247,steppe
uc-1256731,28.5502,79.3176,
uc-11627210,23.7945,85.5872,
uc-1256245,21.6281,81.7038,river
uc-13353501,11.8695,75.5808,coast
uc-1265809,16.0115,73.6887,coast
uc-1253644,19.368,78.7761,
uc-1270082,23.9034,79.5686,
uc-1276400,22.6865,75.6146,
uc-11655282,8.2466,77.2617,coast
uc-1270522,26.2452,91.5252,
uc-1264077,23.093,70.7588,saltflat|steppe
uc-1266240,9.8475,77.296,
uc-10202136,29.2471,77.3089,steppe
uc-1253977,26.7537,92.1021,
uc-1253374,22.6608,72.7552,steppe
uc-1274807,23.7147,72.1128,steppe
uc-1275775,8.2659,77.4461,coast
uc-1257940,26.49,79.9011,steppe
uc-10677907,33.1458,75.9479,glacier
uc-1274747,23.6565,80.7091,
uc-10490140,16.5853,79.3205,lake|river|steppe
uc-1267023,25.0298,78.1271,
uc-1259554,26.8274,83.5263,
uc-1255620,8.6293,77.9128,
uc-1279407,26.3225,90.6853,
uc-1255425,24.3707,75.9571,
uc-1253754,23.3379,75.5593,
uc-1256003,29.4139,77.4689,steppe
uc-1272421,24.4748,85.6921,
uc-10883966,14.7178,76.7468,steppe
uc-1268863,22.7167,70.2833,coast|steppe
uc-13494583,20.9528,85.1717,
uc-1269990,14.0429,76.185,steppe
uc-1263134,11.5579,75.7596,coast
uc-1255764,19.0259,76.4739,river
uc-1275558,21.0263,83.812,river
uc-1272829,21.5533,76.8897,
uc-1254663,23.0096,74.5775,
uc-1266631,20.0067,75.1924,
uc-1272053,9.865,77.6992,
uc-1266746,21.6712,74.5854,steppe
uc-1266598,25.4817,85.3849,river
uc-1266843,28.9213,79.9707,
uc-1273512,17.7593,73.1882,coast
uc-1276939,24.4134,74.4733,steppe
uc-11519456,11.5021,77.2555,
uc-1445350,17.2694,78.5767,steppe
uc-1259022,31.0527,76.1191,desert
uc-1253606,10.6604,76.2466,
uc-1277930,28.1878,75.5001,steppe
uc-1263610,18.6509,79.665,river
uc-13494611,28.3681,75.584,steppe
uc-1265239,26.03,90.3061,
uc-8441290,16.0779,75.8132,steppe
uc-1266596,28.2031,80.2705,
uc-10253590,24.6522,75.9983,
uc-1267617,19.6451,73.4743,
uc-1261826,18.0341,77.7728,
uc-11522157,11.426,77.5707,steppe
uc-1278064,25.5471,80.7044,steppe
uc-1273528,27.2964,75.1867,steppe
uc-1270335,9.2836,76.4552,coast
uc-9985580,34.55,74.2173,
uc-1266433,21.7436,84.3485,
uc-1445797,17.545,78.4884,
uc-10701276,31.3118,75.3217,desert|steppe
uc-1254214,28.8699,75.9165,steppe
uc-11655584,8.3552,77.3283,
uc-13157118,20.1916,72.8183,coast
uc-1275593,28.2434,79.9514,
uc-1264949,24.0598,77.4086,
uc-1253217,12.1077,79.2452,
uc-8740787,24.1172,78.0383,river
uc-13494746,23.9688,91.3708,
uc-1266070,15.8551,77.2446,steppe
uc-1268310,9.1494,77.7057,
uc-1254396,13.6883,75.2455,
uc-13494610,27.4193,75.8214,steppe
uc-1260221,26.886,74.766,desert
uc-1268722,25.2062,82.7144,river
uc-1258619,21.0735,84.341,
uc-1256929,22.5493,71.4832,steppe
uc-1256824,22.3939,79.5424,river
uc-1259158,19.5202,84.8851,
uc-1277841,26.8691,78.5939,river|steppe
uc-13353500,11.9184,75.4645,coast
uc-1272367,17.4447,80.1491,
uc-12523341,24.0359,92.1996,
uc-11657965,10.7256,78.1354,
uc-1263015,28.5401,79.2082,
uc-1265451,12.458,75.959,river
uc-1267538,21.7737,79.8051,
uc-10249440,24.6609,72.914,mountain|steppe
uc-11186049,8.2226,77.3732,coast
uc-1277194,26.3261,76.2283,steppe
uc-1277202,21.4882,70.0758,steppe
uc-1273642,25.8758,87.8401,
uc-1255619,18.0459,73.0155,coast
uc-1253175,9.1323,78.1663,coast
uc-1266126,13.522,77.2373,steppe
uc-6695468,12.8177,77.6842,
uc-10910251,11.9198,75.4722,coast
uc-12519688,17.5889,78.9434,steppe
uc-1262567,10.7943,77.7115,steppe
uc-1269824,23.0282,77.0173,
uc-10684812,32.3684,75.6782,river
uc-10303818,30.3168,74.9125,desert|steppe
uc-1271642,13.6502,74.6707,coast
uc-13353372,32.6059,74.7334,desert
uc-13156905,26.2494,91.5243,
uc-11487291,8.6926,76.7933,coast
uc-1275132,19.8081,84.7908,
uc-1267006,21.4224,78.9817,
uc-1259840,23.011,74.7977,
uc-1263997,12.6209,80.1933,coast
uc-13494582,20.9345,85.1879,
uc-1264757,22.2743,81.7018,
uc-1266092,24.1177,78.0401,river
uc-1267290,23.1959,86.515,
uc-1259210,26.4708,85.7031,
uc-13353497,10.4842,76.1044,coast
uc-12493784,18.0532,73.0011,coast
uc-13353461,13.4991,74.7094,coast
uc-1271509,24.3234,75.652,lake
uc-1259784,25.6667,94.5,
uc-1255712,19.7608,84.43,
uc-1266924,20.2885,82.7606,
uc-1261871,25.1903,80.475,
uc-1265150,22.1907,69.9635,steppe
uc-1278785,16.0566,75.9477,steppe
uc-1260442,24.1951,75.006,
uc-1253673,27.798,79.2376,
uc-1260954,27.5123,82.643,
uc-1255478,34.2307,74.6472,lake|river
uc-1253785,29.5848,77.2554,steppe
uc-1262988,27.4314,80.5316,
uc-1267385,12.4219,78.2188,river
uc-1279213,20.7572,73.6863,
uc-1642911,-6.2146,106.8451,coast
uc-1650357,-6.9222,107.6069,
uc-1645524,-6.4,106.8186,
uc-1625822,-7.2492,112.7508,coast
uc-1625084,-6.1781,106.63,coast
uc-1214520,3.5833,98.6667,
uc-1627896,-6.9931,110.4208,coast
uc-1633070,-2.9167,104.7458,
uc-1642548,-6.5924,110.671,coast
uc-1622786,-5.1486,119.4319,coast
uc-1648473,-6.5944,106.7892,
uc-6295587,1.1494,104.0249,coast
uc-1631761,0.5167,101.4417,
uc-1624917,-5.4292,105.2611,coast
uc-1636722,-7.9797,112.6304,
uc-1629001,-0.4917,117.1458,river
uc-1621177,-7.8014,110.3647,
uc-1633419,-0.9492,100.3543,coast
uc-1625812,-7.5561,110.8317,
uc-1624647,-7.3274,108.2207,
uc-1645528,-8.65,115.2167,coast
uc-1626801,-7.7062,114.0098,coast
uc-1646170,-6.7063,108.557,coast
uc-1627549,-6.1153,106.1542,coast
uc-1650527,-1.2675,116.8289,coast
uc-1630789,-0.0319,109.325,coast
uc-1650213,-3.3199,114.5907,coast|river
uc-1642858,-1.6,103.6167,
uc-1631766,-6.8886,109.6753,coast
uc-2057087,-10.1708,123.6069,coast
uc-2082600,-2.5337,140.7181,coast
uc-1624494,-6.8694,109.1402,coast
uc-1646511,-6.0144,106.0542,coast
uc-1636544,1.4822,124.8489,coast
uc-1635882,-8.5833,116.1167,coast
uc-1649150,-3.8004,102.2655,coast
uc-1633034,-0.9083,119.8708,coast
uc-1626381,-6.9181,106.9267,
uc-1640344,-3.9778,122.5151,coast
uc-1640660,-7.8167,112.0167,
uc-1645133,1.6671,101.4432,coast
uc-1651531,-3.6958,128.1833,coast
uc-1633118,-2.2083,113.9167,
uc-1214189,3.6253,98.864,coast
uc-1641134,-6.3053,107.3197,
uc-1642588,-8.1721,113.6995,
uc-1630328,-7.4214,109.2344,
uc-1650217,-3.4406,114.8365,
uc-1215355,3.6001,98.4854,
uc-1214204,2.9595,99.0687,
uc-1215502,5.5417,95.3333,coast
uc-1646559,-7.7264,109.0094,coast
uc-1624725,3.3133,117.5915,coast
uc-1626916,0.9093,108.9846,coast
uc-1639900,-7.7058,110.6064,
uc-1214369,1.3795,99.2715,
uc-1630634,-7.7543,113.2159,coast
uc-1623502,1.0402,120.8176,coast
uc-1637158,-3.2945,102.8614,
uc-1624863,0.9167,104.4583,coast
uc-1632654,-2.1291,106.1138,coast
uc-1649824,-7.87,112.5283,
uc-1648637,1.4406,125.1282,coast
uc-1639850,-8.5333,115.4,coast
uc-1627253,-7.4478,112.7183,coast
uc-1626542,-0.8796,131.261,coast
uc-1213547,2.9667,99.8,coast|river
uc-1632033,-7.6453,112.9075,coast
uc-1624041,0.7906,127.3842,coast
uc-1650234,-7.1955,107.4313,
uc-1643837,0.5375,123.0625,coast
uc-1636930,-7.6298,111.5239,
uc-1629710,-6.1592,107.2981,coast
uc-1214658,5.1801,97.1507,coast
uc-1626103,-6.8586,107.9164,
uc-1629131,-7.3319,110.4928,mountain
uc-1648186,0.1324,117.4854,coast
uc-1638868,-8.4964,119.8877,coast
uc-1633037,-2.9925,120.1969,coast
uc-1631648,-6.8919,109.3826,coast
uc-1214724,4.4683,97.9683,coast
uc-1635283,-5.1131,105.3067,
uc-1630341,-6.5569,107.4433,
uc-1647142,-6.8222,107.1394,
uc-1642414,-7.546,112.2331,
uc-1635111,-7.4664,112.4338,
uc-1628884,-2.5315,112.9496,
uc-1648759,-8.4601,118.7267,coast
uc-1649541,-5.4633,122.6024,coast
uc-1648580,-8.0983,112.1681,
uc-1632353,-4.0135,119.6255,coast
uc-1214191,3.5679,98.956,coast
uc-1621884,-4.5386,120.3279,coast
uc-1651112,-6.8017,108.6311,coast
uc-1623834,-4.6141,136.6768,
uc-1214882,2.9845,99.6158,
uc-1631905,-0.2159,100.6334,
uc-1630333,-7.0868,110.9158,
uc-1626444,-6.57,107.7567,
uc-1630058,-6.3591,106.2494,
uc-1215102,1.2888,97.6143,coast
uc-1649593,-4.1289,104.1669,
uc-1651887,-6.9375,109.1325,coast
uc-1626932,-8.112,115.0882,coast
uc-1636308,-0.8629,134.064,coast
uc-1644409,-7.245,107.921,
uc-1636022,-3.4109,114.8642,
uc-1636884,-7.4706,110.2178,
uc-1646698,-6.4197,107.4558,
uc-1632197,-7.068,107.794,
uc-7334948,-8.4913,115.0459,coast
uc-1637090,-8.1335,113.2248,coast
uc-1643078,-6.3264,108.32,coast
uc-1639500,0.7419,124.3121,
uc-1647866,-0.3091,100.3705,
uc-1650077,-8.2325,114.3576,coast
uc-1213500,3.3285,99.1625,
uc-2082539,-8.4996,140.4061,coast
uc-1632998,-6.2842,107.8106,coast
uc-1650232,-8.19,114.9675,coast
uc-1638284,-7.8353,112.6947,
uc-1639094,-6.9758,108.4831,mountain
uc-1639362,-6.1314,106.3797,coast
uc-1647149,-7.3257,108.3534,
uc-1631733,-6.9875,106.5514,coast
uc-1632694,-2.6832,111.6259,coast
uc-1631992,-6.7559,111.038,coast
uc-1646678,-6.2611,107.1528,
uc-1632358,-7.7679,112.198,
uc-1651226,-6.6453,108.4103,coast
uc-6713355,2.662,97.8827,
uc-1631393,-3.4345,104.2306,
uc-1624877,-2.7335,107.6348,coast
uc-1214073,2.1,99.8333,
uc-1215412,3.7755,98.6832,coast
uc-1625929,-2.0561,101.3913,
uc-1644178,-8.3667,114.15,
uc-1625958,-1.8544,106.1222,coast
uc-1634266,-8.3569,114.6169,coast
uc-1626100,-6.85,107.9167,
uc-1634614,-3.3599,135.5007,coast
uc-1621395,-7.3589,109.9031,
uc-1633056,-6.7069,108.4242,coast|mountain
uc-1627957,-8.6503,116.5318,coast
uc-1632978,-7.1568,113.4746,coast
uc-1632823,-6.3084,106.1067,
uc-1213855,1.7402,98.7812,coast
uc-1632334,-0.619,100.12,coast
uc-1639215,-6.8048,110.8405,
uc-1623197,-5.6288,132.7523,coast
uc-1646893,-6.7814,106.7825,
uc-1639925,-6.7094,108.44,coast|mountain
uc-1635815,-8.6199,122.2111,coast
uc-1621399,-7.9656,110.6036,coast
uc-1644932,-8.8432,121.6623,coast
uc-1648451,-7.1502,111.8817,
uc-1650298,-7.0455,112.7351,coast
uc-1650319,-7.5994,112.8186,coast
uc-1626887,0.0667,111.5,river
uc-1626099,-7.0115,113.8604,coast
uc-1644605,-5.3166,119.3661,coast
uc-1651103,-9.1061,124.8925,coast
uc-1634680,-7.5811,110.2928,mountain
uc-1640585,-8.0667,111.9167,
uc-1630798,-7.8685,111.462,
uc-1964032,-6.82,107.2572,
uc-1623180,-6.8976,112.0649,coast
uc-1641184,-6.8487,108.6422,coast
uc-1622846,-8.5098,115.2654,coast
uc-1636806,-3.5403,118.9707,coast
uc-1214965,3.1001,98.4908,
uc-1626649,-0.8006,100.6571,
uc-1636816,-6.8361,108.2278,mountain
uc-1642726,-6.4747,108.3153,coast
uc-1626498,-7.4264,111.0222,
uc-1633308,-4.0251,103.2469,
uc-1630238,-4.838,122.7209,coast
uc-1635342,-7.52,110.2264,mountain
uc-1648266,-7.9135,113.8214,
uc-1634131,-7.6051,111.9035,
uc-1624827,2.8375,117.3653,river
uc-1633811,4.1384,117.6507,coast
uc-1622167,-4.0958,138.9481,river
uc-1638775,-3.7851,103.5428,
uc-1630935,-3.4324,119.3435,coast
uc-1623080,-8.0657,111.9025,
uc-1651555,-7.2633,110.3975,
uc-1214488,4.144,96.1266,coast
uc-1634718,-8.4333,114.3333,coast
uc-1623096,-7.4737,112.6505,coast
uc-1626185,-8.4932,117.4202,coast
uc-1626758,-6.9816,109.1407,coast
uc-1640185,-7.5833,112.1,
uc-1648084,-7.5331,110.5958,mountain
uc-1626921,-4.1279,120.0297,
uc-1638562,-7.1167,112.4167,
uc-1633375,-0.456,100.4052,
uc-1621655,-6.9713,110.0666,coast
uc-1642684,-6.7336,108.2628,mountain
uc-1650815,-6.7674,110.8541,
uc-13405902,1.3626,109.3009,coast
uc-1630366,-7.3881,109.3639,
uc-1650600,1.0595,101.2905,
uc-1636507,-1.0163,103.5933,coast
uc-1632861,-7.9131,110.2936,coast
uc-1650064,-2.5833,115.3833,
uc-1651461,-2.4177,115.2494,
uc-1648918,-7.7338,113.6979,coast
uc-1625420,-8.7449,116.8532,coast
uc-1621678,-7.7431,110.5794,
uc-1647179,-7.1475,111.5906,
uc-1645343,-8.5365,118.4634,coast
uc-1631637,1.1667,108.9667,coast
uc-1628899,-7.1872,113.2394,coast
uc-1624987,-3.9373,103.8046,
uc-1624058,-4.879,105.2182,
uc-1645413,-5.7609,134.234,coast
uc-1640296,-8.1303,112.5727,
uc-1648568,-6.9698,111.4186,
uc-1645976,-6.9053,109.5347,coast
uc-1643920,-7.6072,109.5142,coast
uc-1213840,2.749,98.3127,
uc-1628767,-5.8453,112.6517,coast
uc-1651591,-3.3398,128.9197,coast
uc-1642692,-7.8833,111.1167,
uc-1214800,3.879,98.633,coast
uc-2011457,-7.5908,110.7044,
uc-1624974,1.0001,103.4219,coast
uc-1626936,-7.3515,108.111,
uc-1650095,-7.5142,109.2942,
uc-1215395,3.1947,98.5089,
uc-1640576,-9.4467,124.4781,
uc-1637001,-0.9516,122.7875,coast
uc-1625908,0.7,108.9,coast
uc-1215350,5.203,96.7009,coast
uc-1630723,-1.3959,120.7524,coast
uc-1213713,2.2874,97.7884,coast
uc-1634788,-0.9473,114.8962,river
uc-1645875,-3.4703,102.5207,river
uc-1630681,-7.75,110.4942,mountain
uc-2082460,-2.5691,140.5127,coast
uc-1650434,-7.95,110.2833,coast
uc-1640138,-6.9383,108.891,coast
uc-1629749,-6.7036,111.3416,coast
uc-1644360,-6.735,110.8444,
uc-1214026,5.8897,95.3164,coast
uc-1640354,-8.2833,113.3667,coast
uc-1643089,-3.2525,104.6756,
uc-1649595,-7.3,109.2167,
uc-1639524,-4.8251,104.8817,
uc-1648844,-1.1767,136.082,coast
uc-1629380,-8.6114,120.4644,
uc-1626895,-5.1241,120.253,coast
uc-1629974,-2.9701,119.8978,
uc-1214055,5.2167,96.2833,coast
uc-1626703,-9.8607,124.284,
uc-1642317,-6.715,111.1514,coast
uc-8449493,3.1131,99.1735,
uc-1630200,-7.221,108.1896,
uc-1213504,2.0147,98.9655,
uc-1636426,-2.8833,108.2667,coast
uc-1636808,-7.2975,108.7642,
uc-1647991,-7.05,109.55,
uc-1639356,-7.4104,112.5792,
uc-1621416,-6.9833,109.6167,coast
uc-1635984,-2.5537,120.3279,
uc-1634519,-3.2619,127.0929,coast
uc-1642628,-6.8057,110.9262,
uc-1999251,-7.7956,110.5867,
uc-1625014,-2.1709,115.4077,
uc-1627035,-1.2642,104.097,
uc-8667930,-3.2983,128.9688,coast
uc-1626486,-8.4,114.2666,coast
uc-1622318,-9.6567,120.2641,coast
uc-1634739,-3.7147,137.9853,
uc-7336548,-9.4283,119.238,coast
uc-1639304,-3.0091,114.3876,
uc-1622090,-7.5161,109.0539,coast
uc-1625585,3.611,125.4858,coast
uc-1626134,-8.1586,112.4829,
uc-1630662,-8.7054,116.2704,coast
uc-1214294,2.6081,98.6961,lake
uc-1632859,-7.6527,112.6875,coast
uc-1623651,1.7284,128.0095,coast
uc-1639286,-0.8162,103.4611,coast
uc-1625708,-8.5413,115.1252,coast
uc-1638217,-7.0496,109.1441,
uc-1638870,-6.3784,105.83,coast
uc-1649163,0.8319,109.4359,
uc-1623424,1.3054,124.9126,coast
uc-1648082,-8.1181,111.8935,coast
uc-1640972,-4.8299,122.726,coast
uc-1641301,-8.45,115.6167,coast
uc-11919949,-8.4487,115.6062,coast
uc-1651763,1.428,124.9777,coast
uc-1215498,2.05,99.75,
uc-1638981,-7.7169,109.9128,coast
uc-1641342,-6.4622,108.4519,coast
uc-1627267,-7.4846,108.7923,coast
uc-1627969,-7.7833,110.8667,
uc-1637833,-8.3723,123.418,coast
uc-1636029,-5.006,119.5727,coast
uc-1628858,-2.0585,125.9779,coast
uc-1640889,-1.5912,127.4071,coast
uc-1626493,-7.9386,110.2506,coast
uc-1626903,-8.3167,114.2333,coast
uc-1621439,-7.9908,114.4009,coast
uc-1623251,-8.0764,111.7064,
uc-1638352,-6.6922,111.4527,coast
uc-1647187,-7.6742,110.6789,
uc-1630088,-7.0981,109.3243,
uc-1650572,-7.0486,109.1006,
uc-1639431,-7.7584,113.3962,coast
uc-1636121,-7.0948,109.025,
uc-1627185,-0.7005,100.9774,river
uc-1623446,1.3168,124.8038,coast
uc-1626698,0.7373,127.5588,coast
uc-1647834,-6.8748,108.9559,coast
uc-1645559,-6.8909,110.6396,coast
uc-1633442,-6.8767,112.3761,coast
uc-1650888,-7.1128,112.1635,
uc-1213655,3.7334,98.4502,
uc-1645220,-7.3659,112.6219,coast
uc-1634678,-2.0672,105.1623,coast
uc-1624545,-6.5397,111.0518,coast
uc-1633986,-8.1058,112.0159,coast
uc-1622138,-7.1749,107.9808,
uc-1621659,-6.8,110.7167,coast
uc-1213495,0.5729,97.8034,coast
uc-1636657,3.5886,116.6239,
uc-1214302,4.0238,98.2782,coast
uc-1647638,-2.5471,121.972,coast
uc-1213530,4.0613,98.3699,coast
uc-1648691,-2.1097,133.5246,coast
uc-1214776,1.3943,97.1675,coast
uc-1645565,-7.6167,110.6833,
uc-1630649,-7.6833,112.6167,
uc-1215326,3.7396,96.8361,coast
uc-1630416,-7.9522,110.3486,coast
uc-1641977,-7.0537,113.9424,coast
uc-1651852,-5.545,138.1352,coast
uc-2010971,-7.5497,110.7164,
uc-1645663,2.0505,128.294,coast
uc-1635116,-7.5667,112.35,
uc-1639337,-7.6331,109.2461,coast
uc-1645749,-8.2116,112.7493,coast|mountain
uc-1634010,-7.6839,112.258,
uc-1622293,-0.2379,130.5072,coast
uc-1643898,-8.1753,112.6359,
uc-1634098,-7.4038,111.4461,
uc-1634511,-3.8455,126.7262,coast
uc-1623772,-3.9236,138.4547,river
uc-1634904,-1.4902,102.1149,
uc-7087175,-8.4504,115.5925,coast
uc-1624196,-1.4416,132.0143,coast
uc-1642069,-8.2151,124.5458,coast
uc-1644833,-2.9248,132.2981,coast
uc-1636322,-2.4667,111.0333,
uc-1215468,2.0106,98.3982,coast
uc-1213821,5.3848,95.9609,coast
uc-1630034,-1.5083,134.1708,coast
uc-1214256,2.8663,98.5211,lake
uc-1213442,2.8985,98.5231,lake
uc-1966184,-7.1169,107.5019,
uc-112931,35.6944,51.4215,steppe
uc-128747,35.8327,50.9915,steppe
uc-124665,36.2981,59.6057,steppe
uc-418863,32.6525,51.6746,desert
uc-113646,38.08,46.2919,river|steppe
uc-115019,29.6103,52.5311,
uc-119208,34.6401,50.8764,desert
uc-144448,31.319,48.6842,desert
uc-449504,35.5522,51.235,steppe
uc-128226,34.3142,47.065,
uc-118743,37.2761,49.5886,
uc-128234,30.2832,57.0788,desert
uc-121801,37.5527,45.0761,steppe
uc-143860,35.6588,51.0577,steppe
uc-1159301,29.4963,60.8629,desert
uc-143127,34.0949,49.6981,steppe
uc-132144,34.7992,48.5146,
uc-119505,36.2688,50.0041,
uc-111822,31.8972,54.3675,desert
uc-143083,38.2498,48.2933,steppe
uc-128476,33.9824,51.4277,desert
uc-111453,36.6764,48.4963,steppe
uc-141681,27.1865,56.2808,coast|desert
uc-117574,35.315,46.9988,
uc-127319,30.4408,48.1843,desert|river
uc-127349,33.4878,48.3558,
uc-6861211,34.0023,51.4388,desert
uc-9478811,35.4785,51.6834,steppe
uc-112214,35.3242,51.6457,desert
uc-32767,35.4287,51.5776,steppe
uc-122438,35.9541,50.6061,steppe
uc-136256,32.3811,48.4058,steppe
uc-124877,37.3921,46.2391,steppe
uc-124878,35.8292,59.6332,steppe
uc-418606,32.6346,51.3653,steppe
uc-116996,36.5633,53.0601,steppe
uc-140044,33.8973,48.7516,
uc-132892,36.8427,54.4439,steppe
uc-118063,36.2126,57.6819,desert
uc-32900,35.5183,51.1819,steppe
uc-143534,36.4696,52.3507,steppe
uc-142363,36.551,52.6786,coast|steppe
uc-145459,30.3392,48.3043,desert|river
uc-122285,36.2133,58.7957,mountain|steppe
uc-116667,35.0213,50.3566,desert
uc-120695,36.4667,52.8676,steppe
uc-6672634,35.565,51.1633,steppe
uc-13405749,35.5653,51.1583,steppe
uc-114259,29.4514,55.6809,desert
uc-126972,38.5503,44.9521,steppe
uc-140463,32.8663,59.2211,desert
uc-139889,36.521,46.2089,
uc-140380,37.4747,57.329,steppe
uc-417472,32.8579,51.5529,desert
uc-125185,34.3016,48.8217,river
uc-121110,36.701,45.1413,mountain
uc-125446,36.7631,45.7222,
uc-139817,28.9689,50.8366,coast|desert
uc-117392,36.2499,46.2735,
uc-135423,36.4182,54.9763,steppe
uc-141663,30.5566,49.1885,coast|desert
uc-132938,37.25,55.1672,steppe
uc-124721,29.8741,52.8026,steppe
uc-118994,30.4067,55.9939,desert
uc-139223,36.655,51.4204,coast|steppe
uc-130531,28.5,53.5605,steppe
uc-130802,33.6374,46.4227,
uc-124778,35.5183,46.183,
uc-143420,32.4615,48.3537,steppe
uc-418533,32.0088,51.8641,steppe
uc-124085,36.9667,46.1096,
uc-128447,35.2383,58.4656,saltflat|steppe
uc-1160939,27.2024,60.6848,desert
uc-6925362,28.6781,57.7406,desert
uc-115770,32.3261,50.8572,
uc-112646,35.274,59.2195,steppe
uc-116402,35.5769,53.392,desert
uc-124862,38.4329,45.7749,steppe
uc-13631338,37.951,46.1103,steppe
uc-140951,30.5959,50.2417,steppe
uc-6653052,29.7997,52.5022,
uc-141736,29.106,58.357,desert
uc-1113217,31.0306,61.4949,desert|saltflat
uc-135878,33.4922,49.0616,
uc-130697,31.8303,49.8676,
uc-141679,37.4732,49.4579,coast
uc-66093,30.6682,51.588,
uc-6681051,35.7469,51.8122,
uc-128321,29.6192,51.6535,steppe
uc-119115,37.106,58.5095,river|steppe
uc-6659981,36.2237,50.1825,
uc-140097,29.2699,51.2188,steppe
uc-141584,35.9975,45.8853,
uc-418418,32.3906,51.3765,steppe
uc-139879,35.7297,51.8688,
uc-418943,32.4881,51.7731,desert
uc-124082,37.421,47.715,steppe
uc-118367,35.4846,51.0829,steppe
uc-121380,39.6482,47.9174,river|steppe
uc-114584,32.0497,48.8484,steppe
uc-126015,37.2042,50.0092,
uc-144616,38.4774,47.0699,steppe
uc-124620,31.9364,49.3039,steppe
uc-134721,28.9383,53.6482,steppe
uc-123941,27.131,57.0872,coast|desert
uc-6659672,35.4719,50.9755,steppe
uc-136014,30.3586,50.7981,
uc-140918,36.6923,53.5526,coast|steppe
uc-135175,34.1089,46.5299,
uc-143921,33.404,49.6918,
uc-126409,33.5333,47.61,
uc-418838,32.4866,51.3967,steppe
uc-418625,32.3461,51.502,steppe
uc-119161,35.1664,47.8056,
uc-8535197,35.9891,50.7451,
uc-114930,37.3967,57.9295,river|steppe
uc-117656,38.1973,44.7653,steppe
uc-122698,36.9553,45.388,
uc-140889,37.3404,46.0561,lake|steppe
uc-8521444,30.437,49.1029,coast|desert
uc-127403,33.6389,50.08,
uc-114593,32.1942,48.2436,river|steppe
uc-122915,34.1909,48.3745,
uc-118826,31.28,49.6035,steppe
uc-124210,38.399,47.682,mountain|steppe
uc-113491,36.0706,49.6957,steppe
uc-137956,28.7517,54.5406,steppe
uc-145034,36.1468,49.218,
uc-1160571,28.2211,61.2158,desert
uc-125897,37.1955,50.1526,coast
uc-138025,36.1679,54.3429,desert
uc-121861,30.7628,49.7023,steppe
uc-24851,34.0734,47.9725,
uc-134518,28.8446,52.5715,
uc-400809,35.5316,51.4048,steppe
uc-124838,35.7282,50.8134,steppe
uc-125877,27.6834,54.3417,desert
uc-122397,36.6508,53.2991,steppe
uc-128847,27.8343,52.0631,coast|desert
uc-144795,36.0399,50.531,
uc-1159713,27.3709,62.331,desert
uc-135298,37.0765,57.5101,steppe
uc-48918,28.8349,53.1726,
uc-145449,31.1608,52.6506,steppe
uc-111421,30.8127,56.564,desert
uc-133037,33.4537,50.2884,steppe
uc-1159362,35.244,60.6225,desert
uc-143073,32.31,54.0175,desert
uc-131962,34.2721,47.5861,
uc-128905,34.7953,46.9368,
uc-140046,31.9652,51.2873,
uc-121925,30.114,51.5217,
uc-136987,30.7934,50.5651,steppe
uc-142872,34.7824,48.1201,
uc-144794,36.0667,50.55,
uc-25883,34.8067,46.4913,
uc-141653,36.9012,54.072,coast|steppe
uc-138742,36.6455,59.1212,steppe
uc-144038,36.9101,54.8674,steppe
uc-134217,29.5791,50.517,coast|steppe
uc-6961608,27.9403,57.6998,desert
uc-124193,32.2501,54.0166,desert
uc-115781,30.1165,55.1186,steppe
uc-113508,36.4009,47.1133,steppe
uc-137268,31.5635,48.1896,desert|river
uc-128831,34.5043,47.9653,
uc-128008,37.6184,48.5293,
uc-121795,37.0397,45.0983,
uc-41210,36.2078,49.1953,
uc-112422,34.551,48.4435,
uc-140521,35.8668,47.6051,steppe
uc-113659,33.5959,56.9244,desert
uc-418851,32.5553,51.5097,steppe
uc-32723,35.2345,52.3094,desert|saltflat
uc-133964,35.2182,52.3409,desert|saltflat
uc-142358,36.6993,52.6501,coast
uc-110831,37.0864,55.1722,steppe
uc-118191,37.137,50.2917,coast
uc-142497,33.4564,49.4565,
uc-142496,33.6095,48.9307,
uc-1161724,25.2919,60.643,coast|desert
uc-113860,37.3013,49.315,
uc-125205,39.2899,44.4603,steppe
uc-125206,27.8486,52.423,desert
uc-1159716,36.5449,61.1577,desert|river
uc-117111,36.1552,45.4788,
uc-136702,32.6941,47.2679,steppe
uc-122289,29.1988,54.3278,steppe
uc-120931,34.4611,45.8626,
uc-142255,31.6035,55.4025,desert
uc-113343,37.7966,48.9052,coast
uc-117368,37.9408,47.5367,river|steppe
uc-142679,37.2632,49.9432,coast|river
uc-6686970,37.759,45.9783,steppe
uc-135355,30.8988,52.697,steppe
uc-114049,34.7819,47.5994,
uc-122491,33.5112,51.9181,desert
uc-131831,35.3673,51.235,steppe
uc-132961,34.3529,58.6837,desert
uc-1160500,25.3604,60.3995,coast|desert
uc-125438,33.9111,50.4532,steppe
uc-120954,39.348,45.071,river|steppe
uc-116102,30.6492,48.665,desert
uc-117793,36.6793,46.5669,steppe
uc-127014,28.6543,51.38,desert
uc-125609,31.5134,50.8267,
uc-118704,31.2656,56.8055,desert
uc-120694,33.7265,59.1844,steppe
uc-126572,36.7931,54.1121,coast|steppe
uc-126914,26.5578,54.0194,coast|desert
uc-142676,38.4308,48.8699,coast
uc-1159877,26.2483,60.7525,desert
uc-129664,35.3465,51.8442,saltflat|steppe
uc-11980175,35.5172,51.3605,steppe
uc-1159384,34.74,60.7756,desert
uc-112656,36.8163,50.8738,coast
uc-7082152,36.5698,59.1904,steppe
uc-137585,37.4445,59.1081,steppe
uc-406993,35.3022,51.5358,desert
uc-135094,29.1266,54.0421,
uc-6648621,31.4079,48.7946,desert
uc-120351,27.4419,57.192,desert
uc-117773,36.918,50.648,coast
uc-134441,37.224,49.3125,
uc-117835,34.4813,47.6908,river
uc-7329809,37.0139,54.455,steppe
uc-119369,36.1147,48.5911,steppe
uc-142247,29.2331,56.6022,steppe
uc-133595,27.6697,54.1359,desert
uc-35017,38.8479,45.6623,steppe
uc-124274,31.5843,54.4428,desert
uc-134602,36.6849,52.5192,coast
uc-136156,35.9139,47.0239,river
uc-129512,37.379,55.493,steppe
uc-136399,33.9905,50.6838,steppe
uc-6648117,30.7084,49.1627,desert
uc-1160544,34.5763,60.1409,desert
uc-129933,36.6409,52.9121,coast
uc-13645766,35.6924,50.8483,steppe
uc-120678,32.2717,50.9801,
uc-111327,29.7724,52.7189,
uc-125328,36.6319,52.2629,coast
uc-44439,29.205,52.6904,steppe
uc-130451,27.8298,52.3252,coast|steppe
uc-129929,33.8272,46.3097,
uc-134762,32.2569,50.5609,
uc-141665,26.5621,54.8838,coast|desert
uc-123927,37.2302,55.3721,steppe
uc-135205,35.7255,50.3662,steppe
uc-401202,30.2019,53.18,
uc-144443,37.4776,45.8943,lake|steppe
uc-418571,32.5773,51.4537,steppe
uc-125926,27.334,53.179,desert
uc-138042,35.7184,52.0696,
uc-131559,30.2363,49.7119,coast|desert
uc-133972,39.0215,48.0801,steppe
uc-134613,34.0185,58.1722,desert
uc-142000,34.9072,48.4414,
uc-141349,35.2622,57.9708,desert
uc-144269,33.8642,48.2626,mountain
uc-145427,31.1289,53.2824,desert
uc-125112,37.1426,46.1035,steppe
uc-122869,32.8601,53.0875,desert
uc-113797,36.5717,52.0153,coast|steppe
uc-116406,31.4167,51.5667,
uc-137025,30.6131,53.1954,steppe
uc-7451195,29.8518,51.5879,
uc-119730,38.8915,45.0255,steppe
uc-120949,33.1525,47.7101,
uc-142114,31.524,49.8856,
uc-45628,30.835,50.1987,steppe
uc-121240,35.0434,46.3565,
uc-141676,30.0542,50.159,coast|steppe
uc-401118,39.2192,44.77,steppe
uc-124647,29.9227,56.5743,steppe
uc-142768,37.5615,56.9213,steppe
uc-118805,30.8931,49.4079,steppe
uc-119374,26.9492,56.2691,coast|desert
uc-137436,33.1445,47.3799,
uc-118705,34.7153,46.6533,
uc-133884,32.2458,48.8132,steppe
uc-136280,27.8399,51.9378,coast|desert
uc-145233,32.9926,47.4198,
uc-134282,37.2726,55.4339,steppe
uc-132382,28.3091,55.9017,desert
uc-8522943,28.9312,51.0657,coast|desert
uc-116126,38.1804,45.7028,steppe
uc-132105,31.4828,48.4332,desert|river
uc-127033,33.2205,50.315,
uc-6657461,35.3045,50.4993,steppe
uc-144696,30.7006,49.8315,steppe
uc-23290,37.8463,46.8354,steppe
uc-418446,32.7033,51.1538,steppe
uc-132380,28.3574,54.4233,steppe
uc-132458,32.2266,50.7931,
uc-134255,36.7273,53.8089,coast|steppe
uc-134256,36.3105,52.6262,steppe
uc-142567,33.9313,49.4063,
uc-7100777,35.7107,53.3539,steppe
uc-112616,36.3104,59.3735,
uc-127415,37.3902,49.6585,coast
uc-141673,36.7741,53.948,coast|steppe
uc-118024,36.8888,50.6964,coast
uc-142554,37.4779,47.0508,steppe
uc-6746932,34.0504,49.435,
uc-134781,28.8601,52.0945,steppe
uc-122864,29.3858,55.7176,desert
uc-137929,32.9874,50.4108,
uc-119264,28.4825,53.0346,steppe
uc-113723,30.4551,53.651,steppe
uc-135053,27.7622,54.0042,desert
uc-114489,37.1533,49.8714,
uc-125688,30.8949,50.0931,steppe
uc-130524,36.9501,56.38,desert
uc-118532,37.5495,49.1374,coast
uc-130821,31.4619,48.074,desert|river
uc-134636,36.898,54.7496,steppe
uc-125427,30.0594,57.292,desert
uc-127382,27.8913,53.4344,desert
uc-129904,35.2092,48.7234,
uc-141666,26.5978,54.9369,coast|desert
uc-40047,37.0718,54.0765,coast|steppe
uc-66250,31.9968,54.2085,desert
uc-44172,29.3586,51.0742,steppe
uc-122787,27.4975,52.5865,coast|desert
uc-138381,28.986,51.0364,coast|desert
uc-119586,34.5156,45.5791,steppe
uc-125938,32.3298,49.0932,steppe
uc-113632,31.7438,54.2028,steppe
uc-1160120,31.5419,60.0365,desert
uc-116725,29.2735,53.2203,steppe
uc-143471,28.4759,57.848,desert
uc-490,35.8216,51.6444,
uc-1160907,27.6029,62.7102,desert
uc-133852,27.2083,53.0361,coast|desert
uc-137057,31.9399,51.6473,steppe
uc-141015,37.3631,49.1329,
uc-116326,39.0651,44.3842,
uc-142958,29.9124,53.3085,
uc-134462,35.7567,52.7706,
uc-41428,36.7415,49.4161,river|steppe
uc-128392,37.0142,54.23,coast|steppe
uc-118123,30.0792,53.1346,
uc-1160110,26.2258,60.2143,desert
uc-130276,25.6453,57.7755,coast|desert
uc-6686961,37.9373,45.979,river|steppe
uc-113636,34.6931,50.016,
uc-11725,36.1797,52.9735,steppe
uc-143052,33.3794,52.3698,desert
uc-1159975,26.0794,61.754,desert
uc-132428,31.4469,49.5295,steppe
uc-124914,27.3989,57.4972,desert
uc-124967,36.7445,49.4008,river|steppe
uc-143499,30.8707,55.2702,desert
uc-143539,37.0966,50.1871,coast
uc-127992,26.9521,55.5851,coast|desert
uc-9480732,33.8685,57.4288,desert|saltflat
uc-112029,31.4859,48.8751,steppe
uc-115615,35.8981,49.7691,steppe
uc-138989,30.7556,50.7452,steppe
uc-144484,28.8826,51.2746,desert
uc-98182,33.3406,44.4009,desert|river
uc-388349,30.5032,47.8151,desert|river
uc-99071,36.3327,43.1056,river|steppe
uc-95446,36.1912,44.0094,
uc-99072,36.335,43.1189,river|steppe
uc-99532,30.5085,47.7804,desert
uc-94824,32.616,44.0249,desert|lake
uc-94787,35.4681,44.3922,steppe
uc-100077,33.3056,44.1848,desert
uc-98463,35.565,45.4329,
uc-98860,32.0259,44.3462,desert
uc-98854,31.058,46.2573,desert|river
uc-96994,36.8661,42.9879,
uc-99347,32.4637,44.4196,desert|river
uc-99100,33.0622,44.3656,desert
uc-99608,31.8356,47.1448,desert|river
uc-99762,31.9929,44.9255,desert|river
uc-99131,32.5128,45.8182,desert|river
uc-99106,30.9632,47.27,desert|river
uc-95005,34.6281,45.3185,steppe
uc-98717,33.4206,43.3078,desert|lake|river
uc-99454,33.3491,43.786,desert|river
uc-98622,31.4091,46.1727,desert|river
uc-94591,34.3482,45.3907,steppe
uc-97783,34.9291,43.4888,river|steppe
uc-91057,35.5172,43.2281,river|steppe
uc-91597,34.1959,43.8857,desert|river
uc-99062,33.9786,44.9369,steppe
uc-98530,31.332,45.2944,desert|river
uc-97990,33.754,44.6052,steppe
uc-90532,36.8582,42.8482,
uc-10303650,36.8583,42.8501,
uc-92615,36.1825,45.1302,
uc-99344,32.5419,44.2247,desert|river
uc-99039,32.7787,44.2901,desert|river
uc-98993,31.0155,47.4336,desert|river
uc-445694,36.7336,43.8804,
uc-90026,34.8881,44.6326,steppe
uc-96961,36.6556,44.5422,
uc-92052,36.2551,44.8824,
uc-92511,31.8632,46.0732,desert|river
uc-98846,32.5562,45.4129,desert|river
uc-89824,30.0362,47.9195,coast|desert
uc-99446,29.9742,48.4731,coast|desert|river
uc-99226,32.8873,44.3462,desert
uc-89570,37.1487,42.6859,
uc-99010,32.298,44.6828,desert
uc-447022,36.2358,44.7947,
uc-99350,32.1742,46.0434,desert|river
uc-98459,32.9256,44.7758,desert|river
uc-92138,34.3925,40.9894,desert|river
uc-99169,33.8081,44.5334,desert
uc-98629,31.9626,44.6007,desert|river
uc-96205,35.1778,45.9861,
uc-92430,36.2709,43.3776,steppe
uc-98685,31.5284,45.2038,desert|river
uc-94220,36.0829,44.6287,
uc-99548,32.9094,45.0636,desert|river
uc-97417,35.5336,44.8343,
uc-90150,34.6158,43.6786,river|steppe
uc-98112,34.0149,44.1457,desert|river
uc-92537,31.528,47.2936,desert|river
uc-91696,36.3852,44.197,
uc-448149,36.3209,41.8766,steppe
uc-99738,32.0643,45.2474,desert
uc-91083,36.4042,44.3256,
uc-96046,36.5511,44.3526,
uc-95788,33.6366,42.8277,desert|river
uc-99103,32.6614,44.4085,desert
uc-96309,34.1366,42.3773,desert|river
uc-99434,31.7431,44.6196,desert|river
uc-94298,34.6896,44.9606,steppe
uc-13631406,35.5156,44.8427,
uc-93709,33.7481,45.555,steppe
uc-97825,37.1745,43.0123,
uc-98012,35.6205,45.9491,
uc-6765385,34.3686,41.9819,desert
uc-99759,33.8467,44.2344,desert
uc-6871926,34.709,43.6951,river|steppe
uc-99060,31.8044,44.4893,desert|river
uc-91772,30.1165,47.7163,desert
uc-98589,31.5838,44.6467,desert|river
uc-98677,33.0372,40.2859,desert
uc-90199,35.3024,44.3264,steppe
uc-99439,30.9697,46.7228,desert|lake|river
uc-446732,36.6087,44.4048,
uc-98885,34.4693,41.9422,desert|river
uc-99306,32.4619,46.6879,river|steppe
uc-2964574,53.3331,-6.2489,coast
uc-2965140,51.898,-8.4706,coast
uc-2962943,52.6647,-8.6231,coast|river
uc-2964180,53.2724,-9.051,coast
uc-2960992,52.2583,-7.1119,coast
uc-2964661,53.7189,-6.3478,coast
uc-2964540,54.0,-6.4167,coast
uc-2962308,53.6528,-6.6814,
uc-2964405,52.8436,-8.9864,coast
uc-2965768,52.8408,-6.9261,
uc-2961123,52.2704,-9.7026,coast
uc-2962026,53.0344,-7.2998,
uc-3313472,53.4228,-7.9372,lake|river
uc-2962290,53.1819,-6.7967,
uc-2962361,53.5247,-7.3385,
uc-2962961,54.95,-7.7333,coast
uc-2963848,53.1408,-6.0631,coast
uc-2966794,53.6085,-6.1831,coast
uc-2963398,52.6542,-7.2522,
uc-2960964,52.3342,-6.4575,coast
uc-2962334,53.2158,-6.6669,
uc-2961423,54.2697,-8.4694,coast
uc-2965529,53.3417,-6.5442,
uc-2965353,52.355,-7.7039,
uc-2965715,51.8117,-8.3986,coast
uc-2962668,53.385,-6.5936,
uc-2961086,53.2739,-7.4889,
uc-3042237,54.15,-4.4833,coast
uc-293397,32.0809,34.7806,coast
uc-281184,31.769,35.2163,
uc-293703,31.971,34.7894,coast
uc-293918,32.0871,34.8875,coast
uc-294801,32.813,34.9993,coast
uc-7498240,31.782,35.2196,
uc-294071,32.3329,34.8599,coast
uc-295629,31.7921,34.6497,coast
uc-295514,32.0807,34.8338,coast
uc-295530,31.2518,34.7913,desert|steppe
uc-294098,32.7009,35.2972,
uc-293725,31.8942,34.812,coast
uc-295620,31.6693,34.5715,coast
uc-294514,32.175,34.9069,coast
uc-295432,31.7307,34.9929,
uc-294946,32.4419,34.9039,coast
uc-282926,31.8939,35.015,
uc-8199378,31.9322,35.0442,
uc-293842,31.61,34.7642,
uc-294577,32.9095,35.2977,
uc-295130,32.2662,35.0089,coast
uc-294117,33.0089,35.0981,coast
uc-293286,32.5176,35.154,
uc-295277,29.5581,34.9482,coast|desert
uc-295721,32.9281,35.0765,coast
uc-295740,32.6091,35.2892,
uc-293943,32.4741,34.9778,coast
uc-293322,32.794,35.5315,lake|steppe
uc-294068,31.423,34.5891,coast|steppe
uc-294097,32.7082,35.3247,
uc-293539,32.8058,35.169,coast
uc-295328,31.0708,35.0327,desert|steppe
uc-293100,32.9646,35.496,lake
uc-293992,31.3141,34.6202,desert|steppe
uc-293655,32.8651,35.2977,
uc-295064,31.8146,34.78,coast
uc-295571,32.4181,35.0431,coast
uc-295657,31.2588,35.2128,desert|lake|steppe
uc-293619,31.525,34.5969,coast|steppe
uc-293426,32.853,35.1987,coast
uc-293835,31.7289,34.7463,coast
uc-295365,32.6938,35.0469,coast
uc-295655,32.4956,35.0926,coast
uc-293153,32.6466,35.092,coast
uc-293067,32.5688,34.9543,coast
uc-294387,32.8889,35.4083,lake
uc-293825,33.212,35.5704,river
uc-11524864,32.2778,34.9194,coast
uc-293420,33.0167,35.2667,coast
uc-8374209,31.3008,34.9361,desert|steppe
uc-294622,32.9282,35.157,coast
uc-8374220,31.2453,35.0931,desert|steppe
uc-8199394,32.1065,35.1845,
uc-294608,32.8109,35.2607,coast
uc-8184212,31.3955,34.757,steppe
uc-294605,32.5053,35.0521,coast
uc-293823,32.7122,35.1251,coast
uc-8374203,31.1605,35.0227,desert|steppe
uc-293181,32.9543,35.212,coast
uc-295435,32.4966,35.4965,steppe
uc-295410,32.523,34.9449,coast
uc-12156557,32.5182,34.954,coast
uc-3173435,45.4643,9.1895,
uc-3172394,40.8522,14.2681,coast
uc-3165524,45.0705,7.6868,river
uc-3169070,41.8919,12.5113,river
uc-2523920,38.1166,13.3636,coast
uc-3176219,44.4048,8.9444,coast
uc-3176959,43.7792,11.2463,
uc-3181928,44.4938,11.3387,
uc-2525068,37.4922,15.0704,coast
uc-3182351,41.1207,16.8698,coast
uc-3164527,45.4385,10.9938,river
uc-3171728,45.408,11.8859,
uc-3179661,40.7021,14.4869,coast
uc-3169921,43.8805,11.097,
uc-3183539,41.7634,12.3308,coast|river
uc-3173529,45.4917,12.2454,coast
uc-2524170,38.1939,15.5526,coast
uc-3165926,40.4644,17.2471,coast
uc-2525473,39.2305,9.1192,coast
uc-3165185,45.6495,13.7768,coast
uc-3181554,45.5356,10.2147,
uc-3171457,44.7993,10.3262,
uc-3171168,42.4584,14.2028,coast
uc-3173331,44.6478,10.9254,
uc-2523630,38.1105,15.6613,coast
uc-3169522,44.6983,10.6312,
uc-3182164,45.696,9.6672,
uc-6534228,41.9936,12.7224,
uc-3174659,43.5443,10.3262,coast
uc-3169361,44.0575,12.5653,coast
uc-3176885,41.4584,15.5519,steppe
uc-3169984,40.8439,14.0952,coast
uc-3177090,44.838,11.6206,
uc-3168673,40.6754,14.7933,coast
uc-3181913,46.4907,11.3398,river
uc-2523083,37.0754,15.2866,coast
uc-3165243,46.0679,11.1211,river
uc-3171180,43.1122,12.3888,river
uc-3172189,45.4469,8.6212,
uc-3176746,44.2218,12.0414,
uc-3182640,40.9726,14.2074,coast
uc-3164419,45.5467,11.5475,
uc-3165771,42.5633,12.6433,
uc-3170647,43.7085,10.4036,coast
uc-3173775,44.0354,10.1393,coast
uc-3181355,45.6113,8.8491,
uc-3171058,45.0524,9.6934,river
uc-3165201,45.6667,12.2416,
uc-3182884,43.4628,11.8807,
uc-3165072,46.0693,13.2371,
uc-3183072,41.2312,16.298,coast
uc-3178957,44.1391,12.2431,coast
uc-3164699,45.8206,8.8251,
uc-3179866,41.0726,14.3323,
uc-3175081,44.103,9.8238,coast
uc-3182340,41.3143,16.2816,coast
uc-3183299,44.9092,8.6101,
uc-3167096,40.7259,8.5555,coast
uc-2522876,38.0176,12.5362,coast
uc-6534232,38.9626,16.3094,coast
uc-3183089,43.6072,13.5103,coast
uc-3181528,40.6322,17.9361,coast
uc-2524907,39.2989,16.2531,coast
uc-3180445,44.7824,10.8777,
uc-3174741,41.7321,12.2765,coast|river
uc-2525448,37.4903,14.0622,
uc-3178229,45.8082,9.0832,
uc-3164433,43.8669,10.2502,coast
uc-3174530,43.8437,10.5045,coast
uc-3169561,44.4134,12.2012,coast
uc-3174953,40.3548,18.1724,coast
uc-2525059,38.8825,16.6009,coast
uc-3173287,41.2004,16.599,coast
uc-2524245,37.7992,12.4367,coast
uc-3171173,43.9092,12.9164,coast
uc-3175058,41.4661,12.9043,coast
uc-3183541,40.9448,14.3714,coast
uc-2524653,37.0738,14.2404,coast
uc-3182957,41.5945,12.6542,coast
uc-3174921,45.5979,8.9151,
uc-3182714,44.9016,8.2075,
uc-2523650,36.9257,14.7244,coast
uc-3170621,43.9306,10.9237,
uc-3164630,41.6857,12.7775,
uc-3177838,45.1332,10.0213,river
uc-3183178,40.8266,16.5495,
uc-3175537,44.3592,11.7132,
uc-3167731,41.6856,15.3815,steppe
uc-3164603,45.4371,12.3326,coast
uc-2523665,39.2293,9.25,coast
uc-3170147,45.9569,12.6605,
uc-3171366,45.1921,9.1592,river
uc-3169231,45.0707,7.5146,
uc-2524881,39.0808,17.1276,coast
uc-3167022,44.309,8.4771,coast
uc-3177219,43.8405,13.0167,coast
uc-3175786,42.763,11.1094,coast
uc-3173721,40.666,16.6046,
uc-3172087,40.9234,9.498,coast
uc-3173914,41.7698,12.6592,
uc-3180423,44.0793,10.0979,coast
uc-3182179,41.1307,14.7782,
uc-3166711,45.65,9.2055,
uc-3164376,45.3141,8.8544,river
uc-3174092,41.6307,15.9188,coast|steppe
uc-3176854,42.9549,12.7027,
uc-3170027,40.6418,15.8079,
uc-3177700,44.3907,7.5483,
uc-3182007,41.2426,16.501,coast
uc-2524119,36.8587,14.7597,coast
uc-3165803,42.6612,13.699,mountain
uc-3179075,41.2652,15.8956,steppe
uc-3165322,41.2773,16.4101,coast
uc-3166548,43.3182,11.3306,
uc-2525628,38.0789,13.5124,coast
uc-3179337,40.6995,14.7077,coast
uc-3181995,41.1101,16.6909,coast
uc-2524205,37.6553,12.5899,coast
uc-2522713,36.9515,14.5279,coast
uc-3176391,45.6602,8.7916,
uc-3168843,45.0698,11.7902,river
uc-3172287,41.4579,12.6639,coast
uc-2525790,37.6089,15.1658,coast|mountain
uc-3180991,41.5595,14.6674,
uc-3182650,40.9149,14.791,
uc-3178587,42.0932,11.7967,coast
uc-3164039,42.4194,12.1056,
uc-3182272,40.6086,14.9821,coast
uc-3167777,43.8173,7.7772,coast
uc-3178784,45.2186,12.2777,coast
uc-3174945,45.8559,9.397,
uc-3178131,41.1517,16.4114,coast
uc-2523866,37.5667,14.9025,coast|mountain
uc-3164565,45.3216,8.4199,
uc-3168550,42.9568,13.8768,coast
uc-3172244,40.7454,14.6454,coast
uc-3183005,41.4526,12.6216,coast
uc-12188754,40.7354,8.5677,coast
uc-3176515,41.6398,13.3411,
uc-3178796,42.3483,14.1649,coast
uc-2525755,37.9779,12.9647,coast
uc-3182043,45.563,8.058,
uc-3175532,43.8892,8.0393,coast
uc-3170102,43.3049,13.7207,coast
uc-3175860,40.8175,16.4191,
uc-3168429,45.6302,12.5681,coast
uc-3182749,42.8535,13.5739,
uc-3177300,44.2901,11.8795,
uc-3164672,42.1115,14.7065,coast
uc-3180733,43.8417,10.5727,
uc-3173577,46.6682,11.1595,glacier|river
uc-3174638,45.3099,9.5008,
uc-2523194,37.5069,13.084,coast
uc-3179977,43.6756,10.5549,
uc-3173995,41.0306,14.2987,
uc-2524013,38.9709,16.3129,coast
uc-3180758,45.741,9.1308,
uc-3176843,41.3579,13.4272,coast
uc-3174051,45.1603,10.7978,river
uc-3169412,42.4048,12.8574,
uc-3163995,44.9915,9.0117,
uc-2525450,37.2379,14.5155,
uc-3182297,45.7666,11.7274,
uc-3167113,45.6251,9.0352,
uc-3182636,42.029,13.4264,mountain
uc-3173131,40.9492,17.2972,coast
uc-3173841,40.7035,17.3381,coast
uc-3172768,42.0516,12.6197,river
uc-3178972,45.6292,9.1519,
uc-3175628,43.5214,13.2437,coast
uc-3167053,44.5432,10.7848,
uc-3178818,45.0105,7.8213,
uc-2524393,37.1027,13.9397,coast
uc-3172154,40.3199,9.3257,
uc-3182997,45.7376,7.3172,glacier|river
uc-2525350,38.1324,13.1827,coast
uc-3175173,42.2272,14.3902,coast
uc-3181258,40.9575,14.3059,coast
uc-2525597,38.1477,15.2147,coast
uc-3174358,41.0358,14.3823,
uc-2525769,37.6636,14.8328,mountain
uc-3175986,45.9409,13.6217,coast
uc-3177400,43.718,10.9476,
uc-3176733,44.5727,10.8474,
uc-3183284,40.5597,8.3195,coast
uc-3175298,41.9507,12.075,coast
uc-3168854,45.8904,11.0405,lake|river
uc-3170674,42.9255,10.5259,coast
uc-3166917,45.7126,11.3567,
uc-3175121,42.3505,13.3995,mountain
uc-3176603,40.5312,17.5852,
uc-3180208,45.1334,8.4525,river
uc-2525405,37.3584,13.8479,
uc-3173385,45.4346,12.1294,coast
uc-3171703,40.742,14.6145,coast
uc-3183573,45.3982,8.9168,
uc-3169424,43.9994,12.6569,coast
uc-2525764,37.3107,13.5766,coast
uc-3166404,40.8733,14.4387,coast
uc-3174526,41.5055,15.3391,steppe
uc-2524786,37.3175,13.6623,coast
uc-2524155,38.2201,15.2402,coast
uc-3167561,41.0816,14.2534,
uc-2525083,37.6808,12.7919,coast
uc-2523964,39.9036,8.5926,coast
uc-3183063,40.7381,14.5707,coast
uc-3177841,45.3626,9.6818,
uc-3175773,40.5369,17.4372,coast
uc-6457398,45.9214,8.5518,lake
uc-3165773,41.9999,14.9939,coast
uc-3165762,41.2917,13.2436,coast
uc-3166740,43.7163,13.2088,coast
uc-3173762,40.5862,17.1164,coast
uc-3170694,44.8853,7.3313,
uc-3174380,43.2979,13.4529,
uc-3178197,45.888,12.302,
uc-2525646,37.2407,15.2212,coast
uc-3173945,40.9248,14.4561,coast
uc-3180792,41.2195,16.0677,coast|river
uc-3172379,40.1795,18.0317,coast
uc-3175500,45.9378,8.5709,lake
uc-3167116,40.8075,14.6215,coast
uc-2523871,38.0466,13.1179,coast
uc-3178998,44.262,12.3481,coast
uc-3173160,41.114,13.8916,coast
uc-2525643,36.9084,15.1394,coast
uc-3176738,41.2563,13.6089,coast
uc-3174096,40.399,17.6373,coast
uc-3178631,41.5908,12.8281,coast
uc-3168234,41.7064,15.7277,coast
uc-3169602,44.3496,9.228,coast
uc-2524006,37.1465,14.3938,coast
uc-3168209,40.8356,14.5049,coast
uc-3181125,43.9427,10.2975,coast
uc-3173153,45.8046,13.5329,coast
uc-3183356,41.7275,12.659,
uc-3173029,45.775,12.049,
uc-3178832,44.3177,9.3224,coast
uc-3173537,40.5585,17.8077,coast
uc-3167954,43.6933,10.8412,
uc-3171484,45.5603,8.9454,
uc-2524955,36.9489,14.6073,coast
uc-3177438,40.6175,15.0569,coast
uc-3172170,44.7625,8.787,
uc-3177250,43.6256,13.3995,coast
uc-3176041,45.7,9.2089,
uc-3166989,44.5983,10.6956,
uc-3165788,41.129,16.5454,coast
uc-3179684,45.6715,11.9276,
uc-2525655,39.2912,8.9988,coast
uc-3182210,46.1426,12.2156,
uc-3165207,45.5208,9.591,
uc-3183364,44.6999,8.0347,
uc-3167327,40.7924,16.7587,
uc-3164028,45.9803,12.3006,
uc-3173302,41.06,17.09,coast
uc-2525791,37.6061,15.1417,coast|mountain
uc-3176090,40.7997,16.923,
uc-3171786,40.7291,17.5768,coast
uc-2524618,37.7244,15.1816,coast|mountain
uc-3164582,43.7896,7.6087,coast
uc-2524410,37.2856,14.9974,coast
uc-3172227,40.9261,14.5282,
uc-3181631,44.6978,7.8513,
uc-3168770,41.1176,16.4842,coast
uc-2523577,39.5986,16.6349,coast
uc-3166387,41.7183,13.6136,
uc-3169724,40.919,14.1535,coast
uc-6534216,45.6479,10.2649,
uc-3169742,40.8511,17.1219,coast
uc-3175384,45.4672,7.8762,river
uc-3178141,40.2682,18.0543,coast
uc-3172243,40.7425,14.6745,coast
uc-3171778,40.8519,14.4783,coast
uc-3177315,43.3394,12.9033,
uc-3167744,45.6519,10.2568,
uc-2525560,37.6444,14.8668,mountain
uc-3178745,45.1909,7.8898,river
uc-3180496,44.8496,7.7203,
uc-2524819,37.5655,14.2743,
uc-2522960,37.9823,13.6973,coast
uc-3165370,44.8978,8.8637,
uc-3166574,45.6467,9.143,
uc-3164083,45.6155,9.368,
uc-3173671,45.6612,9.1534,
uc-3177610,45.4713,10.5356,lake
uc-3178147,40.9684,17.1133,coast
uc-2524533,39.3092,8.5372,coast
uc-2523908,37.1907,13.766,coast
uc-3173949,45.6965,9.1818,
uc-3177171,40.8362,17.3601,coast
uc-3174295,45.4646,8.8845,
uc-3164954,45.645,11.2989,
uc-3178619,43.4656,12.2375,river
uc-3164342,44.4838,11.011,
uc-3170342,41.6693,12.5012,coast
uc-3170072,43.253,13.7597,coast
uc-2524734,37.0834,15.1533,coast
uc-3179235,43.3062,10.5173,coast
uc-3172228,41.0345,16.9896,coast
uc-3177029,44.8669,10.0604,
uc-3179443,41.0329,13.9435,coast
uc-3173162,44.396,7.8176,
uc-3171986,45.0055,7.5381,
uc-3170504,43.4706,11.148,
uc-2525362,39.1647,8.5213,coast
uc-3170069,40.8338,8.4053,coast
uc-3174922,45.1936,11.3023,river
uc-3174494,44.4214,11.9109,
uc-3182757,45.5203,11.3345,
uc-3176849,42.9278,10.7645,coast
uc-3165698,45.7088,11.4796,
uc-3166034,42.0495,13.9258,
uc-3179781,41.4858,13.8284,
uc-3172979,45.5037,11.412,
uc-3178398,41.7272,13.0048,
uc-3171562,41.0556,16.7032,coast
uc-3183494,40.897,16.8433,
uc-2523938,36.7152,15.0902,coast
uc-3176053,42.7538,13.9665,coast
uc-3167104,44.1118,9.9622,coast
uc-3181790,45.6987,8.4623,lake
uc-2525070,39.8163,16.2018,
uc-8394392,41.5544,12.5412,coast
uc-3164440,44.9355,10.519,river
uc-3176438,41.2141,13.5708,coast
uc-3168930,43.3895,10.4361,coast
uc-2523581,36.8214,14.9513,coast
uc-3176407,40.1742,18.1703,coast
uc-3170272,43.6614,10.6307,
uc-3170457,40.8011,14.5407,coast
uc-3165275,45.434,8.7364,
uc-2525207,40.0113,18.1624,coast
uc-3168764,41.3002,13.0282,coast
uc-3166236,42.7407,12.739,
uc-2522776,38.6762,16.1009,coast
uc-3166397,46.1685,9.8713,glacier
uc-3176366,40.0559,17.9909,coast
uc-2525498,37.7886,14.8338,mountain
uc-3175990,45.5307,9.4053,
uc-3178956,44.1999,12.3991,coast
uc-3170778,43.9595,10.2278,coast
uc-3176639,44.5508,7.7192,
uc-2524606,38.4251,15.8975,coast
uc-3172718,43.5252,11.5724,
uc-3173124,45.239,11.7498,
uc-3175458,40.7379,13.9486,coast
uc-2523902,38.3594,15.8515,coast
uc-3179415,45.3902,10.4862,lake
uc-2523998,36.8924,15.0698,coast
uc-3180133,40.9565,16.9208,coast
uc-3183587,45.3575,11.7873,
uc-3175453,40.7391,13.951,coast
uc-3179162,44.731,11.2872,
uc-2523693,36.7303,14.8467,coast
uc-3177099,43.163,13.7227,coast
uc-3173599,45.4981,9.4204,
uc-3171586,45.5966,9.8869,
uc-3172996,43.8815,10.7723,
uc-3182289,43.0643,12.5461,
uc-3183490,44.6755,8.4693,
uc-3177532,46.1165,8.2931,glacier
uc-2523796,37.3842,14.3692,
uc-3168775,41.01,17.0056,coast
uc-2523619,37.4977,13.2668,coast
uc-8224092,44.1425,12.4715,coast
uc-3167184,40.6564,17.7081,coast
uc-3169056,45.5208,9.7544,
uc-3182851,41.7206,12.6723,
uc-3170086,45.7807,12.8405,coast
uc-3178650,45.2349,7.6013,
uc-3173370,44.8852,11.069,
uc-2523461,39.2545,16.697,
uc-3168514,45.3959,11.2735,
uc-3183412,40.3492,14.9907,coast
uc-3169272,45.8858,10.8412,lake
uc-3179686,44.5945,11.0498,
uc-3164920,45.0124,8.6438,river
uc-3179795,45.5264,9.5153,
uc-6620312,41.6211,12.462,coast
uc-3165340,45.7084,8.9076,
uc-3165737,40.804,14.4931,coast
uc-3167751,42.0441,14.7333,coast
uc-3183343,44.05,8.2183,coast
uc-3182897,41.6074,12.5416,coast
uc-3166595,44.2732,9.3968,coast
uc-3177337,45.2234,11.6638,
uc-3175445,41.596,14.234,
uc-3170659,44.988,7.4601,
uc-3167953,43.6795,10.8498,
uc-3167034,44.6481,7.6568,
uc-3183472,41.0033,16.8721,coast
uc-3182904,45.6268,9.3245,
uc-3171900,41.3288,15.7099,steppe
uc-2523180,37.2955,14.8406,
uc-3168730,45.9541,12.5027,
uc-3178402,43.4211,11.1274,
uc-3171848,43.4854,13.4822,coast
uc-2523705,37.2894,13.5249,coast
uc-3166006,44.9924,10.7441,river
uc-6534252,41.017,14.4874,
uc-3168936,42.6716,14.0148,coast
uc-3168609,44.6467,7.4931,river
uc-3179218,40.6462,17.5166,coast
uc-3165595,43.2092,13.2852,
uc-3177372,45.8088,9.2261,
uc-6534234,45.5978,9.0463,
uc-3176177,45.402,10.2768,
uc-2525571,37.5919,14.9799,coast|mountain
uc-3176970,44.5389,10.8117,
uc-3173391,41.2629,13.7458,coast
uc-2523927,37.3295,14.7447,
uc-3179347,43.9618,12.7363,coast
uc-3176097,40.5769,16.7566,coast
uc-2523192,36.7901,14.7028,coast
uc-3166571,41.5003,13.0618,coast
uc-3168231,43.5676,11.5299,
uc-3176748,40.7376,13.86,coast
uc-3167044,40.402,17.5527,coast
uc-3164241,45.3541,10.8446,
uc-3178999,41.9908,12.0908,coast
uc-3181550,46.715,11.656,
uc-3167940,41.8384,15.5654,coast|steppe
uc-2523087,39.3029,9.2028,coast
uc-3168239,44.6384,11.1842,
uc-3172116,45.7811,12.4944,
uc-3168627,44.8159,9.9864,
uc-2523113,38.2699,16.2961,coast
uc-3170073,43.1778,13.7941,coast
uc-3178850,45.5376,9.927,
uc-3180601,41.1052,14.2127,
uc-3171664,40.5776,17.0381,coast
uc-3172240,40.7936,17.1268,
uc-3165612,42.7788,12.412,river
uc-3173369,45.4946,12.1077,coast
uc-9003711,39.6271,16.5137,coast
uc-3172681,45.4132,10.398,lake
uc-2293538,5.3544,-4.0017,coast
uc-2290956,7.6939,-5.0303,
uc-2286304,9.458,-5.6296,
uc-2290486,6.8773,-6.4502,
uc-2282006,4.7485,-6.6363,coast
uc-2288829,6.1319,-5.9506,
uc-2279755,6.8205,-5.2767,
uc-2281606,6.621,-5.9114,
uc-2284647,7.4125,-7.5538,
uc-2289549,6.742,-7.3492,
uc-2291136,8.0402,-2.8,
uc-2290582,5.3256,-4.3769,coast
uc-2289887,5.8374,-5.3572,
uc-2596935,5.7838,-6.5939,river
uc-2293549,6.7297,-3.4964,
uc-7849539,6.9268,-6.0489,
uc-2290964,6.9904,-5.7442,lake
uc-2596934,7.9611,-6.6731,
uc-2290412,7.0591,-3.9631,
uc-2288115,5.2118,-3.7388,coast|river
uc-10629379,5.4119,-6.5603,
uc-2280045,7.3819,-6.4778,
uc-2293268,5.928,-4.2132,
uc-2290462,7.2596,-8.155,
uc-2293342,6.1069,-3.8619,
uc-2289049,9.5928,-5.1945,
uc-2289983,6.6468,-4.7052,
uc-2287790,6.4922,-6.5856,
uc-2287958,6.5437,-7.4935,lake
uc-2279526,6.2102,-7.4828,
uc-2293260,7.1311,-3.2041,
uc-2287298,8.1373,-5.101,
uc-2293507,5.4678,-3.2071,coast
uc-2282827,6.3831,-5.4176,
uc-2280316,6.558,-5.0177,
uc-2283016,9.5051,-7.5643,
uc-2280589,10.4811,-6.4069,
uc-2290836,9.5217,-6.4869,
uc-2291087,5.2725,-3.5962,coast|river
uc-2282907,9.9684,-5.1488,
uc-2289724,9.8095,-3.3458,
uc-2288118,6.3204,-3.9524,
uc-2279172,7.4303,-6.0505,
uc-2290099,6.2892,-5.5741,
uc-2291451,6.5691,-8.0025,
uc-2287884,6.1888,-5.2946,
uc-12687197,5.2911,-6.8202,
uc-2292755,6.6734,-3.9694,
uc-2288105,5.1383,-5.0212,coast
uc-2291113,6.6517,-4.2041,
uc-2293107,6.3842,-3.8876,
uc-2280995,7.8034,-3.1683,
uc-2288139,6.5649,-7.4273,lake
uc-2283823,5.8638,-4.7609,
uc-2280761,5.8984,-4.8229,river
uc-2281979,6.4854,-6.278,
uc-2281951,4.9538,-6.0853,coast|river
uc-2596898,5.5057,-4.8588,river
uc-2289515,8.9433,-6.2549,
uc-2292324,5.2077,-6.3516,
uc-2291779,7.6739,-5.5808,lake
uc-2287653,6.9141,-7.6312,
uc-2290648,6.2753,-6.997,lake
uc-12687201,5.2,-6.7,
uc-2285449,5.8475,-5.682,
uc-7849902,6.1162,-6.536,
uc-12687195,7.6688,-6.9688,
uc-2291086,7.1291,-6.4742,
uc-2286469,6.6517,-5.605,
uc-2279235,6.9194,-8.2065,
uc-2281120,4.423,-7.3528,coast
uc-2280376,8.2833,-7.6833,
uc-2284460,10.0024,-5.9004,
uc-2292085,6.4798,-7.1653,lake
uc-2291391,6.9659,-6.6565,
uc-2279495,6.7952,-6.2355,
uc-2290173,10.107,-5.4729,
uc-2286023,10.0908,-5.1948,
uc-2288010,6.4727,-5.7062,
uc-2279841,5.9388,-6.5983,
uc-2284787,7.0724,-6.2412,
uc-2279240,6.9765,-7.7983,
uc-2288357,6.9042,-6.2435,
uc-2283456,10.1981,-5.6234,
uc-2293428,5.2863,-3.304,coast
uc-2280743,7.1577,-5.2248,
uc-2290849,9.2693,-2.9951,
uc-2282800,5.5605,-6.59,
uc-2284477,6.472,-4.3578,
uc-7849877,6.1802,-6.9053,river
uc-12688221,6.8734,-6.8483,lake
uc-2292180,7.0412,-7.168,lake
uc-2287970,6.2387,-6.1715,
uc-2291666,7.7391,-7.6138,
uc-2284777,5.6667,-6.4167,
uc-2282650,5.5196,-7.3275,
uc-12687199,5.0234,-6.5616,
uc-2291924,7.1601,-6.3064,
uc-2281103,9.0688,-5.164,
uc-2290555,5.5602,-6.0211,
uc-12687207,5.9227,-6.1501,
uc-2292179,7.0123,-7.4864,
uc-2288404,7.054,-7.4403,
uc-2283616,8.6576,-5.2911,
uc-12687198,8.2149,-5.1255,
uc-2291636,6.0787,-3.6355,
uc-12687206,5.1257,-6.8148,
uc-12687200,6.0059,-6.294,
uc-2284159,6.154,-5.6933,
uc-2282189,5.0619,-6.26,coast
uc-12687208,4.9353,-6.7783,
uc-2280405,8.7682,-5.6865,
uc-12687204,5.256,-6.5325,
uc-2284679,5.7351,-3.4034,
uc-2283646,6.6613,-3.2698,
uc-2291929,5.9091,-4.0128,
uc-2287980,6.7418,-7.1174,lake
uc-2287981,6.567,-7.702,
uc-12687196,7.1333,-7.1833,
uc-2284589,8.0586,-6.1897,
uc-12687508,5.2403,-5.7952,
uc-2286819,5.4075,-3.3802,coast
uc-2284719,7.2247,-7.9312,
uc-2284489,7.4573,-4.3399,
uc-2289633,6.4262,-5.5592,
uc-12687203,5.8967,-5.1579,
uc-2285161,5.0905,-6.3444,
uc-2289433,6.3792,-3.3472,
uc-2596874,5.9283,-5.0225,
uc-2283504,5.3485,-6.056,
uc-2290609,8.3632,-4.4286,
uc-2282566,7.2817,-6.8145,
uc-2282240,6.07,-4.3106,
uc-2284314,7.4875,-6.7882,
uc-2290000,9.0676,-5.7722,
uc-2292531,5.6298,-4.082,
uc-2288002,6.7367,-6.9549,lake
uc-12688212,7.6964,-6.5535,
uc-2292090,7.2343,-6.4748,
uc-2288718,5.4665,-5.5868,
uc-2291663,6.012,-3.1902,
uc-2279513,6.9893,-6.6667,
uc-2282178,7.4546,-5.2926,lake
uc-2284744,5.4151,-3.0301,coast
uc-2282985,5.3512,-5.6759,
uc-2284030,10.05,-5.3378,
uc-2289902,6.8892,-7.5195,
uc-2288439,6.6562,-6.1661,
uc-7848493,6.485,-7.201,lake
uc-2282521,6.1202,-6.7125,
uc-2292932,6.7818,-4.0852,
uc-7850551,6.0116,-4.8213,
uc-12687966,5.7941,-4.6613,
uc-2291962,6.4648,-5.9543,
uc-2285092,7.1077,-7.5521,
uc-2282506,5.269,-7.3142,
uc-2292380,7.1762,-7.2973,
uc-7849905,6.1366,-6.841,river
uc-12687528,5.0491,-6.7448,
uc-7849068,6.563,-7.8172,
uc-2282983,5.7644,-6.4078,
uc-12687527,4.9822,-7.0602,
uc-12689422,8.4827,-3.1273,
uc-2288759,5.0335,-6.1514,coast|river
uc-2286632,9.7651,-6.4637,
uc-7849082,6.5387,-6.8159,lake
uc-2289950,6.2916,-6.2794,
uc-2279214,6.7623,-6.8638,lake
uc-2285905,7.256,-7.2351,
uc-2597400,8.4911,-7.1786,river
uc-7848497,6.3722,-7.3989,lake
uc-12688220,6.9432,-5.9673,
uc-2286458,9.1494,-4.6098,
uc-7848483,6.9015,-7.4138,
uc-2287987,5.6882,-6.0712,
uc-3489854,17.997,-76.7936,coast|mountain
uc-3489297,18.0075,-76.7832,coast|mountain
uc-3488465,17.9911,-76.9574,coast
uc-3489460,18.4712,-77.9188,coast
uc-3489577,18.0417,-77.5071,
uc-3489523,17.9645,-77.2451,coast
uc-3489239,18.4076,-77.1031,coast
uc-3489227,17.9414,-77.109,coast
uc-3489760,18.1368,-77.0317,
uc-10400280,18.5149,-77.8018,coast
uc-3488613,18.2189,-78.1332,coast
uc-1850147,35.6895,139.6917,coast
uc-1853909,34.6938,135.5011,coast
uc-1848354,35.4333,139.65,coast
uc-1856057,35.1815,136.9064,coast
uc-6940394,35.9081,139.6566,
uc-1857910,35.0211,135.7538,lake
uc-1863967,33.6,130.4167,coast
uc-2128295,43.0667,141.35,coast
uc-1859171,34.6913,135.183,coast
uc-2113015,35.6,140.1167,coast
uc-1862415,34.4,132.45,coast
uc-2111149,38.2667,140.8667,coast
uc-1863440,35.6558,139.3239,
uc-1850181,35.7992,139.469,
uc-1863289,34.7,137.7333,coast
uc-1865689,35.6,139.3167,
uc-1859307,33.8518,130.8503,coast
uc-1863905,35.7013,139.9865,coast
uc-1856035,26.213,127.6785,coast
uc-1858421,32.8059,130.6918,coast
uc-1855431,37.9226,139.0412,coast
uc-1857871,35.5403,139.4508,coast
uc-1855612,34.685,135.8048,
uc-1859924,35.8622,139.9773,river
uc-1863641,35.4229,136.7604,
uc-1857553,35.7799,139.9014,coast
uc-11836117,36.2013,140.2841,
uc-1854383,34.65,133.9333,coast
uc-11611609,35.5671,139.2417,
uc-1864092,35.3493,139.4767,coast
uc-1851717,34.9833,138.3833,coast
uc-1854487,33.2333,131.6,coast
uc-1862627,34.8167,134.7,coast
uc-1860243,36.6,136.6167,coast
uc-1862540,34.8135,135.6491,
uc-1926099,33.8392,132.7657,coast
uc-1860827,31.5667,130.55,coast
uc-1851002,36.3333,139.0167,
uc-11209896,32.7786,130.7454,coast
uc-1858311,34.5833,133.7667,coast
uc-1849053,36.5667,139.8833,
uc-1849876,36.7,137.2167,coast
uc-1863917,34.4833,133.3667,coast
uc-1858088,33.3167,130.5167,
uc-11837657,35.7341,139.9065,coast
uc-1851100,34.3333,134.05,coast
uc-1849814,35.0833,137.15,
uc-1856177,32.75,129.8833,coast
uc-1857843,36.4,139.0833,river
uc-1859100,35.6667,138.5667,
uc-1854376,34.95,137.1667,coast
uc-1856215,36.65,138.1833,
uc-1859146,33.55,133.5333,coast
uc-1852383,34.2152,135.1501,coast
uc-1852139,33.6363,133.0057,mountain
uc-1856717,31.9167,131.4167,coast
uc-1860034,34.9833,136.9833,coast
uc-1849846,34.7667,137.3833,coast
uc-1863985,36.0644,136.2226,coast
uc-1850158,34.0667,134.5667,coast
uc-2112923,37.75,140.4667,
uc-2111834,39.7,141.15,mountain
uc-1848373,34.9667,136.6167,coast
uc-2130188,41.7758,140.7367,coast
uc-2111901,36.35,140.45,coast
uc-2112539,37.05,140.8833,coast
uc-1926004,34.2333,135.1667,coast
uc-1850910,34.8483,135.6168,
uc-2112141,37.4,140.3833,
uc-1859383,34.4667,135.3667,coast
uc-1860704,34.7694,134.829,coast
uc-1849796,34.7333,136.5167,coast
uc-2130629,43.7706,142.3649,river
uc-1862462,35.3278,139.3373,coast
uc-1859951,34.509,135.7929,
uc-1856199,37.45,138.85,coast
uc-2113126,39.7167,140.1167,coast
uc-1854902,35.1,138.8667,coast
uc-2130658,40.8167,140.7333,coast
uc-2110681,36.0833,140.1167,
uc-1853303,33.2333,130.3,coast
uc-1853677,36.3,139.3667,
uc-1852225,33.9555,130.9371,coast
uc-11611632,35.6745,139.4822,
uc-1865294,34.9583,137.0805,coast
uc-2110556,38.2333,140.3667,
uc-1864134,35.1667,138.6833,coast|mountain
uc-1861107,34.4833,135.4333,coast
uc-1858428,36.135,139.39,
uc-1852899,33.1683,129.725,coast
uc-1861436,36.3167,139.2,
uc-1864624,35.3364,139.4043,coast
uc-11611478,35.4728,139.451,coast
uc-1857519,36.2333,137.9667,
uc-11790632,35.5331,139.4217,
uc-2130203,40.5,141.5,coast
uc-1854703,35.35,136.6167,
uc-1857144,35.4953,139.4428,coast
uc-1847963,35.4427,139.3693,coast
uc-1894616,26.3358,127.8014,coast
uc-7303138,31.7409,130.7629,coast
uc-1853483,36.3,139.8,
uc-1858296,34.2322,132.5666,coast
uc-1850034,34.5007,135.6021,coast
uc-1851032,36.75,137.0167,coast
uc-1854747,35.2556,139.1597,coast
uc-1857550,35.4833,133.05,coast
uc-1859913,34.45,135.7667,
uc-1856184,35.8563,139.9027,
uc-6822182,35.7353,140.1244,coast
uc-11611930,35.726,139.4851,
uc-1850311,36.3833,139.7333,
uc-11611627,34.4086,132.7368,coast
uc-1851348,34.8833,136.5833,coast
uc-2111220,35.7167,140.2333,coast
uc-1848689,34.1833,131.4667,coast
uc-6822099,36.0905,140.2105,
uc-1859093,36.1833,139.7167,
uc-1863209,34.8833,136.9333,coast
uc-6825489,37.1483,138.2364,coast
uc-1849892,35.5,134.2333,coast
uc-1856775,31.7333,131.0667,
uc-1849845,34.8167,137.4,coast
uc-1857665,34.2833,133.7833,coast
uc-1858794,36.0687,139.5168,
uc-1854162,35.7839,139.2431,
uc-2127733,42.6369,141.6033,coast
uc-2112708,36.6,140.65,coast
uc-1849498,33.9431,131.2511,coast
uc-1861084,35.3667,132.7667,coast
uc-2112576,38.4167,141.3,coast
uc-1926134,34.07,133.0002,coast
uc-1855189,34.8667,137.05,coast
uc-2130057,40.5931,140.4725,
uc-2129376,42.975,144.3747,coast
uc-2128815,42.9172,143.2044,
uc-11468429,35.0519,136.6696,coast
uc-6822120,34.5347,135.7092,
uc-1863431,35.3711,139.2236,coast
uc-1853209,35.9569,139.3889,
uc-1861212,34.163,132.22,coast
uc-11468431,34.5789,136.5371,coast
uc-1849429,36.4027,138.2816,
uc-6822096,36.3966,140.5348,coast
uc-2112312,36.3833,140.5333,coast
uc-6822111,36.2882,137.887,
uc-1855078,35.949,139.8679,river
uc-1856243,35.3833,136.2667,lake
uc-11612583,34.0805,131.8256,coast
uc-1859586,36.1167,139.6,
uc-1848277,35.4333,133.3333,coast
uc-6822188,38.5887,140.973,
uc-6822153,26.3761,127.8591,coast
uc-1852964,36.3167,139.5833,
uc-1848087,33.7287,130.983,coast
uc-1864132,34.8667,138.2667,coast
uc-1865005,36.3333,139.45,
uc-1858067,35.0167,135.9667,lake
uc-11612326,34.8318,134.5434,coast
uc-1864031,36.2,139.2833,river
uc-6822179,35.8348,140.1636,river
uc-6822174,36.9768,140.0664,
uc-1848774,34.8688,138.3195,coast
uc-1861450,34.4833,136.7,coast
uc-1859393,35.3833,139.9325,coast
uc-1861464,32.8411,130.0431,coast
uc-1848382,35.1163,136.1977,lake
uc-2111684,35.7833,140.3167,
uc-1853008,34.8844,135.2269,
uc-1864105,35.2167,138.6167,coast|mountain
uc-1854083,33.0333,130.45,coast
uc-1853992,34.4167,133.2,coast
uc-1862198,36.2378,139.1902,river
uc-1859405,36.4,139.3333,
uc-1852663,35.2333,137.1,
uc-1861835,33.6365,130.6868,
uc-1849563,38.7217,139.8217,coast
uc-1848445,32.5044,130.5995,coast
uc-1855425,33.9605,133.3052,coast
uc-6822103,35.8969,140.6667,coast
uc-6822216,35.4044,137.0559,
uc-1855095,32.5833,131.6667,coast
uc-2129537,43.8031,143.8908,
uc-2111258,35.9,140.1833,
uc-6822148,37.4914,139.9455,
uc-1860728,34.7667,138.0167,coast
uc-1860063,33.4425,129.9697,coast
uc-1862302,34.05,131.5667,coast
uc-1852472,34.8167,138.1833,coast
uc-2128574,43.1894,141.0022,coast
uc-2112656,38.9167,141.1333,
uc-1855066,33.7405,130.7226,coast
uc-1862636,35.25,136.25,lake
uc-6822184,39.1393,141.1685,
uc-1863482,36.1407,139.4601,river
uc-1855757,33.5981,131.1883,coast
uc-6822199,39.4412,140.4896,
uc-1850708,33.7333,135.3667,coast
uc-1858910,36.4026,136.4509,coast
uc-1856977,35.1167,138.9167,coast
uc-1851193,35.3167,137.1333,
uc-1852775,35.4833,136.9167,
uc-1863528,35.3186,138.9434,mountain
uc-1926054,33.9167,133.1833,coast|mountain
uc-1861449,35.3993,139.3102,coast
uc-1849788,37.6645,138.9252,coast
uc-1849519,35.0521,133.9989,
uc-2112319,35.8977,140.4994,coast|river
uc-6825498,34.4411,135.5828,coast
uc-1861864,35.5196,137.8207,
uc-1850152,34.05,131.8167,coast
uc-1860112,31.3833,130.85,coast
uc-6822097,36.316,139.9824,
uc-1853140,38.9167,139.855,coast|river
uc-1861091,34.4167,135.3167,coast
uc-1853081,36.2167,138.4833,
uc-11612341,33.5423,130.1842,coast
uc-2130452,42.8194,141.6522,
uc-11611614,33.7957,130.559,coast
uc-1852607,37.95,139.3333,coast
uc-2129101,42.3172,140.9881,coast
uc-1854093,32.9214,129.9539,coast
uc-1860098,36.55,139.7333,
uc-2112823,39.3833,141.1167,
uc-1852984,37.6167,138.95,coast
uc-2110498,37.91,140.1167,river
uc-2112227,39.2833,141.1167,
uc-1860765,34.45,135.35,coast
uc-1857766,35.45,135.3333,coast
uc-1852736,31.8167,130.3,coast
uc-2110774,35.55,140.3667,coast
uc-6822162,36.0333,139.4167,
uc-1857334,34.4,133.0833,coast
uc-6822117,34.9802,136.1575,
uc-11468270,34.758,136.1347,
uc-1850892,36.1333,137.25,
uc-1848573,33.1667,130.4,coast
uc-1863945,34.75,137.9167,coast
uc-2111855,35.4258,140.2961,coast
uc-1863293,34.8,137.7833,coast
uc-1859908,37.3667,138.55,coast
uc-2110506,39.3169,140.5503,
uc-1856569,35.0667,135.9833,lake
uc-2129870,43.2003,141.7597,
uc-2110629,35.9667,140.1333,
uc-6822211,35.0027,136.8642,coast
uc-1861641,35.8276,137.9538,
uc-7424125,32.4586,130.1931,coast
uc-11612457,35.8857,136.1707,coast
uc-1907307,35.3504,139.8703,coast
uc-11612345,33.9754,133.5489,coast
uc-1863451,35.1286,136.0976,lake
uc-1850559,36.25,139.5333,
uc-1863183,35.8519,139.3181,
uc-1863693,34.8333,137.2333,coast
uc-1855753,35.4833,137.5,
uc-2111836,36.4333,140.0167,
uc-1849831,35.5401,134.8204,coast
uc-11611941,38.7088,141.1558,
uc-1855395,36.75,139.6167,
uc-11611625,32.4227,131.6409,coast
uc-1864009,35.3,135.1167,
uc-1863082,34.3167,135.6167,
uc-1856293,34.6167,136.0833,
uc-2111859,39.1333,141.1333,
uc-6822194,34.7005,137.5225,coast
uc-11611646,31.7743,130.5921,coast
uc-2112899,38.5717,140.9556,
uc-6822202,39.3895,140.0581,coast
uc-1850872,35.9039,136.1669,coast
uc-6825490,37.0826,138.8741,
uc-1857276,34.8,134.9833,coast
uc-2110959,37.2833,140.3833,
uc-11611939,34.844,135.8056,
uc-1854384,36.0566,138.0451,
uc-1861528,35.38,136.9429,
uc-2112343,36.3833,140.2667,
uc-2131612,40.8044,140.4414,coast
uc-1862912,34.8833,136.9833,coast
uc-2111325,36.8667,140.0333,
uc-11205269,35.616,138.4634,
uc-1926020,33.2238,132.56,coast
uc-1857844,33.5592,130.2015,coast
uc-11127679,42.8936,141.576,
uc-6822115,35.0275,135.9997,lake
uc-1865309,33.9167,134.65,coast
uc-6822165,35.96,139.4028,
uc-11274040,32.9789,130.4457,coast
uc-13156739,35.6086,138.4647,
uc-2128787,40.2718,140.5576,
uc-1851273,33.6333,130.8,
uc-1861290,34.9667,139.0833,coast
uc-2110579,35.65,140.3167,coast
uc-1849592,35.653,136.0633,coast
uc-1853338,35.9465,136.185,coast
uc-6822214,35.329,136.6805,
uc-6822141,36.3,136.3333,coast
uc-1850742,34.5174,133.9457,coast
uc-1852003,36.1,137.9667,
uc-11612700,33.783,130.4911,coast
uc-1860748,35.9654,140.6447,coast
uc-1853237,32.95,131.9,coast
uc-6822190,38.75,141.0,
uc-1855410,37.8002,139.1224,coast
uc-11611615,34.2105,133.6746,coast
uc-2110793,38.3536,140.3697,river
uc-1863495,26.3594,127.8674,coast
uc-11612456,35.4137,140.0214,coast
uc-1862373,33.3213,130.941,
uc-2113077,35.7167,140.65,coast
uc-1861699,36.7167,139.6833,
uc-1850745,32.9472,130.5745,coast
uc-1855580,34.1993,134.6093,coast
uc-1852347,36.3,139.9833,
uc-1856068,26.615,127.9854,coast
uc-11612482,35.1603,135.0391,
uc-11612553,32.8927,130.7757,coast
uc-1849414,34.7586,136.1311,
uc-13132799,35.1748,135.031,
uc-2112077,36.9667,140.05,
uc-1864637,35.9903,139.0764,
uc-2112263,38.9011,141.5775,coast
uc-6822154,36.0355,139.9614,
uc-6822207,40.6205,141.2107,
uc-11611476,33.2279,130.6487,
uc-6822171,34.2697,135.4104,coast
uc-11612582,34.0325,131.1603,coast
uc-6822175,36.4132,139.8662,
uc-1851259,34.668,137.2674,coast
uc-6825500,34.3484,135.2684,coast
uc-11612554,32.6222,130.6618,coast
uc-11612472,37.1195,140.2621,
uc-6822112,36.5271,138.0894,
uc-6822149,37.6291,140.9787,coast
uc-2130054,42.9758,141.5672,
uc-2129909,43.2397,141.3539,coast|river
uc-1850185,34.8833,136.85,coast
uc-1863173,36.1667,139.5333,river
uc-1850207,35.35,137.1833,
uc-2112996,35.7333,140.8333,coast|river
uc-1856434,38.2333,139.4833,coast
uc-1861677,33.2736,129.8788,coast
uc-1865375,33.418,130.6541,
uc-1860122,34.1276,133.646,coast
uc-1863310,34.8833,132.0833,coast
uc-6822106,36.07,139.8671,river
uc-1853190,34.3228,133.8356,coast
uc-6822217,35.482,137.0217,
uc-1864557,35.9944,138.1543,
uc-2127878,41.2894,141.2169,coast
uc-1858498,34.0096,131.8664,coast
uc-6822161,35.9166,139.3623,
uc-1852849,36.0725,139.7261,
uc-6822158,24.7902,125.3111,coast
uc-11612571,34.9992,136.0967,
uc-1862612,36.8561,136.9885,coast
uc-1861244,34.25,135.3167,coast
uc-1858286,35.228,139.7021,coast
uc-1856698,34.8,132.85,
uc-2111656,37.5833,140.4333,
uc-1850217,37.1333,138.7667,
uc-2111568,35.5167,140.3167,coast
uc-1848375,33.5354,131.3281,coast
uc-6825497,34.3333,135.25,coast
uc-2128867,40.2084,140.0274,coast
uc-1865412,34.7514,134.3873,coast
uc-1861108,32.0833,130.3667,coast
uc-1863713,35.3108,139.8188,coast
uc-6825492,38.025,138.3593,coast
uc-1907309,35.14,139.6192,coast
uc-1855476,31.6,131.3667,coast
uc-6822195,35.1739,138.9069,coast
uc-2111884,39.6469,141.9406,coast
uc-1896348,33.955,131.95,coast
uc-11612557,35.6062,135.0443,coast
uc-1864155,34.5735,133.2351,coast
uc-11611475,35.1005,136.0178,lake
uc-1855670,37.0482,136.968,coast
uc-11612701,33.4144,130.7188,
uc-6822155,36.4449,139.2845,
uc-1859990,34.506,133.5039,coast
uc-1850523,34.9833,139.8667,coast
uc-6822100,35.9841,140.0093,
uc-1860626,34.85,136.45,coast
uc-2111268,35.7167,140.3667,coast
uc-1859492,32.9833,130.8167,
uc-1848705,33.0167,130.6891,
uc-1851368,36.038,138.1131,
uc-11611638,33.2054,130.4918,coast
uc-10629856,35.4403,138.7959,mountain
uc-6822220,35.4472,137.3833,
uc-6822139,36.6205,136.9432,
uc-6822107,36.5513,140.5282,coast
uc-6822191,35.0391,138.9514,coast
uc-1858301,35.4333,133.8167,coast
uc-6822143,36.4097,136.4847,coast
uc-6822193,34.7029,138.1198,coast
uc-1863540,37.7333,139.1667,
uc-6822168,35.6276,140.4176,coast
uc-11612455,35.5118,140.3526,coast
uc-6694821,36.5692,136.9116,
uc-6822123,36.5127,136.8935,
uc-1850834,33.1901,130.0208,coast
uc-1850091,36.2541,138.8981,
uc-1852481,34.3333,136.8333,coast
uc-2112758,38.4389,140.4006,river
uc-1861416,24.3448,124.1572,coast
uc-1854026,34.85,134.9333,coast
uc-2111173,35.8833,140.5,coast|river
uc-1849306,31.6667,130.3833,coast
uc-6822108,35.9563,140.3236,
uc-6822116,35.4135,136.0161,lake
uc-1854905,36.6333,139.05,river
uc-11524139,35.8346,138.3961,
uc-1855907,33.8169,130.7096,coast
uc-2128894,42.4522,141.1791,coast
uc-1858858,36.3167,138.4333,
uc-1859319,37.65,139.8667,
uc-2112688,36.15,140.5167,coast
uc-1849237,36.8,137.4,coast
uc-11612479,34.274,134.7751,coast
uc-2127896,43.5528,141.9064,river
uc-1857594,34.6667,131.85,coast
uc-6822173,35.1134,136.572,coast
uc-11612337,36.7207,139.9878,
uc-1863418,34.4,131.4167,coast
uc-1852046,34.9,137.5,
uc-2110460,39.1667,140.5,
uc-1854018,34.0014,131.1836,coast
uc-2128558,42.9917,143.2003,
uc-1859175,31.9833,130.9833,
uc-2112527,38.1047,140.8594,coast
uc-11611221,36.8467,136.9836,coast
uc-11611611,33.2803,130.195,coast
uc-11612564,34.8099,134.0215,
uc-2111248,38.3725,140.2725,river
uc-8659953,34.7392,138.143,coast
uc-1852479,32.7833,130.3667,coast|mountain
uc-11612633,35.2431,132.8999,
uc-1863978,33.7663,130.4746,coast
uc-2112444,39.2769,141.868,coast
uc-2129211,40.6868,141.3897,coast
uc-11612565,35.1064,133.7201,
uc-11612478,34.9263,134.8453,
uc-1855863,36.75,138.3667,
uc-11612338,34.4777,134.9307,coast
uc-1852163,36.1833,139.9667,
uc-1861223,36.05,139.9,
uc-11612560,32.6733,130.2675,coast|mountain
uc-1851426,34.3432,134.8891,coast
uc-6822219,35.7369,136.9585,
uc-2112232,36.7867,140.749,coast
uc-6822126,36.9012,137.4495,coast
uc-1862034,34.6,133.4667,coast
uc-1851813,37.7635,139.022,coast
uc-7303145,28.3769,129.4938,coast
uc-1855540,28.3667,129.4833,coast
uc-10860988,26.4017,127.745,coast
uc-1856881,36.0167,139.9833,
uc-2111065,38.7586,140.3008,
uc-11612562,32.7711,130.2484,coast|mountain
uc-6822114,35.3195,139.1096,coast
uc-1862230,32.4599,130.1671,coast
uc-1861285,37.0333,137.85,coast
uc-11837950,37.8361,139.2233,coast
uc-11611935,34.9242,135.0261,
uc-1926055,33.5,132.55,coast
uc-1852901,35.0667,135.2167,
uc-13132798,35.0732,135.2178,
uc-6822102,36.5645,140.4027,
uc-2112802,35.7333,140.8333,coast|river
uc-2112521,36.35,140.1,
uc-11611946,34.7867,134.2354,coast
uc-6822189,38.4089,141.179,coast
uc-6822105,36.2505,140.1156,
uc-1859964,31.4167,130.3167,coast
uc-1862010,31.2333,130.65,coast
uc-1857209,34.9667,136.1667,
uc-1848482,35.4215,133.2422,coast
uc-2111435,39.45,140.4833,
uc-11612576,34.0386,134.2921,
uc-1855134,34.9842,134.9741,
uc-2129395,40.6458,140.5835,
uc-2111809,38.1186,140.7243,coast
uc-1862352,32.2167,130.75,
uc-11776897,36.474,140.5635,coast
uc-1856667,35.3667,137.25,
uc-1849782,36.6701,136.7403,coast
uc-1926116,34.0165,133.5784,coast
uc-1849069,32.6833,130.6667,coast
uc-2110743,36.35,140.3,
uc-2130146,40.1836,140.7872,
uc-1853174,35.5377,133.2309,coast
uc-1848776,36.8,139.9333,
uc-1849094,33.1234,131.804,coast
uc-11612566,34.6592,134.1424,coast
uc-11612459,33.121,130.5001,coast
uc-11612454,35.0313,139.9265,coast
uc-2130741,44.0213,144.2697,coast
uc-6822167,35.7154,140.5531,coast
uc-11612481,34.9811,134.564,
uc-2112409,38.1539,140.2736,
uc-6822180,35.23,140.4049,coast
uc-10353044,33.5294,130.7648,
uc-2111530,39.0717,141.7167,coast
uc-1849038,33.3645,132.5127,coast
uc-2112913,36.4667,140.5667,coast
uc-1853433,32.8804,130.8716,
uc-6822170,37.4305,140.6034,
uc-1848055,35.8,137.2333,
uc-6822215,35.2017,136.6351,
uc-2130421,42.4681,140.8681,coast
uc-6822140,36.7576,136.7116,coast
uc-6822169,37.7928,140.9294,coast
uc-11612333,34.0921,134.2845,coast
uc-1854444,37.3,138.8,
uc-1855694,36.7597,137.3622,coast
uc-1855891,32.9833,132.9333,coast
uc-6825494,37.2449,138.9623,
uc-2129427,40.1878,141.7689,coast
uc-11612559,32.6842,128.8068,coast
uc-1854774,35.1902,132.5085,coast
uc-1862505,24.8038,125.3022,coast
uc-1863592,34.35,135.7,
uc-1849647,32.1,131.4,coast
uc-1864945,35.0883,139.0532,coast
uc-13132740,35.3578,136.9098,
uc-11611474,33.7943,132.8901,coast|mountain
uc-2127515,45.4094,141.6739,coast
uc-1857357,32.9667,131.5833,
uc-1854022,35.9811,136.4873,
uc-1851713,34.85,133.0167,
uc-2110586,38.035,140.8511,coast
uc-11611479,35.6715,138.6983,
uc-2111016,38.0033,140.6183,
uc-11612542,31.6464,130.9907,coast
uc-2112455,37.9745,140.772,coast
uc-11612540,31.3469,130.4561,coast
uc-11612541,31.39,130.2834,coast
uc-1848243,36.1157,139.1943,
uc-11612342,33.1956,131.3783,coast|mountain
uc-11612694,34.5348,133.603,coast
uc-1852358,32.9458,132.9863,coast
uc-2110518,35.7,140.55,coast
uc-1899102,34.3833,131.2,coast
uc-1848550,33.9667,132.1167,coast
uc-11612331,34.6742,132.6819,
uc-1848618,33.5655,133.7028,coast
uc-6822178,35.7166,137.9375,
uc-6822104,36.007,140.4962,coast
uc-2112694,39.55,141.1667,
uc-2112297,35.0969,140.1003,coast
uc-7303003,33.4574,132.4328,coast
uc-1864873,35.3,135.25,coast
uc-6822203,39.8787,139.9977,coast
uc-1862992,35.2765,139.5773,coast
uc-11612558,35.1098,135.4916,
uc-1851137,34.7833,133.6167,
uc-11612589,35.7242,138.7711,
uc-6822204,40.1996,140.3939,
uc-1860458,36.4333,139.9167,
uc-2128975,43.3236,145.575,coast
uc-11612585,35.5947,138.5027,
uc-1862555,33.3685,129.5525,coast
uc-6822196,34.5988,138.2193,coast
uc-2111781,38.1036,140.035,river
uc-1860095,33.309,130.3738,coast
uc-11612329,35.5473,138.9096,
uc-10310759,33.8466,130.6296,coast
uc-6822206,40.5873,140.5711,
uc-6822205,40.8036,140.403,coast
uc-6822192,34.9716,138.9464,coast
uc-1855416,34.9833,133.4667,
uc-11612692,31.7293,130.293,coast
uc-1850860,34.3383,132.9167,coast
uc-11611932,38.0432,140.1128,river
uc-6825491,37.0253,138.2556,coast
uc-1849367,36.6833,139.9667,
uc-11612327,33.7829,129.7209,coast
uc-2111824,37.5139,140.4006,
uc-1852588,31.476,131.1011,coast
uc-1859941,33.1061,130.0906,coast
uc-6822177,36.3558,138.3609,
uc-9290061,34.8797,135.367,coast
uc-9017898,33.4212,130.6136,
uc-1855363,35.7,138.45,
uc-1854849,35.4958,135.746,coast
uc-1857208,32.2167,130.4,coast
uc-11611608,32.082,131.3996,coast
uc-1856476,37.0667,138.8833,
uc-1857751,37.75,138.8833,coast
uc-2130534,43.3247,141.8586,
uc-1848991,35.3167,134.8667,
uc-6822124,36.6667,136.85,coast
uc-1854665,36.0534,139.2661,
uc-1851440,34.75,138.25,coast
uc-2110481,38.4414,140.8764,coast
uc-1862689,33.3708,131.5302,coast
uc-2129003,41.8944,140.6939,coast
uc-6825493,38.0646,139.4056,coast
uc-10630007,34.2063,129.2908,coast
uc-11612539,34.2102,134.3365,coast
uc-1862471,35.4333,132.8167,coast
uc-6822122,34.4592,135.9536,
uc-10311204,33.8466,130.7128,coast
uc-11612574,34.0549,134.1396,
uc-1859234,33.42,131.6184,coast
uc-1926142,33.9766,132.7777,coast
uc-11397285,33.3563,130.7497,
uc-2110893,36.7167,140.7167,coast
uc-1857403,36.2225,139.382,river
uc-2111425,36.55,140.4167,coast
uc-1854186,36.5,137.8667,mountain
uc-1864894,36.2231,136.1924,coast
uc-1847947,33.7333,135.9833,coast
uc-1865207,37.0006,138.2259,coast
uc-2128983,44.3506,142.4578,
uc-1859765,36.0617,136.501,
uc-6324583,32.9373,131.0801,mountain
uc-11611643,34.0809,135.119,coast
uc-1863997,32.6973,128.8456,coast
uc-2129324,45.3714,141.8211,coast
uc-7281819,35.4893,138.6883,mountain
uc-1848717,33.6,133.6833,coast
uc-2128382,43.9344,141.6428,coast
uc-11612460,33.7171,130.6412,coast
uc-11612561,32.9839,129.6809,coast
uc-11612682,33.5547,131.728,coast
uc-1851390,33.3947,133.2913,coast
uc-1854028,34.2833,132.2667,coast
uc-1857560,32.65,130.6667,coast
uc-2130332,43.7081,142.0392,river
uc-1861586,34.2833,133.1833,coast
uc-2110735,39.3167,141.5333,
uc-2111999,36.4667,140.1,
uc-1860341,37.6644,139.035,
uc-1862968,35.0,134.15,
uc-1853280,34.685,138.2046,coast
uc-2128147,43.35,142.3833,
uc-11612707,39.7093,140.7465,
uc-1849183,33.1136,130.0029,coast
uc-2128279,42.8724,143.3376,
uc-1858041,31.7167,130.2667,coast
uc-6822187,40.2908,141.3133,
uc-1857659,36.3186,138.2733,
uc-9291689,34.0262,135.2528,coast
uc-1861825,31.6167,130.4,coast
uc-6822201,39.871,139.8493,coast
uc-1864180,35.7,138.7333,
uc-1848633,35.0,134.55,
uc-1865401,32.0167,130.2,coast
uc-6822186,39.8998,141.1299,mountain
uc-1854868,36.9374,137.5006,coast
uc-1859436,35.9006,137.9878,
uc-1861406,36.1167,139.9667,
uc-6822176,36.6523,140.1608,
uc-1848976,37.4046,136.8991,coast
uc-11611950,34.2386,132.4797,coast
uc-1855087,32.5965,130.4341,coast|mountain
uc-1863341,36.8833,136.7833,coast
uc-11611944,32.0672,130.6118,
uc-1860321,34.068,134.3503,coast
uc-2130050,40.6359,141.4448,coast
uc-1853193,36.1,139.8,river
uc-2129034,43.5485,144.9718,coast
uc-1863521,35.0086,132.2257,coast
uc-2112181,38.5333,141.0667,coast
uc-1853564,35.6185,138.974,
uc-1861383,34.8,137.0167,coast
uc-1859335,35.1667,135.9167,lake
uc-2111461,38.05,140.7336,coast
uc-1861799,34.0285,133.8062,coast
uc-6822144,33.3406,129.695,coast
uc-2112903,37.4472,140.5771,
uc-1854629,34.1,131.4,coast
uc-1863614,33.8815,135.1696,coast
uc-1857260,36.2149,136.1483,coast
uc-6822198,39.2708,139.9395,coast
uc-1848113,35.15,139.0667,coast
uc-1851622,35.25,136.7167,
uc-2110891,38.0025,140.1911,
uc-1861772,35.4333,136.5833,
uc-11611936,34.1868,131.2162,
uc-1849407,35.6167,139.1167,
uc-1851170,33.5567,131.4451,coast
uc-1850307,37.4764,138.9951,
uc-1860750,31.7333,130.6667,coast
uc-2129163,44.3525,143.3525,coast
uc-2127383,43.8263,144.0964,
uc-1850405,39.9,139.9667,coast
uc-1850791,34.2464,133.923,coast
uc-1863824,36.2333,137.1833,
uc-11611937,36.2448,137.1732,
uc-6822113,38.4697,140.4144,
uc-11777085,34.808,136.8644,coast
uc-1853230,34.5333,136.6333,coast
uc-2128025,42.3339,142.3669,coast
uc-1854246,32.0678,130.6244,
uc-1848447,36.5667,137.1333,
uc-1848852,35.403,134.7712,
uc-1895695,31.4862,131.2421,coast
uc-2110509,35.65,140.4833,coast
uc-9890410,33.1908,130.138,coast
uc-1849584,36.45,136.6333,coast
uc-1858187,35.4667,136.6333,
uc-1857712,31.2667,130.3167,coast
uc-2111725,38.5686,140.8536,
uc-1849850,34.7093,136.9342,coast
uc-2111704,37.4833,141.0,coast
uc-1853486,34.6036,138.2172,coast
uc-2128206,43.659,145.132,coast
uc-1849661,33.0754,131.8691,coast
uc-1848498,34.9167,134.9667,
uc-1852357,34.6765,138.9446,coast
uc-1850627,33.35,130.6833,
uc-1862601,35.0,136.25,
uc-2130306,43.35,142.3833,
uc-13132800,36.1823,139.891,
uc-10630004,38.8485,139.9031,coast|river
uc-1860563,36.7,137.3667,coast
uc-2111559,38.6033,140.4019,river
uc-2112108,37.1525,140.1685,
uc-2110538,37.85,140.6,
uc-2112963,35.95,140.3167,
uc-2129005,40.7107,140.5905,coast
uc-2127910,40.2227,140.3661,
uc-1851494,37.8461,139.2304,coast
uc-1850878,32.9667,131.4,mountain
uc-1849594,31.95,130.4833,
uc-2111495,35.2476,140.3929,coast
uc-1851068,32.1333,131.5,coast
uc-1861838,36.85,138.3667,
uc-2127955,43.4864,141.9056,river
uc-1848143,35.5333,135.1,coast
uc-1860026,36.35,138.6333,
uc-1851542,31.65,131.0167,coast
uc-2128205,44.154,142.3731,
uc-1856426,37.6926,139.1713,
uc-1926143,32.9637,132.5661,coast
uc-1863973,36.5575,136.8695,
uc-1862026,35.4833,136.5667,
uc-1855153,34.9556,134.7683,
uc-2112019,36.2667,140.1,
uc-1851462,32.9333,132.7333,coast
uc-1860742,35.0667,134.9167,
uc-2130387,44.0481,143.5455,coast
uc-1850589,31.4833,130.7,coast
uc-2130612,43.5097,142.1856,
uc-7451505,37.4086,139.8132,
uc-1865103,33.1833,129.9,coast
uc-2129218,43.2039,140.7703,coast
uc-9865313,36.09,136.3599,
uc-1850498,35.9843,137.9972,
uc-2112583,37.15,140.45,
uc-10311179,33.8643,130.6871,coast
uc-1863953,34.2576,134.7154,coast
uc-1853743,36.9871,136.7725,coast
uc-2112354,36.65,140.15,
uc-1863398,34.5333,135.95,
uc-1860335,34.5374,133.5897,coast
uc-1849675,36.6882,138.9863,river
uc-1849706,33.2767,131.1563,mountain
uc-1864098,36.25,139.65,
uc-10409864,35.3441,139.1175,coast
uc-1856586,34.8333,137.9333,coast
uc-11611483,33.2771,130.1093,coast
uc-9277769,34.9219,135.4952,
uc-6822185,39.0203,141.6542,coast
uc-2112570,36.4833,140.3833,
uc-2129262,42.9072,143.0365,
uc-1849733,26.6575,128.0941,coast
uc-13118912,36.0553,139.315,
uc-11612476,44.1714,142.3952,
uc-1865312,37.2333,136.9,coast
uc-1855203,30.7333,131.0,coast
uc-1848825,34.6833,132.5333,
uc-2128072,42.55,141.35,coast
uc-1850345,34.4833,136.8419,coast
uc-1848933,34.0667,134.15,
uc-2110581,38.4219,140.3083,river
uc-11611943,32.0477,130.8444,
uc-1856392,33.2866,134.1683,coast
uc-1896102,32.9833,129.0833,coast
uc-11777400,34.1561,133.8515,coast
uc-2110583,37.2,140.3167,
uc-9891173,33.4238,130.4992,
uc-1856703,35.5364,135.1993,coast
uc-2112309,35.1462,140.3151,coast
uc-1853514,34.0667,136.2,coast
uc-8561397,40.4009,141.2727,
uc-2127802,43.2169,141.5169,coast
uc-1849154,32.2014,130.0217,coast
uc-10300676,34.6764,137.0052,coast
uc-6822109,32.0632,131.4869,coast
uc-1862358,36.9858,136.9033,coast
uc-8395439,40.7479,141.2494,coast
uc-1865449,33.5,133.9,coast
uc-1848859,35.5,133.6833,coast
uc-2111964,38.3736,141.061,coast
uc-1853371,38.0782,138.4394,coast
uc-1851632,34.9701,138.9219,coast
uc-2110994,39.6941,140.9844,mountain
uc-1858033,33.4684,135.7791,coast
uc-6822172,33.9039,136.1221,coast
uc-1859882,35.6333,134.6333,coast
uc-1857450,35.4667,133.9,coast
uc-8312260,40.5235,141.3061,coast
uc-1859079,35.41,134.2549,coast
uc-1852831,35.0027,134.359,
uc-2127478,42.2539,140.2692,coast
uc-2129365,42.9011,140.7406,
uc-2111567,36.3141,140.5839,coast
uc-2110596,38.5446,141.1346,coast
uc-2112989,36.7667,140.35,
uc-1849155,37.3079,137.1522,coast
uc-1852890,32.3017,130.5038,coast
uc-1855852,36.5872,138.8408,
uc-11350714,36.3366,138.5129,
uc-1860588,34.8748,134.3619,coast
uc-1859688,32.1833,131.5167,coast
uc-1857238,35.5124,133.4974,coast
uc-11777417,33.5499,132.6471,coast
uc-2129138,40.0967,140.0773,coast
uc-2111514,36.75,140.1333,
uc-2110560,39.4667,141.95,coast
uc-1858579,34.5833,133.05,
uc-2128645,40.2853,141.6287,coast
uc-1864808,37.5644,139.8218,
uc-1853163,36.4667,138.1833,
uc-3042091,49.188,-2.1049,coast
uc-250441,31.9552,35.945,steppe
uc-250090,32.0727,36.088,steppe
uc-248946,32.5556,35.85,
uc-250336,32.5587,36.0082,steppe
uc-250799,32.3333,35.7528,
uc-250258,32.0392,35.7272,
uc-250774,29.5267,35.0078,coast|desert
uc-11428685,33.3141,38.7034,desert
uc-248370,31.716,35.7939,steppe
uc-250582,32.3429,36.208,steppe
uc-10861986,32.1208,36.2801,desert
uc-248382,30.1962,35.7341,desert
uc-248875,32.2808,35.8993,
uc-250198,30.8375,35.6044,steppe
uc-248923,31.1589,35.6928,
uc-250624,31.1825,35.7,steppe
uc-6946409,31.1637,35.762,steppe
uc-248803,32.4079,35.708,
uc-248414,32.2764,35.5994,river|steppe
uc-250267,31.0361,35.4654,desert|lake
uc-1526384,43.2525,76.9115,steppe
uc-1526273,51.1801,71.446,river
uc-1518980,42.3099,69.6004,
uc-610611,50.2797,57.2072,
uc-609655,49.8019,73.1021,
uc-1519922,44.8528,65.5092,desert|river
uc-1516905,42.898,71.3733,steppe
uc-608668,51.246,51.4256,
uc-1520240,52.276,76.9688,river
uc-1520316,49.9714,82.6059,river
uc-610529,47.1048,51.8843,coast|river|steppe
uc-1519422,50.4206,80.2502,river
uc-1517945,43.2946,68.2569,desert|steppe
uc-1519928,53.2144,63.6246,river
uc-1520172,54.8734,69.1506,river
uc-1518262,50.052,72.955,
uc-1522203,53.2841,69.3936,steppe
uc-610612,43.6611,51.1739,coast|desert
uc-1519843,52.9724,63.1106,river
uc-1524325,51.7237,75.3229,steppe
uc-1518542,45.0156,78.3739,
uc-1516589,47.7941,67.7063,steppe
uc-607610,43.3412,52.8619,desert
uc-1525798,46.8455,74.9821,lake|steppe
uc-1519691,45.4132,79.9171,
uc-1521368,45.6167,63.3167,desert|river
uc-1520692,47.9041,67.5411,steppe
uc-1522751,43.5167,68.5046,desert|steppe
uc-1521370,50.3452,83.5156,
uc-609123,46.9531,54.0198,steppe
uc-1519244,52.9359,70.189,
uc-1537939,52.3506,71.8816,
uc-1516438,49.7363,84.2542,
uc-1524298,52.0402,76.9275,river
uc-1516601,52.1902,61.1989,
uc-1519725,49.8025,72.8319,
uc-1518518,43.3023,77.2381,mountain
uc-1519948,43.8668,77.063,lake
uc-1526193,50.2503,66.9038,
uc-1519327,49.7071,72.5932,
uc-1521315,52.5449,62.4989,river
uc-1519030,43.6051,73.7622,desert|steppe
uc-1519938,43.1796,70.4592,steppe
uc-1524385,40.7763,68.3277,steppe
uc-1526168,42.4301,68.8087,desert
uc-1516789,45.8481,62.1525,desert
uc-1526970,49.6354,72.8652,
uc-610613,51.1681,52.9978,
uc-1526038,51.8085,68.3582,
uc-1520253,44.1662,80.0074,steppe
uc-1516788,43.5627,69.7321,steppe
uc-1525988,47.9645,80.4344,
uc-1526265,46.8017,61.6631,desert
uc-1523741,43.3552,77.4524,
uc-608880,43.6909,51.3224,coast|desert
uc-1524801,44.1706,66.7338,desert
uc-1519230,43.5962,78.2575,steppe
uc-608679,49.4692,57.4186,
uc-608359,47.8315,59.6193,steppe
uc-608362,48.0333,48.9,steppe
uc-1518296,44.8678,78.7281,
uc-1525462,42.4219,69.8271,
uc-1524889,41.2583,67.9699,desert|lake|river|steppe
uc-1519673,41.4604,69.1679,
uc-1526973,41.3468,68.9504,
uc-609404,50.2516,58.4357,
uc-1524245,49.3301,81.5727,
uc-1517323,43.9065,67.2464,desert|river
uc-1521379,42.1815,69.8858,
uc-1517637,45.2526,77.9828,steppe
uc-1519226,50.629,81.9109,
uc-1516519,45.4878,64.0781,desert|river
uc-1524308,43.4184,77.0219,steppe
uc-609924,48.8298,58.1504,steppe
uc-1521126,46.7817,82.0226,
uc-1517501,42.5334,70.3496,
uc-1521230,52.6329,70.4191,
uc-1517060,47.4666,84.8714,steppe
uc-1526797,53.2962,69.6,steppe
uc-1520969,42.8718,73.1965,steppe
uc-1520947,43.0093,71.5101,steppe
uc-184745,-1.2833,36.8167,
uc-195272,0.2842,34.7523,
uc-186301,-4.0547,39.6636,coast
uc-181032,-1.1466,36.9609,
uc-184622,-0.3072,36.0722,
uc-198629,0.5204,35.2699,
uc-191245,-0.1022,34.7617,lake
uc-179330,-1.0333,37.0693,
uc-193627,-0.7,37.1833,river
uc-184707,-0.7138,36.4326,
uc-185131,-1.3525,37.4548,
uc-197745,-0.4527,39.646,river|steppe
uc-191220,1.0157,35.0062,
uc-189386,-1.1136,36.642,
uc-7931934,-1.4761,36.9614,
uc-9166066,-1.3964,36.9403,
uc-187968,-3.218,40.1169,coast
uc-187896,3.9373,41.8569,desert
uc-192785,0.1712,34.5947,
uc-191299,-0.6817,34.7667,
uc-183595,-1.3527,36.6699,
uc-178443,1.7471,40.0573,desert
uc-189280,3.1199,35.5964,desert
uc-200787,-1.4563,36.9783,
uc-186827,0.0463,37.6559,
uc-182701,-0.4201,36.9476,
uc-196231,0.3546,37.5822,
uc-178792,-4.2929,39.564,coast
uc-191318,-1.4275,36.6865,
uc-192067,-3.6305,39.8499,coast
uc-184433,0.0062,37.074,
uc-199989,0.4601,34.1117,
uc-186731,-1.0634,34.4731,
uc-200067,0.5635,34.5605,
uc-184379,-1.0808,35.8711,
uc-198476,-0.5399,37.4574,
uc-188492,-1.5223,37.2652,
uc-197226,-1.0575,36.7762,
uc-12718630,-1.3,36.9905,
uc-198547,2.8092,40.9288,desert
uc-197334,-0.504,36.3184,
uc-197335,-0.2121,36.2725,
uc-187113,0.0821,34.7214,
uc-191919,0.7877,34.7156,
uc-194160,1.2389,35.1119,
uc-192900,-0.3677,35.2831,
uc-178522,-3.396,38.5561,steppe
uc-178323,-0.6839,37.357,lake
uc-196936,1.0166,39.4912,desert|steppe
uc-186315,-0.2485,35.7319,
uc-186180,3.5266,39.0561,river
uc-7931933,-0.2709,36.3792,
uc-185702,0.3347,34.488,
uc-196742,-0.5273,34.4571,lake
uc-191797,-1.6558,37.3745,
uc-12718626,-0.9373,37.1228,
uc-187532,-1.6941,40.1701,steppe
uc-178202,0.6004,34.7712,
uc-183334,-0.3302,35.9445,
uc-196185,0.6703,35.5081,
uc-194038,0.2039,35.105,
uc-188657,0.3934,34.304,
uc-179438,-0.4342,36.9168,
uc-183027,0.0381,36.3634,
uc-187585,2.3347,37.9909,desert
uc-181374,3.9315,41.2229,desert
uc-383388,0.0607,34.2881,
uc-187661,-3.8626,39.4746,coast
uc-187725,1.0967,36.6981,
uc-12687281,0.0254,36.4087,
uc-181135,-0.1734,35.8631,
uc-192859,-0.4989,37.2803,
uc-191038,-1.367,38.0106,
uc-188045,1.2588,35.0957,
uc-198644,-0.3004,35.8094,
uc-178245,-3.3533,40.0209,coast
uc-189741,-2.2717,40.902,coast
uc-195298,-1.8524,36.7768,
uc-195821,0.4919,35.743,
uc-182880,-0.5633,34.9358,
uc-196251,-1.2251,34.4639,
uc-193827,-0.4841,37.1266,
uc-195197,3.7136,34.8572,steppe
uc-9406963,3.1511,41.1858,desert
uc-200305,-0.0962,34.2732,lake
uc-199284,-0.3332,37.6459,
uc-191837,-1.1935,34.6197,
uc-187231,0.2332,37.9409,
uc-179525,-3.3988,37.6834,
uc-444987,3.3553,40.2228,steppe
uc-198636,0.052,35.7273,
uc-196752,-1.4826,40.0334,river|steppe
uc-11834214,-0.9886,36.5854,
uc-12718647,-0.9817,36.5864,
uc-181122,-0.7568,34.5983,
uc-188080,-1.8039,37.624,
uc-182498,-0.8012,34.7258,
uc-181702,-0.5097,34.7307,
uc-178077,-1.7808,37.6288,
uc-198537,-2.0803,37.472,steppe
uc-197768,0.5339,38.5188,steppe
uc-184921,-0.9361,38.0596,
uc-200755,-0.9071,34.529,
uc-11003038,-0.5,34.4,lake
uc-191908,0.8928,34.9247,
uc-196761,0.8718,35.1221,
uc-188025,0.6351,34.2816,
uc-185939,-0.1582,35.1964,
uc-188123,-2.2781,37.8187,steppe
uc-2110257,1.3278,172.977,coast
uc-786714,42.6727,21.1669,
uc-786712,42.2139,20.7397,
uc-789225,42.8833,20.8667,
uc-791646,42.3803,20.4308,
uc-785238,42.3586,20.825,
uc-784759,42.3706,21.1553,
uc-790701,42.6283,20.8939,
uc-790674,42.4605,21.4699,river
uc-791580,42.5402,20.2879,mountain
uc-787157,42.6591,20.2883,mountain
uc-784372,42.3214,21.3583,river
uc-789996,42.7808,20.4875,
uc-785485,42.4331,21.0397,
uc-786950,42.9106,21.1931,
uc-791122,42.0265,20.6533,
uc-784097,42.8231,20.9675,
uc-787456,42.3994,20.6547,
uc-788470,42.5553,20.7633,
uc-788731,43.1039,20.8028,
uc-285839,29.0769,48.0839,coast|desert
uc-285629,29.3328,48.0286,coast|desert
uc-412800,29.2572,48.0572,coast|desert
uc-285704,29.3339,48.0761,coast|desert
uc-285815,29.2775,47.9586,coast|desert
uc-388065,29.295,47.9331,coast|desert
uc-285799,29.3375,47.6581,coast|desert
uc-1528675,42.87,74.59,
uc-1527534,40.5283,72.7985,steppe
uc-1528249,40.945,72.9931,
uc-1528121,42.4905,78.392,lake|steppe
uc-1527199,42.8419,75.3015,
uc-1527513,40.7699,73.3007,
uc-1528182,42.8142,73.8481,
uc-1527004,42.4602,76.1871,lake|steppe
uc-1527592,41.4283,75.9957,river|steppe
uc-1528717,41.0376,72.7459,
uc-1527299,42.5226,72.2417,steppe
uc-1222662,39.8389,69.5276,steppe
uc-1527719,40.2568,72.1279,steppe
uc-1527317,40.8982,72.9048,
uc-1528735,40.0604,70.8193,steppe
uc-1528124,41.6283,72.6703,lake|river
uc-1528091,40.7046,72.8667,steppe
uc-1528283,40.2667,72.1,steppe
uc-1527260,41.3461,72.2171,river|steppe
uc-1528702,42.8294,74.1083,
uc-1528193,42.8911,74.8508,steppe
uc-1538648,41.8744,72.9419,lake|steppe
uc-1527689,41.0601,72.6329,
uc-1528339,40.266,72.6183,steppe
uc-1528252,42.8878,75.085,
uc-1527903,41.0371,72.4832,steppe
uc-8145969,40.6322,73.5925,
uc-1528875,41.4105,71.4863,steppe
uc-1527497,42.3421,78.0064,lake|steppe
uc-1222562,39.9365,69.5678,steppe
uc-1651944,17.9667,102.6,river
uc-1653316,16.5703,104.7622,river
uc-1655199,17.4103,104.8307,river
uc-1654379,15.1202,105.799,river
uc-11244752,20.3501,100.0902,river
uc-1652203,20.4164,104.045,
uc-1655559,19.8933,102.1525,river
uc-1655123,19.4494,103.1917,
uc-1658073,16.6759,104.988,
uc-1655078,20.6923,101.9837,
uc-1655087,18.9235,102.4478,
uc-1655107,21.1921,101.1479,
uc-1655140,18.3942,103.6611,river
uc-1662589,15.4655,106.1668,
uc-9948272,15.3458,106.7237,river
uc-1657897,18.5629,103.7267,
uc-1663246,16.4437,105.198,
uc-1904391,20.2467,100.454,river
uc-456172,56.946,24.1059,coast|river
uc-460413,55.8833,26.5333,river
uc-457954,56.5047,21.0109,coast
uc-459279,56.65,23.7128,
uc-459201,56.968,23.7704,coast
uc-454310,57.3948,21.5612,coast
uc-456202,56.5103,27.34,
uc-453754,57.5411,25.4275,
uc-457065,56.8162,24.614,river
uc-459283,56.499,25.8574,river
uc-455898,56.8601,24.3654,river
uc-454768,56.9676,23.1555,coast
uc-460570,57.3119,25.2746,
uc-276781,33.8933,35.5016,coast
uc-268743,33.9,35.4833,coast
uc-266826,34.4335,35.8441,coast
uc-268064,33.5575,35.3715,coast
uc-267008,33.2733,35.1939,coast
uc-278913,33.3789,35.4839,coast
uc-274874,33.4075,35.4818,coast
uc-266045,33.8468,35.902,
uc-273675,34.1794,36.4208,
uc-277130,34.0058,36.2181,
uc-267305,33.9647,36.0175,
uc-278832,33.1181,35.1397,coast
uc-279997,34.3942,36.3847,
uc-273203,34.1211,35.6481,coast
uc-276359,34.2508,36.0106,mountain
uc-932505,-29.3167,27.4833,river
uc-932521,-28.8866,27.8991,river
uc-932438,-30.1514,27.4769,
uc-932614,-29.823,27.2374,
uc-932698,-28.8718,28.045,river
uc-932886,-28.7666,28.2494,
uc-932183,-30.4,27.7003,river
uc-932035,-29.1472,27.749,
uc-932218,-30.1154,28.6894,
uc-1106835,-29.522,28.6084,
uc-2274895,6.3005,-10.7969,coast
uc-2277060,6.9954,-9.4712,
uc-2278158,5.8769,-10.0496,coast
uc-2277241,7.235,-8.9844,
uc-2276086,6.531,-10.3537,
uc-2272491,6.0685,-8.1356,
uc-2276506,6.2468,-10.3564,coast
uc-2276492,4.3782,-7.7108,coast
uc-2274372,4.5895,-7.6722,
uc-2277301,8.3603,-10.2064,
uc-2272790,7.5794,-8.5378,mountain
uc-2273312,8.4219,-9.7478,
uc-2273435,6.8706,-10.8211,
uc-2274222,6.9625,-8.8406,
uc-2276600,5.0113,-9.0388,coast
uc-2274129,7.3621,-8.7133,
uc-2210247,32.8874,13.1873,coast|steppe
uc-88319,32.1149,20.0686,coast|steppe
uc-2214846,32.3753,15.0925,coast|steppe
uc-2208485,32.4674,14.5687,coast|steppe
uc-2219905,32.6486,14.2619,coast|steppe
uc-2218970,32.7571,12.7276,coast|steppe
uc-2216885,32.7522,12.7278,coast|steppe
uc-2212775,27.0377,14.4283,desert
uc-81302,32.0896,23.9538,coast|desert
uc-2219936,32.8529,12.0612,coast|desert
uc-89113,30.7554,20.2263,coast|desert
uc-2219701,32.7572,12.3763,coast|steppe
uc-89055,32.7627,21.7551,coast|desert
uc-2219960,27.05,14.4,desert
uc-2210554,31.2089,16.5887,coast|desert
uc-87205,32.767,22.6367,coast|desert|steppe
uc-2213618,32.6833,13.1833,steppe
uc-88903,32.4926,20.8291,coast|desert|steppe
uc-2212771,32.7933,12.4885,coast|steppe
uc-2219994,32.7647,12.6739,coast|steppe
uc-2210560,32.7567,12.5716,coast|steppe
uc-12687313,32.5834,14.0363,coast|steppe
uc-2219356,32.7167,13.0667,coast|steppe
uc-2210221,32.435,13.6332,steppe
uc-2220139,32.5319,13.0175,steppe
uc-2213695,32.7451,13.7147,coast|steppe
uc-88562,24.2049,23.2857,desert
uc-2218840,31.7455,13.9835,desert
uc-88962,24.1989,23.2909,desert
uc-2217362,32.1722,13.0203,steppe
uc-2208425,32.9312,12.082,coast|desert
uc-2219235,26.5903,12.7751,desert
uc-2218963,31.9316,12.2529,steppe
uc-89087,32.19,20.5965,desert|steppe
uc-2215210,30.4062,19.5739,coast|desert
uc-2214603,25.9155,13.9184,desert
uc-7602388,32.8043,21.8661,coast|desert
uc-2214433,31.8685,10.9812,desert
uc-2220153,32.0333,12.8667,steppe
uc-2218983,32.6789,12.8733,coast|steppe
uc-88835,32.7568,22.2411,coast|desert
uc-2216645,29.1268,15.9477,desert|saltflat
uc-2220061,26.5216,13.0107,desert
uc-2208791,32.0633,12.5286,steppe
uc-88380,30.9522,20.1202,coast|desert
uc-2219591,32.6328,12.8736,coast|steppe
uc-81604,31.6682,20.2521,desert|steppe
uc-12687305,32.7457,12.8423,coast|steppe
uc-12687304,32.7101,13.9671,coast|steppe
uc-12687308,26.095,13.5574,desert
uc-2214827,31.4493,12.9853,desert
uc-2213570,32.6968,13.8463,coast|steppe
uc-2218478,27.5496,14.2714,desert
uc-2218562,30.8042,18.0772,coast|desert
uc-2219736,32.1842,13.0604,steppe
uc-2219471,32.0268,12.3564,steppe
uc-3042030,47.1415,9.5215,mountain|river
uc-593116,54.6892,25.2798,river
uc-598316,54.9016,23.9091,lake|river
uc-598098,55.7068,21.1391,coast
uc-594739,55.9333,23.3167,
uc-596128,55.7319,24.3598,
uc-601084,54.3957,24.0389,
uc-597231,54.5579,23.35,
uc-597188,56.3167,22.3333,
uc-598818,55.0801,24.2754,river
uc-593672,55.4978,25.6046,
uc-598272,55.2878,23.9728,
uc-593926,55.9814,22.2472,
uc-593959,55.2522,22.2897,
uc-593733,55.25,24.75,
uc-595689,55.9114,21.8442,
uc-596238,55.9175,21.0686,coast
uc-593063,55.5968,26.4398,
uc-597989,55.8888,21.2445,coast
uc-599506,55.7095,21.3944,coast
uc-595449,55.8167,23.5333,
uc-2960316,49.6098,6.1327,
uc-2960596,49.4958,5.9806,
uc-2960634,49.4806,6.0875,
uc-1821274,22.2006,113.5461,coast
uc-1070940,-18.9137,47.5361,river
uc-1053384,-18.1492,49.4023,coast
uc-1069166,-19.8659,47.0333,
uc-1062663,-15.7167,46.3167,coast
uc-1064890,-21.4527,47.0857,
uc-1055429,-23.35,43.6667,coast|desert
uc-1069129,-12.3173,49.2919,coast
uc-1056899,-14.2667,50.1667,coast
uc-1064121,-18.9833,47.3167,
uc-1071296,-14.9003,50.2788,coast
uc-1055433,-25.0325,46.9833,coast
uc-1070661,-19.65,47.3167,
uc-1079048,-25.1784,46.0872,coast
uc-1082243,-13.2,49.05,
uc-1083724,-13.669,48.453,coast
uc-1058532,-18.9495,48.2301,
uc-1069579,-18.6667,44.6167,
uc-1058381,-20.2887,44.3178,coast|steppe
uc-1076105,-13.3972,48.2666,coast
uc-1082639,-17.8333,48.4167,
uc-1081790,-25.0333,46.3833,coast
uc-1054463,-18.7697,46.0465,
uc-1061605,-22.1486,48.0106,coast
uc-1083968,-21.8333,46.9333,river
uc-1060283,-15.4353,49.7379,coast
uc-1064980,-17.3809,49.4083,coast
uc-1079088,-20.5303,47.2434,
uc-1056151,-19.1667,46.7333,
uc-1064275,-22.4029,46.1258,
uc-1059507,-16.1106,46.6438,river
uc-1054329,-23.35,47.6,coast
uc-1068971,-14.8796,47.9875,coast
uc-1078553,-24.6937,44.7458,
uc-1062553,-19.9,48.8,coast
uc-1083239,-20.5528,46.8036,
uc-1076194,-17.0101,48.5731,
uc-1056386,-16.9167,49.5833,coast
uc-1064234,-21.8833,47.4333,
uc-1054192,-17.4667,49.2,
uc-1065140,-19.4,46.95,
uc-1061412,-16.1686,49.7662,coast
uc-1058080,-20.5833,48.5333,coast
uc-1065158,-22.8222,47.8261,coast
uc-1076454,-14.65,49.65,
uc-1066514,-19.8333,46.85,
uc-1083257,-16.4667,46.7167,river
uc-1078446,-17.5876,48.2239,
uc-1082992,-19.3833,47.4167,
uc-1059949,-14.2167,48.0833,coast
uc-1065531,-18.1167,48.5333,
uc-1081199,-17.2667,49.1667,
uc-1068670,-14.5433,48.7498,
uc-1068955,-13.0833,48.85,coast
uc-1063930,-24.6833,43.95,coast|steppe
uc-1065222,-20.2333,47.3833,
uc-1061700,-16.092,47.647,
uc-1068865,-19.0167,47.1833,
uc-1054500,-25.3,45.4833,
uc-1072849,-18.3167,47.1167,
uc-1081530,-16.9833,49.85,coast
uc-1057277,-20.6,48.3333,
uc-1062842,-16.95,46.8333,river
uc-1066310,-23.7206,44.3807,steppe
uc-1053778,-23.55,47.5,coast
uc-1059059,-19.4333,46.75,
uc-1061335,-21.2303,48.3417,coast
uc-1055059,-16.7971,47.6516,
uc-1060007,-20.05,48.1167,
uc-1072879,-22.2833,44.5167,steppe
uc-1073482,-18.4,47.8667,
uc-1054035,-17.35,49.0333,river
uc-1078966,-14.75,50.2167,coast
uc-1058390,-21.745,43.3606,coast|steppe
uc-1057996,-15.55,47.6667,
uc-1067531,-19.6979,44.5459,coast|river
uc-1061912,-18.0635,44.0295,coast
uc-1060673,-18.9167,47.8,
uc-1064311,-13.35,50.0,coast
uc-1067565,-25.1667,45.05,
uc-1063835,-22.4833,46.8833,
uc-1063782,-24.9167,45.5167,
uc-1057095,-22.9,44.5333,steppe
uc-1059051,-19.5291,45.4556,
uc-1056381,-19.9,47.2333,
uc-1056531,-16.6667,46.1,
uc-1078171,-18.8167,49.0667,coast
uc-1067982,-24.2167,45.3167,
uc-1053507,-22.8167,47.2833,
uc-1064978,-18.4333,46.5667,
uc-1066831,-21.6667,45.1667,river|steppe
uc-1068387,-15.2567,48.5425,
uc-1066248,-23.2667,46.0833,
uc-1057688,-18.6333,47.7,
uc-1079777,-18.7,47.6833,
uc-1081863,-22.0,47.85,
uc-1054257,-19.3302,48.9779,coast
uc-1064366,-21.3,47.6333,
uc-1083676,-13.5,48.8667,coast
uc-1072711,-18.7,47.7833,
uc-1084740,-18.9667,47.7333,
uc-1053765,-22.35,47.8333,coast
uc-1064258,-21.15,46.5833,
uc-1056487,-16.1,45.3167,coast
uc-1064131,-17.4333,48.5833,lake|river
uc-927967,-13.9669,33.7873,
uc-931755,-15.785,35.0085,
uc-925475,-11.4656,34.0207,
uc-923295,-15.386,35.3188,
uc-235715,-9.9333,33.9333,lake
uc-928534,-13.0333,33.4833,
uc-927246,-14.4781,35.2645,lake|river
uc-924055,-13.7804,34.4587,lake
uc-927834,-15.0666,35.2254,river
uc-931865,-14.9793,34.9558,
uc-930025,-14.3779,34.3332,
uc-924705,-12.9274,34.2961,lake
uc-926747,-13.7984,32.8802,
uc-924572,-16.92,35.262,river|steppe
uc-925498,-11.9,33.6,
uc-926087,-13.531,33.7393,
uc-924102,-11.0186,33.8575,
uc-924492,-14.8203,34.6359,
uc-925596,-15.6026,34.5248,
uc-235751,-9.7024,33.2697,
uc-926308,-14.0824,34.9165,lake
uc-925789,-16.0316,35.5,mountain
uc-924732,-11.6066,34.2907,lake
uc-1735161,3.1412,101.6865,
uc-1732752,1.4655,103.7578,coast
uc-1732747,1.5243,103.824,coast
uc-1732903,3.0851,101.5328,coast
uc-1771023,3.15,101.5333,
uc-1734634,4.5841,101.0829,
uc-1734759,2.196,102.2405,coast
uc-13118225,3.2173,101.5608,
uc-1735158,3.1073,101.6067,
uc-12750654,1.5333,103.6667,coast
uc-8504423,3.0438,101.5806,
uc-1733432,5.9749,116.0724,coast
uc-10063567,1.3932,103.6232,coast
uc-1735498,5.647,100.4877,coast
uc-1736376,6.1236,102.2433,coast
uc-6847550,5.5882,100.3709,coast
uc-1734810,2.7297,101.9381,
uc-1735227,3.8077,103.326,coast
uc-1732722,1.462,103.9053,coast
uc-1736309,6.121,100.3601,coast
uc-1732724,1.5024,103.744,coast
uc-1734052,5.8402,118.1179,coast
uc-1734705,5.3302,103.1408,coast
uc-1735634,1.55,110.3333,coast
uc-1734199,4.2448,117.8911,coast
uc-13100478,5.3728,100.2797,coast
uc-1732869,2.0442,102.5689,coast
uc-10941913,2.9942,101.7887,
uc-1732901,3.1333,101.3833,coast
uc-1732811,2.0305,103.3169,
uc-1738050,4.3993,113.9916,coast
uc-1735079,5.363,100.4667,coast
uc-1734586,4.85,100.7333,coast
uc-13118229,3.2853,101.4741,coast
uc-1735459,4.0222,101.0208,coast|river
uc-1736372,6.0493,102.1399,coast
uc-1734821,2.6931,101.7498,coast
uc-1735093,5.4803,100.4985,coast
uc-1735902,2.3,111.8167,river
uc-1735453,4.2168,100.6996,coast
uc-1732676,3.5638,101.6581,
uc-1735106,5.4112,100.3354,coast
uc-1764160,5.327,100.2735,coast
uc-1732687,1.8548,102.9325,coast
uc-1734393,5.365,100.5618,coast
uc-1737486,3.1667,113.0333,coast
uc-1764027,5.3697,100.3135,coast
uc-1735545,5.8333,102.4,coast
uc-1734815,2.5246,101.7965,coast
uc-1733331,5.252,100.4905,coast
uc-1735102,5.2999,100.2605,coast
uc-1769014,3.3167,101.4,coast
uc-1732637,3.586,102.773,
uc-1735076,5.3991,100.3638,coast
uc-1733953,5.023,118.329,coast
uc-1735572,5.5313,102.1993,
uc-1763999,3.4161,101.173,coast
uc-7792200,4.1987,100.67,coast
uc-1732859,2.1495,102.7704,
uc-1733782,5.2803,115.2475,coast
uc-1765769,5.9952,100.4788,coast
uc-12534340,5.3729,103.0205,coast
uc-1735148,3.3646,101.6041,
uc-1737919,4.1833,114.3167,river
uc-1732742,1.6561,103.6032,
uc-1732945,4.25,103.4167,coast
uc-1732680,1.976,102.8835,coast
uc-6930887,2.9228,101.6572,
uc-1734098,5.3378,116.1602,
uc-1732700,1.825,103.3107,
uc-13118146,3.0108,101.4208,coast
uc-1732846,2.5148,102.8158,
uc-1735489,5.7989,100.3726,coast
uc-1732672,3.681,101.5198,
uc-1735077,5.3833,100.3833,coast
uc-1736278,6.4414,100.1986,coast
uc-1736302,6.2681,100.4217,coast
uc-1733697,4.4818,118.6112,coast
uc-1735433,4.4833,100.9167,river
uc-1764375,5.5333,100.5667,
uc-1735022,3.4506,102.4176,river
uc-1744288,1.1667,110.5667,
uc-1734576,4.95,100.6333,coast
uc-1732891,3.35,101.25,coast
uc-7302815,5.2832,115.2537,coast
uc-1732738,1.7381,103.8999,coast
uc-1734539,1.4167,110.15,
uc-6697380,2.9353,101.6911,
uc-1779790,3.5223,101.9087,
uc-1734768,2.908,101.4688,coast
uc-1735265,4.3945,101.1947,
uc-1737247,3.862,113.7152,coast
uc-1734781,2.8136,101.5019,coast
uc-1735799,1.2472,111.4528,coast
uc-1735268,4.4692,101.0411,
uc-1734797,2.9,101.7833,
uc-7566098,3.8682,102.5862,
uc-1734407,5.1343,100.4955,coast
uc-1735837,2.1167,111.5167,coast|river
uc-1734748,2.3125,102.2805,coast
uc-1735018,3.4854,102.3484,
uc-1734883,2.7083,102.5047,
uc-1732710,1.5059,103.3816,coast
uc-1732667,3.5316,101.9038,
uc-1735086,5.1659,100.4779,coast
uc-1732663,3.7899,101.857,
uc-1778385,2.211,102.6546,
uc-1766249,5.9167,102.2167,
uc-1734599,4.7667,100.9333,river
uc-1733868,5.079,115.5496,coast
uc-1771287,2.8033,101.7972,
uc-1734594,4.7667,100.85,
uc-1737714,4.7548,115.0101,coast
uc-1772983,5.2153,100.4921,coast
uc-1736902,1.4,111.5167,coast
uc-1732857,2.2673,102.5453,
uc-13118085,2.2403,111.9714,
uc-1734399,5.2236,100.6926,
uc-1734308,4.775,103.4162,coast
uc-1732602,3.936,102.3626,river
uc-1735339,2.8944,112.0914,coast
uc-1732858,2.2097,102.7095,
uc-1737185,1.9955,112.9325,river
uc-1732927,4.0,101.3167,
uc-6805124,5.8333,100.75,
uc-1736458,6.8873,116.8236,coast
uc-7620438,1.7541,103.2798,coast
uc-7620439,1.7497,103.277,coast
uc-7620470,1.7439,103.3207,coast
uc-7798288,2.428,102.6801,
uc-1735404,2.8833,112.85,
uc-1734971,3.4836,103.3996,coast|river
uc-1734114,5.0393,116.4274,
uc-1734839,2.8079,102.4049,
uc-1735092,5.0182,100.4282,coast
uc-1734372,5.4167,101.1333,
uc-1734626,4.7211,101.1189,
uc-1222396,6.3265,99.8432,coast
uc-1735287,4.1167,101.2833,
uc-1734885,2.5832,102.6117,
uc-1737489,3.1167,113.2667,
uc-1734854,2.5897,102.0913,
uc-1733468,5.7167,116.4,
uc-1767021,2.35,102.1167,coast
uc-1735553,5.8,102.15,
uc-1737936,3.9833,114.1,
uc-1735188,3.8766,100.9328,coast
uc-1734738,2.4701,102.2302,
uc-1742815,5.4427,100.4297,coast
uc-1735282,4.1667,101.2,
uc-1735089,5.1267,100.4932,coast
uc-1734506,1.3667,110.4,
uc-1732814,2.0136,103.0659,
uc-1735199,3.6746,100.9867,coast
uc-1737012,1.6744,109.8517,coast
uc-1734757,2.269,102.1427,coast
uc-1737589,4.8604,115.409,coast
uc-1732915,3.9851,101.1237,
uc-1734537,1.0266,110.3633,
uc-1734793,2.8724,101.4948,coast
uc-1736973,2.1,112.15,river
uc-1734316,4.5141,103.4483,coast
uc-1733376,5.5714,115.5984,coast
uc-1732706,1.51,103.5141,coast
uc-7697762,2.9029,102.8877,
uc-1735681,1.3833,110.75,coast
uc-1732734,1.7114,103.5276,
uc-1737314,2.7,113.7833,river
uc-1741562,2.6579,101.5629,coast
uc-1734579,4.9667,100.8,
uc-1732826,2.4312,103.8405,coast
uc-1734881,2.5825,102.711,
uc-1732877,2.385,103.021,
uc-1780841,1.776,103.8736,coast
uc-13118276,2.8123,101.7356,
uc-1734715,5.2056,103.2059,coast
uc-1736929,2.6667,112.0833,
uc-1734313,4.6374,103.4368,coast
uc-1734409,5.0108,100.541,coast
uc-1735147,3.4537,101.6413,
uc-1735851,2.0833,111.6167,
uc-1734745,2.3804,102.2089,coast
uc-1735074,5.4709,100.2453,coast
uc-1764685,2.35,102.876,
uc-6819209,6.4294,100.2817,coast
uc-12547009,2.5248,112.3254,
uc-1734651,4.8844,101.9686,
uc-12750607,2.9476,101.847,
uc-1736338,6.1706,100.5189,
uc-1734841,2.7389,102.2487,
uc-1736781,2.5169,111.43,coast
uc-1733502,5.9538,116.6641,mountain
uc-1733353,5.7333,115.9333,coast
uc-1768664,6.0,102.25,coast
uc-1759564,5.6,100.65,
uc-1734445,5.6549,100.8954,
uc-1735274,4.3,101.15,
uc-1736760,1.7333,111.3333,coast
uc-6804851,6.352,99.7879,coast
uc-1736284,6.4342,100.4313,
uc-1734444,5.6364,100.8452,
uc-1734762,2.1449,102.4251,coast
uc-13118274,3.3746,102.9434,
uc-6847278,5.7168,100.6582,
uc-1734464,5.7,101.8333,
uc-1732698,1.8681,103.1124,coast
uc-1734721,2.4615,101.8595,coast
uc-1752256,4.4557,100.6288,coast
uc-1753004,6.3833,100.3,coast
uc-1767194,2.3829,102.3311,
uc-1735485,5.8172,100.4738,coast
uc-1733874,5.3473,115.7455,coast
uc-1733449,5.8231,116.0466,coast
uc-1732785,1.3651,104.1118,coast
uc-1735963,1.8833,111.6833,
uc-1733023,4.1842,102.0468,
uc-1735889,2.0167,111.9167,
uc-7614200,1.87,103.6158,
uc-1736870,1.1386,111.6667,
uc-1282027,4.1752,73.5092,coast
uc-2460596,12.6091,-7.9752,river
uc-2451185,11.3176,-5.6665,
uc-2451478,13.4403,-6.2595,river|steppe
uc-2454268,12.3872,-5.4651,
uc-2455518,14.4478,-11.4439,river|steppe
uc-2453348,14.4843,-4.183,river|steppe
uc-2457163,16.2717,-0.0447,desert|river
uc-2455558,12.7441,-8.0726,
uc-2451778,13.297,-4.8963,steppe
uc-2459775,11.4177,-7.4832,river
uc-2449067,16.7735,-3.0074,desert
uc-2455216,13.0389,-9.4882,
uc-2454530,12.8627,-7.5598,river|steppe
uc-2457763,12.7787,-6.9564,steppe
uc-2453662,13.6843,-6.0735,river|steppe
uc-2452655,14.2505,-5.9868,steppe
uc-2452651,15.2307,-9.5936,desert
uc-2454955,13.5739,-8.0327,steppe
uc-2459657,16.955,-0.3486,desert|river
uc-12718650,10.3064,-6.1097,
uc-2458589,13.9061,-4.5533,river|steppe
uc-2455290,18.4434,1.4092,desert
uc-2455974,10.55,-5.7667,
uc-2458334,15.0061,-2.9517,desert
uc-2460013,12.9508,-5.7556,steppe
uc-2453776,14.1508,-5.5209,steppe
uc-2448322,10.488,-5.6494,
uc-2458623,16.257,-3.4013,desert|river
uc-2458881,14.54,-9.1921,steppe
uc-2460546,13.5477,-7.4481,steppe
uc-2460401,14.0775,-3.5159,steppe
uc-2460584,10.3833,-7.15,
uc-2460755,13.8084,-10.8334,river|steppe
uc-2453927,13.9044,-10.0986,steppe
uc-2451241,12.3755,-8.3349,
uc-2458634,13.6872,-5.832,river|steppe
uc-2460489,14.35,-3.6104,steppe
uc-2458359,13.8205,-6.1206,steppe
uc-2454674,14.064,-3.0754,steppe
uc-2448518,11.1833,-8.15,
uc-2450972,14.0432,-6.1067,steppe
uc-2457430,11.2682,-5.5105,
uc-2453079,15.1693,-7.2899,desert
uc-2458747,12.4873,-6.8031,river|steppe
uc-2454285,12.184,-4.8028,steppe
uc-2596484,15.5461,-0.4606,desert
uc-2448955,13.4637,-7.3828,steppe
uc-2456917,16.4145,-3.6707,desert
uc-2461034,15.4275,3.0175,desert
uc-2448442,12.3581,-4.7769,
uc-2455735,11.9333,-8.4167,river
uc-2451935,12.2,-10.7,
uc-2455465,13.9641,-5.3579,river|steppe
uc-2562541,35.9506,14.4156,coast
uc-2563191,35.8971,14.4611,coast
uc-2562704,35.9094,14.4257,coast
uc-2562501,35.9125,14.5017,coast
uc-2562629,35.876,14.472,coast
uc-2562266,35.8769,14.5359,coast
uc-2113779,7.0897,171.3803,coast
uc-8347657,7.087,171.377,coast
uc-3570675,14.6037,-61.0742,coast
uc-3570428,14.6134,-60.9996,coast
uc-3570412,14.6775,-60.9423,coast
uc-3569926,14.7835,-60.9923,coast
uc-3570429,14.6151,-60.9031,coast
uc-3570785,14.5753,-60.9745,coast
uc-3569915,14.671,-61.0391,coast
uc-3570446,14.7381,-60.9632,coast
uc-2377450,18.0858,-15.9785,coast|desert
uc-2377457,20.9419,-17.0384,coast|desert
uc-2378538,16.6207,-11.4021,desert
uc-2377539,16.617,-7.2565,desert
uc-12718654,15.8561,-5.7907,desert
uc-2378736,16.1507,-13.5058,desert|river
uc-2375558,22.7354,-12.4713,desert
uc-2380817,15.867,-7.3692,desert
uc-2376719,15.1585,-12.1843,desert|steppe
uc-2381334,20.5188,-13.0464,desert
uc-2381291,16.6614,-9.6149,desert
uc-12718653,17.0775,-12.0387,desert
uc-2380670,17.5458,-14.6978,desert
uc-2380066,15.5579,-11.18,desert
uc-2376189,16.6017,-15.3487,desert|river
uc-2380954,16.5915,-14.2631,desert|river
uc-2381659,17.0531,-13.9131,desert
uc-2376115,16.2414,-8.1732,desert
uc-2376898,16.5138,-15.805,desert|river
uc-2381690,19.7416,-14.3853,desert
uc-6911696,16.3946,-10.1737,desert
uc-2376976,16.6471,-12.6711,desert
uc-2378160,17.506,-13.0927,desert
uc-934154,-20.1619,57.4989,coast
uc-934765,-20.2333,57.4661,coast
uc-933945,-20.2981,57.4783,coast
uc-934570,-20.3163,57.5259,coast
uc-934131,-20.2638,57.4791,coast
uc-933959,-20.0576,57.5502,coast
uc-934488,-20.0384,57.6506,coast
uc-934750,-20.2578,57.7498,coast
uc-934631,-20.1897,57.7144,coast
uc-934322,-20.4081,57.7,coast
uc-921815,-12.7823,45.2288,coast
uc-3530597,19.4285,-99.1277,
uc-3529612,19.6049,-99.0606,steppe
uc-3995465,25.6843,-100.3172,steppe
uc-3521081,19.0478,-98.2072,lake|river
uc-3981609,32.5027,-117.0037,coast|steppe
uc-4005539,20.6774,-103.3475,
uc-3991164,20.5881,-100.3881,steppe
uc-3998655,21.1218,-101.6825,steppe
uc-3979770,20.7211,-103.3874,
uc-4013708,31.7202,-106.4608,desert|river
uc-3523349,20.967,-89.6232,
uc-3996069,32.6278,-115.4545,desert
uc-3981254,25.5439,-103.419,desert
uc-4014338,28.6353,-106.0889,desert|steppe
uc-3531673,21.1743,-86.8466,coast
uc-3515302,19.2879,-99.6532,
uc-4004898,29.0887,-110.9668,desert
uc-4012176,24.8021,-107.3942,steppe
uc-4019233,21.8826,-102.2843,steppe
uc-3514519,19.2703,-98.9509,
uc-3995402,19.7008,-101.1844,
uc-3985606,22.1523,-100.9714,steppe
uc-3988086,25.426,-100.9796,desert|steppe
uc-4005492,25.6766,-100.2591,steppe
uc-3533462,16.8494,-99.9089,coast
uc-3981461,20.6412,-103.2934,
uc-3515001,16.7536,-93.1158,
uc-3520339,26.08,-98.2846,river|steppe
uc-3514450,19.2547,-99.1036,
uc-4011743,24.0203,-104.6576,river|steppe
uc-3523466,25.8797,-97.5042,river
uc-3529947,18.9261,-99.2308,
uc-3526617,19.5312,-96.9159,
uc-3532624,19.5579,-99.2567,
uc-3514783,19.1809,-96.1429,coast
uc-4006702,31.8715,-116.6007,coast|steppe
uc-3516355,22.2852,-97.8778,coast|lake
uc-3522551,27.4763,-99.5164,river|steppe
uc-3996322,23.2216,-106.4189,coast
uc-4004330,20.671,-101.3558,steppe
uc-4003757,25.6466,-100.0914,steppe
uc-3530517,18.149,-94.4447,coast|lake|river
uc-3526682,19.3156,-98.8828,
uc-3981941,21.5073,-104.8933,
uc-4013704,27.4864,-109.9408,desert
uc-3522507,17.0602,-96.7254,river
uc-3516266,14.9054,-92.2589,
uc-3514670,17.9862,-92.9393,river
uc-3513966,19.7967,-99.0995,steppe
uc-4014875,20.5218,-100.814,steppe
uc-3530580,23.7406,-99.1436,steppe
uc-3982912,22.1891,-100.9379,steppe
uc-3515463,19.2869,-99.0051,
uc-3980760,19.4168,-102.0584,
uc-3522732,19.6418,-99.3068,
uc-3995523,26.9069,-101.4206,desert
uc-3522210,20.117,-98.7333,
uc-4004886,31.3086,-110.9422,steppe
uc-3997479,25.791,-108.9982,coast|desert
uc-4026082,17.9626,-102.1989,coast|river|steppe
uc-3985710,22.8909,-109.9124,coast|desert
uc-4000900,24.1423,-110.3132,coast|desert
uc-3516109,18.4642,-97.3974,
uc-3979802,19.984,-102.2863,steppe
uc-3991328,20.617,-105.2302,coast
uc-3531732,19.8407,-90.5168,coast
uc-3521168,20.5331,-97.4595,
uc-4013728,29.3232,-100.9522,river|steppe
uc-3519537,16.7301,-92.6382,
uc-3526485,18.8814,-99.1778,steppe
uc-3522307,18.8519,-97.0996,
uc-3530049,19.3692,-99.2909,
uc-3530240,18.8842,-96.9256,
uc-3518407,19.2843,-98.4389,
uc-3530594,22.2475,-97.8367,coast|lake|river
uc-3530937,19.4169,-98.902,
uc-3530599,18.6459,-91.8299,coast
uc-3530870,17.5523,-99.5012,
uc-3985604,32.4555,-114.7704,desert
uc-3985344,20.9153,-100.7439,steppe
uc-4005509,22.7468,-102.5188,steppe
uc-3531023,18.5196,-88.304,coast
uc-4012406,28.4063,-106.8667,steppe
uc-3530367,16.24,-92.1367,
uc-3988214,20.5698,-101.1977,river|steppe
uc-3996663,19.1169,-104.3421,coast|steppe
uc-3518723,18.0883,-96.1253,
uc-3529982,18.8106,-98.9352,steppe
uc-3992619,28.7001,-100.5235,river|steppe
uc-3521342,20.6274,-87.0799,coast
uc-4013720,28.1901,-105.4701,desert
uc-4013516,19.2447,-103.7127,steppe
uc-4006163,23.1749,-102.8679,steppe
uc-3518692,20.389,-99.9964,steppe
uc-3515062,20.0835,-98.3629,
uc-3986172,23.0541,-109.7037,coast|desert
uc-8858085,20.5181,-103.3806,mountain
uc-3815415,19.3178,-98.2385,river
uc-3979844,22.7684,-102.5814,steppe
uc-3827414,19.3599,-99.3502,
uc-3483849,21.9963,-99.0109,
uc-3515715,19.5119,-98.8829,steppe
uc-3526798,18.3454,-99.5413,
uc-3980194,19.2672,-103.7378,steppe
uc-4005143,27.9199,-110.8989,coast|desert
uc-3518387,19.2676,-99.5321,river
uc-3995019,27.0706,-109.4434,steppe
uc-3523183,18.0001,-94.5569,coast|lake
uc-4013714,19.7041,-103.4638,mountain
uc-3514321,18.8819,-99.0671,steppe
uc-4004867,26.9299,-105.6662,desert|steppe
uc-3515696,19.8173,-97.3599,
uc-4018400,19.0886,-102.357,steppe
uc-3515011,20.9578,-97.4081,coast
uc-4002224,21.3588,-101.9331,steppe
uc-3520271,25.9851,-98.0896,steppe
uc-3980190,25.8009,-100.5861,desert|steppe
uc-3981984,20.8169,-102.7635,
uc-3531576,18.0013,-93.3756,
uc-3988258,20.057,-102.7164,lake
uc-3526357,16.4337,-95.0218,coast
uc-3532592,18.9081,-98.4361,mountain
uc-3521912,18.4012,-93.2141,coast
uc-3982213,18.9161,-103.8771,coast|steppe
uc-3528756,22.7428,-98.9717,
uc-3520064,16.1754,-95.1942,coast
uc-4004885,19.4366,-100.3564,
uc-3994489,20.3512,-102.7683,lake|river
uc-4000821,20.3411,-102.0225,river
uc-3515887,19.9048,-99.3438,river|steppe
uc-3996387,23.6482,-100.6433,steppe
uc-4019260,31.3224,-109.5425,desert|steppe
uc-3530103,20.5004,-86.9427,coast
uc-3523513,20.0708,-97.0608,
uc-3983058,20.9436,-101.427,steppe
uc-4005297,25.4587,-108.0773,steppe
uc-4005270,21.0186,-101.2591,
uc-4005219,25.5679,-108.4695,steppe
uc-3986984,21.0189,-101.8584,steppe
uc-3517270,19.4215,-98.9504,
uc-3524348,24.858,-99.5677,steppe
uc-3980605,20.3915,-101.191,steppe
uc-3531865,25.5833,-99.9833,steppe
uc-3516843,16.3246,-95.241,coast
uc-3523011,25.189,-99.8293,river|steppe
uc-3979673,17.6434,-101.5521,coast
uc-4023117,21.1561,-100.9325,steppe
uc-3991043,25.5393,-100.9474,desert|steppe
uc-3982266,32.566,-116.6319,
uc-3991347,31.3172,-113.538,coast|desert
uc-3519907,18.4487,-95.2133,
uc-4012721,20.483,-100.9635,steppe
uc-4013712,19.6896,-100.555,
uc-4004887,30.7183,-112.1584,desert
uc-3533005,22.3931,-97.9386,coast
uc-4019827,20.0325,-100.7243,lake|river
uc-3526992,20.1738,-98.0549,
uc-3994616,30.4155,-107.9117,desert
uc-3993179,19.5132,-101.6099,
uc-3988333,27.8559,-101.1174,steppe
uc-3521922,20.4465,-97.3249,
uc-3520235,21.9311,-99.9949,river|steppe
uc-3527023,17.8079,-97.7796,
uc-3996426,25.527,-103.2285,desert
uc-4018348,20.7055,-102.3451,
uc-3815324,19.3145,-97.9252,
uc-3980777,20.1416,-101.1787,
uc-3533426,17.9498,-94.9139,
uc-3516225,18.5546,-99.6059,
uc-3979846,19.8152,-101.792,
uc-3521476,15.6862,-93.2094,coast
uc-3985621,21.2984,-100.5148,steppe
uc-3532792,19.4133,-98.1436,river
uc-3514876,20.6881,-88.1994,
uc-3514868,25.6732,-97.8127,
uc-3985035,25.756,-102.9839,desert
uc-3985865,21.2489,-102.3304,
uc-3517742,19.3066,-98.1877,
uc-3801276,18.4477,-96.3591,
uc-3515384,17.5453,-98.576,
uc-3515504,21.143,-88.1519,
uc-4017957,19.7719,-104.3664,
uc-3531013,16.7075,-93.0122,river
uc-3991226,21.0297,-101.8778,steppe
uc-3515505,19.8372,-98.9761,steppe
uc-3995343,20.1303,-101.1908,
uc-4004024,22.6497,-102.9898,river|steppe
uc-3522164,17.5091,-91.9813,
uc-3526657,18.6016,-98.4615,steppe
uc-3524903,17.9118,-94.0965,
uc-4006806,27.9617,-110.8141,coast|desert
uc-3530617,16.6839,-93.7181,
uc-4003662,20.6435,-100.9952,steppe
uc-3815392,19.2158,-98.2397,river
uc-3522484,16.9063,-92.0935,
uc-3530385,18.265,-93.2243,coast
uc-3985129,25.4333,-103.2167,desert
uc-4013723,25.0321,-111.6626,desert
uc-3824996,18.1077,-95.8805,
uc-3521941,22.0538,-98.1819,river
uc-4013724,27.6789,-105.1716,desert|river|steppe
uc-3976999,19.2366,-104.5651,coast|steppe
uc-3992986,20.4313,-101.724,
uc-3526952,21.14,-98.4194,
uc-3514510,20.2761,-97.9611,
uc-3986165,20.5117,-103.2369,
uc-3997211,19.5885,-102.4733,
uc-3522444,16.7612,-93.3743,
uc-3994667,27.9371,-101.2175,steppe
uc-3515827,19.7212,-99.2239,steppe
uc-3521628,19.5623,-97.2424,
uc-3993457,19.6476,-102.0477,
uc-3521108,21.2822,-89.6629,coast
uc-3514677,16.2338,-93.2701,
uc-3988050,20.2161,-100.8821,river|steppe
uc-8858090,19.845,-99.2333,steppe
uc-3983671,25.426,-100.154,steppe
uc-4018582,20.5478,-104.0461,
uc-3533269,18.1391,-94.1453,coast
uc-3530123,19.7772,-99.213,steppe
uc-3530592,18.8065,-97.1787,
uc-3982616,20.6527,-103.7015,
uc-3515386,19.9627,-97.2114,
uc-3816721,16.0901,-93.7546,coast
uc-4003526,20.2899,-102.542,river
uc-3996271,27.8793,-101.5161,steppe
uc-3526708,20.4784,-99.217,river|steppe
uc-8858093,25.9042,-100.1597,steppe
uc-3996626,19.8919,-100.4419,
uc-4013710,27.1308,-104.9239,desert|steppe
uc-3993335,25.4418,-102.1781,desert|steppe
uc-3514148,19.9355,-97.9613,
uc-3531784,19.5887,-98.5697,
uc-3988327,26.5019,-100.1812,steppe
uc-3988594,23.8273,-103.0341,steppe
uc-3515665,20.3987,-89.5349,
uc-3526593,17.9654,-94.714,
uc-4016132,22.9489,-102.7022,steppe
uc-3515956,17.4729,-91.4236,river
uc-3994674,19.0247,-102.0931,lake|steppe
uc-3979717,20.6227,-103.0681,
uc-3533389,20.2696,-98.9438,steppe
uc-3523791,17.7605,-92.5954,
uc-3526855,15.1392,-92.4634,
uc-3530596,21.9404,-100.0115,river|steppe
uc-3532899,19.1238,-98.7665,mountain
uc-4015700,30.9835,-110.2976,
uc-3526993,19.1488,-96.9676,
uc-3530886,17.5992,-99.1739,
uc-3531177,19.3424,-90.7227,coast
uc-3970972,28.8403,-111.4775,desert
uc-4006622,22.8347,-105.7777,coast
uc-3516271,21.3506,-98.2257,
uc-3530177,18.3676,-95.7986,river
uc-3991219,20.0888,-101.5156,
uc-4004647,26.8265,-109.6421,coast|desert
uc-3988025,20.5477,-103.4671,mountain
uc-3981467,20.4742,-103.4465,mountain
uc-3520994,15.8628,-97.0683,coast|steppe
uc-3515796,20.5225,-99.8917,steppe
uc-3516926,16.3401,-98.053,coast
uc-3527795,18.6089,-90.7454,
uc-3996595,20.9975,-101.2855,steppe
uc-4013579,20.3652,-103.8221,
uc-3981885,20.882,-103.836,lake
uc-3483197,24.8471,-98.1488,steppe
uc-3995017,24.7668,-107.6977,steppe
uc-4004293,20.716,-105.2051,coast
uc-3516188,18.8835,-97.7334,
uc-3993985,22.1475,-102.279,steppe
uc-3530587,19.7756,-98.5747,
uc-3515064,20.0516,-99.344,river|steppe
uc-3987246,21.4788,-101.2158,steppe
uc-3532254,16.7994,-93.2722,
uc-3994469,29.5669,-104.5449,desert|river
uc-3533126,18.3791,-97.2587,
uc-4018404,20.4563,-100.6213,steppe
uc-3988651,22.2292,-102.3225,steppe
uc-3531416,18.4213,-95.114,coast
uc-3976775,25.6616,-108.6366,coast|steppe
uc-3980844,19.5556,-103.3759,steppe
uc-3515904,18.9669,-97.8998,
uc-4019869,20.4503,-101.5301,steppe
uc-3526908,17.835,-93.389,river
uc-3980174,20.5136,-100.9964,steppe
uc-4017992,20.5508,-102.5082,
uc-3523141,19.9299,-96.8519,
uc-3983216,19.8837,-103.6007,
uc-3532815,19.7113,-98.4509,
uc-4006194,25.773,-103.2713,desert
uc-3996893,30.6268,-110.9615,desert
uc-3516210,17.556,-92.9479,
uc-3802739,17.7747,-92.9022,
uc-3825011,18.0278,-95.5295,
uc-3520407,17.859,-93.1538,
uc-3983631,25.0439,-105.4192,steppe
uc-4018403,20.5455,-100.6879,steppe
uc-4018762,25.2812,-100.0193,steppe
uc-3533433,18.982,-97.7836,
uc-3516076,20.2052,-89.2852,
uc-3527639,19.5775,-88.0453,
uc-3526953,19.1589,-98.4082,
uc-3982693,19.2361,-101.458,
uc-3982121,18.9047,-100.1527,
uc-3980621,19.195,-100.1313,
uc-3523127,20.2303,-99.214,river|steppe
uc-3526674,16.5605,-95.1038,
uc-3979855,20.2108,-101.1319,steppe
uc-4013727,18.3582,-100.6697,river|steppe
uc-3533107,20.9115,-97.6755,
uc-4006783,21.5263,-102.2402,steppe
uc-3526838,21.0164,-89.8772,
uc-4012693,24.5907,-107.3899,coast|steppe
uc-3513967,17.6544,-99.5272,
uc-3516385,21.2599,-98.7893,river
uc-3525596,18.6,-96.15,
uc-3816739,16.2356,-93.8997,coast
uc-4004153,21.1681,-102.461,
uc-3529619,22.2181,-98.3771,
uc-3998291,22.2719,-101.986,steppe
uc-4007673,23.7785,-105.3604,
uc-8858101,24.6567,-107.545,coast|steppe
uc-3522343,16.6901,-98.408,
uc-3985323,21.0305,-102.4023,
uc-3523240,16.329,-96.5961,
uc-3979856,20.3395,-102.2822,river
uc-3530584,18.9886,-97.4464,mountain
uc-3522926,15.3661,-92.2467,
uc-3982034,21.4343,-102.5743,steppe
uc-3991253,19.9103,-102.0069,
uc-4013094,20.7201,-100.7612,steppe
uc-4015022,26.7893,-101.4321,desert
uc-4005864,25.7571,-108.8242,coast|steppe
uc-3516060,18.3666,-99.8718,
uc-3986088,21.0002,-100.3858,steppe
uc-8858102,19.6897,-98.8608,steppe
uc-4004267,21.0351,-104.3688,
uc-3522924,21.0957,-89.2833,
uc-3532964,18.7714,-95.7618,coast
uc-3514134,20.65,-98.6563,
uc-3522251,20.3073,-89.4181,
uc-3996737,31.7229,-116.572,coast|steppe
uc-3979727,19.6275,-103.4175,mountain
uc-3515510,17.5673,-99.398,
uc-3527545,18.5433,-92.6453,coast
uc-3532617,19.7992,-99.875,river
uc-8858105,29.5644,-104.4164,desert|river
uc-3515794,19.9094,-99.1447,steppe
uc-3996234,28.2685,-105.4805,desert
uc-4007684,20.3333,-104.5,
uc-4029308,20.7638,-105.2281,coast
uc-3530167,17.9991,-94.6359,
uc-3531321,21.192,-97.7409,
uc-3995050,28.4207,-100.7656,steppe
uc-3523900,19.7755,-98.9808,steppe
uc-3802723,17.8529,-92.9324,
uc-4004555,18.626,-100.9,steppe
uc-3515993,19.1045,-99.5898,
uc-3980841,21.9417,-105.299,lake|river
uc-3982887,23.6314,-103.6413,steppe
uc-3992842,17.5377,-101.268,coast|steppe
uc-4007682,20.5185,-103.1816,river
uc-4014553,20.2925,-103.1896,lake
uc-3514163,18.6541,-99.1898,steppe
uc-4017984,17.2067,-100.4331,coast|steppe
uc-3527596,18.9081,-97.0,
uc-3988462,20.8721,-101.517,steppe
uc-3521051,18.6147,-99.3181,steppe
uc-3514398,18.6841,-99.2458,steppe
uc-4009697,19.8067,-104.2163,steppe
uc-3533486,19.1115,-97.9523,
uc-3517917,19.2096,-98.7564,mountain
uc-3524744,16.3128,-91.9822,
uc-3531598,19.1935,-99.4659,river
uc-4018761,28.3412,-100.8511,steppe
uc-3514409,19.4051,-99.5281,river
uc-3987500,27.0619,-101.5489,desert
uc-4004092,20.3721,-101.0642,river|steppe
uc-3996030,20.7304,-105.283,coast
uc-3522804,21.3509,-97.6866,coast
uc-3527880,17.7406,-91.7664,river
uc-3530590,26.3982,-99.0286,river|steppe
uc-3529886,18.0656,-93.173,
uc-3521596,20.1261,-88.923,
uc-4016086,21.8459,-102.7188,steppe
uc-3532969,19.7661,-97.2451,
uc-3530908,19.8387,-98.0317,
uc-4007676,23.3836,-105.3708,
uc-3533440,18.2025,-98.0486,steppe
uc-3514437,18.7808,-99.2305,steppe
uc-4019819,22.4905,-105.3607,
uc-3526446,19.3681,-96.3695,coast
uc-3523450,16.8774,-95.0382,
uc-3526467,18.6147,-99.1803,steppe
uc-4003908,20.2857,-103.4291,lake|mountain
uc-3524618,16.3655,-92.3706,
uc-3982567,19.6801,-103.2514,steppe
uc-3524391,18.6294,-95.5197,coast
uc-3527542,15.66,-92.1411,river
uc-4018320,18.3185,-100.2815,steppe
uc-3514518,19.4218,-97.0082,
uc-4018831,28.8378,-105.9123,desert
uc-3983820,20.7421,-100.4478,steppe
uc-3515373,18.6343,-99.1632,steppe
uc-3983636,21.8111,-105.2084,lake|river
uc-3515040,20.2117,-87.4633,coast
uc-3532989,18.3703,-97.2997,
uc-3979822,20.2263,-103.5698,mountain
uc-4013669,18.7775,-103.16,
uc-3530978,20.6667,-88.5667,
uc-3531556,18.3748,-95.7544,river
uc-3523590,15.4336,-92.9004,coast
uc-3817809,19.7636,-98.9591,steppe
uc-8858113,19.8744,-98.9347,steppe
uc-3526681,18.8437,-99.6767,
uc-4013085,21.2373,-104.9006,
uc-3517285,17.2687,-97.6803,
uc-3532545,18.5025,-98.7536,steppe
uc-3521103,20.2493,-99.1899,river|steppe
uc-3526864,18.3033,-99.3338,
uc-11839902,18.2391,-96.1357,
uc-3517831,19.1333,-97.6417,
uc-3522118,18.9014,-97.6383,
uc-4004126,20.2948,-102.7094,lake
uc-3979505,32.2888,-115.1031,desert
uc-3993893,27.8924,-101.4235,steppe
uc-3988169,22.6279,-101.7142,steppe
uc-3514278,18.8833,-98.865,
uc-3514051,19.771,-97.5551,
uc-3987224,31.0253,-114.8417,coast|desert
uc-3522232,19.0369,-98.7952,mountain
uc-3515163,18.7003,-99.1836,steppe
uc-3523909,18.9492,-97.8038,
uc-3516499,16.6247,-93.0989,
uc-4013726,27.2412,-100.1334,steppe
uc-3514349,17.1729,-92.3339,
uc-4018254,19.2083,-101.709,
uc-3531904,14.992,-92.1642,mountain
uc-3994912,21.3636,-102.8475,
uc-4022735,25.9724,-100.4522,steppe
uc-3519249,19.2947,-99.7677,
uc-4005380,24.4468,-104.1234,desert|steppe
uc-3533490,19.274,-99.7717,
uc-3987402,21.7813,-103.3044,steppe
uc-3516347,22.0055,-98.7797,river
uc-3979174,30.5266,-115.9314,coast|desert
uc-3515938,16.5414,-92.4729,
uc-3518475,19.2433,-98.1908,
uc-3996910,20.9069,-103.9769,
uc-3526662,20.9332,-89.0189,
uc-4016734,20.7582,-105.3362,coast
uc-3514597,19.2129,-98.3821,
uc-3986985,22.0721,-102.2722,steppe
uc-3515906,19.0807,-97.9734,
uc-3526355,19.1006,-98.8788,
uc-3988416,22.9903,-105.8542,coast
uc-4005857,23.7327,-103.9825,steppe
uc-4018227,18.9378,-103.9642,coast|steppe
uc-3979665,19.8601,-100.8273,
uc-3526603,18.1768,-93.0638,coast
uc-4002745,23.9213,-106.8925,coast|steppe
uc-3517795,18.3352,-97.2462,
uc-3524374,19.4657,-97.6874,
uc-4019082,20.7014,-103.9746,
uc-3514785,16.3385,-92.5632,lake
uc-3531574,22.0014,-99.6425,
uc-3516912,18.4658,-95.3006,
uc-3996956,29.1927,-108.1433,
uc-3992919,19.5203,-102.4153,
uc-4003804,24.2907,-103.3934,steppe
uc-3532499,16.9638,-99.0962,
uc-3980833,19.2029,-100.5668,steppe
uc-3530175,19.0727,-97.0469,mountain
uc-3515902,19.7884,-98.5527,
uc-3982007,19.1872,-102.847,steppe
uc-3980169,21.6762,-102.588,
uc-4013892,25.9545,-100.1662,steppe
uc-3516919,19.442,-98.1033,river
uc-8858124,15.7689,-96.135,coast|steppe
uc-3982170,17.2198,-100.6303,coast|steppe
uc-3982545,19.8868,-102.2072,
uc-3526611,19.1831,-99.4184,
uc-3522451,16.7918,-96.675,steppe
uc-2081986,6.9248,158.1611,coast
uc-618426,47.009,28.8594,
uc-617239,46.8428,29.6284,river
uc-618605,47.7629,27.9285,
uc-618577,46.8316,29.4767,river
uc-617486,47.7682,29.01,river
uc-618456,45.9046,28.1952,
uc-617180,47.2102,27.8001,river
uc-617367,48.1566,28.2849,river
uc-617638,47.385,28.8254,
uc-618365,47.2656,29.1667,river
uc-618405,46.2949,28.6571,
uc-617076,48.1732,27.3008,
uc-618450,46.0617,28.8308,
uc-618120,46.6374,29.4109,
uc-617302,47.1422,28.6077,
uc-617993,46.8309,28.59,
uc-618329,47.8917,28.2934,
uc-618370,48.0369,27.8124,
uc-617345,47.6558,28.0473,
uc-617381,46.7293,29.7045,river
uc-2993458,43.7372,7.4215,coast
uc-2992741,43.7398,7.4273,coast
uc-2028462,47.9077,106.8832,steppe
uc-2031405,49.0333,104.0833,
uc-2031964,49.4867,105.9228,steppe
uc-2032054,48.0726,114.5326,river|steppe
uc-2029901,47.7667,107.2833,steppe
uc-2029945,49.6342,100.1625,steppe
uc-2032533,46.1944,100.7181,steppe
uc-1515029,49.9811,92.0667,desert
uc-1516048,48.0056,91.6419,desert
uc-2032814,46.2639,102.775,steppe
uc-1515436,48.9683,89.9625,desert
uc-2030474,44.6702,102.1749,desert
uc-2032007,43.5708,104.425,desert
uc-2029156,50.2314,106.2078,river|steppe
uc-2029656,47.3194,110.6556,river|steppe
uc-2028606,47.475,101.4542,
uc-2032081,44.8824,110.1163,desert
uc-2031533,48.8523,106.4579,steppe
uc-2032614,46.6806,113.2792,desert|steppe
uc-1516393,46.3722,96.2583,steppe
uc-2032201,48.8125,103.5347,
uc-2031517,47.7069,106.9528,
uc-7648817,47.7069,106.9528,
uc-1515007,47.7417,96.8444,steppe
uc-3193044,42.4412,19.2631,
uc-3194494,42.7731,18.9445,
uc-3199394,42.4531,18.5375,coast
uc-3193161,43.3567,19.3584,
uc-3203106,42.2872,18.8392,coast
uc-3204509,42.0937,19.0984,coast|lake
uc-3204176,43.0383,19.7476,
uc-3202641,42.3906,18.9142,coast
uc-2553604,33.5883,-7.6114,coast|steppe
uc-2538475,34.0132,-6.8326,coast
uc-2548885,34.0331,-5.0003,
uc-2530335,35.7673,-5.7998,coast
uc-2561668,30.4202,-9.5982,coast|steppe
uc-2542997,31.6342,-7.9999,steppe
uc-2537763,34.0531,-6.7985,coast
uc-2542715,33.8935,-5.5473,
uc-2540483,34.6814,-1.9086,steppe
uc-2528910,35.5784,-5.3684,coast
uc-2544571,34.261,-6.5802,coast|river
uc-2558545,35.2516,-3.9372,coast|steppe
uc-2537881,32.2994,-9.2372,coast|steppe
uc-2542051,33.6861,-7.383,coast
uc-10374934,30.3416,-9.5036,coast|river|steppe
uc-2544248,32.8811,-6.9063,
uc-2541479,35.1681,-2.9335,coast
uc-2550078,33.2568,-8.5088,coast
uc-2555745,32.3372,-6.3498,steppe
uc-2552615,33.5153,-7.8168,coast|steppe
uc-2529317,34.21,-4.01,
uc-2537406,33.001,-7.6166,
uc-2555467,34.92,-2.32,steppe
uc-2556272,33.2655,-7.5875,
uc-2558470,33.824,-6.0663,
uc-2544001,35.0004,-5.9038,
uc-2543549,35.1932,-6.1557,coast
uc-2548526,28.987,-10.0574,desert
uc-2544333,32.9349,-5.6617,
uc-2530048,34.4073,-2.8973,steppe
uc-2548830,32.5021,-6.6877,steppe
uc-2540689,32.8627,-6.5736,
uc-2549979,32.0512,-7.4108,
uc-2532945,34.2648,-5.926,
uc-7280528,31.9314,-4.4266,desert
uc-2548489,34.2257,-3.3536,river|steppe
uc-2539134,30.3947,-9.209,desert|river
uc-2556018,32.2409,-7.954,steppe
uc-2528659,33.8947,-6.3065,
uc-10375044,30.2976,-9.466,coast|steppe
uc-2529649,30.4703,-8.877,desert|river
uc-2537545,33.8319,-4.828,
uc-2549263,31.5125,-9.77,coast|steppe
uc-2548818,35.8491,-5.3575,coast
uc-2533191,34.2215,-5.7077,
uc-2527089,29.6974,-9.7316,coast|desert
uc-2530241,28.438,-11.1032,desert
uc-2540850,30.9189,-6.8934,desert
uc-12718688,34.6847,-6.0034,
uc-2526488,32.2463,-8.5294,steppe
uc-2546917,33.5267,-5.1102,
uc-2532412,32.2973,-6.703,steppe
uc-2562055,33.8527,-7.0317,coast
uc-2540810,34.7958,-5.5785,
uc-2555519,33.616,-7.1215,
uc-2555882,35.26,-2.93,coast
uc-2542898,35.6831,-5.3287,coast
uc-2536074,32.6524,-8.4277,steppe
uc-2542227,32.6852,-4.7451,desert
uc-2556464,33.4344,-5.2213,
uc-2560939,33.8033,-6.7946,coast
uc-2555567,30.2622,-9.5038,coast|steppe
uc-2552292,33.3749,-7.5356,
uc-2542013,35.0109,-3.0094,coast|steppe
uc-2544720,32.5977,-6.2684,river|steppe
uc-12718663,32.7713,-6.3923,steppe
uc-10797349,34.187,-6.6818,coast
uc-2545017,34.31,-2.16,steppe
uc-2553455,35.1688,-5.2636,
uc-2545069,33.1643,-5.5672,
uc-2527915,31.5147,-5.5328,steppe
uc-2550806,34.5832,-2.5061,steppe
uc-2556657,33.2895,-8.3425,coast|river
uc-2532394,34.6866,-6.0027,
uc-2526452,30.3324,-5.8384,desert
uc-2559217,31.5652,-7.6616,steppe
uc-2556570,31.9616,-6.5711,
uc-2461874,26.7384,-11.6719,desert
uc-2532822,34.3049,-6.304,
uc-10374981,30.2094,-9.3792,steppe
uc-2530155,34.5366,-4.6401,
uc-2553751,33.7894,-7.1597,coast
uc-12718675,33.4197,-7.8524,coast|steppe
uc-2550898,35.1464,-3.8506,coast|steppe
uc-2526435,34.9428,-2.7329,coast
uc-2550252,33.6879,-5.371,
uc-2556076,33.0663,-7.2416,
uc-2542866,34.5737,-5.9558,river
uc-2557055,35.4652,-6.0342,coast
uc-2532171,30.9032,-6.9158,desert
uc-12718681,31.8353,-7.3143,
uc-2552317,31.7344,-7.005,
uc-2549356,31.4353,-4.2326,desert
uc-2555157,32.5338,-1.9621,desert
uc-2532421,34.4916,-5.5085,
uc-2560774,33.9357,-5.2133,
uc-8299790,33.8181,-6.9166,coast
uc-10375138,30.3653,-9.4104,coast|desert|river
uc-2553303,31.5435,-8.7628,steppe
uc-2531480,34.0496,-4.4216,
uc-11025266,33.9033,-5.3687,
uc-2538059,32.2564,-4.5015,desert
uc-2542147,33.0489,-3.9895,desert|river
uc-2526359,32.6444,-5.9183,river|steppe
uc-12718687,33.8876,-6.9681,coast
uc-8504943,31.755,-8.11,steppe
uc-2553382,32.081,-8.6246,steppe
uc-2540180,30.6404,-8.4688,desert
uc-2555342,33.3736,-7.9946,coast
uc-2540207,32.2,-6.8,
uc-2541210,33.3798,-7.6193,
uc-12718664,31.2824,-4.2654,desert
uc-2534515,29.3798,-10.173,coast|desert
uc-2537469,35.0731,-2.9423,coast|steppe
uc-2550419,33.2773,-7.2324,
uc-2546128,31.1721,-8.8473,steppe
uc-2533182,33.4774,-7.9364,coast|steppe
uc-2526239,31.2251,-7.6775,
uc-2549750,32.5729,-6.0195,
uc-2558428,33.7464,-7.3019,coast
uc-2561124,34.9537,-2.1003,coast|steppe
uc-2550547,32.5047,-7.1924,
uc-2546028,33.7287,-5.0109,
uc-2544821,34.3709,-5.2138,
uc-2538027,31.2832,-4.2656,desert
uc-2529362,29.7441,-7.973,desert
uc-2537610,32.1078,-9.0837,steppe
uc-10958491,35.1051,-3.8403,coast|steppe
uc-2538898,33.4258,-6.0014,
uc-2557533,30.6731,-8.1809,desert
uc-2557019,31.2465,-7.9789,mountain|steppe
uc-2549981,31.2457,-6.1326,steppe
uc-2596460,33.8152,-4.4072,
uc-2561358,33.63,-5.58,
uc-2530704,31.819,-7.5145,steppe
uc-2548623,31.6923,-4.9526,desert
uc-2538573,33.345,-3.7039,river|steppe
uc-2560922,34.0097,-2.0324,steppe
uc-6546693,32.9005,-6.7746,
uc-12718686,33.8626,-6.9296,coast
uc-2536392,34.0077,-6.5308,
uc-2543667,34.8461,-6.0664,
uc-2554281,32.7236,-5.1025,river|steppe
uc-2542230,34.9402,-3.5331,
uc-2550985,34.977,-3.379,steppe
uc-2556996,28.6099,-9.4299,desert
uc-2558052,31.2167,-8.2318,steppe
uc-2558844,30.5019,-8.7992,desert|river
uc-2555504,35.0443,-3.4542,coast
uc-2554594,29.1771,-9.7118,desert
uc-2561290,33.1614,-5.8463,
uc-1040652,-25.9655,32.5832,coast|steppe
uc-1039854,-25.9622,32.4589,coast|steppe
uc-1033356,-15.1165,39.2666,
uc-1052373,-19.8436,34.8389,coast
uc-1049261,-19.1164,33.4833,
uc-1026014,-16.1564,33.5867,river|steppe
uc-1028434,-17.8786,36.8883,coast
uc-1043893,-13.3128,35.2406,
uc-1035025,-14.5626,40.6854,coast
uc-1028918,-12.974,40.5177,coast
uc-1024694,-16.8375,36.9856,river
uc-1045512,-15.4669,36.9778,mountain
uc-1024552,-25.0519,33.6442,coast|river
uc-1039536,-23.8597,35.3472,coast
uc-1041190,-14.3525,35.6506,
uc-1028079,-25.4428,31.9953,steppe
uc-1052944,-16.2325,39.9086,coast
uc-1045114,-23.865,35.3833,coast
uc-1047660,-14.8031,36.5372,river
uc-1037125,-13.1256,38.9997,
uc-1024696,-19.6094,34.7431,coast
uc-1049861,-24.6867,33.5306,river
uc-1040989,-25.4022,32.8072,coast
uc-1048364,-24.5333,32.9833,river|steppe
uc-1037390,-15.0347,40.7345,coast
uc-1033827,-15.7203,39.3425,
uc-1037180,-14.9169,40.3022,
uc-1053143,-15.6356,37.6883,
uc-1040397,-18.2908,35.9453,river|wetland
uc-1024699,-11.3517,40.3516,coast
uc-1024685,-16.1153,33.7294,steppe
uc-1024683,-22.0,35.3167,coast
uc-1040950,-18.9344,32.8756,
uc-1045826,-19.0883,33.6486,
uc-1048468,-13.3825,39.7817,
uc-1033797,-14.9206,39.9836,
uc-1037721,-16.0986,35.77,
uc-1088155,-14.8706,37.0044,
uc-1024701,-25.0269,33.0989,
uc-1026755,-15.5958,32.7647,lake|river
uc-12718698,-14.9447,38.3236,
uc-1024687,-19.2692,34.2128,
uc-1037792,-16.7333,39.2333,coast
uc-1037370,-11.3167,40.35,coast
uc-1036263,-11.6628,39.5506,
uc-11205324,-13.713,39.8315,river
uc-1050871,-18.0575,33.1736,
uc-1040201,-23.3292,35.3814,coast
uc-1037021,-14.9678,40.6639,coast
uc-1037044,-17.3269,35.5842,
uc-12718700,-24.6894,33.2584,river
uc-12718696,-14.9475,37.4159,
uc-1042456,-12.2467,40.1208,
uc-1034311,-17.4919,37.0289,
uc-1024680,-18.6756,34.0728,
uc-1024692,-17.8203,35.3442,
uc-1091197,-15.025,38.0425,
uc-1035471,-15.4569,38.6772,
uc-1024703,-17.312,37.5078,
uc-1024697,-18.5811,36.4586,coast|river|wetland
uc-1028970,-17.2642,38.135,coast
uc-12718693,-19.8644,34.4674,
uc-1095961,-18.986,32.7355,
uc-12718697,-18.9916,33.0823,
uc-1025104,-14.7228,34.3608,
uc-1298824,16.8053,96.1561,coast|river|wetland
uc-1311874,21.9747,96.0836,river|steppe
uc-6611854,19.745,96.1297,
uc-1308465,16.4905,97.6282,coast
uc-1321218,23.1901,94.064,river
uc-1300466,17.3352,96.4814,
uc-1328421,16.7792,94.7321,river|wetland
uc-1285693,20.6597,96.9338,
uc-1308522,22.1086,95.1358,river|steppe
uc-1316752,19.4279,93.5513,coast
uc-1295765,20.1462,92.8983,coast
uc-1309793,20.8778,95.8584,steppe
uc-1309611,12.4395,98.6003,coast
uc-1319364,21.6309,99.9268,
uc-1308318,23.9974,97.9011,
uc-1293960,20.7892,97.0378,
uc-1307835,21.46,95.3884,steppe
uc-1293625,14.0823,98.1915,coast
uc-1299154,18.82,95.2156,river
uc-1325211,17.6494,95.457,river|wetland
uc-1316574,16.6374,96.3251,coast|wetland
uc-1314759,22.9359,97.7498,
uc-1302439,21.3349,95.0844,river|steppe
uc-1321275,20.6346,96.5645,
uc-1292288,16.9187,97.37,coast
uc-1328872,19.7954,94.0479,
uc-1309937,22.035,96.4568,
uc-1308567,21.8478,99.6765,
uc-1285173,20.465,94.8712,river
uc-1290596,18.9429,96.4341,river
uc-1480266,17.0953,96.0992,wetland
uc-1292037,19.3208,95.1827,river
uc-1312609,20.1496,94.9325,river
uc-1325259,20.7232,96.8228,
uc-1307741,25.3833,97.3964,river
uc-1327659,20.8992,94.8178,river|steppe
uc-1308937,22.9177,96.5098,
uc-1303406,17.9536,96.7225,
uc-1308415,16.2562,97.7246,coast
uc-1296736,22.5693,95.6982,steppe
uc-1295087,17.3144,95.9629,wetland
uc-1315056,24.6605,97.1892,
uc-1326703,16.5163,95.6029,wetland
uc-1294041,20.0065,95.5453,
uc-1328121,16.2941,95.3974,coast|wetland
uc-1325814,17.5937,94.58,coast
uc-1323815,25.6138,96.3148,
uc-1285899,20.4319,96.1388,steppe
uc-1296645,24.2267,96.7909,river
uc-1308078,16.5987,94.9211,wetland
uc-1320944,16.7073,96.0017,coast|wetland
uc-1319573,9.9824,98.5503,coast
uc-1329239,19.3684,95.2151,river
uc-1309289,20.1806,94.876,river
uc-1292507,15.9689,97.7275,coast
uc-1327854,20.8754,92.53,
uc-1328218,24.2526,97.2336,river
uc-1292313,17.654,95.7881,wetland
uc-1291193,16.76,96.525,
uc-1317397,16.445,95.7237,wetland
uc-1295301,20.4475,99.8808,
uc-1311909,18.8548,93.7291,coast
uc-1316703,21.6056,96.1351,steppe
uc-1302849,16.8895,97.6348,river
uc-1317375,17.3086,97.0112,coast
uc-1303351,21.2006,94.9083,river|steppe
uc-1319898,16.5554,98.2371,
uc-1317402,16.0769,97.5639,coast
uc-1299237,16.2854,95.6788,coast|wetland
uc-1290374,16.7084,95.9336,wetland
uc-1308052,16.6891,98.5089,
uc-1310120,23.6425,94.4048,river
uc-1294761,24.2166,94.3122,
uc-1847826,21.6711,100.0127,
uc-1316870,20.8416,95.1267,
uc-1316539,24.2782,95.8949,
uc-1289828,16.6033,95.1828,wetland
uc-1310362,16.7315,95.6544,river|wetland
uc-1308204,18.2865,95.3201,river
uc-1294250,24.679,95.0742,
uc-1298911,18.4813,96.4374,
uc-1319533,16.908,96.5604,
uc-1285871,17.0446,95.6396,river|wetland
uc-1481655,16.9884,96.1622,wetland
uc-1316943,22.5392,97.0343,
uc-1847816,21.1792,100.3576,
uc-1314042,17.7866,95.7508,
uc-1324494,17.0957,96.2206,
uc-1326951,17.7951,96.6698,
uc-1292579,17.2914,96.5752,
uc-1300969,18.4917,95.5059,
uc-1307658,20.59,93.1906,coast
uc-1285606,15.2464,97.8551,coast
uc-1308464,16.3772,95.2649,wetland
uc-1294547,22.4944,98.3928,
uc-1307101,23.8334,97.6798,
uc-1308910,24.7782,96.3686,
uc-1286026,21.0942,96.028,steppe
uc-1299182,20.5919,96.052,steppe
uc-10793787,26.3593,96.72,river
uc-1316642,17.4947,96.9776,coast
uc-1313795,19.6361,96.11,
uc-1315244,16.1495,94.759,coast|river|wetland
uc-1314619,21.2481,96.8673,
uc-1301005,16.6175,97.4585,coast
uc-1317511,16.4426,96.0194,coast|wetland
uc-11778166,15.3177,98.3884,
uc-1301804,24.1005,98.3126,
uc-1293696,18.8561,94.2408,coast
uc-1320155,24.1754,96.3414,river
uc-13546372,16.9719,96.1274,wetland
uc-1324385,16.6356,97.6153,coast|river
uc-1320974,23.2033,95.5169,
uc-1308946,25.3054,96.9354,
uc-1317682,23.4579,97.938,
uc-1325443,22.6445,93.6108,
uc-1296614,17.9212,96.8768,river
uc-1285457,19.1563,96.3459,
uc-1312649,22.2115,96.1039,steppe
uc-1315749,17.3013,95.1983,river|wetland
uc-1306443,20.8918,97.7167,
uc-1316173,18.0061,94.49,coast
uc-13494766,23.6961,98.7621,
uc-1323949,24.9915,96.5268,
uc-1285094,21.6324,95.2462,river|steppe
uc-1286591,17.477,96.6783,coast
uc-1294974,17.0084,96.1497,wetland
uc-1284225,17.4794,95.5592,river|wetland
uc-1285002,22.7672,95.4276,
uc-1322148,17.8119,95.2704,
uc-1316499,20.8447,92.9753,river
uc-1481644,16.9727,96.0882,river|wetland
uc-1313479,19.678,97.2097,
uc-1288322,22.1792,99.1667,
uc-1300310,19.8677,97.0067,
uc-1283878,18.3356,95.6215,
uc-3352136,-22.5594,17.0832,desert
uc-3353383,-17.918,19.7731,river|steppe
uc-3359638,-22.9575,14.5053,coast|desert
uc-3352844,-22.6784,14.5266,coast|desert
uc-3354021,-17.7883,15.7044,desert|steppe
uc-3353540,-23.317,17.09,desert|river
uc-877178,-17.5047,24.2757,river|steppe
uc-3353811,-20.4637,16.6477,desert|steppe
uc-3354247,-17.9082,15.9804,desert|steppe
uc-3354898,-21.9814,16.9029,desert
uc-3357114,-19.5733,18.1003,steppe
uc-3354147,-17.772,15.7656,desert|steppe
uc-3356264,-26.5765,18.1336,desert
uc-12718704,-17.3932,15.8911,desert|steppe
uc-3352593,-19.2484,17.7135,steppe
uc-3357247,-22.4534,18.9716,desert
uc-876961,-18.0389,20.7006,river|steppe
uc-3355672,-26.6481,15.1538,coast|desert
uc-1283240,27.7017,85.3206,
uc-1282898,28.2669,83.9685,glacier
uc-1283613,27.6803,84.4365,river
uc-1283581,27.0174,84.8805,
uc-1283582,26.455,87.2701,
uc-1283467,28.7016,80.5899,
uc-1283339,27.4284,85.0322,
uc-1283318,26.7288,85.9263,
uc-1283562,27.6912,83.4525,
uc-1283460,26.8144,87.2797,
uc-6941099,28.05,81.6167,
uc-6254843,28.5967,81.6166,
uc-1283161,26.7202,86.4826,
uc-1283095,28.964,80.1771,
uc-1283679,27.6327,85.522,
uc-8410807,26.7919,86.699,
uc-7997918,26.6068,87.1478,
uc-1282884,26.5397,86.748,
uc-1283621,27.5,83.45,
uc-1283368,28.2058,81.3453,
uc-1283539,27.7763,85.7127,
uc-1283329,26.6637,87.274,
uc-7963596,27.5847,85.5212,
uc-1282666,28.5282,81.1183,
uc-1283546,27.6682,86.0519,
uc-1282635,28.1333,82.298,
uc-6254845,29.2608,80.94,
uc-1282950,27.5845,85.5149,
uc-1283401,26.7637,85.2766,
uc-1282770,26.6542,86.2079,
uc-1282714,27.8666,83.5459,
uc-1283323,26.6487,85.8,
uc-1283711,28.2673,83.5996,river
uc-1283217,27.3765,87.2077,river
uc-1283465,26.9833,87.3333,
uc-1282616,27.9837,83.7592,
uc-1283496,28.8443,81.7101,
uc-1283082,26.8562,85.5603,
uc-1283628,26.544,88.0944,
uc-1283499,29.2992,80.5833,
uc-1283484,29.83,80.55,
uc-1283333,26.9094,87.9282,
uc-2139521,-22.2741,166.4488,coast
uc-2140066,-22.2626,166.5662,coast
uc-2141394,-22.1576,166.4572,coast
uc-2193733,-36.8485,174.7635,coast
uc-2187404,-36.9928,174.8799,coast
uc-2192362,-43.5333,172.6333,coast
uc-2179537,-41.2866,174.7756,coast
uc-2190324,-37.7833,175.2833,river
uc-2208032,-37.6861,176.1667,coast
uc-2188164,-41.2167,174.9167,coast|river
uc-2191562,-45.8742,170.5036,coast
uc-2185018,-40.3564,175.6111,river
uc-2186239,-39.0667,174.0833,coast
uc-2190224,-39.6381,176.8492,coast|river
uc-2186280,-41.2708,173.284,coast
uc-2186313,-39.4926,176.9123,coast
uc-6241325,-38.1387,176.2452,lake
uc-2184397,-41.1333,174.85,coast
uc-2189529,-46.4,168.35,coast
uc-6230919,-35.7317,174.3239,coast
uc-2179670,-39.9333,175.05,coast|river
uc-6244895,-41.1383,175.0502,coast|lake|river
uc-2206854,-38.6533,178.0042,coast
uc-2183310,-43.5833,172.3833,coast
uc-2184904,-40.9167,175.0167,coast
uc-6243926,-41.516,173.9528,coast
uc-2181133,-44.3967,171.2536,coast
uc-2206890,-40.9597,175.6575,
uc-2181742,-38.6833,176.0833,lake|river
uc-6217081,-43.8983,171.7301,coast
uc-2184155,-37.2,174.95,coast
uc-2183472,-41.3333,173.1833,coast
uc-2206371,-40.6333,175.275,coast
uc-6220565,-43.3044,172.5836,coast
uc-2208330,-37.9586,176.9854,coast|river
uc-6240770,-37.8782,175.4402,river
uc-3617763,12.1328,-86.2504,lake
uc-3618030,12.4353,-86.8786,coast
uc-3617723,11.9732,-86.0959,
uc-3620381,12.6295,-87.1313,coast
uc-3617708,12.9279,-85.9191,
uc-3619194,13.0929,-86.3559,
uc-3619136,11.9306,-85.9537,lake
uc-3617697,12.2351,-86.4281,lake
uc-3618929,13.091,-86.0023,
uc-3619267,12.6635,-87.1666,coast
uc-3617459,11.6876,-84.4562,
uc-3616035,12.1973,-86.0971,lake|river
uc-3618908,12.1059,-85.3655,
uc-3620680,12.0129,-83.7645,coast
uc-3620170,11.8581,-86.2392,
uc-3617448,13.6322,-86.474,mountain|river
uc-3617154,14.0351,-83.3888,coast
uc-3620390,12.5704,-87.028,coast
uc-3617052,11.4398,-85.8275,coast|lake
uc-3616594,11.8485,-86.4384,coast
uc-3618926,11.8483,-86.1992,
uc-3620674,12.4726,-85.6596,
uc-3617522,12.2659,-86.5647,lake
uc-3618954,13.9222,-86.1235,
uc-3618411,12.34,-86.6753,coast|lake
uc-3616682,11.9095,-86.2035,
uc-3617725,11.9145,-86.1446,
uc-3617513,11.757,-86.0529,
uc-3617095,12.1596,-84.2195,river
uc-3616232,13.4841,-86.5823,
uc-3620269,12.4825,-87.173,coast
uc-3617069,12.9344,-85.2235,
uc-3620544,12.3838,-85.5128,
uc-3619853,11.9901,-86.3095,
uc-3616253,13.7332,-84.7772,
uc-3616234,13.0439,-86.9051,
uc-2440485,13.5137,2.1098,river|steppe
uc-2441291,13.5,7.1017,steppe
uc-2437798,13.8072,8.9881,desert
uc-2439376,14.8888,5.2692,desert
uc-2448085,16.9733,7.9911,desert
uc-2447513,18.7369,7.3853,desert
uc-2447938,17.0187,8.0168,desert
uc-2437732,13.796,5.2503,steppe
uc-2445488,13.049,3.1937,steppe
uc-2444489,11.8843,3.4492,river|steppe
uc-2438823,13.7574,7.9874,desert
uc-2445704,13.3154,12.6113,desert|river
uc-2445553,13.6403,4.0265,steppe
uc-2440977,14.3939,1.1338,desert|river
uc-2446267,14.5106,6.765,desert
uc-2438855,14.0078,0.7531,desert
uc-2440921,13.7073,9.1501,desert
uc-2441530,14.073,5.96,desert
uc-2441217,13.4231,8.4748,desert
uc-2441482,12.9983,8.9099,steppe
uc-2440495,14.2495,13.1092,desert
uc-2437934,13.3342,2.2475,river|steppe
uc-2438678,14.2071,1.4542,desert|river
uc-2443304,14.4605,5.2437,desert
uc-2448245,15.4509,6.2793,desert
uc-2439155,14.9709,8.8879,desert
uc-2447416,14.7308,0.9174,desert|river
uc-2444219,13.9835,10.2704,desert
uc-2443623,13.6576,6.6957,desert
uc-2448024,13.506,7.7786,steppe
uc-2441194,13.9553,7.6712,desert
uc-2447223,13.7838,2.9523,desert
uc-2438974,15.8969,5.7985,desert
uc-2442248,13.3043,2.339,river|steppe
uc-2444479,13.5258,7.914,desert
uc-2437731,13.0817,2.911,steppe
uc-2439812,13.1007,2.3689,river|steppe
uc-2441447,13.2114,12.0241,desert
uc-2444995,14.3521,3.3168,desert
uc-2441526,13.3087,7.156,steppe
uc-2438409,13.1191,1.7987,steppe
uc-2332459,6.4541,3.3947,coast
uc-2335204,12.0001,8.5167,steppe
uc-2339354,7.3776,3.9059,
uc-2352778,9.0579,7.4951,
uc-2324774,4.7774,7.0134,coast|wetland
uc-2326016,6.1498,6.7857,river
uc-2335727,10.5264,7.4388,
uc-2347283,6.3381,5.6258,
uc-2353151,5.1066,7.3667,wetland
uc-2331447,11.8469,13.1571,steppe
uc-2337639,8.4966,4.5421,
uc-2335953,9.9285,8.8921,
uc-2322911,13.0627,5.2432,river|steppe
uc-2317765,11.1113,7.7227,
uc-2343279,6.4413,7.4988,
uc-2319133,5.5174,5.7501,coast|wetland
uc-2325590,7.771,4.557,
uc-2325200,7.8537,3.9324,
uc-2352947,7.1557,3.3451,river
uc-2350841,7.2526,5.1931,
uc-2347470,10.3103,9.8439,
uc-2351943,6.6156,3.3334,coast
uc-2334802,12.9908,7.6018,steppe
uc-2327220,7.5512,6.2359,
uc-2338900,7.4824,4.5603,
uc-2340451,10.2897,11.1673,
uc-2325330,5.4836,7.0332,wetland
uc-2346229,4.9589,8.327,coast
uc-2344082,6.6009,3.4882,coast|river
uc-2352379,7.6233,5.2209,
uc-2338325,7.5259,5.7534,
uc-2318044,9.2084,12.4815,river
uc-2319480,5.0513,7.9335,
uc-2327735,8.1337,4.2401,
uc-2330100,9.6152,6.5478,
uc-2347209,9.0804,6.0099,
uc-2331140,7.7337,8.5214,river
uc-2337704,7.6279,4.7416,
uc-2326171,7.0932,4.8353,
uc-2320576,5.5249,7.4946,
uc-2337181,7.9702,3.5963,
uc-2318123,4.9268,6.2676,river|wetland
uc-2341374,7.3228,9.0011,
uc-2338400,6.8194,3.9173,
uc-2336905,7.6353,4.1816,
uc-2566696,6.6101,3.3097,coast
uc-2566676,6.6066,3.3024,coast
uc-2323675,5.8941,5.6767,wetland
uc-2325457,6.6887,3.232,
uc-2338273,7.3698,4.1863,
uc-2343983,7.6565,4.9223,
uc-2325314,7.1962,5.5868,
uc-2338106,5.1819,7.7148,
uc-2336056,9.2795,12.4582,river
uc-2323411,6.8485,3.6463,
uc-2339937,12.1702,6.6641,river
uc-2329821,10.2686,13.267,
uc-2320831,5.8087,8.081,
uc-12129605,11.5596,9.6641,
uc-2328765,6.0196,6.9173,
uc-2337207,7.4648,5.4233,
uc-2337765,8.0171,4.9042,
uc-2323390,8.6676,3.3939,
uc-2348773,6.2127,7.072,
uc-2338385,7.8151,5.0672,
uc-2337490,7.8486,4.3298,
uc-2322794,9.1806,7.1794,
uc-2344053,7.7363,4.4354,
uc-2334327,9.083,3.852,
uc-2337313,6.4169,3.1406,coast
uc-2341355,7.4773,4.3535,
uc-2343784,7.903,4.3136,
uc-2342490,11.5235,7.3117,
uc-2338711,8.8378,3.7563,
uc-2338269,7.9128,4.6674,
uc-2353099,6.3248,8.1137,
uc-2319668,6.7,6.3333,
uc-2350249,5.7892,7.8383,
uc-2332515,8.4939,8.5153,
uc-2341656,12.874,11.0406,desert|river
uc-2330028,7.383,4.2603,
uc-2347954,11.5213,13.6895,steppe
uc-2336589,8.8937,11.3596,
uc-2327143,5.8292,7.3506,
uc-2327879,8.1491,4.7207,
uc-2343093,4.8029,8.2534,coast
uc-2328684,6.8578,7.3958,
uc-2328952,12.877,10.4554,desert
uc-2339631,12.4535,10.0412,river|steppe
uc-2338403,6.972,3.9994,
uc-2347059,12.4539,4.1975,steppe
uc-2324857,9.9843,10.9523,
uc-2348595,11.6748,10.1907,steppe
uc-2338287,7.4975,5.2304,
uc-2332504,8.853,5.4164,
uc-2350523,6.4749,3.1691,coast
uc-2334008,10.4032,5.4708,
uc-2333604,8.8795,7.2276,
uc-2346995,10.6128,12.1946,
uc-2332079,10.3858,8.5729,
uc-2318921,7.8714,9.7779,
uc-2338669,7.4338,3.2879,
uc-2343299,7.4364,5.4592,
uc-2337148,6.3819,8.0374,
uc-2338876,6.8149,3.1952,
uc-2328185,4.7113,6.7908,coast
uc-2343985,6.6311,8.0581,
uc-2339150,7.1127,5.1159,
uc-2324767,11.7139,11.0811,steppe
uc-2334652,8.8465,7.8735,
uc-2343252,6.5841,3.9834,coast
uc-2342192,12.373,14.2069,desert|river|steppe
uc-2338497,5.8548,6.8594,
uc-2337352,7.8738,5.0769,
uc-2332357,7.4679,4.0659,
uc-2320829,5.4896,6.0041,wetland
uc-2347303,5.5587,7.6336,
uc-2327223,7.8167,4.9167,
uc-2335713,9.5813,8.2926,
uc-2338242,5.9667,8.7063,
uc-2351740,6.1005,7.061,
uc-2345096,11.5541,11.406,steppe
uc-2328617,9.4637,12.0306,river
uc-2335614,9.6078,8.3904,
uc-2328090,7.7899,5.7117,
uc-2338640,6.018,7.0203,
uc-2349529,7.7048,5.0405,
uc-2338810,7.5025,5.0626,
uc-2325161,5.9575,6.853,
uc-2350886,6.709,7.3183,
uc-2325249,8.05,4.7667,
uc-2336237,12.2234,4.3797,steppe
uc-2327494,5.6146,7.8119,
uc-2352250,5.8926,7.9353,
uc-2342628,7.7139,3.9167,
uc-2325733,7.5563,3.4411,
uc-2343822,6.6592,7.7596,
uc-2331005,11.7894,7.6206,
uc-2334756,12.5937,6.5865,steppe
uc-2343270,6.1715,7.0053,
uc-2339156,7.1135,6.7387,river
uc-2351979,6.2538,6.1942,
uc-2342883,6.4409,8.0843,
uc-2320920,5.9358,7.0793,
uc-2328790,5.7592,7.1038,
uc-2348892,7.0676,6.2636,
uc-2331939,7.7969,6.7405,river
uc-2343641,6.743,6.1403,
uc-2335843,7.8272,6.075,
uc-2337759,6.889,3.0142,
uc-2345521,11.747,11.9608,steppe
uc-2349431,12.7448,4.5251,river|steppe
uc-2340091,12.6269,9.3881,steppe
uc-2341294,12.8944,11.9265,desert|river
uc-2322529,12.5684,6.0622,steppe
uc-2340086,12.1448,5.1178,steppe
uc-2325506,7.9478,4.7884,
uc-2327650,6.6584,8.7992,
uc-2334801,7.1694,9.2846,
uc-2338855,7.6807,3.1841,
uc-2336985,5.2013,7.9837,
uc-2333451,10.0481,11.2105,
uc-2327233,7.95,4.9833,
uc-2343144,7.5391,3.4245,
uc-2325060,9.3254,9.4352,
uc-2329451,8.5389,7.7082,
uc-2335798,9.8734,7.9541,
uc-2344854,12.0361,13.9182,desert|steppe
uc-2329920,12.8741,6.4875,steppe
uc-2324960,8.7285,5.7556,river
uc-2319257,8.9415,8.6031,
uc-2347592,8.6157,6.4185,river
uc-2326811,9.2187,3.2012,
uc-2347057,11.4521,9.4786,
uc-2348395,6.415,2.8813,coast
uc-2327513,6.1781,6.5246,
uc-2343720,4.6423,7.9244,coast
uc-2335333,11.8517,3.6548,steppe
uc-2345094,13.033,8.3235,steppe
uc-2322552,7.2667,9.9833,
uc-2338772,8.7492,4.1311,
uc-2317569,9.8073,6.1524,
uc-2317548,11.4352,5.2349,
uc-2322263,10.0706,6.1906,
uc-2348783,6.0728,7.4774,
uc-2318933,11.8094,8.8442,river
uc-2329562,11.096,11.3326,river|steppe
uc-2339287,8.1812,9.7443,river
uc-2347061,11.0154,6.7804,
uc-2344229,10.8501,8.199,
uc-2335596,9.6053,3.941,
uc-2325437,7.1017,7.6594,
uc-2327521,5.7104,6.8094,wetland
uc-2345498,11.1553,12.7564,steppe
uc-2336251,9.1197,4.8236,river
uc-2341758,10.1751,11.1646,
uc-2329981,9.2948,5.0541,
uc-2341580,11.8606,9.0027,steppe
uc-2322495,12.4059,4.646,steppe
uc-2343512,5.1009,6.8141,wetland
uc-2329946,12.6706,13.6122,desert
uc-2332871,5.7077,6.434,wetland
uc-2341275,6.7256,11.2565,
uc-2328151,6.6682,9.1645,
uc-2340446,10.1676,12.7368,
uc-2331528,12.1145,12.8262,steppe
uc-2343273,6.9827,7.4553,
uc-2335015,11.2471,10.561,steppe
uc-2345152,10.9992,10.4106,
uc-2324575,11.5568,8.5807,
uc-2334306,11.7844,9.6069,steppe
uc-2345029,10.2119,11.3871,
uc-2338660,7.4512,8.6081,
uc-2348507,10.4295,3.815,
uc-2343943,8.219,5.5076,
uc-2339892,13.3582,5.2381,steppe
uc-2347330,7.8587,10.9719,
uc-2337680,13.7306,5.2978,steppe
uc-2344245,11.7562,9.339,steppe
uc-2344418,10.8238,10.7722,
uc-2346812,4.4516,7.1707,coast
uc-2346951,8.939,4.7823,
uc-2324504,11.1039,5.2556,
uc-2333490,13.155,10.6347,desert
uc-2332249,9.0444,6.5709,
uc-2346317,5.3533,5.5083,coast|wetland
uc-2339756,11.916,7.9337,
uc-2333563,12.9247,13.5662,desert
uc-2350806,8.9108,8.4065,
uc-2347155,9.8671,11.2259,
uc-2339786,11.2773,9.8839,river
uc-2322957,10.9813,8.0575,
uc-2330719,12.3653,13.8293,desert|steppe
uc-2339293,10.4854,5.145,
uc-2349951,10.9625,8.3923,
uc-2352356,6.5955,2.9418,
uc-2341955,8.435,12.0511,
uc-2339665,11.0831,13.6959,steppe
uc-2351470,7.5623,6.655,
uc-2344600,8.3931,8.3554,
uc-2337235,8.2734,5.8353,
uc-1871859,39.0339,125.7543,
uc-1877449,39.9183,127.5364,coast
uc-1873757,38.7375,125.4078,coast
uc-1869012,39.4317,125.9328,
uc-2044757,41.7956,129.7758,coast
uc-1877030,39.842,127.6321,coast
uc-1876373,37.9708,126.5544,coast
uc-1866923,39.1528,127.4436,coast
uc-1876401,39.7006,125.8933,
uc-1870883,38.5072,125.7558,coast
uc-2040893,40.1006,124.3981,coast|river
uc-1868144,39.7526,126.258,
uc-1877615,38.0406,125.7147,coast
uc-2043572,40.9695,126.5852,
uc-2045220,40.6061,128.7819,
uc-2043837,41.4017,128.1778,river
uc-1873014,37.9931,126.3014,coast
uc-2040959,40.0397,128.1943,coast
uc-1869446,38.7635,125.641,coast
uc-1878458,37.9703,125.9375,coast
uc-1870648,38.3532,125.4842,
uc-1950953,39.4627,125.6059,coast
uc-1879490,38.7358,125.2308,coast
uc-2039589,42.5188,130.3348,
uc-2042893,41.1547,126.2894,river
uc-1867429,38.5139,125.1897,coast
uc-1876124,37.9075,125.51,coast
uc-1876105,38.9364,125.5811,
uc-1871871,39.2464,125.8719,
uc-2042709,41.2556,129.4928,
uc-2055401,41.1372,129.4947,coast
uc-1870277,38.2353,125.7624,
uc-2043835,41.3953,128.1873,river
uc-1867377,38.5656,125.4272,coast
uc-1875060,38.4461,125.0186,coast
uc-2042500,42.9539,129.8572,river
uc-2042255,41.4478,129.6556,coast
uc-1871537,38.3594,125.3259,
uc-1871932,38.1239,126.2047,
uc-2038854,40.0247,128.1597,coast
uc-2044050,40.0253,127.9558,coast
uc-2043962,40.8381,129.4969,coast
uc-2042645,42.2556,130.2831,coast
uc-1879613,39.6178,125.6647,coast
uc-2042718,41.0706,129.4292,
uc-1868578,38.0882,125.2983,coast
uc-1873172,37.9347,125.3619,coast
uc-2043484,40.9642,129.3278,
uc-1879487,38.3992,125.6156,
uc-2039623,40.1994,124.5317,coast|river
uc-2041702,42.0622,129.7046,
uc-2055638,40.3617,126.6585,
uc-1869577,38.3603,125.1372,coast
uc-2044091,42.4411,129.746,river
uc-1889792,39.4033,125.5089,coast
uc-2041137,41.0789,126.375,
uc-2044489,41.7772,126.8736,river
uc-1868998,38.9914,125.9778,
uc-1879029,38.2508,125.0961,coast
uc-2040480,40.377,125.8787,
uc-2042704,40.3728,126.3083,
uc-2038902,41.9081,129.0111,
uc-1869021,39.2032,125.6931,
uc-1876873,38.6703,125.7761,coast
uc-2042987,41.5878,129.6061,coast
uc-1879672,39.0425,127.5239,coast
uc-2043335,40.6039,125.9467,
uc-2041442,41.8036,128.3189,
uc-1875107,39.9797,125.2529,
uc-1878389,39.6933,125.2103,coast
uc-1876153,39.1425,126.0961,
uc-2040674,42.3512,130.3831,coast
uc-13446724,42.3417,130.4108,coast
uc-2043677,40.3231,128.6553,coast
uc-1877046,38.7986,125.7919,
uc-1875632,38.8558,127.4181,
uc-1866569,37.9089,126.1611,coast
uc-2042249,40.0183,127.4547,
uc-2042738,42.2261,129.2078,river
uc-1875588,39.4381,127.2431,coast
uc-1877148,38.7103,127.5983,
uc-1867927,38.9539,127.8917,coast
uc-2043531,41.0903,128.2933,
uc-1879682,38.5108,125.4942,coast
uc-2042267,42.9572,129.9933,river
uc-1875506,39.8672,126.0303,
uc-1870413,39.4947,125.4736,coast
uc-1877872,38.8639,125.8,
uc-1871484,39.9475,127.8711,coast
uc-1870434,38.4167,126.2333,
uc-2041533,40.3894,125.0467,lake
uc-785842,41.9965,21.4314,
uc-785082,42.0099,20.9714,
uc-788886,42.1328,21.7158,
uc-786735,41.3456,21.5537,
uc-792578,41.0323,21.3355,
uc-785058,41.7172,21.772,
uc-790295,41.7963,20.908,
uc-785482,41.7458,22.1958,
uc-7886881,41.4785,20.5594,river
uc-787487,41.117,20.8017,lake
uc-789541,41.4334,22.0122,
uc-785387,41.1779,20.6789,lake|river
uc-789403,41.9164,22.4128,
uc-785380,41.4376,22.6429,
uc-789527,41.5127,20.9587,
uc-788654,42.157,21.5856,
uc-783926,41.9803,21.0642,
uc-786565,41.6383,22.4647,
uc-785113,42.0759,21.0518,
uc-789045,42.202,22.3339,
uc-790744,41.1429,22.5011,
uc-787716,41.4846,22.0906,
uc-784424,41.8812,22.5107,
uc-791606,41.5229,20.522,river
uc-787715,41.8779,20.8839,
uc-791559,41.9672,22.7694,
uc-786341,41.09,21.0088,lake
uc-833357,41.993,21.5808,
uc-792501,41.9224,20.9153,
uc-7828758,15.2123,145.7545,coast
uc-3143244,59.9127,10.7461,coast
uc-3161732,60.393,5.3242,coast
uc-3133880,63.4305,10.3951,coast
uc-3137115,58.9701,5.7333,coast
uc-3149318,58.1467,7.9956,coast
uc-3140321,58.8524,5.7352,coast
uc-3159016,59.7439,10.2045,coast
uc-3147465,59.956,11.0492,coast|lake
uc-3156529,59.2181,10.9298,coast|lake|river
uc-3140390,59.1312,10.2166,coast
uc-3162657,59.8333,10.4372,coast|lake
uc-3140084,59.2839,11.1096,coast|lake|river
uc-3134331,59.2675,10.4076,coast
uc-3163392,62.4723,6.1549,coast
uc-3139075,59.2096,9.609,coast
uc-3145375,59.434,10.6577,coast
uc-3133895,69.6489,18.9551,coast
uc-3153623,59.4138,5.268,coast
uc-3142657,59.1405,9.6561,coast
uc-3160881,67.2827,14.3751,coast
uc-3162955,58.4615,8.7725,coast
uc-3154084,60.7945,11.068,lake
uc-3147474,61.1151,10.4663,lake|river
uc-3151770,59.4172,10.4834,coast
uc-3155041,58.3405,8.5934,coast
uc-3149312,63.1105,7.7279,coast
uc-3148129,59.0533,10.0352,coast
uc-3145580,62.7375,7.1591,coast
uc-3154209,59.1248,11.3875,coast
uc-3153823,68.7983,16.5417,coast
uc-3147698,63.7464,11.2996,coast
uc-3134628,58.7333,5.7,coast
uc-3145614,66.3128,14.1428,coast|glacier
uc-3133904,69.65,19.0167,coast
uc-3149563,59.6686,9.6502,
uc-3155573,60.7957,10.6915,lake
uc-3136765,63.4681,10.9262,coast
uc-847633,69.9689,23.2717,coast
uc-287286,23.5841,58.4078,coast|desert
uc-288967,23.6703,58.1891,coast|desert
uc-288764,23.5777,58.3998,coast|desert
uc-287830,23.2257,56.5157,desert
uc-286621,17.015,54.0924,coast|desert
uc-286647,24.1722,56.8886,coast|desert
uc-289011,23.3908,57.4244,desert|mountain
uc-286282,24.3474,56.7094,coast|desert
uc-288955,23.8494,57.4386,coast|desert
uc-288789,23.6787,57.886,coast|desert
uc-286590,23.2984,57.9531,desert
uc-289317,24.2509,55.7931,desert
uc-286987,22.9333,57.5333,desert
uc-286245,22.5667,59.5289,coast|desert
uc-286839,23.263,58.9201,coast|desert
uc-288899,22.9789,57.3047,desert
uc-289199,23.9714,57.0931,coast|desert
uc-286402,24.7426,56.467,coast|desert
uc-286293,23.3167,58.0167,desert
uc-287814,22.9333,57.7667,desert
uc-289174,24.5308,56.563,coast|desert
uc-287832,22.6906,58.5334,desert
uc-288721,23.4079,58.1283,desert
uc-288902,22.45,58.8,desert
uc-287614,26.1799,56.2477,coast|desert
uc-289433,22.3793,57.5272,desert
uc-411849,23.5864,56.5397,desert
uc-1172451,31.558,74.3507,desert|steppe
uc-1174872,24.8608,67.0104,coast|desert
uc-1168197,34.008,71.5785,steppe
uc-1166993,33.5973,73.0479,
uc-1179400,31.4155,73.0897,desert
uc-1177662,32.1557,74.187,desert
uc-1169825,30.1968,71.4782,desert
uc-1176734,25.3969,68.3772,desert
uc-1167528,30.1841,67.0014,steppe
uc-1183460,32.9853,70.604,steppe
uc-1166000,32.0859,72.6742,desert|steppe
uc-1164909,32.4927,74.5313,desert
uc-1183880,29.3978,71.6752,desert
uc-1184370,30.2906,73.0657,desert
uc-1180281,31.8313,70.9017,desert
uc-1169607,34.37,73.4708,river
uc-1183105,34.6772,73.0233,
uc-1177654,32.5742,74.0754,desert
uc-1164408,27.7032,68.8589,desert|river
uc-1180942,30.9662,73.9791,desert|steppe
uc-1175892,31.2698,72.3169,desert
uc-1165221,31.7129,73.9856,desert|steppe
uc-1168718,30.8103,73.4515,desert
uc-1166548,30.6659,73.1019,desert
uc-1166547,31.9739,72.3311,desert|steppe
uc-1167460,28.4199,70.3034,desert
uc-1174625,31.1187,74.4502,desert|steppe
uc-1176358,29.5051,71.222,desert
uc-1180289,30.0459,70.6403,desert
uc-1168021,31.8984,73.2734,desert|steppe
uc-1175748,31.5681,73.1832,desert|steppe
uc-1163964,24.7891,68.9654,desert
uc-1163965,25.4605,68.7174,desert
uc-11785389,33.7709,72.7512,
uc-1181096,31.7209,72.9784,desert|river|steppe
uc-1164776,26.0301,68.8087,desert
uc-1182682,31.5688,72.6492,desert
uc-1172128,27.559,68.212,desert
uc-1169116,26.2394,68.4037,desert
uc-1182092,30.1667,72.65,desert
uc-1170395,34.7795,72.3627,
uc-1177384,32.071,73.688,desert|steppe
uc-1185056,34.1463,73.2117,
uc-1170880,34.1979,72.0496,
uc-1171305,24.9434,67.2059,coast|desert
uc-1175088,31.9753,74.223,desert
uc-1166652,28.3091,70.1265,desert
uc-1170295,25.5276,69.0126,desert
uc-1175864,32.9345,73.731,desert|river
uc-1164709,35.2979,75.6337,desert|river
uc-1169692,31.8026,74.2577,desert|steppe
uc-1165569,31.5709,73.4853,desert|steppe
uc-1183883,29.9983,73.2527,desert
uc-1332083,30.5508,73.3908,desert
uc-1172657,25.1787,69.5657,desert
uc-1169605,30.0726,71.1938,desert
uc-1179837,25.1566,69.111,desert
uc-1174376,28.0572,67.979,desert
uc-1176515,28.2819,68.4376,desert
uc-1173664,27.8119,66.611,desert
uc-1178338,35.9187,74.3124,desert|glacier
uc-1178231,31.1493,72.6832,desert
uc-1163198,33.9905,72.2863,river
uc-1165108,27.9556,68.6382,desert
uc-1180809,26.7303,67.7769,desert
uc-1164045,24.8845,68.8144,desert
uc-1167648,30.2918,71.6716,desert
uc-1180752,29.5577,70.3761,desert
uc-11124382,34.0191,71.9745,steppe
uc-1184845,29.1427,71.2577,desert
uc-12524485,25.0255,66.8853,coast|desert
uc-8986037,34.0392,73.5769,
uc-1162004,27.5295,68.7592,desert
uc-1162456,32.4432,74.12,desert|river
uc-1163967,25.7682,68.662,desert
uc-1177042,29.6922,72.5457,desert
uc-1175156,30.7271,72.6461,desert
uc-1179660,27.3742,68.0971,desert
uc-11250625,26.3248,66.2959,desert
uc-1176241,29.6424,70.5952,desert
uc-1181439,34.1482,71.7406,steppe
uc-1173491,33.582,71.4493,steppe
uc-1172035,30.9613,70.939,desert
uc-1164970,29.8809,71.2934,desert
uc-1176106,31.3332,73.4187,desert|steppe
uc-1181073,29.7971,72.8577,desert
uc-1177073,29.6121,73.138,desert
uc-1176368,32.6412,74.2056,desert
uc-1162959,25.3633,69.7418,desert
uc-1171965,29.5339,71.6324,desert
uc-1170013,26.6632,68.0002,desert
uc-1174167,28.6474,70.6569,desert
uc-1184249,33.7667,72.3598,
uc-1170989,25.9083,68.2368,desert|river
uc-1170486,30.4407,72.3568,desert
uc-1166265,32.4783,74.3534,desert
uc-1182815,31.6269,71.0647,desert
uc-1167386,31.2208,74.2548,desert|steppe
uc-1164216,34.1202,72.4698,
uc-1169278,32.102,74.873,desert
uc-1181611,30.9177,66.4526,desert
uc-1169372,31.4501,73.7065,desert|steppe
uc-1171123,32.587,73.4912,desert
uc-1170425,32.5776,71.5285,steppe
uc-1180374,26.4553,68.3183,desert
uc-1179061,27.3517,68.5215,desert
uc-1180436,32.3242,74.3504,desert
uc-1165388,32.2636,75.1601,desert
uc-1168555,30.3431,73.3894,desert
uc-1171502,29.8012,72.174,desert
uc-1169027,33.1478,73.7519,lake
uc-1163272,30.9713,72.4827,desert
uc-1176997,30.451,73.6937,desert
uc-1165638,27.8473,67.9068,desert
uc-1178456,28.0044,69.3157,desert
uc-1184055,24.656,68.837,desert
uc-1163724,30.7036,70.6505,desert
uc-1182829,31.2024,73.9486,desert|steppe
uc-1163952,25.1238,68.5368,desert
uc-1168226,31.0202,73.8533,desert|steppe
uc-1165635,25.9254,68.6228,desert
uc-1176022,32.2902,72.2818,desert|steppe
uc-1162813,30.0445,72.3556,desert
uc-1181163,30.5301,72.6916,desert
uc-1173920,32.6491,73.0106,desert|steppe
uc-1397479,28.5466,68.2231,desert
uc-1173378,30.4691,70.967,desert
uc-1166146,31.7167,73.3833,desert|steppe
uc-1174042,32.8161,73.887,desert
uc-1173687,32.2967,72.3525,desert|river|steppe
uc-1168307,32.2629,74.6633,desert
uc-1168412,27.8562,69.1111,desert
uc-1165744,34.216,71.5548,steppe
uc-1172915,31.1707,74.1013,desert|steppe
uc-1181636,32.9329,72.8539,
uc-1166933,30.8788,73.5986,desert
uc-1179760,30.6698,73.6531,desert
uc-1167534,27.8744,67.7089,desert
uc-1175021,28.2457,69.1797,desert
uc-1179834,31.2173,72.9962,desert
uc-1175560,30.4047,71.8627,desert
uc-1177278,25.8146,68.422,desert|river
uc-11179544,28.0536,69.7025,desert
uc-1179790,32.641,73.7204,desert
uc-1163414,28.2403,68.7755,desert
uc-1179223,29.1934,72.8552,desert
uc-1167031,27.8023,68.289,desert
uc-1179331,33.5649,72.6428,
uc-11535259,30.877,74.0552,desert|steppe
uc-1164069,32.9277,72.4159,steppe
uc-1175453,31.3671,74.369,desert|steppe
uc-1167622,27.5875,68.0007,desert
uc-1162275,28.8128,70.5234,desert
uc-1176800,30.7417,73.8233,desert
uc-1168633,32.105,70.9706,desert
uc-1163054,26.0012,63.0485,desert
uc-1163224,34.0703,72.6215,lake|river
uc-1182787,32.2658,72.8981,desert|steppe
uc-1170294,28.0214,69.5491,desert
uc-1183090,34.6178,71.9725,
uc-1166381,26.1384,68.2744,desert
uc-1177446,25.1216,62.3254,coast|desert
uc-1175446,29.6243,71.9144,desert
uc-1177682,33.2541,73.3043,
uc-1180983,31.75,73.8,desert|steppe
uc-1161983,33.8578,73.7604,
uc-1180454,31.7845,71.102,desert
uc-1170398,30.1636,73.5686,desert
uc-1170951,34.3302,73.1968,
uc-1183224,30.5776,73.8391,desert
uc-1172318,32.7014,73.9575,desert
uc-1162868,28.1772,68.0437,desert
uc-1164896,29.543,67.8773,desert
uc-1168015,33.2409,72.2648,steppe
uc-1168166,32.431,73.579,desert|steppe
uc-1166164,26.0469,68.9492,desert
uc-1179377,29.468,73.0349,desert
uc-1162316,29.1212,71.7446,desert
uc-1179346,31.8864,72.4136,desert|steppe
uc-1181065,35.8518,71.7864,desert
uc-1177107,33.9978,72.9349,lake
uc-1176233,34.0015,71.3801,steppe
uc-1106880,33.4341,73.3628,
uc-1179496,31.8344,71.4364,desert
uc-1161991,27.5918,68.6185,desert
uc-1168680,34.0097,71.7944,steppe
uc-1172295,31.8246,72.8012,desert|steppe
uc-1167669,30.1778,73.0651,desert
uc-1167873,30.7666,72.4346,desert
uc-1170219,24.737,69.7971,desert
uc-1172964,32.1884,73.0299,desert|steppe
uc-1163021,28.1643,69.7311,desert
uc-1167380,29.1041,70.3297,desert
uc-1162105,31.3408,69.4493,desert
uc-1170667,25.0429,68.6559,desert
uc-1176445,30.0393,71.8167,desert
uc-1182122,36.2733,72.2593,desert|glacier
uc-1177397,32.6404,74.569,desert
uc-1164825,31.8254,72.5406,desert|steppe
uc-1168749,29.5522,66.0229,desert
uc-1176035,29.5183,70.8447,desert
uc-1173055,33.5184,73.9022,
uc-1340665,33.855,72.3942,
uc-1177064,30.4239,72.6974,desert
uc-1174984,30.7647,74.1229,desert|steppe
uc-1171757,29.8637,67.3302,desert
uc-1175010,27.0592,68.2102,desert
uc-1163582,24.7475,67.9235,desert|wetland
uc-1179305,31.1777,71.2048,desert
uc-1175082,33.747,73.5123,
uc-1168312,25.263,63.4692,coast|desert
uc-1172682,32.4577,71.4789,steppe
uc-1164419,31.8654,73.5088,desert|steppe
uc-1179450,29.8027,71.7434,desert
uc-1165789,26.4249,67.8613,desert|river
uc-1162500,27.7273,64.8097,desert
uc-1169145,31.9626,73.9712,desert|steppe
uc-1174357,28.0644,69.7036,desert
uc-1181053,32.7196,72.9862,
uc-1181910,27.8584,68.8338,desert|river
uc-1174301,34.06,72.8896,lake
uc-1175125,32.8432,71.3619,steppe
uc-1163905,32.2171,70.3832,desert
uc-1163968,31.0336,73.1327,desert
uc-1171868,30.3705,68.5979,steppe
uc-1172339,32.6072,70.9123,steppe
uc-1177203,33.532,71.0595,steppe
uc-1163927,34.3009,71.6524,steppe
uc-6457378,32.5549,73.2122,desert|river|steppe
uc-1174217,31.8329,73.6221,desert|steppe
uc-1169334,31.9038,74.5159,desert|steppe
uc-1171376,32.5545,73.2127,desert|river|steppe
uc-1174653,28.4326,69.5836,desert
uc-1184655,29.3824,70.9111,desert
uc-1183992,33.9811,73.7761,
uc-1169187,27.6668,68.3609,desert|river
uc-1412008,27.2127,68.4688,desert
uc-1171198,30.8304,72.7994,desert
uc-1165260,31.4612,74.1009,desert|river|steppe
uc-1182665,32.4821,72.9086,desert|river|steppe
uc-1179423,35.0003,72.4522,
uc-1174355,29.5814,72.238,desert
uc-1174062,28.5846,65.415,desert
uc-1162572,31.5451,73.8289,desert|steppe
uc-1168889,28.827,62.7504,desert
uc-1170584,27.1803,67.8205,desert
uc-1174344,27.0906,67.7349,desert
uc-1179757,35.2074,71.8768,
uc-1178560,28.1388,69.0824,desert
uc-1184752,34.0034,72.1256,
uc-1175180,32.1551,71.2663,desert|river
uc-1182998,26.2272,66.3118,desert
uc-1164076,35.4784,72.2438,
uc-1178841,30.8338,71.9049,desert|river
uc-1176444,31.8054,72.2774,desert|river|steppe
uc-1170706,29.7997,66.8455,steppe
uc-1171006,31.5333,74.55,desert|steppe
uc-1177308,33.7739,73.8944,
uc-1171165,31.588,73.6893,desert|steppe
uc-1179255,32.1763,75.0658,desert
uc-1164064,30.5269,72.2408,desert
uc-1175870,32.3619,72.6227,desert|steppe
uc-1169254,27.3814,67.9164,desert
uc-1182637,32.9746,74.0785,desert
uc-1164716,27.0333,67.85,desert
uc-1176470,35.6884,74.6241,desert|glacier|river
uc-1181352,32.3443,74.7051,desert
uc-1175296,29.0266,66.5936,steppe
uc-1180419,32.8753,71.5712,steppe
uc-1170222,32.2454,72.1061,steppe
uc-1176948,33.9099,72.4918,
uc-1179463,29.7497,73.2429,desert
uc-1174720,31.2246,70.9515,desert
uc-1173302,27.3416,68.7082,desert
uc-1175712,25.0485,61.7457,coast|desert
uc-1169684,33.9084,73.3903,
uc-1170436,28.1534,68.6418,desert
uc-1356491,30.6779,71.7434,desert
uc-1172779,31.9306,70.4596,desert
uc-1167821,30.5818,66.9941,steppe
uc-1175098,30.4292,73.0452,desert
uc-1177169,30.6325,72.8703,desert
uc-1168544,33.7153,73.6837,
uc-1162285,32.3446,74.8999,desert
uc-1172888,28.5521,70.4684,desert
uc-1175436,33.5918,73.3874,
uc-1174171,27.8409,69.413,desert
uc-1176889,27.2109,68.416,desert
uc-1169367,24.8582,69.4015,desert
uc-1172595,33.3844,73.2637,
uc-1182688,32.8605,72.7568,
uc-11467709,33.2641,73.7853,lake
uc-1165507,26.1541,68.6501,desert
uc-1181022,25.5126,69.7844,desert
uc-7091688,34.4985,73.014,lake
uc-1168652,26.7746,68.3009,desert
uc-1173272,32.3331,74.5469,desert
uc-1172059,32.6968,71.9327,steppe
uc-1164245,32.7182,74.4477,desert|river
uc-1179902,25.5048,69.5709,desert
uc-1174211,29.9145,71.1607,desert|river
uc-1166066,32.8258,70.7811,steppe
uc-1178587,24.7418,67.5853,desert|wetland
uc-1184075,31.9904,74.6641,desert
uc-7101024,33.3122,73.7035,lake
uc-1170677,25.5971,68.4467,desert
uc-1162589,27.448,67.7965,desert
uc-1108161,24.3944,67.993,desert|saltflat|wetland
uc-1172513,33.3829,71.3373,steppe
uc-9969716,28.9469,61.5866,desert
uc-1176218,33.433,72.0188,steppe
uc-1180295,29.0362,69.1585,desert
uc-1385128,34.0337,72.4818,river
uc-1163595,26.9423,68.1176,desert
uc-1169143,26.8401,68.1226,desert
uc-1184020,34.4377,73.2237,
uc-1179185,25.1188,66.7322,coast|desert
uc-1180825,29.4749,67.6517,desert
uc-1182775,26.5583,67.7214,desert
uc-1167501,27.1985,67.9535,desert
uc-1386329,33.1897,73.8383,lake
uc-1162862,25.8072,66.6219,desert
uc-1175283,31.976,73.6,desert|steppe
uc-1175678,26.6923,67.6143,desert
uc-1165486,29.5752,71.0221,desert|river
uc-1183614,36.3269,74.6614,desert|glacier
uc-1175365,32.9616,71.5464,river|steppe
uc-1175232,32.78,72.6979,steppe
uc-1180133,29.5799,71.7521,desert
uc-1177089,32.2787,71.5543,steppe
uc-1166062,30.5948,71.9699,desert|river
uc-281133,31.5016,34.4667,coast|steppe
uc-7303419,31.7834,35.2339,
uc-281124,31.3402,34.3063,coast|desert|steppe
uc-285066,31.5294,35.0938,
uc-282615,32.2211,35.2544,
uc-281102,31.2972,34.2436,coast|steppe
uc-281141,31.4183,34.3493,coast|steppe
uc-284375,31.7,35.1167,
uc-281577,32.3116,35.0269,coast
uc-282239,31.8996,35.2042,
uc-282457,32.1897,34.9706,coast
uc-281292,31.4459,35.0944,
uc-285108,31.91,35.2165,
uc-283506,32.4594,35.3009,
uc-284486,31.4097,34.9733,
uc-281715,31.6508,35.0644,
uc-284899,31.8667,35.45,lake|steppe
uc-284583,31.3967,35.0661,
uc-282476,32.4104,35.2809,
uc-283621,31.5587,34.9744,
uc-284999,32.4856,35.2301,
uc-281581,32.3209,35.3699,
uc-3703443,8.9936,-79.5197,coast
uc-3701329,9.0503,-79.4707,coast
uc-3712076,9.3603,-79.9002,coast|lake
uc-3711668,8.4273,-82.4309,coast
uc-3714637,8.9398,-79.6404,coast
uc-3707961,8.8776,-79.7801,coast
uc-3701117,8.1,-80.9833,
uc-3712455,9.154,-79.6202,lake
uc-3714932,9.1227,-79.5567,coast|lake
uc-3712560,9.43,-82.52,coast
uc-3707899,8.5167,-82.6239,
uc-3703068,8.5189,-80.3573,
uc-3701682,9.3452,-79.8054,coast|lake
uc-2088122,-9.4772,147.1509,coast
uc-2092740,-6.7233,146.9961,coast
uc-2100633,-6.2298,155.566,coast
uc-2090409,-5.8575,144.2306,
uc-2088163,-8.7654,148.2325,coast
uc-2091996,-5.2215,145.7869,coast
uc-2093685,-4.3432,152.2687,coast
uc-2090990,-6.1475,143.6563,
uc-2093967,-5.5508,150.1377,coast
uc-2096742,-6.085,145.3867,
uc-2083537,-3.5496,143.6323,coast
uc-2098869,-7.2036,146.6401,
uc-2098329,-9.0779,143.2089,coast
uc-3439389,-25.2865,-57.647,river
uc-3439101,-25.5036,-54.6507,lake|river
uc-3439214,-25.3552,-57.4455,
uc-3437842,-25.1661,-57.4856,
uc-3437547,-22.5493,-55.7387,
uc-3438735,-27.3318,-55.8666,river
uc-3437918,-25.3926,-57.3542,
uc-3436725,-25.093,-57.5273,river
uc-3439320,-25.3858,-57.1422,
uc-3437127,-25.4213,-57.5472,river
uc-3439317,-25.471,-56.016,
uc-3438819,-25.4461,-56.4393,
uc-3438834,-23.3999,-57.4324,river
uc-3436714,-25.7495,-56.4352,
uc-3437526,-26.8587,-58.3064,river
uc-3436622,-22.9661,-56.5407,
uc-3439297,-26.1966,-56.3679,
uc-3867291,-22.3394,-60.0316,
uc-3437954,-25.5005,-57.3672,
uc-3437063,-26.6703,-57.1407,
uc-3437824,-22.3829,-59.8355,
uc-3936456,-12.0432,-77.0282,coast|desert
uc-3947322,-16.399,-71.5375,desert
uc-3691175,-8.116,-79.03,coast|desert
uc-3693528,-5.1819,-80.6572,desert
uc-3698350,-6.7701,-79.855,coast|desert
uc-3941584,-13.5319,-71.967,
uc-3939459,-12.0687,-75.2103,
uc-3696183,-3.7481,-73.2529,river
uc-3693345,-8.3791,-74.5539,river
uc-3698304,-9.0751,-78.5937,coast|desert
uc-3937513,-15.5,-70.1333,
uc-3928128,-18.0146,-70.2536,desert
uc-3938527,-14.0754,-75.7342,desert
uc-3699088,-7.1638,-78.5003,
uc-3696417,-9.9288,-76.2399,river
uc-3691674,-4.9039,-80.6853,desert
uc-3943789,-13.4099,-76.1324,coast|desert
uc-3947019,-13.1638,-74.2234,steppe
uc-3931276,-15.84,-70.022,lake|tundra
uc-3696378,-9.5261,-77.5287,glacier|river
uc-3691582,-4.5772,-81.2719,coast|desert
uc-3691148,-3.5559,-80.4426,coast|steppe
uc-3943423,-11.9431,-76.7094,desert
uc-3934608,-17.1975,-70.9359,desert
uc-3931470,-12.5895,-69.1995,river
uc-3932145,-13.7103,-76.2054,coast|desert|river
uc-3940002,-11.1172,-77.6058,coast|desert
uc-3948642,-13.6343,-72.8838,
uc-3698105,-5.0925,-80.1625,desert
uc-3939285,-11.495,-77.2078,coast|desert
uc-3937547,-12.2131,-76.9052,coast|desert
uc-3944797,-10.6658,-76.2531,tundra
uc-3694112,-5.0892,-81.1144,coast|desert
uc-3938415,-17.6319,-71.3411,coast|desert
uc-3691348,-9.2953,-75.9957,river
uc-3696150,-5.7073,-78.8079,
uc-3927758,-11.419,-75.6899,tundra
uc-3694564,-6.0344,-76.9742,
uc-3939470,-12.7869,-74.973,tundra
uc-12157064,-9.5166,-77.5305,glacier|river
uc-3946820,-10.75,-77.7667,coast|desert
uc-3698390,-7.2244,-79.4248,desert
uc-3690654,-5.9018,-76.1223,river
uc-3692667,-6.9189,-79.582,desert
uc-3927942,-12.6719,-69.3555,
uc-3696057,-7.177,-76.7277,river
uc-3695466,-5.4023,-80.7422,desert
uc-3697033,-6.6389,-79.7889,desert
uc-3928679,-14.2694,-71.2261,
uc-3936952,-11.5189,-75.8993,tundra
uc-3698194,-7.7914,-79.2217,coast|desert
uc-3934239,-13.0754,-76.3172,coast|desert
uc-3938396,-13.0593,-76.3527,coast|desert
uc-3698540,-6.2317,-77.869,
uc-3691530,-4.9269,-80.3447,desert
uc-7626291,-14.6313,-69.4464,glacier|tundra
uc-3694178,-7.4006,-79.5714,coast|desert
uc-3691324,-8.1877,-76.5205,river
uc-3934707,-17.0231,-72.0147,coast|desert
uc-3944179,-10.407,-76.4617,river|tundra
uc-3933024,-10.6667,-77.8333,coast|desert
uc-3695675,-5.6111,-78.435,
uc-3944399,-11.5714,-77.2672,coast|desert
uc-3939761,-11.0964,-77.6139,coast|desert
uc-3928993,-13.0756,-76.3853,coast|desert
uc-3693057,-4.8378,-80.6456,desert|river
uc-3696847,-7.25,-79.4833,coast|desert
uc-3692895,-5.0608,-73.8503,river
uc-3930835,-12.8633,-72.6931,
uc-3929295,-12.8667,-72.7167,
uc-3692863,-6.0568,-77.1665,
uc-12157074,-6.4927,-76.3422,
uc-12157091,-10.6659,-76.2553,tundra
uc-3925590,-14.7908,-71.4099,tundra
uc-3934356,-14.831,-74.939,desert
uc-3925863,-10.2411,-76.6456,tundra
uc-3691954,-5.5569,-80.8222,coast|desert
uc-3946985,-14.8864,-70.5889,
uc-3938451,-16.0833,-69.6667,lake
uc-3692073,-7.9589,-79.2392,coast|desert
uc-3696509,-7.8,-78.0667,
uc-3694119,-7.7329,-79.3015,coast|desert
uc-3937733,-11.7758,-75.4966,
uc-3697838,-7.3333,-75.0167,river
uc-3690875,-8.4155,-78.752,coast|desert
uc-3699484,-5.7561,-78.4411,steppe
uc-12157092,-16.3631,-72.1921,desert
uc-3939386,-12.9333,-74.25,steppe
uc-3699831,-9.0378,-75.5091,
uc-12157093,-10.9191,-74.885,
uc-3691094,-8.4592,-76.4633,
uc-3814568,-4.2569,-80.886,desert
uc-3947740,-13.6556,-73.3872,
uc-3935572,-12.6581,-76.6308,coast|desert
uc-3818398,-3.5031,-80.2731,coast|steppe
uc-3947173,-10.7307,-73.7587,river
uc-3945985,-16.6238,-72.7105,coast|desert
uc-6395604,-11.4285,-74.4883,
uc-3692310,-7.4289,-79.5042,coast|desert
uc-3939168,-10.0681,-78.1522,coast|steppe
uc-3698176,-6.6406,-79.3892,desert
uc-3928924,-11.2522,-74.6386,
uc-3935288,-15.2119,-75.1103,coast|desert
uc-3937486,-11.159,-75.993,tundra
uc-3693826,-6.7332,-79.6359,desert
uc-3699364,-7.0561,-76.5911,river
uc-1692192,14.6488,121.0509,coast
uc-1701668,14.6042,120.9822,coast
uc-1715348,7.0731,125.6128,coast
uc-1720151,14.6495,120.9679,coast
uc-1717512,10.3167,123.8907,coast
uc-1723510,7.2042,124.4397,
uc-1699076,14.3903,121.0475,coast|lake
uc-1720681,14.2117,121.1653,lake
uc-1978681,7.1608,124.475,
uc-1679432,6.9103,122.0739,coast
uc-1730737,15.15,120.5833,
uc-1721080,8.4822,124.6472,coast
uc-1713022,6.1128,125.1717,coast
uc-1710914,14.4297,120.9367,coast|lake
uc-1716771,7.2236,124.2464,coast|river
uc-1729564,10.6667,122.95,coast
uc-1707267,10.3103,123.9494,coast
uc-1689395,14.8139,121.0453,coast
uc-1711005,10.6969,122.5644,coast
uc-1701500,10.6311,122.9789,coast
uc-1702540,14.8443,120.8104,coast
uc-1690039,15.0343,120.6844,coast
uc-1715430,14.3294,120.9367,coast|lake
uc-1688830,14.0683,121.3256,lake
uc-1682812,15.4802,120.5979,
uc-1711084,8.2289,124.2434,coast
uc-1688749,14.3595,121.0473,coast|lake
uc-1721906,15.4859,120.9665,
uc-1728930,16.4164,120.5931,
uc-1706684,8.9442,125.5019,coast
uc-1725094,14.4646,121.1929,lake
uc-1711082,8.25,124.4,coast
uc-1726280,13.7567,121.0584,coast
uc-1722186,8.9492,125.5436,coast
uc-1725115,14.3427,121.0807,lake
uc-1687687,15.1622,120.5675,
uc-1697175,14.8292,120.2828,coast
uc-1684712,11.2433,125.0047,coast
uc-1701472,8.1667,124.2167,coast
uc-1701053,8.0034,124.284,
uc-1697018,11.0064,124.6075,coast
uc-1684269,7.4475,125.8046,coast
uc-1705357,13.9314,121.6172,coast
uc-1698839,10.209,123.758,coast
uc-1680116,7.9064,125.0942,river
uc-1692685,9.7392,118.7353,coast
uc-1729085,10.5333,122.8333,coast
uc-1716198,16.0431,120.3333,coast
uc-1706090,13.9411,121.1631,lake
uc-1695804,7.3081,125.6842,coast
uc-1709968,9.9839,122.8142,coast
uc-1681602,10.3773,123.6386,coast
uc-1696710,7.8257,123.437,coast
uc-1708522,6.5031,124.8469,
uc-1713226,15.3072,120.9464,
uc-1706889,13.1412,123.7407,coast
uc-1716995,15.3255,120.6572,
uc-1695097,15.6689,120.5806,
uc-1698829,13.6192,123.1814,coast
uc-1695743,11.2511,125.0064,coast
uc-1685755,12.9739,123.9933,coast
uc-1691444,11.5853,122.7511,coast
uc-1719274,13.9311,121.4233,coast
uc-1727995,14.9547,120.8969,
uc-1688253,14.2814,121.4161,lake
uc-1680932,17.6158,121.7228,river
uc-1711982,14.8341,120.7327,coast
uc-1711146,17.1485,121.8892,river
uc-1686547,14.2157,120.9714,
uc-1695462,14.865,120.9572,coast
uc-1718722,15.3312,120.5898,
uc-1710544,13.4324,123.4115,coast
uc-1700868,14.4338,120.4857,coast
uc-1712051,14.8361,120.9784,coast
uc-1725804,9.3649,122.804,coast
uc-1707404,18.1978,120.5957,coast
uc-1680197,15.9761,120.5711,
uc-1689510,12.3528,121.0676,coast
uc-1707123,16.455,120.5875,
uc-1714201,9.3065,123.3077,coast
uc-1712875,8.8278,125.0997,coast
uc-1711718,10.0989,122.8706,coast
uc-1699296,14.7601,121.1999,
uc-1699054,7.8275,123.4782,coast
uc-1725863,15.8127,120.4557,
uc-1721168,10.9465,123.288,coast
uc-1691490,13.6323,121.2207,coast
uc-1684803,17.4738,121.468,
uc-8031389,17.4084,121.2785,
uc-1720034,14.9164,120.7658,coast
uc-1730413,14.9533,120.77,coast
uc-1693239,14.8872,120.8572,coast
uc-1692747,8.58,125.8964,
uc-1702649,6.415,125.6117,coast
uc-1712531,14.8333,120.8833,coast
uc-1701537,8.3697,124.8644,coast
uc-1684681,6.6925,124.6764,
uc-1720508,16.0111,120.36,coast
uc-1714956,6.7497,125.3572,coast
uc-1682659,14.0259,121.5929,coast
uc-1692214,7.7303,125.0989,
uc-1692565,14.9017,120.8492,coast
uc-1725684,8.7561,125.7675,
uc-1701124,7.7633,125.0053,river
uc-1687801,16.6881,121.5487,
uc-1717911,11.7753,124.8861,coast
uc-1700360,6.9551,126.2165,coast
uc-1710470,6.6294,124.605,
uc-1710141,6.0522,121.0022,coast
uc-1724767,8.2153,126.3164,coast
uc-1717926,12.4989,124.6377,coast
uc-1713818,10.8403,123.4992,coast
uc-1699323,7.8153,126.0544,
uc-1716388,11.2468,124.0146,coast
uc-1714674,8.567,123.3347,coast
uc-1696899,8.1481,123.8405,coast
uc-1705440,14.9405,120.6011,coast
uc-1727401,6.4238,124.776,
uc-1685230,6.3753,124.7452,
uc-1691280,12.8346,120.769,coast
uc-1728523,14.6761,120.5361,coast
uc-1731744,6.1018,125.2905,coast
uc-1693136,13.2923,123.4855,
uc-1709632,11.7061,122.3644,coast
uc-1715804,10.5208,124.0272,coast
uc-1720793,13.7068,123.2087,coast
uc-1701872,16.07,120.4025,coast
uc-1724106,15.6321,121.1448,
uc-1728772,9.5911,123.1228,coast
uc-1730225,15.1505,120.7697,
uc-1685218,9.789,125.495,coast
uc-1684553,14.0953,120.9335,lake
uc-1715542,8.6561,123.4227,coast
uc-1704271,7.3619,125.8553,coast
uc-1727043,11.1683,123.7223,coast
uc-1680007,10.9015,123.0705,coast
uc-1684497,9.6556,123.8522,coast
uc-1699088,15.7161,120.9031,
uc-1683088,9.5162,123.158,coast
uc-1724933,10.7719,122.9817,coast
uc-1690033,16.6159,120.3166,coast
uc-1703051,5.9692,125.2894,coast
uc-1696614,13.9669,121.6984,coast
uc-1706361,14.5619,120.5983,coast
uc-1707812,6.5194,125.0444,
uc-1722267,14.9581,120.9178,
uc-1683319,14.4968,121.2846,lake
uc-1690019,8.5356,125.95,coast
uc-1708824,7.0083,125.0894,mountain
uc-1703773,6.7667,125.1833,
uc-1680613,6.3344,124.9528,
uc-1727681,15.2739,120.5668,
uc-1716287,14.1122,122.9553,coast
uc-1681766,10.215,123.0353,coast
uc-1725983,16.5308,120.3331,coast
uc-1723763,8.772,117.8371,coast|mountain
uc-1698548,14.3181,120.7661,coast
uc-1679802,13.5848,124.2374,coast
uc-1731486,16.7794,121.6973,river
uc-1686102,9.7519,122.4042,coast
uc-1714441,7.68,125.005,
uc-1691150,10.9447,123.4242,coast
uc-1707324,15.4413,120.7286,
uc-1706188,16.0218,120.2319,coast
uc-1685880,17.6528,121.691,river
uc-1723893,11.6081,125.4319,coast
uc-1697006,8.4859,123.8048,coast
uc-1700980,8.8333,125.1167,coast
uc-1700179,14.191,121.7309,coast
uc-1710770,14.1953,120.8769,
uc-1689171,15.363,120.9639,
uc-1720472,13.9575,122.288,coast
uc-1706609,13.2997,123.4386,coast
uc-1704968,6.8981,126.0096,coast
uc-1683340,14.0863,121.1497,lake
uc-1730398,18.3566,121.6406,coast|river
uc-1720402,12.0668,124.5962,coast
uc-1730749,14.9285,121.03,
uc-1708226,10.4242,122.9212,coast|mountain
uc-1691509,15.8944,120.6328,
uc-1710519,6.7041,121.9712,coast
uc-1714766,14.8783,120.4522,coast
uc-1688232,15.7654,119.9092,coast
uc-1720561,13.4117,121.1803,coast
uc-1689832,15.0809,120.941,
uc-1688954,15.1423,120.9757,
uc-1679845,15.9017,120.5883,
uc-1697384,13.2593,123.4963,
uc-1684016,15.5883,120.9192,
uc-1713857,10.8788,122.9771,coast
uc-1693077,6.2217,125.064,coast
uc-1697023,14.6206,120.5817,coast
uc-1698030,14.0669,120.6318,coast
uc-1702934,8.1575,125.1278,
uc-1712600,12.9206,124.1231,coast
uc-1722818,6.7203,124.8019,
uc-1680505,10.574,123.3933,coast
uc-1718328,10.5931,124.0178,coast
uc-1727663,16.3865,121.1066,
uc-1702096,16.0438,120.4861,coast
uc-7083355,8.8772,117.5041,coast|mountain
uc-1727400,6.4239,124.7783,
uc-1685117,13.3586,123.7336,coast
uc-1726339,18.0554,120.5649,coast
uc-1700665,15.5363,119.9502,coast
uc-1710932,8.3097,125.0019,
uc-1713736,11.4551,123.152,coast
uc-1722481,10.9756,124.8928,coast
uc-1686777,10.0168,123.6171,coast
uc-1699833,14.1093,123.0109,coast
uc-1679397,15.449,120.7963,
uc-1694290,14.1167,120.9667,lake
uc-1709717,6.5519,124.0511,coast
uc-1702442,6.2792,125.2817,
uc-1680019,13.1772,121.2781,coast
uc-1713917,11.1858,119.3956,coast
uc-1686123,7.7061,122.1353,coast
uc-1722731,8.1672,125.9908,
uc-1681149,8.0555,123.7904,coast
uc-1728336,13.9371,120.7322,coast
uc-1721636,15.2488,120.8548,
uc-1679980,17.5747,120.3869,coast
uc-1710908,10.0307,124.0671,coast
uc-1697577,6.5225,124.6592,
uc-1727214,17.6083,120.6381,
uc-1725729,16.4812,121.1497,
uc-1700712,12.3717,123.6249,coast
uc-1719329,15.0956,120.8267,
uc-1723257,8.5083,124.7594,coast
uc-1679811,14.1737,122.9066,coast
uc-1687164,13.9624,121.5265,coast
uc-1694775,7.3704,124.2697,coast
uc-1697046,14.8006,120.5371,coast
uc-1719053,10.387,123.2227,coast|mountain
uc-1711655,8.3722,126.3342,coast
uc-1693618,13.046,121.4621,coast
uc-1694498,11.1078,122.6419,
uc-1717053,7.6731,126.0889,
uc-1701149,14.2733,120.7377,coast
uc-1684491,8.4519,126.1714,coast
uc-1702763,13.3188,123.7385,coast
uc-1690664,14.7678,120.5431,coast
uc-1718436,10.1061,123.6402,coast
uc-1685146,13.8799,120.9231,coast|lake
uc-1719683,15.6866,120.4128,
uc-1711621,10.2706,122.8507,coast
uc-1685373,6.8,124.6367,
uc-1694826,15.3202,120.8357,
uc-1690321,14.9466,120.0867,coast
uc-1725157,10.1948,122.8581,coast
uc-1720751,13.9324,120.8133,coast
uc-8299649,11.7448,122.1003,coast
uc-1727052,17.5847,120.3892,coast
uc-1699858,14.1286,120.9058,lake
uc-1691911,16.7842,121.535,
uc-1685875,16.5192,121.1812,
uc-1684320,16.9355,120.4442,coast
uc-1689498,13.35,123.55,coast
uc-1732354,14.7335,120.5336,coast
uc-1710357,14.353,121.3225,lake
uc-1682478,14.5612,121.2195,lake
uc-1702077,10.958,123.123,coast
uc-1731528,15.5,120.843,
uc-1711829,14.8314,120.5081,coast
uc-1725919,14.1837,121.2855,lake
uc-1710222,10.1472,124.1539,coast
uc-1714052,16.3079,121.1062,
uc-1713018,15.3507,121.0477,
uc-1710378,9.6531,124.3697,coast
uc-1712488,15.6605,120.7683,
uc-1688912,15.0143,120.0803,coast
uc-1710011,7.1067,124.8292,
uc-1702425,6.543,121.8753,coast
uc-13060471,6.8263,124.7217,
uc-1722032,9.1226,125.5355,coast
uc-1705367,14.1136,121.5557,
uc-1732040,16.4889,121.645,
uc-1694791,10.8849,123.3627,coast
uc-1693778,14.4854,121.3062,lake
uc-1684379,8.5395,124.7541,coast
uc-1723166,13.4322,123.517,coast
uc-1702413,14.0447,121.1586,lake
uc-1730171,16.394,120.3545,coast
uc-1683116,8.0618,123.7477,coast
uc-1729987,14.0027,121.9208,coast
uc-1721077,6.9747,118.5144,coast
uc-1683302,9.0783,126.1986,coast
uc-1731959,16.0833,120.1,coast
uc-1722985,12.6714,123.875,coast
uc-1703450,14.1463,121.4729,
uc-1698103,9.2688,118.4043,coast
uc-1688017,16.9518,120.4445,coast
uc-1718078,14.9336,120.1979,coast
uc-1711437,15.3276,119.978,coast
uc-1696718,14.3647,121.4829,lake
uc-1717960,13.5926,122.3215,coast
uc-1689549,10.18,125.5683,coast
uc-1724088,5.0292,119.7731,coast
uc-1690194,18.5616,121.2319,coast
uc-1690313,15.3062,120.856,
uc-1691606,15.7118,121.1061,
uc-1704781,10.4896,122.9907,coast|mountain
uc-1705572,13.884,122.2604,coast
uc-1695283,14.4033,121.4651,lake
uc-1722005,17.4278,121.7695,river
uc-1683860,14.0925,121.0219,lake
uc-1729324,16.5059,121.1901,
uc-1698740,14.1364,121.4165,lake
uc-1680018,14.2277,121.3292,lake
uc-1708217,10.3239,123.0215,coast|mountain
uc-1693401,15.0474,120.5189,coast
uc-1713053,14.1842,120.7958,coast
uc-1712819,5.8242,125.2033,coast
uc-1702263,13.2233,120.596,coast
uc-1696165,15.5415,121.0848,
uc-13118057,6.4862,122.1755,coast
uc-1724435,11.0517,124.0055,coast
uc-1730097,9.5506,122.5164,coast
uc-1723983,17.0873,120.9768,
uc-1716526,11.8904,120.0222,coast
uc-1693574,10.2708,123.5839,coast
uc-1701516,12.5204,121.4385,coast
uc-1723822,15.2896,120.0245,coast
uc-1712520,10.1195,123.2729,coast
uc-1712162,13.921,122.1002,coast
uc-1725359,13.8644,121.4879,coast
uc-1728546,10.5039,123.7156,coast
uc-1712232,16.0667,120.6833,
uc-1687029,6.2248,124.7104,
uc-1716618,13.902,121.0521,coast|lake
uc-1710666,10.4997,124.7405,coast
uc-1710103,14.2906,122.6917,coast
uc-1714050,16.2838,121.0896,
uc-1699388,8.0844,123.491,
uc-1712808,13.6978,123.4892,coast
uc-1710531,12.7001,124.0322,coast
uc-1697773,7.5866,125.8237,
uc-1702032,7.215,126.5397,coast
uc-1715812,9.5542,123.7565,coast
uc-1690570,14.5402,121.3602,lake
uc-1696814,10.45,122.8167,coast
uc-1683818,7.0333,124.7,
uc-1689973,15.3557,120.84,
uc-1710612,7.7844,122.5861,coast
uc-1708130,16.8,121.1192,
uc-1697421,7.8236,123.965,coast
uc-1689099,14.9742,120.1573,coast
uc-1689087,7.5,126.0,
uc-1692199,15.5512,120.8147,
uc-1713027,15.6025,121.0515,
uc-1704758,10.1327,124.8408,coast
uc-1680040,8.0731,125.9558,
uc-1708291,14.1532,122.8303,coast
uc-1679678,7.6833,124.6667,
uc-1708056,6.6721,124.5249,
uc-1725799,10.6785,124.8006,coast
uc-1713767,11.7365,124.042,coast
uc-1718393,11.2981,124.679,coast
uc-1704021,6.8647,124.4417,
uc-1686004,4.6612,119.3965,coast
uc-1703598,8.1183,123.4455,
uc-1726156,13.3528,123.3677,coast
uc-1681676,13.4585,123.6805,coast
uc-1688058,6.5536,125.4708,coast
uc-1707398,12.5698,125.0141,coast
uc-1698887,7.6078,125.9664,
uc-1691441,17.1189,121.6201,
uc-1683342,11.1094,125.0156,coast
uc-1721695,7.4072,125.7331,coast
uc-1710258,8.6542,124.7556,coast
uc-1705871,9.6383,124.0348,coast
uc-1679360,11.6388,124.8417,coast
uc-1689052,16.8821,121.5869,
uc-1689994,13.3476,122.5195,coast
uc-1699204,14.6789,120.2661,coast
uc-1720499,13.8322,120.6322,coast
uc-1681333,8.0458,126.0636,
uc-1702002,16.8632,120.7829,
uc-1732312,10.747,125.0107,coast
uc-1684137,8.4561,125.7842,
uc-1715094,16.7262,121.3589,
uc-1691538,12.5751,122.2708,coast
uc-1706402,14.1313,121.4362,
uc-1691446,10.3215,119.3451,coast
uc-1714519,7.8408,125.0444,river
uc-756135,52.2298,21.0118,river
uc-3081368,51.1029,17.0301,river
uc-3094802,50.0614,19.9366,river
uc-3099434,54.3523,18.6491,coast
uc-3093133,51.7706,19.4739,
uc-3096472,50.2597,19.0217,
uc-3088171,52.4069,16.9299,river
uc-3083829,53.4289,14.553,coast|lake|river
uc-3102014,53.1235,18.0076,
uc-765876,51.2506,22.5701,
uc-3099424,54.5189,18.5319,coast
uc-776069,53.1333,23.1643,
uc-3101950,50.348,18.9328,
uc-3100946,50.7965,19.1241,river
uc-3085128,50.2868,19.1039,
uc-760778,51.4025,21.1471,
uc-3099230,50.2976,18.6766,
uc-759734,50.0413,21.999,
uc-3083271,53.0138,18.5981,river
uc-769250,50.8703,20.6275,
uc-3080985,50.3249,18.7858,
uc-3103402,49.8225,19.0469,lake
uc-763166,53.7838,20.4927,
uc-3082914,50.1372,18.9664,
uc-3086586,50.0971,18.5418,
uc-3086800,50.2584,18.8563,
uc-3082707,50.7714,16.2843,
uc-3090048,50.6712,17.926,river
uc-3099759,54.1522,19.4088,lake
uc-3088825,52.5468,19.7064,river
uc-3081741,52.6482,19.0678,river
uc-3080165,51.9355,15.5064,
uc-757026,50.0138,20.987,
uc-3100796,50.3339,19.2048,
uc-3098722,52.7337,15.225,river
uc-3096880,51.7611,18.091,
uc-3095049,54.1944,16.1722,coast
uc-3093692,51.2101,16.1619,
uc-3085450,54.4641,17.0287,coast
uc-3097333,50.2053,19.275,
uc-3097391,49.9554,18.5748,
uc-3098218,53.4841,18.7537,river
uc-763534,49.6218,20.6971,
uc-3095321,52.2234,18.2512,river
uc-3088972,51.4055,19.7032,
uc-3097872,52.7989,18.2639,
uc-3092931,51.4009,16.2015,
uc-3097257,50.8997,15.729,mountain
uc-759412,52.1677,22.2901,
uc-3089033,53.1514,16.7378,
uc-762863,50.9294,21.3852,
uc-3089684,51.655,17.8069,
uc-3084840,53.3367,15.0499,
uc-3089578,51.6645,19.3547,
uc-3099112,52.5348,17.5826,
uc-757718,54.1118,22.9309,lake
uc-756867,51.5313,20.0085,
uc-761168,49.785,22.7673,
uc-758445,50.5829,22.0533,
uc-753866,50.7231,23.252,
uc-3096372,50.3498,18.2261,river
uc-3099213,51.6636,16.0845,river
uc-3093524,51.8403,16.5749,
uc-3080004,50.0452,18.7006,
uc-3103709,51.3688,19.3567,
uc-766027,53.1781,22.0593,
uc-3083440,50.4455,18.8615,
uc-3084093,50.8438,16.4886,
uc-774558,51.1431,23.4716,
uc-3083426,54.0924,18.7779,river
uc-764849,50.2871,21.4239,
uc-3087584,50.0919,18.2193,river
uc-776175,52.0324,23.1165,
uc-772621,53.8282,22.3647,
uc-762909,53.0862,21.5757,
uc-758390,51.0374,21.0713,
uc-3080526,50.4877,19.4168,river
uc-766555,52.4015,20.9266,river
uc-757033,50.573,21.6794,river
uc-760924,51.4166,21.9694,river
uc-3081677,50.0038,18.472,
uc-759141,51.1131,20.8716,
uc-759123,51.9549,20.1584,
uc-3094170,52.2306,19.3641,
uc-767470,49.6887,21.7706,
uc-773380,50.0515,21.4114,
uc-3090436,50.4738,17.3344,
uc-3084826,53.964,18.5264,
uc-3082473,54.6057,18.2356,coast
uc-774208,52.8814,20.62,
uc-3087497,51.0671,19.4448,
uc-3080414,51.5992,18.9397,
uc-3085978,51.5958,18.7302,river
uc-3095795,54.1756,15.5834,coast
uc-762788,52.1058,21.2613,river
uc-752967,52.0488,20.446,
uc-3083955,53.9105,14.2471,coast
uc-3102987,51.2642,15.5697,
uc-3090764,51.8033,15.717,river
uc-3101547,50.1355,19.402,
uc-3095971,50.2197,18.6507,
uc-759591,49.5557,22.2056,
uc-3101672,53.6955,17.557,
uc-3080644,51.642,15.1373,
uc-3083826,53.7079,16.6994,
uc-758682,52.2294,20.2384,
uc-3102459,50.8608,17.4674,river
uc-770293,49.7451,21.4725,
uc-3090146,50.2813,19.565,
uc-3094086,53.7249,18.9311,river
uc-764679,52.1793,21.5725,
uc-3090170,51.2134,17.3899,
uc-3092472,54.0359,19.0266,
uc-754800,52.3401,21.2421,
uc-767623,50.9236,22.2271,
uc-3101321,49.7513,18.6321,
uc-770380,50.0162,22.6778,
uc-3093739,54.5392,17.7501,
uc-3101076,49.9134,19.0048,lake|river
uc-3088461,53.5521,14.5718,coast|lake|river
uc-3089658,50.0344,19.2104,river
uc-3099828,50.7282,16.6514,
uc-763523,49.4778,20.0323,
uc-3089779,53.6967,19.9649,
uc-3091217,50.5752,19.3246,river
uc-3080231,51.1494,15.0084,
uc-3090205,50.9466,17.2926,river
uc-3097902,53.596,19.5685,lake
uc-3079855,49.6853,19.1924,
uc-765749,51.929,22.3796,
uc-3085056,52.0887,17.0151,river
uc-772195,54.0381,21.7644,lake
uc-3093066,52.1071,19.9453,
uc-776597,53.8432,22.9798,
uc-3082998,52.0155,18.5006,
uc-764634,53.1128,20.3841,
uc-3103476,50.6908,16.623,
uc-3094625,51.6987,17.4374,
uc-775758,49.9691,20.4303,
uc-3100974,50.1501,18.6776,
uc-3081324,52.3251,17.5652,
uc-771804,49.6556,21.1604,
uc-772227,54.0813,21.4955,lake
uc-763556,52.4302,20.7165,river
uc-769274,54.0768,21.3753,lake
uc-3102627,53.2597,19.3965,
uc-3080866,49.299,19.9489,mountain
uc-775922,50.5411,22.722,
uc-771401,52.1039,20.6337,
uc-754454,52.5928,21.4584,river
uc-775986,52.7651,23.1865,
uc-757357,53.5626,20.9875,
uc-3096003,50.9728,18.2182,
uc-3082704,53.2779,16.4712,
uc-3084074,53.4095,18.4474,river
uc-3080944,51.6176,15.3149,
uc-3096053,50.4349,16.6614,
uc-3082712,52.8084,17.1996,
uc-3097528,51.9727,17.5026,
uc-3087705,49.9804,18.9538,lake
uc-759603,50.6827,21.749,river
uc-3090768,50.5801,16.5016,
uc-3103556,54.007,15.9875,
uc-3095151,52.0883,16.6487,
uc-3097367,51.0513,16.1935,
uc-3092906,50.669,18.6844,
uc-3085807,49.9752,19.8287,river
uc-3095797,52.2002,18.6386,river
uc-776337,54.2535,20.8082,
uc-3088065,50.3212,17.5746,
uc-3095126,54.1223,17.9812,
uc-3084084,50.8597,16.3197,
uc-753895,52.9855,22.2432,
uc-765927,51.4603,22.6095,
uc-771506,53.6473,22.4554,
uc-762850,52.8025,21.8951,
uc-763111,51.3757,20.2783,
uc-3098966,53.5639,14.8285,coast|lake
uc-3093040,51.1201,15.2877,
uc-762021,52.6235,20.3755,
uc-771158,52.7433,23.5812,
uc-3093785,50.1495,18.8422,
uc-764312,53.8644,21.3051,lake
uc-3104115,49.855,19.3383,
uc-3086531,50.0586,18.417,
uc-3084062,52.2475,15.5335,
uc-3085045,52.2284,17.2762,
uc-3096779,50.7831,16.0304,mountain
uc-766583,51.3012,22.8814,
uc-3082197,51.221,18.5696,
uc-3088435,51.5039,16.0726,
uc-3087307,51.6095,16.8585,
uc-3098200,53.2524,14.4883,river
uc-772748,53.2396,20.17,
uc-3098625,51.8825,17.0123,
uc-768218,51.1917,20.4061,
uc-3089582,51.9634,19.2914,
uc-3101795,53.3486,18.4251,river
uc-3104132,51.8197,19.3038,
uc-756868,50.4477,23.4162,
uc-3084415,50.5107,18.3006,
uc-762199,51.476,21.45,
uc-3101680,52.995,16.9198,
uc-3103365,50.09,19.0929,
uc-3091150,53.1421,17.6018,
uc-767605,50.9846,23.1742,
uc-3096328,49.8821,19.2233,
uc-3082722,49.8834,19.4929,
uc-762120,53.6274,21.8125,lake
uc-758651,53.4072,23.5023,
uc-760917,52.7025,21.0828,
uc-3087628,50.4,18.6333,
uc-3098619,52.4294,19.4619,
uc-3085941,52.8568,19.6691,
uc-3083111,50.1593,19.4697,
uc-755889,49.9874,20.0647,
uc-3091969,52.4446,15.578,
uc-770966,50.805,23.8925,river
uc-3083878,52.612,16.5779,
uc-3093902,51.5906,19.1328,
uc-3089965,50.1559,18.7792,
uc-3080071,53.3635,17.0408,
uc-3102677,54.3797,19.8196,coast|lake
uc-3094788,50.4751,17.9654,river
uc-766810,50.0687,22.2291,
uc-758626,52.4068,22.2531,
uc-3087281,54.6053,18.3472,coast
uc-3084241,52.0836,15.6251,
uc-3090403,52.6474,16.8141,river
uc-769981,52.1371,21.2359,river
uc-3093457,50.104,19.3157,
uc-3095057,52.5871,14.6495,river
uc-773357,51.5591,21.8483,river
uc-760584,51.7644,20.2549,
uc-3091256,49.8338,19.9383,
uc-3088848,51.8964,17.7855,
uc-3085495,52.3509,14.5607,river
uc-764862,51.9864,22.7825,
uc-774747,50.4708,20.7188,
uc-767814,51.5829,21.5478,
uc-3083185,53.0406,16.4563,
uc-775183,49.9691,20.6061,
uc-770157,50.6394,20.3045,
uc-3101943,54.1706,17.4919,
uc-3098201,53.9165,15.2003,
uc-761218,53.0191,20.8803,
uc-3090558,53.6744,15.1163,
uc-3098130,51.9496,14.7284,
uc-3086511,53.066,19.4094,
uc-766307,54.1259,20.5795,
uc-3103096,50.9075,14.9563,
uc-766783,52.9911,22.8842,
uc-3091141,51.0759,17.7228,
uc-3093708,50.1426,19.1315,
uc-3082756,54.5805,16.8619,coast
uc-758252,50.5631,21.1659,
uc-3084440,50.9626,16.3501,
uc-760680,51.7833,22.6167,
uc-763291,54.0337,22.507,
uc-772339,51.8975,21.6147,
uc-761131,50.0591,22.4941,
uc-764749,52.1188,20.6715,
uc-3101613,53.169,15.4205,
uc-3084085,53.7746,15.7767,
uc-3082751,49.7215,18.802,river
uc-763829,50.5199,22.1397,
uc-3080074,51.1264,15.9198,
uc-3093726,52.0596,19.1997,
uc-759320,52.4272,22.8623,
uc-3101787,53.1846,18.6047,
uc-7303641,51.0213,17.3165,river
uc-3097271,51.021,17.3209,river
uc-760343,50.0523,21.6089,
uc-3090452,52.3195,16.1284,
uc-3085172,53.0837,18.2257,river
uc-3099169,50.315,17.3835,
uc-3099180,51.9646,19.7157,
uc-3081046,50.5897,16.8124,
uc-3096525,54.3342,18.1974,
uc-2267057,38.7251,-9.1498,coast
uc-2735943,41.1485,-8.611,coast|river
uc-2740637,40.2069,-8.42,
uc-2742032,41.5514,-8.4231,
uc-2267827,32.6657,-16.9255,coast
uc-2270503,38.767,-9.2979,coast
uc-2262963,38.5244,-8.8882,coast
uc-2267095,39.7436,-8.8071,coast
uc-2742611,40.6457,-8.6464,coast
uc-2732265,40.6617,-7.909,
uc-2268339,37.0187,-7.9272,coast
uc-2271977,38.7976,-9.3437,coast
uc-2263352,38.7019,-9.3408,coast
uc-2739693,41.3681,-8.194,
uc-2263827,38.7661,-9.328,coast
uc-2268406,38.5659,-7.904,
uc-2266249,39.462,-8.7118,
uc-2739590,40.1508,-8.8618,coast
uc-2736041,41.7672,-8.5839,coast
uc-2262957,38.4445,-9.1015,coast
uc-2738752,41.4444,-8.2962,
uc-2738785,40.5375,-7.2663,
uc-2264456,37.1386,-8.5378,coast
uc-2269594,38.6968,-9.4215,coast
uc-2732773,41.6932,-8.8329,coast
uc-2742027,41.8072,-6.759,
uc-2265464,38.691,-9.3109,coast
uc-2270985,38.0147,-7.8628,
uc-2739848,41.5361,-8.782,coast
uc-2267226,37.102,-8.6742,coast
uc-2269514,39.8236,-7.491,
uc-2272215,38.7337,-9.4093,coast
uc-2739868,41.0076,-8.6412,coast
uc-2265788,38.7067,-8.9739,coast
uc-2269282,38.6203,-9.1943,coast
uc-2263480,39.2338,-8.6862,coast|river
uc-2265447,37.0286,-7.8411,coast
uc-2735787,41.3834,-8.7636,coast
uc-2266703,39.7477,-8.9323,coast
uc-2264359,38.861,-9.0645,coast
uc-2734106,40.5536,-7.2259,
uc-2732649,41.3533,-8.7452,coast
uc-2270437,39.4033,-9.1384,coast
uc-6559488,38.5653,-9.0432,coast
uc-2262581,39.0911,-9.2586,coast
uc-2264299,37.0695,-8.1006,coast
uc-2268436,38.7057,-9.3977,coast
uc-2264428,37.0853,-8.6837,coast
uc-2264718,38.6311,-8.9138,coast
uc-2265927,38.7064,-9.406,coast
uc-2270258,32.6508,-16.8375,coast
uc-2742804,41.8467,-8.4191,
uc-2264508,39.2938,-7.4312,
uc-2734484,40.9007,-8.4902,coast
uc-2742051,41.3398,-8.5518,coast
uc-2271337,39.0703,-8.8682,coast
uc-2742700,40.9306,-8.2449,
uc-2733352,41.3373,-8.5596,coast
uc-2742504,41.1627,-8.0347,
uc-2267131,37.068,-7.8078,coast
uc-2270184,38.691,-9.3222,coast
uc-6941014,37.7395,-25.6687,coast
uc-2268575,39.4667,-8.4667,river
uc-2736657,41.2049,-8.3315,
uc-2737523,42.0789,-8.4808,river
uc-2740174,41.1053,-7.321,
uc-2262644,39.602,-8.4092,
uc-2742416,41.5317,-8.6184,coast
uc-2736521,41.411,-8.749,coast
uc-11808241,38.5192,-9.0139,coast
uc-2263523,38.8411,-9.0991,coast
uc-2736930,40.8586,-8.6251,coast
uc-2261639,38.9552,-8.9897,coast
uc-2266988,37.1377,-8.0197,coast
uc-2266319,38.6508,-8.9904,coast
uc-2740313,40.2811,-7.505,
uc-2740761,41.7402,-7.4688,
uc-2264575,39.9167,-8.6285,
uc-2264269,37.06,-7.8216,coast
uc-2740593,40.1128,-8.498,
uc-2732438,41.3001,-7.7432,
uc-2739788,41.4508,-8.1726,
uc-2741865,41.5143,-7.9894,
uc-2739723,40.9254,-8.5428,coast
uc-2261697,38.8721,-9.078,coast
uc-2272222,37.0882,-8.2503,coast
uc-2272147,39.5522,-8.9775,coast
uc-2264923,39.3558,-9.3811,coast
uc-2743095,41.2367,-8.5245,coast
uc-2262744,37.1273,-7.6486,coast
uc-2262582,39.4758,-8.5435,
uc-4568127,18.4663,-66.1057,coast
uc-4562831,18.3986,-66.1557,coast
uc-4563243,18.3808,-65.9574,coast
uc-4566880,18.0103,-66.624,coast
uc-4562635,18.4724,-66.7157,coast
uc-4563008,18.2341,-66.0485,
uc-4568451,18.3547,-66.0074,coast
uc-4566385,18.2011,-67.1396,coast
uc-4564946,18.3258,-65.6524,coast
uc-4568533,18.4444,-66.3877,coast
uc-4562768,18.4505,-66.5385,coast
uc-4565105,17.9841,-66.1138,coast
uc-4565564,18.1497,-65.8274,coast
uc-4568917,18.035,-66.8499,coast
uc-4563308,18.1119,-66.166,coast
uc-4566137,18.4275,-66.4921,coast
uc-4562506,18.4275,-67.1541,coast
uc-290030,25.2855,51.531,coast|desert
uc-289888,25.2919,51.4244,coast|desert
uc-13512674,25.4175,51.5075,coast|desert
uc-289847,25.5774,51.4831,coast|desert
uc-289545,25.5872,51.1499,coast|desert
uc-289523,25.4152,51.4065,coast|desert
uc-289915,25.1715,51.6034,coast|desert
uc-289962,25.6839,51.5058,coast|desert
uc-2260535,-4.2661,15.2832,river
uc-2255414,-4.7761,11.8635,coast
uc-2258261,-4.1983,12.6666,
uc-8521334,-4.184,13.2859,river
uc-2259383,-4.2049,13.2861,river
uc-2259655,1.618,18.0598,river
uc-2255564,1.6136,16.0517,river
uc-2255542,-0.4819,15.8999,
uc-2255285,-3.6819,13.3498,
uc-2258080,-4.2961,13.8508,
uc-2258604,-4.2186,13.7617,
uc-2259947,-1.8764,15.8644,
uc-2256900,-1.2198,16.7992,
uc-2565524,3.1028,18.5111,river
uc-2569660,-1.165,15.97,river
uc-2257879,0.0069,15.6333,
uc-2258248,-4.1162,13.0676,river
uc-2256895,-2.9497,12.7042,
uc-2257329,-3.9944,13.9272,
uc-2260945,3.055,18.5172,river
uc-2260401,-2.5447,14.7533,
uc-2565574,1.405,16.3183,river
uc-935264,-20.8823,55.4504,coast|mountain
uc-935221,-21.0096,55.2713,coast|mountain
uc-935214,-21.3393,55.4781,coast
uc-935582,-21.2766,55.5177,coast|mountain
uc-935268,-20.9633,55.6503,coast|mountain
uc-935223,-21.2858,55.4112,coast|mountain
uc-935227,-21.3777,55.6169,coast
uc-935267,-21.0379,55.7155,coast|mountain
uc-935691,-20.9291,55.3348,coast
uc-935225,-21.1706,55.2882,coast|mountain
uc-935255,-20.8969,55.5506,coast|mountain
uc-935616,-20.9375,55.2942,coast
uc-7932385,-21.2196,55.3151,coast|mountain
uc-935248,-20.9062,55.6079,coast
uc-683506,44.4323,26.1063,
uc-675810,47.1667,27.6,
uc-680963,44.1807,28.6343,coast
uc-681290,46.7667,23.6,
uc-683844,45.6486,25.6061,
uc-665087,45.7537,21.2257,
uc-680332,44.3167,23.8,
uc-677697,45.4369,28.0503,river
uc-665004,46.5425,24.5575,river
uc-671768,47.0458,21.9183,
uc-670474,44.95,26.0167,
uc-686254,46.1833,21.3167,river
uc-683902,45.2715,27.9743,river
uc-670609,44.85,24.8667,
uc-685948,46.5672,26.9138,
uc-667268,45.8,24.15,
uc-667873,47.7993,22.8625,
uc-685826,47.6573,23.5681,
uc-683123,45.15,26.8333,
uc-670889,46.9167,26.3333,
uc-668872,45.1,24.3667,river
uc-684039,47.75,26.6667,
uc-665850,47.6333,26.25,
uc-668954,45.3008,21.8892,
uc-678817,44.6269,22.6529,river
uc-684657,47.1332,24.5001,
uc-665010,45.05,23.2833,
uc-675918,45.75,22.9,
uc-668732,46.9212,26.9265,
uc-684802,46.2317,27.6691,
uc-679452,45.8833,22.9,
uc-665024,44.9254,25.4567,river
uc-678015,45.7,27.1833,
uc-664518,45.1787,28.805,river|wetland
uc-686578,46.0667,23.5833,river
uc-666767,44.4333,24.3667,river
uc-663118,46.6333,27.7333,
uc-677106,43.8866,25.9627,river
uc-673634,46.1667,24.35,
uc-662334,47.2,23.05,
uc-667303,45.8667,25.7833,river
uc-6945426,47.2469,26.7229,
uc-670938,45.4167,23.3667,
uc-664460,46.5667,23.7833,
uc-673636,44.25,28.2833,
uc-674531,45.6886,21.9031,
uc-681862,45.1262,25.735,
uc-8581467,44.5647,27.3633,river
uc-665355,45.8497,27.4344,
uc-667227,47.932,23.886,river
uc-686502,43.9833,25.3333,
uc-673921,43.8162,28.5766,coast
uc-668873,45.3833,27.05,
uc-679550,47.15,23.8667,
uc-671964,46.3,25.3,
uc-668995,46.7833,24.7167,river
uc-8436351,46.2214,24.7928,
uc-673441,46.35,25.8,river
uc-682747,44.1167,24.35,
uc-672486,44.3167,28.6,coast
uc-678306,44.3833,27.8333,river
uc-679907,45.1342,24.6741,
uc-679065,47.95,26.4,
uc-678499,45.85,24.9667,river
uc-674295,45.3603,23.2383,
uc-678459,47.45,26.3,
uc-675892,46.6736,28.0594,
uc-7733099,44.959,24.942,
uc-664437,43.7469,24.8685,river
uc-664963,46.3319,24.2966,
uc-686590,46.3101,23.7213,river
uc-682729,45.4167,22.2167,
uc-668605,44.1167,24.9833,
uc-667526,45.9565,23.571,
uc-684156,47.6553,24.6633,
uc-681865,46.55,23.8833,
uc-670969,45.45,23.4167,
uc-662284,45.5609,25.3179,
uc-679995,45.8365,23.37,
uc-672926,46.4752,26.4891,
uc-669289,47.85,25.9167,
uc-678301,44.4196,27.8254,river
uc-677429,47.0333,23.9167,
uc-681017,46.4213,26.4365,
uc-671832,44.0833,26.6333,river
uc-672757,44.8033,22.9719,
uc-682685,47.6833,22.4667,
uc-671757,45.8333,23.2,
uc-683394,44.5614,25.9489,
uc-678978,44.65,24.2667,river
uc-685586,44.35,24.1,
uc-672862,44.983,25.6441,
uc-681179,45.7,25.45,
uc-665003,47.2,26.3667,
uc-684612,46.1751,23.9158,
uc-665000,46.0,26.1333,
uc-680897,43.7751,24.5015,river
uc-685811,45.0333,25.85,
uc-677458,46.7229,25.6005,
uc-662432,45.3833,23.2667,
uc-681845,47.5333,25.5667,
uc-685785,44.0167,23.35,
uc-678261,44.55,23.5167,
uc-683034,43.9907,22.9333,river
uc-682321,44.3396,28.0327,river
uc-683365,46.7167,26.7,
uc-683760,45.1833,25.6667,
uc-668129,46.8,21.65,
uc-674541,46.4833,24.1,river
uc-664074,44.7167,26.6333,river
uc-685823,47.6619,23.6922,
uc-684490,45.3733,21.7092,
uc-663100,47.35,25.3667,
uc-683974,46.1333,22.7833,
uc-676527,47.55,25.9,
uc-667101,47.2333,22.8,
uc-673033,45.0167,26.45,
uc-662699,47.7079,24.4295,river
uc-672024,46.3833,23.85,river
uc-668828,45.5833,25.45,
uc-662187,43.6564,25.3645,river
uc-686669,46.0991,27.1814,
uc-681502,45.7167,24.15,
uc-677742,44.7167,25.3167,
uc-524901,55.752,37.6178,river
uc-498817,59.9386,30.3141,coast|river
uc-1496747,55.0226,82.9317,river
uc-1486209,56.8573,60.6153,
uc-520555,56.3287,44.002,river
uc-501175,47.22,39.7077,river
uc-499099,53.2077,50.1355,river
uc-1508291,55.1611,61.4288,
uc-551487,55.7887,49.1221,
uc-1496153,54.9924,73.3686,river
uc-479561,54.7431,55.9678,river
uc-472045,51.6683,39.192,
uc-1502026,56.0374,92.9314,river
uc-498677,51.5405,45.9901,lake
uc-472757,48.7138,44.4976,river
uc-511196,58.0105,56.2502,lake|river
uc-542420,45.0453,38.9818,river
uc-1488754,57.1522,65.5272,river
uc-482283,53.5303,49.3461,lake
uc-554840,56.8522,53.1986,
uc-1510853,53.362,83.7279,
uc-2023469,52.2957,104.2908,river
uc-479123,54.3282,48.3866,lake
uc-2022890,48.462,135.0971,river
uc-532096,42.9778,47.5003,coast|steppe
uc-468902,57.6299,39.8737,lake|river
uc-2013348,43.1056,131.8735,coast
uc-1489425,56.5005,84.9822,
uc-515003,51.7671,55.0988,river
uc-1503901,55.3542,86.1043,river
uc-1496990,53.7575,87.136,river
uc-500096,54.627,39.7041,river
uc-580497,46.3497,48.0408,river|steppe|wetland
uc-511565,53.1957,45.0108,river
uc-523750,55.7372,52.4196,lake
uc-535121,52.5876,39.5515,
uc-548408,58.5981,49.6578,river
uc-480562,54.1961,37.6182,
uc-487846,45.0344,41.9642,
uc-569696,56.1322,47.246,lake
uc-554234,54.7064,20.511,lake
uc-538560,51.7269,36.1846,river
uc-555312,56.9999,40.9726,
uc-571476,53.271,34.3214,river
uc-480060,56.8584,35.9006,river
uc-532288,53.3981,59.0066,river
uc-520494,57.9194,59.965,
uc-578072,50.6034,36.5809,river
uc-2014407,51.8265,107.5998,river|steppe
uc-473247,56.1385,40.3998,
uc-581049,64.5461,40.5518,coast|river
uc-2025339,52.0431,113.4917,river
uc-491422,43.597,39.7248,coast
uc-553915,54.5306,36.27,river
uc-491687,54.7783,32.0509,river
uc-472231,48.7858,44.7797,
uc-498698,54.1848,45.1717,
uc-1490624,61.2576,73.4177,river
uc-569223,59.1333,37.9,lake
uc-472459,59.2239,39.884,
uc-1501321,55.449,65.3434,river
uc-550280,55.9001,37.4285,
uc-473249,43.041,44.6699,
uc-515012,52.9688,36.0791,river
uc-558418,43.312,45.6889,
uc-524305,68.9678,33.0992,coast|river
uc-484646,52.7363,41.441,river
uc-466806,56.6388,47.8908,
uc-532615,55.6772,37.8932,
uc-576279,55.5864,37.6778,
uc-509820,61.7849,34.3469,lake
uc-484907,47.2363,38.9053,coast
uc-543878,57.7664,40.9283,lake
uc-2021851,50.5503,137.01,lake
uc-487495,53.6379,55.9533,river
uc-2051523,56.1325,101.6142,lake
uc-514734,51.2321,58.488,river
uc-485239,61.6639,50.8163,
uc-1497543,60.9344,76.5531,river
uc-2026609,50.2759,127.5264,river
uc-2027667,52.5597,103.9141,river
uc-518255,44.7319,37.7618,coast
uc-523523,43.4981,43.6189,
uc-2013159,62.0311,129.7229,
uc-508101,55.4242,37.5547,
uc-521118,55.6379,51.815,lake
uc-496285,64.5583,39.8297,coast
uc-563708,56.2442,43.4554,river
uc-487928,51.3025,37.8461,
uc-503550,44.05,43.0504,
uc-519336,58.5213,31.271,lake|river
uc-496015,47.7192,40.216,
uc-1494114,53.9152,86.7189,
uc-500004,58.0456,38.8381,lake|river
uc-463829,55.9825,37.1814,
uc-1510018,52.5342,85.1966,river
uc-504341,57.8192,28.3318,lake|river
uc-496348,55.9358,37.5489,
uc-579492,52.0264,47.7967,lake
uc-580922,44.9985,41.1147,river
uc-2119441,46.9543,142.7356,
uc-563523,55.7865,38.4571,
uc-523812,55.911,37.7296,
uc-462444,55.1718,59.6547,
uc-523064,43.226,44.7732,
uc-484972,53.1585,48.4681,lake
uc-1512236,53.7154,91.4259,lake|steppe
uc-1504826,56.4063,61.9335,
uc-2122104,53.0639,158.6275,coast
uc-518557,54.011,38.2908,river
uc-463355,55.744,38.0168,
uc-577206,59.4091,56.8204,lake
uc-472761,47.5114,42.1527,lake
uc-1498894,55.0455,60.1076,
uc-518970,47.4222,40.0937,
uc-546105,59.7507,30.5886,
uc-522377,44.6333,41.9444,river
uc-1493467,51.5147,81.2061,
uc-499292,53.3828,55.9109,river
uc-2014006,43.8047,131.9573,
uc-516215,55.6698,37.2772,
uc-543460,56.3575,41.3189,
uc-510808,56.9053,59.9436,river
uc-579464,55.7948,37.9479,
uc-546230,55.0711,38.784,river
uc-2019528,42.8436,132.9183,coast
uc-553287,50.0885,45.4128,river
uc-515024,55.8124,38.9915,
uc-528293,44.6079,40.1024,
uc-1497337,69.3535,88.2027,lake
uc-582432,54.904,52.3179,
uc-554233,55.9142,37.8256,
uc-490971,55.6371,37.3811,
uc-548114,43.9133,42.7208,
uc-566199,54.2139,49.6184,lake
uc-518976,56.111,47.4776,lake
uc-496527,54.9198,37.4162,
uc-524294,55.5685,42.0239,river
uc-550478,43.2487,46.5857,
uc-522942,56.0888,54.2638,
uc-503977,55.9946,37.829,
uc-569154,44.2238,42.0462,river
uc-541406,55.5873,37.6458,
uc-1512165,56.2679,90.5015,river
uc-1500973,51.7111,94.4378,river|steppe
uc-520068,55.8649,38.4485,
uc-467978,52.6144,38.5093,
uc-511510,55.6453,37.3358,
uc-1489530,58.1981,68.2546,river
uc-495344,55.925,37.9722,
uc-1497917,61.0998,72.6035,
uc-1496503,63.1931,75.4373,
uc-1538637,56.6006,84.8864,river
uc-580724,55.3956,43.8381,
uc-496638,56.312,38.1387,
uc-1500665,54.6567,86.1737,
uc-504003,59.7142,30.3964,
uc-515879,54.4815,53.471,
uc-516436,55.1099,36.6124,
uc-563514,46.3079,44.2554,
uc-517836,51.201,58.3132,
uc-566532,42.0662,48.2876,coast|steppe
uc-1503277,53.99,86.6621,
uc-476077,56.3406,30.5438,river
uc-2027456,43.3576,132.1914,coast
uc-479411,63.569,53.6914,
uc-1504682,56.2022,95.7185,river
uc-1503772,61.0019,69.0273,river
uc-1498920,53.6899,88.0622,river
uc-466990,44.0483,42.8564,
uc-491023,59.6669,56.7427,lake
uc-561347,58.14,52.6562,
uc-2013952,58.0006,102.6619,lake|river
uc-463835,55.8438,48.5178,river
uc-517963,47.7604,39.9333,
uc-498687,56.4763,53.7978,river
uc-471430,57.0487,53.9872,lake
uc-1492663,59.5974,60.5861,
uc-579460,51.551,43.1707,river
uc-463343,52.342,35.3592,
uc-462755,55.5953,38.1203,river
uc-502965,55.5634,38.2415,
uc-515083,43.3206,45.049,
uc-1496511,66.0833,76.6333,
uc-1538636,57.2548,60.0905,
uc-1538635,56.2511,93.5314,
uc-527191,52.9076,40.4823,
uc-548605,57.4367,42.1277,river
uc-542374,55.819,37.3298,river
uc-2123628,59.5627,150.8021,coast
uc-571170,54.5378,52.7985,
uc-561627,44.1494,43.4702,
uc-537737,53.1168,46.6004,
uc-548395,58.5509,50.031,river
uc-1510350,54.7535,83.0962,lake
uc-561887,59.5764,30.1283,
uc-498525,54.948,43.3152,
uc-466885,46.6926,38.2791,coast
uc-570427,52.7782,52.2585,
uc-584243,43.429,39.9239,coast
uc-558146,51.2837,37.5351,
uc-569742,56.7632,54.1126,lake|river
uc-2014022,52.7519,103.6453,river
uc-7496732,53.7383,52.9392,
uc-468250,55.3795,39.0412,
uc-1485724,55.7231,84.8861,
uc-12750521,53.9962,86.6485,
uc-1511494,56.0757,86.0243,
uc-1489246,54.0922,61.5676,
uc-580054,47.1069,39.4149,coast|river
uc-551847,42.8817,47.6392,coast|steppe
uc-1538634,55.7556,60.7028,
uc-547523,56.3317,36.7292,
uc-1486910,67.5087,64.0667,
uc-540761,45.4372,40.5704,river
uc-1492517,56.0862,63.6382,
uc-1506271,51.9606,85.9189,river
uc-470546,60.7076,28.7528,coast
uc-471656,55.313,38.691,river
uc-526480,44.2103,43.1353,
uc-553399,48.3178,40.2595,river
uc-1510469,54.4212,86.2991,
uc-569591,55.1455,37.4619,
uc-1511330,57.0082,61.4634,
uc-2026643,48.793,132.9203,
uc-510291,59.8833,29.9,coast
uc-1498693,53.7012,91.708,lake
uc-468082,55.7623,52.0442,lake|river
uc-523426,55.3875,36.7331,
uc-1508054,53.8288,91.3095,lake|steppe
uc-1488253,56.1092,94.587,river
uc-532657,55.5765,37.9124,river
uc-8436165,60.1656,29.908,coast
uc-472278,52.0417,47.3827,river
uc-577881,53.9621,58.4,
uc-555980,53.4477,56.0387,river
uc-565381,55.4422,37.7537,
uc-569955,52.9771,49.7086,
uc-480089,54.6064,53.7118,
uc-532675,58.1074,57.8106,
uc-572525,51.3689,42.098,
uc-490172,59.8996,29.0857,coast
uc-571306,44.7839,44.1658,
uc-2026895,50.9124,128.5124,
uc-1505453,56.1125,69.4872,river
uc-540103,56.1475,44.1987,river
uc-582750,54.5048,37.067,river
uc-539147,57.4143,56.9716,
uc-547475,52.7603,32.239,
uc-2019309,56.6584,124.725,
uc-536162,54.5971,52.4512,
uc-558082,48.0513,39.9305,
uc-1500607,58.2354,92.4835,river
uc-1494573,56.4422,60.1878,
uc-527717,52.9647,55.9328,river
uc-539283,52.7649,55.7878,
uc-492094,45.2514,38.1213,
uc-483029,45.8531,40.1187,
uc-501215,51.1209,38.5116,
uc-480716,44.1008,39.0833,coast
uc-583350,56.3973,38.714,
uc-464625,53.2036,45.1923,
uc-827329,55.9686,43.0912,river
uc-579514,56.4899,43.6011,river
uc-557775,55.6117,40.6502,
uc-570479,42.818,47.1268,
uc-1502061,59.7666,60.2086,
uc-578120,54.1077,54.1174,
uc-499717,56.2629,34.3289,river
uc-567990,55.3661,50.644,lake
uc-831165,53.1333,46.5833,
uc-483019,59.6392,33.5256,
uc-501231,50.1964,39.5663,
uc-13631665,56.1859,36.9756,
uc-510225,59.8957,29.8014,coast
uc-537281,44.636,40.7357,
uc-1505429,54.6426,83.3035,lake
uc-502011,56.8024,59.9377,river
uc-534595,56.0271,37.4679,
uc-470444,55.3206,42.174,
uc-565955,56.3449,37.5204,
uc-493160,52.7179,58.6667,
uc-581357,67.5827,33.4134,lake
uc-1497173,53.4143,83.9411,
uc-2015833,51.375,128.1401,river
uc-499161,46.4749,41.5416,
uc-486968,54.8974,38.068,
uc-504935,43.7574,44.0297,
uc-493231,56.8486,41.3869,
uc-495394,54.0073,37.5065,
uc-564719,56.7405,37.1865,lake|river
uc-512023,55.7819,38.6502,
uc-543704,61.2566,46.6537,river
uc-1490256,69.4865,88.3972,lake
uc-527012,50.0619,43.2334,
uc-490996,56.1753,36.9708,
uc-2027468,44.157,133.2733,
uc-477494,53.9839,38.1598,
uc-472234,55.8666,48.3593,river
uc-6695754,62.2654,74.4791,
uc-540251,44.9263,37.9903,
uc-2025527,53.1474,103.0819,
uc-463082,53.4033,49.5106,lake
uc-501283,53.9539,32.8641,
uc-572154,58.3942,33.9186,river
uc-548442,59.4742,32.0401,river
uc-563379,61.8128,50.7283,river
uc-534838,50.9824,39.504,river
uc-470676,55.21,34.297,
uc-1497951,56.0114,90.4166,river
uc-6853140,57.6198,63.0784,
uc-1510205,55.6695,86.2749,
uc-577893,44.77,39.8725,
uc-2021618,50.0928,118.0322,
uc-482965,45.6169,38.9453,
uc-496278,69.0694,33.4081,coast
uc-470252,57.5888,34.5685,
uc-582182,44.895,37.3162,coast
uc-571159,53.6554,52.442,
uc-468866,55.0649,32.6969,
uc-542327,58.0787,55.7562,river
uc-562319,55.9613,38.0464,
uc-1485439,53.7082,84.9431,
uc-1496476,62.1406,65.3936,
uc-548652,56.8746,37.3596,river
uc-2014927,54.5676,100.5766,
uc-555111,55.9711,37.9208,
uc-565348,48.3371,39.9523,river
uc-561667,44.5801,38.0665,coast
uc-548602,59.3763,28.6141,lake
uc-547840,43.8469,46.7098,steppe
uc-567434,58.2891,57.8126,river
uc-513883,53.376,51.3452,
uc-1536289,56.0783,60.7478,
uc-1512086,54.8523,83.106,lake
uc-1492893,53.0998,91.4074,river
uc-553216,55.5096,47.4913,
uc-525404,67.9397,32.8739,lake
uc-498418,55.041,59.0475,
uc-500299,54.06,44.949,
uc-1493197,66.5337,66.6095,
uc-1487277,58.045,60.551,
uc-1495974,53.6036,87.332,river
uc-1499053,61.0343,76.1068,river
uc-481985,57.0436,34.9622,river
uc-1501141,55.4478,78.3191,
uc-471101,60.0151,30.6731,
uc-2013923,56.7979,105.7866,river
uc-538836,44.8845,40.5889,
uc-1540356,62.0961,77.475,
uc-524640,53.2788,36.5805,
uc-578155,48.1793,40.7792,river
uc-2016764,52.2159,104.0993,
uc-558312,52.4954,39.9403,
uc-524699,56.4458,52.2156,
uc-2027749,50.2322,136.897,lake
uc-534701,52.4243,37.5996,
uc-538908,51.6536,35.6865,river
uc-1508350,54.9776,60.3658,
uc-1498087,65.5333,72.5167,
uc-874045,43.5444,44.5959,
uc-511794,65.1472,57.2244,river
uc-499453,55.1109,33.2373,
uc-502793,52.6638,41.8892,
uc-546521,56.3045,39.3766,
uc-472722,59.9233,32.3397,river
uc-468390,53.1376,38.1186,
uc-553152,46.0953,38.9769,
uc-2016187,44.6006,132.8204,
uc-495112,50.4134,36.9254,
uc-568595,54.6335,21.8156,
uc-1490796,60.7333,77.5889,
uc-1504871,53.789,81.332,lake|river
uc-583798,48.2834,46.1652,steppe
uc-542000,59.7383,30.0894,coast
uc-541404,47.8925,40.0718,
uc-478044,45.2144,39.6884,river
uc-1498129,53.7163,87.7965,river
uc-863061,66.0087,57.5305,
uc-500886,52.2597,43.7868,
uc-1511954,57.85,61.6941,
uc-554599,58.7002,59.4839,
uc-2055166,54.1129,102.1777,river
uc-480122,57.8729,39.5297,river
uc-496519,60.1444,30.2017,coast
uc-531129,43.5112,44.5905,
uc-525138,53.4432,41.8106,river
uc-490068,55.0839,21.8785,river
uc-1499350,56.2098,87.7317,
uc-542199,56.614,57.769,
uc-540771,59.992,29.7762,coast
uc-464101,56.6405,43.3945,lake|river
uc-518909,64.4164,40.8167,
uc-1492401,55.54,89.2006,
uc-544370,61.3124,47.1483,river
uc-517269,52.5371,31.9366,
uc-534341,59.9061,29.7725,coast
uc-2018116,43.1199,133.1232,
uc-545673,56.7015,36.773,lake
uc-491281,59.4617,40.1206,river
uc-583437,54.8421,46.5813,river
uc-554894,42.5671,47.8755,coast|steppe
uc-465543,55.3195,52.0694,
uc-2020812,45.4717,133.3983,river
uc-544896,45.4672,39.4492,
uc-1505526,57.6686,63.0707,
uc-478544,50.806,42.0092,river
uc-1500997,55.7163,60.551,
uc-561731,51.4727,58.4515,
uc-6696686,60.7499,72.8582,
uc-478581,43.1305,45.5379,
uc-532459,53.8664,34.4478,river
uc-504250,52.0166,48.7989,
uc-463824,44.4104,43.8801,
uc-576317,55.4202,55.5421,river
uc-562389,49.7688,43.6542,
uc-524736,43.7398,44.6516,
uc-2119538,53.1894,158.3828,coast
uc-581313,44.4599,39.73,
uc-2026303,43.1112,132.3502,coast
uc-2019951,62.5353,113.9611,
uc-511359,56.7391,38.8597,
uc-481964,59.54,30.8775,
uc-533690,58.7388,29.8476,
uc-551964,54.8476,38.1821,river
uc-1502536,54.8915,61.392,
uc-6696767,61.2544,75.2124,
uc-1488429,60.1304,64.789,
uc-582956,50.6309,38.6903,
uc-485698,45.3274,42.8562,
uc-824988,50.4167,36.9167,
uc-470734,56.2291,51.061,river
uc-1489962,58.042,65.2716,
uc-548410,54.0689,34.2989,river
uc-470666,56.2423,42.1491,
uc-1485634,54.4485,61.2643,
uc-1540711,63.7898,74.523,
uc-473788,57.2145,41.9256,
uc-554770,45.3665,41.7091,
uc-1497549,54.9072,99.034,river
uc-536200,46.3214,39.3855,
uc-526558,48.9252,40.3998,
uc-553190,67.1512,32.4128,coast|river
uc-2051471,44.5575,135.6209,
uc-562309,57.2542,41.1112,
uc-1541359,61.6195,72.1555,
uc-479703,54.3581,59.4361,
uc-1489870,55.9328,97.9896,
uc-479532,57.5232,38.3226,lake
uc-539555,55.4133,42.5325,
uc-481608,55.485,37.3074,
uc-579574,43.6837,43.5351,
uc-1493648,57.3712,61.404,
uc-517716,51.3153,39.2187,river
uc-2014718,55.1494,124.7368,
uc-504576,54.8682,37.2158,river
uc-496478,60.098,29.9638,coast
uc-496934,52.4586,44.2169,
uc-575560,56.1015,43.5101,
uc-483661,45.2689,37.3975,coast|river
uc-518682,45.1133,41.0365,river
uc-1490686,56.9083,62.0343,
uc-492162,59.1179,28.0883,lake
uc-483137,56.8585,40.5403,
uc-576172,45.0978,43.4364,
uc-568608,56.5072,56.0771,
uc-1486468,56.6532,66.3005,river
uc-477192,50.1966,38.1167,
uc-576697,43.1928,44.5327,
uc-551891,54.9438,41.4034,river
uc-493463,55.5005,46.4129,river
uc-2124286,46.6341,142.7829,coast
uc-558066,45.3538,40.6947,
uc-580062,54.8582,53.0801,
uc-584441,44.8706,38.1576,
uc-566181,45.2167,39.2259,
uc-2609906,54.6546,19.9093,coast|lake
uc-552951,43.3051,44.8995,
uc-830844,54.8172,58.4475,
uc-516716,54.429,50.806,
uc-514198,50.8659,39.0781,
uc-545626,62.2041,34.2693,lake
uc-548625,53.2266,50.6261,
uc-489088,57.9962,31.36,lake
uc-576116,55.0352,55.977,river
uc-1491706,53.0,78.6473,
uc-538340,58.2873,59.7475,
uc-478130,44.0834,41.9763,river
uc-1511368,57.3542,61.8712,
uc-6417459,55.5953,37.0523,
uc-509987,52.3088,45.3899,
uc-496275,60.1533,59.952,
uc-547849,43.2028,46.8659,steppe
uc-523405,43.5544,43.855,
uc-555746,55.9198,36.8688,
uc-497927,63.7455,34.3161,lake
uc-2012484,53.9202,102.0442,river
uc-565778,58.4648,56.413,lake
uc-1487394,56.0549,60.2257,
uc-505259,46.0485,38.179,coast
uc-543605,52.5905,41.5025,river
uc-553725,53.1814,44.0494,
uc-580660,54.9998,57.2549,
uc-529073,51.7102,46.7455,lake|river
uc-558118,43.3508,46.1009,
uc-2124615,47.0461,142.0494,coast
uc-530849,55.0146,36.4719,
uc-476062,60.7619,46.3135,river
uc-566384,54.1508,33.2815,
uc-533543,54.9766,39.0444,
uc-452949,57.876,35.007,
uc-491882,58.7313,50.1712,river
uc-1509888,56.7767,62.0507,
uc-1505579,66.0317,60.1659,
uc-548658,53.9731,38.535,
uc-831130,48.5842,45.7338,
uc-505057,51.4094,46.0483,lake
uc-559678,56.655,43.4727,lake|river
uc-523553,55.8485,37.1779,
uc-1491291,56.1218,93.3381,
uc-539817,59.0152,54.6532,
uc-524712,55.5019,36.0272,river
uc-1510916,55.3507,78.3587,
uc-512051,46.139,39.7862,
uc-535243,55.7083,38.9542,
uc-563719,55.4873,54.8618,river
uc-501183,57.1908,39.4131,
uc-1502725,61.3123,63.3307,
uc-490554,52.4288,53.1502,
uc-528109,51.4057,57.5875,
uc-1489394,55.2771,85.6135,
uc-548278,56.1527,38.8551,
uc-488742,46.5309,39.0516,
uc-2026126,50.3914,116.5336,lake
uc-575591,53.7717,38.123,
uc-579529,55.1816,36.6606,
uc-543899,64.571,30.5767,lake
uc-1504343,59.7683,60.0062,
uc-495518,55.5726,39.5342,
uc-1507379,55.957,92.378,river
uc-536625,43.9089,39.3314,coast
uc-819552,55.5832,37.2602,
uc-538416,46.5599,39.6321,
uc-461699,54.3537,41.9199,river
uc-1486039,54.7547,61.3208,
uc-495619,58.3685,45.5162,
uc-2121052,48.9721,140.2888,coast
uc-548391,67.6148,33.6727,
uc-490391,63.5967,53.8918,
uc-525162,48.351,41.829,
uc-463637,46.8486,40.3116,
uc-556230,45.718,42.9061,
uc-479028,52.8429,32.6876,
uc-542461,45.3655,38.2119,
uc-562237,55.5533,34.9968,
uc-477626,51.982,42.2617,
uc-538138,51.4848,57.3579,
uc-557882,54.5922,22.1997,
uc-1504489,53.7395,78.0439,steppe
uc-570563,50.8262,40.598,
uc-6315399,64.446,40.6531,coast
uc-1504317,53.0596,60.6412,
uc-2012557,56.5767,104.1297,
uc-507624,53.6524,52.1274,
uc-2025159,45.9315,133.7391,
uc-576566,57.7842,36.7008,
uc-581126,43.2929,45.8669,
uc-1494276,61.0014,71.8919,river
uc-559317,44.6339,39.1358,
uc-495260,55.498,37.5579,
uc-1494456,54.6034,86.2758,
uc-1511783,52.4963,82.7747,
uc-582993,44.7142,43.0008,
uc-1504769,56.8466,62.7121,
uc-831129,62.7644,40.3385,
uc-469178,56.2723,54.9296,
uc-1502862,58.3201,82.903,river
uc-567290,42.1159,48.1919,coast|steppe
uc-1485445,56.811,61.3254,
uc-797781,44.7558,44.9925,
uc-501730,57.105,41.7356,
uc-519106,45.4975,41.2253,
uc-543737,58.3035,48.3374,river
uc-580420,51.8806,45.0061,
uc-554397,48.691,43.5264,lake
uc-491019,51.1624,54.9916,
uc-1504139,69.3786,87.7439,lake
uc-1502060,58.3638,60.0407,
uc-2122850,53.1466,140.7229,coast|river
uc-1511309,56.9992,86.1552,river
uc-1500933,66.6572,66.4183,
uc-566854,55.8686,37.1222,
uc-2012593,53.7359,127.256,lake|river
uc-1490140,56.896,74.3694,river
uc-543633,50.3157,44.81,
uc-558209,58.8386,57.5532,
uc-512053,50.4543,40.1237,river
uc-2122614,53.5949,142.9528,coast
uc-570508,58.4796,41.5359,
uc-515938,53.1668,48.6972,lake|river
uc-540030,55.5796,36.7039,
uc-1504972,53.5278,87.2758,river
uc-513378,54.86,38.5506,river
uc-1497795,57.4923,60.2141,
uc-542464,51.0235,45.6966,lake
uc-2015310,42.971,132.4103,coast
uc-2016910,55.6383,109.3271,lake
uc-542463,56.1,38.1333,
uc-1485357,56.5033,66.5467,
uc-548506,53.9297,37.9215,
uc-515267,58.6701,52.1931,
uc-522594,57.4579,40.5717,
uc-522775,56.2276,32.7747,
uc-466171,55.5574,36.9718,
uc-2118647,52.932,158.4058,coast
uc-524809,44.4115,40.7928,
uc-1490003,55.2213,75.9815,
uc-575349,57.8859,34.0532,
uc-478071,54.9366,58.1757,
uc-472433,56.0336,35.9694,
uc-495957,43.1481,45.9019,
uc-563822,53.5978,34.3383,
uc-1506073,54.2841,85.9481,
uc-461910,48.0271,40.123,
uc-548392,59.88,30.9955,lake|river
uc-464687,54.7633,38.8808,
uc-463340,44.1432,43.0048,
uc-514171,57.3438,28.3536,river
uc-483883,45.3645,40.1968,river
uc-2027968,58.6123,125.4,
uc-518383,43.9594,43.6316,
uc-492376,53.825,39.5531,
uc-1489907,56.0654,85.6218,
uc-497450,56.7876,44.4962,
uc-521776,53.7189,46.0712,
uc-2023782,51.2833,106.5,lake|steppe
uc-1505074,55.0522,74.5787,
uc-567006,54.2176,55.0306,
uc-520574,53.5304,43.6766,
uc-829005,58.6394,59.7896,river
uc-2017487,49.7957,129.4035,
uc-576590,52.9806,49.432,
uc-2020838,60.7238,114.9345,river
uc-1491230,61.3614,63.5842,
uc-467120,51.3559,48.2727,
uc-515698,68.1432,33.2529,lake|river
uc-1509852,56.2045,89.5332,
uc-1507116,69.4058,86.1778,river
uc-497218,47.5168,40.8083,river
uc-532715,56.0293,45.0423,
uc-535334,51.6307,35.2775,
uc-11886891,61.6063,73.7142,lake
uc-535886,44.1072,42.978,
uc-514706,57.2836,55.4588,lake
uc-475938,61.0692,42.0992,
uc-513911,44.3932,41.5193,
uc-578638,54.3976,53.2512,
uc-536518,53.0153,39.1446,river
uc-556951,44.8422,38.5669,
uc-527579,55.8969,52.3112,lake
uc-567109,53.2498,39.1441,river
uc-13645359,67.6678,53.0979,river
uc-496267,44.8539,38.6792,
uc-1490042,52.768,87.888,river
uc-543018,56.3321,46.5606,lake
uc-515246,63.9057,38.0994,coast|river
uc-1503335,57.4313,60.0617,
uc-517842,45.2376,38.9806,
uc-520204,58.6237,59.8523,river
uc-560142,59.7723,30.1346,coast
uc-2013399,56.1213,101.1777,lake
uc-475777,58.0782,54.6565,
uc-496012,57.676,46.6117,
uc-496802,55.5277,45.4568,
uc-571420,45.7996,38.9967,
uc-516647,61.6718,40.2122,
uc-534560,60.7256,33.5606,river
uc-485660,54.675,20.1347,coast|lake
uc-534015,55.8701,38.1932,
uc-489162,55.808,38.1805,
uc-509598,59.5183,34.1664,
uc-500047,53.7059,40.0804,
uc-557469,57.5549,53.0544,
uc-568012,54.5902,55.382,
uc-501320,55.6685,39.8749,
uc-1490402,56.5017,60.8198,
uc-1489508,55.238,84.4028,
uc-2020689,46.4446,134.2934,
uc-1500532,54.4589,83.3764,
uc-547875,59.0471,57.6477,
uc-579738,54.9417,58.8083,
uc-550846,44.4258,39.5362,
uc-2016701,52.0032,127.6762,
uc-543436,54.0372,43.9187,
uc-513898,59.7775,30.8181,river
uc-495062,59.21,38.5107,lake|river
uc-584471,53.6858,53.6555,
uc-1486340,52.9266,78.5751,
uc-483495,43.4833,44.1378,
uc-463885,43.855,41.5902,
uc-485888,54.1223,36.4966,
uc-516931,50.7633,37.8642,
uc-537345,43.6625,43.5369,
uc-538913,43.2049,46.0878,
uc-549373,56.257,37.9954,
uc-505014,53.9,53.9333,
uc-518602,54.0384,39.7479,
uc-490466,61.7123,30.7095,lake
uc-563524,55.8843,38.7864,
uc-486071,48.6097,42.8569,lake
uc-575948,51.0984,40.0301,
uc-516576,57.9377,55.3414,lake
uc-568808,56.0012,38.3649,
uc-1539209,64.434,76.5026,river
uc-491480,55.99,40.0205,
uc-554410,50.425,41.0159,
uc-571155,54.9742,48.2909,
uc-552924,43.7723,41.9137,river
uc-1508161,54.2239,83.3806,
uc-479933,43.3828,42.9183,glacier
uc-1510450,63.7119,66.6722,
uc-504042,54.8337,37.6114,river
uc-502540,54.064,54.9338,
uc-1505438,54.9121,71.2718,
uc-549424,43.5148,39.8683,coast
uc-563522,55.7244,38.2091,
uc-2013258,42.7301,133.0838,coast
uc-1485997,58.4507,92.1724,river
uc-478317,52.0448,39.7257,
uc-466215,56.5046,39.6793,
uc-525396,55.8424,38.1936,
uc-538442,55.345,59.44,
uc-552920,53.1225,34.9849,
uc-556283,53.8534,46.3513,
uc-2017945,51.2758,108.8471,
uc-462822,53.5338,33.7308,
uc-802078,43.0425,44.2202,
uc-2026696,46.8129,134.2501,river
uc-543728,47.6301,43.1416,lake
uc-1508943,55.9076,94.9118,
uc-508034,60.91,34.1619,river
uc-514259,57.1469,33.1066,lake
uc-469005,57.305,47.8739,
uc-522945,52.8013,51.1655,
uc-543508,67.5663,30.4777,
uc-1485627,53.2542,83.6936,
uc-543348,54.0366,35.7709,
uc-504831,46.7024,41.7249,
uc-583785,44.8546,38.3031,
uc-1505260,60.6911,60.4206,
uc-518325,45.9576,40.6981,
uc-551794,54.7526,58.2014,
uc-514796,46.8744,42.0522,
uc-467854,45.0462,38.7949,river
uc-521509,59.7006,30.7847,
uc-519062,50.5283,42.6746,
uc-484856,55.9087,53.9344,river
uc-495206,51.876,36.9053,
uc-522470,43.2386,45.0503,
uc-538601,55.5818,38.9199,
uc-499975,54.7253,39.513,
uc-581671,51.4901,40.4224,
uc-477656,56.9908,52.1852,
uc-1486913,67.5836,63.794,
uc-1490266,53.8215,83.5706,
uc-492448,55.9481,37.2978,
uc-545277,47.5811,41.0934,river
uc-529505,58.3258,44.7588,river
uc-2016422,51.6621,103.71,lake
uc-488635,46.6303,38.6638,coast
uc-1491953,53.3236,91.9361,river
uc-470338,45.5806,39.6574,
uc-554199,51.4978,44.4768,
uc-571557,55.4211,38.2619,river
uc-487147,50.7882,36.4775,
uc-2119932,49.0982,140.2521,coast
uc-1490281,57.0109,63.7335,
uc-583983,56.5234,52.9943,
uc-562161,58.3788,42.3463,
uc-1490085,64.9161,77.7746,river
uc-1488933,58.0457,63.696,river
uc-477301,57.9773,33.2515,
uc-578931,53.6498,47.1272,
uc-488852,52.585,32.7631,
uc-1491999,55.2287,63.2855,
uc-2015051,43.3027,132.0789,coast
uc-2021066,50.3496,106.451,
uc-531820,55.6478,38.0249,
uc-548622,53.4669,51.4941,
uc-580218,43.1634,46.0015,
uc-581179,43.1789,44.2946,
uc-505230,61.0403,30.1392,lake
uc-577901,55.4598,38.4436,river
uc-550671,47.4077,47.2539,steppe
uc-584126,44.9001,38.8426,
uc-542184,60.4073,57.0829,river
uc-497610,53.3683,34.1033,
uc-1512205,52.653,90.0945,
uc-523392,67.6387,53.0037,river
uc-468671,54.4809,37.6982,
uc-505806,51.1981,42.246,river
uc-569636,43.5672,43.5853,
uc-7290697,60.9794,76.9242,river
uc-578169,46.0812,40.8735,
uc-468307,46.5659,40.6571,
uc-548330,52.6509,42.7348,
uc-1501255,54.9097,64.4319,
uc-1504251,55.8875,60.7548,
uc-462984,50.9788,44.7789,
uc-490067,57.5894,48.9552,river
uc-505060,57.3839,41.2916,lake
uc-522410,56.02,29.9282,
uc-7117885,56.0038,40.3391,
uc-464790,69.426,30.811,
uc-581321,55.5519,37.0801,
uc-1503940,55.5214,86.0951,
uc-1509819,55.6734,84.3946,
uc-472750,57.4444,41.1634,lake
uc-462522,47.1462,42.4704,
uc-1493687,57.0901,61.6769,
uc-563472,44.9264,38.9058,
uc-2028078,51.1075,114.5417,
uc-549741,44.8469,38.385,
uc-578534,52.5917,58.3113,
uc-1497393,58.0776,60.7202,
uc-498708,51.7874,56.3599,
uc-567774,59.1223,31.6812,
uc-575410,59.4778,33.8501,
uc-553092,43.2282,44.6332,
uc-468657,51.0353,59.8723,
uc-545788,59.6206,30.39,
uc-561762,57.3026,39.8526,
uc-506763,69.2028,33.437,coast
uc-485871,44.1901,42.6595,
uc-580850,56.0925,49.8782,
uc-558799,51.4502,41.9621,
uc-1494091,54.9144,85.6397,
uc-513042,50.0491,46.8855,
uc-517766,54.1477,48.3864,lake
uc-7289676,61.7198,75.3683,
uc-1494907,54.3691,60.8136,
uc-695019,51.5714,34.6832,river
uc-2122894,46.6796,141.8559,coast
uc-2023058,44.2716,135.0514,
uc-527968,45.4515,39.0249,
uc-517739,50.4632,48.1416,
uc-527529,55.7279,53.1022,lake
uc-480685,55.6011,36.4681,river
uc-567183,58.1908,40.1708,
uc-611182,55.8301,48.7173,river
uc-539689,56.1865,50.894,
uc-584298,43.1922,45.2835,steppe
uc-509052,53.7084,37.2946,
uc-537107,56.0193,39.9485,
uc-2121909,49.2204,143.0912,coast|river
uc-1505933,56.2354,96.0667,
uc-579432,57.9787,53.0138,
uc-551986,57.3592,37.6081,lake
uc-527888,62.9145,34.4586,lake
uc-1503082,55.0136,82.2078,
uc-467525,62.5879,50.8634,river
uc-461920,55.734,36.8592,river
uc-1501365,54.3668,77.3068,
uc-486110,43.1875,44.9019,
uc-1507636,56.0919,99.6356,river
uc-553248,46.105,48.0782,steppe|wetland
uc-542334,45.8449,41.5174,
uc-494427,54.3201,40.8796,river
uc-558236,58.88,40.2525,
uc-481350,52.5803,33.7657,river
uc-486665,54.0999,35.3425,
uc-828055,41.8918,48.4125,coast|steppe
uc-560756,55.6093,36.9821,
uc-463217,51.8543,41.4549,
uc-515804,43.2421,46.0001,
uc-2026583,57.8535,114.2041,river
uc-510364,58.5938,35.8024,
uc-527740,55.3358,41.6275,
uc-507599,55.918,39.1724,
uc-509697,55.9272,39.4607,
uc-12041452,54.0498,57.8171,
uc-580716,45.3741,44.2198,
uc-485639,61.1121,28.8632,lake|river
uc-802714,47.5273,39.4193,
uc-475881,54.3507,38.263,
uc-566155,45.9097,43.3494,
uc-1503037,58.6063,99.174,
uc-1506260,50.9953,81.4669,
uc-463828,54.9589,20.4767,coast
uc-1487882,55.3175,89.8313,
uc-492944,54.993,57.6982,
uc-1504636,55.4895,60.2088,lake
uc-1504212,56.2885,62.5812,
uc-552977,56.3108,38.7025,
uc-2127202,64.7342,177.5103,coast
uc-2026979,51.515,104.1402,lake
uc-522260,69.4129,30.222,
uc-583041,59.1584,57.5705,
uc-487095,56.3733,38.5832,
uc-565289,45.4535,41.9724,
uc-1508879,57.041,65.7202,
uc-516256,57.8823,54.7183,
uc-1490551,53.7846,82.316,
uc-2019326,51.9798,116.5869,
uc-1501460,52.5649,78.9391,
uc-480876,47.648,42.0934,lake
uc-578091,53.8122,36.1334,river
uc-579771,47.3205,40.3847,river
uc-1507488,56.704,60.0879,
uc-2027296,65.9338,111.4834,
uc-2014624,66.4299,112.4021,
uc-491352,56.15,37.9333,
uc-568587,50.9382,37.8151,
uc-2013229,47.5334,134.7578,
uc-1511466,56.6977,60.8369,
uc-564654,49.0562,44.8291,river
uc-7287775,62.4397,71.7603,
uc-1486298,55.8738,85.4338,
uc-468063,50.9488,43.7371,
uc-561515,44.8621,40.072,
uc-536156,48.7031,45.1961,
uc-479687,43.9451,42.5165,
uc-508656,52.9331,33.447,
uc-506762,67.3661,32.4981,lake|river
uc-575457,49.9346,40.5545,river
uc-202061,-1.95,30.0588,
uc-202905,-1.7028,29.2564,lake
uc-201521,-1.4998,29.635,mountain
uc-201650,-1.2952,30.3226,
uc-202217,-2.0744,29.7567,
uc-201830,-2.0227,29.7069,
uc-203112,-2.5967,29.7394,
uc-202065,-2.0603,29.3478,lake
uc-201463,-1.9487,30.4347,
uc-202068,-2.1597,30.5427,
uc-202326,-2.4846,28.9075,lake|river
uc-203104,-1.5763,30.0675,
uc-202769,-2.3155,29.1415,lake
uc-7021400,-2.3429,29.0912,lake
uc-202557,-1.8628,29.6254,
uc-201865,-2.479,29.5564,
uc-7021270,-2.2933,29.1877,lake
uc-202865,-2.5169,29.0326,lake
uc-7062967,-2.3519,29.7509,
uc-203141,-2.6924,29.0077,river
uc-7662752,-2.219,29.2343,lake
uc-7021332,-2.3169,29.2441,lake
uc-203046,-2.4195,29.0908,lake
uc-7021426,-2.3541,29.0298,lake
uc-203119,-1.5584,29.5434,mountain
uc-202352,-2.4036,29.0059,lake
uc-384535,-1.9509,30.5205,
uc-7021499,-2.3871,29.1929,lake
uc-202048,-2.2647,29.1964,lake
uc-384181,-2.1139,29.4022,lake
uc-7032689,-2.4421,28.9824,lake
uc-7656357,-2.2042,30.1449,
uc-201524,-2.2246,29.7909,
uc-202239,-2.464,29.5739,
uc-7662813,-2.2386,29.2929,lake
uc-384311,-1.6111,29.4969,mountain
uc-201841,-2.1057,29.9417,
uc-384104,-2.4045,29.1606,lake
uc-12718708,-1.2929,30.4077,
uc-384320,-1.5394,29.5558,mountain
uc-384266,-1.6101,29.445,mountain
uc-3579132,17.8962,-62.8498,coast
uc-3575551,17.2955,-62.725,coast
uc-3576686,14.0667,-60.95,coast
uc-3576812,13.9957,-61.0061,coast
uc-3578851,18.0682,-63.083,coast
uc-3424934,46.7791,-56.1773,coast
uc-3577887,13.1553,-61.2274,coast
uc-3748746,13.1287,-61.1918,coast
uc-4035413,-13.8333,-171.7667,coast
uc-2410763,0.3376,6.7299,coast|mountain
uc-105343,21.4901,39.1862,coast|desert
uc-108410,24.6877,46.7219,desert
uc-110336,26.4344,50.1033,coast|desert
uc-104515,21.4266,39.8256,desert
uc-109223,24.4686,39.6142,desert
uc-101760,24.4926,39.5857,desert
uc-107304,26.326,43.975,desert
uc-107968,21.2703,40.4158,desert
uc-101628,28.3998,36.5715,desert
uc-106281,27.5219,41.6907,desert
uc-103630,17.4933,44.1277,desert
uc-109353,24.1554,47.3346,desert
uc-105072,18.3,42.7333,desert
uc-106297,28.4328,45.9708,desert
uc-109571,25.3647,49.5876,desert
uc-109101,25.4077,49.5903,desert
uc-107991,26.2602,50.2049,coast|desert
uc-109435,27.0174,49.6225,coast|desert
uc-102651,17.1495,42.6254,coast|desert
uc-110690,18.2164,42.5053,desert|mountain
uc-100425,24.0895,38.0618,coast|desert
uc-101732,26.1,44.0,desert
uc-109323,26.2794,50.2083,coast|desert
uc-108512,30.9753,41.0381,desert
uc-102527,29.9697,40.2064,desert
uc-107781,26.2995,44.8154,desert
uc-105299,16.8892,42.5511,coast|desert
uc-108648,31.3318,37.3428,desert
uc-11670045,19.5773,41.9636,desert
uc-109953,20.0129,41.4677,desert
uc-110325,24.5077,44.3924,desert
uc-103369,20.0005,42.6052,desert
uc-108435,25.8694,43.4973,desert
uc-12495725,18.9297,41.9295,desert
uc-103035,22.7986,39.0349,coast|desert
uc-410096,21.0727,40.3184,desert
uc-109253,20.148,40.2722,coast|desert
uc-110619,16.9689,42.8325,desert
uc-101313,31.672,38.663,desert
uc-102891,26.7074,50.0673,coast|desert
uc-110312,24.7519,46.5387,desert
uc-109380,28.4391,48.4913,coast|desert
uc-107692,19.8594,41.5572,desert
uc-397833,25.9855,43.7366,desert
uc-12546009,21.2504,42.8475,desert
uc-102585,26.6497,49.9552,coast|desert
uc-110250,23.9065,42.9172,desert
uc-109878,26.1392,43.6578,desert
uc-102985,26.7079,50.0619,coast|desert
uc-101312,31.6725,38.6637,desert
uc-101631,30.4999,38.216,desert
uc-101516,27.6223,38.5388,desert
uc-110314,23.991,47.1618,desert
uc-100926,25.0213,37.2685,coast|desert
uc-109131,25.8601,44.2223,desert
uc-108841,26.6085,37.9232,desert
uc-102170,25.2402,45.251,desert
uc-13631408,23.496,46.878,desert
uc-106667,17.2806,43.1373,desert
uc-104716,22.2921,46.7238,desert
uc-107312,25.934,49.6688,desert
uc-109306,21.9115,42.0309,desert
uc-393275,28.2585,42.9246,desert
uc-107744,23.7829,38.7905,desert
uc-409682,22.2827,39.1125,coast|desert
uc-102451,16.596,42.9444,desert
uc-108773,26.2309,36.4649,coast|desert
uc-109998,26.5914,49.9795,coast|desert
uc-107117,17.1043,42.7816,desert
uc-106102,29.2863,34.9469,coast|desert
uc-11835536,26.0667,43.5534,desert
uc-8449855,27.9051,45.5533,desert
uc-102744,25.5639,47.1641,desert
uc-108617,19.1455,42.1201,desert
uc-108048,20.4607,45.5779,desert
uc-12513572,17.7556,44.468,desert
uc-101322,21.2141,41.6331,desert
uc-109417,21.6195,39.6966,desert
uc-106909,27.3513,35.6901,coast|desert
uc-107959,25.3623,49.7276,desert
uc-108918,28.3112,46.1273,desert
uc-104578,23.4997,40.8841,desert
uc-104923,22.1555,39.3201,desert
uc-12500245,18.089,43.132,desert
uc-107588,27.9065,42.389,desert
uc-110059,20.65,41.4167,desert
uc-110060,20.2736,41.6643,desert
uc-109391,26.0718,43.625,desert
uc-108782,26.4983,43.6312,desert
uc-2253354,14.6937,-17.4441,coast|steppe
uc-2246678,14.7646,-17.3907,coast|steppe
uc-2244322,14.8623,-15.8753,steppe
uc-2248477,14.422,-16.9638,coast|steppe
uc-2250805,14.152,-16.0726,steppe
uc-2244802,14.7894,-16.926,steppe
uc-2244799,14.7833,-16.9667,steppe
uc-2246452,16.0179,-16.4896,coast|desert|river
uc-2243940,12.568,-16.2733,coast
uc-2252309,14.6479,-16.2436,steppe
uc-2244991,13.7707,-13.6673,steppe
uc-2249222,15.6187,-16.2244,desert
uc-2249782,12.8939,-14.9413,
uc-2244386,14.9519,-16.8152,steppe
uc-2244616,14.6333,-16.2333,steppe
uc-2246544,16.4625,-15.7008,desert|river
uc-2252132,14.9586,-16.87,coast|steppe
uc-2254154,14.6971,-17.2301,coast|steppe
uc-2251007,14.1059,-15.5508,steppe
uc-2254153,14.687,-17.2281,coast|steppe
uc-2595382,14.6941,-17.2353,coast|steppe
uc-2595640,14.7205,-17.1816,coast|steppe
uc-2251084,14.1731,-16.8493,coast|steppe
uc-2253277,15.3484,-15.4799,desert
uc-2244177,13.15,-14.1167,
uc-2245709,14.7452,-17.1378,coast|steppe
uc-2248515,15.1405,-16.8868,coast|desert
uc-2251911,14.3324,-16.4051,coast|steppe
uc-7670740,14.7007,-16.4591,steppe
uc-2248433,13.1361,-13.7557,
uc-2247813,15.3338,-15.4766,desert
uc-2245704,12.7081,-15.5569,coast
uc-2249554,13.9833,-14.8,steppe
uc-2250645,12.5556,-12.1808,river
uc-2253901,12.8103,-16.2264,
uc-2248752,15.6559,-13.2554,desert|river
uc-2248409,15.1097,-16.6218,desert
uc-2246922,15.6059,-13.3223,desert
uc-2252685,12.9167,-14.1667,
uc-2246608,14.3575,-16.4123,coast|steppe
uc-2250677,14.9189,-17.1198,coast|steppe
uc-2253375,16.4767,-15.6,desert|river
uc-2249550,13.9667,-14.8167,steppe
uc-2247157,13.75,-15.8,steppe
uc-2251230,14.2695,-15.9451,steppe
uc-2249901,14.7636,-16.6916,steppe
uc-2247684,16.5129,-14.6471,desert
uc-2244786,14.4204,-16.7026,steppe
uc-2250659,15.365,-16.4339,desert
uc-2249281,15.3953,-15.1193,desert
uc-2251470,12.5778,-15.8722,coast
uc-2251688,14.2436,-16.2723,coast|steppe
uc-2249576,13.9833,-14.5667,steppe
uc-2251490,14.4841,-16.1138,steppe
uc-2250668,14.7667,-16.7,steppe
uc-2250849,15.4916,-13.1763,desert
uc-2244797,15.9239,-13.6578,desert
uc-792680,44.804,20.4651,river
uc-787657,43.3247,21.9033,
uc-3194360,45.2517,19.8369,river
uc-789128,44.0167,20.9167,
uc-792078,43.8914,20.3497,
uc-3189595,46.1,19.6667,
uc-788709,42.9981,21.9461,
uc-787595,43.1367,20.5122,
uc-789107,43.7258,20.6894,
uc-783814,45.3836,20.3819,
uc-788975,43.58,21.3339,
uc-3188434,43.8586,19.8488,
uc-785756,44.6644,20.9276,river
uc-3188402,44.2751,19.8982,
uc-784227,42.5514,21.9003,river
uc-3191376,44.7467,19.69,river
uc-784024,43.9036,22.2641,
uc-784873,43.6169,21.0025,
uc-3190342,45.7742,19.1122,
uc-789518,45.8297,20.4653,
uc-786827,44.6213,21.1878,
uc-787050,43.1531,22.5861,
uc-792456,44.0749,22.0959,
uc-3190103,44.9764,19.6122,river
uc-784136,45.1167,21.3036,
uc-789923,43.9771,21.2612,
uc-3191429,45.0081,19.8222,
uc-3204674,45.2497,19.3966,river
uc-786690,43.2342,21.5881,
uc-785753,44.3655,20.9589,
uc-3187297,45.5714,19.6408,
uc-792814,45.6163,20.0333,river
uc-6619277,43.5663,22.257,
uc-790015,45.0482,20.0816,
uc-793111,44.3069,20.56,
uc-790367,44.026,20.4615,
uc-788771,44.3853,20.2557,
uc-791678,43.9275,21.37,river
uc-785965,45.9275,20.0772,river
uc-3196153,44.5312,19.2427,river
uc-3204793,45.6726,18.978,river
uc-3200802,45.2387,19.7142,river
uc-787718,44.2264,22.5308,
uc-787516,44.6549,20.2002,river
uc-785559,44.985,20.1608,
uc-3204672,45.8152,19.6318,
uc-787615,44.9437,20.2193,
uc-241131,-4.62,55.455,coast
uc-2409306,8.4871,-13.2356,coast
uc-2407790,7.8769,-11.1903,
uc-2410048,7.9647,-11.7383,
uc-2407656,8.6439,-10.9714,
uc-2406407,8.886,-12.0442,
uc-2403094,8.3389,-13.0709,coast
uc-2404433,8.7661,-12.787,coast
uc-2404837,8.2323,-12.0156,
uc-2406916,8.6844,-12.535,river
uc-2408329,9.5889,-11.5526,
uc-2404041,7.9947,-10.9502,
uc-2409823,7.8921,-11.9054,
uc-12718740,8.466,-12.2146,
uc-1880252,1.2897,103.8501,coast
uc-1880283,1.4508,103.8286,coast
uc-3060972,48.1482,17.1067,river
uc-724443,48.7144,21.258,
uc-3058531,48.3076,18.0845,
uc-723819,48.9992,21.2355,
uc-3056508,49.2231,18.7394,
uc-3061186,48.7395,19.1493,
uc-3057124,48.3777,17.586,
uc-3057140,48.8945,18.0444,
uc-3058780,49.0665,18.924,
uc-723846,49.0614,20.298,mountain
uc-3058000,48.7745,18.6275,
uc-3056459,48.5744,19.1532,
uc-3058060,49.1215,18.4217,
uc-3058472,47.9854,18.162,
uc-724144,48.7543,21.9195,
uc-723526,48.9446,20.5615,
uc-3059435,48.1167,18.3167,
uc-3059436,47.7636,18.1226,river
uc-3059101,48.2156,18.6071,
uc-724627,48.9371,21.9163,
uc-725168,49.2918,21.2727,
uc-3059050,49.0806,19.6222,
uc-3058202,48.5948,17.8259,
uc-3057789,49.0748,19.3075,
uc-3058986,48.3325,19.6671,
uc-3058210,48.2899,17.2666,
uc-3057174,48.5636,18.1671,
uc-723358,48.6286,21.7195,
uc-3060308,47.9927,17.6121,
uc-3060835,49.435,18.7889,
uc-723559,48.9886,22.151,
uc-3060346,48.9598,18.1663,
uc-723736,48.3828,20.0224,
uc-3058268,48.6286,18.3846,
uc-723195,48.8884,21.6848,
uc-3057769,48.1513,17.8806,
uc-3057692,48.2195,17.4004,
uc-3060095,48.4317,17.8031,
uc-3060950,48.8043,19.6363,
uc-3057691,48.6792,17.367,
uc-3058477,48.7576,17.8309,
uc-3058897,48.436,17.0219,
uc-3060405,49.2098,19.3034,
uc-723713,48.6601,20.5376,
uc-3057963,49.1249,18.326,
uc-3056523,48.5918,18.8496,
uc-3061188,48.7213,18.2575,
uc-3060139,48.7276,18.7601,
uc-723505,49.2986,20.6862,
uc-3057630,48.8449,17.2264,river
uc-3060219,48.19,17.7275,
uc-724503,49.1357,20.4335,mountain
uc-3057685,48.2912,17.7333,
uc-3196359,46.0511,14.5051,
uc-3195506,46.5558,15.6459,river
uc-3202781,46.2309,15.2604,
uc-3197378,46.2389,14.3556,
uc-3197753,45.5482,13.7296,coast
uc-3194351,45.804,15.1689,
uc-3189075,46.3572,15.1128,
uc-3192241,46.4201,15.8702,river
uc-3188915,46.1541,15.0518,
uc-2108502,-9.4333,159.95,coast
uc-2105033,-9.4306,159.921,coast
uc-13527002,-9.4467,159.9455,coast
uc-13527001,-9.425,160.0533,coast
uc-53654,2.0371,45.3438,coast|steppe
uc-64021,9.9361,43.1828,steppe
uc-57289,9.56,44.065,steppe
uc-64435,10.4396,45.0143,coast|desert
uc-55671,-0.3582,42.5454,coast|steppe
uc-54225,1.7159,44.7717,coast|steppe
uc-60149,11.7667,51.2167,coast|desert
uc-52407,9.9729,43.4276,steppe
uc-64536,3.1138,43.6498,steppe
uc-63400,6.2458,46.2247,desert
uc-63795,9.5221,45.5336,desert
uc-56055,-1.6377,41.5866,coast
uc-58831,9.7003,43.6244,steppe
uc-64013,11.2842,49.1816,coast|desert
uc-12212406,3.9284,41.88,desert
uc-342803,5.769,45.763,desert
uc-65785,2.1381,45.1212,river|steppe
uc-59611,6.7697,47.4308,desert
uc-400769,8.4774,47.3597,desert
uc-58933,8.4021,48.4828,desert
uc-64460,4.7358,45.2036,desert|river
uc-52867,1.7878,44.53,river|steppe
uc-56335,2.7809,45.5005,river|steppe
uc-56166,0.4883,42.7854,river|steppe
uc-56399,0.0697,42.745,coast|river|steppe
uc-65170,2.3446,42.2764,river|steppe
uc-6311126,6.4317,46.4619,desert
uc-62691,10.6162,47.368,mountain|steppe
uc-54715,3.8032,42.5442,desert|river
uc-63571,2.8026,44.078,steppe
uc-61360,3.153,41.3357,desert
uc-62788,3.8488,47.1806,coast|desert
uc-6311111,6.7729,46.7969,desert
uc-51228,9.5997,43.335,steppe
uc-50672,2.6185,44.8938,steppe
uc-60809,2.4085,42.9771,steppe
uc-8045596,9.8921,43.3853,steppe
uc-53157,11.472,49.8728,coast|desert
uc-60019,7.9803,49.8164,coast|desert
uc-52078,11.3539,43.4731,coast|desert
uc-63949,1.0833,42.5833,river|steppe
uc-63689,3.8537,45.5674,desert|river
uc-993800,-26.2023,28.0436,
uc-3369157,-33.9258,18.4232,coast
uc-1007311,-29.8579,31.0292,coast
uc-964137,-25.7449,28.1878,
uc-953781,-26.2678,27.8585,
uc-1020098,-26.1885,28.3208,
uc-964420,-33.9611,25.6149,coast|steppe
uc-954013,-25.4729,28.0992,steppe
uc-965301,-29.6168,30.3928,
uc-949880,-25.9964,28.2268,
uc-1004866,-26.5333,27.85,
uc-1018725,-29.1211,26.214,steppe
uc-1006984,-33.0153,27.9116,coast
uc-944385,-26.6731,27.9261,river
uc-1017780,-26.212,28.2596,
uc-940909,-27.9774,26.7351,steppe
uc-971421,-27.758,29.9318,
uc-986822,-26.0858,27.7752,
uc-958724,-25.6676,27.2421,
uc-939270,-25.8713,29.2332,
uc-8764562,-25.9331,28.0121,
uc-1016670,-29.2674,26.726,steppe
uc-946877,-33.7556,25.4007,steppe
uc-965289,-23.9045,29.4688,steppe
uc-962367,-28.783,32.0377,coast
uc-944986,-26.7117,27.8379,river
uc-3363094,-33.7338,18.9752,
uc-989921,-26.8521,26.6667,steppe
uc-6951112,-34.084,18.8211,coast
uc-977432,-32.9332,27.7766,coast
uc-976361,-25.7751,29.4648,
uc-1002145,-33.963,22.4617,coast
uc-1014073,-26.3609,27.3977,
uc-964349,-26.7167,27.1,steppe
uc-946058,-31.5889,28.7844,
uc-952734,-29.3282,31.2895,coast
uc-940316,-26.3191,27.6486,
uc-11204106,-26.1252,28.4547,
uc-942470,-27.7695,30.7917,
uc-984998,-28.5587,29.779,
uc-1005646,-26.5333,29.0667,
uc-990930,-28.7323,24.7623,desert|steppe
uc-970566,-26.4314,28.4771,
uc-973111,-29.8129,30.6365,
uc-1019330,-32.8472,27.4422,
uc-957487,-26.8136,27.8169,
uc-963230,-26.1844,27.702,
uc-3359041,-33.6465,19.4485,
uc-949224,-22.9456,30.485,
uc-943882,-28.1039,26.8659,steppe
uc-1015621,-25.6347,27.7802,steppe
uc-963516,-31.8976,26.8753,steppe
uc-986846,-27.6504,27.2349,steppe
uc-1105728,-25.346,28.8343,
uc-998082,-25.4089,28.287,steppe
uc-971534,-25.4751,30.9693,
uc-967476,-26.9802,26.6727,river|steppe
uc-965528,-23.943,31.1411,steppe
uc-948542,-26.36,28.129,
uc-952747,-26.9337,29.2415,river
uc-964315,-24.1944,29.0097,river|steppe
uc-1005125,-26.5333,29.9833,
uc-3361025,-33.9346,18.8668,coast
uc-986083,-27.8333,26.75,steppe
uc-952192,-26.8449,26.7683,steppe
uc-990849,-32.8808,27.3938,
uc-1011031,-26.1466,28.6832,
uc-1000501,-33.3042,26.5328,
uc-1019704,-28.2308,28.3071,
uc-1002851,-25.6169,27.9947,steppe
uc-941966,-24.8833,28.2833,steppe
uc-981827,-23.0438,29.9032,steppe
uc-997151,-26.5048,28.3592,
uc-1007400,-28.1668,30.2337,
uc-965241,-27.0071,30.8132,
uc-965401,-28.5242,28.8158,
uc-3370352,-33.5667,18.4834,coast
uc-973709,-34.1831,22.146,coast
uc-980595,-25.8652,25.6442,steppe
uc-975436,-25.85,25.6333,steppe
uc-968477,-27.8739,26.6907,steppe
uc-967106,-33.6005,22.1995,steppe
uc-1019760,-26.4579,29.4655,
uc-949703,-29.2093,26.839,
uc-1016698,-27.3887,26.617,steppe
uc-945945,-28.4478,21.2561,desert|river
uc-966166,-26.9033,27.4573,river|steppe
uc-956907,-27.1887,25.3293,steppe
uc-988698,-34.0363,23.0471,coast
uc-3361934,-33.0117,17.9442,coast|steppe
uc-1021086,-25.7884,31.0532,mountain
uc-982899,-26.152,26.1597,steppe
uc-948468,-29.5737,31.1155,coast
uc-1000543,-32.2522,24.5308,desert
uc-1004109,-26.4886,27.4939,
uc-988356,-30.5472,29.4241,
uc-1003953,-32.7748,26.6338,steppe
uc-1105726,-25.668,28.73,
uc-3365083,-33.8481,18.7172,
uc-3366880,-34.4187,19.2345,coast
uc-942511,-26.9566,24.7284,desert|steppe
uc-3359510,-33.6398,19.0112,
uc-943960,-27.2084,26.9486,steppe
uc-3368254,-33.8308,18.6486,coast
uc-985885,-25.3273,28.9422,
uc-974670,-27.983,30.7177,
uc-1014489,-32.3308,28.1498,
uc-964406,-30.7414,30.455,coast
uc-948130,-26.4916,29.2288,
uc-970341,-23.8878,30.2871,
uc-8030223,-22.3488,30.0407,steppe
uc-968665,-24.7,28.4,steppe
uc-12718846,-25.4824,27.8392,steppe
uc-981158,-25.096,30.4439,
uc-11204446,-23.8838,29.7056,steppe
uc-1004303,-28.872,27.8751,river
uc-938457,-27.1974,25.9831,steppe
uc-1005029,-28.871,31.8996,coast
uc-977975,-25.523,31.3569,steppe
uc-3364937,-33.9421,18.7066,coast
uc-1021396,-26.6633,28.5902,
uc-3359741,-32.9072,17.99,coast|steppe
uc-1020641,-32.3567,22.583,desert|river
uc-1023309,-30.6937,26.7114,river|steppe
uc-955313,-25.1132,29.0445,steppe
uc-1012600,-32.1642,25.6192,steppe
uc-943032,-27.3654,29.8818,
uc-3364346,-33.4608,18.7271,
uc-11204552,-24.9878,31.2385,
uc-940424,-27.8549,26.3658,steppe
uc-12718813,-24.3146,29.5008,steppe
uc-3369129,-33.3689,19.3109,
uc-1015504,-25.8102,28.7425,
uc-956507,-28.3197,27.6208,steppe
uc-983065,-26.3674,28.9189,
uc-11205133,-26.002,29.034,
uc-964712,-34.0527,23.3716,coast
uc-8063456,-29.1469,31.414,coast|river
uc-3367513,-34.1515,19.0151,coast
uc-11204240,-26.055,30.8229,
uc-1001860,-23.3025,30.7187,steppe
uc-3363882,-34.097,18.4797,coast
uc-11288103,-29.9957,30.8072,coast
uc-1014306,-24.9832,31.2349,
uc-951650,-32.5708,27.424,
uc-1007140,-24.7946,31.1028,
uc-995094,-34.029,24.7691,coast
uc-949282,-28.411,26.7011,steppe
uc-949683,-24.5917,27.4115,steppe
uc-978895,-30.8636,30.3705,coast
uc-1012413,-25.6709,28.5236,
uc-940509,-29.0491,29.7823,
uc-940186,-32.1759,26.8244,steppe
uc-1023713,-24.5878,31.0947,
uc-1018673,-27.6469,25.607,lake|river|steppe
uc-997751,-28.2728,29.1295,
uc-3362349,-33.8034,19.8854,steppe
uc-972803,-28.4179,32.1848,
uc-1005544,-28.762,31.8933,coast
uc-997140,-27.2812,27.9709,
uc-993910,-34.0453,24.9215,coast|steppe
uc-995202,-29.4779,30.2306,
uc-962330,-29.872,30.2723,
uc-1011632,-30.6497,24.0123,steppe
uc-946257,-28.3352,31.4162,
uc-1023287,-27.7543,26.6438,steppe
uc-8604906,-25.4414,27.5111,steppe
uc-11428880,-26.3794,28.9211,
uc-8629684,-23.6551,27.6249,steppe
uc-1003763,-27.2789,28.497,lake
uc-964432,-33.586,26.8833,coast
uc-985015,-29.1945,27.4574,
uc-973139,-29.5682,30.1862,
uc-964363,-28.3339,23.0654,desert|steppe
uc-972206,-24.5167,28.7167,steppe
uc-12750584,-26.0403,30.7927,
uc-1008261,-26.965,30.4357,
uc-1014747,-28.2876,26.15,steppe
uc-1021360,-29.539,31.2144,coast
uc-956232,-29.4493,31.2153,coast
uc-996930,-26.1588,29.7153,
uc-997678,-25.7287,27.87,steppe
uc-12718812,-24.584,30.3168,steppe
uc-944531,-26.314,26.8222,
uc-1004962,-29.0127,29.8662,
uc-1009863,-32.8348,27.2174,
uc-938694,-25.3318,31.0117,
uc-1022982,-24.8181,27.2966,steppe
uc-11204695,-25.6703,31.8629,steppe
uc-985011,-31.7031,27.2329,steppe
uc-1013550,-27.914,25.1611,desert|river|steppe
uc-12718757,-28.0127,27.0823,steppe
uc-1007514,-23.6934,30.14,
uc-962847,-27.8014,28.4273,
uc-956878,-30.2867,30.7532,coast
uc-994432,-26.0816,25.8812,steppe
uc-1000937,-32.9443,28.015,coast
uc-11204123,-25.699,27.4748,steppe
uc-987648,-25.863,26.8976,
uc-1010962,-26.8908,28.0971,lake|river
uc-957178,-25.7087,31.5102,steppe
uc-12718837,-26.2607,30.8255,
uc-1000006,-29.0642,30.5928,
uc-996918,-27.9765,27.0242,steppe
uc-954161,-32.7217,25.588,steppe
uc-976358,-31.4929,25.0063,steppe
uc-997718,-26.7657,26.4202,steppe
uc-974738,-25.4628,28.6504,
uc-967238,-26.8091,26.0054,steppe
uc-3359736,-31.6683,18.5012,river|steppe
uc-974222,-29.2082,29.9946,
uc-966380,-27.7832,24.6877,desert|steppe
uc-1023366,-24.9591,31.1702,
uc-944380,-25.4825,29.0276,
uc-942701,-27.4257,29.1658,
uc-7730334,-23.6661,27.7448,steppe
uc-1013266,-28.9159,27.5696,
uc-1001736,-28.1783,30.147,
uc-950709,-34.0226,20.4417,steppe
uc-943937,-27.0303,28.6006,lake|river
uc-1013067,-26.3317,26.3207,steppe
uc-988290,-25.4332,31.9548,steppe
uc-956767,-26.55,29.1667,
uc-946128,-30.2067,30.7964,coast
uc-13527189,-24.7886,31.0794,
uc-1014012,-26.0693,30.1149,
uc-1020340,-25.6899,30.035,
uc-963525,-31.871,26.9786,steppe
uc-3367877,-33.9108,19.1198,
uc-945141,-24.2957,28.1141,steppe
uc-11205753,-27.342,31.58,steppe
uc-12718836,-25.1523,28.8556,steppe
uc-946010,-30.31,30.6627,coast
uc-961152,-34.0934,21.2572,steppe
uc-995573,-27.8327,25.9083,lake|steppe
uc-1014653,-30.9977,26.3286,steppe
uc-937136,-25.537,26.0751,steppe
uc-986717,-34.0033,24.7314,coast
uc-958441,-25.0999,30.78,
uc-937246,-30.3023,27.084,
uc-1015776,-34.5322,20.0403,steppe
uc-978677,-28.6645,27.4305,
uc-1008064,-25.6978,31.564,steppe
uc-1013199,-30.2983,29.9377,
uc-990825,-26.4166,29.0867,
uc-987202,-26.25,29.26,
uc-974611,-33.7866,20.1211,steppe
uc-12718754,-32.9077,27.5097,
uc-1023332,-32.7875,26.8344,steppe
uc-999602,-34.0437,22.2257,coast|steppe
uc-941931,-28.114,24.8475,desert|river|steppe
uc-12718835,-25.4778,31.1456,
uc-12718756,-28.3306,28.9909,
uc-1005040,-28.8865,31.4699,
uc-942683,-27.0081,27.3646,
uc-946973,-23.8332,30.1635,
uc-12718868,-33.8906,19.1033,
uc-1005781,-31.3331,27.85,
uc-1015694,-26.3018,29.987,
uc-11204214,-30.8063,30.3348,coast
uc-939608,-28.518,27.0093,steppe
uc-3369179,-34.23,19.4265,
uc-987875,-27.2418,27.5742,
uc-12718789,-27.3898,30.9547,river
uc-946932,-31.1981,28.2335,
uc-12718768,-26.0657,27.6476,
uc-984012,-27.2371,26.2351,steppe
uc-979910,-27.3156,25.995,steppe
uc-949026,-24.7246,31.1994,
uc-1022145,-33.8314,20.0559,steppe
uc-3367804,-34.583,19.3505,coast
uc-973527,-30.6927,28.5061,
uc-12718834,-26.2155,29.2916,
uc-12718833,-27.1325,29.9764,
uc-1014322,-31.5236,27.6952,
uc-12750601,-26.3901,30.7874,
uc-11282157,-22.9711,30.6736,steppe
uc-969698,-24.9578,27.2654,steppe
uc-1003843,-28.6196,28.2097,
uc-1015969,-28.7003,26.4581,steppe
uc-965571,-27.6661,28.1313,
uc-3363957,-33.1539,18.6603,
uc-1007061,-33.5757,22.4439,steppe
uc-12718832,-26.305,30.7736,
uc-1835848,37.566,126.9784,river
uc-1843564,37.4565,126.7052,coast
uc-1838524,35.1017,129.03,coast
uc-1835329,35.8703,128.5911,
uc-1841811,35.1547,126.9156,
uc-1835553,37.2911,127.0089,coast
uc-1835235,36.3491,127.3849,
uc-1846326,35.2281,128.6811,coast
uc-1833747,35.5372,129.3167,coast
uc-1897000,37.4386,127.1378,
uc-1845604,36.6372,127.4897,
uc-1845457,35.8219,127.1489,
uc-1846266,33.5097,126.5219,coast|mountain
uc-1833788,37.7415,127.0474,
uc-1845759,36.8065,127.1522,coast
uc-1843847,37.2068,126.8169,coast
uc-1846918,37.3236,126.8219,coast
uc-1846898,37.3925,126.9269,coast
uc-1839071,36.0292,129.3648,coast
uc-1842943,35.2342,128.8811,coast
uc-1897007,37.54,127.2056,river
uc-1842225,36.1136,128.336,
uc-11523293,36.5924,127.2922,
uc-1838343,36.9947,127.0889,coast
uc-1835648,34.9505,127.4878,coast
uc-1832828,35.342,129.0336,river
uc-1833105,37.3514,127.9453,
uc-1843491,35.9439,126.9544,coast
uc-1846052,35.1928,128.0847,coast
uc-1845136,37.8747,127.7342,
uc-1884138,34.7606,127.6621,coast
uc-1841066,34.8128,126.3918,coast
uc-1842025,35.9786,126.7114,coast
uc-1843702,37.2792,127.4425,
uc-1841603,35.8428,129.2117,
uc-11101805,34.8138,128.7056,coast
uc-1845033,36.9767,127.9287,river
uc-1843137,37.7527,128.8724,coast
uc-1842936,37.6236,126.7142,coast|river
uc-6621166,33.2533,126.5618,coast|mountain
uc-1842966,35.2442,129.2139,coast
uc-1884178,34.9414,127.6957,coast
uc-1846986,36.5664,128.7227,river
uc-1842944,36.1218,128.1198,
uc-11695689,35.6,126.917,
uc-1832743,37.2958,127.6339,river
uc-1897118,37.6525,127.3075,
uc-1837706,36.4153,128.1606,
uc-1892823,37.5439,129.1069,coast
uc-1839726,36.7836,127.0042,coast
uc-1835447,36.3493,126.5977,coast
uc-1840982,34.9901,126.479,coast
uc-1844174,36.6009,126.665,coast
uc-1832384,36.8217,128.6308,
uc-1832830,37.4897,127.4906,river
uc-1912205,35.4061,129.1686,coast
uc-1882056,34.8825,128.6267,coast
uc-1840379,35.41,127.3858,
uc-1836553,38.207,128.5918,coast|mountain
uc-1840886,36.5946,128.1995,
uc-1844191,37.6918,127.8857,
uc-6903078,35.5414,128.4951,
uc-1835895,36.7817,126.4522,coast
uc-1842859,35.4333,126.7,coast
uc-1842616,36.4556,127.1247,
uc-1842754,34.8503,128.5886,coast
uc-1845020,34.8496,128.4278,coast
uc-1846912,37.0108,127.2703,
uc-1840179,38.3788,128.4676,coast
uc-1846095,36.8567,127.4433,
uc-1838508,36.2747,126.9091,
uc-1832617,35.9675,128.9308,
uc-1843082,37.831,127.5106,
uc-1832798,36.6574,128.4551,
uc-6395804,34.8262,126.1086,coast
uc-1841149,35.4933,128.7489,
uc-1832501,35.2781,126.5118,coast
uc-11762608,34.8006,126.6967,coast
uc-1835515,37.1759,128.9889,
uc-1842939,35.8017,126.8889,coast
uc-1834946,35.3189,126.9839,
uc-1842800,36.8108,127.7947,
uc-1840211,36.2039,127.0847,
uc-1832566,36.175,127.7764,
uc-1840862,37.8594,126.785,coast
uc-1840536,35.0292,126.7175,coast
uc-1838069,37.4406,129.1708,coast
uc-1846371,35.2978,126.7844,
uc-11863735,35.068,127.7515,coast
uc-1845388,38.2092,127.2175,
uc-1832771,36.6776,126.8427,coast
uc-1844954,36.7847,127.5819,
uc-11674727,34.7715,127.08,coast
uc-1846544,34.6816,126.9069,coast
uc-1842016,36.2347,128.5728,
uc-1834885,36.8944,126.6297,coast
uc-1845519,36.4335,129.057,
uc-1846114,35.7917,127.4253,
uc-1841976,35.2094,127.4644,
uc-1833514,35.9925,128.3979,river
uc-1844308,35.9133,128.82,
uc-1842518,34.9763,128.3236,coast
uc-1846355,35.6484,127.5152,
uc-1843585,35.6131,127.2794,
uc-1843163,37.7472,126.4856,coast
uc-1832257,37.1845,128.4682,river
uc-1842153,36.1031,127.4889,
uc-1886598,36.1294,127.1,
uc-1832909,38.1058,127.9894,
uc-1844751,34.5711,126.5989,coast
uc-1847050,33.4644,126.3183,coast|mountain
uc-1835096,36.9714,126.4542,coast
uc-1844045,38.1071,127.7063,
uc-1838722,35.7281,126.7319,coast
uc-1835967,36.2408,128.2975,river
uc-1845142,37.8914,128.8258,coast
uc-1839011,34.849,127.3405,coast
uc-373303,4.8517,31.5825,river
uc-363807,9.0122,27.5708,
uc-363619,4.0944,30.6764,
uc-370737,9.5334,31.6605,desert|river|steppe
uc-363885,7.7011,27.9897,
uc-371712,8.3028,27.98,
uc-375495,3.8651,32.4821,
uc-374739,8.5332,28.1004,
uc-363656,4.5708,28.3942,
uc-364367,8.7619,27.3919,
uc-367927,6.8062,29.6774,steppe
uc-377241,6.2089,31.5586,river
uc-365742,4.4118,32.5705,
uc-371466,8.3031,30.1406,steppe
uc-365763,7.2739,28.6775,
uc-373130,9.2735,24.417,steppe
uc-3117735,40.4165,-3.7026,steppe
uc-3128760,41.3888,2.159,coast
uc-2509954,39.4739,-0.3797,coast|steppe
uc-2510911,37.3828,-5.9732,river
uc-3104324,41.6561,-0.8773,river|steppe
uc-3128026,43.2627,-2.9253,coast
uc-2513416,37.987,-1.13,steppe
uc-2514256,36.7202,-4.4203,coast
uc-2515270,28.1018,-15.4157,coast|desert
uc-2512989,39.5694,2.6502,coast
uc-2521978,38.3452,-0.4815,coast|steppe
uc-3105976,42.2328,-8.7226,coast
uc-3119841,43.3713,-8.396,coast
uc-3114472,42.8169,-1.6432,
uc-2519240,37.8916,-4.7728,river
uc-3106672,41.6554,-4.7235,
uc-2517117,37.1882,-3.6067,
uc-3110044,43.3128,-1.975,coast
uc-3121424,43.5357,-5.6615,coast
uc-2519752,39.9857,-0.0493,coast|steppe
uc-3104499,42.85,-2.6727,
uc-3108286,41.5667,2.0167,
uc-3127461,42.3411,-3.7018,
uc-2518559,38.2622,-0.7011,coast|steppe
uc-2520058,37.602,-0.984,coast|steppe
uc-3114711,43.3603,-5.8448,
uc-2516326,36.6865,-6.1361,coast
uc-2511174,28.4682,-16.2546,coast|steppe
uc-2521886,36.8381,-2.4597,coast|steppe
uc-3130616,40.4821,-3.36,steppe
uc-3109718,43.4659,-3.8049,coast
uc-3114256,40.236,-3.7675,steppe
uc-2522258,38.9942,-1.8564,steppe
uc-3118532,42.6,-5.5703,
uc-2516548,37.2664,-6.94,coast
uc-3108288,41.1191,1.2454,coast|steppe
uc-2514169,36.5154,-4.8858,coast
uc-3118150,42.4661,-2.4512,river
uc-2511401,28.4853,-16.3201,coast|steppe
uc-2521420,38.8779,-6.9706,river
uc-3117164,41.5421,2.4445,coast
uc-2522013,36.1333,-5.4505,coast
uc-3111108,40.9688,-5.6639,
uc-3118514,41.6167,0.6222,river|steppe
uc-3107784,40.4554,-3.4697,steppe
uc-3121456,41.9831,2.8249,
uc-3121145,41.608,2.2877,coast
uc-3113209,42.431,-8.6443,coast
uc-3111933,41.1561,1.1069,coast|steppe
uc-2510542,27.9924,-15.4192,coast|steppe
uc-2518794,37.2829,-5.9209,
uc-2513076,38.0848,-0.944,steppe
uc-2511716,36.7642,-2.6147,coast|steppe
uc-2520600,36.5267,-6.2891,coast
uc-2516395,37.7692,-3.7903,
uc-3114965,42.3367,-7.8641,river
uc-2513882,36.5958,-4.6373,coast
uc-2517367,38.9667,-0.1833,coast
uc-3109642,42.8805,-8.5457,
uc-3117814,43.0099,-7.556,river
uc-3106868,40.1908,-3.6789,steppe
uc-2509769,36.7811,-4.1027,coast
uc-2520611,39.4765,-6.3722,
uc-2511388,36.4759,-6.1982,coast
uc-2521582,28.0996,-16.681,coast|mountain|steppe
uc-3129135,43.5547,-5.9248,coast
uc-3121070,40.6286,-3.1618,
uc-2514891,37.6712,-1.7017,steppe
uc-2521088,38.5382,-0.131,coast|steppe
uc-2519402,38.9863,-3.9291,
uc-2510693,39.9635,-4.8308,river
uc-2518207,36.5939,-6.233,coast
uc-2510409,39.8581,-4.0226,river|steppe
uc-2513947,35.2937,-2.9383,coast
uc-2511619,39.6833,-0.2667,coast|steppe
uc-2518494,36.7763,-2.8146,coast|steppe
uc-2519513,36.4198,-6.1437,coast
uc-2510281,36.6204,-4.4998,coast
uc-6362987,35.8892,-5.3204,coast
uc-2510253,37.9787,-0.6822,coast|steppe
uc-3121007,43.3569,-3.0115,coast
uc-2521570,28.963,-13.5477,coast|desert
uc-3114531,42.0095,-4.5241,
uc-3120304,43.339,-1.7894,coast
uc-3117533,41.7281,1.824,
uc-2511150,27.9117,-15.5407,coast|steppe
uc-2517595,36.54,-4.6247,coast
uc-2522165,37.3379,-5.8395,
uc-3113236,42.5466,-6.5962,
uc-3107112,40.3261,-3.5109,steppe
uc-2511306,36.7781,-6.3515,coast
uc-2520425,38.219,-2.9807,
uc-2517816,36.4276,-5.1459,coast
uc-3123493,43.4845,-8.2329,coast
uc-3125897,41.2779,1.9703,coast
uc-3105184,41.2239,1.7251,coast
uc-2515812,36.1681,-5.3478,coast
uc-3124794,40.6351,-4.0049,
uc-2567529,39.6417,-0.2389,coast|steppe
uc-3104342,41.5063,-5.7446,river
uc-2522098,38.7054,-0.4743,
uc-2513477,36.7507,-3.5179,coast|steppe
uc-2513917,38.918,-6.3429,river
uc-2521139,36.5961,-4.5727,coast
uc-3129136,40.6572,-4.6995,
uc-2515045,38.0952,-3.636,
uc-3107775,43.3494,-4.0479,coast
uc-2518505,38.4778,-0.7916,steppe
uc-3124132,40.0667,-2.1333,
uc-3129857,40.0311,-3.6025,river|steppe
uc-3120514,42.1362,-0.4087,
uc-2511440,27.9248,-15.5733,coast
uc-2510073,37.1852,-5.7809,
uc-2512177,38.6871,-4.1073,
uc-2520493,39.5657,2.5062,coast
uc-3109256,40.9481,-4.1184,
uc-3129636,40.3008,-3.4372,steppe
uc-2516479,38.9088,1.433,coast
uc-3122453,42.2664,2.9616,coast
uc-2521710,37.0194,-4.5612,
uc-2522129,39.15,-0.4333,coast|steppe
uc-3116789,43.25,-5.7667,
uc-3124765,40.6591,-3.7676,
uc-2522437,28.1227,-16.726,coast|mountain|steppe
uc-2514216,39.5696,3.2096,coast
uc-2514392,37.4088,-4.4852,
uc-7577022,40.6009,-3.7081,
uc-2515692,28.3908,-16.5231,coast|mountain
uc-2518878,38.8408,0.1057,coast
uc-2512169,36.5282,-6.1901,coast
uc-3113331,40.0312,-6.0884,
uc-3127978,41.6742,2.7904,coast
uc-2517111,28.1188,-16.576,coast|mountain|steppe
uc-3110962,43.2957,-5.6842,
uc-2518770,37.5422,-5.0826,
uc-3106050,41.9301,2.2549,
uc-3116689,42.6865,-2.947,river
uc-3108681,41.764,-2.4688,river
uc-3120431,41.581,1.6172,
uc-2511852,36.7171,-4.2758,coast
uc-3105600,41.3462,1.6971,coast
uc-2513106,38.8219,-0.606,
uc-3115739,43.5018,-8.1908,coast
uc-3105575,42.5963,-8.7643,coast
uc-3118212,41.6999,2.8457,coast
uc-2521738,38.0392,-4.0508,river
uc-2518820,38.9563,-5.8616,
uc-2511730,36.7423,-5.1671,
uc-2514553,37.1618,-5.9243,
uc-6692471,28.3849,-16.5828,coast|mountain
uc-3108126,40.3456,-1.1065,steppe
uc-2510392,39.1576,-3.0216,steppe
uc-2514984,39.4909,2.8911,coast
uc-2514042,27.7606,-15.586,coast|desert
uc-2511994,28.3764,-16.5858,coast|mountain
uc-3106180,41.2167,1.5333,coast
uc-2512186,28.5004,-13.8627,coast|desert
uc-2510271,37.7429,-0.954,coast|steppe
uc-2509463,38.6373,-0.8657,steppe
uc-2513983,37.5992,-1.3149,coast|steppe
uc-3107677,40.8125,0.5216,coast|river|steppe
uc-2521986,36.664,-4.5614,coast
uc-2509402,38.6136,-1.1147,steppe
uc-2511250,36.4884,-4.9912,coast
uc-2519425,38.24,-1.4199,steppe
uc-3107418,42.0617,-1.6045,river|steppe
uc-3129046,40.5657,-3.2675,steppe
uc-2510116,38.0133,-3.3705,
uc-2520709,39.889,-0.085,coast|steppe
uc-2522333,37.4063,-1.5829,coast|steppe
uc-2509588,38.5075,-0.2335,coast|steppe
uc-3115093,42.181,2.4901,
uc-2521893,38.6832,-6.4075,
uc-3129877,41.6704,-3.6892,river
uc-3126888,41.07,1.0595,coast|steppe
uc-2512196,28.4169,-16.5509,coast|mountain
uc-3125621,43.3828,-3.2204,coast
uc-3121766,40.5783,-4.0043,
uc-2511102,38.1917,-0.5658,coast|steppe
uc-2511366,37.8063,-0.8374,coast|steppe
uc-3129356,40.2695,-3.9195,
uc-2511162,38.9846,1.5341,coast
uc-3126369,43.213,-8.691,coast
uc-2521665,36.7507,-5.8106,
uc-2509982,38.7621,-3.3848,steppe
uc-2516797,38.5106,-1.701,steppe
uc-2522131,39.3901,-3.2083,steppe
uc-2519233,37.2877,-6.0541,river
uc-3126917,43.4074,-3.885,coast
uc-2512232,37.3894,-4.7669,
uc-2521486,37.5999,-0.8068,coast|steppe
uc-6355013,28.9231,-13.6658,coast|desert
uc-2516345,38.9904,-0.5185,
uc-2516443,27.9185,-15.4343,coast|steppe
uc-2516452,39.7211,2.9109,coast
uc-2511239,36.2098,-5.3845,coast
uc-2510224,37.7688,-1.5023,steppe
uc-3124967,40.0011,3.8414,coast
uc-2514301,39.8885,4.2658,coast
uc-2519110,38.2499,-0.8097,coast|steppe
uc-2522325,27.9054,-15.4461,coast|desert
uc-2510764,39.2026,-0.3111,coast
uc-2511700,36.6236,-6.36,coast
uc-2520118,37.4712,-5.6461,
uc-3110143,41.2604,1.7739,coast
uc-3104584,40.4703,0.4756,coast|steppe
uc-3123773,43.1712,-2.6338,
uc-2516336,38.7833,0.1667,coast
uc-3117331,41.474,1.9306,
uc-2513509,37.1208,-5.454,
uc-2521847,36.7325,-3.6917,coast|steppe
uc-3108877,41.2351,1.8119,coast
uc-3104703,40.3581,-3.9043,
uc-3111807,42.7381,-8.4411,
uc-3123709,43.1849,-2.4716,coast
uc-3112866,41.4921,2.3652,coast
uc-2522012,39.1904,-0.4357,coast
uc-2513195,38.3848,-0.7677,steppe
uc-3109897,42.5535,-8.9909,coast
uc-3110986,41.0766,1.1416,coast|steppe
uc-3113526,41.6276,2.6889,coast
uc-3128273,40.4165,0.4271,coast
uc-2509491,39.2699,-2.6012,steppe
uc-2513222,36.9665,-2.206,coast|steppe
uc-2515096,36.9208,-6.0753,coast
uc-2520171,38.1056,-1.8634,steppe
uc-2515072,37.2548,-7.2043,coast
uc-2515698,28.6105,-13.9291,coast|desert
uc-2509553,38.9766,-5.7974,
uc-2521857,37.2647,-6.5167,
uc-2516255,38.4792,-1.325,steppe
uc-3106492,41.2861,1.2499,coast
uc-2513115,39.965,-0.2604,coast
uc-3127065,42.3051,-1.9652,
uc-2514073,37.7211,-3.9726,
uc-2521923,38.8692,-1.0971,
uc-2522430,36.7483,-3.0208,coast
uc-2520283,28.3548,-16.3727,coast|steppe
uc-3127066,41.2,1.5683,coast
uc-2517436,28.147,-15.6502,coast|steppe
uc-2518949,39.1667,-0.25,coast
uc-2516480,38.6253,-0.5723,
uc-2516474,28.3724,-16.7119,coast|mountain|steppe
uc-2521804,38.5988,-0.0515,coast
uc-2511247,37.8357,-0.791,coast|steppe
uc-2510725,28.4769,-16.4102,coast
uc-2521215,37.4907,-2.7726,
uc-2520496,38.6447,0.0445,coast
uc-3115171,41.5437,1.8941,
uc-3112761,42.1748,-8.504,coast
uc-2513601,37.5863,-4.638,
uc-2515036,39.6289,-0.5978,steppe
uc-2522160,37.4614,-3.923,
uc-3104316,43.2844,-2.1699,coast
uc-2512282,37.4381,-4.1952,
uc-2521335,36.1924,-5.9219,coast
uc-2519289,36.2772,-6.0885,coast
uc-3114567,41.9174,3.1631,coast
uc-3116503,43.0644,-2.4898,
uc-2520069,27.9116,-15.4056,coast|desert
uc-2511880,39.5459,-0.5707,steppe
uc-3110643,41.7833,3.0333,coast
uc-2519367,36.6595,-4.7564,coast
uc-3122912,41.5381,1.8702,
uc-2511448,38.9807,1.3036,coast
uc-2513240,36.7528,-3.8744,coast
uc-3107765,40.5765,-3.9266,
uc-2520150,39.1218,-0.4481,coast|steppe
uc-2513798,27.8838,-15.7254,coast|steppe
uc-3115659,40.2891,-4.012,
uc-2514946,37.1689,-4.1513,
uc-3117010,41.3124,-4.9141,steppe
uc-2512581,37.8659,-0.7926,coast|steppe
uc-2520645,37.4725,-4.4421,
uc-2516431,37.2,-7.3167,coast
uc-2520055,36.7107,-4.633,coast
uc-3120410,40.1221,-3.847,steppe
uc-3130131,40.7099,0.5786,coast|river|steppe
uc-2512990,37.7002,-5.2812,river
uc-3119739,43.3075,-5.6909,
uc-2521415,37.6167,-4.3224,
uc-2521456,37.2133,-7.4081,coast|river
uc-2513026,28.3504,-14.1076,coast|desert
uc-2520968,39.5911,-0.4615,coast|steppe
uc-3119746,42.6891,-8.4884,coast
uc-3117539,42.0023,2.2848,
uc-2521855,38.1088,-0.792,coast|steppe
uc-2516860,28.2115,-16.7795,coast|mountain|steppe
uc-2511752,38.088,-0.7254,coast|steppe
uc-2514288,37.373,-5.7495,
uc-2512251,39.5975,-0.5547,steppe
uc-2511930,39.4883,-1.1004,steppe
uc-3130383,40.5971,-3.4974,
uc-2521510,38.3451,-0.7672,steppe
uc-2514651,28.6585,-17.9182,coast|steppe
uc-3119536,42.6609,-8.1128,
uc-3127047,41.3535,-1.6432,steppe
uc-2521992,37.851,-1.4251,steppe
uc-2510485,28.9611,-13.645,coast|desert
uc-2522091,39.8532,3.1214,coast
uc-2512620,39.3635,-0.4595,coast|steppe
uc-2514158,37.329,-5.4168,
uc-3128885,42.1167,2.7667,
uc-2513791,37.2756,-6.8385,coast
uc-2518729,37.2627,-5.5453,
uc-3116478,42.5217,-7.5142,
uc-2511371,28.0762,-16.558,coast|mountain|steppe
uc-2510573,29.0605,-13.564,coast|desert
uc-2519477,36.7366,-6.437,coast
uc-2514893,37.659,-5.5275,river
uc-3111348,42.262,3.1769,coast
uc-2518040,37.3911,-5.7199,
uc-2514190,38.9992,-3.3699,steppe
uc-3128291,42.0025,-5.6783,
uc-2510880,39.3626,-0.4117,coast|steppe
uc-3127889,42.6472,-8.8846,coast
uc-2521410,38.0964,-3.7779,
uc-3127007,41.6138,2.6542,coast
uc-2516925,37.2993,-3.1392,
uc-2518924,39.07,-3.615,steppe
uc-3117636,41.6466,2.7414,coast
uc-3118228,43.1432,-2.962,
uc-2517750,39.4696,3.1483,coast
uc-3110360,40.2073,-3.5706,steppe
uc-2521676,38.1163,-1.3004,steppe
uc-2510743,39.072,-0.2662,coast
uc-2510599,36.0139,-5.607,coast
uc-3128272,40.05,0.0667,coast
uc-2516004,39.5667,-0.5333,coast|steppe
uc-3108008,43.1348,-2.078,coast
uc-3115463,42.1415,-8.8066,coast
uc-2520052,37.2811,-7.1507,coast
uc-3114566,41.8484,3.1291,coast
uc-3110458,40.5914,-4.1474,
uc-2515701,38.6137,-0.1269,coast
uc-2513052,37.2376,-5.1031,
uc-3130137,43.2167,-2.7333,coast
uc-3108165,42.795,-8.548,coast
uc-2515151,37.6191,-0.878,coast|steppe
uc-2512340,38.3791,-4.8483,
uc-2516852,28.3112,-16.4128,coast|mountain|steppe
uc-2516542,37.3892,-1.943,steppe
uc-3123688,42.1263,-1.1372,steppe
uc-3105805,42.0617,2.2553,
uc-3107364,42.0471,-8.6443,coast|river
uc-2512432,39.8768,3.0163,coast
uc-2513324,39.8916,-5.5406,lake
uc-3110610,42.4,-8.807,coast
uc-3128201,42.1043,1.8463,
uc-6354969,27.7567,-15.5787,coast|desert
uc-3116224,41.9108,0.1941,
uc-2510112,36.6778,-5.446,
uc-2513436,38.041,-1.4901,steppe
uc-3128174,43.4209,-2.7215,coast
uc-3128795,42.0356,0.1269,
uc-2510245,36.7579,-3.9523,coast
uc-3127035,41.6333,2.1667,
uc-3110813,41.6892,2.4897,coast
uc-3128978,41.7912,0.8109,river|steppe
uc-3105247,40.4469,-4.0043,
uc-3108285,41.647,1.1396,
uc-2509377,38.4254,-6.4173,
uc-3130606,41.05,-0.1333,steppe
uc-2515493,36.9838,-5.9393,
uc-6559641,37.1355,-3.6703,
uc-2516902,38.0903,-0.6556,coast|steppe
uc-2509408,28.9568,-13.7653,coast|desert
uc-2521413,37.9938,-3.471,river
uc-3123063,43.1872,-2.5026,coast
uc-3120989,43.3167,-2.6833,coast
uc-3104475,43.6623,-7.5934,coast
uc-2513604,38.9084,-6.6178,river
uc-3109050,40.1047,-3.6979,steppe
uc-3115907,43.3546,-2.8452,coast
uc-2515555,39.2073,-2.1572,steppe
uc-3123504,40.5825,-4.1285,
uc-2511180,28.6835,-17.7642,coast
uc-2514868,37.7443,-0.8504,coast|steppe
uc-3108317,40.0085,-3.0073,
uc-2520121,39.2266,-0.5214,steppe
uc-2515284,38.9442,-3.2381,steppe
uc-3110821,40.6167,0.6,coast
uc-2511160,37.1886,-3.7189,
uc-2521485,37.2248,-3.6869,
uc-3113576,41.5223,1.7508,
uc-3107955,41.6991,2.7189,coast
uc-3129661,41.5819,2.5494,coast
uc-2516088,38.2756,-3.6153,
uc-3107807,41.145,1.3986,coast|steppe
uc-3105214,40.4901,-3.9638,
uc-2521016,36.8469,-2.9497,coast
uc-2519651,38.0924,-1.7985,steppe
uc-3128382,40.3864,-5.7634,
uc-2520413,39.4046,-3.1249,steppe
uc-1248991,6.9355,79.8487,coast
uc-1234633,6.773,79.8816,coast
uc-1236854,6.848,79.9265,coast
uc-1242833,9.6684,80.0074,coast
uc-1233369,7.2083,79.8358,coast
uc-1241622,7.2906,80.6336,lake|river
uc-1226260,8.5778,81.2289,coast
uc-1242110,7.409,81.8347,coast
uc-1246294,6.0461,80.2103,coast
uc-1229989,9.8167,80.2333,coast
uc-1250161,7.7102,81.6924,coast
uc-1240935,7.1699,79.8884,coast
uc-1251568,6.1196,81.0214,coast
uc-1225142,9.8167,80.1667,coast
uc-1235846,5.9485,80.5353,coast
uc-1248749,7.86,80.6517,
uc-1251081,8.3122,80.4131,
uc-1225018,8.7514,80.4971,
uc-1250066,6.0496,80.7325,coast
uc-1251574,6.2355,80.0538,coast
uc-1228730,6.6858,80.4036,
uc-1250615,6.9802,81.0577,
uc-1229724,6.8762,81.8267,coast
uc-1229293,8.0362,79.8283,coast
uc-1248158,5.9283,80.5888,coast
uc-1251459,7.2975,81.682,coast|river
uc-1241964,6.5831,79.9593,coast
uc-1249978,6.426,79.9958,coast
uc-1235855,7.4698,80.6217,
uc-1236150,8.9894,79.8784,coast
uc-1243936,6.844,80.0024,coast
uc-1249931,6.4788,79.9828,coast
uc-1241750,7.048,79.8937,coast
uc-1242835,7.0744,79.8919,coast
uc-1234393,9.268,80.815,coast
uc-1237980,7.4839,80.3683,
uc-1232783,6.9708,80.7829,mountain
uc-1249145,7.5758,79.7953,coast
uc-1246000,7.1643,80.5696,river
uc-1246924,7.7782,81.6038,coast
uc-1244773,6.9012,80.0852,
uc-1223738,5.975,80.4297,coast
uc-1225187,8.1333,81.4333,coast
uc-1241076,6.4134,81.3346,coast
uc-1244926,6.1241,81.1185,coast
uc-1240723,7.2523,80.3436,
uc-1244596,6.8916,80.5955,mountain
uc-379252,15.5518,32.5324,desert
uc-365137,15.6445,32.4777,desert|river
uc-379251,15.6493,32.5346,desert|river
uc-369004,12.0489,24.8807,desert
uc-377039,19.6175,37.2164,coast|desert
uc-371760,13.1629,32.6635,desert|river
uc-372753,15.451,36.4,desert
uc-379003,13.1842,30.2167,desert
uc-379062,14.0349,35.3834,desert|steppe
uc-364103,14.4012,33.5199,desert|river
uc-380148,11.4619,26.1258,desert|steppe
uc-379555,13.6279,25.3494,desert
uc-366847,13.1483,33.9312,desert|river|steppe
uc-379303,13.4526,22.4473,desert|steppe
uc-380174,11.7891,34.3592,lake|river|steppe
uc-379302,13.4748,22.4574,desert|steppe
uc-367644,13.5691,33.5672,desert|river
uc-379149,14.2459,32.9891,desert
uc-8504621,11.2754,25.1403,desert|steppe
uc-378231,17.7022,33.9864,desert|river
uc-378699,12.7,28.4333,desert
uc-380173,17.599,33.9721,desert|river
uc-373141,11.0111,29.7183,desert|steppe
uc-380129,14.0012,32.3116,desert|river
uc-377108,10.8583,25.1592,desert|steppe
uc-367308,16.6915,33.4341,desert|river
uc-374272,15.3302,35.5985,desert
uc-376450,12.05,29.65,desert|steppe
uc-378459,11.8659,34.3869,lake|river|steppe
uc-364706,12.9061,31.2158,desert
uc-363417,19.1816,30.4769,desert|river
uc-372773,12.5097,24.2852,desert|steppe
uc-370181,14.1333,25.55,desert
uc-13132453,12.4388,25.5811,desert
uc-379427,14.7526,33.2984,desert|river
uc-380757,11.4562,31.2285,desert|steppe
uc-372527,14.9667,35.9167,desert|lake|river
uc-367544,19.1059,37.3321,coast|desert
uc-373198,13.65,24.0833,desert|steppe
uc-365641,11.0904,24.5301,desert|steppe
uc-379102,11.0333,27.7333,desert|steppe
uc-366323,18.4254,37.729,desert
uc-378493,12.7167,30.65,desert
uc-366846,18.8405,36.8351,desert
uc-363533,12.9092,23.4706,desert|steppe
uc-371745,14.2,24.6667,desert
uc-378271,13.3167,33.8833,desert|river|steppe
uc-377962,11.3333,27.8,desert|steppe
uc-366426,13.0167,31.8667,desert
uc-373296,18.9533,36.8336,desert
uc-13132450,14.1078,34.092,desert
uc-379416,13.4167,34.6333,desert|steppe
uc-370838,13.4167,33.6667,desert|river
uc-367972,14.7597,33.3675,desert|river
uc-13132451,14.7278,32.2693,desert|river
uc-372386,14.0361,33.1712,desert
uc-377690,18.0216,33.983,desert|river
uc-379535,11.7329,28.3579,desert
uc-13132448,13.334,34.0927,desert|steppe
uc-368230,11.3,23.8833,desert|steppe
uc-380348,12.35,29.25,desert|steppe
uc-374866,12.15,27.35,desert|steppe
uc-12493849,13.3193,32.6132,desert|river
uc-13132449,14.3973,35.8667,river|steppe
uc-364621,13.3167,33.7667,desert|river|steppe
uc-380308,9.5953,28.4349,desert|steppe
uc-376332,13.5167,35.7667,steppe
uc-371870,18.55,31.85,desert|river
uc-379630,18.262,33.9081,desert|river
uc-379014,14.8648,32.3668,desert|river
uc-379406,14.9398,33.234,desert|river
uc-377724,13.7,30.3667,desert
uc-380151,13.2,34.1667,desert|steppe
uc-3383330,5.8664,-55.1668,coast
uc-13607831,5.7967,-55.2086,coast
uc-13607830,5.7881,-55.209,coast
uc-3384242,5.8,-55.2,coast|river
uc-3383714,5.7,-55.2333,coast
uc-2673730,59.3294,18.0687,coast|lake
uc-2711537,57.7072,11.9668,coast
uc-2692969,55.6059,13.0007,coast
uc-2666199,59.8588,17.6389,lake
uc-2694762,58.4109,15.6216,lake
uc-2686657,59.2741,15.2066,lake
uc-602150,63.8284,20.2597,coast
uc-2664454,59.6162,16.5528,lake
uc-2702979,57.7814,14.1562,lake
uc-2706767,56.0467,12.6944,coast
uc-2693678,55.7058,13.1932,coast
uc-2688368,58.5942,16.1826,coast|lake
uc-604490,65.5841,22.1547,coast
uc-2707953,59.1677,18.1448,coast
uc-2712414,60.6745,17.1417,coast|lake
uc-2720501,57.721,12.9401,
uc-2663536,56.8777,14.8091,
uc-2676176,59.1955,17.6253,coast|lake
uc-2708365,56.6745,12.8568,coast
uc-2715953,59.3666,16.5077,lake
uc-2701713,56.1616,15.5866,coast
uc-2701680,59.3793,13.5036,lake|river
uc-2670781,62.3913,17.3063,coast
uc-2685750,63.1792,14.6357,lake
uc-2667303,58.2837,12.2886,lake|river
uc-2720383,60.4858,15.4371,river
uc-2667094,59.1986,17.8332,coast|lake
uc-2699310,56.0313,14.1524,coast
uc-2687700,58.753,17.0079,coast
uc-2702261,56.6616,16.3616,coast
uc-2715459,60.6036,15.626,
uc-2677234,58.3912,13.8451,
uc-2666238,59.5184,17.9113,coast|lake
uc-602913,64.7507,20.9528,coast|river
uc-2666670,58.3478,11.9424,coast
uc-2664996,57.1056,12.2508,coast
uc-2727234,59.4794,18.2997,coast
uc-2686469,63.2909,18.7153,coast
uc-2697720,55.8708,12.8302,coast
uc-2665452,59.5344,18.0776,coast
uc-2690960,58.5371,15.0365,lake|river
uc-2667402,55.3751,13.1569,coast
uc-2701715,59.3267,14.5239,
uc-2692475,59.6216,17.8548,lake
uc-2696503,57.7705,12.269,
uc-2726756,57.9303,12.5335,
uc-2707684,62.6323,17.9379,coast
uc-2680075,60.6167,16.7667,lake
uc-2698739,57.871,11.9805,coast|river
uc-2715573,56.9055,12.4912,coast
uc-2662689,57.6409,18.296,coast
uc-2701223,58.9959,16.2072,
uc-2725901,56.2428,12.8622,coast
uc-2665171,58.3807,12.3234,lake|river
uc-603570,65.3172,21.4794,coast
uc-2696329,58.5052,13.1577,lake
uc-2716166,59.6361,17.0777,lake
uc-2704136,57.786,14.3021,lake
uc-2664203,57.7584,16.6373,coast
uc-2709628,59.3268,18.3897,coast
uc-2701727,56.1706,14.8619,coast
uc-2688250,59.758,18.705,coast
uc-2707399,56.1591,13.7664,
uc-2664855,57.186,14.04,
uc-2662149,55.4297,13.8204,coast
uc-2698729,57.4872,12.0761,coast
uc-2715946,55.8393,13.3039,
uc-2699282,59.3098,14.1081,lake
uc-2699791,59.514,15.9925,lake
uc-2686162,57.2645,16.4484,coast
uc-2690170,57.6531,14.6968,
uc-2715568,58.1735,13.5507,
uc-605155,67.8557,20.2251,lake
uc-606531,65.8252,21.6886,coast|river
uc-2698767,59.1277,15.1434,
uc-2692613,58.7097,13.8237,lake
uc-2704613,61.7274,17.1056,coast
uc-2694560,56.8332,13.9408,lake
uc-2693759,60.1496,15.1878,
uc-2700839,57.5073,12.6946,
uc-2657896,47.3667,8.55,
uc-2660646,46.2022,6.1457,lake|mountain|river
uc-2661604,47.5584,7.5733,river
uc-2659994,46.516,6.6328,lake
uc-2661552,46.9481,7.4474,
uc-2657970,47.5056,8.7241,
uc-2659811,47.0505,8.3064,
uc-2658822,47.4239,9.3748,lake
uc-2659836,46.0101,8.96,
uc-2658377,46.7512,7.6217,
uc-2661513,47.1371,7.2461,
uc-2661567,46.1928,9.017,lake|river
uc-2660718,46.8024,7.1513,
uc-2660076,47.0999,6.8259,
uc-2658761,47.6973,8.6349,river
uc-2661169,46.8499,9.5329,mountain|river
uc-2659099,47.2256,8.8223,
uc-2658216,47.3471,8.7209,
uc-2658576,46.2274,7.3556,glacier|river
uc-2659496,46.9918,6.931,
uc-2657908,47.1724,8.5175,
uc-2657941,46.7785,6.6411,
uc-2659601,46.433,6.9114,lake
uc-2660727,47.5578,8.8989,lake
uc-2658010,47.3264,8.7978,
uc-2657996,47.4615,9.0455,
uc-2661337,46.618,7.0569,
uc-2660305,47.2598,8.5978,
uc-2660108,47.6505,9.175,lake|river
uc-2661881,47.3925,8.0442,
uc-2661653,47.1962,8.5295,
uc-2661338,47.522,8.5405,river
uc-2658145,46.463,6.8434,lake
uc-2661646,47.4733,8.3059,
uc-2659297,47.35,7.9033,
uc-2659748,46.1028,7.0724,glacier|river
uc-2658011,47.4661,8.3266,
uc-2659613,46.2545,6.9541,river
uc-2660221,47.2298,8.8388,
uc-2660549,47.4155,9.2548,
uc-2659422,46.3832,6.2396,lake
uc-2658606,46.2919,7.5356,glacier|river
uc-2658564,47.2079,7.5371,
uc-2661228,47.1821,8.4636,
uc-2661321,47.059,7.6279,
uc-2660512,47.1921,7.3959,
uc-2660925,47.1285,8.7474,
uc-2659869,46.1709,8.7995,lake|river
uc-2660365,47.3862,9.2792,
uc-2659587,46.5113,6.4985,lake
uc-2658665,47.0208,8.6541,glacier
uc-170654,33.5102,36.2913,steppe
uc-170063,36.2012,37.1612,
uc-169577,34.724,36.7256,
uc-173576,35.5312,35.7909,coast
uc-172955,35.9528,39.0079,desert|river
uc-170017,35.1318,36.7578,
uc-163345,34.889,35.8866,coast
uc-173811,36.5024,40.7477,steppe
uc-170794,35.3359,40.1408,desert|river
uc-173377,37.0521,41.2314,steppe
uc-174018,36.3705,37.5157,
uc-169389,35.9306,36.6339,
uc-167357,36.5281,37.9549,steppe
uc-170905,32.6189,36.1021,steppe
uc-164947,35.0113,37.0532,steppe
uc-172374,35.8376,38.5483,lake|river|steppe
uc-172082,36.5866,37.0463,
uc-169304,35.3621,35.9276,coast
uc-172503,36.077,37.3725,steppe
uc-172408,32.709,36.5695,steppe
uc-174448,34.4523,40.9185,desert|river
uc-173480,35.0198,40.4515,desert|river
uc-172946,34.9267,36.7324,
uc-166285,36.4327,37.5686,
uc-163808,34.5624,38.284,desert
uc-172256,36.8909,38.3535,
uc-173193,34.024,36.7285,
uc-168325,35.4421,36.651,
uc-174186,36.5119,36.8695,
uc-166365,32.8865,36.0391,steppe
uc-168661,35.6138,36.5645,
uc-173322,34.5078,36.5803,
uc-162627,33.9692,36.6573,
uc-169023,35.8142,36.3198,
uc-171830,35.1819,35.9487,coast
uc-163779,34.8407,36.7309,
uc-173334,33.126,35.8246,
uc-164816,35.8645,36.8059,
uc-169113,33.8071,36.7386,steppe
uc-167046,35.0653,36.3406,
uc-167605,36.0115,36.6718,
uc-173361,34.2296,37.2407,steppe
uc-164898,36.1386,36.4524,
uc-163806,32.7371,36.0665,steppe
uc-163915,35.2919,36.7485,
uc-165997,32.9913,36.0609,steppe
uc-171147,35.674,35.8026,coast
uc-163533,34.6684,36.26,
uc-172059,33.7249,36.1005,
uc-170959,32.7535,36.1308,steppe
uc-163270,35.2659,36.7122,
uc-174506,34.6951,40.8314,desert|river
uc-169375,33.0181,36.1283,steppe
uc-170785,36.1569,37.7078,steppe
uc-165060,34.821,36.1177,coast
uc-173230,37.1042,40.93,
uc-173530,37.177,42.1401,
uc-164328,32.8267,36.1605,steppe
uc-172469,33.0719,36.1832,steppe
uc-163476,36.4723,37.0947,
uc-171694,36.1345,36.7398,
uc-166331,36.3787,36.9929,
uc-164025,34.8531,40.5999,desert|river
uc-169179,36.8175,38.0111,river|steppe
uc-173819,32.7495,36.3058,steppe
uc-170044,35.2601,36.6058,
uc-168629,36.1168,36.5152,
uc-174259,36.2125,36.77,
uc-168620,35.3743,36.6033,
uc-168668,34.8947,36.4958,
uc-170887,37.0728,40.652,
uc-166111,34.1556,36.7428,
uc-162560,33.3341,36.1588,steppe
uc-165929,33.4376,36.0789,mountain
uc-166742,35.2479,36.5725,
uc-173312,33.7385,36.6007,steppe
uc-1668341,25.0531,121.5264,coast
uc-12908892,25.062,121.457,coast
uc-1668399,24.1469,120.6839,
uc-1673820,22.6163,120.3133,coast
uc-1668355,22.9908,120.2133,coast
uc-1675151,24.8036,120.9686,coast
uc-1678228,25.1309,121.7409,coast
uc-1678836,23.4792,120.4489,
uc-1677112,24.8383,121.0078,coast
uc-1670909,24.9298,121.2837,
uc-1665443,23.9567,120.5761,
uc-1665196,23.7094,120.5433,
uc-1671566,23.9157,120.6639,
uc-1671444,24.9725,121.2614,coast
uc-1667027,24.6875,120.9094,coast
uc-1668295,22.7599,121.1446,coast
uc-1674504,23.9769,121.6044,coast
uc-1666855,23.977,120.6877,
uc-1677053,24.7317,121.0908,
uc-1668467,24.8837,121.2904,
uc-1674199,24.757,121.753,coast
uc-1670310,23.9664,120.9695,
uc-1671971,24.5643,120.8237,coast
uc-1668353,23.3069,120.3106,coast
uc-1672228,23.5654,119.5863,coast
uc-1675281,23.9568,120.4792,coast
uc-1679047,22.5499,120.5407,coast
uc-1666596,22.4652,120.4493,coast
uc-1677099,23.7555,120.682,
uc-1676914,23.9005,120.3689,coast
uc-1668347,23.4594,120.3322,coast
uc-1678008,24.4341,118.3171,coast
uc-1675232,23.7989,120.4634,
uc-1667471,23.8581,120.5857,
uc-1670826,23.5701,120.3016,coast
uc-1670697,23.8729,120.5243,
uc-1675170,24.4394,118.4211,coast
uc-1674975,23.5574,120.346,
uc-1676242,22.0042,120.7439,coast
uc-1670436,23.895,120.4786,coast
uc-1667121,23.8927,120.524,
uc-1676909,23.7705,120.4134,coast
uc-1670157,25.2578,121.5018,coast
uc-1670295,23.3779,120.1615,coast
uc-1672551,23.7464,120.7525,
uc-1674615,24.1202,121.6263,coast
uc-1672869,23.7615,120.6188,
uc-1665357,23.1249,120.4614,
uc-1221874,38.5358,68.779,
uc-1514896,40.1265,70.6253,desert
uc-1220253,39.9142,69.0033,steppe
uc-1221194,37.9146,69.7845,
uc-1514891,40.2941,70.4312,desert|lake
uc-1514879,40.2826,69.6222,river|steppe
uc-1220747,37.8365,68.7776,steppe
uc-1514883,40.266,69.7959,desert|lake|river
uc-1220855,38.5563,69.0135,steppe
uc-1282601,38.5127,68.2316,
uc-1538311,40.2342,69.6948,desert|lake
uc-1220798,39.4952,67.6093,river|steppe
uc-1222175,37.4647,68.1695,steppe
uc-1221328,37.4904,71.5534,glacier|river|steppe
uc-1220981,39.8815,69.1822,steppe
uc-1221614,36.7248,71.6133,desert|glacier|river
uc-1221714,38.525,68.5512,
uc-1221970,39.749,68.9957,
uc-1220571,39.7745,68.8093,steppe
uc-1221965,38.0958,69.34,
uc-8416817,37.6093,68.5809,steppe
uc-1220163,37.8054,69.6452,
uc-1220826,37.4922,69.4036,river|steppe
uc-1221997,37.6145,69.7053,river
uc-1221259,37.5882,68.6589,steppe
uc-1220905,38.3892,69.3227,
uc-1514829,40.5702,69.6418,
uc-1220112,38.3141,69.0378,
uc-1514839,40.1671,69.5016,desert
uc-1220219,37.7148,68.8346,steppe
uc-160263,-6.8235,39.2695,coast
uc-152224,-2.5167,32.9,lake
uc-160196,-6.1722,35.7395,steppe
uc-148730,-6.1639,39.1979,coast
uc-161325,-3.3667,36.6833,
uc-154380,-8.9,33.45,
uc-153220,-6.821,37.6612,
uc-158597,-3.8333,32.6,
uc-149606,-5.0689,39.0988,coast
uc-149658,-5.0162,32.8266,
uc-159908,-2.8725,32.2325,
uc-149703,-7.9667,31.6167,
uc-877401,-10.6833,35.65,
uc-158027,-6.7667,38.9167,
uc-161218,-2.8,33.9833,
uc-157738,-4.8769,29.6267,lake
uc-158214,-4.5767,30.1025,
uc-149879,-4.8163,34.7436,
uc-153209,-3.35,37.3333,
uc-149402,-9.3,32.7667,
uc-159492,-8.1333,36.6833,
uc-153176,-6.3438,31.0695,
uc-159071,-7.7667,35.7,
uc-160892,-2.0215,33.8711,lake
uc-152451,-1.5,33.8,lake
uc-160961,-1.3317,31.8122,lake
uc-877747,-10.2667,40.1833,coast
uc-159675,-5.4333,38.0167,
uc-150006,-3.6639,33.4212,
uc-149581,-1.35,34.3667,
uc-150930,-4.2167,33.1833,
uc-155101,-8.85,34.8333,
uc-150103,-2.6667,32.65,
uc-158151,-9.2333,33.6167,
uc-13132458,-8.3002,35.2937,
uc-878281,-9.9971,39.7165,coast
uc-149129,-3.4919,31.9639,
uc-151479,-9.3492,34.7717,
uc-157403,-6.8333,36.9833,river
uc-878058,-10.7167,38.8,
uc-148942,-9.1081,32.9347,
uc-161290,-6.4422,38.9042,coast
uc-156510,-4.9,35.7833,
uc-158160,-2.9998,31.9326,
uc-148987,-7.0067,39.2985,coast
uc-161312,-4.2167,35.75,
uc-156479,-5.15,38.4833,river
uc-877998,-10.9333,35.0167,
uc-149027,-3.2833,31.5258,
uc-160833,-3.0488,31.8854,
uc-160677,-5.2459,39.7666,coast
uc-13132456,-6.0812,36.6466,steppe
uc-149072,-8.9,33.3333,
uc-149437,-9.25,33.65,
uc-154654,-3.6333,32.1833,
uc-6640202,-3.5618,36.9789,
uc-154321,-3.5667,36.95,
uc-877378,-11.0667,37.35,
uc-156111,-9.5833,33.85,lake
uc-154313,-3.85,35.5333,
uc-159242,-7.9562,38.9716,
uc-159386,-4.2833,33.8833,
uc-13132454,-3.3391,31.5234,
uc-151920,-2.1333,33.05,lake
uc-150453,-8.7,34.3833,river
uc-151986,-7.5167,31.05,
uc-153352,-9.0,32.9833,
uc-154805,-6.6,39.0667,coast
uc-159909,-6.15,36.8667,
uc-13132455,-6.3839,37.3433,
uc-151567,-5.1092,31.0419,
uc-877532,-10.95,39.2833,
uc-157863,-7.6992,36.9572,
uc-161100,-3.3333,37.15,
uc-157826,-7.6036,37.0044,
uc-148842,-5.0559,39.7294,coast
uc-153759,-2.85,33.0833,lake
uc-8549456,-2.5907,33.4462,lake
uc-153384,-8.8,35.8167,
uc-155405,-7.25,35.0667,steppe
uc-877534,-10.9333,39.3,
uc-160660,-6.6378,38.354,
uc-150276,-4.0667,37.7333,
uc-161154,-2.6319,31.3089,
uc-155569,-4.7833,38.2833,
uc-149792,-3.3667,33.95,
uc-157107,-7.4167,30.6,lake
uc-161023,-2.8706,30.5281,
uc-151599,-2.9667,33.3333,
uc-149172,-5.0667,32.05,
uc-152403,-6.25,38.6667,coast|river
uc-7284275,-5.7265,39.2987,coast
uc-157977,-7.7218,38.9375,
uc-153094,-6.35,36.4833,steppe
uc-160552,-2.6378,31.7669,lake
uc-156974,-3.0833,34.15,
uc-878195,-10.5667,38.8,
uc-153412,-6.7,38.7333,
uc-159179,-7.6766,36.0366,
uc-152663,-1.85,34.7,
uc-157960,-3.5864,30.7203,
uc-153482,-7.118,39.2078,
uc-150044,-3.1667,33.7667,
uc-160877,-7.6337,39.0582,
uc-158289,-2.85,32.4333,
uc-149929,-5.6333,32.7667,
uc-155016,-8.9333,36.1333,
uc-152781,-4.55,34.85,
uc-154780,-5.05,38.6167,
uc-155310,-4.0167,35.7667,
uc-154551,-8.45,33.2833,
uc-149812,-6.4333,39.55,coast
uc-150099,-4.75,34.5333,
uc-878223,-10.9,39.3333,
uc-149854,-1.2537,34.476,
uc-154837,-5.75,34.8333,steppe
uc-155921,-9.7667,37.9333,
uc-159380,-8.85,33.85,
uc-8549608,-2.5812,32.0099,lake
uc-150037,-4.3667,34.2,
uc-160464,-8.8564,34.0239,mountain
uc-158563,-3.2828,30.9642,
uc-149050,-5.1036,30.3911,river
uc-151211,-3.1833,33.7833,
uc-154638,-8.3,31.5167,
uc-158904,-5.7,34.4833,steppe
uc-13132462,-7.6569,36.983,river
uc-155125,-8.4,33.15,
uc-150885,-3.55,33.4,
uc-153600,-5.3667,39.65,coast
uc-154097,-5.95,34.1333,
uc-149775,-3.5167,33.5167,
uc-157198,-4.2667,34.3667,
uc-157429,-7.9145,39.662,coast
uc-152376,-3.55,33.6,
uc-877597,-10.9,38.5,
uc-149158,-8.65,34.3,river
uc-157268,-3.2833,36.9833,
uc-159398,-4.5667,34.6333,
uc-160670,-7.5833,31.2667,
uc-156080,-3.45,33.95,
uc-878400,-10.8,35.05,
uc-149512,-3.8833,33.2,
uc-150436,-2.7175,30.6325,
uc-154648,-2.6833,33.9833,
uc-13132461,-3.5272,34.3151,
uc-154002,-3.2833,32.85,
uc-157377,-8.9251,39.5131,coast
uc-158178,-4.5248,35.3849,
uc-156627,-9.1731,33.5415,
uc-159045,-3.9,32.9333,
uc-149143,-3.7,37.6667,
uc-149155,-3.3667,36.85,
uc-159647,-4.5,37.9,
uc-877702,-10.3725,38.7625,
uc-161197,-4.3667,35.0833,
uc-154470,-4.8,38.2167,river
uc-152497,-1.9833,32.9167,lake
uc-154566,-4.8,38.25,
uc-151363,-1.1439,31.3947,
uc-152632,-5.1667,38.7833,
uc-153871,-7.4041,36.9831,
uc-155077,-3.55,36.1,
uc-158324,-3.3333,35.6667,
uc-877391,-10.75,39.6333,
uc-877433,-10.0667,38.9333,
uc-13132459,-1.4677,34.5228,
uc-160266,-4.2167,35.55,
uc-151373,-1.7983,31.5511,
uc-159267,-5.1333,34.7667,
uc-877581,-10.6833,39.8333,
uc-158024,-6.7167,36.3667,
uc-878073,-10.5833,35.4,
uc-158684,-2.6386,30.4678,
uc-156098,-8.5667,32.05,
uc-161204,-4.2333,35.4167,
uc-155307,-2.5833,33.35,lake
uc-152718,-9.0167,34.8,
uc-149996,-1.1333,33.9833,lake
uc-159218,-8.9,34.5833,
uc-160172,-4.0667,35.3833,
uc-878041,-10.75,34.9,
uc-155334,-6.377,37.3737,
uc-151929,-4.4667,35.45,
uc-159951,-4.2667,35.85,
uc-158179,-1.4,31.7333,lake
uc-151266,-2.6333,33.9833,
uc-158825,-7.2,35.7333,steppe
uc-155794,-6.1,37.45,
uc-11905975,-3.0008,37.5642,mountain
uc-13132457,-6.1409,37.636,
uc-152933,-6.5333,37.2,
uc-159107,-9.4833,33.9,lake
uc-152743,-3.35,35.85,lake
uc-149132,-7.1,31.2333,
uc-877605,-10.3833,39.15,
uc-159186,-4.6667,34.8667,
uc-158016,-2.15,33.45,lake
uc-151678,-6.75,38.1167,
uc-150634,-5.0,34.7333,
uc-155056,-3.1333,33.5333,
uc-155743,-6.45,38.3333,
uc-151711,-2.5122,30.6558,
uc-152546,-4.9667,34.8833,
uc-151108,-1.9,34.0167,
uc-160798,-1.7667,33.9667,
uc-156963,-3.6167,33.8667,
uc-877471,-10.3333,39.2833,
uc-877384,-11.3,35.0333,
uc-878367,-10.7167,39.7333,
uc-156025,-3.7833,37.6167,
uc-158492,-1.6186,31.62,lake
uc-153423,-4.9333,38.9333,coast
uc-155076,-4.7333,38.1,river
uc-149151,-2.6833,33.0,lake
uc-155515,-5.1333,32.5333,
uc-153408,-9.7833,34.5167,lake
uc-155285,-9.9333,35.3333,
uc-1609350,13.754,100.5014,coast|river
uc-1606590,13.5976,100.5972,coast|river
uc-1611110,13.3622,100.9835,coast
uc-1613549,13.5896,100.3873,coast
uc-1610780,7.0084,100.4767,coast
uc-7026886,13.9207,100.6455,
uc-1157290,13.7106,99.8962,river
uc-1606250,13.1728,100.9316,coast
uc-11071484,13.7278,100.7461,
uc-13494069,13.8714,100.7372,
uc-1605245,15.2384,104.8487,river
uc-6957690,13.722,100.7847,
uc-1618177,13.719,100.6815,coast
uc-1608258,13.8559,100.8622,
uc-1152473,18.2923,99.4928,
uc-7026776,13.7853,100.6696,
uc-1610538,13.9513,101.7174,
uc-1150515,9.1401,99.3331,coast
uc-1605239,17.4157,102.7859,
uc-1153671,18.7904,98.9847,river
uc-1608529,14.9707,102.102,
uc-1153269,12.5707,99.9588,coast
uc-1609899,14.0647,100.6458,
uc-1608534,13.8196,100.0443,
uc-1614295,12.9333,100.8833,coast
uc-1609776,16.4467,102.833,
uc-1607017,12.6809,101.258,coast
uc-1151254,7.8906,98.3981,coast
uc-1151933,8.4333,99.9667,coast
uc-1606291,13.9656,101.5135,
uc-1611269,12.6096,102.1045,coast
uc-13494075,13.8685,100.6453,
uc-13494076,13.8947,100.6142,
uc-1604870,6.54,101.2813,
uc-1150954,13.5367,99.8171,river
uc-7026889,13.77,100.6848,coast
uc-7026817,13.8256,100.6774,
uc-1601579,7.2041,100.5451,coast
uc-1608527,15.7047,100.1372,river
uc-1153669,19.9086,99.8325,
uc-1606790,17.1612,104.1472,
uc-1609395,13.6533,100.2597,coast|river
uc-1154770,7.8875,98.4257,coast
uc-13494090,13.7884,100.6803,
uc-1606418,14.5333,100.9167,
uc-1150007,7.5563,99.6114,
uc-1606386,12.6663,100.9018,coast
uc-1153081,14.0041,99.5483,river
uc-1608232,17.8785,102.742,river
uc-1606588,13.5475,100.2736,coast|river
uc-1607708,16.8248,100.2586,river
uc-1606147,7.1988,100.5951,coast
uc-1617111,13.9774,100.7778,
uc-1607284,14.0637,101.5155,
uc-1153090,16.4834,99.5215,river
uc-1611407,15.8105,102.0288,
uc-1605215,17.6256,100.0942,river
uc-1609032,14.7981,100.654,
uc-1155139,13.8163,99.8774,river
uc-1616464,14.1157,101.7821,
uc-1607512,14.7261,100.7958,
uc-1153557,10.4957,99.1797,coast
uc-1609610,12.78,101.6491,coast
uc-1610469,16.4328,103.5066,
uc-1606033,14.4742,100.1222,river
uc-1150275,13.9,99.7667,river
uc-1117652,7.8848,98.4001,coast
uc-1608900,16.1848,103.3007,river
uc-1607532,14.3517,100.5774,
uc-1607737,16.419,101.1606,
uc-1154689,9.5357,99.9357,coast
uc-1611439,13.6882,101.0716,
uc-1153807,12.8,99.9667,coast
uc-1608057,14.708,101.4161,
uc-1150452,8.8705,98.3438,coast
uc-1608409,6.4264,101.8231,coast
uc-1151063,12.3849,99.9016,coast
uc-1606030,14.8818,103.4936,
uc-1149698,13.1119,99.9447,coast
uc-1611026,16.5443,102.0992,
uc-1606939,6.6388,100.4234,
uc-1606239,15.1148,104.3294,
uc-1152188,16.7167,98.5667,
uc-1607978,6.8681,101.2501,coast
uc-1607779,7.6179,100.0779,coast
uc-1152468,18.5805,99.0075,river
uc-1606050,6.0298,101.9659,
uc-1605467,12.9577,99.9056,coast
uc-1614465,13.5907,100.1075,coast
uc-1619602,13.9178,100.424,
uc-1608239,14.3405,100.8669,
uc-1608597,16.5453,104.7235,river
uc-1156257,17.0172,99.7328,
uc-1619423,13.047,100.9289,coast
uc-1607001,16.0567,103.6531,
uc-1605024,15.6578,101.106,
uc-1609997,12.3537,102.4343,coast
uc-6696291,7.8894,98.3852,coast
uc-1607552,18.1459,100.141,
uc-1613409,13.9955,101.2208,
uc-1609863,11.7765,102.8873,coast
uc-1152227,20.1468,99.8526,
uc-1606638,13.727,100.2153,river
uc-1150533,17.0078,99.823,
uc-1610227,14.6406,104.6499,
uc-1607725,16.4418,100.3488,river
uc-1610940,14.906,105.0784,
uc-1614455,16.06,102.731,
uc-1605677,17.85,102.5814,river
uc-1609071,17.4905,101.7275,
uc-1606586,13.4146,100.0026,coast|river
uc-1153035,7.9178,98.3332,coast
uc-1621060,15.8585,104.6288,
uc-1608531,17.4108,104.7786,river
uc-1606376,6.6231,100.0668,coast
uc-1608269,17.2041,102.4407,
uc-7091912,7.9096,98.4025,coast
uc-1151074,11.821,99.7841,coast
uc-1150732,18.7449,99.1195,
uc-1607280,14.0499,101.3686,
uc-1152633,8.0726,98.9105,coast
uc-1604452,13.6417,100.8327,coast
uc-1604771,6.8662,101.3689,coast
uc-1604654,17.3072,102.1889,
uc-8205089,16.8255,100.2849,river
uc-1610503,14.5862,100.9976,
uc-1611635,5.7743,101.0723,
uc-1614336,17.1427,102.9726,
uc-1610505,16.1086,102.2581,
uc-1948015,14.8994,101.7083,
uc-1606807,13.8141,102.0722,
uc-1620919,13.5833,100.8167,coast
uc-1611453,14.9943,103.1039,
uc-1150085,8.1645,99.6804,
uc-1620254,12.725,101.0555,coast
uc-1620875,13.999,100.5496,river
uc-1608191,15.9902,101.0618,
uc-1152194,20.4335,99.8762,
uc-1150246,13.9612,99.6412,river
uc-1150921,8.1791,99.8542,
uc-1620442,13.0715,101.0031,coast
uc-1150624,17.5169,99.7598,
uc-1151211,9.1107,99.2321,coast
uc-1619363,13.543,100.9933,coast
uc-1611424,15.2,101.1333,
uc-13405659,14.0546,101.3726,
uc-1608033,8.3511,100.2019,coast
uc-1609324,17.4257,102.5669,
uc-1608452,18.7838,100.779,river
uc-1150965,9.9658,98.6348,coast
uc-1607983,14.0135,100.5305,river
uc-1150490,16.8697,99.129,river
uc-1153464,19.1624,99.9934,
uc-1620371,13.3119,101.1127,coast
uc-1610459,16.3384,103.5756,
uc-1611135,14.7284,102.1652,river
uc-1153513,13.5183,99.9547,coast|river
uc-1605601,12.6219,102.0048,coast
uc-1157266,7.9551,98.2832,coast
uc-1605221,15.3794,100.0245,river
uc-1608424,14.6377,102.7914,
uc-1607838,13.4466,101.1845,
uc-1156046,8.8004,99.3637,
uc-1605754,16.2209,100.4198,river
uc-1152953,16.0617,99.8606,river
uc-1599640,17.2675,103.2247,
uc-1604769,15.7941,104.1451,river
uc-1605279,12.2436,102.5151,coast
uc-1608539,14.2046,101.213,
uc-1151426,19.192,99.8788,
uc-1609345,16.541,104.05,
uc-1619369,14.2278,100.5759,
uc-1621020,13.6928,102.5013,
uc-1606270,14.8879,100.4046,river
uc-1616222,14.056,101.3722,
uc-1607730,15.2447,105.2291,river
uc-1150681,17.316,99.8319,
uc-1607068,7.7777,100.3213,coast
uc-1117823,12.2708,99.872,coast
uc-1619650,17.699,103.2596,
uc-1607865,14.4568,100.37,
uc-1608462,17.7704,102.1895,
uc-1605018,14.5952,100.3381,
uc-1605509,14.5674,100.726,
uc-1152562,12.0828,99.8543,coast
uc-7510923,13.8878,101.405,
uc-1619437,16.5783,100.3003,river
uc-1607793,13.47,101.0931,coast
uc-1609795,14.5254,102.2459,
uc-1610185,15.6556,103.5836,
uc-1152919,13.2402,99.8243,coast
uc-1150154,17.6129,99.2161,
uc-1608136,15.1801,102.257,
uc-1154677,17.0433,99.0813,river
uc-7091861,7.8447,98.339,coast
uc-1153386,18.687,98.9194,
uc-1619415,14.0219,100.1718,river
uc-1150728,18.6283,98.8957,
uc-1611106,16.1895,100.8596,
uc-1152377,15.751,99.7892,
uc-1614288,12.6282,101.4376,coast
uc-1613284,16.0167,103.95,river
uc-1152202,16.984,98.5166,
uc-1609043,16.7798,101.2422,
uc-1605957,6.2595,102.0546,coast
uc-1609283,12.1713,102.3947,coast
uc-1607439,16.3765,102.1285,
uc-1610943,17.9837,100.0522,
uc-1595679,16.65,103.3,
uc-1610187,16.2805,101.9542,
uc-1607083,6.2968,101.7284,
uc-1619276,16.7585,100.1174,
uc-1611492,15.5855,102.4259,
uc-1606350,17.4753,103.4575,
uc-1153850,14.3252,99.5147,
uc-1150210,15.4606,99.8917,
uc-1619616,14.374,100.4853,
uc-1153241,7.7894,99.6347,
uc-1606343,17.9285,103.9552,
uc-1605119,13.5048,102.1809,
uc-1152432,9.9456,99.0785,coast
uc-1607435,16.8843,101.8847,
uc-1609278,12.4816,102.0738,coast
uc-1607801,13.7487,101.3489,
uc-1616658,14.6157,100.7265,
uc-1605118,14.2269,100.7155,
uc-1605070,17.2941,103.6382,
uc-1605102,17.301,101.7685,
uc-1619400,16.0278,100.3792,river
uc-1151528,18.5262,98.9394,river
uc-1610963,15.2085,101.7714,
uc-1607257,14.6059,103.1208,
uc-1605538,16.16,100.5966,
uc-1611416,15.1864,100.1235,river
uc-1614115,14.0946,101.389,
uc-1603235,14.9833,102.65,
uc-1619281,14.892,100.3173,
uc-1607615,18.0333,103.1667,
uc-1609990,16.7001,104.0902,
uc-1153646,13.62,99.5917,
uc-7510940,17.3018,101.9538,
uc-1157662,11.2126,99.5117,coast
uc-1608541,14.4634,100.6088,
uc-2747891,51.9225,4.4792,river
uc-2759794,52.374,4.8897,lake
uc-2747373,52.0767,4.2986,coast
uc-2745912,52.0908,5.1222,
uc-2756253,51.4408,5.4778,
uc-2746301,51.5555,5.0913,
uc-2755251,53.2192,6.5667,
uc-2756669,51.81,4.6736,
uc-2759661,51.98,5.9111,river
uc-2755003,52.3808,4.6368,coast
uc-2750053,51.8425,5.8528,river
uc-2759821,52.155,5.3875,lake
uc-2753801,52.3025,4.6889,coast
uc-2747351,51.6992,5.3042,
uc-2758401,51.5866,4.776,
uc-2751773,52.1583,4.4931,coast
uc-2754652,50.8837,5.9815,
uc-2759879,52.3702,5.2141,lake
uc-2756071,52.2183,6.8958,
uc-2759899,52.6317,4.7486,coast
uc-2754064,52.2233,5.1764,lake
uc-2745641,51.37,6.1681,river
uc-2759706,52.21,5.9694,
uc-2743856,52.0575,4.4931,coast
uc-2755420,52.0167,4.7083,
uc-2743477,52.5125,6.0944,lake|river
uc-2751792,53.2027,5.8097,coast
uc-2751283,50.8483,5.6889,river
uc-2754394,52.2658,6.7931,
uc-2748413,52.505,4.9597,lake
uc-2759887,52.3567,6.6625,
uc-2756987,52.255,6.1639,river
uc-2745673,52.46,4.65,coast
uc-2749450,51.645,4.8597,
uc-2756429,52.0333,5.6583,
uc-2751738,52.5083,5.475,lake
uc-2745774,52.0286,5.5589,
uc-2747930,51.5308,4.4653,coast
uc-2749234,51.765,5.5181,
uc-2746932,51.845,4.3292,
uc-2754447,51.4817,5.6611,
uc-2757220,52.9599,4.7593,coast
uc-2759875,52.1292,4.6555,
uc-2753638,52.6425,5.0597,lake
uc-2759633,52.9967,6.5625,
uc-2759145,51.495,4.2917,coast
uc-2754861,52.5758,6.6194,
uc-2756136,52.7792,6.9069,
uc-2756767,51.965,6.2889,
uc-2753106,52.555,5.9111,lake|river
uc-2744911,51.2517,5.7069,
uc-2744248,52.085,4.8833,
uc-2747203,50.9983,5.8694,
uc-2754659,52.6714,4.8486,coast|lake
uc-2750896,51.5,3.6139,coast
uc-2756139,52.7108,5.7486,lake
uc-2745123,51.6825,5.0708,river
uc-2745392,51.4425,3.5736,coast
uc-2756644,53.1125,6.0989,
uc-2748000,51.1942,5.9875,river
uc-2754669,52.9593,5.9185,
uc-2751073,52.7717,5.1056,coast|lake
uc-2753468,52.2992,5.2417,lake
uc-2746331,51.8867,5.4292,river
uc-2754848,52.3417,5.6208,lake
uc-2754697,52.5111,4.6716,coast
uc-2745634,51.525,5.975,
uc-2753719,52.7225,6.4764,
uc-2750065,52.22,5.4861,lake
uc-2758998,52.4833,4.6569,coast
uc-2755476,51.5042,3.8889,coast
uc-2743608,52.1383,6.2014,river
uc-2745088,51.97,5.6667,river
uc-2757991,52.5483,4.6694,coast
uc-2759407,52.14,5.5847,lake
uc-2755434,51.8365,4.9724,river
uc-2746005,51.6608,5.6194,
uc-2756059,52.3475,5.9833,
uc-2747063,53.033,5.6589,
uc-2755616,50.9742,5.8292,river
uc-2751285,51.9233,4.25,coast|river
uc-2744514,51.8092,5.725,river
uc-2753376,52.4603,4.6105,coast
uc-2749644,52.3133,6.9292,
uc-2745860,51.3508,5.4597,
uc-2750947,52.6958,6.1944,
uc-2744332,51.9725,6.7194,
uc-2758460,51.5908,5.3292,
uc-2759040,51.5075,5.3903,
uc-2757340,53.33,6.9181,coast
uc-2745783,53.1067,6.8792,
uc-2756559,52.525,5.7181,lake
uc-2746420,51.3358,3.8278,coast
uc-2748083,52.3067,6.5181,
uc-2745973,52.2375,4.8264,
uc-2757872,51.955,5.2278,river
uc-2757850,52.5117,6.2569,
uc-2744102,51.81,5.2444,river
uc-2743949,51.93,6.0708,river
uc-2755633,51.8808,5.2889,
uc-2756723,51.6267,4.9389,
uc-2745726,51.6167,5.5486,
uc-2750039,52.36,6.4681,
uc-2749812,52.234,4.4447,coast
uc-2755030,52.1567,6.7389,
uc-2746804,51.5842,4.3194,coast
uc-2747584,51.6225,5.4319,
uc-2748392,52.2592,5.6069,lake
uc-2751456,51.6275,5.075,
uc-2751424,52.2608,7.0042,
uc-2751547,52.26,4.5569,coast
uc-2758587,51.4233,3.7347,coast
uc-2745932,52.6625,5.6014,lake
uc-2754454,51.8333,4.1333,coast|river
uc-2756232,52.4475,5.8431,lake
uc-2753706,53.1617,6.7611,
uc-2758177,52.09,6.1556,river
uc-2751808,51.8933,5.0917,
uc-2756161,51.9192,5.8417,
uc-2746133,52.4075,6.7847,
uc-2748371,52.3858,6.275,
uc-2753010,52.2033,4.3986,coast
uc-2746860,52.9895,6.9504,
uc-2757890,51.3042,5.5889,
uc-2747720,52.7875,4.7986,coast
uc-2751834,53.1625,6.3764,
uc-2751651,51.9867,6.5667,
uc-2744324,51.9265,6.417,
uc-2749756,52.3792,5.7861,lake
uc-2747364,52.0017,4.1653,coast|river
uc-2760123,51.925,6.5806,
uc-2743997,52.33,5.5417,lake
uc-2755272,51.7767,5.9361,
uc-2744344,53.1442,7.0347,coast
uc-2756342,51.3575,5.3181,
uc-2759132,51.3192,5.3583,
uc-2756896,51.9408,6.1319,
uc-2744904,52.3075,5.0417,lake
uc-2750884,51.7575,4.1653,coast|river
uc-2744483,51.9742,5.3417,river
uc-2756077,52.7033,5.2917,lake
uc-2746766,52.7875,6.1208,
uc-2750521,52.2958,5.1625,lake
uc-2747227,51.5675,5.4597,
uc-2755584,51.6983,5.9736,river
uc-2756295,52.1,6.6486,
uc-2754817,53.1748,5.4224,coast|lake
uc-2755605,51.5558,5.6903,
uc-2746839,52.645,6.2111,
uc-2750815,52.2067,4.8625,
uc-1645457,-8.5586,125.5736,coast
uc-1636670,-8.9917,125.2197,
uc-1626459,-9.3129,125.2565,coast
uc-1637730,-8.5875,125.3419,coast
uc-1651816,-8.7281,125.5664,coast|mountain
uc-1937274,-8.5217,126.9983,coast
uc-1651079,-8.925,125.3981,mountain
uc-1635826,-8.6119,125.2061,coast
uc-1649539,-8.4757,126.4563,coast
uc-1943235,-8.6431,126.3783,
uc-2365267,6.1287,1.2215,coast
uc-2364104,8.9833,1.1333,
uc-2366152,9.5511,1.1861,
uc-2367886,7.5333,1.1333,
uc-2365560,6.9,0.6333,
uc-2367568,9.2502,0.7821,
uc-2367164,10.8622,0.2076,
uc-2363534,6.4261,1.2133,
uc-2367990,6.228,1.5919,coast
uc-2365190,10.3592,0.4708,river
uc-2367981,7.75,1.2,
uc-2364752,6.95,1.1667,
uc-2367226,11.1039,0.0094,
uc-2363908,9.0333,1.4167,
uc-2364079,8.5634,0.984,
uc-2367660,7.5833,0.6,
uc-2364812,9.7681,1.1053,
uc-2367656,9.35,1.2667,
uc-2364041,6.5833,1.5,
uc-2363490,6.3333,1.5333,coast
uc-4032402,-21.1368,-175.2011,coast
uc-3574810,10.5167,-61.4167,coast
uc-3574116,10.2798,-61.4459,coast
uc-3573738,10.2797,-61.4684,coast
uc-3573890,10.6667,-61.5189,coast
uc-3573840,10.3059,-61.1756,coast
uc-3575051,10.6374,-61.2823,coast
uc-3574194,10.3062,-61.4467,coast
uc-3574636,10.7208,-61.5662,coast
uc-3574309,10.6492,-61.4989,coast
uc-3573899,10.1741,-61.6841,coast
uc-3573576,10.6524,-61.3888,coast
uc-3573703,11.1823,-60.7353,coast
uc-3573732,10.587,-61.1301,coast
uc-3573989,10.653,-61.363,coast
uc-2464470,36.819,10.1658,coast
uc-2467454,34.7406,10.7603,coast|steppe
uc-2464915,35.8254,10.637,coast|steppe
uc-11204413,36.7136,10.2096,coast
uc-2472706,37.2744,9.8739,coast
uc-2468369,33.8815,10.0982,coast|desert
uc-2473449,35.6781,10.0963,steppe
uc-2468353,34.425,8.7842,desert
uc-2473540,36.8782,10.3247,coast
uc-2473744,36.4,10.6167,coast
uc-2469264,37.1537,9.7859,coast
uc-2473493,35.778,10.8262,coast|steppe
uc-2468579,36.4561,10.7376,coast
uc-2469140,35.7292,10.5808,coast|steppe
uc-2470384,33.8758,10.8575,coast|steppe
uc-2473626,36.8358,10.3164,coast
uc-2472431,33.1378,11.2196,coast|desert
uc-2467246,35.7749,10.7946,coast|steppe
uc-2473457,35.1676,8.8365,mountain|steppe
uc-2470173,33.504,11.1121,coast|desert
uc-2471059,34.9453,8.5679,steppe
uc-2470191,35.6223,10.757,coast|steppe
uc-2469473,33.355,10.5055,desert
uc-2464701,32.9297,10.4518,desert
uc-2473499,36.6745,10.1563,coast
uc-2467920,36.5786,10.8586,coast
uc-2473551,33.8168,10.9923,coast|steppe
uc-2473483,35.8728,10.5372,coast|steppe
uc-2467959,36.8476,11.0939,coast
uc-2473496,35.6333,10.9,coast|steppe
uc-2472774,36.7256,9.1817,
uc-2581754,36.4477,10.7557,coast
uc-2468106,35.6477,10.8905,coast|steppe
uc-2473634,36.1742,8.7049,
uc-2473572,35.5047,11.0622,coast|steppe
uc-2470088,36.5011,8.7802,
uc-2465840,35.0382,9.4849,steppe
uc-2473747,33.8915,9.7963,desert|saltflat
uc-2470656,36.8192,10.3065,coast
uc-2464953,36.6964,10.4917,coast
uc-2473639,36.8311,9.9242,
uc-2472833,35.5006,11.0606,coast|steppe
uc-2470588,36.7287,10.3416,coast
uc-2471637,36.468,10.7517,coast
uc-2464861,35.6402,10.9673,coast|steppe
uc-2473517,34.3208,8.4016,desert
uc-2469250,36.7822,10.9875,coast
uc-2467856,35.4181,10.9947,coast|steppe
uc-2464648,33.9197,8.1335,desert|saltflat
uc-2586370,36.7461,10.3083,coast
uc-2471287,33.4663,9.0203,desert|saltflat
uc-2467521,36.6793,10.2919,coast
uc-2469088,37.0404,9.6656,coast
uc-2468925,33.8081,10.9923,coast|steppe
uc-6692494,36.697,10.3865,coast
uc-2467732,37.2157,10.1253,coast
uc-2465030,36.085,9.3708,steppe
uc-2471788,35.9439,8.8278,steppe
uc-2464858,36.8293,9.8393,
uc-2467898,36.5989,10.5003,coast
uc-2473913,35.8691,10.5653,coast|steppe
uc-2473257,34.3827,8.1555,desert|saltflat
uc-2468018,33.7044,8.969,desert|saltflat
uc-2468285,36.3742,9.9065,
uc-2473937,33.7264,10.7566,coast|desert
uc-2464804,36.7833,10.6333,coast
uc-2469386,36.6496,9.6123,
uc-2464979,35.2315,9.1232,steppe
uc-7870039,35.6901,10.676,coast|steppe
uc-2473489,36.759,10.017,coast
uc-2468561,33.8731,7.8777,desert|saltflat
uc-2473229,35.2372,11.115,coast|steppe
uc-2473654,35.3,10.7167,steppe
uc-2464378,34.4888,8.2687,desert
uc-2464855,36.4569,9.2475,
uc-2464041,36.4029,10.1429,
uc-2473531,33.9592,9.9962,coast|desert|saltflat
uc-2473826,35.6174,10.9947,coast|steppe
uc-2464871,36.9544,8.758,coast
uc-2471003,36.4479,8.4413,
uc-2464809,35.8917,8.5528,steppe
uc-2469081,35.7517,10.6908,coast|steppe
uc-2469262,36.6831,10.5843,coast
uc-2473876,37.1691,10.0348,coast
uc-2473420,35.7092,10.674,coast|steppe
uc-2464795,35.5724,8.6703,
uc-2468329,37.0629,10.1183,coast
uc-2469174,33.6179,10.2854,coast|desert
uc-13132708,35.6991,10.7952,coast|steppe
uc-2473570,34.5275,10.5008,coast|steppe
uc-2473633,34.7088,11.2147,coast|desert
uc-2472724,36.6504,10.59,coast
uc-745044,41.0138,28.9497,coast
uc-323786,39.9199,32.8543,
uc-311046,38.4127,27.1384,coast
uc-750269,40.1956,29.0601,coast|mountain
uc-314830,37.0594,37.3825,
uc-325363,36.9862,35.3253,
uc-316541,37.9136,40.2172,river
uc-323777,36.9081,30.6956,coast
uc-308464,38.7322,35.4853,mountain|steppe
uc-306571,37.8713,32.4846,steppe
uc-747323,41.027,28.6773,coast
uc-315202,39.7767,30.5206,steppe
uc-304922,38.3502,38.3167,
uc-315368,39.9086,41.2769,
uc-304531,36.812,34.6389,coast
uc-298117,38.4946,43.3832,lake
uc-7628420,41.0024,29.2319,coast
uc-324190,36.5438,31.9998,coast
uc-321836,37.8874,41.1322,
uc-298333,37.1671,38.7939,
uc-323779,36.2066,36.1572,
uc-315808,38.6743,39.2232,lake
uc-741763,40.9357,29.1551,coast
uc-6947640,40.982,28.6399,coast
uc-740264,41.2798,36.3361,coast
uc-310859,37.5847,36.9264,
uc-298299,38.6735,29.4058,
uc-7628419,40.9607,29.2707,coast
uc-299817,36.9177,34.8928,coast
uc-324496,38.3725,34.0254,steppe
uc-325330,37.7644,38.2763,lake
uc-317109,37.7742,29.0875,
uc-311111,36.5872,36.1735,coast
uc-752850,40.7806,30.4033,river
uc-747014,40.8028,29.4307,coast
uc-11238838,37.8054,29.0424,
uc-748879,40.5489,34.9533,
uc-300619,39.7483,37.0161,river
uc-325303,38.7567,30.5433,
uc-738648,41.005,39.7269,coast
uc-304827,38.612,27.4265,
uc-322165,39.6492,27.8861,
uc-741100,40.9778,37.8905,coast
uc-303195,37.0742,36.2478,
uc-748893,41.1607,27.8009,coast
uc-751868,41.1835,28.7402,coast
uc-745028,40.765,29.9293,coast
uc-747764,40.8389,31.1639,
uc-307654,39.8453,33.5064,river
uc-305268,39.4242,29.9833,
uc-750516,40.7358,31.6061,
uc-747712,41.6772,26.556,river
uc-309527,37.1811,33.215,
uc-300614,37.755,39.3167,
uc-311073,37.7644,30.5522,
uc-322830,37.845,27.8396,river
uc-304797,37.3131,40.7436,
uc-744562,41.2049,32.6277,
uc-315498,37.5133,34.0467,steppe
uc-298033,37.2235,39.7552,
uc-315373,39.7392,39.4901,river|steppe
uc-307515,39.1458,34.1639,
uc-307084,37.1884,40.5772,
uc-745169,40.0781,29.5133,river
uc-300808,36.3778,33.9344,coast
uc-749780,40.1555,26.4127,coast
uc-318253,37.3302,42.1848,river
uc-738743,40.3139,36.5544,
uc-321082,38.8847,40.4939,
uc-746881,40.917,38.3874,coast
uc-743882,41.3781,33.7753,
uc-748208,40.7569,29.8147,coast
uc-309647,39.7147,43.0401,river
uc-301975,36.0801,35.976,coast
uc-738927,40.9781,27.511,coast
uc-740483,41.0208,40.5219,coast
uc-303873,37.9163,28.3223,river
uc-302043,38.4826,28.1477,
uc-752015,40.6533,35.8331,
uc-300797,37.2438,42.4635,
uc-300822,37.9293,41.9413,
uc-307864,36.7161,37.115,
uc-738618,40.3875,36.0811,
uc-298435,36.413,35.8903,coast
uc-751077,40.3522,27.9767,coast
uc-298806,38.4953,27.6997,
uc-737022,41.4514,31.7931,coast
uc-311665,39.9237,44.045,steppe
uc-741385,40.0382,28.4087,
uc-300075,36.9761,38.4253,
uc-304854,36.7867,31.4409,coast
uc-300371,39.1855,27.6094,
uc-310855,37.7855,38.6237,lake
uc-318675,37.0247,35.8175,coast|river
uc-320392,37.7203,30.2908,
uc-302525,39.5772,32.1413,steppe
uc-751335,41.5679,35.9031,coast|river
uc-304184,37.2181,28.3665,coast
uc-315530,39.0259,43.3596,lake
uc-743952,40.5983,43.0855,
uc-303827,37.9658,34.6793,
uc-741855,41.4017,27.3575,
uc-737961,40.767,29.7828,coast
uc-749748,40.5999,33.6153,
uc-303750,37.0703,41.2146,steppe
uc-747471,41.2826,31.4181,coast
uc-306112,37.4552,35.8157,
uc-296562,39.82,34.8044,
uc-302819,39.2249,42.8569,
uc-324698,38.9185,27.8401,
uc-324859,38.9473,38.9423,lake
uc-749274,41.2863,27.9994,
uc-304081,38.7316,41.4848,
uc-303798,37.0097,37.7942,
uc-747155,41.0289,37.4998,coast
uc-751057,41.6358,32.3375,coast
uc-315795,38.2059,37.1983,
uc-318137,37.5744,43.7408,
uc-738349,41.1405,37.2885,coast
uc-304382,37.4191,41.3391,
uc-303831,38.625,34.7122,
uc-321031,37.8451,40.6593,river
uc-750598,40.1419,29.9793,
uc-321580,36.8631,31.0654,coast
uc-299582,38.4922,42.2827,lake
uc-296173,37.5736,44.2872,
uc-738025,40.655,29.2769,coast
uc-746958,40.4309,29.1597,coast
uc-310892,37.3739,36.0961,
uc-316411,39.5469,44.0842,
uc-322673,39.3193,26.6934,coast
uc-300399,37.7482,27.4061,coast
uc-751949,41.1906,40.9793,coast
uc-300640,37.5139,42.4543,
uc-303700,38.2278,27.9696,
uc-300796,38.1371,41.0082,
uc-325103,38.7489,42.4801,lake
uc-324490,38.3575,31.4164,
uc-305359,37.8601,27.2571,coast
uc-298316,38.3229,26.764,coast
uc-300352,39.8101,35.186,
uc-748870,40.2386,33.0322,
uc-750605,40.2281,27.2422,coast
uc-307657,36.4994,36.3576,coast
uc-314967,36.6404,29.1276,coast
uc-743166,41.7351,27.2252,
uc-321426,39.1207,27.1805,
uc-323828,36.0751,32.8369,coast
uc-302355,36.2679,36.5675,
uc-316284,36.8392,36.2302,coast
uc-746666,40.715,29.8182,coast
uc-320879,38.7111,31.0486,
uc-737054,40.3031,35.8864,
uc-320557,39.9078,30.0367,
uc-304612,38.6075,27.0694,coast
uc-739634,41.0739,28.2464,coast
uc-321025,38.4012,42.1078,
uc-325336,38.7991,42.7316,lake
uc-315468,38.269,39.7545,
uc-747489,40.6689,36.5675,river
uc-299545,39.5424,29.4987,
uc-741045,40.4892,29.3089,coast
uc-301010,37.4193,31.8453,
uc-741609,40.8733,35.4631,
uc-743818,41.0926,28.3317,coast
uc-749704,41.1989,36.7219,coast|river
uc-298935,38.182,27.335,
uc-741304,40.5917,36.9517,river
uc-308024,39.6731,33.6136,
uc-309415,37.716,33.5506,steppe
uc-304013,36.6439,33.4389,steppe
uc-324172,38.3508,28.5172,
uc-750938,40.2563,40.2229,
uc-739251,40.8313,35.6479,
uc-739914,40.2883,38.4236,
uc-299137,38.0888,27.7351,
uc-305742,39.0951,33.0799,
uc-315515,36.605,34.3084,coast
uc-317844,37.5732,32.7745,
uc-752627,41.0212,39.5715,coast
uc-324106,38.7998,26.972,coast
uc-743439,40.8552,26.6327,
uc-321191,37.6773,31.7246,lake
uc-321062,37.0258,37.9784,river
uc-744537,40.2132,28.3612,river
uc-301116,38.9393,33.5386,lake
uc-750317,40.938,38.2315,coast
uc-304355,37.3164,27.7839,coast
uc-301911,38.4647,30.2695,
uc-321337,37.6928,37.8611,
uc-315985,39.5961,27.0244,coast
uc-746574,40.1049,27.654,
uc-749644,41.1407,28.4597,coast
uc-325304,38.2477,36.914,
uc-298230,39.7095,39.7002,
uc-744093,41.071,30.7854,coast
uc-320995,37.0383,27.4292,coast
uc-746425,40.46,39.4718,
uc-297789,38.2956,31.1778,
uc-750637,40.1675,31.9211,
uc-320369,39.5004,26.9727,coast
uc-738228,41.0458,39.2764,coast
uc-739236,40.1675,34.3739,
uc-750735,41.052,39.2329,coast
uc-301101,36.9175,31.1046,coast
uc-738251,41.2691,26.686,
uc-740883,40.9782,34.8047,river
uc-746552,40.2311,28.8402,coast
uc-316795,38.3906,35.4922,mountain|steppe
uc-312114,39.3577,41.6925,
uc-316634,38.065,30.1656,river
uc-296895,39.6381,34.4672,
uc-745664,40.7994,30.7481,
uc-298846,39.0992,39.5435,
uc-752584,41.0894,31.1236,coast
uc-300791,39.0882,28.9777,river
uc-739600,42.0268,35.1625,coast
uc-314188,38.021,36.4973,
uc-319104,38.5917,31.0286,
uc-304782,36.855,28.2742,coast
uc-318755,38.3261,26.3057,coast
uc-301539,38.0794,31.3664,lake
uc-320871,37.8906,34.5589,steppe
uc-742238,40.8744,37.2639,
uc-305532,37.9253,41.6849,
uc-324944,36.7111,38.9475,steppe
uc-741240,40.9406,40.2592,coast
uc-311453,37.2651,35.6572,
uc-318668,36.8472,40.05,steppe
uc-320448,39.0866,42.2716,
uc-303290,38.7373,34.0387,
uc-305810,38.5473,28.6498,
uc-744092,41.1044,30.6966,coast|river
uc-744168,40.6913,29.6165,coast
uc-308224,38.4262,27.4173,
uc-746565,41.0308,39.0031,coast
uc-305680,36.3257,30.303,coast
uc-751971,40.9385,40.0584,coast
uc-309663,38.9518,40.0271,
uc-306041,38.1912,41.4778,
uc-320533,37.4592,30.595,
uc-301256,37.9514,27.3685,coast
uc-737611,40.2644,29.6531,river
uc-310641,39.3575,33.7239,
uc-314903,38.6703,26.7566,coast
uc-746940,40.8008,32.1969,
uc-320552,36.1082,32.9611,coast
uc-738803,41.2092,36.9739,coast
uc-314136,37.7836,37.6367,
uc-750468,41.4689,34.7667,
uc-741771,40.891,26.902,
uc-311553,38.2792,31.9139,
uc-752278,40.1683,34.8425,
uc-751371,41.4281,27.0966,
uc-752284,40.1351,33.0861,
uc-305750,38.4975,41.0067,
uc-296852,36.9535,36.1984,coast
uc-749795,40.0333,27.0524,
uc-304916,39.1465,42.5354,river
uc-297090,37.385,27.2564,coast
uc-751817,41.1816,41.8217,
uc-313331,38.5758,42.0156,
uc-739209,40.16,38.0841,
uc-315720,39.9208,33.2308,
uc-740230,40.6914,30.2674,
uc-746983,40.4084,26.6717,coast
uc-744873,40.1567,43.1342,
uc-738167,41.1436,35.4547,
uc-752288,40.685,30.6222,
uc-297917,38.1023,35.357,
uc-300058,39.9136,28.1578,river
uc-748167,41.2192,31.9558,
uc-749502,41.0861,40.7221,coast
uc-302824,39.9798,41.67,
uc-738662,41.0155,34.0401,
uc-743615,40.2317,32.6839,
uc-743537,40.1268,39.4342,river
uc-302800,37.4868,37.2996,
uc-315639,39.343,29.2585,
uc-301537,39.3519,36.4098,
uc-747135,40.9408,30.4858,river
uc-740088,40.3277,42.587,
uc-741160,40.5395,41.9872,
uc-741487,40.3752,28.8838,coast
uc-324768,39.6603,35.8836,
uc-306207,38.7188,39.8627,lake|river
uc-311704,37.3348,41.8894,
uc-751952,41.1087,42.7022,river
uc-747482,40.3996,27.7935,coast
uc-737081,41.1981,29.0303,coast
uc-314648,38.7477,40.5534,river
uc-745026,40.4286,29.7211,
uc-314716,38.9939,29.3913,
uc-317851,38.2496,27.1343,coast
uc-307623,39.1064,27.6693,
uc-749508,41.4264,32.0756,coast
uc-320581,37.3625,38.5267,lake
uc-745714,40.9706,35.6622,
uc-317241,39.0461,28.6589,
uc-318372,37.6127,28.0591,
uc-318766,38.1354,39.445,
uc-752184,41.1814,31.3851,coast
uc-317587,37.5462,41.7165,
uc-310004,39.3436,42.0992,
uc-306474,37.065,30.1957,
uc-317588,38.5458,37.5058,steppe
uc-743624,40.7692,31.3221,
uc-746898,40.5075,30.2925,river
uc-312899,36.9878,32.4567,
uc-315621,39.0197,31.15,
uc-739215,40.9059,40.1279,coast
uc-745076,40.7353,34.4739,
uc-745697,41.2131,27.1069,
uc-739636,41.1789,29.6108,coast
uc-737421,40.9533,39.8555,coast
uc-303354,36.8391,28.7646,coast
uc-301350,38.1975,26.8388,coast
uc-447273,36.7659,28.8028,coast
uc-739015,40.7597,36.3225,
uc-741347,40.1859,31.3518,
uc-297564,37.3402,28.1428,
uc-301209,37.3051,44.5742,
uc-301827,37.9245,28.9252,river
uc-746252,40.7899,37.6007,
uc-298088,39.1737,41.454,
uc-311314,37.8522,27.7236,
uc-314812,36.2694,32.3179,coast
uc-316542,39.5406,43.6713,river
uc-743051,40.4697,32.6506,
uc-749279,40.8116,32.8936,
uc-316102,39.586,28.6257,
uc-745530,41.3905,41.4197,coast
uc-739061,41.5098,34.2141,
uc-308220,36.5978,30.5606,coast
uc-738907,41.2117,36.46,coast
uc-307211,37.581,29.2664,
uc-738753,41.0069,38.8139,coast
uc-322051,38.7371,29.7519,
uc-745527,40.0388,42.1637,
uc-312134,37.5869,38.955,lake
uc-315401,36.6404,32.8918,
uc-314665,39.1834,36.0719,
uc-315905,37.8746,30.8504,lake
uc-321786,38.2174,27.6474,
uc-301089,36.3614,36.2136,
uc-742658,40.8247,37.3467,
uc-298326,38.6296,34.912,steppe
uc-315697,36.7358,29.9178,mountain
uc-304196,39.0615,34.3829,
uc-6620290,37.0167,27.2667,coast
uc-305089,38.4582,40.6389,
uc-744716,41.07,30.1526,coast
uc-751931,41.3512,41.3046,coast
uc-751838,40.9527,39.9267,coast
uc-6692524,36.7155,28.7044,coast
uc-321929,38.5687,38.8163,lake
uc-301172,38.1044,30.5486,
uc-740881,40.3572,30.0142,river
uc-315061,39.7856,26.3408,coast
uc-319357,39.6064,40.9684,
uc-320004,37.7452,37.2862,
uc-323094,39.9208,40.695,river
uc-300377,38.9652,41.0544,
uc-312024,38.225,42.4183,
uc-310907,38.2397,32.2114,
uc-296829,38.1557,36.2576,
uc-321136,39.3925,28.1311,river
uc-742902,41.0534,30.8528,coast
uc-831432,40.947,38.703,coast
uc-162183,37.95,58.3833,desert
uc-1219649,39.0733,63.5786,desert
uc-601734,41.8362,59.9666,desert
uc-1218667,37.5938,61.8303,desert
uc-601594,40.0222,52.9552,coast|desert
uc-161616,39.5108,54.3671,desert|mountain
uc-1219762,37.6185,62.1671,desert
uc-1218239,37.3834,60.5055,desert|river
uc-161931,38.9764,56.2758,desert
uc-1219392,37.8124,66.0466,steppe
uc-13526673,38.0713,58.0656,desert
uc-601661,42.1282,59.671,desert
uc-162099,38.0541,58.1972,desert
uc-1218021,37.2989,62.3597,desert
uc-162158,38.4362,57.4316,desert
uc-601608,42.3277,59.1544,desert
uc-601432,41.8333,59.65,desert
uc-161950,38.1586,57.9607,desert
uc-161901,37.3482,59.6143,desert|steppe
uc-1219002,37.8357,65.2106,desert|river
uc-1218456,36.5238,61.2148,desert|river
uc-161943,39.2061,54.5906,desert
uc-601475,41.6504,59.9164,desert
uc-161974,39.2446,55.5154,desert
uc-601534,41.9458,59.9089,desert
uc-1514792,41.1875,61.4036,desert
uc-1218987,38.072,64.8794,desert
uc-1218420,39.4816,62.9137,desert
uc-1218436,38.7839,63.8803,desert
uc-601460,42.0795,59.9496,desert
uc-1218195,37.4247,62.3382,desert
uc-1219638,37.7973,61.5491,desert
uc-161980,38.4375,56.2808,steppe
uc-161997,39.6341,54.2305,desert
uc-11703857,21.7825,-72.2521,coast
uc-2110394,-8.5243,179.1942,coast
uc-4796512,17.7275,-64.747,coast
uc-4795467,18.3419,-64.9307,coast
uc-232422,0.3163,32.5822,lake
uc-229268,-0.6047,30.6485,
uc-228853,0.3533,32.7553,lake
uc-227812,0.4417,33.1792,lake|river
uc-233346,2.7746,32.299,
uc-231954,0.0841,32.4697,lake
uc-229911,0.3679,32.9376,
uc-233312,1.4331,31.3524,
uc-228971,0.5585,31.3949,
uc-230166,2.2499,32.8999,
uc-233299,-0.134,30.4962,
uc-229380,-0.3338,31.7341,
uc-232066,0.1833,30.0833,
uc-229278,1.0821,34.175,
uc-229362,1.6744,31.715,
uc-229139,0.4175,32.0228,
uc-233508,0.0562,32.4795,lake
uc-233114,0.439,33.2032,lake|river
uc-226554,-0.5667,30.3833,
uc-230617,2.9806,34.1331,
uc-235039,3.0201,30.911,
uc-8581615,-0.7406,30.9963,
uc-232397,0.9472,33.1197,
uc-235130,1.9756,32.5386,
uc-233275,0.6092,33.4686,
uc-234077,0.4659,34.0922,
uc-230725,3.4136,30.9599,
uc-226234,1.7146,33.6111,lake
uc-233476,0.6617,30.2748,
uc-229006,0.0401,29.7248,lake
uc-230893,3.2783,32.8867,
uc-233070,-1.2486,29.9899,lake
uc-232235,1.401,34.4504,
uc-13132719,0.348,30.6543,
uc-229024,0.225,32.3136,
uc-229746,0.8492,32.4731,
uc-226110,0.693,34.1808,
uc-225835,3.4651,31.2469,
uc-234578,0.4821,33.2407,lake
uc-448001,-0.5431,30.1369,
uc-230584,1.4608,33.9361,
uc-226823,1.145,33.7094,
uc-232107,0.1533,32.4009,lake
uc-227904,2.4783,31.0889,
uc-226853,2.4167,30.9855,
uc-226600,-0.8411,29.9419,
uc-235489,3.3779,31.7909,
uc-8261621,1.9342,32.1164,
uc-234565,0.5714,33.7417,
uc-232661,0.5083,33.2878,lake
uc-7911405,-0.8686,30.8302,
uc-228448,1.15,34.15,
uc-234088,0.6263,33.6003,
uc-225858,0.7283,32.5122,
uc-227528,-0.9,30.4167,
uc-231696,0.7025,32.8886,
uc-233840,1.1517,33.155,lake
uc-234717,0.5739,32.5155,
uc-230331,0.5022,31.0414,
uc-234658,1.0039,33.9256,
uc-232146,-0.6167,31.55,
uc-226835,2.4634,31.4983,lake|river
uc-230299,0.6328,30.6214,
uc-232652,0.4199,32.3913,
uc-232834,0.9378,30.8089,
uc-11496345,0.9151,30.7508,
uc-13132715,0.3674,31.1082,
uc-234329,0.6786,31.8197,
uc-229872,-0.1131,31.8539,lake
uc-231990,0.02,30.4986,
uc-235574,2.7017,33.6761,
uc-233886,0.65,33.1713,
uc-234004,0.9119,33.9511,
uc-235178,2.6011,31.9475,
uc-232371,0.1866,30.4539,
uc-13132716,1.1881,30.7828,lake
uc-233563,1.8983,33.1775,
uc-8198328,2.6111,32.4756,
uc-226690,-1.1883,29.8461,lake|river
uc-228094,0.8361,33.6861,
uc-228227,0.6894,32.4214,
uc-231550,0.9161,31.7742,
uc-234178,0.7112,30.0647,
uc-228214,0.5289,32.2486,
uc-231406,1.8084,32.005,
uc-231383,-0.75,29.7,
uc-230753,0.5139,32.3506,
uc-227593,-0.8794,30.2642,
uc-229292,0.4597,33.4803,lake
uc-8629414,0.6444,34.2606,
uc-229708,1.1167,31.4,
uc-232526,0.8944,33.4994,
uc-229580,-0.9667,30.45,
uc-233194,-0.9667,30.6,
uc-227525,0.675,29.9926,
uc-229530,0.5196,33.3469,lake
uc-234496,1.3472,31.3081,
uc-231197,-0.7011,30.4939,
uc-226267,1.2313,34.2477,
uc-234660,1.1481,34.3261,mountain
uc-229059,3.6609,31.7247,
uc-233975,1.1594,31.6108,
uc-8642874,0.3796,30.2304,
uc-234480,0.3375,33.0106,lake
uc-8629023,0.0768,29.8683,
uc-231848,0.7583,30.6825,
uc-231280,1.3564,31.2222,
uc-227843,1.4314,33.7772,
uc-230993,-1.2854,29.685,
uc-13132713,0.5547,30.8548,
uc-11259341,0.364,33.8176,lake
uc-232115,0.5567,31.8022,
uc-227592,-0.8833,29.65,
uc-234043,0.8501,33.9262,
uc-13132717,-0.8349,30.0922,
uc-232287,-0.9575,29.7897,
uc-233382,0.2033,32.0881,
uc-13132714,1.9399,32.166,
uc-234368,0.6975,32.0286,
uc-229112,2.5345,34.6666,
uc-229599,-0.4031,31.1572,
uc-230370,0.7842,30.5311,
uc-230348,-0.3833,31.35,
uc-234497,0.581,30.2101,
uc-7911406,0.952,34.27,
uc-231670,-0.0744,30.7853,
uc-232619,0.7806,31.3236,
uc-234092,0.7772,33.6236,
uc-230476,-0.4514,30.1133,
uc-232137,0.4333,31.2333,
uc-232522,-0.5364,31.6214,
uc-229630,-0.4161,31.4081,
uc-703448,50.4547,30.5238,river
uc-709717,48.023,37.8022,
uc-706483,49.9818,36.2548,
uc-709930,48.4666,35.0407,river
uc-698740,46.4857,30.7438,coast
uc-702550,49.8383,24.0232,
uc-702658,48.5681,39.3055,
uc-687700,47.8517,35.1171,lake|river
uc-13580034,47.115,37.5852,coast
uc-703845,47.9057,33.394,
uc-694423,44.608,33.5213,coast
uc-700569,46.9763,31.993,coast
uc-689558,49.2322,28.4687,river
uc-696643,49.5892,34.5537,
uc-693805,44.9572,34.1108,
uc-704147,49.0625,33.4048,lake|river
uc-710735,51.5054,31.2866,river
uc-707753,48.2999,38.0171,
uc-705812,48.5083,32.2662,
uc-706369,49.4183,26.9794,river
uc-710791,49.4445,32.0574,lake
uc-710719,48.2904,25.9324,river
uc-686967,50.2623,28.6791,
uc-692194,50.9174,34.7991,
uc-707471,48.9231,24.7125,
uc-695594,50.6204,26.237,
uc-704508,48.7311,37.5678,
uc-701822,47.0951,37.5413,coast
uc-709932,48.5172,34.6062,lake|river
uc-691650,49.554,25.5907,
uc-702569,50.7578,25.3502,
uc-712165,49.7994,30.1165,
uc-12167218,49.0975,33.4321,lake
uc-13607660,48.5857,39.3716,
uc-706524,45.3567,36.4754,coast
uc-13608465,51.5063,31.3168,river
uc-13608468,51.4893,31.2563,river
uc-13607722,47.0983,37.5484,coast
uc-13546531,48.4986,32.2537,
uc-13607718,50.9038,34.8093,
uc-701404,46.8473,35.382,
uc-13561779,49.5645,34.5387,
uc-711874,50.2769,28.6096,
uc-13607717,50.9251,34.7948,
uc-713716,48.4691,38.7974,
uc-709611,49.352,23.5112,
uc-13607719,48.3024,38.0316,
uc-690548,48.6242,22.2947,
uc-13609094,50.2449,28.7001,
uc-711390,50.511,30.7911,
uc-13607657,48.0211,37.9691,
uc-688105,45.2009,33.3665,coast
uc-712451,46.7558,36.7882,coast
uc-700051,47.5683,34.3913,lake
uc-693468,48.8497,37.5974,
uc-13561150,47.9567,37.9419,
uc-13607720,48.3028,38.0547,
uc-697889,48.5321,35.8688,
uc-697302,47.9316,37.6297,
uc-692975,48.5682,38.6435,
uc-691999,48.9441,38.4875,river
uc-706950,48.6788,26.5852,
uc-13607654,48.0617,37.9716,
uc-702972,48.9121,38.4209,river
uc-700646,48.4425,22.718,
uc-705135,51.2325,33.2004,
uc-707565,50.522,30.2404,
uc-690688,48.7501,30.2194,
uc-713174,48.5942,37.9989,
uc-704202,48.1424,38.9237,
uc-688533,44.5022,34.1662,coast|mountain
uc-688148,48.2386,38.204,
uc-698625,48.6747,33.1176,
uc-693942,51.8643,33.4728,
uc-712441,49.8942,28.5824,
uc-694382,48.0566,38.4383,
uc-691374,48.0388,38.5969,
uc-699445,48.6289,35.2589,
uc-707308,45.3506,28.8375,river
uc-709161,45.032,35.3815,coast
uc-704617,51.2155,24.7008,
uc-705104,48.5273,37.7059,
uc-699942,51.0477,31.8884,
uc-693457,49.233,31.8843,
uc-706448,46.6369,32.6146,coast|river
uc-707099,49.024,24.3721,
uc-710554,50.394,24.2394,river
uc-711660,50.3505,30.9526,
uc-692105,48.0761,39.6474,
uc-697593,48.0448,30.8478,river
uc-707601,47.7301,33.2519,
uc-704901,50.9512,28.6386,
uc-692372,49.261,23.8484,
uc-705392,48.525,25.0371,river
uc-704422,48.2801,37.1771,
uc-707688,46.2991,30.6553,coast
uc-706466,48.0428,38.1403,
uc-699553,50.5914,27.6088,
uc-693381,48.0233,38.7621,
uc-695274,49.0085,38.3797,river
uc-702760,48.8907,36.3141,
uc-616743,48.62,37.5254,
uc-13607655,48.0951,38.042,
uc-709276,47.4905,34.662,lake
uc-696108,50.5953,32.3838,
uc-713259,48.1164,39.0886,
uc-6559559,49.0084,33.6293,lake
uc-699035,50.7295,24.1598,
uc-704403,48.2933,39.7333,
uc-712160,46.1948,30.3483,coast|lake
uc-713749,50.3085,34.8947,
uc-710035,48.3099,37.2651,
uc-707292,49.207,37.2768,river
uc-695379,48.0828,39.377,
uc-701855,47.6309,34.6245,lake
uc-711369,48.511,38.6722,
uc-702723,50.0141,32.9997,
uc-699839,46.7597,33.3559,river
uc-709248,50.078,29.9196,
uc-692087,49.0629,33.2458,lake|river
uc-711350,50.5474,30.2088,
uc-687196,48.3452,33.4974,
uc-8341919,51.3404,25.8555,
uc-709334,45.7131,34.3927,lake
uc-694216,50.1812,27.0652,
uc-706488,48.0945,38.0755,
uc-701075,49.9646,33.6086,
uc-704679,47.7499,29.5307,
uc-7525990,47.8288,31.1751,river
uc-695464,50.7403,33.4952,
uc-689378,50.8503,24.3212,
uc-688373,48.1268,37.8592,
uc-698436,47.6536,34.1149,lake
uc-709540,50.4075,25.7624,
uc-690412,50.1802,30.3119,
uc-710374,49.8354,36.6865,river
uc-700261,50.3286,26.6487,
uc-697592,48.6279,38.5239,
uc-707244,46.816,33.4786,lake|river
uc-713122,48.1402,37.7501,
uc-693581,50.2961,26.8661,
uc-687116,49.0352,28.114,
uc-711515,50.3191,30.2973,
uc-692818,49.7552,27.2123,
uc-694864,49.5162,23.2013,river
uc-688860,47.5622,31.336,river
uc-687997,46.6247,31.1018,coast
uc-711669,49.29,23.4289,
uc-707758,51.6798,33.9168,
uc-698782,50.1163,30.6333,
uc-8468760,49.9302,23.5736,
uc-709354,48.3948,37.8478,
uc-704737,50.8773,26.448,
uc-704362,45.9555,33.7926,coast|lake
uc-700918,48.4428,27.7997,river
uc-693796,48.3236,35.5261,
uc-713513,44.6773,34.4097,coast|mountain
uc-691469,47.2555,35.7084,
uc-694792,51.339,26.6069,
uc-697576,49.3765,36.2185,
uc-706165,48.1719,23.2979,river
uc-710400,49.017,25.7981,
uc-694910,45.1342,33.6,coast
uc-698874,49.4714,24.1335,river
uc-709900,48.4667,37.0857,
uc-691605,48.1451,33.5583,
uc-686875,49.6693,32.0364,lake
uc-706380,49.5581,27.9568,river
uc-697616,48.3479,36.3964,
uc-712969,44.7552,33.8578,
uc-705797,48.1497,38.3594,
uc-703656,49.71,37.6158,
uc-691628,48.5266,36.0705,
uc-712926,49.456,36.8443,river
uc-697637,50.0674,31.4497,lake
uc-708901,48.8129,29.3792,
uc-709782,48.1172,32.7769,
uc-688746,48.1413,23.0362,river
uc-702116,50.7676,29.2422,
uc-691037,46.6255,32.7243,coast
uc-687432,50.5221,26.2482,
uc-6930327,51.5225,30.7181,
uc-713203,46.1092,33.6921,coast|lake
uc-710229,48.3359,38.4026,
uc-704885,50.3169,29.0577,
uc-704000,51.5518,33.3804,
uc-613273,50.5823,34.4826,
uc-706900,49.7519,31.47,lake|river
uc-709054,50.3691,33.997,
uc-712423,48.2051,22.6445,
uc-706571,49.7164,28.8386,
uc-711416,50.0885,25.1461,
uc-709835,47.7522,37.6776,
uc-686896,49.8074,24.9038,
uc-700507,48.6366,24.5714,
uc-703428,48.6844,29.2364,river
uc-700829,48.3459,39.6523,
uc-686919,48.7207,32.6582,
uc-689200,48.4842,34.0171,
uc-694677,48.1465,37.3022,
uc-704388,49.3776,35.4449,
uc-712590,50.3898,30.2273,
uc-701347,49.8211,36.0567,
uc-689198,47.6008,37.4936,
uc-704143,50.0986,25.7279,
uc-696660,50.1194,27.5086,
uc-709755,48.9716,23.9656,
uc-692254,48.3508,39.7257,
uc-693301,50.4745,24.2809,river
uc-704204,48.9901,37.8084,
uc-702417,49.9469,35.9291,
uc-704608,49.6303,37.6775,
uc-691255,50.4848,34.9657,
uc-705883,45.4445,29.264,river
uc-708878,46.1682,34.8086,coast|lake
uc-696566,48.6317,38.371,
uc-696943,48.5742,35.097,
uc-688587,50.2754,31.7634,
uc-704492,49.6538,26.9721,
uc-712930,44.5112,33.5994,coast
uc-12129128,45.4542,28.2773,river
uc-712886,47.936,29.6223,
uc-707155,49.4613,28.5154,
uc-689159,49.5361,26.2068,
uc-695357,47.9847,37.2807,
uc-695965,48.4082,33.7092,
uc-704138,49.0481,38.2155,river
uc-696677,47.4787,36.2546,
uc-713504,47.7906,38.4785,
uc-693709,46.1131,32.9098,coast
uc-686818,48.0143,38.266,
uc-695344,46.8548,30.0709,
uc-711894,50.1615,35.5237,
uc-704858,49.4182,31.2517,
uc-709960,47.3899,35.0007,lake
uc-712374,49.4458,24.9369,
uc-689304,50.2908,36.9411,
uc-693615,49.734,29.6635,
uc-692129,48.5474,22.9867,
uc-702563,48.4043,39.213,
uc-700696,49.7947,23.1508,
uc-712967,51.1814,32.8346,
uc-693920,49.0129,31.3926,
uc-692315,44.8492,34.9747,coast
uc-686803,49.0776,30.9607,
uc-699078,48.3166,31.5236,
uc-712587,45.0568,34.6039,
uc-712389,50.3107,31.4677,
uc-707296,50.1198,26.8248,
uc-692118,49.4093,38.1553,
uc-707752,49.1721,26.5636,
uc-708313,49.7848,23.6481,
uc-692832,49.2788,38.9075,
uc-713245,47.6598,33.7195,
uc-705183,49.5905,36.5217,
uc-711867,49.5464,30.8741,
uc-690312,49.012,31.0466,
uc-709429,48.887,26.8482,
uc-695859,48.0547,24.2031,river
uc-712559,51.1475,34.3108,
uc-689916,48.6556,34.3262,lake
uc-707679,47.925,38.2024,
uc-712861,49.0736,27.674,
uc-698131,51.3274,28.8016,
uc-695912,50.4962,29.23,
uc-710548,48.0761,39.7962,
uc-699753,52.0068,33.2634,river
uc-689584,47.9477,35.4403,
uc-711841,45.6779,28.6181,
uc-691016,48.674,28.8685,
uc-292223,25.0772,55.3093,coast|desert
uc-292672,25.3342,55.4122,coast|desert
uc-292968,24.4512,54.397,coast|desert
uc-292913,24.1917,55.7606,desert
uc-291074,25.7895,55.9432,coast|desert|mountain
uc-11524601,25.0025,55.1081,coast|desert
uc-292878,25.1164,56.3414,coast|desert
uc-8057551,24.4259,54.605,coast|desert
uc-13118447,24.3479,54.5537,coast|desert
uc-12047417,25.1448,56.2476,coast|desert
uc-12042052,24.3098,54.6294,coast|desert
uc-291580,23.6542,53.7052,desert
uc-12047416,24.3927,54.7078,coast|desert
uc-290594,25.5647,55.5552,coast|desert
uc-13118438,25.3153,55.6321,coast|desert
uc-13118439,25.0376,55.5913,desert
uc-290680,25.0695,56.3312,coast|desert
uc-291696,25.3313,56.342,coast|desert
uc-292231,25.5925,56.2618,coast|desert|mountain
uc-292239,25.6196,56.2729,coast|desert|mountain
uc-6691113,25.1161,55.1351,coast|desert
uc-292688,24.1103,52.7306,coast|desert
uc-292953,25.2881,55.8816,desert
uc-292862,24.8007,56.1273,desert
uc-2643743,51.5085,-0.1257,river
uc-2655603,52.4814,-1.8998,
uc-2643123,53.4809,-2.2374,
uc-2644210,53.4106,-2.9779,coast
uc-2648579,55.8651,-4.2576,coast
uc-2638077,53.383,-1.4659,
uc-2641673,54.9733,-1.614,coast
uc-2644688,53.7965,-1.5478,
uc-2654993,53.7939,-1.7521,
uc-2654675,51.4552,-2.5966,coast
uc-2650225,55.9521,-3.1965,coast
uc-2641170,52.9536,-1.1505,river
uc-2655984,54.5968,-5.9254,coast
uc-2644668,52.6386,-1.1317,
uc-2653822,51.48,-3.18,coast
uc-2654710,50.8284,-0.1395,coast
uc-2637433,51.5378,0.7143,coast
uc-2636503,51.35,-0.2,
uc-2637487,50.904,-1.4043,coast
uc-2636432,51.6208,-3.9432,coast
uc-2652221,52.4066,-1.5122,
uc-2639577,51.4562,-0.9711,river
uc-2655613,53.3934,-3.0148,coast
uc-2639912,53.7628,-2.7045,coast
uc-2642465,52.0417,-0.7558,
uc-2636841,53.0042,-2.1854,river
uc-2645425,53.7446,-0.3352,coast
uc-2651347,52.9228,-1.4766,
uc-2639996,50.799,-1.0913,coast
uc-2633691,52.5855,-2.123,
uc-2655775,51.4416,0.1487,coast
uc-2640194,50.3715,-4.143,coast
uc-2643339,51.8797,-0.4175,
uc-2656194,51.5684,0.4578,coast
uc-2643097,53.1333,-1.2,
uc-2633948,53.543,-2.6371,
uc-2641430,52.25,-0.8833,
uc-2634739,53.3925,-2.5802,coast
uc-2634677,51.6553,-0.396,
uc-2641598,51.5877,-2.9983,coast
uc-2638785,53.45,-2.7333,coast
uc-2657832,57.1437,-2.0981,coast
uc-2655237,53.5833,-2.4333,
uc-2636389,51.558,-1.7812,
uc-2642607,54.5762,-1.2348,coast
uc-2654264,53.8,-2.2333,
uc-2637627,51.5095,-0.5954,river
uc-2655459,53.8167,-3.05,coast
uc-2655095,50.7205,-1.8795,coast
uc-2636531,54.9046,-1.3822,coast
uc-2638703,51.3667,1.4167,coast
uc-2646458,53.649,-1.7842,
uc-2655524,53.75,-2.4833,
uc-2646057,52.0592,1.1555,coast
uc-2640729,51.7522,-1.256,river
uc-3345439,52.6766,-2.4493,river
uc-2642814,55.75,-4.0333,
uc-2651123,53.5228,-1.1312,
uc-2640101,50.7143,-1.9846,coast
uc-2649571,51.4462,-0.4139,river
uc-2640354,52.5736,-0.2478,
uc-2648657,51.3891,0.5486,coast
uc-2641181,52.6278,1.2983,
uc-2654200,52.8073,-1.6426,river
uc-2638867,51.75,-0.3333,
uc-2633352,53.9576,-1.0827,
uc-2649808,50.7236,-3.5275,coast
uc-2646914,51.6291,-0.7493,
uc-2639272,53.6177,-2.1552,
uc-2650752,56.4691,-2.9749,coast
uc-2656046,52.1346,-0.4663,
uc-2653941,52.2,0.1167,
uc-2652053,51.113,-0.1831,
uc-2647261,51.5158,-0.4234,
uc-2655009,51.4136,-0.7505,
uc-2653225,53.25,-1.4167,
uc-2651621,51.55,0.1667,coast
uc-2633521,50.818,-0.3754,coast
uc-2648404,51.8657,-2.2431,coast|river
uc-2634910,53.6833,-1.4977,
uc-2652618,51.8892,0.9042,coast
uc-2648182,51.4757,0.3252,coast|river
uc-2641674,53.0,-2.2333,river
uc-2636940,51.9022,-0.2026,
uc-2649672,51.2942,-0.7557,
uc-2656284,53.55,-1.4833,
uc-8299614,53.6846,-2.2769,
uc-2653261,51.9001,-2.0797,
uc-2647138,51.7537,-0.4497,
uc-2653883,52.6904,-2.0309,
uc-2652002,53.0979,-2.4416,
uc-2653266,51.7358,0.4696,
uc-6947756,51.2372,-2.6266,
uc-2633485,53.0466,-2.9913,
uc-2650405,55.7641,-4.1767,
uc-2656192,51.2625,-1.0871,
uc-2643179,51.2667,0.5167,coast
uc-2633709,51.319,-0.5589,
uc-2644487,53.2268,-0.5379,
uc-2650497,50.7687,0.2845,coast
uc-2633563,52.1893,-2.22,river
uc-2656173,51.3751,-2.3617,
uc-6690870,51.5529,0.129,
uc-2636876,54.5685,-1.3187,coast
uc-2639192,51.5752,0.1858,coast
uc-2647793,51.2354,-0.5743,
uc-2647461,51.7766,0.1116,
uc-2647356,50.8557,0.5801,coast
uc-8299617,53.368,-1.8454,
uc-2651513,54.5243,-1.5504,
uc-2637343,53.6458,-3.0101,coast
uc-2635042,51.5489,-0.4821,
uc-2653228,53.1905,-2.8919,coast
uc-2647428,53.9908,-1.5373,
uc-2647400,54.6855,-1.2103,coast
uc-2641157,52.5232,-1.4652,
uc-2649911,51.3697,-0.3669,river
uc-2639557,52.3065,-1.9457,
uc-2648187,51.4421,0.3711,coast|river
uc-2643734,54.9972,-7.3092,coast
uc-2647878,53.5654,-0.0755,coast
uc-2640681,50.4357,-3.5679,coast
uc-2643736,54.9981,-7.3093,coast
uc-2634686,50.8807,-1.0304,coast
uc-2634308,51.346,-2.9766,coast
uc-2636276,52.634,-1.6959,
uc-2638324,53.5791,-0.6544,coast
uc-2653305,51.3789,0.5279,coast
uc-2653775,54.8951,-2.9382,coast
uc-2638978,52.3709,-1.2642,
uc-2645724,52.3882,-2.25,
uc-2637891,52.7101,-2.7521,river
uc-2648970,53.8333,-2.9167,coast
uc-2656719,51.8167,-0.8146,
uc-2644204,55.9029,-3.5226,coast
uc-2643490,52.4752,1.7517,coast
uc-2647570,55.7667,-4.0333,
uc-2643186,51.5228,-0.7199,river
uc-2646867,52.5389,-1.3761,
uc-2637142,52.8052,-2.1164,
uc-2639447,51.659,-3.4489,
uc-2639022,51.1332,0.2626,
uc-2642214,54.0684,-2.8611,coast
uc-2652381,52.4964,-0.6894,
uc-2652974,51.7897,1.156,coast
uc-2637126,51.4309,-0.5061,river
uc-2649258,51.0817,1.1673,coast
uc-2657402,53.3875,-2.3485,
uc-2650096,53.2788,-2.9013,coast
uc-2635650,50.462,-3.5252,coast
uc-2643567,52.7667,-1.2,
uc-2636177,51.0149,-3.1029,
uc-2655262,50.7821,-0.6798,coast
uc-2654394,53.1667,-3.0833,coast
uc-2647984,52.6083,1.7305,coast
uc-2643044,51.3813,1.3862,coast
uc-2656955,51.1465,0.8738,coast
uc-3345283,51.622,-3.4554,
uc-2638419,54.2797,-0.4044,coast
uc-2633954,53.3618,-2.7341,coast
uc-2638960,53.3417,-2.7312,coast
uc-2653584,53.7259,-1.3626,
uc-2654187,53.6,-2.3,
uc-2651286,53.6908,-1.6291,
uc-2656396,54.6608,-5.668,coast
uc-2635269,55.0179,-1.4256,coast
uc-2647074,52.0568,-2.7148,
uc-2636616,51.75,-2.2,coast
uc-2653232,51.7002,-0.0303,
uc-3345440,54.4471,-6.387,lake
uc-2644319,50.8114,-0.5408,coast
uc-2645753,52.3984,-0.7257,
uc-2634578,52.3027,-0.6945,
uc-2656241,54.1109,-3.2276,coast
uc-2653877,51.279,1.0799,coast
uc-2650732,56.0716,-3.4589,coast
uc-2637802,51.3413,0.7328,coast
uc-2643266,53.2602,-2.1256,
uc-2654938,51.8782,0.5529,
uc-2634202,50.6145,-2.4599,coast
uc-2654782,51.6213,0.3056,coast
uc-2639545,51.2405,-0.1704,
uc-2634552,51.8017,-0.2069,
uc-2646557,51.0631,-0.3276,
uc-2644737,52.2852,-1.52,
uc-2651715,55.9468,-3.9905,
uc-2645298,56.1168,-3.16,coast
uc-2633373,50.9416,-2.6321,
uc-2645889,53.8679,-1.9066,
uc-2654755,51.5058,-3.5772,coast
uc-2644100,51.682,-4.1619,coast
uc-2656406,52.0632,-1.3422,
uc-2646088,57.4791,-4.224,coast|lake|river
uc-2650628,54.7768,-1.5757,coast
uc-2641224,53.2588,-2.5202,coast
uc-2640358,56.3952,-3.4314,coast
uc-2644972,54.0465,-2.7999,coast
uc-2645605,55.6117,-4.4958,coast
uc-2650798,55.0696,-3.6114,coast
uc-2656708,55.4627,-4.6339,coast
uc-2645456,52.7517,0.3952,coast
uc-2633858,51.0651,-1.3187,
uc-2647317,50.8567,-0.9856,coast
uc-2655138,52.9763,-0.0266,coast
uc-2638664,51.0693,-1.7957,
uc-2633551,53.3018,-1.124,
uc-2640132,53.6911,-1.3127,
uc-2648208,52.9115,-0.6418,
uc-2652696,55.8622,-4.0247,
uc-2642705,51.7479,-3.3778,
uc-2655777,50.8502,0.4709,coast
uc-2644660,53.4964,-2.5197,
uc-2644726,51.2965,-0.3338,
uc-2641731,53.0667,-0.8167,river
uc-2644652,51.9172,-0.658,
uc-6693470,53.7426,-2.997,coast
uc-2639524,50.2332,-5.2243,coast
uc-2657324,51.2114,-1.4939,
uc-2649692,50.8516,-1.1793,coast
uc-2651048,51.126,1.3126,coast
uc-2652622,51.522,-3.5553,coast
uc-2647948,55.9484,-4.7612,coast
uc-2654186,52.2463,0.7111,
uc-2654730,51.1284,-3.0036,coast
uc-2635427,51.3189,-2.2086,
uc-2655562,51.8711,0.1587,
uc-2657540,51.2483,-0.7639,
uc-2652885,53.5605,-0.0323,coast
uc-2637752,53.5502,-2.7735,
uc-2649322,51.2833,-0.8333,
uc-2657780,51.6711,-1.2828,river
uc-2648438,56.1951,-3.1732,coast
uc-2634032,55.0397,-1.4471,coast
uc-2636910,56.119,-3.9368,coast
uc-2652698,52.7225,-1.3702,
uc-2638946,52.2893,-0.6018,
uc-2655315,55.1271,-1.5086,coast
uc-2634725,52.2833,-1.5833,
uc-2639563,54.6166,-1.06,coast
uc-2649660,51.2144,-0.8005,
uc-2653224,54.8586,-1.5741,coast
uc-2648063,52.1116,-2.3251,
uc-2646525,54.8403,-1.4643,coast
uc-2641557,50.5286,-3.6119,coast
uc-2657613,55.866,-3.9802,
uc-2655186,51.6547,-0.2776,
uc-2649800,50.6172,-3.4023,coast
uc-2635703,51.1953,0.2736,
uc-2635281,53.5139,-2.4675,
uc-2653144,51.46,-2.1247,
uc-2640106,51.7011,-3.0444,coast
uc-2649723,56.0021,-3.7854,coast
uc-2646807,51.7615,-0.0114,
uc-2654728,54.0831,-0.1919,coast
uc-2657770,53.7538,-2.3586,
uc-2654579,52.3357,-2.0598,
uc-2644531,52.6815,-1.8255,
uc-2646032,55.6194,-4.6551,coast
uc-8224216,51.9794,-0.2266,
uc-2653086,53.65,-2.6167,
uc-2655729,51.9,-1.1536,
uc-2647248,50.9977,-0.1031,coast
uc-2643556,52.4333,-2.5667,
uc-2652095,55.0865,-1.586,coast
uc-2650285,51.7771,-3.2079,
uc-2641689,51.4015,-1.3247,
uc-2640085,54.423,-6.4443,lake
uc-2633771,52.6662,0.1594,coast
uc-2634021,51.3607,1.0257,coast
uc-8299616,53.2005,-3.0384,coast
uc-2649715,50.1544,-5.0711,coast
uc-2653192,50.8367,-0.78,coast
uc-2656281,51.0802,-4.0581,coast
uc-8224783,54.868,-1.6985,
uc-2640104,51.6021,-3.3421,
uc-2657835,51.7144,-3.4492,
uc-2651468,51.2232,1.4028,coast
uc-2638717,52.2167,-0.2667,
uc-2654308,50.9584,-0.1329,coast
uc-2655785,53.8459,-0.4233,coast
uc-2637265,52.7871,-0.1514,coast
uc-2636713,52.1917,-1.7073,
uc-2633810,53.1915,-2.524,
uc-2650188,51.4316,-0.5524,river
uc-2638187,51.2727,0.1888,
uc-2641519,54.5924,-5.6909,coast
uc-2651269,51.6093,-1.2421,river
uc-2652513,53.2948,-3.7267,coast
uc-2653680,54.7158,-5.8058,coast
uc-2645826,54.3268,-2.7476,coast
uc-2652437,54.854,-1.8316,
uc-2633729,51.7836,-1.4854,
uc-2653290,53.3761,-2.1897,
uc-2656490,54.8636,-6.2763,
uc-2655707,51.0168,-4.2083,coast
uc-2651485,52.2569,-1.1607,
uc-2636534,51.4042,-0.4182,river
uc-2641581,54.1784,-6.3374,coast
uc-2642763,52.7659,-0.8869,
uc-2649833,52.0924,-1.9489,
uc-2656946,55.1772,-1.5641,coast
uc-2656954,51.4317,-0.4576,river
uc-2647310,52.0823,0.4389,
uc-2650435,51.1238,-0.0061,
uc-2649301,53.2449,-3.1323,coast
uc-2641555,54.6184,-1.5719,
uc-2640037,51.482,-2.7697,coast
uc-2649312,53.9253,-3.0109,coast
uc-2649024,51.2283,-2.3221,
uc-2652464,53.1631,-2.2125,
uc-2638977,52.7593,-1.9369,river
uc-2655583,54.6555,-1.6771,
uc-2639409,53.3193,-3.4923,coast
uc-2647044,51.7959,-0.0785,
uc-2633883,53.328,-2.2315,
uc-2652586,55.1333,-6.6667,coast
uc-2641609,50.756,-1.6658,coast
uc-2647303,53.1848,-3.0258,coast
uc-2636049,51.4037,-1.2605,
uc-2638879,53.5485,-2.0046,
uc-2633749,51.8001,0.6404,coast
uc-2650122,57.6495,-3.3184,coast
uc-2641599,50.7015,-1.2912,coast
uc-2637762,53.1436,0.3363,coast
uc-2647057,51.373,1.1286,coast
uc-2638235,53.7833,-1.0667,
uc-2636032,52.4167,0.75,
uc-2643027,52.4776,-0.9205,
uc-11592272,55.9713,-4.5793,coast
uc-2649579,51.9637,1.3511,coast
uc-2638853,50.3425,-4.7744,coast
uc-2638911,50.73,-1.1621,coast
uc-2640908,53.5669,-2.8818,coast
uc-2646393,52.3305,-0.1865,
uc-2636564,52.0389,0.7312,
uc-2650983,52.2667,-2.15,
uc-2657345,51.7928,-3.9883,coast
uc-2633406,51.5407,-2.4184,coast
uc-2657215,56.5632,-2.5874,coast
uc-2656169,55.902,-3.644,coast
uc-2647655,50.8622,0.2577,coast
uc-2643160,51.7311,0.6746,coast
uc-2649198,53.5584,-3.07,coast
uc-2654269,51.2386,-2.9978,coast
uc-2647227,53.0137,-1.3538,
uc-2635412,50.2653,-5.0544,coast
uc-2649622,51.3148,0.8886,coast
uc-2634096,54.549,-3.5841,coast
uc-2634843,51.687,-0.0042,
uc-2639970,51.6935,-0.1784,
uc-2638311,50.7714,0.1027,coast
uc-2657508,53.0977,-1.3838,
uc-2635762,50.9024,-3.4923,
uc-2650346,53.3221,-0.9432,
uc-2639506,51.2374,-0.2058,
uc-2657356,51.6667,-0.6167,
uc-2651852,51.061,0.1634,
uc-2633553,54.6425,-3.5441,coast
uc-2652204,50.7625,-1.2978,coast
uc-2639325,53.0333,-1.4,
uc-2640967,54.6,-7.3,
uc-2643071,52.5513,0.0883,
uc-2636749,52.1889,0.9977,
uc-2652861,51.4423,-2.8579,coast
uc-2643218,51.6093,-3.6582,coast
uc-6693242,51.1136,-0.8625,
uc-2653520,51.2823,-0.0789,
uc-2648319,53.7032,-0.8773,coast
uc-2647383,51.9419,1.2844,coast
uc-2653235,51.7,-0.6,
uc-2637104,52.65,-0.4833,
uc-2650023,52.3996,0.262,
uc-2648945,53.3833,-0.7667,river
uc-2653945,50.2131,-5.2973,coast
uc-2657471,56.1159,-3.79,coast
uc-2641616,52.2447,0.4042,
uc-2636071,51.9924,-2.1601,river
uc-2640349,54.7603,-1.3365,coast
uc-2652995,51.7193,-1.9714,river
uc-2641589,50.4156,-5.0732,coast
uc-2647246,53.3833,-2.1167,
uc-2638568,50.6516,-1.161,coast
uc-2653393,51.6088,-0.5562,
uc-2654141,53.2574,-1.9098,
uc-2657337,52.0269,-0.4957,
uc-2650802,55.9443,-4.5706,coast
uc-2654532,53.7286,-0.5722,coast
uc-2640377,50.1186,-5.5371,coast
uc-2651241,53.3667,-1.2,
uc-2657255,54.7175,-6.211,lake
uc-2646042,53.4425,-2.4232,
uc-2657408,51.1493,-0.9747,
uc-2644684,53.1043,-2.0221,
uc-2642786,51.3728,-2.14,
uc-2650470,52.6833,0.9333,
uc-2639926,53.3375,-3.4078,coast
uc-2640351,57.5052,-1.7844,coast
uc-2637435,53.5971,-1.2803,
uc-2657782,52.4155,-4.0829,coast
uc-2640861,52.862,-3.055,
uc-8299620,58.219,-6.388,coast
uc-2656039,55.1306,-1.5932,coast
uc-2635243,50.9695,0.0959,
uc-2644849,54.85,-5.8167,coast
uc-2638864,56.3387,-2.799,coast
uc-2656397,53.2275,-4.1294,coast
uc-2641612,53.3659,-1.9999,
uc-2648405,53.4432,-1.949,
uc-2637235,54.6988,-1.6023,
uc-2651095,51.2323,-0.3338,
uc-6690592,51.6747,-0.6074,
uc-2655708,53.1172,-2.1758,
uc-6691927,50.8074,-1.8998,coast
uc-2634777,51.8106,-0.0288,
uc-2643144,53.4167,-1.2,
uc-2634755,51.2043,-2.1787,
uc-2634826,51.8482,1.2674,coast
uc-2643553,53.3666,-0.0044,coast
uc-2648728,51.6644,-3.2561,
uc-2637659,52.9983,-0.4094,
uc-2635997,53.6112,-0.9631,coast
uc-2647365,51.0902,-0.7078,
uc-2653974,51.4388,-2.0057,
uc-2654927,53.358,-2.1654,
uc-13353776,52.5606,-0.1089,
uc-2634483,51.26,-2.1875,
uc-2647785,54.5348,-1.0561,coast
uc-2634672,53.5029,-1.3458,
uc-2655273,50.4715,-4.7243,coast
uc-8299619,50.7838,-0.9687,coast
uc-2651101,50.7167,-2.4333,coast
uc-2651294,51.3508,-1.9942,
uc-2641435,54.339,-1.4324,
uc-2638776,52.3325,-0.0766,
uc-2640416,54.6658,-2.7576,
uc-2638878,52.0234,0.2423,
uc-2655689,52.0865,-0.2649,
uc-2639323,54.1358,-1.5283,
uc-2656407,54.35,-6.2833,
uc-2640465,55.8312,-3.2261,coast
uc-2648215,56.0114,-3.7218,coast
uc-2645541,55.6533,-4.7067,coast
uc-2638894,52.6167,-2.35,
uc-2652458,53.4819,-1.2321,
uc-2645951,55.8291,-4.516,coast
uc-2653755,51.8555,-4.3053,coast
uc-2636333,51.3505,-1.1285,
uc-2639018,52.0483,-0.0244,
uc-2649169,56.8165,-5.1121,coast|river
uc-2653634,51.7591,-1.5943,
uc-2640054,51.479,-3.7036,coast
uc-6639623,55.9005,-4.4503,coast
uc-2637407,50.7877,-0.977,coast
uc-3345317,51.6678,-3.2075,
uc-2644120,53.325,-3.8315,coast
uc-3345432,51.4122,-2.2006,
uc-2640894,51.3746,0.0979,
uc-2642683,53.4939,-1.2924,
uc-2641795,53.2833,-3.05,coast
uc-5128581,40.7143,-74.006,coast
uc-5368361,34.0522,-118.2437,steppe
uc-4887398,41.85,-87.65,lake
uc-5308655,33.4484,-112.074,desert
uc-4560349,39.9524,-75.1636,coast
uc-5110266,40.8499,-73.8664,coast
uc-4699066,29.7633,-95.3633,
uc-5391811,32.7157,-117.1647,coast|steppe
uc-4140963,38.8951,-77.0364,coast|river
uc-4930956,42.3584,-71.0598,coast
uc-4684888,32.7831,-96.8067,
uc-4726206,29.4241,-98.4936,
uc-5506956,36.175,-115.1372,desert
uc-5392171,37.3394,-121.895,coast
uc-5419384,39.7392,-104.9847,river|steppe
uc-4691930,32.7254,-97.3208,
uc-5391959,37.7749,-122.4194,coast
uc-5323810,33.8353,-117.9145,steppe
uc-4671654,30.2672,-97.7431,
uc-4160021,30.3322,-81.6556,river
uc-4509177,39.9612,-82.9988,river
uc-5809844,47.6062,-122.3321,coast
uc-4347778,39.2904,-76.6122,coast
uc-4460243,35.2271,-80.8431,
uc-4259418,39.7684,-86.158,
uc-5367929,33.767,-118.1892,coast|steppe
uc-4164138,25.7743,-80.1937,coast
uc-5746545,45.5234,-122.6762,river
uc-4544349,35.4676,-97.5164,
uc-5856195,21.3069,-157.8583,coast
uc-4299276,38.2542,-85.7594,river
uc-4990729,42.3314,-83.0457,lake
uc-5392900,33.7456,-117.8678,coast|steppe
uc-4335045,29.9547,-90.0751,coast|river
uc-4951305,42.3334,-71.0495,coast
uc-5037649,44.98,-93.2638,river
uc-5520993,31.7587,-106.4869,desert|river
uc-4645421,35.0868,-90.0568,
uc-5389489,38.5816,-121.4944,river
uc-5263045,43.0389,-87.9065,lake
uc-4644585,36.1659,-86.7844,river
uc-5150529,41.4995,-81.6954,lake
uc-5378538,37.8044,-122.2708,coast
uc-4393217,39.0997,-94.5786,river
uc-5350937,36.7477,-119.7724,steppe
uc-4180439,33.749,-84.388,
uc-4641239,35.1495,-90.049,river
uc-5139568,40.5623,-74.1399,coast
uc-5318313,32.2217,-110.9265,desert|steppe
uc-5454711,35.0845,-106.6511,river|steppe
uc-5074472,41.2563,-95.9404,river
uc-4174757,27.9475,-82.4584,coast
uc-4719457,33.0198,-96.6989,
uc-4168139,26.0032,-80.2239,coast
uc-5045360,44.9444,-93.0933,river
uc-4487042,35.7721,-78.6386,
uc-5224151,41.824,-71.4128,coast
uc-5417598,38.8339,-104.8214,steppe
uc-5304391,33.4223,-111.8226,desert
uc-4167147,28.5383,-81.3792,
uc-4791259,36.8529,-75.978,coast
uc-4671240,32.7357,-97.1081,
uc-4553433,36.154,-95.9928,river
uc-5110629,42.8865,-78.8784,lake
uc-5405693,34.1867,-118.449,coast
uc-5325738,35.3733,-119.0187,steppe
uc-4508722,39.1271,-84.5144,river
uc-4281730,37.6922,-97.3375,river
uc-5359777,33.6695,-117.8231,coast|steppe
uc-5387877,33.9534,-117.3962,steppe
uc-7289169,46.2454,-119.1962,river|steppe
uc-4407066,38.6273,-90.1979,river
uc-5511077,39.5296,-119.8138,river
uc-5206379,40.4406,-79.9959,river
uc-5384170,34.0553,-117.7523,
uc-4276873,38.9822,-94.6708,
uc-5412347,39.7294,-104.8319,steppe
uc-5350734,37.5483,-121.9886,coast
uc-4171563,27.7709,-82.6793,coast
uc-5391710,34.1083,-117.2898,
uc-4498303,35.7868,-78.6639,
uc-4683416,27.8006,-97.3964,coast
uc-4155966,26.1223,-80.1434,coast
uc-5505411,36.0397,-114.9819,desert
uc-4297983,37.9887,-84.4777,
uc-4297999,38.0498,-84.4586,
uc-4835797,41.7637,-72.6851,river
uc-5134086,43.1548,-77.6156,lake
uc-4300488,38.4126,-82.7091,
uc-4158476,25.8576,-80.2781,coast
uc-5399020,37.9577,-121.2908,coast|river
uc-5261457,43.0731,-89.4012,
uc-4951788,42.1015,-72.5898,river
uc-4693003,32.9126,-96.6389,
uc-5072006,40.8,-96.667,
uc-5879400,61.2181,-149.9003,coast
uc-5174035,41.6639,-83.5552,lake
uc-4469146,36.0726,-79.792,
uc-4920423,41.1306,-85.1289,
uc-4994358,42.9634,-85.6681,river
uc-4119403,34.7465,-92.2896,river
uc-5355933,37.6688,-122.0808,coast
uc-5145476,41.0814,-81.519,
uc-5289282,33.3062,-111.8413,desert
uc-5393049,34.3917,-118.5426,
uc-5373900,37.6391,-120.9969,
uc-4464368,35.994,-78.8986,
uc-5097598,40.664,-74.2107,coast
uc-4705349,27.5064,-99.5075,river|steppe
uc-4341513,32.5251,-93.7502,river
uc-5102466,40.9168,-74.1718,
uc-5750162,44.9429,-123.0351,river
uc-5525577,33.5779,-101.8552,steppe
uc-5295903,33.3528,-111.789,desert
uc-5400075,37.3688,-122.0363,coast
uc-5379439,34.0633,-117.6509,
uc-5014051,42.4904,-83.013,lake
uc-4188985,32.461,-84.9877,river
uc-5124276,40.7259,-73.5143,coast
uc-4049979,33.5207,-86.8025,
uc-4499612,36.0999,-80.2442,
uc-5780993,40.7608,-111.8911,
uc-5346111,38.4088,-121.3716,
uc-4776222,36.8468,-76.2852,coast
uc-4883817,41.7606,-88.3201,
uc-5725846,44.0521,-123.0867,river
uc-5388881,38.7521,-121.288,
uc-5349755,34.0922,-117.4351,
uc-5586437,43.6135,-116.2035,
uc-4752186,36.819,-76.2749,coast
uc-5282804,41.1792,-73.1894,coast
uc-5380184,34.1975,-119.177,coast
uc-5811696,47.6597,-117.4291,
uc-5308480,33.5806,-112.2374,desert
uc-4158928,26.0112,-80.1495,coast
uc-4315588,30.4433,-91.1875,river
uc-4781708,37.5538,-77.4603,river
uc-5812944,47.2529,-122.4443,coast
uc-5120478,40.7062,-73.6187,coast
uc-5392423,37.563,-122.3255,coast
uc-5814616,45.6387,-122.6615,river
uc-4068590,34.7304,-86.5859,
uc-4853828,41.6005,-93.6091,river
uc-5345743,34.0686,-118.0276,steppe
uc-5407933,34.0686,-117.939,steppe
uc-4956184,42.2626,-71.8023,
uc-4076598,30.6944,-88.043,coast|river
uc-4692559,33.1507,-96.8236,
uc-5374732,33.9375,-117.2306,
uc-4151909,26.2712,-80.2706,coast
uc-4942618,42.6334,-71.3162,river
uc-5512909,36.108,-115.245,desert
uc-4612862,35.0456,-85.3097,river
uc-4466033,35.0527,-78.8784,river
uc-5358705,33.6603,-117.9992,coast|steppe
uc-4174715,30.4383,-84.2807,
uc-5316428,33.6306,-112.3332,desert
uc-4684724,29.9691,-95.6972,
uc-5345529,32.7948,-116.9625,coast|steppe
uc-4703223,31.1171,-97.7278,
uc-5516233,35.222,-101.8313,steppe
uc-5403022,33.8359,-118.3406,coast|steppe
uc-4076784,32.3668,-86.3,river
uc-4898015,41.5252,-88.0834,
uc-5416541,39.5792,-104.8769,steppe
uc-4634946,35.9606,-83.9207,river
uc-4149962,26.5629,-81.9495,coast
uc-5339631,33.8753,-117.5664,steppe
uc-5393212,34.0195,-118.4914,coast
uc-5799625,47.3809,-122.2348,coast
uc-4694482,32.746,-96.9978,
uc-4676740,25.9017,-97.4975,river
uc-4776024,36.9804,-76.4297,coast
uc-5337561,38.7071,-121.2811,
uc-4998830,42.7325,-84.5555,river
uc-4459467,35.7915,-78.7811,
uc-5808189,47.4829,-122.2171,coast
uc-5784549,40.6097,-111.9391,
uc-5110077,40.7812,-73.2462,coast
uc-4921100,41.5834,-87.5,lake
uc-4431410,32.2988,-90.1848,river
uc-4575352,34.0007,-81.0348,river
uc-5393287,38.4405,-122.7144,
uc-4709796,26.2034,-98.23,steppe
uc-4853423,41.5236,-90.5776,river
uc-5378771,33.1959,-117.3795,coast|steppe
uc-4160711,25.6793,-80.3173,coast
uc-5385955,34.1064,-117.5931,
uc-5441492,39.868,-104.9719,river|steppe
uc-5784607,40.6916,-112.0011,
uc-4907959,42.2711,-89.094,
uc-5231851,43.5437,-96.728,
uc-5577147,40.5853,-105.0844,steppe
uc-4409896,37.2153,-93.2982,
uc-4903279,41.7859,-88.1473,
uc-4710826,32.7668,-96.5992,
uc-4850751,42.0083,-91.6441,river
uc-5405288,34.4436,-118.6095,
uc-4613868,36.5298,-87.3594,river
uc-5292387,33.6839,-112.1349,desert
uc-4644312,35.8456,-86.3903,
uc-4169171,27.2939,-80.3503,coast
uc-5387428,37.9358,-122.3478,coast
uc-5339111,37.978,-122.0311,coast
uc-4710178,33.1976,-96.6153,
uc-4942807,42.4668,-70.9495,coast
uc-4148757,27.9378,-82.2859,coast
uc-5364940,34.698,-118.1367,steppe
uc-5059163,46.8772,-96.7898,river
uc-4509884,39.7589,-84.1916,
uc-4839366,41.3081,-72.9282,coast
uc-5380698,34.5794,-118.1165,
uc-5377995,33.9022,-118.0817,coast|steppe
uc-5391295,36.6777,-121.6555,coast|river
uc-4177887,26.7153,-80.0534,coast
uc-4883555,42.0884,-87.9806,
uc-4619947,35.0654,-85.2491,river
uc-4151316,27.9658,-82.8001,coast
uc-5105496,40.2171,-74.7429,river
uc-5373763,33.6,-117.672,coast|steppe
uc-5346827,33.1192,-117.0864,steppe
uc-5402405,34.1706,-118.8376,coast
uc-4843564,41.0534,-73.5387,coast
uc-4915734,42.3636,-87.8448,lake
uc-5097529,40.5187,-74.4121,coast
uc-4679195,32.9537,-96.8903,
uc-5386834,37.4852,-122.2364,coast
uc-4756955,37.0374,-76.3316,coast
uc-4221552,32.0835,-81.0998,coast|river
uc-4164167,25.942,-80.2456,coast
uc-5375911,33.5539,-117.2139,steppe
uc-4156404,29.6516,-82.3248,
uc-5178127,40.6084,-75.4902,
uc-5140405,43.0481,-76.1474,
uc-5405380,38.1041,-122.2566,coast
uc-5254962,44.5192,-88.0198,lake|river
uc-5347335,38.2494,-122.04,coast
uc-4839745,41.1382,-73.5435,coast
uc-4167499,28.0345,-80.5887,coast
uc-4905687,40.6936,-89.589,river
uc-4724129,30.5083,-97.6789,
uc-4762894,37.0299,-76.3452,coast
uc-4164601,25.9873,-80.2323,coast
uc-4094455,33.2098,-87.5692,
uc-4670249,29.7111,-95.5963,
uc-4890864,42.0373,-88.2812,
uc-4276614,38.8814,-94.8191,
uc-4574324,32.7763,-79.9327,coast
uc-5526337,31.9974,-102.0779,steppe
uc-4739526,31.5493,-97.1467,
uc-5011148,42.5803,-83.0302,lake
uc-5089178,42.9956,-71.4548,river
uc-4685907,33.2148,-97.1331,
uc-5577592,40.4233,-104.7091,river|steppe
uc-5406567,36.3302,-119.2921,steppe
uc-4381982,38.9517,-92.3341,
uc-5793933,47.979,-122.2021,coast
uc-4936159,41.7015,-71.1551,coast
uc-4543762,35.2226,-97.4395,river
uc-4356188,39.1626,-76.6247,coast
uc-4168782,26.1342,-80.2318,coast
uc-4180386,33.9609,-83.3779,river
uc-5729485,45.4982,-122.4315,
uc-4992982,43.0125,-83.6875,
uc-5396003,34.2694,-118.7815,
uc-4153471,25.8195,-80.3553,coast
uc-4891382,42.0411,-87.6901,lake
uc-4751839,38.8404,-77.4289,
uc-4280539,39.0483,-95.678,river
uc-4845193,41.5581,-73.0515,
uc-4669635,32.4487,-99.7331,
uc-4782167,37.271,-79.9414,river
uc-4175538,28.0106,-82.5773,coast
uc-5781070,40.5811,-111.8508,
uc-4352053,39.2404,-76.8394,coast
uc-5107129,42.9784,-78.7998,lake
uc-5406222,34.5361,-117.2912,
uc-4734825,29.6197,-95.635,
uc-4999837,42.3684,-83.3527,
uc-4330145,30.2241,-92.0198,
uc-5336269,39.7285,-121.8375,
uc-5811729,47.6732,-117.2394,
uc-4706057,33.0462,-96.9942,
uc-4257227,37.9748,-87.5559,river
uc-4356050,39.1732,-77.2716,
uc-4705692,29.5074,-95.0949,coast
uc-4945283,42.337,-71.2092,coast
uc-4945121,41.6353,-70.927,coast
uc-4148411,26.3587,-80.0831,coast
uc-4391812,39.0911,-94.4155,
uc-5640350,45.7833,-108.5007,river|steppe
uc-4984247,42.2776,-83.7409,
uc-5018739,44.8408,-93.2983,river
uc-4975802,43.6574,-70.2589,coast
uc-4989133,42.587,-82.9199,lake
uc-4499379,34.2356,-77.946,coast|river
uc-4672989,30.0861,-94.1018,
uc-5780026,40.2338,-111.6585,lake
uc-4839292,41.6612,-72.7795,
uc-4839822,41.1176,-73.4079,coast
uc-5334223,33.1581,-117.3506,coast|steppe
uc-5143620,42.6831,-73.7785,river
uc-5527554,31.8457,-102.3676,steppe
uc-4250542,39.8017,-89.6437,
uc-5339840,33.6411,-117.9187,coast|steppe
uc-4903976,40.7175,-89.5843,river
uc-5409059,33.9792,-118.0328,steppe
uc-5024719,46.7833,-92.1066,lake
uc-6331909,34.0289,-84.1986,river
uc-5043473,44.0216,-92.4699,
uc-4931429,42.0834,-71.0184,coast
uc-4111410,35.3859,-94.3986,river
uc-5096699,40.8584,-74.1638,coast
uc-4385018,39.0956,-94.3552,
uc-13100439,21.3374,-158.0968,coast
uc-5324200,38.0049,-121.8058,coast
uc-4471025,35.9557,-80.0053,
uc-5401395,33.4936,-117.1484,
uc-5799841,47.6815,-122.2087,coast
uc-5435464,38.2544,-104.6091,river|steppe
uc-4504476,39.9537,-74.1979,coast
uc-4718097,29.5636,-95.2861,
uc-5010636,42.4734,-83.2219,
uc-5503766,36.0252,-115.2419,desert
uc-4153146,28.9005,-81.2637,
uc-4941720,42.707,-71.1631,river
uc-4589387,32.8546,-79.9748,coast|river
uc-4682464,30.628,-96.3344,
uc-4169014,26.2379,-80.1248,coast
uc-12541728,33.5926,-84.6729,
uc-4159050,25.4687,-80.4776,coast
uc-5574991,40.015,-105.2706,steppe
uc-5372205,33.7283,-117.1464,steppe
uc-4531405,36.0526,-95.7908,
uc-5025219,44.8547,-93.4708,river
uc-5355828,33.9164,-118.3526,coast|steppe
uc-4221333,33.9243,-84.3785,river
uc-5393180,34.953,-120.4357,coast
uc-4741752,33.9137,-98.4934,
uc-5119347,41.0329,-73.8429,coast
uc-5400784,34.3078,-118.4493,
uc-4161438,28.0395,-81.9498,
uc-5268249,42.7261,-87.7828,lake
uc-5052361,45.1597,-93.3497,river
uc-4738214,32.3513,-95.3011,
uc-5387288,34.1064,-117.3703,
uc-5779206,41.223,-111.9738,
uc-5731371,45.5229,-122.9898,
uc-5475352,32.3123,-106.7783,desert
uc-4926563,41.6834,-86.25,
uc-5356277,33.7476,-116.9731,steppe
uc-5106834,42.6526,-73.7562,river
uc-5406602,33.2,-117.2425,coast|steppe
uc-5411015,39.1405,-121.6169,river
uc-5530022,31.4638,-100.437,
uc-5258393,42.5847,-87.8212,lake
uc-5188843,42.1292,-80.0851,lake
uc-4161580,27.9098,-82.7884,coast
uc-5014681,42.3242,-83.4002,
uc-5325866,34.0853,-117.9609,steppe
uc-4780011,36.821,-76.3688,coast
uc-4173838,28.4769,-82.5255,coast
uc-5810301,47.7557,-122.3415,coast
uc-5740099,42.3265,-122.8756,
uc-4910713,42.0334,-88.0834,
uc-5546220,37.1041,-113.5841,desert
uc-4168228,30.4213,-87.2169,coast
uc-5405228,38.3566,-121.9877,
uc-5405878,34.2783,-119.2932,coast
uc-5425043,39.5539,-104.9694,steppe
uc-4540737,34.6087,-98.3903,
uc-5370164,37.7974,-121.216,
uc-4779999,36.8354,-76.2983,coast
uc-5007402,42.6584,-83.1499,
uc-4718721,26.1948,-98.1836,steppe
uc-5322053,32.7253,-114.6244,desert|river
uc-4160983,28.3047,-81.4167,
uc-5794245,47.3223,-122.3126,coast
uc-4394870,38.9108,-94.3822,
uc-4453066,35.6009,-82.554,
uc-4862034,41.6611,-91.5302,
uc-5406990,37.9063,-122.065,coast
uc-4904937,41.6303,-87.8539,
uc-5095947,40.0593,-74.1371,coast
uc-4219934,34.0232,-84.3616,river
uc-5779334,40.2969,-111.6946,lake
uc-5105608,40.6976,-74.2632,coast
uc-4274277,38.9717,-95.2352,river
uc-4736476,30.158,-95.4894,
uc-5816605,46.6021,-120.5059,
uc-5356576,34.4264,-117.3009,
uc-5410438,34.1683,-118.6059,coast
uc-5392368,33.1434,-117.1661,coast|steppe
uc-5408406,33.7592,-118.0067,coast|steppe
uc-5579276,40.1672,-105.1019,steppe
uc-5392952,34.4208,-119.6982,coast
uc-5244080,44.2619,-88.4154,lake|river
uc-5570160,40.5865,-122.3917,river
uc-4207400,32.8407,-83.6324,
uc-4885265,41.6986,-88.0684,
uc-5383465,38.028,-121.8847,coast
uc-4169130,26.9762,-82.0906,coast
uc-5600685,43.6121,-116.3915,steppe
uc-5392263,37.7249,-122.1561,coast
uc-4469160,35.6127,-77.3663,
uc-4535740,35.6528,-97.4781,
uc-4781530,38.9687,-77.3411,
uc-5601933,43.5407,-116.5635,steppe
uc-5024825,44.8041,-93.1669,
uc-5364329,33.5225,-117.7075,coast|steppe
uc-4255466,39.9784,-86.118,
uc-4788158,36.7284,-76.585,coast
uc-5367440,37.6819,-121.768,
uc-5090046,42.7654,-71.4676,river
uc-5207728,40.3357,-75.9269,
uc-4355585,39.4143,-77.4105,
uc-4461574,35.4089,-80.5816,
uc-5359446,33.7207,-116.2168,desert
uc-5487811,35.2334,-106.6645,river|steppe
uc-7839240,35.3368,-106.593,river|steppe
uc-5490263,35.687,-105.9378,
uc-5781061,40.5916,-111.8841,
uc-4428667,30.3674,-89.0928,coast
uc-5403191,37.7399,-121.4262,
uc-5713587,44.0582,-121.3153,
uc-4987990,42.3087,-83.4822,
uc-4161785,26.6254,-81.6248,coast
uc-4887158,40.1164,-88.2434,
uc-5136454,42.8142,-73.9396,river
uc-4755158,38.6371,-77.3111,coast
uc-5415035,39.9205,-105.0867,steppe
uc-4580543,34.8526,-82.394,
uc-5786899,48.7595,-122.4882,coast
uc-4401242,38.8106,-90.6998,
uc-4067994,33.4054,-86.8114,
uc-4355843,39.1434,-77.2014,
uc-4163971,28.0836,-80.6081,coast
uc-4832353,41.3948,-73.454,
uc-4833505,41.1056,-73.3984,coast
uc-4688275,26.3017,-98.1633,steppe
uc-4174402,26.134,-80.1131,coast
uc-4937230,42.2793,-71.4162,
uc-4254679,39.1653,-86.5264,
uc-5034059,44.6497,-93.2427,
uc-4711725,26.2159,-98.3253,steppe
uc-5012639,42.6056,-83.1499,
uc-5778352,40.6869,-111.8755,
uc-4167538,29.585,-81.2078,coast
uc-4110486,36.0626,-94.1574,
uc-4876523,42.5,-96.4003,river
uc-5044407,45.5608,-94.1625,river
uc-5364514,33.647,-117.6892,coast|steppe
uc-5372253,37.3022,-120.483,
uc-4707814,32.5007,-94.7405,
uc-4677008,30.6744,-96.37,
uc-5225507,41.7001,-71.4162,coast
uc-5393052,36.9741,-122.0308,coast
uc-4992523,42.4853,-83.3772,
uc-7310164,33.1911,-111.528,desert
uc-4588165,32.7941,-79.8626,coast
uc-4460162,35.9132,-79.0558,
uc-4786714,36.7171,-76.5902,coast
uc-5552301,33.4356,-112.3496,desert
uc-5375480,37.386,-122.0838,coast
uc-5376095,38.2971,-122.2855,coast
uc-4771075,37.4138,-79.1423,river
uc-4153071,26.3184,-80.0998,coast
uc-4881346,41.5772,-93.7113,
uc-5383777,37.6624,-121.8747,
uc-5808079,47.674,-122.1215,coast
uc-5019335,45.0941,-93.3563,
uc-5296266,33.4353,-112.3582,desert|river
uc-5327422,33.8817,-118.117,coast|steppe
uc-5336545,33.9938,-117.7589,
uc-4885164,40.4842,-88.9937,
uc-6332439,28.5641,-81.2114,
uc-4132093,36.1867,-94.1288,
uc-5179995,40.1046,-74.9513,coast|river
uc-4920607,41.5934,-87.3464,lake
uc-5211303,41.4092,-75.6649,
uc-5785965,47.3073,-122.2284,coast
uc-4257494,39.9556,-86.0139,
uc-4407010,39.7686,-94.8466,river
uc-5777224,40.3916,-111.8508,lake
uc-5404915,34.0975,-117.6484,
uc-5349705,38.678,-121.1761,
uc-4672731,29.7355,-94.9774,coast
uc-5392593,37.7799,-121.978,
uc-4330236,30.2131,-93.2044,
uc-4997787,42.2917,-85.5872,
uc-5041926,45.0105,-93.4555,
uc-5014130,42.693,-83.4118,
uc-5007804,42.4895,-83.1446,
uc-5010978,42.497,-82.8888,lake
uc-5579368,40.3978,-105.075,steppe
uc-5688025,46.8083,-100.7837,lake|river
uc-5382146,33.7825,-117.2287,steppe
uc-5805687,47.0449,-122.9017,coast
uc-5180225,40.6259,-75.3705,
uc-4179320,31.5785,-84.1557,
uc-4467732,35.2621,-81.1873,
uc-5777107,41.0602,-111.9711,lake
uc-4711801,29.6186,-95.5377,
uc-4172086,28.8006,-81.2731,river
uc-5009586,42.6709,-83.033,
uc-4155995,26.6217,-81.8406,coast
uc-4148677,26.5253,-80.0664,coast
uc-4913723,41.5734,-87.7845,
uc-4116834,35.8423,-90.7043,
uc-5768233,44.0805,-103.231,
uc-4229476,32.6157,-83.6266,
uc-5101717,40.4862,-74.4518,coast
uc-4236895,39.8403,-88.9548,
uc-4152872,29.2108,-81.0228,coast
uc-4623560,35.9251,-86.8689,
uc-5811456,47.1412,-122.2701,coast
uc-4946863,42.5279,-70.9287,coast
uc-5404024,37.4947,-120.8466,steppe
uc-4735966,31.0982,-97.3428,
uc-5324363,34.5008,-117.1859,
uc-5278052,43.0117,-88.2315,
uc-5102578,40.5068,-74.2654,coast
uc-5335006,33.7797,-116.4653,desert
uc-5149222,40.7989,-81.3785,
uc-4593142,34.9249,-81.0251,
uc-4386802,38.7892,-90.3226,
uc-4450687,30.4041,-89.0942,coast
uc-4691585,33.0146,-97.097,
uc-5102713,40.4993,-74.399,coast
uc-4160705,25.7082,-80.407,coast
uc-4922462,40.4167,-86.8753,river
uc-4720039,29.8852,-93.9423,coast
uc-5102443,40.8568,-74.1285,coast
uc-4170156,27.8661,-82.3265,coast
uc-5177773,40.1207,-75.1179,coast
uc-5386754,34.0556,-117.1825,
uc-5666639,46.8721,-113.994,river
uc-5385941,38.5891,-121.3027,
uc-4371582,39.4015,-76.6019,coast
uc-4145381,39.746,-75.5466,coast
uc-4714131,29.703,-98.1244,
uc-5294810,35.1981,-111.6513,mountain
uc-4924006,40.1934,-85.3864,
uc-5373497,32.9156,-117.1439,coast|steppe
uc-4178003,26.1004,-80.3998,
uc-4905211,42.1103,-88.0342,
uc-7315245,21.2891,-157.7173,coast
uc-5264870,43.8464,-91.2482,river
uc-4050552,35.1557,-89.7762,
uc-4682991,30.3119,-95.4561,
uc-4059102,31.2232,-85.3905,
uc-5377985,34.2283,-118.5367,
uc-4880889,42.4928,-92.343,river
uc-5036493,45.0725,-93.4558,
uc-5386785,33.8492,-118.3884,coast|steppe
uc-5102427,40.8579,-74.426,
uc-5251436,44.8113,-91.4985,
uc-4372599,38.6246,-76.9391,coast
uc-5341704,38.5449,-121.7405,
uc-5333180,34.2164,-119.0376,coast
uc-4739157,28.8053,-97.0036,
uc-4473083,34.754,-77.4302,coast
uc-5397765,37.6547,-122.4077,coast
uc-4329753,29.9941,-90.2417,coast|lake|river
uc-4175117,25.6715,-80.4445,coast
uc-4367175,39.084,-77.1528,
uc-4632595,35.6145,-88.814,
uc-5380748,37.4419,-122.143,coast
uc-5288661,32.3234,-110.9951,desert|steppe
uc-5802570,48.0518,-122.1771,coast
uc-5781770,40.5622,-111.9297,
uc-5265838,44.0247,-88.5426,lake
uc-4153132,26.4615,-80.0728,coast
uc-4633419,36.3134,-82.3535,
uc-4679867,30.5052,-97.8203,
uc-4671524,29.9988,-95.1766,
uc-4354265,39.2673,-76.7983,coast
uc-4406831,38.7839,-90.4812,river
uc-4696233,26.1906,-97.6961,
uc-5391791,33.427,-117.612,coast|steppe
uc-4792867,37.4032,-79.1781,
uc-5101170,40.3943,-74.1171,coast
uc-4937232,42.2973,-71.437,
uc-5821086,41.14,-104.8203,steppe
uc-4846834,42.0347,-93.6199,
uc-5387152,34.2011,-118.5365,coast
uc-4106458,35.0887,-92.4421,
uc-4911600,42.0334,-87.7334,lake
uc-7259621,42.5689,-83.3836,
uc-4174738,26.2129,-80.2498,coast
uc-5177568,41.0998,-80.6495,
uc-5367565,38.1302,-121.2725,
uc-4679944,33.3246,-96.7844,
uc-4709013,32.5632,-97.1417,
uc-5369568,36.9613,-120.0607,steppe
uc-5257754,42.6828,-89.0187,
uc-4693342,30.6327,-97.6772,
uc-4179574,34.0754,-84.2941,
uc-5161262,41.4528,-82.1824,lake
uc-4285268,36.9903,-86.4436,
uc-4954380,42.3765,-71.2356,coast
uc-4128894,36.332,-94.1185,
uc-5346646,33.037,-117.292,coast|steppe
uc-4939085,42.7762,-71.0773,coast|river
uc-4160610,26.9342,-80.0942,coast
uc-4177703,26.6587,-80.2414,
uc-4166232,25.8901,-80.1867,coast
uc-4513575,39.3995,-84.5613,
uc-4166274,27.0442,-82.2359,coast
uc-5403783,36.2077,-119.3473,steppe
uc-5022025,45.12,-93.2877,river
uc-5018651,45.1608,-93.2349,
uc-4830796,32.6099,-85.4808,
uc-5364499,33.6681,-117.3273,steppe
uc-5334336,38.6171,-121.3283,
uc-5011908,42.2409,-83.2696,lake
uc-5019767,44.7677,-93.2777,
uc-5142056,43.1009,-75.2327,river
uc-4929399,41.9445,-71.2856,coast
uc-4265737,39.4667,-87.4139,river
uc-4504621,39.4862,-75.0257,
uc-4726491,29.8833,-97.9414,
uc-5771826,40.8894,-111.8808,lake
uc-5333913,34.2011,-118.5981,coast
uc-5782476,40.6677,-111.9388,steppe
uc-5282835,41.6718,-72.9493,
uc-4542975,35.3395,-97.4867,
uc-5351549,33.8884,-118.309,coast|steppe
uc-5382232,38.2324,-122.6367,coast
uc-5423573,39.0639,-108.5507,river|steppe
uc-5820705,42.8666,-106.3131,river|steppe
uc-5386039,32.9595,-117.1153,coast|steppe
uc-4838524,41.5382,-72.807,
uc-5006166,42.6389,-83.291,
uc-4169156,29.1383,-80.9956,coast
uc-4835654,41.3959,-72.8968,coast
uc-5800420,47.1718,-122.5185,coast
uc-4156091,25.7729,-80.3478,coast
uc-4525353,39.9242,-83.8088,
uc-5655240,47.5002,-111.3008,river|steppe
uc-5197079,40.0379,-76.3055,
uc-4151455,26.2518,-80.1789,coast
uc-4705708,30.5788,-97.8531,
uc-5596475,43.4666,-112.0341,river|steppe
uc-5392567,37.9735,-122.5311,coast
uc-4924198,40.0456,-86.0086,
uc-4207783,33.9526,-84.5499,
uc-4834157,41.1412,-73.2637,coast
uc-4303436,37.7742,-87.1133,river
uc-8096217,33.9636,-117.5642,steppe
uc-5330642,37.9319,-121.6958,coast
uc-4854529,42.5006,-90.6646,river
uc-5004062,42.4806,-83.4755,
uc-4889772,42.0334,-87.8834,lake
uc-5501344,39.1638,-119.7674,lake
uc-4604183,35.2045,-89.874,
uc-5410430,38.6785,-121.7733,
uc-5144336,41.034,-73.7629,coast
uc-4504118,39.7173,-74.9693,
uc-5324477,34.1397,-118.0353,steppe
uc-4166673,29.1872,-82.1401,
uc-5112861,43.1859,-76.1724,lake
uc-4504225,39.446,-75.0288,
uc-4771401,38.751,-77.4753,
uc-4349159,38.9428,-76.7303,coast
uc-4922388,40.4864,-86.1336,
uc-5106160,40.9254,-74.2765,
uc-5393429,32.8384,-116.9739,steppe
uc-5344157,37.7022,-121.9358,
uc-4167545,28.0781,-82.7637,coast
uc-4163407,26.2445,-80.2064,coast
uc-5397841,33.9502,-118.0392,steppe
uc-4718711,30.4394,-97.62,
uc-5059429,47.9253,-97.0328,river
uc-4952629,41.9001,-71.0898,coast
uc-4846960,41.7297,-93.6058,
uc-4347242,38.9786,-76.4918,coast
uc-4274994,39.1836,-96.5717,river
uc-4223379,33.884,-84.5144,
uc-4990512,42.337,-83.2733,lake
uc-5384471,36.0652,-119.0168,steppe
uc-4628735,36.3048,-86.62,river
uc-4488762,35.9382,-77.7905,
uc-5720727,44.5646,-123.262,river
uc-4228147,30.8333,-83.2803,
uc-5355180,36.3274,-119.6457,steppe
uc-5416329,39.3722,-104.8561,steppe
uc-4258313,39.6137,-86.1067,
uc-5378044,38.1074,-122.5697,coast
uc-4515843,39.6895,-84.1688,
uc-5063805,41.1367,-95.8908,river
uc-4058553,34.6059,-86.9833,lake
uc-5381110,33.8895,-118.1598,coast|steppe
uc-4917592,40.1053,-85.6803,
uc-4174744,25.7587,-80.3984,coast
uc-4945588,42.1834,-72.5995,river
uc-4172131,27.3364,-82.5306,coast
uc-4845419,41.2707,-72.9471,coast
uc-4502434,39.7765,-74.8624,
uc-4903024,42.0664,-87.9373,
uc-5113694,40.8687,-73.0015,coast
uc-5604045,42.8713,-112.4455,steppe
uc-4148708,27.4989,-82.5748,coast
uc-4955336,42.2209,-70.9398,coast
uc-4903780,40.5142,-88.9906,
uc-4733624,30.0799,-95.4172,
uc-5808276,46.2857,-119.2845,river|steppe
uc-4377664,39.017,-94.2816,
uc-4154047,30.4288,-87.18,coast
uc-5354819,33.9931,-117.9687,
uc-5100280,40.0979,-74.2176,coast
uc-5153207,41.3684,-82.1077,lake
uc-4916288,41.8661,-88.107,
uc-5407529,36.9102,-121.7569,coast
uc-5301388,34.4839,-114.3225,desert|lake
uc-5411046,34.0336,-117.0431,mountain
uc-5352214,37.0058,-121.5683,
uc-4168930,28.1403,-81.4584,
uc-4634662,36.5484,-82.5618,
uc-5197796,40.1551,-74.8288,river
uc-4167519,26.8234,-80.1386,coast
uc-4838652,41.2223,-73.0565,coast
uc-5342485,35.7688,-119.2471,steppe
uc-4472370,35.4107,-80.8428,
uc-4407237,38.8003,-90.6265,
uc-4763231,38.4496,-78.8689,
uc-4685524,32.5899,-96.8569,
uc-4458228,36.0957,-79.4378,river
uc-4919987,41.682,-85.9767,
uc-5258957,43.8014,-91.2396,river
uc-5809402,47.6418,-122.0804,
uc-5710756,44.6365,-123.1059,river
uc-4896075,42.0428,-88.0798,
uc-4943828,42.7262,-71.1909,river
uc-5352439,34.1361,-117.8653,
uc-4184530,33.8584,-84.3402,
uc-5380626,33.7225,-116.377,desert
uc-4392768,37.0842,-94.5133,
uc-4535961,36.3956,-97.8784,
uc-4148533,26.3398,-81.7787,coast
uc-5587698,43.6629,-116.6874,steppe
uc-5037784,44.9133,-93.5033,
uc-4985153,42.3173,-85.1782,
uc-5288636,32.8795,-111.7574,desert
uc-4175179,28.9341,-81.9599,
uc-5069297,40.925,-98.342,
uc-4694568,32.9343,-97.0781,
uc-4998018,42.8695,-85.6448,
uc-7160204,41.2237,-73.0616,coast
uc-5756758,45.4312,-122.7715,
uc-5016494,44.7319,-93.2177,
uc-5102720,40.6337,-74.4074,coast
uc-4769125,39.1157,-77.5636,
uc-5287262,33.3703,-112.5838,desert|river
uc-4155529,25.7623,-80.3162,coast
uc-5788516,47.4704,-122.3468,coast
uc-5777544,41.7355,-111.8344,steppe
uc-4951473,42.5098,-70.9495,coast
uc-5323163,33.565,-117.7271,coast|steppe
uc-5192726,40.2737,-76.8844,river
uc-4692883,29.3013,-94.7977,coast
uc-5384690,32.9628,-117.0359,steppe
uc-5025264,44.8897,-93.35,
uc-5037790,44.9411,-93.4419,
uc-11748973,33.7085,-84.1349,
uc-5335663,33.8584,-118.0648,coast|steppe
uc-5006917,42.3834,-83.2966,
uc-5141502,42.7284,-73.6918,river
uc-5366375,38.8916,-121.293,
uc-4890119,41.8089,-88.0112,
uc-5325423,34.1336,-117.9076,
uc-4499389,35.7213,-77.9155,
uc-4333669,32.5093,-92.1193,
uc-5434006,39.5186,-104.7614,steppe
uc-5364007,33.9172,-118.012,steppe
uc-5690532,48.2325,-101.2963,
uc-5711099,45.4943,-122.8671,
uc-5007989,43.4195,-83.9508,
uc-4673094,32.844,-97.1431,
uc-5386082,33.6409,-117.6031,steppe
uc-5778755,40.6669,-111.888,
uc-5589173,47.6777,-116.7805,
uc-5095779,40.8068,-74.1854,coast
uc-5389126,33.9761,-117.9053,
uc-5340175,34.09,-117.8903,
uc-4552215,36.1156,-97.0584,
uc-5128723,43.0945,-79.0567,lake|river
uc-4614748,35.042,-89.6645,
uc-4597919,33.0185,-80.1757,
uc-4369928,39.5332,-76.3375,coast
uc-5272893,43.7508,-87.7145,lake
uc-4518264,39.5151,-84.3983,
uc-4347553,39.0795,-77.073,coast
uc-4192375,33.9462,-84.3346,
uc-4809537,38.4192,-82.4451,river
uc-5303752,33.0581,-112.0476,desert
uc-5488441,33.3944,-104.5249,desert|steppe
uc-4679803,32.5885,-96.9561,
uc-5097402,40.4279,-74.416,coast
uc-4146166,28.6762,-81.5119,lake
uc-4373349,39.0398,-77.0553,coast
uc-4923670,41.662,-86.1586,
uc-5006250,42.2011,-85.58,
uc-5106298,40.7987,-74.239,coast
uc-4772354,38.9343,-77.1775,coast|river
uc-5164466,40.0581,-82.4013,
uc-4314550,31.3113,-92.4451,river
uc-4381072,38.6631,-90.5771,river
uc-4929771,41.7001,-70.2995,coast
uc-4278890,38.8403,-97.6114,
uc-4260210,39.8387,-86.0253,
uc-7257992,39.5051,-76.3198,coast
uc-5852275,21.3973,-157.9752,coast
uc-5153420,41.5931,-81.5268,lake
uc-4736134,29.3838,-94.9027,coast
uc-13645932,21.4002,-157.9545,coast
uc-5349613,38.496,-121.4088,
uc-5610810,42.563,-114.4609,steppe
uc-4893886,42.0697,-87.7878,lake
uc-5380668,33.8303,-116.5453,desert|steppe
uc-5392323,35.2828,-120.6596,coast
uc-4152093,25.9481,-80.317,coast
uc-5410095,34.2133,-118.572,coast
uc-4074267,34.6993,-86.7483,
uc-5392090,33.7839,-116.9586,steppe
uc-5162645,41.6662,-81.3396,lake
uc-4801859,38.3498,-81.6326,river
uc-5161723,40.7584,-82.5155,
uc-4429295,31.3271,-89.2903,
uc-5774001,40.5247,-111.8638,
uc-4838633,41.5623,-72.6506,river
uc-4743275,33.0151,-96.5389,
uc-4256038,39.2014,-85.9214,
uc-4658590,35.9828,-86.5186,
uc-4752031,38.0293,-78.4767,
uc-5800112,47.0343,-122.8232,coast
uc-5429032,39.6133,-105.0166,river|steppe
uc-4506008,39.7092,-84.0633,
uc-4474040,35.4874,-80.6217,
uc-5109177,42.0987,-75.918,river
uc-4891010,41.8995,-87.9403,
uc-7174365,47.6044,-122.0377,
uc-4702828,32.9346,-97.2517,
uc-4418478,30.396,-88.8853,coast
uc-4452808,35.7326,-78.8503,
uc-4928096,40.4259,-86.9081,river
uc-6332309,25.5783,-80.3377,coast
uc-4175437,28.6122,-80.8076,coast
uc-5178195,40.5187,-78.3947,
uc-5307540,32.3909,-110.9665,desert|steppe
uc-4834040,41.9762,-72.5918,river
uc-5152333,40.0992,-83.1141,river
uc-4790207,37.5902,-77.5564,river
uc-4366001,39.0182,-77.2086,coast|river
uc-5104404,40.4593,-74.361,coast
uc-4126226,34.2284,-92.0032,river
uc-5173237,41.3145,-81.8357,
uc-5338166,33.6803,-116.1739,desert
uc-5205377,40.5012,-79.8392,river
uc-4101260,36.3728,-94.2088,
uc-4156018,27.4467,-80.3256,coast
uc-8299576,40.6008,-74.6482,
uc-5341531,37.8216,-122.0,
uc-4369190,39.1371,-76.6983,coast
uc-4747845,37.2296,-80.4139,
uc-5367788,34.6392,-120.4579,coast
uc-4177727,28.2397,-82.3279,
uc-4879890,41.6267,-93.7122,river
uc-4562407,39.9626,-76.7277,
uc-5084868,43.2081,-71.5376,river
uc-4166233,25.9332,-80.1625,coast
uc-5345609,32.792,-115.5631,desert
uc-6946944,40.454,-74.482,coast
uc-4614088,35.1595,-84.8766,
uc-4363843,39.0446,-77.1189,coast
uc-5327098,33.9295,-116.9772,mountain
uc-4900373,41.88,-88.0078,
uc-4677551,32.5421,-97.3208,
uc-4166776,28.5692,-81.544,lake
uc-4744870,39.0437,-77.4875,
uc-4843378,41.5965,-72.8776,
uc-4180531,33.471,-81.9748,river
uc-5641727,45.6797,-111.0386,
uc-5314328,31.5545,-110.3037,desert|steppe
uc-5117949,40.6576,-73.5832,coast
uc-4947459,42.4501,-73.2454,
uc-5855927,19.7299,-155.0907,coast
uc-5143630,40.7182,-73.3543,coast
uc-4889553,41.9295,-88.7504,
uc-5391749,37.6305,-122.4111,coast
uc-4145941,28.6611,-81.3656,
uc-4727326,29.5522,-98.2697,
uc-5374764,37.1305,-121.6544,
uc-5787829,47.7623,-122.2054,coast
uc-5253352,43.775,-88.4388,lake
uc-5104405,40.4654,-74.3304,coast
uc-5467328,36.7281,-108.2187,river|steppe
uc-5323525,34.1897,-118.1312,
uc-4511283,39.3459,-84.5605,
uc-5386035,33.7445,-118.387,coast
uc-5377640,38.6857,-121.3722,
uc-4902476,41.5067,-90.5151,river
uc-5085688,43.242,-71.5381,river
uc-4392388,38.5767,-92.1735,river
uc-5120521,43.0592,-77.6122,
uc-4723406,32.9312,-96.4597,
uc-4906125,41.627,-88.204,
uc-5234372,44.4759,-73.2121,lake
uc-5388564,38.3396,-122.7011,
uc-4914570,40.1106,-88.2073,
uc-5001929,43.6156,-84.2472,
uc-5309858,34.61,-112.3157,steppe
uc-5213681,40.7934,-77.86,
uc-5345679,38.6857,-121.0822,
uc-4755280,36.586,-79.395,
uc-4233813,38.52,-89.984,
uc-5780557,40.5219,-111.9391,
uc-5309842,34.54,-112.4685,
uc-4503136,39.934,-74.891,coast
uc-4736388,33.089,-96.8864,
uc-4608408,36.0331,-86.7828,
uc-4955190,42.1251,-72.7495,
uc-4273299,38.0608,-97.9298,river
uc-4941873,42.5251,-71.7598,
uc-4884141,41.995,-88.1856,
uc-4885955,42.1514,-87.9598,
uc-5225809,42.0029,-71.5148,
uc-8030162,34.1973,-118.644,coast
uc-5793427,47.8107,-122.3774,coast
uc-5303705,32.4367,-111.2254,desert
uc-4842898,41.3165,-73.0932,coast
uc-4850699,42.5278,-92.4455,river
uc-5336054,34.2572,-118.6012,
uc-4930505,42.5584,-70.88,coast
uc-7260219,28.0739,-82.439,coast
uc-4683217,32.9546,-97.015,
uc-5153924,41.0442,-83.6499,
uc-4768351,38.6879,-77.2978,coast
uc-4749950,38.7934,-77.2716,coast
uc-5036420,44.1591,-94.0092,river
uc-4744468,38.8304,-77.1964,coast
uc-4215114,33.9701,-84.2216,river
uc-4167178,29.2858,-81.0559,coast
uc-4150118,28.0675,-82.5209,coast
uc-4699540,30.7235,-95.5508,
uc-5405841,33.9908,-118.4601,coast
uc-4597948,33.9204,-80.3415,
uc-4247703,39.9356,-91.4099,river
uc-5219488,41.2459,-75.8813,river
uc-4939783,42.2043,-72.6162,river
uc-4728328,33.6357,-96.6089,
uc-4580098,32.981,-80.0326,coast
uc-4912691,42.0256,-88.1784,
uc-4936812,42.5834,-71.8023,
uc-4581832,32.1938,-80.7382,coast
uc-5364079,33.6634,-116.31,desert
uc-4889229,42.2411,-88.3162,
uc-4357141,39.6418,-77.72,
uc-4470778,35.7332,-81.3412,
uc-4930511,42.5534,-70.8537,coast
uc-4178550,28.5653,-81.5862,lake
uc-4886662,41.9125,-88.1348,
uc-5175865,41.2376,-80.8184,
uc-5100886,40.3154,-74.2463,coast
uc-5332698,32.679,-115.4989,desert
uc-4062577,34.7998,-87.6773,lake|river
uc-11704266,30.0815,-81.5477,
uc-5046997,44.798,-93.5269,river
uc-4930577,42.5584,-71.269,
uc-4839843,41.5243,-72.0759,coast
uc-4929022,42.3672,-72.5185,
uc-5264381,42.9764,-88.1084,
uc-4943170,42.3459,-71.5523,
uc-5378566,37.9974,-121.7125,coast
uc-4516233,39.7137,-82.5993,
uc-4908068,41.6475,-88.0895,
uc-5101334,40.8259,-74.209,coast
uc-4435764,32.3643,-88.7037,
uc-5807575,47.1854,-122.2929,coast
uc-4956032,42.4793,-71.1523,coast
uc-5788054,47.5673,-122.6326,coast
uc-5462393,34.4048,-103.2052,steppe
uc-4740629,26.1595,-97.9908,steppe
uc-4379966,37.3059,-89.5182,river
uc-5287565,35.1478,-114.5683,desert|river
uc-4166195,26.6673,-81.8801,coast
uc-4142290,39.1582,-75.5244,coast
uc-4169345,25.5384,-80.4089,coast
uc-4500546,39.3642,-74.4231,coast
uc-5380420,37.6138,-122.4869,coast
uc-4624601,35.0868,-89.8101,
uc-5116917,40.6054,-73.7551,coast
uc-5278120,44.9591,-89.6301,river
uc-4705191,32.5921,-96.7561,
uc-4692521,29.5294,-95.201,coast
uc-4196586,34.2979,-83.8241,lake
uc-8096113,26.794,-80.2675,
uc-5847486,21.4024,-157.7405,coast
uc-4167348,28.67,-81.2081,
uc-4886676,42.1211,-88.2579,
uc-4543338,35.7479,-95.3697,
uc-5471578,32.7026,-103.136,steppe
uc-5003132,43.2342,-86.2484,lake
uc-5176472,40.1262,-82.9291,
uc-4706736,33.1626,-96.9375,
uc-4895066,41.9995,-88.1451,
uc-5099079,40.4776,-74.6268,
uc-4680388,29.7761,-95.1146,coast
uc-4167694,30.1595,-85.6598,coast
uc-4578737,34.1954,-79.7626,
uc-5854686,21.3867,-158.0092,coast
uc-4497290,35.9799,-78.5097,
uc-4514746,39.8439,-84.1247,
uc-5370868,38.0194,-122.1341,coast
uc-5115960,40.714,-73.559,coast
uc-4357340,39.1929,-76.7241,coast
uc-5551535,33.4151,-111.5496,desert
uc-5779816,40.3641,-111.7385,lake
uc-5246835,43.0606,-88.1065,
uc-5151891,40.2987,-83.068,
uc-5780802,41.1616,-112.0263,lake
uc-5142109,40.6643,-73.7085,coast
uc-5781860,40.115,-111.6549,lake|steppe
uc-5160783,40.7426,-84.1052,
uc-4597200,34.9496,-81.9321,
uc-4628929,36.1962,-86.6225,river
uc-4905367,42.0111,-87.8406,lake
uc-4178552,28.0222,-81.7329,
uc-4369224,39.0704,-76.5452,coast
uc-4170617,26.7084,-80.2306,coast
uc-5414941,39.9853,-104.8205,river|steppe
uc-6331908,34.1322,-84.3007,
uc-4161422,26.6171,-80.0723,coast
uc-5374175,34.1481,-117.9989,steppe
uc-5357499,36.8524,-121.4016,
uc-5368453,37.0583,-120.8499,steppe
uc-4504048,39.7665,-75.1443,coast
uc-4168773,28.0189,-82.1147,
uc-5255068,42.9614,-88.0126,lake
uc-7257540,42.2038,-71.0022,coast
uc-4212684,33.3807,-84.7997,
uc-4736096,33.4251,-94.0477,
uc-4882920,41.9317,-87.989,
uc-4522411,39.9548,-82.8121,
uc-4364362,39.084,-76.7002,coast
uc-4207226,33.8187,-84.5824,
uc-4581833,32.2163,-80.7526,coast
uc-5729080,42.4393,-123.3307,river
uc-4472687,35.0768,-80.6692,
uc-4886255,41.6156,-87.5295,lake
uc-4999311,42.2506,-83.1785,lake
uc-5802049,47.8209,-122.3151,coast
uc-5245387,42.5084,-89.0318,
uc-5801617,46.1382,-122.9382,coast|river
uc-4614867,35.6151,-87.0353,
uc-4173497,25.5976,-80.3806,coast
uc-4925006,41.5759,-87.1762,lake
uc-4928118,40.0428,-86.1275,
uc-5112961,42.8656,-73.7709,
uc-4529987,36.7473,-95.9808,
uc-5392229,33.5017,-117.6625,coast|steppe
uc-5509851,36.2083,-115.9839,desert
uc-4367734,38.6032,-76.9386,coast
uc-5161902,40.5887,-83.1285,
uc-4772566,37.6088,-77.3733,
uc-4708308,31.3382,-94.7291,
uc-4219762,34.257,-85.1647,river
uc-5253710,42.8886,-88.0384,
uc-4969398,44.1003,-70.2148,
uc-7260327,25.7065,-80.4388,coast
uc-5520076,29.3627,-100.8968,lake|river|steppe
uc-4401618,38.4701,-90.3046,river
uc-5113412,40.8429,-73.2929,coast
uc-5262630,43.1789,-88.1173,
uc-5374648,34.2856,-118.882,
uc-4063619,34.0143,-86.0064,river
uc-5798487,47.5301,-122.0326,
uc-4659446,35.7512,-86.93,
uc-4439869,34.9618,-89.8295,
uc-4480125,35.5849,-80.8101,
uc-4845519,41.8184,-73.1437,
uc-4274305,39.3111,-94.9225,river
uc-4351871,38.7651,-76.8983,coast
uc-5022134,44.8277,-92.9438,river
uc-4414749,38.5828,-90.6629,
uc-4170005,25.6105,-80.4297,coast
uc-4263681,39.8289,-84.8902,
uc-5744253,45.3573,-122.6068,river
uc-13645934,21.3533,-158.0284,coast
uc-4468261,35.3849,-77.9928,
uc-5370082,33.8847,-118.4109,coast|steppe
uc-5806253,47.1554,-122.434,coast
uc-4207981,33.5174,-82.0757,
uc-4059870,34.8095,-87.6495,lake
uc-4703811,29.9891,-97.8772,
uc-4769667,38.7598,-77.575,
uc-4448903,34.2581,-88.7046,
uc-4115412,34.5037,-93.0552,
uc-4414001,38.8114,-90.8529,
uc-5221637,41.7001,-71.6828,coast
uc-4723914,29.5572,-95.8086,river
uc-4084796,32.464,-86.4597,
uc-4169060,30.2397,-81.3856,coast
uc-5147784,41.0242,-80.6629,
uc-7258432,38.7961,-76.975,coast
uc-5265228,42.8858,-87.8631,lake
uc-4215110,33.3968,-84.5958,
uc-4923482,41.4828,-87.3328,
uc-4170965,28.2489,-81.2812,
uc-4704108,29.6658,-95.0194,coast
uc-4844309,41.8006,-73.1212,
uc-5221703,41.9668,-71.4328,coast
uc-5173171,41.1595,-81.4404,
uc-4635031,36.0156,-86.5819,
uc-4178573,28.6989,-81.3081,
uc-4164092,28.359,-80.69,coast
uc-5148480,41.2381,-81.8418,
uc-4479946,34.9854,-80.5495,
uc-5310193,33.2487,-111.6343,desert
uc-5848189,21.3999,-157.7989,coast
uc-5155393,40.0192,-82.8793,
uc-4547407,36.2695,-95.8547,
uc-5085382,42.8918,-71.312,
uc-5102213,40.7707,-74.2327,coast
uc-5203506,40.1215,-75.3399,
uc-4624180,36.3884,-86.4467,
uc-4328010,29.5958,-90.7195,
uc-5150792,41.5584,-81.5693,lake
uc-4832038,41.9146,-88.0649,
uc-5642934,46.0038,-112.5347,river|steppe
uc-5341483,33.467,-117.6981,coast|steppe
uc-4101241,34.5645,-92.5868,
uc-4095415,33.4487,-86.7878,
uc-4776970,38.8809,-77.3008,
uc-4557137,39.8475,-75.3578,coast
uc-5804127,48.4212,-122.3341,coast
uc-4489985,35.671,-80.4742,
uc-4904996,41.6828,-88.3515,
uc-5815538,47.5776,-122.1012,coast
uc-4363836,39.5398,-76.355,coast
uc-4985180,43.5945,-83.8889,lake
uc-4713735,31.6035,-94.6555,
uc-4950898,42.2959,-71.7129,
uc-5739936,45.2101,-123.1987,
uc-13607888,39.6164,-105.1393,steppe
uc-4190581,34.7698,-84.9702,
uc-4364537,39.1532,-77.0669,
uc-4143861,39.6837,-75.7497,coast
uc-8097131,38.9258,-77.4016,
uc-4685737,29.7052,-95.1238,coast
uc-4996248,42.7875,-86.1089,lake
uc-4904056,42.1275,-87.829,lake
uc-5157588,40.0334,-83.1582,
uc-5815342,47.4235,-120.3103,river
uc-5062458,46.875,-96.9004,
uc-4203696,34.0234,-84.6155,
uc-5128481,41.1476,-73.9893,coast
uc-5125086,40.5884,-73.6579,coast
uc-4305974,37.7479,-84.2947,
uc-4511263,39.8209,-84.0194,
uc-4681462,29.5616,-98.227,
uc-4200671,31.8469,-81.596,
uc-4740328,32.3865,-96.8483,
uc-7259034,38.6073,-76.9248,coast
uc-4917089,41.747,-88.0503,
uc-5212870,40.1234,-75.0149,coast
uc-4890925,42.0039,-87.9703,
uc-4905599,40.5675,-89.6407,river
uc-5530932,31.6546,-106.3033,desert|river
uc-5116508,40.7009,-73.7129,coast
uc-5322400,34.5828,-117.4092,
uc-5783695,40.5308,-112.2983,
uc-4997384,42.2459,-84.4013,river
uc-4683244,31.1241,-97.9031,
uc-5121650,40.8534,-73.4115,coast
uc-5394136,36.6111,-121.8516,coast
uc-5071348,40.6995,-99.0815,river
uc-4218165,33.7454,-84.1316,
uc-5261585,44.0886,-87.6576,lake
uc-4920808,41.5823,-85.8344,
uc-4908737,41.9142,-88.3087,
uc-4157467,26.6237,-80.1253,coast
uc-5123533,41.342,-74.1679,coast
uc-4368711,38.3607,-75.5994,
uc-4191955,33.7515,-84.7477,
uc-7262349,38.7473,-104.7144,steppe
uc-5814450,47.2356,-122.5504,coast
uc-5807540,46.7313,-117.1796,
uc-5583509,40.4775,-104.9014,steppe
uc-4829762,33.2443,-86.8164,
uc-4517698,39.3601,-84.3099,
uc-5182529,40.0826,-75.0316,coast
uc-5826027,44.2911,-105.5022,steppe
uc-4927537,41.4731,-87.0611,
uc-5139301,41.1131,-74.0438,coast
uc-5134295,43.2129,-75.4557,river
uc-5598538,46.4166,-117.0177,river|steppe
uc-5164903,41.3895,-82.019,lake
uc-4778626,37.2279,-77.4019,coast
uc-4172094,30.396,-86.2288,coast
uc-5427207,39.5758,-105.1122,river|steppe
uc-4366476,39.3673,-76.7952,coast
uc-5176517,41.4553,-81.9179,lake
uc-4957280,44.7988,-68.7726,
uc-4151352,28.5494,-81.7729,lake
uc-5275020,43.1836,-89.2137,
uc-4292686,38.2098,-84.5588,
uc-5861897,64.8378,-147.7164,river
uc-4351977,38.9807,-76.9369,coast
uc-5781993,40.1652,-111.6107,lake|steppe
uc-4944994,42.2834,-71.3495,
uc-5162097,40.7967,-81.5215,river
uc-5814916,46.0646,-118.343,
uc-4291945,38.999,-84.6266,
uc-5016374,45.2333,-93.2913,
uc-4295251,36.8656,-87.4912,
uc-5830062,41.3114,-105.5911,steppe
uc-4428475,33.409,-91.0598,
uc-5180199,40.3276,-80.0395,
uc-4615145,36.1628,-85.5016,
uc-4948403,42.1626,-71.0412,coast
uc-5129603,40.6387,-73.6401,coast
uc-4889426,40.1245,-87.63,
uc-5656882,46.5927,-112.0361,steppe
uc-5164862,41.4156,-81.9235,lake
uc-4161534,28.2189,-82.4576,
uc-4835003,41.7123,-72.6081,river
uc-5278422,43.4253,-88.1834,
uc-5106453,40.0279,-74.8691,coast
uc-5112710,43.1756,-76.1194,lake
uc-4903184,42.2631,-88.004,
uc-5112035,40.8584,-73.0995,coast
uc-5554072,58.3019,-134.4197,coast|glacier
uc-4643336,36.2,-86.5186,
uc-4839222,41.4859,-73.0507,
uc-5312913,32.487,-114.7822,desert|river
uc-4923531,41.7075,-86.895,lake
uc-5598542,46.3804,-116.9754,steppe
uc-4941935,42.4473,-71.2245,coast
uc-4165637,30.4016,-86.8636,coast
uc-4471641,35.6513,-78.8336,
uc-4551177,35.3273,-96.9253,
uc-4608418,36.0251,-86.7792,
uc-4893392,40.9478,-90.3712,
uc-5147968,41.3748,-83.6513,
uc-5294902,33.0314,-111.3873,desert|river
uc-4588718,33.6891,-78.8867,coast
uc-4817641,39.2667,-81.5615,river
uc-5393485,37.2638,-122.023,
uc-4154008,28.1108,-82.6948,coast
uc-5326032,33.9256,-116.8764,mountain
uc-5352963,34.4358,-119.8276,coast
uc-4161461,30.13,-81.7682,
uc-5100619,40.3043,-73.9924,coast
uc-5218270,40.044,-75.3877,
uc-5800317,48.0151,-122.0637,coast
uc-5085520,43.1979,-70.8737,coast
uc-5207490,40.0462,-75.3599,
uc-5776008,40.6688,-111.8247,
uc-5775782,40.5141,-112.033,
uc-8436572,41.4472,-71.5249,coast
uc-4154568,26.4381,-81.8067,coast
uc-5122432,42.4406,-76.4966,lake
uc-5129245,43.0387,-78.8642,lake
uc-4365387,39.3743,-76.7225,coast
uc-4334971,30.0035,-91.8187,coast
uc-5454627,32.8995,-105.9603,desert|steppe
uc-4224413,32.4488,-81.7832,
uc-4815352,39.6295,-79.9559,river
uc-5368518,37.2266,-121.9747,
uc-4478334,35.1168,-80.7237,
uc-5772959,41.1108,-112.026,lake
uc-4937276,42.0834,-71.3967,
uc-4364727,39.4196,-76.7802,
uc-5855754,21.2964,-157.7018,coast
uc-4569067,33.5604,-81.7195,
uc-4263108,39.7042,-86.3994,
uc-4375663,38.5951,-90.5462,
uc-4838174,41.7759,-72.5215,
uc-4883078,42.1656,-88.2943,
uc-7257991,39.5543,-76.3731,coast
uc-5106331,40.659,-74.3474,coast
uc-5393245,34.3542,-119.0593,
uc-5347578,33.3764,-117.2511,steppe
uc-4354163,39.4037,-76.9503,
uc-4828193,34.8151,-92.2243,
uc-5139287,40.6631,-73.7622,coast
uc-4205196,33.9562,-83.988,
uc-4787117,38.7893,-77.1872,coast
uc-5776715,41.0352,-111.9386,lake
uc-4920869,41.7534,-86.1108,
uc-5604353,47.718,-116.9516,
uc-4395052,39.2461,-94.4191,
uc-5132143,41.7004,-73.921,river
uc-4133367,33.4418,-94.0377,
uc-5164916,41.3137,-81.7246,
uc-4887442,41.5061,-87.6356,
uc-4636045,36.2081,-86.2911,
uc-5406976,34.0203,-117.8653,
uc-4152890,29.0283,-81.3031,
uc-5536630,37.6775,-113.0619,steppe
uc-5225627,41.6969,-71.5219,coast
uc-5122534,42.097,-79.2353,
uc-4481682,35.1085,-77.0441,coast
uc-5091872,43.3045,-70.9756,
uc-4681976,32.3476,-97.3867,
uc-4350413,39.3943,-76.5236,coast
uc-4733313,32.9412,-97.1342,
uc-4231874,34.1015,-84.5194,
uc-4903730,42.0189,-87.8028,lake
uc-4330525,30.067,-90.4815,coast|lake|river
uc-5325111,35.4894,-120.6707,river
uc-5159537,41.1537,-81.3579,
uc-4937829,42.614,-70.6631,coast
uc-4302561,37.8806,-84.573,
uc-5004188,42.4595,-83.1827,
uc-4895876,42.1817,-87.8003,lake
uc-4290988,37.694,-85.8591,
uc-5146256,41.1017,-80.7645,
uc-5345032,37.4688,-122.1411,coast
uc-4369964,39.129,-76.6258,coast
uc-5435477,38.35,-104.7228,steppe
uc-5132002,41.0018,-73.6657,coast
uc-5102922,40.3487,-74.659,
uc-4204230,33.0393,-85.0313,
uc-5092268,42.7884,-71.2009,
uc-4081644,32.6454,-85.3783,
uc-5103055,40.6082,-74.2776,coast
uc-4642938,36.214,-83.2949,
uc-5283837,41.499,-72.9007,
uc-5283054,41.2795,-72.8151,coast
uc-4405188,39.0086,-94.4636,
uc-4156331,30.1111,-81.6418,river
uc-5006233,42.9709,-82.4249,lake|river
uc-5118701,42.9292,-74.0521,river
uc-5117891,40.7073,-73.676,coast
uc-4646571,36.0104,-84.2696,
uc-5010646,42.2139,-83.1938,lake
uc-4251841,38.9114,-90.1507,river
uc-5325187,37.3477,-120.6091,
uc-7258780,38.8648,-77.1879,coast
uc-5219585,41.2412,-77.0011,river
uc-6941080,35.139,-79.006,
uc-4129397,35.2784,-93.1338,river
uc-4490329,35.4799,-79.1803,
uc-4923210,40.5584,-85.6591,
uc-4362438,39.3479,-76.77,coast
uc-4899184,42.1817,-88.3304,
uc-4193699,33.5337,-82.1307,
uc-4245926,38.5923,-89.9112,
uc-5460459,32.4207,-104.2288,desert|river|steppe
uc-4155017,30.5102,-87.2125,coast
uc-5301067,35.1894,-114.053,desert
uc-5379609,34.8653,-120.436,coast
uc-4294494,37.8362,-87.59,river
uc-4919451,41.417,-87.3653,
uc-5517061,32.2504,-101.4787,steppe
uc-4926170,41.4789,-87.4548,
uc-5387494,35.6225,-117.6709,desert
uc-4845920,41.8526,-72.6437,river
uc-5520677,28.7091,-100.4995,river|steppe
uc-4740364,32.7593,-97.7973,
uc-4373104,39.2071,-76.7269,coast
uc-5747882,44.2726,-121.1739,steppe
uc-4116315,34.8662,-92.1102,
uc-5530937,31.6362,-106.2905,desert|river
uc-4945952,42.1945,-71.1995,coast
uc-4945819,42.3251,-72.6412,river
uc-4161313,28.0742,-82.4718,coast
uc-4365227,39.4126,-76.4636,coast
uc-4639848,35.7565,-83.9705,
uc-4921476,41.5323,-87.255,lake
uc-4292188,38.2009,-84.8733,river
uc-4397962,38.5084,-90.3229,river
uc-4580599,34.9387,-82.2271,
uc-5120095,40.969,-73.7126,coast
uc-5374361,36.6002,-121.8947,coast
uc-5143866,40.7062,-73.3062,coast
uc-5342710,33.9617,-116.5035,desert|steppe
uc-5844096,40.3769,-111.7958,lake
uc-4319435,30.5543,-91.0368,
uc-5128654,41.5034,-74.0104,river
uc-4187204,33.892,-84.2988,
uc-4503078,39.4021,-75.0393,
uc-5116497,42.0898,-76.8077,
uc-4224681,33.5443,-84.2338,
uc-4893811,41.8775,-88.067,
uc-5201734,40.4212,-79.7881,
uc-5327550,38.0494,-122.1586,coast
uc-4760059,38.3032,-77.4605,coast
uc-5225857,45.4647,-98.4865,
uc-8643098,40.685,-80.1071,
uc-4461941,35.4868,-80.8601,
uc-4904286,41.6028,-87.7439,
uc-5142296,42.0851,-76.0538,river
uc-5223672,41.5501,-71.4662,coast
uc-4101114,36.4807,-94.2713,
uc-5253219,42.9608,-89.4698,
uc-4954738,42.2965,-71.2926,
uc-4060791,31.3152,-85.8552,
uc-4341727,30.2752,-89.7812,coast
uc-5445298,37.7528,-100.0171,river
uc-4125388,36.0584,-90.4973,
uc-4727756,29.5688,-97.9647,
uc-5138022,40.8015,-72.8676,coast
uc-5100572,40.7959,-74.3149,coast
uc-4908237,42.3717,-88.0901,
uc-4787534,39.0062,-77.4286,
uc-5126842,41.4459,-74.4229,
uc-5422191,38.6822,-104.7008,steppe
uc-5136334,43.0831,-73.7846,
uc-4393739,38.5834,-90.4068,
uc-5293183,32.1412,-111.0284,desert|steppe
uc-5427771,39.9936,-105.0897,steppe
uc-4982720,43.5704,-70.3878,coast
uc-5133279,43.3773,-73.6132,
uc-5605242,43.826,-111.7897,
uc-5280854,40.064,-80.7209,river
uc-5171728,41.4739,-81.5371,lake
uc-5851030,21.4504,-158.015,coast
uc-4866371,42.0494,-92.908,
uc-4227213,33.8546,-84.2171,
uc-4704628,29.0339,-95.4344,coast|river
uc-5206606,40.5003,-79.7495,
uc-5410004,38.5471,-122.8164,
uc-4915963,41.8847,-88.204,
uc-4984016,42.2575,-83.211,lake
uc-5118626,40.8623,-73.6337,coast
uc-5782391,41.0894,-112.0647,lake
uc-4397340,38.7131,-90.4298,
uc-4866445,43.1536,-93.201,
uc-4352539,39.0018,-76.6875,coast
uc-4569298,34.5034,-82.6501,lake
uc-5774215,40.3141,-112.0069,lake
uc-4794120,39.1857,-78.1633,
uc-5124497,40.6868,-73.3735,coast
uc-5811581,47.104,-122.4346,coast
uc-5120987,40.8123,-73.0784,coast
uc-4839416,41.3556,-72.0995,coast
uc-5381438,35.6266,-120.691,river
uc-5757506,45.384,-122.764,
uc-4155594,30.0933,-81.719,river
uc-5053156,44.05,-91.6393,river
uc-5322571,38.3241,-122.488,
uc-4494942,35.8826,-80.082,
uc-4150190,28.6778,-81.3278,
uc-5563397,40.8021,-124.1637,coast
uc-5445439,37.9717,-100.8727,river|steppe
uc-4232679,38.8906,-90.1843,river
uc-4176217,25.7465,-80.3675,coast
uc-5107505,42.9317,-76.5661,lake
uc-5692947,48.147,-103.618,lake|steppe
uc-5102387,40.9445,-74.0754,coast
uc-5178800,41.3359,-75.9963,
uc-5106279,41.1312,-74.3674,
uc-4296218,38.1942,-85.5644,
uc-4430400,34.9554,-90.0348,
uc-4952206,42.1251,-71.1023,coast
uc-5188140,40.6884,-75.2207,river
uc-4338012,30.303,-90.972,
uc-5115107,40.8048,-73.3362,coast
uc-4152574,25.5807,-80.3467,coast
uc-4295776,38.9431,-84.5441,
uc-5143396,43.9748,-75.9108,lake
uc-5177358,40.8052,-81.9365,
uc-4048023,33.4018,-86.9544,
uc-5089478,42.8651,-71.4934,river
uc-4898182,41.12,-87.8611,river
uc-4608657,36.5951,-82.1887,
uc-4901663,42.3334,-88.2668,
uc-5274644,44.5236,-89.5746,river
uc-5760009,45.3657,-122.6123,river
uc-5403767,34.2522,-118.2884,
uc-4695066,33.1384,-96.1108,
uc-5777793,40.7091,-112.1016,lake
uc-4884192,41.85,-88.3126,
uc-4149956,30.6085,-87.34,coast
uc-4934500,42.5751,-70.93,coast
uc-5047234,45.0791,-93.1472,
uc-5381002,39.7596,-121.6219,lake
uc-5068725,41.4333,-96.4981,river
uc-5138539,40.8559,-73.2007,coast
uc-4838204,41.7659,-72.2337,
uc-5804953,47.8195,-122.1762,coast
uc-4235193,37.7273,-89.2168,
uc-5162512,41.1384,-81.8637,
uc-5108169,40.7251,-73.2454,coast
uc-5847411,20.8893,-156.4729,coast
uc-4914738,42.2195,-87.9795,lake
uc-4267336,39.9509,-86.2619,
uc-5550368,35.5941,-119.341,steppe
uc-5295143,32.6578,-114.4119,desert
uc-5146491,41.0128,-81.6051,river
uc-4703384,27.5159,-97.8561,coast
uc-4493316,35.7826,-80.8873,
uc-4360369,39.0993,-76.8483,
uc-4186416,33.5801,-85.0766,
uc-7259780,28.3329,-81.6474,
uc-4369978,39.0698,-76.8503,
uc-4453035,35.7079,-79.8136,
uc-4852022,41.8445,-90.1887,river
uc-5002714,43.5978,-84.7675,
uc-5404198,34.1356,-116.0542,desert
uc-4896691,42.1681,-88.4281,
uc-4528810,39.6848,-83.9296,
uc-4366647,39.4698,-76.8319,
uc-5156371,40.9459,-81.4832,
uc-5330567,32.9787,-115.5303,desert
uc-4556165,35.5067,-97.7625,
uc-4620732,35.2306,-89.8259,
uc-4993125,42.9595,-85.4898,river
uc-5042561,45.2611,-93.45,river
uc-4304713,38.1454,-85.8583,river
uc-5134395,40.6621,-73.7354,coast
uc-4903535,41.512,-87.9656,
uc-4434663,32.4618,-90.1154,
uc-5264223,44.1858,-88.4626,lake|river
uc-4670592,29.4239,-95.2441,
uc-4160812,24.5552,-81.7816,coast
uc-8469295,40.8483,-74.5815,
uc-5040647,44.0838,-93.226,
uc-5312544,31.9576,-110.9557,desert|steppe
uc-5802340,47.3927,-122.0464,
uc-4389967,38.7714,-90.3709,
uc-5174358,40.0395,-84.2033,
uc-5365918,36.3008,-119.7829,steppe
uc-4479759,35.1796,-80.6473,
uc-5103269,40.9793,-74.1165,coast
uc-4103957,34.9745,-92.0165,
uc-5386984,36.5963,-119.4504,steppe
uc-4354087,39.4187,-76.2944,coast
uc-4163918,28.3856,-81.3665,
uc-5197517,40.3409,-76.4113,
uc-4528923,39.9404,-82.0132,river
uc-4682478,32.881,-97.155,
uc-4186213,34.2368,-84.4908,
uc-5130045,41.1629,-73.8615,coast
uc-4784112,37.2935,-80.0548,river
uc-4849826,40.8075,-91.1129,river
uc-5781087,40.3491,-111.9047,lake
uc-4901868,41.9006,-87.8567,
uc-4447161,33.4505,-88.8196,
uc-5356451,38.0171,-122.2886,coast
uc-5351428,38.2546,-121.2999,
uc-5042373,44.7133,-93.4227,
uc-4388460,38.8858,-94.533,
uc-4422133,32.3415,-90.3218,
uc-4956335,41.7057,-70.2286,coast
uc-5170691,41.4489,-82.708,lake
uc-5052658,45.0847,-93.0099,
uc-5020938,44.7894,-93.6022,river
uc-4895298,41.61,-87.6467,
uc-4362344,39.3343,-76.4394,coast
uc-4917123,42.3147,-88.4487,
uc-4529469,34.1743,-97.1436,
uc-5761708,45.1437,-122.8554,
uc-5015599,42.2142,-83.1499,lake
uc-4586523,34.7787,-82.3101,
uc-4884453,42.2639,-88.8443,
uc-5601538,46.7324,-117.0002,
uc-4943958,42.1398,-71.5162,
uc-4135865,35.1465,-90.1845,river
uc-4505542,39.3292,-82.1013,
uc-4500942,39.4273,-75.2341,coast
uc-5100854,40.7312,-74.2735,coast
uc-5397018,36.4247,-121.3263,river
uc-4255056,39.8434,-86.3978,
uc-7259480,43.46,-84.0067,
uc-4237717,38.8114,-89.9532,
uc-4830668,34.8024,-86.9722,lake
uc-5392868,36.708,-119.556,steppe
uc-4916207,41.7959,-87.9756,
uc-4954265,42.5065,-71.0728,coast
uc-4170358,28.3508,-80.7253,coast
uc-5069802,40.5861,-98.3884,
uc-5115699,43.0184,-78.6967,
uc-4058219,30.6035,-87.9036,coast
uc-4048662,37.0834,-88.6,river
uc-5193011,40.9584,-75.9746,
uc-5861187,61.3214,-149.5678,coast|glacier
uc-4717560,33.6609,-95.5555,
uc-5141927,40.7004,-73.5929,coast
uc-4548267,36.707,-97.0856,river
uc-5264049,42.9059,-88.139,
uc-4236191,38.6703,-89.9845,
uc-4948462,42.5256,-71.0953,coast
uc-4785576,37.6504,-77.6125,
uc-4934664,42.2418,-71.1662,coast
uc-5250201,44.4489,-88.0604,lake|river
uc-5247415,42.8078,-87.9243,lake
uc-4832554,42.2942,-83.3099,
uc-4504618,39.934,-74.7485,
uc-4530801,35.942,-95.8833,river
uc-4271086,38.4039,-96.1817,
uc-4857486,42.4975,-94.168,river
uc-5013924,43.0014,-85.7681,
uc-4870380,41.02,-92.4113,river
uc-4273680,39.0286,-96.8314,
uc-4174855,28.1461,-82.7568,coast
uc-4828382,39.4806,-86.055,
uc-4763793,38.9695,-77.3861,
uc-5016884,43.6666,-92.9746,
uc-4931737,42.5048,-71.1956,coast
uc-4726290,26.1326,-97.6311,
uc-4893171,42.2967,-89.6212,
uc-5727190,45.5198,-123.1107,
uc-4787440,38.1499,-79.0732,
uc-5394329,36.5708,-119.6121,steppe
uc-4843353,41.8237,-72.6212,river
uc-4363990,39.0829,-77.265,river
uc-4896336,41.6,-87.9381,
uc-5073965,42.0283,-97.417,
uc-4443296,32.4285,-90.1323,
uc-4368918,39.1451,-76.9002,
uc-4165913,29.0258,-80.927,coast
uc-5417657,39.5878,-105.0694,river|steppe
uc-4356847,39.0046,-76.8755,coast
uc-4786667,38.9209,-77.5039,
uc-5223593,41.4901,-71.3128,coast
uc-5004005,43.1689,-86.2639,lake
uc-5326305,34.8697,-117.0562,desert
uc-5134203,40.6587,-73.6412,coast
uc-4130430,35.2506,-91.7362,
uc-5697939,41.1239,-100.7654,river
uc-4159553,26.4187,-81.4173,
uc-5126518,40.8176,-73.0001,coast
uc-5387844,37.736,-120.9355,river
uc-4917358,42.4461,-87.8328,lake
uc-4526576,39.7973,-84.3113,
uc-4839704,41.3909,-72.8595,coast
uc-5100776,41.0887,-74.1438,coast
uc-5130831,41.2901,-73.9204,coast|river
uc-4160822,28.1559,-82.6212,coast
uc-5107760,40.6565,-73.6093,coast
uc-4758023,38.8462,-77.3064,
uc-4172372,27.8164,-80.4706,coast
uc-4996306,42.6406,-84.5152,
uc-4868404,41.4245,-91.0432,river
uc-5025471,45.3038,-93.5672,river
uc-5836898,41.5875,-109.2029,steppe
uc-4156920,26.1879,-81.6951,coast
uc-4683462,32.0954,-96.4689,
uc-4358701,39.4998,-76.6411,
uc-4467485,35.5843,-78.8,
uc-5295177,33.6117,-111.7174,desert
uc-4508204,39.6284,-84.1594,
uc-5816320,47.6262,-122.5212,coast
uc-4709272,32.5449,-94.3674,
uc-5278005,43.1947,-88.729,
uc-4474221,36.1199,-80.0737,
uc-5688789,46.8792,-102.7896,
uc-5102162,40.4148,-74.3654,coast
uc-4355355,38.7073,-77.023,coast
uc-5343171,36.5433,-119.3871,steppe
uc-5326297,34.8986,-117.0228,desert
uc-4354573,39.0762,-76.9578,
uc-5226534,44.3114,-96.7984,
uc-4885186,41.6573,-87.68,
uc-5026291,44.295,-93.2688,
uc-5591778,43.6954,-116.354,
uc-5104473,40.6554,-74.3899,coast
uc-4419290,32.2732,-89.9859,
uc-4270356,37.5456,-97.2689,river
uc-5795906,47.0529,-122.2943,
uc-4146901,28.3267,-82.6834,coast
uc-4935623,42.0245,-71.1287,
uc-5146286,41.5053,-82.0282,lake
uc-5123477,41.927,-73.9974,river
uc-4208442,33.4473,-84.1469,
uc-5007531,42.2223,-83.3966,
uc-4943021,42.0334,-71.2189,
uc-4154396,27.9947,-81.7381,
uc-4147290,30.4616,-87.315,coast
uc-4152311,30.7621,-86.5705,
uc-5088262,42.9337,-72.2781,
uc-4580569,34.1954,-82.1618,
uc-5468773,35.5281,-108.7426,steppe
uc-5104835,40.4082,-74.3543,coast
uc-4535389,34.5023,-97.9578,
uc-4198322,33.2468,-84.2641,
uc-4890009,41.6389,-87.6073,lake
uc-4413872,38.5926,-90.3573,
uc-4376482,38.812,-94.5319,
uc-4422442,33.4957,-88.4273,river
uc-4685892,33.7557,-96.5367,lake|river
uc-4703078,30.0474,-99.1403,
uc-4216948,32.1155,-81.2471,
uc-5262649,43.2156,-88.03,lake
uc-4449620,32.3526,-90.8779,river
uc-4178775,30.4557,-86.6383,coast
uc-4167536,27.1678,-80.2662,coast
uc-4943888,41.8932,-70.9112,coast
uc-4347426,39.0321,-76.5027,coast
uc-5359864,34.4133,-119.861,coast
uc-7260233,27.6164,-80.4131,coast
uc-4360287,38.934,-76.8966,coast
uc-4845898,41.6998,-72.157,
uc-4160023,30.2947,-81.3931,coast
uc-5172387,41.3898,-81.4412,
uc-5113683,40.6815,-73.3998,coast
uc-7262110,47.8628,-122.295,coast
uc-4154031,26.1384,-81.7665,coast
uc-4682127,29.7783,-95.1719,coast
uc-8605041,33.7402,-86.6494,
uc-4900801,42.3472,-89.039,
uc-4082569,33.2857,-86.81,
uc-4956976,44.0979,-70.2312,
uc-4769608,38.8184,-77.1433,coast
uc-5162077,40.2364,-83.3671,
uc-4157827,28.1145,-81.6201,
uc-5066001,41.4297,-97.3684,river
uc-5221077,41.6771,-71.2662,coast
uc-5742726,45.3001,-122.9732,river
uc-4175091,25.6707,-80.4012,coast
uc-4311963,38.1112,-85.8702,river
uc-5761287,45.2998,-122.7737,river
uc-4699626,30.5427,-97.5467,
uc-5533366,31.8423,-102.4988,steppe
uc-5805441,48.2932,-122.6432,coast
uc-5855070,21.34,-158.0304,coast
uc-5207069,40.2454,-75.6496,
uc-5161803,41.4153,-81.566,
uc-5176937,41.6398,-81.4065,lake
uc-5118226,40.7268,-73.6343,coast
uc-5774662,40.9805,-111.8874,lake
uc-4915539,41.9381,-88.4045,
uc-5029500,44.7433,-92.8524,river
uc-5146277,41.4517,-82.0354,lake
uc-4589368,33.5018,-81.9651,river
uc-4835512,41.289,-72.6818,coast
uc-5790971,47.7443,-122.0773,
uc-5339539,36.098,-119.5604,steppe
uc-5116004,40.767,-72.9962,coast
uc-4792901,38.7726,-77.2211,coast
uc-13645943,21.5056,-158.0335,coast
uc-5158164,41.2401,-81.4407,
uc-4158865,28.1878,-82.7395,coast
uc-4305504,37.8404,-85.9491,
uc-4764826,37.3043,-77.2872,coast
uc-5203127,41.0037,-80.347,
uc-4830198,33.6598,-85.8316,
uc-4167583,26.6359,-80.0961,coast
uc-4339348,32.5232,-92.6379,
uc-4955840,42.5465,-71.1737,
uc-4711156,32.4824,-96.9945,
uc-4440076,34.3665,-89.5192,
uc-5378500,37.7666,-120.8471,river
uc-4889447,41.752,-87.974,
uc-4885156,41.9575,-88.0809,
uc-4176380,27.0998,-82.4543,coast
uc-4942744,42.1601,-72.4759,
uc-4173392,27.4631,-82.5818,coast
uc-5101938,40.6301,-74.4274,coast
uc-4179074,34.0663,-84.6784,
uc-4440397,30.3658,-88.5561,coast
uc-5749352,43.2165,-123.3417,
uc-4520760,39.507,-84.7452,
uc-5803990,47.1301,-119.2781,steppe
uc-7259823,28.1055,-82.5259,coast
uc-8479411,28.0939,-82.5056,coast
uc-5105127,40.7156,-74.3647,coast
uc-5232741,44.8994,-97.1151,
uc-5145607,40.9153,-81.1059,
uc-5660340,48.1958,-114.3129,river
uc-4911934,41.6009,-87.607,lake
uc-5085374,42.8806,-71.3273,
uc-4177671,28.6986,-81.4256,
uc-4161771,28.8108,-81.8779,
uc-4683021,29.518,-98.3161,
uc-4914830,41.8897,-87.989,
uc-4905337,41.4914,-87.6745,
uc-4752665,37.1298,-80.4089,
uc-4621846,35.8845,-84.1535,
uc-8449910,41.6077,-86.7139,
uc-5224949,41.922,-71.5495,coast
uc-5175496,41.0256,-81.7298,
uc-5788822,45.5871,-122.3995,river
uc-4156042,30.4206,-86.6171,coast
uc-4893591,41.8875,-88.3054,
uc-5172485,41.5231,-81.5185,lake
uc-4225039,34.1065,-84.0335,lake
uc-4828890,39.3331,-82.9824,river
uc-5397664,38.9332,-119.9844,lake
uc-5551498,33.8673,-112.1468,desert|steppe
uc-4932214,42.1584,-71.1448,coast
uc-8531960,41.9211,-71.435,coast
uc-4477525,34.6183,-79.0105,
uc-4598353,34.9204,-82.2962,
uc-5411079,34.1142,-116.4322,steppe
uc-4955219,42.5793,-71.4378,
uc-4154205,28.9889,-80.9023,coast
uc-5178165,40.5595,-79.9587,
uc-5091383,43.077,-70.7577,coast
uc-4408000,38.7045,-93.2283,
uc-4165565,26.1423,-81.796,coast
uc-5381515,37.4716,-121.1297,steppe
uc-4258285,39.785,-85.7694,
uc-4792522,38.0685,-78.8895,
uc-4829791,34.2678,-86.2088,
uc-4952121,42.4801,-71.0995,coast
uc-5095409,40.7062,-74.5493,
uc-5166516,41.557,-83.6272,
uc-5576859,40.0503,-105.05,steppe
uc-5735238,42.2249,-121.7817,lake|river
uc-5773001,41.1397,-112.0505,lake
uc-5296802,31.8543,-110.9937,desert|steppe
uc-5690366,46.8267,-100.8896,lake|river
uc-4955884,42.4523,-71.137,coast
uc-5004359,42.7223,-84.4275,
uc-4375087,38.4328,-90.3776,river
uc-4890536,41.5009,-90.4443,river
uc-4474436,35.2627,-77.5816,
uc-4657077,35.4834,-86.4603,
uc-5000947,46.5435,-87.3954,lake
uc-8347326,39.8286,-86.3822,
uc-4958141,43.4926,-70.4534,coast
uc-4678901,29.8752,-98.2625,
uc-5589394,42.7283,-111.5324,
uc-4081914,33.6143,-85.835,
uc-5273812,42.9106,-87.8606,lake
uc-5370493,36.6844,-121.8022,coast
uc-5804306,47.9445,-122.3046,coast
uc-4235668,39.4962,-88.1762,
uc-4272782,38.8792,-99.3268,
uc-13645935,21.3153,-157.9913,coast
uc-13645942,21.4779,-157.9945,coast
uc-4386387,38.7442,-90.3054,
uc-4575461,33.836,-79.0478,
uc-5124078,40.6702,-73.7466,coast
uc-5034767,45.1602,-93.0888,
uc-4094212,33.6198,-86.6089,
uc-4683317,33.154,-97.0647,
uc-4752229,37.3568,-77.4416,coast
uc-4400648,37.0434,-93.2943,
uc-13645940,21.3668,-158.0733,coast
uc-5528450,34.1848,-101.7068,steppe
uc-4894465,42.3445,-88.0417,
uc-4928703,42.4851,-71.4328,
uc-4977762,43.4393,-70.7742,
uc-7176035,47.866,-122.1551,coast
uc-5849297,20.7646,-156.4458,coast|mountain
uc-5324903,35.2091,-118.8284,steppe
uc-4862760,41.673,-93.6977,river
uc-4271935,38.8108,-94.9272,
uc-5711789,42.1946,-122.7095,
uc-5172078,40.2842,-84.1555,
uc-4986172,42.5467,-83.2113,
uc-5119019,43.0331,-78.9625,lake
uc-4227777,33.5871,-84.5424,
uc-4794531,38.7168,-77.1328,coast
uc-5166819,40.1448,-84.2424,
uc-4351887,39.4812,-76.6439,
uc-4577263,34.8298,-82.6015,
uc-4503646,39.3898,-74.524,coast
uc-5445820,37.0431,-100.921,steppe
uc-4539615,36.0229,-95.9683,river
uc-4595864,34.7371,-82.2543,
uc-5267403,42.5531,-87.9334,lake
uc-4557109,39.9376,-77.6611,
uc-4983811,41.8976,-84.0372,
uc-5713759,45.5579,-122.8676,
uc-4161424,26.6165,-80.101,coast
uc-5125011,43.1706,-78.6903,
uc-4516412,39.4353,-84.203,
uc-4154489,30.5188,-87.2728,coast
uc-4550881,35.9987,-96.1142,
uc-4673425,31.056,-97.4644,
uc-5322551,34.1431,-118.7379,coast
uc-4326868,30.5046,-90.4629,
uc-13645944,21.4839,-158.0468,coast
uc-4899739,42.2831,-87.9531,lake
uc-4277241,37.4109,-94.705,
uc-4521816,38.7317,-82.9977,river
uc-5353530,38.7632,-121.1638,
uc-5039675,44.4583,-93.1616,
uc-5168491,41.4756,-81.8393,lake
uc-4405180,38.8019,-94.4527,
uc-4143637,39.4496,-75.7163,coast
uc-4470244,34.879,-76.9013,coast
uc-4937557,42.5751,-71.9981,
uc-5423294,39.7555,-105.2211,steppe
uc-4186531,34.1653,-84.8023,
uc-5146055,40.8687,-82.3182,
uc-7315237,30.1708,-81.8355,
uc-4374513,38.5506,-90.3332,
uc-5385793,33.0417,-116.8681,
uc-5111141,40.6945,-73.7385,coast
uc-5703670,40.8324,-115.7631,river|steppe
uc-5306611,31.3404,-110.9343,steppe
uc-5166184,41.3901,-81.7596,lake
uc-4543352,35.3842,-97.7245,
uc-4782864,38.7887,-77.1128,coast
uc-5115989,40.8768,-73.3246,coast
uc-4342816,30.2366,-93.3774,
uc-4491180,35.2923,-81.5357,
uc-4838887,41.479,-72.1512,coast
uc-4163049,30.2455,-85.6483,coast
uc-5123840,40.8351,-73.1312,coast
uc-4585000,33.9815,-81.2362,lake
uc-5202765,40.4284,-79.6976,
uc-4352681,39.6529,-78.7625,
uc-4734350,32.2207,-98.2023,
uc-7315412,47.8974,-122.1815,coast
uc-5002344,41.9164,-83.3977,lake
uc-5218802,40.3634,-79.8664,river
uc-5803457,47.8601,-122.2043,coast
uc-4167424,30.5994,-87.1611,coast
uc-4518188,39.6428,-84.2866,
uc-4167601,30.1775,-81.3876,coast
uc-4406282,37.9514,-91.7713,
uc-4714149,30.1552,-95.2113,
uc-4899170,42.197,-88.0934,
uc-5254218,43.2286,-88.1104,
uc-4103448,34.5959,-92.4891,
uc-4154606,28.8528,-81.6853,
uc-4738574,29.548,-98.2911,
uc-4302504,38.1601,-85.6597,
uc-5195561,40.3267,-78.922,
uc-4596208,33.6835,-78.9984,coast
uc-5015688,42.2411,-83.613,
uc-5196220,40.0893,-75.396,
uc-11811570,41.28,-73.8716,coast
uc-4413595,38.7628,-93.7361,
uc-4902475,41.5261,-87.8892,
uc-5417258,39.0919,-108.449,river|steppe
uc-5137600,40.8665,-73.0357,coast
uc-4461015,36.0215,-80.382,river
uc-4562144,39.961,-75.608,
uc-4843362,41.4815,-73.2132,
uc-4945911,41.9668,-71.187,
uc-5131692,44.6995,-73.4529,lake
uc-5779068,40.8486,-111.9069,lake
uc-5166009,41.7245,-81.2457,lake
uc-4938378,42.5876,-72.5995,river
uc-4521209,39.8842,-82.7535,
uc-4223413,33.8573,-84.0199,
uc-5104882,41.0334,-74.6385,
uc-5121163,40.8154,-73.0451,coast
uc-5809333,45.7107,-122.649,
uc-7261553,34.2322,-118.2353,
uc-4409591,38.7878,-90.2159,river
uc-5052916,45.1219,-95.0433,
uc-4790534,38.9187,-77.2311,coast
uc-5027117,45.2789,-92.9852,
uc-5805815,45.6665,-122.5609,river
uc-5779548,40.0444,-111.7322,lake|steppe
uc-4299670,37.3281,-87.4989,
uc-4089114,32.4074,-87.0211,river
uc-5074792,41.1544,-96.0422,
uc-5879898,64.8,-147.5333,river
uc-4264617,38.9592,-85.8902,
uc-4360201,39.1071,-76.485,coast
uc-5200499,40.3479,-79.8642,river
uc-5280822,40.4084,-80.5392,
uc-5807212,48.1181,-123.4307,coast
uc-4670866,29.1694,-95.4319,
uc-5504003,39.608,-119.2518,desert|river
uc-4670234,27.7523,-98.0697,
uc-4899012,42.2586,-87.8406,lake
uc-5786485,45.7809,-122.5334,
uc-5343303,38.4455,-121.8233,
uc-4195701,33.6221,-84.3691,
uc-4896353,41.5573,-87.6656,
uc-4141363,39.6293,-75.6583,coast
uc-4315768,29.6241,-90.7512,
uc-4716805,30.093,-93.7365,coast|river
uc-4883207,41.6689,-87.7387,
uc-4163033,28.1511,-82.4615,
uc-4475773,35.824,-80.2534,
uc-4884434,41.8814,-87.8831,
uc-4460943,35.6507,-78.4564,
uc-5523369,31.6926,-106.2075,desert
uc-5751632,45.3565,-122.8401,
uc-8480031,41.3417,-72.136,coast
uc-5383187,38.0044,-122.2989,coast
uc-4174317,27.7181,-82.3518,coast
uc-5711149,42.2068,-121.7372,lake|river
uc-5148273,41.3139,-81.6851,
uc-5216895,40.3359,-80.0834,
uc-4995514,42.747,-84.4011,
uc-4276248,38.0467,-97.345,
uc-4501931,39.7029,-75.1118,coast
uc-4529292,34.6381,-99.334,
uc-5329649,33.6103,-114.5964,desert
uc-5810490,47.6445,-122.6949,coast
uc-5791159,47.3582,-122.1222,coast
uc-4901445,41.5039,-87.7131,
uc-5280814,40.419,-80.5895,river
uc-4528259,39.2131,-84.5994,
uc-5183234,40.2015,-77.1889,
uc-4264688,39.5214,-85.7769,
uc-4663494,35.362,-86.2094,
uc-4402245,37.0209,-93.206,
uc-4241704,39.7339,-90.229,
uc-4838116,41.2795,-72.5984,coast
uc-4350288,38.804,-76.9066,coast
uc-5134316,40.821,-73.143,coast
uc-4977222,43.5009,-70.4428,coast
uc-4692400,29.5389,-95.4474,
uc-5115962,40.6734,-73.4365,coast
uc-4929023,42.3754,-72.5192,
uc-5431710,38.4783,-107.8762,steppe
uc-4163487,29.0086,-82.1831,
uc-4676798,31.7093,-98.9912,
uc-4951594,42.0751,-72.0334,
uc-4889668,42.1711,-87.8445,lake
uc-4689311,32.3293,-96.6253,
uc-5793639,46.9965,-120.5478,
uc-4533580,36.3126,-95.6161,
uc-4880981,41.6117,-93.8852,
uc-4160100,28.2931,-82.6901,coast
uc-5126555,40.7934,-73.4151,coast
uc-4146723,27.8964,-81.8431,
uc-5173572,41.7189,-83.713,
uc-5311433,31.4715,-110.9765,desert|steppe
uc-4302035,36.6103,-88.3148,
uc-5785868,48.1987,-122.1251,coast
uc-5281730,41.8098,-72.8307,
uc-4209448,33.0801,-83.2321,river
uc-5048814,45.0564,-92.806,river
uc-5113790,42.6012,-76.1805,
uc-4957003,44.3106,-69.7795,river
uc-5147097,41.3662,-81.8543,lake
uc-5174550,41.3126,-81.4401,
uc-5281551,41.3462,-73.079,coast
uc-4094163,31.8088,-85.9699,
uc-5162188,41.5192,-81.4579,lake
uc-4433039,31.6941,-89.1306,
uc-5140402,40.8262,-73.5021,coast
uc-5148326,41.3984,-81.8046,lake
uc-4291255,39.0167,-84.6008,
uc-5241248,44.467,-73.171,lake
uc-5771960,41.5102,-112.0155,lake
uc-4226348,30.8366,-83.9788,
uc-4805404,39.4851,-80.1426,river
uc-4061234,30.523,-87.9033,coast
uc-7258671,38.8314,-76.7483,coast
uc-5795011,47.0962,-122.3587,coast
uc-5099738,40.5754,-74.3224,coast
uc-4225309,34.0515,-84.0713,lake|river
uc-4512060,39.2903,-84.5041,
uc-4373238,39.5754,-76.9958,
uc-4893037,41.4959,-87.8487,
uc-5164582,41.1828,-80.7654,
uc-5261969,44.6688,-90.1718,
uc-4770714,38.7043,-77.2278,coast
uc-5101427,40.7968,-74.4815,
uc-4427569,30.3858,-88.6117,coast
uc-4885342,41.1538,-87.8875,river
uc-4900817,40.4592,-90.6718,
uc-4535783,35.5323,-97.955,
uc-5336667,37.123,-120.2602,steppe
uc-5371858,33.8334,-117.2961,
uc-5730183,45.4468,-122.5304,
uc-4908236,42.3534,-88.0934,
uc-4917298,41.6411,-88.4473,
uc-4313697,37.9901,-84.1796,
uc-5779036,41.3072,-111.9602,lake
uc-4884509,41.955,-87.9401,
uc-4691833,32.7482,-96.4719,
uc-5127315,41.1112,-74.0685,coast
uc-4291620,38.1598,-85.5877,
uc-4341378,30.4013,-91.0009,
uc-4109785,33.2076,-92.6663,
uc-5012521,42.1395,-83.1783,lake
uc-5146089,41.865,-80.7898,lake
uc-4334720,31.7607,-93.0863,
uc-5097315,40.884,-74.5621,
uc-4905006,41.3456,-88.8426,river
uc-5394842,35.5005,-119.2718,steppe
uc-4772943,37.506,-77.6492,
uc-4929004,42.8584,-70.93,coast|river
uc-4893070,41.9353,-87.8656,
uc-8480062,37.4488,-77.4735,
uc-4542367,34.9334,-95.7697,
uc-4717232,31.7621,-95.6308,
uc-4382837,38.6609,-90.4226,
uc-4681485,29.7388,-95.758,
uc-4066811,33.2962,-86.8436,
uc-4946620,42.1584,-72.3287,
uc-4147241,26.6845,-80.6676,lake
uc-4759968,38.7821,-77.1464,coast
uc-5152833,41.6539,-81.4504,lake
uc-4396915,38.597,-90.5093,
uc-5333282,38.6688,-120.9872,
uc-5173048,40.3698,-80.634,river
uc-4525304,39.5523,-84.2333,
uc-7257422,41.4499,-72.8189,coast
uc-7258832,38.9684,-76.8511,coast
uc-4386289,37.7809,-90.4218,
uc-5527953,35.5362,-100.9599,
uc-4155726,27.5803,-80.3867,coast
uc-5794559,45.6846,-122.5751,
uc-4456703,36.2168,-81.6745,
uc-5388735,34.8641,-118.1634,steppe
uc-4244099,39.4831,-88.3728,
uc-5324802,35.1186,-120.5907,coast
uc-5785657,48.5126,-122.6127,coast
uc-5803786,47.8554,-121.971,
uc-5198034,40.2309,-75.5221,
uc-13100434,21.4789,-157.988,coast
uc-4845871,41.1954,-73.4379,coast
uc-5121636,40.8681,-73.4257,coast
uc-4266307,38.6773,-87.5286,river
uc-5107152,42.9387,-74.1882,river
uc-5420241,37.2753,-107.8801,
uc-4581023,32.9185,-80.022,coast
uc-4465088,36.2946,-76.2511,coast
uc-4945256,42.8126,-70.8773,coast|river
uc-4948924,42.1307,-70.9162,coast
uc-4982753,43.677,-70.3712,coast
uc-4220629,30.7305,-81.5465,coast
uc-4886738,42.212,-88.2381,
uc-5225631,41.3776,-71.8273,coast
uc-4120792,34.8668,-92.4043,river
uc-4475622,34.2563,-78.0447,coast
uc-5279436,44.3836,-89.8174,river
uc-4475640,35.914,-81.539,
uc-5128266,41.0887,-74.0135,coast
uc-5838198,44.7972,-106.9562,
uc-5128884,40.6976,-73.4251,coast
uc-5558953,40.8665,-124.0828,coast
uc-4389418,39.7084,-91.3585,river
uc-5853992,21.5028,-158.0246,coast
uc-4753671,37.268,-77.4073,coast
uc-4243899,37.7306,-88.9331,
uc-5096798,40.5746,-74.3021,coast
uc-4922968,40.7545,-86.3567,river
uc-5130081,43.4554,-76.5105,lake|river
uc-5105433,40.3043,-74.1004,coast
uc-4239509,38.9556,-90.1868,
uc-5224082,41.6023,-71.2503,coast
uc-4845823,41.7107,-72.2081,
uc-4350160,39.0576,-76.9358,
uc-4845056,41.457,-72.8232,coast
uc-4913110,41.9889,-88.6868,
uc-4151440,28.3861,-80.742,coast
uc-4813878,39.4562,-77.9639,
uc-4163388,25.9412,-81.7184,coast
uc-5173930,41.1145,-83.178,
uc-5016024,43.648,-93.3683,
uc-4951397,42.2584,-72.5745,river
uc-4439506,30.4113,-88.8278,coast
uc-4896012,41.8009,-87.937,
uc-4262072,39.9289,-85.3702,
uc-4502687,39.8243,-74.9977,coast
uc-4829307,28.9828,-95.9694,
uc-4984029,42.9723,-85.9536,
uc-5385082,36.7758,-121.6697,coast
uc-4754966,38.4732,-77.9967,
uc-5055787,40.1947,-92.5833,
uc-5128886,40.7165,-73.3218,coast
uc-5508180,36.8055,-114.0672,desert
uc-5164390,40.4898,-81.4457,river
uc-4170797,27.9908,-82.6932,coast
uc-5164706,40.8759,-81.4023,
uc-4373449,39.0398,-76.993,coast
uc-4780837,37.1318,-80.5764,river
uc-4093753,30.5902,-88.1708,coast
uc-5144736,43.1801,-73.7443,
uc-4952320,42.3834,-71.4162,
uc-4529096,34.7745,-96.6783,
uc-5223358,41.5457,-71.2914,coast
uc-4765553,38.8951,-77.2117,coast
uc-4369076,38.974,-76.849,coast
uc-4535414,33.994,-96.3708,
uc-4837278,41.8387,-71.8692,
uc-5123456,40.8862,-73.2573,coast
uc-5717758,45.2629,-122.6926,river
uc-4404233,36.757,-90.3929,river
uc-5374671,37.8349,-122.1297,coast
uc-5597955,43.4918,-116.4201,steppe
uc-4062644,30.4066,-87.6836,coast
uc-4170688,27.7209,-82.4331,coast
uc-5731070,45.8404,-119.2895,steppe
uc-4713932,29.9744,-93.9924,coast
uc-5354172,36.3208,-121.2438,mountain
uc-4748993,36.5965,-82.1885,
uc-4303012,38.1412,-85.6877,
uc-5559320,40.8424,-124.0637,coast
uc-5106615,41.0095,-74.1729,
uc-5145028,40.632,-73.7126,coast
uc-4921725,40.8831,-85.4975,river
uc-5359052,32.8475,-115.5694,desert
uc-5294167,32.7559,-111.5548,desert
uc-4798308,37.7782,-81.1882,
uc-4939647,42.3518,-71.8634,
uc-5095325,40.5804,-74.2852,coast
uc-5116060,40.9415,-73.1059,coast
uc-4625282,36.3231,-86.7133,
uc-4194474,33.4487,-84.4549,
uc-5235024,44.5439,-73.1479,lake
uc-4846757,41.6442,-93.4647,
uc-4736028,32.736,-96.2753,
uc-4938836,42.1132,-70.812,coast
uc-5316890,32.2517,-110.7373,desert|steppe
uc-5745380,45.6721,-118.7886,steppe
uc-5136421,40.7359,-73.0821,coast
uc-4421935,34.2001,-90.5709,
uc-4238132,38.5889,-89.9904,
uc-5165101,41.2426,-82.6157,
uc-4171782,26.4673,-81.8015,coast
uc-4933743,42.4604,-71.349,
uc-4659557,36.5092,-86.885,
uc-4619800,36.0345,-89.3856,
uc-5151861,41.2845,-84.3558,
uc-4348353,39.0348,-76.9075,
uc-5789683,46.7162,-122.9543,
uc-4911418,41.52,-88.2017,
uc-5163799,40.3934,-82.4857,
uc-4916140,41.8506,-87.882,
uc-4571722,32.2371,-80.8604,coast
uc-4226552,31.4505,-83.5085,
uc-4929417,42.1945,-71.8356,
uc-5377100,35.0427,-120.476,coast
uc-4768678,37.6429,-77.5089,
uc-4735702,30.5708,-97.4094,
uc-4480219,35.7454,-81.6848,
uc-4289445,37.6456,-84.7722,
uc-5220798,41.7407,-71.3087,coast
uc-4915545,40.7037,-89.4073,
uc-5205849,40.1304,-75.5149,
uc-4710749,26.1498,-97.9136,
uc-4054378,33.6457,-86.6836,
uc-4394905,38.5334,-90.2793,river
uc-4212888,33.9412,-84.2135,
uc-5743731,45.4168,-122.6401,river
uc-4353962,38.7743,-76.0763,coast
uc-4935582,42.2668,-72.669,river
uc-7315409,47.8053,-122.2406,coast
uc-4552707,35.9154,-94.97,
uc-5293083,31.3446,-109.5453,desert|steppe
uc-4336153,30.5335,-92.0815,
uc-4938048,42.207,-71.6856,
uc-7260095,26.3386,-80.1869,coast
uc-4676206,30.1669,-96.3977,
uc-5245193,43.4578,-88.8373,
uc-5338196,36.1397,-120.3602,steppe
uc-4842818,41.3968,-73.0759,coast
uc-4997500,42.9072,-85.792,river
uc-5113142,42.7742,-73.7001,river
uc-4686593,26.1703,-98.052,steppe
uc-4791160,38.9012,-77.2653,coast
uc-5197159,40.2415,-75.2838,
uc-4656585,35.8681,-83.5618,
uc-4533029,35.0526,-97.9364,
uc-4204007,30.8,-81.6898,coast
uc-4738721,29.2097,-99.7862,
uc-4174201,27.1975,-80.2528,coast
uc-4254021,39.7628,-86.3997,
uc-4346788,30.6485,-91.1565,
uc-5042773,44.5625,-92.5338,river
uc-4408672,36.8767,-89.5879,
uc-4382072,38.5245,-90.3573,
uc-5855051,21.3156,-158.0072,coast
uc-5153680,41.4414,-81.8643,lake
uc-5416005,38.441,-105.2425,river|steppe
uc-5045258,45.21,-93.665,
uc-4920986,41.5284,-87.4236,lake
uc-4323873,29.8458,-90.1067,lake
uc-7262790,21.4984,-158.0651,coast
uc-4748305,37.5249,-77.5578,river
uc-5265499,43.1117,-88.4993,
uc-4176409,27.6386,-80.3973,coast
uc-5812604,46.3237,-120.0087,steppe
uc-5736218,44.5365,-122.907,
uc-4146934,27.4253,-82.5904,coast
uc-5173210,41.2392,-81.3459,
uc-4185657,34.5026,-84.951,
uc-4902754,40.6128,-89.4593,
uc-5262634,44.8755,-91.9193,
uc-5403676,39.328,-120.1833,river
uc-5155207,41.3503,-83.1219,lake
uc-4692746,33.6259,-97.1333,
uc-5785243,46.9754,-123.8157,coast
uc-5099292,40.944,-74.6707,
uc-4982236,44.552,-69.6317,river
uc-5379759,39.5139,-121.5578,lake|river
uc-5088438,43.5279,-71.4703,lake
uc-5030005,47.4271,-92.9377,
uc-4192205,32.5404,-82.9038,river
uc-5720495,43.3665,-124.2179,coast
uc-4471851,34.9704,-78.9453,
uc-4702732,29.7858,-95.8244,
uc-4184845,31.1501,-81.4915,coast
uc-4802316,39.2807,-80.3445,
uc-4701458,30.4427,-97.775,
uc-4503346,39.7435,-74.281,coast
uc-5100748,40.7598,-74.4171,
uc-7315234,30.4065,-87.0055,coast
uc-4734909,33.1384,-95.6011,
uc-4361831,39.0921,-76.8178,
uc-4131116,36.1881,-94.5405,
uc-5029181,45.2502,-93.2499,
uc-4920473,40.2795,-86.5108,
uc-4712933,33.1568,-94.9683,
uc-4919820,41.4942,-87.5217,
uc-5134693,40.9806,-73.6837,coast
uc-4046704,38.7329,-77.058,coast
uc-4179667,32.0724,-84.2327,
uc-5193309,41.2334,-80.4487,
uc-5019588,45.1719,-93.8747,
uc-4919381,40.0412,-86.8744,
uc-4405434,37.12,-93.4802,
uc-4452303,35.3501,-80.2001,
uc-4752136,38.5698,-77.2669,coast
uc-4219001,33.5726,-84.4133,
uc-4720833,33.2362,-96.8011,
uc-4718209,29.6261,-95.7316,river
uc-4402178,38.7012,-90.3623,
uc-4994391,42.9098,-85.7631,river
uc-4869195,41.7492,-91.5979,
uc-4286281,39.0276,-84.7241,
uc-5406421,34.5005,-118.1165,
uc-4173600,28.3931,-81.3834,
uc-5404476,39.1502,-123.2078,
uc-4704027,29.3686,-94.9713,coast
uc-4727605,32.6396,-96.5383,
uc-4922673,40.0484,-86.4692,
uc-5130780,41.059,-74.0218,coast
uc-4189213,33.6676,-84.0177,
uc-4165519,30.421,-87.3075,coast
uc-4670146,29.9324,-95.3802,
uc-5223505,41.4501,-71.4495,coast
uc-5258296,44.278,-88.272,lake|river
uc-4165869,28.2442,-82.7193,coast
uc-5146233,41.3175,-81.3454,
uc-5240509,43.6106,-72.9726,
uc-5095281,40.2204,-74.0121,coast
uc-4765520,38.7476,-77.083,coast
uc-4354234,39.6068,-75.8333,coast
uc-4670555,26.2873,-98.3133,steppe
uc-4485272,35.1954,-79.4695,
uc-4693150,31.4352,-97.7439,
uc-5146282,41.4598,-82.0196,lake
uc-4898846,41.805,-87.8692,
uc-4272340,38.3645,-98.7648,river
uc-4764127,37.546,-77.3278,
uc-4068446,33.4512,-86.9967,
uc-4092788,33.4359,-86.1058,lake
uc-7315418,47.836,-122.1877,coast
uc-13100438,21.6058,-157.9265,coast
uc-5162851,41.3614,-81.8129,lake
uc-5380437,36.6177,-121.9166,coast
uc-5229794,43.7094,-98.0298,
uc-4699442,29.9988,-95.2622,
uc-4885418,41.142,-87.8611,river
uc-4354256,39.2126,-76.7136,coast
uc-4346913,39.5096,-76.1641,coast
uc-4589446,33.816,-78.68,coast
uc-5040477,45.2741,-93.5914,river
uc-5500539,35.9786,-114.8325,desert|lake
uc-5284756,34.3992,-118.9181,
uc-4161400,27.9014,-81.5859,
uc-4353925,38.958,-76.911,coast
uc-4475347,34.7741,-79.4628,
uc-4429589,34.824,-89.9937,
uc-5540831,37.1753,-113.29,steppe
uc-4840755,41.6765,-71.9151,
uc-4558475,39.8007,-76.983,
uc-4205885,33.794,-84.6605,
uc-5126208,40.802,-72.8409,coast
uc-7258965,40.9306,-73.1018,coast
uc-5802493,47.8509,-122.2393,coast
uc-4861719,41.358,-93.5574,
uc-4215391,32.4582,-83.7316,
uc-4259640,38.3914,-86.9311,
uc-4231523,33.9926,-83.7202,
uc-4574989,34.6834,-82.8374,lake
uc-4428495,33.5162,-90.1795,
uc-4174861,28.8042,-81.7256,lake
uc-5059836,46.9105,-98.7084,river
uc-4464873,36.4885,-79.7667,
uc-5146675,41.4848,-81.9221,lake
uc-4161178,28.5017,-81.5409,lake
uc-4618057,36.077,-87.3878,
uc-4057835,34.1748,-86.8436,
uc-4707055,29.5652,-98.3364,
uc-4488232,36.4615,-77.6542,lake|river
uc-5308305,34.2309,-111.3251,
uc-4843786,41.8084,-72.2495,
uc-5756304,45.5946,-121.1787,river
uc-5476913,34.8062,-106.7334,river|steppe
uc-4889959,41.8389,-89.4796,
uc-5245359,44.4442,-87.9201,lake
uc-5399976,34.267,-118.3023,
uc-4076239,32.4799,-86.3619,river
uc-5854496,20.8913,-156.506,coast
uc-8299577,40.6082,-74.518,
uc-5815136,45.5826,-122.3534,river
uc-5722064,44.9193,-123.317,
uc-4470566,36.3296,-78.3992,lake
uc-4493186,35.0907,-80.6862,
uc-5268986,44.8614,-92.6238,
uc-4352728,39.2884,-77.2039,
uc-4308122,38.212,-85.2236,
uc-5572400,40.4163,-120.653,
uc-4520905,39.9956,-82.6743,
uc-5012495,44.7631,-85.6206,lake
uc-4772735,38.8743,-77.2269,coast
uc-4837648,41.4398,-72.0142,coast
uc-5337908,38.9582,-122.6264,
uc-5567770,40.9465,-124.1006,coast
uc-4959473,43.9145,-69.9653,coast
uc-4294799,38.1429,-85.6241,
uc-5387749,37.7416,-121.1244,river
uc-4367419,39.3384,-76.4797,coast
uc-5114900,42.904,-78.6923,
uc-4595374,34.0488,-81.1465,lake|river
uc-4231354,32.0035,-80.9737,coast
uc-5381325,36.6116,-119.5271,steppe
uc-4437982,31.5602,-91.4033,river
uc-4351851,39.1082,-76.9977,
uc-4868907,41.6997,-93.048,
uc-5364916,35.2597,-118.9143,steppe
uc-4619943,34.9959,-85.1502,
uc-4527124,39.8906,-84.1988,
uc-5387687,38.691,-121.4486,
uc-5103086,41.0573,-74.141,coast
uc-4626334,36.1632,-82.831,
uc-4245152,38.3173,-88.9031,
uc-4346991,39.0032,-76.9719,coast
uc-4760232,38.9182,-78.1944,
uc-5278693,44.8908,-89.5476,
uc-5512827,39.6491,-119.7074,steppe
uc-7259265,37.7057,-92.1572,
uc-4935211,42.0418,-70.6723,coast
uc-4912499,41.7886,-89.6962,
uc-4793846,37.2707,-76.7075,coast
uc-5315062,32.5964,-114.7097,desert
uc-4146389,28.0653,-81.7887,
uc-5118743,43.0528,-74.3438,
uc-5523074,34.8152,-102.3993,river|steppe
uc-5108093,42.9981,-78.1875,
uc-5520552,35.8656,-101.9732,steppe
uc-3441575,-34.9033,-56.1882,coast
uc-3440714,-31.3881,-57.9598,river
uc-3441894,-34.8979,-54.9502,coast
uc-3442057,-34.7302,-56.2191,coast
uc-3440781,-30.9053,-55.5508,
uc-3441243,-32.3171,-58.0807,coast|river
uc-3440034,-31.7188,-55.9793,
uc-3441702,-32.3682,-54.1641,
uc-3443758,-30.4043,-56.4693,
uc-3441684,-33.2524,-58.0305,river
uc-3442727,-33.3806,-56.5231,
uc-3441665,-34.3759,-55.2377,
uc-3442585,-34.1003,-56.2148,
uc-3440639,-34.339,-56.7134,
uc-3443013,-34.4626,-57.8398,coast
uc-10098279,-34.7524,-56.0026,coast
uc-3440696,-34.7912,-54.9182,coast
uc-3440777,-34.48,-54.3306,coast
uc-3442568,-33.1165,-58.3107,coast
uc-3439781,-33.231,-54.3858,
uc-3443413,-34.5238,-56.2822,
uc-3441354,-34.7172,-55.9584,coast
uc-3439748,-33.5165,-56.8996,
uc-3443341,-34.0002,-58.284,coast
uc-3442778,-34.7649,-56.3645,coast
uc-3442750,-33.5301,-58.217,coast
uc-3439525,-32.6984,-57.6269,
uc-3440571,-34.4533,-56.3906,
uc-1512569,41.2647,69.2163,
uc-1514588,40.7834,72.3507,steppe
uc-1513157,40.9983,71.6726,steppe
uc-1216265,39.6546,66.9644,desert
uc-1217662,39.7703,64.4307,desert
uc-1514019,40.3842,71.7843,desert
uc-601294,42.4586,59.6058,desert
uc-1216311,38.8606,65.7891,desert|steppe
uc-1512979,40.5286,70.9425,desert
uc-1513243,40.4724,71.7246,desert
uc-1514581,41.0167,70.1436,
uc-1215957,37.2242,67.2783,desert|river
uc-1513886,40.1335,67.8296,
uc-1513064,40.8447,69.5983,
uc-1514210,41.4689,69.5822,
uc-1512473,41.5518,60.6314,desert
uc-1513131,40.0844,65.3792,desert|steppe
uc-1216187,39.0578,66.8342,
uc-1513604,41.3856,60.3641,desert
uc-1514192,41.0033,71.2379,steppe
uc-1513331,40.2972,71.9803,steppe
uc-1514382,40.4358,70.6103,desert
uc-1514402,40.2208,69.2697,river|steppe
uc-1216982,39.9055,66.2656,desert
uc-1513966,40.4954,68.7754,steppe
uc-601323,43.0433,58.8394,desert
uc-1217474,38.2675,67.8989,steppe
uc-1512832,40.7133,72.0571,steppe
uc-1217007,39.0375,65.585,desert|steppe
uc-601339,42.4088,59.4454,desert
uc-1514387,41.6911,60.7525,desert|river
uc-1215839,39.419,67.2612,steppe
uc-1513271,40.6415,72.2387,steppe
uc-1512339,41.112,69.0471,
uc-1513017,41.2944,69.6764,
uc-601417,43.0687,58.9037,desert
uc-1514258,41.0692,71.8237,steppe
uc-1512524,41.0321,69.3625,
uc-1513714,41.2494,71.5474,steppe
uc-1513962,41.8412,60.3927,desert
uc-1513092,41.55,61.0167,desert
uc-1526979,40.522,72.0729,desert
uc-1512342,40.275,68.8225,steppe
uc-1513578,40.8026,72.975,
uc-1513983,40.1022,64.6823,desert
uc-1216787,39.1216,66.886,
uc-1512501,41.1137,72.0791,river|steppe
uc-1217926,39.9214,65.9253,desert|steppe
uc-1512480,40.1269,68.4944,steppe
uc-1512986,40.8972,69.3506,
uc-1512955,40.3567,71.2847,steppe
uc-1513040,40.9294,72.4969,steppe
uc-1513245,42.1156,60.0597,desert
uc-1513953,40.7278,72.8858,steppe
uc-1514716,40.8195,72.7423,steppe
uc-1513087,40.5614,65.6886,desert|steppe
uc-1512549,40.9998,71.5116,steppe
uc-1216475,39.2553,65.1528,desert|steppe
uc-1512449,41.029,71.85,steppe
uc-1217658,39.76,67.2744,desert
uc-1512770,40.8436,68.6617,steppe
uc-1512658,40.9162,71.5782,desert|river
uc-1512350,41.1947,71.7238,steppe
uc-1513023,40.8736,71.1089,desert|river
uc-1513567,41.3897,69.465,
uc-1513900,41.5539,69.7008,
uc-1215694,39.9606,68.3958,steppe
uc-1512790,41.6582,60.2945,desert
uc-1217734,38.2084,67.2066,
uc-1512506,41.05,62.7833,desert
uc-1512838,40.12,64.5014,desert
uc-1513655,40.9167,72.1167,steppe
uc-1514174,40.8158,72.8317,steppe
uc-1513010,40.8977,72.2449,steppe
uc-1513364,40.7319,72.7618,steppe
uc-1514615,40.3919,71.4742,desert
uc-1216115,37.9994,67.7875,steppe
uc-1512320,40.3758,70.8156,desert
uc-1512372,41.1192,70.0941,
uc-1514011,40.6647,68.1677,steppe
uc-1512287,40.9833,68.9,
uc-1513011,40.0114,66.2311,desert|river
uc-1514008,40.027,67.5878,
uc-1217262,38.6213,66.2515,
uc-1514109,40.6892,72.6093,steppe
uc-1514219,40.8768,71.9726,steppe
uc-1514215,40.9363,68.7613,
uc-1217084,39.5333,63.8333,desert|river
uc-1513996,41.5581,69.7708,
uc-1217362,39.7161,66.6642,desert
uc-1513038,40.3118,67.9567,
uc-1513600,40.6689,72.56,steppe
uc-1538533,40.7646,72.9765,
uc-1514330,40.8111,69.1942,
uc-1217540,39.0336,66.5722,desert
uc-1217703,38.8214,65.6531,desert|steppe
uc-1514125,40.5288,68.0315,
uc-1512423,40.0003,64.5021,desert|river
uc-1512978,41.5328,60.347,desert
uc-1513957,41.3194,61.0742,desert
uc-1512348,40.0254,65.9609,desert|river|steppe
uc-1514140,41.2222,61.3067,desert|river
uc-1217569,39.92,66.8623,desert
uc-2135171,-17.7365,168.3137,coast
uc-3646738,10.488,-66.8792,coast|mountain
uc-3625549,10.1615,-68.0004,lake
uc-3633009,10.6423,-71.6109,coast
uc-3648522,10.0647,-69.357,
uc-3645528,8.3512,-62.641,river
uc-3648559,10.1384,-64.6877,coast|steppe
uc-3632998,10.2497,-67.5948,lake
uc-3778045,9.7457,-63.1832,
uc-3628473,7.7659,-72.2358,river
uc-3625829,10.2286,-67.4742,
uc-3645532,8.1237,-63.5469,river
uc-3644768,10.4639,-64.1786,coast
uc-3648546,8.6206,-70.231,
uc-3629672,10.2138,-64.6328,coast
uc-3647651,10.3991,-71.4521,coast
uc-3632308,8.579,-71.1692,mountain
uc-3805673,7.8896,-67.4718,river
uc-3633622,10.3495,-67.0427,
uc-3487903,8.5931,-70.2261,
uc-3627047,10.2329,-66.6647,
uc-3625542,9.3178,-70.6036,
uc-3628423,10.3401,-68.743,
uc-3640049,10.4703,-66.6193,coast|mountain
uc-3645213,11.4077,-69.6782,coast|steppe
uc-3645527,10.2016,-71.3148,coast
uc-3639898,10.474,-66.5424,coast
uc-3641351,8.889,-64.2527,
uc-3629965,10.9577,-63.8697,coast
uc-3649833,9.5545,-69.1956,
uc-3644918,10.1624,-66.8825,
uc-3649017,9.5814,-69.2385,
uc-3637012,10.1833,-66.7,
uc-3629706,10.4731,-68.0125,coast
uc-3647444,8.9242,-67.4293,lake|river
uc-3646382,10.6652,-63.2539,coast
uc-3631412,10.1182,-66.7751,
uc-3629576,11.6915,-70.1992,coast|steppe
uc-3641099,8.6135,-71.657,
uc-3628053,9.9125,-67.354,river
uc-3625515,9.2155,-66.0073,
uc-3486270,9.4296,-64.4643,
uc-3633444,10.0608,-72.5521,
uc-3645854,10.2425,-66.8572,
uc-3634922,10.2268,-67.3312,
uc-3628489,9.001,-71.9268,
uc-3629710,5.6605,-67.5834,
uc-3646487,10.1728,-70.081,steppe
uc-3644417,8.5466,-71.2409,mountain
uc-3638371,10.6192,-71.8381,
uc-3628503,9.6641,-68.5866,
uc-3632929,10.2953,-67.7177,lake
uc-3626219,9.9186,-68.3047,
uc-3629614,11.6581,-70.215,coast|steppe
uc-3625207,10.0808,-69.1242,river
uc-3625710,8.0162,-62.4056,
uc-3640226,9.0393,-69.7336,
uc-3638374,10.4119,-71.6892,coast
uc-3628066,11.0124,-63.9441,coast
uc-3646190,10.6054,-67.0324,coast|steppe
uc-3625929,9.0626,-62.0521,river
uc-3625341,10.0386,-67.4894,river
uc-3628952,7.7016,-72.3555,
uc-3628142,8.8872,-64.1651,
uc-3628966,10.3258,-72.3134,
uc-3627034,9.7901,-71.0708,coast
uc-3639747,10.0834,-67.778,lake
uc-3641275,9.7871,-69.7929,
uc-3625066,9.3503,-65.3245,
uc-3626764,8.2306,-70.822,
uc-3625979,9.3659,-70.4366,
uc-3645671,10.1595,-68.8945,
uc-3628267,10.2606,-67.7935,lake
uc-3627420,10.7927,-71.6851,coast
uc-3648132,9.2538,-70.2511,
uc-3646869,9.3057,-64.3584,
uc-3649408,9.86,-66.3814,
uc-3631878,10.4871,-68.2008,coast
uc-3647537,7.635,-66.1681,river
uc-3628549,7.8112,-72.4444,
uc-3630893,11.0008,-63.793,coast
uc-3804949,7.2424,-70.7323,
uc-3628060,8.0312,-72.2605,
uc-3795152,8.2152,-72.2489,
uc-3629606,9.6913,-63.6092,
uc-3632399,9.8464,-70.9266,coast
uc-3630896,9.4452,-70.4756,
uc-3625655,7.9216,-72.444,
uc-3627713,10.962,-71.7303,coast
uc-3625346,9.3319,-69.1197,
uc-3631507,10.1504,-68.5648,
uc-3645531,8.353,-70.5712,
uc-3645525,7.4521,-63.3199,
uc-3648540,8.7617,-70.412,
uc-3629419,9.9287,-69.6201,
uc-3626047,8.3301,-71.7528,
uc-3627561,7.8135,-71.1779,
uc-3649810,7.7792,-68.2237,
uc-3637623,10.1301,-71.2595,coast
uc-3630089,9.3708,-69.2103,
uc-3646534,10.1113,-63.0999,coast
uc-3635325,10.2542,-67.1733,
uc-3625944,9.273,-65.7715,
uc-3629790,8.9625,-71.6075,coast
uc-3646581,10.4968,-63.5529,coast
uc-3639526,10.4829,-66.101,coast
uc-3630687,8.8436,-64.7105,
uc-3639725,10.5772,-62.2984,coast
uc-3644440,10.2855,-69.1624,
uc-3628853,8.7523,-69.9335,
uc-3626235,9.6989,-68.4327,
uc-3629653,10.059,-65.037,coast
uc-3625892,7.2986,-61.505,
uc-3795170,8.1332,-71.9839,
uc-3640215,8.6962,-69.2083,
uc-3626352,9.0053,-62.6449,
uc-3628545,9.7521,-69.6524,
uc-3630894,9.4104,-70.5012,
uc-3648873,10.4395,-68.895,
uc-3627614,7.6429,-72.2764,
uc-3480908,11.0333,-63.8628,coast
uc-3628921,9.4349,-70.775,
uc-3480899,10.9974,-64.0181,coast
uc-3634965,11.4608,-69.5657,coast|steppe
uc-3648386,10.1738,-68.2589,
uc-3625965,10.7901,-68.3256,coast
uc-3647462,9.1415,-71.0674,coast
uc-3649100,9.4559,-64.8293,
uc-3631208,9.2957,-69.4543,
uc-3632198,10.1508,-68.3932,
uc-3629601,10.9012,-64.0969,coast
uc-3641440,9.3863,-67.0582,river
uc-3646175,10.2831,-66.3759,
uc-3629696,11.4861,-69.3532,coast
uc-3633248,10.3656,-66.1339,coast
uc-3627382,4.6023,-61.1103,
uc-3632072,10.2131,-68.3267,
uc-3639107,11.0817,-63.9655,coast
uc-3637624,8.5046,-71.3894,
uc-3644571,11.0227,-70.6777,steppe
uc-3639922,7.477,-61.8967,
uc-3642390,7.0609,-69.4976,
uc-3625696,10.1585,-69.0078,
uc-3641008,9.0598,-72.2346,
uc-3644767,10.2506,-63.9194,
uc-3631791,9.3918,-70.5906,
uc-3645360,8.3261,-72.0874,
uc-7909705,11.8235,-70.2564,coast|steppe
uc-3646296,8.746,-72.5189,
uc-3640324,10.2664,-68.8199,
uc-3648506,8.7696,-70.1109,
uc-3628918,10.1211,-69.0364,
uc-3625963,8.97,-71.2728,coast
uc-3626302,10.2593,-71.3634,coast
uc-3649005,10.58,-64.2555,coast
uc-3647535,9.8176,-63.6133,
uc-3629102,10.319,-65.9775,coast
uc-3628129,10.3012,-65.9905,coast
uc-3648042,10.2475,-68.7697,
uc-3645522,9.9399,-65.1652,coast|steppe
uc-3627418,8.3993,-71.6408,
uc-3647400,8.1073,-67.6074,river
uc-3646316,10.5042,-63.4173,coast
uc-3632260,7.9564,-72.2424,
uc-3635260,9.5372,-68.6302,
uc-3648685,8.2535,-71.8282,
uc-3626237,8.9822,-70.7393,
uc-3631465,9.1401,-71.0914,coast
uc-3648507,8.6989,-62.1966,
uc-3643361,9.4751,-70.7349,
uc-3632401,10.6809,-71.0361,
uc-3636861,6.8333,-63.3333,
uc-3629768,11.9479,-69.9231,coast|steppe
uc-3642260,9.6393,-68.1292,
uc-3648127,8.8466,-69.9803,
uc-3645944,9.3375,-66.2528,
uc-3631431,8.607,-70.1049,
uc-3627680,9.6781,-68.9728,river
uc-3638904,8.7136,-71.4442,
uc-3643353,6.7158,-61.6374,river
uc-3625155,10.597,-68.6733,
uc-1566083,10.823,106.6296,
uc-1581130,21.0245,105.8412,river
uc-1581298,20.8648,106.6834,coast
uc-1586203,10.0371,105.7883,coast|river|wetland
uc-1583992,16.0678,108.2208,coast
uc-1580240,16.4619,107.5955,coast
uc-1587923,10.9447,106.8243,
uc-1562798,18.6734,105.6923,coast|river
uc-1566166,19.8,105.7667,coast
uc-1591527,21.2731,106.1946,
uc-1572151,12.2451,109.1943,coast
uc-1568574,13.7765,109.2237,coast
uc-1562820,21.3227,105.402,river
uc-1562414,10.346,107.0843,coast|wetland
uc-1568510,10.0124,105.0809,coast
uc-1573517,20.4339,106.1773,river
uc-1586896,12.6675,108.0378,
uc-1566319,21.5942,105.8482,
uc-1588060,11.15,106.6,
uc-8531735,10.2241,103.9716,coast
uc-1570357,10.6333,107.0667,coast
uc-1594308,13.8858,109.1082,coast
uc-1572532,19.3275,105.8214,coast
uc-1591449,21.1861,106.0763,
uc-1575627,10.3864,105.4352,river|wetland
uc-1588129,21.0833,105.3833,
uc-1568770,15.1205,108.7923,coast
uc-1574023,10.36,106.36,coast|river|wetland
uc-1580410,20.9505,107.0734,coast
uc-1581047,18.3428,105.9057,coast
uc-1584071,11.9465,108.4419,
uc-8594709,10.4963,107.1685,coast
uc-1560565,10.9333,107.2333,
uc-1582497,21.0824,106.5138,coast
uc-1581326,20.941,106.333,
uc-13589354,21.4198,105.8899,
uc-1567621,21.1405,105.5069,river
uc-1571951,12.4919,109.1249,coast
uc-1571058,10.9289,108.1021,coast
uc-1583478,15.8885,108.2545,coast
uc-1586443,9.1768,105.1524,
uc-1571067,11.5643,108.9886,coast
uc-1567788,9.5999,105.9719,coast
uc-1585489,21.0667,106.3167,
uc-1567069,10.5359,106.4137,coast|wetland
uc-1568212,10.2909,105.7563,wetland
uc-1586151,10.4602,105.6329,river|wetland
uc-1567032,10.7983,105.2389,river
uc-1578500,14.3545,108.0076,
uc-1576633,21.8526,106.761,
uc-1565047,21.046,106.079,
uc-9081327,11.287,106.1294,
uc-1586360,21.01,107.2734,coast
uc-1562773,9.3244,105.9801,coast
uc-1570656,21.237,105.7048,
uc-12253704,10.2872,104.0105,coast
uc-1584242,21.6338,105.6377,
uc-9075789,10.9266,107.2478,
uc-1588275,11.548,107.8077,
uc-1582886,17.4688,106.6223,coast
uc-1582436,11.535,106.8832,
uc-1581755,9.2344,105.4583,coast
uc-1567148,15.5736,108.474,coast
uc-1582926,16.8163,107.1003,coast
uc-1564046,11.0299,106.3575,
uc-1582173,11.7356,108.3733,
uc-12217184,11.8155,108.2144,
uc-1577995,10.6599,107.7721,coast
uc-1563926,9.9472,106.3423,coast|wetland
uc-1565136,10.2721,105.5338,river|wetland
uc-1591474,9.2941,105.7278,coast
uc-1563281,13.0955,109.3209,coast|river
uc-1582190,14.8135,108.9593,coast
uc-1590900,21.4385,103.69,
uc-1586296,10.6086,106.6714,coast
uc-1578163,18.0624,106.2983,coast
uc-1581331,15.9167,108.1333,coast
uc-1586350,11.9214,109.1591,coast
uc-1564555,10.5959,104.9367,
uc-1586551,10.4,106.1167,coast|wetland
uc-1562693,10.2537,105.9722,coast|river|wetland
uc-1570449,20.5453,105.9122,
uc-1586357,21.0167,107.3,coast
uc-1566559,11.31,106.0983,
uc-12166273,10.3099,105.7386,river|wetland
uc-1576303,22.4856,103.9707,river
uc-1568142,19.7333,105.9,coast
uc-1571644,10.1097,105.6232,wetland
uc-13513037,21.4772,105.8414,
uc-1586989,12.9523,108.2962,
uc-1585281,21.3738,106.5665,
uc-1587976,10.2415,106.3758,coast|wetland
uc-1585317,11.4282,106.6354,
uc-1562548,21.3089,105.6049,
uc-1591440,22.4833,104.8667,
uc-1580142,20.6464,106.0511,river
uc-1584784,10.0938,105.4292,wetland
uc-1574155,20.9167,106.0833,
uc-1570863,16.5832,107.3644,coast
uc-1569684,13.9833,108.0,
uc-13562438,19.2676,105.7159,coast
uc-1565157,10.0652,105.5586,wetland
uc-1574507,21.5247,107.9662,coast
uc-1568737,17.7535,106.4236,coast
uc-1567681,21.3256,103.9188,
uc-1580830,20.8172,105.3376,river
uc-1563287,21.8236,105.2142,
uc-9534547,9.8137,105.821,coast|wetland
uc-1580400,10.8,105.35,river|wetland
uc-1560349,21.7229,104.9113,river
uc-1581052,10.3831,104.4875,coast
uc-9533392,10.2226,105.3984,wetland
uc-1581529,10.3667,106.6667,coast|wetland
uc-1585660,10.7,105.1167,river
uc-1567723,13.4556,109.2235,coast
uc-1569901,21.3996,105.2222,river
uc-8616016,21.2578,105.8489,
uc-1581834,12.0042,107.6907,
uc-1583477,21.386,103.023,
uc-1594402,13.95,108.65,river
uc-1592832,10.2566,105.5933,river|wetland
uc-1584661,10.9733,106.4933,
uc-1586185,22.6657,106.2579,river
uc-1574873,21.0586,106.5926,coast
uc-9292220,9.635,106.4924,coast|wetland
uc-8668557,15.4319,108.6595,coast
uc-1572565,21.6,104.5167,
uc-8628059,18.9203,104.9744,
uc-1563241,21.0343,106.7705,coast
uc-1575703,9.6814,105.5723,
uc-13535606,9.5651,105.599,
uc-1562176,10.9536,107.0059,
uc-1585639,10.7167,105.1333,river
uc-9643221,9.0771,104.9791,coast
uc-1581349,22.8233,104.9836,
uc-1586288,10.4111,106.9547,coast
uc-1561907,9.8,105.1,coast
uc-1570819,9.3236,105.3464,
uc-1587919,20.0781,105.8603,coast
uc-1566346,20.45,106.34,coast
uc-1576757,10.5347,107.402,coast
uc-1582367,20.7136,106.7894,coast
uc-1586295,10.5097,106.6031,coast|wetland
uc-7304197,10.9331,108.2833,coast
uc-1572696,10.6471,107.2458,
uc-1572614,20.0072,105.9704,coast
uc-1584023,21.3531,107.5972,coast
uc-1591538,22.147,105.8348,
uc-1587406,17.5844,106.5343,coast
uc-8456741,22.3964,103.4582,
uc-9534593,9.8422,105.536,
uc-1583882,21.0892,105.6625,
uc-13405688,10.2421,105.155,
uc-8612792,20.74,106.06,river
uc-1580160,8.9,104.9833,coast
uc-1565164,9.3558,105.0993,
uc-1563683,18.5286,105.7064,coast
uc-1571968,20.2581,105.9797,
uc-1561914,8.8571,104.812,coast
uc-9081358,11.3841,106.2308,
uc-1562278,10.3871,107.2388,coast
uc-8701253,13.4002,108.435,river
uc-1568616,15.6736,108.2201,
uc-1577859,19.9047,105.4056,
uc-1570880,22.3192,104.1872,river
uc-1580541,15.8794,108.335,coast
uc-10126715,9.0283,105.4212,coast
uc-1584725,10.35,105.0167,
uc-1573570,8.759,104.9929,coast
uc-1586384,16.808,106.9941,coast
uc-1586052,20.7278,107.0482,coast
uc-1563490,12.7667,109.3,coast
uc-1594188,9.0686,105.3958,coast
uc-1579019,10.5667,105.3667,river|wetland
uc-1575655,10.7891,106.9503,coast
uc-8725037,12.8196,108.0774,
uc-8336885,10.2648,105.2668,
uc-9000266,10.5166,108.9329,coast
uc-1570243,12.713,108.3015,
uc-1560551,20.9,105.5833,
uc-12382295,21.1888,105.7727,
uc-1578904,18.8833,105.3167,river
uc-1562538,9.7845,105.4701,
uc-1573844,21.7025,106.9555,
uc-1574109,15.1876,108.889,coast
uc-1574113,15.15,108.9,coast
uc-1586798,12.4848,108.0298,river
uc-12261368,16.7508,107.1828,coast
uc-1567167,8.8,105.1833,coast
uc-11496088,9.9727,104.8475,coast
uc-1564075,10.67,105.5647,wetland
uc-8673396,15.372,109.1189,
uc-1564589,21.3313,107.4053,coast
uc-1592500,10.4,107.1833,coast
uc-1583475,18.9765,105.6003,coast
uc-8724987,13.2045,108.2103,
uc-1574257,22.0,103.1333,
uc-1571725,22.7374,106.1522,river
uc-1583752,10.4909,107.2701,coast
uc-1565969,22.2553,106.4736,
uc-8637813,18.4512,105.7797,coast
uc-1563704,22.8351,106.525,
uc-1570909,21.2716,107.2836,coast
uc-1572249,10.6967,106.7403,coast
uc-8628018,19.5636,104.5346,river
uc-1590225,21.5175,104.027,river
uc-8473997,22.4151,104.8068,
uc-1570209,12.1,107.1167,
uc-8551473,20.6726,105.5362,
uc-1593889,10.55,107.55,coast
uc-8746448,12.589,107.8958,river
uc-1591236,15.9833,107.9833,
uc-1566029,9.4284,105.7411,
uc-2462881,27.1418,-13.188,desert
uc-2463447,23.6848,-15.958,coast|desert
uc-2463029,26.1307,-14.4851,coast|desert
uc-2461993,27.0961,-13.4158,coast|desert
uc-71137,15.3545,44.2065,desert
uc-415189,12.7796,45.0385,coast|desert
uc-70225,13.5795,44.0209,
uc-74477,13.9667,44.1833,
uc-79415,14.7978,42.9545,coast|desert
uc-78754,14.5425,49.1242,coast|desert
uc-76184,14.5427,44.4051,steppe
uc-78428,15.6594,43.9438,desert
uc-70979,15.1718,44.3244,desert
uc-69500,14.1951,43.3152,desert
uc-71334,16.9402,43.7639,desert
uc-77408,15.059,43.2873,desert
uc-75337,15.6943,43.6058,desert
uc-76154,13.8345,44.1147,
uc-79836,13.9852,45.5727,desert
uc-77726,14.5377,46.8319,desert
uc-76991,14.5163,43.3245,desert
uc-69559,14.298,44.3779,
uc-73560,13.0567,44.8819,desert
uc-75618,14.7761,49.3661,coast|desert
uc-69426,13.1287,45.3807,coast|desert
uc-79455,16.1641,44.7769,desert
uc-72968,15.4625,45.3258,desert
uc-78751,13.3181,43.2499,coast|desert
uc-909137,-15.4067,28.2871,
uc-911148,-12.8024,28.2132,river
uc-901344,-12.9587,28.6366,
uc-897045,-12.1688,26.3894,
uc-918702,-13.6333,32.65,
uc-916095,-14.4469,28.4464,
uc-919009,-12.529,27.8838,
uc-909863,-13.1367,28.4166,
uc-912764,-10.2129,31.1808,
uc-910111,-17.8419,25.8543,steppe
uc-907770,-11.1998,28.8943,
uc-905395,-12.5498,28.2407,
uc-919544,-12.3648,27.8229,
uc-906054,-15.2484,23.1274,
uc-907111,-15.856,27.748,
uc-915883,-15.7691,28.1814,river
uc-914959,-12.8415,28.0948,
uc-917748,-16.8089,26.9875,
uc-175555,-9.3421,32.745,
uc-913029,-13.9715,28.6699,
uc-175499,-9.3451,28.734,lake
uc-905846,-11.8343,31.4529,
uc-906043,-16.2715,27.4772,
uc-899825,-14.2412,31.3197,
uc-917688,-15.3292,28.682,
uc-175961,-8.7623,31.114,lake
uc-7932530,-15.5708,28.2701,
uc-899274,-11.3649,29.5565,lake
uc-904422,-14.9829,27.0619,
uc-906221,-13.6202,29.3939,
uc-912072,-14.05,32.0833,
uc-909299,-12.2929,33.1782,
uc-176146,-8.8402,31.3659,
uc-918905,-10.5414,32.0816,
uc-176758,-8.4689,29.6619,
uc-918488,-16.0358,28.8431,river|steppe
uc-920820,-12.6325,28.0537,
uc-913323,-14.7833,24.8,
uc-916668,-10.1606,32.6335,
uc-176555,-9.7915,29.0791,
uc-915086,-17.0258,26.4837,
uc-175967,-9.3727,30.125,
uc-898912,-13.2325,30.2352,
uc-898905,-17.4759,24.2968,river|steppe
uc-912628,-13.4584,25.8338,
uc-13132728,-12.3148,25.8486,
uc-908913,-10.2621,29.9271,
uc-898188,-16.5382,28.7088,lake|steppe
uc-895953,-13.5432,23.1047,river
uc-13132730,-13.137,25.0065,
uc-902620,-11.7358,24.4293,
uc-905789,-13.5091,28.155,
uc-6695527,-15.7369,26.0416,river|steppe
uc-908718,-17.3667,27.15,
uc-13132726,-15.3186,28.1103,
uc-898947,-16.1167,23.2667,river
uc-13132734,-15.4462,28.5344,
uc-909488,-14.3707,23.242,river
uc-907705,-13.4165,24.3353,river
uc-900056,-14.5566,30.8149,
uc-920470,-13.0667,22.6833,river
uc-897454,-14.21,31.7629,
uc-915471,-14.9931,22.6793,
uc-918398,-12.1093,25.4961,
uc-8298600,-15.5082,27.9244,
uc-13132731,-9.822,28.7604,
uc-901766,-15.7504,26.4384,steppe
uc-897456,-17.2614,27.4618,lake|steppe
uc-177748,-8.6604,29.1614,lake
uc-916246,-13.5927,24.2008,river
uc-890299,-17.8277,31.0534,
uc-894701,-20.15,28.5833,steppe
uc-1106542,-18.0127,31.0755,
uc-884979,-18.9707,32.6709,
uc-890422,-19.45,29.8167,
uc-888710,-18.9281,29.8149,steppe
uc-889453,-18.3333,29.9153,steppe
uc-882009,-17.8897,31.2447,
uc-893697,-17.3667,30.2,
uc-886763,-20.0637,30.8277,steppe
uc-884141,-17.8833,30.7,
uc-886990,-18.1853,31.5519,
uc-894239,-18.1302,30.1407,
uc-878549,-20.3267,30.0665,steppe
uc-895269,-22.2167,30.0,desert|river
uc-895061,-17.3019,31.3306,
uc-882599,-19.0333,29.7833,steppe
uc-893485,-21.05,31.6667,steppe
uc-889942,-18.3645,26.4988,steppe
uc-882100,-18.5279,32.1284,
uc-889191,-16.8099,29.6925,
uc-879431,-17.9328,25.8307,river|steppe
uc-893549,-20.1883,32.6236,
uc-890983,-18.2048,28.9349,
uc-889215,-16.5167,28.8,lake|river|steppe
uc-890516,-20.9362,29.007,steppe
uc-881164,-19.6702,30.0059,
uc-884798,-17.0333,30.85,
uc-13132735,-17.8415,30.8767,
