id,lat,lon,kind,weight,tag
osm-node-4456987190,-31.23763,-64.60201,A4,0.9,natural=peak
osm-node-3471330379,-31.34099,-64.47860,A2,0.5,historic=archaeological_site
osm-node-5607543712,-31.34881,-64.43357,A4,0.9,natural=peak
osm-node-10220155139,-31.34531,-64.42120,A7,0.7,waterway=waterfall
osm-node-9599871571,-31.30645,-64.58828,A7,0.7,waterway=waterfall
osm-node-1557972354,-31.32685,-64.50612,A7,0.7,waterway=waterfall
osm-node-10913382254,-31.32985,-64.45807,A3,0.9,natural=beach
osm-node-13513597594,-31.32198,-64.45498,A2,0.5,historic=castle
osm-node-5607543710,-31.31693,-64.43276,A4,0.9,natural=peak
osm-node-5607545224,-31.32157,-64.42652,A4,0.9,natural=peak
osm-node-5607543708,-31.31133,-64.43067,A4,0.9,natural=peak
osm-node-4456987194,-31.31132,-64.41145,A4,0.9,natural=peak
osm-node-12720698901,-31.31931,-64.40386,A7,0.7,waterway=waterfall
osm-node-5607545221,-31.29475,-64.42986,A4,0.9,natural=peak
osm-node-7041680762,-31.29224,-64.40214,A7,0.7,waterway=waterfall
osm-node-5607545222,-31.26617,-64.42618,A4,0.9,natural=peak
osm-node-5607543717,-31.26049,-64.42275,A4,0.9,natural=peak
osm-node-2715992690,-31.23802,-64.41993,A4,0.9,natural=peak
osm-node-7041680571,-31.31355,-64.36973,A7,0.7,waterway=waterfall
osm-node-7041675945,-31.33462,-64.35482,A7,0.7,waterway=waterfall
osm-node-9332725023,-31.15026,-64.50802,A7,0.7,waterway=waterfall
osm-node-5607545223,-31.20984,-64.41835,A4,0.9,natural=peak
osm-node-5607543715,-31.12908,-64.43896,A4,0.9,natural=peak
osm-node-4456987198,-31.15445,-64.41973,A4,0.9,natural=peak
osm-node-5607545226,-31.15480,-64.41982,A4,0.9,natural=peak
osm-node-8394788414,-31.11207,-64.44171,A7,0.7,waterway=waterfall
osm-node-928631237,-31.16001,-64.37087,A7,0.7,waterway=waterfall
osm-node-3660281630,-31.14954,-64.36562,A7,0.7,waterway=waterfall
osm-node-6987660556,-31.13413,-64.38045,A7,0.7,waterway=waterfall
osm-node-11013704373,-4.77099,12.57638,A9,0.8,leisure=nature_reserve
osm-way-1322124811,-31.31168,-64.59215,A7,0.6,natural=wetland
osm-way-1322132815,-31.31615,-64.59704,A7,0.6,natural=wetland
osm-way-1322124812,-31.31400,-64.59367,A7,0.6,natural=wetland
osm-way-1322124813,-31.31332,-64.59331,A7,0.6,natural=wetland
osm-way-1322129256,-31.31145,-64.59687,A7,0.6,natural=wetland
osm-way-1322132816,-31.31472,-64.59511,A7,0.6,natural=wetland
osm-way-1322124145,-31.30485,-64.59481,A7,0.6,natural=wetland
osm-way-1322124146,-31.30436,-64.59607,A7,0.6,natural=wetland
osm-way-1322124147,-31.30623,-64.59641,A7,0.6,natural=wetland
osm-way-1322124148,-31.30716,-64.59701,A7,0.6,natural=wetland
osm-way-1322124149,-31.30713,-64.59580,A7,0.6,natural=wetland
osm-way-1322124150,-31.30719,-64.59412,A7,0.6,natural=wetland
osm-way-1322124151,-31.30630,-64.59316,A7,0.6,natural=wetland
osm-way-1322124152,-31.30474,-64.59389,A7,0.6,natural=wetland
osm-way-1322124809,-31.30739,-64.59353,A7,0.6,natural=wetland
osm-way-1136702024,-31.37341,-64.51409,A2,0.5,historic=castle
osm-way-1304130391,-31.37147,-64.51394,A2,0.5,historic=castle
osm-way-1348719033,-31.34872,-64.49776,A7,0.6,natural=wetland
osm-way-1301603395,-31.37631,-64.44161,A4,0.5,natural=cliff
osm-way-1301603386,-31.37837,-64.44268,A4,0.5,natural=cliff
osm-way-1301603387,-31.37831,-64.44275,A4,0.5,natural=cliff
osm-way-1301603388,-31.37817,-64.44276,A4,0.5,natural=cliff
osm-way-1301603389,-31.37811,-64.44287,A4,0.5,natural=cliff
osm-way-1301603390,-31.37639,-64.44221,A4,0.5,natural=cliff
osm-way-1301603391,-31.37635,-64.44209,A4,0.5,natural=cliff
osm-way-1301603392,-31.37635,-64.44195,A4,0.5,natural=cliff
osm-way-1301603393,-31.37627,-64.44183,A4,0.5,natural=cliff
osm-way-1301603394,-31.37629,-64.44170,A4,0.5,natural=cliff
osm-way-1301603396,-31.37594,-64.44078,A4,0.5,natural=cliff
osm-way-1301603397,-31.37595,-64.44089,A4,0.5,natural=cliff
osm-way-1301603398,-31.37597,-64.44099,A4,0.5,natural=cliff
osm-way-1436988354,-31.36248,-64.44857,A4,0.5,natural=cliff
osm-way-1436988359,-31.36205,-64.44800,A4,0.5,natural=cliff
osm-way-738998147,-31.37219,-64.44033,A7,0.6,natural=wetland
osm-way-1436988334,-31.36901,-64.44150,A4,0.5,natural=cliff
osm-way-1436988335,-31.36892,-64.44139,A4,0.5,natural=cliff
osm-way-1436988336,-31.36890,-64.44125,A4,0.5,natural=cliff
osm-way-1436988337,-31.36886,-64.44116,A4,0.5,natural=cliff
osm-way-1436988338,-31.36762,-64.44396,A4,0.5,natural=cliff
osm-way-1436988339,-31.36768,-64.44375,A4,0.5,natural=cliff
osm-way-1436988340,-31.36779,-64.44333,A4,0.5,natural=cliff
osm-way-1436988341,-31.36750,-64.44351,A4,0.5,natural=cliff
osm-way-1436988342,-31.36619,-64.44639,A4,0.5,natural=cliff
osm-way-1436988343,-31.36614,-64.44624,A4,0.5,natural=cliff
osm-way-1436988344,-31.36541,-64.44620,A4,0.5,natural=cliff
osm-way-1436988345,-31.36529,-64.44621,A4,0.5,natural=cliff
osm-way-1436988346,-31.36520,-64.44618,A4,0.5,natural=cliff
osm-way-1436988347,-31.36512,-64.44611,A4,0.5,natural=cliff
osm-way-1436988348,-31.36504,-64.44605,A4,0.5,natural=cliff
osm-way-1436988360,-31.36327,-64.44738,A4,0.5,natural=cliff
osm-way-1496267592,-31.35147,-64.48003,A7,0.6,natural=wetland
osm-way-1436988349,-31.36033,-64.44867,A4,0.5,natural=cliff
osm-way-1436988350,-31.36026,-64.44856,A4,0.5,natural=cliff
osm-way-1436988351,-31.36026,-64.44845,A4,0.5,natural=cliff
osm-way-1436988352,-31.36027,-64.44835,A4,0.5,natural=cliff
osm-way-1436988353,-31.36017,-64.44825,A4,0.5,natural=cliff
osm-way-1436988355,-31.35813,-64.44827,A4,0.5,natural=cliff
osm-way-1436988357,-31.36103,-64.44851,A4,0.5,natural=cliff
osm-way-1436988358,-31.36095,-64.44839,A4,0.5,natural=cliff
osm-way-1436988356,-31.35814,-64.44816,A4,0.5,natural=cliff
osm-way-1197717397,-31.35481,-64.44905,A4,0.5,natural=cliff
osm-way-1521925189,-31.34545,-64.42132,A4,0.5,natural=cliff
osm-way-438021546,-31.35321,-64.39698,A3,0.9,natural=beach
osm-way-1322132806,-31.31847,-64.58303,A7,0.6,natural=wetland
osm-way-1322124143,-31.30602,-64.57586,A7,0.6,natural=wetland
osm-way-1322124153,-31.30583,-64.59076,A7,0.6,natural=wetland
osm-way-1322124808,-31.30782,-64.59122,A7,0.6,natural=wetland
osm-way-1322124142,-31.30577,-64.58345,A7,0.6,natural=wetland
osm-way-1322129262,-31.30643,-64.58444,A7,0.6,natural=wetland
osm-way-1322129263,-31.29899,-64.58350,A7,0.6,natural=wetland
osm-way-1322129264,-31.29923,-64.58270,A7,0.6,natural=wetland
osm-way-1322129265,-31.29885,-64.58178,A7,0.6,natural=wetland
osm-way-1322124144,-31.30246,-64.57305,A7,0.6,natural=wetland
osm-way-1483901383,-31.31248,-64.48239,A7,0.6,natural=wetland
osm-way-1174472475,-31.33496,-64.46034,A7,0.6,natural=wetland
osm-way-1268865023,-31.33156,-64.45853,A7,0.6,natural=wetland
osm-way-1472859023,-31.33320,-64.45900,A7,0.6,natural=wetland
osm-way-1174694544,-31.32964,-64.45785,A3,0.9,natural=beach
osm-way-1472862495,-31.32247,-64.45732,A7,0.6,natural=wetland
osm-way-1472862494,-31.32470,-64.45716,A7,0.6,natural=wetland
osm-way-438693734,-31.23407,-64.46122,A3,0.9,natural=beach
osm-way-438693971,-31.23449,-64.46291,A3,0.9,natural=beach
osm-way-903896722,-31.13712,-64.49492,A3,0.9,natural=beach
osm-way-1069693536,-26.24904,-58.43513,A7,0.6,natural=wetland
osm-way-1112084529,-26.21346,-58.30705,A7,0.6,natural=wetland
osm-way-1078286466,-26.23965,-58.30279,A7,0.6,natural=wetland
osm-way-1086705459,-26.23742,-58.30076,A7,0.6,natural=wetland
osm-way-1174405886,-26.22376,-58.30151,A7,0.6,natural=wetland
osm-way-1174405889,-26.22720,-58.29976,A7,0.6,natural=wetland
osm-way-1112085576,-26.21667,-58.31227,A7,0.6,natural=wetland
osm-way-1191241736,-26.21443,-58.31966,A7,0.6,natural=wetland
osm-way-1112085574,-26.21899,-58.30390,A7,0.6,natural=wetland
osm-way-1069688343,-26.13505,-58.30137,A7,0.6,natural=wetland
osm-way-1063351108,-26.29920,-58.24476,A7,0.6,natural=wetland
osm-way-1097302730,-26.31406,-58.20123,A7,0.6,natural=wetland
osm-way-1097302732,-26.31654,-58.20284,A7,0.6,natural=wetland
osm-way-1097302734,-26.31886,-58.20112,A7,0.6,natural=wetland
osm-way-1082129746,-26.30078,-58.21422,A7,0.6,natural=wetland
osm-way-1082129747,-26.30954,-58.21674,A7,0.6,natural=wetland
osm-way-1080363679,-26.30267,-58.19771,A7,0.6,natural=wetland
osm-way-1080365340,-26.30267,-58.19771,A7,0.6,natural=wetland
osm-way-1094570791,-26.30737,-58.20097,A7,0.6,natural=wetland
osm-way-1097298973,-26.30880,-58.20480,A7,0.6,natural=wetland
osm-way-1097302729,-26.30796,-58.19570,A7,0.6,natural=wetland
osm-way-1097298974,-26.30987,-58.17966,A7,0.6,natural=wetland
osm-way-1293477880,-26.29943,-58.17545,A7,0.6,natural=wetland
osm-way-1084689196,-26.31620,-58.16907,A7,0.6,natural=wetland
osm-way-1084689195,-26.31836,-58.17186,A7,0.6,natural=wetland
osm-way-1293477881,-26.30533,-58.16696,A7,0.6,natural=wetland
osm-way-1293477882,-26.31164,-58.16509,A7,0.6,natural=wetland
osm-way-1085366683,-26.29289,-58.25457,A7,0.6,natural=wetland
osm-way-1080322967,-26.24933,-58.28700,A7,0.6,natural=wetland
osm-way-1109019517,-26.25017,-58.27510,A7,0.6,natural=wetland
osm-way-1174407873,-26.25516,-58.28369,A7,0.6,natural=wetland
osm-way-1063349044,-26.25146,-58.26780,A7,0.6,natural=wetland
osm-way-1110297779,-26.25552,-58.26593,A7,0.6,natural=wetland
osm-way-1085366679,-26.28971,-58.23741,A7,0.6,natural=wetland
osm-way-1078883367,-26.24852,-58.18973,A7,0.6,natural=wetland
osm-way-1082099789,-26.28289,-58.19309,A7,0.6,natural=wetland
osm-way-1292408751,-26.26076,-58.22920,A7,0.6,natural=wetland
osm-way-1106600834,-26.29762,-58.23105,A7,0.6,natural=wetland
osm-way-1082101276,-26.29552,-58.21944,A7,0.6,natural=wetland
osm-way-1110298732,-26.29517,-58.23203,A7,0.6,natural=wetland
osm-way-1082101275,-26.29746,-58.21211,A7,0.6,natural=wetland
osm-way-1110300592,-26.29895,-58.21529,A7,0.6,natural=wetland
osm-way-1110300593,-26.30129,-58.21559,A7,0.6,natural=wetland
osm-way-1148513774,-26.28950,-58.20540,A7,0.6,natural=wetland
osm-way-1148513776,-26.28995,-58.20249,A7,0.6,natural=wetland
osm-way-1148513775,-26.29026,-58.20427,A7,0.6,natural=wetland
osm-way-1148513773,-26.28869,-58.20490,A7,0.6,natural=wetland
osm-way-1148513777,-26.28927,-58.20132,A7,0.6,natural=wetland
osm-way-1148513772,-26.28849,-58.20273,A7,0.6,natural=wetland
osm-way-1110299639,-26.27028,-58.22192,A7,0.6,natural=wetland
osm-way-1292408750,-26.26547,-58.22270,A7,0.6,natural=wetland
osm-way-1138438686,-26.25667,-58.23934,A7,0.6,natural=wetland
osm-way-1078286465,-26.23619,-58.29635,A7,0.6,natural=wetland
osm-way-1112084538,-26.23769,-58.29730,A7,0.6,natural=wetland
osm-way-1077670359,-26.21708,-58.24980,A7,0.6,natural=wetland
osm-way-1110297783,-26.24812,-58.26817,A7,0.6,natural=wetland
osm-way-1065898637,-26.23451,-58.19855,A3,0.9,natural=beach
osm-way-1146786143,-26.23283,-58.19706,A7,0.6,natural=wetland
osm-way-1045107551,-26.22727,-58.19620,A7,0.6,natural=wetland
osm-way-1146786136,-26.23122,-58.19629,A7,0.6,natural=wetland
osm-way-1147002913,-26.23067,-58.19716,A7,0.6,natural=wetland
osm-way-1236604204,-26.22451,-58.20078,A7,0.6,natural=wetland
osm-way-1146786131,-26.22829,-58.19673,A7,0.6,natural=wetland
osm-way-1236601834,-26.21386,-58.20974,A7,0.6,natural=wetland
osm-way-1236601835,-26.21547,-58.20954,A7,0.6,natural=wetland
osm-way-1236604197,-26.21733,-58.21083,A7,0.6,natural=wetland
osm-way-1236604199,-26.21861,-58.20880,A7,0.6,natural=wetland
osm-way-1034875885,-26.21260,-58.21170,A7,0.6,natural=wetland
osm-way-1236604194,-26.21659,-58.20971,A7,0.6,natural=wetland
osm-way-1236604201,-26.22120,-58.20537,A7,0.6,natural=wetland
osm-way-1236604203,-26.22125,-58.20621,A7,0.6,natural=wetland
osm-way-1293477876,-26.21978,-58.20599,A7,0.6,natural=wetland
osm-way-1293477877,-26.22018,-58.20851,A7,0.6,natural=wetland
osm-way-1146786128,-26.22078,-58.19836,A7,0.6,natural=wetland
osm-way-1147002903,-26.22170,-58.19869,A7,0.6,natural=wetland
osm-way-1147002896,-26.22187,-58.20317,A7,0.6,natural=wetland
osm-way-1080363678,-26.30101,-58.19086,A7,0.6,natural=wetland
osm-way-1148461129,-26.29428,-58.18398,A7,0.6,natural=wetland
osm-way-1190463160,-26.29023,-58.19136,A7,0.6,natural=wetland
osm-way-1078884526,-26.25962,-58.16164,A7,0.6,natural=wetland
osm-way-1081823066,-26.24667,-58.16081,A7,0.6,natural=wetland
osm-way-1148901501,-26.28925,-58.17186,A7,0.6,natural=wetland
osm-way-1148208525,-26.27541,-58.18126,A7,0.6,natural=wetland
osm-way-1148208526,-26.27773,-58.18239,A7,0.6,natural=wetland
osm-way-1148461126,-26.28121,-58.18416,A7,0.6,natural=wetland
osm-way-1190463162,-26.28696,-58.18972,A7,0.6,natural=wetland
osm-way-1190463163,-26.28530,-58.18826,A7,0.6,natural=wetland
osm-way-1148208527,-26.28043,-58.18514,A7,0.6,natural=wetland
osm-way-1148208528,-26.28234,-58.18640,A7,0.6,natural=wetland
osm-way-1148903247,-26.28288,-58.18594,A7,0.6,natural=wetland
osm-way-1148901492,-26.28451,-58.17702,A7,0.6,natural=wetland
osm-way-1148901491,-26.28572,-58.17530,A7,0.6,natural=wetland
osm-way-1148901498,-26.28731,-58.17424,A7,0.6,natural=wetland
osm-way-1148901502,-26.28695,-58.17341,A7,0.6,natural=wetland
osm-way-1148901503,-26.28776,-58.17236,A7,0.6,natural=wetland
osm-way-1148901504,-26.28650,-58.17209,A7,0.6,natural=wetland
osm-way-1148901505,-26.28547,-58.17327,A7,0.6,natural=wetland
osm-way-1148901506,-26.28500,-58.17442,A7,0.6,natural=wetland
osm-way-1084689189,-26.27468,-58.17517,A7,0.6,natural=wetland
osm-way-1148461125,-26.27684,-58.17877,A7,0.6,natural=wetland
osm-way-1148901479,-26.27749,-58.17759,A7,0.6,natural=wetland
osm-way-1148901484,-26.27775,-58.17553,A7,0.6,natural=wetland
osm-way-1148901489,-26.28185,-58.17614,A7,0.6,natural=wetland
osm-way-1148901490,-26.28391,-58.17631,A7,0.6,natural=wetland
osm-way-1148901496,-26.28529,-58.17630,A7,0.6,natural=wetland
osm-way-1148901487,-26.28012,-58.17576,A7,0.6,natural=wetland
osm-way-1148901488,-26.27997,-58.17607,A7,0.6,natural=wetland
osm-way-1148208721,-26.27556,-58.17890,A7,0.6,natural=wetland
osm-way-1148208722,-26.27612,-58.17990,A7,0.6,natural=wetland
osm-way-1148901480,-26.27530,-58.17805,A7,0.6,natural=wetland
osm-way-1148901481,-26.27441,-58.17790,A7,0.6,natural=wetland
osm-way-1078884525,-26.25938,-58.17610,A7,0.6,natural=wetland
osm-way-1146787808,-26.23457,-58.18182,A7,0.6,natural=wetland
osm-way-1146787809,-26.23856,-58.18869,A7,0.6,natural=wetland
osm-way-1146787811,-26.23902,-58.18851,A7,0.6,natural=wetland
osm-way-258947394,-26.19355,-58.13828,A7,0.6,natural=wetland
osm-way-1146787812,-26.24068,-58.18555,A7,0.6,natural=wetland
osm-way-1146786146,-26.22816,-58.19276,A7,0.6,natural=wetland
osm-way-1146786150,-26.22778,-58.19361,A7,0.6,natural=wetland
osm-way-1146786151,-26.22873,-58.19387,A7,0.6,natural=wetland
osm-way-1146786152,-26.22886,-58.19447,A7,0.6,natural=wetland
osm-way-1045109614,-26.22202,-58.16694,A7,0.6,natural=wetland
osm-way-1146792589,-26.23182,-58.16832,A7,0.6,natural=wetland
osm-way-1146792590,-26.23427,-58.16906,A7,0.6,natural=wetland
osm-way-1146792591,-26.23387,-58.16901,A7,0.6,natural=wetland
osm-way-1154610586,-26.23593,-58.14882,A7,0.6,natural=wetland
osm-way-1154610122,-26.23600,-58.15727,A7,0.6,natural=wetland
osm-way-1052681558,-26.22673,-58.16334,A7,0.6,natural=wetland
osm-way-1065862290,-26.22091,-58.16406,A7,0.6,natural=wetland
osm-way-1146791763,-26.22967,-58.16610,A7,0.6,natural=wetland
osm-way-1146791767,-26.23038,-58.16560,A7,0.6,natural=wetland
osm-way-1154610119,-26.23496,-58.15510,A7,0.6,natural=wetland
osm-way-1154610128,-26.22959,-58.15668,A7,0.6,natural=wetland
osm-way-1154610129,-26.22932,-58.15703,A7,0.6,natural=wetland
osm-way-1155831032,-26.22433,-58.15793,A7,0.6,natural=wetland
osm-way-1146791762,-26.22834,-58.16648,A7,0.6,natural=wetland
osm-way-1146791765,-26.22787,-58.16540,A7,0.6,natural=wetland
osm-way-1146791766,-26.22903,-58.16517,A7,0.6,natural=wetland
osm-way-1154610131,-26.22654,-58.16611,A7,0.6,natural=wetland
osm-way-1146792592,-26.23147,-58.14849,A7,0.6,natural=wetland
osm-way-1046170583,-26.22266,-58.19292,A7,0.6,natural=wetland
osm-way-1046170584,-26.21980,-58.19131,A7,0.6,natural=wetland
osm-way-1034266848,-26.21736,-58.18719,A7,0.6,natural=wetland
osm-way-1046173260,-26.21762,-58.19132,A7,0.6,natural=wetland
osm-way-1046173262,-26.21163,-58.18851,A7,0.6,natural=wetland
osm-way-1046173263,-26.21184,-58.18762,A7,0.6,natural=wetland
osm-way-1052680459,-26.20887,-58.19411,A7,0.6,natural=wetland
osm-way-1052680460,-26.20891,-58.19156,A7,0.6,natural=wetland
osm-way-1293477875,-26.21292,-58.19289,A7,0.6,natural=wetland
osm-way-1032622147,-26.21308,-58.17625,A7,0.6,natural=wetland
osm-way-1036889665,-26.21960,-58.17663,A3,0.9,natural=beach
osm-way-1034267937,-26.20999,-58.17675,A7,0.6,natural=wetland
osm-way-1043771615,-26.20536,-58.17377,A7,0.6,natural=wetland
osm-way-1043771616,-26.20607,-58.17526,A7,0.6,natural=wetland
osm-way-1049582981,-26.19884,-58.17213,A7,0.6,natural=wetland
osm-way-1154610136,-26.22291,-58.16123,A7,0.6,natural=wetland
osm-way-1069691195,-26.22050,-58.16343,A7,0.6,natural=wetland
osm-way-1069691196,-26.21947,-58.16141,A7,0.6,natural=wetland
osm-way-1146791758,-26.21523,-58.16403,A7,0.6,natural=wetland
osm-way-1154610135,-26.22223,-58.16166,A7,0.6,natural=wetland
osm-way-1155827247,-26.21724,-58.15761,A7,0.6,natural=wetland
osm-way-1155828360,-26.22038,-58.15659,A7,0.6,natural=wetland
osm-way-1155828364,-26.22091,-58.15640,A7,0.6,natural=wetland
osm-way-1155829658,-26.22212,-58.15335,A7,0.6,natural=wetland
osm-way-1155825789,-26.21438,-58.16228,A7,0.6,natural=wetland
osm-way-1155825790,-26.21374,-58.16177,A7,0.6,natural=wetland
osm-way-1155828361,-26.22104,-58.15277,A7,0.6,natural=wetland
osm-way-1155828362,-26.22095,-58.15471,A7,0.6,natural=wetland
osm-way-1155828363,-26.22108,-58.15464,A7,0.6,natural=wetland
osm-way-1046123010,-26.21752,-58.14334,A7,0.6,natural=wetland
osm-way-1155828358,-26.22027,-58.15063,A7,0.6,natural=wetland
osm-way-1155828365,-26.22339,-58.15163,A7,0.6,natural=wetland
osm-way-1046910882,-26.19485,-58.16325,A7,0.6,natural=wetland
osm-way-1049584057,-26.19841,-58.16782,A7,0.6,natural=wetland
osm-way-1150134210,-26.20253,-58.15831,A7,0.6,natural=wetland
osm-way-1150135341,-26.20610,-58.15406,A7,0.6,natural=wetland
osm-way-1150135342,-26.20578,-58.15225,A7,0.6,natural=wetland
osm-way-1150135340,-26.20522,-58.15329,A7,0.6,natural=wetland
osm-way-1287746069,-26.19710,-58.15424,A7,0.6,natural=wetland
osm-way-1287746070,-26.19751,-58.15399,A7,0.6,natural=wetland
osm-way-1089477210,-26.23191,-58.13666,A7,0.6,natural=wetland
osm-way-1163898135,-26.23549,-58.12116,A7,0.6,natural=wetland
osm-way-1089475677,-26.22026,-58.13629,A7,0.6,natural=wetland
osm-way-1089477211,-26.22349,-58.13192,A7,0.6,natural=wetland
osm-way-1089477216,-26.21883,-58.13104,A7,0.6,natural=wetland
osm-way-1154610964,-26.22391,-58.14156,A7,0.6,natural=wetland
osm-way-1049398915,-26.22000,-58.12658,A7,0.6,natural=wetland
osm-way-1147006785,-26.22485,-58.11804,A7,0.6,natural=wetland
osm-way-1147014926,-26.22653,-58.11802,A7,0.6,natural=wetland
osm-way-1148219839,-26.23120,-58.12208,A7,0.6,natural=wetland
osm-way-1148219840,-26.23112,-58.12288,A7,0.6,natural=wetland
osm-way-1148219842,-26.23088,-58.12355,A7,0.6,natural=wetland
osm-way-1154743454,-26.22428,-58.11520,A7,0.6,natural=wetland
osm-way-1147006786,-26.22581,-58.11814,A7,0.6,natural=wetland
osm-way-1147014927,-26.22749,-58.11827,A7,0.6,natural=wetland
osm-way-1148219843,-26.23016,-58.12298,A7,0.6,natural=wetland
osm-way-1148219846,-26.22957,-58.12200,A7,0.6,natural=wetland
osm-way-1148219847,-26.22972,-58.12200,A7,0.6,natural=wetland
osm-way-1148219848,-26.23002,-58.12216,A7,0.6,natural=wetland
osm-way-259033267,-26.24439,-58.09440,A7,0.6,natural=wetland
osm-way-1049400327,-26.22307,-58.11519,A7,0.6,natural=wetland
osm-way-1089477208,-26.22099,-58.13156,A7,0.6,natural=wetland
osm-way-1045525792,-26.21714,-58.13130,A7,0.6,natural=wetland
osm-way-1150138919,-26.21287,-58.12854,A7,0.6,natural=wetland
osm-way-1150140933,-26.20972,-58.13057,A7,0.6,natural=wetland
osm-way-1147002956,-26.21900,-58.11814,A7,0.6,natural=wetland
osm-way-1045111823,-26.21969,-58.11659,A7,0.6,natural=wetland
osm-way-1049398675,-26.21742,-58.12535,A7,0.6,natural=wetland
osm-way-1049398676,-26.21856,-58.12410,A7,0.6,natural=wetland
osm-way-1049398677,-26.21742,-58.12343,A7,0.6,natural=wetland
osm-way-1147004872,-26.21808,-58.11977,A7,0.6,natural=wetland
osm-way-1147004877,-26.21852,-58.11731,A7,0.6,natural=wetland
osm-way-1147004878,-26.21768,-58.11760,A7,0.6,natural=wetland
osm-way-1147006592,-26.21960,-58.11704,A7,0.6,natural=wetland
osm-way-1163898133,-26.21696,-58.12278,A7,0.6,natural=wetland
osm-way-1045525794,-26.21632,-58.12839,A7,0.6,natural=wetland
osm-way-1045525795,-26.21559,-58.12749,A7,0.6,natural=wetland
osm-way-1147004871,-26.21633,-58.11804,A7,0.6,natural=wetland
osm-way-1147004874,-26.21701,-58.11796,A7,0.6,natural=wetland
osm-way-1150138921,-26.20572,-58.14022,A7,0.6,natural=wetland
osm-way-1150138924,-26.20811,-58.13746,A7,0.6,natural=wetland
osm-way-1150138925,-26.20741,-58.13643,A7,0.6,natural=wetland
osm-way-1045111824,-26.21995,-58.11509,A7,0.6,natural=wetland
osm-way-1147004876,-26.21819,-58.11553,A7,0.6,natural=wetland
osm-way-1154743455,-26.22084,-58.11290,A7,0.6,natural=wetland
osm-way-1147004875,-26.21799,-58.11656,A7,0.6,natural=wetland
osm-way-1069688093,-26.18392,-58.26735,A7,0.6,natural=wetland
osm-way-1076395072,-26.03360,-58.15191,A7,0.6,natural=wetland
osm-way-1080727476,-26.07996,-58.15199,A7,0.6,natural=wetland
osm-way-1287746075,-26.15942,-58.24384,A7,0.6,natural=wetland
osm-way-570680724,-26.17394,-58.22480,A7,0.6,natural=wetland
osm-way-1081217385,-26.10667,-58.18215,A7,0.6,natural=wetland
osm-way-1300940118,-26.09213,-58.19108,A7,0.6,natural=wetland
osm-way-865219383,-26.18559,-58.15558,A3,0.9,natural=beach
osm-way-1287746072,-26.19532,-58.15407,A7,0.6,natural=wetland
osm-way-1040382883,-26.18638,-58.15146,A7,0.6,natural=wetland
osm-way-1034262330,-26.17785,-58.15946,A7,0.6,natural=wetland
osm-way-1144920488,-26.17211,-58.15470,A7,0.6,natural=wetland
osm-way-1081821106,-26.17413,-58.15005,A7,0.6,natural=wetland
osm-way-1138375530,-26.17001,-58.15230,A7,0.6,natural=wetland
osm-way-1144922769,-26.17098,-58.14438,A7,0.6,natural=wetland
osm-way-1145149004,-26.17197,-58.15028,A7,0.6,natural=wetland
osm-way-1145149495,-26.17166,-58.14655,A7,0.6,natural=wetland
osm-way-1145149499,-26.17167,-58.14524,A7,0.6,natural=wetland
osm-way-1145151255,-26.17178,-58.14455,A7,0.6,natural=wetland
osm-way-1145151256,-26.17224,-58.14438,A7,0.6,natural=wetland
osm-way-1145151257,-26.17311,-58.14312,A7,0.6,natural=wetland
osm-way-1145151260,-26.17219,-58.14245,A7,0.6,natural=wetland
osm-way-1299075746,-26.17375,-58.14359,A7,0.6,natural=wetland
osm-way-1299075747,-26.17560,-58.14255,A7,0.6,natural=wetland
osm-way-1299075748,-26.17673,-58.14260,A7,0.6,natural=wetland
osm-way-1145182021,-26.17326,-58.15491,A7,0.6,natural=wetland
osm-way-1145182022,-26.17345,-58.15521,A7,0.6,natural=wetland
osm-way-1145182023,-26.17326,-58.15467,A7,0.6,natural=wetland
osm-way-1145182024,-26.17316,-58.15407,A7,0.6,natural=wetland
osm-way-1144916842,-26.15858,-58.16964,A7,0.6,natural=wetland
osm-way-1144920486,-26.16126,-58.17484,A7,0.6,natural=wetland
osm-way-1144920487,-26.16121,-58.17459,A7,0.6,natural=wetland
osm-way-1069691808,-26.14947,-58.18644,A7,0.6,natural=wetland
osm-way-1138432228,-26.15475,-58.16992,A7,0.6,natural=wetland
osm-way-1138432229,-26.15553,-58.16978,A7,0.6,natural=wetland
osm-way-1138434800,-26.15245,-58.17933,A7,0.6,natural=wetland
osm-way-1138434801,-26.15216,-58.17828,A7,0.6,natural=wetland
osm-way-1049681785,-26.16535,-58.16032,A7,0.6,natural=wetland
osm-way-1138375529,-26.16841,-58.15658,A7,0.6,natural=wetland
osm-way-1144920489,-26.16787,-58.15167,A7,0.6,natural=wetland
osm-way-1144922765,-26.16842,-58.14720,A7,0.6,natural=wetland
osm-way-1144922766,-26.16817,-58.14837,A7,0.6,natural=wetland
osm-way-1144922767,-26.16894,-58.14742,A7,0.6,natural=wetland
osm-way-1144922768,-26.16968,-58.14621,A7,0.6,natural=wetland
osm-way-1145149497,-26.16922,-58.14803,A7,0.6,natural=wetland
osm-way-1145149498,-26.17083,-58.14600,A7,0.6,natural=wetland
osm-way-1145151264,-26.16931,-58.14485,A7,0.6,natural=wetland
osm-way-1145151265,-26.17004,-58.14412,A7,0.6,natural=wetland
osm-way-1052754049,-26.15724,-58.15348,A7,0.6,natural=wetland
osm-way-1052754050,-26.15860,-58.14947,A7,0.6,natural=wetland
osm-way-1139770493,-26.16005,-58.14142,A7,0.6,natural=wetland
osm-way-1144920490,-26.16623,-58.15043,A7,0.6,natural=wetland
osm-way-1144920492,-26.16740,-58.15003,A7,0.6,natural=wetland
osm-way-1145149494,-26.16995,-58.14888,A7,0.6,natural=wetland
osm-way-1145151267,-26.17039,-58.14294,A7,0.6,natural=wetland
osm-way-1145154055,-26.16420,-58.15142,A7,0.6,natural=wetland
osm-way-1145154056,-26.16492,-58.14984,A7,0.6,natural=wetland
osm-way-1145154058,-26.16649,-58.14664,A7,0.6,natural=wetland
osm-way-1145154060,-26.16877,-58.14330,A7,0.6,natural=wetland
osm-way-1145175548,-26.16525,-58.14675,A7,0.6,natural=wetland
osm-way-1145175551,-26.16530,-58.14526,A7,0.6,natural=wetland
osm-way-1145175552,-26.16606,-58.14419,A7,0.6,natural=wetland
osm-way-1145175554,-26.16703,-58.14293,A7,0.6,natural=wetland
osm-way-1145170501,-26.16373,-58.14745,A7,0.6,natural=wetland
osm-way-1145171293,-26.16462,-58.14665,A7,0.6,natural=wetland
osm-way-1145171295,-26.16385,-58.14862,A7,0.6,natural=wetland
osm-way-1145171296,-26.16441,-58.14787,A7,0.6,natural=wetland
osm-way-1145175549,-26.16401,-58.14614,A7,0.6,natural=wetland
osm-way-1145175550,-26.16471,-58.14543,A7,0.6,natural=wetland
osm-way-1138432221,-26.15316,-58.16857,A7,0.6,natural=wetland
osm-way-1138432223,-26.15479,-58.16750,A7,0.6,natural=wetland
osm-way-1138432224,-26.15484,-58.16798,A7,0.6,natural=wetland
osm-way-1144916835,-26.15606,-58.16715,A7,0.6,natural=wetland
osm-way-1144916836,-26.15617,-58.16617,A7,0.6,natural=wetland
osm-way-1144916838,-26.15695,-58.16703,A7,0.6,natural=wetland
osm-way-1138422967,-26.15584,-58.16352,A7,0.6,natural=wetland
osm-way-1139770488,-26.14246,-58.13961,A7,0.6,natural=wetland
osm-way-259022328,-26.19275,-58.13778,A7,0.6,natural=wetland
osm-way-1081821107,-26.17959,-58.13084,A7,0.6,natural=wetland
osm-way-1145152572,-26.17164,-58.14020,A7,0.6,natural=wetland
osm-way-1145152574,-26.17250,-58.13749,A7,0.6,natural=wetland
osm-way-1145152576,-26.17414,-58.13666,A7,0.6,natural=wetland
osm-way-1145152580,-26.17445,-58.13671,A7,0.6,natural=wetland
osm-way-1150463431,-26.17211,-58.13107,A7,0.6,natural=wetland
osm-way-1154743460,-26.17466,-58.12939,A7,0.6,natural=wetland
osm-way-1154743461,-26.17555,-58.13605,A7,0.6,natural=wetland
osm-way-1145151258,-26.17377,-58.14171,A7,0.6,natural=wetland
osm-way-1145151259,-26.17509,-58.14082,A7,0.6,natural=wetland
osm-way-1145152575,-26.17270,-58.13835,A7,0.6,natural=wetland
osm-way-1145152577,-26.17308,-58.13992,A7,0.6,natural=wetland
osm-way-1145152579,-26.17369,-58.13897,A7,0.6,natural=wetland
osm-way-1145152581,-26.17350,-58.13492,A7,0.6,natural=wetland
osm-way-1145152582,-26.17400,-58.13381,A7,0.6,natural=wetland
osm-way-1145151268,-26.17095,-58.14182,A7,0.6,natural=wetland
osm-way-1145154062,-26.17019,-58.14020,A7,0.6,natural=wetland
osm-way-1139770490,-26.15570,-58.13864,A7,0.6,natural=wetland
osm-way-1139770492,-26.15588,-58.14203,A7,0.6,natural=wetland
osm-way-1139770489,-26.15596,-58.13777,A7,0.6,natural=wetland
osm-way-1139770491,-26.15688,-58.13926,A7,0.6,natural=wetland
osm-way-1080314960,-26.08793,-58.10339,A7,0.6,natural=wetland
osm-way-1177906439,-26.14256,-58.12733,A7,0.6,natural=wetland
osm-way-1131612954,-26.07465,-58.25131,A7,0.6,natural=wetland
osm-way-1082298585,-26.06862,-58.19844,A7,0.6,natural=wetland
osm-way-1300940121,-26.07717,-58.21560,A7,0.6,natural=wetland
osm-way-555451982,-7.36328,20.85027,A7,0.6,natural=wetland
osm-node-9294685268,-32.42081,-63.25387,A3,0.9,natural=beach
osm-node-9294687597,-32.42180,-63.25315,A3,0.9,natural=beach
osm-node-9294696145,-32.42243,-63.25141,A3,0.9,natural=beach
osm-way-954982810,-34.65235,-60.99497,A7,0.6,natural=wetland
osm-way-954982811,-34.64548,-60.98895,A7,0.6,natural=wetland
osm-way-289294102,-34.62205,-60.94239,A7,0.6,natural=wetland
osm-way-849476221,-34.54958,-60.89389,A7,0.6,natural=wetland
osm-way-1284136395,-32.17409,-64.25095,A3,0.9,natural=beach
osm-way-1284144583,-32.15221,-64.13197,A3,0.9,natural=beach
osm-way-1284139824,-32.14774,-64.11970,A3,0.9,natural=beach
osm-way-1284138899,-32.15741,-64.11278,A3,0.9,natural=beach
osm-way-1313388520,-32.50479,-63.34683,A7,0.6,natural=wetland
osm-way-1313552785,-32.50921,-63.34778,A7,0.6,natural=wetland
osm-way-1313552786,-32.50937,-63.34531,A7,0.6,natural=wetland
osm-way-1253112179,-32.50997,-63.33231,A7,0.6,natural=wetland
osm-way-1313150423,-32.51299,-63.33883,A7,0.6,natural=wetland
osm-way-1313552787,-32.51234,-63.33879,A7,0.6,natural=wetland
osm-way-1253112158,-32.50078,-63.35282,A7,0.6,natural=wetland
osm-way-1234952395,-32.48617,-63.34642,A7,0.6,natural=wetland
osm-way-547145690,-32.38675,-63.39647,A7,0.6,natural=wetland
osm-way-497284837,-32.38945,-63.35505,A7,0.6,natural=wetland
osm-way-496537938,-32.40314,-63.33968,A7,0.6,natural=wetland
osm-way-496577644,-32.40198,-63.34177,A7,0.6,natural=wetland
osm-way-497284855,-32.39186,-63.34525,A7,0.6,natural=wetland
osm-way-496577661,-32.39240,-63.33987,A7,0.6,natural=wetland
osm-way-497279572,-32.38278,-63.33380,A7,0.6,natural=wetland
osm-way-1167364424,-32.36355,-63.37501,A7,0.6,natural=wetland
osm-way-1167364426,-32.36490,-63.37070,A7,0.6,natural=wetland
osm-way-1167364423,-32.36140,-63.37679,A7,0.6,natural=wetland
osm-way-668508289,-32.36923,-63.34876,A7,0.6,natural=wetland
osm-way-547459165,-32.37218,-63.34258,A7,0.6,natural=wetland
osm-way-1171456765,-32.51961,-63.32585,A7,0.6,natural=wetland
osm-way-1213497968,-32.52454,-63.31741,A7,0.6,natural=wetland
osm-way-1213497967,-32.52430,-63.31112,A7,0.6,natural=wetland
osm-way-1313322149,-32.50997,-63.31119,A7,0.6,natural=wetland
osm-way-1258920655,-32.52917,-63.21377,A7,0.6,natural=wetland
osm-way-1213208597,-32.48285,-63.30137,A7,0.6,natural=wetland
osm-way-1346889408,-32.48409,-63.26689,A7,0.6,natural=wetland
osm-way-1348422858,-32.46593,-63.26821,A7,0.6,natural=wetland
osm-way-1348422859,-32.46654,-63.26835,A7,0.6,natural=wetland
osm-way-1346889409,-32.47099,-63.26326,A7,0.6,natural=wetland
osm-way-1346889410,-32.46851,-63.26346,A7,0.6,natural=wetland
osm-way-1346889415,-32.46952,-63.25939,A7,0.6,natural=wetland
osm-way-1348397731,-32.47102,-63.26237,A7,0.6,natural=wetland
osm-way-1348422861,-32.46634,-63.26696,A7,0.6,natural=wetland
osm-way-1348422862,-32.46708,-63.26693,A7,0.6,natural=wetland
osm-way-1348421183,-32.48612,-63.23995,A7,0.6,natural=wetland
osm-way-1348421184,-32.48701,-63.23996,A7,0.6,natural=wetland
osm-way-1259079717,-32.46831,-63.24773,A7,0.6,natural=wetland
osm-way-518462238,-32.45612,-63.26425,A7,0.6,natural=wetland
osm-way-692685174,-32.45286,-63.26299,A7,0.6,natural=wetland
osm-way-1200025340,-32.43656,-63.26634,A7,0.6,natural=wetland
osm-way-1312321462,-32.44557,-63.26199,A7,0.6,natural=wetland
osm-way-1216153072,-32.41277,-63.32405,A7,0.6,natural=wetland
osm-way-1154870855,-32.42195,-63.30290,A7,0.6,natural=wetland
osm-way-495113367,-32.40968,-63.32776,A7,0.6,natural=wetland
osm-way-645642883,-32.39615,-63.32289,A7,0.6,natural=wetland
osm-way-1312321472,-32.43169,-63.27024,A7,0.6,natural=wetland
osm-way-1312321475,-32.42779,-63.27343,A7,0.6,natural=wetland
osm-way-1046914238,-32.39800,-63.24917,A7,0.6,natural=wetland
osm-way-1044082934,-32.45501,-63.20650,A7,0.6,natural=wetland
osm-way-437309137,-32.44547,-63.21235,A7,0.6,natural=wetland
osm-way-1350298272,-32.48560,-63.17368,A7,0.6,natural=wetland
osm-way-509520081,-32.41865,-63.13717,A7,0.6,natural=wetland
osm-way-509520082,-32.41756,-63.13518,A7,0.6,natural=wetland
osm-way-484670177,-32.35765,-63.23701,A7,0.6,natural=wetland
osm-way-505168129,-32.35788,-63.23757,A7,0.6,natural=wetland
osm-way-505168130,-32.35765,-63.23701,A7,0.6,natural=wetland
osm-way-505168131,-32.35741,-63.23644,A7,0.6,natural=wetland
osm-way-505168132,-32.35684,-63.23509,A7,0.6,natural=wetland
osm-way-1302731869,-32.38277,-63.22145,A7,0.6,natural=wetland
osm-way-1302731870,-32.38325,-63.22045,A7,0.6,natural=wetland
osm-way-1302731874,-32.38320,-63.21163,A7,0.6,natural=wetland
osm-way-1449302851,-32.29611,-63.16543,A7,0.6,natural=wetland
osm-way-497563440,-32.29126,-63.22369,A7,0.6,natural=wetland
osm-way-1449302852,-32.29687,-63.16146,A7,0.6,natural=wetland
osm-way-1449299714,-32.29627,-63.14762,A7,0.6,natural=wetland
osm-way-508040479,-32.42553,-63.11945,A7,0.6,natural=wetland
osm-way-1230468560,-32.41833,-63.10277,A7,0.6,natural=wetland
osm-way-1230468556,-32.40271,-63.08548,A7,0.6,natural=wetland
osm-way-550994646,-32.62612,-62.69776,A3,0.9,natural=beach
osm-way-399134641,-32.56102,-62.60272,A7,0.6,natural=wetland
osm-way-399134639,-32.57772,-62.59428,A7,0.6,natural=wetland
osm-way-399134640,-32.56324,-62.58619,A7,0.6,natural=wetland
osm-way-556408772,-32.27022,-63.24645,A7,0.6,natural=wetland
osm-way-1256993935,-32.27206,-63.24469,A7,0.6,natural=wetland
osm-node-1191493076,41.90654,25.72706,A4,0.9,natural=peak
osm-node-1191495485,41.87360,25.74257,A4,0.9,natural=peak
osm-node-1191489227,41.94146,25.69046,A4,0.9,natural=peak
osm-node-7208478497,41.91185,25.87539,A2,0.5,historic=castle
osm-node-8601905778,41.89781,25.98366,A7,0.7,waterway=waterfall
osm-node-1198015722,41.97294,25.48357,A4,0.9,natural=peak
osm-node-1191490649,41.97006,25.51039,A4,0.9,natural=peak
osm-node-1191497885,41.99384,25.50578,A4,0.9,natural=peak
osm-node-7334761303,41.98991,25.55814,A4,0.9,natural=peak
osm-node-1191497496,41.98405,25.63216,A4,0.9,natural=peak
osm-node-1191490326,41.98787,25.59126,A4,0.9,natural=peak
osm-node-4562335579,41.96058,25.65305,A2,0.5,historic=archaeological_site
osm-node-1191490317,41.98461,25.73775,A4,0.9,natural=peak
osm-node-1191497390,41.98891,25.69615,A4,0.9,natural=peak
osm-node-4712277197,42.01086,25.99722,A2,0.5,historic=archaeological_site
osm-node-12666220186,41.67711,26.06588,A4,0.9,natural=peak
osm-node-12709774258,41.68071,26.07248,A4,0.9,natural=peak
osm-node-12640321762,41.68594,26.06345,A4,0.9,natural=peak
osm-node-12640341245,41.67422,26.09329,A4,0.9,natural=peak
osm-node-12625528736,41.69392,26.08341,A4,0.9,natural=peak
osm-node-12640329489,41.69847,26.06815,A4,0.9,natural=peak
osm-node-12640359402,41.69890,26.06691,A4,0.9,natural=peak
osm-node-12625075465,41.69973,26.07228,A4,0.9,natural=peak
osm-node-12570640395,41.70930,26.07195,A4,0.9,natural=peak
osm-node-12625124990,41.70392,26.09380,A4,0.9,natural=peak
osm-node-12570640394,41.66906,26.11231,A4,0.5,natural=cliff
osm-node-12649747758,41.65453,26.14926,A4,0.9,natural=peak
osm-node-12632807201,41.66425,26.15090,A4,0.9,natural=peak
osm-node-12705909764,41.67566,26.11317,A4,0.9,natural=peak
osm-node-12709762919,41.67635,26.11577,A4,0.9,natural=peak
osm-node-12705897054,41.67594,26.12062,A4,0.9,natural=peak
osm-node-13167395982,41.68738,26.13375,A4,0.9,natural=peak
osm-node-12632758781,41.67556,26.14204,A4,0.9,natural=peak
osm-node-12747517695,41.67382,26.15424,A4,0.9,natural=peak
osm-node-12632772953,41.65739,26.17377,A4,0.9,natural=peak
osm-node-12632766852,41.66566,26.19592,A4,0.9,natural=peak
osm-node-12712321861,41.65486,26.28185,A4,0.9,natural=peak
osm-node-12712303216,41.65256,26.28706,A4,0.9,natural=peak
osm-node-6223479018,41.86652,26.08936,A4,0.9,natural=peak
osm-node-8261869890,41.87456,26.28963,A2,0.5,historic=archaeological_site
osm-way-645143492,-15.95645,-63.29613,A7,0.6,natural=wetland
osm-way-645143491,-15.95588,-63.30072,A7,0.6,natural=wetland
osm-way-645143493,-15.95014,-63.28598,A7,0.6,natural=wetland
osm-way-640542403,-15.93563,-63.28377,A7,0.6,natural=wetland
osm-way-646692167,-15.99108,-63.11762,A7,0.6,natural=wetland
osm-way-640192076,-15.91532,-63.31240,A7,0.6,natural=wetland
osm-way-640192077,-15.91099,-63.31577,A7,0.6,natural=wetland
osm-way-640552837,-15.89539,-63.32364,A7,0.6,natural=wetland
osm-way-640542410,-15.90594,-63.28976,A7,0.6,natural=wetland
osm-way-642234663,-15.90747,-63.25990,A7,0.6,natural=wetland
osm-way-640101205,-15.89466,-63.26282,A7,0.6,natural=wetland
osm-way-647916923,-15.90956,-63.20043,A7,0.6,natural=wetland
osm-way-549436145,-15.90541,-63.19718,A7,0.6,natural=wetland
osm-way-647916921,-15.90169,-63.20153,A7,0.6,natural=wetland
osm-way-1415518264,-15.89847,-63.19718,A7,0.6,natural=wetland
osm-way-1415530279,-15.88841,-63.22316,A7,0.6,natural=wetland
osm-way-1030724093,41.92349,25.55223,A2,0.5,historic=archaeological_site
osm-way-188985771,41.89414,25.84369,A7,0.6,natural=wetland
osm-way-188985773,41.89427,25.85298,A7,0.6,natural=wetland
osm-way-1230318340,41.97964,25.48876,A7,0.6,natural=wetland
osm-way-230562321,42.00322,25.50274,A2,0.5,historic=archaeological_site
osm-way-902309967,42.00463,25.50290,A2,0.5,historic=archaeological_site
osm-way-103194642,41.98151,25.54414,A7,0.6,natural=wetland
osm-way-1490472518,42.06265,25.51121,A7,0.6,natural=wetland
osm-way-1271754953,42.05977,25.64642,A3,0.9,natural=beach
osm-way-211662816,41.97965,25.73848,A2,0.5,historic=archaeological_site
osm-way-1272775919,42.08835,25.63001,A7,0.6,natural=wetland
osm-way-577491867,42.03192,25.86042,A2,0.5,historic=archaeological_site
osm-way-1534193873,41.71631,26.04427,A4,0.5,natural=cliff
osm-way-339311868,41.71126,26.05169,A2,0.5,historic=archaeological_site
osm-way-1451614459,41.71126,26.05169,A4,0.5,natural=cliff
osm-way-339707004,41.73506,26.10164,A2,0.5,historic=archaeological_site
osm-way-1241023412,41.74043,26.09240,A2,0.5,historic=archaeological_site
osm-way-1241023411,41.74365,26.08818,A2,0.5,historic=archaeological_site
osm-way-1485877151,41.69622,26.12911,A4,0.5,natural=cliff
osm-way-1153421417,41.71150,26.34657,A3,0.9,natural=beach
osm-way-484302928,41.82089,26.09564,A7,0.6,natural=wetland
osm-way-1503397645,41.75363,26.16751,A7,0.6,natural=wetland
osm-node-568163639,-17.29917,-53.21829,A7,0.7,waterway=waterfall
osm-node-12953965928,-23.15166,-45.60054,A4,0.9,natural=peak
osm-node-5270113606,-23.02329,-45.56060,A4,0.9,natural=peak
osm-way-1316659669,-23.22473,-45.72186,A4,0.7,natural=ridge
osm-way-1113730984,-23.04048,-45.68430,A7,0.6,natural=wetland
osm-way-1113732335,-23.03206,-45.67411,A7,0.6,natural=wetland
osm-way-1113732009,-23.02880,-45.67482,A7,0.6,natural=wetland
osm-way-549371956,-23.02245,-45.63418,A7,0.6,natural=wetland
osm-way-616393096,-23.03655,-45.50835,A7,0.6,natural=wetland
osm-way-616197661,-23.03545,-45.51863,A7,0.6,natural=wetland
osm-way-616197660,-23.03196,-45.51311,A7,0.6,natural=wetland
osm-way-473662191,-23.00665,-45.49879,A7,0.6,natural=wetland
osm-way-473662196,-22.97895,-45.50491,A7,0.6,natural=wetland
osm-way-1076710590,-22.96780,-45.46632,A7,0.6,natural=wetland
osm-way-154415584,-22.94418,-45.49418,A7,0.6,natural=wetland
osm-way-461894398,-20.84658,-43.78732,A4,0.7,natural=ridge
osm-node-2929226181,-20.07073,-43.48910,A7,0.7,waterway=waterfall
osm-node-13118747584,-20.08869,-43.44014,A4,0.9,natural=peak
osm-node-8863930326,-19.93970,-43.54617,A7,0.7,waterway=waterfall
osm-node-3052378045,-19.97229,-43.44692,A4,0.9,natural=peak
osm-node-8864005015,-19.90828,-43.48853,A4,0.9,natural=peak
osm-node-13472579201,-20.02040,-43.35424,A7,0.7,waterway=waterfall
osm-node-3945113752,-19.91233,-43.34098,A4,0.9,natural=peak
osm-node-11257595237,-19.88153,-43.48367,A7,0.7,waterway=waterfall
osm-node-11257595437,-19.87535,-43.49024,A7,0.7,waterway=waterfall
osm-node-11257595139,-19.87160,-43.49322,A7,0.7,waterway=waterfall
osm-node-11257595138,-19.87671,-43.48858,A7,0.7,waterway=waterfall
osm-node-11257595337,-19.87593,-43.48908,A7,0.7,waterway=waterfall
osm-node-8109906937,-19.87875,-43.47983,A2,0.5,historic=archaeological_site
osm-node-4560591253,-20.09257,-43.11708,A4,0.9,natural=peak
osm-way-300978701,-20.13779,-43.50814,A4,0.7,natural=ridge
osm-way-316305514,-20.17919,-43.18049,A4,0.7,natural=ridge
osm-way-318776195,-19.97866,-43.55017,A4,0.7,natural=ridge
osm-way-316302864,-19.91404,-43.54400,A4,0.7,natural=ridge
osm-way-316302862,-19.89985,-43.52455,A4,0.7,natural=ridge
osm-way-316305508,-19.93431,-43.33012,A4,0.7,natural=ridge
osm-way-391304892,-19.90559,-43.33859,A4,0.7,natural=ridge
osm-way-1469595317,-19.90911,-43.33339,A2,0.5,historic=archaeological_site
osm-way-316305507,-19.89034,-43.47429,A4,0.7,natural=ridge
osm-way-316305512,-19.87326,-43.41063,A4,0.7,natural=ridge
osm-way-316305509,-19.85803,-43.38111,A4,0.7,natural=ridge
osm-way-316305506,-19.86108,-43.32553,A4,0.7,natural=ridge
osm-way-1441908741,-20.01307,-43.07078,A7,0.6,natural=wetland
osm-way-1441929503,-20.02960,-43.05794,A7,0.6,natural=wetland
osm-way-1441929505,-20.03224,-43.05392,A7,0.6,natural=wetland
osm-node-488154390,43.23937,-80.99238,A9,0.8,leisure=nature_reserve
osm-node-5430390596,43.31567,-80.94996,A9,0.8,leisure=nature_reserve
osm-node-11759439228,29.89117,102.95822,A4,0.9,natural=peak
osm-node-11759439227,29.94951,102.91153,A4,0.9,natural=peak
osm-node-9953202588,29.94450,103.04087,A4,0.9,natural=peak
osm-node-10693775246,29.98257,103.00431,A4,0.9,natural=peak
osm-node-11035849815,30.02851,102.89164,A4,0.9,natural=peak
osm-node-2090147241,30.03663,102.87008,A4,0.9,natural=peak
osm-node-2277971471,30.05815,102.94813,A4,0.9,natural=peak
osm-node-11910663445,30.05994,102.96346,A4,0.9,natural=peak
osm-node-11701902038,30.02422,103.03931,A4,0.9,natural=peak
osm-node-4665437181,30.07110,102.99529,A4,0.5,natural=cliff
osm-node-2277971472,30.06961,103.00744,A4,0.9,natural=peak
osm-node-4665437187,30.07366,103.00089,A7,0.7,waterway=waterfall
osm-node-7369769511,30.08400,103.04597,A4,0.9,natural=peak
osm-node-2277971473,30.11131,102.97941,A4,0.9,natural=peak
osm-way-222806354,52.72682,-108.29498,A2,0.5,historic=fort
osm-way-206579789,52.75512,-108.26436,A7,0.6,natural=wetland
osm-way-206579777,52.76976,-108.32407,A7,0.6,natural=wetland
osm-way-206579799,52.76783,-108.32019,A7,0.6,natural=wetland
osm-way-238028965,52.76219,-108.31827,A7,0.6,natural=wetland
osm-way-238028964,52.76247,-108.31426,A7,0.6,natural=wetland
osm-way-206579797,52.76180,-108.30510,A7,0.6,natural=wetland
osm-way-206579798,52.76309,-108.30460,A7,0.6,natural=wetland
osm-way-239216524,52.77695,-108.25641,A7,0.6,natural=wetland
osm-way-239216526,52.77718,-108.25764,A7,0.6,natural=wetland
osm-way-575436654,52.70314,-108.13837,A7,0.6,natural=wetland
osm-way-584479396,52.70039,-108.13093,A7,0.6,natural=wetland
osm-way-606127123,52.72948,-108.18413,A7,0.6,natural=wetland
osm-way-606127124,52.72770,-108.17848,A7,0.6,natural=wetland
osm-way-606122391,52.74359,-108.15149,A7,0.6,natural=wetland
osm-way-40251808,43.23678,-81.00220,A7,0.6,natural=wetland
osm-way-39976383,43.25816,-80.99439,A7,0.6,natural=wetland
osm-way-39976558,43.28866,-80.98091,A7,0.6,natural=wetland
osm-way-39976534,43.27774,-80.96345,A7,0.6,natural=wetland
osm-way-39976456,43.48852,-80.94084,A7,0.6,natural=wetland
osm-way-39976435,43.46215,-80.97251,A7,0.6,natural=wetland
osm-way-39976328,43.46818,-80.95980,A7,0.6,natural=wetland
osm-way-39976386,43.46252,-80.95615,A7,0.6,natural=wetland
osm-way-223311144,43.24466,-80.94585,A7,0.6,natural=wetland
osm-way-223311268,43.23751,-80.94351,A7,0.6,natural=wetland
osm-way-39976370,43.25419,-80.92902,A7,0.6,natural=wetland
osm-way-39976542,43.29908,-80.89797,A7,0.6,natural=wetland
osm-way-39976359,43.35432,-80.93970,A7,0.6,natural=wetland
osm-way-39976318,43.35709,-80.92986,A7,0.6,natural=wetland
osm-way-39976375,43.36253,-80.93242,A7,0.6,natural=wetland
osm-way-39976341,43.37138,-80.91892,A7,0.6,natural=wetland
osm-way-39976472,43.38060,-80.90869,A7,0.6,natural=wetland
osm-way-39976555,43.37948,-80.90518,A7,0.6,natural=wetland
osm-way-39976415,43.43001,-80.92082,A7,0.6,natural=wetland
osm-way-39976498,43.38722,-80.85103,A7,0.6,natural=wetland
osm-way-39976515,43.32572,-80.79622,A7,0.6,natural=wetland
osm-way-39976504,43.39604,-80.82995,A7,0.6,natural=wetland
osm-way-39976545,43.38763,-80.80673,A7,0.6,natural=wetland
osm-way-39945582,43.40215,-80.81100,A7,0.6,natural=wetland
osm-way-39976509,43.41500,-80.79707,A7,0.6,natural=wetland
osm-way-39976493,43.42366,-80.79381,A7,0.6,natural=wetland
osm-way-39976319,43.39269,-80.78786,A7,0.6,natural=wetland
osm-way-39976358,43.43606,-80.90492,A7,0.6,natural=wetland
osm-way-1149850389,29.94497,103.04094,A4,0.5,natural=cliff
osm-way-1086888255,29.97362,103.00298,A4,0.5,natural=cliff
osm-way-1172469895,29.99077,103.00915,A4,0.5,natural=cliff
osm-way-472364074,30.07736,102.98930,A4,0.5,natural=cliff
osm-way-472364073,30.07583,102.99170,A4,0.5,natural=cliff
osm-way-1266269482,30.00627,103.08810,A7,0.6,natural=wetland
osm-way-1160766685,30.01714,103.12247,A7,0.6,natural=wetland
osm-way-1160766686,30.01775,103.12245,A7,0.6,natural=wetland
osm-way-1160766687,30.01765,103.12429,A7,0.6,natural=wetland
osm-way-1160766688,30.01783,103.12516,A7,0.6,natural=wetland
osm-node-3002758272,25.59502,100.17679,A4,0.9,natural=peak
osm-node-10201945821,25.57453,100.23317,A4,0.9,natural=peak
osm-node-6528659908,25.59230,100.19831,A4,0.5,natural=cliff
osm-node-6525028939,25.73098,100.02657,A7,0.7,waterway=waterfall
osm-node-12828933915,25.62461,100.04529,A2,0.5,historic=archaeological_site
osm-node-12830159053,25.64151,100.03526,A8,0.9,natural=hot_spring
osm-node-7629928512,25.61555,100.08948,A7,0.7,waterway=waterfall
osm-node-3002758267,25.61764,100.13740,A4,0.9,natural=peak
osm-node-3002761902,25.64894,100.09801,A4,0.9,natural=peak
osm-node-3002758269,25.63045,100.12556,A4,0.9,natural=peak
osm-node-7351503397,25.64607,100.11436,A4,0.9,natural=peak
osm-node-3002761900,25.69825,100.08601,A4,0.9,natural=peak
osm-node-3002758273,25.65621,100.10130,A4,0.9,natural=peak
osm-node-3002758270,25.67231,100.09233,A4,0.9,natural=peak
osm-node-3002758266,25.67007,100.09385,A4,0.9,natural=peak
osm-node-3002761903,25.66769,100.09641,A4,0.9,natural=peak
osm-node-6696159685,25.66041,100.12930,A7,0.7,waterway=waterfall
osm-node-12241708447,25.66041,100.13399,A7,0.7,waterway=waterfall
osm-node-3002758271,25.68780,100.08959,A4,0.9,natural=peak
osm-node-4248066752,25.68104,100.12895,A7,0.7,waterway=waterfall
osm-node-13818961657,25.68654,100.13506,A2,0.5,historic=archaeological_site
osm-node-12231800197,25.68847,100.12599,A7,0.7,waterway=waterfall
osm-node-8450050287,25.60395,100.16502,A4,0.9,natural=peak
osm-node-3002761901,25.60903,100.15424,A4,0.9,natural=peak
osm-node-13877753739,25.61185,100.21428,A2,0.5,historic=archaeological_site
osm-node-11093175046,25.62472,100.19944,A2,0.5,historic=archaeological_site
osm-node-9878990561,25.60488,100.24103,A4,0.9,natural=peak
osm-node-13818961658,25.63933,100.19148,A2,0.5,historic=archaeological_site
osm-node-9919131653,25.65525,100.15789,A2,0.5,historic=archaeological_site
osm-node-9883580615,25.70113,100.14582,A2,0.5,historic=archaeological_site
osm-node-3002758265,25.72468,100.07007,A4,0.9,natural=peak
osm-node-3002758268,25.71966,100.07609,A4,0.9,natural=peak
osm-node-3010472611,25.74662,100.04877,A4,0.9,natural=peak
osm-node-4248067000,25.71653,100.09184,A7,0.7,waterway=waterfall
osm-node-7686599693,25.75882,100.11893,A2,0.5,historic=archaeological_site
osm-node-4798127150,25.76658,100.04455,A4,0.9,natural=peak
osm-node-8844534361,25.76659,100.04380,A4,0.9,natural=peak
osm-node-13818961645,25.77806,100.10889,A2,0.5,historic=archaeological_site
osm-node-10655427436,25.70729,100.14411,A2,0.5,historic=archaeological_site
osm-node-10831375737,25.72069,100.23718,A4,0.9,natural=peak
osm-node-10831375780,25.75684,100.23707,A4,0.9,natural=peak
osm-node-10831375756,25.78161,100.22132,A4,0.9,natural=peak
osm-node-10201945820,25.60524,100.26987,A4,0.9,natural=peak
osm-node-10201856854,25.62285,100.28895,A4,0.9,natural=peak
osm-node-9879104324,25.65491,100.29628,A4,0.9,natural=peak
osm-node-8586890519,25.67509,100.28168,A4,0.9,natural=peak
osm-node-10831375773,25.67510,100.28162,A4,0.9,natural=peak
osm-node-10106035813,25.68641,100.26883,A2,0.5,historic=archaeological_site
osm-node-10831375774,25.69784,100.28144,A4,0.9,natural=peak
osm-node-10831375775,25.70357,100.27505,A4,0.9,natural=peak
osm-node-10831375772,25.67371,100.30539,A4,0.9,natural=peak
osm-node-9881784049,25.71588,100.24450,A4,0.9,natural=peak
osm-node-10831375778,25.72889,100.25973,A4,0.9,natural=peak
osm-node-10831375777,25.71397,100.27617,A4,0.9,natural=peak
osm-node-10831375781,25.73164,100.28174,A4,0.9,natural=peak
osm-node-10831375776,25.72255,100.29226,A4,0.9,natural=peak
osm-node-10831375779,25.73311,100.24389,A4,0.9,natural=peak
osm-node-8629599747,25.74541,100.24598,A4,0.9,natural=peak
osm-node-10831375782,25.73751,100.27368,A4,0.9,natural=peak
osm-node-10831375757,25.78270,100.24720,A4,0.9,natural=peak
osm-node-13518430433,23.90807,106.62670,A4,0.9,natural=peak
osm-node-13518430434,23.90741,106.63291,A4,0.9,natural=peak
osm-node-13518430435,23.90640,106.63795,A4,0.9,natural=peak
osm-node-7402164563,23.88304,106.70899,A4,0.9,natural=peak
osm-node-4518501959,28.18815,115.70717,A4,0.9,natural=peak
osm-node-11375514354,30.72018,113.11471,A2,0.5,historic=archaeological_site
osm-node-10963813074,30.77238,113.07129,A2,0.5,historic=archaeological_site
osm-node-10675704892,30.76951,113.07770,A2,0.5,historic=archaeological_site
osm-node-10675727620,30.76651,113.08231,A2,0.5,historic=archaeological_site
osm-node-10963813073,30.76968,113.08668,A2,0.5,historic=archaeological_site
osm-node-10963813072,30.77883,113.07703,A2,0.5,historic=archaeological_site
osm-way-1099687224,25.59011,100.05307,A4,0.5,natural=cliff
osm-way-1099687225,25.59926,100.04845,A4,0.5,natural=cliff
osm-way-1099645054,25.64107,100.03531,A4,0.7,natural=ridge
osm-way-892113809,25.64978,100.09924,A4,0.5,natural=cliff
osm-way-736529441,25.64696,100.11867,A4,0.5,natural=cliff
osm-way-736529442,25.64689,100.11867,A4,0.5,natural=cliff
osm-way-1099645066,25.67832,100.07060,A4,0.7,natural=ridge
osm-way-1099645065,25.66943,100.08356,A4,0.7,natural=ridge
osm-way-814241644,25.61252,100.14404,A4,0.5,natural=cliff
osm-way-1104582549,25.61686,100.22884,A7,0.6,natural=wetland
osm-way-137293580,25.63499,100.19775,A2,0.5,historic=archaeological_site
osm-way-801693627,25.63619,100.19712,A2,0.5,historic=archaeological_site
osm-way-551767547,25.66807,100.14746,A4,0.5,natural=cliff
osm-way-307526043,25.69188,100.20682,A7,0.6,natural=wetland
osm-way-307526045,25.68853,100.20688,A7,0.6,natural=wetland
osm-way-307526046,25.69036,100.20680,A7,0.6,natural=wetland
osm-way-307521017,25.70501,100.20281,A7,0.6,natural=wetland
osm-way-307521018,25.70243,100.20462,A7,0.6,natural=wetland
osm-way-307521019,25.69815,100.20647,A7,0.6,natural=wetland
osm-way-307398326,25.72700,100.19034,A7,0.6,natural=wetland
osm-way-307398327,25.72334,100.19183,A7,0.6,natural=wetland
osm-way-307532155,25.73157,100.18616,A7,0.6,natural=wetland
osm-way-932916873,25.72618,100.18987,A7,0.6,natural=wetland
osm-way-802302036,25.74285,100.16294,A7,0.6,natural=wetland
osm-way-307984985,25.73648,100.17473,A7,0.6,natural=wetland
osm-way-1175219109,25.73404,100.17785,A3,0.9,natural=beach
osm-way-307528985,25.73359,100.18178,A7,0.6,natural=wetland
osm-way-307984987,25.73413,100.17960,A7,0.6,natural=wetland
osm-way-307533846,25.70898,100.20021,A7,0.6,natural=wetland
osm-way-307914036,25.71282,100.19745,A7,0.6,natural=wetland
osm-way-307914039,25.71688,100.19419,A7,0.6,natural=wetland
osm-way-307918110,25.71847,100.19359,A7,0.6,natural=wetland
osm-way-307918111,25.71570,100.19491,A7,0.6,natural=wetland
osm-way-307918112,25.71527,100.19555,A7,0.6,natural=wetland
osm-way-1136461871,25.70699,100.23663,A4,0.5,natural=cliff
osm-way-1136461868,25.71136,100.23489,A4,0.5,natural=cliff
osm-way-1146948897,25.72157,100.23407,A4,0.5,natural=cliff
osm-way-1146948904,25.71310,100.23530,A4,0.5,natural=cliff
osm-way-1146948896,25.71648,100.23515,A4,0.5,natural=cliff
osm-way-1104027783,25.76142,100.14949,A7,0.6,natural=wetland
osm-way-1104027784,25.76638,100.14840,A7,0.6,natural=wetland
osm-way-1355182400,25.77125,100.15040,A7,0.6,natural=wetland
osm-way-307996502,25.78593,100.14463,A7,0.6,natural=wetland
osm-way-1104027785,25.78127,100.14646,A7,0.6,natural=wetland
osm-way-1104027786,25.77964,100.14702,A7,0.6,natural=wetland
osm-way-1104030698,25.81901,100.14671,A7,0.6,natural=wetland
osm-way-1115516722,25.61454,100.26478,A7,0.6,natural=wetland
osm-way-1105686682,25.62263,100.26217,A7,0.6,natural=wetland
osm-way-1105686683,25.62380,100.26744,A7,0.6,natural=wetland
osm-way-1105686684,25.61771,100.26348,A7,0.6,natural=wetland
osm-way-1115491985,25.63713,100.27628,A7,0.6,natural=wetland
osm-way-1469964284,23.78429,106.59821,A7,0.6,natural=wetland
osm-way-792463414,23.88289,106.59928,A3,0.9,natural=beach
osm-way-717178863,23.88275,106.60918,A3,0.9,natural=beach
osm-way-1147537091,23.92541,106.64631,A4,0.5,natural=cliff
osm-way-290111837,28.18413,115.75771,A7,0.6,natural=wetland
osm-way-1522576840,30.61655,113.17113,A7,0.6,natural=wetland
osm-way-1180940328,30.72355,113.12093,A2,0.5,historic=archaeological_site
osm-way-1095651920,30.70829,113.23797,A7,0.6,natural=wetland
osm-way-1180942247,30.77608,113.07999,A2,0.5,historic=archaeological_site
osm-way-1115122215,30.77377,113.07278,A2,0.5,historic=archaeological_site
osm-way-1118856552,30.77984,113.08328,A2,0.5,historic=archaeological_site
osm-way-1115134273,30.77509,113.07947,A2,0.5,historic=archaeological_site
osm-node-9009524832,29.93580,106.27436,A4,0.9,natural=peak
osm-node-9009524831,29.94061,106.27913,A4,0.9,natural=peak
osm-node-7318045688,29.97797,106.24994,A4,0.9,natural=peak
osm-node-12623181653,29.99097,106.22667,A4,0.9,natural=peak
osm-node-12623181654,29.98714,106.22531,A4,0.9,natural=peak
osm-node-12623181652,29.99086,106.22845,A4,0.9,natural=peak
osm-node-8349099970,29.98403,106.23927,A4,0.9,natural=peak
osm-node-12623181656,29.98122,106.23697,A4,0.9,natural=peak
osm-node-7312270422,29.99860,106.25714,A4,0.9,natural=peak
osm-node-7312270427,29.99758,106.26507,A4,0.9,natural=peak
osm-node-7312270425,30.00042,106.26603,A4,0.9,natural=peak
osm-node-7312270426,30.00295,106.26356,A4,0.9,natural=peak
osm-node-9436730367,29.95711,106.28496,A4,0.9,natural=peak
osm-node-9009249523,29.96172,106.29231,A4,0.9,natural=peak
osm-node-7359255945,29.97617,106.30777,A4,0.9,natural=peak
osm-node-12623181633,29.98486,106.28383,A4,0.9,natural=peak
osm-node-7419455991,29.99214,106.28035,A4,0.9,natural=peak
osm-node-7359255944,29.99013,106.30855,A4,0.9,natural=peak
osm-node-9013942869,30.00427,106.32019,A4,0.9,natural=peak
osm-node-7828453371,29.94375,106.34188,A4,0.9,natural=peak
osm-node-9013942870,29.99846,106.32892,A4,0.9,natural=peak
osm-node-9013942873,29.99416,106.33580,A4,0.9,natural=peak
osm-node-9013942877,30.00047,106.34636,A4,0.9,natural=peak
osm-node-9013942878,30.00273,106.35697,A4,0.9,natural=peak
osm-node-9013942879,30.00520,106.36296,A4,0.9,natural=peak
osm-node-7834307102,30.00629,106.15299,A4,0.9,natural=peak
osm-node-7312270428,30.01504,106.24534,A4,0.9,natural=peak
osm-node-9838694252,30.01336,106.25621,A4,0.9,natural=peak
osm-node-8115225207,30.03024,106.24728,A4,0.9,natural=peak
osm-node-8115225196,30.03748,106.24227,A4,0.9,natural=peak
osm-node-8115225225,30.03242,106.26121,A4,0.9,natural=peak
osm-node-7327224917,30.02780,106.28544,A4,0.9,natural=peak
osm-node-9013942867,30.00672,106.31015,A4,0.9,natural=peak
osm-node-9013942888,30.01047,106.31307,A4,0.9,natural=peak
osm-node-9013942868,30.01137,106.32309,A4,0.9,natural=peak
osm-node-7327240629,30.02724,106.31046,A4,0.9,natural=peak
osm-node-7327240631,30.02814,106.30883,A4,0.9,natural=peak
osm-node-7327240634,30.02941,106.31147,A4,0.9,natural=peak
osm-node-8753520386,30.02182,106.32527,A4,0.9,natural=peak
osm-node-7327240640,30.03210,106.30896,A4,0.9,natural=peak
osm-node-9013942871,30.00907,106.33133,A4,0.9,natural=peak
osm-node-9013942872,30.00769,106.32618,A4,0.9,natural=peak
osm-node-9013942880,30.00917,106.37226,A4,0.9,natural=peak
osm-node-7962307556,30.01003,106.38757,A4,0.9,natural=peak
osm-node-7366820367,30.06357,106.32804,A4,0.9,natural=peak
osm-node-5430440032,28.83345,118.88374,A4,0.9,natural=peak
osm-node-6087729458,28.91837,118.74965,A4,0.9,natural=peak
osm-node-6178374273,28.94689,118.83665,A4,0.9,natural=peak
osm-node-5483937903,28.87613,118.92660,A4,0.9,natural=peak
osm-node-5471983019,28.89415,119.00152,A4,0.9,natural=peak
osm-node-6178005727,28.96472,118.84920,A4,0.9,natural=peak
osm-node-11350042725,29.07011,118.79733,A4,0.9,natural=peak
osm-node-9913648280,29.08149,118.81987,A4,0.9,natural=peak
osm-way-724296213,29.98494,106.26081,A7,0.6,natural=wetland
osm-way-827412943,29.97521,106.29379,A7,0.6,natural=wetland
osm-way-974011738,30.00514,106.30568,A4,0.7,natural=ridge
osm-way-1061111349,30.00651,106.30645,A2,0.5,historic=archaeological_site
osm-way-570426974,28.85557,118.78272,A7,0.6,natural=wetland
osm-way-846271087,28.93491,118.92395,A7,0.6,natural=wetland
osm-way-846271088,28.93962,118.92602,A7,0.6,natural=wetland
osm-way-497863837,28.99012,118.97041,A7,0.6,natural=wetland
osm-way-846261924,28.98534,118.93203,A7,0.6,natural=wetland
osm-way-846271082,28.98159,118.99899,A7,0.6,natural=wetland
osm-way-846269058,28.98564,119.00087,A7,0.6,natural=wetland
osm-way-696107159,45.27249,126.38717,A7,0.6,natural=wetland
osm-node-10777864067,30.40190,103.44436,A2,0.5,historic=archaeological_site
osm-node-9124415238,27.51927,113.83663,A4,0.9,natural=peak
osm-node-9124414920,27.54686,113.80012,A4,0.9,natural=peak
osm-node-7141087334,27.13969,114.97458,A4,0.9,natural=peak
osm-node-4910410753,27.14483,115.00798,A4,0.9,natural=peak
osm-node-5227433633,27.11746,115.08384,A4,0.9,natural=peak
osm-node-4860942532,27.13432,115.09463,A4,0.9,natural=peak
osm-way-1066289158,25.70683,113.13502,A3,0.9,natural=beach
osm-node-11684930804,29.55709,106.19756,A7,0.7,waterway=waterfall
osm-node-12213947189,29.49570,106.25784,A4,0.9,natural=peak
osm-node-12029522300,29.61481,106.26481,A4,0.9,natural=peak
osm-node-11822454329,29.63739,106.28484,A4,0.9,natural=peak
osm-node-11876859066,29.66109,106.29552,A2,0.5,historic=archaeological_site
osm-node-4144039404,29.69511,106.30036,A4,0.9,natural=peak
osm-node-4375075402,29.64363,106.35518,A7,0.7,waterway=waterfall
osm-node-6745737070,36.60251,117.42763,A4,0.9,natural=peak
osm-node-6744162459,36.66267,117.34995,A4,0.9,natural=peak
osm-node-6745757467,36.64050,117.36385,A4,0.9,natural=peak
osm-node-6745765379,36.61798,117.39087,A4,0.9,natural=peak
osm-node-6745737077,36.62541,117.39643,A4,0.9,natural=peak
osm-node-6745737069,36.61229,117.42999,A4,0.9,natural=peak
osm-node-6745767581,36.65775,117.42595,A4,0.9,natural=peak
osm-node-12847382911,36.73402,117.35252,A2,0.5,historic=archaeological_site
osm-node-6792931353,36.59293,117.45089,A4,0.9,natural=peak
osm-node-7283770267,36.62763,117.49648,A4,0.9,natural=peak
osm-node-7284131576,36.63673,117.51455,A4,0.9,natural=peak
osm-node-7284131577,36.64119,117.51225,A4,0.9,natural=peak
osm-node-7284131579,36.64723,117.51142,A4,0.9,natural=peak
osm-node-7284142345,36.64647,117.50747,A4,0.9,natural=peak
osm-node-7284131578,36.64456,117.51706,A4,0.9,natural=peak
osm-node-7283916087,36.65379,117.51674,A4,0.9,natural=peak
osm-node-7284155288,36.63382,117.57199,A4,0.9,natural=peak
osm-node-7284155289,36.65090,117.55706,A4,0.9,natural=peak
osm-node-9458781465,36.74860,117.61610,A4,0.9,natural=peak
osm-node-11387549045,40.17622,118.19094,A9,0.8,leisure=nature_reserve
osm-node-11387549046,40.17643,118.18985,A9,0.8,leisure=nature_reserve
osm-node-12485801942,40.26944,118.11225,A4,0.9,natural=peak
osm-node-11387135820,40.18217,118.18315,A9,0.8,leisure=nature_reserve
osm-node-11387135821,40.18279,118.18540,A9,0.8,leisure=nature_reserve
osm-node-11387135822,40.18302,118.18727,A9,0.8,leisure=nature_reserve
osm-node-11387433015,40.17889,118.18722,A9,0.8,leisure=nature_reserve
osm-node-11387433016,40.17957,118.18656,A9,0.8,leisure=nature_reserve
osm-node-11387433017,40.18002,118.18619,A9,0.8,leisure=nature_reserve
osm-node-11387433018,40.18111,118.18649,A9,0.8,leisure=nature_reserve
osm-node-11387433019,40.18164,118.18689,A9,0.8,leisure=nature_reserve
osm-node-11387135823,40.18448,118.18755,A9,0.8,leisure=nature_reserve
osm-node-11387135824,40.18607,118.18674,A9,0.8,leisure=nature_reserve
osm-node-11387135825,40.18755,118.18557,A9,0.8,leisure=nature_reserve
osm-node-11387135826,40.18877,118.18410,A9,0.8,leisure=nature_reserve
osm-node-11387455849,40.18953,118.18733,A9,0.8,leisure=nature_reserve
osm-node-11387433020,40.18173,118.18806,A9,0.8,leisure=nature_reserve
osm-node-11387433021,40.18243,118.18978,A9,0.8,leisure=nature_reserve
osm-node-11387433022,40.18178,118.18894,A9,0.8,leisure=nature_reserve
osm-node-11387433023,40.18296,118.19008,A9,0.8,leisure=nature_reserve
osm-node-11387549047,40.17732,118.18880,A9,0.8,leisure=nature_reserve
osm-node-11387549048,40.17811,118.18835,A9,0.8,leisure=nature_reserve
osm-node-11387526180,40.18339,118.20056,A9,0.8,leisure=nature_reserve
osm-node-11387526181,40.18274,118.20012,A9,0.8,leisure=nature_reserve
osm-node-11387526182,40.18200,118.20019,A9,0.8,leisure=nature_reserve
osm-node-11387433024,40.18369,118.19030,A9,0.8,leisure=nature_reserve
osm-node-11387433025,40.18366,118.19180,A9,0.8,leisure=nature_reserve
osm-node-11387433026,40.18353,118.19287,A9,0.8,leisure=nature_reserve
osm-node-11387455838,40.18379,118.19370,A9,0.8,leisure=nature_reserve
osm-node-11387455842,40.18643,118.19364,A9,0.8,leisure=nature_reserve
osm-node-11387455843,40.18635,118.19257,A9,0.8,leisure=nature_reserve
osm-node-11387455844,40.18624,118.19135,A9,0.8,leisure=nature_reserve
osm-node-11387455845,40.18662,118.19025,A9,0.8,leisure=nature_reserve
osm-node-11387455846,40.18723,118.18935,A9,0.8,leisure=nature_reserve
osm-node-11387455847,40.18811,118.18875,A9,0.8,leisure=nature_reserve
osm-node-11387455848,40.18867,118.18812,A9,0.8,leisure=nature_reserve
osm-node-5058974521,40.18779,118.19659,A4,0.9,natural=peak
osm-node-11387455839,40.18439,118.19462,A9,0.8,leisure=nature_reserve
osm-node-11387455840,40.18519,118.19484,A9,0.8,leisure=nature_reserve
osm-node-11387455841,40.18601,118.19465,A9,0.8,leisure=nature_reserve
osm-node-11387526171,40.18914,118.19702,A9,0.8,leisure=nature_reserve
osm-node-11387526172,40.18838,118.19722,A9,0.8,leisure=nature_reserve
osm-node-11387526173,40.18769,118.19771,A9,0.8,leisure=nature_reserve
osm-node-11387526174,40.18694,118.19862,A9,0.8,leisure=nature_reserve
osm-node-11387526175,40.18621,118.19928,A9,0.8,leisure=nature_reserve
osm-node-11387526176,40.18559,118.20011,A9,0.8,leisure=nature_reserve
osm-node-11387135827,40.19003,118.18270,A9,0.8,leisure=nature_reserve
osm-node-11387135828,40.19190,118.18273,A9,0.8,leisure=nature_reserve
osm-node-11387135829,40.19366,118.18314,A9,0.8,leisure=nature_reserve
osm-node-11387135830,40.19532,118.18393,A9,0.8,leisure=nature_reserve
osm-node-11387455850,40.19035,118.18693,A9,0.8,leisure=nature_reserve
osm-node-11387455851,40.19108,118.18725,A9,0.8,leisure=nature_reserve
osm-node-11387135831,40.19658,118.18479,A9,0.8,leisure=nature_reserve
osm-node-11387135832,40.19860,118.18505,A9,0.8,leisure=nature_reserve
osm-node-11387135833,40.20006,118.18486,A9,0.8,leisure=nature_reserve
osm-node-11387135834,40.20034,118.18601,A9,0.8,leisure=nature_reserve
osm-node-11387135838,40.19753,118.18755,A9,0.8,leisure=nature_reserve
osm-node-11387135839,40.19665,118.18677,A9,0.8,leisure=nature_reserve
osm-node-11387135840,40.19632,118.18860,A9,0.8,leisure=nature_reserve
osm-node-11387455852,40.19172,118.18808,A9,0.8,leisure=nature_reserve
osm-node-11387455853,40.19256,118.18812,A9,0.8,leisure=nature_reserve
osm-node-11387455854,40.19338,118.18841,A9,0.8,leisure=nature_reserve
osm-node-11387455855,40.19365,118.18920,A9,0.8,leisure=nature_reserve
osm-node-11387455856,40.19364,118.19031,A9,0.8,leisure=nature_reserve
osm-node-11387135835,40.20083,118.18827,A9,0.8,leisure=nature_reserve
osm-node-11387135836,40.19978,118.18914,A9,0.8,leisure=nature_reserve
osm-node-11387135837,40.19801,118.18945,A9,0.8,leisure=nature_reserve
osm-node-11387135841,40.19709,118.19058,A9,0.8,leisure=nature_reserve
osm-node-11387135842,40.19876,118.19131,A9,0.8,leisure=nature_reserve
osm-node-11387135843,40.20003,118.19264,A9,0.8,leisure=nature_reserve
osm-node-11387135844,40.20157,118.19241,A9,0.8,leisure=nature_reserve
osm-node-11387135846,40.20257,118.19589,A9,0.8,leisure=nature_reserve
osm-node-11387135847,40.20169,118.19781,A9,0.8,leisure=nature_reserve
osm-node-11387135848,40.20066,118.20003,A9,0.8,leisure=nature_reserve
osm-node-11387526177,40.18508,118.20073,A9,0.8,leisure=nature_reserve
osm-node-11387526178,40.18447,118.20168,A9,0.8,leisure=nature_reserve
osm-node-11387526179,40.18364,118.20141,A9,0.8,leisure=nature_reserve
osm-node-11387135787,40.18869,118.21305,A9,0.8,leisure=nature_reserve
osm-node-11387135788,40.18702,118.21252,A9,0.8,leisure=nature_reserve
osm-node-11387135789,40.18593,118.21088,A9,0.8,leisure=nature_reserve
osm-node-11387135786,40.18983,118.21438,A9,0.8,leisure=nature_reserve
osm-node-11387135783,40.19530,118.21120,A9,0.8,leisure=nature_reserve
osm-node-11387135784,40.19344,118.21132,A9,0.8,leisure=nature_reserve
osm-node-11387135785,40.19205,118.21244,A9,0.8,leisure=nature_reserve
osm-node-11387135849,40.20038,118.20232,A9,0.8,leisure=nature_reserve
osm-node-11387135850,40.19979,118.20425,A9,0.8,leisure=nature_reserve
osm-node-11387135851,40.19865,118.20618,A9,0.8,leisure=nature_reserve
osm-node-11387135852,40.19806,118.20810,A9,0.8,leisure=nature_reserve
osm-node-11387135853,40.19697,118.20996,A9,0.8,leisure=nature_reserve
osm-node-11387135845,40.20329,118.19352,A9,0.8,leisure=nature_reserve
osm-node-2337491091,40.40671,118.25947,A4,0.9,natural=peak
osm-node-2337491097,40.41655,118.30202,A4,0.9,natural=peak
osm-way-1270300426,29.56951,106.34991,A4,0.5,natural=cliff
osm-way-1090978918,29.59675,106.29446,A7,0.6,natural=wetland
osm-way-1272817542,29.62778,106.28989,A7,0.6,natural=wetland
osm-node-703222788,4.19632,-74.77719,A4,0.9,natural=peak
osm-node-703223682,4.28227,-74.92667,A4,0.9,natural=peak
osm-node-703223702,4.34822,-74.92745,A4,0.9,natural=peak
osm-node-703223715,4.35513,-74.88486,A4,0.9,natural=peak
osm-node-703223720,4.38009,-74.88362,A4,0.9,natural=peak
osm-node-703223983,4.39655,-74.87012,A4,0.9,natural=peak
osm-node-703338768,4.28032,-74.85696,A4,0.9,natural=peak
osm-node-703338767,4.28976,-74.86464,A4,0.9,natural=peak
osm-node-703338773,4.31152,-74.82512,A4,0.9,natural=peak
osm-node-703338766,4.27141,-74.72140,A4,0.9,natural=peak
osm-node-703338829,4.27154,-74.69705,A4,0.9,natural=peak
osm-node-703338770,4.33866,-74.83373,A4,0.9,natural=peak
osm-node-703338784,4.36682,-74.81280,A4,0.9,natural=peak
osm-node-703338805,4.36522,-74.76190,A4,0.9,natural=peak
osm-node-703338889,4.32274,-74.68471,A4,0.9,natural=peak
osm-node-703338920,4.38195,-74.70096,A4,0.9,natural=peak
osm-node-703338978,4.42907,-74.81483,A4,0.9,natural=peak
osm-node-703338979,4.43009,-74.79767,A4,0.9,natural=peak
osm-node-703338986,4.43038,-74.77702,A4,0.9,natural=peak
osm-way-1120465766,4.16696,-74.80977,A7,0.6,natural=wetland
osm-way-256460907,4.21649,-74.75666,A4,0.5,natural=cliff
osm-way-256460908,4.20749,-74.75912,A4,0.5,natural=cliff
osm-way-353558903,4.30757,-74.80960,A3,0.9,natural=beach
osm-way-1010813966,4.26334,-74.74775,A7,0.6,natural=wetland
osm-way-1010813963,4.28645,-74.75700,A7,0.6,natural=wetland
osm-way-1010813964,4.28511,-74.75508,A7,0.6,natural=wetland
osm-way-1010813965,4.29600,-74.75628,A7,0.6,natural=wetland
osm-way-211316252,4.33405,-74.76675,A7,0.6,natural=wetland
osm-way-253737699,4.34283,-74.80103,A7,0.6,natural=wetland
osm-way-1513254994,4.32152,-74.70566,A4,0.5,natural=cliff
osm-way-1513254998,4.32190,-74.69925,A4,0.5,natural=cliff
osm-way-1513254991,4.32551,-74.70315,A4,0.5,natural=cliff
osm-way-1513254992,4.32543,-74.70185,A4,0.5,natural=cliff
osm-way-589310679,-0.05479,18.29691,A7,0.6,natural=wetland
osm-way-1070608739,0.02180,18.22854,A7,0.6,natural=wetland
osm-way-1070608740,0.02199,18.22576,A7,0.6,natural=wetland
osm-way-690086319,0.10179,18.18749,A7,0.6,natural=wetland
osm-way-690086320,0.09960,18.18558,A7,0.6,natural=wetland
osm-way-587777864,0.06265,18.27331,A7,0.6,natural=wetland
osm-way-589305306,0.05816,18.38028,A7,0.6,natural=wetland
osm-way-589305303,0.04800,18.38314,A7,0.6,natural=wetland
osm-way-589305305,0.05232,18.39279,A7,0.6,natural=wetland
osm-way-589363706,0.05637,18.39273,A7,0.6,natural=wetland
osm-way-589305304,0.07749,18.37520,A7,0.6,natural=wetland
osm-node-6939554587,2.50228,-72.74707,A7,0.7,waterway=waterfall
osm-node-8203039543,2.49541,-72.72935,A7,0.7,waterway=waterfall
osm-node-6939554482,2.50840,-72.71514,A7,0.7,waterway=waterfall
osm-node-6939340421,2.54107,-72.71518,A4,0.9,natural=peak
osm-node-703476777,4.06065,-73.06273,A3,0.9,natural=beach
osm-node-703476771,4.01465,-72.93740,A4,0.9,natural=peak
osm-node-703476770,4.01892,-72.91036,A4,0.9,natural=peak
osm-node-703476772,4.01852,-72.89410,A4,0.9,natural=peak
osm-node-703476810,4.12045,-72.88865,A4,0.9,natural=peak
osm-node-1712847549,37.26516,-5.54149,A2,0.5,historic=archaeological_site
osm-node-10713018594,37.43974,-5.34658,A4,0.9,natural=peak
osm-node-1691014259,50.43416,14.01423,A4,0.9,natural=peak
osm-node-687637264,50.49127,13.93890,A4,0.9,natural=peak
osm-node-2484202978,50.49000,13.94447,A4,0.9,natural=peak
osm-node-4171028834,50.49175,13.94324,A4,0.9,natural=peak
osm-node-2380591759,50.52692,13.93578,A4,0.9,natural=peak
osm-node-12134221847,50.54368,13.93944,A4,0.9,natural=peak
osm-node-13983592781,50.54361,13.93408,A4,0.9,natural=peak
osm-node-26863698,50.55484,13.93149,A4,0.9,natural=peak
osm-node-12244651639,50.55085,13.94475,A4,0.9,natural=peak
osm-node-2484209158,50.48254,13.95708,A4,0.9,natural=peak
osm-node-305972762,50.49030,13.98482,A4,0.9,natural=peak
osm-node-305972397,50.50255,13.97845,A4,0.9,natural=peak
osm-node-7398251497,50.50023,13.98617,A4,0.9,natural=peak
osm-node-2380683545,50.50508,14.00488,A4,0.9,natural=peak
osm-node-1122123594,50.53151,13.95133,A4,0.9,natural=peak
osm-node-2380591787,50.50717,13.97750,A4,0.9,natural=peak
osm-node-305801825,50.51425,13.98874,A4,0.9,natural=peak
osm-node-13953967099,50.53834,13.94907,A3,0.9,natural=beach
osm-node-12244651640,50.55306,13.95159,A4,0.9,natural=peak
osm-node-4214590559,50.55078,13.97603,A4,0.9,natural=peak
osm-node-336684528,50.52771,14.01817,A4,0.9,natural=peak
osm-node-3442607252,50.53038,14.02483,A4,0.9,natural=peak
osm-node-2624745958,50.54551,14.01659,A4,0.9,natural=peak
osm-node-12244651638,50.55585,14.02256,A4,0.9,natural=peak
osm-node-2380591742,50.54726,14.04885,A4,0.9,natural=peak
osm-node-12242035977,50.55039,14.04930,A4,0.9,natural=peak
osm-node-12242035978,50.55583,14.04906,A4,0.9,natural=peak
osm-node-11067613365,50.53035,14.09332,A4,0.9,natural=peak
osm-node-7007821856,50.53791,14.07195,A4,0.9,natural=peak
osm-node-8767614249,50.54508,14.06244,A4,0.9,natural=peak
osm-node-8767614250,50.54837,14.05840,A4,0.9,natural=peak
osm-node-8767614251,50.55267,14.06291,A4,0.9,natural=peak
osm-node-8767614248,50.54116,14.08927,A4,0.9,natural=peak
osm-node-11067613366,50.54327,14.09197,A4,0.9,natural=peak
osm-node-7007821857,50.54780,14.09569,A4,0.9,natural=peak
osm-node-11067613367,50.54668,14.09743,A4,0.9,natural=peak
osm-node-930618414,50.54741,14.13688,A4,0.9,natural=peak
osm-node-4770879714,50.55175,14.13443,A4,0.9,natural=peak
osm-node-930187244,50.55331,14.14455,A4,0.9,natural=peak
osm-node-12067983684,50.52771,14.20769,A4,0.9,natural=peak
osm-node-12242035979,50.52955,14.23580,A4,0.9,natural=peak
osm-node-12242035980,50.53644,14.25076,A4,0.9,natural=peak
osm-node-1473320403,50.56480,13.92923,A4,0.9,natural=peak
osm-node-4225326806,50.57758,13.93464,A4,0.9,natural=peak
osm-node-12244651641,50.55901,13.96062,A4,0.9,natural=peak
osm-node-2623599070,50.57668,13.94823,A4,0.9,natural=peak
osm-node-4214590545,50.57177,13.95902,A4,0.9,natural=peak
osm-node-4214590921,50.57469,13.96070,A4,0.9,natural=peak
osm-node-13917215231,50.56180,13.98316,A4,0.9,natural=peak
osm-node-910630652,50.56704,13.97291,A4,0.9,natural=peak
osm-node-4214590548,50.55934,13.98649,A4,0.9,natural=peak
osm-node-2651578479,50.56738,13.99181,A4,0.9,natural=peak
osm-node-4214590977,50.57336,13.98954,A4,0.9,natural=peak
osm-node-4215170677,50.55888,14.00298,A4,0.9,natural=peak
osm-node-4215170658,50.57101,14.00888,A4,0.9,natural=peak
osm-node-4214590538,50.57857,14.01502,A4,0.9,natural=peak
osm-node-4225326853,50.58623,14.02182,A4,0.9,natural=peak
osm-node-4214590547,50.60638,13.99884,A4,0.9,natural=peak
osm-node-4214590917,50.60186,14.01924,A4,0.9,natural=peak
osm-node-4214590542,50.59516,14.02514,A4,0.9,natural=peak
osm-node-4225326871,50.61007,14.04521,A4,0.9,natural=peak
osm-node-4225324951,50.62167,14.00812,A4,0.9,natural=peak
osm-node-4225326793,50.61937,14.01336,A4,0.9,natural=peak
osm-node-4225324947,50.62425,14.02676,A4,0.9,natural=peak
osm-node-4225326860,50.62735,14.02756,A4,0.9,natural=peak
osm-node-4225326839,50.62639,14.03926,A4,0.9,natural=peak
osm-node-953001290,50.62999,14.04123,A7,0.7,waterway=waterfall
osm-node-12218191331,50.64319,14.01120,A7,0.7,waterway=waterfall
osm-node-4225324979,50.64199,14.03281,A4,0.9,natural=peak
osm-node-1224050836,50.56598,14.08808,A4,0.9,natural=peak
osm-node-12242035972,50.58471,14.05340,A4,0.9,natural=peak
osm-node-8224476483,50.59106,14.08233,A4,0.9,natural=peak
osm-node-8224490526,50.59095,14.08285,A4,0.9,natural=peak
osm-node-6227752496,50.59245,14.08489,A4,0.9,natural=peak
osm-node-4144211301,50.59040,14.10076,A4,0.9,natural=peak
osm-node-12242035969,50.60170,14.08311,A4,0.9,natural=peak
osm-node-12242035968,50.60527,14.10007,A4,0.9,natural=peak
osm-node-1224169262,50.56894,14.11383,A4,0.9,natural=peak
osm-node-6343324936,50.56450,14.11671,A4,0.9,natural=peak
osm-node-2380683542,50.57750,14.11389,A4,0.9,natural=peak
osm-node-6919607156,50.58085,14.11043,A4,0.9,natural=peak
osm-node-8727490630,50.56019,14.13724,A4,0.9,natural=peak
osm-node-12242035976,50.56025,14.14616,A4,0.9,natural=peak
osm-node-2452249033,50.58156,14.14826,A4,0.9,natural=peak
osm-node-4773529742,50.59599,14.11510,A4,0.9,natural=peak
osm-node-12242035970,50.58810,14.11979,A4,0.9,natural=peak
osm-node-3469010558,50.59372,14.13973,A4,0.9,natural=peak
osm-node-2510778263,50.59389,14.14610,A4,0.9,natural=peak
osm-node-3469010557,50.59108,14.14423,A4,0.9,natural=peak
osm-node-12134221843,50.60396,14.13490,A4,0.9,natural=peak
osm-node-3469010581,50.59967,14.14490,A4,0.9,natural=peak
osm-node-12238588103,50.60155,14.15487,A4,0.9,natural=peak
osm-node-12238588104,50.60426,14.14639,A4,0.9,natural=peak
osm-node-4225326833,50.61442,14.05959,A4,0.9,natural=peak
osm-node-5164726837,50.62033,14.05493,A4,0.5,natural=cliff
osm-node-5341081196,50.62367,14.05414,A4,0.5,natural=cliff
osm-node-12242035967,50.61498,14.10179,A4,0.9,natural=peak
osm-node-937698444,50.63640,14.08023,A4,0.9,natural=peak
osm-node-953609353,50.62342,14.09367,A7,0.7,waterway=waterfall
osm-node-12242035963,50.62907,14.09426,A4,0.9,natural=peak
osm-node-10803924928,50.62423,14.09884,A7,0.7,waterway=waterfall
osm-node-12242035960,50.65255,14.06047,A4,0.9,natural=peak
osm-node-3771494616,50.65453,14.08342,A7,0.7,waterway=waterfall
osm-node-3771494615,50.65537,14.09611,A7,0.7,waterway=waterfall
osm-node-12242035966,50.61557,14.10425,A4,0.9,natural=peak
osm-node-4773529741,50.62283,14.11298,A4,0.9,natural=peak
osm-node-3010241565,50.61351,14.11698,A4,0.9,natural=peak
osm-node-4773529740,50.62217,14.12747,A4,0.9,natural=peak
osm-node-12242035964,50.62757,14.10577,A4,0.9,natural=peak
osm-node-8252720358,50.62341,14.13591,A4,0.9,natural=peak
osm-node-12242035957,50.66236,14.11265,A4,0.9,natural=peak
osm-node-12242035959,50.65063,14.11975,A4,0.9,natural=peak
osm-node-12242035958,50.66031,14.12607,A4,0.9,natural=peak
osm-node-3010241578,50.65209,14.15520,A4,0.9,natural=peak
osm-node-1687739838,50.57030,14.15898,A4,0.9,natural=peak
osm-node-1687739916,50.56781,14.16369,A4,0.9,natural=peak
osm-node-2379491150,50.56839,14.18056,A4,0.9,natural=peak
osm-node-12238588107,50.57677,14.15949,A4,0.9,natural=peak
osm-node-12238588108,50.57687,14.17861,A4,0.9,natural=peak
osm-node-12238588105,50.59640,14.16946,A4,0.9,natural=peak
osm-node-12238588106,50.59716,14.16663,A4,0.9,natural=peak
osm-node-2375515717,50.59236,14.18997,A4,0.9,natural=peak
osm-node-2380683541,50.60532,14.20673,A4,0.9,natural=peak
osm-node-10956768031,50.60497,14.20653,A2,0.5,historic=castle
osm-node-10956924416,50.61014,14.20417,A4,0.9,natural=peak
osm-node-13823177093,50.60960,14.23382,A4,0.9,natural=peak
osm-node-3010241580,50.58490,14.24516,A4,0.9,natural=peak
osm-node-2164464649,50.59130,14.24352,A4,0.9,natural=peak
osm-node-3869605462,50.60591,14.25760,A4,0.9,natural=peak
osm-node-9673891287,50.60553,14.25883,A4,0.9,natural=peak
osm-node-12242035965,50.61505,14.15868,A4,0.9,natural=peak
osm-node-12238588109,50.62018,14.16901,A4,0.9,natural=peak
osm-node-2380683540,50.61151,14.18473,A4,0.9,natural=peak
osm-node-12238588110,50.62119,14.19275,A4,0.9,natural=peak
osm-node-12238588102,50.61485,14.19944,A4,0.9,natural=peak
osm-node-10956924414,50.61075,14.20327,A4,0.9,natural=peak
osm-node-12238588111,50.64745,14.17831,A4,0.9,natural=peak
osm-node-12238588112,50.65060,14.17500,A4,0.9,natural=peak
osm-node-12238588114,50.65976,14.17170,A4,0.9,natural=peak
osm-node-12238588113,50.64484,14.19027,A4,0.9,natural=peak
osm-node-2375510679,50.61109,14.23496,A4,0.9,natural=peak
osm-node-5191494142,50.46745,14.30297,A4,0.9,natural=peak
osm-node-6442618444,50.54073,14.26788,A4,0.9,natural=peak
osm-node-1026108971,50.59326,14.26393,A4,0.9,natural=peak
osm-node-11990947320,50.59671,14.26940,A4,0.9,natural=peak
osm-node-12238588101,50.60121,14.26241,A4,0.9,natural=peak
osm-node-3010206627,50.60870,14.27960,A4,0.9,natural=peak
osm-node-2164464652,50.60708,14.28419,A4,0.9,natural=peak
osm-node-3009015736,50.60673,14.28054,A4,0.9,natural=peak
osm-node-3010241582,50.56647,14.33780,A4,0.9,natural=peak
osm-node-12238588120,50.62168,14.27209,A4,0.9,natural=peak
osm-node-8811507617,50.63221,14.27267,A4,0.9,natural=peak
osm-way-169172499,2.57789,-72.69718,A7,0.6,natural=wetland
osm-way-939545247,2.58770,-72.63437,A7,0.6,natural=wetland
osm-way-939545249,2.56271,-72.62755,A7,0.6,natural=wetland
osm-way-939545250,2.55985,-72.64435,A7,0.6,natural=wetland
osm-way-883968249,2.59244,-72.59594,A7,0.6,natural=wetland
osm-way-845003519,2.58416,-72.59427,A7,0.6,natural=wetland
osm-way-883971510,2.60900,-72.62112,A7,0.6,natural=wetland
osm-way-883971508,2.60066,-72.61124,A7,0.6,natural=wetland
osm-way-883969459,2.63016,-72.54829,A7,0.6,natural=wetland
osm-way-883971504,2.65524,-72.58869,A7,0.6,natural=wetland
osm-way-909209106,4.08715,-72.94800,A7,0.6,natural=wetland
osm-way-82854741,50.44319,13.98369,A7,0.6,natural=wetland
osm-way-855294235,50.43355,14.01814,A4,0.5,natural=cliff
osm-way-689893121,50.43415,14.01473,A4,0.5,natural=cliff
osm-way-855294233,50.43356,14.01223,A4,0.5,natural=cliff
osm-way-855294236,50.43375,14.01734,A4,0.5,natural=cliff
osm-way-727287654,50.43375,14.01877,A4,0.5,natural=cliff
osm-way-855294234,50.43359,14.01853,A4,0.5,natural=cliff
osm-way-739191752,50.45133,14.00993,A4,0.5,natural=cliff
osm-way-82768491,50.52400,13.92024,A7,0.6,natural=wetland
osm-way-82781491,50.55081,13.92206,A7,0.6,natural=wetland
osm-way-998825703,50.55290,13.92777,A4,0.5,natural=cliff
osm-way-82752581,50.54925,13.93842,A7,0.6,natural=wetland
osm-way-82785125,50.47121,13.98700,A7,0.6,natural=wetland
osm-way-82790626,50.46883,13.98821,A7,0.6,natural=wetland
osm-way-949029759,50.49028,13.98478,A4,0.5,natural=cliff
osm-way-223142727,50.48516,14.02675,A2,0.5,historic=castle
osm-way-57684105,50.50936,13.98973,A2,0.5,historic=castle
osm-way-82775694,50.53589,13.96166,A7,0.6,natural=wetland
osm-way-82808956,50.53446,13.96081,A7,0.6,natural=wetland
osm-way-82853384,50.53565,13.99275,A7,0.6,natural=wetland
osm-way-418506075,50.54232,14.00989,A2,0.5,historic=castle
osm-way-736453864,50.54127,14.04869,A4,0.5,natural=cliff
osm-way-736453865,50.54156,14.04865,A4,0.5,natural=cliff
osm-way-227036005,50.54927,14.03748,A4,0.5,natural=cliff
osm-way-227035994,50.55002,14.03766,A4,0.5,natural=cliff
osm-way-227035996,50.54787,14.03804,A4,0.5,natural=cliff
osm-way-227035997,50.54723,14.03790,A4,0.5,natural=cliff
osm-way-436999378,50.54630,14.04949,A4,0.5,natural=cliff
osm-way-436999379,50.54804,14.04432,A4,0.5,natural=cliff
osm-way-436994084,50.55374,14.04198,A4,0.5,natural=cliff
osm-way-82810590,50.40051,14.12025,A7,0.6,natural=wetland
osm-way-82701318,50.40089,14.09343,A7,0.6,natural=wetland
osm-way-82807205,50.40596,14.09250,A7,0.6,natural=wetland
osm-way-82772142,50.40607,14.10001,A7,0.6,natural=wetland
osm-way-82757428,50.40623,14.10150,A7,0.6,natural=wetland
osm-way-82813390,50.40781,14.10444,A7,0.6,natural=wetland
osm-way-82779152,50.40626,14.10528,A7,0.6,natural=wetland
osm-way-82703379,50.40357,14.11477,A7,0.6,natural=wetland
osm-way-82837629,50.40563,14.11414,A7,0.6,natural=wetland
osm-way-82855278,50.40433,14.11221,A7,0.6,natural=wetland
osm-way-82772694,50.40486,14.11523,A7,0.6,natural=wetland
osm-way-82786145,50.40479,14.10992,A7,0.6,natural=wetland
osm-way-82793800,50.40162,14.11658,A7,0.6,natural=wetland
osm-way-82798395,50.40584,14.11143,A7,0.6,natural=wetland
osm-way-82704864,50.40856,14.10687,A7,0.6,natural=wetland
osm-way-82839159,50.40740,14.10673,A7,0.6,natural=wetland
osm-way-82789300,50.40499,14.11959,A7,0.6,natural=wetland
osm-way-82837918,50.40543,14.12078,A7,0.6,natural=wetland
osm-way-82854803,50.40360,14.12020,A7,0.6,natural=wetland
osm-way-374393465,50.40477,14.12395,A2,0.5,historic=castle
osm-way-82769041,50.41763,14.13268,A7,0.6,natural=wetland
osm-way-82703062,50.41690,14.14117,A7,0.6,natural=wetland
osm-way-82775025,50.41737,14.14233,A7,0.6,natural=wetland
osm-way-82816409,50.42173,14.14293,A7,0.6,natural=wetland
osm-way-82854660,50.42662,14.13775,A7,0.6,natural=wetland
osm-way-82767920,50.41846,14.14579,A7,0.6,natural=wetland
osm-way-82816115,50.41691,14.14545,A7,0.6,natural=wetland
osm-way-82707780,50.42616,14.14426,A7,0.6,natural=wetland
osm-way-82768737,50.42744,14.14674,A7,0.6,natural=wetland
osm-way-82770976,50.42759,14.14567,A7,0.6,natural=wetland
osm-way-405630574,50.45252,14.14358,A2,0.5,historic=castle
osm-way-82766773,50.42587,14.15877,A7,0.6,natural=wetland
osm-way-82757017,50.43494,14.16509,A7,0.6,natural=wetland
osm-way-82776874,50.43611,14.16764,A7,0.6,natural=wetland
osm-way-160077729,50.47868,14.08225,A2,0.5,historic=castle
osm-way-353675125,50.48153,14.08665,A4,0.5,natural=cliff
osm-way-82844390,50.47080,14.14917,A7,0.6,natural=wetland
osm-way-82778576,50.47802,14.15362,A7,0.6,natural=wetland
osm-way-1303065126,50.49029,14.14704,A2,0.5,historic=archaeological_site
osm-way-82775962,50.48815,14.15204,A7,0.6,natural=wetland
osm-way-82793140,50.50341,14.15218,A7,0.6,natural=wetland
osm-way-436999381,50.54547,14.05574,A4,0.5,natural=cliff
osm-way-436999382,50.54563,14.05485,A4,0.5,natural=cliff
osm-way-1281907846,50.52785,14.12303,A3,0.9,natural=beach
osm-way-1303065124,50.51927,14.15452,A2,0.5,historic=archaeological_site
osm-way-59115158,50.53176,14.12919,A2,0.5,historic=castle
osm-way-855557871,50.45475,14.15956,A2,0.5,historic=castle
osm-way-82827730,50.46591,14.20041,A7,0.6,natural=wetland
osm-way-82776989,50.48895,14.16246,A7,0.6,natural=wetland
osm-way-82821382,50.49214,14.15926,A7,0.6,natural=wetland
osm-way-82700743,50.49107,14.16038,A7,0.6,natural=wetland
osm-way-82703851,50.48968,14.16066,A7,0.6,natural=wetland
osm-way-82783073,50.48932,14.16043,A7,0.6,natural=wetland
osm-way-82770481,50.50564,14.16334,A7,0.6,natural=wetland
osm-way-82764226,50.49753,14.17159,A7,0.6,natural=wetland
osm-way-82700149,50.50399,14.17092,A7,0.6,natural=wetland
osm-way-82854049,50.50396,14.17252,A7,0.6,natural=wetland
osm-way-82703410,50.50254,14.17929,A7,0.6,natural=wetland
osm-way-82798357,50.45953,14.23722,A7,0.6,natural=wetland
osm-way-356952423,50.46085,14.23704,A7,0.6,natural=wetland
osm-way-82801834,50.50760,14.15748,A7,0.6,natural=wetland
osm-way-82790666,50.51785,14.16910,A7,0.6,natural=wetland
osm-way-82833299,50.51598,14.16237,A7,0.6,natural=wetland
osm-way-82777079,50.51802,14.16557,A7,0.6,natural=wetland
osm-way-82854216,50.51732,14.16378,A7,0.6,natural=wetland
osm-way-119065925,50.51232,14.16550,A2,0.5,historic=fort
osm-way-119065931,50.51482,14.16717,A2,0.5,historic=fort
osm-way-119080730,50.51317,14.16782,A2,0.5,historic=fort
osm-way-82837771,50.51101,14.17448,A7,0.6,natural=wetland
osm-way-1303065120,50.52926,14.17842,A2,0.5,historic=archaeological_site
osm-way-1303065118,50.53167,14.18675,A2,0.5,historic=archaeological_site
osm-way-1303065119,50.52859,14.18393,A2,0.5,historic=archaeological_site
osm-way-1303065122,50.53016,14.18516,A2,0.5,historic=archaeological_site
osm-way-1303065127,50.52771,14.20935,A2,0.5,historic=archaeological_site
osm-way-1303070881,50.52198,14.20131,A2,0.5,historic=archaeological_site
osm-way-1303065123,50.53299,14.16321,A2,0.5,historic=archaeological_site
osm-way-1303065125,50.53488,14.16886,A2,0.5,historic=archaeological_site
osm-way-1303065112,50.53695,14.17352,A2,0.5,historic=archaeological_site
osm-way-1303065114,50.53748,14.17127,A2,0.5,historic=archaeological_site
osm-way-1303065113,50.53549,14.17883,A2,0.5,historic=archaeological_site
osm-way-1302757960,50.53646,14.17579,A2,0.5,historic=archaeological_site
osm-way-1303065116,50.53446,14.18184,A2,0.5,historic=archaeological_site
osm-way-1303065117,50.53297,14.18411,A2,0.5,historic=archaeological_site
osm-way-82778965,50.55267,14.18517,A7,0.6,natural=wetland
osm-way-82829300,50.55266,14.18407,A7,0.6,natural=wetland
osm-way-82755977,50.55866,13.92330,A7,0.6,natural=wetland
osm-way-254697558,50.56982,13.93118,A7,0.6,natural=wetland
osm-way-82781909,50.57672,13.95723,A7,0.6,natural=wetland
osm-way-1410931112,50.58140,13.96232,A4,0.5,natural=cliff
osm-way-1387805632,50.57780,13.97057,A7,0.6,natural=wetland
osm-way-82799903,50.56390,13.99095,A7,0.6,natural=wetland
osm-way-136036010,50.56729,14.01008,A4,0.5,natural=cliff
osm-way-136036012,50.56666,14.01058,A4,0.5,natural=cliff
osm-way-401753287,50.56901,14.01192,A4,0.5,natural=cliff
osm-way-418506137,50.56362,14.01327,A4,0.5,natural=cliff
osm-way-418506135,50.56376,14.01301,A4,0.5,natural=cliff
osm-way-401753288,50.56882,14.01268,A4,0.5,natural=cliff
osm-way-418367509,50.57597,14.01579,A4,0.5,natural=cliff
osm-way-82827772,50.56333,14.03767,A7,0.6,natural=wetland
osm-way-82836581,50.57105,14.04812,A7,0.6,natural=wetland
osm-way-496346237,50.56524,14.03876,A2,0.5,historic=castle
osm-way-26029596,50.58597,14.02626,A4,0.5,natural=cliff
osm-way-82853478,50.58942,14.02866,A7,0.6,natural=wetland
osm-way-418521053,50.60624,14.03509,A4,0.5,natural=cliff
osm-way-1228309466,50.63193,13.98433,A4,0.5,natural=cliff
osm-way-1543301939,50.62745,14.04300,A4,0.5,natural=cliff
osm-way-1543301938,50.62476,14.04581,A4,0.5,natural=cliff
osm-way-1373457401,50.63115,14.04666,A4,0.5,natural=cliff
osm-way-1373457402,50.63093,14.04589,A4,0.5,natural=cliff
osm-way-166399492,50.63985,14.00956,A4,0.5,natural=cliff
osm-way-166399493,50.63947,14.01010,A4,0.5,natural=cliff
osm-way-166399494,50.64035,14.01082,A4,0.5,natural=cliff
osm-way-1319921509,50.63848,14.00988,A4,0.5,natural=cliff
osm-way-639744176,50.63961,14.05068,A4,0.5,natural=cliff
osm-way-641305352,50.63906,14.05030,A4,0.5,natural=cliff
osm-way-641305353,50.63966,14.05045,A4,0.5,natural=cliff
osm-way-639744173,50.63962,14.05031,A4,0.5,natural=cliff
osm-way-641305351,50.63892,14.05077,A4,0.5,natural=cliff
osm-way-82705600,50.57544,14.09068,A7,0.6,natural=wetland
osm-way-106372955,50.58654,14.08459,A4,0.5,natural=cliff
osm-way-106372960,50.58643,14.08461,A4,0.5,natural=cliff
osm-way-413091403,50.58651,14.08601,A4,0.5,natural=cliff
osm-way-1178808637,50.58662,14.08587,A4,0.5,natural=cliff
osm-way-665374413,50.59483,14.08395,A4,0.5,natural=cliff
osm-way-884387592,50.59213,14.08192,A4,0.5,natural=cliff
osm-way-106374663,50.56888,14.11386,A4,0.5,natural=cliff
osm-way-1184957378,50.56917,14.14523,A4,0.5,natural=cliff
osm-way-82813808,50.58374,14.14332,A7,0.6,natural=wetland
osm-way-82786370,50.58580,14.11465,A7,0.6,natural=wetland
osm-way-1312086597,50.59597,14.11216,A4,0.5,natural=cliff
osm-way-82801812,50.59576,14.12597,A7,0.6,natural=wetland
osm-way-82781660,50.59800,14.12953,A7,0.6,natural=wetland
osm-way-82832314,50.58662,14.15546,A7,0.6,natural=wetland
osm-way-418521072,50.61957,14.05387,A4,0.5,natural=cliff
osm-way-764604965,50.62033,14.05483,A4,0.5,natural=cliff
osm-way-764604966,50.62022,14.05450,A4,0.5,natural=cliff
osm-way-764604967,50.62003,14.05442,A4,0.5,natural=cliff
osm-way-413089369,50.62133,14.08207,A4,0.5,natural=cliff
osm-way-410667185,50.62283,14.10034,A4,0.5,natural=cliff
osm-way-936990749,50.63599,14.07951,A4,0.5,natural=cliff
osm-way-410667187,50.62387,14.09875,A4,0.5,natural=cliff
osm-way-410667189,50.62451,14.09916,A4,0.5,natural=cliff
osm-way-82774837,50.62713,14.09733,A7,0.6,natural=wetland
osm-way-410667190,50.62503,14.09780,A4,0.5,natural=cliff
osm-way-1217077748,50.62620,14.09675,A7,0.6,natural=wetland
osm-way-410667186,50.62231,14.10369,A4,0.5,natural=cliff
osm-way-410667188,50.62135,14.10412,A4,0.5,natural=cliff
osm-way-82699808,50.62393,14.10787,A7,0.6,natural=wetland
osm-way-82807192,50.61565,14.13252,A7,0.6,natural=wetland
osm-way-82701821,50.61220,14.13739,A7,0.6,natural=wetland
osm-way-82766090,50.61556,14.13707,A7,0.6,natural=wetland
osm-way-82837467,50.61334,14.13792,A7,0.6,natural=wetland
osm-way-82797920,50.62545,14.13125,A7,0.6,natural=wetland
osm-way-82757480,50.63636,14.13175,A7,0.6,natural=wetland
osm-way-965352212,50.65797,14.12451,A4,0.5,natural=cliff
osm-way-965352214,50.65849,14.12634,A4,0.5,natural=cliff
osm-way-82851733,50.64269,14.14883,A7,0.6,natural=wetland
osm-way-59257971,50.66248,14.13854,A2,0.5,historic=castle
osm-way-284287150,50.56788,14.16374,A4,0.5,natural=cliff
osm-way-1194508025,50.55989,14.20071,A2,0.5,historic=castle
osm-way-82794209,50.59408,14.16963,A7,0.6,natural=wetland
osm-way-82707058,50.60122,14.18374,A7,0.6,natural=wetland
osm-way-82757397,50.60289,14.18747,A7,0.6,natural=wetland
osm-way-584612532,50.60492,14.20626,A4,0.5,natural=cliff
osm-way-82767049,50.56182,14.22826,A7,0.6,natural=wetland
osm-way-82815099,50.57390,14.22404,A7,0.6,natural=wetland
osm-way-82829265,50.56164,14.24576,A7,0.6,natural=wetland
osm-way-82779817,50.56353,14.24718,A7,0.6,natural=wetland
osm-way-82829927,50.56377,14.24948,A7,0.6,natural=wetland
osm-way-82830481,50.57048,14.25779,A7,0.6,natural=wetland
osm-way-82753718,50.59014,14.20994,A7,0.6,natural=wetland
osm-way-82789576,50.60569,14.22334,A7,0.6,natural=wetland
osm-way-457972548,50.60959,14.23382,A4,0.5,natural=cliff
osm-way-1052634337,50.60607,14.25746,A4,0.5,natural=cliff
osm-way-584612530,50.61152,14.18455,A4,0.5,natural=cliff
osm-way-82801319,50.61091,14.21959,A7,0.6,natural=wetland
osm-way-82701300,50.61979,14.21553,A7,0.6,natural=wetland
osm-way-82702251,50.61651,14.22411,A7,0.6,natural=wetland
osm-way-82700433,50.61751,14.23178,A7,0.6,natural=wetland
osm-way-82761296,50.63507,14.24446,A7,0.6,natural=wetland
osm-way-82707397,50.62511,14.25432,A7,0.6,natural=wetland
osm-way-863232128,50.66532,14.09133,A4,0.5,natural=cliff
osm-way-82766533,50.48984,14.28489,A7,0.6,natural=wetland
osm-way-82781334,50.48875,14.28419,A7,0.6,natural=wetland
osm-way-82807681,50.50054,14.28762,A7,0.6,natural=wetland
osm-way-82798933,50.53238,14.27294,A7,0.6,natural=wetland
osm-way-82776291,50.54996,14.28374,A7,0.6,natural=wetland
osm-way-82801641,50.55645,14.34134,A7,0.6,natural=wetland
osm-way-82819694,50.56475,14.28589,A7,0.6,natural=wetland
osm-way-82700608,50.57356,14.27767,A7,0.6,natural=wetland
osm-way-82780999,50.56680,14.28809,A7,0.6,natural=wetland
osm-way-166248336,50.56965,14.28889,A2,0.5,historic=castle
osm-way-457972580,50.59209,14.26147,A4,0.5,natural=cliff
osm-way-457972581,50.59164,14.26199,A4,0.5,natural=cliff
osm-way-457972582,50.59173,14.26168,A4,0.5,natural=cliff
osm-way-457972583,50.59222,14.26352,A4,0.5,natural=cliff
osm-way-82790455,50.59422,14.28547,A7,0.6,natural=wetland
osm-way-82753319,50.60228,14.27993,A7,0.6,natural=wetland
osm-way-844711646,50.60885,14.27952,A4,0.5,natural=cliff
osm-way-1190782759,50.60859,14.27972,A4,0.5,natural=cliff
osm-way-1190782760,50.60852,14.27942,A4,0.5,natural=cliff
osm-way-1190782761,50.60853,14.27966,A4,0.5,natural=cliff
osm-way-844711645,50.60740,14.28546,A4,0.5,natural=cliff
osm-way-82838206,50.57491,14.32874,A7,0.6,natural=wetland
osm-way-82816836,50.61721,14.27617,A7,0.6,natural=wetland
osm-way-82757044,50.63552,14.27132,A7,0.6,natural=wetland
osm-way-82707294,50.61199,14.30067,A7,0.6,natural=wetland
osm-node-9504448007,10.48060,37.46585,A4,0.9,natural=peak
osm-node-9504446125,10.53637,37.52954,A7,0.7,waterway=waterfall
osm-node-9872195854,10.60316,37.47453,A4,0.9,natural=peak
osm-node-9507340747,10.62382,37.47017,A4,0.9,natural=peak
osm-node-9507340770,10.63185,37.47932,A4,0.9,natural=peak
osm-node-9507340583,10.63651,37.46219,A4,0.9,natural=peak
osm-node-9507340582,10.64766,37.48383,A4,0.9,natural=peak
osm-node-9507340542,10.63934,37.48865,A4,0.9,natural=peak
osm-node-9504576442,10.51850,37.57635,A4,0.9,natural=peak
osm-node-9504576387,10.58334,37.59525,A4,0.9,natural=peak
osm-node-9504576417,10.59681,37.61071,A4,0.9,natural=peak
osm-node-9145029372,14.05063,38.83617,A4,0.9,natural=peak
osm-node-8478516548,14.05008,38.85315,A4,0.9,natural=peak
osm-node-8478515456,14.05754,38.85061,A4,0.9,natural=peak
osm-node-9145029415,14.07727,38.79220,A4,0.9,natural=peak
osm-node-9139579219,14.16463,38.77708,A4,0.9,natural=peak
osm-node-9139579218,14.16296,38.78291,A4,0.9,natural=peak
osm-node-9171692987,14.21725,38.77306,A4,0.9,natural=peak
osm-node-9145029444,14.09111,38.82604,A4,0.9,natural=peak
osm-node-1150935675,14.11635,38.80449,A4,0.9,natural=peak
osm-node-9145029445,14.09446,38.82582,A4,0.9,natural=peak
osm-node-9139972150,14.08025,38.89230,A4,0.9,natural=peak
osm-node-9139972151,14.08656,38.88104,A4,0.9,natural=peak
osm-node-9139972152,14.08470,38.88397,A4,0.9,natural=peak
osm-node-9139972153,14.09137,38.89458,A4,0.9,natural=peak
osm-node-9139579272,14.10323,38.89722,A4,0.9,natural=peak
osm-node-9139579271,14.10888,38.89016,A4,0.9,natural=peak
osm-node-9139579345,14.10677,38.89969,A4,0.9,natural=peak
osm-node-9144953334,14.12153,38.81026,A4,0.9,natural=peak
osm-node-9139579220,14.16133,38.79966,A4,0.9,natural=peak
osm-node-9139579347,14.13120,38.89554,A4,0.9,natural=peak
osm-node-9139579346,14.13395,38.89509,A4,0.9,natural=peak
osm-node-7039205285,14.15515,38.85348,A2,0.5,historic=castle
osm-node-9142587506,14.14261,38.93945,A4,0.9,natural=peak
osm-node-9142587496,14.13971,38.95290,A4,0.9,natural=peak
osm-node-9137630576,14.16018,38.90437,A4,0.9,natural=peak
osm-node-9142587477,14.16177,38.92342,A4,0.9,natural=peak
osm-node-9142587505,14.14636,38.94368,A4,0.9,natural=peak
osm-node-9142587507,14.14848,38.94836,A4,0.9,natural=peak
osm-node-3230418338,14.15382,38.94831,A4,0.9,natural=peak
osm-node-9142580906,14.15870,38.95286,A4,0.9,natural=peak
osm-node-9142587476,14.16969,38.93144,A4,0.9,natural=peak
osm-node-1150932166,14.16169,38.94623,A4,0.9,natural=peak
osm-node-9142587495,14.13576,38.97363,A4,0.9,natural=peak
osm-node-9142587493,14.15099,38.98003,A4,0.9,natural=peak
osm-node-9142587494,14.14850,38.97977,A4,0.9,natural=peak
osm-node-9142587492,14.15334,38.97705,A4,0.9,natural=peak
osm-node-9142587339,14.16962,38.95711,A4,0.9,natural=peak
osm-node-9142587341,14.16676,38.97928,A4,0.9,natural=peak
osm-node-9144657603,14.19516,38.80666,A4,0.9,natural=peak
osm-node-9144657634,14.21288,38.82195,A4,0.9,natural=peak
osm-node-9144657635,14.21180,38.82202,A4,0.9,natural=peak
osm-node-9144657531,14.22262,38.81489,A4,0.9,natural=peak
osm-node-9144657633,14.21988,38.82528,A4,0.9,natural=peak
osm-node-9144657482,14.21947,38.84819,A4,0.9,natural=peak
osm-node-9144687794,14.18223,38.86012,A4,0.9,natural=peak
osm-node-9144687795,14.18234,38.86815,A4,0.9,natural=peak
osm-node-9144687798,14.19119,38.86899,A4,0.9,natural=peak
osm-node-9144687796,14.18949,38.87344,A4,0.9,natural=peak
osm-node-9144687797,14.19409,38.86709,A4,0.9,natural=peak
osm-node-1150927185,14.18728,38.89857,A4,0.9,natural=peak
osm-node-9144648555,14.21088,38.85267,A4,0.9,natural=peak
osm-node-1150919859,14.21109,38.87942,A4,0.9,natural=peak
osm-node-9144725026,14.20392,38.89982,A4,0.9,natural=peak
osm-node-9144724828,14.22234,38.90024,A4,0.9,natural=peak
osm-node-9144657527,14.22893,38.82282,A4,0.9,natural=peak
osm-node-9144852636,14.24821,38.79957,A4,0.9,natural=peak
osm-node-9144657528,14.22597,38.82786,A4,0.9,natural=peak
osm-node-9144657529,14.22952,38.82549,A4,0.9,natural=peak
osm-node-9144657525,14.22660,38.83136,A4,0.9,natural=peak
osm-node-9144657526,14.23181,38.84171,A4,0.9,natural=peak
osm-node-9171692524,14.24015,38.84313,A4,0.9,natural=peak
osm-node-9152667041,14.26303,38.84650,A4,0.9,natural=peak
osm-node-9144648578,14.22665,38.85378,A4,0.9,natural=peak
osm-node-9144648556,14.23354,38.86720,A4,0.9,natural=peak
osm-node-9144724946,14.23772,38.87371,A4,0.9,natural=peak
osm-node-9144724830,14.23986,38.88702,A4,0.9,natural=peak
osm-node-9144724945,14.25024,38.88298,A4,0.9,natural=peak
osm-node-9144724829,14.24009,38.89332,A4,0.9,natural=peak
osm-node-9171692525,14.23873,38.90187,A4,0.9,natural=peak
osm-node-9137630590,14.18414,38.91862,A4,0.9,natural=peak
osm-node-9144236436,14.17910,38.95040,A4,0.9,natural=peak
osm-node-9142587340,14.17413,38.97014,A4,0.9,natural=peak
osm-node-1150953290,14.18375,38.99025,A4,0.9,natural=peak
osm-node-9142587362,14.17478,38.99758,A4,0.9,natural=peak
osm-node-1150951341,14.19133,39.00480,A4,0.9,natural=peak
osm-node-9144236437,14.19974,38.96917,A4,0.9,natural=peak
osm-node-9142587399,14.21626,38.97587,A4,0.9,natural=peak
osm-node-9142587378,14.20234,38.99614,A4,0.9,natural=peak
osm-node-9142587379,14.21060,39.00472,A4,0.9,natural=peak
osm-node-9142587400,14.21326,38.99104,A4,0.9,natural=peak
osm-node-9142587406,14.21755,38.99679,A4,0.9,natural=peak
osm-node-9142587405,14.21565,39.00661,A4,0.9,natural=peak
osm-node-9142587407,14.22006,39.00071,A4,0.9,natural=peak
osm-node-9171692526,14.23972,38.90731,A4,0.9,natural=peak
osm-node-9171692539,14.24610,38.91034,A4,0.9,natural=peak
osm-node-9144724822,14.24633,38.93415,A4,0.9,natural=peak
osm-node-9144724823,14.23799,38.94280,A4,0.9,natural=peak
osm-node-1150907750,14.25683,38.91967,A4,0.9,natural=peak
osm-node-9171542521,14.27676,38.91538,A4,0.9,natural=peak
osm-node-9144724821,14.25450,38.93997,A4,0.9,natural=peak
osm-node-9144723607,14.24042,38.96183,A4,0.9,natural=peak
osm-node-9171664763,14.24003,38.96482,A4,0.9,natural=peak
osm-node-9142587409,14.24138,38.97636,A4,0.9,natural=peak
osm-node-9142587410,14.23758,38.99183,A4,0.9,natural=peak
osm-node-9171542724,14.24446,38.98159,A4,0.9,natural=peak
osm-node-9142587411,14.24540,38.99206,A4,0.9,natural=peak
osm-node-9142587428,14.23980,39.00018,A4,0.9,natural=peak
osm-node-9142587429,14.24055,39.00700,A4,0.9,natural=peak
osm-node-9142587414,14.24633,39.00486,A4,0.9,natural=peak
osm-node-9171664762,14.25650,38.96604,A4,0.9,natural=peak
osm-node-9171664764,14.25345,38.96239,A4,0.9,natural=peak
osm-node-9171664771,14.26027,38.97393,A4,0.9,natural=peak
osm-node-9171664769,14.26873,38.97419,A4,0.9,natural=peak
osm-node-9171664770,14.26397,38.97812,A4,0.9,natural=peak
osm-node-9171542652,14.25132,38.99271,A4,0.9,natural=peak
osm-node-9142587413,14.25150,39.00119,A4,0.9,natural=peak
osm-node-9142742645,14.15411,39.02776,A4,0.9,natural=peak
osm-node-9142587368,14.18328,39.01125,A4,0.9,natural=peak
osm-node-9142587380,14.22310,39.01348,A4,0.9,natural=peak
osm-node-9171542513,14.28119,38.85169,A4,0.9,natural=peak
osm-node-9171542514,14.29244,38.87120,A4,0.9,natural=peak
osm-node-9171542515,14.29375,38.87270,A4,0.9,natural=peak
osm-node-9152667099,14.28687,38.89740,A4,0.9,natural=peak
osm-node-9171542522,14.28494,38.92723,A4,0.9,natural=peak
osm-node-1150950385,14.29160,38.90653,A4,0.9,natural=peak
osm-way-1031121520,10.53652,37.52952,A4,0.5,natural=cliff
osm-way-1031303419,10.55812,37.48199,A7,0.6,natural=wetland
osm-way-912699400,14.03816,38.84785,A4,0.5,natural=cliff
osm-way-912699390,14.03442,38.86077,A4,0.5,natural=cliff
osm-way-912699391,14.03617,38.85594,A4,0.5,natural=cliff
osm-way-912699413,14.05003,38.85309,A4,0.5,natural=cliff
osm-way-539067889,14.20508,38.76993,A4,0.5,natural=cliff
osm-way-989389113,14.21048,38.77146,A4,0.5,natural=cliff
osm-way-316859515,14.11880,38.96672,A4,0.5,natural=cliff
osm-way-989159323,14.16040,38.95293,A2,0.5,historic=monastery
osm-way-395594531,14.25983,38.86082,A4,0.5,natural=cliff
osm-node-6479865685,10.57542,-9.82987,A4,0.9,natural=peak
osm-node-12638706027,10.71362,-9.86458,A4,0.9,natural=peak
osm-node-538082713,51.53979,-0.73471,A2,0.5,historic=archaeological_site
osm-node-13179070614,51.57305,-0.81445,A2,0.5,historic=archaeological_site
osm-node-3111699078,51.65077,-0.95570,A4,0.9,natural=peak
osm-node-1502345399,51.63718,-0.91648,A2,0.5,historic=archaeological_site
osm-node-3111699105,51.66463,-0.93888,A4,0.9,natural=peak
osm-node-2752511071,51.68486,-0.84807,A2,0.5,historic=archaeological_site
osm-node-471996688,51.62160,-0.73669,A7,0.7,waterway=waterfall
osm-node-324378023,51.71074,-0.77496,A2,0.5,historic=archaeological_site
osm-node-9276369335,51.61395,-0.64455,A2,0.5,historic=castle
osm-node-9276369336,51.61378,-0.64531,A2,0.5,historic=castle
osm-node-9276369337,51.61402,-0.64522,A2,0.5,historic=castle
osm-node-13378297832,51.69501,-0.68827,A2,0.5,historic=fort
osm-node-7875584259,51.67200,-0.63244,A7,0.7,waterway=waterfall
osm-node-11916869232,51.72402,-0.80783,A4,0.9,natural=peak
osm-node-11869532635,51.72878,-0.81054,A4,0.9,natural=peak
osm-node-322851043,51.73763,-0.79688,A2,0.5,historic=fort
osm-node-11916869231,51.73820,-0.79669,A4,0.9,natural=peak
osm-node-7294433502,51.74953,-0.79537,A2,0.5,historic=fort
osm-node-11916869219,51.74690,-0.79069,A4,0.9,natural=peak
osm-node-11916869218,51.75204,-0.77094,A4,0.9,natural=peak
osm-node-7294464300,51.76202,-0.72464,A2,0.5,historic=fort
osm-node-703664993,51.70661,-0.61951,A2,0.5,historic=archaeological_site
osm-node-1634300607,46.52931,18.97089,A7,0.7,waterway=waterfall
osm-node-3453392144,46.65474,18.76507,A4,0.9,natural=peak
osm-node-6336242415,46.65542,18.78260,A9,0.8,leisure=nature_reserve
osm-node-6336305433,46.66184,18.85201,A9,0.8,leisure=nature_reserve
osm-node-6336419033,46.65888,18.85708,A2,0.5,historic=archaeological_site
osm-node-6336419034,46.66167,18.85745,A2,0.5,historic=archaeological_site
osm-node-6336419036,46.66051,18.85972,A2,0.5,historic=archaeological_site
osm-node-6336419035,46.66239,18.86131,A2,0.5,historic=archaeological_site
osm-node-9658775182,46.69287,18.70531,A9,0.8,leisure=nature_reserve
osm-node-10844451105,46.60483,18.97114,A7,0.7,waterway=waterfall
osm-node-4198702389,46.65468,18.88209,A2,0.5,historic=castle
osm-node-5245624445,46.65626,18.88189,A2,0.5,historic=archaeological_site
osm-node-3452835410,46.65958,18.88704,A2,0.5,historic=archaeological_site
osm-node-3452835411,46.66126,18.88783,A2,0.5,historic=archaeological_site
osm-node-2573358809,46.62522,19.04357,A3,0.9,natural=beach
osm-node-3452835525,46.73386,18.92843,A2,0.5,historic=castle
osm-node-3666793193,46.69285,19.00976,A3,0.9,natural=beach
osm-way-1097239852,10.67176,-9.79888,A7,0.6,natural=wetland
osm-way-1364763658,10.66864,-9.79673,A7,0.6,natural=wetland
osm-way-1279790369,51.51845,-0.83909,A2,0.5,historic=castle
osm-way-1231768412,51.59609,-0.92862,A2,0.5,historic=archaeological_site
osm-way-1353846600,51.55707,-0.86688,A2,0.5,historic=archaeological_site
osm-way-1212500073,51.55595,-0.84870,A4,0.5,natural=cliff
osm-way-90279684,51.53077,-0.82983,A4,0.5,natural=cliff
osm-way-967878613,51.52227,-0.77350,A2,0.5,historic=archaeological_site
osm-way-285791305,51.51874,-0.68994,A7,0.6,natural=wetland
osm-way-285791306,51.51876,-0.69084,A7,0.6,natural=wetland
osm-way-285791308,51.51874,-0.69043,A7,0.6,natural=wetland
osm-way-285791309,51.51875,-0.69071,A7,0.6,natural=wetland
osm-way-285791311,51.51875,-0.69057,A7,0.6,natural=wetland
osm-way-285791314,51.51867,-0.68892,A7,0.6,natural=wetland
osm-way-285791316,51.51874,-0.69009,A7,0.6,natural=wetland
osm-way-285791318,51.51873,-0.68978,A7,0.6,natural=wetland
osm-way-285791319,51.51872,-0.68963,A7,0.6,natural=wetland
osm-way-285791312,51.51856,-0.68805,A7,0.6,natural=wetland
osm-way-51363388,51.54905,-0.72263,A7,0.6,natural=wetland
osm-way-50906615,51.53112,-0.69502,A2,0.5,historic=archaeological_site
osm-way-438354626,51.52604,-0.64248,A7,0.6,natural=wetland
osm-way-338312909,51.55299,-0.63542,A2,0.5,historic=archaeological_site
osm-way-1287426900,51.57732,-0.72099,A3,0.9,natural=beach
osm-way-1303731289,51.57424,-0.72103,A2,0.5,historic=archaeological_site
osm-way-1303731288,51.57489,-0.72139,A2,0.5,historic=archaeological_site
osm-way-338312626,51.56207,-0.63645,A2,0.5,historic=archaeological_site
osm-way-338499418,51.55410,-0.62445,A7,0.6,natural=wetland
osm-way-1265943868,51.56137,-0.58240,A7,0.6,natural=wetland
osm-way-1295769255,51.56145,-0.57975,A7,0.6,natural=wetland
osm-way-1265240676,51.58742,-0.62494,A2,0.5,historic=archaeological_site
osm-way-1265240670,51.58527,-0.59151,A2,0.5,historic=archaeological_site
osm-way-934101813,51.58228,-0.56541,A2,0.5,historic=archaeological_site
osm-way-306297597,51.66262,-0.94225,A4,0.5,natural=cliff
osm-way-306297600,51.66235,-0.94333,A4,0.5,natural=cliff
osm-way-1530451827,51.69155,-0.91121,A7,0.6,natural=wetland
osm-way-1277824938,51.65312,-0.82137,A7,0.6,natural=wetland
osm-way-1005604086,51.63247,-0.77774,A2,0.5,historic=archaeological_site
osm-way-1004592498,51.63135,-0.74856,A2,0.5,historic=archaeological_site
osm-way-628646231,51.63806,-0.78009,A7,0.6,natural=wetland
osm-way-628646233,51.63806,-0.78025,A7,0.6,natural=wetland
osm-way-1299349014,51.70803,-0.70856,A7,0.6,natural=wetland
osm-way-359102818,51.68374,-0.67437,A7,0.6,natural=wetland
osm-way-844264553,51.67553,-0.64547,A7,0.6,natural=wetland
osm-way-844264563,51.67679,-0.64767,A7,0.6,natural=wetland
osm-way-844272796,51.67546,-0.64271,A7,0.6,natural=wetland
osm-way-844272799,51.67402,-0.64169,A7,0.6,natural=wetland
osm-way-337022767,51.71703,-0.78511,A2,0.5,historic=archaeological_site
osm-way-33181442,51.72854,-0.81089,A2,0.5,historic=archaeological_site
osm-way-1265240677,51.60868,-0.62057,A2,0.5,historic=archaeological_site
osm-way-1057147059,51.66112,-0.60054,A7,0.6,natural=wetland
osm-way-963786940,51.69805,-0.60702,A7,0.6,natural=wetland
osm-way-361894019,46.55436,18.70593,A2,0.5,historic=castle
osm-way-368895346,46.54850,18.72957,A7,0.6,natural=wetland
osm-way-361894022,46.55620,18.73090,A2,0.5,historic=castle
osm-way-368831278,46.56366,18.73210,A7,0.6,natural=wetland
osm-way-374434913,46.56827,18.91389,A7,0.6,natural=wetland
osm-way-810451174,46.56815,18.91233,A7,0.6,natural=wetland
osm-way-374434884,46.56320,18.91955,A7,0.6,natural=wetland
osm-way-374434888,46.56174,18.91971,A7,0.6,natural=wetland
osm-way-805682602,46.52553,18.93382,A7,0.6,natural=wetland
osm-way-1303125155,46.52692,18.95117,A7,0.6,natural=wetland
osm-way-374461673,46.53273,18.95188,A7,0.6,natural=wetland
osm-way-374434881,46.54061,18.93829,A7,0.6,natural=wetland
osm-way-374434891,46.53663,18.94939,A7,0.6,natural=wetland
osm-way-374434890,46.54646,18.95058,A7,0.6,natural=wetland
osm-way-158332945,46.53069,18.97209,A2,0.5,historic=castle
osm-way-374498234,46.53104,18.97055,A7,0.6,natural=wetland
osm-way-374434912,46.55100,18.95037,A7,0.6,natural=wetland
osm-way-374434927,46.55527,18.94821,A7,0.6,natural=wetland
osm-way-374463641,46.55549,18.97179,A7,0.6,natural=wetland
osm-way-374482082,46.54219,18.98944,A7,0.6,natural=wetland
osm-way-99929483,46.57203,18.99061,A7,0.6,natural=wetland
osm-way-1236009518,46.57672,18.73071,A2,0.5,historic=castle
osm-way-676646433,46.66260,18.85626,A4,0.5,natural=cliff
osm-way-676758623,46.65550,18.87342,A4,0.5,natural=cliff
osm-way-411778520,46.69333,18.71814,A7,0.6,natural=wetland
osm-way-374458356,46.58379,18.91255,A7,0.6,natural=wetland
osm-way-99877096,46.59265,18.96019,A7,0.6,natural=wetland
osm-way-374458353,46.57807,18.94870,A7,0.6,natural=wetland
osm-way-374482083,46.57980,18.97612,A7,0.6,natural=wetland
osm-way-374486514,46.60168,18.96877,A7,0.6,natural=wetland
osm-way-1254835305,46.63899,18.87642,A4,0.5,natural=cliff
osm-way-252759501,46.63409,18.87714,A3,0.9,natural=bay
osm-way-1254530380,46.63513,18.87762,A7,0.6,natural=wetland
osm-way-1254835304,46.64149,18.87796,A4,0.5,natural=cliff
osm-way-534277183,46.65340,18.88167,A4,0.5,natural=cliff
osm-way-371256938,46.65484,18.88189,A2,0.5,historic=castle
osm-way-676730493,46.65568,18.88142,A4,0.5,natural=cliff
osm-way-676730495,46.65763,18.88166,A4,0.5,natural=cliff
osm-way-676731267,46.65577,18.88209,A2,0.5,historic=archaeological_site
osm-way-676751521,46.65786,18.88095,A4,0.5,natural=cliff
osm-way-99877840,46.57695,19.00407,A7,0.6,natural=wetland
osm-way-228357639,46.60663,19.02894,A7,0.6,natural=wetland
osm-way-881979456,46.62028,19.03098,A7,0.6,natural=wetland
osm-way-881986987,46.62315,19.03407,A7,0.6,natural=wetland
osm-way-298555450,46.62054,19.03548,A3,0.9,natural=beach
osm-way-881986986,46.62134,19.03393,A7,0.6,natural=wetland
osm-way-1254972284,46.71604,18.88625,A7,0.6,natural=wetland
osm-way-1254912507,46.71842,18.88572,A7,0.6,natural=wetland
osm-way-1254912508,46.73107,18.88261,A7,0.6,natural=wetland
osm-way-1489796816,46.73956,18.91979,A2,0.5,historic=castle
osm-node-10571372275,-1.47902,103.62463,A4,0.9,natural=peak
osm-node-7262856154,-1.47650,103.66814,A2,0.5,historic=archaeological_site
osm-way-1133903398,-1.47317,103.66785,A2,0.5,historic=archaeological_site
osm-way-1265114305,-1.47754,103.64417,A2,0.5,historic=archaeological_site
osm-way-778190927,-1.47774,103.67097,A2,0.5,historic=archaeological_site
osm-way-778190930,-1.47724,103.66726,A2,0.5,historic=archaeological_site
osm-way-778190925,-1.47579,103.65780,A2,0.5,historic=archaeological_site
osm-way-778190926,-1.47598,103.65921,A2,0.5,historic=archaeological_site
osm-way-778190928,-1.47605,103.66875,A2,0.5,historic=archaeological_site
osm-way-778190929,-1.47697,103.66898,A2,0.5,historic=archaeological_site
osm-way-892941684,-3.31246,104.69612,A7,0.6,natural=wetland
osm-way-896951763,-3.32070,104.69748,A7,0.6,natural=wetland
osm-node-10806924205,18.41782,79.13948,A7,0.6,natural=wetland
osm-node-10806702560,18.43224,79.15248,A7,0.6,natural=wetland
osm-node-10806702567,18.45172,79.15243,A7,0.6,natural=wetland
osm-node-3538232422,18.40306,79.17971,A3,0.9,natural=bay
osm-node-10806702598,18.46651,79.17620,A7,0.6,natural=wetland
osm-node-7521719603,23.29348,81.62817,A7,0.6,natural=wetland
osm-node-7616497421,23.31641,81.61881,A7,0.6,natural=wetland
osm-node-7616497422,23.31531,81.62087,A7,0.6,natural=wetland
osm-way-1152503883,18.42072,79.04134,A2,0.5,historic=fort
osm-way-1408711568,22.34872,82.70503,A7,0.6,natural=wetland
osm-node-11703832651,0.52785,34.69566,A4,0.9,natural=peak
osm-node-54731512,0.56137,34.76438,A7,0.7,waterway=waterfall
osm-node-10313768486,0.56236,34.76662,A7,0.7,waterway=waterfall
osm-node-10313768607,0.58582,34.80578,A7,0.7,waterway=waterfall
osm-node-10313768625,0.58528,34.81073,A7,0.7,waterway=waterfall
osm-node-9326854918,0.59746,34.80021,A7,0.7,waterway=waterfall
osm-node-9918997280,0.59926,34.80048,A7,0.7,waterway=waterfall
osm-node-10313768676,0.59827,34.80123,A7,0.7,waterway=waterfall
osm-node-10313768704,0.59889,34.80011,A7,0.7,waterway=waterfall
osm-node-10313769914,0.59913,34.80169,A7,0.7,waterway=waterfall
osm-node-10313648179,0.61696,34.82427,A7,0.7,waterway=waterfall
osm-node-10313648163,0.61830,34.82665,A7,0.7,waterway=waterfall
osm-node-10313647833,0.62269,34.83113,A7,0.7,waterway=waterfall
osm-node-10313648439,0.62935,34.83360,A7,0.7,waterway=waterfall
osm-node-10313693038,0.63591,34.83669,A7,0.7,waterway=waterfall
osm-node-10313693044,0.63676,34.83616,A7,0.7,waterway=waterfall
osm-node-10313693052,0.63804,34.83607,A7,0.7,waterway=waterfall
osm-node-2268229297,0.64431,34.83338,A7,0.7,waterway=waterfall
osm-node-10313693353,0.64560,34.83576,A7,0.7,waterway=waterfall
osm-node-10313693364,0.64632,34.83586,A7,0.7,waterway=waterfall
osm-node-10313693395,0.64730,34.83767,A7,0.7,waterway=waterfall
osm-node-4391178141,0.76133,35.08729,A4,0.9,natural=peak
osm-node-4391178142,0.76337,35.08322,A4,0.9,natural=peak
osm-node-4391178140,0.76459,35.08798,A4,0.9,natural=peak
osm-way-1128090248,0.56127,34.76427,A4,0.5,natural=cliff
osm-way-1128090249,0.56229,34.76656,A4,0.5,natural=cliff
osm-way-1128090251,0.58582,34.80565,A4,0.5,natural=cliff
osm-way-1128090252,0.58520,34.81077,A4,0.5,natural=cliff
osm-way-1128090253,0.59913,34.80171,A4,0.5,natural=cliff
osm-way-1128090254,0.59825,34.80145,A4,0.5,natural=cliff
osm-way-1128090255,0.59925,34.80046,A4,0.5,natural=cliff
osm-way-1128090257,0.59891,34.80015,A4,0.5,natural=cliff
osm-way-1128090258,0.59747,34.80021,A4,0.5,natural=cliff
osm-way-1166215719,0.51985,34.87864,A4,0.5,natural=cliff
osm-way-1128074768,0.61698,34.82426,A4,0.5,natural=cliff
osm-way-1128074766,0.61836,34.82664,A4,0.5,natural=cliff
osm-way-1128074764,0.62266,34.83119,A4,0.5,natural=cliff
osm-way-1128074769,0.62930,34.83359,A4,0.5,natural=cliff
osm-way-1128080491,0.63620,34.83636,A4,0.5,natural=cliff
osm-way-1128080492,0.63665,34.83629,A4,0.5,natural=cliff
osm-way-1128080493,0.63802,34.83605,A4,0.5,natural=cliff
osm-way-1128080496,0.64570,34.83554,A4,0.5,natural=cliff
osm-way-1128080494,0.64438,34.83325,A4,0.5,natural=cliff
osm-way-1128080497,0.64626,34.83596,A4,0.5,natural=cliff
osm-way-1128080498,0.64733,34.83767,A4,0.5,natural=cliff
osm-way-1491250922,0.85011,35.13607,A7,0.6,natural=wetland
osm-way-1491250923,0.85015,35.13651,A7,0.6,natural=wetland
osm-way-1193182727,26.70061,94.33666,A7,0.6,natural=wetland
osm-way-1193182728,26.70311,94.33386,A7,0.6,natural=wetland
osm-way-1132998504,26.88922,94.16548,A4,0.5,natural=cliff
osm-node-10317073787,0.44350,34.59224,A7,0.7,waterway=waterfall
osm-node-5459280373,0.60409,34.55929,A7,0.7,waterway=waterfall
osm-node-5933869702,0.62030,34.55338,A4,0.9,natural=peak
osm-node-10317073768,0.44973,34.61665,A7,0.7,waterway=waterfall
osm-node-4005533859,0.64926,34.56015,A4,0.9,natural=peak
osm-node-5301778525,0.93854,34.98569,A2,0.5,historic=castle
osm-node-13789999860,0.99282,35.04856,A7,0.6,natural=wetland
osm-node-12719098159,13.79754,102.72055,A2,0.5,historic=archaeological_site
osm-way-1128496630,0.44353,34.59233,A4,0.5,natural=cliff
osm-way-1128496628,0.44974,34.61671,A4,0.5,natural=cliff
osm-way-782677864,1.09572,35.12188,A7,0.6,natural=wetland
osm-way-1309327654,13.77031,102.64955,A7,0.6,natural=wetland
osm-way-1309327655,13.76964,102.65727,A7,0.6,natural=wetland
osm-way-1432274929,13.78513,102.71725,A7,0.6,natural=wetland
osm-way-1432274909,13.78376,102.72200,A7,0.6,natural=wetland
osm-way-1446434983,13.82062,102.68374,A7,0.6,natural=wetland
osm-way-1446434984,13.82032,102.68733,A7,0.6,natural=wetland
osm-way-1446432134,13.84005,102.69841,A7,0.6,natural=wetland
osm-way-461264826,13.84353,102.73734,A2,0.5,historic=archaeological_site
osm-way-1425042200,13.84783,102.75517,A7,0.6,natural=wetland
osm-way-1425062519,13.87353,102.73275,A7,0.6,natural=wetland
osm-way-1425062498,13.89106,102.74107,A7,0.6,natural=wetland
osm-way-1425062500,13.89212,102.74129,A7,0.6,natural=wetland
osm-way-1425062583,13.90293,102.75318,A7,0.6,natural=wetland
osm-node-6255278853,-29.94415,27.24060,A4,0.9,natural=peak
osm-node-250322324,-29.89646,27.17535,A4,0.9,natural=peak
osm-node-13160089021,-29.91442,27.18743,A4,0.9,natural=peak
osm-node-13139798905,-29.84223,27.18831,A4,0.9,natural=peak
osm-node-3306277576,-29.76384,27.18383,A4,0.9,natural=peak
osm-node-3323772654,-29.94234,27.27862,A4,0.9,natural=peak
osm-node-6251169752,-29.89580,27.28920,A4,0.9,natural=peak
osm-node-3356355330,-29.87380,27.30951,A4,0.9,natural=peak
osm-node-3323772630,-29.89030,27.32590,A4,0.9,natural=peak
osm-node-3356355350,-29.86967,27.33520,A4,0.9,natural=peak
osm-node-3358127247,-29.88839,27.35981,A4,0.9,natural=peak
osm-node-3106251369,-29.89197,27.36922,A4,0.9,natural=peak
osm-node-6253199412,-29.86670,27.27170,A4,0.9,natural=peak
osm-node-12422559162,-29.85311,27.31105,A4,0.9,natural=peak
osm-node-3306032170,-29.83696,27.30872,A4,0.9,natural=peak
osm-node-6251169753,-29.86670,27.32750,A4,0.9,natural=peak
osm-node-975505145,-29.85478,27.34592,A4,0.9,natural=peak
osm-node-3122722836,-29.82432,27.33296,A4,0.9,natural=peak
osm-node-6253199406,-29.69750,27.20420,A4,0.9,natural=peak
osm-node-6255278858,-29.69580,27.25500,A4,0.9,natural=peak
osm-node-3123283217,-29.69388,27.27349,A4,0.9,natural=peak
osm-node-6253199413,-29.70670,27.30000,A4,0.9,natural=peak
osm-node-10314874514,12.21026,104.60019,A4,0.9,natural=peak
osm-node-10314874513,12.22623,104.60063,A4,0.9,natural=peak
osm-node-4982803121,12.23553,104.58309,A4,0.9,natural=peak
osm-node-1060217938,12.26050,104.63175,A4,0.9,natural=peak
osm-node-6578927597,12.31555,104.71448,A4,0.9,natural=peak
osm-node-6578927595,12.34221,104.70128,A4,0.9,natural=peak
osm-node-10142074265,36.25329,128.13170,A4,0.9,natural=peak
osm-node-6442717357,36.17710,128.17951,A4,0.9,natural=peak
osm-node-11038427122,36.19033,128.16938,A4,0.9,natural=peak
osm-node-9236816294,36.10715,128.29253,A4,0.9,natural=peak
osm-node-6556320779,36.13395,128.24652,A4,0.9,natural=peak
osm-node-10055870808,36.13949,128.25263,A4,0.9,natural=peak
osm-node-10250643424,36.12390,128.30728,A4,0.9,natural=peak
osm-node-11055880347,36.13131,128.29789,A4,0.9,natural=peak
osm-node-10213863549,36.11441,128.32267,A4,0.9,natural=peak
osm-node-10055871001,36.17266,128.28077,A4,0.9,natural=peak
osm-node-10250650526,36.16393,128.31407,A4,0.9,natural=peak
osm-node-10250650539,36.15165,128.32444,A4,0.9,natural=peak
osm-node-10250650576,36.14942,128.33944,A4,0.9,natural=peak
osm-node-10250650601,36.16738,128.30599,A4,0.9,natural=peak
osm-node-8120356698,36.17341,128.30212,A4,0.9,natural=peak
osm-node-10250650579,36.17572,128.31592,A4,0.9,natural=peak
osm-node-10250650862,36.17715,128.32735,A4,0.9,natural=peak
osm-node-10250650865,36.18405,128.32740,A4,0.9,natural=peak
osm-node-8120359888,36.18646,128.32867,A4,0.9,natural=peak
osm-node-10250650921,36.21816,128.15492,A4,0.9,natural=peak
osm-node-10250650864,36.19396,128.16571,A4,0.9,natural=peak
osm-node-10250650885,36.20001,128.17798,A4,0.9,natural=peak
osm-node-10250650932,36.21626,128.17016,A4,0.9,natural=peak
osm-node-10250650963,36.20656,128.18354,A4,0.9,natural=peak
osm-node-10250637008,36.24386,128.13883,A4,0.9,natural=peak
osm-node-10250636952,36.23380,128.18641,A4,0.9,natural=peak
osm-node-7972724246,36.23850,128.18735,A4,0.9,natural=peak
osm-node-10250636963,36.24281,128.18676,A4,0.9,natural=peak
osm-node-10250650814,36.20538,128.20179,A4,0.9,natural=peak
osm-node-7972716209,36.22728,128.21580,A4,0.9,natural=peak
osm-node-10250636971,36.23175,128.21759,A4,0.9,natural=peak
osm-node-10250662079,36.28211,128.14635,A4,0.9,natural=peak
osm-node-8004971227,36.29518,128.15533,A4,0.9,natural=peak
osm-node-10250661965,36.27157,128.16897,A4,0.9,natural=peak
osm-node-10250661923,36.24675,128.21265,A4,0.9,natural=peak
osm-node-10142074264,36.27633,128.21494,A4,0.9,natural=peak
osm-node-10250650945,36.21153,128.24140,A4,0.9,natural=peak
osm-node-10250650957,36.20865,128.26335,A4,0.9,natural=peak
osm-node-10250650940,36.21301,128.28379,A4,0.9,natural=peak
osm-node-7972716280,36.22848,128.24898,A4,0.9,natural=peak
osm-node-10250636997,36.23430,128.25641,A4,0.9,natural=peak
osm-node-10250650828,36.20316,128.31060,A4,0.9,natural=peak
osm-node-10250650925,36.21719,128.30771,A4,0.9,natural=peak
osm-node-10250650951,36.20963,128.32085,A4,0.9,natural=peak
osm-node-10250661926,36.24292,128.30947,A4,0.9,natural=peak
osm-node-10250636964,36.23421,128.33804,A4,0.9,natural=peak
osm-node-10250662014,36.27086,128.24517,A4,0.9,natural=peak
osm-node-10250661980,36.26927,128.27635,A4,0.9,natural=peak
osm-node-10250637003,36.24742,128.29934,A4,0.9,natural=peak
osm-node-10250661955,36.25577,128.29612,A4,0.9,natural=peak
osm-node-10250636957,36.24574,128.31680,A4,0.9,natural=peak
osm-node-10250662095,36.27612,128.30458,A4,0.9,natural=peak
osm-node-10251648771,36.30381,128.15377,A4,0.9,natural=peak
osm-node-10131684807,36.29982,128.17255,A4,0.9,natural=peak
osm-node-10251648715,36.31296,128.23015,A4,0.9,natural=peak
osm-node-10251648767,36.32047,128.23056,A4,0.9,natural=peak
osm-node-10251647506,36.33050,128.23053,A4,0.9,natural=peak
osm-node-6441702246,36.30320,128.25354,A4,0.9,natural=peak
osm-node-10251647508,36.30966,128.25789,A4,0.9,natural=peak
osm-node-10251648741,36.31875,128.25705,A4,0.9,natural=peak
osm-node-10251648743,36.32756,128.25474,A4,0.9,natural=peak
osm-node-10251648807,36.34788,128.25748,A4,0.9,natural=peak
osm-node-10251648829,36.33725,128.27271,A4,0.9,natural=peak
osm-node-10251648794,36.34585,128.27017,A4,0.9,natural=peak
osm-node-10251648788,36.34668,128.28048,A4,0.9,natural=peak
osm-node-10251647502,36.32114,128.30348,A4,0.9,natural=peak
osm-node-10251647507,36.31959,128.32562,A4,0.9,natural=peak
osm-node-12284543099,36.31762,128.32627,A4,0.9,natural=peak
osm-node-6441731956,36.36048,128.25417,A4,0.9,natural=peak
osm-node-10251648921,36.36125,128.26752,A4,0.9,natural=peak
osm-node-10250650541,36.15113,128.39610,A4,0.9,natural=peak
osm-node-10250650878,36.17749,128.36320,A4,0.9,natural=peak
osm-node-10250650884,36.18352,128.35076,A4,0.9,natural=peak
osm-node-10250650956,36.20807,128.39568,A4,0.9,natural=peak
osm-node-10250650911,36.22193,128.36877,A4,0.9,natural=peak
osm-node-10250637006,36.23776,128.35430,A4,0.9,natural=peak
osm-node-10250636956,36.23289,128.37941,A4,0.9,natural=peak
osm-node-10250650851,36.19877,128.44896,A4,0.9,natural=peak
osm-node-10250650962,36.20616,128.44237,A4,0.9,natural=peak
osm-node-10250650939,36.21334,128.44259,A4,0.9,natural=peak
osm-node-10250636980,36.23443,128.43380,A4,0.9,natural=peak
osm-node-10250661957,36.27483,128.34882,A4,0.9,natural=peak
osm-node-10104630057,36.25882,128.40275,A4,0.9,natural=peak
osm-node-10250662074,36.28334,128.41645,A4,0.9,natural=peak
osm-node-10104630257,36.28920,128.40239,A4,0.9,natural=peak
osm-node-10250662094,36.27672,128.43590,A4,0.9,natural=peak
osm-node-10251648757,36.31611,128.36786,A4,0.9,natural=peak
osm-node-8120459389,36.33393,128.36696,A4,0.9,natural=peak
osm-node-10036434667,36.30573,128.43479,A4,0.9,natural=peak
osm-node-8120470839,36.35110,128.35100,A4,0.9,natural=peak
osm-node-10141942319,36.44689,128.65745,A4,0.9,natural=peak
osm-node-10251670608,36.47937,128.60641,A4,0.9,natural=peak
osm-node-10251621049,36.50492,128.62651,A4,0.9,natural=peak
osm-node-10251670561,36.45256,128.75084,A4,0.9,natural=peak
osm-node-10251686111,36.50590,128.66239,A4,0.9,natural=peak
osm-node-10251621086,36.50205,128.68963,A4,0.9,natural=peak
osm-node-10251670627,36.46960,128.75929,A4,0.9,natural=peak
osm-node-10134439160,36.48914,128.74706,A4,0.9,natural=peak
osm-node-10134439161,36.50457,128.76109,A4,0.9,natural=peak
osm-node-10251670515,36.44292,128.77621,A4,0.9,natural=peak
osm-node-10251670642,36.46605,128.76603,A4,0.9,natural=peak
osm-node-10134439162,36.47354,128.79303,A4,0.9,natural=peak
osm-node-10134439159,36.51144,128.64361,A4,0.9,natural=peak
osm-node-10251686345,36.58303,128.59149,A4,0.9,natural=peak
osm-node-10226759785,36.58840,128.65852,A4,0.9,natural=peak
osm-node-10251686282,36.58841,128.65851,A4,0.9,natural=peak
osm-node-10251686117,36.52293,128.70345,A4,0.9,natural=peak
osm-node-10251686188,36.53972,128.67851,A4,0.9,natural=peak
osm-node-10251686348,36.58254,128.67132,A4,0.9,natural=peak
osm-node-11617981256,36.57201,128.71788,A2,0.5,historic=archaeological_site
osm-node-13206060930,36.56254,128.73146,A2,0.5,historic=archaeological_site
osm-node-10251686350,36.57124,128.74399,A4,0.9,natural=peak
osm-node-906680419,36.56598,128.74636,A2,0.5,historic=archaeological_site
osm-node-10251686430,36.60312,128.71970,A4,0.9,natural=peak
osm-node-10252748382,36.64878,128.61053,A4,0.9,natural=peak
osm-node-10252750757,36.66106,128.61104,A4,0.9,natural=peak
osm-node-10252750777,36.66241,128.60791,A4,0.9,natural=peak
osm-node-10252750709,36.66033,128.61677,A4,0.9,natural=peak
osm-node-10252748328,36.64161,128.64508,A4,0.9,natural=peak
osm-node-10252748394,36.64736,128.65026,A4,0.9,natural=peak
osm-node-10252750733,36.65772,128.65654,A4,0.9,natural=peak
osm-node-10252750716,36.67516,128.64875,A4,0.9,natural=peak
osm-node-10252750714,36.66139,128.66437,A4,0.9,natural=peak
osm-node-10251686374,36.62322,128.76055,A4,0.9,natural=peak
osm-node-11801215135,36.61956,128.76266,A4,0.9,natural=peak
osm-node-10252750763,36.65327,128.72001,A4,0.9,natural=peak
osm-node-10252750724,36.65227,128.75792,A4,0.9,natural=peak
osm-node-10252750740,36.67150,128.67262,A4,0.9,natural=peak
osm-node-10252750832,36.68932,128.73185,A4,0.9,natural=peak
osm-node-10252750827,36.69135,128.73946,A4,0.9,natural=peak
osm-node-10251686145,36.52606,128.80033,A4,0.9,natural=peak
osm-node-10251686182,36.54061,128.77138,A4,0.9,natural=peak
osm-node-10251686264,36.55070,128.81360,A4,0.9,natural=peak
osm-node-10251686197,36.53668,128.84862,A4,0.9,natural=peak
osm-node-10251686280,36.57035,128.81210,A4,0.9,natural=peak
osm-node-10226759790,36.59118,128.77943,A4,0.9,natural=peak
osm-node-10251686316,36.59120,128.77942,A4,0.9,natural=peak
osm-node-10251686326,36.59465,128.81574,A4,0.9,natural=peak
osm-node-10251686235,36.56532,128.82286,A4,0.9,natural=peak
osm-node-8018175326,36.60659,128.83129,A4,0.9,natural=peak
osm-node-10251686384,36.61980,128.81090,A4,0.9,natural=peak
osm-node-10252748320,36.64330,128.78439,A4,0.9,natural=peak
osm-node-10251686373,36.62372,128.86606,A4,0.9,natural=peak
osm-node-10252750784,36.65440,128.83719,A4,0.9,natural=peak
osm-node-10252748381,36.64164,128.84758,A4,0.9,natural=peak
osm-node-10252750753,36.67079,128.77251,A4,0.9,natural=peak
osm-way-1431736016,-29.94671,27.21695,A7,0.6,natural=wetland
osm-way-1431736013,-29.94981,27.21555,A7,0.6,natural=wetland
osm-way-1445472264,-29.95324,27.24191,A4,0.5,natural=cliff
osm-way-497415551,-29.94255,27.21493,A7,0.6,natural=wetland
osm-way-497395072,-29.93207,27.21783,A7,0.6,natural=wetland
osm-way-497395090,-29.93088,27.22268,A7,0.6,natural=wetland
osm-way-497219491,-29.92568,27.22213,A7,0.6,natural=wetland
osm-way-497219492,-29.92345,27.21912,A7,0.6,natural=wetland
osm-way-446152337,-29.92032,27.25463,A4,0.5,natural=cliff
osm-way-372733892,-29.87153,27.19165,A7,0.6,natural=wetland
osm-way-435696314,-29.89971,27.23236,A4,0.5,natural=cliff
osm-way-488200187,-29.89913,27.23644,A4,0.7,natural=ridge
osm-way-488204895,-29.89487,27.22558,A4,0.7,natural=ridge
osm-way-488204918,-29.89462,27.23345,A4,0.7,natural=ridge
osm-way-477589514,-29.89849,27.22842,A4,0.5,natural=cliff
osm-way-1422345216,-29.91846,27.24664,A7,0.6,natural=wetland
osm-way-432075644,-29.90758,27.26219,A4,0.5,natural=cliff
osm-way-441462782,-29.91383,27.26184,A4,0.5,natural=cliff
osm-way-446152563,-29.91895,27.25670,A4,0.5,natural=cliff
osm-way-384570319,-29.90904,27.25088,A7,0.6,natural=wetland
osm-way-446152344,-29.91018,27.25404,A4,0.5,natural=cliff
osm-way-446152364,-29.90886,27.25323,A4,0.5,natural=cliff
osm-way-488244397,-29.90069,27.25405,A4,0.7,natural=ridge
osm-way-488244398,-29.89993,27.25119,A4,0.7,natural=ridge
osm-way-488204898,-29.88842,27.23366,A4,0.7,natural=ridge
osm-way-488465290,-29.86917,27.22964,A4,0.7,natural=ridge
osm-way-477589815,-29.87829,27.26130,A4,0.5,natural=cliff
osm-way-1427580318,-29.86403,27.26194,A4,0.5,natural=cliff
osm-way-446442531,-29.84497,27.13014,A4,0.5,natural=cliff
osm-way-446152349,-29.81390,27.14912,A4,0.5,natural=cliff
osm-way-446152630,-29.81799,27.15162,A4,0.5,natural=cliff
osm-way-447875978,-29.78011,27.08955,A4,0.5,natural=cliff
osm-way-1388864762,-29.77502,27.10299,A7,0.6,natural=wetland
osm-way-476386609,-29.77323,27.15131,A4,0.7,natural=ridge
osm-way-446152666,-29.80864,27.13251,A4,0.5,natural=cliff
osm-way-446152585,-29.80786,27.13085,A4,0.5,natural=cliff
osm-way-446152350,-29.80128,27.12494,A4,0.5,natural=cliff
osm-way-446152306,-29.81195,27.13656,A4,0.5,natural=cliff
osm-way-446152554,-29.81460,27.13711,A4,0.5,natural=cliff
osm-way-446152267,-29.80937,27.14598,A4,0.5,natural=cliff
osm-way-446152269,-29.80827,27.14315,A4,0.5,natural=cliff
osm-way-446152275,-29.80820,27.13504,A4,0.5,natural=cliff
osm-way-446152449,-29.80802,27.13704,A4,0.5,natural=cliff
osm-way-446152643,-29.80726,27.13745,A4,0.5,natural=cliff
osm-way-446152652,-29.80374,27.13597,A4,0.5,natural=cliff
osm-way-446152271,-29.80688,27.14094,A4,0.5,natural=cliff
osm-way-446152637,-29.81111,27.14797,A4,0.5,natural=cliff
osm-way-428093177,-29.80099,27.13549,A4,0.5,natural=cliff
osm-way-428093186,-29.80069,27.13416,A4,0.5,natural=cliff
osm-way-428093206,-29.80154,27.13414,A4,0.5,natural=cliff
osm-way-446152289,-29.80119,27.13735,A4,0.5,natural=cliff
osm-way-446152522,-29.80038,27.13334,A4,0.5,natural=cliff
osm-way-446442871,-29.79685,27.13420,A4,0.5,natural=cliff
osm-way-447875970,-29.78483,27.11422,A4,0.5,natural=cliff
osm-way-476616632,-29.77070,27.12213,A4,0.7,natural=ridge
osm-way-476616631,-29.77501,27.12749,A4,0.7,natural=ridge
osm-way-476616628,-29.77012,27.12488,A4,0.7,natural=ridge
osm-way-476616550,-29.76810,27.12381,A4,0.7,natural=ridge
osm-way-476504182,-29.78316,27.13944,A4,0.7,natural=ridge
osm-way-476386597,-29.77650,27.13870,A4,0.7,natural=ridge
osm-way-476504183,-29.78141,27.13901,A4,0.7,natural=ridge
osm-way-476504167,-29.77698,27.14042,A4,0.7,natural=ridge
osm-way-479270651,-29.82814,27.17538,A4,0.7,natural=ridge
osm-way-479270652,-29.82774,27.17666,A4,0.7,natural=ridge
osm-way-479259836,-29.81927,27.16457,A4,0.5,natural=cliff
osm-way-479263194,-29.82186,27.16823,A4,0.7,natural=ridge
osm-way-479259837,-29.81950,27.16075,A4,0.7,natural=ridge
osm-way-479259838,-29.81913,27.16054,A4,0.7,natural=ridge
osm-way-479672273,-29.81687,27.18480,A4,0.7,natural=ridge
osm-way-479672274,-29.81578,27.18168,A4,0.7,natural=ridge
osm-way-1429585552,-29.83111,27.19889,A7,0.6,natural=wetland
osm-way-1429591624,-29.84143,27.21422,A4,0.5,natural=cliff
osm-way-491666028,-29.86622,27.24136,A4,0.7,natural=ridge
osm-way-1429060032,-29.85695,27.24045,A4,0.5,natural=cliff
osm-way-1429060033,-29.85754,27.24107,A4,0.5,natural=cliff
osm-way-491566632,-29.86412,27.25357,A4,0.5,natural=cliff
osm-way-1427580316,-29.86328,27.26197,A4,0.5,natural=cliff
osm-way-1427712620,-29.85523,27.25665,A4,0.5,natural=cliff
osm-way-1427712621,-29.85433,27.25571,A4,0.5,natural=cliff
osm-way-1429038460,-29.85679,27.25580,A4,0.5,natural=cliff
osm-way-1429038461,-29.85684,27.25503,A4,0.5,natural=cliff
osm-way-1429038462,-29.85686,27.25479,A4,0.5,natural=cliff
osm-way-1429038463,-29.85666,27.25446,A4,0.5,natural=cliff
osm-way-1429038464,-29.85659,27.25463,A4,0.5,natural=cliff
osm-way-1429038465,-29.85556,27.25470,A4,0.5,natural=cliff
osm-way-1427712606,-29.85566,27.25926,A7,0.6,natural=wetland
osm-way-1427712607,-29.85614,27.26012,A7,0.6,natural=wetland
osm-way-1427712608,-29.85562,27.25849,A7,0.6,natural=wetland
osm-way-1427712623,-29.85867,27.25964,A4,0.5,natural=cliff
osm-way-1427712624,-29.85823,27.25919,A4,0.5,natural=cliff
osm-way-1427712625,-29.85751,27.25879,A4,0.5,natural=cliff
osm-way-1429038459,-29.85709,27.25711,A4,0.5,natural=cliff
osm-way-1429062400,-29.84739,27.23927,A4,0.5,natural=cliff
osm-way-1427712612,-29.85300,27.25579,A4,0.5,natural=cliff
osm-way-1427712613,-29.85269,27.25588,A4,0.5,natural=cliff
osm-way-1427712614,-29.85184,27.25544,A4,0.5,natural=cliff
osm-way-1427712615,-29.85049,27.25568,A4,0.5,natural=cliff
osm-way-1427712616,-29.85068,27.25552,A4,0.5,natural=cliff
osm-way-1429037891,-29.84964,27.25571,A4,0.5,natural=cliff
osm-way-1429037892,-29.84911,27.25572,A4,0.5,natural=cliff
osm-way-1429037894,-29.84866,27.25581,A4,0.5,natural=cliff
osm-way-1429038457,-29.85239,27.25486,A4,0.5,natural=cliff
osm-way-1429038458,-29.85188,27.25456,A4,0.5,natural=cliff
osm-way-1427712618,-29.85282,27.26144,A4,0.5,natural=cliff
osm-way-1427712619,-29.85330,27.26228,A4,0.5,natural=cliff
osm-way-1427712622,-29.85392,27.26320,A4,0.5,natural=cliff
osm-way-1429037893,-29.84887,27.25672,A4,0.5,natural=cliff
osm-way-1429037895,-29.84831,27.25602,A4,0.5,natural=cliff
osm-way-1429591627,-29.83957,27.21158,A7,0.6,natural=wetland
osm-way-1429366186,-29.83260,27.22763,A7,0.6,natural=wetland
osm-way-1527253424,-29.81798,27.22328,A7,0.6,natural=wetland
osm-way-1527253425,-29.81746,27.22439,A7,0.6,natural=wetland
osm-way-1523848960,-29.81582,27.24889,A7,0.6,natural=wetland
osm-way-1523852292,-29.81943,27.24430,A7,0.6,natural=wetland
osm-way-494896614,-29.81427,27.26377,A7,0.6,natural=wetland
osm-way-479259831,-29.80730,27.16050,A4,0.7,natural=ridge
osm-way-479259832,-29.80757,27.16045,A4,0.7,natural=ridge
osm-way-476701319,-29.79043,27.16274,A4,0.7,natural=ridge
osm-way-476701318,-29.78721,27.16262,A4,0.7,natural=ridge
osm-way-476697221,-29.75899,27.16104,A4,0.7,natural=ridge
osm-way-481560506,-29.77589,27.18122,A4,0.7,natural=ridge
osm-way-507421275,-29.77662,27.19161,A7,0.6,natural=wetland
osm-way-507421274,-29.77700,27.18926,A7,0.6,natural=wetland
osm-way-1527934903,-29.79916,27.22497,A7,0.6,natural=wetland
osm-way-1527883664,-29.80150,27.23764,A7,0.6,natural=wetland
osm-way-1317674354,-29.80222,27.24674,A7,0.6,natural=wetland
osm-way-1317674355,-29.80239,27.24774,A7,0.6,natural=wetland
osm-way-490955499,-29.81402,27.25059,A7,0.6,natural=wetland
osm-way-1527883665,-29.79912,27.23926,A7,0.6,natural=wetland
osm-way-495025484,-29.80089,27.24659,A7,0.6,natural=wetland
osm-way-491586140,-29.78941,27.24639,A7,0.6,natural=wetland
osm-way-1525877484,-29.79671,27.25220,A4,0.5,natural=cliff
osm-way-1445868458,-29.95424,27.26806,A4,0.5,natural=cliff
osm-way-1445868452,-29.93206,27.27253,A4,0.5,natural=cliff
osm-way-1445868451,-29.93449,27.27346,A4,0.5,natural=cliff
osm-way-446152292,-29.93040,27.27580,A4,0.5,natural=cliff
osm-way-446152534,-29.93195,27.27592,A4,0.5,natural=cliff
osm-way-446152639,-29.92664,27.26346,A4,0.5,natural=cliff
osm-way-1445868450,-29.92333,27.27792,A4,0.5,natural=cliff
osm-way-387201528,-29.92619,27.30597,A7,0.6,natural=wetland
osm-way-1431660149,-29.91927,27.27162,A4,0.5,natural=cliff
osm-way-441462781,-29.91381,27.26534,A4,0.5,natural=cliff
osm-way-1431660150,-29.91871,27.26944,A4,0.5,natural=cliff
osm-way-446152358,-29.91107,27.28888,A4,0.5,natural=cliff
osm-way-446152606,-29.91093,27.29170,A4,0.5,natural=cliff
osm-way-1347137654,-29.91080,27.28305,A4,0.5,natural=cliff
osm-way-1427709562,-29.91396,27.27918,A7,0.6,natural=wetland
osm-way-1427709563,-29.91360,27.27748,A7,0.6,natural=wetland
osm-way-1428803749,-29.91012,27.28890,A4,0.5,natural=cliff
osm-way-1431660164,-29.91122,27.28263,A4,0.5,natural=cliff
osm-way-1347137655,-29.90962,27.28163,A4,0.5,natural=cliff
osm-way-1347137656,-29.90904,27.28041,A4,0.5,natural=cliff
osm-way-1347137657,-29.90857,27.27975,A4,0.5,natural=cliff
osm-way-1347137658,-29.90845,27.27878,A4,0.5,natural=cliff
osm-way-1347137659,-29.90771,27.27800,A4,0.5,natural=cliff
osm-way-1431660163,-29.90904,27.27896,A4,0.5,natural=cliff
osm-way-1431660165,-29.91117,27.28233,A4,0.5,natural=cliff
osm-way-1431660166,-29.91104,27.28196,A4,0.5,natural=cliff
osm-way-1431660167,-29.91057,27.28164,A4,0.5,natural=cliff
osm-way-1431660168,-29.91026,27.28089,A4,0.5,natural=cliff
osm-way-1431660169,-29.90991,27.28008,A4,0.5,natural=cliff
osm-way-1431660170,-29.90907,27.27962,A4,0.5,natural=cliff
osm-way-1431660171,-29.90832,27.27759,A4,0.5,natural=cliff
osm-way-1431660185,-29.90834,27.27942,A4,0.5,natural=cliff
osm-way-446152363,-29.91033,27.28755,A4,0.5,natural=cliff
osm-way-1347137653,-29.91064,27.28579,A4,0.5,natural=cliff
osm-way-1428803750,-29.90992,27.28800,A4,0.5,natural=cliff
osm-way-1431660144,-29.91118,27.28663,A4,0.5,natural=cliff
osm-way-1431660145,-29.91112,27.28600,A4,0.5,natural=cliff
osm-way-1431660146,-29.91111,27.28547,A4,0.5,natural=cliff
osm-way-1431660147,-29.91139,27.28476,A4,0.5,natural=cliff
osm-way-1431660148,-29.91189,27.28372,A4,0.5,natural=cliff
osm-way-384570318,-29.89840,27.26515,A7,0.6,natural=wetland
osm-way-1431660161,-29.90585,27.27709,A4,0.5,natural=cliff
osm-way-1431660162,-29.90672,27.27677,A4,0.5,natural=cliff
osm-way-1431660181,-29.90649,27.27710,A4,0.5,natural=cliff
osm-way-1431660182,-29.90407,27.27855,A4,0.5,natural=cliff
osm-way-1431660183,-29.90289,27.27948,A4,0.5,natural=cliff
osm-way-1431660184,-29.90529,27.27768,A4,0.5,natural=cliff
osm-way-364828501,-29.90519,27.28453,A4,0.5,natural=cliff
osm-way-364828502,-29.90446,27.28487,A4,0.5,natural=cliff
osm-way-1347137646,-29.90653,27.28360,A7,0.6,natural=wetland
osm-way-1458611488,-29.90433,27.28411,A4,0.5,natural=cliff
osm-way-1347137645,-29.90301,27.28275,A7,0.6,natural=wetland
osm-way-1347137647,-29.90428,27.28270,A7,0.6,natural=wetland
osm-way-1347137664,-29.89685,27.28296,A4,0.5,natural=cliff
osm-way-1347137667,-29.90127,27.28006,A4,0.5,natural=cliff
osm-way-1347137665,-29.89890,27.28111,A4,0.5,natural=cliff
osm-way-1347137666,-29.89984,27.28075,A4,0.5,natural=cliff
osm-way-1347137663,-29.89480,27.28488,A4,0.5,natural=cliff
osm-way-1347379624,-29.89829,27.28758,A7,0.6,natural=wetland
osm-way-1458588343,-29.89605,27.28546,A4,0.5,natural=cliff
osm-way-1458588344,-29.89575,27.28506,A4,0.5,natural=cliff
osm-way-1458611462,-29.89860,27.28826,A4,0.5,natural=cliff
osm-way-1428803746,-29.91086,27.29006,A4,0.5,natural=cliff
osm-way-1428803747,-29.91089,27.28982,A4,0.5,natural=cliff
osm-way-1428803748,-29.91056,27.28960,A4,0.5,natural=cliff
osm-way-1458611464,-29.90995,27.29237,A4,0.5,natural=cliff
osm-way-1427580386,-29.90866,27.31122,A4,0.5,natural=cliff
osm-way-1427709579,-29.91045,27.30921,A4,0.5,natural=cliff
osm-way-1427709580,-29.90871,27.30792,A4,0.5,natural=cliff
osm-way-1427580385,-29.90920,27.31390,A4,0.5,natural=cliff
osm-way-1427709577,-29.91043,27.31181,A4,0.5,natural=cliff
osm-way-1427709578,-29.91137,27.31115,A4,0.5,natural=cliff
osm-way-1442719995,-29.90898,27.30958,A4,0.5,natural=cliff
osm-way-1347137676,-29.90237,27.29710,A4,0.5,natural=cliff
osm-way-1347137677,-29.90297,27.29721,A4,0.5,natural=cliff
osm-way-1347137678,-29.90246,27.29742,A4,0.5,natural=cliff
osm-way-1347137679,-29.89846,27.29618,A4,0.5,natural=cliff
osm-way-1347137680,-29.89501,27.29576,A4,0.5,natural=cliff
osm-way-1347137681,-29.89136,27.29469,A4,0.5,natural=cliff
osm-way-1427580345,-29.89344,27.30252,A4,0.5,natural=cliff
osm-way-1427580375,-29.89417,27.30098,A4,0.5,natural=cliff
osm-way-1347379622,-29.89894,27.29202,A7,0.6,natural=wetland
osm-way-1442719999,-29.90356,27.30606,A4,0.5,natural=cliff
osm-way-1442720000,-29.90518,27.30801,A4,0.5,natural=cliff
osm-way-1442720001,-29.90472,27.30703,A4,0.5,natural=cliff
osm-way-1442720007,-29.90196,27.30723,A4,0.5,natural=cliff
osm-way-1442720008,-29.90117,27.30625,A4,0.5,natural=cliff
osm-way-1427580387,-29.90668,27.30964,A4,0.5,natural=cliff
osm-way-1427580416,-29.90159,27.31135,A4,0.5,natural=cliff
osm-way-1427580383,-29.90190,27.30795,A4,0.5,natural=cliff
osm-way-1427580384,-29.90441,27.30952,A4,0.5,natural=cliff
osm-way-1427580409,-29.89565,27.31568,A4,0.5,natural=cliff
osm-way-1427580428,-29.89481,27.30597,A4,0.5,natural=cliff
osm-way-1442720003,-29.90024,27.30886,A4,0.5,natural=cliff
osm-way-1427580420,-29.89655,27.30810,A4,0.5,natural=cliff
osm-way-1427580421,-29.89710,27.30762,A4,0.5,natural=cliff
osm-way-1427580422,-29.89683,27.30702,A4,0.5,natural=cliff
osm-way-1427580423,-29.89638,27.30708,A4,0.5,natural=cliff
osm-way-1427580424,-29.89646,27.30617,A4,0.5,natural=cliff
osm-way-1427580425,-29.89602,27.30648,A4,0.5,natural=cliff
osm-way-1427580426,-29.89587,27.30609,A4,0.5,natural=cliff
osm-way-1427580427,-29.89549,27.30642,A4,0.5,natural=cliff
osm-way-1442719993,-29.89791,27.30844,A4,0.5,natural=cliff
osm-way-1442720009,-29.90017,27.30561,A4,0.5,natural=cliff
osm-way-1442720010,-29.89901,27.30456,A4,0.5,natural=cliff
osm-way-1427580410,-29.89645,27.31495,A4,0.5,natural=cliff
osm-way-1427580411,-29.89667,27.31474,A4,0.5,natural=cliff
osm-way-1427580412,-29.89677,27.31448,A4,0.5,natural=cliff
osm-way-1427580413,-29.89693,27.31408,A4,0.5,natural=cliff
osm-way-1427580414,-29.89687,27.31377,A4,0.5,natural=cliff
osm-way-1427580415,-29.89764,27.31319,A4,0.5,natural=cliff
osm-way-1427580417,-29.90005,27.31068,A4,0.5,natural=cliff
osm-way-1427580418,-29.89909,27.31074,A4,0.5,natural=cliff
osm-way-1427580419,-29.89785,27.31017,A4,0.5,natural=cliff
osm-way-1442720004,-29.89949,27.30993,A4,0.5,natural=cliff
osm-way-1442720005,-29.89903,27.30937,A4,0.5,natural=cliff
osm-way-1427580279,-29.89164,27.27761,A7,0.6,natural=wetland
osm-way-1347137661,-29.89182,27.28786,A4,0.5,natural=cliff
osm-way-1347137662,-29.89325,27.28691,A4,0.5,natural=cliff
osm-way-1431660151,-29.89052,27.28586,A7,0.6,natural=wetland
osm-way-1429038609,-29.87542,27.26875,A4,0.5,natural=cliff
osm-way-1427580317,-29.86808,27.26458,A4,0.5,natural=cliff
osm-way-1427580321,-29.87462,27.27065,A4,0.5,natural=cliff
osm-way-1427710086,-29.87324,27.27328,A4,0.5,natural=cliff
osm-way-1427710087,-29.86745,27.27363,A4,0.5,natural=cliff
osm-way-1427580320,-29.87043,27.26648,A4,0.5,natural=cliff
osm-way-1427580327,-29.86963,27.27142,A7,0.6,natural=wetland
osm-way-1347137660,-29.89066,27.28992,A4,0.5,natural=cliff
osm-way-1347137682,-29.88853,27.29084,A4,0.5,natural=cliff
osm-way-1427580374,-29.89258,27.30126,A4,0.5,natural=cliff
osm-way-1427580370,-29.87956,27.30417,A4,0.5,natural=cliff
osm-way-1427580373,-29.89138,27.30201,A4,0.5,natural=cliff
osm-way-1427580344,-29.89262,27.30540,A4,0.5,natural=cliff
osm-way-1427580346,-29.89100,27.30297,A4,0.5,natural=cliff
osm-way-1427580347,-29.89043,27.30297,A4,0.5,natural=cliff
osm-way-1427580434,-29.89366,27.31447,A4,0.5,natural=cliff
osm-way-1427580435,-29.89255,27.31577,A4,0.5,natural=cliff
osm-way-1427580355,-29.87849,27.31439,A4,0.5,natural=cliff
osm-way-1427580431,-29.87389,27.30956,A4,0.5,natural=cliff
osm-way-370337760,-29.87002,27.36147,A4,0.5,natural=cliff
osm-way-1427709600,-29.90122,27.32678,A4,0.5,natural=cliff
osm-way-1427709601,-29.90122,27.32565,A4,0.5,natural=cliff
osm-way-1427580390,-29.89364,27.32604,A4,0.5,natural=cliff
osm-way-1427580400,-29.89432,27.32237,A4,0.5,natural=cliff
osm-way-1427580407,-29.89374,27.31710,A4,0.5,natural=cliff
osm-way-1427580408,-29.89458,27.31637,A4,0.5,natural=cliff
osm-way-1427709602,-29.90079,27.32458,A4,0.5,natural=cliff
osm-way-1427709603,-29.90063,27.32246,A4,0.5,natural=cliff
osm-way-1455568447,-29.89410,27.31833,A4,0.5,natural=cliff
osm-way-1427709609,-29.89974,27.31981,A4,0.5,natural=cliff
osm-way-1455568446,-29.89478,27.31724,A4,0.5,natural=cliff
osm-way-1427580391,-29.89497,27.32536,A4,0.5,natural=cliff
osm-way-1427580392,-29.89568,27.32536,A4,0.5,natural=cliff
osm-way-1427580393,-29.89661,27.32504,A4,0.5,natural=cliff
osm-way-1427580394,-29.89660,27.32464,A4,0.5,natural=cliff
osm-way-1427580395,-29.89629,27.32431,A4,0.5,natural=cliff
osm-way-1427580396,-29.89628,27.32369,A4,0.5,natural=cliff
osm-way-1427580397,-29.89578,27.32329,A4,0.5,natural=cliff
osm-way-1427580398,-29.89539,27.32282,A4,0.5,natural=cliff
osm-way-1427580399,-29.89495,27.32301,A4,0.5,natural=cliff
osm-way-1427709610,-29.89743,27.32523,A4,0.5,natural=cliff
osm-way-1428767208,-29.89680,27.32424,A4,0.5,natural=cliff
osm-way-1427709611,-29.89562,27.33099,A4,0.5,natural=cliff
osm-way-1427709612,-29.89569,27.33025,A4,0.5,natural=cliff
osm-way-1427709613,-29.89523,27.33016,A4,0.5,natural=cliff
osm-way-1427580402,-29.89327,27.32108,A4,0.5,natural=cliff
osm-way-1427580403,-29.89335,27.32022,A4,0.5,natural=cliff
osm-way-1427580404,-29.89325,27.32006,A4,0.5,natural=cliff
osm-way-1427580405,-29.89319,27.31880,A4,0.5,natural=cliff
osm-way-1427580406,-29.89312,27.31772,A4,0.5,natural=cliff
osm-way-1427580436,-29.89145,27.31773,A4,0.5,natural=cliff
osm-way-1427580437,-29.89063,27.31875,A4,0.5,natural=cliff
osm-way-1427709630,-29.89324,27.32762,A4,0.5,natural=cliff
osm-way-1427709631,-29.89349,27.32748,A4,0.5,natural=cliff
osm-way-1427709632,-29.89374,27.32714,A4,0.5,natural=cliff
osm-way-1427580389,-29.89238,27.32780,A4,0.5,natural=cliff
osm-way-1427580401,-29.89399,27.32173,A4,0.5,natural=cliff
osm-way-1427709572,-29.89183,27.33339,A4,0.5,natural=cliff
osm-way-1427709573,-29.89166,27.33304,A4,0.5,natural=cliff
osm-way-1427709616,-29.89026,27.33408,A4,0.5,natural=cliff
osm-way-1427709617,-29.89091,27.33310,A4,0.5,natural=cliff
osm-way-1427709618,-29.89082,27.33268,A4,0.5,natural=cliff
osm-way-1427709619,-29.89089,27.33219,A4,0.5,natural=cliff
osm-way-1427709620,-29.89090,27.33176,A4,0.5,natural=cliff
osm-way-1427709621,-29.89148,27.33232,A4,0.5,natural=cliff
osm-way-1427709622,-29.89173,27.33166,A4,0.5,natural=cliff
osm-way-1427709623,-29.89120,27.33119,A4,0.5,natural=cliff
osm-way-1427709624,-29.89164,27.33106,A4,0.5,natural=cliff
osm-way-1427709625,-29.89181,27.33055,A4,0.5,natural=cliff
osm-way-1427709626,-29.89214,27.33025,A4,0.5,natural=cliff
osm-way-1427709627,-29.89213,27.32932,A4,0.5,natural=cliff
osm-way-1427709628,-29.89273,27.32997,A4,0.5,natural=cliff
osm-way-1427709629,-29.89287,27.32958,A4,0.5,natural=cliff
osm-way-1427709651,-29.88814,27.33416,A7,0.6,natural=wetland
osm-way-1428803764,-29.89235,27.33170,A4,0.5,natural=cliff
osm-way-1428803765,-29.89212,27.33235,A4,0.5,natural=cliff
osm-way-1428803766,-29.89198,27.33231,A4,0.5,natural=cliff
osm-way-1427709570,-29.89069,27.33548,A4,0.5,natural=cliff
osm-way-1427709614,-29.88999,27.33557,A4,0.5,natural=cliff
osm-way-1427709633,-29.88981,27.33825,A4,0.5,natural=cliff
osm-way-1427709634,-29.89064,27.33762,A4,0.5,natural=cliff
osm-way-1427709635,-29.89071,27.33644,A4,0.5,natural=cliff
osm-way-1427709571,-29.89089,27.33509,A4,0.5,natural=cliff
osm-way-1427709615,-29.89037,27.33499,A4,0.5,natural=cliff
osm-way-451560413,-29.88190,27.33604,A4,0.5,natural=cliff
osm-way-451560376,-29.87907,27.33768,A4,0.5,natural=cliff
osm-way-451560371,-29.87434,27.33696,A4,0.5,natural=cliff
osm-way-1427709569,-29.88194,27.34377,A4,0.5,natural=cliff
osm-way-305927555,-29.89249,27.36847,A4,0.5,natural=cliff
osm-way-323830653,-29.86043,27.27361,A4,0.5,natural=cliff
osm-way-1427580319,-29.86535,27.26791,A7,0.6,natural=wetland
osm-way-1427712617,-29.85246,27.26379,A4,0.5,natural=cliff
osm-way-1429038467,-29.85242,27.26585,A4,0.5,natural=cliff
osm-way-383455458,-29.84279,27.28110,A7,0.6,natural=wetland
osm-way-494784817,-29.82946,27.28943,A7,0.6,natural=wetland
osm-way-494784818,-29.83081,27.28674,A7,0.6,natural=wetland
osm-way-1342652208,-29.83765,27.30669,A4,0.5,natural=cliff
osm-way-1342652209,-29.83857,27.31185,A4,0.5,natural=cliff
osm-way-1342652205,-29.83566,27.30994,A4,0.5,natural=cliff
osm-way-1342652206,-29.83590,27.30711,A4,0.5,natural=cliff
osm-way-1342652207,-29.83873,27.30828,A4,0.5,natural=cliff
osm-way-1342647127,-29.85706,27.34057,A7,0.6,natural=wetland
osm-way-1342647137,-29.86245,27.34665,A4,0.5,natural=cliff
osm-way-1342647142,-29.85463,27.34461,A4,0.5,natural=cliff
osm-way-1342647148,-29.85547,27.34671,A4,0.5,natural=cliff
osm-way-1342647150,-29.85472,27.34543,A4,0.5,natural=cliff
osm-way-1342647138,-29.86106,27.34569,A4,0.5,natural=cliff
osm-way-1342647139,-29.85909,27.34214,A4,0.5,natural=cliff
osm-way-1342647140,-29.85809,27.34299,A4,0.5,natural=cliff
osm-way-1342647141,-29.85649,27.34388,A4,0.5,natural=cliff
osm-way-1342647149,-29.85600,27.34513,A4,0.5,natural=cliff
osm-way-1342647143,-29.85261,27.34436,A4,0.5,natural=cliff
osm-way-1342647144,-29.85202,27.34538,A4,0.5,natural=cliff
osm-way-1342647145,-29.85048,27.34629,A4,0.5,natural=cliff
osm-way-1342647146,-29.85018,27.34697,A4,0.5,natural=cliff
osm-way-1342647147,-29.85275,27.34688,A4,0.5,natural=cliff
osm-way-1342647151,-29.85357,27.34556,A4,0.5,natural=cliff
osm-way-1342647152,-29.85278,27.34574,A4,0.5,natural=cliff
osm-way-1342647153,-29.85191,27.34608,A4,0.5,natural=cliff
osm-way-1342647267,-29.84186,27.35084,A7,0.6,natural=wetland
osm-way-1342647208,-29.82364,27.33367,A4,0.5,natural=cliff
osm-way-1342647209,-29.82548,27.33356,A4,0.5,natural=cliff
osm-way-1342647210,-29.82443,27.33270,A4,0.5,natural=cliff
osm-way-374461788,-29.81742,27.34988,A7,0.6,natural=wetland
osm-way-1545720735,-29.80083,27.27466,A7,0.6,natural=wetland
osm-way-494506320,-29.77501,27.27430,A7,0.6,natural=wetland
osm-way-494506322,-29.76317,27.27667,A7,0.6,natural=wetland
osm-way-494506332,-29.77175,27.26894,A7,0.6,natural=wetland
osm-way-365503024,-29.76894,27.29443,A7,0.6,natural=wetland
osm-way-367126517,-29.76699,27.29449,A7,0.6,natural=wetland
osm-way-374461789,-29.81210,27.34233,A7,0.6,natural=wetland
osm-way-494438421,-29.80182,27.33911,A7,0.6,natural=wetland
osm-way-1520559266,-29.79733,27.32039,A4,0.5,natural=cliff
osm-way-494438386,-29.79797,27.33602,A7,0.6,natural=wetland
osm-way-494438389,-29.79112,27.33625,A7,0.6,natural=wetland
osm-way-494438422,-29.79488,27.34024,A7,0.6,natural=wetland
osm-way-494438425,-29.79065,27.34072,A7,0.6,natural=wetland
osm-way-494438390,-29.79511,27.33403,A7,0.6,natural=wetland
osm-way-494438393,-29.79468,27.33693,A7,0.6,natural=wetland
osm-way-378313291,-29.80530,27.35514,A7,0.6,natural=wetland
osm-way-494438385,-29.79715,27.34505,A7,0.6,natural=wetland
osm-way-494438424,-29.79251,27.34388,A7,0.6,natural=wetland
osm-way-397152754,-29.77789,27.33897,A7,0.6,natural=wetland
osm-way-494438423,-29.78767,27.33494,A7,0.6,natural=wetland
osm-way-374625460,-29.76385,27.32093,A7,0.6,natural=wetland
osm-way-397152755,-29.77522,27.32926,A7,0.6,natural=wetland
osm-way-423439255,-29.76507,27.32254,A7,0.6,natural=wetland
osm-way-427830895,-29.78644,27.36563,A7,0.6,natural=wetland
osm-way-366980585,-29.77853,27.35797,A7,0.6,natural=wetland
osm-way-427817710,-29.78192,27.35910,A7,0.6,natural=wetland
osm-way-491610600,-29.81559,27.38627,A7,0.6,natural=wetland
osm-way-370362590,-29.81319,27.37965,A4,0.5,natural=cliff
osm-way-370617713,-29.80864,27.38027,A4,0.5,natural=cliff
osm-way-429001954,-29.79796,27.38843,A4,0.5,natural=cliff
osm-way-1447775217,-29.80156,27.39052,A7,0.6,natural=wetland
osm-way-423129480,-29.76131,27.11240,A7,0.6,natural=wetland
osm-way-475786333,-29.73426,27.12652,A4,0.7,natural=ridge
osm-way-476644642,-29.75517,27.11493,A7,0.6,natural=wetland
osm-way-476672531,-29.74579,27.14849,A4,0.7,natural=ridge
osm-way-476672498,-29.74581,27.15373,A4,0.7,natural=ridge
osm-way-476062579,-29.72858,27.13026,A4,0.7,natural=ridge
osm-way-470171418,-29.71024,27.15922,A7,0.6,natural=wetland
osm-way-476697119,-29.75649,27.16858,A7,0.6,natural=wetland
osm-way-476900288,-29.74932,27.16554,A7,0.6,natural=wetland
osm-way-476900291,-29.75300,27.16801,A7,0.6,natural=wetland
osm-way-476900242,-29.74610,27.16295,A7,0.6,natural=wetland
osm-way-459990052,-29.75325,27.19037,A7,0.6,natural=wetland
osm-way-459997809,-29.74697,27.19665,A7,0.6,natural=wetland
osm-way-476929842,-29.73542,27.19650,A7,0.6,natural=wetland
osm-way-491609505,-29.74509,27.20670,A7,0.6,natural=wetland
osm-way-491609506,-29.74502,27.20524,A7,0.6,natural=wetland
osm-way-363238027,-29.72408,27.17823,A4,0.5,natural=cliff
osm-way-470145441,-29.71824,27.15888,A7,0.6,natural=wetland
osm-way-470171420,-29.71303,27.16329,A4,0.5,natural=cliff
osm-way-363238023,-29.72302,27.17664,A4,0.5,natural=cliff
osm-way-364586450,-29.74945,27.21679,A7,0.6,natural=wetland
osm-way-364539508,-29.75995,27.22864,A7,0.6,natural=wetland
osm-way-364586451,-29.74006,27.23256,A7,0.6,natural=wetland
osm-way-435455958,-29.71991,27.26424,A7,0.6,natural=wetland
osm-way-363238026,-29.70519,27.18922,A7,0.6,natural=wetland
osm-way-484704597,-29.70121,27.20027,A4,0.7,natural=ridge
osm-way-484704598,-29.70292,27.19766,A4,0.7,natural=ridge
osm-way-484700427,-29.69958,27.18837,A4,0.7,natural=ridge
osm-way-484704596,-29.69834,27.19386,A4,0.7,natural=ridge
osm-way-363238024,-29.70006,27.20251,A4,0.5,natural=cliff
osm-way-363399116,-29.69921,27.21325,A4,0.5,natural=cliff
osm-way-484704594,-29.69936,27.20187,A4,0.7,natural=ridge
osm-way-363401496,-29.69700,27.25489,A4,0.5,natural=cliff
osm-way-363401494,-29.69590,27.25451,A4,0.5,natural=cliff
osm-way-363401495,-29.69352,27.25764,A4,0.5,natural=cliff
osm-way-481586985,-29.69412,27.26210,A7,0.6,natural=wetland
osm-way-494446567,-29.75206,27.28400,A7,0.6,natural=wetland
osm-way-494446568,-29.75252,27.29335,A7,0.6,natural=wetland
osm-way-512846424,-29.74389,27.27206,A7,0.6,natural=wetland
osm-way-512870146,-29.73901,27.26381,A7,0.6,natural=wetland
osm-way-759110340,-29.74463,27.30152,A4,0.7,natural=ridge
osm-way-388073740,-29.74099,27.31918,A7,0.6,natural=wetland
osm-way-445807403,-29.71555,27.28963,A7,0.6,natural=wetland
osm-way-388073750,-29.72657,27.31333,A7,0.6,natural=wetland
osm-way-425418821,-29.74400,27.33221,A7,0.6,natural=wetland
osm-way-425418815,-29.75663,27.33855,A7,0.6,natural=wetland
osm-way-425418820,-29.75713,27.33718,A7,0.6,natural=wetland
osm-way-425418812,-29.75456,27.33825,A7,0.6,natural=wetland
osm-way-1386612335,-29.75310,27.33747,A7,0.6,natural=wetland
osm-way-466598368,-29.73510,27.32741,A4,0.5,natural=cliff
osm-way-466598376,-29.73454,27.32873,A4,0.5,natural=cliff
osm-way-425423509,-29.74947,27.34182,A7,0.6,natural=wetland
osm-way-466598364,-29.73829,27.33185,A4,0.5,natural=cliff
osm-way-466613487,-29.73627,27.33633,A7,0.6,natural=wetland
osm-way-1432074905,-29.75554,27.35093,A7,0.6,natural=wetland
osm-way-425418813,-29.74258,27.34747,A7,0.6,natural=wetland
osm-way-429069007,-29.74903,27.35831,A7,0.6,natural=wetland
osm-way-429080169,-29.73409,27.35972,A7,0.6,natural=wetland
osm-way-429080160,-29.74181,27.35748,A7,0.6,natural=wetland
osm-way-466598365,-29.73109,27.32837,A4,0.5,natural=cliff
osm-way-466598371,-29.72952,27.32796,A4,0.5,natural=cliff
osm-way-363402043,-29.69738,27.27400,A4,0.5,natural=cliff
osm-way-307234146,-29.70710,27.30100,A4,0.7,natural=ridge
osm-way-363402038,-29.70069,27.27328,A4,0.5,natural=cliff
osm-way-363402042,-29.70170,27.27468,A4,0.5,natural=cliff
osm-way-363402040,-29.69262,27.26717,A4,0.5,natural=cliff
osm-way-363402037,-29.69362,27.27101,A4,0.5,natural=cliff
osm-way-363402045,-29.69451,27.27265,A4,0.5,natural=cliff
osm-way-363402041,-29.69400,27.26922,A4,0.5,natural=cliff
osm-way-26792699,12.35531,104.61621,A7,0.6,natural=wetland
osm-way-26792778,12.44087,104.63058,A7,0.6,natural=wetland
osm-way-379091043,12.35516,104.62239,A7,0.6,natural=wetland
osm-way-705066353,12.32625,104.65985,A7,0.6,natural=wetland
osm-way-26792690,12.32489,104.65420,A7,0.6,natural=wetland
osm-way-706001220,12.38293,104.60209,A7,0.6,natural=wetland
osm-way-705772512,12.38189,104.62404,A7,0.6,natural=wetland
osm-way-614601448,12.35569,104.63213,A7,0.6,natural=wetland
osm-way-379092263,12.36450,104.64731,A7,0.6,natural=wetland
osm-way-599837740,12.37537,104.61816,A7,0.6,natural=wetland
osm-way-705090962,12.37734,104.61509,A7,0.6,natural=wetland
osm-way-614601447,12.36650,104.62321,A7,0.6,natural=wetland
osm-way-1259205615,12.33481,104.85798,A7,0.6,natural=wetland
osm-way-705101963,12.22461,104.76108,A7,0.6,natural=wetland
osm-way-24375375,12.28174,104.69582,A7,0.6,natural=wetland
osm-way-996763440,12.24881,104.75388,A7,0.6,natural=wetland
osm-way-52171644,12.27171,104.70747,A7,0.6,natural=wetland
osm-way-1128235109,12.27470,104.74936,A7,0.6,natural=wetland
osm-way-1128235106,12.28753,104.75072,A7,0.6,natural=wetland
osm-way-52171643,12.25816,104.76377,A7,0.6,natural=wetland
osm-way-664110520,12.29612,104.66950,A7,0.6,natural=wetland
osm-way-664110523,12.29721,104.66708,A7,0.6,natural=wetland
osm-way-1054136989,36.12656,128.28912,A7,0.6,natural=wetland
osm-way-372971613,36.54240,128.55607,A3,0.9,natural=beach
osm-way-546233768,36.56705,128.73182,A2,0.5,historic=archaeological_site
osm-way-788712984,36.56528,128.74488,A2,0.5,historic=archaeological_site
osm-way-1534568981,36.56627,128.74649,A2,0.5,historic=archaeological_site
osm-way-792758172,36.54365,128.79736,A2,0.5,historic=archaeological_site
osm-node-6251169781,-29.60250,28.52080,A4,0.9,natural=peak
osm-node-4430483965,-29.56288,28.50742,A4,0.9,natural=peak
osm-node-10873968223,-29.54568,28.51245,A4,0.9,natural=peak
osm-node-3170161129,-29.53210,28.50295,A4,0.9,natural=peak
osm-node-3170165182,-29.52829,28.50327,A4,0.9,natural=peak
osm-node-3170162168,-29.52230,28.51321,A4,0.9,natural=peak
osm-node-10868930409,-29.48262,28.48789,A4,0.9,natural=peak
osm-node-11673032328,-29.43341,28.51140,A4,0.9,natural=peak
osm-node-6955090605,-29.61883,28.53327,A4,0.9,natural=peak
osm-node-10879450390,-29.61512,28.59939,A4,0.9,natural=peak
osm-node-10879450374,-29.61072,28.61852,A4,0.9,natural=peak
osm-node-10873968591,-29.59168,28.53935,A4,0.9,natural=peak
osm-node-10873968507,-29.56863,28.53918,A4,0.9,natural=peak
osm-node-10873968506,-29.55938,28.55113,A4,0.9,natural=peak
osm-node-10873968221,-29.58659,28.58173,A4,0.9,natural=peak
osm-node-11850790499,-29.57404,28.59926,A4,0.9,natural=peak
osm-node-11850790498,-29.57790,28.61162,A4,0.9,natural=peak
osm-node-10879450323,-29.62111,28.64180,A4,0.9,natural=peak
osm-node-10879450325,-29.61318,28.62766,A4,0.9,natural=peak
osm-node-11850790493,-29.55629,28.63187,A4,0.9,natural=peak
osm-node-11859815135,-29.55425,28.66243,A4,0.9,natural=peak
osm-node-4479103803,-29.59546,28.69173,A4,0.9,natural=peak
osm-node-4244324501,-29.58099,28.72653,A4,0.9,natural=peak
osm-node-11859815137,-29.56972,28.69425,A4,0.9,natural=peak
osm-node-3121358805,-29.55691,28.70222,A7,0.7,waterway=waterfall
osm-node-11859815187,-29.57364,28.71047,A4,0.9,natural=peak
osm-node-4244332702,-29.56850,28.74592,A4,0.9,natural=peak
osm-node-11422628184,-29.51612,28.55161,A4,0.9,natural=peak
osm-node-11850790595,-29.54291,28.59097,A4,0.9,natural=peak
osm-node-11850790643,-29.53021,28.58004,A4,0.9,natural=peak
osm-node-11850790646,-29.53605,28.60560,A4,0.9,natural=peak
osm-node-11850790677,-29.52855,28.60785,A4,0.9,natural=peak
osm-node-11850764657,-29.52974,28.61449,A4,0.9,natural=peak
osm-node-4870313831,-29.52438,28.59476,A4,0.9,natural=peak
osm-node-11422628179,-29.50203,28.58593,A4,0.9,natural=peak
osm-node-11848218761,-29.50843,28.62443,A4,0.9,natural=peak
osm-node-11422697056,-29.47043,28.54543,A4,0.9,natural=peak
osm-node-11422700987,-29.44886,28.55231,A4,0.9,natural=peak
osm-node-11848219723,-29.48453,28.59223,A4,0.9,natural=peak
osm-node-11422701114,-29.47459,28.58516,A4,0.9,natural=peak
osm-node-11850790367,-29.52847,28.66093,A4,0.9,natural=peak
osm-node-11850790346,-29.51813,28.65040,A4,0.9,natural=peak
osm-node-11848219406,-29.50431,28.64624,A4,0.9,natural=peak
osm-node-11420440921,-29.50345,28.69298,A4,0.9,natural=peak
osm-node-11420457063,-29.46525,28.67174,A4,0.9,natural=peak
osm-node-11420456640,-29.47835,28.69024,A4,0.9,natural=peak
osm-node-11422697057,-29.44167,28.52300,A4,0.9,natural=peak
osm-node-11844958797,-29.42275,28.52288,A4,0.9,natural=peak
osm-node-11844963509,-29.42699,28.55564,A4,0.9,natural=peak
osm-node-11844963510,-29.42847,28.58481,A4,0.9,natural=peak
osm-node-11844963560,-29.43940,28.60766,A4,0.9,natural=peak
osm-node-11844958795,-29.39192,28.58568,A4,0.9,natural=peak
osm-node-11847879051,-29.38905,28.60921,A4,0.9,natural=peak
osm-node-10862702012,-29.42589,28.64561,A4,0.9,natural=peak
osm-node-4861661875,-29.41387,28.65446,A4,0.9,natural=peak
osm-node-10995253157,-29.53487,28.74901,A4,0.9,natural=peak
osm-node-11016615321,-29.47186,28.73647,A4,0.9,natural=peak
osm-node-889927903,-19.01213,47.70589,A7,0.7,waterway=waterfall
osm-node-12850774693,-19.00150,47.70741,A4,0.9,natural=peak
osm-node-889926492,-19.02180,47.74006,A7,0.7,waterway=waterfall
osm-node-1055579556,-19.00541,47.73026,A4,0.9,natural=peak
osm-node-1055579554,-18.95987,47.66507,A4,0.9,natural=peak
osm-node-1055579550,-18.94761,47.68858,A4,0.9,natural=peak
osm-node-1055579546,-18.93170,47.67176,A4,0.9,natural=peak
osm-node-9597469242,-18.92813,47.68952,A7,0.7,waterway=waterfall
osm-node-12850643242,-18.87723,47.69385,A4,0.9,natural=peak
osm-node-12109869329,-18.94681,47.74849,A4,0.9,natural=peak
osm-node-1055579555,-18.92756,47.73785,A4,0.9,natural=peak
osm-node-12109877583,-18.92687,47.75143,A4,0.9,natural=peak
osm-node-9373038401,-18.90216,47.81078,A4,0.9,natural=peak
osm-node-9373038360,-18.89191,47.80818,A4,0.9,natural=peak
osm-node-9373038363,-18.88974,47.81175,A4,0.9,natural=peak
osm-node-9373038298,-18.89333,47.82537,A4,0.9,natural=peak
osm-node-9373038400,-18.88077,47.82136,A4,0.9,natural=peak
osm-node-9373038385,-18.87729,47.81675,A4,0.9,natural=peak
osm-node-9372238850,-18.89190,47.90440,A4,0.9,natural=peak
osm-node-9372238846,-18.88843,47.90171,A4,0.9,natural=peak
osm-node-9372243301,-18.89993,47.93670,A4,0.9,natural=peak
osm-node-9372243300,-18.89609,47.93528,A4,0.9,natural=peak
osm-node-9372243297,-18.88988,47.93615,A4,0.9,natural=peak
osm-node-13720142751,-18.82522,47.76046,A4,0.9,natural=peak
osm-node-9152456757,47.37521,28.88871,A4,0.9,natural=peak
osm-node-394553269,47.30571,28.97487,A2,0.5,historic=archaeological_site
osm-node-11972292229,20.01049,95.54779,A2,0.5,historic=archaeological_site
osm-node-11972292228,20.01274,95.55398,A2,0.5,historic=archaeological_site
osm-way-363648031,-29.62048,28.52115,A4,0.5,natural=cliff
osm-way-363647902,-29.62107,28.51809,A4,0.5,natural=cliff
osm-way-363647933,-29.61308,28.51826,A4,0.5,natural=cliff
osm-way-363647979,-29.61736,28.51968,A4,0.5,natural=cliff
osm-way-363648022,-29.61452,28.52076,A4,0.5,natural=cliff
osm-way-444915441,-29.60985,28.50965,A7,0.6,natural=wetland
osm-way-363647906,-29.60289,28.52083,A4,0.5,natural=cliff
osm-way-363647924,-29.60450,28.52037,A4,0.5,natural=cliff
osm-way-363647960,-29.60351,28.52075,A4,0.5,natural=cliff
osm-way-363648105,-29.60477,28.51985,A4,0.5,natural=cliff
osm-way-321152233,-29.57429,28.50530,A4,0.5,natural=cliff
osm-way-321152232,-29.57515,28.50898,A4,0.5,natural=cliff
osm-way-1276490234,-29.56306,28.51713,A4,0.5,natural=cliff
osm-way-1276490235,-29.56295,28.51616,A4,0.5,natural=cliff
osm-way-321170432,-29.55614,28.52165,A4,0.5,natural=cliff
osm-way-321156826,-29.55730,28.51742,A4,0.5,natural=cliff
osm-way-492362676,-29.52201,28.44869,A4,0.5,natural=cliff
osm-way-454441970,-29.52037,28.45847,A4,0.5,natural=cliff
osm-way-454441971,-29.52053,28.45828,A4,0.5,natural=cliff
osm-way-454441972,-29.52015,28.45927,A4,0.5,natural=cliff
osm-way-321154933,-29.54865,28.47795,A4,0.5,natural=cliff
osm-way-321154931,-29.55147,28.48194,A4,0.5,natural=cliff
osm-way-321156440,-29.53942,28.51998,A4,0.7,natural=ridge
osm-way-308767970,-29.51577,28.48563,A7,0.6,natural=wetland
osm-way-1231648373,-29.52221,28.52164,A7,0.6,natural=wetland
osm-way-308766750,-29.50161,28.51527,A7,0.6,natural=wetland
osm-way-1231648376,-29.50547,28.51071,A7,0.6,natural=wetland
osm-way-338636755,-29.50375,28.51533,A7,0.6,natural=wetland
osm-way-1362265710,-29.47960,28.46910,A7,0.6,natural=wetland
osm-way-1362265711,-29.48382,28.47802,A7,0.6,natural=wetland
osm-way-405681594,-29.49801,28.50101,A7,0.6,natural=wetland
osm-way-302343495,-29.48831,28.52385,A4,0.5,natural=cliff
osm-way-396383733,-29.48912,28.51536,A4,0.5,natural=cliff
osm-way-396383742,-29.48770,28.51022,A4,0.5,natural=cliff
osm-way-396383741,-29.49060,28.51192,A4,0.5,natural=cliff
osm-way-396383787,-29.48998,28.51241,A4,0.5,natural=cliff
osm-way-396383826,-29.49037,28.51163,A4,0.5,natural=cliff
osm-way-396383809,-29.48925,28.51875,A4,0.5,natural=cliff
osm-way-396383824,-29.48971,28.51940,A4,0.5,natural=cliff
osm-way-396383737,-29.47537,28.51419,A4,0.5,natural=cliff
osm-way-396383755,-29.47029,28.50711,A4,0.5,natural=cliff
osm-way-396383801,-29.47066,28.50564,A4,0.5,natural=cliff
osm-way-396383828,-29.47037,28.50655,A4,0.5,natural=cliff
osm-way-396383762,-29.47023,28.50910,A4,0.5,natural=cliff
osm-way-447007899,-29.46312,28.50984,A4,0.5,natural=cliff
osm-way-447007900,-29.46336,28.51043,A4,0.5,natural=cliff
osm-way-447007901,-29.46351,28.51153,A4,0.5,natural=cliff
osm-way-447007902,-29.46334,28.51189,A4,0.5,natural=cliff
osm-way-447007903,-29.46337,28.51185,A4,0.5,natural=cliff
osm-way-302347501,-29.46134,28.52159,A4,0.5,natural=cliff
osm-way-1255692255,-29.44628,28.51815,A7,0.6,natural=wetland
osm-way-1255692253,-29.43517,28.51063,A4,0.5,natural=cliff
osm-way-1255692248,-29.42972,28.50365,A4,0.5,natural=cliff
osm-way-1255692251,-29.43199,28.50609,A4,0.5,natural=cliff
osm-way-1255692252,-29.43179,28.50666,A4,0.5,natural=cliff
osm-way-1255692249,-29.42908,28.50340,A4,0.7,natural=ridge
osm-way-1255692250,-29.42765,28.50178,A4,0.5,natural=cliff
osm-way-1255692254,-29.43295,28.50877,A4,0.5,natural=cliff
osm-way-363648064,-29.63547,28.53139,A4,0.5,natural=cliff
osm-way-363647971,-29.64555,28.57363,A4,0.5,natural=cliff
osm-way-363648085,-29.63459,28.56121,A4,0.5,natural=cliff
osm-way-363648091,-29.63704,28.56309,A4,0.5,natural=cliff
osm-way-363648010,-29.64247,28.57415,A4,0.5,natural=cliff
osm-way-363648107,-29.64125,28.56865,A4,0.5,natural=cliff
osm-way-363647959,-29.63710,28.56424,A4,0.5,natural=cliff
osm-way-363647968,-29.61858,28.53264,A4,0.5,natural=cliff
osm-way-363647972,-29.62512,28.52189,A4,0.5,natural=cliff
osm-way-363648046,-29.62339,28.52672,A4,0.5,natural=cliff
osm-way-363647935,-29.62011,28.53369,A4,0.5,natural=cliff
osm-way-363648033,-29.62468,28.53060,A4,0.5,natural=cliff
osm-way-363648048,-29.62324,28.52865,A4,0.5,natural=cliff
osm-way-363648049,-29.62422,28.53027,A4,0.5,natural=cliff
osm-way-363647934,-29.62155,28.53470,A4,0.5,natural=cliff
osm-way-363647956,-29.62244,28.53575,A4,0.5,natural=cliff
osm-way-363647942,-29.64394,28.57682,A4,0.5,natural=cliff
osm-way-492394385,-29.61326,28.58203,A4,0.5,natural=cliff
osm-way-1170379135,-29.61047,28.60189,A4,0.7,natural=ridge
osm-way-444918166,-29.58823,28.52810,A7,0.6,natural=wetland
osm-way-1169398134,-29.59165,28.53919,A4,0.5,natural=cliff
osm-way-492393057,-29.58938,28.57399,A7,0.6,natural=wetland
osm-way-492393058,-29.58301,28.56715,A4,0.5,natural=cliff
osm-way-474511495,-29.55308,28.52611,A4,0.5,natural=cliff
osm-way-321164965,-29.55646,28.54842,A4,0.5,natural=cliff
osm-way-496772798,-29.55428,28.54494,A4,0.7,natural=ridge
osm-way-1276490164,-29.55837,28.55402,A4,0.5,natural=cliff
osm-way-492393051,-29.59788,28.57652,A4,0.5,natural=cliff
osm-way-492393052,-29.59795,28.57688,A4,0.5,natural=cliff
osm-way-492393054,-29.59500,28.57954,A4,0.5,natural=cliff
osm-way-492393055,-29.59496,28.57854,A4,0.5,natural=cliff
osm-way-492393046,-29.59777,28.59181,A4,0.5,natural=cliff
osm-way-492393047,-29.59801,28.58881,A4,0.5,natural=cliff
osm-way-492393048,-29.59852,28.59003,A4,0.5,natural=cliff
osm-way-492393074,-29.58996,28.59407,A4,0.5,natural=cliff
osm-way-492393075,-29.58980,28.59353,A4,0.5,natural=cliff
osm-way-492393077,-29.59140,28.59335,A4,0.5,natural=cliff
osm-way-1276490150,-29.57915,28.61562,A4,0.5,natural=cliff
osm-way-494379298,-29.57666,28.62154,A4,0.5,natural=cliff
osm-way-394433456,-29.64574,28.65228,A4,0.5,natural=cliff
osm-way-394433383,-29.64548,28.65430,A4,0.5,natural=cliff
osm-way-394433466,-29.64700,28.65290,A4,0.5,natural=cliff
osm-way-394433472,-29.64222,28.65690,A4,0.5,natural=cliff
osm-way-1170379134,-29.61303,28.62769,A4,0.5,natural=cliff
osm-way-1277827123,-29.60691,28.67676,A4,0.5,natural=cliff
osm-way-1277827125,-29.60661,28.67240,A4,0.5,natural=cliff
osm-way-1277827124,-29.60653,28.67389,A4,0.5,natural=cliff
osm-way-451053065,-29.60539,28.68674,A4,0.5,natural=cliff
osm-way-1277827120,-29.60827,28.68161,A4,0.5,natural=cliff
osm-way-1277827121,-29.60802,28.68019,A4,0.5,natural=cliff
osm-way-1277827122,-29.60779,28.68114,A4,0.5,natural=cliff
osm-way-441600229,-29.61693,28.70948,A4,0.5,natural=cliff
osm-way-1277634393,-29.60604,28.71684,A4,0.5,natural=cliff
osm-way-403750976,-29.60444,28.66724,A4,0.5,natural=cliff
osm-way-403750981,-29.60461,28.66783,A4,0.5,natural=cliff
osm-way-1277542712,-29.58771,28.65428,A7,0.6,natural=wetland
osm-way-403751141,-29.58107,28.66881,A4,0.5,natural=cliff
osm-way-451829383,-29.57339,28.65375,A7,0.6,natural=wetland
osm-way-403750987,-29.57187,28.66674,A4,0.5,natural=cliff
osm-way-403750991,-29.57281,28.66337,A4,0.5,natural=cliff
osm-way-403751001,-29.56696,28.66390,A4,0.5,natural=cliff
osm-way-403751094,-29.56827,28.66527,A4,0.5,natural=cliff
osm-way-403750970,-29.57795,28.67072,A4,0.5,natural=cliff
osm-way-403750997,-29.57912,28.66839,A4,0.5,natural=cliff
osm-way-403751138,-29.57486,28.66771,A4,0.5,natural=cliff
osm-way-403750924,-29.57834,28.67740,A4,0.5,natural=cliff
osm-way-403750983,-29.57436,28.67390,A4,0.5,natural=cliff
osm-way-403750932,-29.57822,28.67143,A4,0.5,natural=cliff
osm-way-403750978,-29.56764,28.67992,A4,0.5,natural=cliff
osm-way-403751086,-29.56685,28.66857,A4,0.5,natural=cliff
osm-way-403751100,-29.57155,28.66894,A4,0.5,natural=cliff
osm-way-403751135,-29.56899,28.66981,A4,0.5,natural=cliff
osm-way-403751148,-29.57163,28.66932,A4,0.5,natural=cliff
osm-way-403751154,-29.57247,28.67338,A4,0.5,natural=cliff
osm-way-403751037,-29.56288,28.66255,A4,0.5,natural=cliff
osm-way-403751089,-29.56217,28.66253,A4,0.5,natural=cliff
osm-way-403751118,-29.56402,28.66286,A4,0.5,natural=cliff
osm-way-403751153,-29.55804,28.66503,A4,0.5,natural=cliff
osm-way-1277542717,-29.55297,28.66222,A4,0.7,natural=ridge
osm-way-1277542718,-29.55824,28.66275,A4,0.7,natural=ridge
osm-way-403751117,-29.55855,28.66487,A4,0.5,natural=cliff
osm-way-1277542714,-29.55417,28.66238,A4,0.5,natural=cliff
osm-way-1277542719,-29.55490,28.66245,A4,0.7,natural=ridge
osm-way-403750982,-29.56439,28.67353,A4,0.5,natural=cliff
osm-way-403750998,-29.56068,28.67492,A4,0.5,natural=cliff
osm-way-403751124,-29.56382,28.67772,A4,0.5,natural=cliff
osm-way-403750977,-29.56031,28.67600,A4,0.5,natural=cliff
osm-way-403751121,-29.55791,28.66562,A4,0.5,natural=cliff
osm-way-403751147,-29.60284,28.68415,A4,0.5,natural=cliff
osm-way-403751145,-29.60015,28.68841,A4,0.5,natural=cliff
osm-way-403750993,-29.60068,28.69013,A4,0.5,natural=cliff
osm-way-403751152,-29.59645,28.68077,A4,0.5,natural=cliff
osm-way-400883079,-29.59258,28.70613,A4,0.5,natural=cliff
osm-way-451831474,-29.59482,28.69369,A4,0.5,natural=cliff
osm-way-451831475,-29.59478,28.69427,A4,0.5,natural=cliff
osm-way-400883137,-29.59443,28.70313,A4,0.5,natural=cliff
osm-way-403751106,-29.58682,28.68089,A4,0.5,natural=cliff
osm-way-403751127,-29.58769,28.68492,A4,0.5,natural=cliff
osm-way-403751129,-29.58486,28.69109,A4,0.5,natural=cliff
osm-way-403751149,-29.58526,28.68907,A4,0.5,natural=cliff
osm-way-400883155,-29.58954,28.71001,A4,0.5,natural=cliff
osm-way-400883109,-29.58863,28.71349,A4,0.5,natural=cliff
osm-way-400883170,-29.58898,28.71228,A4,0.5,natural=cliff
osm-way-400883140,-29.58934,28.71804,A4,0.5,natural=cliff
osm-way-400883154,-29.58797,28.71229,A4,0.5,natural=cliff
osm-way-403751002,-29.57995,28.71679,A4,0.5,natural=cliff
osm-way-400883138,-29.58941,28.71918,A4,0.5,natural=cliff
osm-way-400883144,-29.58949,28.72207,A4,0.5,natural=cliff
osm-way-400883147,-29.58943,28.72143,A4,0.5,natural=cliff
osm-way-400883160,-29.58912,28.71987,A4,0.5,natural=cliff
osm-way-400883066,-29.58130,28.72574,A4,0.5,natural=cliff
osm-way-400883077,-29.58055,28.72656,A4,0.5,natural=cliff
osm-way-403750986,-29.57671,28.68134,A4,0.5,natural=cliff
osm-way-428253746,-29.57202,28.69329,A4,0.5,natural=cliff
osm-way-454412677,-29.56608,28.68258,A4,0.5,natural=cliff
osm-way-403750999,-29.56729,28.68025,A4,0.5,natural=cliff
osm-way-403751003,-29.57400,28.70415,A4,0.5,natural=cliff
osm-way-403751011,-29.57620,28.70422,A4,0.5,natural=cliff
osm-way-403750990,-29.57465,28.70472,A4,0.5,natural=cliff
osm-way-403750992,-29.57234,28.70524,A4,0.5,natural=cliff
osm-way-1277634402,-29.56749,28.70437,A4,0.5,natural=cliff
osm-way-1277634403,-29.56788,28.70205,A4,0.5,natural=cliff
osm-way-1277634410,-29.56136,28.68713,A4,0.7,natural=ridge
osm-way-1277634411,-29.56281,28.68532,A4,0.7,natural=ridge
osm-way-403750985,-29.55592,28.68862,A4,0.5,natural=cliff
osm-way-403751155,-29.55823,28.68933,A4,0.5,natural=cliff
osm-way-1277634408,-29.55634,28.69797,A4,0.5,natural=cliff
osm-way-1277634409,-29.55645,28.69826,A4,0.7,natural=ridge
osm-way-1277634412,-29.55871,28.70427,A4,0.5,natural=cliff
osm-way-1277634413,-29.55634,28.70544,A4,0.5,natural=cliff
osm-way-1277634414,-29.55749,28.70332,A4,0.5,natural=cliff
osm-way-454412166,-29.55781,28.69469,A4,0.5,natural=cliff
osm-way-403751098,-29.57486,28.70791,A4,0.5,natural=cliff
osm-way-403751108,-29.57837,28.71377,A4,0.5,natural=cliff
osm-way-1277542720,-29.57341,28.71360,A4,0.5,natural=cliff
osm-way-1277542721,-29.57367,28.71064,A4,0.5,natural=cliff
osm-way-1277634401,-29.56675,28.70690,A4,0.5,natural=cliff
osm-way-400883070,-29.58307,28.74325,A4,0.5,natural=cliff
osm-way-400883148,-29.58114,28.74195,A4,0.5,natural=cliff
osm-way-400883084,-29.57870,28.73241,A4,0.5,natural=cliff
osm-way-400883173,-29.57880,28.73350,A4,0.5,natural=cliff
osm-way-400883072,-29.57505,28.74036,A4,0.5,natural=cliff
osm-way-400883113,-29.57873,28.74055,A4,0.5,natural=cliff
osm-way-400883073,-29.57553,28.73709,A4,0.5,natural=cliff
osm-way-400883091,-29.57821,28.73793,A4,0.5,natural=cliff
osm-way-400883166,-29.57638,28.73815,A4,0.5,natural=cliff
osm-way-400883116,-29.57480,28.74564,A4,0.5,natural=cliff
osm-way-396322225,-29.57055,28.75036,A4,0.5,natural=cliff
osm-way-396322259,-29.56737,28.75057,A4,0.5,natural=cliff
osm-way-400883092,-29.57583,28.74898,A4,0.5,natural=cliff
osm-way-396322253,-29.57081,28.74756,A4,0.5,natural=cliff
osm-way-396322254,-29.56976,28.74964,A4,0.5,natural=cliff
osm-way-396322264,-29.56854,28.74592,A4,0.5,natural=cliff
osm-way-396322270,-29.57017,28.74797,A4,0.5,natural=cliff
osm-way-400883152,-29.56873,28.75021,A4,0.5,natural=cliff
osm-way-396322142,-29.56938,28.75249,A4,0.5,natural=cliff
osm-way-396322174,-29.56263,28.74335,A4,0.5,natural=cliff
osm-way-1282126817,-29.55243,28.52539,A4,0.5,natural=cliff
osm-way-496772797,-29.54931,28.54499,A4,0.7,natural=ridge
osm-way-1282126814,-29.53737,28.52590,A4,0.7,natural=ridge
osm-way-1282126815,-29.53868,28.52399,A4,0.5,natural=cliff
osm-way-1282126816,-29.53892,28.52408,A4,0.5,natural=cliff
osm-way-494785203,-29.53438,28.53086,A4,0.5,natural=cliff
osm-way-1276209621,-29.51569,28.53013,A7,0.6,natural=wetland
osm-way-1276209622,-29.51531,28.53139,A7,0.6,natural=wetland
osm-way-494785199,-29.51666,28.53741,A7,0.6,natural=wetland
osm-way-495506078,-29.51146,28.52536,A7,0.6,natural=wetland
osm-way-301720319,-29.51887,28.55467,A4,0.5,natural=cliff
osm-way-301720321,-29.51793,28.56064,A4,0.5,natural=cliff
osm-way-301720320,-29.51822,28.55769,A4,0.5,natural=cliff
osm-way-301720323,-29.51838,28.56740,A4,0.5,natural=cliff
osm-way-301720322,-29.51828,28.56382,A4,0.5,natural=cliff
osm-way-1276490162,-29.54515,28.59141,A4,0.5,natural=cliff
osm-way-1276490163,-29.54306,28.59097,A4,0.5,natural=cliff
osm-way-1276490161,-29.54420,28.59447,A4,0.5,natural=cliff
osm-way-417928918,-29.54854,28.62435,A4,0.5,natural=cliff
osm-way-417928693,-29.54042,28.62032,A4,0.5,natural=cliff
osm-way-417928652,-29.54415,28.62551,A4,0.5,natural=cliff
osm-way-417928704,-29.53843,28.62956,A4,0.5,natural=cliff
osm-way-1276490211,-29.50813,28.59003,A4,0.5,natural=cliff
osm-way-376904766,-29.50568,28.59723,A4,0.5,natural=cliff
osm-way-1276490210,-29.50830,28.59611,A4,0.5,natural=cliff
osm-way-483208692,-29.52184,28.60396,A7,0.6,natural=wetland
osm-way-601651348,-29.52087,28.61125,A7,0.6,natural=wetland
osm-way-1460252779,-29.52541,28.62208,A4,0.5,natural=cliff
osm-way-1460252780,-29.52474,28.62455,A4,0.5,natural=cliff
osm-way-430456479,-29.52296,28.62585,A4,0.5,natural=cliff
osm-way-444857575,-29.52037,28.61401,A7,0.6,natural=wetland
osm-way-602457848,-29.52020,28.62155,A7,0.6,natural=wetland
osm-way-1460252777,-29.51481,28.62556,A4,0.5,natural=cliff
osm-way-1276209691,-29.50055,28.60466,A4,0.5,natural=cliff
osm-way-1276209626,-29.50540,28.60107,A4,0.5,natural=cliff
osm-way-1276209627,-29.50641,28.60103,A4,0.5,natural=cliff
osm-way-1276209692,-29.50264,28.60418,A4,0.5,natural=cliff
osm-way-305884687,-29.50874,28.62333,A4,0.5,natural=cliff
osm-way-305884685,-29.50827,28.62565,A4,0.5,natural=cliff
osm-way-396383834,-29.48792,28.52700,A4,0.5,natural=cliff
osm-way-495508513,-29.49778,28.53706,A4,0.5,natural=cliff
osm-way-396383777,-29.48738,28.52695,A4,0.5,natural=cliff
osm-way-396383807,-29.48691,28.52648,A4,0.5,natural=cliff
osm-way-396383731,-29.48602,28.53085,A4,0.5,natural=cliff
osm-way-396383746,-29.48564,28.53313,A4,0.5,natural=cliff
osm-way-396383670,-29.48765,28.52719,A4,0.5,natural=cliff
osm-way-396383760,-29.48586,28.53443,A4,0.5,natural=cliff
osm-way-396383813,-29.48629,28.52853,A4,0.5,natural=cliff
osm-way-396383785,-29.47884,28.52929,A4,0.5,natural=cliff
osm-way-396383804,-29.47872,28.52941,A4,0.5,natural=cliff
osm-way-396383815,-29.47948,28.52946,A4,0.5,natural=cliff
osm-way-396383794,-29.48496,28.53748,A4,0.5,natural=cliff
osm-way-302348596,-29.46157,28.52414,A4,0.5,natural=cliff
osm-way-396383756,-29.47161,28.53461,A4,0.5,natural=cliff
osm-way-302347503,-29.47080,28.54463,A4,0.5,natural=cliff
osm-way-396383836,-29.46513,28.53755,A4,0.5,natural=cliff
osm-way-306173720,-29.44934,28.52634,A4,0.5,natural=cliff
osm-way-306173722,-29.44939,28.54923,A4,0.5,natural=cliff
osm-way-306173721,-29.45086,28.53673,A4,0.5,natural=cliff
osm-way-382278049,-29.47429,28.56747,A4,0.5,natural=cliff
osm-way-1276209610,-29.48733,28.58697,A4,0.5,natural=cliff
osm-way-1276209673,-29.48817,28.59549,A4,0.5,natural=cliff
osm-way-1276209684,-29.48300,28.58404,A4,0.5,natural=cliff
osm-way-376581829,-29.47566,28.58313,A4,0.5,natural=cliff
osm-way-382278050,-29.47486,28.57913,A4,0.5,natural=cliff
osm-way-1276209612,-29.48499,28.58863,A4,0.5,natural=cliff
osm-way-1276209683,-29.48337,28.58687,A4,0.5,natural=cliff
osm-way-1276209611,-29.48455,28.59219,A4,0.5,natural=cliff
osm-way-1276209682,-29.48345,28.58882,A4,0.5,natural=cliff
osm-way-1276209679,-29.48428,28.59799,A4,0.5,natural=cliff
osm-way-1276209680,-29.48326,28.59550,A4,0.5,natural=cliff
osm-way-1276209681,-29.48342,28.59182,A4,0.5,natural=cliff
osm-way-304730419,-29.49772,28.60937,A4,0.5,natural=cliff
osm-way-305544554,-29.49792,28.61106,A4,0.5,natural=cliff
osm-way-382760254,-29.49175,28.61249,A4,0.5,natural=cliff
osm-way-382760460,-29.49976,28.60587,A4,0.5,natural=cliff
osm-way-1276209689,-29.49420,28.61102,A4,0.5,natural=cliff
osm-way-1276209690,-29.49882,28.60748,A4,0.5,natural=cliff
osm-way-382760251,-29.49019,28.61432,A4,0.5,natural=cliff
osm-way-448738095,-29.48943,28.61399,A4,0.5,natural=cliff
osm-way-1276209675,-29.48215,28.60531,A4,0.5,natural=cliff
osm-way-1276209676,-29.48175,28.60481,A4,0.5,natural=cliff
osm-way-1276209677,-29.48191,28.60367,A4,0.5,natural=cliff
osm-way-1276209678,-29.48227,28.60109,A4,0.5,natural=cliff
osm-way-1276209674,-29.48181,28.60723,A4,0.5,natural=cliff
osm-way-1276209672,-29.48060,28.61376,A4,0.5,natural=cliff
osm-way-382758851,-29.47979,28.61079,A4,0.5,natural=cliff
osm-way-302450746,-29.48086,28.61750,A4,0.5,natural=cliff
osm-way-1276209671,-29.48158,28.61857,A4,0.5,natural=cliff
osm-way-376581828,-29.47320,28.57694,A4,0.5,natural=cliff
osm-way-1231656647,-29.45024,28.58151,A4,0.5,natural=cliff
osm-way-1231656648,-29.45007,28.57939,A4,0.5,natural=cliff
osm-way-1231656649,-29.44984,28.57812,A4,0.5,natural=cliff
osm-way-1231656650,-29.44954,28.57683,A4,0.5,natural=cliff
osm-way-1231656651,-29.44950,28.57575,A4,0.5,natural=cliff
osm-way-399903398,-29.45293,28.59315,A4,0.7,natural=ridge
osm-way-1276171654,-29.45870,28.60155,A4,0.5,natural=cliff
osm-way-399903395,-29.45222,28.58834,A4,0.5,natural=cliff
osm-way-1276209688,-29.47087,28.61091,A4,0.5,natural=cliff
osm-way-1276171653,-29.45908,28.60415,A4,0.5,natural=cliff
osm-way-1276171651,-29.46078,28.61198,A4,0.5,natural=cliff
osm-way-1276171652,-29.46052,28.60722,A4,0.5,natural=cliff
osm-way-1276171655,-29.45145,28.61430,A4,0.5,natural=cliff
osm-way-1276171650,-29.46142,28.61510,A4,0.5,natural=cliff
osm-way-404618749,-29.44920,28.61723,A4,0.5,natural=cliff
osm-way-1276171656,-29.45326,28.61831,A4,0.5,natural=cliff
osm-way-1276171658,-29.44888,28.62670,A4,0.5,natural=cliff
osm-way-404618873,-29.45202,28.62322,A4,0.5,natural=cliff
osm-way-1276171657,-29.45352,28.62076,A4,0.5,natural=cliff
osm-way-417928705,-29.53979,28.63386,A4,0.5,natural=cliff
osm-way-417928907,-29.54628,28.64029,A4,0.5,natural=cliff
osm-way-417928611,-29.54295,28.63803,A4,0.5,natural=cliff
osm-way-417928698,-29.54339,28.63500,A4,0.5,natural=cliff
osm-way-417928848,-29.54410,28.63371,A4,0.5,natural=cliff
osm-way-417928694,-29.54235,28.64557,A4,0.5,natural=cliff
osm-way-417928798,-29.54659,28.64255,A4,0.5,natural=cliff
osm-way-417928853,-29.54639,28.64234,A4,0.5,natural=cliff
osm-way-417928914,-29.54185,28.64423,A4,0.5,natural=cliff
osm-way-417928912,-29.53973,28.63215,A4,0.5,natural=cliff
osm-way-417928616,-29.53691,28.63838,A4,0.5,natural=cliff
osm-way-417928898,-29.53836,28.63715,A4,0.5,natural=cliff
osm-way-417928613,-29.53905,28.63255,A4,0.5,natural=cliff
osm-way-417928916,-29.53885,28.64397,A4,0.5,natural=cliff
osm-way-417928621,-29.53892,28.64821,A4,0.5,natural=cliff
osm-way-417928699,-29.53664,28.64905,A4,0.5,natural=cliff
osm-way-417928778,-29.54764,28.65892,A4,0.5,natural=cliff
osm-way-417928700,-29.54205,28.67882,A4,0.5,natural=cliff
osm-way-417928873,-29.54093,28.67836,A4,0.5,natural=cliff
osm-way-454411411,-29.53823,28.68089,A4,0.5,natural=cliff
osm-way-1276490146,-29.52952,28.65861,A4,0.5,natural=cliff
osm-way-1276490137,-29.52967,28.65617,A4,0.7,natural=ridge
osm-way-417928878,-29.52864,28.66251,A4,0.5,natural=cliff
osm-way-417928895,-29.52923,28.66175,A4,0.5,natural=cliff
osm-way-1276490145,-29.52926,28.65962,A4,0.5,natural=cliff
osm-way-417928902,-29.53247,28.66620,A4,0.5,natural=cliff
osm-way-430456480,-29.52098,28.62645,A4,0.5,natural=cliff
osm-way-1460252778,-29.51527,28.62789,A4,0.5,natural=cliff
osm-way-305886367,-29.51964,28.65038,A4,0.5,natural=cliff
osm-way-305886461,-29.52446,28.64766,A4,0.5,natural=cliff
osm-way-1276490140,-29.51661,28.65104,A4,0.5,natural=cliff
osm-way-1276490143,-29.51896,28.64464,A4,0.7,natural=ridge
osm-way-1276490144,-29.51821,28.65057,A4,0.5,natural=cliff
osm-way-1276490142,-29.51787,28.65105,A4,0.7,natural=ridge
osm-way-1276209574,-29.51249,28.63086,A4,0.5,natural=cliff
osm-way-304719761,-29.50499,28.63880,A4,0.5,natural=cliff
osm-way-305883149,-29.51329,28.63996,A4,0.5,natural=cliff
osm-way-305882853,-29.51179,28.64329,A4,0.5,natural=cliff
osm-way-305882904,-29.50774,28.65224,A4,0.5,natural=cliff
osm-way-1276209576,-29.50504,28.64548,A4,0.5,natural=cliff
osm-way-1276209575,-29.50336,28.65003,A4,0.5,natural=cliff
osm-way-417928908,-29.52616,28.66405,A4,0.5,natural=cliff
osm-way-1276490138,-29.51332,28.65741,A4,0.5,natural=cliff
osm-way-1276490135,-29.50111,28.66567,A4,0.5,natural=cliff
osm-way-1276490136,-29.50667,28.66209,A4,0.5,natural=cliff
osm-way-1276490139,-29.51195,28.65843,A4,0.5,natural=cliff
osm-way-1276490133,-29.51351,28.66861,A4,0.5,natural=cliff
osm-way-403750984,-29.54873,28.68388,A4,0.5,natural=cliff
osm-way-403751144,-29.54067,28.69242,A4,0.5,natural=cliff
osm-way-417928696,-29.54467,28.68986,A4,0.5,natural=cliff
osm-way-308023718,-29.51920,28.74013,A4,0.7,natural=ridge
osm-way-454409626,-29.54301,28.68935,A4,0.5,natural=cliff
osm-way-454409662,-29.54360,28.69014,A4,0.5,natural=cliff
osm-way-454409679,-29.54416,28.69091,A4,0.5,natural=cliff
osm-way-403751078,-29.54289,28.69872,A4,0.5,natural=cliff
osm-way-403751128,-29.54495,28.70008,A4,0.5,natural=cliff
osm-way-419586987,-29.54144,28.72731,A4,0.5,natural=cliff
osm-way-419586872,-29.53253,28.72434,A4,0.5,natural=cliff
osm-way-419586997,-29.53181,28.72438,A4,0.5,natural=cliff
osm-way-419586973,-29.53130,28.72510,A4,0.5,natural=cliff
osm-way-419586975,-29.53190,28.72490,A4,0.5,natural=cliff
osm-way-1231392603,-29.50364,28.69267,A4,0.5,natural=cliff
osm-way-419586869,-29.52316,28.72699,A4,0.5,natural=cliff
osm-way-419586939,-29.52248,28.72863,A4,0.5,natural=cliff
osm-way-419586988,-29.52271,28.72797,A4,0.5,natural=cliff
osm-way-419586993,-29.52339,28.72381,A4,0.5,natural=cliff
osm-way-326807678,-29.49456,28.66115,A4,0.5,natural=cliff
osm-way-1276490134,-29.49769,28.66504,A4,0.5,natural=cliff
osm-way-481970923,-29.49339,28.65711,A4,0.5,natural=cliff
osm-way-404618853,-29.46396,28.64946,A4,0.5,natural=cliff
osm-way-404618870,-29.46330,28.64879,A4,0.5,natural=cliff
osm-way-404618884,-29.44860,28.63866,A4,0.5,natural=cliff
osm-way-404618777,-29.45942,28.64162,A4,0.5,natural=cliff
osm-way-1231392611,-29.47927,28.69047,A4,0.5,natural=cliff
osm-way-1231392612,-29.47798,28.68982,A4,0.5,natural=cliff
osm-way-482018081,-29.48542,28.69523,A4,0.5,natural=cliff
osm-way-482018082,-29.48540,28.69669,A4,0.5,natural=cliff
osm-way-468832507,-29.48367,28.73264,A4,0.5,natural=cliff
osm-way-1231392607,-29.47209,28.68865,A4,0.5,natural=cliff
osm-way-1231392608,-29.47292,28.68868,A4,0.5,natural=cliff
osm-way-1231392609,-29.47199,28.68875,A4,0.5,natural=cliff
osm-way-1231392610,-29.47434,28.68846,A4,0.5,natural=cliff
osm-way-454361403,-29.45119,28.71105,A4,0.5,natural=cliff
osm-way-454361404,-29.45116,28.71230,A4,0.5,natural=cliff
osm-way-399683560,-29.44785,28.57070,A4,0.5,natural=cliff
osm-way-399683559,-29.44668,28.56635,A4,0.5,natural=cliff
osm-way-1275783012,-29.42745,28.56046,A4,0.5,natural=cliff
osm-way-1275783007,-29.42715,28.55563,A4,0.5,natural=cliff
osm-way-1275783008,-29.42724,28.55494,A4,0.5,natural=cliff
osm-way-1275783009,-29.42751,28.55649,A4,0.5,natural=cliff
osm-way-393012845,-29.42905,28.56665,A4,0.5,natural=cliff
osm-way-419200825,-29.42226,28.61823,A4,0.7,natural=ridge
osm-way-419200820,-29.43785,28.60329,A4,0.5,natural=cliff
osm-way-1275783016,-29.43280,28.58622,A4,0.5,natural=cliff
osm-way-1275783023,-29.44263,28.61279,A4,0.7,natural=ridge
osm-way-419200821,-29.44118,28.61694,A4,0.7,natural=ridge
osm-way-404618798,-29.44446,28.62358,A4,0.5,natural=cliff
osm-way-404618832,-29.44543,28.62222,A4,0.5,natural=cliff
osm-way-404618852,-29.44398,28.62461,A4,0.5,natural=cliff
osm-way-428838527,-29.42514,28.62423,A4,0.5,natural=cliff
osm-way-419200823,-29.41872,28.58374,A4,0.7,natural=ridge
osm-way-1276171689,-29.40510,28.59891,A4,0.5,natural=cliff
osm-way-1276171690,-29.40693,28.59799,A4,0.5,natural=cliff
osm-way-1276171691,-29.40785,28.59766,A4,0.5,natural=cliff
osm-way-1276171692,-29.40745,28.59868,A4,0.5,natural=cliff
osm-way-1276171693,-29.40598,28.59967,A4,0.5,natural=cliff
osm-way-1275782990,-29.42034,28.60295,A4,0.7,natural=ridge
osm-way-1276171694,-29.40539,28.60095,A4,0.5,natural=cliff
osm-way-1276171695,-29.40245,28.60221,A4,0.5,natural=cliff
osm-way-1276171696,-29.39938,28.60554,A4,0.5,natural=cliff
osm-way-1276171698,-29.40156,28.60983,A4,0.5,natural=cliff
osm-way-1276171700,-29.39558,28.61244,A4,0.5,natural=cliff
osm-way-1276171697,-29.39987,28.60803,A4,0.5,natural=cliff
osm-way-1276171699,-29.39791,28.61148,A4,0.5,natural=cliff
osm-way-1276171702,-29.39475,28.62024,A4,0.5,natural=cliff
osm-way-1276171703,-29.39879,28.62134,A4,0.5,natural=cliff
osm-way-1276171688,-29.38920,28.60936,A4,0.5,natural=cliff
osm-way-1276171687,-29.38903,28.60922,A4,0.5,natural=cliff
osm-way-1276171701,-29.39437,28.61654,A4,0.5,natural=cliff
osm-way-397857426,-29.38965,28.62830,A4,0.5,natural=cliff
osm-way-397857602,-29.38837,28.61696,A4,0.5,natural=cliff
osm-way-404618736,-29.44709,28.63690,A4,0.5,natural=cliff
osm-way-404618856,-29.44765,28.63820,A4,0.5,natural=cliff
osm-way-404618866,-29.44787,28.63829,A4,0.5,natural=cliff
osm-way-404618737,-29.44180,28.62883,A4,0.5,natural=cliff
osm-way-404618750,-29.43885,28.63840,A4,0.5,natural=cliff
osm-way-404618817,-29.44105,28.63088,A4,0.5,natural=cliff
osm-way-404618842,-29.44714,28.64980,A4,0.5,natural=cliff
osm-way-404618855,-29.44733,28.65071,A4,0.5,natural=cliff
osm-way-404618879,-29.44734,28.65125,A4,0.5,natural=cliff
osm-way-404618733,-29.43823,28.64622,A4,0.5,natural=cliff
osm-way-404618728,-29.43834,28.65014,A4,0.5,natural=cliff
osm-way-404618745,-29.43847,28.64962,A4,0.5,natural=cliff
osm-way-404618739,-29.42927,28.65183,A4,0.5,natural=cliff
osm-way-404618743,-29.42588,28.64568,A4,0.5,natural=cliff
osm-way-404618882,-29.42663,28.64630,A4,0.5,natural=cliff
osm-way-404618741,-29.42759,28.64465,A4,0.5,natural=cliff
osm-way-404618772,-29.42726,28.64395,A4,0.5,natural=cliff
osm-way-404618834,-29.42692,28.64450,A4,0.5,natural=cliff
osm-way-404618865,-29.42625,28.64664,A4,0.5,natural=cliff
osm-way-404618734,-29.44375,28.66393,A4,0.5,natural=cliff
osm-way-404618776,-29.44303,28.65934,A4,0.5,natural=cliff
osm-way-404618848,-29.44195,28.65998,A4,0.5,natural=cliff
osm-way-404618850,-29.44204,28.65708,A4,0.5,natural=cliff
osm-way-404618891,-29.44233,28.66421,A4,0.5,natural=cliff
osm-way-404618742,-29.43826,28.65368,A4,0.5,natural=cliff
osm-way-404618744,-29.44625,28.66766,A4,0.5,natural=cliff
osm-way-404618867,-29.43013,28.65401,A4,0.5,natural=cliff
osm-way-404618791,-29.42795,28.65456,A4,0.5,natural=cliff
osm-way-428168273,-29.42126,28.62874,A4,0.5,natural=cliff
osm-way-1275382718,-29.41129,28.63946,A4,0.5,natural=cliff
osm-way-1275382719,-29.41080,28.63706,A4,0.5,natural=cliff
osm-way-1275382720,-29.40824,28.63571,A4,0.5,natural=cliff
osm-way-1275382721,-29.40765,28.63629,A4,0.5,natural=cliff
osm-way-397857437,-29.39580,28.62871,A4,0.5,natural=cliff
osm-way-453522885,-29.42417,28.70479,A4,0.5,natural=cliff
osm-way-453522886,-29.42357,28.70473,A4,0.5,natural=cliff
osm-way-453522878,-29.42280,28.69936,A4,0.5,natural=cliff
osm-way-453522879,-29.42276,28.70048,A4,0.5,natural=cliff
osm-way-453522880,-29.42303,28.70092,A4,0.5,natural=cliff
osm-way-453522884,-29.42305,28.70206,A4,0.5,natural=cliff
osm-way-454441890,-29.43600,28.72516,A4,0.5,natural=cliff
osm-way-453520377,-29.42902,28.72021,A4,0.5,natural=cliff
osm-way-453520375,-29.42799,28.71968,A4,0.5,natural=cliff
osm-way-453520376,-29.42861,28.72019,A4,0.5,natural=cliff
osm-way-453522875,-29.42082,28.69760,A4,0.5,natural=cliff
osm-way-453522876,-29.42179,28.69799,A4,0.5,natural=cliff
osm-way-453522877,-29.42218,28.69778,A4,0.5,natural=cliff
osm-way-453522874,-29.42124,28.69871,A4,0.5,natural=cliff
osm-way-453522881,-29.42111,28.70103,A4,0.5,natural=cliff
osm-way-453522882,-29.42105,28.70046,A4,0.5,natural=cliff
osm-way-453522883,-29.42121,28.70193,A4,0.5,natural=cliff
osm-way-397857473,-29.38955,28.63056,A4,0.5,natural=cliff
osm-way-397857607,-29.38943,28.63418,A4,0.5,natural=cliff
osm-way-397857445,-29.38900,28.62742,A4,0.5,natural=cliff
osm-way-419586941,-29.55199,28.73471,A4,0.5,natural=cliff
osm-way-419586986,-29.55262,28.73766,A4,0.5,natural=cliff
osm-way-419589625,-29.54189,28.74386,A4,0.5,natural=cliff
osm-way-396322182,-29.54788,28.75010,A4,0.5,natural=cliff
osm-way-396322263,-29.55240,28.74727,A4,0.5,natural=cliff
osm-way-396322268,-29.55160,28.74790,A4,0.5,natural=cliff
osm-way-1277542722,-29.54948,28.74757,A4,0.7,natural=ridge
osm-way-1277542723,-29.54870,28.74888,A4,0.7,natural=ridge
osm-way-396322202,-29.54740,28.75104,A4,0.5,natural=cliff
osm-way-419586932,-29.54185,28.75758,A4,0.5,natural=cliff
osm-way-419586990,-29.54056,28.74722,A4,0.5,natural=cliff
osm-way-419586995,-29.54118,28.75110,A4,0.5,natural=cliff
osm-way-419586944,-29.54132,28.74600,A4,0.5,natural=cliff
osm-way-419587002,-29.54362,28.74523,A4,0.5,natural=cliff
osm-way-396322165,-29.54473,28.75380,A4,0.5,natural=cliff
osm-way-419586961,-29.53415,28.74198,A4,0.5,natural=cliff
osm-way-419586994,-29.53717,28.74194,A4,0.5,natural=cliff
osm-way-419586868,-29.53407,28.74121,A4,0.5,natural=cliff
osm-way-419587004,-29.53487,28.73778,A4,0.5,natural=cliff
osm-way-1184005938,-29.53416,28.74799,A4,0.7,natural=ridge
osm-way-419586867,-29.53172,28.73485,A4,0.5,natural=cliff
osm-way-419586979,-29.53203,28.73575,A4,0.5,natural=cliff
osm-way-419587001,-29.53317,28.73650,A4,0.5,natural=cliff
osm-way-419586969,-29.53954,28.74996,A4,0.5,natural=cliff
osm-way-419587000,-29.53970,28.74872,A4,0.5,natural=cliff
osm-way-419587005,-29.53498,28.74748,A4,0.5,natural=cliff
osm-way-419587008,-29.53881,28.74795,A4,0.5,natural=cliff
osm-way-419586968,-29.53446,28.75338,A4,0.5,natural=cliff
osm-way-419586945,-29.53535,28.75098,A4,0.5,natural=cliff
osm-way-419586976,-29.53613,28.75634,A4,0.5,natural=cliff
osm-way-419586996,-29.53461,28.74574,A4,0.5,natural=cliff
osm-way-419586938,-29.53968,28.76012,A4,0.5,natural=cliff
osm-way-419586978,-29.54064,28.75961,A4,0.5,natural=cliff
osm-way-419586989,-29.54153,28.75876,A4,0.5,natural=cliff
osm-way-419586970,-29.53618,28.76103,A4,0.5,natural=cliff
osm-way-419586999,-29.53831,28.76096,A4,0.5,natural=cliff
osm-way-419587003,-29.52307,28.73190,A4,0.5,natural=cliff
osm-way-476635208,-29.47272,28.73671,A4,0.5,natural=cliff
osm-way-1091083793,-19.02001,47.72103,A7,0.6,natural=wetland
osm-way-1057534778,-19.03303,47.80100,A7,0.6,natural=wetland
osm-way-1057534777,-19.03210,47.80932,A7,0.6,natural=wetland
osm-way-1057534779,-19.03451,47.80466,A7,0.6,natural=wetland
osm-way-1091083781,-19.01442,47.71630,A7,0.6,natural=wetland
osm-way-1091083784,-19.01498,47.71903,A7,0.6,natural=wetland
osm-way-1059622062,-18.96758,47.73935,A7,0.6,natural=wetland
osm-way-1059865995,-18.98847,47.77675,A7,0.6,natural=wetland
osm-way-1059865994,-18.98713,47.78284,A7,0.6,natural=wetland
osm-way-1059371279,-18.87562,47.70820,A7,0.6,natural=wetland
osm-way-1034851931,-18.86192,47.70987,A7,0.6,natural=wetland
osm-way-1307667288,-18.94992,47.74499,A7,0.6,natural=wetland
osm-way-1307667306,-18.95795,47.75107,A4,0.5,natural=cliff
osm-way-1059932621,-18.95941,47.76994,A7,0.6,natural=wetland
osm-way-1034092453,-18.94856,47.76951,A7,0.6,natural=wetland
osm-way-1046750156,-18.91728,47.76337,A7,0.6,natural=wetland
osm-way-1040506142,-18.90269,47.74446,A7,0.6,natural=wetland
osm-way-1040736848,-18.90357,47.73742,A7,0.6,natural=wetland
osm-way-1040736845,-18.90075,47.74479,A7,0.6,natural=wetland
osm-way-1040526895,-18.89449,47.73920,A7,0.6,natural=wetland
osm-way-1040528845,-18.89588,47.74410,A7,0.6,natural=wetland
osm-way-1040523099,-18.88879,47.74045,A7,0.6,natural=wetland
osm-way-1035983068,-18.88557,47.75509,A7,0.6,natural=wetland
osm-way-1034818749,-18.88027,47.72029,A7,0.6,natural=wetland
osm-way-1034851918,-18.86000,47.71750,A7,0.6,natural=wetland
osm-way-1035974452,-18.88068,47.74253,A7,0.6,natural=wetland
osm-way-1035792827,-18.86313,47.75991,A7,0.6,natural=wetland
osm-way-1044174397,-18.88469,47.77302,A7,0.6,natural=wetland
osm-way-1046081963,-18.88817,47.76496,A7,0.6,natural=wetland
osm-way-1046081964,-18.88624,47.76346,A7,0.6,natural=wetland
osm-way-1044162460,-18.89356,47.78585,A7,0.6,natural=wetland
osm-way-1031318671,-18.89179,47.81167,A4,0.7,natural=ridge
osm-way-1031318672,-18.89654,47.81289,A4,0.7,natural=ridge
osm-way-1016186737,-18.89022,47.80717,A4,0.7,natural=ridge
osm-way-1016186738,-18.88727,47.81644,A4,0.7,natural=ridge
osm-way-1031318638,-18.89043,47.81651,A7,0.6,natural=wetland
osm-way-1044162570,-18.87585,47.77089,A7,0.6,natural=wetland
osm-way-1044172274,-18.87769,47.77564,A7,0.6,natural=wetland
osm-way-1044180964,-18.87131,47.77101,A7,0.6,natural=wetland
osm-way-1046078435,-18.87839,47.76719,A7,0.6,natural=wetland
osm-way-1044180555,-18.87304,47.77976,A7,0.6,natural=wetland
osm-way-1044180584,-18.87436,47.78448,A7,0.6,natural=wetland
osm-way-1044181986,-18.86998,47.79145,A7,0.6,natural=wetland
osm-way-1044259229,-18.87839,47.79517,A7,0.6,natural=wetland
osm-way-1041401613,-18.87285,47.79760,A7,0.6,natural=wetland
osm-way-1041600050,-18.87704,47.80529,A7,0.6,natural=wetland
osm-way-1044180576,-18.86636,47.78926,A7,0.6,natural=wetland
osm-way-1044181954,-18.86683,47.79417,A7,0.6,natural=wetland
osm-way-1041394393,-18.86116,47.79786,A7,0.6,natural=wetland
osm-way-1041394394,-18.85945,47.79650,A7,0.6,natural=wetland
osm-way-1041394782,-18.87011,47.80376,A7,0.6,natural=wetland
osm-way-1065774562,-19.04218,47.84027,A7,0.6,natural=wetland
osm-way-1065041784,-19.03413,47.83830,A7,0.6,natural=wetland
osm-way-1065041785,-19.03241,47.83790,A7,0.6,natural=wetland
osm-way-1065041787,-19.03083,47.84033,A7,0.6,natural=wetland
osm-way-1065110131,-19.02150,47.82415,A7,0.6,natural=wetland
osm-way-1065041745,-19.03540,47.84406,A7,0.6,natural=wetland
osm-way-1065151819,-19.02166,47.88849,A7,0.6,natural=wetland
osm-way-1063503235,-19.01076,47.82509,A7,0.6,natural=wetland
osm-way-1064268395,-18.99673,47.84201,A7,0.6,natural=wetland
osm-way-1063577754,-18.99450,47.82930,A7,0.6,natural=wetland
osm-way-1063142322,-19.01332,47.84694,A7,0.6,natural=wetland
osm-way-1064268392,-18.99151,47.84459,A7,0.6,natural=wetland
osm-way-1064268393,-18.99192,47.84324,A7,0.6,natural=wetland
osm-way-1064268394,-18.99412,47.84458,A7,0.6,natural=wetland
osm-way-1065077420,-18.99718,47.86102,A7,0.6,natural=wetland
osm-way-1065077484,-18.98918,47.86447,A7,0.6,natural=wetland
osm-way-1065077489,-18.99497,47.86757,A7,0.6,natural=wetland
osm-way-1065077608,-18.99258,47.86491,A7,0.6,natural=wetland
osm-way-1065785315,-18.97621,47.82345,A7,0.6,natural=wetland
osm-way-1065785317,-18.97804,47.82066,A7,0.6,natural=wetland
osm-way-1063577849,-18.98373,47.83428,A7,0.6,natural=wetland
osm-way-1064268435,-18.98249,47.83480,A7,0.6,natural=wetland
osm-way-1065785311,-18.97606,47.83429,A7,0.6,natural=wetland
osm-way-1064268367,-18.98258,47.84797,A7,0.6,natural=wetland
osm-way-1064268357,-18.98037,47.84584,A7,0.6,natural=wetland
osm-way-1065077473,-18.98591,47.85735,A7,0.6,natural=wetland
osm-way-1065077538,-18.98651,47.86445,A7,0.6,natural=wetland
osm-way-1065044464,-18.98244,47.85824,A7,0.6,natural=wetland
osm-way-1065793132,-18.97590,47.86394,A7,0.6,natural=wetland
osm-way-1065044463,-18.98135,47.85853,A7,0.6,natural=wetland
osm-way-1065793096,-18.97863,47.86546,A7,0.6,natural=wetland
osm-way-1032511391,-18.97390,47.86687,A7,0.6,natural=wetland
osm-way-396617932,-18.97069,47.86587,A7,0.6,natural=wetland
osm-way-1032511392,-18.96846,47.86686,A7,0.6,natural=wetland
osm-way-1032511393,-18.96817,47.86877,A7,0.6,natural=wetland
osm-way-1032511395,-18.96469,47.86702,A7,0.6,natural=wetland
osm-way-1065143253,-19.00702,47.89312,A7,0.6,natural=wetland
osm-way-1065144599,-19.00889,47.88880,A7,0.6,natural=wetland
osm-way-1065077555,-18.99273,47.86928,A7,0.6,natural=wetland
osm-way-1065143243,-19.00111,47.89228,A7,0.6,natural=wetland
osm-way-1065122357,-18.99619,47.89299,A7,0.6,natural=wetland
osm-way-1065143255,-19.00895,47.89547,A7,0.6,natural=wetland
osm-way-1062963425,-18.99969,47.90546,A7,0.6,natural=wetland
osm-way-1065052003,-18.98815,47.86941,A7,0.6,natural=wetland
osm-way-1065052022,-18.98392,47.87042,A7,0.6,natural=wetland
osm-way-1065052036,-18.98007,47.87387,A7,0.6,natural=wetland
osm-way-1065077662,-18.98190,47.87293,A7,0.6,natural=wetland
osm-way-1065122365,-18.98546,47.89427,A7,0.6,natural=wetland
osm-way-1065122420,-18.98039,47.89273,A7,0.6,natural=wetland
osm-way-1065793089,-18.97346,47.87022,A7,0.6,natural=wetland
osm-way-1032511394,-18.96528,47.86994,A7,0.6,natural=wetland
osm-way-1032013273,-18.96612,47.87910,A7,0.6,natural=wetland
osm-way-1063292309,-18.97560,47.89903,A7,0.6,natural=wetland
osm-way-1063292310,-18.97428,47.89826,A7,0.6,natural=wetland
osm-way-1062956314,-18.97013,47.90076,A7,0.6,natural=wetland
osm-way-1031992561,-18.95639,47.84022,A7,0.6,natural=wetland
osm-way-1061310452,-18.93859,47.84531,A7,0.6,natural=wetland
osm-way-1061310447,-18.93833,47.84851,A7,0.6,natural=wetland
osm-way-1016186753,-18.91218,47.84301,A4,0.7,natural=ridge
osm-way-1016186754,-18.91472,47.84240,A4,0.7,natural=ridge
osm-way-1061284010,-18.92662,47.85868,A7,0.6,natural=wetland
osm-way-1016186755,-18.90898,47.85162,A4,0.7,natural=ridge
osm-way-1016186768,-18.91302,47.85425,A4,0.7,natural=ridge
osm-way-1061322011,-18.91368,47.85321,A7,0.6,natural=wetland
osm-way-1061284032,-18.91966,47.86331,A7,0.6,natural=wetland
osm-way-1061286477,-18.91438,47.86749,A7,0.6,natural=wetland
osm-way-1031601572,-18.95506,47.87362,A7,0.6,natural=wetland
osm-way-1031601574,-18.95420,47.87094,A7,0.6,natural=wetland
osm-way-1031601579,-18.95358,47.86899,A7,0.6,natural=wetland
osm-way-1062032453,-18.95102,47.87042,A7,0.6,natural=wetland
osm-way-1061579806,-18.95216,47.87656,A7,0.6,natural=wetland
osm-way-1061693287,-18.94979,47.88977,A7,0.6,natural=wetland
osm-way-1061693307,-18.95170,47.88555,A7,0.6,natural=wetland
osm-way-1061693183,-18.94198,47.88103,A7,0.6,natural=wetland
osm-way-1061693273,-18.94464,47.89386,A7,0.6,natural=wetland
osm-way-1061966100,-18.93952,47.89372,A7,0.6,natural=wetland
osm-way-1061966097,-18.94050,47.88877,A7,0.6,natural=wetland
osm-way-1061693274,-18.95244,47.89718,A7,0.6,natural=wetland
osm-way-1061693275,-18.94764,47.89879,A7,0.6,natural=wetland
osm-way-1061693282,-18.95682,47.89640,A7,0.6,natural=wetland
osm-way-1062655019,-18.95675,47.90065,A7,0.6,natural=wetland
osm-way-1061693276,-18.94062,47.89938,A7,0.6,natural=wetland
osm-way-1061274352,-18.92556,47.87096,A7,0.6,natural=wetland
osm-way-1060470065,-18.93487,47.89288,A7,0.6,natural=wetland
osm-way-1060483661,-18.93022,47.89563,A7,0.6,natural=wetland
osm-way-1060483681,-18.92067,47.88357,A7,0.6,natural=wetland
osm-way-1061274399,-18.91969,47.87203,A7,0.6,natural=wetland
osm-way-1061286480,-18.91306,47.87501,A7,0.6,natural=wetland
osm-way-1061286478,-18.91348,47.87032,A7,0.6,natural=wetland
osm-way-1061591520,-18.90929,47.88217,A7,0.6,natural=wetland
osm-way-1031095280,-18.90874,47.82594,A7,0.6,natural=wetland
osm-way-1031095281,-18.90841,47.82727,A7,0.6,natural=wetland
osm-way-1016186726,-18.89763,47.82534,A4,0.7,natural=ridge
osm-way-1031318659,-18.89668,47.82118,A4,0.7,natural=ridge
osm-way-1031095304,-18.90012,47.82422,A7,0.6,natural=wetland
osm-way-1031940241,-18.90553,47.83803,A7,0.6,natural=wetland
osm-way-1016186730,-18.89735,47.83269,A4,0.7,natural=ridge
osm-way-1016186736,-18.90038,47.83621,A4,0.7,natural=ridge
osm-way-1016186772,-18.90545,47.83617,A4,0.7,natural=ridge
osm-way-1016186773,-18.90956,47.83501,A4,0.7,natural=ridge
osm-way-1031095340,-18.89502,47.82448,A4,0.7,natural=ridge
osm-way-1016186727,-18.89472,47.82041,A4,0.7,natural=ridge
osm-way-1016186729,-18.89144,47.82556,A4,0.7,natural=ridge
osm-way-1016186740,-18.88226,47.81608,A4,0.7,natural=ridge
osm-way-1041589264,-18.88582,47.81763,A7,0.6,natural=wetland
osm-way-1041589197,-18.88490,47.82592,A7,0.6,natural=wetland
osm-way-1041589243,-18.88835,47.82293,A7,0.6,natural=wetland
osm-way-1016186731,-18.88195,47.83311,A4,0.7,natural=ridge
osm-way-1016186734,-18.89365,47.83460,A4,0.7,natural=ridge
osm-way-1041594445,-18.88640,47.83979,A7,0.6,natural=wetland
osm-way-1016186735,-18.88885,47.83231,A4,0.7,natural=ridge
osm-way-1061322150,-18.90878,47.85091,A7,0.6,natural=wetland
osm-way-1016186756,-18.90649,47.85773,A4,0.7,natural=ridge
osm-way-1016186759,-18.90027,47.85330,A4,0.7,natural=ridge
osm-way-1016186767,-18.89925,47.84868,A4,0.7,natural=ridge
osm-way-1061322151,-18.90308,47.85142,A7,0.6,natural=wetland
osm-way-1016186757,-18.90746,47.85815,A4,0.7,natural=ridge
osm-way-1016186758,-18.90860,47.85986,A4,0.7,natural=ridge
osm-way-1016186769,-18.90356,47.86320,A4,0.7,natural=ridge
osm-way-1016186771,-18.89715,47.86670,A4,0.7,natural=ridge
osm-way-1061286481,-18.89904,47.85936,A7,0.6,natural=wetland
osm-way-1061290535,-18.90571,47.86806,A7,0.6,natural=wetland
osm-way-1016186770,-18.89989,47.86461,A4,0.7,natural=ridge
osm-way-1016186760,-18.89338,47.84961,A4,0.7,natural=ridge
osm-way-1016186761,-18.89058,47.85613,A4,0.7,natural=ridge
osm-way-1016186762,-18.89526,47.85453,A4,0.7,natural=ridge
osm-way-1016186764,-18.88875,47.84879,A4,0.7,natural=ridge
osm-way-1016186763,-18.89038,47.85153,A4,0.7,natural=ridge
osm-way-1016186765,-18.88666,47.85032,A4,0.7,natural=ridge
osm-way-1016186766,-18.88469,47.84923,A4,0.7,natural=ridge
osm-way-1016186732,-18.88272,47.82886,A4,0.7,natural=ridge
osm-way-1016186741,-18.87097,47.82130,A4,0.7,natural=ridge
osm-way-1041594448,-18.87842,47.83763,A7,0.6,natural=wetland
osm-way-1016186733,-18.88026,47.82892,A4,0.7,natural=ridge
osm-way-1041589207,-18.87663,47.83291,A7,0.6,natural=wetland
osm-way-1041594449,-18.88081,47.83688,A7,0.6,natural=wetland
osm-way-1040571972,-18.85576,47.82287,A7,0.6,natural=wetland
osm-way-1040912395,-18.87023,47.83037,A7,0.6,natural=wetland
osm-way-1040912405,-18.86845,47.82909,A7,0.6,natural=wetland
osm-way-1040912406,-18.86834,47.83037,A7,0.6,natural=wetland
osm-way-1040857062,-18.86636,47.83870,A7,0.6,natural=wetland
osm-way-1040857064,-18.86838,47.83675,A7,0.6,natural=wetland
osm-way-1040857090,-18.85928,47.84303,A7,0.6,natural=wetland
osm-way-1040857038,-18.87312,47.84340,A7,0.6,natural=wetland
osm-way-1041594447,-18.87606,47.85228,A7,0.6,natural=wetland
osm-way-1041069011,-18.87415,47.85521,A7,0.6,natural=wetland
osm-way-1040857089,-18.85851,47.84555,A7,0.6,natural=wetland
osm-way-1040917361,-18.85788,47.86399,A7,0.6,natural=wetland
osm-way-1016081529,-18.84845,47.90542,A4,0.7,natural=ridge
osm-way-1062014827,-18.88831,47.88926,A7,0.6,natural=wetland
osm-way-1061591434,-18.90642,47.89513,A7,0.6,natural=wetland
osm-way-1016081544,-18.90010,47.89696,A4,0.7,natural=ridge
osm-way-1016081546,-18.90081,47.90009,A4,0.7,natural=ridge
osm-way-1016081545,-18.90105,47.89502,A4,0.7,natural=ridge
osm-way-1016081540,-18.90586,47.91656,A4,0.7,natural=ridge
osm-way-1016081532,-18.89572,47.91248,A4,0.7,natural=ridge
osm-way-1016081539,-18.90111,47.91364,A4,0.7,natural=ridge
osm-way-1016081542,-18.89831,47.91830,A4,0.7,natural=ridge
osm-way-1016081541,-18.90191,47.91634,A4,0.7,natural=ridge
osm-way-1062884479,-18.90110,47.91707,A7,0.6,natural=wetland
osm-way-1016081527,-18.88793,47.90063,A4,0.7,natural=ridge
osm-way-1016081528,-18.89016,47.90404,A4,0.7,natural=ridge
osm-way-1016081533,-18.88793,47.92294,A4,0.7,natural=ridge
osm-way-1016081543,-18.89451,47.91805,A4,0.7,natural=ridge
osm-way-1061596187,-18.88120,47.89860,A7,0.6,natural=wetland
osm-way-1016081547,-18.88048,47.90531,A4,0.7,natural=ridge
osm-way-1016081548,-18.87799,47.90405,A4,0.7,natural=ridge
osm-way-1016081549,-18.87403,47.90324,A4,0.7,natural=ridge
osm-way-1062017335,-18.86698,47.89585,A7,0.6,natural=wetland
osm-way-1016081551,-18.86724,47.90186,A4,0.7,natural=ridge
osm-way-1016081550,-18.86691,47.90422,A4,0.7,natural=ridge
osm-way-1016081534,-18.90111,47.92708,A4,0.7,natural=ridge
osm-way-1016081535,-18.90642,47.92810,A4,0.7,natural=ridge
osm-way-1016081536,-18.90337,47.93013,A4,0.7,natural=ridge
osm-way-1016081537,-18.90223,47.93204,A4,0.7,natural=ridge
osm-way-1062673178,-18.89674,47.92307,A7,0.6,natural=wetland
osm-way-1016081538,-18.88434,47.93393,A4,0.7,natural=ridge
osm-way-1036303232,-18.82688,47.70193,A7,0.6,natural=wetland
osm-way-1034803165,-18.85348,47.71800,A7,0.6,natural=wetland
osm-way-1034803158,-18.85210,47.72197,A7,0.6,natural=wetland
osm-way-1034803148,-18.84903,47.71587,A7,0.6,natural=wetland
osm-way-1034997292,-18.84682,47.73350,A7,0.6,natural=wetland
osm-way-1035579704,-18.85259,47.74912,A7,0.6,natural=wetland
osm-way-1035579705,-18.85308,47.74868,A7,0.6,natural=wetland
osm-way-1035772115,-18.85552,47.75471,A7,0.6,natural=wetland
osm-way-1034858493,-18.83356,47.74914,A7,0.6,natural=wetland
osm-way-1034858490,-18.83320,47.75304,A7,0.6,natural=wetland
osm-way-1035579659,-18.83524,47.75353,A7,0.6,natural=wetland
osm-way-1036267099,-18.82167,47.71318,A7,0.6,natural=wetland
osm-way-1041503705,-18.82901,47.75237,A7,0.6,natural=wetland
osm-way-637471742,-18.82445,47.75419,A7,0.6,natural=wetland
osm-way-1043372030,-18.85285,47.78845,A7,0.6,natural=wetland
osm-way-1043372032,-18.85053,47.78268,A7,0.6,natural=wetland
osm-way-1043339863,-18.85128,47.79345,A7,0.6,natural=wetland
osm-way-1043339864,-18.84720,47.79283,A7,0.6,natural=wetland
osm-way-1043339859,-18.85049,47.79716,A7,0.6,natural=wetland
osm-way-1043339879,-18.83986,47.79336,A7,0.6,natural=wetland
osm-way-1041509096,-18.81772,47.76358,A7,0.6,natural=wetland
osm-way-1042567672,-18.80935,47.81434,A7,0.6,natural=wetland
osm-way-1041459795,-18.79266,47.74307,A7,0.6,natural=wetland
osm-way-1042614828,-18.80415,47.80574,A7,0.6,natural=wetland
osm-way-1037967673,-18.78799,47.79936,A7,0.6,natural=wetland
osm-way-1037967677,-18.79177,47.81203,A7,0.6,natural=wetland
osm-way-1037967656,-18.78856,47.80869,A7,0.6,natural=wetland
osm-way-1040857107,-18.85539,47.83457,A7,0.6,natural=wetland
osm-way-1040857108,-18.85510,47.83802,A7,0.6,natural=wetland
osm-way-1041100250,-18.84247,47.83895,A7,0.6,natural=wetland
osm-way-1040857101,-18.85583,47.84264,A7,0.6,natural=wetland
osm-way-1041100244,-18.84712,47.85327,A7,0.6,natural=wetland
osm-way-1041100246,-18.84659,47.84683,A7,0.6,natural=wetland
osm-way-1040917362,-18.85509,47.85856,A7,0.6,natural=wetland
osm-way-1041069012,-18.85512,47.85566,A7,0.6,natural=wetland
osm-way-1040917364,-18.85537,47.86398,A7,0.6,natural=wetland
osm-way-1040998461,-18.85314,47.86420,A7,0.6,natural=wetland
osm-way-1040917363,-18.85600,47.86140,A7,0.6,natural=wetland
osm-way-1040998460,-18.85031,47.86485,A7,0.6,natural=wetland
osm-way-1041100239,-18.83778,47.84983,A7,0.6,natural=wetland
osm-way-1041100235,-18.83690,47.84518,A7,0.6,natural=wetland
osm-way-1041100237,-18.83431,47.85354,A7,0.6,natural=wetland
osm-way-1041100238,-18.83668,47.85201,A7,0.6,natural=wetland
osm-way-1041024988,-18.83101,47.86622,A7,0.6,natural=wetland
osm-way-1042583416,-18.82925,47.82418,A7,0.6,natural=wetland
osm-way-1042583366,-18.81880,47.82631,A7,0.6,natural=wetland
osm-way-1043755374,-18.82732,47.83469,A7,0.6,natural=wetland
osm-way-1043755381,-18.81992,47.83486,A7,0.6,natural=wetland
osm-way-1042583391,-18.82196,47.83045,A7,0.6,natural=wetland
osm-way-1043755362,-18.82277,47.83891,A7,0.6,natural=wetland
osm-way-1042583390,-18.81357,47.82031,A7,0.6,natural=wetland
osm-way-1043336869,-18.81575,47.82533,A7,0.6,natural=wetland
osm-way-1042567611,-18.80798,47.82286,A7,0.6,natural=wetland
osm-way-1042567649,-18.81298,47.82226,A7,0.6,natural=wetland
osm-way-1042567645,-18.81113,47.82573,A7,0.6,natural=wetland
osm-way-1042583358,-18.81489,47.83227,A7,0.6,natural=wetland
osm-way-1043712689,-18.81113,47.83580,A7,0.6,natural=wetland
osm-way-1043712707,-18.80972,47.84083,A7,0.6,natural=wetland
osm-way-1043755359,-18.81332,47.84141,A7,0.6,natural=wetland
osm-way-1043712706,-18.81093,47.83788,A7,0.6,natural=wetland
osm-way-1043622764,-18.81530,47.84807,A7,0.6,natural=wetland
osm-way-1043755345,-18.82750,47.85457,A7,0.6,natural=wetland
osm-way-1043755353,-18.82461,47.84540,A7,0.6,natural=wetland
osm-way-1043755355,-18.82326,47.84344,A7,0.6,natural=wetland
osm-way-1043755349,-18.82441,47.85273,A7,0.6,natural=wetland
osm-way-1043781743,-18.82622,47.85942,A7,0.6,natural=wetland
osm-way-1043781760,-18.82346,47.85907,A7,0.6,natural=wetland
osm-way-1043755358,-18.81693,47.84403,A7,0.6,natural=wetland
osm-way-1043712703,-18.80829,47.84728,A7,0.6,natural=wetland
osm-way-1043769210,-18.80747,47.86196,A7,0.6,natural=wetland
osm-way-1016081530,-18.85186,47.90752,A4,0.7,natural=ridge
osm-way-1016081531,-18.85180,47.91117,A4,0.7,natural=ridge
osm-way-1043769155,-18.80734,47.87776,A7,0.6,natural=wetland
osm-way-1044720180,-18.81592,47.88715,A7,0.6,natural=wetland
osm-way-1042567620,-18.79928,47.82383,A7,0.6,natural=wetland
osm-way-1043333800,-18.80386,47.82388,A7,0.6,natural=wetland
osm-way-1042567586,-18.79245,47.82514,A7,0.6,natural=wetland
osm-way-1042567689,-18.79854,47.82469,A7,0.6,natural=wetland
osm-way-1043333803,-18.79295,47.82085,A7,0.6,natural=wetland
osm-way-1042567591,-18.80369,47.82918,A7,0.6,natural=wetland
osm-way-1042567582,-18.79361,47.83266,A7,0.6,natural=wetland
osm-way-1043712708,-18.80361,47.83620,A7,0.6,natural=wetland
osm-way-1043712696,-18.79682,47.83722,A7,0.6,natural=wetland
osm-way-1038229523,-18.79040,47.82361,A7,0.6,natural=wetland
osm-way-1038229524,-18.78917,47.82670,A7,0.6,natural=wetland
osm-way-1042586024,-18.78717,47.82793,A7,0.6,natural=wetland
osm-way-1043712698,-18.80081,47.84174,A7,0.6,natural=wetland
osm-way-1043712667,-18.79248,47.85417,A7,0.6,natural=wetland
osm-way-1046087810,-18.79457,47.84313,A7,0.6,natural=wetland
osm-way-1043712665,-18.79524,47.85555,A7,0.6,natural=wetland
osm-way-1043769236,-18.79711,47.85778,A7,0.6,natural=wetland
osm-way-1043769252,-18.79443,47.85935,A7,0.6,natural=wetland
osm-way-1043769215,-18.79580,47.86280,A7,0.6,natural=wetland
osm-way-1038249397,-18.79085,47.85012,A7,0.6,natural=wetland
osm-way-1062912503,-18.84796,47.92439,A7,0.6,natural=wetland
osm-way-1504486890,47.28029,28.77501,A7,0.6,natural=wetland
osm-way-756883906,47.25627,28.81780,A7,0.6,natural=wetland
osm-way-218348034,47.31031,28.92973,A7,0.6,natural=wetland
osm-way-218348043,47.30886,28.92890,A7,0.6,natural=wetland
osm-way-1504486936,47.32582,28.93700,A4,0.5,natural=cliff
osm-way-1504486938,47.32102,28.93799,A4,0.5,natural=cliff
osm-way-260086177,47.30697,28.95792,A4,0.5,natural=cliff
osm-way-905987139,47.29841,28.96851,A4,0.5,natural=cliff
osm-way-905987140,47.29813,28.96876,A4,0.5,natural=cliff
osm-way-905987141,47.29857,28.96755,A4,0.5,natural=cliff
osm-way-905987143,47.30322,28.96763,A4,0.5,natural=cliff
osm-way-905987144,47.30269,28.96867,A4,0.5,natural=cliff
osm-way-905987145,47.30214,28.96981,A4,0.5,natural=cliff
osm-way-1504486937,47.32560,28.94203,A4,0.5,natural=cliff
osm-way-990473194,47.33086,28.94976,A2,0.5,historic=archaeological_site
osm-way-891902934,47.33013,28.95750,A4,0.5,natural=cliff
osm-way-1267310188,47.34411,28.95230,A4,0.5,natural=cliff
osm-way-742478606,47.45902,28.66416,A2,0.5,historic=castle
osm-way-842801793,47.43202,28.75272,A7,0.6,natural=wetland
osm-node-13703386446,23.91651,97.87879,A4,0.9,natural=peak
osm-node-13335540650,24.00708,97.75447,A4,0.9,natural=peak
osm-node-13335540681,24.02519,97.77724,A4,0.9,natural=peak
osm-node-13335540709,24.01156,97.83119,A4,0.9,natural=peak
osm-node-13690447964,23.92682,97.85621,A4,0.9,natural=peak
osm-node-13335540688,24.02754,97.84026,A4,0.9,natural=peak
osm-node-6427130219,24.02488,97.91548,A4,0.9,natural=peak
osm-node-6427141591,24.02237,97.93697,A4,0.9,natural=peak
osm-node-13335540649,24.03523,97.78401,A4,0.9,natural=peak
osm-node-13335540658,24.03704,97.83165,A4,0.9,natural=peak
osm-node-13335540672,24.03532,97.85094,A4,0.9,natural=peak
osm-node-13335540659,24.04195,97.83761,A4,0.9,natural=peak
osm-node-13335540705,24.04882,97.83773,A4,0.9,natural=peak
osm-node-13335540678,24.04867,97.85374,A4,0.9,natural=peak
osm-node-13335540710,24.05880,97.85489,A4,0.9,natural=peak
osm-node-6427159151,24.05437,97.91025,A4,0.9,natural=peak
osm-node-13335540730,24.06020,97.91836,A4,0.9,natural=peak
osm-node-13335540663,24.11074,97.85896,A4,0.9,natural=peak
osm-node-13335540715,24.10943,97.88368,A4,0.9,natural=peak
osm-node-13335540716,24.09065,97.88972,A4,0.9,natural=peak
osm-node-13335540708,24.10080,97.90765,A4,0.9,natural=peak
osm-node-6427163639,24.08297,97.92268,A4,0.9,natural=peak
osm-node-13335540706,24.10946,97.91711,A4,0.9,natural=peak
osm-node-13335540669,24.11008,97.92886,A4,0.9,natural=peak
osm-node-13335540668,24.12157,97.91097,A4,0.9,natural=peak
osm-node-13335540689,24.12642,97.93660,A4,0.9,natural=peak
osm-node-6427141592,24.02478,97.94434,A4,0.9,natural=peak
osm-node-6427143490,24.03422,97.94299,A4,0.9,natural=peak
osm-node-13335540673,24.03134,97.95988,A4,0.9,natural=peak
osm-node-13335540702,24.04423,97.98623,A4,0.9,natural=peak
osm-node-6427163637,24.07244,97.93740,A4,0.9,natural=peak
osm-node-13335540728,24.07635,97.98202,A4,0.9,natural=peak
osm-node-13335540666,24.04714,97.99027,A4,0.9,natural=peak
osm-node-6427163638,24.09917,97.95310,A4,0.9,natural=peak
osm-node-13335559311,24.08283,97.96526,A4,0.9,natural=peak
osm-node-13335540670,24.12078,97.94058,A4,0.9,natural=peak
osm-node-6427166170,24.11574,97.96939,A4,0.9,natural=peak
osm-node-13335540657,24.08601,98.00094,A4,0.9,natural=peak
osm-way-836965922,23.95298,97.84900,A7,0.6,natural=wetland
osm-way-756056335,23.98205,97.85953,A7,0.6,natural=wetland
osm-node-8791015758,3.47473,102.21823,A4,0.9,natural=peak
osm-node-8812370054,3.50266,102.33619,A4,0.9,natural=peak
osm-node-8807242794,3.59400,102.27723,A4,0.9,natural=peak
osm-node-12228373941,3.58390,102.29791,A4,0.9,natural=peak
osm-node-8832648292,3.35841,102.42383,A4,0.9,natural=peak
osm-node-8832703683,3.45369,102.43236,A4,0.9,natural=peak
osm-node-8842285349,3.51416,102.47544,A4,0.9,natural=peak
osm-node-12228373942,3.60521,102.38735,A4,0.9,natural=peak
osm-node-12228373943,3.61200,102.38756,A4,0.9,natural=peak
osm-node-8899890756,3.85235,102.64703,A4,0.9,natural=peak
osm-node-13703090035,3.81667,102.68715,A4,0.9,natural=peak
osm-node-13703090036,3.81080,102.70580,A4,0.9,natural=peak
osm-node-13785784601,3.94487,102.65423,A4,0.9,natural=peak
osm-node-4706141390,22.48065,98.35277,A2,0.5,historic=castle
osm-way-896204124,3.50892,102.33254,A7,0.6,natural=wetland
osm-way-896202068,3.51093,102.32964,A7,0.6,natural=wetland
osm-way-884973003,3.44840,102.42163,A2,0.5,historic=castle
osm-way-896456552,3.49646,102.39317,A7,0.6,natural=wetland
osm-way-895197670,3.50698,102.38177,A7,0.6,natural=wetland
osm-way-895197672,3.50659,102.38605,A7,0.6,natural=wetland
osm-way-895197671,3.51074,102.38335,A7,0.6,natural=wetland
osm-way-895197673,3.50606,102.38642,A7,0.6,natural=wetland
osm-way-895197674,3.50601,102.38743,A7,0.6,natural=wetland
osm-way-895488781,3.50168,102.44538,A7,0.6,natural=wetland
osm-way-895488782,3.50571,102.43895,A7,0.6,natural=wetland
osm-way-895195364,3.51004,102.39449,A7,0.6,natural=wetland
osm-way-896138484,3.51524,102.41202,A7,0.6,natural=wetland
osm-way-896138485,3.51380,102.40906,A7,0.6,natural=wetland
osm-way-896140040,3.51520,102.40773,A7,0.6,natural=wetland
osm-way-896095419,3.52285,102.42041,A7,0.6,natural=wetland
osm-way-896095422,3.52244,102.41373,A7,0.6,natural=wetland
osm-way-896095423,3.51810,102.41375,A7,0.6,natural=wetland
osm-way-896095427,3.50761,102.42852,A7,0.6,natural=wetland
osm-way-896087230,3.51314,102.42734,A7,0.6,natural=wetland
osm-way-896963522,3.50472,102.43519,A7,0.6,natural=wetland
osm-way-895484392,3.50871,102.44969,A7,0.6,natural=wetland
osm-way-895488783,3.50755,102.44350,A7,0.6,natural=wetland
osm-way-895827786,3.51670,102.44604,A7,0.6,natural=wetland
osm-way-895835209,3.51472,102.44038,A7,0.6,natural=wetland
osm-way-895837295,3.51394,102.43450,A7,0.6,natural=wetland
osm-way-896138489,3.51051,102.43527,A7,0.6,natural=wetland
osm-way-897016038,3.51270,102.43711,A7,0.6,natural=wetland
osm-way-895834383,3.52160,102.44582,A7,0.6,natural=wetland
osm-way-895834499,3.52482,102.44528,A7,0.6,natural=wetland
osm-way-895837294,3.52282,102.43663,A7,0.6,natural=wetland
osm-way-895847446,3.52438,102.44142,A7,0.6,natural=wetland
osm-way-955694894,3.56390,102.41722,A7,0.6,natural=wetland
osm-way-955694893,3.57077,102.42094,A7,0.6,natural=wetland
osm-way-895490921,3.49561,102.44856,A7,0.6,natural=wetland
osm-way-895490916,3.50019,102.45386,A7,0.6,natural=wetland
osm-way-895483815,3.51251,102.45082,A7,0.6,natural=wetland
osm-way-895832433,3.51901,102.45261,A7,0.6,natural=wetland
osm-way-895834384,3.52182,102.45412,A7,0.6,natural=wetland
osm-way-895476145,3.52118,102.48703,A7,0.6,natural=wetland
osm-way-895476146,3.52548,102.48769,A7,0.6,natural=wetland
osm-way-895471322,3.53166,102.51084,A7,0.6,natural=wetland
osm-way-1068149655,3.60622,102.39390,A7,0.6,natural=wetland
osm-way-1068149656,3.60303,102.39405,A7,0.6,natural=wetland
osm-way-955374853,3.88790,102.47894,A4,0.5,natural=cliff
osm-node-501543796,9.58164,8.50087,A4,0.9,natural=peak
osm-node-11013682840,10.30992,9.84650,A2,0.5,historic=castle
osm-node-501268606,10.31034,9.97147,A4,0.9,natural=peak
osm-way-1505706917,7.58272,5.67868,A4,0.5,natural=cliff
osm-node-10738845614,43.77025,24.50674,A7,0.7,waterway=waterfall
osm-node-9944617319,43.78200,24.63070,A4,0.9,natural=peak
osm-node-9801303235,43.58226,25.21267,A4,0.9,natural=peak
osm-node-9801424365,43.62124,25.30055,A8,0.9,natural=hot_spring
osm-node-12076472785,43.60618,25.36189,A4,0.9,natural=peak
osm-node-12071030951,43.61231,25.33751,A4,0.9,natural=peak
osm-node-9778932677,43.65432,25.34030,A2,0.5,historic=archaeological_site
osm-node-5330520631,46.57958,24.08560,A2,0.5,historic=castle
osm-way-169813234,-23.51186,-57.43141,A7,0.6,natural=wetland
osm-way-162104500,-23.39907,-57.46426,A7,0.6,natural=wetland
osm-way-161938388,-23.41669,-57.45019,A7,0.6,natural=wetland
osm-way-162095019,-23.34353,-57.38858,A7,0.6,natural=wetland
osm-way-1242332242,43.73870,24.48952,A7,0.6,natural=wetland
osm-way-27808205,43.71014,24.46663,A2,0.5,historic=archaeological_site
osm-way-1242332244,43.74082,24.48696,A7,0.6,natural=wetland
osm-way-334468503,43.74606,24.51443,A7,0.6,natural=wetland
osm-way-669578019,43.71858,24.51962,A7,0.6,natural=wetland
osm-way-669578018,43.71183,24.53294,A7,0.6,natural=wetland
osm-way-1242332245,43.73763,24.48968,A7,0.6,natural=wetland
osm-way-669579947,43.73817,24.52981,A7,0.6,natural=wetland
osm-way-669579950,43.73654,24.53157,A7,0.6,natural=wetland
osm-way-1201693865,43.75678,24.47041,A3,0.9,natural=beach
osm-way-228915438,43.76428,24.45952,A2,0.5,historic=castle
osm-way-183010831,43.76711,24.50805,A3,0.9,natural=beach
osm-way-707599788,43.77066,24.50799,A3,0.9,natural=beach
osm-way-1198578038,43.77481,24.52557,A4,0.5,natural=cliff
osm-way-1198578039,43.77519,24.52857,A4,0.5,natural=cliff
osm-way-1198578040,43.77574,24.53435,A4,0.5,natural=cliff
osm-way-1198577380,43.78415,24.51993,A4,0.5,natural=cliff
osm-way-669578016,43.70986,24.55066,A7,0.6,natural=wetland
osm-way-1242762836,43.74225,24.55658,A7,0.6,natural=wetland
osm-way-1242762838,43.73263,24.56235,A7,0.6,natural=wetland
osm-way-1242762837,43.73888,24.55995,A7,0.6,natural=wetland
osm-way-1243107898,43.73699,24.56477,A7,0.6,natural=wetland
osm-way-228322819,43.71872,24.63018,A7,0.6,natural=wetland
osm-way-228322219,43.72139,24.60261,A7,0.6,natural=wetland
osm-way-228322232,43.72100,24.60850,A7,0.6,natural=wetland
osm-way-228322668,43.72218,24.62213,A7,0.6,natural=wetland
osm-way-228330490,43.72883,24.63323,A7,0.6,natural=wetland
osm-way-228330493,43.72917,24.63253,A7,0.6,natural=wetland
osm-way-256706018,43.72777,24.63520,A7,0.6,natural=wetland
osm-way-256706022,43.72813,24.63456,A7,0.6,natural=wetland
osm-way-246367744,43.72848,24.63386,A7,0.6,natural=wetland
osm-way-228330084,43.72592,24.63848,A7,0.6,natural=wetland
osm-way-228919362,43.72553,24.63912,A7,0.6,natural=wetland
osm-way-256706002,43.72667,24.63715,A7,0.6,natural=wetland
osm-way-256706004,43.72629,24.63781,A7,0.6,natural=wetland
osm-way-256706008,43.72472,24.64036,A7,0.6,natural=wetland
osm-way-256706010,43.72515,24.63978,A7,0.6,natural=wetland
osm-way-256706012,43.72430,24.64097,A7,0.6,natural=wetland
osm-way-1242774415,43.72727,24.63579,A7,0.6,natural=wetland
osm-way-1242774416,43.72703,24.63650,A7,0.6,natural=wetland
osm-way-228330546,43.73497,24.62522,A3,0.9,natural=beach
osm-way-228330652,43.73154,24.62766,A7,0.6,natural=wetland
osm-way-228330654,43.73289,24.62464,A7,0.6,natural=wetland
osm-way-228330655,43.73202,24.62668,A7,0.6,natural=wetland
osm-way-228330656,43.73250,24.62555,A7,0.6,natural=wetland
osm-way-228330651,43.73125,24.62839,A7,0.6,natural=wetland
osm-way-246367764,43.73554,24.62415,A3,0.9,natural=beach
osm-way-228330489,43.72953,24.63180,A7,0.6,natural=wetland
osm-way-228330491,43.72986,24.63117,A7,0.6,natural=wetland
osm-way-228330492,43.73055,24.62976,A7,0.6,natural=wetland
osm-way-228330495,43.73020,24.63039,A7,0.6,natural=wetland
osm-way-256707996,43.73090,24.62910,A7,0.6,natural=wetland
osm-way-88006004,43.74163,24.63444,A3,0.9,natural=beach
osm-way-183036511,43.72989,24.65730,A3,0.9,natural=beach
osm-way-334483087,43.76460,24.57480,A7,0.6,natural=wetland
osm-way-1198578041,43.77283,24.54962,A4,0.5,natural=cliff
osm-way-1198578042,43.77248,24.55109,A4,0.5,natural=cliff
osm-way-88140653,43.74630,24.63192,A7,0.6,natural=wetland
osm-way-88140655,43.74788,24.64249,A7,0.6,natural=wetland
osm-way-1197020900,43.79126,24.65761,A7,0.6,natural=wetland
osm-way-88099318,43.87548,24.35162,A7,0.6,natural=wetland
osm-way-1125734498,43.86913,24.36958,A2,0.5,historic=archaeological_site
osm-way-1125734499,43.86640,24.36461,A2,0.5,historic=archaeological_site
osm-way-549798399,43.60078,25.18645,A7,0.6,natural=wetland
osm-way-614449873,43.63400,25.20225,A7,0.6,natural=wetland
osm-way-339560243,43.63081,25.35637,A3,0.9,natural=beach
osm-way-339560245,43.62893,25.37128,A7,0.6,natural=wetland
osm-way-1296032559,43.56892,25.49760,A7,0.6,natural=wetland
osm-way-338952464,43.67614,25.22556,A7,0.6,natural=wetland
osm-way-338952466,43.67251,25.21026,A7,0.6,natural=wetland
osm-way-338952445,43.67568,25.22175,A7,0.6,natural=wetland
osm-way-338952434,43.66223,25.24770,A7,0.6,natural=wetland
osm-way-338952407,43.67241,25.23711,A7,0.6,natural=wetland
osm-way-338952438,43.67568,25.23859,A7,0.6,natural=wetland
osm-way-338952468,43.67400,25.23944,A7,0.6,natural=wetland
osm-way-338952418,43.66781,25.25066,A7,0.6,natural=wetland
osm-way-338952443,43.66998,25.25092,A7,0.6,natural=wetland
osm-way-338952410,43.67472,25.24657,A7,0.6,natural=wetland
osm-way-88099047,43.71807,25.20704,A7,0.6,natural=wetland
osm-way-88140687,43.71293,25.20562,A7,0.6,natural=wetland
osm-way-88099132,43.73290,25.22105,A7,0.6,natural=wetland
osm-way-1412477825,43.65115,25.29122,A3,0.9,natural=beach
osm-way-1105055551,43.75516,25.37168,A7,0.6,natural=wetland
osm-way-88099760,43.74518,25.40459,A7,0.6,natural=wetland
osm-way-346448655,43.65409,25.50098,A7,0.6,natural=wetland
osm-way-1420823495,43.67535,25.52242,A7,0.6,natural=wetland
osm-way-1422345167,43.65150,25.52321,A7,0.6,natural=wetland
osm-way-86830160,43.72799,25.52040,A7,0.6,natural=wetland
osm-way-1421442820,43.71110,25.53512,A7,0.6,natural=wetland
osm-way-1421588965,43.69858,25.54429,A7,0.6,natural=wetland
osm-way-373949786,46.35592,24.11323,A2,0.5,historic=castle
osm-way-286430352,46.41454,23.94302,A7,0.6,natural=wetland
osm-way-286430335,46.41415,23.93583,A7,0.6,natural=wetland
osm-way-88134780,46.40340,24.09193,A7,0.6,natural=wetland
osm-way-793431980,46.47352,23.95189,A2,0.5,historic=castle
osm-way-804935143,46.47772,24.07229,A7,0.6,natural=wetland
osm-way-804935146,46.47816,24.08689,A7,0.6,natural=wetland
osm-way-88134869,46.47020,24.15898,A7,0.6,natural=wetland
osm-way-88134853,46.46831,24.17499,A7,0.6,natural=wetland
osm-way-220843954,46.46700,24.15926,A2,0.5,historic=castle
osm-way-356502744,46.46418,24.20501,A7,0.6,natural=wetland
osm-way-88134836,46.44476,24.27024,A7,0.6,natural=wetland
osm-way-1286551054,46.44571,24.25328,A7,0.6,natural=wetland
osm-way-804976800,46.43761,24.28450,A7,0.6,natural=wetland
osm-way-88134902,46.47375,24.19607,A7,0.6,natural=wetland
osm-node-11891729717,46.27210,23.78342,A4,0.9,natural=peak
osm-node-5400863201,46.40822,23.69092,A4,0.9,natural=peak
osm-node-5400860631,46.40100,23.71624,A4,0.9,natural=peak
osm-node-5400860632,46.40083,23.73685,A4,0.9,natural=peak
osm-node-5400882000,46.42599,23.76517,A4,0.9,natural=peak
osm-node-5593836917,47.81379,23.84004,A4,0.9,natural=peak
osm-node-5593836916,47.81806,23.84259,A4,0.9,natural=peak
osm-node-4259477473,47.71018,24.30535,A4,0.9,natural=peak
osm-node-4257646928,47.84860,23.73795,A4,0.9,natural=peak
osm-node-4257646927,47.85565,23.78377,A4,0.9,natural=peak
osm-node-4346419382,47.87426,23.78034,A4,0.9,natural=peak
osm-node-4232238870,47.87072,23.90381,A4,0.9,natural=peak
osm-node-4232254356,47.90344,23.87190,A4,0.9,natural=peak
osm-node-12989793078,48.05485,23.82751,A4,0.9,natural=peak
osm-node-4259442889,47.93157,23.95673,A4,0.9,natural=peak
osm-node-4259442892,47.93002,23.95378,A4,0.9,natural=peak
osm-node-4261488488,47.89254,23.96136,A4,0.9,natural=peak
osm-node-4261489346,47.90181,23.96052,A4,0.9,natural=peak
osm-node-4261489347,47.90279,23.96804,A4,0.9,natural=peak
osm-node-4257605255,47.91439,23.96613,A4,0.9,natural=peak
osm-node-4259447472,47.93511,23.97884,A4,0.9,natural=peak
osm-node-3555908053,47.87802,24.02651,A2,0.5,historic=castle
osm-node-13001554959,47.92396,24.08654,A4,0.9,natural=peak
osm-node-12140809654,47.99941,23.94961,A7,0.7,waterway=waterfall
osm-node-12989792615,47.99573,23.99720,A4,0.9,natural=peak
osm-node-12989787752,48.00609,24.00759,A4,0.9,natural=peak
osm-node-9741262868,47.97085,24.04584,A4,0.9,natural=peak
osm-node-12989805299,47.97783,24.04707,A4,0.9,natural=peak
osm-node-12989812830,48.04606,23.98448,A4,0.9,natural=peak
osm-node-1674547307,47.59242,24.37453,A4,0.9,natural=peak
osm-node-6649509256,47.61631,24.37874,A4,0.9,natural=peak
osm-node-6541793270,47.60529,24.38382,A4,0.9,natural=peak
osm-node-6649509257,47.60351,24.40014,A4,0.9,natural=peak
osm-node-6649509253,47.61433,24.39711,A4,0.9,natural=peak
osm-node-6649509254,47.60801,24.41089,A4,0.9,natural=peak
osm-node-6649509255,47.61420,24.41910,A4,0.9,natural=peak
osm-node-6539003535,47.59075,24.44061,A4,0.9,natural=peak
osm-node-6539018449,47.59524,24.45546,A4,0.9,natural=peak
osm-node-1105435102,47.58243,24.50107,A4,0.9,natural=peak
osm-node-6696412894,47.61897,24.50617,A4,0.9,natural=peak
osm-node-4259491823,47.67389,24.41100,A4,0.9,natural=peak
osm-node-4259488889,47.67796,24.41016,A4,0.9,natural=peak
osm-node-4259478997,47.69514,24.41970,A4,0.9,natural=peak
osm-node-6541783588,47.63853,24.45830,A4,0.9,natural=peak
osm-node-6696414166,47.63956,24.48140,A4,0.9,natural=peak
osm-node-26862796,47.75411,24.58200,A4,0.9,natural=peak
osm-node-11166511470,45.44605,27.98814,A4,0.9,natural=peak
osm-node-11166511473,45.55762,27.97647,A4,0.9,natural=peak
osm-node-11228598954,45.33568,28.14330,A4,0.9,natural=peak
osm-node-13227671994,45.35345,28.13847,A4,0.9,natural=peak
osm-node-10929609620,45.34200,28.15261,A4,0.9,natural=peak
osm-node-13227671993,45.35146,28.14476,A4,0.9,natural=peak
osm-node-11373360331,45.36668,28.13513,A4,0.9,natural=peak
osm-node-13227671992,45.35898,28.14680,A4,0.9,natural=peak
osm-node-11228598953,45.34066,28.15704,A4,0.9,natural=peak
osm-node-11195291554,45.33557,28.17323,A4,0.9,natural=peak
osm-node-11980778356,45.34881,28.16048,A4,0.9,natural=peak
osm-node-10929609621,45.37562,28.12435,A4,0.9,natural=peak
osm-node-13227671961,45.38352,28.11316,A4,0.9,natural=peak
osm-node-13227671990,45.38724,28.11163,A4,0.9,natural=peak
osm-node-10991576811,45.38599,28.11697,A4,0.9,natural=peak
osm-node-13227671991,45.37334,28.13136,A4,0.9,natural=peak
osm-node-13198281671,45.36995,28.13532,A4,0.9,natural=peak
osm-node-11037441576,45.38176,28.13098,A4,0.9,natural=peak
osm-node-12328402912,45.38444,28.20669,A4,0.9,natural=peak
osm-node-11166511469,45.45406,28.14236,A4,0.9,natural=peak
osm-way-49041429,46.30966,23.71761,A2,0.5,historic=castle
osm-way-494833906,46.31002,23.71769,A2,0.5,historic=castle
osm-way-213105836,46.28957,23.73922,A2,0.5,historic=castle
osm-way-696532308,46.32014,23.74285,A7,0.6,natural=wetland
osm-way-550933031,46.27881,23.85758,A2,0.5,historic=castle
osm-way-212386737,46.39334,23.86827,A2,0.5,historic=castle
osm-way-286430347,46.33483,23.93471,A7,0.6,natural=wetland
osm-way-286430327,46.33181,23.93512,A7,0.6,natural=wetland
osm-way-286430353,46.33589,23.93673,A7,0.6,natural=wetland
osm-way-286430355,46.33327,23.93618,A7,0.6,natural=wetland
osm-way-88134383,46.33955,24.01498,A7,0.6,natural=wetland
osm-way-88134559,46.32726,24.06651,A7,0.6,natural=wetland
osm-way-286430336,46.40551,23.91622,A7,0.6,natural=wetland
osm-way-286430354,46.40391,23.91741,A7,0.6,natural=wetland
osm-way-286430343,46.40469,23.91509,A7,0.6,natural=wetland
osm-way-88140252,47.82989,24.02010,A7,0.6,natural=wetland
osm-way-738931580,47.86174,23.78007,A4,0.5,natural=cliff
osm-way-738926356,47.86140,23.78524,A4,0.5,natural=cliff
osm-way-443172571,47.93117,23.85562,A3,0.9,natural=beach
osm-way-443172569,47.93079,23.85768,A3,0.9,natural=beach
osm-way-995548474,47.92033,23.88865,A3,0.9,natural=beach
osm-way-88140346,47.95971,23.83625,A7,0.6,natural=wetland
osm-way-443784398,47.96247,23.84945,A7,0.6,natural=wetland
osm-way-443784400,47.96083,23.85198,A7,0.6,natural=wetland
osm-way-443784401,47.95963,23.85155,A7,0.6,natural=wetland
osm-way-443784404,47.96069,23.85025,A7,0.6,natural=wetland
osm-way-443784407,47.96002,23.85062,A7,0.6,natural=wetland
osm-way-443786606,47.96814,23.83583,A7,0.6,natural=wetland
osm-way-443786608,47.96806,23.83531,A7,0.6,natural=wetland
osm-way-447436486,47.95132,23.86584,A4,0.5,natural=cliff
osm-way-447436487,47.95093,23.86398,A4,0.5,natural=cliff
osm-way-300621501,47.95573,23.86949,A4,0.5,natural=cliff
osm-way-300621502,47.95667,23.86874,A4,0.5,natural=cliff
osm-way-447032293,47.95787,23.86968,A4,0.5,natural=cliff
osm-way-443160171,47.96093,23.89697,A7,0.6,natural=wetland
osm-way-88140345,47.91095,24.02081,A7,0.6,natural=wetland
osm-way-443151418,47.94116,23.95972,A7,0.6,natural=wetland
osm-way-1373114737,47.99257,23.91667,A4,0.7,natural=ridge
osm-way-88140352,47.96382,23.97460,A7,0.6,natural=wetland
osm-way-974420705,47.59959,24.54789,A4,0.5,natural=cliff
osm-way-1394556744,47.77234,24.58594,A4,0.5,natural=cliff
osm-way-225287709,45.30675,27.98431,A7,0.6,natural=wetland
osm-way-225287711,45.31566,27.98752,A7,0.6,natural=wetland
osm-way-1498345880,45.49304,27.95391,A2,0.5,historic=archaeological_site
osm-way-760625338,45.41459,27.88024,A7,0.6,natural=wetland
osm-way-899677313,45.36266,27.91789,A7,0.6,natural=wetland
osm-way-87374113,45.38875,27.90498,A7,0.6,natural=wetland
osm-way-897947910,45.41871,27.95276,A7,0.6,natural=wetland
osm-way-245345316,45.40479,27.98954,A2,0.5,historic=fort
osm-way-899179307,45.41599,27.99023,A7,0.6,natural=wetland
osm-way-12194003,45.41488,27.99484,A7,0.6,natural=wetland
osm-way-900233045,45.41566,27.99503,A7,0.6,natural=wetland
osm-way-88121708,45.36033,28.11779,A7,0.6,natural=wetland
osm-way-88121843,45.36792,28.09029,A7,0.6,natural=wetland
osm-way-1236559018,45.32904,28.07082,A7,0.6,natural=wetland
osm-way-142352691,45.41006,28.00273,A2,0.5,historic=archaeological_site
osm-way-1117144987,45.40800,28.00863,A4,0.5,natural=cliff
osm-way-899356088,45.40213,28.02393,A7,0.6,natural=wetland
osm-way-899390244,45.40178,28.02391,A7,0.6,natural=wetland
osm-way-1411147446,45.42133,28.05152,A7,0.6,natural=wetland
osm-way-88122588,45.46385,27.93972,A7,0.6,natural=wetland
osm-way-888608686,45.46732,27.97846,A7,0.6,natural=wetland
osm-way-891487985,45.43295,27.99915,A7,0.6,natural=wetland
osm-way-894432148,45.43729,28.00222,A7,0.6,natural=wetland
osm-way-894440027,45.43807,28.00231,A7,0.6,natural=wetland
osm-way-894440028,45.43774,28.00229,A7,0.6,natural=wetland
osm-way-88127578,45.44351,28.00308,A7,0.6,natural=wetland
osm-way-88127614,45.47723,28.01301,A7,0.6,natural=wetland
osm-way-1289744004,45.47235,28.04540,A3,0.9,natural=beach
osm-way-894906765,45.46272,28.06831,A7,0.6,natural=wetland
osm-way-894906766,45.46195,28.07674,A7,0.6,natural=wetland
osm-way-894292244,45.46125,28.09123,A7,0.6,natural=wetland
osm-way-894936820,45.45614,28.09833,A7,0.6,natural=wetland
osm-way-1436202840,45.37353,28.15091,A7,0.6,natural=wetland
osm-way-1436226063,45.33719,28.14210,A4,0.5,natural=cliff
osm-way-1436226062,45.33393,28.14257,A4,0.5,natural=cliff
osm-way-1436226066,45.34426,28.14088,A4,0.5,natural=cliff
osm-way-1436226067,45.34969,28.14067,A4,0.5,natural=cliff
osm-way-1436226060,45.35287,28.13731,A4,0.5,natural=cliff
osm-way-1436226071,45.35982,28.13427,A4,0.5,natural=cliff
osm-way-1183902595,45.36661,28.13404,A4,0.5,natural=cliff
osm-way-1436226070,45.36037,28.13609,A2,0.5,historic=archaeological_site
osm-way-1442686345,45.35855,28.14631,A4,0.5,natural=cliff
osm-way-1442686358,45.36028,28.14929,A4,0.5,natural=cliff
osm-way-1437152831,45.35954,28.15115,A7,0.6,natural=wetland
osm-way-1436745739,45.33245,28.16917,A4,0.5,natural=cliff
osm-way-1442858051,45.33233,28.16382,A4,0.5,natural=cliff
osm-way-1442858084,45.33762,28.16904,A4,0.5,natural=cliff
osm-way-1436200136,45.38441,28.11127,A7,0.6,natural=wetland
osm-way-1436200137,45.37370,28.11961,A7,0.6,natural=wetland
osm-way-1435708782,45.38621,28.10988,A4,0.5,natural=cliff
osm-way-1435708783,45.38629,28.11013,A4,0.5,natural=cliff
osm-way-1436721179,45.38669,28.10982,A4,0.5,natural=cliff
osm-way-1442812763,45.38573,28.11030,A4,0.5,natural=cliff
osm-way-1442812764,45.38457,28.11051,A4,0.5,natural=cliff
osm-way-304279677,45.39137,28.11455,A7,0.6,natural=wetland
osm-way-1435983488,45.39381,28.11469,A7,0.6,natural=wetland
osm-way-1435983490,45.38996,28.10796,A7,0.6,natural=wetland
osm-way-1436721178,45.38711,28.11046,A4,0.5,natural=cliff
osm-way-1436721186,45.38787,28.11510,A4,0.5,natural=cliff
osm-way-1436721183,45.38737,28.10959,A4,0.5,natural=cliff
osm-way-1436721184,45.38815,28.10988,A4,0.5,natural=cliff
osm-way-1436721185,45.38829,28.11104,A4,0.5,natural=cliff
osm-way-1436202835,45.38703,28.12473,A7,0.6,natural=wetland
osm-way-1436202839,45.37528,28.13950,A7,0.6,natural=wetland
osm-way-57683048,45.37899,28.13886,A2,0.5,historic=archaeological_site
osm-way-1437122020,45.37962,28.13828,A4,0.5,natural=cliff
osm-way-1435891659,45.38186,28.12971,A4,0.5,natural=cliff
osm-way-1436202837,45.39107,28.13520,A7,0.6,natural=wetland
osm-way-1236559019,45.40639,28.11189,A7,0.6,natural=wetland
osm-way-88129595,45.53208,28.15798,A7,0.6,natural=wetland
osm-way-904249533,45.49493,28.17676,A4,0.5,natural=cliff
osm-way-754761895,45.47550,28.18819,A7,0.6,natural=wetland
osm-way-549774016,45.50335,28.16519,A7,0.6,natural=wetland
osm-way-904249529,45.50552,28.16827,A4,0.5,natural=cliff
osm-way-904249527,45.50724,28.16676,A4,0.5,natural=cliff
osm-way-904249528,45.50917,28.16609,A4,0.5,natural=cliff
osm-way-904249530,45.50312,28.17047,A4,0.5,natural=cliff
osm-way-904249531,45.50197,28.17208,A4,0.5,natural=cliff
osm-way-904249532,45.50099,28.17306,A4,0.5,natural=cliff
osm-way-904249525,45.51367,28.16633,A4,0.5,natural=cliff
osm-way-904249523,45.51963,28.16766,A4,0.5,natural=cliff
osm-way-904249524,45.51921,28.16811,A4,0.5,natural=cliff
osm-way-904249526,45.51720,28.16673,A4,0.5,natural=cliff
osm-way-1276513087,45.52346,28.16094,A7,0.6,natural=wetland
osm-way-904249519,45.52318,28.17041,A4,0.5,natural=cliff
osm-way-511012885,45.47002,28.22017,A4,0.5,natural=cliff
osm-way-511167063,45.47326,28.22562,A4,0.5,natural=cliff
osm-way-1276513091,45.53347,28.16338,A7,0.6,natural=wetland
osm-way-904249508,45.53019,28.17095,A4,0.5,natural=cliff
osm-way-904249509,45.53054,28.16996,A4,0.5,natural=cliff
osm-way-904249511,45.52694,28.17067,A4,0.5,natural=cliff
osm-way-904249501,45.53089,28.17166,A4,0.5,natural=cliff
osm-way-904249510,45.52915,28.17332,A4,0.5,natural=cliff
osm-node-5420530424,8.75578,27.38632,A2,0.5,historic=castle
osm-node-1750908057,44.96643,19.60790,A2,0.5,historic=archaeological_site
osm-node-11330637609,44.97107,19.62621,A2,0.5,historic=archaeological_site
osm-node-9060291196,45.10170,19.64557,A2,0.5,historic=archaeological_site
osm-node-6846292116,45.10890,19.62211,A4,0.9,natural=peak
osm-node-11330637571,44.97180,19.75650,A2,0.5,historic=archaeological_site
osm-node-11330628654,45.70834,20.05224,A2,0.5,historic=archaeological_site
osm-node-9798757528,45.65035,20.17755,A2,0.5,historic=archaeological_site
osm-node-11330637597,45.65038,20.17747,A2,0.5,historic=archaeological_site
osm-way-1096429735,8.76046,27.35801,A7,0.6,natural=wetland
osm-way-1433877650,44.88885,19.74900,A2,0.5,historic=archaeological_site
osm-way-88089995,44.93519,19.45896,A7,0.6,natural=wetland
osm-way-183080329,44.92570,19.43643,A7,0.6,natural=wetland
osm-way-1512967162,44.93659,19.44071,A7,0.6,natural=wetland
osm-way-1512967198,44.94041,19.43603,A7,0.6,natural=wetland
osm-way-1522328066,44.94724,19.48626,A7,0.6,natural=wetland
osm-way-1517373931,44.91096,19.47198,A7,0.6,natural=wetland
osm-way-1513923059,44.92179,19.46900,A7,0.6,natural=wetland
osm-way-1517373911,44.91412,19.45941,A7,0.6,natural=wetland
osm-way-1517373928,44.91060,19.46411,A7,0.6,natural=wetland
osm-way-1517373927,44.91351,19.46620,A7,0.6,natural=wetland
osm-way-1517373929,44.91239,19.46716,A7,0.6,natural=wetland
osm-way-1517373925,44.91636,19.46894,A7,0.6,natural=wetland
osm-way-1517373930,44.91202,19.46944,A7,0.6,natural=wetland
osm-way-1513923021,44.93455,19.47356,A7,0.6,natural=wetland
osm-way-1512967207,44.93391,19.48121,A7,0.6,natural=wetland
osm-way-1522328080,44.93262,19.49282,A7,0.6,natural=wetland
osm-way-1522451621,44.94226,19.50085,A7,0.6,natural=wetland
osm-way-1524333929,44.94772,19.49768,A7,0.6,natural=wetland
osm-way-1511951374,44.94887,19.42877,A7,0.6,natural=wetland
osm-way-1070266721,44.95144,19.49248,A7,0.6,natural=wetland
osm-way-1070266716,44.94755,19.51736,A7,0.6,natural=wetland
osm-way-1522451613,44.94588,19.52533,A7,0.6,natural=wetland
osm-way-1525744405,44.91649,19.52938,A7,0.6,natural=wetland
osm-way-1525744411,44.91206,19.53871,A7,0.6,natural=wetland
osm-way-1525793282,44.91051,19.54868,A7,0.6,natural=wetland
osm-way-283157306,44.93481,19.51266,A7,0.6,natural=wetland
osm-way-1536195816,44.92709,19.52343,A7,0.6,natural=wetland
osm-way-1272607717,44.94771,19.51208,A7,0.6,natural=wetland
osm-way-1272607718,44.94884,19.51108,A7,0.6,natural=wetland
osm-way-1522451612,44.94031,19.51511,A7,0.6,natural=wetland
osm-way-86955277,44.94622,19.52840,A7,0.6,natural=wetland
osm-way-1272607715,44.94779,19.52792,A7,0.6,natural=wetland
osm-way-1538452335,44.94443,19.52505,A7,0.6,natural=wetland
osm-way-1536494294,44.91634,19.55970,A7,0.6,natural=wetland
osm-way-283157418,44.96059,19.53961,A7,0.6,natural=wetland
osm-way-671130281,44.96674,19.56412,A7,0.6,natural=wetland
osm-way-1272607716,44.95423,19.52615,A7,0.6,natural=wetland
osm-way-1534576116,44.95744,19.53960,A7,0.6,natural=wetland
osm-way-1526364460,44.96027,19.54999,A7,0.6,natural=wetland
osm-way-1526364462,44.95948,19.54606,A7,0.6,natural=wetland
osm-way-1526364464,44.95923,19.55364,A7,0.6,natural=wetland
osm-way-1526364459,44.96489,19.55397,A7,0.6,natural=wetland
osm-way-1527793833,44.96379,19.55411,A7,0.6,natural=wetland
osm-way-1526364508,44.96568,19.55730,A7,0.6,natural=wetland
osm-way-819587764,44.97341,19.59466,A3,0.9,natural=beach
osm-way-1097117841,44.96945,19.59358,A2,0.5,historic=archaeological_site
osm-way-1067833761,44.97553,19.57253,A7,0.6,natural=wetland
osm-way-1527902973,44.94745,19.67147,A7,0.6,natural=wetland
osm-way-1527902974,44.94379,19.67261,A7,0.6,natural=wetland
osm-way-1527902971,44.94332,19.67960,A7,0.6,natural=wetland
osm-way-250105719,44.96175,19.61132,A3,0.9,natural=beach
osm-way-1067884904,44.98360,19.61710,A7,0.6,natural=wetland
osm-way-1047835788,44.99547,19.69432,A7,0.6,natural=wetland
osm-way-1047835789,44.99071,19.70759,A7,0.6,natural=wetland
osm-way-1067123556,45.00723,19.53900,A7,0.6,natural=wetland
osm-way-1067123557,45.00795,19.53505,A7,0.6,natural=wetland
osm-way-1069239487,44.97485,19.73572,A7,0.6,natural=wetland
osm-way-1069239489,44.97470,19.74743,A7,0.6,natural=wetland
osm-way-1068214593,44.99490,19.75191,A7,0.6,natural=wetland
osm-way-759625541,45.52379,20.02414,A7,0.6,natural=wetland
osm-way-1136721731,45.53039,20.10935,A7,0.6,natural=wetland
osm-way-1134927426,45.50809,20.13201,A7,0.6,natural=wetland
osm-way-1136721712,45.50630,20.13227,A7,0.6,natural=wetland
osm-way-1014091189,45.53842,19.87418,A7,0.6,natural=wetland
osm-way-1015151104,45.56669,19.85502,A7,0.6,natural=wetland
osm-way-1015259792,45.56058,19.85948,A7,0.6,natural=wetland
osm-way-956256230,45.57993,19.85877,A7,0.6,natural=wetland
osm-way-956264415,45.56988,19.85236,A7,0.6,natural=wetland
osm-way-1015259789,45.56865,19.85783,A7,0.6,natural=wetland
osm-way-1015259783,45.58437,19.85680,A7,0.6,natural=wetland
osm-way-713090354,45.54043,20.08104,A7,0.6,natural=wetland
osm-way-1134927408,45.55391,20.14371,A7,0.6,natural=wetland
osm-way-343355721,45.52686,20.11844,A2,0.5,historic=archaeological_site
osm-way-1104621299,45.59872,20.11403,A7,0.6,natural=wetland
osm-way-343356835,45.59688,20.11757,A2,0.5,historic=archaeological_site
osm-way-1103818770,45.61083,20.12222,A7,0.6,natural=wetland
osm-way-1103818768,45.62130,20.11419,A7,0.6,natural=wetland
osm-way-1067183877,45.64750,20.15379,A7,0.6,natural=wetland
osm-way-1067183878,45.66656,20.13317,A7,0.6,natural=wetland
osm-way-1103818767,45.63184,20.10358,A7,0.6,natural=wetland
osm-way-1103522149,45.63875,20.10729,A7,0.6,natural=wetland
osm-way-1103522148,45.63928,20.11490,A7,0.6,natural=wetland
osm-way-1103522150,45.64348,20.11058,A7,0.6,natural=wetland
osm-way-1103508332,45.64623,20.12474,A7,0.6,natural=wetland
osm-way-1103508331,45.65342,20.13381,A7,0.6,natural=wetland
osm-way-1255307019,45.66979,20.11894,A7,0.6,natural=wetland
osm-way-1101695900,45.68642,20.11141,A7,0.6,natural=wetland
osm-way-1101695904,45.69660,20.10851,A7,0.6,natural=wetland
osm-way-1101695892,45.69685,20.11995,A7,0.6,natural=wetland
osm-way-1136428730,45.57329,20.18195,A7,0.6,natural=wetland
osm-way-1067183891,45.69262,20.21816,A7,0.6,natural=wetland
osm-way-1137203576,45.58018,20.18427,A7,0.6,natural=wetland
osm-way-1137203582,45.57452,20.19613,A7,0.6,natural=wetland
osm-way-1136428705,45.58140,20.14893,A7,0.6,natural=wetland
osm-way-716661448,45.63827,20.16458,A7,0.6,natural=wetland
osm-way-1136428713,45.58072,20.15159,A7,0.6,natural=wetland
osm-way-1136428722,45.58845,20.15773,A7,0.6,natural=wetland
osm-way-1136469760,45.59882,20.15796,A7,0.6,natural=wetland
osm-way-1136469774,45.59756,20.15455,A7,0.6,natural=wetland
osm-way-1136469776,45.59587,20.16072,A7,0.6,natural=wetland
osm-way-1104671825,45.62184,20.15968,A7,0.6,natural=wetland
osm-way-1104671826,45.62215,20.15981,A7,0.6,natural=wetland
osm-way-499449009,45.62116,20.17454,A7,0.6,natural=wetland
osm-way-1137203607,45.59249,20.21494,A7,0.6,natural=wetland
osm-way-1137332195,45.59492,20.21614,A7,0.6,natural=wetland
osm-way-1137332202,45.59815,20.22959,A7,0.6,natural=wetland
osm-way-1067183874,45.67801,20.17406,A7,0.6,natural=wetland
osm-way-1067183876,45.65789,20.16376,A7,0.6,natural=wetland
osm-way-1103522217,45.64432,20.14297,A7,0.6,natural=wetland
osm-way-499448994,45.63310,20.18686,A7,0.6,natural=wetland
osm-way-1103508195,45.67200,20.15209,A7,0.6,natural=wetland
osm-way-1103508183,45.66067,20.17216,A7,0.6,natural=wetland
osm-way-1067183875,45.67778,20.18721,A7,0.6,natural=wetland
osm-way-1103427672,45.67626,20.21687,A7,0.6,natural=wetland
osm-way-210697234,64.83405,77.55079,A7,0.6,natural=wetland
osm-way-478098646,64.87338,77.70903,A7,0.6,natural=wetland
osm-way-209491504,64.87353,77.74786,A7,0.6,natural=wetland
osm-way-182639200,64.87854,77.70978,A7,0.6,natural=wetland
osm-way-182639208,64.88498,77.71669,A7,0.6,natural=wetland
osm-way-182639191,64.87770,77.70163,A7,0.6,natural=wetland
osm-way-182639202,64.88028,77.73717,A7,0.6,natural=wetland
osm-way-937020349,64.91831,77.75240,A3,0.9,natural=beach
osm-way-182490059,64.96624,77.67415,A7,0.6,natural=wetland
osm-way-182490054,64.98969,77.70021,A7,0.6,natural=wetland
osm-way-182639212,64.94074,77.95257,A7,0.6,natural=wetland
osm-way-615667770,64.97262,78.04200,A7,0.6,natural=wetland
osm-node-5414570726,8.95513,27.50976,A2,0.5,historic=castle
osm-node-4715482427,9.06162,27.51952,A3,0.9,natural=beach
osm-node-5657430889,48.83674,21.79780,A4,0.9,natural=peak
osm-node-10822270868,48.83654,21.79782,A2,0.5,historic=archaeological_site
osm-node-5657427926,48.83620,21.81037,A4,0.9,natural=peak
osm-node-3984638070,48.85296,21.78893,A4,0.9,natural=peak
osm-node-2621952745,48.86452,21.75877,A4,0.9,natural=peak
osm-node-5657430628,48.85498,21.77756,A4,0.9,natural=peak
osm-node-5657431524,48.87216,21.79353,A4,0.9,natural=peak
osm-node-2630293408,48.90196,21.75192,A4,0.9,natural=peak
osm-node-5638435891,48.92596,21.72589,A4,0.9,natural=peak
osm-node-12979272875,48.88906,21.76087,A4,0.9,natural=peak
osm-node-5657430888,48.89410,21.78471,A4,0.9,natural=peak
osm-node-2621952740,48.90120,21.80772,A4,0.9,natural=peak
osm-node-3984638091,48.92220,21.77176,A4,0.9,natural=peak
osm-node-3984636044,48.91947,21.79922,A4,0.9,natural=peak
osm-node-2319258589,48.98277,21.75396,A4,0.9,natural=peak
osm-node-5657433026,48.93872,21.75901,A4,0.9,natural=peak
osm-node-3984638059,48.93639,21.78019,A4,0.9,natural=peak
osm-node-3984638147,48.93662,21.79592,A4,0.9,natural=peak
osm-node-5657428049,48.94875,21.79328,A4,0.9,natural=peak
osm-node-5657427924,48.98101,21.76994,A4,0.9,natural=peak
osm-node-5657428296,48.97637,21.77990,A4,0.9,natural=peak
osm-node-5657434518,48.96606,21.80797,A4,0.9,natural=peak
osm-node-2319257913,49.00277,21.77827,A4,0.9,natural=peak
osm-node-5657431548,49.04302,21.79433,A4,0.9,natural=peak
osm-node-5657428106,48.82293,21.93073,A4,0.9,natural=peak
osm-node-2623983511,48.81993,21.94979,A4,0.9,natural=peak
osm-node-11752261348,48.81706,21.96031,A4,0.9,natural=peak
osm-node-11752261363,48.82155,21.95822,A4,0.9,natural=peak
osm-node-13504951327,48.80847,21.97438,A4,0.9,natural=peak
osm-node-2621952749,48.81791,21.97762,A4,0.9,natural=peak
osm-node-4992132373,48.81624,21.98769,A3,0.9,natural=beach
osm-node-2630293007,48.81790,21.99485,A4,0.9,natural=peak
osm-node-5657427655,48.82373,22.00499,A4,0.9,natural=peak
osm-node-11423218042,48.83153,21.92667,A4,0.9,natural=peak
osm-node-11423218044,48.83427,21.92258,A4,0.9,natural=peak
osm-node-2623983363,48.83195,21.93682,A4,0.9,natural=peak
osm-node-11423218043,48.85020,21.94207,A4,0.9,natural=peak
osm-node-2621952708,48.85237,21.95764,A4,0.9,natural=peak
osm-node-5657433027,48.86000,21.92971,A4,0.9,natural=peak
osm-node-3983747026,48.87668,21.91614,A4,0.9,natural=peak
osm-node-5657427761,48.87939,21.92015,A4,0.9,natural=peak
osm-node-7624839302,48.87212,21.94533,A4,0.9,natural=peak
osm-node-5657427266,48.83653,21.96995,A4,0.9,natural=peak
osm-node-2621952719,48.82886,21.99005,A4,0.9,natural=peak
osm-node-2621952742,48.83212,22.00550,A4,0.9,natural=peak
osm-node-3983747023,48.85213,21.99875,A4,0.9,natural=peak
osm-node-5638435896,48.86008,21.98218,A4,0.9,natural=peak
osm-node-5638435903,48.87282,21.98497,A4,0.9,natural=peak
osm-node-1347228430,48.86004,22.00600,A4,0.9,natural=peak
osm-node-1347231693,48.85563,22.01486,A4,0.9,natural=peak
osm-node-2621952738,48.83917,22.02444,A4,0.9,natural=peak
osm-node-5638435880,48.83375,22.04125,A4,0.9,natural=peak
osm-node-5638435906,48.84836,22.03142,A4,0.9,natural=peak
osm-node-1347225049,48.87533,22.04164,A4,0.9,natural=peak
osm-node-13021470042,48.87518,22.04136,A4,0.5,natural=cliff
osm-node-1347230370,48.85531,22.06723,A4,0.9,natural=peak
osm-node-1347214464,48.86903,22.07045,A4,0.9,natural=peak
osm-node-1347218426,48.87642,22.09043,A4,0.9,natural=peak
osm-node-3984636039,48.90601,21.81490,A4,0.9,natural=peak
osm-node-2621952699,48.89830,21.82818,A4,0.9,natural=peak
osm-node-206244311,48.90231,21.83210,A2,0.5,historic=castle
osm-node-12511942307,48.90237,21.83218,A4,0.9,natural=peak
osm-node-13361799137,48.89334,21.84403,A4,0.5,natural=cliff
osm-node-10107140894,48.90944,21.83199,A2,0.5,historic=archaeological_site
osm-node-5638435876,48.92540,21.82828,A4,0.9,natural=peak
osm-node-3983747017,48.91809,21.84337,A4,0.9,natural=peak
osm-node-1403857482,48.89245,21.86876,A4,0.9,natural=peak
osm-node-2621952697,48.88218,21.87829,A4,0.9,natural=peak
osm-node-10024596396,48.89266,21.88564,A4,0.9,natural=peak
osm-node-13346545869,48.90002,21.87181,A4,0.9,natural=peak
osm-node-2621952732,48.88732,21.89915,A4,0.9,natural=peak
osm-node-293390040,48.89095,21.91076,A2,0.5,historic=castle
osm-node-5638435899,48.90293,21.89868,A4,0.9,natural=peak
osm-node-3983747024,48.94120,21.81764,A4,0.9,natural=peak
osm-node-1403856669,48.93796,21.84583,A4,0.9,natural=peak
osm-node-5657433111,48.95097,21.83724,A4,0.9,natural=peak
osm-node-3984638114,48.97683,21.81685,A4,0.9,natural=peak
osm-node-5657425297,48.96815,21.83995,A4,0.9,natural=peak
osm-node-2621952683,48.98115,21.86278,A4,0.9,natural=peak
osm-node-13332468648,48.94527,21.86354,A4,0.9,natural=peak
osm-node-13332468646,48.93546,21.88541,A4,0.9,natural=peak
osm-node-13332468647,48.94620,21.88391,A4,0.9,natural=peak
osm-node-3984638111,48.95762,21.88108,A4,0.9,natural=peak
osm-node-11389853580,48.94034,21.89717,A4,0.9,natural=peak
osm-node-5657435322,48.95402,21.89747,A4,0.9,natural=peak
osm-node-3984638105,48.96181,21.87325,A4,0.9,natural=peak
osm-node-3984638092,48.98328,21.91133,A4,0.9,natural=peak
osm-node-5657427273,48.89121,21.93263,A4,0.9,natural=peak
osm-node-1403859503,48.91260,21.92436,A4,0.9,natural=peak
osm-node-1846817596,48.90638,21.92445,A4,0.9,natural=peak
osm-node-3983747030,48.92094,21.94103,A4,0.9,natural=peak
osm-node-2610849309,48.91127,21.94822,A4,0.9,natural=peak
osm-node-2623552000,48.91705,21.95735,A4,0.9,natural=peak
osm-node-5638435878,48.92386,21.95273,A4,0.9,natural=peak
osm-node-2623552416,48.88921,21.98577,A4,0.9,natural=peak
osm-node-1347264639,48.88484,22.01469,A4,0.9,natural=peak
osm-node-1403856914,48.91915,21.98132,A4,0.9,natural=peak
osm-node-1403860403,48.92459,22.00148,A4,0.9,natural=peak
osm-node-1719489273,48.94441,21.91574,A2,0.5,historic=archaeological_site
osm-node-3984636030,48.95228,21.91869,A4,0.9,natural=peak
osm-node-5657427258,48.94695,21.93785,A4,0.9,natural=peak
osm-node-5657430855,48.96564,21.93412,A4,0.9,natural=peak
osm-node-3984638098,48.97279,21.91787,A4,0.9,natural=peak
osm-node-5657430182,48.94553,21.97181,A4,0.9,natural=peak
osm-node-7624839301,48.95949,21.97386,A4,0.9,natural=peak
osm-node-2623983483,48.96246,21.97734,A4,0.9,natural=peak
osm-node-5657430864,48.98149,21.98257,A4,0.9,natural=peak
osm-node-1347305374,48.95874,22.00404,A4,0.9,natural=peak
osm-node-5657425520,48.99153,21.81930,A4,0.9,natural=peak
osm-node-3984638134,48.99171,21.85445,A4,0.9,natural=peak
osm-node-3984638081,49.00142,21.85534,A4,0.9,natural=peak
osm-node-3984638072,49.01592,21.82198,A4,0.9,natural=peak
osm-node-5657435368,49.03323,21.81531,A4,0.9,natural=peak
osm-node-2319262283,49.01333,21.84618,A4,0.9,natural=peak
osm-node-2319263481,48.99177,21.86612,A4,0.9,natural=peak
osm-node-3984638101,48.98784,21.88030,A4,0.9,natural=peak
osm-node-3984638128,49.00007,21.87927,A4,0.9,natural=peak
osm-node-10109183537,48.99543,21.90975,A2,0.5,historic=archaeological_site
osm-node-5657427253,49.00054,21.89411,A4,0.9,natural=peak
osm-node-2623983184,49.00776,21.90153,A4,0.9,natural=peak
osm-node-5657435405,49.03285,21.86374,A4,0.9,natural=peak
osm-node-3984638066,49.03403,21.87689,A4,0.9,natural=peak
osm-node-5657430849,49.02978,21.89006,A4,0.9,natural=peak
osm-node-3984638082,49.04194,21.81750,A4,0.9,natural=peak
osm-node-3984638084,49.04351,21.82793,A4,0.9,natural=peak
osm-node-5657429366,49.04914,21.87248,A4,0.9,natural=peak
osm-node-2621952705,49.06013,21.88611,A4,0.9,natural=peak
osm-node-5657428591,49.06755,21.88636,A4,0.9,natural=peak
osm-node-3984638123,48.98923,21.92463,A4,0.9,natural=peak
osm-node-5657427769,49.00886,21.93383,A4,0.9,natural=peak
osm-node-5657431023,48.98533,21.95852,A4,0.9,natural=peak
osm-node-5657431845,49.01879,21.91622,A4,0.9,natural=peak
osm-node-3984638115,49.02000,21.93290,A4,0.9,natural=peak
osm-node-5657428009,49.03330,21.92818,A4,0.9,natural=peak
osm-node-3983747021,48.99260,21.99189,A4,0.9,natural=peak
osm-node-3983747027,49.00203,21.98716,A4,0.9,natural=peak
osm-node-1347316614,49.00957,22.00407,A4,0.9,natural=peak
osm-node-5657425480,49.01618,21.97000,A4,0.9,natural=peak
osm-node-3983747018,49.01627,21.97948,A4,0.9,natural=peak
osm-node-9579238093,49.02269,21.97750,A4,0.9,natural=peak
osm-node-5657428193,49.01899,22.01543,A4,0.9,natural=peak
osm-node-2623552248,49.03398,22.00873,A4,0.9,natural=peak
osm-node-3984638063,49.05648,21.93556,A4,0.9,natural=peak
osm-node-2621952693,49.06838,21.93119,A4,0.9,natural=peak
osm-node-2621952679,49.05374,21.96914,A4,0.9,natural=peak
osm-node-3984638079,49.05597,21.98915,A4,0.9,natural=peak
osm-node-2623983199,49.05449,22.00991,A4,0.9,natural=peak
osm-node-5638435877,48.88371,22.03789,A4,0.9,natural=peak
osm-node-5638435902,48.88443,22.04425,A4,0.9,natural=peak
osm-node-1347256946,48.88695,22.06564,A4,0.9,natural=peak
osm-node-1347264079,48.89892,22.04645,A4,0.9,natural=peak
osm-node-1347255797,48.90494,22.06925,A4,0.9,natural=peak
osm-node-5638435905,48.91515,22.02506,A4,0.9,natural=peak
osm-node-1347291857,48.91411,22.04692,A4,0.9,natural=peak
osm-node-1347293447,48.92502,22.06269,A4,0.9,natural=peak
osm-node-12532177046,48.92503,22.06265,A2,0.5,historic=archaeological_site
osm-node-12532177047,48.92499,22.06273,A2,0.5,historic=archaeological_site
osm-node-1347289068,48.91839,22.09494,A4,0.9,natural=peak
osm-node-1347289221,48.93133,22.09489,A4,0.9,natural=peak
osm-node-1347288046,48.93196,22.10865,A4,0.9,natural=peak
osm-node-1347306001,48.96744,22.02104,A4,0.9,natural=peak
osm-node-1347303827,48.96723,22.03616,A4,0.9,natural=peak
osm-node-1347316190,48.98359,22.03697,A4,0.9,natural=peak
osm-node-1347301333,48.97138,22.05383,A4,0.9,natural=peak
osm-node-1347301323,48.97459,22.06947,A4,0.9,natural=peak
osm-node-1347290327,48.94243,22.09389,A4,0.9,natural=peak
osm-node-1347300870,48.95503,22.11601,A4,0.9,natural=peak
osm-node-1347312767,48.99104,22.06680,A4,0.9,natural=peak
osm-node-5657425479,48.99891,22.04981,A4,0.9,natural=peak
osm-node-1347316706,49.00791,22.04752,A4,0.9,natural=peak
osm-node-1347315980,49.00605,22.06567,A4,0.9,natural=peak
osm-node-12723596300,49.00599,22.06576,A2,0.5,historic=archaeological_site
osm-node-1347313558,49.01518,22.05125,A4,0.9,natural=peak
osm-node-5657430862,49.01708,22.04875,A4,0.9,natural=peak
osm-node-1347311020,48.99021,22.08743,A4,0.9,natural=peak
osm-node-1347309575,48.99904,22.08290,A4,0.9,natural=peak
osm-node-5657430845,48.98848,22.09895,A4,0.9,natural=peak
osm-node-6325532186,17.38831,104.83375,A7,0.85,water=lake
osm-node-3869621516,17.47147,104.84267,A4,0.9,natural=peak
osm-node-3869621531,17.51366,104.79425,A4,0.9,natural=peak
osm-node-3183627233,17.52053,104.78801,A4,0.9,natural=peak
osm-node-3869621534,17.52177,104.78983,A4,0.9,natural=peak
osm-node-3869621523,17.48889,104.83014,A4,0.9,natural=peak
osm-node-3869621525,17.49489,104.82072,A4,0.9,natural=peak
osm-node-4678211327,17.47769,104.83183,A4,0.9,natural=peak
osm-node-3869621521,17.48357,104.84282,A4,0.9,natural=peak
osm-node-3869621520,17.47812,104.85061,A4,0.9,natural=peak
osm-node-3869621527,17.50360,104.81082,A4,0.9,natural=peak
osm-node-3869621530,17.50950,104.82087,A4,0.9,natural=peak
osm-node-3869621535,17.52345,104.82332,A4,0.9,natural=peak
osm-node-3869621536,17.52497,104.84997,A4,0.9,natural=peak
osm-node-3183627234,17.52845,104.77500,A4,0.9,natural=peak
osm-node-3869621508,17.54026,104.79979,A4,0.9,natural=peak
osm-node-3183627232,17.54301,104.79305,A4,0.9,natural=peak
osm-node-3869618271,17.41399,104.90589,A4,0.9,natural=peak
osm-node-3869621514,17.43565,104.87073,A4,0.9,natural=peak
osm-node-3869621515,17.44634,104.87408,A4,0.9,natural=peak
osm-node-7188361243,17.44744,104.90954,A4,0.5,natural=cliff
osm-node-3869621518,17.47329,104.86254,A4,0.9,natural=peak
osm-node-3806746688,17.47258,104.87662,A4,0.9,natural=peak
osm-node-7188361236,17.44668,104.91229,A4,0.5,natural=cliff
osm-node-7181676563,17.45056,104.91156,A4,0.5,natural=cliff
osm-node-7181676572,17.45021,104.91167,A4,0.5,natural=cliff
osm-node-7181676573,17.45057,104.91117,A4,0.5,natural=cliff
osm-node-7188361230,17.45146,104.91351,A4,0.5,natural=cliff
osm-node-7188361232,17.45022,104.91328,A4,0.5,natural=cliff
osm-node-7193205386,17.45087,104.91334,A4,0.5,natural=cliff
osm-node-3869621526,17.49773,104.85836,A4,0.9,natural=peak
osm-node-3806746698,17.48932,104.87263,A4,0.9,natural=peak
osm-node-3806746660,17.49579,104.88624,A4,0.9,natural=peak
osm-node-3869621513,17.49579,104.88624,A4,0.9,natural=peak
osm-node-3869621512,17.50589,104.87082,A4,0.9,natural=peak
osm-node-3869621511,17.51643,104.86203,A4,0.9,natural=peak
osm-way-467945142,8.92149,27.50877,A7,0.6,natural=wetland
osm-way-467945143,8.92367,27.51455,A7,0.6,natural=wetland
osm-way-477741956,8.98101,27.53359,A7,0.6,natural=wetland
osm-way-477739207,8.97899,27.53298,A7,0.6,natural=wetland
osm-way-477739208,8.97855,27.53350,A7,0.6,natural=wetland
osm-way-114931596,48.91439,21.73841,A2,0.5,historic=castle
osm-way-1312649446,48.91480,21.73997,A4,0.5,natural=cliff
osm-way-1226742127,48.90238,21.80679,A4,0.5,natural=cliff
osm-way-1226742129,48.90215,21.80812,A4,0.5,natural=cliff
osm-way-1226742131,48.90152,21.80561,A4,0.5,natural=cliff
osm-way-1382392384,48.97056,21.72642,A4,0.5,natural=cliff
osm-way-1155627345,48.93388,21.76919,A7,0.6,natural=wetland
osm-way-1266915911,48.82061,21.85063,A7,0.6,natural=wetland
osm-way-1266915912,48.82126,21.85072,A7,0.6,natural=wetland
osm-way-1112746034,48.86090,21.82309,A7,0.6,natural=wetland
osm-way-1229996915,48.87815,21.88497,A4,0.5,natural=cliff
osm-way-1230178907,48.86142,21.89119,A7,0.6,natural=wetland
osm-way-1229996936,48.87081,21.89287,A4,0.5,natural=cliff
osm-way-73765911,48.82001,21.94998,A2,0.5,historic=castle
osm-way-1233393847,48.82630,21.94399,A4,0.5,natural=cliff
osm-way-1233393848,48.82602,21.94362,A4,0.5,natural=cliff
osm-way-845149307,48.80903,21.97220,A4,0.5,natural=cliff
osm-way-507367458,48.82064,21.97635,A4,0.5,natural=cliff
osm-way-507367459,48.82021,21.97703,A4,0.5,natural=cliff
osm-way-507367460,48.81953,21.97720,A4,0.5,natural=cliff
osm-way-507367461,48.81981,21.97741,A4,0.5,natural=cliff
osm-way-507367456,48.82215,21.97648,A4,0.5,natural=cliff
osm-way-507367457,48.82146,21.97640,A4,0.5,natural=cliff
osm-way-328707750,48.81683,21.98527,A3,0.9,natural=beach
osm-way-845640008,48.81967,21.98650,A3,0.9,natural=beach
osm-way-1231724170,48.83727,21.92832,A4,0.5,natural=cliff
osm-way-1388786281,48.84812,21.94096,A7,0.6,natural=wetland
osm-way-1233393843,48.83051,21.94453,A4,0.5,natural=cliff
osm-way-1388786283,48.84949,21.94499,A7,0.6,natural=wetland
osm-way-1388786284,48.84915,21.94464,A7,0.6,natural=wetland
osm-way-1108377636,48.87381,21.91787,A4,0.5,natural=cliff
osm-way-1108377646,48.87670,21.91585,A4,0.5,natural=cliff
osm-way-1108377647,48.87709,21.91665,A4,0.5,natural=cliff
osm-way-1319269639,48.87433,21.92661,A4,0.5,natural=cliff
osm-way-1319269640,48.87453,21.92549,A4,0.5,natural=cliff
osm-way-1319269633,48.86584,21.94746,A7,0.6,natural=wetland
osm-way-98210053,48.90520,21.85809,A7,0.6,natural=wetland
osm-way-1226742119,48.89742,21.82063,A4,0.5,natural=cliff
osm-way-1225235146,48.90214,21.81316,A7,0.6,natural=wetland
osm-way-1225235147,48.90216,21.81284,A7,0.6,natural=wetland
osm-way-1225235141,48.89720,21.83164,A4,0.5,natural=cliff
osm-way-1225235114,48.90225,21.83294,A4,0.5,natural=cliff
osm-way-1225235180,48.90229,21.83176,A4,0.5,natural=cliff
osm-way-1227295450,48.88859,21.84205,A4,0.5,natural=cliff
osm-way-1456922329,48.89224,21.84260,A4,0.5,natural=cliff
osm-way-1456922337,48.89212,21.84230,A4,0.5,natural=cliff
osm-way-1456922338,48.89214,21.84252,A4,0.5,natural=cliff
osm-way-1456922330,48.89274,21.84320,A4,0.5,natural=cliff
osm-way-1456922331,48.89266,21.84340,A4,0.5,natural=cliff
osm-way-1456922332,48.89286,21.84362,A4,0.5,natural=cliff
osm-way-1456922333,48.89311,21.84392,A4,0.5,natural=cliff
osm-way-1456922339,48.89302,21.84449,A4,0.5,natural=cliff
osm-way-1456922340,48.89250,21.84402,A4,0.5,natural=cliff
osm-way-1227027745,48.88525,21.85373,A4,0.5,natural=cliff
osm-way-1105144929,48.89319,21.85998,A4,0.5,natural=cliff
osm-way-1105145067,48.89254,21.86805,A4,0.5,natural=cliff
osm-way-1104107105,48.89262,21.88560,A4,0.5,natural=cliff
osm-way-1104108029,48.89247,21.88574,A4,0.5,natural=cliff
osm-way-1319289624,48.89131,21.91021,A4,0.5,natural=cliff
osm-way-583791270,48.90146,21.91765,A4,0.5,natural=cliff
osm-way-583791287,48.90102,21.91892,A4,0.5,natural=cliff
osm-way-583791288,48.90111,21.91971,A4,0.5,natural=cliff
osm-way-583791289,48.90135,21.91787,A4,0.5,natural=cliff
osm-way-583791271,48.90359,21.92340,A4,0.5,natural=cliff
osm-way-583791273,48.90589,21.92410,A4,0.5,natural=cliff
osm-way-583791228,48.91219,21.92725,A4,0.5,natural=cliff
osm-way-583791229,48.91244,21.92603,A4,0.5,natural=cliff
osm-way-583791272,48.90640,21.92447,A4,0.5,natural=cliff
osm-way-583791231,48.91183,21.92804,A4,0.5,natural=cliff
osm-way-976582947,48.91535,21.91630,A4,0.5,natural=cliff
osm-way-220873331,48.94585,22.01639,A7,0.6,natural=wetland
osm-way-1374185686,48.95780,22.01925,A4,0.5,natural=cliff
osm-way-814095190,48.90000,22.03875,A4,0.5,natural=cliff
osm-way-1157919138,48.89839,22.06452,A4,0.5,natural=cliff
osm-way-818095516,48.91096,22.05425,A4,0.5,natural=cliff
osm-way-1157916164,48.91324,22.06802,A4,0.5,natural=cliff
osm-way-1157915941,48.93027,22.09210,A4,0.5,natural=cliff
osm-way-1157916734,48.93219,22.10945,A4,0.5,natural=cliff
osm-way-1004770669,48.94987,22.03898,A7,0.6,natural=wetland
osm-way-968863114,48.95445,22.05472,A7,0.6,natural=wetland
osm-way-968823384,48.95895,22.07264,A7,0.6,natural=wetland
osm-way-1000326657,48.96003,22.07265,A7,0.6,natural=wetland
osm-way-1000326658,48.96000,22.07305,A7,0.6,natural=wetland
osm-way-1004762936,48.95984,22.07705,A7,0.6,natural=wetland
osm-way-1087715360,48.96437,22.07727,A7,0.6,natural=wetland
osm-way-1004762937,48.95933,22.08060,A7,0.6,natural=wetland
osm-way-968860647,48.95993,22.07882,A7,0.6,natural=wetland
osm-way-1087715359,48.96226,22.08528,A7,0.6,natural=wetland
osm-way-1159188988,48.99499,22.05801,A7,0.6,natural=wetland
osm-way-1159188989,48.99407,22.05847,A7,0.6,natural=wetland
osm-way-378470193,17.34282,104.65612,A7,0.6,natural=wetland
osm-way-375378456,17.47986,104.68021,A7,0.6,natural=wetland
osm-way-654734179,17.46150,104.86222,A7,0.6,natural=wetland
osm-node-8755349517,-4.55445,30.11558,A2,0.5,historic=castle
osm-node-12507302610,14.05170,99.52807,A4,0.9,natural=peak
osm-node-12507302611,14.05865,99.51525,A4,0.9,natural=peak
osm-node-12501170699,14.07194,99.49987,A4,0.9,natural=peak
osm-node-2497499390,40.55766,35.01798,A4,0.9,natural=peak
osm-node-2497499407,40.49187,35.04972,A4,0.9,natural=peak
osm-node-2497499350,40.53060,35.11082,A4,0.9,natural=peak
osm-way-579317332,-4.70535,30.09265,A7,0.6,natural=wetland
osm-way-588627599,-4.64403,30.17279,A7,0.6,natural=wetland
osm-way-588631721,-4.64828,30.18050,A7,0.6,natural=wetland
osm-way-572736864,-4.61867,30.17282,A7,0.6,natural=wetland
osm-way-766000056,13.90581,99.48256,A4,0.5,natural=cliff
osm-way-1115543086,14.05995,99.50835,A4,0.5,natural=cliff
osm-way-1115543088,14.06170,99.50681,A4,0.5,natural=cliff
osm-way-1135581455,14.01505,99.51308,A7,0.6,natural=wetland
osm-way-1267639164,14.01141,99.53210,A3,0.9,natural=beach
osm-way-1503262009,14.01010,99.53277,A3,0.9,natural=beach
osm-way-1473477962,13.97083,99.59722,A7,0.6,natural=wetland
osm-way-1432713964,13.98785,99.56714,A3,0.9,natural=beach
osm-way-1356167800,14.01864,99.51524,A7,0.6,natural=wetland
osm-way-1115543085,14.05930,99.51457,A4,0.5,natural=cliff
osm-way-1532108919,14.04056,99.60500,A7,0.6,natural=wetland
osm-way-284823809,13.95814,99.63208,A7,0.6,natural=wetland
osm-way-100607426,40.47367,34.81240,A2,0.5,historic=archaeological_site
osm-way-100617797,40.56674,34.84805,A2,0.5,historic=archaeological_site
osm-way-1018368048,40.54557,34.95710,A2,0.5,historic=castle
osm-way-100617768,40.64781,34.92261,A2,0.5,historic=archaeological_site
osm-node-5434926629,49.39298,23.15425,A4,0.9,natural=peak
osm-node-3697174748,49.44852,23.33120,A2,0.5,historic=archaeological_site
osm-node-4289366181,49.60681,23.22801,A4,0.9,natural=peak
osm-node-4289366184,49.60538,23.23731,A4,0.9,natural=peak
osm-node-6953975412,49.00299,31.03671,A4,0.5,natural=cliff
osm-node-6768800654,49.00350,31.03965,A4,0.9,natural=peak
osm-node-6953975413,49.00301,31.03838,A4,0.5,natural=cliff
osm-node-2600508180,49.00486,31.03988,A4,0.5,natural=cliff
osm-node-2600508193,49.00490,31.03970,A4,0.5,natural=cliff
osm-node-2600508212,49.00504,31.03998,A4,0.5,natural=cliff
osm-node-2600508214,49.00502,31.03990,A4,0.5,natural=cliff
osm-node-2600508226,49.00503,31.03979,A4,0.5,natural=cliff
osm-node-2600508228,49.00502,31.03829,A4,0.5,natural=cliff
osm-node-2600508236,49.00513,31.03827,A4,0.5,natural=cliff
osm-node-7466057403,49.00522,31.05454,A4,0.5,natural=cliff
osm-node-6953975410,49.00433,31.06919,A4,0.5,natural=cliff
osm-node-6953975411,49.00471,31.07007,A4,0.5,natural=cliff
osm-node-7466057399,49.00716,31.06706,A4,0.5,natural=cliff
osm-node-7466057400,49.00674,31.06785,A4,0.5,natural=cliff
osm-node-7466057401,49.00682,31.06762,A4,0.5,natural=cliff
osm-node-11812549459,49.04481,31.58013,A4,0.9,natural=peak
osm-node-1295912758,47.94629,37.74510,A4,0.9,natural=peak
osm-node-1295912816,47.94548,37.74464,A4,0.9,natural=peak
osm-node-3381781131,47.93563,37.89779,A4,0.9,natural=peak
osm-node-1840614777,47.93425,37.90496,A4,0.9,natural=peak
osm-node-3379453088,47.91842,37.92996,A4,0.9,natural=peak
osm-node-3381782046,47.92544,37.90817,A4,0.9,natural=peak
osm-node-3379453917,47.91756,37.93227,A4,0.9,natural=peak
osm-node-2030614470,47.92378,37.95396,A4,0.9,natural=peak
osm-node-2030614555,47.92722,37.95578,A4,0.9,natural=peak
osm-node-2030614657,47.93584,37.95620,A4,0.9,natural=peak
osm-node-2030614660,47.93590,37.95432,A4,0.9,natural=peak
osm-node-1275295281,47.96559,37.76140,A4,0.9,natural=peak
osm-node-3381408050,47.96579,37.76933,A4,0.9,natural=peak
osm-node-2286184019,47.97723,37.76070,A4,0.9,natural=peak
osm-node-1275290036,47.98701,37.75979,A4,0.9,natural=peak
osm-node-2286184098,47.98237,37.76479,A4,0.9,natural=peak
osm-node-1275290431,47.98720,37.77620,A4,0.9,natural=peak
osm-node-3381408053,47.98711,37.77730,A4,0.9,natural=peak
osm-node-3381408048,47.94940,37.83133,A4,0.9,natural=peak
osm-node-3379454047,47.94536,37.85156,A4,0.9,natural=peak
osm-node-4968524921,47.97719,37.82561,A2,0.5,historic=castle
osm-node-3381408052,47.96660,37.83380,A4,0.9,natural=peak
osm-node-1263128212,47.96324,37.83775,A4,0.9,natural=peak
osm-node-3379453305,47.99518,37.75231,A4,0.9,natural=peak
osm-node-1257918334,47.99639,37.75485,A4,0.9,natural=peak
osm-node-3381841465,47.99929,37.75885,A4,0.9,natural=peak
osm-node-1275290271,47.99274,37.76563,A4,0.9,natural=peak
osm-node-1254094242,47.99681,37.77952,A4,0.9,natural=peak
osm-node-1254094250,47.99641,37.78402,A4,0.9,natural=peak
osm-node-1295894324,48.02254,37.77246,A4,0.9,natural=peak
osm-node-1295894325,48.02830,37.77269,A4,0.9,natural=peak
osm-node-1295894330,48.02884,37.77879,A4,0.9,natural=peak
osm-node-1344721725,48.03379,37.79408,A4,0.9,natural=peak
osm-node-1303447389,48.03745,37.78953,A4,0.9,natural=peak
osm-node-1336025758,48.03729,37.79766,A4,0.9,natural=peak
osm-node-2115795157,47.99842,37.84238,A4,0.9,natural=peak
osm-node-3381782008,48.02547,37.81730,A4,0.9,natural=peak
osm-node-1295877573,48.03848,37.80893,A4,0.9,natural=peak
osm-node-1295877645,48.03930,37.81514,A4,0.9,natural=peak
osm-node-1484161570,48.02367,37.83008,A4,0.9,natural=peak
osm-node-2119309724,48.02717,37.84020,A4,0.9,natural=peak
osm-node-3379453960,48.01928,37.85041,A4,0.9,natural=peak
osm-node-1484161791,48.02757,37.84159,A4,0.9,natural=peak
osm-node-1484161543,48.02270,37.85008,A4,0.9,natural=peak
osm-node-1484161809,48.02791,37.84993,A4,0.9,natural=peak
osm-node-13025157102,48.03986,37.83163,A4,0.9,natural=peak
osm-node-1484161851,48.02859,37.84959,A4,0.9,natural=peak
osm-node-1484161890,48.02947,37.84980,A4,0.9,natural=peak
osm-node-3379454134,48.03642,37.84308,A4,0.9,natural=peak
osm-node-1672805020,47.95753,37.86120,A4,0.9,natural=peak
osm-node-3381782047,47.93820,37.90266,A4,0.9,natural=peak
osm-node-3381412091,47.95870,37.89797,A4,0.9,natural=peak
osm-node-3381416993,47.97386,37.86368,A4,0.9,natural=peak
osm-node-1368134261,47.97219,37.88554,A4,0.9,natural=peak
osm-node-1368134350,47.97130,37.88579,A4,0.9,natural=peak
osm-node-1368134200,47.97019,37.88841,A4,0.9,natural=peak
osm-node-3381781167,47.96368,37.90399,A4,0.9,natural=peak
osm-node-3381412092,47.96933,37.89649,A4,0.9,natural=peak
osm-node-3381781190,47.98561,37.89951,A4,0.9,natural=peak
osm-node-3379454132,47.94425,37.93146,A4,0.9,natural=peak
osm-node-3379453293,47.95103,37.91076,A4,0.9,natural=peak
osm-node-1840615446,47.95581,37.92275,A4,0.9,natural=peak
osm-node-5101170922,47.95569,37.92925,A7,0.7,waterway=waterfall
osm-node-1815321932,47.95784,37.92339,A4,0.9,natural=peak
osm-node-1295927051,47.95860,37.94968,A4,0.9,natural=peak
osm-node-1295927011,47.95833,37.95230,A4,0.9,natural=peak
osm-node-1295927031,47.95848,37.95420,A4,0.9,natural=peak
osm-node-1295927046,47.95899,37.95339,A4,0.9,natural=peak
osm-node-1368134267,47.96472,37.90940,A4,0.9,natural=peak
osm-node-1250214966,47.99608,37.85676,A4,0.9,natural=peak
osm-node-1251327203,47.99492,37.87693,A4,0.9,natural=peak
osm-node-6544280482,48.00401,37.88078,A3,0.9,natural=beach
osm-node-3379454016,48.03633,37.86822,A4,0.9,natural=peak
osm-node-1810427179,48.03624,37.89570,A4,0.9,natural=peak
osm-node-3379453914,47.99863,37.94664,A4,0.9,natural=peak
osm-node-3379454071,48.03865,37.94279,A4,0.9,natural=peak
osm-node-3379454030,47.87545,38.04395,A4,0.9,natural=peak
osm-node-2298674876,47.92862,37.99984,A4,0.9,natural=peak
osm-node-3379454012,47.89242,38.01475,A4,0.9,natural=peak
osm-node-1961448675,47.88500,38.03366,A4,0.9,natural=peak
osm-node-1961449063,47.89962,38.05962,A4,0.9,natural=peak
osm-node-3379453987,47.87142,38.08102,A4,0.9,natural=peak
osm-node-2030614816,47.94527,37.96499,A4,0.9,natural=peak
osm-node-2030614788,47.94310,37.98718,A4,0.9,natural=peak
osm-node-2030614826,47.94670,37.99916,A4,0.9,natural=peak
osm-node-2293717526,47.94938,38.00155,A4,0.9,natural=peak
osm-node-3379454148,47.94705,37.99850,A4,0.9,natural=peak
osm-node-2030614879,47.95833,37.98764,A4,0.9,natural=peak
osm-node-2298675364,47.96110,37.99617,A4,0.9,natural=peak
osm-node-2293717583,47.95139,38.00888,A4,0.9,natural=peak
osm-node-2030614961,47.96879,37.98242,A4,0.9,natural=peak
osm-node-1815322208,47.98481,37.98718,A4,0.9,natural=peak
osm-node-3379453978,47.98753,37.98554,A4,0.9,natural=peak
osm-node-2298674877,47.94537,38.01194,A4,0.9,natural=peak
osm-node-2293717477,47.94589,38.06262,A4,0.9,natural=peak
osm-node-2293717850,47.97258,38.02989,A4,0.9,natural=peak
osm-node-2293717857,47.97346,38.02961,A4,0.9,natural=peak
osm-node-2293717863,47.97425,38.02869,A4,0.9,natural=peak
osm-node-2788781627,47.98847,38.02929,A4,0.9,natural=peak
osm-node-3379453297,47.98487,38.04884,A4,0.9,natural=peak
osm-node-2283986137,47.98055,38.05690,A4,0.9,natural=peak
osm-node-2283986154,47.98147,38.06266,A4,0.9,natural=peak
osm-node-2283983791,48.01116,37.96827,A4,0.9,natural=peak
osm-node-2283983804,48.01298,37.96537,A4,0.9,natural=peak
osm-node-2283983819,48.01388,37.96817,A4,0.9,natural=peak
osm-node-3379453904,48.00233,37.97541,A4,0.9,natural=peak
osm-node-3604829865,48.01405,37.97309,A4,0.9,natural=peak
osm-node-1815322276,47.98928,37.98627,A4,0.9,natural=peak
osm-node-2788782138,47.99827,37.98978,A4,0.9,natural=peak
osm-node-2788782054,47.99663,37.99464,A4,0.9,natural=peak
osm-node-2293722025,47.99524,38.00637,A4,0.9,natural=peak
osm-node-2788782114,47.99800,38.00888,A4,0.9,natural=peak
osm-node-2788782571,48.00380,37.99927,A4,0.9,natural=peak
osm-node-2283979682,48.02174,37.97153,A4,0.9,natural=peak
osm-node-2283979711,48.02431,37.96657,A4,0.9,natural=peak
osm-node-3604829839,48.02181,37.97045,A4,0.9,natural=peak
osm-node-2283983833,48.02274,37.98633,A4,0.9,natural=peak
osm-node-3379453907,48.03880,38.00993,A4,0.9,natural=peak
osm-node-2293721922,47.98900,38.01374,A4,0.9,natural=peak
osm-node-2293721943,47.98968,38.01400,A4,0.9,natural=peak
osm-node-2788781692,47.98991,38.02252,A4,0.9,natural=peak
osm-node-2293722028,47.99791,38.01118,A4,0.9,natural=peak
osm-node-2788782304,48.00081,38.02144,A4,0.9,natural=peak
osm-node-3379454168,48.00399,38.05193,A4,0.9,natural=peak
osm-node-3379454070,48.02593,38.02181,A4,0.9,natural=peak
osm-node-3379453981,48.01748,38.02832,A4,0.9,natural=peak
osm-node-3379454161,48.02702,38.02957,A4,0.9,natural=peak
osm-node-2283986171,48.02469,38.04559,A4,0.9,natural=peak
osm-node-2283986170,48.01957,38.05447,A4,0.9,natural=peak
osm-node-3379454014,48.02788,38.05485,A4,0.9,natural=peak
osm-node-3379454051,48.02287,38.06122,A4,0.9,natural=peak
osm-node-3379453956,47.94809,38.08888,A4,0.9,natural=peak
osm-node-1961448463,47.95305,38.06398,A4,0.9,natural=peak
osm-node-1961448530,47.95103,38.06921,A4,0.9,natural=peak
osm-node-2377189302,47.94327,38.09769,A4,0.9,natural=peak
osm-node-1961449066,47.96345,38.06740,A4,0.9,natural=peak
osm-node-1961449448,47.96292,38.06754,A4,0.9,natural=peak
osm-node-3379453926,47.97440,38.08198,A4,0.9,natural=peak
osm-node-2377190125,47.97443,38.08898,A4,0.9,natural=peak
osm-node-2377190144,47.97564,38.08926,A4,0.9,natural=peak
osm-node-2377189989,47.96674,38.11094,A4,0.9,natural=peak
osm-node-2377190011,47.96789,38.11056,A4,0.9,natural=peak
osm-node-3379453296,47.97254,38.10563,A4,0.9,natural=peak
osm-node-2377190172,47.98291,38.12192,A4,0.9,natural=peak
osm-node-2283986169,48.00333,38.06978,A4,0.9,natural=peak
osm-node-3379453996,48.00371,38.08215,A4,0.9,natural=peak
osm-node-3379453951,48.02202,38.11553,A4,0.9,natural=peak
osm-node-3379453985,47.99075,38.12321,A4,0.9,natural=peak
osm-node-1295877664,48.04135,37.81118,A4,0.9,natural=peak
osm-node-13063412173,48.04308,37.84087,A4,0.9,natural=peak
osm-node-3379453345,48.05726,37.83279,A4,0.9,natural=peak
osm-node-3379454020,48.05874,37.84173,A4,0.9,natural=peak
osm-node-3379453990,48.05166,37.86290,A4,0.9,natural=peak
osm-node-3379453353,48.06730,37.87825,A4,0.9,natural=peak
osm-node-3379454162,48.04772,37.88833,A4,0.9,natural=peak
osm-node-3379454146,48.05322,37.89204,A4,0.9,natural=peak
osm-node-9960101814,48.06814,37.86617,A4,0.9,natural=peak
osm-node-3379453992,48.07708,37.85461,A4,0.9,natural=peak
osm-node-2374267939,48.07811,37.88376,A4,0.9,natural=peak
osm-node-2374268076,48.08460,37.88505,A4,0.9,natural=peak
osm-node-3379454054,48.08181,37.90074,A4,0.9,natural=peak
osm-node-3379454098,48.08542,37.92645,A4,0.9,natural=peak
osm-node-3379453962,48.05536,37.98369,A4,0.9,natural=peak
osm-node-3379454123,48.04241,37.99362,A4,0.9,natural=peak
osm-node-3379453991,48.05873,37.98813,A4,0.9,natural=peak
osm-node-2283979737,48.06151,37.98844,A4,0.9,natural=peak
osm-node-3379454084,48.05691,38.00269,A4,0.9,natural=peak
osm-node-3379453929,48.06016,38.02113,A4,0.9,natural=peak
osm-node-3379454099,48.04764,38.05280,A4,0.9,natural=peak
osm-node-2283979770,48.07163,38.01395,A4,0.9,natural=peak
osm-node-2283979810,48.07354,38.01552,A4,0.9,natural=peak
osm-node-3379454004,48.04140,38.08195,A4,0.9,natural=peak
osm-way-894282432,49.44796,23.01909,A3,0.9,natural=beach
osm-way-894657268,49.44976,23.02441,A3,0.9,natural=beach
osm-way-547091121,49.47405,23.00422,A7,0.6,natural=wetland
osm-way-662357418,49.44210,23.12768,A7,0.6,natural=wetland
osm-way-662357414,49.44073,23.12626,A7,0.6,natural=wetland
osm-way-1279418814,49.44169,23.12438,A7,0.6,natural=wetland
osm-way-1081689734,49.46213,23.07582,A7,0.6,natural=wetland
osm-way-520110964,49.46830,23.10792,A7,0.6,natural=wetland
osm-way-1081689022,49.46864,23.10020,A7,0.6,natural=wetland
osm-way-520110959,49.46886,23.11019,A7,0.6,natural=wetland
osm-way-520110961,49.46866,23.10924,A7,0.6,natural=wetland
osm-way-547411646,49.50449,23.10971,A7,0.6,natural=wetland
osm-way-1096377695,49.47945,23.14135,A3,0.9,natural=beach
osm-way-424406000,49.42659,23.27462,A7,0.6,natural=wetland
osm-way-424406002,49.42779,23.27640,A7,0.6,natural=wetland
osm-way-424406007,49.42614,23.27278,A7,0.6,natural=wetland
osm-way-547424736,49.43966,23.23006,A7,0.6,natural=wetland
osm-way-417229346,49.46607,23.27186,A7,0.6,natural=wetland
osm-way-417222751,49.48885,23.23544,A7,0.6,natural=wetland
osm-way-659701638,49.41556,23.32527,A7,0.6,natural=wetland
osm-way-331988707,49.43060,23.31771,A7,0.6,natural=wetland
osm-way-331995976,49.42077,23.31997,A7,0.6,natural=wetland
osm-way-659701640,49.42926,23.32543,A7,0.6,natural=wetland
osm-way-659701644,49.43355,23.33144,A7,0.6,natural=wetland
osm-way-331995979,49.45743,23.31775,A7,0.6,natural=wetland
osm-way-575048755,49.46151,23.31780,A7,0.6,natural=wetland
osm-way-575048756,49.45937,23.31789,A7,0.6,natural=wetland
osm-way-379535554,49.49969,23.37333,A7,0.6,natural=wetland
osm-way-475080856,49.57384,23.01683,A7,0.6,natural=wetland
osm-way-475079132,49.58149,23.05445,A7,0.6,natural=wetland
osm-way-565536271,49.51070,23.11597,A7,0.6,natural=wetland
osm-way-547717070,49.58620,23.10026,A7,0.6,natural=wetland
osm-way-547717067,49.58982,23.10707,A7,0.6,natural=wetland
osm-way-547717068,49.59040,23.10636,A7,0.6,natural=wetland
osm-way-635291755,49.57950,23.15165,A7,0.6,natural=wetland
osm-way-404898679,49.52746,23.17791,A7,0.6,natural=wetland
osm-way-423431500,49.56467,23.20638,A7,0.6,natural=wetland
osm-way-547697501,49.61662,23.09734,A7,0.6,natural=wetland
osm-way-551242947,49.63317,23.18759,A7,0.6,natural=wetland
osm-way-379535131,49.56335,23.29373,A7,0.6,natural=wetland
osm-way-961042733,49.02475,30.97676,A7,0.6,natural=wetland
osm-way-961042741,49.01902,30.97713,A7,0.6,natural=wetland
osm-way-961269508,49.02386,30.97860,A7,0.6,natural=wetland
osm-way-961042737,49.02345,30.97812,A7,0.6,natural=wetland
osm-way-961042738,49.02291,30.97807,A7,0.6,natural=wetland
osm-way-961042739,49.02329,30.97742,A7,0.6,natural=wetland
osm-way-961042740,49.02356,30.97754,A7,0.6,natural=wetland
osm-way-961042734,49.02665,30.97686,A7,0.6,natural=wetland
osm-way-961042735,49.02663,30.97729,A7,0.6,natural=wetland
osm-way-961042736,49.02575,30.97715,A7,0.6,natural=wetland
osm-way-961042743,49.02821,30.97720,A7,0.6,natural=wetland
osm-way-961042744,49.02755,30.97687,A7,0.6,natural=wetland
osm-way-961042745,49.02772,30.97637,A7,0.6,natural=wetland
osm-way-961269509,49.02810,30.97777,A7,0.6,natural=wetland
osm-way-961042747,49.03367,30.97861,A7,0.6,natural=wetland
osm-way-961267282,49.03599,30.97624,A7,0.6,natural=wetland
osm-way-961269510,49.03073,30.97735,A7,0.6,natural=wetland
osm-way-961042746,49.03234,30.97832,A7,0.6,natural=wetland
osm-way-961269511,49.03118,30.97619,A7,0.6,natural=wetland
osm-way-961042748,49.03466,30.97915,A7,0.6,natural=wetland
osm-way-961042749,49.03525,30.98109,A7,0.6,natural=wetland
osm-way-961267285,49.03661,30.98130,A7,0.6,natural=wetland
osm-way-961267286,49.03460,30.98141,A7,0.6,natural=wetland
osm-way-363698138,49.08573,30.97754,A3,0.9,natural=beach
osm-way-437768902,48.88097,31.36411,A7,0.6,natural=wetland
osm-way-438305134,48.87797,31.36390,A7,0.6,natural=wetland
osm-way-437356464,48.94662,31.24401,A7,0.6,natural=wetland
osm-way-437356465,48.94349,31.24745,A7,0.6,natural=wetland
osm-way-442042727,48.94074,31.23813,A7,0.6,natural=wetland
osm-way-437356893,48.95773,31.23611,A7,0.6,natural=wetland
osm-way-442065961,48.95407,31.23521,A7,0.6,natural=wetland
osm-way-437356468,48.94886,31.23667,A7,0.6,natural=wetland
osm-way-442044847,48.94706,31.23556,A7,0.6,natural=wetland
osm-way-437356461,48.94921,31.24479,A7,0.6,natural=wetland
osm-way-437356462,48.94831,31.24470,A7,0.6,natural=wetland
osm-way-437356463,48.94832,31.24235,A7,0.6,natural=wetland
osm-way-437356467,48.95079,31.24130,A7,0.6,natural=wetland
osm-way-437661370,48.98669,31.21168,A7,0.6,natural=wetland
osm-way-437661371,48.98336,31.20826,A7,0.6,natural=wetland
osm-way-437152115,48.98341,31.22285,A7,0.6,natural=wetland
osm-way-437354401,48.96632,31.23640,A7,0.6,natural=wetland
osm-way-437356894,48.96112,31.23398,A7,0.6,natural=wetland
osm-way-437356891,48.95958,31.23513,A7,0.6,natural=wetland
osm-way-437356892,48.96020,31.23542,A7,0.6,natural=wetland
osm-way-437354395,48.96946,31.23781,A7,0.6,natural=wetland
osm-way-437197110,48.97549,31.23317,A7,0.6,natural=wetland
osm-way-437152118,48.98540,31.23635,A7,0.6,natural=wetland
osm-way-437197109,48.97397,31.23348,A7,0.6,natural=wetland
osm-way-437152116,48.98075,31.23020,A7,0.6,natural=wetland
osm-way-437152117,48.98311,31.23244,A7,0.6,natural=wetland
osm-way-437197111,48.97940,31.23012,A7,0.6,natural=wetland
osm-way-721106469,48.99822,31.04949,A7,0.6,natural=wetland
osm-way-721899228,49.00444,31.03805,A3,0.9,natural=beach
osm-way-742793542,49.00543,31.07517,A7,0.6,natural=wetland
osm-way-858189712,49.00455,31.07081,A7,0.6,natural=wetland
osm-way-858189713,49.00389,31.07100,A7,0.6,natural=wetland
osm-way-742846124,49.00492,31.07291,A7,0.6,natural=wetland
osm-way-1193824539,49.00473,31.07097,A3,0.9,natural=beach
osm-way-742912417,49.00380,31.08244,A7,0.6,natural=wetland
osm-way-742912412,49.00581,31.08353,A7,0.6,natural=wetland
osm-way-742912419,49.00399,31.08597,A7,0.6,natural=wetland
osm-way-742912414,49.00548,31.08083,A7,0.6,natural=wetland
osm-way-742884774,49.02238,31.06678,A7,0.6,natural=wetland
osm-way-742912806,49.00604,31.09438,A7,0.6,natural=wetland
osm-way-742912410,49.00691,31.09291,A7,0.6,natural=wetland
osm-way-742912407,49.00845,31.09722,A7,0.6,natural=wetland
osm-way-742912408,49.00833,31.09750,A7,0.6,natural=wetland
osm-way-742912409,49.00782,31.09712,A7,0.6,natural=wetland
osm-way-742490966,49.00453,31.10633,A7,0.6,natural=wetland
osm-way-742496859,49.00453,31.10633,A7,0.6,natural=wetland
osm-way-742801713,49.00400,31.12212,A7,0.6,natural=wetland
osm-way-742801711,49.00454,31.12268,A7,0.6,natural=wetland
osm-way-742801712,49.00428,31.12170,A7,0.6,natural=wetland
osm-way-858185993,49.00266,31.12386,A7,0.6,natural=wetland
osm-way-742197136,49.01154,31.13569,A7,0.6,natural=wetland
osm-way-742468670,49.03662,31.10419,A7,0.6,natural=wetland
osm-way-742210139,49.03350,31.10682,A7,0.6,natural=wetland
osm-way-742197134,49.01409,31.13439,A7,0.6,natural=wetland
osm-way-742197135,49.01421,31.13524,A7,0.6,natural=wetland
osm-way-365257159,49.04155,31.05599,A3,0.9,natural=beach
osm-way-742417858,49.04808,31.06115,A7,0.6,natural=wetland
osm-way-742197166,49.05878,31.13754,A7,0.6,natural=wetland
osm-way-445008146,48.99723,31.15586,A7,0.6,natural=wetland
osm-way-445008148,48.99381,31.15760,A7,0.6,natural=wetland
osm-way-445014104,48.99444,31.14516,A7,0.6,natural=wetland
osm-way-858182299,48.99055,31.18341,A7,0.6,natural=wetland
osm-way-445008144,48.99522,31.16016,A7,0.6,natural=wetland
osm-way-445008145,48.99498,31.15778,A7,0.6,natural=wetland
osm-way-445008147,48.99989,31.15170,A7,0.6,natural=wetland
osm-way-742452105,49.01015,31.18379,A7,0.6,natural=wetland
osm-way-437661368,48.98678,31.20305,A7,0.6,natural=wetland
osm-way-437153149,48.98740,31.21966,A7,0.6,natural=wetland
osm-way-437153150,48.98649,31.21733,A7,0.6,natural=wetland
osm-way-437153148,48.98957,31.22405,A7,0.6,natural=wetland
osm-way-437197112,48.98647,31.22433,A7,0.6,natural=wetland
osm-way-437197113,48.98580,31.22273,A7,0.6,natural=wetland
osm-way-437153146,48.98857,31.23486,A7,0.6,natural=wetland
osm-way-437153147,48.99208,31.23000,A7,0.6,natural=wetland
osm-way-437152119,48.98849,31.24067,A7,0.6,natural=wetland
osm-way-742479074,49.05996,31.16992,A7,0.6,natural=wetland
osm-way-742479076,49.06281,31.17084,A7,0.6,natural=wetland
osm-way-742479071,49.06826,31.17015,A7,0.6,natural=wetland
osm-way-443357933,48.89389,31.31489,A7,0.6,natural=wetland
osm-way-443366619,48.89011,31.31653,A7,0.6,natural=wetland
osm-way-443366620,48.89042,31.31711,A7,0.6,natural=wetland
osm-way-443357532,48.90590,31.30499,A7,0.6,natural=wetland
osm-way-443357549,48.90190,31.30742,A7,0.6,natural=wetland
osm-way-443357555,48.90064,31.30842,A7,0.6,natural=wetland
osm-way-443357934,48.89508,31.31383,A7,0.6,natural=wetland
osm-way-443357529,48.90680,31.30437,A7,0.6,natural=wetland
osm-way-437535572,48.92876,31.30687,A7,0.6,natural=wetland
osm-way-437354433,48.94053,31.25287,A7,0.6,natural=wetland
osm-way-437354435,48.94111,31.25614,A7,0.6,natural=wetland
osm-way-437535566,48.94398,31.30725,A7,0.6,natural=wetland
osm-way-437535558,48.94064,31.30224,A7,0.6,natural=wetland
osm-way-428741533,48.95043,31.31033,A7,0.6,natural=wetland
osm-way-428620553,48.96616,31.31112,A7,0.6,natural=wetland
osm-way-437710408,48.88378,31.36045,A7,0.6,natural=wetland
osm-way-437768901,48.88205,31.36152,A7,0.6,natural=wetland
osm-way-437710409,48.88587,31.36054,A7,0.6,natural=wetland
osm-way-437710410,48.88769,31.35930,A7,0.6,natural=wetland
osm-way-437710411,48.88877,31.35860,A7,0.6,natural=wetland
osm-way-437710426,48.89328,31.35462,A7,0.6,natural=wetland
osm-way-437710415,48.89019,31.35621,A7,0.6,natural=wetland
osm-way-437710416,48.89075,31.35653,A7,0.6,natural=wetland
osm-way-437710423,48.89256,31.35493,A7,0.6,natural=wetland
osm-way-437710427,48.89171,31.35527,A7,0.6,natural=wetland
osm-way-437771333,48.88120,31.36662,A7,0.6,natural=wetland
osm-way-438308900,48.89312,31.36704,A7,0.6,natural=wetland
osm-way-438309372,48.88879,31.36778,A7,0.6,natural=wetland
osm-way-430988555,48.89916,31.43058,A7,0.6,natural=wetland
osm-way-430988556,48.90056,31.42708,A7,0.6,natural=wetland
osm-way-430988561,48.88931,31.44446,A7,0.6,natural=wetland
osm-way-430993049,48.89313,31.44018,A7,0.6,natural=wetland
osm-way-430988559,48.89190,31.44141,A7,0.6,natural=wetland
osm-way-430988553,48.89638,31.43449,A7,0.6,natural=wetland
osm-way-430993050,48.89741,31.43357,A7,0.6,natural=wetland
osm-way-430988552,48.89433,31.43756,A7,0.6,natural=wetland
osm-way-430897098,48.91872,31.45090,A7,0.6,natural=wetland
osm-way-430758063,48.92502,31.43756,A7,0.6,natural=wetland
osm-way-430897097,48.92261,31.44716,A7,0.6,natural=wetland
osm-way-425314840,48.95942,31.39304,A7,0.6,natural=wetland
osm-way-425081698,48.96640,31.40157,A7,0.6,natural=wetland
osm-way-425102730,48.97355,31.40365,A7,0.6,natural=wetland
osm-way-425249120,48.97579,31.40096,A7,0.6,natural=wetland
osm-way-425249122,48.97749,31.40190,A7,0.6,natural=wetland
osm-way-425249118,48.97833,31.39939,A7,0.6,natural=wetland
osm-way-430758056,48.94215,31.42836,A7,0.6,natural=wetland
osm-way-430758057,48.94009,31.42807,A7,0.6,natural=wetland
osm-way-426347275,48.97756,31.41960,A7,0.6,natural=wetland
osm-way-426347277,48.97679,31.41989,A7,0.6,natural=wetland
osm-way-1011615879,49.00619,31.27033,A2,0.5,historic=archaeological_site
osm-way-491047886,49.01610,31.27575,A7,0.6,natural=wetland
osm-way-425541729,48.99052,31.36774,A7,0.6,natural=wetland
osm-way-426525750,48.99137,31.39232,A7,0.6,natural=wetland
osm-way-426335154,48.99077,31.41265,A7,0.6,natural=wetland
osm-way-426335159,48.99064,31.41462,A7,0.6,natural=wetland
osm-way-426335157,48.99133,31.41351,A7,0.6,natural=wetland
osm-way-822141725,49.04838,31.42547,A7,0.6,natural=wetland
osm-way-1370045375,49.01062,31.40692,A7,0.6,natural=wetland
osm-way-1370045377,49.01004,31.40594,A7,0.6,natural=wetland
osm-way-426537234,48.99969,31.43801,A7,0.6,natural=wetland
osm-way-430743475,48.89072,31.50495,A7,0.6,natural=wetland
osm-way-430743464,48.90682,31.49798,A7,0.6,natural=wetland
osm-way-430708997,48.92204,31.48276,A7,0.6,natural=wetland
osm-way-430907525,48.91582,31.48096,A7,0.6,natural=wetland
osm-way-430907533,48.91374,31.48874,A7,0.6,natural=wetland
osm-way-430897095,48.92128,31.45894,A7,0.6,natural=wetland
osm-way-430708995,48.93025,31.47662,A7,0.6,natural=wetland
osm-way-430907534,48.91007,31.49374,A7,0.6,natural=wetland
osm-way-430640351,48.91192,31.49676,A7,0.6,natural=wetland
osm-way-430591959,48.92106,31.50445,A7,0.6,natural=wetland
osm-way-430640347,48.91627,31.50093,A7,0.6,natural=wetland
osm-way-430704742,48.93997,31.47037,A7,0.6,natural=wetland
osm-way-430704738,48.93799,31.47288,A7,0.6,natural=wetland
osm-way-430704739,48.94225,31.47681,A7,0.6,natural=wetland
osm-way-430711568,48.95740,31.47809,A7,0.6,natural=wetland
osm-way-430206781,48.95825,31.51054,A7,0.6,natural=wetland
osm-way-430206782,48.95716,31.51038,A7,0.6,natural=wetland
osm-way-430206778,48.95972,31.51082,A7,0.6,natural=wetland
osm-way-430062760,48.96033,31.53035,A7,0.6,natural=wetland
osm-way-430063146,48.96083,31.53686,A7,0.6,natural=wetland
osm-way-429809093,48.96115,31.54867,A7,0.6,natural=wetland
osm-way-429809091,48.96076,31.55541,A7,0.6,natural=wetland
osm-way-429805480,48.95257,31.57986,A7,0.6,natural=wetland
osm-way-429809083,48.95888,31.56539,A7,0.6,natural=wetland
osm-way-362943279,49.09796,30.94675,A3,0.9,natural=beach
osm-way-820182371,47.93382,37.74488,A3,0.9,natural=beach
osm-way-222873512,47.99244,37.75009,A7,0.6,natural=wetland
osm-way-538546794,47.83242,38.00807,A7,0.6,natural=wetland
osm-way-538546799,47.82930,38.01419,A7,0.6,natural=wetland
osm-way-538546800,47.82883,38.01974,A7,0.6,natural=wetland
osm-way-186522045,47.84812,37.82885,A7,0.6,natural=wetland
osm-way-294144076,47.87754,37.84002,A7,0.6,natural=wetland
osm-way-834733921,47.93139,37.80666,A3,0.9,natural=beach
osm-way-757880521,47.88533,37.91509,A7,0.6,natural=wetland
osm-way-757866854,47.89665,37.93452,A7,0.6,natural=wetland
osm-way-757869651,47.90158,37.93049,A7,0.6,natural=wetland
osm-way-757869653,47.90012,37.92933,A7,0.6,natural=wetland
osm-way-757869660,47.90473,37.93306,A7,0.6,natural=wetland
osm-way-757866809,47.89414,37.95056,A7,0.6,natural=wetland
osm-way-757866813,47.89347,37.95779,A7,0.6,natural=wetland
osm-way-757866812,47.89235,37.95636,A7,0.6,natural=wetland
osm-way-757560678,47.91009,37.95358,A7,0.6,natural=wetland
osm-way-757560702,47.91761,37.94550,A7,0.6,natural=wetland
osm-way-757661289,47.92258,37.93544,A7,0.6,natural=wetland
osm-way-757661290,47.92075,37.93701,A7,0.6,natural=wetland
osm-way-757661293,47.91899,37.94132,A7,0.6,natural=wetland
osm-way-824155306,47.94166,37.75694,A3,0.9,natural=beach
osm-way-824156299,47.94041,37.75870,A3,0.9,natural=beach
osm-way-196942838,47.99460,37.79713,A7,0.6,natural=wetland
osm-way-419319247,47.99960,37.81718,A3,0.9,natural=beach
osm-way-766456437,47.99790,37.82317,A3,0.9,natural=beach
osm-way-222888208,48.00542,37.81645,A3,0.9,natural=beach
osm-way-116771020,48.01106,37.82105,A3,0.9,natural=beach
osm-way-122560747,48.00593,37.83732,A7,0.6,natural=wetland
osm-way-122560746,48.00628,37.83273,A7,0.6,natural=wetland
osm-way-684468827,48.02810,37.82288,A7,0.6,natural=wetland
osm-way-684468828,48.02783,37.82177,A7,0.6,natural=wetland
osm-way-683613739,48.03347,37.82058,A7,0.6,natural=wetland
osm-way-181231347,48.03442,37.82329,A7,0.6,natural=wetland
osm-way-181231342,48.03487,37.82243,A7,0.6,natural=wetland
osm-way-1349096461,48.02294,37.82942,A7,0.6,natural=wetland
osm-way-1424945167,48.03329,37.84944,A7,0.6,natural=wetland
osm-way-170367816,47.98517,37.91002,A7,0.6,natural=wetland
osm-way-170367817,47.98574,37.91760,A7,0.6,natural=wetland
osm-way-170269744,47.99439,37.89206,A7,0.6,natural=wetland
osm-way-172161091,48.00018,37.88762,A7,0.6,natural=wetland
osm-way-172161121,47.99863,37.88742,A7,0.6,natural=wetland
osm-way-538546795,47.83473,38.00011,A7,0.6,natural=wetland
osm-way-538546796,47.83582,38.00336,A7,0.6,natural=wetland
osm-way-538546797,47.83337,38.00962,A7,0.6,natural=wetland
osm-way-757454059,47.85826,38.00081,A7,0.6,natural=wetland
osm-way-757454074,47.86423,37.97084,A7,0.6,natural=wetland
osm-way-757457214,47.87695,37.98503,A7,0.6,natural=wetland
osm-way-757451072,47.86441,37.99743,A7,0.6,natural=wetland
osm-way-757740099,47.87838,37.99013,A7,0.6,natural=wetland
osm-way-757740105,47.87644,37.99286,A7,0.6,natural=wetland
osm-way-757740098,47.88089,37.98866,A7,0.6,natural=wetland
osm-way-538546798,47.83254,38.01172,A7,0.6,natural=wetland
osm-way-757740109,47.88751,37.99953,A7,0.6,natural=wetland
osm-way-757646731,47.91223,37.96683,A7,0.6,natural=wetland
osm-way-757646732,47.91185,37.96826,A7,0.6,natural=wetland
osm-way-757646737,47.91270,37.96851,A7,0.6,natural=wetland
osm-way-757646738,47.91239,37.97216,A7,0.6,natural=wetland
osm-way-851257441,47.92422,38.03222,A7,0.6,natural=wetland
osm-way-851257442,47.92114,38.03556,A7,0.6,natural=wetland
osm-way-851257447,47.92135,38.04433,A7,0.6,natural=wetland
osm-way-851257443,47.91994,38.03867,A7,0.6,natural=wetland
osm-way-851257444,47.92052,38.04118,A7,0.6,natural=wetland
osm-way-186052024,47.89862,38.06539,A7,0.6,natural=wetland
osm-way-849773488,47.91575,38.08790,A7,0.6,natural=wetland
osm-way-849773486,47.91426,38.08980,A7,0.6,natural=wetland
osm-way-849774733,47.91349,38.08479,A7,0.6,natural=wetland
osm-way-512029704,47.91372,38.10179,A7,0.6,natural=wetland
osm-way-512029705,47.91245,38.10181,A7,0.6,natural=wetland
osm-way-512029703,47.91559,38.10513,A7,0.6,natural=wetland
osm-way-512029414,47.91680,38.11023,A7,0.6,natural=wetland
osm-way-275830225,47.97996,38.01257,A7,0.6,natural=wetland
osm-way-433817452,47.96205,38.03400,A7,0.6,natural=wetland
osm-way-354805480,48.03837,38.02287,A7,0.6,natural=wetland
osm-way-849880593,47.93886,38.09073,A7,0.6,natural=wetland
osm-way-847854420,47.94360,38.10215,A7,0.6,natural=wetland
osm-way-849880587,47.94283,38.09918,A7,0.6,natural=wetland
osm-way-849880588,47.94189,38.09721,A7,0.6,natural=wetland
osm-way-849880592,47.93849,38.09462,A7,0.6,natural=wetland
osm-way-847854414,47.94643,38.11385,A7,0.6,natural=wetland
osm-way-847902275,47.95714,38.11785,A7,0.6,natural=wetland
osm-way-847902277,47.95145,38.10892,A7,0.6,natural=wetland
osm-way-847854411,47.94469,38.12636,A7,0.6,natural=wetland
osm-way-847854412,47.94576,38.12005,A7,0.6,natural=wetland
osm-way-847854413,47.94592,38.12267,A7,0.6,natural=wetland
osm-way-837623597,47.96247,38.12719,A7,0.6,natural=wetland
osm-way-847868247,47.95622,38.12269,A7,0.6,natural=wetland
osm-way-847902270,47.95833,38.12745,A7,0.6,natural=wetland
osm-way-847902272,47.95632,38.12537,A7,0.6,natural=wetland
osm-way-847902274,47.95610,38.12069,A7,0.6,natural=wetland
osm-way-847902276,47.95989,38.11722,A7,0.6,natural=wetland
osm-way-505632466,48.00253,38.11030,A7,0.6,natural=wetland
osm-way-836490084,48.02063,38.10960,A7,0.6,natural=wetland
osm-way-836490085,48.02725,38.10801,A7,0.6,natural=wetland
osm-way-836490086,48.03108,38.10617,A7,0.6,natural=wetland
osm-way-837551708,48.00767,38.12920,A7,0.6,natural=wetland
osm-way-837551709,48.00571,38.12928,A7,0.6,natural=wetland
osm-way-684019009,48.04586,37.81635,A7,0.6,natural=wetland
osm-way-699114210,48.04599,37.82139,A7,0.6,natural=wetland
osm-way-1147648206,48.05665,37.83824,A7,0.6,natural=wetland
osm-way-1156595349,48.05713,37.83461,A7,0.6,natural=wetland
osm-way-1156599568,48.05611,37.84640,A7,0.6,natural=wetland
osm-way-501254203,48.07586,37.91820,A3,0.9,natural=beach
osm-way-517191682,48.05575,37.98896,A7,0.6,natural=wetland
osm-way-517191679,48.05647,37.99327,A7,0.6,natural=wetland
osm-way-517191678,48.05881,37.99744,A7,0.6,natural=wetland
osm-way-516121087,48.07224,37.97789,A7,0.6,natural=wetland
osm-way-517189696,48.08606,37.96244,A7,0.6,natural=wetland
osm-way-517193195,48.08109,38.00058,A7,0.6,natural=wetland
osm-way-824146110,48.04131,38.02440,A3,0.9,natural=beach
osm-node-9050825369,49.82890,37.67520,A4,0.9,natural=peak
osm-node-6873213387,50.58692,30.13816,A2,0.5,historic=castle
osm-node-12530850901,50.58572,30.14349,A7,0.6,natural=wetland
osm-node-12530850902,50.58580,30.14339,A7,0.6,natural=wetland
osm-node-13699951289,50.64595,30.16236,A4,0.9,natural=peak
osm-node-13674672146,50.46115,30.30066,A3,0.9,natural=beach
osm-node-13674672147,50.46308,30.32751,A3,0.9,natural=beach
osm-node-4740787649,50.53150,30.35178,A7,0.7,waterway=waterfall
osm-node-5240017231,50.61539,30.32758,A2,0.5,historic=archaeological_site
osm-node-11165757196,51.47406,31.21868,A7,0.7,waterway=waterfall
osm-node-11397481018,51.46905,31.22245,A7,0.7,waterway=waterfall
osm-node-7931114185,51.45852,31.26037,A8,0.9,natural=hot_spring
osm-node-4343212647,51.45641,31.30027,A3,0.9,natural=beach
osm-node-1949026910,51.48716,31.30842,A2,0.5,historic=archaeological_site
osm-node-8739670554,51.49409,31.34553,A3,0.9,natural=beach
osm-node-8739670555,51.49007,31.34824,A3,0.9,natural=beach
osm-node-8739670553,51.50280,31.34284,A3,0.9,natural=beach
osm-node-5874299917,51.50885,31.34525,A3,0.9,natural=beach
osm-way-1423606822,49.60685,37.46966,A7,0.6,natural=wetland
osm-way-1394584241,49.69171,37.41318,A7,0.6,natural=wetland
osm-way-1396698899,49.67010,37.42149,A7,0.6,natural=wetland
osm-way-1396698901,49.67025,37.41795,A4,0.5,natural=cliff
osm-way-1396698902,49.67121,37.42258,A4,0.5,natural=cliff
osm-way-1396698878,49.67101,37.43345,A7,0.6,natural=wetland
osm-way-1396698903,49.67142,37.42591,A4,0.5,natural=cliff
osm-way-1423866633,49.68433,37.41009,A4,0.5,natural=cliff
osm-way-1423866646,49.68431,37.41923,A4,0.5,natural=cliff
osm-way-1423866647,49.68430,37.41969,A4,0.5,natural=cliff
osm-way-1423866634,49.68598,37.41274,A4,0.5,natural=cliff
osm-way-1423866643,49.68476,37.42044,A4,0.5,natural=cliff
osm-way-1423866644,49.68593,37.42144,A4,0.5,natural=cliff
osm-way-1423866642,49.68507,37.42191,A4,0.5,natural=cliff
osm-way-1396698855,49.69291,37.43392,A4,0.5,natural=cliff
osm-way-1396698875,49.69032,37.42525,A7,0.6,natural=wetland
osm-way-1396698874,49.68974,37.42998,A7,0.6,natural=wetland
osm-way-1396085983,49.69962,37.41674,A4,0.5,natural=cliff
osm-way-1396698861,49.69405,37.43284,A4,0.5,natural=cliff
osm-way-1396698862,49.69487,37.43342,A4,0.5,natural=cliff
osm-way-1396698863,49.69573,37.43351,A4,0.5,natural=cliff
osm-way-1396698864,49.69572,37.43396,A4,0.5,natural=cliff
osm-way-1396698865,49.69653,37.43337,A4,0.5,natural=cliff
osm-way-1396698866,49.69605,37.43238,A4,0.5,natural=cliff
osm-way-1396698867,49.69741,37.43212,A4,0.5,natural=cliff
osm-way-1396698868,49.69832,37.43232,A4,0.5,natural=cliff
osm-way-1396698869,49.69760,37.43275,A4,0.5,natural=cliff
osm-way-1396698870,49.69713,37.43320,A4,0.5,natural=cliff
osm-way-1423616878,49.62933,37.44933,A7,0.6,natural=wetland
osm-way-1412149081,49.62313,37.46046,A7,0.6,natural=wetland
osm-way-1412149093,49.64342,37.50454,A7,0.6,natural=wetland
osm-way-1423616917,49.61615,37.47102,A7,0.6,natural=wetland
osm-way-1423616918,49.61849,37.47204,A7,0.6,natural=wetland
osm-way-1412149091,49.62885,37.48290,A7,0.6,natural=wetland
osm-way-1533472326,49.66586,37.49005,A7,0.6,natural=wetland
osm-way-1533472334,49.67048,37.48579,A7,0.6,natural=wetland
osm-way-1533472336,49.66249,37.50619,A7,0.6,natural=wetland
osm-way-1533472337,49.65737,37.52006,A7,0.6,natural=wetland
osm-way-1423621518,49.62182,37.50480,A7,0.6,natural=wetland
osm-way-1533472333,49.66954,37.49153,A7,0.6,natural=wetland
osm-way-1534235038,49.66526,37.50947,A4,0.5,natural=cliff
osm-way-1534235039,49.66510,37.50708,A4,0.5,natural=cliff
osm-way-1534235040,49.66679,37.51093,A4,0.5,natural=cliff
osm-way-1534235041,49.66735,37.51276,A4,0.5,natural=cliff
osm-way-1534245002,49.65455,37.53791,A7,0.6,natural=wetland
osm-way-1443700330,49.65719,37.53560,A7,0.6,natural=wetland
osm-way-1533472364,49.67158,37.43926,A3,0.9,natural=beach
osm-way-1396698872,49.68078,37.45139,A7,0.6,natural=wetland
osm-way-1533472309,49.67333,37.46505,A7,0.6,natural=wetland
osm-way-1396698873,49.68490,37.44181,A7,0.6,natural=wetland
osm-way-1396698856,49.69406,37.43474,A4,0.5,natural=cliff
osm-way-1396698857,49.69499,37.43593,A4,0.5,natural=cliff
osm-way-1396698858,49.69389,37.43571,A4,0.5,natural=cliff
osm-way-1396698859,49.69718,37.43762,A4,0.5,natural=cliff
osm-way-1396698860,49.69708,37.43679,A4,0.5,natural=cliff
osm-way-1396698871,49.69541,37.43547,A4,0.5,natural=cliff
osm-way-1022327555,49.55275,37.73753,A7,0.6,natural=wetland
osm-way-980847087,49.58837,37.71410,A7,0.6,natural=wetland
osm-way-980847086,49.59212,37.71107,A7,0.6,natural=wetland
osm-way-1537249679,49.64901,37.56689,A7,0.6,natural=wetland
osm-way-1537249687,49.64526,37.57155,A7,0.6,natural=wetland
osm-way-1537249715,49.64069,37.60123,A7,0.6,natural=wetland
osm-way-1534244936,49.65970,37.54525,A7,0.6,natural=wetland
osm-way-1537249732,49.65719,37.56395,A7,0.6,natural=wetland
osm-way-1537249733,49.65676,37.56571,A7,0.6,natural=wetland
osm-way-1534260815,49.65357,37.58811,A4,0.5,natural=cliff
osm-way-1537249714,49.64251,37.58436,A7,0.6,natural=wetland
osm-way-1537249716,49.64392,37.58700,A7,0.6,natural=wetland
osm-way-1537249726,49.63324,37.63428,A7,0.6,natural=wetland
osm-way-1537249724,49.63331,37.62494,A7,0.6,natural=wetland
osm-way-1544932326,49.63772,37.63044,A7,0.6,natural=wetland
osm-way-1544932327,49.63844,37.63063,A7,0.6,natural=wetland
osm-way-1534260817,49.65089,37.59693,A4,0.5,natural=cliff
osm-way-1544932310,49.65194,37.62950,A7,0.6,natural=wetland
osm-way-1544932311,49.65391,37.62692,A7,0.6,natural=wetland
osm-way-1544932322,49.64494,37.63231,A7,0.6,natural=wetland
osm-way-1093235504,49.64259,37.64140,A7,0.6,natural=wetland
osm-way-714731898,49.64360,37.64386,A7,0.6,natural=wetland
osm-way-144315808,49.65723,37.62619,A3,0.9,natural=beach
osm-way-1544932302,49.65841,37.62802,A7,0.6,natural=wetland
osm-way-1442972910,49.67024,37.63334,A7,0.6,natural=wetland
osm-way-1544932267,49.66983,37.62983,A7,0.6,natural=wetland
osm-way-1544932276,49.66703,37.62493,A7,0.6,natural=wetland
osm-way-1544932278,49.66016,37.62989,A7,0.6,natural=wetland
osm-way-1544932285,49.66434,37.63087,A7,0.6,natural=wetland
osm-way-1544932287,49.66319,37.63368,A7,0.6,natural=wetland
osm-way-1544932299,49.65851,37.62455,A7,0.6,natural=wetland
osm-way-1544932286,49.66370,37.62705,A7,0.6,natural=wetland
osm-way-1544932288,49.66671,37.63846,A7,0.6,natural=wetland
osm-way-1534260740,49.68216,37.54667,A7,0.6,natural=wetland
osm-way-1436958780,49.71530,37.58045,A4,0.5,natural=cliff
osm-way-1436958781,49.71469,37.58066,A4,0.5,natural=cliff
osm-way-1434181561,49.68551,37.62883,A7,0.6,natural=wetland
osm-way-1253267970,49.67994,37.62713,A7,0.6,natural=wetland
osm-way-1442972127,49.67316,37.62832,A7,0.6,natural=wetland
osm-way-1442972904,49.67907,37.62403,A7,0.6,natural=wetland
osm-way-1442972905,49.67367,37.62738,A7,0.6,natural=wetland
osm-way-1442972906,49.67295,37.62537,A7,0.6,natural=wetland
osm-way-1442972909,49.67870,37.63214,A7,0.6,natural=wetland
osm-way-1537264862,49.67269,37.62478,A7,0.6,natural=wetland
osm-way-1544932266,49.67635,37.63024,A7,0.6,natural=wetland
osm-way-1442972907,49.67658,37.62784,A7,0.6,natural=wetland
osm-way-1442972908,49.67520,37.62890,A7,0.6,natural=wetland
osm-way-1439741200,49.67839,37.63473,A7,0.6,natural=wetland
osm-way-1544932290,49.67028,37.63706,A7,0.6,natural=wetland
osm-way-1434181592,49.68522,37.62257,A7,0.6,natural=wetland
osm-way-1434181595,49.68524,37.62153,A7,0.6,natural=wetland
osm-way-1436958743,49.68234,37.62214,A7,0.6,natural=wetland
osm-way-1253267973,49.68396,37.62716,A7,0.6,natural=wetland
osm-way-140170116,49.69173,37.62046,A7,0.6,natural=wetland
osm-way-1253267974,49.68292,37.63033,A7,0.6,natural=wetland
osm-way-1253267975,49.68566,37.62470,A7,0.6,natural=wetland
osm-way-1434171618,49.69382,37.62600,A7,0.6,natural=wetland
osm-way-1434181560,49.69363,37.62794,A7,0.6,natural=wetland
osm-way-1434181566,49.69347,37.62686,A7,0.6,natural=wetland
osm-way-1434181568,49.68335,37.63262,A7,0.6,natural=wetland
osm-way-1434181569,49.68478,37.63133,A7,0.6,natural=wetland
osm-way-1434181580,49.69174,37.62066,A7,0.6,natural=wetland
osm-way-1434181593,49.68570,37.62139,A7,0.6,natural=wetland
osm-way-1434181594,49.68468,37.62101,A7,0.6,natural=wetland
osm-way-1434181596,49.68831,37.62476,A7,0.6,natural=wetland
osm-way-1434181571,49.68897,37.62223,A7,0.6,natural=wetland
osm-way-1434181572,49.68752,37.62232,A7,0.6,natural=wetland
osm-way-1434181573,49.68700,37.62259,A7,0.6,natural=wetland
osm-way-1434181574,49.68684,37.62046,A7,0.6,natural=wetland
osm-way-1434181578,49.68782,37.61976,A7,0.6,natural=wetland
osm-way-1434181582,49.68830,37.62375,A7,0.6,natural=wetland
osm-way-1434181565,49.69094,37.62964,A7,0.6,natural=wetland
osm-way-1436736817,49.71543,37.59555,A7,0.6,natural=wetland
osm-way-1436801069,49.70741,37.60922,A7,0.6,natural=wetland
osm-way-1434181601,49.71441,37.61836,A7,0.6,natural=wetland
osm-way-1434181602,49.71255,37.61732,A7,0.6,natural=wetland
osm-way-1434572995,49.71893,37.61821,A7,0.6,natural=wetland
osm-way-1434171613,49.69737,37.62226,A7,0.6,natural=wetland
osm-way-1434171585,49.70757,37.62054,A7,0.6,natural=wetland
osm-way-1434171591,49.70607,37.61944,A7,0.6,natural=wetland
osm-way-1434171600,49.70419,37.62378,A7,0.6,natural=wetland
osm-way-1434171601,49.70748,37.62514,A7,0.6,natural=wetland
osm-way-1434171605,49.70605,37.62536,A7,0.6,natural=wetland
osm-way-1434171609,49.70276,37.62365,A7,0.6,natural=wetland
osm-way-1434171612,49.69876,37.62463,A7,0.6,natural=wetland
osm-way-1434171614,49.69987,37.62253,A7,0.6,natural=wetland
osm-way-1434171615,49.70639,37.62018,A7,0.6,natural=wetland
osm-way-1434171616,49.69994,37.62386,A7,0.6,natural=wetland
osm-way-1434171628,49.69903,37.62731,A7,0.6,natural=wetland
osm-way-1434171630,49.69850,37.62604,A7,0.6,natural=wetland
osm-way-1434171632,49.69431,37.62432,A7,0.6,natural=wetland
osm-way-1434171637,49.69884,37.62037,A7,0.6,natural=wetland
osm-way-1439741274,49.69925,37.62042,A3,0.9,natural=beach
osm-way-1434171594,49.70370,37.62206,A7,0.6,natural=wetland
osm-way-1434171599,49.70504,37.62346,A7,0.6,natural=wetland
osm-way-1434171608,49.70343,37.62393,A7,0.6,natural=wetland
osm-way-1434171638,49.70104,37.61866,A7,0.6,natural=wetland
osm-way-1439741271,49.70210,37.62135,A3,0.9,natural=beach
osm-way-1439741273,49.69980,37.62035,A3,0.9,natural=beach
osm-way-1434171606,49.70354,37.62506,A7,0.6,natural=wetland
osm-way-1434171610,49.70293,37.62499,A7,0.6,natural=wetland
osm-way-1434171611,49.70301,37.62656,A7,0.6,natural=wetland
osm-way-1439741272,49.70220,37.62586,A3,0.9,natural=beach
osm-way-1437122718,49.69513,37.63403,A7,0.6,natural=wetland
osm-way-1437122719,49.69511,37.63425,A7,0.6,natural=wetland
osm-way-1434171584,49.70906,37.61807,A7,0.6,natural=wetland
osm-way-1434213591,49.71164,37.62080,A7,0.6,natural=wetland
osm-way-1434213594,49.71032,37.62150,A7,0.6,natural=wetland
osm-way-1434213602,49.71135,37.62227,A7,0.6,natural=wetland
osm-way-1434213592,49.71351,37.62053,A7,0.6,natural=wetland
osm-way-1434213603,49.71256,37.62184,A7,0.6,natural=wetland
osm-way-1434213604,49.71358,37.62377,A7,0.6,natural=wetland
osm-way-1434213608,49.71142,37.62370,A7,0.6,natural=wetland
osm-way-1434213633,49.71930,37.61896,A7,0.6,natural=wetland
osm-way-1434213634,49.71930,37.62015,A7,0.6,natural=wetland
osm-way-1434213635,49.71918,37.61950,A7,0.6,natural=wetland
osm-way-1434213636,49.72027,37.62241,A7,0.6,natural=wetland
osm-way-1434572943,49.71962,37.62137,A7,0.6,natural=wetland
osm-way-1434572950,49.72090,37.62321,A7,0.6,natural=wetland
osm-way-1434572951,49.71994,37.62526,A7,0.6,natural=wetland
osm-way-1434213593,49.71275,37.62061,A7,0.6,natural=wetland
osm-way-1434213632,49.71688,37.61941,A7,0.6,natural=wetland
osm-way-1434572944,49.71785,37.62036,A7,0.6,natural=wetland
osm-way-714770605,49.64458,37.64680,A7,0.6,natural=wetland
osm-way-714770555,49.64728,37.64461,A7,0.6,natural=wetland
osm-way-1394485110,49.75984,37.40890,A7,0.6,natural=wetland
osm-way-1394518494,49.75088,37.41985,A4,0.5,natural=cliff
osm-way-1394518495,49.75115,37.41978,A4,0.5,natural=cliff
osm-way-1394518493,49.74887,37.42093,A4,0.5,natural=cliff
osm-way-1394518496,49.75373,37.41972,A4,0.5,natural=cliff
osm-way-1394518497,49.75330,37.41997,A4,0.5,natural=cliff
osm-way-1394518498,49.75311,37.42016,A4,0.5,natural=cliff
osm-way-1394518478,49.75982,37.42077,A4,0.5,natural=cliff
osm-way-1394518500,49.76764,37.42464,A4,0.5,natural=cliff
osm-way-1394518485,49.75994,37.42598,A4,0.5,natural=cliff
osm-way-1394518480,49.75959,37.43209,A4,0.5,natural=cliff
osm-way-1394518481,49.75956,37.43274,A4,0.5,natural=cliff
osm-way-1394518484,49.75959,37.43125,A4,0.5,natural=cliff
osm-way-1394518486,49.75986,37.42858,A4,0.5,natural=cliff
osm-way-1394518482,49.75982,37.43390,A4,0.5,natural=cliff
osm-way-1394518483,49.75982,37.43485,A4,0.5,natural=cliff
osm-way-1394518487,49.75969,37.43597,A4,0.5,natural=cliff
osm-way-1394518488,49.75983,37.43691,A4,0.5,natural=cliff
osm-way-1394518489,49.75989,37.43746,A4,0.5,natural=cliff
osm-way-1394518490,49.76009,37.43810,A4,0.5,natural=cliff
osm-way-1394518491,49.76134,37.44160,A4,0.5,natural=cliff
osm-way-1394518492,49.76137,37.44793,A4,0.5,natural=cliff
osm-way-1436155908,49.72025,37.61305,A4,0.5,natural=cliff
osm-way-1436155909,49.71923,37.61329,A4,0.5,natural=cliff
osm-way-1434213648,49.72539,37.61743,A3,0.9,natural=beach
osm-way-1434573003,49.72378,37.61708,A7,0.6,natural=wetland
osm-way-1434573004,49.72371,37.61806,A7,0.6,natural=wetland
osm-way-1434573005,49.72387,37.61795,A7,0.6,natural=wetland
osm-way-1434573008,49.72467,37.61744,A7,0.6,natural=wetland
osm-way-1434605220,49.72762,37.61777,A7,0.6,natural=wetland
osm-way-1434605228,49.73013,37.61831,A7,0.6,natural=wetland
osm-way-1434605232,49.73066,37.61653,A7,0.6,natural=wetland
osm-way-1434605233,49.73149,37.61792,A7,0.6,natural=wetland
osm-way-1434605234,49.73204,37.61853,A7,0.6,natural=wetland
osm-way-1434605256,49.72952,37.61774,A7,0.6,natural=wetland
osm-way-1434605257,49.72733,37.61655,A7,0.6,natural=wetland
osm-way-1436958766,49.73357,37.61257,A4,0.5,natural=cliff
osm-way-1434213638,49.72159,37.62329,A7,0.6,natural=wetland
osm-way-1434572946,49.72180,37.62211,A7,0.6,natural=wetland
osm-way-1434572947,49.72135,37.62244,A7,0.6,natural=wetland
osm-way-1434572948,49.72225,37.62063,A7,0.6,natural=wetland
osm-way-1434572949,49.72165,37.62039,A7,0.6,natural=wetland
osm-way-1434572953,49.72465,37.62373,A7,0.6,natural=wetland
osm-way-1434572957,49.72386,37.62131,A7,0.6,natural=wetland
osm-way-1434572976,49.72354,37.62362,A7,0.6,natural=wetland
osm-way-1434572977,49.72454,37.62353,A7,0.6,natural=wetland
osm-way-1434573001,49.72306,37.61894,A7,0.6,natural=wetland
osm-way-1434573006,49.72389,37.61865,A7,0.6,natural=wetland
osm-way-1434572982,49.72097,37.62527,A7,0.6,natural=wetland
osm-way-1093271832,49.73195,37.62228,A7,0.6,natural=wetland
osm-way-1434213656,49.72403,37.62050,A7,0.6,natural=wetland
osm-way-1434572954,49.72454,37.62417,A7,0.6,natural=wetland
osm-way-1434572955,49.72624,37.62487,A7,0.6,natural=wetland
osm-way-1434572956,49.72522,37.62240,A7,0.6,natural=wetland
osm-way-1434572962,49.72844,37.62543,A7,0.6,natural=wetland
osm-way-1434572974,49.72440,37.62417,A7,0.6,natural=wetland
osm-way-1434572975,49.72536,37.62421,A7,0.6,natural=wetland
osm-way-1434572978,49.72447,37.62424,A7,0.6,natural=wetland
osm-way-1434572979,49.72530,37.62445,A7,0.6,natural=wetland
osm-way-1434572981,49.72504,37.62064,A7,0.6,natural=wetland
osm-way-1434572983,49.72837,37.62766,A7,0.6,natural=wetland
osm-way-1434605261,49.73331,37.62634,A7,0.6,natural=wetland
osm-way-1434605262,49.73036,37.62439,A7,0.6,natural=wetland
osm-way-1434605264,49.73162,37.62431,A7,0.6,natural=wetland
osm-way-1434605265,49.73224,37.62564,A7,0.6,natural=wetland
osm-way-1434605266,49.73124,37.62734,A7,0.6,natural=wetland
osm-way-1434605267,49.73120,37.62118,A7,0.6,natural=wetland
osm-way-1093271986,49.72838,37.62158,A7,0.6,natural=wetland
osm-way-1434572958,49.72561,37.61961,A7,0.6,natural=wetland
osm-way-1434572959,49.72609,37.62040,A7,0.6,natural=wetland
osm-way-1434572960,49.72661,37.62126,A7,0.6,natural=wetland
osm-way-1434572961,49.72638,37.62136,A7,0.6,natural=wetland
osm-way-1434572990,49.72745,37.62104,A7,0.6,natural=wetland
osm-way-1434572991,49.72823,37.62110,A7,0.6,natural=wetland
osm-way-1434572992,49.72807,37.61968,A7,0.6,natural=wetland
osm-way-1434572993,49.72813,37.62257,A7,0.6,natural=wetland
osm-way-1434572994,49.72944,37.62251,A7,0.6,natural=wetland
osm-way-1434605229,49.72959,37.62002,A7,0.6,natural=wetland
osm-way-1434605230,49.72725,37.62032,A7,0.6,natural=wetland
osm-way-1434572970,49.72753,37.62835,A7,0.6,natural=wetland
osm-way-1434572971,49.72689,37.62562,A7,0.6,natural=wetland
osm-way-1434572972,49.72736,37.62640,A7,0.6,natural=wetland
osm-way-1434572973,49.72760,37.62550,A7,0.6,natural=wetland
osm-way-1434572985,49.73036,37.62778,A7,0.6,natural=wetland
osm-way-1434605263,49.73018,37.62622,A7,0.6,natural=wetland
osm-way-1434605235,49.73334,37.61910,A7,0.6,natural=wetland
osm-way-1434605270,49.73399,37.62108,A7,0.6,natural=wetland
osm-way-1434605272,49.73482,37.62000,A7,0.6,natural=wetland
osm-way-1434605273,49.73603,37.62002,A7,0.6,natural=wetland
osm-way-1434605274,49.73682,37.62039,A7,0.6,natural=wetland
osm-way-1434605279,49.73770,37.61977,A7,0.6,natural=wetland
osm-way-1434605281,49.73803,37.62089,A7,0.6,natural=wetland
osm-way-1434605291,49.73755,37.62709,A7,0.6,natural=wetland
osm-way-1434605292,49.73798,37.62623,A7,0.6,natural=wetland
osm-way-1093271830,49.73657,37.62448,A7,0.6,natural=wetland
osm-way-1093271831,49.73947,37.62387,A7,0.6,natural=wetland
osm-way-1434605268,49.73364,37.62267,A7,0.6,natural=wetland
osm-way-1434605275,49.73826,37.62106,A7,0.6,natural=wetland
osm-way-1434605280,49.73740,37.62262,A7,0.6,natural=wetland
osm-way-1434605289,49.73728,37.62716,A7,0.6,natural=wetland
osm-way-720217186,49.73979,37.61937,A4,0.5,natural=cliff
osm-way-206492332,49.74799,37.63578,A4,0.5,natural=cliff
osm-way-206492335,49.75117,37.63809,A4,0.5,natural=cliff
osm-way-206492329,49.76430,37.63874,A4,0.5,natural=cliff
osm-way-720217187,49.78109,37.63032,A4,0.5,natural=cliff
osm-way-720217188,49.78683,37.63043,A4,0.5,natural=cliff
osm-way-978129272,49.77702,37.64027,A7,0.6,natural=wetland
osm-way-978129273,49.77822,37.64167,A7,0.6,natural=wetland
osm-way-1095619756,49.74199,37.74658,A7,0.6,natural=wetland
osm-way-1018910852,49.75961,37.71328,A7,0.6,natural=wetland
osm-way-206492327,49.80182,37.65015,A4,0.5,natural=cliff
osm-way-720217190,49.80992,37.66370,A4,0.5,natural=cliff
osm-way-206492333,49.81654,37.67016,A4,0.5,natural=cliff
osm-way-206492323,49.82526,37.67506,A4,0.5,natural=cliff
osm-way-1022327601,49.57500,37.82351,A4,0.5,natural=cliff
osm-way-1022327602,49.57682,37.82532,A4,0.5,natural=cliff
osm-way-1022327592,49.58501,37.82849,A4,0.5,natural=cliff
osm-way-1164430769,50.41771,30.18741,A4,0.5,natural=cliff
osm-way-437281438,50.43815,30.15896,A3,0.9,natural=beach
osm-way-1278343414,50.50124,30.09177,A7,0.6,natural=wetland
osm-way-1278343415,50.49927,30.08953,A7,0.6,natural=wetland
osm-way-1263236827,50.50916,30.00328,A7,0.6,natural=wetland
osm-way-321979699,50.51343,30.01242,A7,0.6,natural=wetland
osm-way-259099668,50.53103,30.01608,A7,0.6,natural=wetland
osm-way-491319756,50.51860,30.02069,A7,0.6,natural=wetland
osm-way-316414309,50.54438,29.99971,A7,0.6,natural=wetland
osm-way-316414527,50.54295,30.00831,A7,0.6,natural=wetland
osm-way-316414106,50.54789,30.00071,A7,0.6,natural=wetland
osm-way-316414289,50.54932,29.99926,A7,0.6,natural=wetland
osm-way-316414297,50.54921,30.00094,A7,0.6,natural=wetland
osm-way-316414104,50.54964,30.00246,A7,0.6,natural=wetland
osm-way-316414307,50.54614,30.00365,A7,0.6,natural=wetland
osm-way-313226193,50.54606,30.01351,A7,0.6,natural=wetland
osm-way-316413985,50.55144,30.00501,A7,0.6,natural=wetland
osm-way-1309130797,50.54488,30.03807,A7,0.6,natural=wetland
osm-way-1309130798,50.55053,30.03518,A7,0.6,natural=wetland
osm-way-1309130799,50.54614,30.04163,A7,0.6,natural=wetland
osm-way-1309130794,50.54570,30.04598,A7,0.6,natural=wetland
osm-way-363761545,50.47004,30.09830,A7,0.6,natural=wetland
osm-way-438892182,50.50800,30.19995,A7,0.6,natural=wetland
osm-way-442099141,50.52841,30.18834,A3,0.9,natural=beach
osm-way-764504982,50.57516,30.00328,A7,0.6,natural=wetland
osm-way-764504998,50.59889,30.01724,A7,0.6,natural=wetland
osm-way-1300519498,50.60606,30.04732,A7,0.6,natural=wetland
osm-way-1300519499,50.60901,30.05211,A7,0.6,natural=wetland
osm-way-1316471836,50.60986,30.06669,A7,0.6,natural=wetland
osm-way-541964155,50.59154,30.08572,A7,0.6,natural=wetland
osm-way-1228655226,50.63891,30.07590,A7,0.6,natural=wetland
osm-way-1228655222,50.63770,30.09619,A7,0.6,natural=wetland
osm-way-1228655221,50.64978,30.10083,A7,0.6,natural=wetland
osm-way-1228655220,50.65265,30.10845,A7,0.6,natural=wetland
osm-way-357372903,50.62295,30.15912,A7,0.6,natural=wetland
osm-way-357372906,50.62771,30.16379,A7,0.6,natural=wetland
osm-way-357372915,50.63153,30.17094,A7,0.6,natural=wetland
osm-way-357372924,50.63702,30.17646,A7,0.6,natural=wetland
osm-way-357400695,50.63679,30.18541,A7,0.6,natural=wetland
osm-way-357400698,50.63985,30.19506,A7,0.6,natural=wetland
osm-way-357400709,50.66463,30.19433,A7,0.6,natural=wetland
osm-way-358140724,50.67739,30.19009,A7,0.6,natural=wetland
osm-way-839806567,50.41482,30.23810,A3,0.9,natural=beach
osm-way-839806566,50.41421,30.24113,A7,0.6,natural=wetland
osm-way-1095005251,50.41552,30.23915,A3,0.9,natural=beach
osm-way-1095005254,50.41459,30.24089,A3,0.9,natural=beach
osm-way-839826658,50.44645,30.34673,A7,0.6,natural=wetland
osm-way-316665806,50.45252,30.34635,A3,0.9,natural=beach
osm-way-531677561,50.47048,30.25023,A7,0.6,natural=wetland
osm-way-538726500,50.47460,30.24769,A7,0.6,natural=wetland
osm-way-626267117,50.46475,30.25294,A7,0.6,natural=wetland
osm-way-802172565,50.46385,30.25862,A7,0.6,natural=wetland
osm-way-335264233,50.46194,30.30228,A7,0.6,natural=wetland
osm-way-786133766,50.46259,30.29927,A7,0.6,natural=wetland
osm-way-577531592,50.49886,30.26641,A7,0.6,natural=wetland
osm-way-231002237,50.50154,30.27921,A7,0.6,natural=wetland
osm-way-577531591,50.50027,30.26708,A7,0.6,natural=wetland
osm-way-577762781,50.50063,30.27461,A7,0.6,natural=wetland
osm-way-231002239,50.49650,30.30304,A7,0.6,natural=wetland
osm-way-527488338,50.49818,30.30015,A7,0.6,natural=wetland
osm-way-791388055,50.54144,30.23765,A3,0.9,natural=beach
osm-way-440569730,50.51548,30.25679,A3,0.9,natural=beach
osm-way-440570519,50.51460,30.25661,A7,0.6,natural=wetland
osm-way-835456870,50.51411,30.25697,A7,0.6,natural=wetland
osm-way-367730967,50.52126,30.27301,A3,0.9,natural=beach
osm-way-538733361,50.52515,30.28958,A7,0.6,natural=wetland
osm-way-552617474,50.52705,30.28920,A7,0.6,natural=wetland
osm-way-825451244,50.53999,30.25265,A3,0.9,natural=beach
osm-way-292879824,50.46179,30.31820,A7,0.6,natural=wetland
osm-way-62194681,50.46161,30.32210,A7,0.6,natural=wetland
osm-way-355956842,50.46313,30.32726,A3,0.9,natural=beach
osm-way-367884475,50.46179,30.33991,A7,0.6,natural=wetland
osm-way-287271136,50.49243,30.30762,A7,0.6,natural=wetland
osm-way-507576535,50.49029,30.31237,A3,0.9,natural=beach
osm-way-1378753536,50.54278,30.34160,A7,0.6,natural=wetland
osm-way-288303157,50.55623,30.34330,A3,0.9,natural=beach
osm-way-288303154,50.55585,30.34165,A3,0.9,natural=beach
osm-way-288303583,50.55512,30.34356,A3,0.9,natural=beach
osm-way-411268472,50.56885,30.22241,A3,0.9,natural=beach
osm-way-1252817840,50.56932,30.24561,A7,0.6,natural=wetland
osm-way-426268842,50.58126,30.25937,A3,0.9,natural=beach
osm-way-362597068,50.56603,30.30167,A3,0.9,natural=beach
osm-way-362597069,50.56530,30.29868,A3,0.9,natural=beach
osm-way-1374550644,50.57634,30.29551,A7,0.6,natural=wetland
osm-way-797103162,50.57489,30.30209,A4,0.5,natural=cliff
osm-way-357400700,50.65185,30.20820,A7,0.6,natural=wetland
osm-way-357400710,50.65984,30.21180,A7,0.6,natural=wetland
osm-way-491081028,50.63826,30.28820,A7,0.6,natural=wetland
osm-way-444233944,50.56217,30.31882,A7,0.6,natural=wetland
osm-way-444233945,50.56036,30.31831,A7,0.6,natural=wetland
osm-way-444233948,50.56192,30.31804,A7,0.6,natural=wetland
osm-way-453152949,50.56160,30.32043,A7,0.6,natural=wetland
osm-way-383054228,50.59985,30.33300,A3,0.9,natural=beach
osm-way-606009633,50.60039,30.33128,A3,0.9,natural=beach
osm-way-793645899,50.59285,30.36292,A4,0.5,natural=cliff
osm-way-793645898,50.59256,30.36407,A4,0.5,natural=cliff
osm-way-357727338,50.67447,30.23050,A7,0.6,natural=wetland
osm-way-357727339,50.67512,30.23763,A7,0.6,natural=wetland
osm-way-637860072,50.67148,30.24544,A7,0.6,natural=wetland
osm-way-357727344,50.67250,30.24091,A7,0.6,natural=wetland
osm-way-357727354,50.67795,30.23847,A7,0.6,natural=wetland
osm-way-385009149,50.56713,30.41784,A7,0.6,natural=wetland
osm-way-398223529,51.35717,31.20600,A7,0.6,natural=wetland
osm-way-398223532,51.35997,31.19870,A7,0.6,natural=wetland
osm-way-809331427,51.38476,31.21158,A7,0.6,natural=wetland
osm-way-809708120,51.37527,31.24430,A7,0.6,natural=wetland
osm-way-809951191,51.37955,31.24776,A7,0.6,natural=wetland
osm-way-808156236,51.37073,31.25200,A7,0.6,natural=wetland
osm-way-797095855,51.37211,31.25485,A4,0.5,natural=cliff
osm-way-797095854,51.37301,31.25408,A4,0.5,natural=cliff
osm-way-809951190,51.38007,31.25512,A7,0.6,natural=wetland
osm-way-810192944,51.39423,31.30469,A7,0.6,natural=wetland
osm-way-810192945,51.39676,31.31350,A7,0.6,natural=wetland
osm-way-163217999,51.50660,31.20703,A3,0.9,natural=beach
osm-way-1550012780,51.51823,31.22633,A7,0.6,natural=wetland
osm-way-1550011499,51.51855,31.22827,A7,0.6,natural=wetland
osm-way-670737959,51.59245,31.21137,A7,0.6,natural=wetland
osm-way-670737961,51.59111,31.20969,A7,0.6,natural=wetland
osm-way-670737969,51.60297,31.20107,A7,0.6,natural=wetland
osm-way-670737963,51.59639,31.21218,A7,0.6,natural=wetland
osm-way-1278515942,51.45299,31.27329,A7,0.6,natural=wetland
osm-way-1278161373,51.45521,31.27303,A7,0.6,natural=wetland
osm-way-1278163217,51.45410,31.27409,A7,0.6,natural=wetland
osm-way-1278515943,51.45315,31.27404,A7,0.6,natural=wetland
osm-way-107952662,51.47942,31.29898,A7,0.6,natural=wetland
osm-way-162034958,51.49091,31.28401,A7,0.6,natural=wetland
osm-way-751870263,51.49167,31.28127,A4,0.5,natural=cliff
osm-way-174079945,51.48128,31.31070,A3,0.9,natural=beach
osm-way-546835103,51.47753,31.30987,A3,0.9,natural=beach
osm-way-596191712,51.48486,31.30171,A7,0.6,natural=wetland
osm-way-174079944,51.48657,31.32360,A3,0.9,natural=beach
osm-way-1349274029,51.50091,31.33193,A7,0.6,natural=wetland
osm-way-705103365,51.49409,31.34554,A3,0.9,natural=beach
osm-way-705103366,51.49333,31.34568,A3,0.9,natural=beach
osm-way-1200589611,51.49009,31.34829,A3,0.9,natural=beach
osm-way-707192048,51.49381,31.35524,A3,0.9,natural=beach
osm-way-107339028,51.52425,31.26686,A7,0.6,natural=wetland
osm-way-609277224,51.50237,31.34265,A3,0.9,natural=beach
osm-way-1349365292,51.51031,31.35075,A3,0.9,natural=beach
osm-way-1349646282,51.50524,31.35793,A3,0.9,natural=beach
osm-node-3594884283,50.31156,30.29836,A7,0.7,waterway=waterfall
osm-node-4840237438,50.45742,30.40117,A9,0.8,natural=tree
osm-node-5327873345,50.48018,30.41989,A9,0.8,natural=tree
osm-node-12007830578,50.48363,30.43355,A7,0.7,waterway=waterfall
osm-node-7806040814,50.52649,30.41917,A4,0.9,natural=peak
osm-node-4148467470,50.51560,30.44458,A4,0.9,natural=peak
osm-node-4489301764,50.51990,30.44514,A4,0.9,natural=peak
osm-way-1312272763,-31.88563,-56.81540,A4,0.7,natural=ridge
osm-way-1312272762,-33.02328,-57.99863,A4,0.7,natural=ridge
osm-way-552858435,-33.36428,-56.51558,A3,0.9,natural=beach
osm-way-609795761,50.34722,30.02664,A3,0.9,natural=beach
osm-way-304741578,50.31167,30.12044,A4,0.5,natural=cliff
osm-way-1323837051,50.31110,30.12026,A4,0.5,natural=cliff
osm-way-353712911,50.31575,30.12463,A7,0.6,natural=wetland
osm-way-724725878,50.34608,30.17105,A3,0.9,natural=beach
osm-way-872357423,50.34457,30.17141,A3,0.9,natural=beach
osm-way-1221408074,50.39834,30.01478,A7,0.6,natural=wetland
osm-way-1098222823,50.35294,30.08076,A7,0.6,natural=wetland
osm-way-145477801,50.39241,30.04288,A7,0.6,natural=wetland
osm-way-135509745,50.44104,30.04803,A7,0.6,natural=wetland
osm-way-680058762,50.43302,30.08766,A7,0.6,natural=wetland
osm-way-1356009463,50.38989,30.14502,A4,0.5,natural=cliff
osm-way-1203047076,50.37685,30.14771,A7,0.6,natural=wetland
osm-way-425001611,50.41008,30.15555,A7,0.6,natural=wetland
osm-way-447989663,50.25575,30.22332,A7,0.6,natural=wetland
osm-way-447989653,50.27024,30.22661,A7,0.6,natural=wetland
osm-way-447989644,50.27376,30.22347,A7,0.6,natural=wetland
osm-way-447989650,50.27096,30.22881,A7,0.6,natural=wetland
osm-way-447989656,50.27345,30.23055,A7,0.6,natural=wetland
osm-way-447997764,50.27907,30.23326,A7,0.6,natural=wetland
osm-way-447997765,50.28034,30.23149,A7,0.6,natural=wetland
osm-way-1186676498,50.29542,30.23997,A4,0.5,natural=cliff
osm-way-706994087,50.29179,30.29064,A7,0.6,natural=wetland
osm-way-462560091,50.31089,30.25702,A7,0.6,natural=wetland
osm-way-771402537,50.30001,30.22591,A7,0.6,natural=wetland
osm-way-956500935,50.29880,30.22583,A4,0.5,natural=cliff
osm-way-795686605,50.29802,30.22795,A3,0.9,natural=beach
osm-way-1186316480,50.29735,30.23604,A4,0.5,natural=cliff
osm-way-1186676500,50.29612,30.23846,A4,0.5,natural=cliff
osm-way-1186676499,50.29617,30.23955,A4,0.5,natural=cliff
osm-way-462560457,50.30229,30.25495,A7,0.6,natural=wetland
osm-way-432962537,50.31251,30.24399,A3,0.9,natural=beach
osm-way-1303025736,50.32352,30.21030,A4,0.5,natural=cliff
osm-way-735441473,50.31347,30.26773,A7,0.6,natural=wetland
osm-way-785010190,50.31321,30.27649,A4,0.5,natural=cliff
osm-way-1354603166,50.27376,30.32911,A3,0.9,natural=beach
osm-way-1434039591,50.28251,30.35492,A7,0.6,natural=wetland
osm-way-1431676751,50.28183,30.35245,A7,0.6,natural=wetland
osm-way-810232087,50.28756,30.33326,A7,0.6,natural=wetland
osm-way-1431676750,50.28287,30.35616,A7,0.6,natural=wetland
osm-way-1431676749,50.28317,30.35688,A7,0.6,natural=wetland
osm-way-1431676742,50.29089,30.37133,A7,0.6,natural=wetland
osm-way-1182016114,50.31754,30.33336,A4,0.5,natural=cliff
osm-way-1182016130,50.31845,30.32754,A4,0.5,natural=cliff
osm-way-1182016113,50.31870,30.33229,A4,0.5,natural=cliff
osm-way-143920814,50.31245,30.35669,A7,0.6,natural=wetland
osm-way-1087319355,50.32641,30.34528,A3,0.9,natural=beach
osm-way-796419825,50.32863,30.34723,A4,0.5,natural=cliff
osm-way-1154120235,50.29581,30.36344,A7,0.6,natural=wetland
osm-way-143920815,50.30554,30.35845,A7,0.6,natural=wetland
osm-way-302903174,50.32522,30.37106,A7,0.6,natural=wetland
osm-way-568342796,50.32278,30.37764,A3,0.9,natural=beach
osm-way-299712095,50.34831,30.35911,A7,0.6,natural=wetland
osm-way-940774964,50.34590,30.38689,A4,0.5,natural=cliff
osm-way-940774965,50.34592,30.38675,A4,0.5,natural=cliff
osm-way-1197875193,50.38869,30.22091,A4,0.5,natural=cliff
osm-way-1197875194,50.38871,30.22070,A4,0.5,natural=cliff
osm-way-1197875195,50.38927,30.22143,A7,0.6,natural=wetland
osm-way-882497843,50.37002,30.35269,A7,0.6,natural=wetland
osm-way-882497844,50.37121,30.35132,A7,0.6,natural=wetland
osm-way-527228484,50.35066,30.36146,A3,0.9,natural=beach
osm-way-527228471,50.35305,30.36412,A3,0.9,natural=beach
osm-way-880732063,50.35162,30.36562,A4,0.5,natural=cliff
osm-way-527228472,50.35176,30.36318,A3,0.9,natural=beach
osm-way-870301612,50.36088,30.36746,A7,0.6,natural=wetland
osm-way-880759010,50.34964,30.36340,A4,0.5,natural=cliff
osm-way-467405673,50.35913,30.37546,A3,0.9,natural=beach
osm-way-527230658,50.36117,30.37919,A3,0.9,natural=beach
osm-way-305880665,50.35810,30.37257,A7,0.6,natural=wetland
osm-way-486998657,50.35871,30.37897,A3,0.9,natural=beach
osm-way-882497842,50.36865,30.35736,A7,0.6,natural=wetland
osm-way-462425971,50.36001,30.40488,A7,0.6,natural=wetland
osm-way-462434134,50.36668,30.40025,A7,0.6,natural=wetland
osm-way-1537139549,50.41404,30.34514,A7,0.6,natural=wetland
osm-way-460317508,50.36043,30.41128,A3,0.9,natural=beach
osm-way-460317509,50.35945,30.41057,A3,0.9,natural=beach
osm-way-460317510,50.35983,30.40990,A3,0.9,natural=beach
osm-way-489247231,50.46344,30.42009,A7,0.6,natural=wetland
osm-way-1426189174,50.46043,30.41617,A4,0.5,natural=cliff
osm-way-1189629378,50.46577,30.42350,A4,0.5,natural=cliff
osm-way-1189629374,50.46327,30.42463,A4,0.5,natural=cliff
osm-way-1189629375,50.46410,30.42440,A4,0.5,natural=cliff
osm-way-1189629376,50.46322,30.42736,A4,0.5,natural=cliff
osm-way-1189629377,50.46258,30.42586,A4,0.5,natural=cliff
osm-way-1184949323,50.47779,30.42460,A4,0.5,natural=cliff
osm-way-1189629384,50.47631,30.41664,A4,0.5,natural=cliff
osm-way-1189629385,50.47606,30.42121,A4,0.5,natural=cliff
osm-way-1190317362,50.47675,30.42067,A4,0.5,natural=cliff
osm-way-1189654618,50.47756,30.41440,A4,0.5,natural=cliff
osm-way-470151238,50.47099,30.42915,A7,0.6,natural=wetland
osm-way-1189683790,50.47001,30.43063,A4,0.5,natural=cliff
osm-way-1189683791,50.47061,30.43142,A4,0.5,natural=cliff
osm-way-776747857,50.47531,30.42854,A7,0.6,natural=wetland
osm-way-939406572,50.46959,30.43639,A4,0.5,natural=cliff
osm-way-1082116569,50.47217,30.42776,A4,0.5,natural=cliff
osm-way-1082116571,50.47110,30.42565,A4,0.5,natural=cliff
osm-way-1163982699,50.47050,30.43374,A4,0.5,natural=cliff
osm-way-1184978110,50.47862,30.43299,A4,0.5,natural=cliff
osm-way-1189629383,50.47473,30.42809,A7,0.6,natural=wetland
osm-way-1184949320,50.47513,30.42670,A4,0.5,natural=cliff
osm-way-1184949321,50.47549,30.42704,A4,0.5,natural=cliff
osm-way-1184949322,50.47738,30.42624,A4,0.5,natural=cliff
osm-way-1189629381,50.47350,30.42761,A4,0.5,natural=cliff
osm-way-1189629382,50.47529,30.42663,A4,0.5,natural=cliff
osm-way-1415377970,50.47680,30.42241,A7,0.6,natural=wetland
osm-way-907274044,50.47632,30.43196,A4,0.5,natural=cliff
osm-way-1184406285,50.47742,30.43402,A4,0.5,natural=cliff
osm-way-1184406291,50.47819,30.43422,A4,0.5,natural=cliff
osm-way-1184406294,50.47802,30.43323,A4,0.5,natural=cliff
osm-way-1184949319,50.47492,30.43120,A4,0.5,natural=cliff
osm-way-1184950501,50.47546,30.43123,A4,0.5,natural=cliff
osm-way-1184950502,50.47391,30.43291,A4,0.5,natural=cliff
osm-way-1184955028,50.47740,30.43206,A4,0.5,natural=cliff
osm-way-1184978085,50.47586,30.43328,A4,0.5,natural=cliff
osm-way-1184978097,50.47780,30.43167,A4,0.5,natural=cliff
osm-way-1186842370,50.47685,30.42917,A4,0.5,natural=cliff
osm-way-1186842371,50.47688,30.42948,A4,0.5,natural=cliff
osm-way-1184406293,50.47838,30.43519,A4,0.5,natural=cliff
osm-way-1184978089,50.47689,30.43518,A4,0.5,natural=cliff
osm-way-1184978090,50.47630,30.43563,A4,0.5,natural=cliff
osm-way-301957166,50.48339,30.43187,A7,0.6,natural=wetland
osm-way-1188062047,50.47917,30.43220,A4,0.5,natural=cliff
osm-way-1184950503,50.48101,30.43580,A4,0.5,natural=cliff
osm-way-1184950504,50.48406,30.44110,A4,0.5,natural=cliff
osm-way-1184950505,50.48499,30.43987,A4,0.5,natural=cliff
osm-way-1188629718,50.48509,30.43986,A7,0.6,natural=wetland
osm-way-1186640033,50.48554,30.44037,A7,0.6,natural=wetland
osm-way-353781408,50.52279,30.43208,A7,0.6,natural=wetland
osm-way-490655450,50.52920,30.44688,A7,0.6,natural=wetland
osm-way-1268131760,50.52366,30.44976,A7,0.6,natural=wetland
osm-way-1173393263,50.57169,30.44034,A7,0.6,natural=wetland
osm-way-1155000123,50.56890,30.42873,A7,0.6,natural=wetland
osm-way-1272763686,50.57669,30.42282,A7,0.6,natural=wetland
osm-way-884216027,50.57317,30.42674,A7,0.6,natural=wetland
osm-way-452025533,50.57767,30.42348,A7,0.6,natural=wetland
osm-way-884216026,50.57292,30.42866,A7,0.6,natural=wetland
osm-way-1272763683,50.57571,30.42576,A7,0.6,natural=wetland
osm-way-1273201503,50.57729,30.42869,A7,0.6,natural=wetland
osm-way-1273201504,50.58026,30.42899,A7,0.6,natural=wetland
osm-way-1275084427,50.57165,30.43810,A7,0.6,natural=wetland
osm-way-1275084428,50.56982,30.43704,A7,0.6,natural=wetland
osm-node-358632846,39.00972,-95.73637,A4,0.9,natural=peak
osm-node-358632823,39.05917,-95.84554,A4,0.9,natural=peak
osm-way-1396130336,-33.40814,-54.67094,A4,0.7,natural=ridge
osm-way-1469805836,-33.27028,-54.81253,A4,0.7,natural=ridge
osm-way-1471487460,-33.11533,-54.32269,A4,0.7,natural=ridge
osm-way-366327736,-33.24355,-54.40101,A3,0.9,natural=beach
osm-way-276223241,-33.22491,-54.39552,A7,0.6,natural=wetland
osm-way-276223242,-33.22526,-54.39287,A7,0.6,natural=wetland
osm-way-1414940280,37.73191,-97.45829,A7,0.6,natural=wetland
osm-way-1414940282,37.73217,-97.45672,A7,0.6,natural=wetland
osm-way-655151196,37.73490,-97.45756,A7,0.6,natural=wetland
osm-way-1414940297,37.73548,-97.45511,A7,0.6,natural=wetland
osm-way-1414940298,37.73529,-97.45529,A7,0.6,natural=wetland
osm-way-1414940299,37.73476,-97.45497,A7,0.6,natural=wetland
osm-way-1414940300,37.73489,-97.45535,A7,0.6,natural=wetland
osm-way-1414940301,37.73570,-97.45528,A7,0.6,natural=wetland
osm-way-1414940302,37.73423,-97.45533,A7,0.6,natural=wetland
osm-way-1414940303,37.73596,-97.45525,A7,0.6,natural=wetland
osm-way-1313273377,37.73164,-97.41709,A3,0.9,natural=beach
osm-way-1313272165,37.73864,-97.42243,A3,0.9,natural=beach
osm-way-1313272990,37.73906,-97.41985,A3,0.9,natural=beach
osm-way-1313273376,37.73703,-97.42142,A3,0.9,natural=beach
osm-way-1424156641,37.75075,-97.44629,A7,0.6,natural=wetland
osm-way-1313272166,37.74211,-97.42456,A3,0.9,natural=beach
osm-way-156177884,37.75278,-97.37916,A7,0.6,natural=wetland
osm-way-156177882,37.75650,-97.37903,A7,0.6,natural=wetland
osm-way-151500071,37.76056,-97.38182,A7,0.6,natural=wetland
osm-way-152680549,38.12491,-98.07177,A7,0.6,natural=wetland
osm-way-152680596,38.12427,-98.07077,A7,0.6,natural=wetland
osm-way-152680604,38.11951,-98.06255,A7,0.6,natural=wetland
osm-way-152680610,38.11779,-98.06089,A7,0.6,natural=wetland
osm-way-152680622,38.11400,-98.05447,A7,0.6,natural=wetland
osm-way-152680592,38.11641,-98.05967,A7,0.6,natural=wetland
osm-way-152680606,38.11603,-98.05839,A7,0.6,natural=wetland
osm-way-152680613,38.11505,-98.05626,A7,0.6,natural=wetland
osm-way-152680561,38.10835,-98.05193,A7,0.6,natural=wetland
osm-way-152680605,38.10737,-98.05117,A7,0.6,natural=wetland
osm-way-152680623,38.12094,-98.06370,A7,0.6,natural=wetland
osm-way-151500060,37.77258,-97.38839,A7,0.6,natural=wetland
osm-way-151500061,37.77029,-97.38829,A7,0.6,natural=wetland
osm-way-151500066,37.77729,-97.38953,A7,0.6,natural=wetland
osm-way-151500081,37.76837,-97.38518,A7,0.6,natural=wetland
osm-way-151500064,37.77533,-97.38830,A7,0.6,natural=wetland
osm-way-151500088,37.77339,-97.38821,A7,0.6,natural=wetland
osm-way-151500090,37.77407,-97.38833,A7,0.6,natural=wetland
osm-way-151500073,37.78862,-97.40467,A7,0.6,natural=wetland
osm-way-151500077,37.78749,-97.40027,A7,0.6,natural=wetland
osm-way-151500083,37.78612,-97.39629,A7,0.6,natural=wetland
osm-way-151500067,37.78166,-97.39210,A7,0.6,natural=wetland
osm-way-151500092,37.78561,-97.39814,A7,0.6,natural=wetland
osm-way-844751919,37.67233,-97.21461,A7,0.6,natural=wetland
osm-way-200738426,38.99939,-95.77301,A3,0.9,natural=beach
osm-way-194761293,39.01059,-95.61709,A3,0.9,natural=beach
osm-way-1428190683,39.00450,-95.62092,A3,0.9,natural=beach
osm-node-10968405674,39.09444,-96.68868,A4,0.9,natural=peak
osm-node-358630199,39.15278,-96.60723,A4,0.9,natural=peak
osm-node-9984530272,39.17974,-96.59467,A4,0.9,natural=peak
osm-node-358630167,39.17889,-96.59111,A4,0.9,natural=peak
osm-node-358630169,39.17639,-96.58639,A4,0.9,natural=peak
osm-node-358630189,39.17222,-96.55167,A4,0.9,natural=peak
osm-node-10167829530,39.28014,-96.63678,A3,0.9,natural=bay
osm-node-10167829531,39.27337,-96.62454,A3,0.9,natural=bay
osm-node-9739805140,39.12995,-96.44066,A7,0.7,waterway=waterfall
osm-node-358633636,38.88889,-95.26164,A4,0.9,natural=peak
osm-node-7817356772,38.92902,-95.32224,A7,0.7,waterway=waterfall
osm-node-3743032538,38.93346,-95.33953,A4,0.9,natural=peak
osm-node-13608756603,38.96187,-95.25097,A4,0.9,natural=peak
osm-node-358633658,38.90445,-95.18219,A4,0.9,natural=peak
osm-node-6748807768,41.22655,-95.92831,A7,0.7,waterway=waterfall
osm-node-13930481384,41.25192,-95.92973,A9,0.8,leisure=nature_reserve
osm-node-12547986643,41.15711,-95.79178,A4,0.9,natural=peak
osm-node-368393888,42.56666,-96.55670,A7,0.6,natural=wetland
osm-node-354378526,42.55444,-96.47170,A4,0.9,natural=peak
osm-node-354330155,42.39999,-96.35031,A4,0.5,natural=cliff
osm-way-1294640265,39.15962,-96.63527,A7,0.6,natural=wetland
osm-way-1464115899,39.20722,-96.58937,A7,0.6,natural=wetland
osm-way-1464116870,39.20994,-96.58710,A7,0.6,natural=wetland
osm-way-1464116871,39.20986,-96.58716,A7,0.6,natural=wetland
osm-way-1464116951,39.21016,-96.58789,A7,0.6,natural=wetland
osm-way-1131237046,39.23344,-96.53028,A7,0.6,natural=wetland
osm-way-1131241166,39.23189,-96.52142,A7,0.6,natural=wetland
osm-way-1131859671,39.23316,-96.53006,A7,0.6,natural=wetland
osm-way-1223340799,39.27553,-96.64153,A7,0.6,natural=wetland
osm-way-1107795400,39.27771,-96.62649,A4,0.5,natural=cliff
osm-way-564930426,39.25346,-96.58040,A3,0.9,natural=beach
osm-way-1108058030,39.28399,-96.60162,A4,0.5,natural=cliff
osm-way-1019636518,39.25895,-96.57210,A7,0.6,natural=wetland
osm-way-1131237044,39.23408,-96.52185,A7,0.6,natural=wetland
osm-way-1131859673,39.23403,-96.52271,A7,0.6,natural=wetland
osm-way-1019636516,39.26042,-96.57233,A7,0.6,natural=wetland
osm-way-264207395,38.90671,-95.36722,A3,0.9,natural=beach
osm-way-927827438,38.91706,-95.24841,A7,0.6,natural=wetland
osm-way-389397494,38.93541,-95.37863,A3,0.9,natural=beach
osm-way-73691733,38.96816,-95.13586,A7,0.6,natural=wetland
osm-way-1279004275,38.98345,-95.20237,A7,0.6,natural=wetland
osm-way-73691711,39.03896,-95.30827,A7,0.6,natural=wetland
osm-way-1311795153,41.04843,-96.00058,A3,0.9,natural=beach
osm-way-1311795152,41.04970,-95.99041,A3,0.9,natural=beach
osm-way-185040484,41.09660,-96.04371,A7,0.6,natural=wetland
osm-way-160311837,41.09078,-95.94558,A7,0.6,natural=wetland
osm-way-188992595,41.11447,-95.97969,A7,0.6,natural=wetland
osm-way-188992581,41.11563,-95.98000,A7,0.6,natural=wetland
osm-way-188991218,41.10597,-95.96990,A7,0.6,natural=wetland
osm-way-188997788,41.09721,-95.94978,A7,0.6,natural=wetland
osm-way-1302644233,41.02685,-95.87578,A7,0.6,natural=wetland
osm-way-1302644229,41.04554,-95.88569,A7,0.6,natural=wetland
osm-way-1302644231,41.03485,-95.88098,A7,0.6,natural=wetland
osm-way-1302644232,41.04198,-95.88632,A7,0.6,natural=wetland
osm-way-1302644230,41.03926,-95.88222,A7,0.6,natural=wetland
osm-way-160313097,41.09072,-95.94220,A7,0.6,natural=wetland
osm-way-188860696,41.11343,-95.92850,A7,0.6,natural=wetland
osm-way-1279279696,41.11245,-95.92374,A7,0.6,natural=wetland
osm-way-1282773700,41.11083,-95.92286,A7,0.6,natural=wetland
osm-way-188860697,41.11480,-95.92913,A7,0.6,natural=wetland
osm-way-190139655,41.10329,-95.89240,A7,0.6,natural=wetland
osm-way-190139728,41.10115,-95.89388,A7,0.6,natural=wetland
osm-way-190139759,41.10230,-95.89184,A7,0.6,natural=wetland
osm-way-190139666,41.10283,-95.89484,A7,0.6,natural=wetland
osm-way-190139626,41.11102,-95.89097,A7,0.6,natural=wetland
osm-way-160545526,41.11906,-95.89109,A3,0.9,natural=beach
osm-way-190851123,41.11665,-95.89031,A7,0.6,natural=wetland
osm-way-190851129,41.11817,-95.89031,A7,0.6,natural=wetland
osm-way-1300450980,41.08793,-95.82516,A7,0.6,natural=wetland
osm-way-1302642050,41.09268,-95.81582,A7,0.6,natural=wetland
osm-way-169791890,41.12705,-96.06244,A7,0.6,natural=wetland
osm-way-169801220,41.13954,-96.06239,A7,0.6,natural=wetland
osm-way-184515892,41.17271,-96.05353,A7,0.6,natural=wetland
osm-way-184515882,41.17147,-96.05357,A7,0.6,natural=wetland
osm-way-184515880,41.17380,-96.05353,A7,0.6,natural=wetland
osm-way-185038978,41.12490,-96.04180,A7,0.6,natural=wetland
osm-way-184694466,41.13195,-96.03472,A7,0.6,natural=wetland
osm-way-185020418,41.14271,-95.99733,A7,0.6,natural=wetland
osm-way-184517394,41.15978,-96.02781,A7,0.6,natural=wetland
osm-way-184704127,41.14831,-96.00606,A7,0.6,natural=wetland
osm-way-184704125,41.14924,-96.00146,A7,0.6,natural=wetland
osm-way-184704130,41.14970,-95.99733,A7,0.6,natural=wetland
osm-way-189156300,41.16564,-96.00817,A7,0.6,natural=wetland
osm-way-184686375,41.13776,-95.98178,A7,0.6,natural=wetland
osm-way-185026428,41.14247,-95.96065,A7,0.6,natural=wetland
osm-way-184520910,41.15544,-95.99141,A7,0.6,natural=wetland
osm-way-509438509,41.15426,-95.99105,A7,0.6,natural=wetland
osm-way-184520933,41.15686,-95.99192,A7,0.6,natural=wetland
osm-way-169399420,41.19568,-96.04872,A7,0.6,natural=wetland
osm-way-1475166098,41.21071,-95.96131,A7,0.6,natural=wetland
osm-way-191161092,41.13574,-95.94381,A7,0.6,natural=wetland
osm-way-188840173,41.13648,-95.93690,A7,0.6,natural=wetland
osm-way-1289802410,41.13926,-95.93540,A7,0.6,natural=wetland
osm-way-188840168,41.13785,-95.93847,A7,0.6,natural=wetland
osm-way-188840177,41.14096,-95.93899,A7,0.6,natural=wetland
osm-way-188840182,41.13886,-95.93899,A7,0.6,natural=wetland
osm-way-188838729,41.14339,-95.92964,A7,0.6,natural=wetland
osm-way-190384374,41.12138,-95.90468,A7,0.6,natural=wetland
osm-way-188689298,41.13044,-95.89090,A7,0.6,natural=wetland
osm-way-188689302,41.13235,-95.88983,A7,0.6,natural=wetland
osm-way-1300160322,41.13411,-95.84379,A7,0.6,natural=wetland
osm-way-1258827732,41.15102,-95.88455,A3,0.9,natural=beach
osm-way-189490491,41.18173,-95.91192,A7,0.6,natural=wetland
osm-way-188157141,41.22201,-95.94208,A7,0.6,natural=wetland
osm-way-188284570,41.22569,-95.92777,A5,0.95,building=greenhouse
osm-way-399841671,41.20086,-95.85971,A3,0.9,natural=beach
osm-way-1092255885,41.21439,-95.85569,A3,0.9,natural=beach
osm-way-193418327,41.22187,-95.84328,A7,0.6,natural=wetland
osm-way-193418330,41.22083,-95.84068,A7,0.6,natural=wetland
osm-way-193418332,41.22381,-95.84159,A7,0.6,natural=wetland
osm-way-845569814,41.23965,-95.98014,A7,0.6,natural=wetland
osm-way-1432157551,41.25267,-95.97315,A7,0.6,natural=wetland
osm-way-1428205258,41.25221,-95.97078,A7,0.6,natural=wetland
osm-way-188003741,41.23431,-95.91481,A7,0.6,natural=wetland
osm-way-1369407006,41.25780,-95.93262,A3,0.9,natural=beach
osm-way-1369407007,41.25781,-95.93270,A3,0.9,natural=beach
osm-way-1104449569,41.25816,-95.92838,A7,0.6,natural=wetland
osm-way-1104449570,41.25828,-95.92891,A7,0.6,natural=wetland
osm-way-191502299,41.24290,-95.88674,A7,0.6,natural=wetland
osm-way-191501209,41.24259,-95.88326,A7,0.6,natural=wetland
osm-way-431798375,41.22290,-95.82712,A7,0.6,natural=wetland
osm-way-192888965,41.22777,-95.82004,A7,0.6,natural=wetland
osm-way-1013401192,42.37004,-96.35614,A7,0.6,natural=wetland
osm-way-1013401193,42.37622,-96.35081,A7,0.6,natural=wetland
osm-way-321224567,42.54075,-96.53472,A7,0.6,natural=wetland
osm-way-321224565,42.51907,-96.51162,A7,0.6,natural=wetland
osm-way-321224569,42.54752,-96.54362,A7,0.6,natural=wetland
osm-way-1412122638,42.47526,-96.38916,A3,0.9,natural=beach
osm-way-882010013,42.41799,-96.35758,A7,0.6,natural=wetland
osm-way-428676672,42.42272,-96.35692,A7,0.6,natural=wetland
osm-way-226827670,42.48930,-96.41434,A3,0.9,natural=beach
osm-node-1307117536,36.71716,-97.06066,A2,0.5,historic=castle
osm-node-368390747,36.73754,-96.92365,A3,0.9,natural=bay
osm-node-4945094020,39.24841,-94.91486,A7,0.7,waterway=waterfall
osm-node-358632537,39.29722,-94.93635,A4,0.9,natural=peak
osm-node-368926580,39.27556,-94.84385,A7,0.6,natural=wetland
osm-node-358632468,39.35333,-94.95580,A4,0.9,natural=peak
osm-node-358632466,39.34444,-94.94746,A4,0.9,natural=peak
osm-node-358632473,39.35583,-94.94024,A4,0.9,natural=peak
osm-node-358632471,39.36250,-94.94358,A4,0.5,natural=cliff
osm-node-358632464,39.37000,-94.93913,A4,0.9,natural=peak
osm-node-6317262634,41.43293,-96.59765,A2,0.5,historic=archaeological_site
osm-node-5015753334,41.38509,-96.47696,A3,0.9,natural=bay
osm-node-357790134,41.44618,-96.55553,A3,0.9,natural=beach
osm-node-368386936,41.44573,-96.55159,A3,0.9,natural=bay
osm-node-368386923,41.44912,-96.56072,A3,0.9,natural=bay
osm-way-1232835159,36.68569,-97.25124,A3,0.9,natural=beach
osm-way-143826723,36.68738,-96.93211,A7,0.6,natural=wetland
osm-way-143826722,36.69342,-96.92718,A7,0.6,natural=wetland
osm-way-599393732,36.72501,-97.02218,A3,0.9,natural=beach
osm-way-1208044583,39.26260,-94.82539,A7,0.6,natural=wetland
osm-way-868870433,39.27752,-94.82056,A7,0.6,natural=wetland
osm-way-607927809,39.35856,-94.92700,A7,0.6,natural=wetland
osm-way-607927811,39.36137,-94.92400,A7,0.6,natural=wetland
osm-way-607927814,39.36084,-94.92457,A7,0.6,natural=wetland
osm-way-1050893581,39.37124,-94.90056,A7,0.6,natural=wetland
osm-way-1050893583,39.37743,-94.90138,A7,0.6,natural=wetland
osm-way-1050893584,39.36872,-94.89791,A7,0.6,natural=wetland
osm-way-1050893582,39.37520,-94.90385,A7,0.6,natural=wetland
osm-way-692836757,39.38482,-94.87813,A4,0.5,natural=cliff
osm-way-692836756,39.39357,-94.88643,A4,0.5,natural=cliff
osm-way-1280383658,40.68059,-99.10685,A3,0.9,natural=beach
osm-way-395927243,40.65583,-99.05332,A7,0.6,natural=wetland
osm-way-1415267371,40.70326,-99.14252,A3,0.9,natural=beach
osm-way-1530377231,40.79864,-99.16918,A7,0.6,natural=wetland
osm-way-1530377230,40.80003,-99.16923,A7,0.6,natural=wetland
osm-way-1306086981,41.43023,-96.61293,A7,0.6,natural=wetland
osm-way-143722539,41.38268,-96.53531,A7,0.6,natural=wetland
osm-way-1335309126,41.40605,-96.54651,A7,0.6,natural=wetland
osm-way-510313335,41.39964,-96.53900,A7,0.6,natural=wetland
osm-way-510893041,41.42956,-96.54133,A3,0.9,natural=beach
osm-way-511372517,41.43349,-96.53451,A3,0.9,natural=beach
osm-way-510893040,41.42989,-96.54366,A3,0.9,natural=beach
osm-way-510893051,41.43078,-96.54583,A3,0.9,natural=beach
osm-way-510893054,41.43010,-96.54536,A3,0.9,natural=beach
osm-way-511366842,41.43379,-96.54265,A3,0.9,natural=beach
osm-way-511368358,41.43341,-96.54197,A3,0.9,natural=beach
osm-way-510893042,41.42924,-96.54049,A3,0.9,natural=beach
osm-way-510893046,41.42906,-96.53821,A3,0.9,natural=beach
osm-way-510893049,41.42884,-96.53620,A3,0.9,natural=beach
osm-way-510893053,41.42918,-96.53909,A3,0.9,natural=beach
osm-way-511368349,41.43322,-96.53941,A3,0.9,natural=beach
osm-way-511372524,41.43356,-96.53656,A3,0.9,natural=beach
osm-way-511366281,41.43508,-96.52713,A3,0.9,natural=beach
osm-way-511410522,41.42864,-96.52522,A3,0.9,natural=beach
osm-way-511416273,41.42691,-96.52821,A3,0.9,natural=beach
osm-way-510891820,41.43006,-96.53008,A3,0.9,natural=beach
osm-way-510891821,41.42971,-96.53192,A3,0.9,natural=beach
osm-way-511372500,41.43353,-96.53032,A3,0.9,natural=beach
osm-way-511372507,41.43365,-96.53091,A3,0.9,natural=beach
osm-way-511372508,41.43347,-96.53191,A3,0.9,natural=beach
osm-way-510891814,41.43213,-96.52393,A7,0.6,natural=wetland
osm-way-510891815,41.43317,-96.52367,A7,0.6,natural=wetland
osm-way-1305215920,41.41052,-96.50774,A7,0.6,natural=wetland
osm-way-510324733,41.40026,-96.50163,A3,0.9,natural=beach
osm-way-509150968,41.44437,-96.61308,A3,0.9,natural=beach
osm-way-509146494,41.44442,-96.61494,A3,0.9,natural=beach
osm-way-509150957,41.44504,-96.60779,A3,0.9,natural=beach
osm-way-509150964,41.44446,-96.61239,A3,0.9,natural=beach
osm-way-509150973,41.44464,-96.61104,A3,0.9,natural=beach
osm-way-509153341,41.44699,-96.61029,A3,0.9,natural=beach
osm-way-509153348,41.44667,-96.60351,A3,0.9,natural=beach
osm-way-509153349,41.44490,-96.60479,A3,0.9,natural=beach
osm-way-509156993,41.44558,-96.60369,A3,0.9,natural=beach
osm-way-508841170,41.44731,-96.59155,A3,0.9,natural=beach
osm-way-508841171,41.44743,-96.58694,A3,0.9,natural=beach
osm-way-508841172,41.44581,-96.58802,A3,0.9,natural=beach
osm-way-509510212,41.44157,-96.59194,A7,0.6,natural=wetland
osm-way-508838553,41.44574,-96.57973,A3,0.9,natural=beach
osm-way-508841021,41.44634,-96.58073,A3,0.9,natural=beach
osm-way-508841426,41.44714,-96.58247,A3,0.9,natural=beach
osm-way-509138429,41.44335,-96.58036,A7,0.6,natural=wetland
osm-way-508841024,41.44491,-96.58174,A3,0.9,natural=beach
osm-way-508841026,41.44534,-96.58123,A3,0.9,natural=beach
osm-way-510888772,41.43792,-96.55492,A3,0.9,natural=beach
osm-way-509530941,41.43876,-96.55212,A3,0.9,natural=beach
osm-way-510888765,41.43826,-96.54898,A3,0.9,natural=beach
osm-way-509799247,41.44081,-96.54747,A3,0.9,natural=beach
osm-way-509799250,41.44440,-96.54759,A3,0.9,natural=beach
osm-way-509523934,41.44612,-96.55551,A3,0.9,natural=beach
osm-way-511855207,41.44550,-96.55072,A3,0.9,natural=beach
osm-way-510888768,41.43705,-96.54650,A3,0.9,natural=beach
osm-way-510930630,41.43979,-96.54250,A3,0.9,natural=beach
osm-way-510930651,41.43969,-96.54179,A3,0.9,natural=beach
osm-way-510930680,41.43952,-96.54130,A3,0.9,natural=beach
osm-way-511368355,41.43638,-96.54203,A3,0.9,natural=beach
osm-way-509799246,41.43936,-96.54068,A3,0.9,natural=beach
osm-way-509799248,41.43902,-96.53883,A3,0.9,natural=beach
osm-way-511368352,41.43617,-96.53830,A3,0.9,natural=beach
osm-way-509799245,41.43890,-96.53435,A3,0.9,natural=beach
osm-way-509799244,41.44298,-96.54508,A3,0.9,natural=beach
osm-way-666769735,41.44643,-96.54209,A3,0.9,natural=beach
osm-way-506888657,41.44618,-96.53947,A3,0.9,natural=beach
osm-way-511368359,41.43609,-96.53278,A3,0.9,natural=beach
osm-way-511368363,41.43648,-96.53259,A3,0.9,natural=beach
osm-way-510891822,41.43798,-96.52809,A3,0.9,natural=beach
osm-way-507173772,41.44978,-96.54692,A3,0.9,natural=beach
osm-way-1301032443,41.36566,-96.44701,A7,0.6,natural=wetland
osm-way-1301034996,41.37934,-96.46838,A7,0.6,natural=wetland
osm-way-504917156,41.42060,-96.46657,A3,0.9,natural=beach
osm-way-504917159,41.42103,-96.46771,A3,0.9,natural=beach
osm-way-504917161,41.41787,-96.46730,A3,0.9,natural=beach
osm-way-504917162,41.41966,-96.46672,A3,0.9,natural=beach
osm-way-504917165,41.41811,-96.46659,A3,0.9,natural=beach
osm-way-504917167,41.41809,-96.46752,A3,0.9,natural=beach
osm-way-504917168,41.41907,-96.46649,A3,0.9,natural=beach
osm-way-504949882,41.41041,-96.44718,A3,0.9,natural=beach
osm-way-1074973157,41.42399,-96.45215,A7,0.6,natural=wetland
osm-way-131735556,41.48204,-96.41830,A7,0.6,natural=wetland
osm-way-131735562,41.47927,-96.41869,A7,0.6,natural=wetland
osm-way-1315482635,41.50673,-96.44724,A7,0.6,natural=wetland
osm-way-1317833742,41.49326,-96.43766,A7,0.6,natural=wetland
osm-node-3328575981,44.72851,-93.62327,A2,0.5,historic=archaeological_site
osm-node-3328575985,44.72640,-93.62336,A2,0.5,historic=archaeological_site
osm-node-6856309825,44.78143,-93.60846,A7,0.7,waterway=waterfall
osm-node-6856309826,44.78982,-93.60711,A7,0.7,waterway=waterfall
osm-node-369003014,44.88885,-93.64079,A3,0.9,natural=bay
osm-node-6614944075,44.79488,-93.57974,A7,0.7,waterway=waterfall
osm-node-6614944073,44.80286,-93.58103,A7,0.7,waterway=waterfall
osm-node-6614944074,44.79811,-93.58132,A7,0.7,waterway=waterfall
osm-node-6614994203,44.80756,-93.58146,A7,0.7,waterway=waterfall
osm-node-9284831951,44.86100,-93.61584,A7,0.7,waterway=waterfall
osm-node-6556397481,44.86031,-93.58760,A9,0.8,leisure=nature_reserve
osm-node-369002763,44.72052,-93.44606,A3,0.9,natural=bay
osm-node-8066114045,44.80044,-93.46214,A7,0.7,waterway=waterfall
osm-node-8068068341,44.80044,-93.46174,A7,0.7,waterway=waterfall
osm-node-8068092474,44.80052,-93.46195,A7,0.7,waterway=waterfall
osm-node-8068092478,44.80050,-93.46212,A7,0.7,waterway=waterfall
osm-node-8068092484,44.80052,-93.46198,A7,0.7,waterway=waterfall
osm-node-8068097485,44.80054,-93.46204,A7,0.7,waterway=waterfall
osm-node-13635253793,44.91588,-93.66200,A3,0.7,natural=cape
osm-node-369002835,44.91652,-93.64655,A3,0.9,natural=bay
osm-node-13630334497,44.91042,-93.62925,A3,0.7,natural=cape
osm-node-13630334436,44.92137,-93.60921,A3,0.7,natural=cape
osm-node-6754777336,44.92165,-93.59393,A3,0.9,natural=bay
osm-node-13630334498,44.92018,-93.59849,A3,0.7,natural=cape
osm-node-369002035,44.90746,-93.56218,A3,0.9,natural=bay
osm-node-369002286,44.90941,-93.58051,A3,0.9,natural=bay
osm-node-13630872502,44.91440,-93.57379,A3,0.7,natural=cape
osm-node-369002059,44.91941,-93.57635,A3,0.9,natural=bay
osm-node-13635236222,44.90895,-93.57008,A3,0.7,natural=cape
osm-node-369002851,44.90663,-93.55190,A3,0.9,natural=bay
osm-way-481269258,41.10069,-100.72049,A7,0.6,natural=wetland
osm-way-481269259,41.10090,-100.71065,A7,0.6,natural=wetland
osm-way-145887629,37.42625,-97.23815,A7,0.6,natural=wetland
osm-way-145887639,37.43249,-97.24068,A7,0.6,natural=wetland
osm-way-145887616,37.44835,-97.24220,A7,0.6,natural=wetland
osm-way-145887618,37.45127,-97.24383,A7,0.6,natural=wetland
osm-way-145887623,37.44047,-97.24197,A7,0.6,natural=wetland
osm-way-145887620,37.44285,-97.24019,A7,0.6,natural=wetland
osm-way-145887625,37.46065,-97.26206,A7,0.6,natural=wetland
osm-way-145887631,37.45706,-97.25885,A7,0.6,natural=wetland
osm-way-145887633,37.46404,-97.25990,A7,0.6,natural=wetland
osm-way-145887619,37.47402,-97.26179,A7,0.6,natural=wetland
osm-way-145887626,37.46935,-97.26060,A7,0.6,natural=wetland
osm-way-145887643,37.47410,-97.26026,A7,0.6,natural=wetland
osm-way-145773435,37.48236,-97.25925,A7,0.6,natural=wetland
osm-way-145773437,37.48166,-97.26018,A7,0.6,natural=wetland
osm-way-145887622,37.47974,-97.26069,A7,0.6,natural=wetland
osm-way-145773436,37.48345,-97.25977,A7,0.6,natural=wetland
osm-way-145773440,37.49150,-97.25986,A7,0.6,natural=wetland
osm-way-145773443,37.48710,-97.25981,A7,0.6,natural=wetland
osm-way-145887617,37.45399,-97.25201,A7,0.6,natural=wetland
osm-way-145887647,37.45242,-97.24711,A7,0.6,natural=wetland
osm-way-145887627,37.45388,-97.24907,A7,0.6,natural=wetland
osm-way-145773439,37.50887,-97.26846,A7,0.6,natural=wetland
osm-way-145773445,37.51133,-97.27562,A7,0.6,natural=wetland
osm-way-145773446,37.51741,-97.27890,A7,0.6,natural=wetland
osm-way-145961823,37.51820,-97.27641,A7,0.6,natural=wetland
osm-way-145961825,37.51888,-97.27635,A7,0.6,natural=wetland
osm-way-145773438,37.52234,-97.27715,A7,0.6,natural=wetland
osm-way-145961821,37.52475,-97.27715,A7,0.6,natural=wetland
osm-way-1419997235,37.54947,-97.18336,A7,0.6,natural=wetland
osm-way-1419997236,37.54905,-97.18473,A7,0.6,natural=wetland
osm-way-1419997237,37.54944,-97.18623,A7,0.6,natural=wetland
osm-way-1419997233,37.55133,-97.18126,A7,0.6,natural=wetland
osm-way-1419997234,37.55004,-97.18231,A7,0.6,natural=wetland
osm-way-406582973,41.37219,-97.44841,A7,0.6,natural=wetland
osm-way-1316610300,41.43382,-97.40500,A7,0.6,natural=wetland
osm-way-1467939759,41.43185,-97.32273,A3,0.9,natural=beach
osm-way-1316343925,41.44416,-97.45856,A7,0.6,natural=wetland
osm-way-144717136,41.51760,-97.34687,A7,0.6,natural=wetland
osm-way-555323802,44.68531,-93.71624,A7,0.6,natural=wetland
osm-way-320051395,44.65839,-93.58963,A7,0.6,natural=wetland
osm-way-470382892,44.66203,-93.63046,A3,0.9,natural=beach
osm-way-1215104935,44.66520,-93.60892,A7,0.6,natural=wetland
osm-way-1215104937,44.66882,-93.60122,A7,0.6,natural=wetland
osm-way-55766549,44.71389,-93.74993,A7,0.6,natural=wetland
osm-way-55766668,44.75657,-93.76497,A7,0.6,natural=wetland
osm-way-1082225412,44.84166,-93.76429,A7,0.6,natural=wetland
osm-way-1492907827,44.84482,-93.77424,A7,0.6,natural=wetland
osm-way-1453799984,44.84953,-93.75758,A7,0.6,natural=wetland
osm-way-1090809041,44.85556,-93.76424,A3,0.9,natural=beach
osm-way-1471290514,44.85684,-93.75494,A7,0.6,natural=wetland
osm-way-1471290516,44.85861,-93.75448,A7,0.6,natural=wetland
osm-way-1471290499,44.86165,-93.74131,A7,0.6,natural=wetland
osm-way-555323820,44.70049,-93.69191,A7,0.6,natural=wetland
osm-way-55766539,44.71425,-93.70249,A7,0.6,natural=wetland
osm-way-668653043,44.69261,-93.67520,A3,0.9,natural=beach
osm-way-668656006,44.68970,-93.67759,A3,0.9,natural=beach
osm-way-668588073,44.69637,-93.66354,A3,0.9,natural=beach
osm-way-668588070,44.69329,-93.65195,A3,0.9,natural=beach
osm-way-668588069,44.69357,-93.64555,A3,0.9,natural=beach
osm-way-1034956255,44.71641,-93.66943,A3,0.9,natural=beach
osm-way-1034956253,44.71640,-93.67049,A3,0.9,natural=beach
osm-way-55766885,44.72794,-93.66226,A7,0.6,natural=wetland
osm-way-1300731524,44.76469,-93.64043,A7,0.6,natural=wetland
osm-way-1300723707,44.77535,-93.65144,A7,0.6,natural=wetland
osm-way-1300723706,44.77297,-93.64871,A7,0.6,natural=wetland
osm-way-55766405,44.73235,-93.61138,A7,0.6,natural=wetland
osm-way-935648416,44.73088,-93.61935,A7,0.6,natural=wetland
osm-way-1300731482,44.75880,-93.62677,A7,0.6,natural=wetland
osm-way-1300731479,44.77251,-93.62502,A7,0.6,natural=wetland
osm-way-656822584,44.78959,-93.60475,A3,0.9,natural=beach
osm-way-320064382,44.75325,-93.53075,A7,0.6,natural=wetland
osm-way-1025625971,44.79105,-93.56274,A7,0.6,natural=wetland
osm-way-55767131,44.81254,-93.65919,A7,0.6,natural=wetland
osm-way-55767125,44.81814,-93.67598,A7,0.6,natural=wetland
osm-way-1538460169,44.83625,-93.67893,A7,0.6,natural=wetland
osm-way-1538460170,44.83581,-93.67811,A7,0.6,natural=wetland
osm-way-1538460155,44.83997,-93.66880,A7,0.6,natural=wetland
osm-way-1369691973,44.82586,-93.63886,A7,0.6,natural=wetland
osm-way-1536975236,44.83532,-93.66206,A7,0.6,natural=wetland
osm-way-1536975235,44.83702,-93.66080,A7,0.6,natural=wetland
osm-way-1538708315,44.83914,-93.65048,A7,0.6,natural=wetland
osm-way-1536975232,44.83727,-93.66265,A7,0.6,natural=wetland
osm-way-963516495,44.87821,-93.72225,A7,0.6,natural=wetland
osm-way-963518759,44.89009,-93.72227,A7,0.6,natural=wetland
osm-way-1359983960,44.89170,-93.71979,A7,0.6,natural=wetland
osm-way-1359983961,44.89233,-93.71799,A7,0.6,natural=wetland
osm-way-48269032,44.87848,-93.69454,A7,0.6,natural=wetland
osm-way-850494968,44.88537,-93.71415,A7,0.6,natural=wetland
osm-way-963516477,44.88308,-93.71399,A7,0.6,natural=wetland
osm-way-963516478,44.88283,-93.71400,A7,0.6,natural=wetland
osm-way-850494974,44.88803,-93.70998,A7,0.6,natural=wetland
osm-way-48252649,44.89306,-93.71503,A7,0.6,natural=wetland
osm-way-1376324153,44.89318,-93.71171,A7,0.6,natural=wetland
osm-way-1185864833,44.86730,-93.68890,A3,0.9,natural=beach
osm-way-1539514778,44.85797,-93.63962,A7,0.6,natural=wetland
osm-way-1538708289,44.86130,-93.65408,A7,0.6,natural=wetland
osm-way-1539514786,44.85726,-93.64123,A7,0.6,natural=wetland
osm-way-1538708287,44.86585,-93.64426,A7,0.6,natural=wetland
osm-way-709369625,44.86545,-93.64326,A7,0.6,natural=wetland
osm-way-1057966485,44.86508,-93.64269,A7,0.6,natural=wetland
osm-way-48269080,44.87918,-93.68545,A7,0.6,natural=wetland
osm-way-963786115,44.87312,-93.67242,A7,0.6,natural=wetland
osm-way-723615670,44.89316,-93.65966,A3,0.9,natural=beach
osm-way-55767152,44.79285,-93.62706,A7,0.6,natural=wetland
osm-way-1023027552,44.79577,-93.62012,A7,0.6,natural=wetland
osm-way-1023027549,44.79833,-93.61952,A7,0.6,natural=wetland
osm-way-555325725,44.81100,-93.61781,A7,0.6,natural=wetland
osm-way-1136497963,44.82392,-93.61852,A7,0.6,natural=wetland
osm-way-975010112,44.79870,-93.56828,A7,0.6,natural=wetland
osm-way-544602934,44.82586,-93.57484,A7,0.6,natural=wetland
osm-way-921424135,44.84168,-93.56356,A7,0.6,natural=wetland
osm-way-1086768920,44.82520,-93.54990,A7,0.6,natural=wetland
osm-way-920979622,44.82716,-93.53873,A7,0.6,natural=wetland
osm-way-919854975,44.84401,-93.54975,A7,0.6,natural=wetland
osm-way-919854989,44.83948,-93.55094,A7,0.6,natural=wetland
osm-way-919855016,44.83209,-93.53806,A7,0.6,natural=wetland
osm-way-919854990,44.83868,-93.54172,A7,0.6,natural=wetland
osm-way-919855010,44.84160,-93.54284,A7,0.6,natural=wetland
osm-way-1191893927,44.85993,-93.62682,A7,0.6,natural=wetland
osm-way-1011348713,44.86386,-93.62595,A7,0.6,natural=wetland
osm-way-183157924,44.85749,-93.58614,A7,0.6,natural=wetland
osm-way-584905712,44.86149,-93.58777,A7,0.6,natural=wetland
osm-way-584905716,44.86784,-93.58706,A7,0.6,natural=wetland
osm-way-55767481,44.86698,-93.58870,A7,0.6,natural=wetland
osm-way-719914537,44.87853,-93.62340,A7,0.6,natural=wetland
osm-way-719914539,44.87871,-93.62010,A3,0.9,natural=beach
osm-way-431802354,44.88234,-93.60286,A3,0.9,natural=beach
osm-way-1510000763,44.87307,-93.58780,A7,0.6,natural=wetland
osm-way-1462365599,44.88226,-93.59110,A7,0.6,natural=wetland
osm-way-698361008,44.88644,-93.59833,A7,0.6,natural=wetland
osm-way-1462369765,44.88684,-93.59266,A7,0.6,natural=wetland
osm-way-527608235,44.84561,-93.57760,A7,0.6,natural=wetland
osm-way-921424134,44.84544,-93.55953,A7,0.6,natural=wetland
osm-way-921424138,44.85174,-93.56745,A7,0.6,natural=wetland
osm-way-42909563,44.86842,-93.55904,A3,0.9,natural=beach
osm-way-919854970,44.84797,-93.54904,A7,0.6,natural=wetland
osm-way-919854972,44.84795,-93.54571,A7,0.6,natural=wetland
osm-way-921424176,44.85141,-93.55258,A7,0.6,natural=wetland
osm-way-921424166,44.85310,-93.55523,A7,0.6,natural=wetland
osm-way-920979470,44.85207,-93.54968,A7,0.6,natural=wetland
osm-way-52277521,44.85424,-93.54400,A3,0.9,natural=beach
osm-way-316299848,44.86919,-93.54921,A7,0.6,natural=wetland
osm-way-316274401,44.86425,-93.54872,A7,0.6,natural=wetland
osm-way-1510000756,44.87440,-93.58281,A7,0.6,natural=wetland
osm-way-749464258,44.87288,-93.57459,A7,0.6,natural=wetland
osm-way-562078039,44.88106,-93.57776,A7,0.6,natural=wetland
osm-way-562078046,44.87851,-93.57237,A7,0.6,natural=wetland
osm-way-1510000736,44.88236,-93.58353,A7,0.6,natural=wetland
osm-way-562078040,44.87819,-93.57458,A7,0.6,natural=wetland
osm-way-562078043,44.87971,-93.57308,A7,0.6,natural=wetland
osm-way-1510000723,44.87929,-93.57518,A7,0.6,natural=wetland
osm-way-868314034,44.87373,-93.56806,A7,0.6,natural=wetland
osm-way-1509917163,44.88363,-93.57437,A7,0.6,natural=wetland
osm-way-1509917106,44.89324,-93.57190,A7,0.6,natural=wetland
osm-way-1509917129,44.89160,-93.57844,A7,0.6,natural=wetland
osm-way-1509917113,44.89298,-93.57601,A7,0.6,natural=wetland
osm-way-1509917137,44.89161,-93.57566,A7,0.6,natural=wetland
osm-way-316297938,44.87292,-93.54974,A7,0.6,natural=wetland
osm-way-316297940,44.87377,-93.55030,A7,0.6,natural=wetland
osm-way-316297941,44.87065,-93.54843,A7,0.6,natural=wetland
osm-way-316297943,44.87167,-93.55011,A7,0.6,natural=wetland
osm-way-708622596,44.88677,-93.55531,A7,0.6,natural=wetland
osm-way-715598330,44.88473,-93.53786,A3,0.9,natural=beach
osm-way-1279741077,44.70774,-93.50517,A7,0.6,natural=wetland
osm-way-1279741067,44.71345,-93.48465,A7,0.6,natural=wetland
osm-way-1279741021,44.70932,-93.48908,A7,0.6,natural=wetland
osm-way-1279741022,44.70859,-93.48837,A7,0.6,natural=wetland
osm-way-1279741038,44.71134,-93.48977,A7,0.6,natural=wetland
osm-way-1279741058,44.71977,-93.50578,A7,0.6,natural=wetland
osm-way-1279741076,44.71302,-93.49467,A7,0.6,natural=wetland
osm-way-1279741056,44.72502,-93.50076,A7,0.6,natural=wetland
osm-way-1279741093,44.71614,-93.49231,A7,0.6,natural=wetland
osm-way-1279741057,44.72085,-93.50380,A7,0.6,natural=wetland
osm-way-1279741054,44.73057,-93.49687,A7,0.6,natural=wetland
osm-way-1279741042,44.73299,-93.49398,A7,0.6,natural=wetland
osm-way-1279741043,44.73010,-93.49224,A7,0.6,natural=wetland
osm-way-1279741046,44.72850,-93.49291,A7,0.6,natural=wetland
osm-way-1279741053,44.73050,-93.50273,A7,0.6,natural=wetland
osm-way-1279741055,44.72811,-93.49915,A7,0.6,natural=wetland
osm-way-1279741064,44.72668,-93.49449,A7,0.6,natural=wetland
osm-way-1279741052,44.73202,-93.49863,A7,0.6,natural=wetland
osm-way-1279741045,44.72678,-93.49153,A7,0.6,natural=wetland
osm-way-1279741094,44.73194,-93.48325,A7,0.6,natural=wetland
osm-way-263965817,44.69278,-93.47283,A7,0.6,natural=wetland
osm-way-263962203,44.70944,-93.46876,A7,0.6,natural=wetland
osm-way-1279741090,44.70792,-93.47355,A7,0.6,natural=wetland
osm-way-1279741097,44.72505,-93.47186,A7,0.6,natural=wetland
osm-way-1279741119,44.72296,-93.47576,A7,0.6,natural=wetland
osm-way-1279741120,44.72266,-93.47841,A7,0.6,natural=wetland
osm-way-1265939877,44.71603,-93.45980,A7,0.6,natural=wetland
osm-way-1265695415,44.72334,-93.45371,A7,0.6,natural=wetland
osm-way-1279748502,44.72265,-93.45919,A7,0.6,natural=wetland
osm-way-1279748512,44.72438,-93.45970,A7,0.6,natural=wetland
osm-way-1279741095,44.73359,-93.47063,A7,0.6,natural=wetland
osm-way-55768309,44.72959,-93.46566,A7,0.6,natural=wetland
osm-way-1279365121,44.72635,-93.45471,A7,0.6,natural=wetland
osm-way-1279365122,44.72673,-93.45505,A7,0.6,natural=wetland
osm-way-1375631514,44.73925,-93.46427,A7,0.6,natural=wetland
osm-way-931129094,44.73394,-93.45991,A7,0.6,natural=wetland
osm-way-1265695411,44.72341,-93.44929,A7,0.6,natural=wetland
osm-way-1265695397,44.72354,-93.44019,A7,0.6,natural=wetland
osm-way-931129093,44.73063,-93.45030,A7,0.6,natural=wetland
osm-way-1279365123,44.72675,-93.45326,A7,0.6,natural=wetland
osm-way-1279521495,44.72897,-93.44735,A7,0.6,natural=wetland
osm-way-860890258,44.72606,-93.44746,A7,0.6,natural=wetland
osm-way-1279365149,44.73022,-93.44745,A7,0.6,natural=wetland
osm-way-1279521507,44.73247,-93.44393,A7,0.6,natural=wetland
osm-way-1291133999,44.73411,-93.43850,A7,0.6,natural=wetland
osm-way-1291140583,44.73540,-93.43413,A7,0.6,natural=wetland
osm-way-1434890952,44.76282,-93.52157,A7,0.6,natural=wetland
osm-way-1059975850,44.75455,-93.51381,A7,0.6,natural=wetland
osm-way-1059966701,44.75255,-93.51191,A7,0.6,natural=wetland
osm-way-1059975849,44.75566,-93.51319,A7,0.6,natural=wetland
osm-way-55768509,44.74099,-93.49473,A7,0.6,natural=wetland
osm-way-38802458,44.78092,-93.52999,A7,0.6,natural=wetland
osm-way-1279365147,44.74596,-93.46892,A7,0.6,natural=wetland
osm-way-931129095,44.74170,-93.46500,A7,0.6,natural=wetland
osm-way-1279365138,44.74439,-93.46445,A7,0.6,natural=wetland
osm-way-931129096,44.74016,-93.45508,A7,0.6,natural=wetland
osm-way-931129097,44.74095,-93.45541,A7,0.6,natural=wetland
osm-way-1375631516,44.74179,-93.45912,A7,0.6,natural=wetland
osm-way-1279365148,44.74505,-93.46433,A7,0.6,natural=wetland
osm-way-1279365135,44.74610,-93.46175,A7,0.6,natural=wetland
osm-way-1279365136,44.74329,-93.45290,A7,0.6,natural=wetland
osm-way-1279365192,44.73939,-93.45013,A7,0.6,natural=wetland
osm-way-1279365193,44.74054,-93.45380,A7,0.6,natural=wetland
osm-way-1291127547,44.74449,-93.43034,A7,0.6,natural=wetland
osm-way-1291127531,44.74030,-93.42612,A7,0.6,natural=wetland
osm-way-1291127551,44.74400,-93.42289,A7,0.6,natural=wetland
osm-way-1291127554,44.74252,-93.42633,A7,0.6,natural=wetland
osm-way-1291127555,44.74257,-93.42471,A7,0.6,natural=wetland
osm-way-1291127598,44.74620,-93.42160,A7,0.6,natural=wetland
osm-way-798957441,44.76777,-93.41302,A7,0.6,natural=wetland
osm-way-1434668164,44.77395,-93.41382,A7,0.6,natural=wetland
osm-way-807275348,44.82797,-93.52577,A7,0.6,natural=wetland
osm-way-55763701,44.81862,-93.51577,A7,0.6,natural=wetland
osm-way-111879351,44.82239,-93.51216,A7,0.6,natural=wetland
osm-way-113922783,44.83582,-93.51204,A3,0.9,natural=beach
osm-way-810850558,44.84129,-93.50706,A7,0.6,natural=wetland
osm-way-810850559,44.83926,-93.50641,A7,0.6,natural=wetland
osm-way-800781403,44.82613,-93.50211,A7,0.6,natural=wetland
osm-way-115974558,44.84355,-93.49987,A7,0.6,natural=wetland
osm-way-769721171,44.84305,-93.49934,A7,0.6,natural=wetland
osm-way-810850545,44.84237,-93.50161,A7,0.6,natural=wetland
osm-way-55768627,44.80167,-93.46888,A7,0.6,natural=wetland
osm-way-803126873,44.80388,-93.46882,A7,0.6,natural=wetland
osm-way-975124835,44.81079,-93.43691,A7,0.6,natural=wetland
osm-way-818967760,44.82273,-93.43058,A7,0.6,natural=wetland
osm-way-818821770,44.82304,-93.43349,A7,0.6,natural=wetland
osm-way-818967761,44.82388,-93.43166,A7,0.6,natural=wetland
osm-way-788731411,44.83223,-93.44203,A7,0.6,natural=wetland
osm-way-788731410,44.83208,-93.43967,A7,0.6,natural=wetland
osm-way-788731415,44.83430,-93.43004,A7,0.6,natural=wetland
osm-way-772780906,44.83760,-93.43417,A7,0.6,natural=wetland
osm-way-788731414,44.83338,-93.43241,A7,0.6,natural=wetland
osm-way-772780907,44.83899,-93.43549,A7,0.6,natural=wetland
osm-way-113757726,44.83970,-93.43080,A7,0.6,natural=wetland
osm-way-772780908,44.83916,-93.43338,A7,0.6,natural=wetland
osm-way-920979552,44.84694,-93.53139,A7,0.6,natural=wetland
osm-way-115974556,44.84623,-93.50860,A7,0.6,natural=wetland
osm-way-769721226,44.84766,-93.50583,A7,0.6,natural=wetland
osm-way-104745879,44.86533,-93.50519,A7,0.6,natural=wetland
osm-way-115974554,44.84385,-93.50166,A7,0.6,natural=wetland
osm-way-326467108,44.84404,-93.49131,A7,0.6,natural=wetland
osm-way-810850542,44.84881,-93.49287,A7,0.6,natural=wetland
osm-way-477934930,44.85190,-93.48110,A7,0.6,natural=wetland
osm-way-1509242761,44.85095,-93.48088,A7,0.6,natural=wetland
osm-way-99618657,44.86820,-93.49012,A3,0.9,natural=beach
osm-way-1510673560,44.87075,-93.52395,A7,0.6,natural=wetland
osm-way-528186537,44.88255,-93.52658,A7,0.6,natural=wetland
osm-way-528186538,44.88250,-93.52212,A7,0.6,natural=wetland
osm-way-1510673552,44.88249,-93.52761,A7,0.6,natural=wetland
osm-way-1510673558,44.87644,-93.52800,A7,0.6,natural=wetland
osm-way-718451494,44.87262,-93.51268,A7,0.6,natural=wetland
osm-way-1510673551,44.88600,-93.52990,A7,0.6,natural=wetland
osm-way-1501542148,44.89435,-93.50611,A7,0.6,natural=wetland
osm-way-1501542173,44.89243,-93.51122,A7,0.6,natural=wetland
osm-way-469524090,44.87812,-93.47880,A7,0.6,natural=wetland
osm-way-1509142675,44.87623,-93.47995,A7,0.6,natural=wetland
osm-way-1509142676,44.87738,-93.48035,A7,0.6,natural=wetland
osm-way-1509142687,44.87193,-93.47812,A7,0.6,natural=wetland
osm-way-1501542167,44.89325,-93.49784,A7,0.6,natural=wetland
osm-way-957364132,44.89220,-93.48980,A7,0.6,natural=wetland
osm-way-104742298,44.84724,-93.46949,A7,0.6,natural=wetland
osm-way-767647714,44.84417,-93.47017,A7,0.6,natural=wetland
osm-way-55769335,44.85255,-93.47433,A7,0.6,natural=wetland
osm-way-477926494,44.84662,-93.46692,A7,0.6,natural=wetland
osm-way-767647710,44.85094,-93.47735,A7,0.6,natural=wetland
osm-way-1509242751,44.85045,-93.47830,A7,0.6,natural=wetland
osm-way-766780319,44.84663,-93.45561,A7,0.6,natural=wetland
osm-way-55769363,44.85495,-93.45370,A7,0.6,natural=wetland
osm-way-1509623686,44.86699,-93.47372,A7,0.6,natural=wetland
osm-way-1509623692,44.86642,-93.47456,A7,0.6,natural=wetland
osm-way-809614474,44.86826,-93.47023,A7,0.6,natural=wetland
osm-way-469529246,44.86276,-93.45458,A7,0.6,natural=wetland
osm-way-784535760,44.86639,-93.46486,A7,0.6,natural=wetland
osm-way-469229600,44.86491,-93.45662,A7,0.6,natural=wetland
osm-way-104845013,44.85433,-93.45029,A7,0.6,natural=wetland
osm-way-469225843,44.85667,-93.44502,A7,0.6,natural=wetland
osm-way-477934953,44.85242,-93.44576,A7,0.6,natural=wetland
osm-way-469529240,44.86142,-93.44314,A7,0.6,natural=wetland
osm-way-469225844,44.85855,-93.44659,A7,0.6,natural=wetland
osm-way-469229602,44.87047,-93.45127,A7,0.6,natural=wetland
osm-way-469529242,44.86263,-93.44455,A7,0.6,natural=wetland
osm-way-1509142695,44.87065,-93.47068,A7,0.6,natural=wetland
osm-way-469229598,44.87284,-93.46830,A7,0.6,natural=wetland
osm-way-1509142674,44.87605,-93.47911,A7,0.6,natural=wetland
osm-way-1509142677,44.87696,-93.47929,A7,0.6,natural=wetland
osm-way-1509142679,44.87815,-93.47600,A7,0.6,natural=wetland
osm-way-1509142691,44.87842,-93.47652,A7,0.6,natural=wetland
osm-way-793665934,44.82987,-93.42781,A7,0.6,natural=wetland
osm-way-818975929,44.82638,-93.42650,A7,0.6,natural=wetland
osm-way-788731416,44.83490,-93.42721,A7,0.6,natural=wetland
osm-way-104742311,44.83102,-93.42208,A7,0.6,natural=wetland
osm-way-785684439,44.83761,-93.42066,A7,0.6,natural=wetland
osm-way-1488616072,44.90826,-93.69527,A7,0.6,natural=wetland
osm-way-180193124,44.91348,-93.67837,A7,0.6,natural=wetland
osm-way-1487861391,44.90164,-93.65349,A7,0.6,natural=wetland
osm-way-1487861389,44.90119,-93.64944,A7,0.6,natural=wetland
osm-way-1487861390,44.90041,-93.64950,A7,0.6,natural=wetland
osm-way-720903487,44.89643,-93.63884,A3,0.9,natural=beach
osm-way-180201895,44.90945,-93.64557,A7,0.6,natural=wetland
osm-way-1486351178,44.92038,-93.65131,A7,0.6,natural=wetland
osm-way-1486351177,44.91729,-93.65463,A7,0.6,natural=wetland
osm-way-1486351179,44.91853,-93.65273,A7,0.6,natural=wetland
osm-way-1486351186,44.91602,-93.65472,A7,0.6,natural=wetland
osm-way-1486893611,44.90962,-93.64100,A7,0.6,natural=wetland
osm-way-435978685,44.90132,-93.62219,A7,0.6,natural=wetland
osm-way-435978679,44.90364,-93.62800,A7,0.6,natural=wetland
osm-way-1486893623,44.90597,-93.61127,A7,0.6,natural=wetland
osm-way-729926941,44.91641,-93.62657,A7,0.6,natural=wetland
osm-way-435978680,44.90552,-93.60545,A7,0.6,natural=wetland
osm-way-435978681,44.90965,-93.59866,A7,0.6,natural=wetland
osm-way-435978682,44.90657,-93.60079,A7,0.6,natural=wetland
osm-way-241784461,44.90608,-93.60810,A7,0.6,natural=wetland
osm-way-1487481962,44.90976,-93.60192,A3,0.9,natural=beach
osm-way-597540496,44.92082,-93.58669,A7,0.6,natural=wetland
osm-way-597889004,44.91485,-93.58602,A7,0.6,natural=wetland
osm-way-597889009,44.91585,-93.59023,A7,0.6,natural=wetland
osm-way-597892423,44.90936,-93.59251,A7,0.6,natural=wetland
osm-way-597892424,44.91578,-93.59495,A7,0.6,natural=wetland
osm-way-597892426,44.91287,-93.59249,A7,0.6,natural=wetland
osm-way-1486893640,44.92431,-93.58637,A7,0.6,natural=wetland
osm-way-597534070,44.92458,-93.58581,A7,0.6,natural=wetland
osm-way-565171363,44.90847,-93.57024,A3,0.9,natural=beach
osm-way-681717667,44.90873,-93.56943,A3,0.9,natural=beach
osm-way-597889018,44.92252,-93.58412,A7,0.6,natural=wetland
osm-way-1487508876,44.91774,-93.58157,A3,0.9,natural=beach
osm-way-597895750,44.91211,-93.55712,A7,0.6,natural=wetland
osm-way-1062675734,44.90726,-93.51771,A7,0.6,natural=wetland
osm-way-1062675735,44.90505,-93.51940,A7,0.6,natural=wetland
osm-way-1501542169,44.89672,-93.50854,A7,0.6,natural=wetland
osm-way-802322111,44.89886,-93.50693,A7,0.6,natural=wetland
osm-way-1501542170,44.89764,-93.50499,A7,0.6,natural=wetland
osm-node-11369680154,44.84023,-93.36716,A4,0.9,natural=peak
osm-node-700631465,44.84822,-93.35153,A7,0.7,waterway=waterfall
osm-node-2000414695,44.83127,-92.97115,A2,0.5,historic=fort
osm-node-604810748,44.72657,-92.84094,A7,0.7,waterway=waterfall
osm-node-4296588832,44.86099,-92.77392,A3,0.9,natural=beach
osm-node-13635236266,44.92508,-93.58194,A3,0.7,natural=cape
osm-node-13630334500,44.92393,-93.56331,A3,0.7,natural=cape
osm-node-13635236221,44.92478,-93.56057,A3,0.7,natural=cape
osm-node-3655060519,44.92633,-93.55328,A3,0.9,natural=bay
osm-node-13630342002,44.92537,-93.54720,A3,0.7,natural=cape
osm-node-13630342001,44.93056,-93.55404,A3,0.7,natural=cape
osm-node-13630342003,44.93011,-93.53957,A3,0.7,natural=cape
osm-node-6219646757,45.30596,-93.59059,A3,0.9,natural=bay
osm-node-369001955,44.92635,-93.53134,A3,0.9,natural=bay
osm-node-13630342011,44.93014,-93.52987,A3,0.7,natural=cape
osm-node-5246565553,45.19268,-93.28792,A4,0.9,natural=peak
osm-node-369002444,45.32941,-93.75303,A7,0.6,natural=wetland
osm-node-369002826,45.33608,-93.71052,A7,0.6,natural=wetland
osm-node-369002771,45.37913,-93.65552,A7,0.6,natural=wetland
osm-node-369002470,45.34469,-93.54829,A7,0.6,natural=wetland
osm-node-369003064,45.40385,-93.62969,A7,0.6,natural=wetland
osm-node-12459765309,44.92143,-92.84525,A4,0.9,natural=peak
osm-node-12459765310,44.92256,-92.84364,A4,0.9,natural=peak
osm-node-12459765311,44.92177,-92.83941,A4,0.9,natural=peak
osm-node-12459765312,44.92218,-92.83869,A4,0.9,natural=peak
osm-node-9264388687,44.92332,-92.83378,A4,0.9,natural=peak
osm-node-12459765308,44.92650,-92.83070,A4,0.9,natural=peak
osm-way-1266903974,44.68694,-93.45729,A7,0.6,natural=wetland
osm-way-1266903978,44.68924,-93.45702,A7,0.6,natural=wetland
osm-way-1266903939,44.69530,-93.45408,A7,0.6,natural=wetland
osm-way-1266903971,44.69357,-93.45496,A7,0.6,natural=wetland
osm-way-1501634985,44.69562,-93.46144,A7,0.6,natural=wetland
osm-way-1501596884,44.69527,-93.46382,A7,0.6,natural=wetland
osm-way-1502255867,44.69358,-93.46466,A7,0.6,natural=wetland
osm-way-1266903943,44.69657,-93.45854,A7,0.6,natural=wetland
osm-way-1266903969,44.69440,-93.45861,A7,0.6,natural=wetland
osm-way-1266903986,44.68883,-93.44897,A7,0.6,natural=wetland
osm-way-55768235,44.68624,-93.44752,A7,0.6,natural=wetland
osm-way-1266874156,44.69729,-93.44990,A7,0.6,natural=wetland
osm-way-1266903962,44.69388,-93.44886,A7,0.6,natural=wetland
osm-way-563507237,44.70719,-93.44349,A7,0.6,natural=wetland
osm-way-1265685028,44.70396,-93.43047,A7,0.6,natural=wetland
osm-way-563503262,44.70504,-93.43270,A7,0.6,natural=wetland
osm-way-506230399,44.72202,-93.42791,A3,0.9,natural=beach
osm-way-1264671880,44.69225,-93.42361,A7,0.6,natural=wetland
osm-way-1265685019,44.69785,-93.41549,A7,0.6,natural=wetland
osm-way-1265685068,44.69691,-93.42100,A7,0.6,natural=wetland
osm-way-1265685039,44.70809,-93.41820,A7,0.6,natural=wetland
osm-way-1265685040,44.70948,-93.41667,A7,0.6,natural=wetland
osm-way-563503265,44.70299,-93.40727,A7,0.6,natural=wetland
osm-way-55768452,44.70762,-93.39376,A7,0.6,natural=wetland
osm-way-55768459,44.71090,-93.38174,A7,0.6,natural=wetland
osm-way-552458792,44.71690,-93.42264,A7,0.6,natural=wetland
osm-way-552458784,44.71823,-93.42176,A7,0.6,natural=wetland
osm-way-552458782,44.72008,-93.42362,A7,0.6,natural=wetland
osm-way-1271342204,44.72189,-93.41821,A7,0.6,natural=wetland
osm-way-1265003139,44.71641,-93.40305,A7,0.6,natural=wetland
osm-way-55768456,44.72664,-93.40502,A7,0.6,natural=wetland
osm-way-1265003153,44.71475,-93.38936,A7,0.6,natural=wetland
osm-way-1276672679,44.72484,-93.40008,A7,0.6,natural=wetland
osm-way-1279190779,44.72321,-93.39077,A7,0.6,natural=wetland
osm-way-1272393744,44.71343,-93.38226,A7,0.6,natural=wetland
osm-way-1274742232,44.71715,-93.37690,A7,0.6,natural=wetland
osm-way-1274742233,44.71547,-93.38164,A7,0.6,natural=wetland
osm-way-1279190749,44.72427,-93.37684,A7,0.6,natural=wetland
osm-way-1279190751,44.72006,-93.37663,A7,0.6,natural=wetland
osm-way-1277421400,44.72930,-93.40009,A7,0.6,natural=wetland
osm-way-43139909,44.73084,-93.39489,A7,0.6,natural=wetland
osm-way-1282887912,44.73568,-93.38932,A7,0.6,natural=wetland
osm-way-1279190780,44.72570,-93.38666,A7,0.6,natural=wetland
osm-way-1279175742,44.72660,-93.38067,A7,0.6,natural=wetland
osm-way-563507232,44.73235,-93.38106,A7,0.6,natural=wetland
osm-way-42851765,44.73285,-93.38675,A7,0.6,natural=wetland
osm-way-42851766,44.73301,-93.38618,A7,0.6,natural=wetland
osm-way-42851767,44.73275,-93.38528,A7,0.6,natural=wetland
osm-way-42851780,44.73284,-93.37805,A7,0.6,natural=wetland
osm-way-42851782,44.73442,-93.37708,A7,0.6,natural=wetland
osm-way-42851783,44.73717,-93.37748,A7,0.6,natural=wetland
osm-way-42851833,44.73293,-93.37615,A7,0.6,natural=wetland
osm-way-1280407608,44.73020,-93.35345,A7,0.6,natural=wetland
osm-way-1274742234,44.71978,-93.37030,A7,0.6,natural=wetland
osm-way-1279190752,44.71962,-93.37445,A7,0.6,natural=wetland
osm-way-644707549,44.72389,-93.36756,A7,0.6,natural=wetland
osm-way-556103165,44.72737,-93.37350,A7,0.6,natural=wetland
osm-way-556103166,44.72795,-93.37288,A7,0.6,natural=wetland
osm-way-1280570568,44.72825,-93.36444,A7,0.6,natural=wetland
osm-way-42851878,44.73381,-93.36509,A7,0.6,natural=wetland
osm-way-42851921,44.73792,-93.36584,A7,0.6,natural=wetland
osm-way-42851832,44.73235,-93.37530,A7,0.6,natural=wetland
osm-way-42851835,44.73285,-93.37517,A7,0.6,natural=wetland
osm-way-42851836,44.73515,-93.37177,A7,0.6,natural=wetland
osm-way-42851840,44.73304,-93.37349,A7,0.6,natural=wetland
osm-way-42851841,44.73695,-93.37420,A7,0.6,natural=wetland
osm-way-42851846,44.73686,-93.37145,A7,0.6,natural=wetland
osm-way-42851847,44.73717,-93.37033,A7,0.6,natural=wetland
osm-way-42851940,44.73750,-93.36938,A7,0.6,natural=wetland
osm-way-42851941,44.73789,-93.36939,A7,0.6,natural=wetland
osm-way-1281258452,44.73751,-93.35684,A7,0.6,natural=wetland
osm-way-1291127553,44.74261,-93.42238,A7,0.6,natural=wetland
osm-way-819257171,44.74386,-93.41609,A7,0.6,natural=wetland
osm-way-1291127552,44.74272,-93.42101,A7,0.6,natural=wetland
osm-way-1291127594,44.74613,-93.41478,A7,0.6,natural=wetland
osm-way-1291127596,44.74611,-93.41721,A7,0.6,natural=wetland
osm-way-1291127597,44.74596,-93.41819,A7,0.6,natural=wetland
osm-way-221146383,44.73917,-93.40566,A3,0.9,natural=beach
osm-way-1291127593,44.74538,-93.41452,A7,0.6,natural=wetland
osm-way-889602957,44.74765,-93.40378,A7,0.6,natural=wetland
osm-way-623721725,44.74905,-93.38800,A7,0.6,natural=wetland
osm-way-1282887900,44.74549,-93.39303,A7,0.6,natural=wetland
osm-way-42851848,44.73956,-93.37867,A7,0.6,natural=wetland
osm-way-42851849,44.73861,-93.37790,A7,0.6,natural=wetland
osm-way-42744437,44.74402,-93.37516,A7,0.6,natural=wetland
osm-way-547758328,44.73860,-93.37609,A7,0.6,natural=wetland
osm-way-623720466,44.74711,-93.38727,A7,0.6,natural=wetland
osm-way-43090532,44.75372,-93.38161,A7,0.6,natural=wetland
osm-way-129589520,44.77831,-93.39003,A7,0.6,natural=wetland
osm-way-140789580,44.79262,-93.37620,A7,0.6,natural=wetland
osm-way-42745386,44.74306,-93.37082,A7,0.6,natural=wetland
osm-way-42744274,44.74011,-93.36541,A7,0.6,natural=wetland
osm-way-42744281,44.73972,-93.36521,A7,0.6,natural=wetland
osm-way-42744384,44.74112,-93.36486,A7,0.6,natural=wetland
osm-way-42744385,44.74025,-93.36681,A7,0.6,natural=wetland
osm-way-42744500,44.74313,-93.36822,A7,0.6,natural=wetland
osm-way-42744324,44.74559,-93.36313,A7,0.6,natural=wetland
osm-way-42744336,44.74483,-93.36549,A7,0.6,natural=wetland
osm-way-1280404953,44.74518,-93.36484,A7,0.6,natural=wetland
osm-way-1280404991,44.74608,-93.36596,A7,0.6,natural=wetland
osm-way-1280404958,44.74181,-93.36109,A7,0.6,natural=wetland
osm-way-1280215004,44.74279,-93.35457,A7,0.6,natural=wetland
osm-way-1280215005,44.74518,-93.35762,A7,0.6,natural=wetland
osm-way-1281258455,44.74028,-93.35578,A7,0.6,natural=wetland
osm-way-1280404973,44.74536,-93.36144,A7,0.6,natural=wetland
osm-way-697058131,44.79006,-93.35865,A7,0.6,natural=wetland
osm-way-697058926,44.79046,-93.36737,A7,0.6,natural=wetland
osm-way-489103549,44.86597,-93.44513,A7,0.6,natural=wetland
osm-way-1474553546,44.86246,-93.42876,A7,0.6,natural=wetland
osm-way-1474553547,44.86248,-93.42775,A7,0.6,natural=wetland
osm-way-55769465,44.88497,-93.46581,A7,0.6,natural=wetland
osm-way-55769470,44.88542,-93.46301,A7,0.6,natural=wetland
osm-way-486670970,44.88310,-93.45045,A7,0.6,natural=wetland
osm-way-793353168,44.87627,-93.45032,A7,0.6,natural=wetland
osm-way-469229604,44.87736,-93.44455,A7,0.6,natural=wetland
osm-way-492855142,44.88111,-93.42860,A3,0.9,natural=beach
osm-way-902197983,44.88874,-93.43499,A7,0.6,natural=wetland
osm-way-902197984,44.88642,-93.43652,A7,0.6,natural=wetland
osm-way-852468235,44.80031,-93.37973,A7,0.6,natural=wetland
osm-way-489944495,44.80996,-93.39668,A7,0.6,natural=wetland
osm-way-795692735,44.82657,-93.40784,A7,0.6,natural=wetland
osm-way-790000064,44.83427,-93.40790,A7,0.6,natural=wetland
osm-way-784339300,44.82210,-93.39275,A7,0.6,natural=wetland
osm-way-1369726255,44.82347,-93.37608,A7,0.6,natural=wetland
osm-way-1369726259,44.82997,-93.37933,A7,0.6,natural=wetland
osm-way-411198664,44.82378,-93.37652,A7,0.6,natural=wetland
osm-way-795854687,44.83054,-93.39915,A7,0.6,natural=wetland
osm-way-115974158,44.83578,-93.38851,A7,0.6,natural=wetland
osm-way-791156423,44.83168,-93.38560,A7,0.6,natural=wetland
osm-way-1369726258,44.83614,-93.37776,A7,0.6,natural=wetland
osm-way-784206318,44.84022,-93.38341,A3,0.9,natural=beach
osm-way-351756050,44.83745,-93.37970,A3,0.9,natural=beach
osm-way-1369716227,44.79452,-93.36877,A7,0.6,natural=wetland
osm-way-853584406,44.80169,-93.37115,A7,0.6,natural=wetland
osm-way-1368431463,44.79713,-93.34896,A7,0.6,natural=wetland
osm-way-55768794,44.81861,-93.37461,A7,0.6,natural=wetland
osm-way-1193782964,44.81731,-93.37066,A7,0.6,natural=wetland
osm-way-1194091584,44.82030,-93.37151,A7,0.6,natural=wetland
osm-way-200673459,44.82171,-93.36540,A3,0.9,natural=beach
osm-way-200673469,44.82171,-93.36695,A3,0.9,natural=beach
osm-way-1059639748,44.81934,-93.36342,A7,0.6,natural=wetland
osm-way-411198662,44.82982,-93.37066,A7,0.6,natural=wetland
osm-way-1503439623,44.82339,-93.37240,A7,0.6,natural=wetland
osm-way-411198665,44.82514,-93.37489,A7,0.6,natural=wetland
osm-way-784630513,44.82433,-93.37108,A3,0.9,natural=beach
osm-way-1193782957,44.82383,-93.36508,A7,0.6,natural=wetland
osm-way-1232259303,44.81917,-93.35120,A7,0.6,natural=wetland
osm-way-104494801,44.81796,-93.34947,A7,0.6,natural=wetland
osm-way-411198663,44.83196,-93.37094,A7,0.6,natural=wetland
osm-way-411198669,44.83315,-93.37298,A7,0.6,natural=wetland
osm-way-1059639747,44.83151,-93.37238,A7,0.6,natural=wetland
osm-way-55769629,44.83384,-93.36322,A7,0.6,natural=wetland
osm-way-411198666,44.83539,-93.36593,A7,0.6,natural=wetland
osm-way-411198670,44.83520,-93.36724,A7,0.6,natural=wetland
osm-way-1195684538,44.83168,-93.36435,A7,0.6,natural=wetland
osm-way-411198667,44.83655,-93.36579,A7,0.6,natural=wetland
osm-way-1195982410,44.83852,-93.37374,A7,0.6,natural=wetland
osm-way-168659397,44.84528,-93.34431,A7,0.6,natural=wetland
osm-way-1252998719,44.82579,-93.34151,A7,0.6,natural=wetland
osm-way-336941977,44.87005,-93.42136,A7,0.6,natural=wetland
osm-way-336941972,44.86310,-93.40255,A7,0.6,natural=wetland
osm-way-336941976,44.86833,-93.41064,A7,0.6,natural=wetland
osm-way-863652163,44.86552,-93.41197,A7,0.6,natural=wetland
osm-way-154823250,44.84958,-93.39140,A7,0.6,natural=wetland
osm-way-154823251,44.85389,-93.38862,A7,0.6,natural=wetland
osm-way-154823252,44.85307,-93.39458,A7,0.6,natural=wetland
osm-way-154823253,44.85094,-93.39049,A7,0.6,natural=wetland
osm-way-336941973,44.87286,-93.41353,A7,0.6,natural=wetland
osm-way-758816752,44.87738,-93.41818,A7,0.6,natural=wetland
osm-way-902197975,44.87946,-93.42084,A7,0.6,natural=wetland
osm-way-55769740,44.87569,-93.40730,A7,0.6,natural=wetland
osm-way-336941974,44.87171,-93.40939,A7,0.6,natural=wetland
osm-way-55769742,44.87721,-93.41130,A7,0.6,natural=wetland
osm-way-336941969,44.87810,-93.41018,A7,0.6,natural=wetland
osm-way-55769751,44.88608,-93.42307,A7,0.6,natural=wetland
osm-way-55769754,44.88661,-93.42486,A7,0.6,natural=wetland
osm-way-902197972,44.88600,-93.42028,A7,0.6,natural=wetland
osm-way-336941970,44.88339,-93.40031,A7,0.6,natural=wetland
osm-way-463639294,44.89519,-93.39555,A7,0.6,natural=wetland
osm-way-779727881,44.85582,-93.36029,A7,0.6,natural=wetland
osm-way-1509218322,44.85754,-93.36625,A7,0.6,natural=wetland
osm-way-1509218325,44.85770,-93.36769,A7,0.6,natural=wetland
osm-way-1509218326,44.85861,-93.36402,A7,0.6,natural=wetland
osm-way-1509218321,44.85936,-93.36846,A7,0.6,natural=wetland
osm-way-1509218323,44.85708,-93.36909,A7,0.6,natural=wetland
osm-way-779972955,44.86656,-93.36645,A7,0.6,natural=wetland
osm-way-47502302,44.76656,-93.11315,A7,0.6,natural=wetland
osm-way-208784071,44.77807,-93.11473,A7,0.6,natural=wetland
osm-way-47501661,44.75797,-93.09977,A7,0.6,natural=wetland
osm-way-47501925,44.76322,-93.10000,A7,0.6,natural=wetland
osm-way-47502829,44.76421,-93.10826,A7,0.6,natural=wetland
osm-way-47501927,44.75694,-93.09925,A7,0.6,natural=wetland
osm-way-47501811,44.76731,-93.10833,A7,0.6,natural=wetland
osm-way-47501363,44.76918,-93.10485,A7,0.6,natural=wetland
osm-way-47501347,44.77498,-93.10040,A7,0.6,natural=wetland
osm-way-47501362,44.77723,-93.10563,A7,0.6,natural=wetland
osm-way-47501467,44.77550,-93.10405,A7,0.6,natural=wetland
osm-way-47502636,44.77510,-93.10274,A7,0.6,natural=wetland
osm-way-47502382,44.77389,-93.09355,A7,0.6,natural=wetland
osm-way-47500761,44.77478,-93.09816,A7,0.6,natural=wetland
osm-way-47501673,44.77608,-93.09508,A7,0.6,natural=wetland
osm-way-47501926,44.77195,-93.09906,A7,0.6,natural=wetland
osm-way-47502640,44.77237,-93.09878,A7,0.6,natural=wetland
osm-way-47502723,44.77310,-93.09998,A7,0.6,natural=wetland
osm-way-47501764,44.77644,-93.09270,A7,0.6,natural=wetland
osm-way-47501955,44.77669,-93.08834,A7,0.6,natural=wetland
osm-way-55770292,44.78257,-93.09615,A7,0.6,natural=wetland
osm-way-47502026,44.78312,-93.08980,A7,0.6,natural=wetland
osm-way-47500846,44.79058,-93.08861,A7,0.6,natural=wetland
osm-way-47501052,44.78387,-93.09139,A7,0.6,natural=wetland
osm-way-47501809,44.78749,-93.08716,A7,0.6,natural=wetland
osm-way-47501870,44.78316,-93.08758,A7,0.6,natural=wetland
osm-way-47502423,44.78532,-93.08766,A7,0.6,natural=wetland
osm-way-1333757716,44.79066,-93.09144,A7,0.6,natural=wetland
osm-way-47502257,44.78454,-93.09049,A7,0.6,natural=wetland
osm-way-47501043,44.78017,-93.08598,A7,0.6,natural=wetland
osm-way-47501816,44.78317,-93.08416,A7,0.6,natural=wetland
osm-way-47500962,44.78904,-93.08077,A7,0.6,natural=wetland
osm-way-47502074,44.78382,-93.07863,A7,0.6,natural=wetland
osm-way-47501057,44.78629,-93.08200,A7,0.6,natural=wetland
osm-way-47501050,44.78495,-93.07541,A7,0.6,natural=wetland
osm-way-47501411,44.78469,-93.07890,A7,0.6,natural=wetland
osm-way-47501956,44.77425,-93.04509,A7,0.6,natural=wetland
osm-way-1333511974,44.78549,-93.05840,A7,0.6,natural=wetland
osm-way-1188202203,44.77460,-93.00824,A7,0.6,natural=wetland
osm-way-1188365621,44.77805,-93.01367,A7,0.6,natural=wetland
osm-way-1363659987,44.76824,-93.00976,A7,0.6,natural=wetland
osm-way-1188202208,44.78041,-93.01596,A7,0.6,natural=wetland
osm-way-1188361031,44.77996,-93.01411,A7,0.6,natural=wetland
osm-way-1188365622,44.77854,-93.01074,A7,0.6,natural=wetland
osm-way-1020902578,44.78635,-93.01591,A7,0.6,natural=wetland
osm-way-1188353329,44.78581,-93.00828,A7,0.6,natural=wetland
osm-way-1188353332,44.78588,-93.00948,A7,0.6,natural=wetland
osm-way-1188361030,44.78127,-93.01549,A7,0.6,natural=wetland
osm-way-1188365620,44.77807,-93.00932,A7,0.6,natural=wetland
osm-way-1020902567,44.78818,-93.01281,A7,0.6,natural=wetland
osm-way-1020902568,44.78675,-93.01401,A7,0.6,natural=wetland
osm-way-1188353330,44.78584,-93.00954,A7,0.6,natural=wetland
osm-way-1188353331,44.78587,-93.01078,A7,0.6,natural=wetland
osm-way-1189483180,44.76436,-92.98755,A7,0.6,natural=wetland
osm-way-1189483181,44.76409,-92.98880,A7,0.6,natural=wetland
osm-way-1189483183,44.76424,-92.98755,A7,0.6,natural=wetland
osm-way-1189503521,44.76255,-92.98281,A7,0.6,natural=wetland
osm-way-1189503527,44.76056,-92.98260,A7,0.6,natural=wetland
osm-way-1189503535,44.76189,-92.98253,A7,0.6,natural=wetland
osm-way-1188987296,44.76416,-92.99489,A7,0.6,natural=wetland
osm-way-1189483182,44.76398,-92.98773,A7,0.6,natural=wetland
osm-way-1189503522,44.76218,-92.98594,A7,0.6,natural=wetland
osm-way-1189503523,44.76195,-92.98498,A7,0.6,natural=wetland
osm-way-1189503524,44.76146,-92.98455,A7,0.6,natural=wetland
osm-way-1189503525,44.76135,-92.98362,A7,0.6,natural=wetland
osm-way-1189503526,44.76074,-92.98358,A7,0.6,natural=wetland
osm-way-1189505786,44.75867,-92.97614,A7,0.6,natural=wetland
osm-way-1189505787,44.76398,-92.97791,A7,0.6,natural=wetland
osm-way-1189505796,44.75886,-92.97150,A7,0.6,natural=wetland
osm-way-1189505788,44.76362,-92.97726,A7,0.6,natural=wetland
osm-way-1189505789,44.76311,-92.97800,A7,0.6,natural=wetland
osm-way-1189505790,44.76287,-92.97974,A7,0.6,natural=wetland
osm-way-1189505791,44.76196,-92.97819,A7,0.6,natural=wetland
osm-way-1189505792,44.76183,-92.97935,A7,0.6,natural=wetland
osm-way-1189505793,44.76163,-92.97870,A7,0.6,natural=wetland
osm-way-1189505794,44.76146,-92.97891,A7,0.6,natural=wetland
osm-way-1188560472,44.76138,-92.96237,A7,0.6,natural=wetland
osm-way-1188202207,44.77483,-92.99902,A7,0.6,natural=wetland
osm-way-1188549668,44.76682,-93.00188,A7,0.6,natural=wetland
osm-way-1188549669,44.77086,-92.99994,A7,0.6,natural=wetland
osm-way-1188365616,44.77697,-93.00706,A7,0.6,natural=wetland
osm-way-1188367346,44.77536,-93.00370,A7,0.6,natural=wetland
osm-way-1188367348,44.77529,-92.99964,A7,0.6,natural=wetland
osm-way-1188989168,44.76545,-92.98863,A7,0.6,natural=wetland
osm-way-1188202210,44.78352,-93.00753,A7,0.6,natural=wetland
osm-way-1188361025,44.78233,-93.00006,A7,0.6,natural=wetland
osm-way-1188202214,44.78376,-93.00577,A7,0.6,natural=wetland
osm-way-1188353320,44.78366,-93.00281,A7,0.6,natural=wetland
osm-way-1188353322,44.78535,-93.00314,A7,0.6,natural=wetland
osm-way-1188353333,44.78426,-93.00537,A7,0.6,natural=wetland
osm-way-1188356011,44.78494,-93.00307,A7,0.6,natural=wetland
osm-way-1188356012,44.78421,-93.00183,A7,0.6,natural=wetland
osm-way-1188361026,44.77878,-92.99536,A7,0.6,natural=wetland
osm-way-1020902566,44.79013,-93.00748,A7,0.6,natural=wetland
osm-way-1188353327,44.78572,-93.00550,A7,0.6,natural=wetland
osm-way-1188353328,44.78638,-93.00629,A7,0.6,natural=wetland
osm-way-1188356013,44.78859,-93.00688,A7,0.6,natural=wetland
osm-way-1188356016,44.78811,-93.00501,A7,0.6,natural=wetland
osm-way-1188356017,44.78780,-93.00416,A7,0.6,natural=wetland
osm-way-1188356018,44.78671,-93.00329,A7,0.6,natural=wetland
osm-way-1189492329,44.76811,-92.97889,A7,0.6,natural=wetland
osm-way-1189492330,44.76870,-92.97999,A7,0.6,natural=wetland
osm-way-1189492331,44.76684,-92.97736,A7,0.6,natural=wetland
osm-way-1189492332,44.76701,-92.97732,A7,0.6,natural=wetland
osm-way-1188560457,44.76626,-92.96402,A7,0.6,natural=wetland
osm-way-1188519583,44.77035,-92.95804,A7,0.6,natural=wetland
osm-way-1188519569,44.77114,-92.96103,A7,0.6,natural=wetland
osm-way-1188519572,44.77131,-92.95960,A7,0.6,natural=wetland
osm-way-1188519582,44.76965,-92.95181,A7,0.6,natural=wetland
osm-way-1188519586,44.77127,-92.95582,A7,0.6,natural=wetland
osm-way-1188519570,44.77208,-92.96612,A7,0.6,natural=wetland
osm-way-1188522209,44.77838,-92.90052,A7,0.6,natural=wetland
osm-way-1188560470,44.76457,-92.94874,A7,0.6,natural=wetland
osm-way-1188560471,44.76432,-92.95318,A7,0.6,natural=wetland
osm-way-1188519591,44.76933,-92.95082,A7,0.6,natural=wetland
osm-way-1188519592,44.77158,-92.94898,A7,0.6,natural=wetland
osm-way-1188565191,44.76814,-92.94260,A7,0.6,natural=wetland
osm-way-1188505230,44.77773,-92.93259,A7,0.6,natural=wetland
osm-way-1188505224,44.77943,-92.93197,A7,0.6,natural=wetland
osm-way-1188505225,44.78048,-92.92861,A7,0.6,natural=wetland
osm-way-1188505227,44.77931,-92.92724,A7,0.6,natural=wetland
osm-way-1188505228,44.78031,-92.92740,A7,0.6,natural=wetland
osm-way-1188522203,44.78399,-92.92320,A7,0.6,natural=wetland
osm-way-1188522207,44.78415,-92.92442,A7,0.6,natural=wetland
osm-way-1188522208,44.78294,-92.91591,A7,0.6,natural=wetland
osm-way-47501194,44.80369,-93.09828,A7,0.6,natural=wetland
osm-way-47501865,44.80174,-93.09355,A7,0.6,natural=wetland
osm-way-47501867,44.79868,-93.09521,A7,0.6,natural=wetland
osm-way-47501762,44.80427,-93.09552,A7,0.6,natural=wetland
osm-way-47502120,44.79167,-93.08286,A7,0.6,natural=wetland
osm-way-47501451,44.81717,-93.08434,A7,0.6,natural=wetland
osm-way-47501083,44.81604,-93.07784,A7,0.6,natural=wetland
osm-way-47501995,44.81428,-93.07721,A7,0.6,natural=wetland
osm-way-47501768,44.83028,-93.08932,A7,0.6,natural=wetland
osm-way-47502544,44.82352,-93.09141,A7,0.6,natural=wetland
osm-way-47502873,44.81937,-93.08717,A7,0.6,natural=wetland
osm-way-47502470,44.82417,-93.08846,A7,0.6,natural=wetland
osm-way-47502510,44.82590,-93.09335,A7,0.6,natural=wetland
osm-way-47502611,44.82136,-93.08552,A7,0.6,natural=wetland
osm-way-47502872,44.82110,-93.07845,A7,0.6,natural=wetland
osm-way-47502692,44.82610,-93.08067,A7,0.6,natural=wetland
osm-way-314811389,44.82563,-93.08567,A7,0.6,natural=wetland
osm-way-314811392,44.82602,-93.08687,A7,0.6,natural=wetland
osm-way-47500022,44.82629,-93.07500,A7,0.6,natural=wetland
osm-way-47501238,44.82034,-93.06571,A7,0.6,natural=wetland
osm-way-47501599,44.82003,-93.06230,A7,0.6,natural=wetland
osm-way-47501864,44.82067,-93.06090,A7,0.6,natural=wetland
osm-way-47501381,44.82564,-93.06839,A7,0.6,natural=wetland
osm-way-47501493,44.82394,-93.06959,A7,0.6,natural=wetland
osm-way-47502498,44.82464,-93.06851,A7,0.6,natural=wetland
osm-way-47502543,44.82576,-93.07311,A7,0.6,natural=wetland
osm-way-47501406,44.82443,-93.06513,A7,0.6,natural=wetland
osm-way-314808338,44.82715,-93.06575,A7,0.6,natural=wetland
osm-way-47500667,44.83442,-93.07969,A7,0.6,natural=wetland
osm-way-47501361,44.83455,-93.07801,A7,0.6,natural=wetland
osm-way-47502541,44.84178,-93.08607,A7,0.6,natural=wetland
osm-way-1373836016,44.84282,-93.08170,A7,0.6,natural=wetland
osm-way-47501041,44.83808,-93.07590,A7,0.6,natural=wetland
osm-way-47501450,44.84120,-93.06859,A7,0.6,natural=wetland
osm-way-47500928,44.80236,-93.04932,A7,0.6,natural=wetland
osm-way-47502802,44.80028,-93.05149,A7,0.6,natural=wetland
osm-way-48329606,44.80138,-93.04055,A7,0.6,natural=wetland
osm-way-1333516429,44.80128,-93.03762,A7,0.6,natural=wetland
osm-way-47501134,44.80517,-93.05685,A7,0.6,natural=wetland
osm-way-47501407,44.80745,-93.05565,A7,0.6,natural=wetland
osm-way-47502276,44.80746,-93.04906,A7,0.6,natural=wetland
osm-way-47502874,44.80873,-93.05358,A7,0.6,natural=wetland
osm-way-47500954,44.81613,-93.05398,A7,0.6,natural=wetland
osm-way-47500955,44.80585,-93.04666,A7,0.6,natural=wetland
osm-way-47501600,44.80889,-93.04660,A7,0.6,natural=wetland
osm-way-47502341,44.80423,-93.04625,A7,0.6,natural=wetland
osm-way-47501384,44.81019,-93.04395,A7,0.6,natural=wetland
osm-way-47501725,44.81146,-93.04675,A7,0.6,natural=wetland
osm-way-1020902576,44.79128,-93.01746,A7,0.6,natural=wetland
osm-way-1020902575,44.79305,-93.01280,A7,0.6,natural=wetland
osm-way-1188714658,44.80926,-93.00749,A4,0.5,natural=cliff
osm-way-1333516432,44.80692,-93.03124,A7,0.6,natural=wetland
osm-way-314807969,44.82056,-93.05138,A7,0.6,natural=wetland
osm-way-314809010,44.81926,-93.04874,A7,0.6,natural=wetland
osm-way-47501492,44.83039,-93.05697,A7,0.6,natural=wetland
osm-way-314807964,44.82598,-93.05385,A7,0.6,natural=wetland
osm-way-1333561252,44.82258,-93.02345,A7,0.6,natural=wetland
osm-way-1234634641,44.85941,-93.10289,A7,0.6,natural=wetland
osm-way-1389409338,44.86080,-93.10387,A7,0.6,natural=wetland
osm-way-1389910054,44.86739,-93.10533,A7,0.6,natural=wetland
osm-way-1389910073,44.86765,-93.10195,A7,0.6,natural=wetland
osm-way-1390596788,44.86884,-93.10574,A7,0.6,natural=wetland
osm-way-48307072,44.86107,-93.09665,A7,0.6,natural=wetland
osm-way-47501554,44.86739,-93.08772,A7,0.6,natural=wetland
osm-way-1389855750,44.86254,-93.09545,A7,0.6,natural=wetland
osm-way-1391248216,44.86666,-93.09119,A7,0.6,natural=wetland
osm-way-47500953,44.84576,-93.08146,A7,0.6,natural=wetland
osm-way-47501722,44.84432,-93.07855,A7,0.6,natural=wetland
osm-way-47501720,44.85633,-93.07962,A7,0.6,natural=wetland
osm-way-47502783,44.85178,-93.08120,A7,0.6,natural=wetland
osm-way-47502801,44.85163,-93.08373,A7,0.6,natural=wetland
osm-way-47501129,44.85340,-93.07849,A7,0.6,natural=wetland
osm-way-47501656,44.85088,-93.07582,A7,0.6,natural=wetland
osm-way-47501760,44.85254,-93.07562,A7,0.6,natural=wetland
osm-way-47502540,44.85457,-93.07078,A7,0.6,natural=wetland
osm-way-47500722,44.85846,-93.08488,A7,0.6,natural=wetland
osm-way-47501521,44.85648,-93.08357,A7,0.6,natural=wetland
osm-way-47502826,44.85689,-93.07618,A7,0.6,natural=wetland
osm-way-789449616,44.86192,-93.07409,A7,0.6,natural=wetland
osm-way-789449612,44.85834,-93.07358,A7,0.6,natural=wetland
osm-way-47502275,44.86376,-93.07343,A7,0.6,natural=wetland
osm-way-1423090770,44.86772,-93.06954,A7,0.6,natural=wetland
osm-way-1390596809,44.87024,-93.10527,A7,0.6,natural=wetland
osm-way-1393696481,44.87238,-93.10410,A7,0.6,natural=wetland
osm-way-1412888097,44.88271,-93.10404,A7,0.6,natural=wetland
osm-way-1420001234,44.87975,-93.10052,A7,0.6,natural=wetland
osm-way-1412888080,44.88116,-93.10502,A7,0.6,natural=wetland
osm-way-1391277017,44.87071,-93.09432,A7,0.6,natural=wetland
osm-way-1391277019,44.87038,-93.09538,A7,0.6,natural=wetland
osm-way-1391448972,44.87204,-93.09875,A7,0.6,natural=wetland
osm-way-1391448973,44.87205,-93.09828,A7,0.6,natural=wetland
osm-way-1391448974,44.87377,-93.09648,A7,0.6,natural=wetland
osm-way-1391448975,44.87452,-93.09625,A7,0.6,natural=wetland
osm-way-1394864357,44.87252,-93.09320,A7,0.6,natural=wetland
osm-way-1394864358,44.87301,-93.09337,A7,0.6,natural=wetland
osm-way-1394864359,44.87467,-93.09394,A7,0.6,natural=wetland
osm-way-1408500736,44.88028,-93.09312,A7,0.6,natural=wetland
osm-way-1412094386,44.88202,-93.09761,A7,0.6,natural=wetland
osm-way-1412094367,44.88056,-93.09516,A7,0.6,natural=wetland
osm-way-1412094387,44.88028,-93.09808,A7,0.6,natural=wetland
osm-way-1422714936,44.88064,-93.09439,A7,0.6,natural=wetland
osm-way-1408190405,44.87802,-93.08897,A7,0.6,natural=wetland
osm-way-1408500743,44.88102,-93.08942,A7,0.6,natural=wetland
osm-way-1408500751,44.87974,-93.09104,A7,0.6,natural=wetland
osm-way-1408500752,44.87974,-93.08934,A7,0.6,natural=wetland
osm-way-1423068189,44.87526,-93.07801,A7,0.6,natural=wetland
osm-way-1408190386,44.87591,-93.08128,A7,0.6,natural=wetland
osm-way-1408190394,44.87683,-93.08140,A7,0.6,natural=wetland
osm-way-1408190397,44.87757,-93.08288,A7,0.6,natural=wetland
osm-way-1408190411,44.87856,-93.08565,A7,0.6,natural=wetland
osm-way-1423068190,44.87643,-93.07976,A7,0.6,natural=wetland
osm-way-1426231674,44.87649,-93.06515,A7,0.6,natural=wetland
osm-way-48307144,44.85458,-93.05606,A7,0.6,natural=wetland
osm-way-1299327465,44.84900,-93.04630,A7,0.6,natural=wetland
osm-way-1333557008,44.86596,-93.02206,A7,0.6,natural=wetland
osm-way-969248703,44.86890,-93.01030,A7,0.6,natural=wetland
osm-way-860500856,44.88639,-93.05812,A7,0.6,natural=wetland
osm-way-969248701,44.87327,-93.01167,A7,0.6,natural=wetland
osm-way-968323885,44.88700,-93.01433,A7,0.6,natural=wetland
osm-way-968323887,44.88840,-93.01419,A7,0.6,natural=wetland
osm-way-981877885,44.89487,-93.01372,A7,0.6,natural=wetland
osm-way-981905395,44.89240,-93.01808,A7,0.6,natural=wetland
osm-way-981877883,44.89341,-93.01307,A7,0.6,natural=wetland
osm-way-1254775491,44.79295,-93.00378,A7,0.6,natural=wetland
osm-way-1254775439,44.79368,-92.99868,A7,0.6,natural=wetland
osm-way-995052335,44.80130,-92.97905,A7,0.6,natural=wetland
osm-way-994049887,44.82175,-93.00480,A7,0.6,natural=wetland
osm-way-1186574848,44.84224,-93.00806,A7,0.6,natural=wetland
osm-way-203542575,44.82379,-92.95767,A7,0.6,natural=wetland
osm-way-203542576,44.82531,-92.95946,A7,0.6,natural=wetland
osm-way-203542578,44.82628,-92.96010,A7,0.6,natural=wetland
osm-way-1299123817,44.83687,-92.95718,A7,0.6,natural=wetland
osm-way-1293755269,44.84724,-92.98245,A7,0.6,natural=wetland
osm-way-971473431,44.85851,-93.00651,A7,0.6,natural=wetland
osm-way-970779400,44.86344,-93.00739,A7,0.6,natural=wetland
osm-way-1293548131,44.85249,-92.97243,A7,0.6,natural=wetland
osm-way-920190980,44.86789,-92.96933,A7,0.6,natural=wetland
osm-way-920190977,44.86691,-92.97016,A7,0.6,natural=wetland
osm-way-920190978,44.86607,-92.97037,A7,0.6,natural=wetland
osm-way-968618424,44.88359,-93.00699,A7,0.6,natural=wetland
osm-way-972111794,44.88382,-93.00496,A7,0.6,natural=wetland
osm-way-911378034,44.88235,-92.97274,A7,0.6,natural=wetland
osm-way-911378035,44.88089,-92.97368,A7,0.6,natural=wetland
osm-way-911378042,44.88391,-92.97263,A7,0.6,natural=wetland
osm-way-911378046,44.88385,-92.97400,A7,0.6,natural=wetland
osm-way-911378054,44.88374,-92.97030,A7,0.6,natural=wetland
osm-way-916733267,44.89248,-92.97151,A7,0.6,natural=wetland
osm-way-916733268,44.89157,-92.97401,A7,0.6,natural=wetland
osm-way-916733269,44.89128,-92.97318,A7,0.6,natural=wetland
osm-way-916718368,44.89341,-92.96694,A7,0.6,natural=wetland
osm-way-1300352740,44.85520,-92.93003,A7,0.6,natural=wetland
osm-way-918950028,44.86317,-92.95035,A7,0.6,natural=wetland
osm-way-881181014,44.88621,-92.93927,A7,0.6,natural=wetland
osm-way-866042306,44.89360,-92.93073,A7,0.6,natural=wetland
osm-way-231142169,44.74908,-92.86446,A7,0.6,natural=wetland
osm-way-231229820,44.75334,-92.85711,A7,0.6,natural=wetland
osm-way-231229826,44.75214,-92.85704,A7,0.6,natural=wetland
osm-way-1188522210,44.77487,-92.89866,A7,0.6,natural=wetland
osm-way-1308825692,44.75634,-92.80419,A3,0.9,natural=beach
osm-way-648517218,44.75905,-92.80401,A3,0.9,natural=beach
osm-way-939082259,44.89573,-92.89098,A7,0.6,natural=wetland
osm-way-945652013,44.88335,-92.87302,A7,0.6,natural=wetland
osm-way-246253992,44.83238,-92.76491,A3,0.9,natural=beach
osm-way-1486888940,44.92559,-93.57560,A7,0.6,natural=wetland
osm-way-1486888954,44.92468,-93.57212,A7,0.6,natural=wetland
osm-way-1486888945,44.92648,-93.56314,A7,0.6,natural=wetland
osm-way-597895747,44.92936,-93.56699,A7,0.6,natural=wetland
osm-way-1487739654,44.92465,-93.54741,A3,0.9,natural=beach
osm-way-1300633954,44.93109,-93.55341,A3,0.9,natural=beach
osm-way-1487739650,44.92825,-93.53498,A3,0.9,natural=beach
osm-way-1487739647,44.92861,-93.53838,A3,0.9,natural=beach
osm-way-1237950771,45.19284,-93.74346,A7,0.6,natural=wetland
osm-way-1238468960,45.19628,-93.74399,A7,0.6,natural=wetland
osm-way-1238468948,45.20527,-93.75659,A7,0.6,natural=wetland
osm-way-1238390856,45.20112,-93.74354,A7,0.6,natural=wetland
osm-way-1238468961,45.19738,-93.74629,A7,0.6,natural=wetland
osm-way-1238468962,45.19847,-93.74519,A7,0.6,natural=wetland
osm-way-1238468972,45.19844,-93.74321,A7,0.6,natural=wetland
osm-way-1238420938,45.20538,-93.75215,A7,0.6,natural=wetland
osm-way-1238420940,45.20515,-93.75176,A7,0.6,natural=wetland
osm-way-1238420942,45.20543,-93.75049,A7,0.6,natural=wetland
osm-way-1238468950,45.20535,-93.75447,A7,0.6,natural=wetland
osm-way-1238468952,45.20630,-93.75164,A7,0.6,natural=wetland
osm-way-1238249572,45.20800,-93.74566,A7,0.6,natural=wetland
osm-way-1238249570,45.21496,-93.76425,A7,0.6,natural=wetland
osm-way-1238471358,45.22909,-93.75727,A7,0.6,natural=wetland
osm-way-1238471357,45.22993,-93.75687,A7,0.6,natural=wetland
osm-way-60421990,45.22935,-93.75432,A7,0.6,natural=wetland
osm-way-60426524,45.22826,-93.75461,A7,0.6,natural=wetland
osm-way-1238471349,45.22881,-93.74956,A7,0.6,natural=wetland
osm-way-1238471350,45.23055,-93.75497,A7,0.6,natural=wetland
osm-way-1238471352,45.23003,-93.75311,A7,0.6,natural=wetland
osm-way-1238471353,45.23119,-93.75356,A7,0.6,natural=wetland
osm-way-1238471354,45.23144,-93.75206,A7,0.6,natural=wetland
osm-way-1238471364,45.23400,-93.75045,A7,0.6,natural=wetland
osm-way-1183576463,45.24410,-93.77516,A7,0.6,natural=wetland
osm-way-1300617802,45.26052,-93.78290,A7,0.6,natural=wetland
osm-way-1238249568,45.25149,-93.77347,A7,0.6,natural=wetland
osm-way-1300617785,45.26220,-93.77826,A7,0.6,natural=wetland
osm-way-1300617786,45.26344,-93.77890,A7,0.6,natural=wetland
osm-way-1300617781,45.25869,-93.77935,A7,0.6,natural=wetland
osm-way-1300617782,45.25760,-93.77706,A7,0.6,natural=wetland
osm-way-1300617784,45.26042,-93.77798,A7,0.6,natural=wetland
osm-way-1238244559,45.24150,-93.75677,A7,0.6,natural=wetland
osm-way-1238244558,45.24289,-93.75718,A7,0.6,natural=wetland
osm-way-1238244562,45.24457,-93.75392,A7,0.6,natural=wetland
osm-way-1238471373,45.23867,-93.76197,A7,0.6,natural=wetland
osm-way-1238244563,45.24529,-93.75784,A7,0.6,natural=wetland
osm-way-1238244561,45.24592,-93.75021,A7,0.6,natural=wetland
osm-way-1238244560,45.25237,-93.75885,A7,0.6,natural=wetland
osm-way-1293514458,45.26098,-93.75734,A7,0.6,natural=wetland
osm-way-1293543460,45.25847,-93.74292,A7,0.6,natural=wetland
osm-way-1238480365,45.25875,-93.75501,A7,0.6,natural=wetland
osm-way-1238480367,45.25871,-93.75379,A7,0.6,natural=wetland
osm-way-1238480368,45.25782,-93.75324,A7,0.6,natural=wetland
osm-way-1293543513,45.26005,-93.74511,A7,0.6,natural=wetland
osm-way-1300617839,45.27119,-93.78193,A7,0.6,natural=wetland
osm-way-1300617863,45.26780,-93.78158,A7,0.6,natural=wetland
osm-way-1300617840,45.27142,-93.78241,A7,0.6,natural=wetland
osm-way-1300617788,45.26354,-93.77579,A7,0.6,natural=wetland
osm-way-1300617795,45.26452,-93.78010,A7,0.6,natural=wetland
osm-way-1300617798,45.26541,-93.78149,A7,0.6,natural=wetland
osm-way-1300617799,45.26452,-93.78128,A7,0.6,natural=wetland
osm-way-1300139554,45.26564,-93.77221,A7,0.6,natural=wetland
osm-way-1300349136,45.26788,-93.77271,A7,0.6,natural=wetland
osm-way-1300617791,45.26634,-93.77363,A7,0.6,natural=wetland
osm-way-1300617792,45.26567,-93.77339,A7,0.6,natural=wetland
osm-way-1300617794,45.26591,-93.77394,A7,0.6,natural=wetland
osm-way-1300617844,45.27098,-93.77809,A7,0.6,natural=wetland
osm-way-1300139559,45.28081,-93.77884,A7,0.6,natural=wetland
osm-way-1300139560,45.28006,-93.77999,A7,0.6,natural=wetland
osm-way-1300963036,45.28086,-93.77575,A7,0.6,natural=wetland
osm-way-1301026133,45.28479,-93.77850,A7,0.6,natural=wetland
osm-way-1295555240,45.26824,-93.75797,A7,0.6,natural=wetland
osm-way-1156486715,45.26440,-93.76286,A7,0.6,natural=wetland
osm-way-1295555234,45.26787,-93.75618,A7,0.6,natural=wetland
osm-way-1295555244,45.26896,-93.75623,A7,0.6,natural=wetland
osm-way-1295555260,45.27340,-93.76193,A7,0.6,natural=wetland
osm-way-1295555265,45.27027,-93.75604,A7,0.6,natural=wetland
osm-way-1295555267,45.27548,-93.76149,A7,0.6,natural=wetland
osm-way-1295555264,45.27153,-93.76363,A7,0.6,natural=wetland
osm-way-1295017290,45.27235,-93.75777,A7,0.6,natural=wetland
osm-way-1295555251,45.27414,-93.76092,A7,0.6,natural=wetland
osm-way-1295555257,45.27468,-93.76037,A7,0.6,natural=wetland
osm-way-1293514447,45.26797,-93.75504,A7,0.6,natural=wetland
osm-way-1293543614,45.26309,-93.74436,A7,0.6,natural=wetland
osm-way-1293543616,45.26447,-93.74775,A7,0.6,natural=wetland
osm-way-1293543617,45.26563,-93.74767,A7,0.6,natural=wetland
osm-way-1293543618,45.26698,-93.74803,A7,0.6,natural=wetland
osm-way-1293543619,45.26547,-93.74385,A7,0.6,natural=wetland
osm-way-1293543621,45.26640,-93.74462,A7,0.6,natural=wetland
osm-way-1293543622,45.26656,-93.74409,A7,0.6,natural=wetland
osm-way-1294643201,45.27546,-93.74233,A7,0.6,natural=wetland
osm-way-1294643204,45.27355,-93.74214,A7,0.6,natural=wetland
osm-way-1294643206,45.27349,-93.74222,A7,0.6,natural=wetland
osm-way-1295949087,45.27091,-93.74950,A7,0.6,natural=wetland
osm-way-1295949091,45.27540,-93.75512,A7,0.6,natural=wetland
osm-way-1295949092,45.27554,-93.75443,A7,0.6,natural=wetland
osm-way-1295949072,45.27266,-93.75379,A7,0.6,natural=wetland
osm-way-1297153315,45.27449,-93.75034,A7,0.6,natural=wetland
osm-way-1295949081,45.27123,-93.74494,A7,0.6,natural=wetland
osm-way-1295949119,45.27050,-93.74305,A7,0.6,natural=wetland
osm-way-1295555250,45.27594,-93.76176,A7,0.6,natural=wetland
osm-way-1296110246,45.27712,-93.75796,A7,0.6,natural=wetland
osm-way-1297153294,45.28005,-93.75752,A7,0.6,natural=wetland
osm-way-1297153295,45.27997,-93.75724,A7,0.6,natural=wetland
osm-way-1297153298,45.27892,-93.75736,A7,0.6,natural=wetland
osm-way-1297197743,45.28048,-93.75775,A7,0.6,natural=wetland
osm-way-1297482754,45.28138,-93.76032,A7,0.6,natural=wetland
osm-way-1297785835,45.28076,-93.76135,A7,0.6,natural=wetland
osm-way-1297785836,45.28007,-93.76094,A7,0.6,natural=wetland
osm-way-1297153296,45.27934,-93.75583,A7,0.6,natural=wetland
osm-way-1297153299,45.27961,-93.75560,A7,0.6,natural=wetland
osm-way-1297482753,45.28261,-93.75970,A7,0.6,natural=wetland
osm-way-1297785838,45.28726,-93.75873,A7,0.6,natural=wetland
osm-way-1297785841,45.28634,-93.75770,A7,0.6,natural=wetland
osm-way-1297785844,45.28588,-93.75754,A7,0.6,natural=wetland
osm-way-1297785846,45.28571,-93.75924,A7,0.6,natural=wetland
osm-way-1297785852,45.28712,-93.75956,A7,0.6,natural=wetland
osm-way-1297785853,45.28673,-93.75843,A7,0.6,natural=wetland
osm-way-1297153308,45.28000,-93.75286,A7,0.6,natural=wetland
osm-way-1297153309,45.27988,-93.75362,A7,0.6,natural=wetland
osm-way-1297153310,45.27871,-93.75175,A7,0.6,natural=wetland
osm-way-1297197842,45.27614,-93.75448,A7,0.6,natural=wetland
osm-way-1294579263,45.27999,-93.74542,A7,0.6,natural=wetland
osm-way-1297153317,45.27640,-93.74798,A7,0.6,natural=wetland
osm-way-1298150040,45.28118,-93.74560,A7,0.6,natural=wetland
osm-way-1298150041,45.28158,-93.74625,A7,0.6,natural=wetland
osm-way-1298642933,45.28558,-93.73909,A7,0.6,natural=wetland
osm-way-1299553562,45.28690,-93.74911,A7,0.6,natural=wetland
osm-way-1299553566,45.28529,-93.74879,A7,0.6,natural=wetland
osm-way-1299553568,45.28449,-93.74860,A7,0.6,natural=wetland
osm-way-1299553579,45.28712,-93.74906,A7,0.6,natural=wetland
osm-way-1299553580,45.28589,-93.74950,A7,0.6,natural=wetland
osm-way-584000701,45.28633,-93.75127,A7,0.6,natural=wetland
osm-way-1299553554,45.28702,-93.75393,A7,0.6,natural=wetland
osm-way-1299553556,45.28371,-93.75005,A7,0.6,natural=wetland
osm-way-1299553559,45.28622,-93.75083,A7,0.6,natural=wetland
osm-way-1299553572,45.28749,-93.74997,A7,0.6,natural=wetland
osm-way-1299553573,45.28729,-93.75014,A7,0.6,natural=wetland
osm-way-1299553563,45.28674,-93.74883,A7,0.6,natural=wetland
osm-way-1299907044,45.29242,-93.76907,A7,0.6,natural=wetland
osm-way-1299832404,45.29020,-93.76171,A7,0.6,natural=wetland
osm-way-1299915236,45.29403,-93.75546,A3,0.9,natural=beach
osm-way-1299915243,45.29652,-93.74328,A7,0.6,natural=wetland
osm-way-442044215,45.15816,-93.67244,A7,0.6,natural=wetland
osm-way-442287998,45.17137,-93.71650,A7,0.6,natural=wetland
osm-way-1252161110,45.17840,-93.72746,A7,0.6,natural=wetland
osm-way-1253477759,45.18309,-93.71697,A7,0.6,natural=wetland
osm-way-1253477764,45.18366,-93.71910,A7,0.6,natural=wetland
osm-way-1252161111,45.17875,-93.72507,A7,0.6,natural=wetland
osm-way-1253477758,45.18286,-93.71804,A7,0.6,natural=wetland
osm-way-1253477761,45.18332,-93.71730,A7,0.6,natural=wetland
osm-way-442147797,45.16426,-93.70431,A7,0.6,natural=wetland
osm-way-442148449,45.16658,-93.70945,A7,0.6,natural=wetland
osm-way-442150240,45.16841,-93.70470,A7,0.6,natural=wetland
osm-way-1255067862,45.17045,-93.70499,A7,0.6,natural=wetland
osm-way-1255067855,45.16776,-93.69184,A7,0.6,natural=wetland
osm-way-1255067868,45.17012,-93.69499,A7,0.6,natural=wetland
osm-way-1255067832,45.17402,-93.70446,A7,0.6,natural=wetland
osm-way-1255067834,45.17518,-93.70536,A7,0.6,natural=wetland
osm-way-1255067836,45.17502,-93.70583,A7,0.6,natural=wetland
osm-way-442293503,45.18380,-93.70420,A7,0.6,natural=wetland
osm-way-1252976317,45.17680,-93.71370,A7,0.6,natural=wetland
osm-way-1253721685,45.18491,-93.71402,A7,0.6,natural=wetland
osm-way-1252976320,45.17896,-93.71350,A7,0.6,natural=wetland
osm-way-1252976318,45.17976,-93.70642,A7,0.6,natural=wetland
osm-way-1252976321,45.17788,-93.70927,A7,0.6,natural=wetland
osm-way-1255067825,45.17619,-93.70242,A7,0.6,natural=wetland
osm-way-1255067815,45.17712,-93.69458,A7,0.6,natural=wetland
osm-way-1255067821,45.17644,-93.69170,A7,0.6,natural=wetland
osm-way-1255067814,45.17741,-93.69704,A7,0.6,natural=wetland
osm-way-1255067817,45.17718,-93.69865,A7,0.6,natural=wetland
osm-way-1237898597,45.18915,-93.73760,A7,0.6,natural=wetland
osm-way-1237898598,45.19011,-93.73835,A7,0.6,natural=wetland
osm-way-1237950778,45.18874,-93.73670,A7,0.6,natural=wetland
osm-way-1252998525,45.18660,-93.73055,A7,0.6,natural=wetland
osm-way-1237950780,45.19072,-93.73674,A7,0.6,natural=wetland
osm-way-1238468987,45.19845,-93.73551,A7,0.6,natural=wetland
osm-way-1252697547,45.18963,-93.72989,A7,0.6,natural=wetland
osm-way-1252976315,45.18900,-93.73612,A7,0.6,natural=wetland
osm-way-1252998493,45.19008,-93.73501,A7,0.6,natural=wetland
osm-way-1253480205,45.19363,-93.73380,A7,0.6,natural=wetland
osm-way-1253480212,45.19167,-93.73611,A7,0.6,natural=wetland
osm-way-1237898599,45.19061,-93.73898,A7,0.6,natural=wetland
osm-way-1237898602,45.19291,-93.73820,A7,0.6,natural=wetland
osm-way-1237950774,45.19352,-93.73680,A7,0.6,natural=wetland
osm-way-1251025611,45.19581,-93.73301,A7,0.6,natural=wetland
osm-way-1253480209,45.19117,-93.73465,A7,0.6,natural=wetland
osm-way-1253480211,45.19125,-93.73548,A7,0.6,natural=wetland
osm-way-1252697546,45.18937,-93.72705,A7,0.6,natural=wetland
osm-way-1252998486,45.18665,-93.72702,A7,0.6,natural=wetland
osm-way-1253477786,45.18785,-93.72564,A7,0.6,natural=wetland
osm-way-1253477787,45.18811,-93.72637,A7,0.6,natural=wetland
osm-way-1253477792,45.18982,-93.72617,A7,0.6,natural=wetland
osm-way-1253477766,45.18428,-93.72225,A7,0.6,natural=wetland
osm-way-1253477772,45.18610,-93.72004,A7,0.6,natural=wetland
osm-way-1253477777,45.18672,-93.72125,A7,0.6,natural=wetland
osm-way-1253477778,45.18606,-93.72176,A7,0.6,natural=wetland
osm-way-1253477779,45.18624,-93.72200,A7,0.6,natural=wetland
osm-way-1253477783,45.18696,-93.71955,A7,0.6,natural=wetland
osm-way-1253477784,45.18782,-93.71959,A7,0.6,natural=wetland
osm-way-1253477770,45.18567,-93.71673,A7,0.6,natural=wetland
osm-way-1253477788,45.18710,-93.71864,A7,0.6,natural=wetland
osm-way-1253477805,45.19317,-93.71788,A7,0.6,natural=wetland
osm-way-1253477796,45.19193,-93.72631,A7,0.6,natural=wetland
osm-way-1253477807,45.19446,-93.72441,A7,0.6,natural=wetland
osm-way-1253477794,45.19141,-93.72111,A7,0.6,natural=wetland
osm-way-1253477799,45.19184,-93.72176,A7,0.6,natural=wetland
osm-way-1238468988,45.19870,-93.73939,A7,0.6,natural=wetland
osm-way-1238485228,45.20273,-93.73228,A7,0.6,natural=wetland
osm-way-1238485229,45.20316,-93.73513,A7,0.6,natural=wetland
osm-way-1238485227,45.20333,-93.73309,A7,0.6,natural=wetland
osm-way-1238485236,45.21030,-93.73329,A7,0.6,natural=wetland
osm-way-1238468998,45.20679,-93.73294,A7,0.6,natural=wetland
osm-way-1238485230,45.20539,-93.73138,A7,0.6,natural=wetland
osm-way-1251025638,45.21032,-93.71746,A7,0.6,natural=wetland
osm-way-1251025650,45.20804,-93.71649,A7,0.6,natural=wetland
osm-way-1251025629,45.20777,-93.71826,A7,0.6,natural=wetland
osm-way-1253480215,45.18968,-93.71302,A7,0.6,natural=wetland
osm-way-1253480218,45.18925,-93.71430,A7,0.6,natural=wetland
osm-way-1253480219,45.18881,-93.71353,A7,0.6,natural=wetland
osm-way-1253721684,45.18798,-93.71574,A7,0.6,natural=wetland
osm-way-1253721635,45.18782,-93.70828,A7,0.6,natural=wetland
osm-way-1251338790,45.19758,-93.70528,A7,0.6,natural=wetland
osm-way-1251338792,45.19744,-93.70880,A7,0.6,natural=wetland
osm-way-1251338799,45.19657,-93.71451,A7,0.6,natural=wetland
osm-way-1253480216,45.19029,-93.71156,A7,0.6,natural=wetland
osm-way-1253721631,45.18576,-93.70951,A7,0.6,natural=wetland
osm-way-1253721632,45.18575,-93.71045,A7,0.6,natural=wetland
osm-way-1253721633,45.18762,-93.70934,A7,0.6,natural=wetland
osm-way-1253721634,45.18759,-93.71019,A7,0.6,natural=wetland
osm-way-1253721649,45.18940,-93.70927,A7,0.6,natural=wetland
osm-way-1253782066,45.19225,-93.70251,A7,0.6,natural=wetland
osm-way-1253782071,45.18904,-93.70486,A7,0.6,natural=wetland
osm-way-1251338802,45.19603,-93.71140,A7,0.6,natural=wetland
osm-way-1251338803,45.19560,-93.71244,A7,0.6,natural=wetland
osm-way-1253721687,45.19488,-93.71533,A7,0.6,natural=wetland
osm-way-1253782082,45.19116,-93.70863,A7,0.6,natural=wetland
osm-way-1253782083,45.19104,-93.70818,A7,0.6,natural=wetland
osm-way-1251301988,45.19719,-93.68940,A7,0.6,natural=wetland
osm-way-1251302081,45.19735,-93.69036,A7,0.6,natural=wetland
osm-way-1251322909,45.19721,-93.69482,A7,0.6,natural=wetland
osm-way-1251322911,45.19622,-93.69647,A7,0.6,natural=wetland
osm-way-1253721641,45.18489,-93.69651,A7,0.6,natural=wetland
osm-way-1253833953,45.19269,-93.69059,A7,0.6,natural=wetland
osm-way-1254695449,45.19439,-93.68998,A7,0.6,natural=wetland
osm-way-1253782067,45.19319,-93.69939,A7,0.6,natural=wetland
osm-way-1253782068,45.19349,-93.69976,A7,0.6,natural=wetland
osm-way-1253782075,45.19491,-93.69892,A7,0.6,natural=wetland
osm-way-1254518127,45.19237,-93.69181,A7,0.6,natural=wetland
osm-way-1251322961,45.20190,-93.71534,A7,0.6,natural=wetland
osm-way-1251338796,45.19845,-93.71222,A7,0.6,natural=wetland
osm-way-1251338798,45.19808,-93.71243,A7,0.6,natural=wetland
osm-way-1251338776,45.19977,-93.70273,A7,0.6,natural=wetland
osm-way-1251025649,45.20773,-93.71609,A7,0.6,natural=wetland
osm-way-1251338778,45.19819,-93.69940,A7,0.6,natural=wetland
osm-way-1251338758,45.19982,-93.69542,A7,0.6,natural=wetland
osm-way-1251338759,45.19907,-93.69355,A7,0.6,natural=wetland
osm-way-1251338763,45.20090,-93.69466,A7,0.6,natural=wetland
osm-way-1251338766,45.20231,-93.69451,A7,0.6,natural=wetland
osm-way-1251338768,45.20166,-93.69543,A7,0.6,natural=wetland
osm-way-1251302076,45.19905,-93.68820,A7,0.6,natural=wetland
osm-way-1251302079,45.19796,-93.68909,A7,0.6,natural=wetland
osm-way-1251302080,45.19861,-93.69017,A7,0.6,natural=wetland
osm-way-1251338757,45.19962,-93.69748,A7,0.6,natural=wetland
osm-way-442039244,45.16529,-93.68396,A7,0.6,natural=wetland
osm-way-442039243,45.16544,-93.68496,A7,0.6,natural=wetland
osm-way-442039246,45.16520,-93.68299,A7,0.6,natural=wetland
osm-way-442039247,45.16501,-93.67993,A7,0.6,natural=wetland
osm-way-442262772,45.16252,-93.66740,A7,0.6,natural=wetland
osm-way-442259654,45.16487,-93.66258,A7,0.6,natural=wetland
osm-way-442264836,45.16892,-93.67159,A7,0.6,natural=wetland
osm-way-442264837,45.16988,-93.67267,A7,0.6,natural=wetland
osm-way-1255067822,45.17595,-93.68829,A7,0.6,natural=wetland
osm-way-1255067847,45.17430,-93.68660,A7,0.6,natural=wetland
osm-way-1255067871,45.17553,-93.68873,A7,0.6,natural=wetland
osm-way-1254695436,45.17623,-93.68006,A7,0.6,natural=wetland
osm-way-1253833938,45.17526,-93.67370,A7,0.6,natural=wetland
osm-way-1254518027,45.17577,-93.67243,A7,0.6,natural=wetland
osm-way-1253833942,45.17617,-93.66751,A7,0.6,natural=wetland
osm-way-1254518020,45.17846,-93.67052,A7,0.6,natural=wetland
osm-way-1254518011,45.18124,-93.66743,A7,0.6,natural=wetland
osm-way-1254518014,45.18097,-93.66683,A7,0.6,natural=wetland
osm-way-1256773102,45.17793,-93.66481,A7,0.6,natural=wetland
osm-way-1256773068,45.17185,-93.65129,A7,0.6,natural=wetland
osm-way-1256773012,45.17475,-93.66027,A7,0.6,natural=wetland
osm-way-1256773125,45.18072,-93.65791,A7,0.6,natural=wetland
osm-way-1254695486,45.19299,-93.68424,A7,0.6,natural=wetland
osm-way-1254517994,45.18931,-93.66970,A7,0.6,natural=wetland
osm-way-1254517976,45.19257,-93.67590,A7,0.6,natural=wetland
osm-way-1253853193,45.19340,-93.66655,A7,0.6,natural=wetland
osm-way-553606325,45.19984,-93.68056,A7,0.6,natural=wetland
osm-way-554088469,45.20961,-93.68264,A7,0.6,natural=wetland
osm-way-552455229,45.20127,-93.66960,A7,0.6,natural=wetland
osm-way-1551428420,45.20265,-93.64634,A3,0.9,natural=beach
osm-way-1551428421,45.20298,-93.64625,A3,0.9,natural=beach
osm-way-60421159,45.15552,-93.63475,A7,0.6,natural=wetland
osm-way-60423313,45.15409,-93.61016,A7,0.6,natural=wetland
osm-way-60422077,45.16052,-93.62730,A7,0.6,natural=wetland
osm-way-1321693038,45.16450,-93.62720,A7,0.6,natural=wetland
osm-way-60423448,45.18265,-93.63395,A7,0.6,natural=wetland
osm-way-48209108,45.16190,-93.60800,A7,0.6,natural=wetland
osm-way-1218140008,45.18519,-93.59811,A7,0.6,natural=wetland
osm-way-48209305,45.17491,-93.59450,A7,0.6,natural=wetland
osm-way-60426696,45.19880,-93.62555,A7,0.6,natural=wetland
osm-way-1229762340,45.20143,-93.62140,A7,0.6,natural=wetland
osm-way-1279396215,45.20886,-93.61905,A3,0.9,natural=beach
osm-way-1218139999,45.19549,-93.59716,A7,0.6,natural=wetland
osm-way-60424791,45.19247,-93.59626,A7,0.6,natural=wetland
osm-way-1215836127,45.18495,-93.57242,A7,0.6,natural=wetland
osm-way-1204305216,45.18276,-93.56040,A7,0.6,natural=wetland
osm-way-1215836126,45.18414,-93.56900,A7,0.6,natural=wetland
osm-way-48209361,45.17059,-93.55694,A7,0.6,natural=wetland
osm-way-60423901,45.19406,-93.57638,A7,0.6,natural=wetland
osm-way-1204305214,45.18833,-93.56230,A7,0.6,natural=wetland
osm-way-1218135956,45.18742,-93.56555,A7,0.6,natural=wetland
osm-way-1218135957,45.19212,-93.56523,A7,0.6,natural=wetland
osm-way-1218135961,45.19426,-93.56140,A7,0.6,natural=wetland
osm-way-1218135962,45.19526,-93.56145,A7,0.6,natural=wetland
osm-way-1218139997,45.19727,-93.58243,A7,0.6,natural=wetland
osm-way-1126115539,45.20660,-93.56582,A7,0.6,natural=wetland
osm-way-1126115540,45.20646,-93.56682,A7,0.6,natural=wetland
osm-way-1126115538,45.20638,-93.56382,A7,0.6,natural=wetland
osm-way-1204305215,45.18852,-93.55795,A7,0.6,natural=wetland
osm-way-1216956196,45.18652,-93.54357,A7,0.6,natural=wetland
osm-way-1216956198,45.18642,-93.54724,A7,0.6,natural=wetland
osm-way-1216956197,45.18566,-93.54407,A7,0.6,natural=wetland
osm-way-1217592570,45.18737,-93.53341,A7,0.6,natural=wetland
osm-way-1153586687,45.20142,-93.54532,A7,0.6,natural=wetland
osm-way-1153586686,45.20037,-93.54310,A7,0.6,natural=wetland
osm-way-558027731,45.20269,-93.53275,A7,0.6,natural=wetland
osm-way-1238485240,45.21106,-93.72666,A7,0.6,natural=wetland
osm-way-1238485241,45.21296,-93.72788,A7,0.6,natural=wetland
osm-way-1251025643,45.21133,-93.72541,A7,0.6,natural=wetland
osm-way-1251025631,45.21347,-93.72044,A7,0.6,natural=wetland
osm-way-1251025633,45.21559,-93.72019,A7,0.6,natural=wetland
osm-way-1251025636,45.21659,-93.72063,A7,0.6,natural=wetland
osm-way-1238487782,45.21922,-93.72643,A7,0.6,natural=wetland
osm-way-1250008532,45.22010,-93.71986,A7,0.6,natural=wetland
osm-way-1250048374,45.21700,-93.72132,A7,0.6,natural=wetland
osm-way-1238471345,45.23014,-93.73286,A7,0.6,natural=wetland
osm-way-1250068781,45.23303,-93.73653,A7,0.6,natural=wetland
osm-way-1250068777,45.23315,-93.73942,A7,0.6,natural=wetland
osm-way-1238487792,45.22812,-93.72587,A7,0.6,natural=wetland
osm-way-1238487793,45.22603,-93.72758,A7,0.6,natural=wetland
osm-way-1250008539,45.22403,-93.72464,A7,0.6,natural=wetland
osm-way-1250070370,45.22944,-93.72520,A7,0.6,natural=wetland
osm-way-1250075895,45.23480,-93.72851,A7,0.6,natural=wetland
osm-way-866754168,45.22468,-93.69078,A7,0.6,natural=wetland
osm-way-1251882660,45.24877,-93.73744,A7,0.6,natural=wetland
osm-way-1238480384,45.24852,-93.74212,A7,0.6,natural=wetland
osm-way-1250068765,45.24308,-93.74005,A7,0.6,natural=wetland
osm-way-1250068766,45.24355,-93.73986,A7,0.6,natural=wetland
osm-way-1251882646,45.24858,-93.73943,A7,0.6,natural=wetland
osm-way-1251882649,45.24744,-93.73983,A7,0.6,natural=wetland
osm-way-1251882667,45.24671,-93.73687,A7,0.6,natural=wetland
osm-way-1251882668,45.24673,-93.73702,A7,0.6,natural=wetland
osm-way-1251882669,45.24699,-93.73797,A7,0.6,natural=wetland
osm-way-1251882664,45.24746,-93.73596,A7,0.6,natural=wetland
osm-way-1250075902,45.23936,-93.72551,A7,0.6,natural=wetland
osm-way-1250075903,45.23969,-93.72579,A7,0.6,natural=wetland
osm-way-1250075904,45.23896,-93.72541,A7,0.6,natural=wetland
osm-way-1250068790,45.23851,-93.71942,A7,0.6,natural=wetland
osm-way-1250068791,45.24083,-93.71995,A7,0.6,natural=wetland
osm-way-1250068792,45.23933,-93.72120,A7,0.6,natural=wetland
osm-way-1250068799,45.23894,-93.72178,A7,0.6,natural=wetland
osm-way-1250068798,45.24057,-93.72408,A7,0.6,natural=wetland
osm-way-1251882679,45.24567,-93.71701,A7,0.6,natural=wetland
osm-way-1251882674,45.24527,-93.72714,A7,0.6,natural=wetland
osm-way-1251882678,45.24587,-93.71750,A7,0.6,natural=wetland
osm-way-1251882690,45.24862,-93.71872,A7,0.6,natural=wetland
osm-way-1251876064,45.25168,-93.73931,A7,0.6,natural=wetland
osm-way-1251871088,45.25230,-93.72875,A7,0.6,natural=wetland
osm-way-1293543478,45.25896,-93.73476,A7,0.6,natural=wetland
osm-way-1293543449,45.25672,-93.74114,A7,0.6,natural=wetland
osm-way-1293543474,45.25670,-93.73700,A7,0.6,natural=wetland
osm-way-1293543475,45.25865,-93.73743,A7,0.6,natural=wetland
osm-way-1293543524,45.25881,-93.74125,A7,0.6,natural=wetland
osm-way-1293543482,45.25981,-93.73401,A7,0.6,natural=wetland
osm-way-1251757507,45.25297,-93.72419,A7,0.6,natural=wetland
osm-way-1251871086,45.25239,-93.72780,A7,0.6,natural=wetland
osm-way-1251882700,45.25330,-93.71724,A7,0.6,natural=wetland
osm-way-1251882708,45.25413,-93.71860,A7,0.6,natural=wetland
osm-way-1251883397,45.25484,-93.71804,A7,0.6,natural=wetland
osm-way-1251883398,45.25472,-93.71835,A7,0.6,natural=wetland
osm-way-1251883396,45.25504,-93.71772,A7,0.6,natural=wetland
osm-way-1289516599,45.26383,-93.72279,A7,0.6,natural=wetland
osm-way-1293543505,45.25951,-93.72478,A7,0.6,natural=wetland
osm-way-1289516582,45.25807,-93.72006,A7,0.6,natural=wetland
osm-way-1289516587,45.26155,-93.72150,A7,0.6,natural=wetland
osm-way-1251882701,45.24584,-93.71073,A7,0.6,natural=wetland
osm-way-1272098347,45.24853,-93.70250,A7,0.6,natural=wetland
osm-way-1289516571,45.24813,-93.70561,A7,0.6,natural=wetland
osm-way-1251882698,45.24897,-93.71340,A7,0.6,natural=wetland
osm-way-1251883403,45.24603,-93.70624,A7,0.6,natural=wetland
osm-way-1289516572,45.24560,-93.70378,A7,0.6,natural=wetland
osm-way-1272098357,45.25125,-93.69663,A7,0.6,natural=wetland
osm-way-1272098365,45.24825,-93.69903,A7,0.6,natural=wetland
osm-way-1251757502,45.25105,-93.71299,A7,0.6,natural=wetland
osm-way-1251757503,45.25032,-93.71343,A7,0.6,natural=wetland
osm-way-1289516565,45.25324,-93.71200,A7,0.6,natural=wetland
osm-way-1289516596,45.25330,-93.70734,A7,0.6,natural=wetland
osm-way-1289516667,45.25134,-93.70977,A7,0.6,natural=wetland
osm-way-1272098346,45.25525,-93.70327,A7,0.6,natural=wetland
osm-way-1289516564,45.25457,-93.71135,A7,0.6,natural=wetland
osm-way-1289516574,45.25571,-93.70587,A7,0.6,natural=wetland
osm-way-60331924,45.25733,-93.71540,A7,0.6,natural=wetland
osm-way-1289516577,45.26068,-93.71055,A7,0.6,natural=wetland
osm-way-1289516588,45.25686,-93.71565,A7,0.6,natural=wetland
osm-way-1289527610,45.26202,-93.70749,A7,0.6,natural=wetland
osm-way-1272098360,45.25448,-93.69956,A7,0.6,natural=wetland
osm-way-1272098361,45.25010,-93.70005,A7,0.6,natural=wetland
osm-way-1272098364,45.25494,-93.70206,A7,0.6,natural=wetland
osm-way-1289042868,45.25178,-93.68905,A7,0.6,natural=wetland
osm-way-1289042872,45.25199,-93.68975,A7,0.6,natural=wetland
osm-way-1289239778,45.26163,-93.68982,A7,0.6,natural=wetland
osm-way-1289239785,45.25696,-93.69639,A7,0.6,natural=wetland
osm-way-1289042845,45.25814,-93.70045,A7,0.6,natural=wetland
osm-way-1289042848,45.25715,-93.69971,A7,0.6,natural=wetland
osm-way-1289239779,45.26107,-93.69123,A7,0.6,natural=wetland
osm-way-1289239801,45.25826,-93.69566,A7,0.6,natural=wetland
osm-way-554292595,45.22207,-93.67675,A7,0.6,natural=wetland
osm-way-554088509,45.21196,-93.67227,A7,0.6,natural=wetland
osm-way-553606382,45.22087,-93.67384,A7,0.6,natural=wetland
osm-way-554123164,45.23000,-93.67991,A7,0.6,natural=wetland
osm-way-551740440,45.23201,-93.68876,A7,0.6,natural=wetland
osm-way-1206981725,45.23071,-93.68540,A7,0.6,natural=wetland
osm-way-551714040,45.23712,-93.67092,A7,0.6,natural=wetland
osm-way-553153690,45.23575,-93.66459,A7,0.6,natural=wetland
osm-way-60422953,45.22179,-93.65394,A7,0.6,natural=wetland
osm-way-553851067,45.23331,-93.65806,A7,0.6,natural=wetland
osm-way-554095937,45.23585,-93.64333,A7,0.6,natural=wetland
osm-way-762744886,45.23743,-93.67817,A7,0.6,natural=wetland
osm-way-552177932,45.24698,-93.67416,A7,0.6,natural=wetland
osm-way-551714063,45.24521,-93.66917,A7,0.6,natural=wetland
osm-way-1289042869,45.25082,-93.68508,A7,0.6,natural=wetland
osm-way-1289042870,45.25204,-93.68507,A7,0.6,natural=wetland
osm-way-1289042871,45.25222,-93.68734,A7,0.6,natural=wetland
osm-way-1289239838,45.25262,-93.68814,A7,0.6,natural=wetland
osm-way-1289239843,45.25308,-93.68473,A7,0.6,natural=wetland
osm-way-554095975,45.25118,-93.67969,A7,0.6,natural=wetland
osm-way-1289239774,45.26075,-93.68446,A7,0.6,natural=wetland
osm-way-1289239775,45.26156,-93.68496,A7,0.6,natural=wetland
osm-way-1289239777,45.26166,-93.68674,A7,0.6,natural=wetland
osm-way-554095947,45.24985,-93.65395,A7,0.6,natural=wetland
osm-way-554095946,45.25098,-93.65000,A7,0.6,natural=wetland
osm-way-559536752,45.25922,-93.64409,A7,0.6,natural=wetland
osm-way-559536753,45.26053,-93.64372,A7,0.6,natural=wetland
osm-way-1293543488,45.26300,-93.73843,A7,0.6,natural=wetland
osm-way-1293543613,45.26322,-93.74127,A7,0.6,natural=wetland
osm-way-1289516558,45.27356,-93.72945,A7,0.6,natural=wetland
osm-way-1293511141,45.27448,-93.72927,A7,0.6,natural=wetland
osm-way-1293543607,45.26527,-93.73813,A7,0.6,natural=wetland
osm-way-1293708304,45.27223,-93.72971,A7,0.6,natural=wetland
osm-way-1293708308,45.27236,-93.72986,A7,0.6,natural=wetland
osm-way-1294579266,45.27195,-93.73057,A7,0.6,natural=wetland
osm-way-1294579272,45.26887,-93.73552,A7,0.6,natural=wetland
osm-way-1294579273,45.26881,-93.73487,A7,0.6,natural=wetland
osm-way-1294643210,45.27119,-93.72964,A7,0.6,natural=wetland
osm-way-1298149919,45.27547,-93.73405,A7,0.6,natural=wetland
osm-way-1294643189,45.27122,-93.74230,A7,0.6,natural=wetland
osm-way-1294643267,45.27202,-93.74038,A7,0.6,natural=wetland
osm-way-1293708305,45.27408,-93.73317,A7,0.6,natural=wetland
osm-way-1293708307,45.27299,-93.73097,A7,0.6,natural=wetland
osm-way-1294579270,45.27208,-93.73255,A7,0.6,natural=wetland
osm-way-1298149909,45.27507,-93.73413,A7,0.6,natural=wetland
osm-way-1293759208,45.26402,-93.72568,A7,0.6,natural=wetland
osm-way-1293759233,45.26293,-93.72874,A7,0.6,natural=wetland
osm-way-258993992,45.26728,-93.71858,A7,0.6,natural=wetland
osm-way-1289527657,45.26823,-93.71978,A7,0.6,natural=wetland
osm-way-1293708309,45.26637,-93.71886,A7,0.6,natural=wetland
osm-way-1293708310,45.26577,-93.71771,A7,0.6,natural=wetland
osm-way-1289527652,45.26802,-93.71619,A7,0.6,natural=wetland
osm-way-1289527653,45.26779,-93.71709,A7,0.6,natural=wetland
osm-way-1289516556,45.27368,-93.72877,A7,0.6,natural=wetland
osm-way-1294643199,45.27617,-93.74024,A7,0.6,natural=wetland
osm-way-1297903448,45.28030,-93.74154,A7,0.6,natural=wetland
osm-way-1298149910,45.27742,-93.73903,A7,0.6,natural=wetland
osm-way-1298149921,45.27702,-93.73439,A7,0.6,natural=wetland
osm-way-1298642914,45.28155,-93.73532,A7,0.6,natural=wetland
osm-way-1298149920,45.27841,-93.73560,A7,0.6,natural=wetland
osm-way-1298642910,45.28158,-93.73643,A7,0.6,natural=wetland
osm-way-1298642930,45.28185,-93.73060,A7,0.6,natural=wetland
osm-way-1298642932,45.28183,-93.73065,A7,0.6,natural=wetland
osm-way-1298642919,45.28238,-93.73224,A7,0.6,natural=wetland
osm-way-1298642921,45.28276,-93.73293,A7,0.6,natural=wetland
osm-way-1292976837,45.27877,-93.72459,A7,0.6,natural=wetland
osm-way-1293511132,45.27812,-93.72454,A7,0.6,natural=wetland
osm-way-1293511118,45.28189,-93.72244,A7,0.6,natural=wetland
osm-way-1292976835,45.28399,-93.72322,A7,0.6,natural=wetland
osm-way-1293276237,45.28198,-93.71647,A7,0.6,natural=wetland
osm-way-1293511152,45.28724,-93.71752,A7,0.6,natural=wetland
osm-way-1293511153,45.28832,-93.71637,A7,0.6,natural=wetland
osm-way-1292976800,45.28660,-93.72903,A7,0.6,natural=wetland
osm-way-1293511121,45.28268,-93.72521,A7,0.6,natural=wetland
osm-way-1293511128,45.28237,-93.72708,A7,0.6,natural=wetland
osm-way-1293511183,45.28719,-93.72578,A7,0.6,natural=wetland
osm-way-1293511116,45.28505,-93.72092,A7,0.6,natural=wetland
osm-way-1293511123,45.28435,-93.72143,A7,0.6,natural=wetland
osm-way-1293511175,45.28664,-93.72168,A7,0.6,natural=wetland
osm-way-1289527654,45.26558,-93.71552,A7,0.6,natural=wetland
osm-way-1289527721,45.26606,-93.70574,A7,0.6,natural=wetland
osm-way-1289527643,45.27369,-93.70357,A7,0.6,natural=wetland
osm-way-1289239797,45.26822,-93.69392,A7,0.6,natural=wetland
osm-way-1289527751,45.26862,-93.70091,A7,0.6,natural=wetland
osm-way-1289239790,45.27177,-93.69897,A7,0.6,natural=wetland
osm-way-1289527644,45.27336,-93.70279,A7,0.6,natural=wetland
osm-way-1289239798,45.27334,-93.69403,A7,0.6,natural=wetland
osm-way-1292451218,45.27993,-93.71111,A7,0.6,natural=wetland
osm-way-1292451219,45.27928,-93.71179,A7,0.6,natural=wetland
osm-way-1292451224,45.27941,-93.71158,A7,0.6,natural=wetland
osm-way-1293276236,45.28153,-93.71558,A7,0.6,natural=wetland
osm-way-1290088494,45.28724,-93.70328,A7,0.6,natural=wetland
osm-way-1290124749,45.28111,-93.70307,A7,0.6,natural=wetland
osm-way-1290124751,45.28299,-93.70331,A7,0.6,natural=wetland
osm-way-1292976926,45.28209,-93.70820,A7,0.6,natural=wetland
osm-way-1292976907,45.28598,-93.70653,A7,0.6,natural=wetland
osm-way-1290088508,45.27648,-93.69554,A7,0.6,natural=wetland
osm-way-1290088495,45.28852,-93.70121,A7,0.6,natural=wetland
osm-way-1290088510,45.27983,-93.69016,A7,0.6,natural=wetland
osm-way-1290111962,45.27830,-93.69140,A7,0.6,natural=wetland
osm-way-1290124702,45.28936,-93.69003,A7,0.6,natural=wetland
osm-way-1290124715,45.28497,-93.69725,A7,0.6,natural=wetland
osm-way-1290124705,45.28838,-93.69198,A7,0.6,natural=wetland
osm-way-1290124712,45.28505,-93.69335,A7,0.6,natural=wetland
osm-way-1298642934,45.29051,-93.73813,A7,0.6,natural=wetland
osm-way-1293511158,45.29112,-93.72459,A7,0.6,natural=wetland
osm-way-60326198,45.29378,-93.71849,A7,0.6,natural=wetland
osm-way-955894935,45.31044,-93.72018,A7,0.6,natural=wetland
osm-way-1293511177,45.28911,-93.71614,A7,0.6,natural=wetland
osm-way-1292976898,45.29010,-93.70827,A7,0.6,natural=wetland
osm-way-1291939931,45.29186,-93.70227,A7,0.6,natural=wetland
osm-way-1291939932,45.29140,-93.70230,A7,0.6,natural=wetland
osm-way-1291939945,45.29019,-93.69108,A7,0.6,natural=wetland
osm-way-1290088491,45.28937,-93.69010,A7,0.6,natural=wetland
osm-way-1291939948,45.29085,-93.69152,A7,0.6,natural=wetland
osm-way-1289007088,45.27178,-93.67838,A7,0.6,natural=wetland
osm-way-1289239792,45.27114,-93.68670,A7,0.6,natural=wetland
osm-way-1289007089,45.27046,-93.68119,A7,0.6,natural=wetland
osm-way-1289007090,45.26974,-93.67957,A7,0.6,natural=wetland
osm-way-1289007091,45.26932,-93.67901,A7,0.6,natural=wetland
osm-way-1289007171,45.26677,-93.66842,A7,0.6,natural=wetland
osm-way-1290124682,45.27917,-93.68646,A7,0.6,natural=wetland
osm-way-1290124694,45.27981,-93.68874,A7,0.6,natural=wetland
osm-way-1288841111,45.27911,-93.68065,A7,0.6,natural=wetland
osm-way-1289006966,45.28133,-93.66682,A7,0.6,natural=wetland
osm-way-1289007096,45.28178,-93.66651,A7,0.6,natural=wetland
osm-way-1289006965,45.28450,-93.66759,A7,0.6,natural=wetland
osm-way-1289006970,45.28308,-93.66491,A7,0.6,natural=wetland
osm-way-1289007024,45.28850,-93.66435,A7,0.6,natural=wetland
osm-way-1289007169,45.28210,-93.67192,A7,0.6,natural=wetland
osm-way-1289006971,45.28331,-93.66555,A7,0.6,natural=wetland
osm-way-1289007097,45.28238,-93.66486,A7,0.6,natural=wetland
osm-way-1271258254,45.26710,-93.66175,A7,0.6,natural=wetland
osm-way-1271258257,45.26944,-93.66051,A7,0.6,natural=wetland
osm-way-1271258259,45.26817,-93.65964,A7,0.6,natural=wetland
osm-way-1271312066,45.27545,-93.65033,A7,0.6,natural=wetland
osm-way-1271312067,45.27548,-93.65494,A7,0.6,natural=wetland
osm-way-1271258249,45.27122,-93.66274,A7,0.6,natural=wetland
osm-way-1271034941,45.27139,-93.65628,A7,0.6,natural=wetland
osm-way-1271064017,45.26743,-93.64898,A7,0.6,natural=wetland
osm-way-1271578683,45.27551,-93.64276,A7,0.6,natural=wetland
osm-way-1271578680,45.27448,-93.63856,A7,0.6,natural=wetland
osm-way-1271578681,45.27446,-93.64151,A7,0.6,natural=wetland
osm-way-1271064067,45.28067,-93.65639,A7,0.6,natural=wetland
osm-way-1271312064,45.27679,-93.65572,A7,0.6,natural=wetland
osm-way-1271646811,45.28498,-93.65077,A7,0.6,natural=wetland
osm-way-1271646812,45.28649,-93.65051,A7,0.6,natural=wetland
osm-way-1271646813,45.28631,-93.65147,A7,0.6,natural=wetland
osm-way-1271064064,45.28684,-93.65924,A7,0.6,natural=wetland
osm-way-1271064068,45.28604,-93.66037,A7,0.6,natural=wetland
osm-way-1271646800,45.28710,-93.66315,A7,0.6,natural=wetland
osm-way-1271646802,45.28491,-93.66229,A7,0.6,natural=wetland
osm-way-1271312068,45.27873,-93.64708,A7,0.6,natural=wetland
osm-way-1271312072,45.28360,-93.64829,A7,0.6,natural=wetland
osm-way-1271312074,45.28261,-93.64270,A7,0.6,natural=wetland
osm-way-890355437,45.29452,-93.68168,A7,0.6,natural=wetland
osm-way-890355467,45.29131,-93.68042,A7,0.6,natural=wetland
osm-way-890355468,45.29134,-93.68093,A7,0.6,natural=wetland
osm-way-890355469,45.29193,-93.67996,A7,0.6,natural=wetland
osm-way-890355471,45.29422,-93.67997,A7,0.6,natural=wetland
osm-way-890355472,45.29423,-93.67950,A7,0.6,natural=wetland
osm-way-1288841128,45.28975,-93.68175,A7,0.6,natural=wetland
osm-way-1291569748,45.30182,-93.68713,A3,0.9,natural=beach
osm-way-1290366563,45.28948,-93.66640,A7,0.6,natural=wetland
osm-way-1287219455,45.29346,-93.64706,A7,0.6,natural=wetland
osm-way-1287219407,45.28963,-93.64450,A7,0.6,natural=wetland
osm-way-887928905,45.30263,-93.63966,A7,0.6,natural=wetland
osm-way-1272648320,45.23032,-93.62850,A7,0.6,natural=wetland
osm-way-1272648335,45.22668,-93.61044,A7,0.6,natural=wetland
osm-way-1272648340,45.22930,-93.61775,A7,0.6,natural=wetland
osm-way-1272648354,45.23519,-93.61979,A7,0.6,natural=wetland
osm-way-1272648310,45.23017,-93.62110,A7,0.6,natural=wetland
osm-way-1272648314,45.23113,-93.62157,A7,0.6,natural=wetland
osm-way-1272648330,45.23062,-93.61273,A7,0.6,natural=wetland
osm-way-1272648398,45.23420,-93.61647,A7,0.6,natural=wetland
osm-way-1272648399,45.23415,-93.61689,A7,0.6,natural=wetland
osm-way-1273200156,45.22232,-93.60186,A7,0.6,natural=wetland
osm-way-1273200157,45.22194,-93.59901,A7,0.6,natural=wetland
osm-way-554088520,45.22011,-93.60164,A7,0.6,natural=wetland
osm-way-60426243,45.21207,-93.58490,A7,0.6,natural=wetland
osm-way-1272442093,45.21917,-93.59197,A7,0.6,natural=wetland
osm-way-1273200149,45.22423,-93.59449,A7,0.6,natural=wetland
osm-way-1272442108,45.21967,-93.59758,A7,0.6,natural=wetland
osm-way-1273200148,45.22134,-93.59646,A7,0.6,natural=wetland
osm-way-1273200163,45.22043,-93.59642,A7,0.6,natural=wetland
osm-way-1273200166,45.22158,-93.59550,A7,0.6,natural=wetland
osm-way-1272648353,45.23567,-93.60276,A7,0.6,natural=wetland
osm-way-1273200181,45.23029,-93.59863,A7,0.6,natural=wetland
osm-way-1273200185,45.22631,-93.59850,A7,0.6,natural=wetland
osm-way-1273200503,45.23427,-93.60703,A7,0.6,natural=wetland
osm-way-1272648349,45.23327,-93.59900,A7,0.6,natural=wetland
osm-way-1273200139,45.22650,-93.59021,A7,0.6,natural=wetland
osm-way-1273200189,45.22529,-93.58905,A7,0.6,natural=wetland
osm-way-1273239069,45.23428,-93.59201,A7,0.6,natural=wetland
osm-way-1273239071,45.23456,-93.59231,A7,0.6,natural=wetland
osm-way-1273239079,45.22869,-93.58139,A7,0.6,natural=wetland
osm-way-60424318,45.23137,-93.59213,A7,0.6,natural=wetland
osm-way-1273239070,45.23378,-93.59326,A7,0.6,natural=wetland
osm-way-1273977694,45.24134,-93.62323,A7,0.6,natural=wetland
osm-way-1274297991,45.24674,-93.61757,A7,0.6,natural=wetland
osm-way-1274298000,45.24471,-93.61131,A7,0.6,natural=wetland
osm-way-1274298025,45.24881,-93.62114,A7,0.6,natural=wetland
osm-way-1274297998,45.24332,-93.61350,A7,0.6,natural=wetland
osm-way-1274298001,45.24467,-93.61326,A7,0.6,natural=wetland
osm-way-1272131315,45.26281,-93.62884,A7,0.6,natural=wetland
osm-way-1272131317,45.26219,-93.62682,A7,0.6,natural=wetland
osm-way-1279780893,45.25803,-93.62267,A7,0.6,natural=wetland
osm-way-1272131320,45.26227,-93.62495,A7,0.6,natural=wetland
osm-way-1274298014,45.25017,-93.62224,A7,0.6,natural=wetland
osm-way-1279780877,45.25515,-93.62242,A7,0.6,natural=wetland
osm-way-1279780878,45.25528,-93.62395,A7,0.6,natural=wetland
osm-way-1279780862,45.25517,-93.61625,A7,0.6,natural=wetland
osm-way-60325915,45.25204,-93.61807,A7,0.6,natural=wetland
osm-way-1274298017,45.25145,-93.61153,A7,0.6,natural=wetland
osm-way-1274298018,45.25075,-93.61190,A7,0.6,natural=wetland
osm-way-1279750888,45.25582,-93.62015,A7,0.6,natural=wetland
osm-way-1279780863,45.25658,-93.61821,A7,0.6,natural=wetland
osm-way-1279780891,45.25356,-93.61848,A7,0.6,natural=wetland
osm-way-1279780927,45.25772,-93.61119,A7,0.6,natural=wetland
osm-way-1279780928,45.25546,-93.61625,A7,0.6,natural=wetland
osm-way-1274500174,45.23820,-93.59967,A7,0.6,natural=wetland
osm-way-1274297999,45.24432,-93.60923,A7,0.6,natural=wetland
osm-way-1274465683,45.24924,-93.59968,A7,0.6,natural=wetland
osm-way-1274465688,45.25056,-93.59958,A7,0.6,natural=wetland
osm-way-1274500145,45.24445,-93.59838,A7,0.6,natural=wetland
osm-way-1274500148,45.24738,-93.59858,A7,0.6,natural=wetland
osm-way-1274500149,45.24748,-93.59860,A7,0.6,natural=wetland
osm-way-1274500173,45.23829,-93.59814,A7,0.6,natural=wetland
osm-way-1274298016,45.24857,-93.60898,A7,0.6,natural=wetland
osm-way-1274500153,45.24174,-93.59436,A7,0.6,natural=wetland
osm-way-1274500154,45.24179,-93.59522,A7,0.6,natural=wetland
osm-way-1273239083,45.23788,-93.58855,A7,0.6,natural=wetland
osm-way-1273239082,45.23777,-93.58613,A7,0.6,natural=wetland
osm-way-1274303519,45.24321,-93.58442,A7,0.6,natural=wetland
osm-way-1274500156,45.24317,-93.59135,A7,0.6,natural=wetland
osm-way-1274500163,45.24111,-93.58670,A7,0.6,natural=wetland
osm-way-1274500169,45.23879,-93.59392,A7,0.6,natural=wetland
osm-way-1274500139,45.24525,-93.59355,A7,0.6,natural=wetland
osm-way-1274500140,45.24471,-93.59422,A7,0.6,natural=wetland
osm-way-1274500141,45.24607,-93.59551,A7,0.6,natural=wetland
osm-way-1274500146,45.24493,-93.59714,A7,0.6,natural=wetland
osm-way-1274500159,45.24802,-93.59031,A7,0.6,natural=wetland
osm-way-1273977664,45.25224,-93.61029,A7,0.6,natural=wetland
osm-way-1279780855,45.26082,-93.60592,A7,0.6,natural=wetland
osm-way-1279780861,45.25639,-93.60895,A7,0.6,natural=wetland
osm-way-1279780856,45.26019,-93.60194,A7,0.6,natural=wetland
osm-way-1279780857,45.26109,-93.60136,A7,0.6,natural=wetland
osm-way-1274465684,45.25058,-93.59613,A7,0.6,natural=wetland
osm-way-1274300002,45.25208,-93.58789,A7,0.6,natural=wetland
osm-way-1284564720,45.26198,-93.58827,A7,0.6,natural=wetland
osm-way-1217635072,45.21374,-93.58069,A7,0.6,natural=wetland
osm-way-1217635073,45.21234,-93.58402,A7,0.6,natural=wetland
osm-way-1272598743,45.21802,-93.58326,A7,0.6,natural=wetland
osm-way-1273239056,45.22488,-93.57859,A7,0.6,natural=wetland
osm-way-1273239054,45.22562,-93.57859,A7,0.6,natural=wetland
osm-way-1273239055,45.22480,-93.57814,A7,0.6,natural=wetland
osm-way-1273239074,45.23017,-93.57979,A7,0.6,natural=wetland
osm-way-1273239080,45.23140,-93.57729,A7,0.6,natural=wetland
osm-way-1273239088,45.23385,-93.57395,A7,0.6,natural=wetland
osm-way-1273968105,45.23633,-93.56419,A7,0.6,natural=wetland
osm-way-1153586685,45.21247,-93.54759,A7,0.6,natural=wetland
osm-way-1217635062,45.22526,-93.55056,A7,0.6,natural=wetland
osm-way-1272598693,45.22685,-93.54918,A3,0.9,natural=beach
osm-way-1272598702,45.22779,-93.54876,A7,0.6,natural=wetland
osm-way-1272598698,45.22902,-93.54969,A7,0.6,natural=wetland
osm-way-1272598699,45.22984,-93.54624,A7,0.6,natural=wetland
osm-way-1273239127,45.23179,-93.55116,A7,0.6,natural=wetland
osm-way-1273239128,45.23174,-93.55129,A7,0.6,natural=wetland
osm-way-546633346,45.23655,-93.54111,A7,0.6,natural=wetland
osm-way-60421909,45.23385,-93.54254,A7,0.6,natural=wetland
osm-way-549449967,45.23303,-93.54275,A7,0.6,natural=wetland
osm-way-1272598684,45.23196,-93.54374,A7,0.6,natural=wetland
osm-way-546626950,45.23597,-93.53526,A7,0.6,natural=wetland
osm-way-1274299988,45.23971,-93.58178,A7,0.6,natural=wetland
osm-way-1273955188,45.24167,-93.57558,A7,0.6,natural=wetland
osm-way-1273968114,45.23972,-93.57424,A7,0.6,natural=wetland
osm-way-1273968100,45.24667,-93.57086,A7,0.6,natural=wetland
osm-way-1273968111,45.24147,-93.57232,A7,0.6,natural=wetland
osm-way-1273968112,45.24368,-93.57897,A7,0.6,natural=wetland
osm-way-1273968113,45.24399,-93.56988,A7,0.6,natural=wetland
osm-way-1273968097,45.24546,-93.57685,A7,0.6,natural=wetland
osm-way-1273968069,45.23844,-93.56042,A7,0.6,natural=wetland
osm-way-1273968052,45.24332,-93.55919,A7,0.6,natural=wetland
osm-way-1273968070,45.23817,-93.55930,A7,0.6,natural=wetland
osm-way-1273968074,45.24917,-93.57059,A7,0.6,natural=wetland
osm-way-1273968108,45.23775,-93.56846,A7,0.6,natural=wetland
osm-way-1273968109,45.24312,-93.56322,A7,0.6,natural=wetland
osm-way-1273968110,45.24305,-93.56842,A7,0.6,natural=wetland
osm-way-1275406251,45.24302,-93.56999,A7,0.6,natural=wetland
osm-way-1275406250,45.24391,-93.56891,A7,0.6,natural=wetland
osm-way-60422628,45.25221,-93.58195,A7,0.6,natural=wetland
osm-way-1284744602,45.26255,-93.57724,A7,0.6,natural=wetland
osm-way-1284744607,45.26232,-93.57798,A7,0.6,natural=wetland
osm-way-1284565263,45.25961,-93.58320,A7,0.6,natural=wetland
osm-way-1284565264,45.25912,-93.58056,A7,0.6,natural=wetland
osm-way-1284565270,45.25997,-93.57711,A7,0.6,natural=wetland
osm-way-1284565273,45.25998,-93.57501,A7,0.6,natural=wetland
osm-way-60421848,45.25096,-93.57142,A7,0.6,natural=wetland
osm-way-1273968084,45.25111,-93.56777,A7,0.6,natural=wetland
osm-way-625971953,45.25404,-93.56016,A7,0.6,natural=wetland
osm-way-1273968080,45.25148,-93.56558,A7,0.6,natural=wetland
osm-way-1282654135,45.25281,-93.56228,A7,0.6,natural=wetland
osm-way-1283080636,45.25753,-93.56781,A7,0.6,natural=wetland
osm-way-1283080632,45.25880,-93.56473,A7,0.6,natural=wetland
osm-way-546633340,45.23962,-93.54906,A7,0.6,natural=wetland
osm-way-1273968066,45.24964,-93.55798,A7,0.6,natural=wetland
osm-way-1273968067,45.24968,-93.55753,A7,0.6,natural=wetland
osm-way-1273946459,45.24583,-93.55737,A7,0.6,natural=wetland
osm-way-1273968053,45.24449,-93.55709,A7,0.6,natural=wetland
osm-way-1276252079,45.24750,-93.54794,A7,0.6,natural=wetland
osm-way-1276252204,45.24054,-93.53376,A7,0.6,natural=wetland
osm-way-1276252205,45.23900,-93.53488,A7,0.6,natural=wetland
osm-way-1276252249,45.24114,-93.53842,A7,0.6,natural=wetland
osm-way-60331868,45.23979,-93.53977,A7,0.6,natural=wetland
osm-way-1276252081,45.24897,-93.54503,A7,0.6,natural=wetland
osm-way-1276252207,45.24265,-93.54167,A7,0.6,natural=wetland
osm-way-1276252096,45.24553,-93.54548,A7,0.6,natural=wetland
osm-way-1276252086,45.24606,-93.53723,A7,0.6,natural=wetland
osm-way-1276252087,45.24762,-93.53659,A7,0.6,natural=wetland
osm-way-1276252245,45.24373,-93.53713,A7,0.6,natural=wetland
osm-way-557708838,45.25174,-93.55423,A7,0.6,natural=wetland
osm-way-1273965791,45.25147,-93.55597,A7,0.6,natural=wetland
osm-way-1282654325,45.25552,-93.55615,A7,0.6,natural=wetland
osm-way-1276265087,45.25327,-93.54991,A7,0.6,natural=wetland
osm-way-1276265088,45.25382,-93.55053,A7,0.6,natural=wetland
osm-way-1279738473,45.26268,-93.55674,A7,0.6,natural=wetland
osm-way-1282650147,45.26094,-93.55667,A7,0.6,natural=wetland
osm-way-1278898814,45.25453,-93.53700,A7,0.6,natural=wetland
osm-way-1279535876,45.25504,-93.54056,A3,0.9,natural=beach
osm-way-1271883458,45.26511,-93.63392,A7,0.6,natural=wetland
osm-way-1272067929,45.26545,-93.63238,A7,0.6,natural=wetland
osm-way-1272131307,45.26446,-93.62623,A7,0.6,natural=wetland
osm-way-1272131308,45.26619,-93.62694,A7,0.6,natural=wetland
osm-way-1272131309,45.26483,-93.62740,A7,0.6,natural=wetland
osm-way-1272131312,45.26310,-93.62367,A7,0.6,natural=wetland
osm-way-1272131545,45.27387,-93.62426,A7,0.6,natural=wetland
osm-way-1272131551,45.27237,-93.63085,A7,0.6,natural=wetland
osm-way-1271578678,45.27513,-93.63352,A7,0.6,natural=wetland
osm-way-1272131549,45.27466,-93.62724,A7,0.6,natural=wetland
osm-way-1272131311,45.26444,-93.62114,A7,0.6,natural=wetland
osm-way-1272131334,45.26352,-93.61539,A7,0.6,natural=wetland
osm-way-1272131299,45.26947,-93.61642,A7,0.6,natural=wetland
osm-way-1272131303,45.26922,-93.62213,A7,0.6,natural=wetland
osm-way-1272131304,45.26914,-93.62027,A7,0.6,natural=wetland
osm-way-1271064029,45.27840,-93.63508,A7,0.6,natural=wetland
osm-way-1271064030,45.27820,-93.63300,A7,0.6,natural=wetland
osm-way-1271578676,45.27698,-93.63450,A7,0.6,natural=wetland
osm-way-1286949924,45.27678,-93.63141,A7,0.6,natural=wetland
osm-way-1286949911,45.28224,-93.62757,A7,0.6,natural=wetland
osm-way-1286949914,45.28418,-93.62760,A7,0.6,natural=wetland
osm-way-1286949890,45.27636,-93.62196,A7,0.6,natural=wetland
osm-way-1287171250,45.28121,-93.62123,A7,0.6,natural=wetland
osm-way-1286459569,45.27792,-93.61001,A7,0.6,natural=wetland
osm-way-1286950064,45.28503,-93.62443,A7,0.6,natural=wetland
osm-way-1287171261,45.28269,-93.61970,A7,0.6,natural=wetland
osm-way-1287171271,45.28575,-93.62205,A7,0.6,natural=wetland
osm-way-1287171286,45.28548,-93.61253,A7,0.6,natural=wetland
osm-way-1287171287,45.28476,-93.61264,A7,0.6,natural=wetland
osm-way-1279780854,45.26392,-93.60245,A7,0.6,natural=wetland
osm-way-1279780942,45.26791,-93.59988,A7,0.6,natural=wetland
osm-way-1279780940,45.27166,-93.60085,A7,0.6,natural=wetland
osm-way-60329654,45.26744,-93.58873,A7,0.6,natural=wetland
osm-way-1284777976,45.26674,-93.58702,A7,0.6,natural=wetland
osm-way-1284777974,45.26868,-93.59082,A7,0.6,natural=wetland
osm-way-1284778080,45.26958,-93.58896,A7,0.6,natural=wetland
osm-way-1286075347,45.27476,-93.58757,A7,0.6,natural=wetland
osm-way-1286459565,45.27853,-93.61068,A7,0.6,natural=wetland
osm-way-1286459571,45.27857,-93.60650,A7,0.6,natural=wetland
osm-way-1286459574,45.27880,-93.60575,A7,0.6,natural=wetland
osm-way-887597755,45.30081,-93.63038,A7,0.6,natural=wetland
osm-way-1272641387,45.29637,-93.62707,A7,0.6,natural=wetland
osm-way-887597718,45.30219,-93.63171,A7,0.6,natural=wetland
osm-way-887651279,45.30405,-93.63333,A7,0.6,natural=wetland
osm-way-887928904,45.30444,-93.63543,A7,0.6,natural=wetland
osm-way-887651282,45.30503,-93.62960,A7,0.6,natural=wetland
osm-way-887651280,45.30393,-93.63161,A7,0.6,natural=wetland
osm-way-1448276225,45.30760,-93.60112,A3,0.9,natural=beach
osm-way-1284744600,45.26353,-93.57697,A7,0.6,natural=wetland
osm-way-490610128,45.28298,-93.52728,A7,0.6,natural=wetland
osm-way-490610167,45.27470,-93.52792,A7,0.6,natural=wetland
osm-way-568604772,45.26878,-93.56983,A7,0.6,natural=wetland
osm-way-1285049930,45.26815,-93.55943,A7,0.6,natural=wetland
osm-way-556395660,45.27540,-93.56210,A7,0.6,natural=wetland
osm-way-1285049918,45.27337,-93.56012,A7,0.6,natural=wetland
osm-way-1285049929,45.26917,-93.56176,A7,0.6,natural=wetland
osm-way-1285049933,45.27015,-93.56214,A7,0.6,natural=wetland
osm-way-1285049934,45.27078,-93.56286,A7,0.6,natural=wetland
osm-way-1285049936,45.27199,-93.56117,A7,0.6,natural=wetland
osm-way-558033450,45.27572,-93.57707,A7,0.6,natural=wetland
osm-way-1285049923,45.27967,-93.56205,A7,0.6,natural=wetland
osm-way-1285049924,45.28061,-93.56122,A7,0.6,natural=wetland
osm-way-1279738472,45.26307,-93.55682,A7,0.6,natural=wetland
osm-way-802709066,45.26904,-93.55156,A7,0.6,natural=wetland
osm-way-490610147,45.27556,-93.54554,A7,0.6,natural=wetland
osm-way-490610122,45.27443,-93.54435,A7,0.6,natural=wetland
osm-way-1285379608,45.28135,-93.55578,A3,0.9,natural=beach
osm-way-490610162,45.28814,-93.54605,A7,0.6,natural=wetland
osm-way-490621073,45.27793,-93.54693,A7,0.6,natural=wetland
osm-way-490621087,45.28072,-93.54628,A7,0.6,natural=wetland
osm-way-1285379592,45.28736,-93.55876,A7,0.6,natural=wetland
osm-way-1285379594,45.28512,-93.55706,A3,0.9,natural=beach
osm-way-1288813521,45.28975,-93.58345,A7,0.6,natural=wetland
osm-way-1288788807,45.29651,-93.57016,A3,0.9,natural=beach
osm-way-45770293,45.30160,-93.57090,A7,0.6,natural=wetland
osm-way-1271226964,45.30124,-93.56936,A3,0.9,natural=beach
osm-way-1271226966,45.29930,-93.56984,A7,0.6,natural=wetland
osm-way-557180577,45.30882,-93.57176,A7,0.6,natural=wetland
osm-way-490610175,45.29172,-93.53270,A7,0.6,natural=wetland
osm-way-490621070,45.30207,-93.53474,A7,0.6,natural=wetland
osm-way-490798066,45.29379,-93.53918,A7,0.6,natural=wetland
osm-way-490621069,45.30036,-93.53649,A7,0.6,natural=wetland
osm-way-957351396,44.90572,-93.49455,A7,0.6,natural=wetland
osm-way-1501542152,44.90517,-93.50229,A7,0.6,natural=wetland
osm-way-1507180970,44.90997,-93.50193,A7,0.6,natural=wetland
osm-way-1506998056,44.91638,-93.49918,A7,0.6,natural=wetland
osm-way-1506998058,44.91923,-93.49977,A7,0.6,natural=wetland
osm-way-1506998059,44.92029,-93.50055,A7,0.6,natural=wetland
osm-way-1506998064,44.92152,-93.49488,A7,0.6,natural=wetland
osm-way-1507488898,44.91414,-93.49991,A7,0.6,natural=wetland
osm-way-1506998053,44.91872,-93.50255,A7,0.6,natural=wetland
osm-way-1506998054,44.91870,-93.50201,A7,0.6,natural=wetland
osm-way-1506998055,44.91895,-93.50236,A7,0.6,natural=wetland
osm-way-1506998063,44.92072,-93.50233,A7,0.6,natural=wetland
osm-way-1507180973,44.91704,-93.49045,A7,0.6,natural=wetland
osm-way-1507180981,44.91809,-93.48874,A7,0.6,natural=wetland
osm-way-1487732287,44.93082,-93.52610,A3,0.9,natural=beach
osm-way-88160313,44.92685,-93.51191,A7,0.6,natural=wetland
osm-way-1505981145,44.92626,-93.50932,A7,0.6,natural=wetland
osm-way-1505981147,44.92534,-93.51151,A7,0.6,natural=wetland
osm-way-1505981149,44.92422,-93.50901,A7,0.6,natural=wetland
osm-way-1505981155,44.92549,-93.51275,A7,0.6,natural=wetland
osm-way-1505981156,44.92437,-93.51120,A7,0.6,natural=wetland
osm-way-1505981157,44.92703,-93.51114,A7,0.6,natural=wetland
osm-way-1505981159,44.92798,-93.50914,A7,0.6,natural=wetland
osm-way-1505981139,44.92615,-93.50668,A7,0.6,natural=wetland
osm-way-1505981140,44.92705,-93.50571,A7,0.6,natural=wetland
osm-way-1505981142,44.92648,-93.50799,A7,0.6,natural=wetland
osm-way-1505981151,44.92374,-93.50774,A7,0.6,natural=wetland
osm-way-1505981150,44.92431,-93.50558,A7,0.6,natural=wetland
osm-way-1505324818,44.93160,-93.49843,A7,0.6,natural=wetland
osm-way-1505324868,44.92905,-93.50080,A7,0.6,natural=wetland
osm-way-1506998101,44.92693,-93.50086,A7,0.6,natural=wetland
osm-way-1506998103,44.92667,-93.50054,A7,0.6,natural=wetland
osm-way-1505324816,44.93181,-93.50172,A7,0.6,natural=wetland
osm-way-1505324825,44.93091,-93.50220,A7,0.6,natural=wetland
osm-way-1505324865,44.92950,-93.49871,A7,0.6,natural=wetland
osm-way-1505324866,44.92840,-93.49237,A7,0.6,natural=wetland
osm-way-58348816,44.89974,-93.47254,A7,0.6,natural=wetland
osm-way-1499968936,44.90241,-93.46815,A7,0.6,natural=wetland
osm-way-1499968942,44.89893,-93.45703,A7,0.6,natural=wetland
osm-way-1499968937,44.90279,-93.45762,A7,0.6,natural=wetland
osm-way-1499968956,44.90309,-93.46231,A7,0.6,natural=wetland
osm-way-743459349,44.89689,-93.45029,A7,0.6,natural=wetland
osm-way-696795573,44.91078,-93.44154,A7,0.6,natural=wetland
osm-way-1499968941,44.90181,-93.45329,A7,0.6,natural=wetland
osm-way-695503517,44.89921,-93.43179,A7,0.6,natural=wetland
osm-way-695503515,44.90107,-93.43568,A7,0.6,natural=wetland
osm-way-695503516,44.90195,-93.43815,A7,0.6,natural=wetland
osm-way-695502048,44.90642,-93.43710,A7,0.6,natural=wetland
osm-way-802322132,44.90344,-93.44053,A7,0.6,natural=wetland
osm-way-1505131236,44.91526,-93.45215,A7,0.6,natural=wetland
osm-way-174696428,44.91005,-93.42982,A3,0.9,natural=beach
osm-way-174711851,44.91021,-93.42989,A3,0.9,natural=beach
osm-way-695529658,44.90714,-93.41579,A7,0.6,natural=wetland
osm-way-695529660,44.90358,-93.41335,A7,0.6,natural=wetland
osm-way-1039674940,44.89896,-93.40861,A7,0.6,natural=wetland
osm-way-1055854511,45.13100,-93.50494,A7,0.6,natural=wetland
osm-way-1042051675,45.13004,-93.49926,A7,0.6,natural=wetland
osm-way-1054566275,45.13973,-93.51969,A7,0.6,natural=wetland
osm-way-1054566280,45.13881,-93.51640,A7,0.6,natural=wetland
osm-way-1055547885,45.13865,-93.51818,A7,0.6,natural=wetland
osm-way-1256692834,45.13960,-93.49156,A7,0.6,natural=wetland
osm-way-1256692836,45.13998,-93.49155,A7,0.6,natural=wetland
osm-way-1256692849,45.15766,-93.49567,A7,0.6,natural=wetland
osm-way-1256692842,45.15771,-93.48396,A7,0.6,natural=wetland
osm-way-1256692843,45.15780,-93.48281,A7,0.6,natural=wetland
osm-way-1256692844,45.15762,-93.48190,A7,0.6,natural=wetland
osm-way-1256692845,45.15812,-93.48478,A7,0.6,natural=wetland
osm-way-798500125,45.12987,-93.46612,A7,0.6,natural=wetland
osm-way-798501837,45.13100,-93.46858,A7,0.6,natural=wetland
osm-way-798501838,45.13084,-93.47454,A7,0.6,natural=wetland
osm-way-798501839,45.13078,-93.47636,A7,0.6,natural=wetland
osm-way-798501840,45.13083,-93.47597,A7,0.6,natural=wetland
osm-way-798501841,45.13119,-93.47572,A7,0.6,natural=wetland
osm-way-798501842,45.13081,-93.47512,A7,0.6,natural=wetland
osm-way-798500122,45.13014,-93.46911,A7,0.6,natural=wetland
osm-way-1014202449,45.12693,-93.45393,A7,0.6,natural=wetland
osm-way-1014202440,45.13178,-93.44819,A7,0.6,natural=wetland
osm-way-1014202442,45.12796,-93.44960,A7,0.6,natural=wetland
osm-way-1014202441,45.12887,-93.45028,A7,0.6,natural=wetland
osm-way-1014202445,45.12939,-93.45304,A7,0.6,natural=wetland
osm-way-1111149100,45.12644,-93.43715,A7,0.6,natural=wetland
osm-way-268535112,45.13294,-93.47319,A7,0.6,natural=wetland
osm-way-798501835,45.13237,-93.46669,A7,0.6,natural=wetland
osm-way-798544845,45.13588,-93.45559,A7,0.6,natural=wetland
osm-way-816954138,45.14424,-93.45411,A7,0.6,natural=wetland
osm-way-801791487,45.14412,-93.46005,A7,0.6,natural=wetland
osm-way-801793681,45.13903,-93.45849,A7,0.6,natural=wetland
osm-way-48214324,45.14623,-93.47869,A7,0.6,natural=wetland
osm-way-816955514,45.14964,-93.45615,A7,0.6,natural=wetland
osm-way-816955516,45.14711,-93.45676,A7,0.6,natural=wetland
osm-way-816955517,45.14702,-93.45969,A7,0.6,natural=wetland
osm-way-800179237,45.13626,-93.45023,A7,0.6,natural=wetland
osm-way-48214364,45.13354,-93.44232,A7,0.6,natural=wetland
osm-way-800178312,45.13650,-93.44599,A7,0.6,natural=wetland
osm-way-800179239,45.13923,-93.44233,A7,0.6,natural=wetland
osm-way-800416665,45.13845,-93.44799,A7,0.6,natural=wetland
osm-way-801761956,45.14293,-93.44121,A7,0.6,natural=wetland
osm-way-800416667,45.14043,-93.45154,A7,0.6,natural=wetland
osm-way-800416668,45.14045,-93.45284,A7,0.6,natural=wetland
osm-way-816947071,45.14238,-93.44919,A7,0.6,natural=wetland
osm-way-800416664,45.13867,-93.44585,A7,0.6,natural=wetland
osm-way-48214367,45.13422,-93.44020,A7,0.6,natural=wetland
osm-way-800434205,45.13717,-93.43788,A7,0.6,natural=wetland
osm-way-800434206,45.13686,-93.43806,A7,0.6,natural=wetland
osm-way-48214370,45.13816,-93.43432,A7,0.6,natural=wetland
osm-way-741183747,45.14489,-93.42735,A3,0.9,natural=beach
osm-way-801761957,45.14449,-93.43987,A7,0.6,natural=wetland
osm-way-800425595,45.14015,-93.43809,A7,0.6,natural=wetland
osm-way-800425599,45.13921,-93.43724,A7,0.6,natural=wetland
osm-way-801574314,45.13917,-93.43636,A7,0.6,natural=wetland
osm-way-801653691,45.13952,-93.43281,A7,0.6,natural=wetland
osm-way-816948805,45.14916,-93.44891,A7,0.6,natural=wetland
osm-way-816955515,45.14923,-93.45300,A7,0.6,natural=wetland
osm-way-801729831,45.14813,-93.43659,A7,0.6,natural=wetland
osm-way-801761954,45.14775,-93.44019,A7,0.6,natural=wetland
osm-way-801761958,45.14588,-93.43966,A7,0.6,natural=wetland
osm-way-801761959,45.14615,-93.43771,A7,0.6,natural=wetland
osm-way-816946530,45.14645,-93.43855,A7,0.6,natural=wetland
osm-way-801729835,45.15355,-93.43622,A7,0.6,natural=wetland
osm-way-801761952,45.15205,-93.44032,A7,0.6,natural=wetland
osm-way-817018415,45.15466,-93.43041,A7,0.6,natural=wetland
osm-way-887542013,45.16185,-93.51567,A7,0.6,natural=wetland
osm-way-887542002,45.15996,-93.51193,A7,0.6,natural=wetland
osm-way-1256692850,45.16124,-93.49603,A7,0.6,natural=wetland
osm-way-1216942688,45.20205,-93.52315,A7,0.6,natural=wetland
osm-way-1216942689,45.19037,-93.51879,A7,0.6,natural=wetland
osm-way-1217635050,45.18966,-93.52735,A7,0.6,natural=wetland
osm-way-1204255524,45.20877,-93.52904,A7,0.6,natural=wetland
osm-way-1216956191,45.19229,-93.49862,A7,0.6,natural=wetland
osm-way-159783113,45.19122,-93.48400,A7,0.6,natural=wetland
osm-way-48208518,45.19644,-93.48495,A7,0.6,natural=wetland
osm-way-1216942698,45.20405,-93.49087,A7,0.6,natural=wetland
osm-way-817337241,45.17122,-93.45492,A7,0.6,natural=wetland
osm-way-817341610,45.17006,-93.46037,A7,0.6,natural=wetland
osm-way-817302384,45.16134,-93.45086,A7,0.6,natural=wetland
osm-way-817302385,45.15890,-93.44703,A7,0.6,natural=wetland
osm-way-817300642,45.16567,-93.44639,A7,0.6,natural=wetland
osm-way-817303534,45.16274,-93.44816,A7,0.6,natural=wetland
osm-way-817347590,45.17174,-93.44478,A7,0.6,natural=wetland
osm-way-817347591,45.16978,-93.44248,A7,0.6,natural=wetland
osm-way-817337240,45.16604,-93.45366,A7,0.6,natural=wetland
osm-way-48214089,45.15938,-93.43049,A7,0.6,natural=wetland
osm-way-817020079,45.15912,-93.42804,A7,0.6,natural=wetland
osm-way-817275094,45.17580,-93.42644,A7,0.6,natural=wetland
osm-way-817293444,45.16401,-93.43409,A7,0.6,natural=wetland
osm-way-817297710,45.16827,-93.43501,A7,0.6,natural=wetland
osm-way-817297712,45.17155,-93.43601,A7,0.6,natural=wetland
osm-way-817297716,45.17111,-93.43187,A7,0.6,natural=wetland
osm-way-817293438,45.16582,-93.43213,A7,0.6,natural=wetland
osm-way-817293440,45.16702,-93.42935,A7,0.6,natural=wetland
osm-way-817347589,45.17283,-93.44964,A7,0.6,natural=wetland
osm-way-817343126,45.17707,-93.43845,A7,0.6,natural=wetland
osm-way-817357235,45.17607,-93.44892,A7,0.6,natural=wetland
osm-way-817357243,45.18359,-93.44908,A7,0.6,natural=wetland
osm-way-817620848,45.18210,-93.44071,A7,0.6,natural=wetland
osm-way-817620850,45.18378,-93.44125,A7,0.6,natural=wetland
osm-way-817357238,45.17857,-93.44884,A7,0.6,natural=wetland
osm-way-817357241,45.17801,-93.45094,A7,0.6,natural=wetland
osm-way-817632032,45.17967,-93.43440,A7,0.6,natural=wetland
osm-way-817632033,45.18268,-93.43443,A7,0.6,natural=wetland
osm-way-817658091,45.18407,-93.43351,A7,0.6,natural=wetland
osm-way-817658095,45.18378,-93.43051,A7,0.6,natural=wetland
osm-way-817658096,45.18241,-93.42816,A7,0.6,natural=wetland
osm-way-817658097,45.18070,-93.42871,A7,0.6,natural=wetland
osm-way-817658092,45.18279,-93.43139,A7,0.6,natural=wetland
osm-way-817658093,45.18191,-93.43194,A7,0.6,natural=wetland
osm-way-817658094,45.18122,-93.43207,A7,0.6,natural=wetland
osm-way-817357246,45.18540,-93.45206,A7,0.6,natural=wetland
osm-way-817360395,45.18532,-93.44833,A7,0.6,natural=wetland
osm-way-817623947,45.18548,-93.44175,A7,0.6,natural=wetland
osm-way-817358992,45.18677,-93.44812,A7,0.6,natural=wetland
osm-way-817360396,45.18440,-93.44755,A7,0.6,natural=wetland
osm-way-817623949,45.18575,-93.44024,A7,0.6,natural=wetland
osm-way-817632035,45.18712,-93.43666,A7,0.6,natural=wetland
osm-way-817632037,45.18748,-93.43847,A7,0.6,natural=wetland
osm-way-817658090,45.18497,-93.43371,A7,0.6,natural=wetland
osm-way-817632034,45.18547,-93.43535,A7,0.6,natural=wetland
osm-way-817632036,45.18670,-93.43343,A7,0.6,natural=wetland
osm-way-801574317,45.13995,-93.42249,A7,0.6,natural=wetland
osm-way-801574318,45.13861,-93.42316,A7,0.6,natural=wetland
osm-way-801574319,45.13872,-93.42465,A7,0.6,natural=wetland
osm-way-801577549,45.14204,-93.42318,A7,0.6,natural=wetland
osm-way-801711420,45.14232,-93.42597,A7,0.6,natural=wetland
osm-way-801713095,45.14386,-93.42562,A7,0.6,natural=wetland
osm-way-1018806279,45.14477,-93.40854,A7,0.6,natural=wetland
osm-way-801736393,45.15062,-93.42198,A7,0.6,natural=wetland
osm-way-1015726162,45.15067,-93.42113,A7,0.6,natural=wetland
osm-way-801736390,45.15165,-93.42600,A7,0.6,natural=wetland
osm-way-817019092,45.15758,-93.42451,A7,0.6,natural=wetland
osm-way-1015726161,45.14843,-93.42072,A7,0.6,natural=wetland
osm-way-1018806278,45.14957,-93.41478,A7,0.6,natural=wetland
osm-way-1016023804,45.14687,-93.41263,A7,0.6,natural=wetland
osm-way-1016023805,45.14711,-93.41163,A7,0.6,natural=wetland
osm-way-47307862,45.15714,-93.40840,A7,0.6,natural=wetland
osm-way-980733821,45.14262,-93.36184,A7,0.6,natural=wetland
osm-way-980733820,45.14215,-93.36542,A7,0.6,natural=wetland
osm-way-948288187,45.14321,-93.35590,A7,0.6,natural=wetland
osm-way-817698130,45.16282,-93.41670,A7,0.6,natural=wetland
osm-way-817020072,45.15904,-93.42252,A7,0.6,natural=wetland
osm-way-817278211,45.17064,-93.42626,A7,0.6,natural=wetland
osm-way-817686072,45.16922,-93.42147,A7,0.6,natural=wetland
osm-way-817278212,45.16964,-93.42695,A7,0.6,natural=wetland
osm-way-817662011,45.16843,-93.42305,A7,0.6,natural=wetland
osm-way-48214109,45.16703,-93.41736,A7,0.6,natural=wetland
osm-way-817686069,45.16709,-93.41909,A7,0.6,natural=wetland
osm-way-817686071,45.16869,-93.42027,A7,0.6,natural=wetland
osm-way-817698127,45.16951,-93.42086,A7,0.6,natural=wetland
osm-way-817698131,45.16352,-93.41219,A7,0.6,natural=wetland
osm-way-817698132,45.16359,-93.41318,A7,0.6,natural=wetland
osm-way-817716524,45.17207,-93.40584,A7,0.6,natural=wetland
osm-way-817713054,45.16555,-93.41057,A7,0.6,natural=wetland
osm-way-817716097,45.16723,-93.41009,A7,0.6,natural=wetland
osm-way-817716098,45.16764,-93.41144,A7,0.6,natural=wetland
osm-way-817716525,45.16974,-93.41102,A7,0.6,natural=wetland
osm-way-817714400,45.16689,-93.40428,A7,0.6,natural=wetland
osm-way-817716100,45.16905,-93.40317,A7,0.6,natural=wetland
osm-way-817716101,45.16874,-93.40252,A7,0.6,natural=wetland
osm-way-817730594,45.17642,-93.41926,A7,0.6,natural=wetland
osm-way-817730593,45.17345,-93.42182,A7,0.6,natural=wetland
osm-way-817730595,45.17836,-93.41830,A7,0.6,natural=wetland
osm-way-817732199,45.18260,-93.41922,A7,0.6,natural=wetland
osm-way-817716526,45.17714,-93.41158,A7,0.6,natural=wetland
osm-way-817729909,45.17718,-93.40910,A7,0.6,natural=wetland
osm-way-817729910,45.17726,-93.40855,A7,0.6,natural=wetland
osm-way-877992253,45.17886,-93.40677,A7,0.6,natural=wetland
osm-way-1174038405,45.16106,-93.39899,A7,0.6,natural=wetland
osm-way-817713916,45.16747,-93.40017,A7,0.6,natural=wetland
osm-way-817729359,45.16922,-93.40002,A7,0.6,natural=wetland
osm-way-817729360,45.16906,-93.39921,A7,0.6,natural=wetland
osm-way-817729361,45.16857,-93.39810,A7,0.6,natural=wetland
osm-way-817718693,45.17357,-93.39879,A7,0.6,natural=wetland
osm-way-585784509,45.19019,-93.39082,A3,0.9,natural=beach
osm-way-1279396218,45.19509,-93.40160,A3,0.9,natural=beach
osm-way-585528183,45.19280,-93.39398,A7,0.6,natural=wetland
osm-way-1457894768,45.20971,-93.40064,A7,0.6,natural=wetland
osm-way-942735873,45.16008,-93.36129,A7,0.6,natural=wetland
osm-way-776347540,45.18381,-93.35743,A7,0.6,natural=wetland
osm-way-48214875,45.18319,-93.35550,A7,0.6,natural=wetland
osm-way-777180557,45.16705,-93.33656,A7,0.6,natural=wetland
osm-way-753427933,45.16280,-93.32609,A7,0.6,natural=wetland
osm-way-776347538,45.18477,-93.35477,A7,0.6,natural=wetland
osm-way-24052412,45.20269,-93.36547,A7,0.6,natural=wetland
osm-way-1282883385,45.20889,-93.36286,A7,0.6,natural=wetland
osm-way-1282883384,45.21008,-93.35960,A7,0.6,natural=wetland
osm-way-772233273,45.19279,-93.34396,A7,0.6,natural=wetland
osm-way-772233274,45.19209,-93.34397,A7,0.6,natural=wetland
osm-way-772020930,45.19182,-93.34024,A7,0.6,natural=wetland
osm-way-772233278,45.19329,-93.33891,A7,0.6,natural=wetland
osm-way-772233279,45.19331,-93.33819,A7,0.6,natural=wetland
osm-way-1436983494,45.19079,-93.32328,A7,0.6,natural=wetland
osm-way-898581069,45.21009,-93.34002,A3,0.9,natural=beach
osm-way-550164897,45.23641,-93.53001,A7,0.6,natural=wetland
osm-way-566493336,45.23614,-93.52651,A7,0.6,natural=wetland
osm-way-545746620,45.23326,-93.52772,A7,0.6,natural=wetland
osm-way-546626959,45.23183,-93.52988,A7,0.6,natural=wetland
osm-way-566493348,45.23483,-93.52790,A7,0.6,natural=wetland
osm-way-1276252255,45.23846,-93.52879,A7,0.6,natural=wetland
osm-way-1276252256,45.23865,-93.53027,A7,0.6,natural=wetland
osm-way-1276252258,45.24198,-93.53035,A7,0.6,natural=wetland
osm-way-566493346,45.23738,-93.52543,A7,0.6,natural=wetland
osm-way-546633351,45.24121,-93.52640,A7,0.6,natural=wetland
osm-way-566493345,45.23766,-93.52661,A7,0.6,natural=wetland
osm-way-1276187388,45.23869,-93.51602,A7,0.6,natural=wetland
osm-way-490610101,45.26266,-93.49391,A7,0.6,natural=wetland
osm-way-490610163,45.25778,-93.49178,A7,0.6,natural=wetland
osm-way-490610166,45.26348,-93.49613,A7,0.6,natural=wetland
osm-way-490610165,45.25324,-93.48485,A7,0.6,natural=wetland
osm-way-490610169,45.25591,-93.48381,A7,0.6,natural=wetland
osm-way-490610170,45.25927,-93.48322,A7,0.6,natural=wetland
osm-way-1331760651,45.23485,-93.43831,A7,0.6,natural=wetland
osm-way-1331760652,45.23405,-93.43715,A7,0.6,natural=wetland
osm-way-1331760655,45.23570,-93.42937,A7,0.6,natural=wetland
osm-way-1331760660,45.23454,-93.42957,A7,0.6,natural=wetland
osm-way-46041987,45.24804,-93.46475,A7,0.6,natural=wetland
osm-way-358454210,45.23916,-93.45636,A7,0.6,natural=wetland
osm-way-741800188,45.24184,-93.45392,A7,0.6,natural=wetland
osm-way-1059878863,45.24921,-93.44529,A7,0.6,natural=wetland
osm-way-1331760649,45.23966,-93.44247,A7,0.6,natural=wetland
osm-way-1331760659,45.23831,-93.43975,A7,0.6,natural=wetland
osm-way-1311159565,45.24577,-93.42892,A7,0.6,natural=wetland
osm-way-1059963149,45.24645,-93.43669,A7,0.6,natural=wetland
osm-way-1059963150,45.24686,-93.43631,A7,0.6,natural=wetland
osm-way-1060321443,45.25507,-93.42957,A7,0.6,natural=wetland
osm-way-1060321451,45.26279,-93.43593,A7,0.6,natural=wetland
osm-way-1060321454,45.26179,-93.43392,A7,0.6,natural=wetland
osm-way-1060321452,45.26055,-93.43146,A7,0.6,natural=wetland
osm-way-24073731,45.30608,-93.47337,A7,0.6,natural=wetland
osm-way-24076240,45.28008,-93.47969,A7,0.6,natural=wetland
osm-way-490610168,45.27368,-93.50638,A7,0.6,natural=wetland
osm-way-490610123,45.27373,-93.52593,A7,0.6,natural=wetland
osm-way-491057760,45.26500,-93.51309,A7,0.6,natural=wetland
osm-way-490610106,45.28127,-93.53018,A7,0.6,natural=wetland
osm-way-490610134,45.28149,-93.52902,A7,0.6,natural=wetland
osm-way-490621075,45.28795,-93.51221,A7,0.6,natural=wetland
osm-way-490610121,45.26797,-93.49794,A7,0.6,natural=wetland
osm-way-490610115,45.26575,-93.48505,A7,0.6,natural=wetland
osm-way-490610127,45.26515,-93.48197,A7,0.6,natural=wetland
osm-way-490610174,45.26766,-93.48341,A7,0.6,natural=wetland
osm-way-490610150,45.26882,-93.48664,A7,0.6,natural=wetland
osm-way-490610173,45.26872,-93.49113,A7,0.6,natural=wetland
osm-way-992497534,45.27186,-93.48376,A7,0.6,natural=wetland
osm-way-490610157,45.27598,-93.50383,A7,0.6,natural=wetland
osm-way-490610132,45.28505,-93.50004,A7,0.6,natural=wetland
osm-way-490610153,45.28595,-93.49950,A7,0.6,natural=wetland
osm-way-490798050,45.30114,-93.52262,A7,0.6,natural=wetland
osm-way-490621089,45.29586,-93.53211,A7,0.6,natural=wetland
osm-way-490798054,45.31293,-93.51979,A7,0.6,natural=wetland
osm-way-490798069,45.30536,-93.50995,A7,0.6,natural=wetland
osm-way-490798071,45.31352,-93.50600,A7,0.6,natural=wetland
osm-way-490798075,45.31384,-93.51288,A7,0.6,natural=wetland
osm-way-490798056,45.31250,-93.51780,A7,0.6,natural=wetland
osm-way-490798063,45.30915,-93.50988,A7,0.6,natural=wetland
osm-way-490798074,45.31205,-93.50805,A7,0.6,natural=wetland
osm-way-490798053,45.30623,-93.49789,A7,0.6,natural=wetland
osm-way-490798060,45.30782,-93.50455,A7,0.6,natural=wetland
osm-way-490798051,45.31265,-93.50312,A7,0.6,natural=wetland
osm-way-490798061,45.30948,-93.50213,A7,0.6,natural=wetland
osm-way-490798072,45.31245,-93.50136,A7,0.6,natural=wetland
osm-way-490798057,45.30786,-93.48967,A7,0.6,natural=wetland
osm-way-490610155,45.26783,-93.47631,A7,0.6,natural=wetland
osm-way-1202838291,45.28297,-93.45414,A7,0.6,natural=wetland
osm-way-1302721577,45.28158,-93.43543,A7,0.6,natural=wetland
osm-way-1233362693,45.28722,-93.43179,A7,0.6,natural=wetland
osm-way-1233398372,45.28854,-93.43449,A7,0.6,natural=wetland
osm-way-1233875812,45.28527,-93.42841,A7,0.6,natural=wetland
osm-way-1233611200,45.28316,-93.43711,A7,0.6,natural=wetland
osm-way-1233611201,45.28307,-93.43571,A7,0.6,natural=wetland
osm-way-1233398367,45.28856,-93.43146,A7,0.6,natural=wetland
osm-way-1233611202,45.28290,-93.43397,A7,0.6,natural=wetland
osm-way-1233611203,45.28325,-93.43363,A7,0.6,natural=wetland
osm-way-1233875809,45.28367,-93.43263,A7,0.6,natural=wetland
osm-way-1233875810,45.28440,-93.43103,A7,0.6,natural=wetland
osm-way-1233875811,45.28518,-93.42927,A7,0.6,natural=wetland
osm-way-1233405408,45.28999,-93.43771,A7,0.6,natural=wetland
osm-way-1267812983,45.23374,-93.41451,A7,0.6,natural=wetland
osm-way-1280686558,45.22041,-93.39828,A7,0.6,natural=wetland
osm-way-1122903807,45.21658,-93.37950,A7,0.6,natural=wetland
osm-way-1268278278,45.22098,-93.37944,A7,0.6,natural=wetland
osm-way-1308084306,45.22600,-93.40021,A7,0.6,natural=wetland
osm-way-1308084297,45.22825,-93.39514,A7,0.6,natural=wetland
osm-way-1267812980,45.23508,-93.40099,A7,0.6,natural=wetland
osm-way-1022058002,45.22806,-93.38448,A7,0.6,natural=wetland
osm-way-1059963429,45.24814,-93.41979,A7,0.6,natural=wetland
osm-way-1232542274,45.24342,-93.41959,A7,0.6,natural=wetland
osm-way-1060330548,45.24058,-93.40503,A7,0.6,natural=wetland
osm-way-1060330547,45.24272,-93.40368,A7,0.6,natural=wetland
osm-way-1060330549,45.24335,-93.40656,A7,0.6,natural=wetland
osm-way-1232978960,45.24932,-93.40926,A7,0.6,natural=wetland
osm-way-1232978961,45.24722,-93.41316,A7,0.6,natural=wetland
osm-way-1331760648,45.25526,-93.42319,A7,0.6,natural=wetland
osm-way-1060109082,45.25248,-93.41810,A7,0.6,natural=wetland
osm-way-1331144093,45.25295,-93.41972,A7,0.6,natural=wetland
osm-way-1059878617,45.25389,-93.42160,A7,0.6,natural=wetland
osm-way-1060321448,45.26175,-93.42681,A7,0.6,natural=wetland
osm-way-1060321447,45.26045,-93.42545,A7,0.6,natural=wetland
osm-way-1060321462,45.26031,-93.41842,A7,0.6,natural=wetland
osm-way-1232978959,45.24971,-93.40766,A7,0.6,natural=wetland
osm-way-1233034142,45.25081,-93.40357,A7,0.6,natural=wetland
osm-way-1059878109,45.25291,-93.40709,A7,0.6,natural=wetland
osm-way-1232794557,45.26042,-93.40704,A7,0.6,natural=wetland
osm-way-1233187488,45.26273,-93.40848,A7,0.6,natural=wetland
osm-way-1060330545,45.24258,-93.39854,A7,0.6,natural=wetland
osm-way-1060330546,45.24323,-93.40106,A7,0.6,natural=wetland
osm-way-914158569,45.21252,-93.37080,A7,0.6,natural=wetland
osm-way-1123437366,45.21979,-93.36750,A7,0.6,natural=wetland
osm-way-1160512075,45.22056,-93.36298,A7,0.6,natural=wetland
osm-way-1160512076,45.22208,-93.36522,A7,0.6,natural=wetland
osm-way-1160512077,45.22292,-93.36764,A7,0.6,natural=wetland
osm-way-1125271705,45.22739,-93.36223,A7,0.6,natural=wetland
osm-way-1026433716,45.21676,-93.32798,A7,0.6,natural=wetland
osm-way-1103632797,45.22169,-93.32522,A7,0.6,natural=wetland
osm-way-1220608773,45.21519,-93.32918,A7,0.6,natural=wetland
osm-way-1144867071,45.21922,-93.32516,A7,0.6,natural=wetland
osm-way-914751197,45.23550,-93.32086,A7,0.6,natural=wetland
osm-way-967939160,45.23313,-93.33376,A7,0.6,natural=wetland
osm-way-908908014,45.24852,-93.36560,A7,0.6,natural=wetland
osm-way-1158245587,45.24780,-93.35919,A7,0.6,natural=wetland
osm-way-1391900518,45.25876,-93.34831,A7,0.6,natural=wetland
osm-way-1294635792,45.24245,-93.33381,A7,0.6,natural=wetland
osm-way-1294635786,45.24674,-93.32952,A7,0.6,natural=wetland
osm-way-1294635787,45.24481,-93.32953,A7,0.6,natural=wetland
osm-way-1294635788,45.24250,-93.32956,A7,0.6,natural=wetland
osm-way-1294635789,45.24370,-93.32954,A7,0.6,natural=wetland
osm-way-1294635797,45.24488,-93.33386,A7,0.6,natural=wetland
osm-way-1294635793,45.24363,-93.33346,A7,0.6,natural=wetland
osm-way-1294635794,45.24485,-93.33348,A7,0.6,natural=wetland
osm-way-1294635795,45.24578,-93.33243,A7,0.6,natural=wetland
osm-way-1294635796,45.24668,-93.33358,A7,0.6,natural=wetland
osm-way-1289725011,45.25743,-93.33697,A7,0.6,natural=wetland
osm-way-1293726694,45.25201,-93.33398,A7,0.6,natural=wetland
osm-way-1289549496,45.26030,-93.34593,A7,0.6,natural=wetland
osm-way-1289719955,45.25434,-93.33596,A7,0.6,natural=wetland
osm-way-1289719957,45.25349,-93.33215,A7,0.6,natural=wetland
osm-way-1289549503,45.25522,-93.32525,A7,0.6,natural=wetland
osm-way-1289549502,45.25564,-93.32419,A7,0.6,natural=wetland
osm-way-1289725010,45.25735,-93.33446,A7,0.6,natural=wetland
osm-way-1060321464,45.26665,-93.41716,A7,0.6,natural=wetland
osm-way-1233446184,45.28858,-93.42195,A7,0.6,natural=wetland
osm-way-1256758427,45.28900,-93.42205,A7,0.6,natural=wetland
osm-way-1233875813,45.28558,-93.42739,A7,0.6,natural=wetland
osm-way-1233875815,45.28581,-93.42681,A7,0.6,natural=wetland
osm-way-1233875816,45.28607,-93.42596,A7,0.6,natural=wetland
osm-way-1233875818,45.28667,-93.42477,A7,0.6,natural=wetland
osm-way-1233875819,45.28691,-93.42448,A7,0.6,natural=wetland
osm-way-1233875820,45.28711,-93.42416,A7,0.6,natural=wetland
osm-way-1233875821,45.28719,-93.42372,A7,0.6,natural=wetland
osm-way-1233875822,45.28730,-93.42287,A7,0.6,natural=wetland
osm-way-1233875823,45.28707,-93.42185,A7,0.6,natural=wetland
osm-way-1233875824,45.28710,-93.42135,A7,0.6,natural=wetland
osm-way-1233875826,45.28757,-93.42009,A7,0.6,natural=wetland
osm-way-1256758428,45.28849,-93.42108,A7,0.6,natural=wetland
osm-way-1256758430,45.28806,-93.42006,A7,0.6,natural=wetland
osm-way-909434914,45.27547,-93.38062,A7,0.6,natural=wetland
osm-way-909434915,45.27612,-93.38347,A7,0.6,natural=wetland
osm-way-1156827615,45.28227,-93.38459,A7,0.6,natural=wetland
osm-way-1158242793,45.28569,-93.37629,A7,0.6,natural=wetland
osm-way-1256758411,45.29046,-93.42371,A7,0.6,natural=wetland
osm-way-1256758417,45.29031,-93.42314,A7,0.6,natural=wetland
osm-way-1158245586,45.27345,-93.36990,A7,0.6,natural=wetland
osm-way-24077263,45.30958,-93.33035,A7,0.6,natural=wetland
osm-way-999715821,45.28039,-93.36672,A7,0.6,natural=wetland
osm-way-1144894429,45.27289,-93.32292,A7,0.6,natural=wetland
osm-way-1502588975,45.28271,-93.33520,A7,0.6,natural=wetland
osm-way-1502588976,45.28757,-93.33625,A7,0.6,natural=wetland
osm-way-1502588978,45.28076,-93.33197,A7,0.6,natural=wetland
osm-way-1502588981,45.27814,-93.33188,A7,0.6,natural=wetland
osm-way-1502588977,45.28967,-93.34511,A7,0.6,natural=wetland
osm-way-1245311820,45.17462,-93.30299,A7,0.6,natural=wetland
osm-way-48214879,45.18679,-93.31422,A7,0.6,natural=wetland
osm-way-1034873884,45.19641,-93.31729,A7,0.6,natural=wetland
osm-way-23999238,45.19140,-93.29684,A7,0.6,natural=wetland
osm-way-772025808,45.21065,-93.31639,A7,0.6,natural=wetland
osm-way-772025810,45.20875,-93.31666,A7,0.6,natural=wetland
osm-way-772025811,45.20769,-93.31717,A7,0.6,natural=wetland
osm-way-772025809,45.20957,-93.31575,A7,0.6,natural=wetland
osm-way-774872567,45.19762,-93.29975,A7,0.6,natural=wetland
osm-way-1249554145,45.21267,-93.31430,A7,0.6,natural=wetland
osm-way-967939164,45.22127,-93.31484,A7,0.6,natural=wetland
osm-way-1514032259,45.22714,-93.25995,A7,0.6,natural=wetland
osm-way-1282883383,45.21265,-93.30745,A7,0.6,natural=wetland
osm-way-1121897967,45.22336,-93.30837,A7,0.6,natural=wetland
osm-way-1244128806,45.21375,-93.30351,A7,0.6,natural=wetland
osm-way-837182936,45.23412,-93.31480,A7,0.6,natural=wetland
osm-way-1210824039,45.22509,-93.30516,A7,0.6,natural=wetland
osm-way-905891833,45.23657,-93.30827,A7,0.6,natural=wetland
osm-way-975725537,45.22435,-93.30224,A7,0.6,natural=wetland
osm-way-982803151,45.23468,-93.30536,A7,0.6,natural=wetland
osm-way-982803152,45.23500,-93.30705,A7,0.6,natural=wetland
osm-way-1244134496,45.23339,-93.30731,A7,0.6,natural=wetland
osm-way-43377646,45.21818,-93.28296,A7,0.6,natural=wetland
osm-way-836440911,45.22180,-93.27821,A7,0.6,natural=wetland
osm-way-986840186,45.21421,-93.27697,A7,0.6,natural=wetland
osm-way-1253335281,45.21613,-93.27326,A7,0.6,natural=wetland
osm-way-836440912,45.22176,-93.28079,A7,0.6,natural=wetland
osm-way-993058046,45.23194,-93.28986,A7,0.6,natural=wetland
osm-way-1103578797,45.23442,-93.28634,A7,0.6,natural=wetland
osm-way-836440895,45.23562,-93.27954,A7,0.6,natural=wetland
osm-way-1253335280,45.22717,-93.27271,A7,0.6,natural=wetland
osm-way-1549385779,45.23018,-93.27220,A7,0.6,natural=wetland
osm-way-836440905,45.23214,-93.28148,A7,0.6,natural=wetland
osm-way-589689629,45.23766,-93.32161,A7,0.6,natural=wetland
osm-way-1069940279,45.24539,-93.31957,A7,0.6,natural=wetland
osm-way-1391900520,45.24757,-93.31901,A7,0.6,natural=wetland
osm-way-1391900523,45.24893,-93.31859,A7,0.6,natural=wetland
osm-way-1391900522,45.24782,-93.31448,A7,0.6,natural=wetland
osm-way-982803156,45.24173,-93.29749,A7,0.6,natural=wetland
osm-way-925227623,45.24522,-93.30696,A7,0.6,natural=wetland
osm-way-914740288,45.25856,-93.31907,A7,0.6,natural=wetland
osm-way-1280195341,45.25927,-93.31068,A7,0.6,natural=wetland
osm-way-837182944,45.26107,-93.29553,A7,0.6,natural=wetland
osm-way-914740277,45.25688,-93.29903,A7,0.6,natural=wetland
osm-way-981632817,45.26221,-93.29692,A7,0.6,natural=wetland
osm-way-981632821,45.25562,-93.29922,A7,0.6,natural=wetland
osm-way-1090586633,45.26138,-93.30475,A7,0.6,natural=wetland
osm-way-1090586636,45.25994,-93.30589,A7,0.6,natural=wetland
osm-way-981632816,45.26224,-93.29846,A7,0.6,natural=wetland
osm-way-1217878573,45.23962,-93.29073,A7,0.6,natural=wetland
osm-way-936864111,45.24573,-93.29519,A7,0.6,natural=wetland
osm-way-1103578795,45.23844,-93.28077,A7,0.6,natural=wetland
osm-way-836440892,45.24866,-93.27884,A7,0.6,natural=wetland
osm-way-1103578791,45.24610,-93.27871,A7,0.6,natural=wetland
osm-way-1103578798,45.23843,-93.27643,A7,0.6,natural=wetland
osm-way-1217879206,45.24659,-93.27035,A7,0.6,natural=wetland
osm-way-1015878511,45.25018,-93.29285,A7,0.6,natural=wetland
osm-way-837182939,45.25578,-93.29280,A7,0.6,natural=wetland
osm-way-914736789,45.25940,-93.28818,A7,0.6,natural=wetland
osm-way-1548940093,45.25969,-93.29042,A7,0.6,natural=wetland
osm-way-837182945,45.26186,-93.29197,A7,0.6,natural=wetland
osm-way-914740275,45.25827,-93.29560,A7,0.6,natural=wetland
osm-way-903153586,45.25677,-93.28504,A7,0.6,natural=wetland
osm-way-1210768207,45.25924,-93.28606,A7,0.6,natural=wetland
osm-way-1284140495,45.26168,-93.28485,A7,0.6,natural=wetland
osm-way-1502588984,45.25764,-93.28866,A7,0.6,natural=wetland
osm-way-836440887,45.25995,-93.27848,A7,0.6,natural=wetland
osm-way-836440891,45.25801,-93.27796,A7,0.6,natural=wetland
osm-way-914736787,45.25976,-93.28272,A7,0.6,natural=wetland
osm-way-914736788,45.25624,-93.28316,A7,0.6,natural=wetland
osm-way-1093196548,45.25628,-93.28100,A7,0.6,natural=wetland
osm-way-1449875351,45.25762,-93.27891,A7,0.6,natural=wetland
osm-way-1419175494,45.21772,-93.26950,A7,0.6,natural=wetland
osm-way-1253335277,45.22614,-93.26981,A7,0.6,natural=wetland
osm-way-1022924650,45.23058,-93.26905,A7,0.6,natural=wetland
osm-way-1272092437,45.26441,-93.31176,A7,0.6,natural=wetland
osm-way-24071758,45.29876,-93.26241,A7,0.6,natural=wetland
osm-way-24073234,45.31453,-93.28846,A7,0.6,natural=wetland
osm-way-24075017,45.29005,-93.28118,A7,0.6,natural=wetland
osm-way-907071102,45.27093,-93.31174,A7,0.6,natural=wetland
osm-way-1148897936,45.26570,-93.29808,A7,0.6,natural=wetland
osm-way-866721196,45.27580,-93.29530,A7,0.6,natural=wetland
osm-way-1113393219,45.26875,-93.30882,A7,0.6,natural=wetland
osm-way-1113393221,45.26938,-93.30346,A7,0.6,natural=wetland
osm-way-1113393222,45.26549,-93.30256,A7,0.6,natural=wetland
osm-way-1148897937,45.26355,-93.30410,A7,0.6,natural=wetland
osm-way-1244197243,45.27597,-93.29841,A7,0.6,natural=wetland
osm-way-1130635694,45.29249,-93.31709,A7,0.6,natural=wetland
osm-way-981632818,45.26403,-93.29555,A7,0.6,natural=wetland
osm-way-1449873079,45.27563,-93.28507,A7,0.6,natural=wetland
osm-way-970192908,45.26580,-93.28057,A7,0.6,natural=wetland
osm-way-1449873078,45.27538,-93.28307,A7,0.6,natural=wetland
osm-way-1064117153,45.27983,-93.28615,A7,0.6,natural=wetland
osm-way-1064117154,45.28346,-93.28685,A7,0.6,natural=wetland
osm-way-1159716475,45.29121,-93.30649,A7,0.6,natural=wetland
osm-way-1159716481,45.29596,-93.30745,A7,0.6,natural=wetland
osm-way-1150238023,45.29417,-93.27729,A7,0.6,natural=wetland
osm-way-1150238024,45.29767,-93.27470,A7,0.6,natural=wetland
osm-way-1159716482,45.28245,-93.26752,A7,0.6,natural=wetland
osm-way-585769142,45.33492,-93.75682,A3,0.9,natural=beach
osm-way-955894928,45.31930,-93.71970,A7,0.6,natural=wetland
osm-way-986751634,45.34147,-93.74021,A7,0.6,natural=wetland
osm-way-955894929,45.32483,-93.71418,A7,0.6,natural=wetland
osm-way-489505175,45.36790,-93.63462,A7,0.6,natural=wetland
osm-way-489505194,45.37817,-93.64450,A7,0.6,natural=wetland
osm-way-489505209,45.37557,-93.63382,A7,0.6,natural=wetland
osm-way-489505128,45.38209,-93.63993,A7,0.6,natural=wetland
osm-way-489505137,45.38212,-93.63792,A7,0.6,natural=wetland
osm-way-489186599,45.32530,-93.61101,A7,0.6,natural=wetland
osm-way-489186621,45.32495,-93.61786,A7,0.6,natural=wetland
osm-way-489186639,45.32820,-93.61914,A7,0.6,natural=wetland
osm-way-489186575,45.33189,-93.63260,A7,0.6,natural=wetland
osm-way-489186628,45.33262,-93.62747,A7,0.6,natural=wetland
osm-way-489186564,45.33615,-93.63071,A7,0.6,natural=wetland
osm-way-489186598,45.33399,-93.63293,A7,0.6,natural=wetland
osm-way-489186555,45.33133,-93.62012,A7,0.6,natural=wetland
osm-way-489186620,45.32986,-93.62344,A7,0.6,natural=wetland
osm-way-489186568,45.32945,-93.61264,A7,0.6,natural=wetland
osm-way-489186624,45.33309,-93.61371,A7,0.6,natural=wetland
osm-way-489186551,45.33221,-93.61772,A7,0.6,natural=wetland
osm-way-489186584,45.33626,-93.61931,A7,0.6,natural=wetland
osm-way-489186617,45.33731,-93.62262,A7,0.6,natural=wetland
osm-way-489186629,45.33660,-93.62054,A7,0.6,natural=wetland
osm-way-489186643,45.32172,-93.60401,A7,0.6,natural=wetland
osm-way-60327424,45.32648,-93.59800,A7,0.6,natural=wetland
osm-way-489186633,45.33635,-93.61052,A7,0.6,natural=wetland
osm-way-490601370,45.33963,-93.60186,A7,0.6,natural=wetland
osm-way-1033847891,45.33775,-93.60069,A7,0.6,natural=wetland
osm-way-990525611,45.34187,-93.63602,A7,0.6,natural=wetland
osm-way-489505190,45.36654,-93.62965,A7,0.6,natural=wetland
osm-way-489505205,45.36511,-93.62731,A7,0.6,natural=wetland
osm-way-489505166,45.35475,-93.61959,A7,0.6,natural=wetland
osm-way-489505200,45.35651,-93.62104,A7,0.6,natural=wetland
osm-way-489505123,45.36668,-93.62281,A7,0.6,natural=wetland
osm-way-489505170,45.36515,-93.62131,A7,0.6,natural=wetland
osm-way-490601321,45.34318,-93.59799,A7,0.6,natural=wetland
osm-way-490601361,45.35492,-93.60251,A7,0.6,natural=wetland
osm-way-490601319,45.34770,-93.59559,A7,0.6,natural=wetland
osm-way-490601350,45.34912,-93.59390,A7,0.6,natural=wetland
osm-way-490601379,45.35180,-93.58781,A7,0.6,natural=wetland
osm-way-490601320,45.36373,-93.60452,A7,0.6,natural=wetland
osm-way-490601329,45.36838,-93.59760,A7,0.6,natural=wetland
osm-way-490601328,45.36244,-93.60753,A7,0.6,natural=wetland
osm-way-490601355,45.36386,-93.60182,A7,0.6,natural=wetland
osm-way-490601371,45.36608,-93.58325,A7,0.6,natural=wetland
osm-way-490601372,45.35924,-93.59013,A7,0.6,natural=wetland
osm-way-490601339,45.35313,-93.58401,A7,0.6,natural=wetland
osm-way-489505202,45.37045,-93.62543,A7,0.6,natural=wetland
osm-way-489505156,45.37658,-93.62445,A7,0.6,natural=wetland
osm-way-489505164,45.38118,-93.62419,A7,0.6,natural=wetland
osm-way-489505167,45.37357,-93.62465,A7,0.6,natural=wetland
osm-way-489505161,45.37801,-93.62965,A7,0.6,natural=wetland
osm-way-489505141,45.38426,-93.61354,A7,0.6,natural=wetland
osm-way-489505191,45.37854,-93.61144,A7,0.6,natural=wetland
osm-way-489505154,45.38565,-93.62965,A7,0.6,natural=wetland
osm-way-489505180,45.38628,-93.62761,A7,0.6,natural=wetland
osm-way-489505198,45.38149,-93.62785,A7,0.6,natural=wetland
osm-way-489505146,45.38422,-93.62528,A7,0.6,natural=wetland
osm-way-489505133,45.38622,-93.62416,A7,0.6,natural=wetland
osm-way-490601377,45.38079,-93.59655,A7,0.6,natural=wetland
osm-way-490601344,45.37782,-93.60360,A7,0.6,natural=wetland
osm-way-490601313,45.38132,-93.60193,A7,0.6,natural=wetland
osm-way-490601374,45.38104,-93.60319,A7,0.6,natural=wetland
osm-way-489186586,45.38531,-93.58245,A7,0.6,natural=wetland
osm-way-489505182,45.37114,-93.57993,A7,0.6,natural=wetland
osm-way-489505148,45.37907,-93.57406,A7,0.6,natural=wetland
osm-way-24077057,45.32715,-93.52682,A7,0.6,natural=wetland
osm-way-490798076,45.31882,-93.50777,A7,0.6,natural=wetland
osm-way-490798070,45.31653,-93.50240,A7,0.6,natural=wetland
osm-way-490798059,45.32451,-93.49292,A7,0.6,natural=wetland
osm-way-1523578578,45.33189,-93.50552,A3,0.9,natural=beach
osm-way-1348870385,45.33601,-93.45484,A7,0.6,natural=wetland
osm-way-24072485,45.32017,-93.43240,A7,0.6,natural=wetland
osm-way-24074784,45.35037,-93.44251,A7,0.6,natural=wetland
osm-way-24076473,45.39455,-93.42789,A7,0.6,natural=wetland
osm-way-24071503,45.36539,-93.40230,A7,0.6,natural=wetland
osm-way-24076829,45.32709,-93.33020,A7,0.6,natural=wetland
osm-way-882123242,45.34945,-93.33871,A7,0.6,natural=wetland
osm-way-882123243,45.34926,-93.34036,A7,0.6,natural=wetland
osm-way-882123244,45.34980,-93.34206,A7,0.6,natural=wetland
osm-way-832668457,45.36146,-93.34338,A3,0.9,natural=beach
osm-way-958219110,45.36114,-93.32515,A7,0.6,natural=wetland
osm-way-958219112,45.36442,-93.33121,A7,0.6,natural=wetland
osm-way-958219111,45.36340,-93.32770,A7,0.6,natural=wetland
osm-way-1107848718,44.90839,-93.06210,A7,0.6,natural=wetland
osm-way-1099896965,44.90246,-93.03589,A7,0.6,natural=wetland
osm-way-1099896969,44.90850,-93.03518,A7,0.6,natural=wetland
osm-way-982367698,44.90170,-93.03244,A7,0.6,natural=wetland
osm-way-982047991,44.89653,-93.01821,A7,0.6,natural=wetland
osm-way-981877887,44.89808,-93.01067,A7,0.6,natural=wetland
osm-way-981877888,44.89807,-93.01320,A7,0.6,natural=wetland
osm-way-982365681,44.89896,-93.01346,A7,0.6,natural=wetland
osm-way-982365683,44.89867,-93.01075,A7,0.6,natural=wetland
osm-way-983070041,44.91215,-93.01847,A7,0.6,natural=wetland
osm-way-1099918701,44.91866,-93.01880,A7,0.6,natural=wetland
osm-way-1207860985,44.92681,-93.02575,A7,0.6,natural=wetland
osm-way-942416116,44.92740,-93.02748,A7,0.6,natural=wetland
osm-way-1207860984,44.92457,-93.02176,A7,0.6,natural=wetland
osm-way-1207860993,44.92503,-93.02026,A7,0.6,natural=wetland
osm-way-845539174,44.93470,-93.01147,A7,0.6,natural=wetland
osm-way-845875821,44.93548,-93.02892,A4,0.5,natural=cliff
osm-way-845875820,44.93611,-93.02810,A4,0.5,natural=cliff
osm-way-845875818,44.93975,-93.02452,A7,0.6,natural=wetland
osm-way-846927473,44.94779,-93.02176,A7,0.6,natural=wetland
osm-way-846927474,44.94891,-93.02373,A7,0.6,natural=wetland
osm-way-846927475,44.94909,-93.02166,A7,0.6,natural=wetland
osm-way-965094664,44.90192,-92.99775,A7,0.6,natural=wetland
osm-way-964155378,44.90538,-92.98875,A7,0.6,natural=wetland
osm-way-964155356,44.90243,-92.99132,A7,0.6,natural=wetland
osm-way-962917746,44.90371,-92.98692,A7,0.6,natural=wetland
osm-way-962928548,44.90547,-92.98447,A7,0.6,natural=wetland
osm-way-961343921,44.91775,-92.99605,A7,0.6,natural=wetland
osm-way-961343926,44.91649,-92.99791,A7,0.6,natural=wetland
osm-way-961642687,44.91689,-93.00080,A7,0.6,natural=wetland
osm-way-962103914,44.91682,-92.98899,A7,0.6,natural=wetland
osm-way-566437324,44.90516,-92.97827,A3,0.9,natural=beach
osm-way-865173395,44.90916,-92.95674,A7,0.6,natural=wetland
osm-way-907916494,44.89624,-92.96302,A7,0.6,natural=wetland
osm-way-893434928,44.91699,-92.97655,A7,0.6,natural=wetland
osm-way-893434932,44.91532,-92.97019,A7,0.6,natural=wetland
osm-way-954459025,44.92019,-92.97834,A7,0.6,natural=wetland
osm-way-954460139,44.92198,-92.97909,A7,0.6,natural=wetland
osm-way-1025941488,44.91947,-92.96903,A7,0.6,natural=wetland
osm-way-954460137,44.92047,-92.97721,A7,0.6,natural=wetland
osm-way-956428907,44.92021,-92.98133,A7,0.6,natural=wetland
osm-way-48306730,44.91599,-92.97539,A7,0.6,natural=wetland
osm-way-893434931,44.91595,-92.97417,A7,0.6,natural=wetland
osm-way-1025935746,44.91867,-92.97044,A7,0.6,natural=wetland
osm-way-848046363,44.93419,-92.99970,A7,0.6,natural=wetland
osm-way-854094998,44.93376,-92.99658,A7,0.6,natural=wetland
osm-way-967357181,44.93229,-92.99975,A7,0.6,natural=wetland
osm-way-967357182,44.93275,-93.00166,A7,0.6,natural=wetland
osm-way-854094995,44.93774,-93.00426,A7,0.6,natural=wetland
osm-way-854094996,44.93817,-93.00379,A7,0.6,natural=wetland
osm-way-48306139,44.94037,-92.99737,A7,0.6,natural=wetland
osm-way-48306140,44.94089,-92.99956,A7,0.6,natural=wetland
osm-way-159442470,44.94580,-93.00273,A7,0.6,natural=wetland
osm-way-865549834,44.94212,-93.00286,A7,0.6,natural=wetland
osm-way-867149564,44.94387,-93.00319,A7,0.6,natural=wetland
osm-way-867149563,44.94522,-93.00117,A7,0.6,natural=wetland
osm-way-854094999,44.93992,-92.99372,A7,0.6,natural=wetland
osm-way-854095000,44.93925,-92.99125,A7,0.6,natural=wetland
osm-way-48306163,44.93618,-92.98787,A7,0.6,natural=wetland
osm-way-854095002,44.93866,-92.98727,A7,0.6,natural=wetland
osm-way-848046367,44.93858,-92.98317,A7,0.6,natural=wetland
osm-way-854095001,44.93872,-92.98913,A7,0.6,natural=wetland
osm-way-1028507415,44.93550,-92.98339,A7,0.6,natural=wetland
osm-way-956428896,44.92268,-92.98159,A7,0.6,natural=wetland
osm-way-866332268,44.93370,-92.95813,A7,0.6,natural=wetland
osm-way-848046366,44.93909,-92.98186,A7,0.6,natural=wetland
osm-way-1028241943,44.94078,-92.97084,A7,0.6,natural=wetland
osm-way-1028241951,44.94781,-92.97185,A7,0.6,natural=wetland
osm-way-1025982214,44.94040,-92.95815,A7,0.6,natural=wetland
osm-way-1029890335,44.94519,-92.96207,A7,0.6,natural=wetland
osm-way-1028241938,44.94446,-92.96582,A7,0.6,natural=wetland
osm-way-866042303,44.90813,-92.95068,A7,0.6,natural=wetland
osm-way-920580181,44.90893,-92.94861,A7,0.6,natural=wetland
osm-way-920580183,44.90850,-92.94546,A7,0.6,natural=wetland
osm-way-1065372876,44.90793,-92.94296,A7,0.6,natural=wetland
osm-way-373222466,44.90422,-92.94850,A7,0.6,natural=wetland
osm-way-865540754,44.90082,-92.93089,A7,0.6,natural=wetland
osm-way-920580174,44.90936,-92.95415,A7,0.6,natural=wetland
osm-way-133585188,44.92650,-92.94597,A7,0.6,natural=wetland
osm-way-920580187,44.91502,-92.95385,A7,0.6,natural=wetland
osm-way-1027579377,44.91990,-92.94498,A7,0.6,natural=wetland
osm-way-1058717833,44.91522,-92.94146,A7,0.6,natural=wetland
osm-way-1058749319,44.91755,-92.93740,A7,0.6,natural=wetland
osm-way-886374339,44.91900,-92.93864,A7,0.6,natural=wetland
osm-way-1058717834,44.91553,-92.93962,A7,0.6,natural=wetland
osm-way-1058734461,44.91765,-92.93607,A7,0.6,natural=wetland
osm-way-866157678,44.93404,-92.94170,A7,0.6,natural=wetland
osm-way-881788851,44.94341,-92.94275,A7,0.6,natural=wetland
osm-way-866042329,44.94516,-92.92515,A7,0.6,natural=wetland
osm-way-337024447,44.95412,-92.97928,A3,0.9,natural=beach
osm-way-598639008,44.95712,-92.95300,A7,0.6,natural=wetland
osm-way-598639009,44.95855,-92.95323,A7,0.6,natural=wetland
osm-way-59164716,44.89817,-92.89696,A7,0.6,natural=wetland
osm-way-1214410260,44.90220,-92.90138,A7,0.6,natural=wetland
osm-way-941156877,44.91800,-92.89900,A7,0.6,natural=wetland
osm-way-865137409,44.93177,-92.88978,A7,0.6,natural=wetland
osm-way-865137412,44.93516,-92.89199,A7,0.6,natural=wetland
osm-way-865722635,44.93203,-92.89536,A7,0.6,natural=wetland
osm-way-865730289,44.92351,-92.88715,A7,0.6,natural=wetland
osm-way-665137071,44.94331,-92.85925,A7,0.6,natural=wetland
osm-way-1338917670,44.90786,-92.83201,A7,0.6,natural=wetland
osm-way-59941310,44.91096,-92.82761,A7,0.6,natural=wetland
osm-way-1346442496,44.91748,-92.80462,A7,0.6,natural=wetland
osm-node-368375024,32.44541,-86.38525,A7,0.6,natural=wetland
osm-node-358950163,32.45934,-86.38923,A4,0.9,natural=peak
osm-node-368374943,32.48458,-86.33608,A7,0.6,natural=wetland
osm-node-4633746973,32.37018,-86.14758,A7,0.6,natural=wetland
osm-node-356829270,35.85230,-83.95657,A4,0.9,natural=peak
osm-node-356806106,35.83564,-83.91629,A4,0.9,natural=peak
osm-node-356810932,35.84342,-83.91796,A4,0.9,natural=peak
osm-node-356819014,35.84953,-83.91963,A4,0.9,natural=peak
osm-node-356807697,35.84647,-83.90768,A4,0.9,natural=peak
osm-node-356790017,35.86453,-83.92018,A4,0.9,natural=peak
osm-node-356826337,35.85953,-83.90185,A4,0.9,natural=peak
osm-node-356844001,35.85981,-83.88962,A4,0.9,natural=peak
osm-node-356843449,35.86842,-83.91157,A4,0.9,natural=peak
osm-node-356794555,35.87342,-83.89768,A4,0.9,natural=peak
osm-node-356784238,35.88230,-84.00296,A4,0.5,natural=cliff
osm-node-356786406,35.92036,-83.95241,A4,0.9,natural=peak
osm-node-356794052,35.92425,-83.96324,A4,0.5,natural=cliff
osm-node-356783453,35.92758,-83.89990,A4,0.9,natural=peak
osm-node-7335088042,35.93735,-83.94015,A4,0.5,natural=cliff
osm-node-13193550420,35.94729,-83.93989,A2,0.5,historic=archaeological_site
osm-node-356829788,35.96869,-83.96685,A4,0.9,natural=peak
osm-node-356895450,35.96647,-83.92241,A4,0.9,natural=peak
osm-node-356894848,35.96453,-83.90852,A4,0.9,natural=peak
osm-node-356894854,35.96897,-83.91157,A4,0.9,natural=peak
osm-node-356894851,35.97286,-83.90102,A4,0.9,natural=peak
osm-node-356805404,35.85203,-83.88546,A4,0.9,natural=peak
osm-node-356829307,35.85925,-83.87157,A4,0.9,natural=peak
osm-node-356813421,35.86620,-83.88490,A4,0.9,natural=peak
osm-node-356791725,35.88314,-83.86518,A4,0.9,natural=peak
osm-node-356810881,35.88397,-83.85240,A4,0.9,natural=peak
osm-node-356787959,35.87814,-83.83740,A4,0.9,natural=peak
osm-node-356774264,35.91008,-83.87018,A4,0.9,natural=peak
osm-node-356824027,35.88286,-83.83018,A4,0.9,natural=peak
osm-node-356843451,35.88953,-83.82157,A4,0.9,natural=peak
osm-node-356851334,35.90314,-83.79851,A4,0.9,natural=peak
osm-node-356818501,35.96481,-83.88352,A4,0.9,natural=peak
osm-node-356813209,36.03175,-83.79268,A4,0.9,natural=peak
osm-node-356851345,35.98453,-83.76934,A4,0.9,natural=peak
osm-node-2437795355,37.96169,-87.61845,A7,0.6,natural=wetland
osm-node-10552717109,37.93740,-87.46105,A2,0.5,historic=archaeological_site
osm-node-10552717110,37.94199,-87.45786,A2,0.5,historic=archaeological_site
osm-node-10552717112,37.93965,-87.46038,A2,0.5,historic=archaeological_site
osm-node-10552500407,37.94193,-87.45541,A2,0.5,historic=archaeological_site
osm-node-10552717209,37.94151,-87.45549,A2,0.5,historic=archaeological_site
osm-node-10552717111,37.94363,-87.45796,A2,0.5,historic=archaeological_site
osm-node-10552500408,37.94260,-87.45317,A2,0.5,historic=archaeological_site
osm-node-13298921306,37.94459,-87.40771,A7,0.7,waterway=waterfall
osm-node-6234392869,38.00137,-87.40603,A7,0.7,waterway=waterfall
osm-node-357591483,42.59341,-73.90485,A4,0.9,natural=peak
osm-node-11044553424,42.65908,-73.90609,A7,0.7,waterway=waterfall
osm-node-2489006863,42.53437,-73.73453,A7,0.7,waterway=waterfall
osm-node-13252139183,42.54775,-73.76664,A7,0.7,waterway=waterfall
osm-node-12893781266,42.53734,-73.74001,A7,0.7,waterway=waterfall
osm-node-12893781267,42.53631,-73.74025,A7,0.7,waterway=waterfall
osm-node-357594398,42.55314,-73.73401,A4,0.9,natural=peak
osm-node-6028224350,42.56598,-73.76590,A9,0.4,boundary=protected_area
osm-node-6028217962,42.57470,-73.74852,A9,0.4,boundary=protected_area
osm-node-10624535359,42.62543,-73.77721,A7,0.7,waterway=waterfall
osm-node-357562260,42.60008,-73.73151,A4,0.9,natural=peak
osm-node-357592364,42.60702,-73.73456,A4,0.9,natural=peak
osm-node-357583286,42.62675,-73.71901,A4,0.9,natural=peak
osm-node-357575066,42.63119,-73.72012,A4,0.9,natural=peak
osm-node-5335311894,42.65061,-73.75427,A2,0.5,historic=archaeological_site
osm-node-5325913332,42.64490,-73.74982,A2,0.5,historic=archaeological_site
osm-node-357563292,42.59897,-73.66845,A4,0.9,natural=peak
osm-node-13185192135,42.62517,-73.68884,A4,0.9,natural=peak
osm-node-13185192136,42.62054,-73.67893,A4,0.9,natural=peak
osm-node-13184288332,42.62899,-73.68267,A4,0.9,natural=peak
osm-node-13184288316,42.63437,-73.67671,A4,0.9,natural=peak
osm-node-13184288329,42.63126,-73.67915,A4,0.9,natural=peak
osm-node-13184216174,42.64002,-73.68553,A4,0.9,natural=peak
osm-node-6028128572,42.67546,-73.71041,A7,0.7,waterway=waterfall
osm-node-10178911441,42.67560,-73.71153,A7,0.7,waterway=waterfall
osm-node-10837746240,42.67559,-73.71008,A7,0.7,waterway=waterfall
osm-node-10868144009,42.68490,-73.70529,A7,0.7,waterway=waterfall
osm-node-10868144011,42.68458,-73.70707,A7,0.7,waterway=waterfall
osm-node-11071422408,42.68472,-73.70627,A7,0.7,waterway=waterfall
osm-node-6028121757,42.68824,-73.70485,A7,0.7,waterway=waterfall
osm-node-8890556348,42.68814,-73.70397,A7,0.7,waterway=waterfall
osm-node-12879433300,42.68855,-73.70175,A7,0.7,waterway=waterfall
osm-node-8065911802,42.70693,-73.72727,A7,0.7,waterway=waterfall
osm-node-6028149740,42.69407,-73.70076,A7,0.7,waterway=waterfall
osm-node-1233161608,42.70402,-73.69262,A7,0.7,waterway=waterfall
osm-node-1233161932,42.70418,-73.69352,A7,0.7,waterway=waterfall
osm-node-6966521974,42.70363,-73.68988,A7,0.7,waterway=waterfall
osm-node-1233161680,42.70814,-73.67939,A7,0.7,waterway=waterfall
osm-node-6966521890,42.70725,-73.68038,A7,0.7,waterway=waterfall
osm-node-6966521893,42.70786,-73.67998,A7,0.7,waterway=waterfall
osm-node-1726201133,42.72134,-73.67681,A7,0.7,waterway=waterfall
osm-node-1726201135,42.72145,-73.67791,A7,0.7,waterway=waterfall
osm-node-357639077,42.74419,-73.68318,A4,0.9,natural=peak
osm-node-14015158997,42.73038,-73.64155,A7,0.7,waterway=waterfall
osm-node-14015158998,42.73014,-73.64111,A7,0.7,waterway=waterfall
osm-node-12778973224,42.74735,-73.66923,A7,0.7,waterway=waterfall
osm-node-12750869944,42.74738,-73.66344,A7,0.7,waterway=waterfall
osm-node-12779323686,42.74743,-73.66318,A7,0.7,waterway=waterfall
osm-node-12779323689,42.74734,-73.66378,A7,0.7,waterway=waterfall
osm-node-13131470108,42.75622,-73.67084,A7,0.7,waterway=waterfall
osm-node-11554490149,42.76503,-73.66936,A7,0.7,waterway=waterfall
osm-node-13302078342,42.76224,-73.66392,A7,0.7,waterway=waterfall
osm-node-12779323687,42.76686,-73.66865,A7,0.7,waterway=waterfall
osm-node-4408342466,42.77645,-73.68769,A7,0.7,waterway=waterfall
osm-node-12779323688,42.74728,-73.66245,A7,0.7,waterway=waterfall
osm-node-357555903,42.63314,-73.58262,A4,0.5,natural=cliff
osm-way-1443953880,32.30285,-86.31272,A7,0.6,natural=wetland
osm-way-1510671720,32.30860,-86.27055,A7,0.6,natural=wetland
osm-way-1459398026,32.32126,-86.35034,A7,0.6,natural=wetland
osm-way-1502529096,32.35966,-86.37893,A7,0.6,natural=wetland
osm-way-1443953881,32.31668,-86.32103,A7,0.6,natural=wetland
osm-way-1503014730,32.41269,-86.22571,A7,0.6,natural=wetland
osm-way-1505117553,32.42076,-86.37386,A7,0.6,natural=wetland
osm-way-1288802654,32.44689,-86.33210,A3,0.9,natural=beach
osm-way-1288802655,32.44889,-86.33613,A3,0.9,natural=beach
osm-way-1505159536,32.48253,-86.30846,A7,0.6,natural=wetland
osm-way-1505159535,32.48754,-86.31093,A7,0.6,natural=wetland
osm-way-1505159534,32.48569,-86.30782,A7,0.6,natural=wetland
osm-way-1510695067,32.47140,-86.23149,A7,0.6,natural=wetland
osm-way-468923305,32.37022,-86.14752,A7,0.6,natural=wetland
osm-way-1235904881,35.85329,-83.87242,A4,0.7,natural=ridge
osm-way-1070819049,35.97580,-84.09141,A4,0.7,natural=ridge
osm-way-487834999,35.98116,-83.99710,A7,0.6,natural=wetland
osm-way-1076099272,35.90904,-83.95580,A7,0.6,natural=wetland
osm-way-1235919079,35.98816,-83.96427,A4,0.7,natural=ridge
osm-way-1019798019,35.94277,-83.94134,A4,0.5,natural=cliff
osm-way-1079898459,35.96940,-83.98416,A7,0.6,natural=wetland
osm-way-948875021,35.94137,-83.93243,A4,0.5,natural=cliff
osm-way-1019798017,35.94038,-83.93584,A4,0.5,natural=cliff
osm-way-1019798021,35.94039,-83.93765,A4,0.5,natural=cliff
osm-way-1061851565,35.94768,-83.91596,A2,0.5,historic=fort
osm-way-741772366,35.96290,-83.91226,A2,0.5,historic=fort
osm-way-1278948281,35.99926,-84.04637,A4,0.7,natural=ridge
osm-way-1278948282,35.98727,-84.06786,A4,0.7,natural=ridge
osm-way-1278947324,36.04036,-83.98025,A4,0.7,natural=ridge
osm-way-1278948280,36.02072,-84.01537,A4,0.7,natural=ridge
osm-way-1489301438,36.02558,-84.02718,A7,0.6,natural=wetland
osm-way-1422574877,36.03842,-84.01102,A7,0.6,natural=wetland
osm-way-1071642211,36.00205,-83.98779,A7,0.6,natural=wetland
osm-way-1235919080,36.00646,-83.93864,A4,0.7,natural=ridge
osm-way-1022715970,35.99676,-83.92187,A3,0.9,natural=bay
osm-way-1235919081,36.02774,-83.89740,A4,0.7,natural=ridge
osm-way-1070819048,36.05639,-83.94592,A4,0.7,natural=ridge
osm-way-1278947322,36.09551,-83.87556,A4,0.7,natural=ridge
osm-way-1278947323,36.07281,-83.91236,A4,0.7,natural=ridge
osm-way-1235905513,35.87310,-83.81120,A4,0.7,natural=ridge
osm-way-1259543577,35.90164,-83.78664,A4,0.7,natural=ridge
osm-way-681476364,35.95141,-83.85410,A7,0.6,natural=wetland
osm-way-1182131958,35.96059,-83.84864,A4,0.5,natural=cliff
osm-way-1070814855,35.95772,-83.80242,A4,0.5,natural=cliff
osm-way-1259543578,35.90644,-83.77780,A4,0.7,natural=ridge
osm-way-1131822714,37.90654,-87.59571,A7,0.6,natural=wetland
osm-way-1208898397,37.92742,-87.65750,A7,0.6,natural=wetland
osm-way-250854809,37.94455,-87.63902,A7,0.6,natural=wetland
osm-way-586392424,37.96231,-87.61849,A7,0.6,natural=wetland
osm-way-1131828796,37.89173,-87.52201,A7,0.6,natural=wetland
osm-way-1131828797,37.89750,-87.52456,A7,0.6,natural=wetland
osm-way-1245171791,38.00166,-87.56628,A7,0.6,natural=wetland
osm-way-351683334,37.99007,-87.53406,A7,0.6,natural=wetland
osm-way-1314432680,42.55891,-73.86608,A4,0.5,natural=cliff
osm-way-781378749,42.64807,-73.92932,A7,0.6,natural=wetland
osm-way-781624157,42.65823,-73.93666,A7,0.6,natural=wetland
osm-way-346338451,42.68859,-73.93205,A4,0.5,natural=cliff
osm-way-443690405,42.61091,-73.88788,A7,0.6,natural=wetland
osm-way-1538419484,42.60849,-73.87870,A7,0.6,natural=wetland
osm-way-1538419487,42.60750,-73.87662,A7,0.6,natural=wetland
osm-way-1538419488,42.60899,-73.88068,A7,0.6,natural=wetland
osm-way-1538423160,42.61130,-73.87334,A7,0.6,natural=wetland
osm-way-781597918,42.63325,-73.90989,A7,0.6,natural=wetland
osm-way-443690373,42.62049,-73.88583,A7,0.6,natural=wetland
osm-way-1493163263,42.62060,-73.88515,A7,0.6,natural=wetland
osm-way-1538417972,42.59849,-73.85739,A7,0.6,natural=wetland
osm-way-1538417973,42.59833,-73.85699,A7,0.6,natural=wetland
osm-way-1538417974,42.59622,-73.85587,A7,0.6,natural=wetland
osm-way-1538417978,42.59949,-73.85624,A7,0.6,natural=wetland
osm-way-1538417979,42.60090,-73.85714,A7,0.6,natural=wetland
osm-way-1304098167,42.61006,-73.87049,A7,0.6,natural=wetland
osm-way-1464883710,42.59888,-73.84303,A7,0.6,natural=wetland
osm-way-1182067408,42.63651,-73.83044,A7,0.6,natural=wetland
osm-way-1539084267,42.65273,-73.91276,A7,0.6,natural=wetland
osm-way-1539084268,42.65255,-73.91251,A7,0.6,natural=wetland
osm-way-1539084271,42.65247,-73.91457,A7,0.6,natural=wetland
osm-way-346338454,42.69189,-73.92199,A4,0.5,natural=cliff
osm-way-1533551988,42.68432,-73.89261,A7,0.6,natural=wetland
osm-way-1533551989,42.68468,-73.89329,A7,0.6,natural=wetland
osm-way-1463228877,42.64806,-73.84726,A7,0.6,natural=wetland
osm-way-1458283788,42.66437,-73.84277,A7,0.6,natural=wetland
osm-way-637646516,42.66232,-73.82346,A7,0.6,natural=wetland
osm-way-637646546,42.66541,-73.82038,A7,0.6,natural=wetland
osm-way-778456006,42.67400,-73.85319,A7,0.6,natural=wetland
osm-way-778456002,42.67529,-73.85147,A7,0.6,natural=wetland
osm-way-1420220431,42.68776,-73.86743,A7,0.6,natural=wetland
osm-way-474732142,42.68607,-73.84652,A7,0.6,natural=wetland
osm-way-1485717106,42.66796,-73.84160,A7,0.6,natural=wetland
osm-way-1485717107,42.66834,-73.84361,A7,0.6,natural=wetland
osm-way-1486136689,42.66781,-73.84091,A7,0.6,natural=wetland
osm-way-619232667,42.67989,-73.82283,A7,0.6,natural=wetland
osm-way-103599437,42.68293,-73.84117,A7,0.6,natural=wetland
osm-way-777624502,42.71235,-73.91557,A7,0.6,natural=wetland
osm-way-1532856076,42.69446,-73.89682,A7,0.6,natural=wetland
osm-way-1128072405,42.70180,-73.84491,A7,0.6,natural=wetland
osm-way-1262247753,42.71601,-73.85550,A7,0.6,natural=wetland
osm-way-1262247755,42.71427,-73.85420,A7,0.6,natural=wetland
osm-way-1128072406,42.70304,-73.84149,A7,0.6,natural=wetland
osm-way-1423653274,42.69844,-73.83045,A7,0.6,natural=wetland
osm-way-1422651127,42.74528,-73.85683,A7,0.6,natural=wetland
osm-way-1459361748,42.73266,-73.82911,A7,0.6,natural=wetland
osm-way-1459361749,42.72913,-73.82763,A7,0.6,natural=wetland
osm-way-1463761748,42.73093,-73.83133,A7,0.6,natural=wetland
osm-way-1469857802,42.72968,-73.83034,A7,0.6,natural=wetland
osm-way-1469857804,42.73481,-73.83490,A7,0.6,natural=wetland
osm-way-1537809761,42.73440,-73.83700,A7,0.6,natural=wetland
osm-way-1537809762,42.73316,-73.83616,A7,0.6,natural=wetland
osm-way-1537809763,42.73368,-73.83501,A7,0.6,natural=wetland
osm-way-1548006789,42.52197,-73.77699,A7,0.6,natural=wetland
osm-way-1548006788,42.52633,-73.77563,A7,0.6,natural=wetland
osm-way-1548006794,42.52880,-73.77107,A7,0.6,natural=wetland
osm-way-1548006787,42.53051,-73.77337,A7,0.6,natural=wetland
osm-way-1548006790,42.52621,-73.77242,A7,0.6,natural=wetland
osm-way-1548006792,42.52963,-73.76989,A7,0.6,natural=wetland
osm-way-1548006793,42.53008,-73.77170,A7,0.6,natural=wetland
osm-way-639812893,42.56970,-73.77147,A7,0.6,natural=wetland
osm-way-458189221,42.56526,-73.76191,A7,0.6,natural=wetland
osm-way-1481191374,42.55481,-73.66412,A7,0.6,natural=wetland
osm-way-1306368887,42.56917,-73.69235,A7,0.6,natural=wetland
osm-way-1375046420,42.57388,-73.67262,A7,0.6,natural=wetland
osm-way-1375046421,42.57232,-73.66982,A7,0.6,natural=wetland
osm-way-1396652870,42.63700,-73.78877,A7,0.6,natural=wetland
osm-way-1396713024,42.63225,-73.77986,A7,0.6,natural=wetland
osm-way-1199960073,42.63442,-73.77426,A7,0.6,natural=wetland
osm-way-1305140546,42.59704,-73.76608,A7,0.6,natural=wetland
osm-way-667585014,42.62753,-73.74664,A7,0.6,natural=wetland
osm-way-638380364,42.65052,-73.81383,A7,0.6,natural=wetland
osm-way-1459132249,42.64327,-73.79612,A7,0.6,natural=wetland
osm-way-1532293866,42.66421,-73.80930,A7,0.6,natural=wetland
osm-way-1196164022,42.64855,-73.77234,A7,0.6,natural=wetland
osm-way-643156956,42.65848,-73.78959,A7,0.6,natural=wetland
osm-way-633651099,42.67954,-73.81923,A7,0.6,natural=wetland
osm-way-1097079990,42.67980,-73.81613,A7,0.6,natural=wetland
osm-way-664547324,42.69227,-73.77957,A7,0.6,natural=wetland
osm-way-665210346,42.68774,-73.77707,A7,0.6,natural=wetland
osm-way-885339628,42.68998,-73.76816,A7,0.6,natural=wetland
osm-way-666587478,42.65665,-73.72122,A7,0.6,natural=wetland
osm-way-1396650649,42.67067,-73.76255,A7,0.6,natural=wetland
osm-way-90084606,42.67069,-73.76007,A7,0.6,natural=wetland
osm-way-654539322,42.67575,-73.75830,A7,0.6,natural=wetland
osm-way-657092477,42.69200,-73.74830,A7,0.6,natural=wetland
osm-way-1199958615,42.67815,-73.72826,A7,0.6,natural=wetland
osm-way-1199958617,42.68164,-73.72605,A7,0.6,natural=wetland
osm-way-1199958618,42.67358,-73.72900,A7,0.6,natural=wetland
osm-way-1396691079,42.67599,-73.73134,A7,0.6,natural=wetland
osm-way-474246909,42.67343,-73.71951,A7,0.6,natural=wetland
osm-way-474246903,42.67709,-73.71579,A7,0.6,natural=wetland
osm-way-864844179,42.68728,-73.73762,A7,0.6,natural=wetland
osm-way-865335847,42.68994,-73.73086,A7,0.6,natural=wetland
osm-way-1199958619,42.68233,-73.72296,A7,0.6,natural=wetland
osm-way-865733058,42.69325,-73.71991,A7,0.6,natural=wetland
osm-way-865733059,42.69364,-73.72116,A7,0.6,natural=wetland
osm-way-865358672,42.68938,-73.72235,A7,0.6,natural=wetland
osm-way-307816277,42.59412,-73.69427,A7,0.6,natural=wetland
osm-way-1434505139,42.63787,-73.68844,A4,0.7,natural=ridge
osm-way-1434391104,42.62918,-73.68265,A4,0.7,natural=ridge
osm-way-1434927100,42.62685,-73.67685,A7,0.6,natural=wetland
osm-way-1434391103,42.63180,-73.67947,A4,0.7,natural=ridge
osm-way-1434391093,42.63598,-73.68029,A4,0.7,natural=ridge
osm-way-1434391094,42.64030,-73.68527,A4,0.7,natural=ridge
osm-way-1434391100,42.63460,-73.67649,A4,0.7,natural=ridge
osm-way-1434391101,42.63356,-73.67748,A4,0.7,natural=ridge
osm-way-1434391102,42.63305,-73.67848,A4,0.7,natural=ridge
osm-way-639801538,42.66648,-73.69230,A7,0.6,natural=wetland
osm-way-1126121609,42.66174,-73.66573,A7,0.6,natural=wetland
osm-way-1277904882,42.64831,-73.61357,A7,0.6,natural=wetland
osm-way-1482069738,42.65930,-73.63587,A3,0.9,natural=beach
osm-way-1482069757,42.66111,-73.63449,A3,0.9,natural=beach
osm-way-884956374,42.71403,-73.81107,A7,0.6,natural=wetland
osm-way-1124016833,42.71636,-73.81101,A7,0.6,natural=wetland
osm-way-1449692304,42.70946,-73.79496,A7,0.6,natural=wetland
osm-way-849938489,42.71118,-73.79467,A7,0.6,natural=wetland
osm-way-858725909,42.71500,-73.79651,A7,0.6,natural=wetland
osm-way-866988639,42.71724,-73.79691,A7,0.6,natural=wetland
osm-way-866988640,42.71733,-73.79528,A7,0.6,natural=wetland
osm-way-666006110,42.69893,-73.78732,A7,0.6,natural=wetland
osm-way-664019431,42.69833,-73.78581,A7,0.6,natural=wetland
osm-way-666092133,42.69816,-73.78593,A7,0.6,natural=wetland
osm-way-849190524,42.70054,-73.78839,A7,0.6,natural=wetland
osm-way-882804674,42.69562,-73.76964,A7,0.6,natural=wetland
osm-way-849938487,42.71210,-73.79194,A7,0.6,natural=wetland
osm-way-849938488,42.71175,-73.79274,A7,0.6,natural=wetland
osm-way-849938490,42.70900,-73.79293,A7,0.6,natural=wetland
osm-way-858734219,42.71934,-73.79117,A7,0.6,natural=wetland
osm-way-849372108,42.71175,-73.77857,A7,0.6,natural=wetland
osm-way-1044369754,42.73188,-73.81605,A7,0.6,natural=wetland
osm-way-863009511,42.73001,-73.79246,A7,0.6,natural=wetland
osm-way-867321133,42.72619,-73.79575,A7,0.6,natural=wetland
osm-way-867488451,42.72612,-73.79850,A7,0.6,natural=wetland
osm-way-894595748,42.72386,-73.79364,A7,0.6,natural=wetland
osm-way-442533261,42.72486,-73.79085,A7,0.6,natural=wetland
osm-way-862873141,42.72530,-73.79178,A7,0.6,natural=wetland
osm-way-442533257,42.72568,-73.78828,A7,0.6,natural=wetland
osm-way-442533258,42.72585,-73.78922,A7,0.6,natural=wetland
osm-way-863009503,42.73212,-73.78705,A7,0.6,natural=wetland
osm-way-863009505,42.73036,-73.78672,A7,0.6,natural=wetland
osm-way-442533254,42.72721,-73.78875,A7,0.6,natural=wetland
osm-way-442533260,42.72676,-73.78930,A7,0.6,natural=wetland
osm-way-863009512,42.72938,-73.79013,A7,0.6,natural=wetland
osm-way-863009506,42.73109,-73.78592,A7,0.6,natural=wetland
osm-way-863009507,42.73185,-73.78423,A7,0.6,natural=wetland
osm-way-863419539,42.72519,-73.76964,A7,0.6,natural=wetland
osm-way-864165591,42.74494,-73.77409,A7,0.6,natural=wetland
osm-way-1429260468,42.69912,-73.74314,A7,0.6,natural=wetland
osm-way-1551069621,42.69547,-73.74339,A7,0.6,natural=wetland
osm-way-864379249,42.71511,-73.75595,A7,0.6,natural=wetland
osm-way-864499755,42.71782,-73.75604,A7,0.6,natural=wetland
osm-way-866413627,42.70704,-73.75071,A7,0.6,natural=wetland
osm-way-866495252,42.71094,-73.74998,A7,0.6,natural=wetland
osm-way-866390882,42.70781,-73.74529,A7,0.6,natural=wetland
osm-way-866390874,42.70692,-73.74766,A7,0.6,natural=wetland
osm-way-866495251,42.71059,-73.74805,A7,0.6,natural=wetland
osm-way-866828526,42.71677,-73.74854,A7,0.6,natural=wetland
osm-way-868707362,42.71695,-73.74921,A7,0.6,natural=wetland
osm-way-1467109674,42.70154,-73.73851,A7,0.6,natural=wetland
osm-way-865358644,42.69808,-73.71462,A7,0.6,natural=wetland
osm-way-865358647,42.69618,-73.71342,A7,0.6,natural=wetland
osm-way-1352128329,42.70253,-73.72090,A7,0.6,natural=wetland
osm-way-865687099,42.70376,-73.72045,A7,0.6,natural=wetland
osm-way-1352128330,42.70269,-73.72113,A7,0.6,natural=wetland
osm-way-1470111255,42.70954,-73.73114,A7,0.6,natural=wetland
osm-way-870408746,42.71976,-73.73156,A7,0.6,natural=wetland
osm-way-863528905,42.72629,-73.76305,A7,0.6,natural=wetland
osm-way-863528906,42.72639,-73.76257,A7,0.6,natural=wetland
osm-way-867909359,42.72624,-73.75849,A7,0.6,natural=wetland
osm-way-639159208,42.72919,-73.76373,A7,0.6,natural=wetland
osm-way-863192240,42.72923,-73.76572,A7,0.6,natural=wetland
osm-way-867909364,42.72683,-73.75762,A7,0.6,natural=wetland
osm-way-871199908,42.73586,-73.75237,A7,0.6,natural=wetland
osm-way-872813745,42.73853,-73.74558,A7,0.6,natural=wetland
osm-way-870386702,42.72252,-73.73228,A7,0.6,natural=wetland
osm-way-870408747,42.72017,-73.73184,A7,0.6,natural=wetland
osm-way-874441426,42.73190,-73.73503,A7,0.6,natural=wetland
osm-way-874441445,42.72914,-73.73579,A7,0.6,natural=wetland
osm-way-870588597,42.72166,-73.72654,A7,0.6,natural=wetland
osm-way-870853041,42.72254,-73.71921,A7,0.6,natural=wetland
osm-way-874484264,42.73309,-73.73167,A7,0.6,natural=wetland
osm-way-879088594,42.74288,-73.72822,A7,0.6,natural=wetland
osm-way-879823439,42.74188,-73.73508,A7,0.6,natural=wetland
osm-way-879949534,42.73978,-73.73408,A7,0.6,natural=wetland
osm-way-879080735,42.73992,-73.72466,A7,0.6,natural=wetland
osm-way-878924230,42.74546,-73.71652,A7,0.6,natural=wetland
osm-way-879088625,42.74037,-73.71939,A7,0.6,natural=wetland
osm-way-107360458,42.77292,-73.80861,A7,0.6,natural=wetland
osm-way-925277585,42.75034,-73.78025,A7,0.6,natural=wetland
osm-way-864165527,42.74756,-73.77283,A7,0.6,natural=wetland
osm-way-1236640175,42.77475,-73.80659,A7,0.6,natural=wetland
osm-way-892115244,42.75554,-73.76377,A7,0.6,natural=wetland
osm-way-892115245,42.75503,-73.76351,A7,0.6,natural=wetland
osm-way-873333296,42.76738,-73.76078,A7,0.6,natural=wetland
osm-way-898003652,42.76529,-73.74316,A7,0.6,natural=wetland
osm-way-899183586,42.76633,-73.74153,A7,0.6,natural=wetland
osm-way-880405195,42.75010,-73.73530,A7,0.6,natural=wetland
osm-way-891121475,42.75498,-73.73260,A7,0.6,natural=wetland
osm-way-893132454,42.75839,-73.72306,A7,0.6,natural=wetland
osm-way-893132478,42.75764,-73.72304,A7,0.6,natural=wetland
osm-way-893132489,42.75576,-73.72210,A7,0.6,natural=wetland
osm-way-893669730,42.75554,-73.72639,A7,0.6,natural=wetland
osm-way-899463574,42.76165,-73.73167,A7,0.6,natural=wetland
osm-way-645065197,42.76679,-73.72964,A7,0.6,natural=wetland
osm-way-645066433,42.76422,-73.72337,A7,0.6,natural=wetland
osm-way-894761537,42.75935,-73.72447,A7,0.6,natural=wetland
osm-way-895089802,42.76138,-73.72635,A7,0.6,natural=wetland
osm-way-894761604,42.75980,-73.71642,A7,0.6,natural=wetland
osm-way-645065198,42.76528,-73.72266,A7,0.6,natural=wetland
osm-way-905641653,42.78325,-73.75467,A7,0.6,natural=wetland
osm-way-910632920,42.77958,-73.75766,A7,0.6,natural=wetland
osm-way-906888838,42.78435,-73.74873,A7,0.6,natural=wetland
osm-way-909391617,42.78690,-73.75519,A7,0.6,natural=wetland
osm-way-909490813,42.78595,-73.75519,A7,0.6,natural=wetland
osm-way-904464757,42.77793,-73.73703,A7,0.6,natural=wetland
osm-way-902004511,42.77717,-73.73169,A7,0.6,natural=wetland
osm-way-902819301,42.77693,-73.73110,A7,0.6,natural=wetland
osm-way-1444761201,42.71853,-73.68866,A4,0.5,natural=cliff
osm-way-1445269388,42.71689,-73.69030,A4,0.5,natural=cliff
osm-way-1389600375,42.69777,-73.67889,A7,0.6,natural=wetland
osm-way-1269068667,42.69870,-73.68188,A7,0.6,natural=wetland
osm-way-619017785,42.70306,-73.66495,A7,0.6,natural=wetland
osm-way-1416594477,42.70445,-73.66752,A7,0.6,natural=wetland
osm-way-90897265,42.72022,-73.67241,A7,0.6,natural=wetland
osm-way-710524025,42.72009,-73.67171,A7,0.6,natural=wetland
osm-way-888918913,42.74082,-73.70558,A7,0.6,natural=wetland
osm-way-1170374013,42.74438,-73.68679,A3,0.9,natural=beach
osm-way-1194859328,42.74613,-73.63834,A7,0.6,natural=wetland
osm-way-1196161439,42.76100,-73.67378,A7,0.6,natural=wetland
osm-way-1450334241,42.76129,-73.66260,A7,0.6,natural=wetland
osm-way-1204261140,42.77649,-73.68908,A7,0.6,natural=wetland
osm-way-1377093794,42.76710,-73.66037,A7,0.6,natural=wetland
osm-way-1518985519,42.61639,-73.59190,A7,0.6,natural=wetland
osm-way-554510319,42.64572,-73.58681,A7,0.6,natural=wetland
osm-node-5658403245,7.69332,-66.27133,A4,0.9,natural=peak
osm-node-5658403244,7.70755,-66.27090,A4,0.9,natural=peak
osm-node-13318391543,7.51726,-66.16899,A4,0.9,natural=peak
osm-node-13685719638,7.52214,-66.14925,A4,0.9,natural=peak
osm-node-13318320764,7.52553,-66.11727,A4,0.9,natural=peak
osm-node-13318320767,7.56108,-66.05547,A4,0.9,natural=peak
osm-node-13318391548,7.58393,-66.17790,A4,0.9,natural=peak
osm-node-5658403250,7.66147,-66.26095,A4,0.9,natural=peak
osm-node-5658403247,7.67061,-66.26764,A4,0.9,natural=peak
osm-node-13318391546,7.61940,-66.17312,A4,0.9,natural=peak
osm-node-13318391545,7.63479,-66.17819,A4,0.9,natural=peak
osm-node-13777973797,7.60518,-66.15541,A4,0.9,natural=peak
osm-node-13318391547,7.59667,-66.14818,A4,0.9,natural=peak
osm-node-13318391544,7.59486,-66.11068,A4,0.9,natural=peak
osm-node-5658403246,7.67646,-66.26552,A4,0.9,natural=peak
osm-node-5658403254,7.69615,-66.24565,A4,0.9,natural=peak
osm-node-5658403256,7.70989,-66.19662,A4,0.9,natural=peak
osm-node-12433719535,9.28628,-67.00118,A4,0.9,natural=peak
osm-node-12433719534,9.34508,-66.97606,A4,0.9,natural=peak
osm-node-10565107256,9.45080,-67.08865,A4,0.9,natural=peak
osm-way-1511548814,7.59931,-66.13808,A4,0.5,natural=cliff
osm-way-1511548815,7.59951,-66.13635,A4,0.5,natural=cliff
osm-way-1511548816,7.60051,-66.13591,A4,0.5,natural=cliff
osm-way-1503727497,7.59784,-66.11316,A4,0.5,natural=cliff
osm-way-1503727500,7.59575,-66.11236,A4,0.5,natural=cliff
osm-way-1503727498,7.59438,-66.10988,A4,0.5,natural=cliff
osm-way-1503727499,7.59573,-66.11211,A4,0.5,natural=cliff
osm-way-1503727501,7.59537,-66.11174,A4,0.5,natural=cliff
osm-way-1503727502,7.59488,-66.11096,A4,0.5,natural=cliff
osm-way-802120545,-13.09561,28.58410,A7,0.6,natural=wetland
osm-way-922739334,-13.05275,28.57467,A7,0.6,natural=wetland
osm-way-922733211,-13.07713,28.57716,A7,0.6,natural=wetland
osm-way-803084060,-13.03391,28.58983,A7,0.6,natural=wetland
osm-way-914837451,-13.00675,28.55792,A7,0.6,natural=wetland
osm-way-797827964,-13.07056,28.71405,A7,0.6,natural=wetland
osm-way-915206560,-12.96022,28.54319,A7,0.6,natural=wetland
osm-node-5916888000,-13.64475,32.62641,A4,0.9,natural=peak
osm-node-9961182430,-13.58387,32.68236,A4,0.9,natural=peak
osm-way-724140727,-16.16241,23.32537,A7,0.6,natural=wetland
osm-way-280130003,-16.10663,23.30179,A7,0.6,natural=wetland
osm-way-620650095,-16.10794,23.32480,A7,0.6,natural=wetland
osm-way-666700122,-16.05578,23.33552,A7,0.6,natural=wetland
osm-way-799270412,-14.42123,23.12939,A7,0.6,natural=wetland
osm-way-799270413,-14.41762,23.12771,A7,0.6,natural=wetland
osm-way-890981679,-13.61592,22.97890,A7,0.6,natural=wetland
osm-way-873056923,-13.50106,23.23808,A7,0.6,natural=wetland
osm-way-1264828044,-13.62954,32.69017,A4,0.7,natural=ridge
osm-way-1264453415,-13.57673,32.71706,A4,0.7,natural=ridge
osm-way-1264818899,-13.58197,32.68295,A4,0.7,natural=ridge
osm-way-1264818900,-13.59244,32.68265,A4,0.7,natural=ridge
osm-way-1264453420,-13.53555,32.66211,A4,0.7,natural=ridge
osm-way-1264453418,-13.54306,32.71658,A4,0.7,natural=ridge
osm-way-1264453419,-13.54897,32.70783,A4,0.7,natural=ridge
osm-way-1009824337,-13.50895,32.61893,A4,0.7,natural=ridge
osm-way-1265719954,-13.67696,32.78470,A4,0.7,natural=ridge
osm-way-1264828043,-13.65736,32.73167,A4,0.7,natural=ridge
osm-way-1264453414,-13.56715,32.76094,A4,0.7,natural=ridge
osm-node-10583907705,-17.90401,31.23285,A2,0.5,historic=castle
osm-node-11233487398,-17.92651,31.35065,A7,0.7,waterway=waterfall
osm-node-6390645905,-17.78168,31.20201,A4,0.9,natural=peak
osm-way-570072270,-13.53038,24.35599,A7,0.6,natural=wetland
osm-way-570645642,-13.52709,24.36534,A7,0.6,natural=wetland
osm-way-907354955,-13.46216,24.34689,A7,0.6,natural=wetland
osm-way-574866377,-13.47737,24.35291,A7,0.6,natural=wetland
osm-way-697820269,-13.41692,24.34140,A7,0.6,natural=wetland
osm-way-697820587,-13.41995,24.33343,A7,0.6,natural=wetland
osm-way-697820089,-13.41939,24.34740,A7,0.6,natural=wetland
osm-way-1026012322,-13.41678,24.37252,A7,0.6,natural=wetland
osm-way-1026012323,-13.41680,24.37174,A7,0.6,natural=wetland
osm-way-1026012325,-13.41614,24.37216,A7,0.6,natural=wetland
osm-way-1026012324,-13.41692,24.37271,A7,0.6,natural=wetland
osm-way-1026012326,-13.41701,24.37229,A7,0.6,natural=wetland
osm-way-1026009350,-13.38757,24.35916,A7,0.6,natural=wetland
osm-way-1026009351,-13.38812,24.35878,A7,0.6,natural=wetland
osm-way-907369731,-13.39974,24.44795,A7,0.6,natural=wetland
osm-way-690425401,-17.89675,31.24165,A4,0.5,natural=cliff
osm-way-415877779,-17.81077,31.18804,A7,0.6,natural=wetland
osm-way-651073582,-17.78070,31.18630,A7,0.6,natural=wetland
osm-way-907738984,-17.76683,31.24600,A7,0.6,natural=wetland
