WDPAID,NAME,IUCN_CAT,GIS_AREA,ISO3,latitude,longitude
3,Laguna de los Pozuelos,III,217.93,ARG,-22.34238,-65.99790
4,Formosa,IA,90.75,ARG,-24.27170,-61.78334
6,Los Glaciares,II,5368.38,ARG,-49.97723,-73.14067
7,Lanín,II,2182.39,ARG,-39.57289,-71.44984
8,Los Alerces,II,1884.70,ARG,-42.84234,-71.88706
10,Calilegua,II,775.21,ARG,-23.69496,-64.79295
11,Baritú,II,682.07,ARG,-22.58572,-64.62402
12,Río Pilcomayo,II,508.32,ARG,-25.05255,-58.14401
15,Iguazú,II,512.47,ARG,-25.64815,-54.31909
16,El Rey,II,401.91,ARG,-24.67831,-64.63254
17,Lago Puelo,II,190.50,ARG,-42.17811,-71.69017
18,Chaco,II,149.31,ARG,-26.82654,-59.65519
19,Laguna Blanca,II,77.44,ARG,-39.05282,-70.33573
20,Lihué Calel,II,325.55,ARG,-37.91580,-65.56074
21,El Palmar,II,82.21,ARG,-31.87725,-58.25869
42,Reserva Biológica Do Lago Piratuba,IA,3924.71,BRA,1.49728,-50.22487
43,Reserva Biológica Do Rio Trombetas,IA,4106.77,BRA,-1.07208,-56.66742
44,Reserva Biológica Do Jaru,IA,3468.63,BRA,-9.77117,-61.73525
46,Reserva Biológica Do Atol Das Rocas,IA,351.87,BRA,-3.85236,-33.78507
47,Reserva Biológica De Sooretama,IA,278.59,BRA,-18.98840,-40.08383
48,Reserva Biológica De Una,IA,187.25,BRA,-15.18101,-39.10236
49,Reserva Biológica De Poço Das Antas,IA,50.52,BRA,-22.54380,-42.27884
53,Parque Nacional Do Jaú,II,23673.41,BRA,-2.26088,-62.66888
54,Parque Nacional Do Pico Da Neblina,II,22525.46,BRA,0.31967,-65.96546
55,Parque Nacional Da Amazônia,II,10662.88,BRA,-4.29954,-56.73405
56,Parque Nacional De Pacaás Novos,II,7061.17,BRA,-11.10540,-63.28668
57,Parque Nacional Do Cabo Orange,II,6573.33,BRA,3.66294,-51.21347
58,Parque Nacional Do Araguaia,II,5555.01,BRA,-10.50478,-50.21104
59,Parque Nacional Da Chapada Dos Veadeiros,II,2405.85,BRA,-13.91739,-47.44089
60,Parque Nacional Do Iguaçu,II,1698.51,BRA,-25.37333,-54.05512
61,Parque Nacional Dos Lençóis Maranhenses,II,1571.74,BRA,-2.53081,-43.12197
62,Parque Nacional Das Emas,II,1327.87,BRA,-18.10658,-52.92809
64,Parque Nacional Da Serra Da Capivara,II,1007.63,BRA,-8.66790,-42.54184
65,Parque Nacional Da Serra Da Canastra,II,1979.71,BRA,-20.37024,-46.60178
66,Parque Nacional De São Joaquim,II,496.72,BRA,-28.20270,-49.50778
67,Parque Nacional De Brasília,II,423.55,BRA,-15.63294,-48.01256
68,Parque Nacional E Histórico Do Monte Pascoal,II,222.40,BRA,-16.86440,-39.27096
69,Parque Nacional De Caparaó,II,317.51,BRA,-20.45870,-41.78537
70,Parque Nacional De Itatiaia,II,280.86,BRA,-22.35635,-44.66085
71,Parque Nacional De Aparados Da Serra,II,129.66,BRA,-29.18007,-50.09479
72,Parque Nacional Da Serra Dos Órgãos,II,198.50,BRA,-22.48871,-43.08094
73,Parque Nacional De Sete Cidades,II,63.11,BRA,-4.09859,-41.71288
74,Parque Nacional Da Tijuca,II,39.58,BRA,-22.95417,-43.26838
75,Parque Nacional De Ubajara,II,63.04,BRA,-3.76920,-40.91787
125,Ciénaga Grande de Santa Marta,IB,270.19,COL,10.73661,-74.45014
126,Los Flamencos,IB,70.64,COL,11.39410,-73.11921
127,Iguaque,IB,68.88,COL,5.66933,-73.44877
129,El Tuparro,II,5547.80,COL,5.27717,-68.50787
130,Sierra de la Macarena,II,6204.55,COL,2.78624,-73.50109
131,Paramillo,II,5039.65,COL,7.54095,-76.05657
132,Sierra Nevada de Santa Marta,II,5741.60,COL,10.83988,-73.54543
133,El Cocuy,II,3061.43,COL,6.51555,-72.15351
134,Cordillera de los Picachos,II,2878.97,COL,2.83661,-74.60735
135,Amacayacu,II,2672.41,COL,-3.43080,-70.16290
136,Nevado del Huila,II,1637.57,COL,2.96923,-75.92630
137,Sumapaz,II,2109.92,COL,3.93760,-74.17994
138,Farallones de Cali,II,1963.66,COL,3.39247,-76.84834
139,Las Hermosas - Gloria Valencia de Castaño,II,1247.12,COL,3.67665,-75.87619
140,Sanquianga,II,863.30,COL,2.53138,-78.29744
141,Puracé,II,919.63,COL,2.12829,-76.44026
142,Los Katíos,II,779.72,COL,7.82411,-77.20196
143,Chingaza,II,772.70,COL,4.56794,-73.65349
144,Tamá,II,511.09,COL,7.23739,-72.25465
145,Pisba,II,351.45,COL,5.86283,-72.56454
146,Munchique,II,469.81,COL,2.66722,-76.98960
147,Los Nevados,II,614.03,COL,4.78494,-75.39232
148,Las Orquídeas,II,287.61,COL,6.58015,-76.27249
149,Macuira,II,241.57,COL,12.15018,-71.33362
150,Isla de Salamanca,II,565.88,COL,11.00431,-74.59373
152,Tayrona,II,193.09,COL,11.31465,-74.05402
153,Cueva de los Guácharos,II,71.33,COL,1.58938,-76.12700
156,Hitoy Cerere,IA,99.78,CRI,9.64279,-83.08095
157,Carara,II,53.31,CRI,9.79021,-84.56823
163,Chirripo,II,506.73,CRI,9.48786,-83.54061
164,Corcovado,II,442.65,CRI,8.54307,-83.57637
165,Braulio Carrillo,II,499.31,CRI,10.24007,-84.00189
166,Santa Rosa,II,814.78,CRI,10.82172,-85.78976
167,Tortuguero,II,767.38,CRI,10.48735,-83.42562
168,Rincon de la Vieja,II,158.71,CRI,10.78086,-85.31460
169,Volcan Poas,II,65.60,CRI,10.21747,-84.23099
170,Isla del Coco,II,54844.16,CRI,5.38302,-87.67701
180,Cotubanamá  (Del Este),II,795.68,DOM,18.20692,-68.66622
181,Los Haitises,II,632.14,DOM,18.99810,-69.68406
183,Cayambe Coca,II,4073.43,ECU,-0.06991,-77.81333
186,Yasuní,II,10231.52,ECU,-1.07279,-76.09646
187,Galápagos,II,7721.05,ECU,0.13488,-90.62513
188,Sangay,II,4859.89,ECU,-2.05015,-78.50695
189,Machalilla,II,585.46,ECU,-1.45727,-80.86940
190,Cotopaxi,II,327.80,ECU,-0.64315,-78.46225
193,Tikal,II,575.35,GTM,17.22190,-89.62366
199,"La Citadelle, Sans Souci, Ramiers",III,25.25,HTI,19.56942,-72.23148
200,La Tigra,II,242.63,HND,14.21077,-87.11879
212,La Montaña Malinche o Matlalcuéyatl,II,461.38,MEX,19.22427,-98.04583
213,Iztaccíhuatl-Popocatépetl,II,398.50,MEX,19.22637,-98.68011
214,Pico de Orizaba,II,197.50,MEX,19.05665,-97.28548
216,Bosencheve,II,146.05,MEX,19.43200,-100.15660
217,Cofre de Perote o Nauhcampatépetl,II,115.29,MEX,19.49753,-97.15783
219,Lagunas de Chacahua,II,149.01,MEX,16.00185,-97.65986
220,Lagunas de Montebello,II,64.13,MEX,16.11861,-91.71645
221,Constitución de 1857,II,50.11,MEX,32.07663,-115.90354
222,Lagunas de Zempoala,II,45.59,MEX,19.06338,-99.30987
223,El Chico,II,27.42,MEX,20.19685,-98.72776
225,Insurgente José María Morelos,II,71.89,MEX,19.62534,-100.99757
230,Bonaire,II,33.30,BES,12.16840,-68.30112
234,Cerro Saslaya,II,632.68,NIC,13.84049,-85.05656
235,Volcán Masaya,II,54.72,NIC,11.98499,-86.15104
236,Darién,II,5675.38,PAN,7.86338,-77.78941
238,Soberanía,II,195.50,PAN,9.16084,-79.72820
240,Volcán Barú,II,141.12,PAN,8.82668,-82.55804
241,Altos de Campana,II,49.23,PAN,8.69373,-79.94855
242,Defensores del Chaco,II,7204.75,PRY,-20.24492,-60.32584
244,Teniente Agripino Enciso,II,422.54,PRY,-21.08589,-61.63328
245,Caazapa,II,126.94,PRY,-26.08755,-55.60878
246,Cerro Cora,II,56.82,PRY,-22.65681,-56.01756
247,Ybycui,II,50.79,PRY,-26.06042,-56.81660
255,de Huayllay,III,68.17,PER,-10.95083,-76.33337
256,de Calipuy,III,44.94,PER,-8.34439,-78.29983
257,del Manu,II,16987.30,PER,-12.26087,-71.63468
258,Huascarán,II,3396.81,PER,-9.41794,-77.45030
259,Cerros de Amotape,II,1521.53,PER,-4.01254,-80.47408
260,Tingo María,II,47.79,PER,-9.37288,-76.00497
261,de Cutervo,II,82.09,PER,-6.22099,-78.78860
262,de Machupicchu,III,372.64,PER,-13.23421,-72.47755
263,Barro Colorado,III,48.92,PAN,9.15195,-79.84522
264,Chacamarca,III,25.01,PER,-11.21705,-75.97088
276,Sipaliwini,IV,1007.86,SUR,2.04191,-56.08447
277,Brinck-heuvel,IV,60.89,SUR,5.12815,-55.34520
279,Brownsberg,II,144.14,SUR,4.91821,-55.18592
280,Wia-Wia,IV,480.88,SUR,5.91075,-54.48100
281,Coppename Monding,IV,263.13,SUR,5.93457,-55.71619
282,Galibi,IV,32.63,SUR,5.78892,-54.01943
307,Cerro de María Lionza,III,118.56,VEN,10.07793,-68.89212
310,Laguna de Las Marites,III,36.33,VEN,10.91539,-63.93125
313,Canaima,II,28241.35,VEN,5.59129,-61.82350
315,Aguaro - Guariquito,II,5795.55,VEN,8.30348,-66.64486
317,Yapacana,II,2684.37,VEN,3.83009,-66.78172
318,Perijá,II,2897.31,VEN,9.72857,-73.04343
321,Sierra Nevada,II,2762.66,VEN,8.52856,-70.92051
322,"Páramos de Tamá, Cobre y Judio",II,1381.28,VEN,7.35251,-72.20364
323,Henri Pittier,II,1072.61,VEN,10.38399,-67.63991
324,Mochima,II,947.79,VEN,10.29463,-64.49583
325,Guatopo,II,1218.50,VEN,10.08547,-66.48673
327,Waraira Repano,II,810.39,VEN,10.54107,-66.61793
328,Península de Paria,II,353.36,VEN,10.69263,-62.26984
330,Yurubí,II,242.26,VEN,10.43310,-68.73733
331,Laguna de Tacarigua,II,401.60,VEN,10.28414,-65.80467
332,Terepaima,II,184.84,VEN,9.87281,-69.26463
333,El Guácharo,II,616.72,VEN,10.16491,-63.45910
334,Macarao,II,146.80,VEN,10.40314,-67.13070
335,Yacambú,II,249.10,VEN,9.67011,-69.66340
336,Laguna de La Restinga,II,187.52,VEN,11.02141,-64.15817
337,Cueva de la Quebrada El Toro,II,38.40,VEN,10.83668,-69.11472
338,Cerro El Copey - Jóvito Villalba,II,74.08,VEN,11.00293,-63.91479
339,Estero de Chiriguare,IV,322.76,VEN,8.55819,-68.67768
340,Cuare,IV,114.69,VEN,10.97463,-68.32275
344,Mali i Dajtit,II,292.11,ALB,41.38390,19.95774
346,Mali i Tomorrit,II,261.03,ALB,40.66182,20.17955
347,Iona National Park,II,15174.44,AGO,-16.50257,12.45689
348,Quiçãma National Park,II,9229.35,AGO,-9.77481,13.64054
349,Cameia National Park,II,14510.12,AGO,-11.89718,21.67355
350,Bicuar National Park,II,6751.99,AGO,-15.31561,14.80576
351,Cangandala National Park,II,637.92,AGO,-9.82399,16.69855
354,Sturt,II,3455.66,AUS,-29.25763,141.65504
356,Blue Mountains,II,2693.39,AUS,-33.82451,150.25297
358,Mallee Cliffs,IA,581.18,AUS,-34.21431,142.61538
359,Kinchega,II,444.75,AUS,-32.44885,142.25536
360,Mount Kaputar,II,513.04,AUS,-30.26215,150.15044
361,Guy Fawkes River,IB,1082.36,AUS,-30.09184,152.20251
362,New England,IB,716.43,AUS,-30.59278,152.45856
363,Myall Lakes,II,480.43,AUS,-32.51212,152.28849
365,Warrumbungle,II,238.68,AUS,-31.29140,149.03031
366,Gibraltar Range,IB,254.00,AUS,-29.52215,152.35909
368,Royal,II,153.24,AUS,-34.13341,151.08167
370,Werrikimbe,IB,350.54,AUS,-31.21142,152.26802
371,Dharug,II,153.24,AUS,-33.37975,151.07203
372,Beowa,II,107.59,AUS,-37.09491,149.96341
373,Cocoparra,II,82.99,AUS,-34.13272,146.24385
374,Weddin Mountains,II,87.18,AUS,-33.94501,148.02169
375,Brisbane Water,II,121.02,AUS,-33.44045,151.25563
378,Crowdy Bay,II,107.07,AUS,-31.77395,152.72397
379,Dorrigo,II,117.69,AUS,-30.35232,152.82362
382,Mount Imlay,II,47.17,AUS,-37.15784,149.73274
384,Hat Head,II,74.05,AUS,-31.03680,153.02981
387,Bald Rock,II,89.05,AUS,-28.87244,152.05862
389,Murramarang,II,123.50,AUS,-35.61307,150.29879
393,Kakadu,II,19111.22,AUS,-13.03575,132.43908
400,Staaten River,II,4687.86,AUS,-16.59078,142.73967
403,Carnarvon,II,3013.40,AUS,-24.89782,147.77176
404,Bowling Green Bay,II,574.27,AUS,-19.39969,147.17626
406,Whitsunday Islands,II,174.65,AUS,-20.20949,149.02769
407,Eungella,II,622.12,AUS,-21.01931,148.57609
409,Hinchinbrook Island,II,397.69,AUS,-18.34389,146.21390
410,Cape Melville,II,1699.87,AUS,-14.46814,144.61396
421,Girraween,II,117.62,AUS,-28.84130,151.95403
423,Mount Barney,II,183.16,AUS,-28.26713,152.68302
426,Southwood,II,71.20,AUS,-27.82520,150.10292
428,Blackdown Tableland,II,478.26,AUS,-23.82141,149.10116
431,Cape Upstart,II,85.76,AUS,-19.79384,147.82601
432,Eurimbula,II,295.34,AUS,-24.12752,151.73392
433,Isla Gorge,II,78.90,AUS,-25.13542,149.92814
434,Forty Mile Scrub,II,63.07,AUS,-18.08450,144.84405
435,Castle Tower,II,93.07,AUS,-24.17962,151.35784
436,Mazeppa,II,41.26,AUS,-22.22871,147.29406
440,Mount Walsh,II,141.80,AUS,-25.63860,152.03528
441,Porcupine Gorge,II,51.98,AUS,-20.38714,144.45572
442,Mount Aberdeen,II,29.43,AUS,-20.21146,147.90651
444,Barron Gorge,II,29.70,AUS,-16.87128,145.64806
446,Magnetic Island,II,39.49,AUS,-19.14209,146.83148
454,Russell River,II,62.00,AUS,-17.30510,145.96900
459,Snake Range,II,26.89,AUS,-24.03873,147.58436
462,Hull River,II,36.53,AUS,-17.96799,146.04892
463,Grey Peaks,II,33.48,AUS,-16.97427,145.83898
474,Elliot Price,IA,635.60,AUS,-28.78202,137.33821
475,Ikara-Flinders Ranges,II,955.72,AUS,-31.41580,138.70596
482,Cape Gantheaume,IA,42.09,AUS,-36.00044,137.50187
485,Lincoln,II,214.37,AUS,-34.83677,135.89960
487,Messent,III,115.81,AUS,-36.05915,139.76925
491,Dhilba Guuranda-Innes,II,108.47,AUS,-35.22704,136.89587
492,Warrenben,IA,40.65,AUS,-35.12569,137.04609
493,Mount Boothby,IA,40.94,AUS,-35.84079,139.78383
495,Calpatanna Waterhole,IA,36.61,AUS,-32.99521,134.34465
496,Karte,IA,35.71,AUS,-35.10818,140.70746
498,Peebinga,IA,33.70,AUS,-34.99259,140.83070
499,Carcuma,IA,29.30,AUS,-35.61799,140.08132
500,Pooginook,IA,28.61,AUS,-34.09756,140.11956
503,Nuyts Archipelago,IA,74.63,AUS,-32.30455,133.70227
510,Deep Creek,II,44.69,AUS,-35.62685,138.22223
517,Ben Lomond,II,181.90,AUS,-41.56103,147.66141
522,Maria Island,II,115.76,AUS,-42.65211,148.08905
525,Narawntapu,II,45.01,AUS,-41.12010,146.63953
527,Rocky Cape,II,30.98,AUS,-40.89916,145.53575
528,Big Desert,IB,1417.13,AUS,-35.64362,141.16311
529,Wyperfeld,II,3598.55,AUS,-35.60112,141.81954
533,Hattah - Kulkyne,II,499.83,AUS,-34.70318,142.37243
535,Mount Buffalo,II,274.84,AUS,-36.69750,146.77875
541,Coopracambra,II,385.14,AUS,-37.35031,149.34076
543,Kinglake,II,231.27,AUS,-37.48470,145.27908
544,Holey Plains,II,107.46,AUS,-38.21837,146.92766
545,Mount Samaria,II,74.45,AUS,-36.88103,146.06573
546,Brisbane Ranges,II,88.81,AUS,-37.82450,144.23740
550,Alfred,II,30.22,AUS,-37.55514,149.36396
555,Collier Range,II,2352.23,AUS,-24.65355,119.17635
556,Drysdale River,II,4476.73,AUS,-14.99250,126.90813
557,Cape Arid,II,2776.73,AUS,-33.65066,123.28519
558,Fitzgerald River,II,2948.63,AUS,-34.06548,119.59570
562,Stirling Range,II,1133.46,AUS,-34.40430,118.04195
563,Cape Range,II,694.88,AUS,-22.15934,113.92046
564,Frank Hann,II,687.08,AUS,-32.88521,120.33236
565,Watheroo,II,29.03,AUS,-30.34342,115.80914
566,Cape Le Grand,II,309.77,AUS,-33.93125,122.31975
570,Yalgorup,II,141.80,AUS,-32.87909,115.66662
571,Stokes,II,100.27,AUS,-33.83415,121.13335
572,Badgingarra,II,131.05,AUS,-30.46049,115.42405
574,Alexander Morrison,II,84.98,AUS,-30.06894,115.56836
575,Avon Valley,II,44.59,AUS,-31.61364,116.21823
576,Tathra,II,43.22,AUS,-29.78898,115.51810
577,Torndirrup,II,39.67,AUS,-35.09194,117.92125
579,Yanchep,II,29.13,AUS,-31.54861,115.67690
580,Drovers Cave,II,25.64,AUS,-30.23302,115.08935
581,Porongurup,II,26.86,AUS,-34.68848,117.88014
582,Bandilngan  (Windjana Gorge),II,25.73,AUS,-17.42437,124.97239
585,Walyunga,II,28.02,AUS,-31.72773,116.08671
586,John Forrest,II,27.00,AUS,-31.87053,116.08632
597,Boucle de la Pendjari,II,2827.02,BEN,11.21927,1.52985
600,Chobe,IB,10505.39,BWA,-18.56083,24.53335
601,Nxai Pan,IB,2589.36,BWA,-19.91483,24.77871
602,Pirin,II,403.65,BGR,41.74518,23.42852
606,Bouba Ndjida,II,2115.47,CMR,8.67480,14.66222
607,Bénoué,II,1980.34,CMR,8.29785,13.79200
608,Waza,II,1407.07,CMR,11.28640,14.69160
609,Kalamaloué,II,66.95,CMR,12.12696,14.88423
611,Wood Buffalo National Park Of Canada,II,36274.84,CAN,59.03892,-113.29364
612,Kluane National Park Reserve Of Canada,II,22061.11,CAN,60.66696,-139.00967
613,Auyuittuq National Park Of Canada,II,18650.38,CAN,67.33351,-66.02076
614,Jasper National Park Of Canada,II,11235.43,CAN,52.80424,-118.17094
615,Banff National Park Of Canada,II,6857.27,CAN,51.48772,-116.24101
616,Nahanni National Park Reserve Of Canada,II,30063.46,CAN,61.68861,-126.35266
617,Prince Albert National Park Of Canada,II,3954.95,CAN,53.95691,-106.39112
618,Riding Mountain National Park Of Canada,II,3059.50,CAN,50.76432,-100.31737
619,Gros Morne National Park Of Canada,II,1838.89,CAN,49.63579,-57.77771
620,Pukaskwa National Park Of Canada,II,1849.65,CAN,48.30181,-85.91871
621,Kootenay National Park Of Canada,II,1379.31,CAN,50.94231,-116.07982
622,Glacier National Park Of Canada,II,1353.76,CAN,51.26153,-117.56214
623,Yoho National Park Of Canada,II,1292.50,CAN,51.38252,-116.52389
624,Cape Breton Highlands National Park Of Canada,II,951.70,CAN,46.73010,-60.67226
626,Waterton Lakes National Park Of Canada,II,499.19,CAN,49.10117,-113.90994
628,Pacific Rim National Park Reserve Of Canada,II,288.13,CAN,48.83207,-125.13832
629,Kejimkujik National Park And National Historic Site Of Canada,II,381.43,CAN,44.37082,-65.30077
630,Mount Revelstoke National Park Of Canada,II,263.21,CAN,51.09576,-118.05105
632,Kouchibouguac National Park Of Canada,II,195.78,CAN,46.83272,-64.92208
633,Fundy National Park Of Canada,II,205.65,CAN,45.61717,-65.04334
634,Elk Island National Park Of Canada,II,195.16,CAN,53.61337,-112.86526
635,Prince Edward Island National Park Of Canada,II,27.49,CAN,46.46275,-63.07115
638,Thousand Islands National Park Of Canada,II,25.20,CAN,44.25581,-76.16769
639,Bamingui-Bangoran,II,11191.17,CAF,8.11291,19.68545
641,Zakouma,II,3042.70,TCD,10.82292,19.67564
642,Manda,II,951.02,TCD,9.42447,18.03483
643,Parc National d'Odzala Kokoua,II,13603.55,COG,0.89310,14.85975
650,Nationalparken i Nord- og Østg,II,966788.20,GRL,77.36500,-37.04869
652,Awash,II,582.06,ETH,8.98943,40.00777
653,Simien Mountains,II,486.18,ETH,13.24593,38.17373
654,Lemmenjoen kansallispuisto,IB,2859.95,FIN,68.59813,25.66768
655,Pallas-Yllästunturin kansallispuisto,II,1026.44,FIN,67.95446,24.09580
656,Oulangan kansallispuisto,II,286.26,FIN,66.38209,29.35070
657,Pyhä-Luoston kansallispuisto,II,144.14,FIN,67.10372,26.99931
659,Ecrins,II,930.93,FRA,44.83041,6.22980
660,Cévennes,II,937.96,FRA,44.24625,3.58815
661,Vanoise,II,531.11,FRA,45.39590,6.89451
662,Pyrénées,II,457.06,FRA,42.79454,-0.26042
663,Port-Cros,II,46.13,FRA,43.00529,6.29051
664,Mercantour,II,679.22,FRA,44.16673,7.06094
667,Bayerischer Wald,II,249.37,DEU,48.99447,13.41488
668,Berchtesgaden,II,208.05,DEU,47.55305,12.92562
669,Mole,II,4739.79,GHA,9.65067,-1.74597
670,Digya,II,2771.42,GHA,7.44770,-0.22726
671,Bui,II,1859.80,GHA,8.39673,-2.36003
672,Bia National Park,II,314.26,GHA,6.48434,-3.09142
673,Pindos,II,31.52,GRC,39.89742,21.12919
674,Prespes,II,50.99,GRC,40.75748,21.07911
678,Ainos,II,28.27,GRC,38.15459,20.65131
679,Hortobágyi Nemzeti Park,II,803.58,HUN,47.58249,21.00531
680,Bükki Nemzeti Park,II,420.28,HUN,48.02905,20.52241
681,Kiskunsági Nemzeti Park,II,505.28,HUN,46.88469,19.56583
684,Þingvellir,II,227.89,ISL,64.27767,-21.09249
703,Kavir,II,4430.11,IRN,34.59885,52.50104
710,Tandoureh,II,340.67,IRN,37.43074,58.73588
712,Bamou,II,499.30,IRN,29.74307,52.68963
714,Killarney National Park,II,104.13,IRL,52.00411,-9.55551
717,Parco nazionale dello Stelvio,II,1307.92,ITA,46.46473,10.48781
718,Parco nazionale del Gran Paradiso,II,711.09,ITA,45.54057,7.32358
719,"Parco nazionale dell'Abruzzo, Lazio e Molise",II,507.10,ITA,41.80656,13.84423
721,Parc national de Taï,II,5080.53,CIV,5.76690,-7.10578
722,Parc national de la Marahoué,II,1029.24,CIV,7.09242,-5.97760
723,Parc national du Mont Sangbé,II,975.43,CIV,7.98996,-7.23682
724,Parc national du Mont Péko,II,302.37,CIV,7.00339,-7.25220
725,Parc national du Banco,II,34.40,CIV,5.39255,-4.05284
726,Daisetsuzan,II,2265.97,JPN,43.51207,142.93692
727,Bandai asahi,II,1888.70,JPN,38.06143,139.93365
729,Chubusangaku,II,1746.75,JPN,36.48052,137.64182
733,Shikotsu toya,II,999.98,JPN,42.74342,141.09423
734,Akanmashu,II,950.03,JPN,43.53837,144.28975
735,Towada hachimantai,II,857.50,JPN,40.21731,140.86365
741,Hakusan,II,500.49,JPN,36.18335,136.70406
742,Shiretoko,II,619.65,JPN,44.17725,145.19175
743,Minami alps,II,354.26,JPN,35.56746,138.21117
747,Iriomote ishigaki,II,1253.24,JPN,24.32892,123.95299
751,Ogasawara,II,1280.73,JPN,26.58735,141.57606
752,Tsavo East,II,13380.53,KEN,-2.83574,38.70573
754,Sibiloi,II,1542.56,KEN,3.96067,36.36568
755,Meru,II,871.33,KEN,0.12323,38.20847
756,Aberdare,II,772.32,KEN,-0.41912,36.71770
758,Amboseli,II,387.44,KEN,-2.64279,37.24641
759,Shimba Hills,II,193.49,KEN,-4.25330,39.39023
760,Mt. Elgon,II,158.00,KEN,1.09164,34.68753
761,Nairobi,II,116.31,KEN,-1.38614,36.86216
762,Lake Nakuru,II,190.36,KEN,-0.39516,36.09353
763,Kisite,II,27.84,KEN,-4.71459,39.36306
766,Hallyeohaesang,II,534.13,KOR,34.73578,128.26344
767,Jirisan,II,481.06,KOR,35.33114,127.65128
768,Seoraksan,II,399.64,KOR,38.13409,128.41961
769,Odaesan,II,327.58,KOR,37.77006,128.60429
773,Songnisan,II,277.87,KOR,36.62098,127.87847
774,Naejangsan,II,79.89,KOR,35.46919,126.86956
776,Gayasan,II,76.77,KOR,35.80169,128.10967
779,Nyika National Park,II,3094.13,MWI,-10.54701,33.83130
780,Kasungu National Park,II,2360.50,MWI,-12.94275,33.13553
785,Kinabalu Park,II,836.56,MYS,6.25052,116.60789
786,Similajau National Park,II,76.31,MYS,3.40605,113.22532
787,Gunung Mulu National Park,II,936.34,MYS,4.08504,114.94012
788,Klias,IA,36.56,MYS,5.29338,115.63005
789,Pulau Tiga Park,II,162.34,MYS,5.78931,115.66163
790,Tunku Abdul Rahman Park,II,49.65,MYS,5.99982,116.01830
791,Niah National Park,II,36.54,MYS,3.81067,113.77877
792,Bako National Park,II,25.65,MYS,1.72085,110.47264
795,Tawau Hill Park,II,278.58,MYS,4.45083,117.92733
797,Banc d'Arguin,II,11875.58,MRT,20.08128,-16.36658
798,Gobiin ikh /A/,IB,45927.90,MNG,43.62309,97.47677
799,Banhine,II,7255.82,MOZ,-22.79324,32.76453
800,Zinave,II,4091.75,MOZ,-21.65051,33.50737
801,Gorongosa,II,3675.33,MOZ,-18.82716,34.50614
802,Bazaruto,II,1228.45,MOZ,-21.75347,35.42931
803,Langtang,II,1658.56,NPL,28.18587,85.56533
804,Sagarmatha,II,1131.94,NPL,27.94222,86.75017
805,Chitwan,II,1213.00,NPL,27.51620,84.31025
806,Rara,II,106.74,NPL,29.50147,82.06816
808,Fiordland National Park,II,12732.48,NZL,-45.45707,167.33298
809,Mount Aspiring National Park,II,3589.78,NZL,-44.39100,168.88103
811,Arthur's Pass National Park,II,1185.85,NZL,-42.89430,171.72414
812,Westland / Tai Poutini National Park,II,1316.31,NZL,-43.42498,170.12599
813,Tongariro National Park,II,788.20,NZL,-39.19345,175.58882
814,Aoraki Mount Cook National Park,II,722.65,NZL,-43.60499,170.29605
815,Nelson Lakes National Park,II,1012.73,NZL,-42.04165,172.63459
816,Egmont National Park,II,341.70,NZL,-39.26698,174.05975
817,Abel Tasman National Park,II,235.22,NZL,-40.90358,172.95136
818,Parc National du W du W du Niger,II,2193.96,NER,12.24480,2.45189
819,Kainji Lake,II,5824.45,NGA,10.02630,4.49385
820,Sør-Spitsbergen,II,13189.23,SJM,76.94232,15.66649
821,Nordvest-Spitsbergen,II,9848.62,SJM,79.62516,12.22161
822,Anárjohka,II,1410.05,NOR,68.79877,24.75765
823,Børgefjell/Byrkije,II,1451.80,NOR,65.15702,13.89337
824,Øvre Dividal,II,769.01,NOR,68.70915,19.78970
825,Rondane,II,968.08,NOR,61.88773,9.78692
826,Femundsmarka,II,597.02,NOR,62.32502,12.10932
827,Dovrefjell-Sunndalsfjella,II,1826.90,NOR,62.39328,9.14784
828,Blåfjella-Skjækerfjella,II,1968.66,NOR,64.15104,12.89191
829,Rago,II,162.17,NOR,67.44801,15.98180
830,Stabbursdalen,II,747.65,NOR,70.00876,24.45689
831,Ånderdalen,II,134.07,NOR,69.21275,17.25993
832,Øvre Pasvik,II,119.11,NOR,69.12117,28.94336
834,Kirthar National Park,II,2977.89,PAK,25.64721,67.52219
836,Khunjerab National Park,II,3334.00,PAK,36.56665,75.33416
840,Mt. Apo Natural Park,II,549.67,PHL,6.94876,125.30222
842,Mt. Mayon Natural Park,II,53.31,PHL,13.25615,123.69905
847,Kampinoski Park Narodowy,II,385.76,POL,51.94688,20.46719
848,Tatrzański Park Narodowy,II,211.80,POL,49.25883,19.95493
849,Słowiński Park Narodowy,II,323.53,POL,54.71078,17.30000
850,Świętokrzyski Park Narodowy,II,76.94,POL,50.90298,20.99129
851,Bieszczadzki Park Narodowy,II,291.99,POL,49.21781,22.66710
852,Karkonoski Park Narodowy,II,59.54,POL,50.79244,15.64457
853,Wielkopolski Park Narodowy,II,76.01,POL,52.27486,16.77498
854,Białowieski Park Narodowy,II,105.16,POL,52.75888,23.82862
855,Woliński Park Narodowy,II,109.00,POL,53.92395,14.48758
856,Roztoczański Park Narodowy,II,84.71,POL,50.59379,23.00943
860,Peneda-Geres,II,695.94,PRT,41.87749,-8.13583
861,Parcul Național Retezat,II,383.19,ROU,45.34946,22.81147
862,Akagera,II,1020.15,RWA,-1.65297,30.69011
863,Volcans,II,162.52,RWA,-1.46378,29.53830
865,Parc national du Niokolo-Koba,II,8426.88,SEN,13.00493,-13.03753
866,Delta du Saloum,II,760.89,SEN,13.74777,-16.62833
867,Parc National des Oiseaux du Djoudj,II,239.68,SEN,16.43034,-16.24263
868,Basse Casamance,II,80.65,SEN,12.39859,-16.59608
883,Namib-Naukluft,II,50766.15,NAM,-24.61006,15.42896
884,Etosha,II,22941.39,NAM,-18.99202,15.75421
885,Skeleton Coast Park,II,16834.74,NAM,-19.17244,12.84883
887,Waterberg Plateau Park,II,395.76,NAM,-20.43560,17.25334
893,Ordesa y Monte Perdido,II,156.79,ESP,42.60963,0.02314
895,Timanfaya,II,51.82,ESP,29.02103,-13.77436
897,Garajonay,II,37.03,ESP,28.12939,-17.24919
899,Yala NP,II,979.64,LKA,6.48884,81.47876
900,Gal Oya,II,343.15,LKA,7.21011,81.44731
901,Uda Walawe,II,307.86,LKA,6.49589,80.87218
902,Wilpattu,II,1313.49,LKA,8.44898,80.03884
903,Southern,II,19239.35,SSD,6.06919,28.79104
904,Nimule,II,130.71,SSD,3.71959,31.91959
905,2001220 Padjelanta/Badjelánnda,II,2000.30,SWE,67.42348,16.65907
906,2001221 Sarek,II,1985.59,SWE,67.29809,17.67845
907,2001223 Muddus/Muttos,II,511.13,SWE,66.89891,20.17756
908,2001218 Pieljekaise,II,154.95,SWE,66.36515,16.78328
909,2001225 Abisko,II,77.12,SWE,68.32794,18.66954
910,2000189 Gotska Sandön,II,44.61,SWE,58.36751,19.24979
912,2001224 Vadvetjåkka,II,27.05,SWE,68.54257,18.43184
915,Nationalpark,IA,170.32,CHE,46.67250,10.17556
916,Serengeti National Park,II,13067.51,TZA,-2.37050,34.56657
917,Ruaha National Park,II,20152.31,TZA,-7.79879,34.52330
919,Mikumi National Park,II,3352.57,TZA,-7.36435,37.23726
920,Tarangire National Park,II,2843.44,TZA,-4.11907,36.08202
921,Katavi National Park,II,4206.92,TZA,-6.97758,31.29208
922,Kilimanjaro National Park,II,1713.78,TZA,-3.07531,37.31753
923,Rubondo Island National Park,II,480.11,TZA,-2.33269,31.83766
924,Lake Manyara National Park,II,642.86,TZA,-3.58237,35.70876
925,Arusha National Park,II,343.66,TZA,-3.25265,36.80215
926,Gombe National Park,II,56.15,TZA,-4.68944,29.62561
927,Khao Yai,II,2183.30,THA,14.33209,101.51564
928,Tarutao,II,1719.62,THA,6.60447,99.46125
929,Thung Salaeng Luang,II,1268.52,THA,16.68902,100.80693
930,Nam Nao,II,969.81,THA,16.73216,101.55855
931,Phu Phan,II,708.62,THA,16.99338,103.89414
932,Khao Luang,II,576.32,THA,8.55058,99.74193
933,Erawan,II,527.84,THA,14.34713,99.08038
934,Phu Kradueng,II,254.32,THA,16.87950,101.76360
935,Doi Inthanon,II,464.21,THA,18.52996,98.55101
936,Doi Khuntan,II,248.27,THA,18.47596,99.30743
937,Namtok Phleiw,II,120.30,THA,12.54571,102.21465
938,Khao Chamao-Khao Wong,II,81.70,THA,12.93239,101.75621
940,Khao Khitchakut,II,59.22,THA,12.83965,102.15989
956,Murchison Falls,II,3877.79,UGA,2.26871,31.81343
957,Queen Elizabeth,II,2098.54,UGA,-0.24617,29.97766
958,Kidepo Valley,II,1430.89,UGA,3.84433,33.78130
972,Grand Canyon,II,4766.56,USA,36.28363,-112.80638
975,Yosemite,II,2999.09,USA,37.83992,-119.54141
976,Big Bend,II,3177.16,USA,29.33319,-103.31072
979,North Cascades,II,2028.47,USA,48.68518,-121.13609
982,Canyonlands,II,1353.77,USA,38.23399,-109.89609
983,Grand Teton,II,1115.78,USA,43.81096,-110.68558
984,Rocky Mountain,II,1074.38,USA,40.35593,-105.70365
989,Shenandoah,II,792.33,USA,38.47191,-78.50473
990,Crater Lake,II,740.74,USA,42.71287,-122.42450
991,Zion,II,588.03,USA,37.32282,-113.04560
996,Arches,II,354.21,USA,38.72584,-109.56521
997,Mesa Verde,II,216.27,USA,37.25347,-108.44743
999,Carlsbad Caverns,II,188.01,USA,32.12003,-104.52777
1000,Bryce Canyon,II,145.64,USA,37.57068,-112.17867
1007,Ghost River Wilderness Area,IA,152.44,CAN,51.34838,-115.38951
1009,Katmai Bay,II,14666.67,USA,58.50477,-154.88249
1015,Kobuk Valley,II,6943.29,USA,67.39136,-159.06308
1016,Kenai Fjords,II,2432.01,USA,59.86855,-150.24657
1023,White Sands,II,599.87,USA,32.76470,-106.30986
1035,Pinnacles,II,108.04,USA,36.48628,-121.17337
1047,Buck Island Reef National Monument,IA,76.84,VIR,17.80879,-64.62205
1048,W du Burkina Faso,II,2354.55,BFA,11.92078,2.19832
1049,Pô dit Kaboré Tambi,II,1697.45,BFA,11.50607,-1.23173
1050,Mavrovo,II,735.21,MKD,41.68392,20.67490
1051,Nacionalni park Durmitor,II,325.18,MNE,43.13783,19.18908
1055,Sutjeska,II,160.54,BIH,43.32775,18.65089
1059,Nacionalni park Biogradska gora,II,59.36,MNE,42.89256,19.63865
1079,Upemba,II,12457.58,COD,-9.07211,26.61969
1080,Maiko,II,10967.73,COD,-0.42269,27.69851
1082,Kahuzi-Biega,II,6730.81,COD,-2.14019,28.16289
1083,Garamba,II,5107.06,COD,4.17599,29.45910
1084,Kundelungu,II,8165.09,COD,-10.17794,27.49703
1085,Kafue,II,22317.79,ZMB,-15.37920,25.99297
1086,South Luangwa,II,8658.18,ZMB,-13.05084,31.55766
1087,Sioma Ngwezi,II,4478.25,ZMB,-17.28303,23.43482
1088,North Luangwa,II,4678.19,ZMB,-11.89177,32.18468
1089,Liuwa Plain,II,3236.62,ZMB,-14.53125,22.60771
1090,Mweru Wantipa,II,3157.50,ZMB,-8.71744,29.59346
1091,Lukusuzi,II,2624.16,ZMB,-12.76721,32.61455
1092,Nsumbu,II,2020.17,ZMB,-8.76181,30.44276
1093,West Lunga,II,1779.42,ZMB,-12.81231,24.78153
1094,Lavushi Manda,II,1576.19,ZMB,-12.30603,30.85504
1095,Lusenga Plain,II,897.66,ZMB,-9.40468,29.21723
1096,Isangano,II,828.47,ZMB,-11.17172,30.58668
1097,Blue Lagoon,II,455.13,ZMB,-15.48843,27.39979
1098,Lochinvar,II,406.05,ZMB,-15.86812,27.24443
1099,Kasanka,II,464.78,ZMB,-12.52891,30.21378
1100,Luambe,II,358.34,ZMB,-12.50525,32.24308
1102,Nyika,II,82.97,ZMB,-10.61489,33.63399
1104,Gonarezhou,II,4922.43,ZWE,-21.66141,31.86500
1105,Chizarira,II,1947.86,ZWE,-17.77067,27.91732
1107,Matusadona,II,1422.46,ZWE,-16.94957,28.61081
1110,Matopos,II,410.67,ZWE,-20.54735,28.53749
1111,Nyanga,II,288.63,ZWE,-18.30761,32.78456
1112,Kazuma Pan,II,330.04,ZWE,-18.29331,25.60295
1118,Dasht-i-Nawar,IV,375.22,AFG,33.60814,67.78515
1120,Ab-i-Estada,IV,282.17,AFG,32.48896,67.94770
1122,Band-i-Amir National Park,II,606.27,AFG,34.88774,67.26440
1127,Tidbinbilla,II,51.36,AUS,-35.44662,148.91827
1129,Yathong,IA,1188.72,AUS,-32.61243,145.52703
1130,Pilliga,IA,833.44,AUS,-30.99413,149.46617
1132,Nadgee,IB,214.32,AUS,-37.37526,149.88363
1136,Winburndale,IA,110.48,AUS,-33.29674,149.79720
1138,Munghorn Gap,IA,61.50,AUS,-32.37450,149.80932
1139,Bournda,II,26.61,AUS,-36.78992,149.94241
1140,Cocopara,IA,47.80,AUS,-34.01849,146.20316
1141,Woggoon,IA,61.30,AUS,-32.81286,146.93291
1142,Nearie Lake,IV,44.03,AUS,-33.42888,141.88791
1143,Manobalai,IA,38.05,AUS,-32.20198,150.58719
1144,Binnaway,IA,37.25,AUS,-31.48800,149.48160
1145,Ingalba,IA,41.87,AUS,-34.48595,147.40978
1147,Copperhannia,IA,35.16,AUS,-33.85778,149.21468
1148,Sherwood,IA,59.13,AUS,-30.05388,153.06867
1149,Limpinwood,IB,27.39,AUS,-28.29114,153.18962
1151,Muogamarra,IA,25.82,AUS,-33.55597,151.16424
1154,Severn River,IA,58.32,AUS,-29.42002,151.33083
1168,Lavinia,II,78.54,AUS,-39.71036,144.06297
1200,D'Entrecasteaux,II,1190.04,AUS,-34.67836,116.07498
1218,Neusiedler See und Umgebung,IV,509.25,AUT,47.83500,16.78017
1221,Hautes Fagnes,IV,62.15,BEL,50.54757,6.14135
1224,Makgadikgadi Pans,IB,4892.00,BWA,-20.51025,24.69518
1229,Uzunbodjak,IA,26.61,BGR,41.97660,27.80061
1231,Dzhendema,IA,42.05,BGR,42.70242,24.97167
1235,Kyauk Pan Taung Wildlife Sanctuary,IV,128.77,MMR,21.36675,93.00950
1236,Shwesettaw Wildlife Sanctuary,IV,470.88,MMR,20.18894,94.52483
1237,Shwe-U-Daung Wildlife Sanctuary,IV,159.12,MMR,23.02701,96.27600
1238,Minwuntaung Wildlife Sanctuary,IV,189.80,MMR,22.04475,95.97376
1240,Dja,IV,5264.55,CMR,3.13487,13.00011
1241,Faro,II,3497.24,CMR,8.19163,12.64390
1242,Campo-Ma'an,II,2610.23,CMR,2.44542,10.31557
1244,Douala Edéa,II,2717.08,CMR,3.62484,9.73612
1245,Lobéké,II,2154.55,CMR,2.30272,15.86614
1250,Ouadi Rimé-Ouadi Achim,IV,83032.38,TCD,15.77346,18.99920
1251,Gunung Leuser,II,8700.96,IDN,3.49245,97.80761
1252,Bukit Barisan Selatan,II,3156.60,IDN,-5.24728,104.06725
1254,Berbak,II,1413.47,IDN,-1.40901,104.27079
1256,Kutai,II,1926.34,IDN,0.36002,117.29324
1259,Kerumutan,IV,946.94,IDN,-0.06243,102.52933
1268,Bali Barat,II,180.46,IDN,-8.16818,114.50280
1269,Bromo Tengger Semeru,II,504.94,IDN,-8.02722,112.96110
1271,Rawa Dano,III,39.50,IDN,-6.15891,105.98655
1272,Kawah Ijen,III,25.91,IDN,-8.06306,114.24401
1273,Leuwang Sancang,IA,33.29,IDN,-7.71333,107.86094
1275,Panua,IA,365.98,IDN,0.57189,121.97227
1278,Bakhtegan,IV,3602.84,IRN,29.51102,53.70460
1280,Khoshyeylagh,IV,1549.87,IRN,36.84139,55.55687
1281,Kolahghazi,IV,539.69,IRN,32.37310,51.92838
1284,Dez,IV,68.18,IRN,32.05264,48.52453
1285,Karkheh,IV,52.67,IRN,32.02562,48.24315
1286,Mehroyeh,IV,88.59,IRN,28.11713,57.45746
1293,Réserve de faune et de flore du Haut Bandama,IA,1220.28,CIV,8.44370,-5.48634
1295,Réserve integrale du Mont Nimba,IA,50.96,CIV,7.57926,-8.42507
1297,Masai Mara,II,1511.07,KEN,-1.48391,35.08672
1299,Ankarafantsika,II,1366.43,MDG,-16.20266,46.92144
1300,Lanjak Entimau,IA,1623.98,MYS,1.57607,112.18383
1301,Sungai Dusun,IB,49.98,MYS,3.62559,101.38576
1306,Lkhachinvandad uul,IV,576.78,MNG,45.60517,115.86911
1307,Bogd Khan Uul,IB,422.83,MNG,47.80400,106.98147
1308,Bardia,II,896.46,NPL,28.48034,81.45770
1309,Suklaphanta,IV,391.82,NPL,28.89359,80.24270
1310,Koshi Tappu,IV,149.35,NPL,26.64738,87.00290
1332,Yankari,IV,2387.43,NGA,9.81556,10.49626
1334,Nordaust-Svalbard,IB,55343.79,SJM,79.73369,25.74392
1335,Søraust-Svalbard,IB,21826.52,SJM,77.66786,22.86378
1336,Nordre Øyeren,IA,62.56,NOR,59.86051,11.15925
1337,Mts. Iglit-Baco Natural Park,II,1066.42,PHL,12.78513,121.13614
1339,Estuario do Tejo,IV,144.14,PRT,38.84250,-8.99588
1342,Aldabra Atoll,IA,2429.94,SYC,-9.41122,46.36997
1362,Daan Viljoen Game Park,II,39.97,NAM,-22.52471,16.95856
1363,Yala,IA,218.62,LKA,6.49304,81.58939
1364,Wasgamuwa,II,391.68,LKA,7.74345,80.95081
1371,Boma,II,19757.20,SSD,6.42056,33.98712
1372,Shambe,II,1748.55,SSD,6.96207,30.78725
1385,2000861 Sierre,IB,37.57,SWE,66.58810,20.24910
1394,2001287 Rödkallen-Söräspen,IB,70.87,SWE,65.35119,22.43423
1399,Selous G.R,IV,41309.34,TZA,-8.86356,37.41476
1401,Ugalla G.R. (N),IV,5142.18,TZA,-5.80117,31.97278
1402,Mkomazi National Park,IV,3282.29,TZA,-4.17152,38.26086
1405,Thungyai Naresuan,IA,3694.55,THA,15.34130,98.75628
1406,Mae Tuen,IA,1239.34,THA,17.25557,98.72333
1407,Huai Kha Khaeng,IA,2814.99,THA,15.39664,99.22884
1408,Phu Khiew,IA,1574.52,THA,16.35160,101.62211
1409,Khao Bantad,IA,1244.08,THA,7.29669,99.94897
1410,Khlong Saeng,IA,978.84,THA,9.16798,98.65901
1411,Lum Nam Pai,IA,1201.34,THA,19.42314,98.20279
1412,Khao Soi Dao,IA,733.52,THA,13.08716,102.15105
1413,Phu Luang,IA,916.26,THA,17.24074,101.46481
1414,Salak Phra,IA,972.07,THA,14.41484,99.27132
1415,Panom Dong Rak,IA,334.84,THA,14.41115,104.52192
1416,Salawin,II,741.75,THA,18.17756,97.75337
1417,Phu Miang - Phu Thong,IA,535.77,THA,17.50270,100.69316
1418,Mae Nam Phachi,IA,494.05,THA,13.30765,99.30770
1420,Khlong Naka,IA,474.05,THA,9.43607,98.59665
1421,Ton Nga Chang,IA,181.30,THA,6.94277,100.19192
1422,Yod Dom,IA,241.04,THA,14.33122,105.04489
1423,Phu Wua,IA,188.91,THA,18.20544,103.97790
1424,Khao Khiew - Khao Chomphu,IA,147.11,THA,13.21245,101.07302
1425,Khao Angruenai,IA,1000.42,THA,13.26284,101.83456
1435,Pian Upe,III,2153.79,UGA,1.88823,34.50683
1436,Bokora Corridor,III,1815.84,UGA,2.62217,34.10766
1437,Matheniko,III,1757.14,UGA,2.94991,34.51536
1438,Bugungu,III,473.10,UGA,1.90679,31.54782
1439,Karuma,III,675.17,UGA,2.05137,31.97358
1440,Toro-Semliki,III,536.83,UGA,0.91656,30.40001
1441,Lake Mburo,II,366.38,UGA,-0.60991,30.92525
1443,Kigezi,III,265.29,UGA,-0.58244,29.79154
1444,Katonga,III,210.37,UGA,0.24479,30.77831
1445,Ajai,III,148.45,UGA,2.86875,31.25894
1446,Kyambura,III,154.76,UGA,-0.12341,30.16091
1450,Rum,II,108.29,GBR,56.99789,-6.34886
1452,Caerlaverock,II,81.89,GBR,54.94692,-3.47005
1453,Beinn Eighe,II,48.55,GBR,57.60789,-5.39049
1454,Moor House-Upper Teesdale,IV,86.76,GBR,54.65976,-2.32645
1455,Holkham,IV,35.31,GBR,52.97363,0.86275
1458,Lindisfarne,IV,34.11,GBR,55.66289,-1.84116
1460,Ben Lawers,II,45.09,GBR,56.52988,-4.22887
1479,Mushandike,IV,125.26,ZWE,-20.10993,30.63890
1487,Glen Tanar,IV,41.90,GBR,57.02237,-2.89226
1490,Tanjung Puting,II,4115.05,IDN,-3.05576,112.00541
1491,Gunung Ambang,IA,25.95,IDN,0.78985,124.42150
1495,Meru Betiri,II,653.92,IDN,-8.46635,113.79173
1496,Gunung Halimun - Salak,II,877.09,IDN,-6.72198,106.49955
1499,Manusela,II,1746.61,IDN,-3.04855,129.42748
1500,Lorentz,II,23462.76,IDN,-4.58196,138.07520
1515,Ravilevu,IA,49.25,FJI,-16.88192,-179.94340
1517,Kevon luonnonpuisto,IA,711.21,FIN,69.59416,26.67456
1518,Sompion luonnonpuisto,IA,179.40,FIN,68.16679,27.38255
1519,Maltion luonnonpuisto,IA,147.56,FIN,67.39396,28.70968
1520,Runkauksen luonnonpuisto,IA,70.50,FIN,66.06412,25.51935
1521,Pisavaaran luonnonpuisto,IA,48.89,FIN,66.27945,25.09503
1522,Mallan luonnonpuisto,IA,30.77,FIN,69.06811,20.65918
1523,Ulvinsalon luonnonpuisto (Ystävyyden puisto),IA,25.21,FIN,63.97087,30.38553
1526,Aiguilles Rouges,IV,32.96,FRA,45.97150,6.87680
1543,Kogyae,IA,370.29,GHA,7.24700,-1.10123
1552,Kringilsárrani,IV,63.73,ISL,64.75879,-15.91367
1553,Surtsey,IA,65.54,ISL,63.30404,-20.60457
1559,Waituna Wetlands,IA,36.00,NZL,-46.57137,168.59372
1561,Farewell Spit,IA,113.57,NZL,-40.55293,172.90456
1563,Te Hauturu-o-Toi / Little Barrier Island (Gift Area),IA,30.42,NZL,-36.19863,175.08091
1576,Lower Buller Gorge,III,59.32,NZL,-41.84693,171.74660
1577,Waioeka Gorge,III,194.47,NZL,-38.23222,177.33382
1578,Tennyson Inlet,III,61.89,NZL,-41.10159,173.76984
1579,Lake Kaniere,III,103.11,NZL,-42.82763,171.14211
1583,Lake Tarawera,III,36.76,NZL,-38.19371,176.47295
1586,D'Urville Island,III,58.61,NZL,-40.84933,173.86199
1589,Mount Stokes,III,45.08,NZL,-41.09421,174.09218
1590,Pukeamaru,III,35.07,NZL,-37.64702,178.24561
1591,Mangamuka Gorge,III,29.55,NZL,-35.18442,173.47898
1592,Paradise Bay,III,27.60,NZL,-41.20201,173.81264
1628,Lac Ossa,IV,45.42,CMR,3.79810,10.02224
1629,Sevan,II,1510.69,ARM,40.38639,45.29385
1630,Dilijan,II,392.16,ARM,40.72949,44.94458
1631,Khosrov Forest,IA,228.69,ARM,40.04299,44.83299
1634,Shirvan State Nature Reserve,IA,64.54,AZE,39.62574,49.12983
1635,Turyanchay State Nature Reserve,IA,268.37,AZE,40.74540,47.49393
1638,Garayazi State Nature Reserve,IA,122.10,AZE,41.29708,45.26583
1641,Basitchay State Nature Reserve,IA,27.51,AZE,39.03682,46.60602
1643,Berezinskiy,IA,848.13,BLR,54.72408,28.32951
1644,Prypyatskiy,II,671.76,BLR,51.98560,28.01902
1652,Borjomi-Kharagauli National Park,II,131.72,GEO,41.84772,43.26443
1653,Lagodekhi Nature Reserve,IA,197.68,GEO,41.90267,46.29782
1654,Ritsa Nature Reserve,IA,163.75,GEO,43.47122,40.59651
1656,KIntrishi Nature reserve,IA,31.07,GEO,41.75264,42.04094
1657,Liakhvi Nature Reserve,IA,65.59,GEO,42.37256,44.27166
1660,Vashlovani Nature Reserve,IA,99.67,GEO,41.18334,46.47532
1664,Bichvinta-Miusera Nature Reserve,IA,40.04,GEO,43.17854,40.40821
1666,Kolkheti National Park,II,449.63,GEO,42.20136,41.76669
1668,Korgalzhyn State Nature Reserve,IA,5376.06,KAZ,50.40879,68.81782
1669,Almaty State Nature Reserve,IA,722.50,KAZ,43.12131,77.35594
1670,Naurzum State Nature Reserve,IA,1913.12,KAZ,51.54003,64.23595
1671,Aksu-Dzhabagly State Nature Reserve,IA,1213.68,KAZ,42.47997,70.42547
1672,Markakol State Nature Reserve,IA,742.37,KAZ,48.82778,85.76974
1673,Barsakelmes State Nature Reserve,IA,301.38,KAZ,45.64081,59.96492
1674,Sary-Chelek State Biosphere Reserve,IA,238.67,KGZ,41.86861,71.93336
1675,Besh-Aral State Nature Reserve,IA,1124.59,KGZ,41.80814,70.75823
1676,Issyk-Kul State Nature Reserve,IA,190.00,KGZ,42.51453,77.25123
1677,Ala-Archa Nature Park,II,164.83,KGZ,42.57148,74.50045
1678,Gaujas Nacionālais parks,II,918.49,LVA,57.29979,25.07460
1679,Slīteres Nacionālais parks,II,164.19,LVA,57.68705,22.40103
1680,Krustkalnu dabas rezervāts,IB,29.80,LVA,56.75044,26.16856
1683,Aukštaitijos nacionalinis parkas,II,410.56,LTU,55.34922,25.99370
1684,Čepkelių valstybinis gamtinis rezervatas,IA,112.71,LTU,53.97860,24.52261
1685,Žuvinto biosferos rezervatas,IA,185.81,LTU,54.46852,23.54728
1686,Kamanų valstybinis gamtinis rezervatas,IA,43.63,LTU,56.28803,22.65056
1735,Тигровая балка,IA,517.04,TJK,37.25049,68.45972
1736,Ромит,IA,128.83,TJK,38.77469,69.42859
1737,Kaplangurskiy,IA,5233.93,TKM,40.98045,57.08733
1741,Repetekskiy,IA,412.54,TKM,38.60029,63.25958
1761,Chatkal Biosphere State Reserve,IA,295.10,UZB,41.32572,70.28961
1764,Nurata State Reserve,IA,178.94,UZB,40.51981,66.80867
1766,Zaamin State Reserve,IA,249.78,UZB,39.61112,68.30623
1768,Kyzylkum State Reserve,IA,124.28,UZB,40.60088,62.13420
1770,Zarafshan National Nature Park,II,33.22,UZB,39.61582,67.23168
1850,Sian Ka'an,IA,5282.50,MEX,19.60728,-87.70855
1899,Kayan Mentarang,II,12723.14,IDN,3.20891,115.47027
1906,Gunung Tilu,IA,74.51,IDN,-7.19760,107.49226
1908,Pulau Nusa Barung,III,78.74,IDN,-8.47645,113.34114
1911,Mandor,III,28.79,IDN,0.28168,109.34673
1913,Gunung Raya Passi,IA,32.88,IDN,0.83951,109.04625
1914,Pararawen I-II,IA,59.24,IDN,-0.98556,114.78573
1916,Padang Luway,III,47.87,IDN,-0.33249,115.75271
1917,Muara Kaman Sedulang,IA,1478.88,IDN,-2.68470,110.34615
1919,Tanjung Api,IV,33.06,IDN,-0.82918,121.62850
1921,Pegunungan Cycloops,IA,315.04,IDN,-2.50409,140.55212
1923,Dolok Surungan,IV,215.03,IDN,2.42728,99.41090
1924,Gumai Pasemah,IV,479.61,IDN,-3.83172,103.26522
1925,Isau-isau Pasemah,IV,167.47,IDN,-3.95764,103.63726
1926,Gunung Raya,IV,450.23,IDN,-4.80654,104.20302
1927,Cikepuh,IV,81.31,IDN,-7.25300,106.41543
1928,Alas Purwo,II,440.51,IDN,-8.61351,114.41482
1929,Dataran Tinggi Yang,IV,131.82,IDN,-7.97266,113.60173
1930,Gunung Rinjani,II,382.18,IDN,-8.42604,116.42609
1935,Gunung Manembo-nembo,IV,61.84,IDN,1.34764,124.62235
1936,Lombuyan I and II,IV,29.66,IDN,-0.81807,122.87224
1937,Pulau Baun,IV,97.78,IDN,-6.50303,134.70673
1958,Blackwater River,III,90.08,NZL,-41.93317,171.76130
1959,Big River,III,152.86,NZL,-42.24651,171.83845
1960,Saxton,III,25.55,NZL,-42.18328,171.53299
1965,Flagstaff,III,50.00,NZL,-42.49138,171.74759
1966,Greenstone,III,48.50,NZL,-42.61112,171.29177
1967,Baluran,II,297.07,IDN,-7.83699,114.38581
1968,Komodo,II,1206.46,IDN,-8.62900,119.58224
1971,P. Bawean,IV,39.19,IDN,-5.79099,112.65051
1974,Parque Nacional Da Serra Da Bocaina,II,1065.66,BRA,-23.04357,-44.68816
1975,TANAP,II,743.04,SVK,49.20419,19.96519
1978,Parco nazionale del Circeo,II,89.18,ITA,41.19005,12.98728
1984,Zagatala State Nature Reserve,IA,485.16,AZE,41.77153,46.58059
1985,Belowezskaya Pushcha,II,885.86,BLR,52.71245,23.95518
1991,Hwange,II,14698.85,ZWE,-19.19100,26.62496
1993,Victoria Falls,III,26.48,ZWE,-17.96848,25.86657
2029,Croajingolong,II,885.16,AUS,-37.61347,149.48016
2186,Reserva Biológica Augusto Ruschi,IA,35.40,BRA,-19.88724,-40.54576
2190,Washington Slagbaai Park,II,42.46,BES,12.27638,-68.38108
2200,Castries and Dennery Waterworks Reserve and Marquis,II,91.93,LCA,13.91654,-60.96320
2213,Halfmoon Caye,II,39.50,BLZ,17.20836,-87.53371
2215,Parque Nacional De Anavilhanas,II,3502.38,BRA,-2.51991,-60.77833
2218,Estação Ecológica De Maracá,IA,1542.21,BRA,3.33310,-61.78010
2219,Estação Ecológica De Maracá Jipioca,IA,587.57,BRA,2.02098,-50.37795
2220,Estação Ecológica De Taiamã,IA,685.02,BRA,-16.93839,-57.53273
2221,Estação Ecológica De Uruçuí-Una,IA,1292.97,BRA,-8.88376,-45.20343
2222,Estação Ecológica Rio Acre,IA,789.16,BRA,-10.90938,-70.28266
2224,Perito Moreno,II,953.03,ARG,-47.92554,-72.29383
2226,Bosques Petrificados,III,149.93,ARG,-47.69982,-68.05780
2234,Los Corales del Rosario y de San Bernardo,II,1233.94,COL,9.95130,-75.77514
2235,Cahuita,II,243.88,CRI,9.78078,-82.73384
2236,Morne Trois Pitons,II,66.94,DMA,15.32389,-61.31038
2238,Manglares Churute,IB,500.85,ECU,-2.48717,-79.69854
2245,Archipiélago Los Roques,II,2209.73,VEN,11.88015,-66.75176
2246,Medanos de Coro,II,733.66,VEN,11.58843,-69.78763
2247,Morrocoy,II,288.21,VEN,10.88453,-68.27597
2249,Mupa National Park,II,6043.45,AGO,-15.91689,15.59555
2250,Manuel Antonio,II,274.15,CRI,9.08499,-84.17723
2251,Namibe Partial Reserve,IV,4594.04,AGO,-15.72265,12.39467
2257,Avakaba Presidential Park,IV,2635.79,CAF,8.56553,19.96391
2258,Andre Felix,II,951.95,CAF,9.46696,23.26170
2259,Zemongo,IV,13674.50,CAF,6.58557,25.25224
2260,Ouandjia-Vakaga,IV,7233.51,CAF,8.96920,21.76638
2261,Yata-Ngaya,IV,5404.85,CAF,9.18392,23.32923
2262,Gribingui-Bamingui,IV,4321.52,CAF,7.93643,19.31731
2264,Nana-Barya,IV,2313.66,CAF,7.62656,17.49623
2265,Koukourou-Bamingui,IV,1131.15,CAF,7.38893,19.92518
2266,Léfini,IV,3497.80,COG,-2.71346,15.43644
2270,Tsoulou,IV,288.19,COG,-3.57452,12.48651
2276,Yangudi Rassa,II,3046.21,ETH,10.95846,40.75977
2277,Mago,II,1867.10,ETH,5.61528,36.17942
2278,Nech-sar,II,342.38,ETH,5.97702,37.65989
2279,Abijatta-Shalla,II,918.19,ETH,7.54528,38.52554
2280,Omo,II,3885.96,ETH,5.98522,35.78278
2281,Bale Mountains,II,2307.72,ETH,6.80855,39.71151
2289,Kiang West,II,228.88,GMB,13.39922,-15.94010
2290,Niumi,II,47.25,GMB,13.54192,-16.51529
2293,Réserve partielle du N'Zo,IV,278.26,CIV,6.25975,-7.15657
2295,Buffalo Springs,II,130.09,KEN,0.57011,37.59728
2296,Ruma,II,120.61,KEN,-0.65233,34.26834
2298,Samburu,II,165.11,KEN,0.61446,37.53896
2299,Tana River Primate,II,170.14,KEN,-1.88313,40.12812
2300,Lake Bogoria,II,107.16,KEN,0.25978,36.10011
2303,Andohahela,II,761.11,MDG,-24.77002,46.72036
2305,Marojejy,II,555.74,MDG,-14.45661,49.70994
2306,Tsaratanana,II,1087.09,MDG,-13.97413,48.91029
2307,Tsimanampesotse,II,2016.27,MDG,-24.42884,44.00527
2308,Andringitra,II,314.70,MDG,-22.22577,46.93398
2309,Namoroka,II,225.25,MDG,-16.45852,45.34659
2312,Isalo,II,866.53,MDG,-22.42576,45.27230
2314,Montagne d'Ambre,II,305.66,MDG,-12.54203,49.15628
2315,Lengwe National Park,II,928.29,MWI,-16.21316,34.59613
2316,Liwonde National Park,II,505.28,MWI,-14.82325,35.32503
2317,Lake Malawi National Park,II,73.12,MWI,-14.09206,34.93166
2318,Nkhotakota Wildlife Reserve,IV,1785.26,MWI,-12.87451,34.02619
2319,Majete Wildlife Reserve,IV,704.74,MWI,-15.93462,34.59803
2320,Mwabvi Wildlife Reserve,IV,344.23,MWI,-16.71427,35.01208
2325,Kéniébaoulé,IV,676.79,MLI,12.60768,-8.60960
2327,Ansongo Giraffe Reserve,IV,15551.14,MLI,15.43907,1.76386
2331,Tamou,IV,752.38,NER,12.61721,2.31757
2332,Ferlo-Sud,IV,6686.80,SEN,14.85357,-13.96702
2333,Ferlo-Nord,IV,5160.96,SEN,15.65582,-13.96377
2336,Dinder,II,8399.73,SDN,12.35805,35.51977
2337,Badingilo,II,8938.85,SSD,5.36749,32.20176
2339,Oti-Kéran,II,859.93,TGO,10.14843,0.70911
2340,Fazao-Malfakassa,II,2193.87,TGO,8.76025,0.82482
2342,Fosse aux Lions,II,32.61,TGO,10.75518,0.19129
2347,Mosi oa tunya,II,69.71,ZMB,-17.89222,25.82108
2349,Ujung Kulon,II,1106.37,IDN,-6.69056,105.36023
2350,Gunung Gede - Pangrango,II,243.69,IDN,-6.77474,106.92803
2395,Yuraygir,II,384.02,AUS,-29.73958,153.24711
2409,Ngarkat,IA,2666.22,AUS,-35.68980,140.60948
2416,Kora,II,1790.23,KEN,-0.24446,38.76068
2419,South Turkana,II,1085.55,KEN,1.82612,35.73449
2427,Shaba,II,239.72,KEN,0.66362,37.81859
2460,Gaint's Tank,IV,40.32,LKA,8.85005,80.04671
2462,Wirawila - Tissa,IV,43.74,LKA,6.29723,81.24983
2469,Peak Wilderness NR,IA,134.94,LKA,6.81224,80.59614
2470,Senanayaka Samudra,IV,78.92,LKA,7.18550,81.47749
2471,Gal Oya Valley North - East,IV,67.71,LKA,7.32268,81.59568
2472,Gal Oya Valley South - East,IV,195.94,LKA,7.10603,81.46704
2474,Padaviya Tank,IV,28.83,LKA,8.79117,80.75839
2475,Trincomalee Naval Headworks,IV,179.32,LKA,8.50582,81.05507
2478,Madhu Road,IV,90.01,LKA,8.86025,80.16142
2480,Seruvila - Allai,IV,114.84,LKA,8.32332,81.34656
2481,Kudumbigala - Panama,IV,65.41,LKA,6.68855,81.75419
2487,Oiti,II,34.69,GRC,38.83595,22.28015
2489,Vikos-Aoos,II,32.34,GRC,39.92423,20.73993
2497,Nahuel Huapi,II,4782.85,ARG,-40.86439,-71.57644
2511,Capitol Reef,II,987.96,USA,38.06650,-111.14272
2516,Galichica,II,241.81,MKD,41.00073,20.86240
2517,Triglavski narodni park,II,839.84,SVN,46.33607,13.80158
2519,Nacionalni park Lovćen,II,62.69,MNE,42.37039,18.85370
2521,Kozara,II,39.08,BIH,45.01552,16.90038
2522,Nacionalni park Djerdap,II,637.44,SRB,44.55774,22.10926
2530,Zambezi,II,515.47,ZWE,-17.92557,25.68201
2531,Mana Pools,II,2122.13,ZWE,-15.97962,29.44275
2532,Chimanimani,II,211.47,ZWE,-19.83843,32.99186
2553,Internacional La Amistad,II,1982.90,CRI,9.42695,-83.12955
2555,Aouk-Aoukale,IV,3451.58,CAF,9.80908,21.36580
2559,O Le Pupu Pu'e,II,42.12,WSM,-13.98948,-171.72719
2561,Urho Kekkosen kansallispuisto,II,2551.15,FIN,68.16447,28.28704
2565,Glenveagh National Park,II,154.85,IRL,54.98385,-8.06445
2581,Parque Nacional Do Pantanal Matogrossense,II,1830.95,BRA,-17.64781,-57.42386
2584,Cañón del Sumidero,II,233.16,MEX,16.82796,-93.09502
2596,Nasolot,II,91.82,KEN,1.85953,35.40411
2605,Marramarra,II,116.68,AUS,-33.49399,151.07627
2606,Deua,IB,1212.21,AUS,-35.84993,149.76471
2607,Wadbilliga,IB,954.61,AUS,-36.33939,149.63849
2608,Mungo,II,1299.12,AUS,-33.52993,143.04875
2610,Cathedral Rock,IB,110.71,AUS,-30.43670,152.22964
2612,Mimosa Rocks,II,58.36,AUS,-36.61982,149.97918
2613,Budawang,IB,240.00,AUS,-35.43295,150.06255
2614,Kajuligah,IA,136.40,AUS,-32.69418,144.68780
2615,Nocoleche,IA,744.52,AUS,-29.90478,144.13984
2628,Great Barrier Reef,IA,859.52,AUS,-17.34223,147.74225
2630,Conway,II,326.66,AUS,-20.38982,148.74594
2632,Flinders Group,II,28.09,AUS,-14.15534,144.27126
2664,Danggali,IA,486.18,AUS,-33.51532,140.79955
2675,Brookfield,IA,55.33,AUS,-34.35446,139.48951
2681,Pieman River,II,38.93,AUS,-41.66443,145.03174
2694,Mount Bolangum N.C.R.,IA,27.01,AUS,-36.76358,143.01934
2695,Langi Ghiran,II,30.43,AUS,-37.30517,143.10000
2697,Discovery Bay Coastal Park,III,106.41,AUS,-38.23934,141.27482
2710,French Island,II,103.18,AUS,-38.34892,145.38462
2790,Eucla,II,37.93,AUS,-31.67916,128.94665
2860,Delta National Wildlife Refuge,IV,203.41,USA,29.24318,-89.23523
2861,Breton National Wildlife Refuge,IV,113.17,USA,29.75675,-89.02052
2869,Wassaw National Wildlife Refuge,IV,41.41,USA,31.91065,-80.99490
2870,Columbia,IV,109.22,USA,46.88673,-119.54706
2874,Fort Niobrara,IV,77.27,USA,42.88596,-100.45455
2876,Piedmont,IV,141.35,USA,33.07890,-83.71488
2877,Bosque Del Apache,IV,231.75,USA,33.77784,-106.86543
2878,Mcnary,IV,64.10,USA,46.18417,-119.04355
2879,Conboy Lake,IV,26.34,USA,45.96419,-121.31110
2880,Merritt Island National Wildlife Refuge,IV,523.75,USA,28.63072,-80.71876
2884,Cape Romain National Wildlife Refuge,IV,248.03,USA,32.99309,-79.49769
2885,Moosehorn National Wildlife Refuge,IV,118.95,USA,44.96319,-67.25551
2891,St. Marks National Wildlife Refuge,IV,302.85,USA,30.08549,-84.23584
2897,Alamosa,IV,48.87,USA,37.40736,-105.79773
2898,Alaska Maritime National Wildlife Refuge,IV,18436.53,USA,60.63224,0.31253
2899,Alaska Peninsula,IV,15960.91,USA,56.36847,-159.69902
2904,Arctic National Wildlife Refuge,IV,80324.57,USA,68.45596,-145.19493
2906,Back Bay National Wildlife Refuge,IV,35.06,USA,36.68629,-75.95683
2908,Bear Lake,IV,73.65,USA,42.17403,-111.22211
2909,Felsenthal,IV,279.95,USA,33.43816,-91.80315
2910,Baker Island National Wildlife Refuge,IA,1674.05,UMI,0.19580,-176.47807
2912,Fish Springs,IV,72.72,USA,39.85791,-113.37096
2926,Howland Island National Wildlife Refuge,IA,1710.34,UMI,0.80732,-176.61756
2928,Innoko,IV,16390.05,USA,63.79084,-158.20581
2929,Iroquois,IV,43.71,USA,43.13342,-78.39128
2931,Jarvis Island National Wildlife Refuge,IA,1744.85,UMI,-0.37234,-159.99903
2932,Johnston Island National Wildlife Refuge,IA,2293.51,UMI,16.74574,-169.50928
2934,Kofa,IV,2689.05,USA,33.24677,-114.00087
2941,Don Edwards San Francisco Bay National Wildlife Refuge,IV,117.33,USA,37.53927,-122.08542
2945,Seedskadee,IV,105.15,USA,41.84700,-109.86083
2946,Selawik,IV,11002.01,USA,66.50163,-159.15832
2948,Sevilleta,IV,922.06,USA,34.30512,-106.80185
2952,St. Vincent National Wildlife Refuge,IV,49.30,USA,29.66927,-85.22541
2954,Swan Lake,IV,44.65,USA,39.60749,-93.18529
2956,Tetlin,IV,2997.25,USA,62.81979,-141.94204
2957,Tewaukon,IV,34.38,USA,46.01908,-97.44197
2961,Turnbull,IV,77.73,USA,47.44033,-117.55856
2962,Tule Lake,IV,152.56,USA,41.90090,-121.48630
2965,Upper Ouachita,IV,220.80,USA,32.88259,-92.08249
2979,Long Lake,IV,92.54,USA,46.70963,-100.12362
2984,Guadalupe Mountains,II,352.97,USA,31.90680,-104.86827
3061,Tshabalala,IV,71.72,ZWE,-20.36722,28.58423
3066,Luando Integral Nature Reserve,IV,9949.09,AGO,-11.10263,17.30756
3070,Cascada de Bassaseachic,II,58.01,MEX,28.14488,-108.22289
3072,Volcán Nevado de Colima,II,65.27,MEX,19.53798,-103.61444
3086,Dasika symplegma Ossas Larisas,III,164.76,GRC,39.81704,22.68519
3090,Parnitha,II,39.53,GRC,38.16035,23.72455
3097,Niseko-Shakotan-Otarukaigan,II,313.21,JPN,43.10527,140.67000
3099,Rishiri rebun sarobetsu,II,357.75,JPN,45.20659,141.34452
3108,Echigosanzan-Tadami,II,1045.79,JPN,37.31252,139.38546
3109,Kurikoma,II,783.99,JPN,38.97803,140.67157
3116,Hayachine,II,54.33,JPN,39.54870,141.48080
3149,Krau,IA,603.39,MYS,3.72670,102.17725
3150,Tioman Island,IA,80.00,MYS,2.80755,104.17775
3151,Nadarivatu/Nadala Forest Reser,IA,62.47,FJI,-17.60824,177.98370
3158,2001250 Alajaure,IB,170.55,SWE,68.12349,20.17725
3159,2001842 Vindelfjällen,IB,5652.96,SWE,65.88426,15.83402
3161,2002537 Florarna,IA,53.50,SWE,60.29501,17.83238
3197,Forlandet,II,4629.64,SJM,78.57177,10.97849
3203,Smoldalen,IA,31.44,NOR,61.46012,12.46118
3207,Karlsøyvær,IA,49.40,NOR,67.56680,14.66709
3210,Hornstrandir,IB,588.91,ISL,66.36182,-22.69362
3213,Sounsan,IV,392.51,MLI,12.45633,-7.20820
3215,Azraq Wetland Reserve,IV,74.27,JOR,31.81955,36.86052
3219,Parque Estadual Do Rio Doce,II,360.30,BRA,-19.65498,-42.56031
3225,Sahel,IV,18209.39,BFA,14.54875,-0.64633
3226,Kourtiagou,IV,471.96,BFA,11.54994,1.96169
3228,Pama,IV,2433.68,BFA,11.39411,0.81731
3230,Gadabédji,IV,678.75,NER,15.16866,7.16471
3237,Lore Lindu,II,2153.57,IDN,-1.51903,120.15033
3281,Horton Plains,II,31.09,LKA,6.80441,80.80089
3293,Kokkilai,IV,55.83,LKA,8.98833,80.91741
3329,Cerro de Escazu,IV,71.67,CRI,9.87912,-84.17639
3330,Caraigres,IV,32.04,CRI,9.72541,-84.14456
3371,Golfo San José,II,818.77,ARG,-42.33459,-64.33359
3391,Bidu-Bidu,IA,160.89,MYS,5.83021,117.30029
3399,Gomantong,IA,44.68,MYS,5.52498,118.07060
3406,Kabili Sepilok,IA,42.77,MYS,5.84363,117.95711
3425,Madai Baturong,IA,58.49,MYS,4.70976,118.08709
3430,Mt. Andrassy,IA,35.58,MYS,4.37601,117.97658
3431,Mt. Cochrane,IA,29.24,MYS,6.62179,116.65065
3433,Mount Pock,IA,77.42,MYS,4.43706,118.37075
3435,Mt. Wullersdorf,IA,80.69,MYS,4.45471,118.12297
3440,Sepagaya,IA,40.61,MYS,4.96517,118.15656
3451,Pin-Supu,IA,46.75,MYS,5.41323,117.92704
3462,Tawai,IA,226.88,MYS,5.57199,117.13525
3466,Timbun Mata,IA,114.38,MYS,4.64444,118.45380
3468,Ulu Kalumpang,IA,508.01,MYS,4.60219,117.96087
3648,Berembun,IA,32.57,MYS,2.83781,102.04027
3706,"Batu Talam, Sungai Sia",IB,123.05,MYS,3.87393,101.65853
3851,Ladan Hills (Productive Production),IA,72.08,BRN,4.53003,114.77155
3939,Gunung Gading National Park,II,35.38,MYS,1.69575,109.81659
3961,Rajang Mangrove National Park,II,97.42,MYS,2.07361,111.27181
3995,2001362 Store Mosse,II,76.79,SWE,57.27980,13.94530
3997,2000931 Skuleskogen,II,30.57,SWE,63.11097,18.48006
3998,2001219 Stora Sjöfallet/Stuor Muorkke,II,1280.44,SWE,67.58372,18.00704
3999,Lansaang,II,104.66,THA,16.75567,99.01256
4000,Phu Rua,II,119.67,THA,17.49055,101.34177
4001,Chalearm Rattanakosin,II,57.65,THA,14.67440,99.28112
4002,Ramkamhaeng,II,285.80,THA,16.88636,99.66403
4003,Sai Yok,II,947.66,THA,14.37305,98.79852
4005,Muko Ang Thong,II,103.21,THA,9.61152,99.68953
4006,Khao Sok,II,640.50,THA,8.97143,98.63627
4007,Taad Ton,II,216.25,THA,15.97505,102.03105
4009,Sri Satchanalai,II,217.50,THA,17.60843,99.49757
4010,Phra Budda Chai (Khao Samlan),II,44.88,THA,14.42554,100.95935
4011,Ao Phang-nga,II,335.58,THA,8.20770,98.53960
4012,Kaengkrachan Forest Complex,II,3030.70,THA,12.84617,99.39769
4013,Doi Phamuang,IA,589.54,THA,18.24004,99.10732
4014,Doi Phachang,IA,580.39,THA,19.14470,100.48436
4015,Khlong Phraya,IA,147.26,THA,8.44103,98.93709
4052,Sept-Iles,IV,197.00,FRA,48.87157,-3.55067
4056,Lambir Hills National Park,II,64.08,MYS,4.20890,114.02442
4114,Parc National de Toubkal,II,393.36,MAR,31.08754,-7.86520
4115,Parc National de Tazekka,II,138.49,MAR,34.09128,-4.12332
4118,Djurdjura,II,202.17,DZA,36.46493,4.15575
4145,Barachois Pond Provincial Park,II,29.58,CAN,48.47570,-58.26405
4147,Butter Pot Provincial Park,II,28.33,CAN,47.38608,-53.05773
4162,Polar Bear Provincial Park,IB,23135.97,CAN,54.95990,-84.59034
4163,Rondeau Provincial Park (Natural Environment Class),II,33.00,CAN,42.28939,-81.87177
4166,Lake Superior Provincial Park (Natural Environment Class),II,1606.33,CAN,47.49108,-84.77009
4168,Whiteshell Provincial Park,II,1139.80,CAN,50.03430,-95.54050
4170,Duck Mountain Provincial Park,II,469.49,CAN,51.70537,-101.00266
4171,Hecla/Grindstone Provincial Park,II,401.28,CAN,51.19169,-96.59695
4172,Clearwater Lake Provincial Park,IV,119.20,CAN,54.08608,-101.11221
4174,Cypress Hills Provincial Park,II,201.29,CAN,49.63315,-110.20811
4176,SPATSIZI PLATEAU WILDERNESS PARK,II,6962.01,CAN,57.51492,-128.52409
4177,WELLS GRAY PARK,II,5404.11,CAN,52.26832,-120.05006
4178,ATLIN/A TEIX'GI AAN TLEIN PARK,II,2298.96,CAN,59.24554,-133.91581
4179,GARIBALDI PARK,II,1886.67,CAN,49.98489,-122.75705
4180,KWADACHA WILDERNESS PARK,IB,1303.35,CAN,57.81959,-125.03069
4181,MOUNT EDZIZA PARK,IB,2658.25,CAN,57.65738,-130.79106
4183,TATLATUI PARK,IB,1032.36,CAN,56.97815,-127.36846
4184,NAIKOON PARK,II,671.05,CAN,53.86326,-131.87877
4185,CATHEDRAL PARK,II,330.14,CAN,49.07668,-120.17300
4186,CAPE SCOTT PARK,II,171.13,CAN,50.76240,-128.14355
4191,Dinosaur Provincial Park,II,70.34,CAN,50.77914,-111.48486
4193,Siffleur Wilderness Area,IA,425.92,CAN,51.90220,-116.40825
4194,White Goat Wilderness Area,IA,445.55,CAN,52.23242,-116.80882
4206,Montagne des Sources,IA,54.81,NCL,-22.13146,166.55464
4208,Mont Panié,IV,55.63,NCL,-20.60093,164.78022
4219,Reserve Speciale de Faune de la Haute Yate,IV,71.13,NCL,-22.13950,166.69541
4262,Scilly (Manuae) et Bellinghausen (Motu One),IA,134.86,PYF,-16.19534,-154.61929
4343,Naturschutzgebiet Kaisergebirge,IV,92.64,AUT,47.58031,12.28137
4348,Naturschutzgebiete (NSG) - NSG Inneres Poellatal,IV,31.98,AUT,47.04934,13.47006
4365,Isla Aves,IV,1567.88,VEN,15.66874,-63.61749
4366,Duida - Marahuaca,II,4078.95,VEN,3.57451,-65.53485
4367,Serranía La Neblina,II,12000.28,VEN,1.27888,-65.88772
4372,Cerro Autana,III,90.82,VEN,4.92093,-67.41287
4377,Slovenský raj,II,194.17,SVK,48.90531,20.35069
4402,Feldberg,IV,42.26,DEU,47.86503,8.01361
4415,Östliche Chiemgauer Alpen,IV,98.62,DEU,47.71149,12.65574
4418,Karwendel und Karwendelvorgebirge,IV,193.51,DEU,47.49115,11.43729
4419,Ammergebirge,IV,288.72,DEU,47.55807,10.93312
4424,Vatnsfjörður,IV,190.43,ISL,65.65980,-23.11031
4425,Lónsöræfi,IV,293.63,ISL,64.57134,-15.17693
4462,Þjórsárver,IB,1559.81,ISL,64.72518,-18.68012
4463,Gorczański Park Narodowy,II,70.32,POL,49.54604,20.13771
4468,The Arabian Oryx Reserve,IV,2826.46,OMN,19.82963,57.28955
4470,Char Kukri-Mukri,IV,50.61,BGD,21.93607,90.65579
4474,Kaptai,II,57.39,BGD,22.49286,92.20819
4476,Sundarban East,IB,1227.19,BGD,22.00296,89.71987
4477,Sundarban South,IB,751.07,BGD,21.86071,89.41342
4478,Sundarban West,IB,1193.95,BGD,21.84938,89.19930
4479,Bhawal,IV,95.12,BGD,24.10728,90.41150
4481,Madhupur,IV,83.06,BGD,24.68978,90.09198
4482,Ribble Estuary,IV,52.35,GBR,53.70394,-2.95444
4487,Bou hedma,II,182.41,TUN,34.46139,9.53837
4489,Bontioli,IV,144.30,BFA,10.86787,-3.11249
4493,Luengue-Luiana National Park,II,22442.63,AGO,-17.15135,21.91042
4494,Buffalo partial reserve,IV,434.62,AGO,-12.80080,13.78383
4505,Baiuvi dupki-Dzhindzhiritsa,IA,28.73,BGR,41.82410,23.35189
4506,Tsarichina,IA,33.87,BGR,42.77367,24.42657
4646,Palo Verde,II,182.49,CRI,10.35025,-85.30705
4648,Vwaza Marsh Wildlife Reserve,IV,981.40,MWI,-11.00834,33.45207
4649,Marromeu,IV,1556.39,MOZ,-18.76689,35.95090
4652,Maputo,II,1039.70,MOZ,-26.52478,32.71331
4657,Jotunheimen,II,1152.21,NOR,61.55535,8.29620
4658,Hardangervidda,II,3432.72,NOR,60.13262,7.49117
4672,Sirinat,II,76.80,THA,8.11421,98.27732
4673,Muko Surin,II,116.93,THA,9.41436,97.91316
4674,Kaeng Tana,II,83.85,THA,15.27609,105.53144
4675,Mae Ping,II,1046.00,THA,17.59173,98.80659
4676,Wiang Kosai,II,437.65,THA,17.88710,99.49677
4677,Khao Laem Ya - Mu Ko Samet,II,126.79,THA,12.55881,101.46186
4679,Divjake-Karavasta,II,219.81,ALB,40.93645,19.46973
4722,Estuario do Sado,IV,239.70,PRT,38.47538,-8.69924
4726,Lampoko Mampie,IV,40.48,IDN,-1.98667,120.92021
4727,Tanjung Peropa,IV,395.00,IDN,-4.23274,122.81910
4734,Juwangsan,II,106.05,KOR,36.39760,129.16365
4735,Taeanhaean,II,388.64,KOR,36.66848,126.21085
4736,Dadohaehaesang,II,2275.35,KOR,34.38069,126.53856
4745,Sierra Espuña,II,177.00,ESP,37.86900,-1.55749
4750,Tablas de Daimiel,II,30.13,ESP,39.14968,-3.71084
4768,Melville Bay,IB,8007.04,GRL,75.97178,-61.00326
4796,Berlengas,IV,95.57,PRT,39.45160,-9.51728
4820,Monfragüe,II,179.96,ESP,39.79412,-5.93055
4891,Estação Ecológica Do Jari,IA,2311.11,BRA,-0.49469,-52.96656
4893,Parque Estadual Turístico Do Alto Do Ribeira,II,359.02,BRA,-24.46085,-48.59659
4896,Parque Estadual De Campos Do Jordão,II,82.05,BRA,-22.68383,-45.45634
4897,Parque Estadual Carlos Botelho,II,401.36,BRA,-24.13090,-47.95530
4900,Parque Estadual De Ilhabela,II,293.23,BRA,-23.84479,-45.23510
4904,Parque Estadual Da Serra Do Mar,II,3222.93,BRA,-23.73375,-46.01587
4912,Parque Estadual Da Cantareira,II,76.20,BRA,-23.40162,-46.59005
4993,Kepulauan Seribu,II,1129.56,IDN,-5.61607,106.58969
4994,Kerinci Seblat,II,13562.88,IDN,-2.26241,101.71880
5022,Analamerana,II,471.73,MDG,-12.79374,49.48379
5023,Anjanaharibe_sud,IV,269.19,MDG,-14.71273,49.45225
5024,Ankarana,IV,252.53,MDG,-12.91705,49.13533
5026,Manongarivo,IV,516.19,MDG,-14.01541,48.37505
5027,Kalambatrika,IV,304.13,MDG,-23.37156,46.48359
5028,Manombo,IV,65.43,MDG,-23.04386,47.72219
5029,Ivohibe,IV,44.94,MDG,-22.50581,46.97017
5030,Ambohijanahary,IV,243.17,MDG,-18.36156,45.38446
5031,Bemarivo,IV,120.36,MDG,-16.95045,44.40608
5032,Bora,IV,40.56,MDG,-14.91490,48.22381
5033,Kasijy,IV,229.71,MDG,-17.07330,45.88647
5034,Maningoza,IV,59.72,MDG,-17.03443,44.93005
5035,Marotandrano,IV,451.28,MDG,-16.43315,48.70722
5036,Tampoketsa Analamaitso,IV,225.81,MDG,-16.16164,48.15090
5037,Ambatovaky,IV,781.43,MDG,-16.74004,49.15878
5038,Mangerivola,IV,124.77,MDG,-18.19937,48.87904
5040,Andranomena,IV,81.75,MDG,-20.17911,44.50952
5041,Cap Sainte Marie,IV,36.22,MDG,-25.56460,45.17243
5061,Jigme Dorji National Park,II,4373.92,BTN,27.89684,89.77188
5066,Jigme Singye Wangchuck National Park,II,1729.99,BTN,27.25488,90.37851
5067,Jomotsangkha Wildlife Sanctuary,IV,362.15,BTN,26.90909,91.91314
5068,Khao Phanom Bencha,II,51.63,THA,8.26929,98.92784
5081,Mavinga National Park,II,42257.68,AGO,-15.69754,20.44650
5111,Linnansaaren kansallispuisto,II,97.14,FIN,62.11639,28.42321
5118,Khuen Si Nakarin,II,1847.29,THA,14.74642,99.02882
5125,Parque Estadual Da Serra Das Araras,II,152.34,BRA,-15.41150,-45.33929
5126,Reserva Biológica Do Guaporé,IA,6158.11,BRA,-12.53599,-62.86154
5127,Reserva Biológica Do Abufari,IA,2247.45,BRA,-5.17361,-63.04466
5155,Bomfobiri,IV,77.03,GHA,7.00359,-1.19631
5164,Bahr Salamat,IV,21028.44,TCD,10.53164,19.40920
5166,Mandelia,IV,1316.10,TCD,11.55979,15.22284
5168,Binder-Léré,IV,1397.70,TCD,9.67109,14.36710
5173,Nini-Suhien,II,132.29,GHA,5.34637,-2.57511
5178,Ndiael,IV,486.21,SEN,16.24614,-16.03159
5179,Western Area,II,164.13,SLE,8.33808,-13.17061
5211,Bicol Natural Park,II,54.71,PHL,13.92246,122.94842
5218,Apo Reef Natural Park,II,157.82,PHL,12.67002,120.48058
5219,Mt. Isarog Natural Park,II,100.98,PHL,13.65231,123.37759
5220,Bulusan Volcano Natural Park,II,36.43,PHL,12.77135,124.06118
5242,Hellyer Gorge,II,30.38,AUS,-41.30719,145.60471
5376,Gogorrón,II,364.94,MEX,21.78997,-100.90987
5379,El Tepozteco,II,232.77,MEX,18.99256,-99.11414
5382,Benito Juárez,II,25.90,MEX,17.13430,-96.67231
5385,Cañón del Río Blanco,II,487.96,MEX,18.80434,-97.16589
5392,Cumbres de Majalca,II,47.03,MEX,28.80616,-106.47233
5394,Cumbres de Monterrey,II,1774.59,MEX,25.35603,-100.34078
5399,Sierra de San Pedro Mártir,II,729.29,MEX,30.93404,-115.44131
5404,El Veladero,II,36.19,MEX,16.87135,-99.88573
5439,Naturschutzgebiet Valsertal,IV,35.18,AUT,47.03394,11.59321
5808,Serra da Malcata,IV,161.55,PRT,40.25354,-7.03619
5938,Parco naturale Paneveggio - Pale di San Martino,IV,197.07,ITA,46.27562,11.80405
5939,Parco naturale dell'Alpe Veglia e dell'Alpe Devero,IV,86.08,ITA,46.30619,8.21208
5947,Riserva naturale Salina di Margherita di Savoia,IV,48.63,ITA,41.40258,16.05610
5953,Riserva naturale Piani Eterni - Errera - Val Falcina,IA,54.43,ITA,46.16091,11.97818
5954,Riserva naturale Schiara occidentale,IA,31.87,ITA,46.22416,12.14865
5955,Riserva naturale Foresta demaniale del Circeo,IA,31.18,ITA,41.32665,13.04426
5957,Riserva naturale Vette Feltrine,IA,27.23,ITA,46.08842,11.84517
6006,"Parco naturale di Migliarino, San Rossore e Massaciuccoli",IV,141.65,ITA,43.72533,10.30603
6009,Parco naturale regionale Monti Simbruini,IV,298.39,ITA,41.92988,13.20984
6010,Parco dei Nebrodi,IV,843.12,ITA,37.94637,14.66089
6012,Parco naturale Gruppo di Tessa,IV,311.46,ITA,46.79253,11.02247
6013,Parco naturale Puez Odle,IV,96.35,ITA,46.61118,11.80688
6014,Parco naturale Fanes - Sennes e Braies,IV,253.51,ITA,46.63754,12.07903
6015,Parco naturale Dolomiti di Sesto,IV,118.59,ITA,46.66915,12.31749
6020,Parco naturale della Alta Valle Pesio e Tanaro,IV,66.63,ITA,44.19725,7.68627
6022,Parco naturale delle Alpi Marittime,IV,279.05,ITA,44.20074,7.35118
6028,Parco naturale delle Capanne di Marcarolo,IV,95.30,ITA,44.57272,8.78639
6036,Parco naturale Monte Corno,IV,65.11,ITA,46.28074,11.28780
6041,Parco regionale naturale dei Monti Lucretili,IV,182.87,ITA,42.10088,12.85728
6045,Parco regionale del Matese,IV,333.74,ITA,41.38223,14.33729
6074,Reserva Biológica Do Tapirapé,IA,992.72,BRA,-5.66152,-50.61270
6138,Havmyran,IA,38.65,NOR,63.50760,8.62233
6181,Parco Nazionale delle Dolomiti Bellunesi,II,309.94,ITA,46.18120,12.01524
6271,Contamines-Montjoie,IV,55.47,FRA,45.78021,6.74963
6491,Parnassos,II,37.08,GRC,38.54622,22.52635
6537,Dasi Amygdaleona Kavalas,III,26.39,GRC,40.92750,24.39110
6673,Jaragua,II,1533.72,DOM,17.78306,-71.49462
6674,Monte Cristi,II,245.01,DOM,19.90584,-71.44828
6675,Sierra de Bahoruco,II,1091.21,DOM,18.14899,-71.54667
6684,Runn of Kutch,IV,10582.38,PAK,24.56183,70.00585
6688,Taunsa Barrage,IV,71.09,PAK,30.58183,70.79781
6690,Chumbi Surla,IV,556.23,PAK,32.67002,72.33000
6692,Chashma,IV,215.09,PAK,32.49738,71.43954
6693,Takkar,IV,642.65,PAK,27.29259,68.81862
6694,"Keenjhar Lake (Kalri, Malik Lake)",IV,128.22,PAK,24.94203,68.06251
6699,Mahal Kohistan,IV,652.93,PAK,25.46609,67.57384
6700,Hab Dam,IV,462.11,PAK,25.14296,67.15509
6720,Keti Bunder North,IV,88.80,PAK,24.25000,67.75000
6733,Maslakh,IV,462.57,PAK,30.08332,66.58330
6735,Sasnamana,IV,64.75,PAK,30.37000,67.87032
6736,Ziarat,IV,370.11,PAK,29.92001,67.87000
6737,Koh-e-Ghisk,IV,241.95,PAK,29.13331,66.75000
6738,Kachau,IV,215.06,PAK,25.83330,66.53330
6740,Shashan,IV,293.47,PAK,27.25000,66.45000
6741,Chorani,IV,192.98,PAK,27.50000,66.70000
6742,Dureji,IV,1769.07,PAK,25.72017,67.13450
6744,Raghai Rakhshan,IV,1245.65,PAK,27.25003,65.50000
6745,Kolwah Kap,IV,329.60,PAK,25.75001,64.49999
6746,Buzi Mekola,IV,1439.51,PAK,25.50896,64.07999
6750,Naltar,IV,211.22,PAK,36.18195,74.16432
6755,Sodhi,IV,53.00,PAK,32.08331,72.33331
6807,Ras Koh,IV,988.32,PAK,28.33003,65.08000
6837,2001925 Persö,III,42.13,SWE,58.75667,17.67162
6907,2001071 Sjaunja,IA,2850.16,SWE,67.44780,18.86633
6932,Ambohitantely,IV,49.48,MDG,-18.15933,47.30547
6937,Morne Seychellois National Park,II,31.30,SYC,-4.64760,55.41532
6945,Aoupiné Fauna Reserve,IV,54.74,NCL,-21.17518,165.29831
7005,Lange Rhön,IV,32.90,DEU,50.47682,10.03646
7011,NSG Siebengebirge <SU>,IV,42.72,DEU,50.66893,7.24572
7162,Banc D\'Arguin,IV,43.63,FRA,44.58136,-1.25364
7215,Bataan Natural Park,II,199.80,PHL,14.72539,120.36898
7289,Puerto Princesa Subterranean River National Park,II,218.18,PHL,10.18657,118.92607
7367,Vumba,IV,77.46,ZWE,-19.09872,32.79528
7368,Bunga Forest,IV,135.51,ZWE,-19.12754,32.77113
7374,Parc Territorial de la Riviere Bleue,II,87.86,NCL,-22.10853,166.61707
7396,Gewane,IV,3007.41,ETH,10.39291,40.68377
7397,Mille-Serdo,IV,7308.82,ETH,11.72411,41.08145
7398,Awash-West,IV,1494.35,ETH,8.95536,39.90267
7400,Chelbi,IV,3958.32,ETH,4.93089,36.86066
7401,Yabello,II,2198.87,ETH,4.86765,38.56329
7403,Tama,IV,3408.25,ETH,5.99303,36.07995
7417,Outamba,II,735.42,SLE,9.74812,-12.03677
7437,Maswa G.R. (N),IV,751.57,TZA,-2.70452,34.45075
7438,Rungwa River G.C.A.,IV,3321.01,TZA,-7.03602,32.41903
7444,Hlane Royal National Park,II,217.32,SWZ,-26.25896,31.87209
7445,Malalotja Nature Reserve,II,162.92,SWZ,-26.09388,31.08244
7446,Mlilwane Wildlife Sanctuary,II,45.83,SWZ,-26.43610,31.15863
7447,Sehlabathebe,II,69.51,LSO,-29.90923,29.11690
7449,Moremi,IB,4827.45,BWA,-19.29651,23.21831
7450,Chobe,II,1371.21,BWA,-18.21648,24.44938
7451,Mlawula Nature Reserve,II,161.48,SWZ,-26.24750,32.02090
7456,Maikaelelo,II,538.01,BWA,-18.54469,25.07789
7457,Kasane,II,145.20,BWA,-17.86287,25.20004
7458,Kazuma,II,179.34,BWA,-18.43074,25.50204
7459,Sibuyu,II,1163.64,BWA,-18.87079,25.74396
7461,del Río Abiseo,II,2743.27,PER,-7.73243,-77.22467
7466,Namtok Mae Surin,II,420.33,THA,19.11933,98.03418
7467,Taksin Maharat,II,255.63,THA,16.83098,98.86715
7468,Khlong Lan,II,420.38,THA,16.18659,99.21023
7472,Khao Pu - Khao Ya,II,709.24,THA,7.69221,99.82292
7473,Ao Phangnga - Mu Koh Surin - Mu Koh Similan,II,137.71,THA,8.77817,97.72231
7479,Paljakan  luonnonpuisto,IA,29.49,FIN,64.71309,28.03700
7485,Värriön luonnonpuisto,IA,124.82,FIN,67.73999,29.63393
7487,Olvassuon luonnonpuisto,IA,66.96,FIN,65.11274,27.24823
7490,Riisitunturin kansallispuisto,II,76.49,FIN,66.22867,28.47528
7491,Hiidenportin kansallispuisto,II,44.57,FIN,63.87885,29.05547
7492,Tiilikkajärven kansallispuisto,II,72.27,FIN,63.63636,28.39568
7493,Patvinsuon kansallispuisto,II,105.46,FIN,63.10982,30.69332
7494,Salamajärven kansallispuisto,II,64.67,FIN,63.26645,24.73764
7495,Kauhanevan-Pohjankankaan kansallispuisto,II,69.47,FIN,62.18798,22.40349
7496,Lauhanvuoren kansallispuisto,II,59.09,FIN,62.14940,22.16077
7497,Helvetinjärven kansallispuisto,II,50.49,FIN,62.02636,23.85332
7498,Seitsemisen kansallispuisto,II,46.88,FIN,61.92945,23.43004
7501,Saaristomeren kansallispuisto,II,533.57,FIN,59.92365,21.89907
7505,Moyowosi G.R (N),IV,11381.95,TZA,-4.12638,31.02926
7506,Hell's Gate,II,68.17,KEN,-0.87027,36.32248
7507,Khutse,IB,2537.25,BWA,-23.54083,24.29542
7508,Gemsbok,IB,25938.97,BWA,-25.28440,21.07814
7510,Central Kalahari,IB,52225.35,BWA,-22.16037,24.12157
7521,Mahale Mountains National Park,II,1585.44,TZA,-6.22941,29.91202
7522,Parc national d'Azagny,II,223.12,CIV,5.22677,-4.87751
7523,Parc national de la Comoé,II,11494.61,CIV,9.06033,-3.76851
7843,Orle River,IV,452.34,NGA,6.91949,6.50143
7844,Gilli-Gilli,IV,309.86,NGA,6.03367,5.34387
7860,Lame-Burra,IV,2337.25,NGA,10.76556,9.10632
7863,Dagida,IV,364.68,NGA,9.65948,5.47324
7872,Baturiya Wetlands,IV,685.91,NGA,12.51519,10.42228
7873,Gashaka-Gumti,II,5827.35,NGA,7.51345,11.68654
7874,Kamuku,II,346.19,NGA,10.79379,6.31002
7875,Falgore (Kogin Kano),IV,554.09,NGA,11.16187,8.67229
7877,Cat Ba,II,116.48,VNM,20.79329,107.04773
7878,Cuc Phuong,II,223.46,VNM,20.31711,105.59062
7879,Parc Macaya,II,131.36,HTI,18.36980,-74.04291
7880,La Visite,II,114.19,HTI,18.34222,-72.26105
7883,Kizigo G.R. (C),IV,5071.36,TZA,-6.57732,34.54378
7888,South Island,II,149.31,KEN,2.63513,36.59350
7908,Estação Ecológica Do Taim,IA,328.06,BRA,-32.72904,-52.87291
7912,Podocarpus,II,1384.35,ECU,-4.25953,-78.97724
7913,Cajas,II,293.85,ECU,-2.84832,-79.26365
7938,Mecuburi,IV,2380.56,MOZ,-14.36019,39.20187
7939,Ribáuè,IV,128.73,MOZ,-14.90033,38.03983
7941,Baixo Pinda,IV,199.39,MOZ,-14.28460,40.67472
7942,Matibane,IV,109.27,MOZ,-14.71992,40.78873
7943,Derre,IV,1550.15,MOZ,-17.28204,35.96899
7945,Nhapacuā,IV,26.18,MOZ,-18.52808,35.48918
7947,Régulo Zomba,IV,25.90,MOZ,-19.37417,33.23753
7948,Maronga,IV,150.13,MOZ,-20.02430,33.07936
7949,Mucheve,IV,92.01,MOZ,-20.54962,33.74706
7951,Licuati,IV,141.02,MOZ,-26.42830,32.46315
7952,Shey-Phoksundo,II,3598.65,NPL,29.37804,82.83200
7953,Khaptad,II,207.71,NPL,29.38024,81.12581
7962,Lower Zambezi,II,4138.04,ZMB,-15.44737,29.68384
7996,Royal Manas National Park,II,1056.87,BTN,26.95859,90.90215
8005,Pidaung Wildlife Sanctuary,IV,121.62,MMR,25.48556,97.17673
8006,Chatthin Wildlife Sanctuary,IV,282.28,MMR,23.58633,95.52866
8010,Kahilu Wildlife Sanctuary,IV,150.27,MMR,17.55006,97.51878
8011,Mulayit Wildlife Sanctuary,IV,241.04,MMR,16.11318,98.46379
8024,Moeyungyi Wetland Wildlife Sanctuary,IV,100.39,MMR,17.55224,96.60959
8027,Natmataung National Park,II,1242.08,MMR,21.38117,93.78598
8029,Popa Mountain Park,II,97.80,MMR,20.87405,95.26350
8033,Meinmahla Kyun Wildlife Sanctuary,IV,134.70,MMR,15.97147,95.28748
8035,Lampi Marine National Park,II,2025.02,MMR,10.78504,98.18372
8037,Pang Sida,II,852.69,THA,14.07251,102.29462
8040,Thap Lan,II,2216.61,THA,14.33986,102.25039
8043,Mu Ko Libong,IV,232.28,THA,7.26462,99.44568
8044,Doi Suthep-Pui,II,281.80,THA,18.92420,98.85624
8067,Enarotali,IA,2804.25,IDN,-3.81859,136.39156
8068,Pegunungan Wayland,IA,1373.07,IDN,-3.73541,135.80053
8101,Pegunungan Wondiboy,IA,719.58,IDN,-2.72961,134.57292
8102,Teluk Cendrawasih,II,14470.73,IDN,-2.54871,134.62577
8103,Tamrau Utara,IV,3556.43,IDN,-0.68340,132.73701
8104,Pegunungan Arfak,IA,832.71,IDN,-1.23169,134.04577
8106,Pegunungan Kumawa,IA,1288.54,IDN,-3.88863,133.07513
8107,Pegunungan Fakfak,IA,331.29,IDN,-2.98255,132.45649
8109,Danau Bian,IV,1105.32,IDN,-7.24708,140.46940
8110,Biak Utara,IA,56.61,IDN,-0.73890,135.85967
8113,Pulau Misool,IA,1104.07,IDN,-1.94890,130.10211
8114,Pulau Salawati Utara,IA,624.84,IDN,-1.02472,130.84392
8115,Pulau Batanta Barat,IA,169.81,IDN,-0.85548,130.60050
8116,Waigeo Barat Timur,IA,978.77,IDN,-0.23769,130.59771
8117,Yapen Tengah,IA,1127.67,IDN,-1.77419,136.33287
8501,Nara Desert,IV,7286.68,PAK,27.05785,69.44398
8517,Loma Mountains Alikalia,II,154.49,SLE,9.22637,-11.28159
8544,Gunung Simpang,IA,147.42,IDN,-7.31236,107.40515
8545,Gunung Sawal,IV,55.32,IDN,-7.21288,108.27049
8550,Gunung Burangrang,IA,30.34,IDN,-6.73676,107.55368
8552,Muara Kaman Sedulang,IV,653.55,IDN,0.14298,116.71916
8559,Gunung Ciremai,II,148.29,IDN,-6.88262,108.40552
8613,Kepulauan Karimun Jawa,II,1205.31,IDN,-5.79502,110.31955
8628,Gunung Ambang,III,150.03,IDN,0.84249,124.38303
8654,Teluk Adang,IA,596.90,IDN,-1.71909,116.34926
8662,Manupeu Tanadaru,II,500.05,IDN,-9.73677,119.67638
8673,Betung Kerihun,II,8173.00,IDN,1.10395,113.20254
8684,Teluk Pamukan,IA,212.80,IDN,-2.58654,116.31874
8685,"Teluk Kelumpang, Selat Laut dan Selat Sebuku",IA,589.07,IDN,-3.22608,116.18490
8702,Gunung Tambora Selatan,IV,787.24,IDN,-8.27586,118.04861
8764,Gunung Sibela,IA,226.76,IDN,-0.72854,127.54662
8765,Pulau Obi,IA,161.33,IDN,-1.51806,127.70637
8766,Taliabu,IA,97.21,IDN,-1.77378,124.60868
8771,Gunung Sahuwai,IA,183.38,IDN,-3.22524,127.98835
8784,Kepulauan Banyak,IA,2305.62,IDN,2.17959,97.29376
8785,Ai-Ais Hot Springs,II,4353.80,NAM,-27.83121,17.34499
8794,Kulamba,IA,206.33,MYS,5.52274,118.66973
8795,Tabin Wildlife Reserve,IA,1117.82,MYS,5.22516,118.70470
8796,Crocker Range,II,1396.73,MYS,5.53393,116.15569
8810,Maliau Basin,IA,583.33,MYS,4.81842,116.90968
8835,Pati-Pati,IV,30.69,IDN,-0.64200,123.02976
8841,Gunung Sojol,IA,685.30,IDN,0.50320,120.22978
8846,Bangkiriang,IV,122.82,IDN,-1.34724,122.34651
8849,Pegunungan Faruhumpenai,IA,907.66,IDN,-2.38037,121.03430
8871,Take Bone Rate,II,5595.91,IDN,-6.65174,121.14955
8872,Nantu,III,516.98,IDN,0.86039,122.38483
8877,Buton Utara,IV,912.15,IDN,-4.68697,123.01565
8883,Lambusango,IV,276.04,IDN,-5.29449,122.83277
8916,Karang Gading dan Langkat Timur Laut,IV,134.12,IDN,3.92032,98.59035
8943,Pulau Berkeh,IA,74.44,IDN,2.21157,100.74126
8945,Pulau Laut,IA,1157.62,IDN,-1.94847,130.10071
8950,Bukit Rimbang Bukit Baling,IV,1416.46,IDN,-0.36221,101.01823
8953,Giam Siak Kecil,IV,782.56,IDN,1.16242,101.68852
8959,Bukit Batu,IV,216.29,IDN,1.39132,101.84686
8960,Tasik Tanjung Padang,IV,52.86,IDN,1.29725,102.28031
8961,Tasik Besar-Tasik Metas,IV,50.39,IDN,0.58131,102.67475
8970,Hutan Bakau Pantai Timur,IA,51.00,IDN,-0.96752,103.90074
8978,Bentayan,IV,236.47,IDN,-2.31692,104.05723
8980,Dangku,IV,480.09,IDN,-2.45357,103.74697
9006,Lunugamwehera,II,235.28,LKA,6.43910,81.20490
9007,Maduru Oya,II,499.95,LKA,7.53366,81.17379
9011,Minneriya - Giritale,IV,59.39,LKA,8.02397,80.87812
9014,Trikonamadu,IV,218.51,LKA,8.19156,81.27422
9024,Aïr and Ténéré Nature Reserves,IV,54742.79,NER,19.04487,9.46886
9025,Yangmingshan,II,113.67,TWN,25.18080,121.55883
9030,Yushan,II,1031.42,TWN,23.40044,121.03758
9033,Fada Archei,IV,1739.72,TCD,16.95608,21.40160
9034,Abou Telfane,IV,1082.69,TCD,12.09774,18.88424
9148,Nyungwe,IV,1018.62,RWA,-2.55525,29.21062
9154,Poudre d'Or Fishing Reserve,IV,28.13,MUS,-20.07111,57.70733
9160,Ruvubu,II,533.18,BDI,-3.13644,30.32284
9161,Kibira,II,477.46,BDI,-2.95189,29.39588
9162,Rusizi,II,85.05,BDI,-3.23095,29.26331
9164,Bururi Forest,IB,26.85,BDI,-3.93641,29.60794
9279,Rema-Kalenga,II,62.32,BGD,24.17238,91.62069
9280,Pablakhali,II,435.43,BGD,23.17886,92.27087
9281,Teknaf,IV,113.83,BGD,20.99126,92.22183
9286,Kenting,II,329.34,TWN,21.99631,120.79410
9287,Taroko,II,980.54,TWN,24.21333,121.47488
9299,John Pennekamp Coral Reef State Park,IV,255.02,USA,25.18345,-80.33524
9301,Bupul,IA,819.75,IDN,-7.63326,140.70987
9310,Diawling,II,159.60,MRT,16.35599,-16.37259
9400,La Paya,II,4401.25,COL,0.14640,-75.18673
9463,Boonoo Boonoo,II,48.03,AUS,-28.82693,152.15885
9464,Border Ranges,IB,318.63,AUS,-28.40747,152.93179
9465,Bundjalung,IB,219.64,AUS,-29.24833,153.31084
9467,Nymboida,IB,406.46,AUS,-29.65362,152.40825
9470,Tarlo River,IA,86.50,AUS,-34.51884,149.91614
9472,Woko,II,82.27,AUS,-31.75925,151.78535
9475,Littabella,II,83.83,AUS,-24.65603,152.00291
9481,Main Range,II,383.05,AUS,-28.07051,152.36649
9482,Tully Gorge,II,605.97,AUS,-17.84928,145.75616
9483,Cania Gorge,II,29.24,AUS,-24.68537,150.98353
9484,Lindeman Islands,II,28.26,AUS,-20.47361,149.06968
9543,Goongarrie,II,600.08,AUS,-29.98159,121.58824
9566,Fertő–Hanság Nemzeti Park,II,238.63,HUN,47.59016,16.99301
9739,Théniet El Had,II,40.47,DZA,35.85368,1.96808
9740,Chréa,II,276.86,DZA,36.40579,2.82720
9741,El Kala,II,776.95,DZA,36.76953,8.43966
9742,Belezma,II,272.12,DZA,35.60715,6.11002
9743,Taza,II,41.15,DZA,36.69411,5.58849
9782,Ras Mohammed,II,785.50,EGY,27.87655,34.38708
9784,Om Koi,IA,1204.82,THA,17.57570,98.59205
9786,Pulau Redang Marine Park,II,123.87,MYS,5.78409,103.01638
9799,Laem Son,II,266.43,THA,9.48258,98.41230
9800,Mu ko Chang,II,636.27,THA,11.96705,102.37814
9801,Phu Hin Rong Kla,II,315.08,THA,17.00165,101.02516
9805,Hat Chao Mai,II,149.32,THA,7.41192,99.31266
9816,Loagan Bunut National Park,II,101.41,MYS,3.78515,114.21760
9819,Pulong Tau National Park,II,665.40,MYS,3.68540,115.39295
9842,Gunong Lumaku,IA,66.62,MYS,5.11039,115.84401
9845,Silabukan,IA,113.12,MYS,5.03025,118.70864
9850,Lipaso,IA,35.34,MYS,5.71004,117.03878
9852,Ulu Telupid,IA,63.57,MYS,5.59540,117.01046
9853,Mandamai,IA,53.40,MYS,6.55978,117.10665
9865,Maligan,IA,91.48,MYS,4.58619,115.61446
9878,Lungmanis,IA,67.48,MYS,5.71602,117.69072
9880,Kalumpang,IA,37.46,MYS,4.59086,118.21590
9881,Brantian-Tatulit,IA,40.86,MYS,4.57088,117.49910
9883,Milian-Labau,IA,27.64,MYS,5.13368,116.57234
9889,Lille Sølensjø,IA,34.87,NOR,62.02083,11.57114
9890,Kvisleflået og Hovdlia,IA,56.89,NOR,61.79732,12.08921
9891,Froan,IA,404.38,NOR,64.04547,9.02954
9893,Jávreoaivvit,IA,31.96,NOR,69.52416,21.21459
9895,Makkaurhalvøya,IA,116.69,NOR,70.63155,30.14285
9898,Skogvoll,IA,55.67,NOR,69.16199,15.82752
9899,Barvikmyran og Blodskytodden,IA,26.33,NOR,70.41159,30.92863
9915,Skipsfjord,IV,54.12,NOR,70.14620,19.82121
9917,Austerdalen,IV,25.29,NOR,67.15391,15.26759
10000,Sungkai,IA,35.79,MYS,4.03743,101.36549
10028,Pulau Perhentian Besar Marine Park,II,89.42,MYS,5.90341,102.75509
10089,Parsa,IV,557.20,NPL,27.38603,84.82547
10110,Bach Ma,II,373.38,VNM,16.12407,107.77319
10111,Con Dao,II,72.74,VNM,8.69446,106.63775
10113,Ba Vi,II,118.99,VNM,21.01676,105.40736
10120,Phnom Prech,IV,2190.22,KHM,12.75198,106.82492
10121,Lumphat,IV,2524.51,KHM,13.31858,106.94372
10196,El Teide,III,35.87,ESP,28.26706,-16.64083
10279,Danum Valley,IA,436.36,MYS,4.93867,117.69117
10288,Kawah Kamojang,IA,43.90,IDN,-7.15962,107.75324
10290,Morowali,III,2134.36,IDN,-1.64497,121.51720
10312,Dolok Sipirok,IA,72.14,IDN,1.68235,99.23724
10314,Dolok Sibual-buali,IA,50.18,IDN,1.54470,99.23935
10320,Padang Sugihan,IV,882.18,IDN,-2.91102,105.14132
10326,Mt. Malindang Natural Park,II,351.61,PHL,8.27788,123.64475
10327,Somawatiya Chaithya,II,405.33,LKA,8.18320,81.09502
10328,Flood Plains,II,176.22,LKA,7.95507,81.11018
10345,Phong Nha-Ke Bang,II,1216.09,VNM,17.55903,106.09169
10346,Ba Na - Nui Chua,IV,267.39,VNM,16.07955,107.94882
10356,Nam Don,IV,134.49,VNM,21.66980,103.82611
10357,Hoang Lien,II,296.84,VNM,22.24863,103.86237
10359,Nui Pia Oac,IV,138.65,VNM,22.59524,105.87013
10360,Trung Khanh,IV,28.44,VNM,22.88955,106.55292
10361,Huu Lien,IV,96.75,VNM,21.69198,106.37862
10362,Muong Nhe,IV,477.66,VNM,22.22333,102.35702
10363,Sop Cop,IV,167.99,VNM,21.00164,103.60600
10364,Xuan Son,II,120.64,VNM,21.12206,104.94880
10365,Xuan Nha,IV,185.59,VNM,20.65450,104.71744
10366,Thuong Tien,IV,62.80,VNM,20.64369,105.46095
10369,Ben En,II,141.08,VNM,19.59689,105.46707
10372,Hang Kia-Pa Co,IV,63.41,VNM,20.72694,104.91673
10375,Vu Quang,II,588.47,VNM,18.28062,105.42350
10377,Kon Chu Rang,IV,137.70,VNM,14.50524,108.56450
10378,Kon Ka Kinh,II,420.10,VNM,14.32624,108.35923
10379,Krong Trai,IV,136.56,VNM,13.10201,108.86652
10380,Chu Yang Sin,II,602.93,VNM,12.37848,108.42946
10383,Nui Dai Binh,IV,96.25,VNM,11.53055,107.77423
10385,Kalon Song Mao,IV,427.59,VNM,11.45802,108.42017
10386,Nui Ong,IV,242.20,VNM,11.08326,107.75660
10387,Binh Chau-Phuoc Buu,IV,125.55,VNM,10.54966,107.48600
10391,Nam Nung,IV,119.37,VNM,12.26461,107.79829
10395,Lo Go-Xa Mat,II,165.88,VNM,11.59061,105.90958
10398,Phu Quoc,II,320.19,VNM,10.32721,103.96762
10401,2000916 Rogen,IB,490.44,SWE,62.35279,12.47394
10404,2002500 Tandövala,IB,35.14,SWE,60.85002,13.16268
10406,2000452 Hall-Hangvar,IA,28.79,SWE,57.87663,18.68456
10420,2000875 Stora Nassa,IB,29.41,SWE,59.45338,19.22247
10426,2002211 Millesviks skärgård,IA,85.80,SWE,58.92970,13.07659
10451,MOUNT ASSINIBOINE PARK,II,390.37,CAN,50.95276,-115.74213
10452,HAMBER PARK,II,251.55,CAN,52.38497,-117.88228
10510,Roaring Meg,III,36.18,NZL,-42.30957,171.40521
10511,Lake Hochstetter,III,35.16,NZL,-42.42321,171.61087
10512,Lake Christabel,III,106.87,NZL,-42.39794,172.16597
10514,Saltwater,III,31.72,NZL,-43.09454,170.38940
10543,Yukon Flats,IV,36816.88,USA,66.58822,-146.01171
10544,Kanuti,IV,5326.65,USA,66.43658,-152.00489
10545,Koyukuk,IV,16139.64,USA,65.56583,-156.28342
10546,Nowitna,IV,7691.02,USA,64.55127,-154.04531
10547,Yukon Delta National Wildlife Refuge,IV,84393.25,USA,61.56045,-163.49463
10548,Kodiak,IV,7620.08,USA,57.60593,-153.68217
10549,Becharof,IV,4718.19,USA,57.99861,-155.98736
10557,Dengie,IV,25.47,GBR,51.68654,0.93893
10561,Willapa National Wildlife Refuge,IV,65.85,USA,46.53555,-123.99443
10563,Mattamuskeet,IV,200.85,USA,35.50725,-76.17976
10564,Laguna Atascosa National Wildlife Refuge,IV,369.89,USA,26.27890,-97.30580
10565,Chassahowitzka National Wildlife Refuge,IV,114.44,USA,28.69081,-82.64265
10567,Bombay Hook National Wildlife Refuge,IV,62.26,USA,39.24658,-75.45947
10569,Cedar Island National Wildlife Refuge,IV,57.98,USA,34.96148,-76.34277
10570,Prime Hook National Wildlife Refuge,IV,41.04,USA,38.85767,-75.25271
10571,Brazoria National Wildlife Refuge,IV,185.88,USA,29.09109,-95.23370
10573,Mackay Island National Wildlife Refuge,IV,33.71,USA,36.52485,-75.96204
10579,Cockscomb Basin,IV,494.87,BLZ,16.68857,-88.63938
10585,Burrinjuck,IA,53.43,AUS,-34.96693,148.60255
10586,Dananbilla,IA,39.81,AUS,-34.19492,148.52234
10588,Lake Innes,IA,35.52,AUS,-31.50580,152.86334
10589,Mount Hyland,IA,25.27,AUS,-30.16752,152.44117
10591,Scabby Range,IA,48.73,AUS,-35.78918,148.87385
10594,Nangar,II,94.13,AUS,-33.43295,148.50851
10595,Nightcap,II,81.09,AUS,-28.57365,153.30305
10596,Washpool,IB,688.79,AUS,-29.34961,152.25984
10606,Coffin Bay,II,308.86,AUS,-34.58029,135.32295
10607,Grampians,II,1682.77,AUS,-37.25364,142.43271
10634,Beza Mahafaly,IV,42.04,MDG,-23.68356,44.59117
10732,Sankan Biriwa (Tingi Hills),II,320.58,SLE,8.98513,-10.78239
10737,Lantoto,II,1546.78,SSD,4.48808,29.85349
10739,Senkelle Swayne's Hartebeest,II,53.04,ETH,7.16733,38.28936
10740,Halledeghe Asobot,II,1458.91,ETH,9.19737,40.44378
10754,Gorgona,II,601.02,COL,2.95564,-78.19684
10767,San Esteban,II,448.03,VEN,10.39916,-67.97251
10780,Caura,II,75625.90,VEN,5.65302,-64.45865
10795,Reserva Biológica Do Gurupi,IA,2714.65,BRA,-3.64607,-46.71092
10821,Área De Relevante Interesse Ecológico Manguezais Da Foz Do Rio Mamanguape,IV,57.69,BRA,-6.79069,-34.99523
10826,Estação Ecológica Niquiá,IA,3064.03,BRA,1.25894,-61.46497
10830,Estação Ecológica Juami-Japurá,IA,8312.03,BRA,-2.24301,-68.34952
10842,Estação Ecológica Raso Da Catarina,IA,1047.24,BRA,-9.73091,-38.59170
10845,Estação Ecológica De Jutaí-Solimões,IA,2901.20,BRA,-3.16511,-67.57818
10846,Estação Ecológica De Aiuaba,IA,113.35,BRA,-6.67263,-40.22509
10862,Sierra de las Quijadas,II,737.61,ARG,-32.56650,-67.12604
10868,Quebrada del Condorito,II,245.79,ARG,-31.66865,-64.77195
10877,Isla de los Estados y Archipiélago de Año Nuevo,IB,502.06,ARG,-54.78084,-64.27623
10879,Talampaya,II,2131.10,ARG,-29.89087,-67.96728
10910,Shivapuri-Nagarjun,II,107.35,NPL,27.78215,85.36331
10914,Isla de Cañas,IV,243.01,PAN,7.36705,-80.27976
10931,Hallasan,II,153.54,KOR,33.37622,126.54193
10933,Chiaksan,II,175.25,KOR,37.33555,128.06988
10934,Woraksan,II,284.13,KOR,36.88806,128.18484
11142,Kumana NP,II,358.00,LKA,6.61862,81.66106
11147,Poleski Park Narodowy,II,97.63,POL,51.41313,23.19364
11151,Domogled,IV,35.20,ROU,44.90178,22.46379
11170,Parcul Național Ceahlău,II,77.65,ROU,46.95550,25.94799
11171,Parcul Național Munții Rodnei,II,471.44,ROU,47.52913,24.77514
11172,Parcul Național Călimani,II,244.43,ROU,47.13759,25.17580
11173,Parcul Național Piatra Craiului,II,147.29,ROU,45.47570,25.25672
11174,Parcul Național Cozia,II,167.32,ROU,45.33412,24.30087
11175,Parcul Național Domogled - Valea Cernei,II,616.58,ROU,45.05174,22.62813
11176,Parcul Național Cheile Nerei - Beușnița,II,369.32,ROU,44.93744,21.85459
11198,Jezioro Drużno,IV,31.25,POL,54.08554,19.45086
11231,Stawy Milickie,IV,53.04,POL,51.51057,17.24655
11400,Jezioro Nidzkie,IV,29.53,POL,53.59057,21.58844
11567,Chervenata stena,IA,30.45,BGR,41.90470,24.86694
11582,Bundala NP,II,39.63,LKA,6.16959,81.21290
11583,Victoria Randenigala Rantambe,IV,433.34,LKA,7.23653,80.82267
11593,Creag Meagaidh,IV,39.57,GBR,56.94404,-4.54717
11596,Kambari,IV,427.70,NGA,8.79595,10.58679
11597,Kashimbila,IV,1065.28,NGA,6.80533,9.89521
11652,Dosso,IV,5423.09,NER,12.40943,2.99532
11660,Steneto,IA,35.95,BGR,42.74280,24.70274
11661,Kune-Vain-Tale,IV,43.92,ALB,41.72887,19.59825
11663,Patok-Fushekuqe-Ishem,IV,49.99,ALB,41.62383,19.59820
11676,Kuturman,IV,36.00,ALB,41.21356,20.25618
11697,Parc National de Sous-Massa,II,467.47,MAR,30.08861,-9.68020
11723,The Wash,IV,87.81,GBR,52.84626,0.20744
11728,Batkhaan uul,IV,202.43,MNG,47.17382,104.21164
11743,Urantogoo - Tulga uul,III,54.16,MNG,48.96821,102.73699
11745,Khasagt Khairkhan uul,IB,264.67,MNG,46.75531,95.85629
11746,Khorgo-Terkhiin tsagaan nuur,II,848.88,MNG,48.19485,99.71729
11752,Alaungdaw Katthapa National Park,II,1419.05,MMR,22.44208,94.43565
11779,Pădurea Bogății,IV,63.43,ROU,45.92736,25.41477
11813,Inlay Lake Wildlife Sanctuary,IV,553.90,MMR,20.21324,96.98016
11827,Ustyurt State Nature Reserve,IA,2277.51,KAZ,42.97992,54.57889
11829,Hissar State Reserve,IA,768.45,UZB,38.90581,67.46073
11837,Niedersächsisches Wattenmeer,II,3454.97,DEU,53.60940,7.63388
11849,Isla del Cano,IA,55.29,CRI,8.70736,-83.88147
11873,Pegunungan Tamrau Selatan,IA,4751.00,IDN,-1.16436,133.20658
11884,Teluk Bintuni,IA,1066.66,IDN,-2.27190,133.78947
11885,Wagura Kote,IA,192.88,IDN,-2.78137,133.86238
11942,Pangi Binangga,IA,61.51,IDN,-0.76051,120.06936
11947,Jabal Aja,II,2230.18,SAU,27.36592,41.27234
11956,King Abdulaziz Royal Reserve,II,28013.27,SAU,26.49088,46.13884
11957,Rawdat Khuraym,III,171.51,SAU,25.36363,47.32153
11970,Wadi ‘Ilyab,IV,32.55,SAU,20.07954,40.86497
11973,Jabal Shada al-A‘la,II,77.69,SAU,19.83958,41.31903
11974,Jabal Batharah / Wadi Turabah,II,323.46,SAU,20.46440,41.20863
11979,Harrat Khaybar / Wadi Hadiyah,IB,4902.57,SAU,25.53703,39.45207
11981,Jibal Qaraqir,IA,1681.15,SAU,27.59424,36.46496
11984,Duhul Ma‘qala’,III,315.57,SAU,26.48858,47.21270
11993,Khalij Tarut,IV,344.88,SAU,26.58426,50.08877
12008,Al-Wajh Bank,II,3854.74,SAU,25.05975,37.08857
12027,Ra’s Kishran / Jazirat Sharifah,IV,586.36,SAU,20.18844,40.04788
12034,Makhshush,IV,274.24,SAU,18.54901,41.33305
12043,Turtles Reserves,IV,278.59,OMN,22.36667,59.76667
12068,Daymanyiat Islands Nature Reserve,IV,213.14,OMN,23.83333,58.05833
12165,Great Basin,II,311.94,USA,38.94159,-114.23957
12171,Chu Mom Ray,II,526.47,VNM,14.47870,107.64585
12186,Peruvia,IV,330.05,SUR,5.73243,-56.00207
12188,Copi,IV,282.32,SUR,5.47151,-54.82364
12189,Wane Kreek,IV,523.47,SUR,5.71783,-54.13848
12196,Chunati,IV,84.44,BGD,21.93316,92.02570
12201,W (Benin),II,5783.50,BEN,11.88498,2.57065
12213,Yanachaga-Chemillén,II,1138.17,PER,-10.38616,-75.40085
12215,los Manglares de Tumbes,III,29.74,PER,-3.42522,-80.27198
12223,Galeras,IB,82.29,COL,1.20695,-77.38350
12241,Bladen,IA,404.85,BLZ,16.51061,-88.89421
12243,Hol Chan,II,254.60,BLZ,17.96691,-88.06057
12250,Batang Ai National Park,II,229.48,MYS,1.32176,112.09904
12261,Joshinetsukogen,II,1483.21,JPN,36.65611,138.64623
12297,Reisa,II,803.02,NOR,69.23921,21.99289
12328,Grytdalen,IA,41.64,NOR,63.37505,9.68501
12329,Froan,IV,86.63,NOR,64.03841,9.15180
12359,El Omayed,IV,690.07,EGY,30.75000,29.15000
12422,"Zona de Reserva Para protección especial de la fauna, flora y en general del ecosistema natural y biotopo en el área (MONTERRICO)",III,27.97,GTM,13.90076,-90.46924
12444,Thethi,II,47.85,ALB,42.40549,19.77055
12446,Karaburun,IV,171.09,ALB,40.30541,19.44107
12491,Las Tablas,IV,148.94,CRI,8.96608,-82.83293
12529,Mu ko Phetra,II,509.04,THA,6.95020,99.59438
12530,Phu Kao - Phu Phan Kham,II,294.75,THA,16.88649,102.56759
12533,Khao Sanam Phriang,IA,107.92,THA,16.53255,99.34801
12534,Mae Yom Phang Khwa,IA,291.87,THA,18.49172,97.84646
12545,Mae Lao - Mae Sae,IA,513.04,THA,19.14871,98.59411
12555,Cerro San Gil,III,441.27,GTM,15.68491,-88.76247
12564,Punta de Manabique,III,1386.73,GTM,15.85935,-88.48008
12572,Dos Pilas,II,31.17,GTM,16.44516,-90.28019
12583,Laguna Lachuá,II,142.99,GTM,15.87918,-90.68939
12594,Chocón Machacas,II,35.52,GTM,15.75084,-88.90589
12649,Archipiélago de Zapatera,II,124.95,NIC,11.73463,-85.84386
12650,Bosawas,IV,6803.78,NIC,14.20472,-84.99612
12652,Delta Estero Real,IV,862.17,NIC,12.91278,-87.21858
12654,Macizos de Peñas Blancas,IV,116.02,NIC,13.27997,-85.65704
12655,Península de Chiltepe,IV,25.54,NIC,12.23993,-86.33825
12657,Serranías de Dipilto - Jalapa,IV,325.78,NIC,13.78018,-86.40115
12658,Río Escalante Chacocente,IV,296.24,NIC,11.47596,-86.26777
12659,Volcán Cosigüina,IV,141.33,NIC,13.00123,-87.59756
12661,Complejo Volcánico Momotombo - Momotombito,IV,149.19,NIC,12.41101,-86.54377
12662,Cerro Musún,IV,47.86,NIC,12.99205,-85.23709
12667,Cayos Miskitos y Franja Costera Inmediata,IA,8535.31,NIC,14.27432,-83.05944
12668,Cerro Bana Cruz,IV,270.23,NIC,13.85760,-84.57945
12669,Cerro Kilambé,IV,125.59,NIC,13.58602,-85.70504
12672,Sierra Amerrisque,IV,191.94,NIC,12.20650,-85.33265
12674,Laguna de Tisma,IV,138.47,NIC,12.07344,-85.93230
12680,Cerro Tisey – Estanzuela,IV,97.61,NIC,12.98829,-86.40167
12684,Chagres,II,1316.69,PAN,9.35046,-79.43581
12685,Cerro Hoya,II,333.67,PAN,7.28154,-80.76087
12686,Sarigua,II,46.73,PAN,8.05145,-80.47561
12780,North Sound Replenishment Zone,IV,30.59,CYM,19.33684,-81.29773
12801,Bruce Peninsula National Park Of Canada,II,156.85,CAN,45.16379,-81.48736
12857,Hat Noppharat Thara-Mu ko Phi Phi,II,340.25,THA,7.89558,98.82694
12884,Isla Contoy,II,51.29,MEX,21.48705,-86.79339
12999,Sabine National Wildlife Refuge,IV,505.24,USA,29.91330,-93.55456
13019,National Key Deer Refuge,IV,328.27,USA,24.73069,-81.40062
13020,Key West National Wildlife Refuge,IV,852.34,USA,24.55860,-81.99158
13023,Blackwater National Wildlife Refuge,IV,115.78,USA,38.84803,-76.02060
13024,Monomoy National Wildlife Refuge,IV,32.18,USA,41.60169,-69.99501
13034,Chincoteague National Wildlife Refuge,IV,53.42,USA,37.83263,-75.42389
13090,Rookery Bay National Estuarine Research Reserve,IV,389.63,USA,25.96507,-81.62820
13091,Apalachicola National Estuarine Research Reserve,IV,953.74,USA,29.90256,-84.95836
13115,Nanuit Itillinga National Wildlife Area,IA,2422.27,CAN,75.62915,-99.22326
13160,Area marina protetta Cinque Terre,IV,44.69,ITA,44.10491,9.68288
13167,Area naturale marina protetta Porto Cesareo,IV,165.00,ITA,40.23119,17.82484
13168,Area naturale marina protetta Capo Rizzuto,IV,154.63,ITA,38.96282,17.09797
13170,Riserva naturale marina Isole Egadi,IV,541.12,ITA,37.95307,12.22326
13174,Area naturale marina protetta Tavolara - Punta Coda Cavallo,IV,153.24,ITA,40.85363,9.71162
13176,Area marina protetta Penisola del Sinis  - Isola Mal di Ventre,IV,267.08,ITA,39.92119,8.36141
13380,Ethniko Thalassio Parko Zakynthou,IV,104.22,GRC,37.49292,20.90874
13390,Kendall Island Migratory Bird Sanctuary,IB,133.47,CAN,69.38542,-135.23644
13391,Anderson River Delta Migratory Bird Sanctuary,IB,1023.23,CAN,69.62492,-128.75626
13394,Ahiak Migratory Bird Sanctuary,IB,6569.67,CAN,68.04540,-101.32411
13395,Seymour Island Migratory Bird Sanctuary,IA,51.30,CAN,76.80855,-101.26585
13396,Quttinirpaaq National Park Of Canada,II,35480.72,CAN,82.15162,-70.77657
13397,Bylot Island Migratory Bird Sanctuary,II,11062.15,CAN,73.25507,-78.47889
13400,Qaqsauqtuuq Migratory Bird Sanctuary,IB,841.56,CAN,63.98329,-81.89335
13401,Ikattuaq Migratory Bird Sanctuary,IB,1247.27,CAN,63.77331,-85.91668
13402,McConnell Migratory Bird Sanctuary,IA,132.14,CAN,60.74516,-94.38743
13407,Moëze-Oléron,IV,63.94,FRA,45.92399,-1.15860
13444,Baitiquirí,II,45.07,CUB,20.00254,-74.86940
13582,Pico La Bayamesa,II,239.33,CUB,20.04569,-76.65075
13632,Cayo Largo,II,711.63,CUB,21.63073,-81.55008
13652,Aggteleki Nemzeti Park,II,201.75,HUN,48.49970,20.63752
13676,Negril Marine Park,II,185.40,JAM,18.30054,-78.31333
13704,Gambella,II,4375.74,ETH,7.98440,33.69587
13770,Buenos Aires,IV,476.08,USA,31.64079,-111.41977
13771,Cabeza Prieta,IV,3462.46,USA,32.23328,-113.44672
13775,Cache River,IV,297.61,USA,35.14279,-91.28154
13783,Kern,IV,45.47,USA,35.75350,-119.61628
13785,Lower Klamath,IV,29.88,USA,42.07920,-121.75523
13786,Modoc,IV,28.89,USA,41.45281,-120.52494
13787,San Luis,IV,72.29,USA,37.24040,-120.85543
13788,Pixley,IV,30.18,USA,35.97137,-119.38741
13789,Browns Park,IV,49.02,USA,40.81371,-108.96296
13790,Monte Vista,IV,59.74,USA,37.49494,-106.09642
13792,Great White Heron National Wildlife Refuge,IV,543.15,USA,24.70048,-81.47643
13793,Crocodile Lake National Wildlife Refuge,IA,27.27,USA,25.26056,-80.32816
13795,San Pablo Bay National Wildlife Refuge,IV,72.24,USA,38.14903,-122.39685
13799,Camas,IV,43.69,USA,43.94625,-112.26473
13803,Chautauqua,IV,26.95,USA,40.72176,-89.70244
13804,Crab Orchard,IV,186.88,USA,37.67729,-89.06338
13810,Reelfoot,IV,32.78,USA,36.45454,-89.33163
13816,Tensas River,IV,315.96,USA,32.26549,-91.34520
13832,Mingo National Wildlif,IB,31.93,USA,36.98710,-90.20975
13834,Benton Lake,IV,50.25,USA,47.66163,-111.48524
13835,Bowdoin,IV,62.89,USA,48.40021,-107.64989
13840,Medicine Lake,IV,130.07,USA,48.46530,-104.38255
13851,Desert National Wildlife Range,IV,6121.60,USA,36.80885,-115.40922
13854,Ruby Lake,IV,161.67,USA,40.17039,-115.46723
13855,Stillwater,IV,333.71,USA,39.59259,-118.44949
13858,Bitter Lake,IV,100.61,USA,33.49881,-104.40860
13859,Las Vegas,IV,35.26,USA,35.53057,-105.17537
13865,Alligator River National Wildlife Refuge,IV,605.67,USA,35.77382,-75.91428
13866,Pee Dee,IV,35.02,USA,35.08132,-80.05139
13873,J. Clark Salyer,IV,222.70,USA,48.74864,-100.68999
13885,Upper Souris,IV,128.37,USA,48.59674,-101.66265
13893,Hart Mountain National Antelope,IV,1117.85,USA,42.51172,-119.61299
13896,Malheur,IV,761.09,USA,43.09713,-119.00192
13898,Erie,IV,36.46,USA,41.68317,-79.96435
13899,Carolina Sandhills,IV,185.82,USA,34.58290,-80.23376
13902,Chickasaw,IV,86.44,USA,35.82147,-89.70937
13904,Lower Hatchie,IV,49.57,USA,35.61342,-89.74808
13905,Tennessee,IV,55.15,USA,36.00963,-87.99516
13912,Bear River Migratory,IV,309.51,USA,41.47210,-112.25251
13913,Ouray,IV,33.05,USA,40.15437,-109.62205
13917,Little Pend Oreille,IV,264.19,USA,48.36668,-117.65630
13921,Trempealeau,IV,29.14,USA,44.05908,-91.56264
13966,Tatamá,II,429.78,COL,5.09156,-76.11599
13984,Kushiroshitsugen,II,286.22,JPN,43.13601,144.45609
14005,Saba,II,2688.68,BES,17.47108,-63.55883
14171,de Ampay,III,38.51,PER,-13.58388,-72.89338
14235,Chinji,II,39.90,PAK,33.01013,72.49260
14343,"Peenemünder Haken, Struck und Ruden - Gebietsteil A",IV,75.53,DEU,54.19020,13.76065
14469,Gipskarstlandschaft Questenberg,IV,39.01,DEU,51.49907,11.12614
14541,Usun Apau National Park,II,471.30,MYS,2.93908,114.67439
14573,Rezervația Cheile Nerei - Beușnița,IV,63.73,ROU,44.90772,21.79414
14612,Parco naturale Alta Valsesia,IV,46.18,ITA,45.90626,7.96756
14617,Parco naturale del Gran Bosco di Salbertrand,IV,37.33,ITA,45.05737,6.92430
14630,Parco naturale dello Sciliar - Catinaccio,IV,73.11,ITA,46.49051,11.58692
14636,Parco naturale regionale delle Alpi Apuane,IV,206.38,ITA,44.04484,10.26156
14638,Riserva naturale Lago di Vico,IV,32.99,ITA,42.33379,12.17299
14643,Riserva parziale naturale dei Laghi Lungo e Ripasottile,IV,31.36,ITA,42.47397,12.82982
14648,Riserva naturale Cavagrande del Cassibile,IV,27.67,ITA,36.96571,15.11431
14673,Riserva naturale Fara San Martino Palombaro,IV,42.36,ITA,42.09770,14.14545
14678,Parco naturale provinciale dell' Adamello Brenta,IV,621.13,ITA,46.18169,10.77048
14729,Mt. Calavite Wildlife Sanctuary,IV,181.51,PHL,13.45193,120.38042
14847,Troodos,II,93.38,CYP,34.92740,32.87671
15089,Parc National d'Ifrane,II,1250.35,MAR,33.29221,-5.10948
15135,General Cruz Carrillo en Guaramacal,II,235.30,VEN,9.23181,-70.17813
15153,Camargue,IV,131.96,FRA,43.50145,4.57479
15175,To apolithomeno dasos tis Lesvou,III,137.73,GRC,39.21499,25.91095
15498,Hamun-i-Puzak,IV,437.53,AFG,31.52040,61.70215
15504,Nuristan,II,5733.68,AFG,35.54263,70.89336
15505,Darqad (Takhar),IV,628.04,AFG,37.41427,69.57505
15506,Imam Sahib (Kunduz),IV,582.05,AFG,37.20675,68.72338
15596,Nacionalni park Tara,II,249.71,SRB,43.91200,19.42155
15598,Nacionalni park Kopaonik,II,119.73,SRB,43.31915,20.80737
15603,Markovi Kuli,III,36.52,MKD,41.40153,21.54032
15777,Teiču dabas rezervāts,IB,197.73,LVA,56.62258,26.46762
15961,Parque Estadual Do Itacolomi,II,59.96,BRA,-20.43950,-43.45792
15981,Reserva Biológica De Araras,IA,38.38,BRA,-22.45233,-43.26013
15986,La cote bleue,IV,42.24,FRA,43.35953,5.18944
15987,Parque Estadual Do Desengano,II,213.26,BRA,-21.87388,-41.79358
16081,Parque Estadual Da Serra Do Tabuleiro,II,839.08,BRA,-27.95001,-48.70864
16086,Parque Estadual Do Turvo,II,167.67,BRA,-27.20335,-53.92628
16091,Reserva Biológica Do Mato Grande,IA,49.59,BRA,-32.14282,-52.69023
16092,Parque Estadual Do Podocarpus,II,36.55,BRA,-30.74560,-52.83132
16154,Area marina protetta Isola di Ustica,IV,159.24,ITA,38.70476,13.17571
16228,State Nature Sanctuary Karaagash (zoological),IV,85.07,KAZ,48.97153,70.95472
16231,Kyzylaray State Nature Sanctuary (zoological),IV,200.80,KAZ,48.41646,75.55523
16233,Ulytau State Nature Sanctuary (zoological),IV,197.80,KAZ,48.62128,66.89064
16234,Akdala State Nature Sanctuary (botanical),IV,28.45,KAZ,42.44183,68.67562
16241,State Nature Sanctuary Zadarya (botanical),IV,81.01,KAZ,42.35809,68.75283
16242,Timurskiy State Nature Sanctuary (botanical),IV,51.32,KAZ,42.72613,68.90996
16246,"State Nature Sanctuary ""Berkara Tract"" (complex)",IV,171.82,KAZ,42.92582,70.61988
16247,"State Nature Sanctuary ""Karakonuz Tract"" (botanical)",IV,30.19,KAZ,42.96676,75.49249
16249,Kogashik State Nature Sanctuary (botanical),IV,164.79,KAZ,46.11214,70.36886
16251,Orlinogor State Nature Sanctuary (botanical),IV,34.64,KAZ,53.80805,68.53635
16378,Samaria,II,47.56,GRC,35.28726,23.95236
16379,Gwaii Haanas National Park Reserve Of Canada And Haida Heritage Site,II,1473.24,CAN,52.35770,-131.52184
16383,Sinharaja National Heritage Wilderness Area,IA,114.32,LKA,6.39970,80.48735
16385,Nacionalni park Skadarsko jezero,II,424.42,MNE,42.22429,19.21198
16437,Ohridsko Ezero,III,247.37,MKD,41.04332,20.72145
16438,Dojransko Ezero,III,27.32,MKD,41.21101,22.73211
16796,Kasane Extension,II,659.40,BWA,-18.08618,25.22284
16831,Punta Lara,IA,55.84,ARG,-34.80226,-58.06382
16845,Laguna Brava,IV,4186.20,ARG,-28.46028,-69.18703
16846,Copo,II,1180.75,ARG,-25.81479,-61.89409
16848,Pampa del Indio,II,222.86,ARG,-26.21402,-60.05082
16861,La Payunia,IA,6828.35,ARG,-36.59787,-68.94867
16873,Copahue Caviahue,II,287.55,ARG,-37.83880,-71.04587
16876,El Tromen,II,300.06,ARG,-37.14997,-70.05107
16884,La Florida,IA,93.37,ARG,-27.10296,-65.89312
16899,Bahía Laura,IV,51.84,ARG,-48.38839,-66.41564
16901,Cabo Blanco,IV,36.57,ARG,-47.19056,-65.76519
17028,Sarobetsu,IV,37.57,JPN,45.06695,141.70143
17029,Hamatonbetsu-Kutcharoko,IV,29.15,JPN,45.14974,142.30394
17030,Furenko,IV,81.75,JPN,43.31993,145.35151
17062,Biwako,IV,729.01,JPN,35.25485,136.06959
17067,Ariake,IV,52.29,JPN,32.87965,130.49792
17085,Inawashiro,IV,103.64,JPN,37.47386,140.08707
17095,Khogir,II,100.24,IRN,35.67340,51.73198
17096,Sorkheh Hesar,II,101.43,IRN,35.65638,51.57275
17126,Miandasht,IV,801.57,IRN,36.90673,56.69310
17127,Gamishloo,IV,869.41,IRN,32.88760,51.23328
17128,Shadegan,IV,3335.46,IRN,30.36882,48.68462
17129,Touran,IV,2764.45,IRN,35.42118,56.57887
17130,Bisotun (Varmangeh),IV,383.48,IRN,34.58602,47.05659
17132,Kiamaky,IV,942.80,IRN,38.81736,45.94540
17133,Angoran,IV,305.03,IRN,36.59911,47.71632
17152,"Miankaleh Peninsula, Gorgan Bay and Lapoo-Zaghmarz Ab-bandan",IV,959.09,IRN,36.84769,53.65448
17156,Anzali Wetland,IV,194.91,IRN,37.45465,49.42262
17162,Bujagh National Park,II,34.34,IRN,37.44814,49.93132
17187,Jabal Bura'a National Park,II,42.57,YEM,14.87235,43.44245
17232,Mujib Nature Reserve,II,212.40,JOR,31.49896,35.63415
17235,Dana Biosphere Reserve,II,291.49,JOR,30.71678,35.51717
17266,Sabah Al-Ahmad Natural Reserve,II,324.69,KWT,29.57081,47.80080
17271,Umm Niqa Natural Reserve,IV,70.53,KWT,29.91791,47.90510
17331,Jabal ad-Dubbagh,IA,630.63,SAU,27.80497,35.71997
17367,Termit et Tin-Toumma,IV,125092.23,NER,16.69714,10.47158
17406,Alakol State Nature Reserve,IA,203.78,KAZ,46.29935,81.38903
17416,Tarbagatay State Nature Sanctuary (zoological),IV,3049.83,KAZ,47.40865,84.25607
17673,Lyngby - Flade Sø,IV,33.46,DNK,56.83247,8.29137
17691,Hansted reservatet,IV,34.16,DNK,57.07543,8.57858
17726,Parc National du Banc d'Arguin,II,12156.99,MRT,20.09167,-16.35000
17727,Parc national du W,IA,3850.66,NER,12.36508,2.43395
17742,Parc National de Talassemtane,II,594.98,MAR,35.22427,-5.14553
17755,Dawushan,IA,478.57,TWN,22.60808,120.85725
17756,Hingol,II,1637.90,PAK,25.52620,65.08600
17817,Shei-pa,II,769.74,TWN,24.38949,121.16943
17831,Coiba,II,2549.87,PAN,7.53204,-81.74017
17838,Kepulauan Karimata,IB,2091.35,IDN,-1.58946,109.02559
17868,Gn. Duasaudara,III,72.42,IDN,1.51229,125.18690
17923,Way Kambas,II,1283.50,IDN,-4.93773,105.72196
17962,Rawa Singkil,IV,814.68,IDN,2.58031,97.73577
17972,Siberut,II,1775.26,IDN,-1.42375,98.82308
17976,Danau Pulau Besar-Danau Pulau Bawah,IV,260.67,IDN,0.68660,102.22888
17989,Maun,IV,88.81,BWA,-19.98387,23.45103
17996,Pulau Supiori,IA,387.50,IDN,-0.75417,135.54867
17999,Khaudum,II,3841.62,NAM,-18.77513,20.75627
18007,Midway Atoll National Wildlife Refuge,IV,2351.97,UMI,28.23564,-177.36903
18033,Yok Don,II,1063.84,VNM,12.98396,107.67124
18041,Tasek Merimbun,II,151.80,BRN,4.54923,114.68139
18062,El Triunfo,IA,1192.69,MEX,15.67908,-92.89302
18112,Athabasca Dunes Ecological Reserve,IA,38.40,CAN,58.17688,-110.88030
18117,Kootenay Plains Ecological Reserve,II,37.33,CAN,52.06291,-116.41912
18120,Wainwright Dunes Ecological Reserve,IV,28.80,CAN,52.59420,-110.64392
18124,Lewis Bog Ecological Reserve,IA,53.67,CAN,49.81285,-96.07085
18128,Reindeer Island Ecological Reserve,IA,140.65,CAN,52.42339,-97.99433
18131,Avalon Wilderness Reserve,IB,1071.61,CAN,47.06221,-53.27426
18134,Bay du Nord Wilderness Reserve,IB,2911.02,CAN,48.08242,-54.92745
18180,Portobello Creek National Wildlife Area,IA,30.11,CAN,45.92556,-66.35165
18214,Neys Provincial Park (Natural Environment Class),II,54.81,CAN,48.73863,-86.58623
18216,Nagagamisis Provincial Park (Natural Environment Class),II,407.01,CAN,49.86580,-84.77154
18217,The Shoals Provincial Park (Natural Environment Class),II,110.15,CAN,47.89764,-83.82529
18219,Ivanhoe Lake Provincial Park (Natural Environment Class),II,78.43,CAN,47.91760,-82.73309
18221,Esker Lakes Provincial Park (Natural Environment Class),II,65.20,CAN,48.29975,-79.92664
18224,Mississagi Provincial Park (Natural Environment Class),II,83.35,CAN,46.60233,-82.69131
18225,Grundy Lake Provincial Park (Natural Environment Class),II,36.11,CAN,45.94850,-80.52581
18226,Restoule Provincial Park (Natural Environment Class),II,26.31,CAN,46.08252,-79.87756
18230,Samuel De Champlain Provincial Park (Natural Environment Class),II,25.19,CAN,46.30226,-78.86854
18231,Awenda Provincial Park (Natural Environment Class),II,31.53,CAN,44.86864,-79.99329
18233,Bon Echo Provincial Park (Natural Environment Class),II,83.25,CAN,44.90765,-77.22475
18235,Charleston Lake Provincial Park (Natural Environment Class),II,28.60,CAN,44.52737,-76.02153
18243,Lady Evelyn-Smoothwater Provincial Park (Wilderness Class),IB,760.84,CAN,47.35213,-80.52630
18246,Woodland Caribou Provincial Park (Wilderness Class),IB,4708.30,CAN,51.01704,-94.68439
18251,Samunsam,IA,197.57,MYS,1.88767,109.60140
18253,Maludam National Park,II,404.79,MYS,1.53614,111.11446
18293,Bouma Lavena,II,37.68,FJI,-16.82688,-179.88680
18307,Pulau Tioman Marine Park,II,247.70,MYS,2.80701,104.17020
18325,BYERS/CONROY/HARVEY/SINNETT ISLANDS ECOLOGICAL RESERVE,IA,117.17,CAN,52.55399,-129.36668
18332,CHECLESET BAY ECOLOGICAL RESERVE,IA,329.16,CAN,50.07520,-127.63004
18348,DEWDNEY AND GLIDE ISLANDS ECOLOGICAL RESERVE,IA,36.99,CAN,52.97968,-129.58670
18360,GINGIETL CREEK ECOLOGICAL RESERVE,IA,26.90,CAN,55.21169,-129.28613
18361,GLADYS LAKE ECOLOGICAL RESERVE,IA,430.67,CAN,57.61159,-128.85364
18362,GOOSEGRASS CREEK ECOLOGICAL RESERVE,IA,27.01,CAN,51.99903,-118.25484
18367,ILGACHUZ RANGE ECOLOGICAL RESERVE,IA,27.47,CAN,52.79390,-125.27957
18432,VLADIMIR J. KRAJINA (PORT CHANAL) ECOLOGICAL RESERVE,IA,80.61,CAN,53.57397,-132.87736
18437,Bwindi Impenetrable,II,327.23,UGA,-1.00073,29.71028
18438,Rwenzori Mountains,II,994.45,UGA,0.43264,29.97828
18439,Babile Elephant,II,8785.39,ETH,8.71506,42.56545
18445,Sri Lanna,II,1478.25,THA,19.29269,99.15634
18446,Khao Laem,II,1486.74,THA,14.91363,98.53188
18447,Doi Luang,II,1311.31,THA,19.04652,99.79470
18457,Ob Luang,II,685.55,THA,18.26387,98.53189
18465,Khlong Wang Chao,II,735.04,THA,16.33073,99.14144
18467,Huai Sala,IA,363.15,THA,14.44717,104.20891
18480,MUNCHO LAKE PARK,II,859.17,CAN,58.98964,-125.70861
18481,STONE MOUNTAIN PARK,IB,251.79,CAN,58.58753,-124.75770
18483,CARP LAKE PARK,II,382.19,CAN,54.75324,-123.38012
18485,GWILLIM LAKE PARK,II,324.58,CAN,55.41429,-121.29752
18486,BOWRON LAKE PARK,IB,1397.72,CAN,53.21005,-121.00158
18491,ELK LAKES PARK,II,180.10,CAN,50.47813,-115.09656
18492,TOP OF THE WORLD PARK,II,87.46,CAN,49.84151,-115.39926
18497,BIRKENHEAD LAKE PARK,II,104.47,CAN,50.56994,-122.75015
18498,SCHOEN LAKE PARK,II,87.80,CAN,50.18146,-126.24731
18499,DESOLATION SOUND MARINE PARK,II,54.26,CAN,50.09593,-124.70630
18538,Abitibi-De-Troyes Provincial Park (Cultural Heritage Class),III,43.42,CAN,48.78680,-80.10733
18539,Agassiz Peatlands Provincial Park (Nature Reserve Class),IA,54.22,CAN,48.84358,-94.48684
18540,Aubrey Falls Provincial Park (Natural Environment Class),II,48.55,CAN,46.95488,-83.19056
18545,Cabot Head Provincial Park (Nature Reserve Class),IA,50.78,CAN,45.20175,-81.40089
18549,Chapleau-Nemegosenda River Provincial Park (Waterway Class),II,177.17,CAN,48.23179,-83.05485
18557,Kesagami Provincial Park,IB,573.91,CAN,50.63914,-80.03317
18560,Killarney Provincial Park (Wilderness Class),IB,493.63,CAN,46.09496,-81.40436
18561,Opasquia Provincial Park,IB,4651.41,CAN,53.52509,-93.07751
18565,René Brunelle Provincial Park (Recreational Class),II,29.23,CAN,49.42545,-82.15393
18566,Sable Islands Provincial Park (Nature Reserve Class),IA,26.52,CAN,48.90270,-94.61615
18567,Sandbar Lake Provincial Park (Natural Environment Class),II,80.57,CAN,49.50383,-91.56553
18569,Sedgman Lake Provincial Park (Nature Reserve Class),IA,57.65,CAN,50.64169,-87.69993
18573,Slate Islands Provincial Park (Natural Environment Class),II,65.81,CAN,48.65830,-87.00181
18575,Wakami Lake Provincial Park (Recreational Class),II,88.62,CAN,47.48317,-82.83618
18576,Wanapitei Provincial Park (Natural Environment Class),II,34.05,CAN,46.80810,-80.73738
18578,White Lake Provincial Park (Natural Environment Class),II,40.59,CAN,48.61887,-85.89683
18579,Winisk River Provincial Park,II,1547.65,CAN,53.96911,-86.61340
18582,Michipicoten Island Provincial Park (Natural Environment Class),II,361.47,CAN,47.75256,-85.77669
18602,Bow Valley Provincial Park,II,32.51,CAN,51.03337,-115.16675
18612,Lesser Slave Lake Provincial Park,II,59.50,CAN,55.41041,-114.82631
18616,Notikewin Provincial Park,II,101.30,CAN,57.22210,-117.14574
18619,William A. Switzer Provincial Park,II,61.19,CAN,53.49109,-117.79250
18620,Winagami Lake Provincial Park,II,65.39,CAN,55.64224,-116.74226
18621,Young's Point Provincial Park,II,32.39,CAN,55.14056,-117.57189
18625,Willmore Wilderness Park,IB,4602.39,CAN,53.68440,-119.07452
18626,TĀ CH'ILĀ PARK [A.K.A. BOYA LAKE PARK],III,47.34,CAN,59.38356,-129.09741
18631,CYPRESS PARK,II,28.71,CAN,49.44076,-123.20695
18638,FIORDLAND CONSERVANCY,IB,769.04,CAN,52.86544,-127.98416
18639,GITNADOIKS RIVER PARK,IB,577.42,CAN,54.17155,-129.14976
18642,KAKWA PARK,II,1719.77,CAN,54.04358,-120.35445
18643,KOKANEE GLACIER PARK,II,319.05,CAN,49.78147,-117.14146
18649,MOUNT ROBSON PARK,II,2259.02,CAN,52.90347,-118.85050
18654,SILVER STAR PARK,II,55.73,CAN,50.37221,-119.07005
18656,ST. MARY'S ALPINE PARK,IB,93.33,CAN,49.87427,-116.34360
18658,STIKINE RIVER PARK,IB,2575.83,CAN,57.89805,-129.12666
18660,VALHALLA PARK,II,501.89,CAN,49.87311,-117.57930
18662,WHITE PELICAN PARK,III,40.26,CAN,52.28646,-123.03251
18668,Terra Nova National Park Of Canada,II,402.76,CAN,48.52275,-53.95108
18669,Sable Island Migratory Bird Sanctuary,IA,31.00,CAN,43.98088,-59.91372
18683,Upper Canada Bird Sanctuary,III,26.04,CAN,44.95738,-75.05192
18686,Basin and Middle Lakes Migratory Bird Sanctuary,IV,49.91,CAN,52.59052,-105.24539
18688,Last Mountain Lake Migratory Bird Sanctuary,IV,48.43,CAN,51.35073,-105.23529
18689,Old Wives Lake Migratory Bird Sanctuary,IV,323.91,CAN,50.08672,-106.00148
18690,Lenore Lake Migratory Bird Sanctuary,IV,103.31,CAN,52.52375,-105.00908
18693,Redberry Lake Migratory Bird Sanctuary,II,52.71,CAN,52.69114,-107.16150
18696,Richardson Lake Migratory Bird Sanctuary,IB,107.98,CAN,58.40047,-111.04658
18699,Akimiski Island Migratory Bird Sanctuary,IB,2061.89,CAN,52.94008,-81.08417
18700,Banks Island Migratory Bird Sanctuary No. 1,IB,19373.60,CAN,72.62249,-123.76206
18701,Banks Island Migratory Bird Sanctuary No. 2,IA,109.74,CAN,73.88536,-119.83049
18703,Dewey Soper Migratory Bird Sanctuary,IB,1592.12,CAN,66.11525,-73.65549
18704,Thelon Wildlife Sanctuary,IB,21955.34,CAN,63.86153,-104.03661
18738,Estação Ecológica De Guaraqueçaba,IA,43.70,BRA,-25.40695,-48.35291
18744,Reserva Biológica Do Tinguá,IA,248.13,BRA,-22.56525,-43.40412
18745,Reserva Biológica De Santa Isabel,IA,41.10,BRA,-10.64034,-36.68808
18771,Wadi El Assuti,IA,35.30,EGY,27.13472,31.36597
18804,Montecristo Trifinio,II,82.88,HND,14.45188,-89.30276
18805,Celaque,II,263.78,HND,14.53675,-88.71394
18807,Azul Meámbar,II,313.57,HND,14.83337,-87.87500
18808,Agalta,II,737.55,HND,15.01591,-85.83801
18809,Montaña de Comayagua,II,297.89,HND,14.50523,-87.50971
18810,Pico Bonito,II,1065.63,HND,15.59302,-86.94790
18811,Montaña de Yoro,II,153.65,HND,15.01764,-87.07226
18812,Pico Píjol,II,115.15,HND,15.21483,-87.58169
18813,Cerro Azul,II,120.78,HND,15.10842,-88.92960
18816,Barras de Cuero y Salado,IV,130.34,HND,15.76255,-87.05590
18823,El Pital,IA,26.74,HND,14.39214,-89.13957
18825,Volcán Pacayita,IA,102.48,HND,14.39791,-88.79937
18826,Opalaca,IA,259.00,HND,14.45514,-88.33454
18827,Misoco,IA,45.76,HND,14.63964,-86.80697
18828,El Chile,II,64.58,HND,14.31681,-86.85114
18830,Yerba Buena,IA,35.25,HND,14.12800,-87.45839
18831,Guajiquiro,IA,114.97,HND,14.12766,-87.83667
18841,Erapuca,IV,65.20,HND,14.65130,-89.01175
18843,Mixcure,IV,126.95,HND,14.47229,-88.14453
18844,Montaña Verde,IV,124.11,HND,14.62873,-88.33314
18845,Texiguat,II,470.21,HND,15.48422,-87.30285
18847,La Muralla,II,269.25,HND,15.12707,-86.66449
18943,Ilheus das Formigas,IB,523.82,PRT,37.25000,-24.75000
18948,Saltfjellet-Svartisen,II,2193.72,NOR,66.69580,14.43808
18995,Lac De Grand-Lieu,IV,26.76,FRA,47.09596,-1.68897
18996,Mantet,IV,30.14,FRA,42.45360,2.29257
19008,Lasy Janowskie,IV,26.48,POL,50.62110,22.45835
19044,Muniellos,IA,52.94,ESP,43.01749,-6.70006
19047,Gesäuse und anschließendes Ennstal,IV,144.29,AUT,47.56599,14.61181
19084,Los Ajaches,III,29.62,ESP,28.88429,-13.76309
19144,Tamadaba,IB,74.93,ESP,28.04135,-15.74195
19230,Hohe Kugel - Hoher Freschen - Mellental,IV,76.68,AUT,47.30671,9.73881
19231,Rellstal und Lünerseegebiet,IV,35.61,AUT,47.06609,9.77017
19236,Hochifen und Gottesackerwände,IV,29.20,AUT,47.35819,10.13004
19272,Parque Nacional Grande Sertão Veredas,II,2308.53,BRA,-15.08379,-45.84120
19273,Parque Nacional Da Chapada Dos Guimarães,II,326.47,BRA,-15.34472,-55.88290
19274,Parque Nacional Do Superagui,II,338.60,BRA,-25.34790,-48.18377
19275,Parque Nacional Da Serra Do Divisor,II,8250.40,BRA,-8.15596,-73.37316
19280,Loma de León,III,76.54,VEN,9.98259,-69.41893
19284,Juan Crisóstomo Falcón en la Sierra de San Luis,II,192.10,VEN,11.23073,-69.58353
19285,General Juan Pablo Peñaloza en los Páramos del Batallón y La Negra,II,957.51,VEN,8.06289,-71.84036
19286,Santos Luzardo,II,5613.07,VEN,6.84880,-67.96219
19287,Juan German Rocío (Cerro Platillón),III,79.50,VEN,9.87661,-67.53028
19290,Arístides Rojas (Morros de San Juan),III,27.32,VEN,9.94250,-67.39443
19297,Udzungwa Mountains National Park,II,1906.58,TZA,-7.78053,36.65573
19345,Watts Point Ecological Reserve,II,30.93,CAN,51.46231,-56.26182
19368,Guanacaste,II,340.60,CRI,10.94980,-85.52451
19370,Lomas de Barbudal,IA,34.88,CRI,10.47459,-85.33686
19371,Acuiferos Guacimo y Pococi,IV,43.26,CRI,10.14424,-83.76720
19372,Barbilla,II,119.15,CRI,9.94275,-83.42486
19376,Cerros de Turrubares,IV,29.06,CRI,9.81191,-84.49514
19377,Cuenca del Rio Tuis,IV,40.88,CRI,9.77495,-83.60253
19379,Juan Castro Blanco,II,142.90,CRI,10.28570,-84.32933
19383,Rio Navarro-Rio Sombrero,IV,64.18,CRI,9.76355,-83.93702
19385,Arenal Monteverde,IV,283.05,CRI,10.34065,-84.72544
19409,Baralzon Lake Ecological Reserve,IB,393.14,CAN,59.88483,-98.02091
19421,Reserva Biológica Estadual Do Aguaí,IA,78.41,BRA,-28.55590,-49.62145
19422,Estação Ecológica De Águas Emendadas,IA,91.81,BRA,-15.55973,-47.62122
19428,Reserva Biológica Da Serra Geral,IA,48.49,BRA,-29.59087,-50.18563
19438,Estação Ecológica Jataí,IA,89.57,BRA,-21.59580,-47.76152
19442,Estação Ecológica De Santa Bárbara,IA,31.72,BRA,-22.80944,-49.21694
19447,Parque Nacional Da Chapada Diamantina,II,1518.19,BRA,-12.88699,-41.33932
19448,Parque Nacional Da Lagoa Do Peixe,II,365.20,BRA,-31.25222,-50.97075
19450,Parque Estadual Do Bacanga,II,31.65,BRA,-2.59473,-44.27207
19453,Parque Estadual Do Morro Do Chapéu,II,519.17,BRA,-11.33709,-41.27875
19454,Reserva Biológica De Pedra Talhada,IA,43.82,BRA,-9.22417,-36.42778
19456,Parque Estadual Da Serra De Caldas Novas,II,121.59,BRA,-17.79310,-48.70195
19542,Lake Of The Woods Provincial Park (Natural Environment Class),II,206.70,CAN,49.26587,-94.63526
19543,Mattawa River Provincial Park (Waterway Class),II,141.42,CAN,46.31510,-79.02864
19544,Mississagi River Provincial Park (Waterway Class),II,908.27,CAN,46.94970,-82.78964
19545,Ojibway Provincial Park (Natural Environment Class),II,26.48,CAN,49.98931,-92.14170
19553,Bermudian Landing Community Baboon Sanctuary,IV,52.54,BLZ,17.55702,-88.54163
19556,Imam Saud bin Abdulaziz Royal Reserve,IA,2240.21,SAU,22.25259,41.83958
19562,Mt. Longonot,II,52.18,KEN,-0.93025,36.45484
19563,Chyulu Hills,II,733.92,KEN,-2.54149,37.81552
19564,Tsavo West,II,7024.08,KEN,-3.40703,38.15536
19574,Boven-Coesewijne,IV,273.97,SUR,5.45457,-55.58891
19611,Sierra de San Javier,II,121.28,ARG,-26.71419,-65.38473
19621,Volcán Tupungato,II,1857.34,ARG,-33.11078,-69.77078
19647,Pulau Perhentian Kecil Marine Park,II,80.88,MYS,5.91541,102.72271
19648,Pulau Lang Tengah Marine Park,II,61.55,MYS,5.79631,102.89712
19666,Chae Son,II,782.69,THA,18.83434,99.46706
19667,Namtok Chat Trakan,II,542.19,THA,17.29555,100.77727
19668,Phu Pa - Yol (Huai Huat),II,793.41,THA,16.85958,104.28028
19669,Mae Wong,II,891.12,THA,15.88382,99.22571
19670,Mae Yom,II,497.40,THA,18.71531,100.23266
19671,Mukdahan,II,50.06,THA,16.45209,104.76702
19672,Phu Chong - Na Yoi,II,689.23,THA,14.41485,105.30837
19673,Si Phangnga,II,243.97,THA,9.11378,98.46304
19726,Malka Mari,II,876.42,KEN,4.17013,40.58463
19737,Parque Nacional Da Serra Do Cipó,II,316.39,BRA,-19.38096,-43.54309
19762,Parque Nacional Do Monte Roraima,II,1167.51,BRA,5.03741,-60.41379
19792,Kawartha Highlands Signature Site Park (Natural Environment Class),II,375.45,CAN,44.70755,-78.24079
19793,La Cloche Provincial Park (Natural Environment Class),II,74.81,CAN,46.11384,-82.02857
19794,Little Abitibi Provincial Park (Natural Environment Class),II,207.82,CAN,49.70268,-81.09739
19840,Matawin River Provincial Park (Nature Reserve Class),IA,26.23,CAN,48.39181,-90.17105
19841,Minnitaki Kames Provincial Park (Nature Reserve Class),IA,45.02,CAN,49.89558,-91.87012
19851,Pantagruel Creek Provincial Park (Nature Reserve Class),IA,26.65,CAN,49.76073,-89.56081
19870,Trout Lake Provincial Park (Nature Reserve Class),IA,73.67,CAN,51.14750,-93.43444
19873,Windigo Bay Provincial Park (Nature Reserve Class),IA,84.34,CAN,50.22645,-88.80088
19888,Dana-Jowsey Lakes Provincial Park (Natural Environment Class),II,88.06,CAN,48.32648,-81.81274
19907,Long Point National Wildlife Area-Long Point Unit,IV,28.37,CAN,42.55350,-80.17695
19936,Fawn River Provincial Park,II,119.16,CAN,53.93700,-90.04082
19937,French River Provincial Park (Waterway Class),II,735.92,CAN,46.04748,-80.35419
19938,Kopka River Provincial Park (Waterway Class),II,313.00,CAN,49.96666,-89.56669
19940,Larder River Waterway Provincial Park (Waterway Class),II,40.19,CAN,47.95579,-79.64836
19941,Little Current River Provincial Park,II,96.99,CAN,50.72245,-86.14795
19944,Missinaibi Provincial Park (Waterway Class),II,1161.53,CAN,49.48493,-82.57838
19945,Obabika River Provincial Park (Waterway Class),II,201.54,CAN,47.17108,-80.29722
19947,Otoskwin-Attawapiskat River Provincial Park,II,796.52,CAN,52.47249,-87.46754
19950,Pipestone River Provincial Park,II,965.88,CAN,52.28632,-90.26580
19951,Severn River Provincial Park,II,798.46,CAN,54.07801,-90.40490
19952,Solace Provincial Park (Waterway Class),II,55.40,CAN,47.19609,-80.68387
19954,Sturgeon River Provincial Park (Waterway Class),II,79.83,CAN,46.96083,-80.58367
19955,Turtle River-White Otter Lake Provincial Park (Waterway Class),II,493.21,CAN,49.08370,-92.13870
19961,Prince Leopold Island Migratory Bird Sanctuary,IB,63.76,CAN,74.02880,-90.07155
19963,Hannah Bay Bird Sanctuary,IB,61.02,CAN,51.33951,-79.72500
19967,Milk River Natural Area,IB,55.39,CAN,49.04643,-110.68490
19968,Beehive Natural Area,IB,67.75,CAN,50.05951,-114.65939
19984,La Serranía de Chiribiquete,II,42661.69,COL,0.98515,-72.92557
19991,Puinawai,IA,10969.03,COL,2.35554,-69.19308
19992,Nukak,IA,8756.64,COL,1.87211,-71.49295
19993,Catatumbo Barí,II,1609.13,COL,9.02854,-73.17458
19995,Tinigua,II,2080.42,COL,2.47305,-74.18186
20002,Cahuinarí,II,5568.47,COL,-1.40561,-70.95750
20003,Limoncocha,IB,36.73,ECU,-0.40440,-76.59130
20054,Dinira,II,455.41,VEN,9.62945,-70.07402
20058,Korup,II,1262.54,CMR,5.17647,8.99147
20063,Corredor Biológico Chichinautzin,IA,373.32,MEX,19.01209,-99.09936
20064,La Encrucijada,IA,1449.96,MEX,15.19632,-92.92711
20085,"Ciénagas de Juan Manuel, Aguas Blancas y Aguas Negras",IV,1971.06,VEN,9.34630,-72.14791
20112,Bayang-Mbo,IV,663.97,CMR,5.34739,9.62848
20117,Rumpi Hills,IV,452.07,CMR,4.86949,9.07449
20125,Santchou,IV,69.80,CMR,5.25676,10.03566
20134,Pantanos de Centla,IA,3035.82,MEX,18.30986,-92.45519
20166,Mbam et Djerem,II,4288.15,CMR,5.86540,12.77494
20178,Tabaconas - Namballe,III,321.21,PER,-5.17228,-79.24903
20179,Cordillera de Colán,III,391.50,PER,-5.52196,-78.16079
20186,Megantoni,III,2155.91,PER,-12.27628,-72.44916
20187,Laquipampa,IV,83.30,PER,-6.33685,-79.50061
20202,Desembarco del Granma,II,325.63,CUB,19.87939,-77.53073
20209,Hatibonico,II,60.79,CUB,19.91777,-75.33105
20224,Rio Bravo Conservation & Management Area,IV,1047.72,BLZ,17.65019,-88.90140
20226,Shipstern Nature Reserve,II,76.78,BLZ,18.27212,-88.16129
20230,Chiquibul,II,1067.55,BLZ,16.72648,-88.92645
20264,Pico de Basilé,II,322.56,GNQ,3.56626,8.77781
20267,Monte Alén,II,1939.34,GNQ,1.47860,10.13312
20268,Altos de Nsork,II,692.84,GNQ,1.16370,11.13029
20272,Befotaka Midongy,II,2059.28,MDG,-23.60303,47.05810
20273,Zombitse Vohibasia,II,358.47,MDG,-22.67728,44.74528
20283,Kinkony Lake,IV,1098.62,MDG,-16.26404,45.78111
20287,Ranomafana,II,405.26,MDG,-21.22027,47.46641
20295,Limpopo,II,11015.39,MOZ,-23.29831,31.97347
20299,Cross River,II,3296.87,NGA,5.78140,8.83219
20378,Gunung Palung,II,1081.97,IDN,-1.21372,110.18865
20382,Mutis Timau,IA,128.73,IDN,-9.58388,124.25415
20419,Wai Wuul,IA,595.82,IDN,-8.62651,119.60905
20429,Kepulauan Togean,II,3634.12,IDN,-0.36307,121.97808
20445,Phrumsengla National Park,II,906.44,BTN,27.47333,90.96495
20453,Endau Rompin (Johor) National Park,II,483.79,MYS,2.48050,103.26824
20557,Wicklow Mountains National Park,II,222.54,IRL,53.09231,-6.37158
20641,Py,IV,44.14,FRA,42.46848,2.36545
20679,Shikahogh,IA,121.68,ARM,39.03534,46.45044
20680,Ilisu State Nature Reserve,IA,125.08,AZE,41.47983,47.00877
20683,Surkhan State Reserve,IA,239.38,UZB,37.82092,66.67596
20696,Prespansko Ezero,III,177.92,MKD,40.93264,21.00861
20711,Riserva naturale Monte Velino,IV,39.46,ITA,42.15479,13.38738
20713,Riserva naturale Valle del Fiume Argentino,IV,40.26,ITA,39.80031,15.97364
20717,Riserva naturale Valle del Fiume Lao,IV,54.69,ITA,39.87071,15.90428
20722,Hamburgisches Wattenmeer,II,136.75,DEU,53.91350,8.39354
20723,Schachen und Reintal,IV,39.66,DEU,47.41714,11.10659
20931,Hutan Pinus/ Janthoi,IA,153.49,IDN,5.17995,95.69804
20935,Sierra Alhamilla,II,81.06,ESP,36.99695,-2.34676
20965,Larra,IV,26.78,ESP,42.93855,-0.77772
20976,Djamdè,IV,67.23,TGO,9.54014,1.05172
20978,Abdoulaye,IV,310.29,TGO,8.66384,1.34720
20983,Lago Ypacarai y Sus Humedales Adyacentes,IV,369.67,PRY,-25.27037,-57.35073
20984,Cordillera Del Ybytyruzu,IV,267.78,PRY,-25.84663,-56.23024
21059,Weeks Bay National Estuarine Research Reserve,IV,26.22,USA,30.39245,-87.81106
21065,Sapelo Island National Estuarine Research Reserve,IV,30.72,USA,31.43916,-81.28144
21107,Bon Secour National Wildlife Refuge,IV,27.76,USA,30.25380,-87.93119
21110,Wheeler,IV,103.25,USA,34.57219,-86.79359
21116,J.N. 'Ding Darling' National Wildlife Refuge,IV,26.43,USA,26.48695,-82.12581
21120,Muscatatuck,IV,32.27,USA,39.09326,-86.17462
21131,Fallon,IV,72.66,USA,39.75260,-118.62561
21193,AKAMINA-KISHINENA PARK,II,107.52,CAN,49.06385,-114.18812
21194,BABINE MOUNTAINS PARK,II,314.74,CAN,54.93039,-126.93611
21195,COQUIHALLA SUMMIT RECREATION AREA,II,57.57,CAN,49.59902,-121.08023
21196,ESKERS PARK,II,40.47,CAN,54.07998,-123.21381
21197,GOLDEN EARS PARK,II,616.37,CAN,49.48967,-122.44443
21199,KALAMALKA LAKE PARK,II,32.18,CAN,50.16548,-119.27646
21215,Ernesto Tornquist,II,70.26,ARG,-38.04287,-61.97154
21216,Cerro Aconcagua,II,657.16,ARG,-32.67100,-69.92521
21217,Urugua-í,II,851.72,ARG,-25.94687,-54.02322
21235,Ischigualasto,II,665.40,ARG,-30.06899,-67.95023
21614,Lost Forest Instant Stud,IB,32.70,USA,43.37704,-120.32154
21750,Sinkyone,IB,32.52,USA,39.98557,-123.92454
22490,Wrangell-St. Elias,II,32172.05,USA,61.18159,-142.09410
22663,Walrus Islands State Game Sanctuary,IV,755.65,USA,58.72769,-160.19731
22994,Collier-Seminole State Park,IV,29.42,USA,25.96916,-81.59637
23083,Lac-Malakisis Ecological Reserve,IA,30.27,CAN,46.71605,-78.66535
23114,Louis-Babel Ecological Reserve,IA,234.08,CAN,51.46418,-68.66969
23119,Matamec Ecological Reserve,IA,183.22,CAN,50.34954,-65.95364
23123,Aiguebelle National Park (Québec),II,264.56,CAN,48.51384,-78.74471
23125,Gaspésie National Park (Québec),II,805.90,CAN,48.97157,-66.26728
23127,Grands-Jardins National Park (Québec),II,318.99,CAN,47.68692,-70.79574
23131,Sigiriya,IV,52.83,LKA,7.95877,80.75280
23230,Kahalla - Pallekele,IV,248.77,LKA,7.90067,80.48108
23250,Proulx Lake Wildlife Management Area,IV,31.27,CAN,51.75470,-99.21894
23259,Mantagao Lake Wildlife Management Area,IV,40.36,CAN,51.19989,-97.92989
23260,Little Birch Wildlife Management Area,IV,209.95,CAN,51.13021,-98.05855
23262,Alonsa Wildlife Management Area,IV,38.69,CAN,50.93389,-99.22477
23263,Dog Lake Wildlife Management Area,III,139.10,CAN,51.04034,-98.52054
23264,Sleeve Lake Wildlife Management Area,IV,158.68,CAN,51.00822,-97.92965
23269,Narcisse Wildlife Management Area,IV,78.91,CAN,50.76419,-97.50894
23275,Oak Hammock Marsh Wildlife Management Area,IV,35.80,CAN,50.18631,-97.13894
23277,Watson P. Davidson Wildlife Management Area,III,59.43,CAN,49.34077,-96.37490
23282,Whitemud Watershed Wildlife Management Area,III,35.19,CAN,50.06344,-99.23064
23288,Assiniboine Corridor Wildlife Management Area,IV,33.77,CAN,49.66543,-99.28437
23291,Pembina Valley Wildlife Management Area,IV,27.99,CAN,49.21838,-99.00874
23293,Turtle Mountain Provincial Park,II,119.95,CAN,49.04368,-100.19382
23305,Puca,IV,54.67,HND,14.73754,-88.54029
23306,Cusuco,II,167.60,HND,15.54792,-88.27132
23313,Minneriya-Giritale Section I,IV,87.12,LKA,7.92374,80.93400
23409,Avisford,IA,30.19,AUS,-32.66830,149.57558
23425,Bimberi,II,107.46,AUS,-35.49969,148.76602
23456,Budderoo,II,73.82,AUS,-34.66221,150.64718
23461,Bungawalbin,II,37.11,AUS,-29.08144,153.14556
23537,Kings Plains,II,82.10,AUS,-29.59764,151.36267
23557,Mann River,II,72.26,AUS,-29.72632,152.07311
23581,Mount Neville,II,65.47,AUS,-29.20357,152.81846
23591,Narran Lake,IA,266.71,AUS,-29.71599,147.43831
23596,Nombinnie,IA,723.99,AUS,-33.01077,145.88877
23606,Oxley Wild Rivers,IB,1536.75,AUS,-30.86863,152.03663
23618,Quanda,IA,47.78,AUS,-31.78201,146.73752
23620,Razorback,IA,26.47,AUS,-34.05423,149.27052
23666,Tollingo,IA,32.69,AUS,-32.69349,146.79384
23685,Warrabah,II,52.14,AUS,-30.55768,150.97027
23708,Yengo,IB,1680.08,AUS,-33.03526,150.90312
23762,Longreach Waterhole,IV,96.79,AUS,-17.64758,133.49015
23823,Bladensburg,II,842.53,AUS,-22.65658,143.03003
23837,Burrum Coast,II,259.23,AUS,-25.11693,152.50125
23841,Byfield,II,168.47,AUS,-22.88158,150.75097
23844,Wiliyan-ngurru,II,137.58,AUS,-20.01849,138.18387
23846,Cape Palmerston,II,71.92,AUS,-21.58679,149.42843
23892,Deepwater,II,48.60,AUS,-24.30543,151.92655
23903,Ella Bay,II,43.55,AUS,-17.44041,146.04045
23928,Great Basalt Wall,II,351.31,AUS,-19.95958,145.42927
23976,Kroombit Tops,II,432.17,AUS,-24.37907,150.94152
24027,Gheebulum Kunungai (Moreton Island),II,170.71,AUS,-27.19117,153.41509
24120,Unnamed WA33113,IA,88.61,AUS,-32.92191,121.86272
24133,Walpole-Nornalup,II,149.13,AUS,-35.00001,116.76707
24160,Noosa,II,28.95,AUS,-26.45506,153.07429
24179,Peak Range,II,25.17,AUS,-22.61287,147.98380
24390,Martin Washpool,III,28.50,AUS,-36.15116,139.69686
24419,Neptune Islands,IA,144.36,AUS,-35.28148,136.09097
24457,Sir Joseph Banks Group,IA,478.16,AUS,-34.65117,136.27743
24473,The Pages,IA,70.27,AUS,-35.77180,138.29548
24496,Witjira,II,508.08,AUS,-26.44542,135.52547
24576,Avon,IB,395.66,AUS,-37.61740,146.81878
24580,Baw Baw,II,127.81,AUS,-37.84072,146.33222
24586,Black Range,II,117.31,AUS,-37.13350,142.08465
24633,Dandenong Ranges,II,35.34,AUS,-37.85116,145.35304
24645,Errinundra,II,431.44,AUS,-37.37463,148.85711
24694,Kooyoora,II,114.55,AUS,-36.59854,143.66098
24736,Landsborough N.C.R.,IA,33.71,AUS,-37.03154,143.21485
24738,Lerderderg,II,205.45,AUS,-37.54479,144.43503
24745,Lower Glenelg,II,264.51,AUS,-38.07572,141.18886
24761,Moondarra,II,63.63,AUS,-38.06130,146.38760
24767,Budj Bim,II,85.71,AUS,-38.09156,141.88943
24769,Mount Lawson,II,133.66,AUS,-36.05036,147.44442
24770,Mount Napier,II,29.39,AUS,-37.89480,142.01960
24876,Wilkin F.F.R.,IA,32.33,AUS,-37.71404,141.25406
25079,Kalbarri,II,1831.62,AUS,-27.66593,114.39298
25679,Kambalda,IA,37.05,AUS,-31.19489,121.58754
25945,West Cape Howe,II,36.71,AUS,-35.09561,117.59356
26012,Coorong,II,486.95,AUS,-36.02847,139.32276
26062,Vorpommersche Boddenlandschaft,II,786.81,DEU,54.47230,12.84887
26064,Müritz-Nationalpark,II,321.95,DEU,53.40021,12.99929
26068,Drawieński Park Narodowy,II,112.56,POL,53.11753,15.91052
26070,Mantadia,II,154.56,MDG,-18.80481,48.46941
26072,Mananara Nord,II,241.44,MDG,-16.40763,49.75525
26077,Teravil Oddusuddan,IB,380.56,LKA,9.27981,80.58274
26087,Minneriya,II,85.69,LKA,8.01241,80.84089
26089,Thoppigala,IB,260.01,LKA,7.85365,81.33931
26091,Nuwaragala,IB,986.04,LKA,7.54249,81.39192
26101,Pedro Forest/Pidurutalagala,IA,76.16,LKA,7.04470,80.76562
26442,Daka Headwaters,IV,146.68,GHA,9.88345,-0.28413
26443,Gambaga Scarp East,III,343.93,GHA,10.58816,-0.39733
26444,Gambaga Scarp West,III,157.82,GHA,10.51365,-0.67213
26448,Nasia Tributaries,IV,307.35,GHA,10.05589,-0.64269
26449,Dede,IV,62.19,GHA,6.55716,-0.28799
26452,Volta River,IV,44.15,GHA,6.15024,0.00299
26460,Kakum,II,210.76,GHA,5.42890,-1.35754
26462,Boabeng-Fiema,IV,152.14,GHA,7.77107,-1.71981
26501,Red Volta East,IV,292.75,GHA,10.75721,-0.42017
26505,Apepesu River,IV,67.12,GHA,7.83631,0.57466
26506,Asuokoko River,III,79.03,GHA,7.78940,0.41516
26507,Chai River,III,183.01,GHA,8.05755,0.43634
26515,Togo Plateau,IV,150.17,GHA,7.22818,0.39257
26522,Kulpawn Headwaters,IV,47.16,GHA,10.95881,-2.02115
26524,Mawbia,IV,122.99,GHA,10.53860,-1.74702
26525,Nandom,III,52.17,GHA,10.90999,-2.69481
26530,Tapania,IV,78.18,GHA,10.96516,-2.38112
26536,Chiana Hills,III,38.97,GHA,10.88746,-1.38164
26544,Red Volta West,IV,302.81,GHA,10.75970,-0.66352
26553,Damongo Scarp,III,33.21,GHA,9.10460,-1.76876
26559,Yerada,IV,649.98,GHA,8.64095,-2.16751
26564,Lambo,IV,107.44,GHA,8.72052,-0.21022
26606,Makalu-Barun,II,1387.73,NPL,27.76064,87.08562
26609,Parco naturale della Maremma,IV,90.97,ITA,42.63024,11.08076
26625,Old Oyo,II,2369.28,NGA,8.61406,3.96156
26982,Unnamed Bird Sanctuary,IV,126.95,ZMB,-12.26966,26.42527
27415,Mandakalr,IB,83.58,LKA,9.38585,80.14330
27417,Akkiriyan,IB,82.23,LKA,9.36286,80.27351
27419,Killinochchi,IB,111.48,LKA,9.36185,80.34943
27420,Iranamadu,IB,80.86,LKA,9.34027,80.44641
27424,Vadakkachchi,IB,69.56,LKA,9.33524,80.49081
27427,Panikkankulam,IB,68.31,LKA,9.21389,80.43806
27428,Kulamurippu,IB,48.71,LKA,9.20520,80.70954
27431,Nagancholai,IB,68.27,LKA,9.14519,80.75341
27433,Andankulam,IB,151.19,LKA,9.07278,80.80407
27435,Chamalankulam,IB,33.73,LKA,9.12492,80.61083
27437,Nagapaduwan,IB,40.27,LKA,9.24458,80.17407
27438,Neenthavil,IB,82.99,LKA,9.10430,80.17860
27439,Vannivilankulam,IB,108.83,LKA,9.06879,80.46262
27440,Paranthan,IB,27.36,LKA,8.98975,80.55442
27441,Nainamadu,IB,94.40,LKA,8.97097,80.62773
27449,Karunkaikulam,IB,84.35,LKA,8.77890,80.59181
27450,Puvarasankulam,IB,42.09,LKA,8.80235,80.39944
27455,Mavillu,IB,145.78,LKA,8.70805,80.07596
27456,Veppal,IB,104.97,LKA,8.59909,80.00536
27461,Wedakanda,IB,42.50,LKA,8.58248,80.60913
27463,Kantalai,IB,466.79,LKA,8.47992,81.05050
27466,Hurulu/Konwewa,IB,71.49,LKA,8.34282,80.83979
27467,Mihintale,IB,32.71,LKA,8.37751,80.46711
27469,Nuwaragama,IB,27.58,LKA,8.31438,80.35284
27470,Yodaela,IB,25.10,LKA,8.18461,80.42532
27480,Wanniyagama,IB,113.23,LKA,8.06748,80.06242
27481,Sellankandal,IB,37.80,LKA,8.03223,79.90091
27495,Pallekele,IB,152.50,LKA,7.80034,80.47033
27496,Kahalla,IB,33.39,LKA,7.84885,80.50736
27593,Talapathkanda,IB,100.63,LKA,8.08555,80.82744
27595,Chundankadu,IB,176.05,LKA,8.35006,81.07078
27596,Mahaweli,IB,155.59,LKA,8.26281,81.21689
27597,Vappiah Verugal,IB,36.56,LKA,8.29757,81.29982
27600,Koralai,IB,75.66,LKA,7.99192,81.37760
27601,Vakaneri,IB,26.60,LKA,7.95954,81.44366
27656,Bakmitiyawa Thibirigolla,IB,471.41,LKA,7.03338,81.68009
27657,Kumbukkan,IA,383.29,LKA,6.75786,81.70849
27698,Maduroad,IB,518.80,LKA,8.91210,80.21922
27704,Paddawiya,IB,358.37,LKA,8.72034,80.73789
27770,Bamborabotuwa,IB,33.07,LKA,6.69541,80.54281
27809,Kandapola,IA,26.91,LKA,6.95737,80.82198
27880,Dediyagala,IB,38.67,LKA,6.18881,80.41591
27881,Kanneliya,IB,61.46,LKA,6.26555,80.37838
27907,Yagirala,IB,30.01,LKA,6.39251,80.14998
27941,Mulatiyana,IB,36.05,LKA,6.18914,80.53315
27967,Rajawaka,IB,26.16,LKA,6.63636,80.83027
28175,Mount Elgon,II,1110.01,UGA,1.13184,34.48667
28584,Shark Bay,IA,363.34,AUS,-25.97372,113.61246
28856,Blue and John Crow Mountains National Park,II,412.95,JAM,18.07382,-76.54764
29034,Mu ko Lanta,II,135.95,THA,7.44585,99.02488
29067,Monts Nimba,IA,135.49,GIN,7.63911,-8.41022
29069,Badiar,II,278.17,GIN,12.58139,-13.29489
29506,Réserve naturelle de Mabi-Yaya,IV,613.27,CIV,5.84334,-3.53759
29814,Towada,IV,374.51,JPN,40.56260,140.90257
29815,Asama,IV,286.05,JPN,36.41349,138.49687
29816,Hakusan,IV,370.17,JPN,36.22493,136.77492
29817,Odaisankei,IV,185.49,JPN,34.21699,136.11083
29818,Tsurugisansankei,IV,120.10,JPN,33.83817,134.05986
29819,Daisen,IV,52.20,JPN,35.38761,133.54349
29820,Ishizuchisankei,IV,110.33,JPN,33.78192,133.16778
29821,Kirishima,IV,115.07,JPN,31.90858,130.89743
29822,Kominato,IV,47.80,JPN,40.95705,140.97272
29823,Sendai kaihin,IV,75.59,JPN,38.24407,141.06530
29824,Nakaumi,IV,86.99,JPN,35.47454,133.21863
29825,Yagaji,IV,32.75,JPN,26.64662,128.02257
29826,Kiinagashima,IV,61.59,JPN,34.17295,136.33531
29827,Shiretoko,IV,440.77,JPN,44.16380,145.14708
29828,Kushiro shitsugen,IV,172.48,JPN,43.14691,144.44568
29829,Shimokita seibu,IV,48.76,JPN,41.30960,140.86238
29830,Moriyoshiyama,IV,64.99,JPN,39.99545,140.62751
29831,Otori asahi,IV,382.21,JPN,38.34642,139.88451
29832,Ogasawara gunto,IV,199.80,JPN,27.13198,142.17308
29833,Kita alps,IV,1102.17,JPN,36.48200,137.62438
29898,Hachimantai,IV,110.22,JPN,39.94586,140.80132
29969,Parc National d’Alhoceima,II,523.97,MAR,35.19756,-4.17387
30000,Sembilang,II,2677.88,IDN,-2.03111,104.57123
30005,Tasik Serkap-Tasik Sarang Burung,IV,66.68,IDN,0.44230,102.71138
30012,Bunaken,II,739.41,IDN,1.55224,124.67044
30013,Rawa Aopa Watumohai,II,1074.66,IDN,-4.30370,121.97267
30023,Ciénagas de Juan Manuel,II,1882.04,VEN,9.32512,-72.08258
30024,Turuépano,II,729.46,VEN,10.45702,-62.86834
30026,Paríma - Tapirapeco,II,39543.62,VEN,2.50011,-64.45890
30027,Pico Codazzi,III,117.71,VEN,10.41511,-67.31293
30031,Dr. Amenodoro Rangel Lamus (Chorro El Indio),II,166.21,VEN,7.80574,-72.13984
30032,Cerro Saroche,II,361.47,VEN,10.18212,-69.64386
30033,Dr. Antonio José Uzcátegui Burguera (Sierra de la Culata),II,2011.14,VEN,8.87487,-71.01604
30034,Pampa Hermosa,III,115.52,PER,-11.04353,-75.49821
30051,Mudumu,II,715.77,NAM,-18.09381,23.53189
30052,Nkasa Rupara,II,337.71,NAM,-18.41348,23.67387
30101,Helgoländer Felssockel,IV,54.66,DEU,54.19484,7.86797
30107,Großes Moor bei Gifhorn,IV,29.64,DEU,52.57448,10.64586
30115,Tinner Dose-Sprakeler Heide,IV,39.79,DEU,52.79580,7.38290
30126,Iidesan,IV,136.92,JPN,37.88924,139.74280
30150,Kooriyama,IV,100.87,JPN,37.40947,140.36926
30158,Tadami,IV,161.04,JPN,37.26380,139.25299
30235,Niijima,IV,119.21,JPN,34.38847,139.24421
30252,Myokosan,IV,134.57,JPN,36.91502,138.07644
30296,Chichibu renpo,IV,129.18,JPN,35.86245,138.75100
30298,Fujisan kita,IV,155.42,JPN,35.44212,138.71356
30595,Marino Ballena,II,53.69,CRI,9.13051,-83.73429
30599,Tortuguero,IV,59.99,CRI,10.54070,-83.57227
30604,Mirador - Río Azul,II,1192.05,GTM,17.74236,-89.56991
30605,Sierra del Lacandón,II,1998.18,GTM,17.03124,-90.98827
30606,San Miguel La Palotada - El Zotz,II,354.18,GTM,17.23413,-89.81444
30613,Machaquilá,III,150.09,GTM,16.34598,-89.77840
30618,San Román,II,3089.49,GTM,16.51171,-89.82719
30627,Blanca Jeannette Kawas (Punta Sal),II,794.35,HND,15.84613,-87.67082
30628,Río Indio Maíz,IA,3161.43,NIC,11.12058,-84.02677
30629,Yucul,IV,55.86,NIC,12.91917,-85.75529
30630,Los Guatuzos,IV,442.28,NIC,11.03796,-84.91843
30631,Archipiélago de Solentiname,III,179.42,NIC,11.14889,-84.97209
30632,Fortaleza La Inmaculada Concepción de María,III,36.67,NIC,10.98995,-84.40499
30633,Estero Padre Ramos,IV,214.38,NIC,12.78449,-87.50646
30672,De la Tortuga Arrau,IV,71.74,VEN,6.51518,-67.15422
30674,Nki,II,3132.15,CMR,2.43476,14.52591
30701,Rilomanastirska Gora,IA,36.72,BGR,42.13907,23.37867
30710,Sobaeksan,II,321.64,KOR,36.95886,128.53576
30711,Wolchulsan,II,56.24,KOR,34.74490,126.68223
30712,Byeonsanbando,II,155.43,KOR,35.63685,126.45345
30718,Seoraksan,IA,173.40,KOR,38.13805,128.41191
30719,Mount Daeamsan and Mt. Daewoosan,IA,44.11,KOR,38.24315,128.10137
30720,Hyangnobong  - Mount Geonbongsan,IA,111.07,KOR,38.37915,128.32424
30734,2000860 Arvesjåkkå,IB,89.01,SWE,66.49446,18.38197
30736,2001338 Ängsö,IV,72.29,SWE,59.52677,16.86142
30738,2001848 Blaikfjället,IB,355.29,SWE,64.59805,16.11215
30742,2001194 Daimadalen,IB,282.63,SWE,64.78429,14.59856
30745,2001847 Gitsfjället,IB,451.53,SWE,64.84191,15.53801
30768,2001846 Marsfjället,IB,1050.58,SWE,65.15008,15.58654
30770,2001278 Nimtek,IB,45.77,SWE,65.97734,18.47663
30772,2001921 Nynäs,IA,38.24,SWE,58.82348,17.38532
30773,2001849 Oxfjället,IB,30.24,SWE,64.66505,15.42798
30781,2001255 Rautusakara,IB,42.82,SWE,67.83786,21.11870
30785,2001202 Skäckerfjällen,IB,462.75,SWE,63.84565,12.65748
30789,2000850 Stubba,IB,350.20,SWE,67.08805,20.06098
30790,2001200 Svenskådalen,IB,246.58,SWE,63.97189,13.07991
30791,2001026 Tjadnesvare,IB,68.15,SWE,65.83227,18.56983
30792,2001043 Tjeggelvas,IB,328.24,SWE,66.52160,17.75458
30797,2000893 Vålådalen,IB,1211.48,SWE,63.13176,12.92488
30798,2002464 Våmhuskölen,IB,28.88,SWE,61.48744,14.24976
31031,Kiental,IV,83.92,CHE,46.55545,7.75696
31032,Schwarzhorn,IV,71.02,CHE,46.68970,8.09409
31034,Urirotstock,IV,26.00,CHE,46.87653,8.54319
31035,Fellital,IV,40.17,CHE,46.71138,8.64315
31037,Silbern-Jägern-Bödmerenwald,IV,76.61,CHE,46.96881,8.89665
31039,Hutstock,IV,35.03,CHE,46.82046,8.33035
31040,Kärpf,IV,94.25,CHE,46.93177,9.08855
31043,Graue Hörner,IV,54.49,CHE,46.95776,9.33229
31044,Säntis,IV,25.94,CHE,47.27427,9.33993
31045,Bernina-Albris,IV,65.88,CHE,46.42681,9.91694
31046,Beverin,IV,31.93,CHE,46.64294,9.33978
31048,Piz Ela,IV,39.05,CHE,46.60235,9.70800
31050,Pez Vial/Greina,IV,35.50,CHE,46.62926,8.96506
31051,Campo Tencia,IV,34.69,CHE,46.45216,8.77327
31052,Greina,IV,60.17,CHE,46.58195,8.97377
31054,Hochmatt-Motélon,IV,29.54,CHE,46.56444,7.19472
31056,Grand Muveran,IV,49.65,CHE,46.25435,7.13309
31058,Le Noirmont,IV,37.61,CHE,46.50658,6.16602
31061,Alpjuhorn,IV,57.88,CHE,46.36347,7.89090
31062,Wilerhorn,IV,32.41,CHE,46.36018,7.79530
31064,Mauvoisin,IV,50.21,CHE,46.02599,7.33496
31065,Val Ferret / Combe de l'A,IV,75.25,CHE,45.96030,7.15125
31066,Haut de Cry/Derborence,IV,58.18,CHE,46.26825,7.20525
31067,Leukerbad,IV,41.63,CHE,46.38444,7.63890
31068,Turtmanntal,IV,36.66,CHE,46.24704,7.70537
31069,Dixence,IV,45.30,CHE,46.04986,7.39403
31073,Parc National du Haut-Atlas-Oriental,II,556.99,MAR,32.23703,-5.34908
31107,Riserva naturale Badia Prataglia,IA,25.53,ITA,43.82523,11.85135
31209,Riserva di Monte Arcosu,IV,31.25,ITA,39.17503,8.88509
31243,Hynna,IA,64.14,NOR,61.24401,9.86632
31250,Rangeldalen,IA,26.16,NOR,63.21350,11.99140
31252,Borgan og Frelsøy,IA,54.23,NOR,64.95890,10.79825
31257,Sub Langka,IA,143.01,THA,15.54384,101.35243
31258,Sadeth Naikrom  - Krom Luang Chumporn (North),IA,614.05,THA,11.01903,99.14658
31259,Um Phang,IA,2491.36,THA,16.00044,98.83989
31260,Phu Sithan,IA,248.74,THA,16.60358,104.25756
31266,Tham Chao Ram,IA,335.42,THA,17.31701,99.42378
31273,Sabanas de Anaro,IV,164.18,VEN,7.95967,-70.46887
31274,Ciénaga de Los Olivitos,IV,253.91,VEN,10.88432,-71.43920
31275,Otze Forest,IV,186.71,UGA,3.71220,31.87031
31306,Morne Diablotin,II,33.36,DMA,15.52013,-61.40564
31308,Horseshoe Reef,IV,37.55,VGB,18.67562,-64.27511
31401,Tennengebirge,IV,85.44,AUT,47.52642,13.27979
31402,Kalkhochalpen,IV,237.18,AUT,47.50843,12.96421
31458,Dzanga-Ndoki,II,1251.37,CAF,2.65460,16.29706
31478,Tobago Cays-Mayreau,II,51.75,VCT,12.63046,-61.35406
31506,Punta Yegüas Natural Reserve,IV,263.69,PRI,17.93842,-65.75019
31508,Turquino,II,227.77,CUB,19.98772,-76.87111
31521,GF_Paphos,IV,555.40,CYP,35.01770,32.66501
31550,Viešvilės valstybinis gamtinis rezervatas,IA,34.53,LTU,55.13598,22.44841
31551,Dzūkijos nacionalinis parkas,II,583.57,LTU,54.07939,24.26230
31552,Kuršių nerijos nacionalinis parkas,II,273.76,LTU,55.50028,21.03594
31553,Trakų istorinis nacionalinis parkas,II,81.49,LTU,54.65689,24.90334
31554,Žemaitijos nacionalinis parkas,II,217.53,LTU,56.05407,21.88718
31701,Ulu Temburong,II,495.59,BRN,4.43318,115.21996
31750,Reserva Biológica Guaribas,IA,42.75,BRA,-6.73782,-35.14802
31751,Reserva Biológica Marinha Do Arvoredo,IA,171.04,BRA,-27.22925,-48.36715
31752,Reserva Biológica Do Uatumã,IA,9386.03,BRA,-1.27607,-59.49435
32359,Ciénaga de Zapata,II,4189.78,CUB,22.19324,-81.63379
32361,Tsentralen Balkan,II,717.33,BGR,42.73885,24.68350
32417,Bahía de Nuevas Grande - La Isleta,II,65.70,CUB,21.41879,-76.98093
32464,Tingwa Raphia Palm,IV,93.61,ZWE,-16.61398,30.85074
32467,Mawari Raphia Palm,IV,29.31,ZWE,-16.68771,30.99427
32469,Nyamaneche,IV,25.16,ZWE,-16.77083,30.90371
32487,El Bagual,IA,32.25,ARG,-26.30486,-58.80282
32509,Potrero de Yala,II,45.46,ARG,-24.11105,-65.44945
32530,Naturschutzgebiet Karwendel,IV,537.93,AUT,47.44261,11.48994
32535,Ruhegebiet Ötztaler Alpen,IV,405.52,AUT,46.86469,10.90427
32536,Ruhegebiet Kalkkögel,IV,76.94,AUT,47.15485,11.27732
32537,Ruhegebiet Stubaier Alpen,IV,348.83,AUT,47.05422,11.09501
32538,Ruhegebiet Eppzirl,IV,32.76,AUT,47.36009,11.27006
32539,Ruhegebiet Achental-West,IV,38.68,AUT,47.50908,11.66803
32568,Ilhas Selvagens,IA,2710.12,PRT,30.09086,-15.95198
32588,2001190 Agön-Kråkön,IB,46.24,SWE,61.54141,17.38660
32595,2000852 Likskär,IB,25.06,SWE,65.63820,22.99922
32614,2002199 Svenska Högarna,IB,609.18,SWE,59.49158,19.64363
32617,2000849 Stor-Räbben,IB,101.23,SWE,65.17947,21.90588
32621,2000443 Salvorev-Kopparstenarna,IB,559.90,SWE,58.27801,19.28242
32622,2002449 Städjan-Nipfjället,IB,244.67,SWE,62.01282,12.89152
32629,2002028 Svenska Björn,IB,39.77,SWE,59.61301,19.59923
32663,Little Tobago,IV,57.48,TTO,11.29465,-60.57527
32666,Sächsische Schweiz,II,93.51,DEU,50.94053,14.21041
32667,Jasmund,II,30.72,DEU,54.55342,13.62709
32669,Schleswig-Holsteinisches Wattenmeer,II,4383.59,DEU,54.48252,8.47333
32671,Parco nazionale dei Monti Sibillini,II,697.41,ITA,42.91419,13.19911
32674,Parco nazionale dell' Arcipelago Toscano,II,740.79,ITA,42.84408,10.45303
32681,Riserva naturale delle Montagne della Duchessa,IV,33.14,ITA,42.19226,13.33151
32694,Parco naturale del Mont Avic,IV,57.69,ITA,45.63941,7.56787
32702,Parco naturale regionale della Lessinia,IV,100.27,ITA,45.60403,11.10166
32703,Parco naturale regionale delle Dolomiti d'Ampezzo,IV,111.79,ITA,46.59663,12.12271
32704,Parco regionale naturale del Sirente - Velino,IV,552.16,ITA,42.16527,13.56579
32705,Parco naturale Vedrette di Ries - Aurina,IV,201.45,ITA,46.90060,12.08140
32707,Parco regionale dell' Alto Appennino Modenese,IV,88.92,ITA,44.17678,10.64518
32712,Parco dell' Etna,IV,582.85,ITA,37.74778,14.97790
32713,Parco delle Madonie,IV,392.74,ITA,37.90047,14.01190
32948,Labi Hills (Sungai Ingei Conservation),IA,184.56,BRN,4.17018,114.75256
32950,Ulu Mendaram (Conservation),IA,60.40,BRN,4.29487,114.35925
33041,Reserva Biológica Culuene,IA,36.14,BRA,-13.82589,-53.29096
33047,Orango,II,1571.91,GNB,11.06127,-16.12954
33521,Parque Estadual Serra Do Aracá,II,18727.56,BRA,1.47144,-63.45640
33559,Parque Estadual Serra Do Brigadeiro,II,149.70,BRA,-20.71331,-42.43269
33608,Estação Ecológica Samuel,IA,689.93,BRA,-8.94830,-63.06538
33609,Estação Ecológica Serra Dos Três Irmãos,IA,889.60,BRA,-9.16593,-64.73835
33610,Reserva Biológica Traçadal,IA,241.50,BRA,-11.39448,-64.84912
33611,Reserva Biológica Rio Ouro Preto,IA,591.37,BRA,-10.92073,-64.62744
33612,Parque Estadual De Guajará-Mirim,II,2211.72,BRA,-10.54581,-64.37488
33613,Parque Estadual De Corumbiara,II,3800.77,BRA,-13.16870,-61.72709
33617,Parque Estadual Serra Dos Reis,II,364.39,BRA,-12.27212,-63.92265
33620,Parque Estadual Intervales,II,406.97,BRA,-24.35576,-48.28777
33632,Chuyunshan,IA,60.43,TWN,22.98719,120.78505
33634,Chatianshan,IA,79.75,TWN,24.75551,121.45059
33712,Estação Ecológica Do Rio Roosevelt,IA,979.66,BRA,-8.97746,-60.86174
33821,Reserva Biológica Morro Dos Seis Lagos,IA,382.88,BRA,0.32218,-66.69407
33831,Área De Relevante Interesse Ecológico Javari Buriti,IV,131.77,BRA,-3.12624,-67.83831
34130,Siranggas,IV,56.20,IDN,2.59858,98.21644
34161,Batang Gadis,II,727.04,IDN,0.73821,99.51948
34163,Barumun,IV,400.54,IDN,1.16002,99.54281
34314,Laughing Bird Caye,II,40.97,BLZ,16.46353,-88.19556
34671,Laguna de Apoyo,IV,41.75,NIC,11.91318,-86.03718
34672,Isla Juan Venado,IV,132.28,NIC,12.29661,-86.96337
34682,Volcán Concepción,IV,52.21,NIC,11.54081,-85.61862
34685,Cerro Cumaica – Cerro Alegre,IV,134.68,NIC,12.62206,-85.72330
34687,Cerro Kuskawas,IV,50.85,NIC,13.16531,-85.49525
34691,Cerro Alamikamba,IV,38.04,NIC,13.52249,-84.18091
34872,Cerro de la Silla,III,60.42,MEX,25.60179,-100.21657
35161,Kulpawn Tributaries,IV,100.38,GHA,10.26944,-2.11881
35272,Guanentá Alto Río Fonce,IB,102.95,COL,6.02211,-73.13062
35369,Izembek,IV,1645.48,USA,55.29232,-162.77249
36051,Laguna de Guaimoreto,IV,85.98,HND,15.98188,-85.90644
36053,Río Kruta,II,599.19,HND,15.11288,-83.36705
36057,Miravalles,IV,74.38,CRI,10.72800,-85.12999
36058,Tenorio,IV,56.03,CRI,10.60522,-84.96242
36059,Arenal,II,119.45,CRI,10.42908,-84.75163
36096,Pico Cristal,II,184.84,CUB,20.54810,-75.42294
36097,Punta del Este,II,340.44,CUB,21.60666,-82.51973
36101,Cayo Santa María,IV,298.15,CUB,22.58164,-79.06378
36107,Cayos de Ana María,IV,190.47,CUB,21.47841,-78.81908
36110,Sistema Espeleolacustre de Zapata,III,148.56,CUB,22.17800,-80.90083
36111,Viñales,II,110.91,CUB,22.58624,-83.78764
36115,Los Indios,II,51.99,CUB,21.68516,-83.00351
36123,Delta del Cauto,IV,661.83,CUB,20.55151,-77.17002
36127,Tacre,II,25.23,CUB,20.07009,-74.56742
36534,Yankari,II,2134.46,NGA,9.78798,10.49446
36979,Okomu,II,1215.14,NGA,6.32326,5.23158
37043,Okapis,II,13939.55,COD,1.72164,28.53437
37054,Salacas ieleja,II,62.62,LVA,57.83924,24.69910
37055,Abavas senleja,II,148.56,LVA,57.04256,22.34913
37057,Silene,II,36.93,LVA,55.71140,26.74248
37061,Dridža ezers,II,25.97,LVA,55.97924,27.30074
37064,Ventas ieleja,IV,25.07,LVA,57.01270,21.95720
37091,Daugavas loki,II,125.61,LVA,55.89467,26.91768
37094,Sauka,II,56.06,LVA,56.25898,25.49165
37097,Piejūra,II,41.75,LVA,57.11555,24.16337
37101,Talsu pauguraine,II,36.27,LVA,57.23266,22.66386
37115,Del Bosque Mbaracayú,IV,651.43,PRY,-24.13218,-55.38931
39509,Namtok Yong,II,210.23,THA,8.24874,99.74078
39511,Khao Nam Khang,II,220.88,THA,6.56101,100.59464
39513,Kaeng Krung,II,550.56,THA,9.50401,98.83637
39515,Phu Wiang,II,322.80,THA,16.69954,102.25438
39516,Phu Pha Man,II,358.85,THA,16.73802,101.85695
39517,Tai Romyen,II,380.74,THA,8.78286,99.49020
39518,Pha Tam,II,354.11,THA,15.57387,105.55408
39522,Chalerm Phrakiat Somdej Phrathep Ratchasuda,IA,200.84,THA,6.18617,101.93277
39637,Ladan Hills (Bentuan Catchment Protection),IA,31.33,BRN,4.62154,114.78252
39638,Ladan Hills (Bukit Bedwan Protection),IA,80.76,BRN,4.41216,114.84269
39641,Labi Hills (Bukit Teraja Protection),IA,72.27,BRN,4.27771,114.46344
39816,Ilhas Desertas,IA,133.76,PRT,32.50598,-16.51166
39855,Reserva Biológica Estadual De Guaratiba,IA,33.61,BRA,-23.02428,-43.58378
39872,Black River Gorges,II,56.21,MUS,-20.43026,57.45909
40002,Kibale,II,788.68,UGA,0.43704,30.38305
40042,Semuliki,II,220.72,UGA,0.81710,30.06594
40291,Khao Pra Bangkhram,IA,120.65,THA,7.92953,99.26512
40297,Phu Sa Dokbua,II,206.90,THA,16.18735,104.70781
40657,Jostedalsbreen,II,1308.45,NOR,61.63593,6.94119
40674,Bosumtwi Range,IV,77.29,GHA,6.35289,-1.42036
40678,Fum Headwaters,III,81.69,GHA,6.24574,-1.32788
40682,Nkrabia,III,101.48,GHA,6.01135,-1.56552
40685,Oda River,IV,168.28,GHA,6.15394,-1.92270
40690,Supuma Shelterbelt,III,27.19,GHA,6.01100,-1.71166
40730,Bimpong,IV,108.17,GHA,5.70712,-1.45038
40743,Aboniyere Shelterbelt,IV,51.15,GHA,6.59847,-2.54079
40747,Amama Shelterbelt,III,45.79,GHA,7.18690,-2.37059
40751,Bia Shelterbelt,III,31.01,GHA,7.05015,-2.69441
40752,Bia Tano,IV,189.12,GHA,6.98566,-2.60928
40754,Bonsam Bepo,III,133.69,GHA,6.65044,-2.66688
40755,Bosomkese,IV,144.85,GHA,7.08681,-2.25465
40756,Desiri,IV,156.34,GHA,6.75300,-2.29296
40757,Goa Shelterbelt,IV,25.01,GHA,6.97976,-2.48985
40758,Mpameso,III,332.13,GHA,7.07811,-2.86682
40759,Pamu Berekum,IV,195.12,GHA,7.42509,-2.82335
40762,Jimira,IV,37.73,GHA,6.59811,-1.92508
40764,Tano Ofin,III,411.79,GHA,6.74420,-2.12778
40766,Aboma,IV,44.45,GHA,7.17303,-1.46830
40767,Abrimasu,IV,27.03,GHA,7.28596,-1.46167
40768,Afram Headwaters,III,186.64,GHA,7.19094,-1.67106
40773,Awura,IV,130.90,GHA,7.33242,-1.37310
40774,Chirimfa,IV,109.28,GHA,7.10021,-1.27908
40780,Opro River,III,127.85,GHA,7.17733,-1.80882
40782,Esukawkaw,III,123.06,GHA,6.37489,-0.79091
40788,Southern Scarp (Akim),IV,122.71,GHA,6.36178,-0.44155
40797,Birim,III,50.17,GHA,5.93415,-1.15741
40800,Esuboni,III,29.02,GHA,5.84553,-0.79519
40803,Kajeasi,III,27.41,GHA,6.39496,-0.94860
40806,Mamang River,IV,56.29,GHA,6.26628,-1.03215
40808,Oboyow,III,61.45,GHA,5.77768,-0.92648
40812,Bia North,III,358.11,GHA,6.77600,-3.02285
40815,Krokosua Hills,III,472.72,GHA,6.47910,-2.80658
40817,Muro,III,65.42,GHA,6.48051,-2.60828
40818,Subuma,IV,357.84,GHA,6.05989,-2.47451
40823,Tano Suhyien,IV,91.21,GHA,6.34062,-2.49017
40824,Tano Suraw Extension,III,77.84,GHA,6.36134,-2.36596
40827,Bonsa River,IV,164.15,GHA,5.34223,-1.87080
40828,Cape Three Points,III,58.61,GHA,4.82727,-2.04793
40829,Draw River,III,227.07,GHA,5.20673,-2.34835
40832,Neung South,IV,130.86,GHA,5.12703,-2.00926
40838,Fure River,III,158.55,GHA,5.39300,-2.27790
40839,Mamiri,IV,49.46,GHA,5.65798,-2.39151
40840,Dadieso,III,162.28,GHA,5.96294,-3.02271
40841,Jema Asemkrom,III,71.46,GHA,5.44160,-2.73203
40843,Tano Nimri,IV,206.74,GHA,5.63711,-2.61983
40844,Yoyo,III,233.29,GHA,5.92213,-2.79688
40850,Bonsa Ben,IV,166.67,GHA,5.69152,-1.74641
40853,Angoben Shelterbelt,III,32.41,GHA,5.83305,-2.22667
40855,Totua Shelterbelt,IV,64.02,GHA,5.91069,-2.38069
40856,Bowiye Range,IV,111.14,GHA,5.76371,-2.02609
40858,Tonton,III,148.04,GHA,6.02078,-2.09206
40859,Upper Wassaw,IV,136.11,GHA,6.11520,-2.22892
40862,Bandai Hills South,IV,179.07,GHA,6.81975,-0.92768
40866,Mirasa Hills,IV,64.66,GHA,6.38022,-1.16412
40871,Bosomoa,IV,125.64,GHA,7.90421,-1.80720
40875,Tain Tributaries II,IV,533.23,GHA,7.52822,-2.46354
40878,Atewa Range,III,216.72,GHA,6.18565,-0.59997
40880,Pru Shelterbelt,III,49.56,GHA,7.49708,-1.45794
40887,Buru,IV,320.95,GHA,8.28899,-1.76231
40889,North Bandai Hills,III,75.21,GHA,6.85612,-0.87714
40892,Chipa Tributaries,III,29.52,GHA,5.96669,0.02549
40926,Kolin kansallispuisto,II,29.52,FIN,63.07415,29.89814
40927,Koloveden kansallispuisto,II,60.78,FIN,62.25170,28.81811
40928,Perämeren kansallispuisto,II,148.99,FIN,65.63918,24.30009
40929,Tammisaaren saariston kansallispuisto,II,54.93,FIN,59.83774,23.48038
40930,Torronsuon kansallispuisto,II,30.90,FIN,60.74080,23.63098
40968,Camino de Cruces,II,47.92,PAN,9.04478,-79.58509
41004,Abogado Agustín Córdoba Rodríguez (Isla Santanilla o del Cisne),IB,484.87,HND,17.42521,-83.97502
41010,Cayos Cochinos,II,1221.74,HND,15.94705,-86.49252
41011,Capiro - Calentura,II,80.85,HND,15.88585,-85.93234
41019,El Jicarito,IV,69.25,HND,13.11826,-87.22735
41021,Bahía de Chismuyo,IV,316.38,HND,13.40328,-87.65640
41022,Las Iguanas y Punta Condega,IV,41.72,HND,13.13261,-87.38465
41024,Punta Izopo,II,185.99,HND,15.78648,-87.37109
41037,Boquerón,III,55.08,HND,14.78113,-86.05062
41078,Estação Ecológica Do Jardim Botânico,IA,45.03,BRA,-15.90166,-47.85556
41087,Parque Nacional Marinho De Fernando De Noronha,II,109.33,BRA,-3.85341,-32.41573
44443,Agassiz,IV,252.01,USA,48.34638,-95.93410
44444,Arrowwood,IV,64.78,USA,47.23823,-98.81611
44446,Bald Knob,IV,62.47,USA,35.24316,-91.55418
44447,Bayou Teche,IV,39.84,USA,29.73825,-91.49282
44449,Big Branch Marsh National Wildlife Refuge,IV,72.73,USA,30.26263,-89.85326
61042,Complejo Volcánico San Cristóbal – Casitas- Chonco,IV,176.44,NIC,12.69017,-86.98337
61043,Complejo Volcánico Telica – Rota,IV,98.16,NIC,12.58191,-86.80888
61044,Complejo Volcánico Pilas – El Hoyo,IV,115.78,NIC,12.50403,-86.67496
61049,Tepesomoto – Pataste,IV,100.76,NIC,13.32737,-86.60122
61050,Cerro Quiabuc – Las Brisas,IV,146.38,NIC,13.11717,-86.47470
61053,Cerros de Yalí,IV,51.26,NIC,13.27986,-86.12512
61055,Fila Cerro Frío – La Cumplida,IV,51.49,NIC,13.03955,-85.84430
61057,Cerro Guabule,IV,64.11,NIC,12.94945,-85.67800
61059,Sierra Quirragua,IV,108.13,NIC,12.91639,-85.46047
61061,Fila Masigüe,IV,60.60,NIC,12.52614,-85.38952
61062,Cerro Cola Blanca,IV,105.30,NIC,14.10074,-84.50736
61066,Yulu,IV,44.02,NIC,14.04809,-83.63719
61067,Kligna,IV,42.33,NIC,13.95183,-83.67423
61071,Limbaika,IV,48.89,NIC,13.51752,-84.04849
61072,Llanos de Karawala,IV,42.83,NIC,12.96919,-83.62956
61074,Cerro Wawashang,IV,2244.91,NIC,12.66162,-83.90889
61075,Cerro Silva,IV,2918.78,NIC,11.81423,-83.93707
61515,Ozery,IV,261.32,BLR,53.79816,24.18757
61537,Deo Ngoau Muc,IV,50.65,VNM,11.84605,108.69894
61551,Xuan Thuy,II,70.83,VNM,20.23715,106.53636
61554,Medanos del Chaco,II,6053.12,PRY,-20.36967,-61.55607
61588,Borjomi Nature Reserve,IA,647.76,GEO,41.86161,43.11385
61595,Pu Mat,II,971.04,VNM,18.94900,104.69230
61596,Jacques-Cartier National Park (Québec),II,664.08,CAN,47.29273,-71.34850
61698,"North, Middle and East Caicos",IV,413.89,TCA,21.81956,-71.80742
61849,El Leoncito,II,901.72,ARG,-31.90345,-69.25717
61925,Rio Banano,IV,91.87,CRI,9.84205,-83.17898
61931,Ke Go,IV,238.43,VNM,18.08284,105.96260
61934,Nam Ka,IV,280.20,VNM,12.34772,108.03409
61935,Tam Dao,II,305.90,VNM,21.51538,105.57698
61936,Phong Quang,IV,83.72,VNM,22.92666,104.93169
61939,Khlong Yan,IA,501.52,THA,9.26851,98.77153
61942,Sai Thong,II,331.22,THA,15.86469,101.54111
61943,Kulen Promtep,IV,4099.12,KHM,14.02724,104.52894
61956,Temash-Sarstoon,II,169.58,BLZ,15.96792,-89.00176
61957,Aguas Turbias,II,36.09,BLZ,17.83641,-89.13874
61958,Paynes Creek,II,160.65,BLZ,16.32905,-88.58499
62046,Rus Rus,IV,1162.44,HND,14.79579,-84.59077
62051,"Congolón, Piedra Parada y Coyocutena",II,110.47,HND,14.21306,-88.53228
62055,San Bernardo,IV,94.98,HND,13.04369,-87.27640
62102,Arvasslia,IA,28.53,NOR,64.05915,13.78945
62103,Flåman,IA,29.09,NOR,62.29120,9.82411
62104,Øvre Forra,IA,102.56,NOR,63.60430,11.62066
62109,Øyenskavlen,IA,47.06,NOR,64.30151,11.01717
62114,Bliksvær,IA,43.19,NOR,67.27068,14.01784
62117,Nigardsbreen,IA,28.07,NOR,61.68251,7.20397
62123,Koltjønndalen,IA,56.58,NOR,63.49715,12.06764
62140,2002469 Anjosvarden,IB,26.06,SWE,61.43860,14.27961
62237,Orlovas (Ērgļu) purvs,IV,32.27,LVA,57.00672,27.40535
62240,Stiklu purvi,IV,72.49,LVA,57.32478,22.26433
62245,Klešniku purvs,IV,33.47,LVA,56.63561,27.98290
62253,Lielais Pelečāres purvs,IV,56.84,LVA,56.50241,26.54681
62255,Liepājas ezers,IV,46.45,LVA,56.45434,21.05356
62256,Pape,II,108.65,LVA,56.18062,21.05317
62258,Babītes ezers,IV,29.92,LVA,56.91573,23.72704
62259,Engures ezers,II,125.89,LVA,57.25890,23.12683
62311,Daugyvenės kraštovaizdžio draustinis,IV,38.66,LTU,55.75240,23.83320
62313,Reiskių tyro kraštovaizdžio draustinis,IV,40.34,LTU,55.83110,21.57932
62321,Strošiūnų kraštovaizdžio draustinis,IV,31.71,LTU,54.82842,24.52490
62324,Ūlos kraštovaizdžio draustinis,IV,42.41,LTU,54.08163,24.61493
62337,Praviršulio tyrelio botaninis-zoologinis draustinis,IV,33.17,LTU,55.53251,23.46369
62341,Žaliosios girios botaninis-zoologinis draustinis,IV,31.04,LTU,55.83868,24.51652
62418,KKPN KEPULAUAN RAJA AMPAT,IV,578.04,IDN,-0.35283,130.36067
62420,Shirakami sanchi,IB,140.43,JPN,40.45498,140.11679
62423,Daisetsuzan,IV,355.48,JPN,43.55034,142.85560
62427,Iriomote,IV,101.15,JPN,24.34196,123.79343
62429,Kosado tobu,IV,129.23,JPN,38.01080,138.49283
62480,Tsentralen Rilski rezervat,IA,124.18,BGR,42.15808,23.54353
62485,Rila,II,779.60,BGR,42.10237,23.52164
62495,Gunung Nyiut Penrissen,IA,918.03,IDN,0.96053,110.01182
62496,Bukit Baka -  Bukit Raya,II,2366.43,IDN,-0.71587,112.57170
62499,Teluk Apar,IA,500.29,IDN,-2.17944,116.45380
62566,Binsuluk,IA,121.46,MYS,5.47900,115.67751
62567,Kelimutu,II,53.26,IDN,-8.76252,121.78559
62569,West-Altay State Nature Reserve,IA,557.29,KAZ,50.36108,84.10976
62573,Bukit Taviu,IA,86.37,MYS,5.65480,116.92446
62575,Bukit Kuamas,IA,73.80,MYS,5.70643,117.14473
62577,Mount Hatton,IA,86.80,MYS,5.21236,118.73829
62578,Aktay-Buzachi State Nature Sanctuary (zoological),IV,1509.31,KAZ,44.70510,51.35242
62580,Almaty State Nature Sanctuary (complex),IV,3644.34,KAZ,43.26246,77.70810
62581,Sungai Serudong,IA,86.88,MYS,4.27397,117.38437
62582,Andasay State Nature Sanctuary (zoological),IV,8517.84,KAZ,44.79452,72.31618
62583,Atbasar State Nature Sanctuary (zoological),IV,1444.22,KAZ,51.29819,68.39347
62590,Budari State Nature Sanctuary (zoological),IV,654.25,KAZ,50.64686,51.13068
62591,Bulandy State Nature Sanctuary (zoological),IV,515.13,KAZ,52.55642,70.59912
62592,Verkhnekoksu State Nature Sanctuary (zoological),IV,2618.53,KAZ,44.64820,79.59672
62593,East State Nature Sanctuary (zoological),IV,1164.95,KAZ,52.71601,71.08520
62596,State Nature Sanctuary Zhaltyrkul (zoological),IV,231.60,KAZ,49.27940,50.43297
62600,State Nature  Sanctuary Karakiya-Karakol (zoological),IV,1413.35,KAZ,43.40065,51.61915
62602,State Nature Sanctuary Kargaly (zoological),IV,135.20,KAZ,43.95760,66.73766
62603,Karoi State Nature Sanctuary (complex),IV,5116.04,KAZ,45.84422,75.13209
62604,State Nature Sanctuary Kyzyltau (zoological),IV,834.56,KAZ,50.46825,76.20321
62606,Kirsanov State Nature Sanctuary (complex),IV,655.71,KAZ,51.40112,52.30977
62607,Kuvskiy State Nature Sanctuary (zoological),IV,334.59,KAZ,49.65013,76.40528
62608,Kukan State Nature Sanctuary (zoological),IV,501.79,KAZ,46.36097,78.04268
62609,Karakelang,IV,286.97,IDN,4.25024,126.79381
62610,Kuludzhun State Nature Sanctuary (zoological),IV,453.06,KAZ,48.71235,83.32398
62611,Lepsi State Nature Sanctuary (zoological),IV,3154.64,KAZ,45.45931,80.76443
62613,Mamlut State Nature Sanctuary (zoological),IV,527.27,KAZ,55.05250,68.63920
62614,Mikhailov State Nature Sanctuary (zoological),IV,793.63,KAZ,53.48377,61.65605
62615,Novinskiy State Nature Sanctuary (zoological),IV,494.02,KAZ,46.32679,49.67588
62616,Pribalkhash State Nature Sanctuary (complex),IV,3557.39,KAZ,45.23585,74.81059
62619,Smirnov State Nature Sanctuary (zoological),IV,2382.88,KAZ,54.44430,69.13295
62620,Sogrov State Nature Sanctuary (zoological),IV,1357.91,KAZ,55.14205,69.62710
62621,Bogani Nani Wartabone,II,2833.99,IDN,0.58103,123.67649
62622,Tokty State Nature Sanctuary (zoological),IV,2213.58,KAZ,45.45654,81.88527
62623,Tounsor State Nature Sanctuary (zoological),IV,350.04,KAZ,51.26389,62.36483
62624,Torangylsay State Nature Sanctuary (zoological),IV,174.97,KAZ,44.71898,65.19884
62625,Turgay State Nature Sanctuary (zoological),IV,2954.53,KAZ,48.71623,62.14714
62632,Nantu,IV,516.15,IDN,0.86020,122.38490
62634,State Nature Sanctuary Zhambyl (botanical),IV,85.80,KAZ,42.95457,69.21073
62635,Nizhne-Turgusun State Nature Sanctuary (botanical),IV,188.31,KAZ,49.85739,84.19088
62641,Bayanayl State National Nature Park,II,622.15,KAZ,50.57809,75.54820
62786,Hauts De Saint-Philippe,IA,38.19,REU,-21.31315,55.73255
62853,Selyava,IV,192.04,BLR,54.01260,28.02988
62862,Golubue Ozera,IV,67.66,BLR,54.97871,26.47965
62931,Minneriya-Giritale Section II,II,26.80,LKA,7.98798,80.91071
62932,Minneriya - Giritale (Block 1-5),IV,226.10,LKA,7.84902,80.84627
62936,Bar Reef Marine Sanctuary,IV,274.77,LKA,8.39948,79.73255
62941,Alpine,II,6624.36,AUS,-37.02981,147.52693
62975,Christmas Island,II,87.77,CXR,-10.49218,105.61962
62983,Conondale,II,358.35,AUS,-26.64610,152.55272
62990,Currawinya,II,3438.68,AUS,-28.57152,144.52826
63001,Dryander,II,133.38,AUS,-20.18641,148.59719
63040,Hann Tableland,II,107.98,AUS,-16.86771,145.22750
63052,Parco nazionale del Pollino,II,1822.23,ITA,39.92037,16.12847
63058,Idalia,II,1411.31,AUS,-24.93936,144.68191
63075,Riserva naturale Pino d' Aleppo,IV,29.20,ITA,36.90940,14.50478
63078,"Riserva naturale orientata  Bosco della Ficuzza, Rocca Busambra, Bosco del Cappelliere e Gorgo d",IV,73.62,ITA,37.88110,13.38611
63087,Riserva naturale orientata Bosco di Favara e Bosco Granza,IV,29.63,ITA,37.83952,13.79132
63104,Riserva naturale orientata Bosco di Santo Pietro,IV,64.47,ITA,37.11364,14.50503
63112,Riserva naturale orientata Fiumedinisi e Monte Scuderi,IV,35.45,ITA,38.06072,15.36757
63115,Macquarie Harbour,II,152.31,AUS,-42.36635,145.51095
63128,Riserva naturale orientata  Isola di Pantelleria,IV,26.71,ITA,36.78000,12.01105
63165,Murray - Sunset,II,6658.47,AUS,-34.53955,141.63257
63166,Riserva naturale orientata Monte Genuardo e Santa Maria del Bosco,IV,25.23,ITA,37.69453,13.17036
63174,Ningaloo,IA,873.05,AUS,-22.88082,113.81418
63183,Riserva naturale orientata Monte S.Calogero,IV,28.17,ITA,37.93720,13.72356
63211,Riserva naturale orientata Monti di Palazzo Adriano e Valle del Sosio,IV,58.92,ITA,37.63803,13.32981
63232,Urdaibai,IV,220.56,ESP,43.34032,-2.67081
63489,Hoces del Río Duratón,II,50.45,ESP,41.30869,-3.82984
63500,Lake Gounter,IA,32.82,AUS,-32.42903,118.82394
63543,Jilbadji,IA,2070.08,AUS,-31.76063,119.84387
63557,Capamauro,IA,46.86,AUS,-29.90253,115.91049
63561,Lake Campion,IA,107.96,AUS,-31.11175,118.36883
63577,Lake Magenta,IA,1079.02,AUS,-33.49842,119.04390
63590,Belianske Tatry,IB,54.08,SVK,49.24156,20.23114
63592,Bielovodská dolina,IB,37.15,SVK,49.22096,20.12306
63597,Kôprová dolina,IB,32.27,SVK,49.17181,19.98401
63601,Tichá dolina,IB,59.64,SVK,49.18661,19.94146
63612,Parcul Național Cheile Bicazului - Hășmaș,II,69.08,ROU,46.73985,25.79967
63620,"Riserva naturale orientata Pantalica, Valle dell'Anapo e Torrente Cava Grande",IV,39.15,ITA,37.11725,14.98045
63630,Coronini - Bedina,IV,38.28,ROU,44.95681,22.45883
63635,Riserva naturale orientata Sughereta di Niscemi,IV,29.24,ITA,37.11736,14.42548
63637,Parco nazionale del Cilento e Vallo di Diano,II,1781.31,ITA,40.28317,15.29571
63641,Parco nazionale del Gargano,II,1204.95,ITA,41.87783,15.71090
63642,Parco nazionale del Gran Sasso e Monti della Laga,II,1433.69,ITA,42.49908,13.56947
63645,Parco nazionale della Val Grande,II,169.89,ITA,46.02178,8.44493
63646,Parco nazionale del Vesuvio,II,82.71,ITA,40.82346,14.43204
63647,Parco nazionale del Golfo di Orosei e del Gennargentu,II,739.42,ITA,40.06553,9.39346
63656,Katlanovski predel,III,57.26,MKD,41.87130,21.70592
63700,Camel Lake,IA,32.17,AUS,-34.28745,117.98935
63704,Carlyarn,IA,25.96,AUS,-30.01705,117.45958
63712,Dumbleyung Lake,IA,40.98,AUS,-33.34205,117.64580
63728,Arthur River,IV,36.79,AUS,-41.21593,145.49516
63731,Corackerup,IA,43.33,AUS,-34.19641,118.66576
63771,Burma Road,IA,68.88,AUS,-28.95419,115.09296
63785,Breakaway Ridge,IA,33.22,AUS,-33.22428,118.91880
63847,Gingilup Swamps,IA,44.16,AUS,-34.33358,115.43645
63863,Morton,II,1995.84,AUS,-35.00401,150.26658
63879,Lake Muir,IA,113.28,AUS,-34.48452,116.73093
63898,Harris,IA,34.90,AUS,-32.84743,118.82719
63908,Great Sandy Island,IA,42.02,AUS,-21.04184,115.87601
63940,Dragon Rocks,IA,321.95,AUS,-32.74339,119.06949
63944,Dunn Rock,IA,273.52,AUS,-33.32625,119.49595
64028,Precipice,II,105.04,AUS,-25.34649,150.10065
64043,Rowley Shoals,IA,211.60,AUS,-17.45349,119.13515
64056,Solitary Islands,II,43.29,AUS,-29.94769,153.28480
64070,Thrushton,II,256.61,AUS,-27.74217,147.63391
64080,Undara Volcanic,II,663.48,AUS,-18.32762,144.60853
64093,Waychinicup,II,39.75,AUS,-34.87790,118.31615
64100,Wabba,IB,193.95,AUS,-36.36617,147.72146
64104,Winninowie,IA,89.07,AUS,-32.73267,137.88737
64109,Yeldulknie,IA,32.96,AUS,-33.64237,136.57282
64112,Francois Peron,II,531.45,AUS,-25.69831,113.55325
64113,Karijini,II,6244.28,AUS,-22.72137,118.32936
64114,Kennedy Range,II,3168.25,AUS,-24.54188,114.88157
64119,Moore River,II,172.35,AUS,-31.09200,115.68481
64122,Nambung,II,193.58,AUS,-30.59019,115.15155
64353,Bunyip,II,166.47,AUS,-37.97037,145.70636
64354,Dergholm,II,108.86,AUS,-37.29110,141.23875
64383,Narrien Range,II,74.55,AUS,-22.92015,146.95375
64385,Lake Bindegolly,II,125.26,AUS,-28.01161,144.19700
64387,Curtis Island,II,103.31,AUS,-23.61223,151.13956
64389,Chesterton Range,II,310.05,AUS,-26.19223,147.34739
64390,Bulleringa,II,537.86,AUS,-17.61387,143.93341
64391,Mariala,II,270.44,AUS,-26.03100,145.04108
64392,Japoon,II,248.20,AUS,-17.72460,145.90797
64393,Hell Hole Gorge,II,127.35,AUS,-25.52174,144.15796
64394,Minerva Hills,II,28.24,AUS,-24.07069,148.05725
64395,Wondul Range,II,146.13,AUS,-28.16151,151.00734
64414,Jigme Khesar Strict Nature Reserve,IA,784.06,BTN,27.36878,89.03880
64415,Sakteng Wildlife Sanctuary,IV,741.79,BTN,27.33332,91.95097
64417,Phibsoo Wildlife Sanctuary,IV,287.18,BTN,26.80264,90.06253
64497,Tsarmitunturin erämaa,IB,152.95,FIN,68.67272,28.43748
64499,Tuntsan erämaa,IB,212.38,FIN,67.64381,29.53182
64500,Kemihaaran erämaa,IB,302.07,FIN,67.93624,28.70812
64501,Puljun erämaa,IB,613.56,FIN,68.37885,24.70572
64502,Tarvantovaaran erämaa,IB,670.25,FIN,68.60369,22.83837
64503,Pöyrisjärven erämaa,IB,1274.86,FIN,68.64419,24.23970
64504,Vätsärin erämaa,IB,1574.10,FIN,69.25826,28.60867
64505,Muotkatunturin erämaa,IB,1561.06,FIN,69.13988,26.37170
64506,Paistunturin erämaa,IB,1572.76,FIN,69.59081,26.55270
64507,Hammastunturin erämaa,IB,1822.32,FIN,68.49377,26.59754
64508,Käsivarren erämaa,IB,2199.20,FIN,68.96926,21.63582
64509,Kaldoaivin erämaa,IB,2945.64,FIN,69.66635,28.08140
64511,"Parco nazionale delle Foreste Casentinesi, Monte Falterona e Campigna",II,369.22,ITA,43.87024,11.78679
64512,Parco nazionale dell'Aspromonte,II,645.86,ITA,38.19774,16.01656
64513,Parco nazionale della Maiella,II,741.29,ITA,42.04631,14.04237
64518,Silmäsvuoman soidensuojelualue,IB,29.86,FIN,67.57497,25.54258
64524,Tollovuoman-Vasanvuoman soidensuojelualue,IB,31.37,FIN,67.59079,25.29882
64525,Piessuon-Luomusjoen soidensuojelualue,IB,25.49,FIN,69.41267,26.10277
64526,Pieran Marin jängän soidensuojelualue,IB,26.45,FIN,69.40926,27.17133
64527,Sota-aavan soidensuojelualue,IB,31.19,FIN,68.29249,27.12981
64528,Kaarrerämiän-Kellovuotson soidensuojelualue,IB,33.50,FIN,67.54199,28.87493
64529,Vaaranaavan soidensuojelualue,IB,34.84,FIN,68.07553,27.70561
64530,Hanhijängän-Pierkivaaranjängän soidensuojelualue,IB,44.32,FIN,69.19633,27.15785
64531,Lämsänaavan-Sakkala-aavan soidensuojelualue,IB,42.14,FIN,67.28359,27.56688
64532,Pöyrisvuoman soidensuojelualue,IB,42.22,FIN,68.70308,23.96172
64533,Loukisen latvasoiden soidensuojelualue,IB,58.32,FIN,67.83611,25.57304
64534,Teuravuoman-Kivijärvenvuoman soidensuojelualue,IB,60.64,FIN,67.33646,24.08343
64535,Viiankiaavan soidensuojelualue,IB,63.52,FIN,67.53453,26.82648
64536,Kuortanovuoman-Saivinvuoman soidensuojelualue,IB,95.71,FIN,68.00940,24.89880
64537,Raakevuoman-Vuossijängän soidensuojelualue,IB,67.73,FIN,68.20076,24.45329
64538,Näätävuoman-Sotkavuoman soidensuojelualue,IB,106.20,FIN,67.40291,25.49126
64539,Naatsukka-aavan soidensuojelualue,IB,86.37,FIN,68.20545,25.86126
64540,Joutsenaavan-Kaita-aavan soidensuojelualue,IB,129.56,FIN,67.07999,28.65594
64541,Saaravuoman-Kuoskisenvuoman soidensuojelualue,IB,158.55,FIN,68.47836,24.37660
64542,Lätäsenon-Hietajoen soidensuojelualue,IB,435.11,FIN,68.65736,22.34050
64543,Pomokairan-Tenniöaavan soidensuojelualue,IB,458.63,FIN,67.88707,26.44071
64544,Sammuttijängän-Vaijoenjängän soidensuojelualue,IB,528.44,FIN,69.45844,27.64453
64554,Ruhegebiet Muttekopf,IV,37.37,AUT,47.26175,10.63800
64555,Ruhegebiet Zillertaler und Tuxer Hauptkamm,IV,421.56,AUT,47.06519,11.88161
64651,Golul alpin Moldoveanu - Capra,IV,38.79,ROU,45.56886,24.68020
64661,Allgäuer Hochalpen,IV,207.88,DEU,47.38131,10.32404
64666,Beltringharder Koog,IV,33.78,DEU,54.55556,8.92437
64683,Geigelstein,IV,31.39,DEU,47.70950,12.33324
64690,Kienhorst/Köllnseen/Eichheide,IV,50.14,DEU,52.94581,13.63985
64691,Melzower Forst,IV,28.37,DEU,53.16465,13.91232
64694,Poratzer Moränenlandschaft,IV,39.24,DEU,53.06756,13.79329
64696,Presseler Heidewald- und Moorgebiet,IV,41.10,DEU,51.57501,12.76745
64699,Schwarze Berge,IV,31.69,DEU,50.31788,9.92024
64706,Riserva naturale orientata delle Baragge,IV,38.14,ITA,45.56933,8.30106
64813,Stompaku purvi,IV,38.80,LVA,57.10854,27.47631
64910,Cold Lake Provincial Park,II,50.19,CAN,54.56244,-110.07530
64957,Peter Lougheed Provincial Park,II,514.48,CAN,50.68087,-115.16162
65079,Writing-on-Stone Provincial Park,II,26.91,CAN,49.07547,-111.75324
65123,BUGABOO PARK,II,138.17,CAN,50.78620,-116.80770
65130,CARIBOO RIVER PARK,II,31.46,CAN,52.88020,-121.23456
65134,CHASM PARK,II,32.47,CAN,51.18318,-121.43633
65159,CULTUS LAKE PARK,II,27.31,CAN,49.03779,-121.97334
65177,E.C. MANNING PARK,II,837.88,CAN,49.17630,-120.89800
65179,EAST REDONDA ISLAND ECOLOGICAL RESERVE,IA,61.84,CAN,50.23388,-124.69471
65221,HELLIWELL PARK,II,27.34,CAN,49.49706,-124.61221
65280,MARBLE CANYON PARK,II,25.44,CAN,50.86004,-121.71985
65289,MEHATL CREEK PARK,II,257.58,CAN,50.01714,-122.08936
65292,MILLIGAN HILLS PARK,II,78.28,CAN,57.47566,-120.21445
65300,MOOSE VALLEY PARK,II,25.00,CAN,51.64933,-121.63655
65322,MOUNT SEYMOUR PARK,II,35.68,CAN,49.37964,-122.93180
65368,PURDEN LAKE PARK,II,32.15,CAN,53.92516,-121.91331
65434,SYRINGA PARK,II,45.35,CAN,49.37444,-117.91248
65492,Dr. Frank Baldwin Wildlife Management Area,III,67.74,CAN,50.29630,-97.99647
65557,Spednic Lake,II,257.84,CAN,45.66042,-67.58156
65785,Tobeatic Wilderness Area,IB,156.72,CAN,44.22504,-65.47499
66395,Quetico Provincial Park (Wilderness Class),IB,4721.66,CAN,48.36740,-91.56147
66592,Pointe-Taillon National Park (Québec),II,97.46,CAN,48.65116,-71.92648
66603,Fjord-du-Saguenay National Park (Québec),II,326.78,CAN,48.26308,-70.19890
66604,Frontenac National Park (Québec),II,156.53,CAN,45.86035,-71.19108
66606,Mont-Orford National Park (Québec),II,59.43,CAN,45.34825,-72.21321
66607,Mont-Tremblant National Park (Québec),II,1510.32,CAN,46.41464,-74.27593
66627,Mont-Mégantic National Park (Québec),II,59.90,CAN,45.44786,-71.15672
66633,Monts-Valin National Park (Québec),II,153.85,CAN,48.59014,-70.79198
66664,pointe à la Battrie-Cap de la Table Water Fowl Gathering Area,IV,27.87,CAN,49.38560,-62.05922
66677,Pointe Heath-Pte. de la Croix Water Fowl Gathering Area,IV,29.82,CAN,49.07226,-61.87838
66687,"Cap Observation, Pointe. Guy Water Fowl Gathering Area",IV,29.14,CAN,49.60751,-62.56706
66710,Proposed rivière Moisie Aquatic Reserve,II,3945.57,CAN,51.64250,-66.85006
67038,BROUGHTON ARCHIPELAGO PARK,II,99.09,CAN,50.69069,-126.65104
67039,CARMANAH WALBRAN PARK,II,163.64,CAN,48.67282,-124.61632
67048,ANHLUUT'UKWSIM LAX̱MIHL ANGWINGA'ASANSKWHL NISG̱A'A PARK [A.K.A. NISG̱A'A MEMORIAL LAVA BED PARK],III,178.03,CAN,55.11485,-129.02984
67060,HEIGHT OF THE ROCKIES PARK,II,541.90,CAN,50.48186,-115.22298
67174,Lake Winnipegosis Salt Flats Ecological Reserve,IA,47.27,CAN,53.05288,-101.01659
67320,Lac-Témiscouata National Park (Québec),II,176.41,CAN,47.71311,-68.77129
67406,TATSHENSHINI-ALSEK PARK,IB,9468.98,CAN,59.45365,-137.71205
67457,Rumsey Ecological Reserve,IV,34.37,CAN,51.93981,-112.63890
67515,Lakeland Provincial Park,II,147.07,CAN,54.74774,-111.56923
67577,OKANAGAN MOUNTAIN PARK,II,113.24,CAN,49.72604,-119.64064
67584,Greenwater Provincial Park (Natural Environment Class),II,85.09,CAN,49.22001,-81.29110
67614,El Guache,II,157.74,VEN,9.54575,-69.51770
67615,Tirgua (General Manuel Manrique),II,902.12,VEN,9.87298,-68.73459
67623,El Ángel,IB,159.42,ECU,0.72770,-77.94629
67671,Bonampak,III,43.56,MEX,16.70320,-91.08815
67672,Yaxchilán,III,26.32,MEX,16.87247,-90.97832
67692,Área De Relevante Interesse Ecológico Projeto Dinâmica Biológica De Fragmentos Florestais,IV,33.36,BRA,-2.39253,-59.93041
67760,Lake Sevan,II,4741.23,ARM,40.27090,45.38376
67761,Lake Arpi,II,32.10,ARM,41.05855,43.67288
67802,Donau-March-Thaya-Auen,II,360.97,AUT,48.41587,16.76872
67816,Parque Nacional del Pantanal Matogrosense,II,1359.22,BRA,-17.65536,-57.42779
67819,Ropotamo Complex,IA,34.84,BGR,42.32078,27.74749
67820,Vaya Lake,IV,29.01,BGR,42.49539,27.39560
67823,La Mare aux hippopotames,IV,191.82,BFA,11.60814,-4.14517
67824,Parc National du W,II,3116.48,BFA,11.88964,2.12526
67854,Malpeque Bay,II,244.86,CAN,46.56086,-63.81097
67860,Dong dongting hu,IA,1899.83,CHN,29.31402,112.98237
67868,Lonjsko Polje Nature Park,IV,511.82,HRV,45.36137,16.82684
67869,Neretva River Delta,IV,129.22,HRV,43.02281,17.55106
67875,Ringkøbing Fjord,IA,276.70,DNK,55.92109,8.27303
67877,Nissum Fjord,IV,109.59,DNK,56.36773,8.22157
67879,Vejlerne and Løgstør Bredning,IA,435.64,DNK,56.98618,9.04257
67881,Hirsholmene,IA,37.16,DNK,57.47180,10.56803
67885,Waters north of Anholt,IA,116.17,DNK,56.75867,11.57582
67886,Horsens Fjord and Endelave,IA,427.61,DNK,55.82062,10.22813
67887,Stavns Fjord and adjacent waters,IA,155.40,DNK,55.93424,10.72351
67893,"Karrebæk, Dybso and Avno Fjords",IV,189.49,DNK,55.12705,11.70176
67897,Maribo Lakes,III,38.23,DNK,54.74092,11.54121
67898,"Waters between Lolland and Falster including Rødsand, Guldborg sound, and Bøtø Nor",IV,348.10,DNK,54.64815,11.68376
67900,Vadehavet,IA,1511.84,DNK,55.25898,8.43329
67901,"Aqajarua, Qaamassoq and Sullorsuaq",IV,271.08,GRL,69.66163,-52.20278
67902,Qinnquata Marraa and Kuussuaq,IV,70.76,GRL,69.93916,-54.23831
67903,Kuannersuit Kuussuat,IV,38.21,GRL,69.64230,-53.29493
67904,Kitsissunnguit,IB,69.63,GRL,68.84174,-51.91784
67905,Naternaq,IV,1909.58,GRL,68.39311,-51.76639
67906,Eqalummiut Nunaat and Nassuttuup Nunaa,IV,5819.95,GRL,67.47447,-50.81689
67907,Ikkattoq and adjacent archipelago,IV,447.72,GRL,62.68404,-50.14275
67908,Kitsissut Avalliit,IV,44.94,GRL,60.75505,-48.42214
67909,Heden,IV,2618.53,GRL,70.98049,-24.07402
67910,Hochstetter Forland,IB,2075.84,GRL,75.46129,-19.78412
67911,Kilen,IB,492.16,GRL,81.17965,-13.39897
67913,Söderskär and Långören Archipelago,IV,204.78,FIN,60.10709,25.63061
67920,Patvinsuo National Park,II,127.16,FIN,63.09142,30.76432
67921,Martimoaapa - Lumiaapa - Penikat Mires,IV,140.84,FIN,65.83942,25.13163
67922,Koitelainen Mires,IV,489.38,FIN,67.75909,27.25269
67931,Wonga-Wongué,IV,3965.81,GAB,-0.51582,9.55866
67932,Petit Loango,II,1508.69,GAB,-2.17056,9.53099
67936,"Wattenmeer, Ostfriesisches Wattenmeer & Dollart",IV,1209.00,DEU,53.51771,7.31170
67937,"Niederelbe, Barnkrug-Otterndorf",IV,108.26,DEU,53.77615,9.19855
67940,Diepholzer Moorniederung,IV,148.47,DEU,52.54171,8.67695
67951,Baltic Sea Lagoons of Westrügen- Island Hiddensee-Peninsula Zingst,II,262.86,DEU,54.48659,13.08650
67953,Eastern shore of Lake Müritz,II,49.74,DEU,53.44266,12.76726
67954,Lowland of the lower Havel/Gülper Lake/Schollener Lake,IV,89.78,DEU,52.73664,12.21175
67967,Densu Delta Ramsar Site,IV,59.95,GHA,5.53498,-0.32391
67969,Songor Ramsar Site,IV,519.56,GHA,5.88561,0.52854
67970,Keta Lagoon Complex Ramsar Site,IV,1358.72,GHA,5.95088,0.86872
67995,Upper Kiskunság Alkaline Lakes,II,73.94,HUN,46.81520,19.16210
67997,Hortobágy,II,318.42,HUN,47.54808,20.91481
68000,Lake Fertö,II,84.36,HUN,47.68717,16.75909
68004,Thjörsárver,IV,353.32,ISL,64.63823,-18.77292
68031,Castlemaine Harbour,IV,29.70,IRL,52.11334,-9.87954
68054,Stagno di Cagliari,IV,36.82,ITA,39.21313,9.05207
68062,Saline di Margherita di Savoia,IV,49.02,ITA,41.40255,16.05601
68092,Lake Nakuru,II,190.36,KEN,-0.39236,36.09318
68097,Weerribben,II,33.29,NLD,52.77746,5.95575
68101,Biesbosch,II,96.41,NLD,51.76331,4.77099
68102,Wadden Sea,IV,2710.12,NLD,53.23129,5.96337
68103,Oosterschelde,II,369.76,NLD,51.56696,3.95288
68105,Oostvaardersplassen,II,54.78,NLD,52.45188,5.33930
68109,Deurnsche Peel & Mariapeel,IV,27.34,NLD,51.43429,5.88681
68117,Farewell Spit,IA,113.57,NZL,-40.55293,172.90456
68124,Nordre Oyeren,IA,64.39,NOR,59.87541,11.15571
68126,Rott-Håstein-Kjør,IA,106.52,NOR,58.91500,5.49025
68127,Ørland Wetland System,IA,31.65,NOR,63.69088,9.53143
68141,Warta River Mouth National Park,II,80.73,POL,52.60747,14.78097
68145,Estuário do Tejo,IV,144.13,PRT,38.84092,-8.99464
68151,Parc National des Oiseaux du Djoudj,II,161.61,SEN,16.42858,-16.24260
68152,Réserve Spéciale de Faune de Ndiaël,IV,261.99,SEN,16.25145,-16.03741
68161,Latorica,IA,44.92,SVK,48.48178,22.01397
68164,Barberspan,IV,30.25,ZAF,-26.58197,25.57677
68168,St. Lucia System,II,1392.84,ZAF,-27.99276,32.48153
68169,Langebaan,II,55.88,ZAF,-33.12704,18.02841
68173,Kosi Bay,IV,173.35,ZAF,-27.01164,32.82096
68175,Doñana,II,1131.19,ESP,37.06158,-6.48018
68184,Lagunas de Villafáfila,IV,27.13,ESP,41.82753,-5.59256
68187,L'Albufera,II,209.46,ESP,39.30531,-0.31426
68189,Lagunas de La Mata y Torrevieja,II,37.17,ESP,38.00815,-0.70445
68203,Falsterbo-Foteviken,IB,78.54,SWE,55.43044,12.88923
68204,Klingavälsån-Krankesjön,IV,39.91,SWE,55.63605,13.56062
68205,Helge å,IV,80.48,SWE,55.97678,14.16694
68207,Ölands ostkust,IV,107.23,SWE,56.68439,16.75586
68209,Store Mosse,II,78.02,SWE,57.27966,13.94923
68210,Gotlands ostkust,II,49.62,SWE,57.39606,18.70348
68211,Hornborgasjön,IV,62.01,SWE,58.29947,13.53901
68212,Tåkern,III,54.25,SWE,58.35361,14.81436
68215,Ånnsjön,IB,110.35,SWE,63.26743,12.52628
68218,Tärnasjön,IA,232.54,SWE,65.96565,15.59372
68219,Tjålmejaure-Laisdalen,IB,216.17,SWE,66.24430,16.27976
68220,Laidaure,IB,43.17,SWE,67.13153,18.27928
68221,Sjaunja,IA,1813.15,SWE,67.39000,19.31636
68223,Åsnen,IA,178.80,SWE,56.65194,14.72791
68226,Dättern,IV,39.91,SWE,58.38561,12.60567
68228,Kilsviken-Åråsviken,IA,90.53,SWE,59.05443,14.04705
68229,Svenska Högarna-Nassa,IB,152.00,SWE,59.43551,19.35077
68231,Hovranområdet,IV,48.62,SWE,60.33227,16.04783
68235,Les Grangettes,IV,63.42,CHE,46.41775,6.86749
68243,Cors Fochno & Dyfi,IV,25.09,GBR,52.52603,-3.99922
68247,Lindisfarne,IV,37.22,GBR,55.67863,-1.86168
68251,Lough Neagh & Lough Beg,IV,501.52,GBR,54.64402,-6.43875
68263,The Swale,IV,65.09,GBR,51.36219,0.88004
68276,The Wash,IV,620.57,GBR,52.94114,0.25342
68306,Ash Meadows,IV,98.52,USA,36.42618,-116.31354
68319,Refugio de Fauna Silvestre de Cuare,IV,114.69,VEN,10.97463,-68.32275
68324,Matsalu,II,488.73,EST,58.75834,23.64862
68327,Karkinitska and Dzharylgatska Bays,IA,1475.57,UKR,45.98608,33.17314
68328,Yagorlytska Bay,IA,396.93,UKR,46.40346,31.86651
68484,Bitter Creek,IV,60.03,USA,34.93628,-119.38405
68485,Cibola,IV,43.48,USA,33.28871,-114.69509
68487,Havasu,IV,149.90,USA,34.67725,-114.46768
68581,Florida Panther,IV,106.79,USA,26.20299,-81.41951
68583,Bond Swamp,IV,31.13,USA,32.74417,-83.58603
68632,Shiretoko,IB,458.56,JPN,44.14886,145.15156
68634,Shirakami Sanchi,IB,169.54,JPN,40.45518,140.11221
68635,Kakkondagawa・Tamagawa Genryubu,IB,93.37,JPN,39.87217,140.83058
68636,Tonegawa Genryubu・Hiuchigatake Shuhen,IB,200.84,JPN,37.00005,139.10993
68639,Hakusan,IB,149.04,JPN,36.17698,136.78137
68641,Ishizuchi Sankei,IB,42.57,JPN,33.74815,133.12703
68642,Sobosan・Katamukiyama・Okueyama Shuhen,IB,59.74,JPN,32.79712,131.44075
68643,Iriomotejima,IB,225.29,JPN,24.34014,123.79731
68644,Iidesan Shuhen,IB,295.46,JPN,37.83748,139.67418
68645,Yakushima,IB,151.24,JPN,30.32083,130.50890
68647,Saburyuyama Shuhen,IB,127.73,JPN,36.76661,138.64333
68648,Hayachinesan Shuhen,IB,80.87,JPN,39.55505,141.47826
68655,Cypress Creek,IV,67.70,USA,37.22810,-89.14815
68718,Pocosin Lakes,IV,465.11,USA,35.75111,-76.33120
68719,Roanoke River,IV,86.22,USA,35.92689,-76.95591
68721,Marais Des Cygnes,IV,30.61,USA,38.22208,-94.65400
68740,Bayou Cocodrie,IV,61.33,USA,31.54475,-91.61257
68742,Cameron Prairie,IV,98.71,USA,29.90533,-93.17698
68788,Kyabobo National Park,II,378.37,GHA,8.38270,0.62728
68797,Card Creek,III,53.95,NZL,-42.50665,171.29488
68798,Central Maruia,III,66.31,NZL,-42.05932,172.17695
68837,Paparoa National Park,II,433.28,NZL,-42.05097,171.62562
68850,Tasman,IB,872.58,NZL,-41.07567,172.33521
68851,Hooker / Landsborough,IB,404.89,NZL,-43.79253,169.79761
68856,"Preah Monivong ""Bokor""",II,1545.39,KHM,10.88845,104.01893
68859,"Preah Sihanouk ""Ream""",II,337.75,KHM,10.48704,103.72759
68861,"Preah Jayavaraman-Norodom ""Phnom Kulen""",II,373.94,KHM,13.61335,104.08615
68862,Virajay,II,3340.70,KHM,14.37278,106.98343
68864,Peam Krasaob,IV,259.03,KHM,11.51044,103.04833
68865,Phnom Somkos,IV,3295.68,KHM,12.21821,102.98064
68867,Boeng Paer,IV,2498.94,KHM,13.20575,104.82559
68868,Phnom Namlier,IV,457.53,KHM,12.47224,107.46714
71009,Parque Estadual Marinho Do Parcel De Manuel Luís,II,451.29,BRA,-0.86702,-44.25039
71022,Ría Lagartos,IA,603.90,MEX,21.50489,-87.87831
71213,Picos de Europa,II,660.47,ESP,43.19523,-4.86897
71218,Lagunas de la Mata y Torrevieja,II,37.17,ESP,38.00815,-0.70445
71219,Desert de les Palmes,II,30.94,ESP,40.07545,0.04087
71224,Las Nieves,IB,51.08,ESP,28.74729,-17.79414
71230,Sierra de la Pila,II,88.53,ESP,38.26125,-1.23146
71274,Catanduanes Natural Park,II,489.41,PHL,13.81476,124.24750
71275,El Nido Managed Resource Protected Area,IV,916.69,PHL,11.17612,119.37319
72320,Parc national d'Akanda,II,535.45,GAB,0.58100,9.55787
72324,Parc national de Minkébé,II,7538.83,GAB,1.72524,12.75954
72332,Parc National de Nouabalé-Ndoki,II,4088.55,COG,2.54097,16.60044
72350,Addax Sanctuary,IA,12643.72,NER,19.31346,9.37248
76186,Lower John Day,IB,102.80,USA,45.34200,-120.54592
76200,Oregon Badlands,IB,118.54,USA,44.00660,-121.03223
76247,Upper West Little Owyhee,IB,249.03,USA,42.15070,-117.43191
76480,Sheldon Contiguous,IB,98.20,USA,41.92797,-119.63024
76481,Massacre Rim,IB,410.35,USA,41.70066,-119.61942
76482,Wall Canyon,IB,192.50,USA,41.26023,-119.80722
76489,Pine Forest Range,IB,106.07,USA,41.66836,-118.71704
76496,Buffalo Hills,IB,192.27,USA,40.83007,-119.90593
76497,Poodle Mountain,IB,573.11,USA,40.75587,-119.67569
76498,Twin Peaks,IB,372.84,USA,40.65918,-119.93528
76499,Fox Range,IB,306.75,USA,40.49127,-119.54749
76500,Pole Creek,IB,52.68,USA,40.40348,-119.62912
76503,Dry Valley Rim,IB,382.55,USA,40.40107,-119.96001
76504,Five Springs,IB,197.70,USA,40.57291,-120.10741
76505,China Mountain,IB,41.40,USA,40.54435,-117.43605
76506,Tobin Range,IB,53.12,USA,40.38176,-117.57186
76507,Augusta Mountains,IB,356.59,USA,40.01676,-117.58350
76508,Clan Alpine Mountains,IB,792.09,USA,39.62091,-117.86217
76509,Desatoya Mountains,IB,206.09,USA,39.36291,-117.76326
76510,Job Peak,IB,363.22,USA,39.52433,-118.29324
76511,Stillwater Range,IB,381.81,USA,39.80765,-118.15928
76515,Owyhee Canyon,IB,87.01,USA,41.86998,-116.56892
76516,Rough Hills,IB,26.33,USA,41.69070,-115.56772
76517,Bad Lands,IB,37.50,USA,41.78002,-114.93141
76518,Simpson Park,IB,199.53,USA,39.71476,-116.61152
76519,Roberts Mountain,IB,61.47,USA,39.88907,-116.33361
76520,Cedar Ridge,IB,38.27,USA,40.45990,-115.80479
76521,Red Spring,IB,30.66,USA,40.53927,-115.77726
76523,South Pequop,IB,162.89,USA,40.63916,-114.61415
76525,Goshute Peak,IB,283.70,USA,40.49043,-114.28752
76526,Gabbs Valley Range,IB,326.85,USA,38.72579,-118.19009
76535,Burbank Canyons,IB,51.33,USA,38.82284,-119.45711
76536,Rawhide Mountain,IB,258.36,USA,38.30118,-116.46209
76537,Palisade Mesa,IB,399.71,USA,38.30713,-116.09230
76538,The Wall,IB,164.29,USA,38.31863,-115.95310
76540,South Reveille,IB,467.40,USA,37.91994,-116.18471
76547,Kawich,IB,276.75,USA,37.98920,-116.45013
76548,Grapevine Mountains,IB,281.65,USA,37.11927,-117.15079
76549,Queer Mountain,IB,344.48,USA,37.17030,-117.31395
76550,Silver Peak Range,IB,140.20,USA,37.74020,-117.92957
76553,Fandango,IB,178.19,USA,38.64734,-116.37789
76554,Morey Peak,IB,79.14,USA,38.60622,-116.27474
76555,Antelope Range,IB,339.02,USA,38.88304,-116.28331
76556,Park Range,IB,197.55,USA,38.87785,-116.15953
76562,Million Hills,IB,91.39,USA,36.31335,-114.09378
76567,Mount Stirling,IB,263.55,USA,36.39667,-115.89914
76582,Cactus Plain,IB,236.84,USA,34.04554,-114.05499
76605,Disaster Peak,IB,122.08,USA,41.99582,-118.22488
76658,Lookout Butte,IB,268.09,USA,42.15997,-117.13931
76787,Ah-Shi-Sle-Pah,IB,29.27,USA,36.15800,-107.92235
76788,Sabinoso,IB,88.84,USA,35.63543,-104.50683
76789,Eagle Peak,IB,177.67,USA,34.36519,-108.72138
76790,Mesita Blanca,IB,78.81,USA,34.34295,-108.86013
76792,Continental Divide,IB,300.50,USA,33.69506,-108.03519
76795,Blue Creek,IB,59.40,USA,32.70270,-108.88883
76798,Cowboy Spring,IB,26.95,USA,31.59246,-108.65069
76801,Big Hatchet Mountains,IB,272.36,USA,31.60413,-108.33951
76802,Aden Lava Flow,IB,122.00,USA,32.04654,-106.98440
76804,Cedar Mountains,IB,60.59,USA,31.95533,-108.10402
76805,Florida Mountains,IB,90.78,USA,32.09084,-107.62381
76808,Sierra De Las Uvas,IB,52.67,USA,32.56425,-107.19615
76810,Brokeoff Mountains,IB,126.57,USA,32.10517,-104.94883
76812,Culp Canyon,IB,45.75,USA,32.57611,-105.81690
76819,Antelope,IB,83.18,USA,33.76993,-106.81810
76820,Jornada Del Muerto,IB,124.93,USA,33.52305,-106.80894
76822,Veranito,IB,29.51,USA,34.16705,-106.84047
76823,Presilla,IB,32.16,USA,34.06147,-106.81146
76824,Sierra De Las Canas,IB,53.90,USA,34.02241,-106.74333
76825,Stallion,IB,96.32,USA,34.10873,-106.60816
76829,Sierra Ladrones,IB,193.54,USA,34.40495,-107.12255
76832,Chamisa,IB,58.80,USA,35.54299,-107.21833
76833,Ignacio Chavez,IB,131.21,USA,35.57112,-107.33964
76834,La Lena,IB,41.48,USA,35.66138,-107.19204
76835,Empedrado,IB,36.41,USA,35.63696,-107.23581
76837,Petaca Pinta,IB,47.18,USA,34.74717,-107.51005
76843,Rio Chama,IB,45.04,USA,36.50957,-106.72417
76844,Rìo San Antonio,IB,38.16,USA,36.93945,-106.06036
76846,North Stansbury Mountains,IB,43.67,USA,40.65062,-112.62383
76850,Rockwell,IB,37.82,USA,39.70278,-112.41832
76851,Fish Springs,IB,233.07,USA,39.72996,-113.43560
76852,Conger Mountain,IB,81.54,USA,39.25727,-113.70846
76853,Wah Wah Mountains,IB,175.85,USA,38.66314,-113.57274
76854,King Top,IB,375.59,USA,38.95472,-113.54225
76855,Notch Peak,IB,231.82,USA,39.13974,-113.35495
76856,Howell Peak,IB,111.45,USA,39.29423,-113.37525
76857,Swasey Mountain,IB,238.75,USA,39.43294,-113.29283
76860,Muddy Creek,IB,446.25,USA,38.64345,-110.87940
76861,Devil's Canyon,IB,35.50,USA,38.82464,-110.96567
76863,Mexican Mountain,IB,338.89,USA,39.04074,-110.54815
76868,Bull Mountain,IB,52.88,USA,38.12717,-110.72976
76869,Westwater Canyon,IB,121.69,USA,38.99956,-109.13689
76872,Mill Creek Canyon,IB,42.58,USA,38.55082,-109.44274
76873,Behind The Rocks,IB,55.45,USA,38.50192,-109.52014
76874,Negro Bill Canyon,IB,30.60,USA,38.60610,-109.45600
76879,Winter Ridge,IB,175.39,USA,39.56357,-109.48299
76881,Cottonwood Canyon,IB,47.20,USA,37.20648,-113.47336
76883,Cougar Canyon,IB,43.03,USA,37.48754,-114.00703
76884,Moquith Mountain,IB,61.73,USA,37.04887,-112.67264
76885,Parunuweap Canyon,IB,125.10,USA,37.18384,-112.77605
76900,Fish Creek Canyon,IB,186.67,USA,37.46944,-109.77317
76901,Road Canyon,IB,212.19,USA,37.34903,-109.81161
76902,Mancos Mesa,IB,206.09,USA,37.56513,-110.41570
76903,Cheese Box Canyon,IB,60.06,USA,37.68651,-110.06878
76910,Indian Creek,IB,26.54,USA,38.25360,-109.75755
76911,Butler Wash,IB,98.30,USA,37.99609,-109.82244
76914,Mt. Pennell,IB,312.41,USA,37.88122,-110.87795
76915,Mt. Hillers,IB,78.07,USA,37.89069,-110.66939
76916,Little Rockies,IB,164.97,USA,37.82063,-110.56085
76918,Fiddler Butte,IB,297.09,USA,38.01885,-110.36617
76920,Dirty Devil,IB,291.12,USA,38.29523,-110.45324
76921,Horseshoe Canyon (South),IB,161.35,USA,38.34450,-110.22609
76924,Steep Creek,IB,97.11,USA,37.91083,-111.30982
76926,Scorpion,IB,151.15,USA,37.51925,-111.20330
76929,The Blues,IB,78.62,USA,37.63632,-111.94434
76932,Burning Hills,IB,266.12,USA,37.29714,-111.42515
76934,Wahweap,IB,584.24,USA,37.28365,-111.71485
76937,The Cockscomb,IB,40.17,USA,37.15223,-111.90892
76941,Flume Canyon,IB,204.94,USA,39.24620,-109.40815
76942,Spruce Canyon,IB,82.40,USA,39.21169,-109.52968
76943,Coal Canyon,IB,245.97,USA,39.10550,-109.57055
76944,Floy Canyon,IB,292.68,USA,39.09330,-109.87503
76945,Desolation Canyon,IB,657.91,USA,39.43303,-110.01498
76947,Jack Canyon,IB,29.17,USA,39.68589,-110.10536
76953,Vale Of Tears,IB,28.45,USA,40.48751,-108.53118
76954,Cross Mountain,IB,57.79,USA,40.50367,-108.37891
76956,Willow Creek,IB,53.78,USA,40.28892,-108.88153
76957,Skull Creek,IB,52.68,USA,40.29144,-108.73733
76958,Demaree Canyon,IB,91.73,USA,39.43306,-108.89440
76960,Black Mountain,IB,41.20,USA,40.06566,-108.11900
76961,Windy Gulch,IB,50.22,USA,40.13136,-108.04518
76964,The Palisade,IB,108.00,USA,38.74892,-108.92346
76967,Camel Back,IB,43.40,USA,38.58484,-108.20356
76968,Dominguez Canyon,IB,267.61,USA,38.75885,-108.40998
76970,Sewemup Mesa,IB,79.49,USA,38.49928,-108.92496
76971,Dolores River Canyon,IB,118.19,USA,38.23509,-108.92069
76972,Mckenna Peak,IB,83.69,USA,37.90158,-108.51013
76975,Cahone Canyon,IB,37.11,USA,37.63915,-108.90246
76976,Menefee Mountain,IB,29.67,USA,37.28289,-108.26857
76977,Weber Mountain,IB,25.36,USA,37.26202,-108.33321
76981,Mcintyre Hills,IB,67.99,USA,38.41461,-105.49141
76983,Lower Grape Creek,IB,54.49,USA,38.37312,-105.37912
76984,Beaver Creek,IB,89.21,USA,38.59603,-105.02477
76987,Castle Peak,IB,49.07,USA,39.78586,-106.81405
76988,Troublesome,IB,34.69,USA,40.26462,-106.31447
76997,Browns Canyon,IB,30.19,USA,38.70129,-106.04213
77012,Handies Peak,IB,66.51,USA,37.90992,-107.45496
77013,Red Cloud Peak,IB,154.25,USA,37.96390,-107.39541
81048,Parque Estadual Do Jurupará,II,262.35,BRA,-23.92506,-47.29391
81051,Parque Estadual Do Morro Do Diabo,II,365.72,BRA,-22.52111,-52.27701
81055,Estação Ecológica De Xitué,IA,29.37,BRA,-24.28155,-48.33464
81058,Estação Ecológica Juréia-Itatins,IA,843.80,BRA,-24.47346,-47.25147
81060,Parque Nacional Marinho Dos Abrolhos,II,879.46,BRA,-17.78381,-38.82454
81072,Sumaco Napo-Galeras,II,2133.40,ECU,-0.49605,-77.52243
81224,Parcul Național Semenic - Cheile Carașului,II,360.41,ROU,45.13801,21.98396
82256,Nordfriesisches Wattenmeer,IV,1376.04,DEU,54.61186,8.65459
82871,Wattenmeer nördlich des Hindenburgdammes,IV,203.03,DEU,54.97286,8.49585
83262,Les Bauges,IV,52.98,FRA,45.67295,6.23227
83264,Chambord,IV,54.68,FRA,47.62083,1.53746
83266,La Petite Pierre,IV,27.29,FRA,48.82793,7.34615
83267,Le Der Chantecoq Et Les Étangs D\'Outines Et D\'Arrigny,IV,52.17,FRA,48.56894,4.76857
83268,Orlu,IV,43.47,FRA,42.64568,1.95355
83387,Riserva naturale Monti del Sole,IA,30.77,ITA,46.20772,12.09087
88885,Vieques National Wildlife Refuge,IV,70.82,PRI,18.12165,-65.42253
93500,Dornod Mongol,IB,5030.91,MNG,46.48788,117.27839
93518,Numrug,IB,5714.51,MNG,46.97027,119.25393
93531,Eej khairkhan uul,III,228.43,MNG,44.93475,96.21033
93533,Khan Khentii,IB,17468.50,MNG,48.98838,108.31892
93536,Khukh Serkhiin nuruu,IB,738.25,MNG,47.83278,91.06083
93538,Mongol daguur /A/,IB,918.14,MNG,50.03695,115.10041
93541,Otgontenger,IB,1914.96,MNG,47.71426,97.73873
93566,Altan els,IB,1484.82,MNG,49.91233,95.03389
93579,Khuvsgul nuur,II,11740.53,MNG,51.03456,101.04646
93580,Gobi gurvan saikhan,II,26935.59,MNG,43.79582,101.92516
93582,Gorkhi-Terelj,II,2919.95,MNG,48.10928,107.59594
93637,Khustain nuruu,II,576.87,MNG,47.68574,105.92956
93646,Ugtam uul,IV,456.02,MNG,49.32819,113.76806
93647,"Sharga, Mankhan",IV,3088.32,MNG,46.08249,94.73759
93888,Buda-Koshelevskiy,IV,140.99,BLR,52.79417,30.58180
93894,Nizovie Slychi,IV,89.97,BLR,52.20511,27.54202
93896,Nizovie Yaseldy,IV,77.34,BLR,52.16333,26.30362
93897,Ruzhanskaya Pushcha,IV,28.57,BLR,52.90237,24.93695
93900,Sporovskiy,IV,125.56,BLR,52.43055,25.37119
93902,Baranovichskiy,IV,376.81,BLR,52.92421,25.74181
93903,Vetkovskiy,IV,69.37,BLR,52.62195,31.22570
93904,Gozhevskiy,IV,52.00,BLR,53.89746,23.85510
93905,Zhitkovichskiy,IV,182.19,BLR,52.24382,27.82452
93906,Mikhalinsko-Berezovskiy,IV,113.31,BLR,52.74257,24.75912
93908,Radostovskiy,IV,80.22,BLR,51.94066,24.88605
93909,Slonomskiy,IV,145.98,BLR,53.10357,25.48850
93910,Sopotskinskiy,IV,148.56,BLR,53.89355,23.64815
93911,Strumenskiy,IV,125.29,BLR,53.16974,31.00693
93912,Checherskiy,IV,257.21,BLR,53.00522,31.10743
93913,Shabrinskiy,IV,29.59,BLR,52.47813,31.33220
93914,Vygonoshchanskoe,IV,586.69,BLR,52.70293,25.80669
93916,Dikoe,IV,118.44,BLR,52.76447,24.22226
93917,Yelnya,IV,252.62,BLR,55.55964,27.85348
93918,Zaozerye,IV,47.19,BLR,53.87169,29.46069
93919,Boloto Mokh,IV,43.23,BLR,55.63806,27.48598
93921,Cheremshitsa,IV,68.48,BLR,54.77685,26.88619
93925,Borskiy,IV,29.00,BLR,52.70220,26.91365
93926,Bukchanskiy,IV,48.25,BLR,51.68857,27.68005
93932,Zapolskiy,IV,27.31,BLR,54.49374,29.53218
93945,Kozyanskiy,IV,447.54,BLR,55.45516,29.29630
93946,Leninskiy,IV,416.58,BLR,52.51874,27.30595
93947,Nalibokskiy,IV,884.55,BLR,53.85840,26.45695
93948,Osveyskiy,IV,227.37,BLR,56.09516,28.11452
93971,Boralday State Nature Sanctuary (botanical),IV,108.67,KAZ,42.69485,70.23114
93999,Gyulagarak,IV,26.52,ARM,40.93392,44.43126
94004,Arzakan-Meghradzor,IV,111.84,ARM,40.54805,44.63519
94012,Bandovan State Nature Sanctuary,IV,47.37,AZE,39.73825,49.36853
94014,Ismayilli State Nature Sanctuary,IV,444.89,AZE,40.93339,48.13990
94015,Korchay State Nature Sanctuary,IV,152.70,AZE,40.83023,46.60143
94016,Qubadli State Nature Sanctuary,IV,473.69,AZE,39.38765,46.59490
94017,Gusar State Nature Sanctuary,IV,339.42,AZE,41.59775,48.37230
94018,Lachin State Nature Sanctuary,IV,280.18,AZE,39.83991,46.41024
94019,Lesser Gizilaghaj State Nature Sanctuary,IV,140.71,AZE,38.93507,48.85416
94020,Ordubad State Nature Sanctuary,IV,665.79,AZE,39.10953,45.76554
94022,Shamkir State Nature Sanctuary,IV,124.97,AZE,40.96511,46.00004
94054,Olympos,II,46.11,GRC,40.06746,22.40486
94070,Basse-Mana,IV,640.22,GUF,5.65682,-53.74123
94071,Marais De Kaw,IV,1535.21,GUF,4.64223,-52.10808
95287,Dengie,IV,31.33,GBR,51.68648,0.93892
95291,Humber Estuary,IV,149.69,GBR,53.57695,-0.25655
95293,Colne Estuary,IV,27.13,GBR,51.80933,0.99650
95294,Loch Maree,IV,31.73,GBR,57.68385,-5.44950
95295,Broadland,IV,54.27,GBR,52.61753,1.50732
95301,Blackwater Estuary,IV,44.03,GBR,51.74562,0.80067
95302,Severn Estuary,IV,240.50,GBR,51.47002,-2.77614
95337,Parque Nacional Jeanette Kawas,II,794.35,HND,15.84613,-87.67082
95339,Lake Engure,IV,200.06,LVA,57.26729,23.14820
95340,Lake Kanieris and Kemeri bog,IA,362.13,LVA,56.92026,23.44097
95341,Teici and Pelecare bogs,IA,254.75,LVA,56.58330,26.46910
95349,Parc National du Diawling,II,159.60,MRT,16.35599,-16.37259
95357,Krammer-Volkerak,IV,61.59,NLD,51.62532,4.27925
95358,Westerschelde & Saeftinghe,IV,436.45,NLD,51.42689,3.80531
95369,Biebrzanski National Park,II,597.32,POL,53.47857,22.97067
95370,Slowinski National Park,II,323.56,POL,54.71078,17.29989
95371,Milicz Fishponds Nature Reserve,IV,53.04,POL,51.51057,17.24655
95404,Sultan Marshes,IB,175.53,TUR,38.32388,35.26322
95418,Wuliangsuhainiaolei,IV,211.06,CHN,41.06136,109.01770
97512,Llanganates,II,2198.34,ECU,-1.15283,-78.23185
97513,Manglares Cayapas Mataje,IB,563.90,ECU,1.28723,-78.92683
97538,Guardaparque Horacio Foerster,II,41.64,ARG,-25.86138,-53.90703
97545,Mburucuyá,II,177.19,ARG,-28.01802,-58.07307
97554,Pre-Delta,II,26.73,ARG,-32.14101,-60.64335
97991,Crocker Range,IA,32.60,MYS,5.88855,116.28183
98095,Khuisiin Naiman nuur,III,111.41,MNG,46.56439,101.79484
98129,Costa Atlántica Tierra del Fuego,IV,761.64,ARG,-53.54614,-67.87190
99631,General de División Omar Torrijos Herrera,II,258.98,PAN,8.64908,-80.62150
99640,Playa Boca Vieja,IV,35.82,PAN,8.13673,-81.82598
99651,Bacalar Chico,IV,31.70,BLZ,18.13341,-87.89667
99652,South Water Caye,IV,338.13,BLZ,16.70455,-88.14851
99653,Glover's Reef,IV,207.25,BLZ,16.85068,-87.76874
99656,Sapodilla Cayes,IV,207.49,BLZ,16.11215,-88.37211
99745,DUFFEY LAKE PARK,II,40.50,CAN,50.43328,-122.31637
99756,TS'IL?OS PARK,IB,2353.66,CAN,51.25385,-123.92085
99763,CLAYOQUOT ARM PARK,II,35.56,CAN,49.16432,-125.54920
99800,CLAYOQUOT PLATEAU PARK,III,31.32,CAN,49.22518,-125.42340
99829,FLORES ISLAND PARK,II,39.18,CAN,49.29624,-126.14820
99831,HESQUIAT PENINSULA PARK,II,65.60,CAN,49.45565,-126.48753
99839,VARGAS ISLAND PARK,II,42.61,CAN,49.17642,-126.03213
99840,KHUTZEYMATEEN PARK [A.K.A. KHUTZEYMATEEN/K'TZIM-A-DEEN GRIZZLY SANCTUARY],IB,446.95,CAN,54.62786,-129.72541
99842,Suikhent,III,48.24,MNG,43.60007,108.07194
99843,Khangain nuruu,II,9053.22,MNG,46.94788,101.36885
99844,Altai tavan bogd,II,6335.07,MNG,48.61803,88.64282
99845,Alag Khairkhan,IV,361.13,MNG,45.54519,94.14728
99846,Burkhan Buudai uul,IV,516.89,MNG,45.64215,96.74469
99847,Ergeliin zoo,IV,597.38,MNG,43.29903,108.93324
99848,Ikh nart,IV,665.12,MNG,45.60293,108.70800
99849,Zagiin us,IV,2735.65,MNG,44.58231,107.25067
99855,Tchimpounga,IV,88.33,COG,-4.52386,11.81277
99862,Lessio-Louna,IV,1741.36,COG,-3.22848,15.35399
99992,Hakalau Forest,IV,194.82,USA,19.62437,-155.54113
100017,"State National Nature Park ""Altyn-Yemel""",II,3116.68,KAZ,44.11728,78.66705
100018,Ile-Alatau State National Nature Park,II,2015.43,KAZ,43.16568,77.23324
100024,Kinmen,II,36.26,TWN,24.45763,118.33464
100037,Matka Canyon,III,52.05,MKD,41.92690,21.25247
100204,Amisk Park Reserve,IB,1980.33,CAN,56.79168,-97.91668
100205,Caribou River Provincial Park,IB,7635.98,CAN,59.56223,-96.62512
100206,Numaykoos Lake Provincial Park,IB,3603.03,CAN,57.85001,-95.94584
100285,STEIN VALLEY NLAKA'PAMUX HERITAGE PARK,II,1084.51,CAN,50.25678,-121.97421
100671,Nisutlin River Delta National Wildlife Area,III,54.83,CAN,60.23185,-132.55067
100672,Ivvavik National Park Of Canada,II,9695.84,CAN,69.10225,-139.56694
100673,Vuntut National Park Of Canada,II,4430.92,CAN,68.37518,-139.65360
100676,Aulavik National Park Of Canada,II,12092.54,CAN,73.71487,-119.60943
100698,Harper Creek Natural Area,III,26.22,CAN,58.18833,-114.29128
100712,Kakwa Wildland Provincial Park,IB,656.31,CAN,54.03329,-119.78034
100713,Elbow-Sheep Wildland Provincial Park,IB,800.83,CAN,50.73861,-114.90107
100839,Parco nazionale dell' Asinara,II,51.74,ITA,41.05189,8.27974
101135,Tapo - Caparo,II,2067.20,VEN,7.96342,-71.33529
101136,Río Viejo - San Camilo,II,424.82,VEN,7.17269,-71.41349
101137,Cerro Guaiquinima,III,6800.61,VEN,5.83009,-63.75151
101138,Cerro Ichum y Cerro Guanacoco,III,9818.14,VEN,4.49672,-63.56836
101139,Cerro Camani y Cerro Morrocoy,III,1158.35,VEN,5.35503,-66.25165
101140,Sierra Marutani,III,2468.34,VEN,3.82314,-62.96003
101141,Serranía Yutajé / Coro - coro,III,1101.39,VEN,5.68016,-66.15181
101142,Sierra Unturán,III,3598.71,VEN,1.70485,-65.41836
101143,Macizo Cuao - Sipapo y Cerro Moriche,III,12262.92,VEN,4.74950,-66.90000
101144,Cerro Guanay,III,353.82,VEN,5.85507,-66.40182
101145,Cerro Vinilla y Cerro Aratitiyope,III,2052.19,VEN,2.33000,-65.41854
101146,Sierra Maigualida,III,20426.64,VEN,5.66268,-65.16844
101147,Cerro Venamo,III,56.08,VEN,5.74879,-61.22041
101148,Cerro Yaví,III,272.00,VEN,5.66342,-65.90224
101149,Cerro Tamacuari y Serranía Tapirapecó,III,1397.73,VEN,1.31392,-64.71061
101170,Tlemcen,II,82.01,DZA,34.82908,-1.33309
101174,Hueque - Sauca,IV,371.33,VEN,11.38037,-68.94269
101232,Parc National d'Iriqui,II,1296.90,MAR,29.84791,-6.41803
101394,Mt. Guiting-Guiting Natural Park,II,155.27,PHL,12.39799,122.54391
101396,Sagay Marine Reserve,IB,325.33,PHL,11.01522,123.48918
101409,Alto Golfo de California y Delta del Río Colorado,IA,9342.31,MEX,31.59488,-114.41407
101411,Sierra La Laguna,IA,1125.08,MEX,23.51996,-109.97961
101414,Chamela-Cuixmala,IA,131.53,MEX,19.47814,-104.99752
101424,Lugina e Valbones,II,214.03,ALB,42.44868,19.93970
101425,Bredhi i Hotoves-Dangelli,II,343.59,ALB,40.26720,20.42431
101434,Vyanda,IB,44.68,BDI,-4.09392,29.55019
101471,Lumi i Gashit,IA,102.70,ALB,42.47876,20.05918
101486,Pulau Anak Krakatau,IB,116.53,IDN,-6.11602,105.41251
101504,Phu Pan Daeng,IA,233.74,THA,16.71252,101.40227
101534,BOUNDARY BAY WILDLIFE MANAGEMENT AREA,IV,115.17,CAN,49.04682,-122.90719
101548,Proposed Matamec (partie nord) Ecological Reserve,IA,542.13,CAN,50.51468,-65.91232
101571,Los Mármoles,II,235.00,MEX,20.87793,-99.23012
101590,Tuktut Nogait National Park Of Canada,II,18871.45,CAN,68.72388,-121.59579
101592,Sadeth Naikrom  - Krom Luang Chumporn (South),IA,334.16,THA,10.64075,98.92247
101593,Huai Thabthan-Had Samran,IA,495.45,THA,14.39379,103.64422
101596,BIG CREEK PARK,II,679.72,CAN,51.29333,-123.14861
101597,BLIGH ISLAND MARINE PARK,II,30.28,CAN,49.63787,-126.54350
101598,MᑫUQʷIN/BROOKS PENINSULA PARK,IB,360.13,CAN,50.18775,-127.68173
101638,CUMMINS LAKES PARK,IB,218.27,CAN,52.12051,-118.08845
101639,EDGE HILLS PARK,II,118.83,CAN,51.03809,-121.86222
101641,FLAT LAKE PARK,II,42.75,CAN,51.49977,-121.50467
101642,GILNOCKIE PARK,II,28.15,CAN,49.08276,-115.66149
101643,GLADSTONE PARK,II,395.09,CAN,49.26493,-118.27616
101644,GOAT RANGE PARK,II,790.99,CAN,50.30790,-117.27575
101647,GRANBY PARK,II,413.17,CAN,49.73352,-118.48349
101649,SAY NUTH KHAW YUM PARK [A.K.A. INDIAN ARM PARK],II,66.92,CAN,49.42179,-122.86425
101650,ITCHA ILGACHUZ PARK,IB,1084.89,CAN,52.70734,-124.99234
101652,JUNCTION SHEEP RANGE PARK,II,47.78,CAN,51.80791,-122.45815
101653,KIANUKO PARK,II,116.58,CAN,49.42108,-116.46249
101654,KLUSKOIL LAKE PARK,II,156.97,CAN,53.18802,-123.90964
101655,SCHOOLHOUSE LAKE PARK,II,50.51,CAN,51.88957,-120.98994
101656,LOCKHART CREEK PARK,II,37.34,CAN,49.49498,-116.71327
101658,MARBLE RANGE PARK,II,192.35,CAN,51.17512,-121.82140
101660,CARIBOO MOUNTAINS PARK,II,1134.06,CAN,52.79315,-120.56300
101662,NAZKO LAKE PARK,II,120.52,CAN,52.43312,-123.54387
101663,NIMPKISH LAKE PARK,II,39.23,CAN,50.33874,-127.01891
101664,PINECONE BURKE PARK,II,371.85,CAN,49.51995,-122.72497
101665,PURCELL WILDERNESS CONSERVANCY PARK,II,2019.67,CAN,50.09054,-116.49551
101670,TAHSISH-KWOIS PARK,IB,109.85,CAN,50.19970,-127.15532
101671,NUNTSI PARK,II,205.85,CAN,51.74439,-123.79153
101672,TETRAHEDRON PARK,II,60.54,CAN,49.60350,-123.59106
101675,WEST ARM PARK,II,263.20,CAN,49.50934,-117.10003
101677,WOSS LAKE PARK,II,65.27,CAN,50.07233,-126.62751
101678,SKAGIT VALLEY PARK,II,279.77,CAN,49.10986,-121.13053
101695,LAC DU BOIS GRASSLANDS PROTECTED AREA,II,157.73,CAN,50.77642,-120.45640
101707,PORCUPINE MEADOWS PARK,II,27.17,CAN,50.98228,-120.54012
101714,UPPER ADAMS RIVER PARK,II,58.78,CAN,51.67087,-119.27984
101718,CHURN CREEK PROTECTED AREA,II,370.92,CAN,51.39181,-122.40422
101719,HOMATHKO RIVER-TATLAYOKO PROTECTED AREA,II,355.66,CAN,51.44145,-124.74478
101721,HUCHSDUWACHSDU NUYEM JEES/KITLOPE HERITAGE CONSERVANCY,IB,3220.50,CAN,53.08681,-127.65355
101722,ARROWSTONE PARK,II,61.55,CAN,50.88187,-121.27119
101725,BONAPARTE PARK,II,135.41,CAN,51.15180,-120.49667
101727,DUNN PEAK PARK,II,194.39,CAN,51.44524,-120.02051
101740,TAWEEL PARK,II,43.78,CAN,51.63212,-120.38250
101742,TUNKWA PARK,II,51.64,CAN,50.60989,-120.90134
101778,Dadu River Mouth Wildlife Refuge,IV,26.70,TWN,24.18193,120.47266
101798,Pulau Moyo,IA,66.49,IDN,-8.32775,117.52199
101830,Arazboyu State Nature Sanctuary,IV,375.41,AZE,39.28080,45.72666
101831,Gabala State Nature Sanctuary,IV,103.05,AZE,41.06081,47.76380
101833,Qizilja State Nature Sanctuary,IV,137.21,AZE,40.49500,45.85454
101855,Braslavskie Ozera,II,665.25,BLR,55.58610,27.10446
101859,Prostyr,IV,42.95,BLR,51.93465,26.06566
101909,Gulf Islands Wildlife Sanctuary,IA,51.24,SAU,27.64874,49.80157
101910,Ibex,II,1840.77,SAU,23.40990,46.49216
101947,Ugam-Chatkal State National Nature Park,II,4668.97,UZB,41.65197,70.48654
101964,Puurijärven ja Isonsuon kansallispuisto,II,27.63,FIN,61.24637,22.57318
101965,Nuuksion kansallispuisto,II,55.74,FIN,60.30936,24.56118
101968,Ruunaan luonnonsuojelualue,IB,73.48,FIN,63.40797,30.65393
101969,Martinselkosen luonnonsuojelualue,IB,62.90,FIN,65.18658,29.77819
101971,Levanevan luonnonsuojelualue,IB,34.03,FIN,62.77896,22.09511
101973,Siikavaaran luonnonsuojelualue,IB,29.38,FIN,65.13344,27.93809
102003,Lapiosuon-Ison Äijönsuon soidensuojelualue,IB,286.16,FIN,65.73134,26.25988
102004,Martimoaavan-Lumiaavan-Penikoiden soidensuojelualue,IB,143.03,FIN,65.83941,25.13282
102005,Kilsiaavan-Ristivuoman soidensuojelualue,IB,91.54,FIN,66.33945,24.82137
102007,Juortanansalon-Lapinsuon soidensuojelualue (Ystävyyden p.),IB,51.80,FIN,64.58279,29.89969
102008,Hirvisuon soidensuojelualue,IB,47.21,FIN,65.23717,26.25419
102009,Sarvisuon-Jerusaleminsuon soidensuojelualue,IB,40.81,FIN,64.77218,27.09098
102010,Säippäsuon-Kivisuon soidensuojelualue,IB,46.85,FIN,64.73774,26.77277
102011,Mustiaavan-Kaattasjärven soidensuojelualue,IB,32.05,FIN,66.48447,25.00778
102012,Ison Tilansuon-Housusuon soidensuojelualue,IB,34.70,FIN,64.95761,27.41801
102013,Rumalan-Kuvajan-Oudonrimpien soidensuojelualue,IB,48.70,FIN,64.33859,26.66351
102014,Pilvinevan soidensuojelualue,IB,32.70,FIN,63.47617,23.99615
102015,Kuusisuon-Hattusuon soidensuojelualue,IB,41.27,FIN,65.20585,26.52184
102016,Veittiaavan soidensuojelualue,IB,31.37,FIN,65.78629,25.45783
102017,Leväsuon-Kärppäsuon soidensuojelualue,IB,36.87,FIN,65.03713,27.22302
102018,Teerisuon-Lososuon soidensuojelualue,IB,33.31,FIN,63.88627,29.27939
102022,Löytöjängän-Suksenpaistama-aavan soidensuojelualue,IB,61.23,FIN,66.62399,28.68452
102026,Soininsuon soidensuojelualue,IB,25.61,FIN,65.57610,26.78047
102034,Kansannevan-Kurkinevan-Muurainsuon soidensuojelualue,IB,35.84,FIN,64.08128,26.39580
102037,Linjasalmennevan-Tynnyrinevan soidensuojelualue,IB,27.03,FIN,63.41505,24.61526
102048,Akkeshi-Bekanbeushi-Kiritappu,IV,130.61,JPN,43.13915,144.93971
102216,San Lorenzo,IV,153.41,HND,13.34438,-87.44626
102217,La Berberia,IV,56.95,HND,13.03121,-87.19136
102221,Santa Bárbara,II,139.48,HND,14.91235,-88.12739
102224,Unteres Odertal,II,104.52,DEU,53.08552,14.26169
102240,Gletscherkessel Präg,IV,28.66,DEU,47.79629,7.96528
102300,Cabo Blanco,IA,30.54,CRI,9.56257,-85.11220
102310,Marino las Baulas de Guanacaste,II,254.62,CRI,10.32010,-85.94579
102317,Lüneburger Heide,IV,234.04,DEU,53.14882,9.93368
102320,Cuenca del Rio Abangares,IV,43.68,CRI,10.31203,-84.90111
102334,Volcan Tenorio,II,128.98,CRI,10.64322,-84.97660
102337,Alberto Manuel Brenes,IA,78.00,CRI,10.23164,-84.63262
102367,Piedras Blancas,II,159.52,CRI,8.70281,-83.26120
102371,Rio Toro,IV,43.95,CRI,10.20601,-84.28755
102535,Abercrombie River,II,193.40,AUS,-34.11523,149.65033
102539,Bongil Bongil,II,42.88,AUS,-30.40680,153.02739
102541,Conjola,II,115.49,AUS,-35.18245,150.51115
102547,Eurobodalla,II,30.31,AUS,-36.11702,150.13109
102551,Goobang,II,424.38,AUS,-32.89534,148.43386
102554,Mount Jerusalem,II,50.97,AUS,-28.49475,153.36488
102556,Popran,II,40.32,AUS,-33.41367,151.18618
102558,Tooloom,II,43.73,AUS,-28.45739,152.43539
102569,Mount Granya,II,61.64,AUS,-36.11435,147.28449
102573,Yarra Ranges,II,772.54,AUS,-37.60994,145.84298
102575,Jungiwa,II,81.89,AUS,-17.99777,125.49597
102604,Unnamed WA36915,IA,102.50,AUS,-20.51794,116.70514
102717,Bocas del Polochic,III,227.18,GTM,15.41825,-89.36625
102817,Naachtún - Dos Lagunas,II,302.54,GTM,17.74410,-89.63333
102855,Cordillera Alux,III,45.08,GTM,14.65023,-90.63488
102910,El Pucté,III,164.02,GTM,16.59832,-90.34952
102926,Xutilhá,III,189.91,GTM,16.15875,-89.64840
103039,Volcán Agua,IB,54.34,GTM,14.45979,-90.74687
103123,Volcán Santo Tomás,IB,44.39,GTM,14.70549,-91.48736
103142,Harz,II,247.57,DEU,51.78442,10.52351
103157,Huatulco,II,118.58,MEX,15.72084,-96.17943
103166,Sierra Gorda,IA,3840.55,MEX,21.32620,-99.53721
103216,Ostteil des Toten Gebirges,IV,78.22,AUT,47.61979,14.11702
103217,Steirisches Dachsteinplateau,IV,73.71,AUT,47.52576,13.80516
103220,Westteil des Toten Gebirges,IV,158.98,AUT,47.67077,13.89638
103240,Krakau-Schöder,IV,61.86,AUT,47.24779,13.95834
103332,Wildalpener Salzatal,IV,478.33,AUT,47.68138,14.97826
103449,"Dachstein in den Gemeinden Gosau, Hallstatt und Obertraun",IV,136.03,AUT,47.51906,13.61987
103549,Lake Naivasha,IV,305.67,KEN,-0.71646,36.34773
106711,Sixt-Passy,IV,94.62,FRA,46.04980,6.81029
106716,Hauts Plateaux Du Vercors,IV,175.89,FRA,44.84938,5.50841
106720,Haute Chaîne Du Jura,IV,113.01,FRA,46.26516,5.99073
106722,Baie De Somme,IV,34.09,FRA,50.24603,1.53826
106738,Forêt De Saint-Antoine,IV,28.43,FRA,47.81294,6.77136
106751,Biotope Des Grands Rapaces Du Lubéron,IV,170.47,FRA,43.82725,5.40345
106752,Massif De La Dent De Rez,IV,32.19,FRA,44.43525,4.47463
106753,Montcenis Et Vallon De Savine,IV,60.97,FRA,45.21572,6.95947
106758,Venise Verte,IV,26.19,FRA,46.30165,-0.58132
106767,Agriate,IV,61.37,FRA,42.68821,9.14588
106783,2001623 Stöttingfjället,IB,166.39,SWE,64.60574,17.51641
106793,2002210 Nötön-Åråsviken,IA,25.55,SWE,59.06276,14.04521
106835,2002443 Drevfjällen,IB,332.41,SWE,61.70185,12.37298
106837,2002448 Långfjället,IB,688.55,SWE,62.10922,12.57567
106838,2000645 Jämtgaveln,IB,30.68,SWE,62.67931,15.88147
106839,2001197 Jougdadalen,IB,315.39,SWE,64.51679,14.73857
106840,2001198 Hotagen,IB,1159.52,SWE,64.15289,14.58968
106841,2001193 Korallgrottan,IB,26.06,SWE,64.88973,14.11359
106867,2001270 Udtja,IB,1464.87,SWE,66.37480,19.16394
106871,2000934 Sånfjället,II,103.85,SWE,62.28278,13.55329
106872,2001222 Haparanda Skärgård,II,74.07,SWE,65.60820,23.76596
106876,2001110 Tyresta,IB,29.49,SWE,59.18980,18.30774
106887,Babiogórski Park Narodowy z siedzibą w Zawoi,II,33.95,POL,49.59259,19.53753
107034,Cuenca del Lago Atitlán,III,1099.67,GTM,14.71248,-91.19863
107087,La Unión,IV,35.46,GTM,14.93871,-89.33527
107132,Río Dulce,II,165.84,GTM,15.72435,-88.87857
107148,Santa Rosalía,IB,40.31,GTM,15.06681,-89.70670
107152,K'ojlab'l Tze´ te Tnom Todos Santos Cuchumatán,IV,72.39,GTM,15.52694,-91.57556
107157,Volcán Fuego,IB,66.93,GTM,14.45078,-90.88345
107237,Punta Gorda,IV,636.82,NIC,11.44564,-84.05472
107310,Isla Montuosa,IV,39.32,PAN,7.46732,-82.23925
107336,Pablo Arturo Barrios,IV,150.38,PAN,7.55741,-80.00395
107537,"Zona marina Bahía de los Ángeles, canales de Ballenas y de Salsipuedes",IA,3895.95,MEX,29.05129,-113.31015
107840,Ventilas Hidrotermales de la Cuenca de Guaymas y de la Dorsal del Pacífico Oriental,II,1455.80,MEX,23.92500,-110.20833
108064,Sierra Gorda de Guanajuato,IA,2362.88,MEX,21.43288,-100.07409
108125,Zona marina del Archipiélago de Espíritu Santo,IA,489.09,MEX,24.54778,-110.34889
108140,Diria,II,55.46,CRI,10.15524,-85.58705
108142,Estero Puntarenas y Manglares Asociados,II,52.41,CRI,10.02484,-84.84722
108146,La Cangreja,II,25.74,CRI,9.71164,-84.37912
108150,Los Quetzales,II,41.03,CRI,9.58518,-83.83086
108151,Terraba-Sierpe,II,267.82,CRI,8.90854,-83.48066
108173,Tapanti-Macizo de la Muerte,II,583.31,CRI,9.67642,-83.71159
109004,Livanjsko Polje,IB,458.81,BIH,43.86898,16.84834
109011,Guangxi Beilun Estuary National Nature Reserve,IA,29.96,CHN,21.58936,108.12946
109035,Chute du Fleuve Ivindo,II,1028.72,GAB,0.08092,12.40580
109092,Planalto Central das Flores,IB,25.73,PRT,39.44181,-31.21694
111145,Line Creek Plateau,IA,77.88,USA,45.05990,-109.34921
115079,Petexbatún,III,40.43,GTM,16.44274,-90.18680
115081,Laguna del Tigre -Río Escondido-,II,475.13,GTM,17.45912,-90.86585
115110,Santa Fe,II,782.46,PAN,8.59092,-80.95789
115176,Peninsula de Nicoya,IV,217.11,CRI,9.84296,-85.10822
115297,Yulen,IA,31.58,BGR,41.75303,23.47142
115765,Parque Estadual Serra Santa Bárbara,II,1204.32,BRA,-15.81843,-59.37983
115769,Parque Estadual Serra Ricardo Franco,II,1578.31,BRA,-14.58236,-60.25377
115772,Estação Ecológica Do Rio Ronuro,IA,1026.72,BRA,-12.91641,-54.48100
115878,Área De Relevante Interesse Ecológico Serra Da Abelha,IV,50.17,BRA,-26.78887,-49.89408
116085,Estação Ecológica De Tamoios,IA,86.60,BRA,-23.09450,-44.49275
122899,Ostoja bobrów na Rzece Pasłęce,IV,44.51,POL,53.99862,20.10239
124309,Gobiin baga /A/,IB,11485.96,MNG,42.16520,105.59822
124434,Bukit Tiga Puluh,II,1441.79,IDN,-1.00604,102.50260
125836,Vassfaret,IA,29.43,NOR,60.56375,9.41933
125857,Lundsneset,IA,26.26,NOR,59.04767,11.71918
125875,Solhomfjell og Kvenntjønnane,IA,44.90,NOR,58.96707,8.76984
125885,Sørkapp,IA,36.01,SJM,76.50204,16.55470
125972,Baladjie Lake,IA,89.15,AUS,-30.89529,118.88804
125996,Beaumont,IA,113.16,AUS,-33.44909,122.66898
126004,Beekeepers,IA,660.53,AUS,-29.77868,115.03040
126017,Biamanga,II,135.69,AUS,-36.49947,149.95168
126048,Boonanarring,IA,91.67,AUS,-31.21174,115.90588
126061,Bribie Island,II,86.12,AUS,-26.94546,153.13055
126067,Brodribb F.R.,IA,27.62,AUS,-37.64629,148.57703
126105,Burdett South,IA,44.67,AUS,-33.53914,122.20354
126140,Cascade,II,36.02,AUS,-30.25416,152.79364
126150,Chiddarcooping,IA,53.00,AUS,-30.91764,118.65752
126152,Chillagoe-Mungana Caves,II,34.83,AUS,-17.16525,144.46941
126186,Coomallo,IA,87.70,AUS,-30.23396,115.35639
126205,Culgoa Floodplain,II,617.84,AUS,-28.89276,147.00409
126224,De La Poer Range,IA,749.27,AUS,-27.40226,122.70518
126239,Balili  (Devonian Reef),II,426.35,AUS,-17.71370,125.10836
126240,Diamantina,II,5112.19,AUS,-23.70206,141.23792
126263,Dundas,IA,7851.83,AUS,-32.40499,122.70367
126281,Expedition (Limited Depth),II,1091.36,AUS,-25.31443,149.00377
126295,Forest Den,II,58.92,AUS,-22.12568,145.20881
126315,Danggu,II,50.60,AUS,-18.06189,125.71453
126321,Gibson Desert,IA,18420.53,AUS,-24.91557,125.50133
126331,Gloucester Island,II,31.13,AUS,-20.06272,148.51059
126335,Goneaway,II,260.83,AUS,-23.81981,142.24640
126336,Goodedulla,II,257.64,AUS,-23.25785,149.76828
126355,Great Victoria Desert,IA,24171.22,AUS,-29.65340,127.90281
126358,Griffiths,IA,54.17,AUS,-33.35502,121.12352
126363,Halifax Bay Wetlands,II,49.45,AUS,-18.81179,146.25834
126365,Hamelin Pool,IA,1145.28,AUS,-26.21414,114.07070
126404,Indarra Spring,IA,29.16,AUS,-28.70428,115.34244
126418,Jerdacuttup Lakes,IA,75.86,AUS,-33.92373,120.37152
126434,Karroun Hill,IA,3096.48,AUS,-29.92458,118.11056
126438,Kau Rock,IA,47.31,AUS,-33.46187,122.31931
126496,Lake King,IA,392.90,AUS,-33.03351,119.56848
126498,Lake Logue,IA,50.48,AUS,-29.83961,115.16437
126538,Little Desert,II,1316.07,AUS,-36.54411,141.49921
126547,Lochern,II,247.88,AUS,-24.08372,143.30825
126555,Lupton,II,94.51,AUS,-32.48840,116.69400
126564,Mangkili Claypan,IA,36.43,AUS,-25.39028,124.26804
126599,Mollerin,IA,65.06,AUS,-30.50254,117.57543
126605,Montebello Islands,II,35.49,AUS,-20.44838,115.55004
126612,Moore River,IA,47.41,AUS,-31.19352,115.67627
126614,Moorrinya,II,325.94,AUS,-21.42625,144.96241
126620,Mornington Peninsula,II,26.82,AUS,-38.41357,144.85844
126624,Mount Archer,II,42.62,AUS,-23.34251,150.59135
126625,Mount Augustus,III,91.63,AUS,-24.33036,116.84757
126646,Mount Frankland,II,371.22,AUS,-34.74752,116.67890
126670,Mount Stanley S.R.,III,27.49,AUS,-36.45977,146.79104
126694,Muntz,IA,36.18,AUS,-33.58082,122.82404
126703,Namming,IA,52.90,AUS,-30.93341,115.60777
126711,Nattai,IB,509.95,AUS,-34.23368,150.32769
126713,Neale Junction,IA,7244.91,AUS,-28.33241,126.00140
126723,Nilgen,IA,55.20,AUS,-30.96255,115.35059
126736,North Karlgarin,IA,58.20,AUS,-32.33789,118.52069
126747,Nuga Nuga,II,29.82,AUS,-24.96286,148.68518
126757,Nuytsland,IA,6073.81,AUS,-32.90828,125.57515
126767,Ord River,IA,791.11,AUS,-15.17776,128.35958
126776,Pallarup,IA,41.89,AUS,-33.21484,119.74606
126790,Parry Lagoons,IA,364.94,AUS,-15.62458,128.29366
126811,Pinjarrega,IA,182.07,AUS,-30.04206,115.90515
126821,Plumridge Lakes,IA,3089.39,AUS,-29.52390,125.04308
126826,Poona,II,53.50,AUS,-25.60993,152.83440
126839,Purnululu,II,2438.31,AUS,-17.46190,128.56629
126844,Quarram,IA,37.70,AUS,-35.02160,117.05644
126845,Queen Victoria Spring,IA,2723.31,AUS,-30.39320,123.51918
126847,Quindinup,IA,26.52,AUS,-34.41512,116.88341
126973,South Cumberland Islands,II,33.65,AUS,-20.91571,149.72960
126975,South Eneabba,IA,67.61,AUS,-29.96352,115.29471
126986,Southern Beekeepers,IA,108.74,AUS,-30.40879,115.11739
126987,Southwest,II,6417.43,AUS,-43.27555,146.31507
126991,Springbrook,II,65.42,AUS,-28.18403,153.28875
127090,Toolonga,IA,4040.91,AUS,-26.96216,115.07794
127094,Toonumbar,II,149.39,AUS,-28.49512,152.76129
127108,Tregole,II,75.76,AUS,-26.46519,147.07158
127114,Truslove Townsite,IA,60.80,AUS,-33.38600,121.77829
127125,Two Peoples Bay,IV,46.75,AUS,-34.97937,118.14935
127133,Unicup,IA,32.95,AUS,-34.34336,116.72299
127136,Mungaroona Range,IA,1058.57,AUS,-21.62841,118.32899
127159,Leeuwin-Naturaliste,II,214.91,AUS,-33.95336,115.07141
127182,Millstream Chichester,II,2383.44,AUS,-21.39749,117.39900
127186,Mitchell River,II,144.02,AUS,-37.64966,147.35343
127188,Laterite,II,103.93,AUS,-14.97320,125.92083
127191,Lawley River,II,173.19,AUS,-14.67792,125.91360
127205,Boorabbin,II,281.68,AUS,-31.23498,120.17468
127207,Cathedral Range,II,35.99,AUS,-37.37643,145.76656
127219,Cane River,II,1479.12,AUS,-22.13266,115.57779
127242,Cape Conran Coastal Park,II,115.79,AUS,-37.77336,148.80779
127244,Cape Liptrap Coastal Park,II,43.77,AUS,-38.77763,145.88994
127332,Avon - Mt Hedrick N.F.S.R.,III,56.36,AUS,-37.81997,146.87445
127406,Unnamed WA39744,IA,43.99,AUS,-29.73637,115.20138
127549,Unnamed WA36918,IA,139.63,AUS,-30.82026,119.36913
127579,Urawa,IA,87.80,AUS,-28.33205,115.56890
127611,Wanagarren,IA,110.82,AUS,-30.76267,115.21518
127651,Unnamed WA41934,IA,67.60,AUS,-33.32013,123.71380
127667,Welford,II,1235.42,AUS,-24.98533,143.33945
127721,Wollemi,IB,5055.62,AUS,-32.94813,150.54671
127739,Wooroonooran,II,1152.59,AUS,-17.43608,145.78362
127742,Wotto,IA,36.71,AUS,-29.72463,115.45178
127758,Yardanogo,IA,65.89,AUS,-29.39927,115.07842
127773,Yellowdine,IA,328.38,AUS,-31.23790,119.78761
127776,Yeo Lake,IA,3217.65,AUS,-28.01857,124.33090
127785,Zuytdorp,IA,649.82,AUS,-27.01269,114.10337
127825,Bahuaja - Sonene,II,10929.36,PER,-13.30275,-69.52596
127828,Talaskankaan luonnonsuojelualue,IB,44.55,FIN,63.97773,27.09097
127853,Dundalk Bay,IV,48.36,IRL,53.95307,-6.31058
127855,Inner Galway Bay,IV,132.68,IRL,53.19883,-9.04243
127857,Lough Corrib,IV,177.24,IRL,53.42332,-9.28814
127869,Froan Nature Reserve and Landscape Protection Area,IA,491.01,NOR,64.04547,9.04402
127878,Estuário do Sado,IV,256.54,PRT,38.47528,-8.69671
127897,Cumbre Vieja,IB,75.14,ESP,28.58051,-17.83593
129914,Los Ilinizas,IB,1341.66,ECU,-0.74005,-78.89412
129915,Mache Chindul,IB,1200.37,ECU,0.39535,-79.78114
129931,Wetlands of Central Kolkheti,II,442.89,GEO,42.20136,41.76669
134943,Alam-Pedja,IA,344.01,EST,58.47586,26.17087
134944,Peipsiveere,IA,346.14,EST,58.38426,27.31983
134945,Endla,IA,101.62,EST,58.86471,26.12830
134947,Muraka,IB,140.60,EST,59.14665,27.10828
134948,Nigula,IA,64.31,EST,58.01146,24.68379
134950,Soomaa,IA,398.48,EST,58.44856,25.11844
134951,Vilsandi,II,238.85,EST,58.38553,21.89758
135014,Cnoc an Alaskie,IV,36.64,GBR,58.19738,-4.56839
135019,Ben More - Scarisdale,III,40.94,GBR,56.44381,-6.00374
135033,Stroupster Peatlands,IV,27.90,GBR,58.58154,-3.15679
135053,Skinsdale Peatlands,IV,70.49,GBR,58.18733,-4.15474
135055,Bad na Gallaig,IV,47.21,GBR,58.33044,-4.35404
135069,Sletill Peatlands,IV,29.87,GBR,58.38734,-3.79303
135072,Loch Meadie Peatlands,IV,62.16,GBR,58.33968,-4.49970
135095,Loch Maree,IV,31.62,GBR,57.68361,-5.44938
135104,Rumsdale Peatlands,IV,62.41,GBR,58.32549,-3.74918
135108,Loch Caluim Flows,IV,65.86,GBR,58.45178,-3.69521
135109,Strathmore Peatlands,IV,73.03,GBR,58.38118,-3.57747
135120,Grudie Peatlands,IV,47.80,GBR,58.05539,-4.53714
135128,West Strathnaver,IV,27.36,GBR,58.44254,-4.23761
135131,Syre Peatlands,IV,31.70,GBR,58.37484,-4.28843
135133,Lon a' Chuil,IV,37.20,GBR,58.34890,-4.15771
135136,Lochan Buidhe Mires,IV,41.24,GBR,58.49742,-4.11453
135142,A' Mhoine,IV,59.96,GBR,58.47831,-4.54405
135196,Tweedsmuir Hills,IV,89.02,GBR,55.52913,-3.32058
135198,Inner Tay Estuary,IV,41.35,GBR,56.40431,-3.14150
135204,Moorfoot Hills,IV,88.36,GBR,55.70839,-3.00640
135241,Ben More - Stob Binnein,IV,38.80,GBR,56.36742,-4.56011
135254,Ben Heasgarnich,IV,40.49,GBR,56.50065,-4.59521
135286,Meall na Samhna,IV,28.66,GBR,56.46884,-4.46600
135308,Ben Lawers,IV,59.70,GBR,56.54667,-4.23513
135341,Beinn a' Ghlo,IV,80.84,GBR,56.84186,-3.71362
135386,River Tweed,IV,25.35,GBR,55.56606,-2.79652
135419,Rannoch Moor,IV,101.11,GBR,56.63547,-4.70211
135421,Langholm - Newcastleton Hills,IV,76.94,GBR,55.19490,-2.90613
135529,Moffat Hills,IV,28.92,GBR,55.40967,-3.32836
135583,Cree Estuary,IV,30.56,GBR,54.87236,-4.39317
135587,Rinns of Islay,IV,87.82,GBR,55.77505,-6.41852
135593,Ardmeanach,IV,32.53,GBR,56.38996,-6.14927
135598,Upper Solway Flats and Marshes,IV,172.33,GBR,54.92893,-3.38822
135602,Merrick Kells,IV,87.77,GBR,55.13872,-4.41716
135630,Ben Lui,IV,29.27,GBR,56.38322,-4.80775
135669,Cairnsmore of Fleet,IV,38.26,GBR,54.97427,-4.30914
135671,Arran Northern Mountains,IV,120.89,GBR,55.64337,-5.26220
135758,Gruinart Flats,IV,32.59,GBR,55.85047,-6.31361
135789,Cairngorms,IV,292.44,GBR,57.06205,-3.75444
135792,Glen Tanar,IV,41.84,GBR,57.02237,-2.89226
135797,Ben Alder and Aonach Beag,IV,66.55,GBR,56.83225,-4.47394
135798,"Culbin Sands, Culbin Forest and Findhorn Bay",IV,49.26,GBR,57.63092,-3.71040
135813,Hoy,IV,95.07,GBR,58.85097,-3.33671
135833,West Mainland Moorlands,IV,33.13,GBR,59.07307,-3.15069
135838,Creag Meagaidh,IV,70.33,GBR,56.95740,-4.53716
135841,Monadhliath,IV,106.76,GBR,57.09055,-4.28733
135855,Eastern Cairngorms,IV,165.16,GBR,57.07127,-3.45619
135874,Morven and Mullachdubh,IV,25.09,GBR,57.12796,-3.04218
135876,Ronas Hill - North Roe,IV,49.07,GBR,60.55187,-1.41865
135918,Abernethy Forest,IV,57.96,GBR,57.21909,-3.63111
135932,Ardnamurchan,III,38.27,GBR,56.72211,-6.14001
135934,Torridon Forest,IV,57.96,GBR,57.56231,-5.48715
135948,An Teallach,IV,51.45,GBR,57.80725,-5.24378
135956,Beinn Bhan,IV,41.70,GBR,57.43853,-5.66939
135958,Carn nan Tri-tighearnan,IV,41.52,GBR,57.42489,-3.94546
135965,Fannich Hills,IV,108.96,GBR,57.69605,-5.00179
135969,North Harris,IV,131.11,GBR,57.99082,-6.97142
135975,Rum,IV,108.29,GBR,56.99789,-6.34886
135976,Trotternish Ridge,IV,37.14,GBR,57.57291,-6.22958
135980,Cuillins,III,103.95,GBR,57.22991,-6.16231
135983,Loch Shiel,IV,33.56,GBR,56.80728,-5.60683
135987,Blar nam Faoileag,IV,28.84,GBR,58.38401,-3.46923
135990,Loch an Duin,IV,26.15,GBR,57.65061,-7.13017
135999,Morven and Scaraben,IV,33.91,GBR,58.22589,-3.62705
136004,Inverpolly,IV,118.81,GBR,58.06075,-5.17117
136012,Morrich More,IV,29.32,GBR,57.83376,-3.95759
136014,Monar Forest,IV,54.50,GBR,57.45669,-5.14056
136016,Ben Klibreck,IV,87.40,GBR,58.23053,-4.39792
136021,Ben Loyal,IV,43.40,GBR,58.39181,-4.43060
136022,Ben More Assynt,IV,88.34,GBR,58.11771,-4.89094
136029,West Halladale,IV,86.62,GBR,58.45835,-4.00578
136039,Cromarty Firth,IV,31.47,GBR,57.66281,-4.21192
136043,Glen Coe,IV,31.78,GBR,56.64997,-5.03950
136045,Knockfin Heights,IV,51.78,GBR,58.27603,-3.79352
136051,Ben Hutig,IV,26.96,GBR,58.54675,-4.51050
136074,Affric - Cannich Hills,IV,173.13,GBR,57.31469,-5.05543
136084,Ben Griams,IV,75.55,GBR,58.33188,-4.01354
136090,Shielton Peatlands,IV,56.35,GBR,58.39904,-3.34175
136101,Ardlair - Letterewe,IV,93.16,GBR,57.70312,-5.38454
136111,Ben Wyvis,IV,54.16,GBR,57.67978,-4.55693
136113,Southern Parphe,IV,52.86,GBR,58.53306,-5.00707
136119,Beinn Eighe,IV,48.29,GBR,57.60783,-5.38926
136132,Parallel Roads of Lochaber,III,144.92,GBR,56.93340,-4.79286
136135,Mointeach Scadabhaigh,IV,41.47,GBR,57.59603,-7.26424
136138,Glen Strathfarrar,IV,39.22,GBR,57.41555,-4.86036
136147,Foinaven,IV,149.56,GBR,58.40512,-4.86904
136167,Ben Nevis,IV,95.38,GBR,56.81161,-4.94239
136177,Beinn Dearg,IV,138.52,GBR,57.80129,-4.90869
136190,Ben Hope,IV,30.29,GBR,58.40913,-4.59582
136195,Coire na Beinne Mires,IV,35.17,GBR,58.33852,-3.46121
136203,Loch Morar,IV,28.53,GBR,56.95645,-5.65942
136213,Stanford Training Area,IV,46.78,GBR,52.50985,0.75982
136296,Duddon Estuary,IV,67.90,GBR,54.18900,-3.26121
136303,Poole Harbour,IV,41.15,GBR,50.69770,-2.01095
136325,Lindisfarne,IV,39.74,GBR,55.67884,-1.86396
136393,Medway Estuary and Marshes,IV,47.48,GBR,51.41577,0.65688
136594,Ouse Washes,IV,25.19,GBR,52.47073,0.18875
136709,Colne Estuary,IV,29.86,GBR,51.80939,0.99649
136757,Dengie,IV,31.32,GBR,51.68670,0.93891
136886,Pevensey Levels,IV,36.03,GBR,50.85109,0.34913
136943,Kielderhead and Emblehope Moors,IV,84.40,GBR,55.29009,-2.48544
137060,Bridgwater Bay,IV,62.41,GBR,51.24628,-3.08082
137132,Lovely Seat - Stainton Moor,IV,101.40,GBR,54.34534,-2.02058
137198,North Norfolk Coast,IV,78.61,GBR,52.97136,0.81659
137238,Bowes Moor,IV,44.93,GBR,54.48883,-2.09935
137240,Mersey Estuary,IV,67.19,GBR,53.32983,-2.85336
137318,Geltsdale & Glendue Fells,IV,80.65,GBR,54.88271,-2.61442
137344,Ingleborough,IV,52.16,GBR,54.16218,-2.37564
137468,North Dartmoor,IV,135.63,GBR,50.65729,-3.98927
137474,Lune Estuary,IV,76.38,GBR,53.98800,-2.92418
137530,Morecambe Bay,IV,260.59,GBR,54.14458,-2.97491
137668,Ashdown Forest,IV,32.14,GBR,51.05257,0.07035
137826,"Bodmin Moor, North",IV,48.89,GBR,50.58096,-4.61532
137857,South Exmoor,IV,31.32,GBR,51.08388,-3.61539
138007,Skiddaw Group,IV,103.91,GBR,54.67466,-3.08751
138346,Malham-Arncliffe,IV,49.80,GBR,54.09960,-2.11445
138384,South Dartmoor,IV,71.16,GBR,50.48185,-3.93025
138407,Foulness,IV,109.43,GBR,51.58134,0.93014
138440,The New Forest,IV,289.46,GBR,50.87820,-1.57509
138563,Alde-Ore Estuary,IV,25.32,GBR,52.08840,1.51700
138593,Chichester Harbour,IV,37.36,GBR,50.80787,-0.89496
138863,Upper Teesdale,IV,143.76,GBR,54.66670,-2.18202
138901,The Swale,IV,65.08,GBR,51.36225,0.88003
138959,Berwyn,IV,242.84,GBR,52.84055,-3.41791
138965,Black Mountains,IV,67.70,GBR,51.95361,-3.08725
138972,Brecon Beacons,IV,50.13,GBR,51.86769,-3.44596
138999,Burry Inlet And Loughor Estuary,IV,58.52,GBR,51.65940,-4.15565
139004,Cadair Idris,IV,55.14,GBR,52.69166,-3.91052
139069,Eryri,IV,204.21,GBR,53.12720,-3.99207
139279,Cwm Doethie - Mynydd Mallaen,IV,61.56,GBR,52.12636,-3.83993
139325,Dyfi,IV,37.96,GBR,52.53272,-4.00252
139331,Elenydd,IV,226.82,GBR,52.26912,-3.67903
139559,Migneint-Arenig-Dduallt,IV,198.54,GBR,52.92113,-3.78109
139587,Mynydd Du (Black Mountain),IV,67.49,GBR,51.86546,-3.80317
139588,Mynydd Hiraethog,IV,64.01,GBR,53.09973,-3.60742
139593,Mynydd Preseli,IV,26.96,GBR,51.95561,-4.75165
139630,Arfordir Pen-Bre / Pembrey Coast,IV,41.33,GBR,51.69541,-4.35326
139681,Pumlumon (Plynlimon),IV,38.85,GBR,52.49884,-3.76246
139701,Rhinog,IV,32.90,GBR,52.84855,-4.01218
139740,Ruabon/Llantysilio Mountains And Minera,IV,47.87,GBR,53.02083,-3.18965
139745,Severn Estuary,IV,68.58,GBR,51.51147,-2.91624
139783,Traeth Lafan,IV,26.91,GBR,53.25460,-4.04199
139860,Dunbeath Peatlands,IV,64.41,GBR,58.28339,-3.64123
139867,Caenlochan,IV,49.76,GBR,56.87338,-3.29507
139933,Drumochter Hills,IV,96.74,GBR,56.86469,-4.25086
139948,Druim nam Bad,IV,31.27,GBR,58.31184,-4.58815
140027,Leek Moors,IV,39.74,GBR,53.18709,-1.95819
140105,South Thames Estuary and Marshes,IV,52.89,GBR,51.46297,0.57084
140143,Buttermere Fells,IV,61.48,GBR,54.56281,-3.23200
140247,Long Mynd,IV,27.30,GBR,52.53159,-2.85021
140414,Ribble Estuary,IV,93.55,GBR,53.71364,-2.94849
140513,Blackwater Estuary,IV,44.03,GBR,51.74568,0.80066
140588,Mallerstang-Swaledale Head,IV,62.39,GBR,54.40343,-2.25082
140597,Whernside,IV,38.59,GBR,54.21957,-2.42814
140660,Bowland Fells,IV,160.19,GBR,53.97896,-2.58742
140666,Moorhouse and Cross Fell,IV,138.27,GBR,54.71554,-2.43580
140783,Appleby Fells,IV,107.01,GBR,54.60652,-2.37600
140999,Salisbury Plain,IV,197.30,GBR,51.23920,-1.92130
141002,North Exmoor,IV,120.05,GBR,51.15618,-3.71090
141075,South Pennine Moors,IV,209.60,GBR,53.75310,-1.96913
141078,Kielder Mires,IV,48.05,GBR,55.11231,-2.51538
141118,"Bollihope, Pikestone, Eggleston and Woodland Fells",IV,79.53,GBR,54.66903,-1.97960
141125,East Nidderdale Moors (Flamstone Pin - High Ruckles),IV,107.79,GBR,54.17937,-1.78685
142723,Bebour,IV,45.74,REU,-21.10735,55.53160
142776,Humberhead Peatlands,IV,29.92,GBR,53.59470,-0.91130
142904,Y Berwyn,IV,79.24,GBR,52.81738,-3.48077
142928,La Corona,III,26.03,ESP,29.17904,-13.45973
142933,Pilancones,IB,57.81,ESP,27.87221,-15.61873
142934,Corralejo,IB,26.20,ESP,28.67950,-13.84729
142936,Los Marteles,IB,35.52,ESP,27.94767,-15.53865
142937,Güi-güí,IB,28.95,ESP,27.95315,-15.80714
142938,Inagua,IA,35.33,ESP,27.94424,-15.69348
142952,Ojo Guareña,III,28.32,ESP,43.03623,-3.61652
143052,Ipologama,IB,27.33,LKA,8.17100,80.04818
143071,Anawulandawa,IA,47.63,LKA,8.28586,80.91936
143086,Glasseye Creek,III,28.77,NZL,-41.44630,172.05384
143087,Karamea Bluff,III,44.92,NZL,-41.48846,172.00815
143089,Atbara-Nile,III,42.28,NZL,-42.02394,171.54131
143090,Deepdale,III,51.05,NZL,-41.83999,172.16966
143091,Maruia West Bank,III,125.16,NZL,-42.21948,172.16386
143092,Otututu,III,50.27,NZL,-42.24394,171.60305
143095,Doctor Hill,III,25.24,NZL,-42.94720,170.94599
143098,Lewis Pass,III,294.29,NZL,-42.39522,172.32573
143105,Kahurangi National Park,II,4521.66,NZL,-41.14808,172.50779
145129,Vrsacke planine,IV,53.89,SRB,45.13361,21.41435
145392,Boghaqar,IV,27.33,ARM,39.02100,46.14825
145394,Hanqavan Hydrological,IV,51.69,ARM,40.66981,44.46215
145443,Hutovo blato,III,115.58,BIH,43.05974,17.78564
145492,Agusan Marsh Wildlife Sanctuary,IV,408.70,PHL,8.30191,125.86289
145500,Ngaremeduu Bay Conservation Area,IA,119.46,PLW,7.52239,134.45136
145516,Okavango Delta System,IV,55385.12,BWA,-19.34316,23.09871
145528,Parc National d’Azagny,II,194.85,CIV,5.21575,-4.87449
145532,Béda-Karapancsa,II,86.66,HUN,45.96324,18.78352
145535,Lake Kolon at Izsák,II,30.59,HUN,46.76176,19.34368
145539,Refugio de Vida Silvestre Los Guatuzos,IV,442.28,NIC,11.03796,-84.91843
145552,Natal Drakensberg Park,II,2248.84,ZAF,-29.41330,29.40670
145553,Ndumo Game Reserve,IV,118.71,ZAF,-26.88419,32.25369
145554,Seekoeivlei Nature Reserve,IV,43.03,ZAF,-27.60638,29.59376
145555,Parque Nacional Archipiélago Los Roques,II,2209.73,VEN,11.88015,-66.75176
145556,Refugio de Fauna silvestre y Reserva de Pesca Ciénaga de Los Olivitos,IV,253.91,VEN,10.88432,-71.43920
145557,Laguna de La Restinga,II,187.52,VEN,11.02141,-64.15817
145558,Laguna de Tacarigua,II,401.60,VEN,10.28414,-65.80467
145566,Khan khukhii - Khyargas nuur,II,2188.11,MNG,49.43022,94.63000
145844,Buslauka,IV,62.19,BLR,52.66580,24.78970
145848,Gysak,IV,64.18,BLR,51.87186,24.12908
145850,Zvanets,IV,113.60,BLR,52.03572,24.91782
145864,Tserabyazhova-Kaladnyanski,IV,43.88,BLR,51.86498,26.66243
145867,Yastrabel,IV,81.45,BLR,52.11605,26.97940
145915,Babinavitski,IV,122.59,BLR,54.87514,30.63368
146244,"Whitfield Moor, Plenmeller and Ashholme Commons",IV,70.96,GBR,54.89711,-2.42163
146283,"Muggleswick,Stanhope & Edmundbyers Commons & Blanchland Moor",IV,91.27,GBR,54.81172,-2.01669
146287,Berastavitski,IV,83.89,BLR,53.08095,23.97649
146289,Paytrevichy,IV,171.54,BLR,53.12511,24.86944
146291,Krakotka,IV,53.22,BLR,52.97770,24.98377
146292,Porazauski,IV,88.34,BLR,52.89552,24.27970
146293,Spuschanski,IV,33.22,BLR,53.60613,24.44366
146294,Navagrudski,IV,27.04,BLR,53.63969,25.79988
146296,Byarozauski,IV,42.62,BLR,53.73186,25.57319
146298,Kanvelischski,IV,70.74,BLR,54.24743,25.49858
146299,Galvschanski,IV,75.64,BLR,54.31833,26.01700
146300,Kemelischski,IV,115.74,BLR,54.84133,25.93421
146306,Paleski Radyaytsina-Ekalagichny,IA,2162.31,BLR,51.59663,29.95270
146308,Dubauski Kaskad azer,IV,69.75,BLR,53.06323,29.32764
146309,Vydrytsa,IV,153.38,BLR,52.71640,29.66989
146310,Pryborski,IV,56.65,BLR,53.47409,30.44942
146311,Pankauski,IV,65.54,BLR,53.22195,32.07027
146312,Asintorf,IV,84.27,BLR,54.75737,30.75663
146315,Galubitskaya Puschcha,IV,56.35,BLR,55.02716,28.07801
146316,Chyrvony Bor,IV,361.91,BLR,55.99249,28.46120
146318,Narachanski,IV,139.07,BLR,54.84097,26.80457
146603,Sin'sch,IV,118.67,BLR,55.93079,29.30353
146604,Strechna,IV,66.46,BLR,55.43120,28.00933
146607,Zhodzischkauski,IV,143.22,BLR,54.62457,26.45089
146609,Voranauski,IV,37.48,BLR,54.08088,25.33867
146610,Baukaviski,IV,229.73,BLR,53.19163,24.47241
146618,Piñalito,II,37.87,ARG,-26.44382,-53.79433
146627,Kimbi-Fungom,II,990.24,CMR,6.72094,10.18965
146636,St. David Reserve,IV,93.44,TTO,10.78171,-61.06422
146640,Eastern Extension Matura,IV,89.04,TTO,10.71547,-61.05828
146644,Matura Reserve Western Ext.,IV,53.83,TTO,10.65222,-61.14336
146647,Long Stretch Reserve,IV,32.45,TTO,10.61290,-61.18056
146666,Nariva Windbelt Reserve,IV,25.58,TTO,10.35885,-61.08901
146667,Victoria Mayo Reserve,IV,533.83,TTO,10.18998,-61.16421
146671,Southern Watershed Reserve,II,100.44,TTO,10.10143,-61.42863
146674,Central Range Reserve,IV,172.37,TTO,10.42907,-61.20534
146676,Delta del Orinoco (Mariusa),II,3212.46,VEN,9.44070,-61.47341
146677,Lake Shaster,IA,108.16,AUS,-33.86047,120.77178
146690,Macquarie Marshes,IA,228.04,AUS,-30.80843,147.59809
146691,Goulburn River,II,745.18,AUS,-32.30144,150.15080
146692,Conimbla,II,88.47,AUS,-33.78840,148.39776
146693,Round Hill,IA,137.00,AUS,-33.02646,146.17886
146695,Willandra,II,188.55,AUS,-33.21125,144.99125
146748,Ķemeru Nacionālais parks,II,362.13,LVA,56.92026,23.44097
146766,"Les Grangettes (VD,VS)",IV,60.14,CHE,46.42060,6.86750
146951,Protection Des Oiseaux Rupestres,IV,115.56,FRA,46.00710,5.73451
147293,Hauts De Chartreuse,IV,44.56,FRA,45.39250,5.89447
147294,Estuaire De La Seine,IV,85.06,FRA,49.43638,0.25696
147297,Guadeloupe,II,220.65,GLP,16.19160,-61.66365
147302,Ile Du Grand-Connétable,IV,78.57,GUF,4.82505,-51.93660
147303,La Trinité,IV,771.16,GUF,4.56895,-53.30325
147304,Nouragues,IV,1065.75,GUF,4.05990,-52.75390
147319,Sables Blancs De Mana,IV,176.64,GUF,5.50035,-53.59605
147333,Crique Et Pripri Yiyi,IV,284.90,GUF,5.49605,-53.26265
147492,Testa - ventilegne,IV,26.61,FRA,41.43292,9.11094
147509,Estuaire de la loire,IV,28.03,FRA,47.25904,-1.96366
147520,L\'Amana,IV,144.67,GUF,5.65505,-53.71435
147521,Marais De Kaw-Roura,IV,928.37,GUF,4.61400,-52.11725
148534,Hainich,II,75.16,DEU,51.06081,10.46073
149666,Elimyssalon luonnonsuojelualue (Ystävyyden puisto),IB,73.20,FIN,64.20016,30.39068
149670,Ison-Palosen ja Maariansärkkien luonnonsuojelualue (Ystävyyden puisto),IB,40.53,FIN,64.30765,30.18162
149682,Lentuan luonnonsuojelualue (Ystävyyden puisto),IB,62.99,FIN,64.19262,29.58601
150220,Krunnien luonnonsuojelualue,IA,44.27,FIN,65.38792,24.92659
150289,KÄLVIÄN YHTEISHIRSIMETSÄ (LUONONSU,IB,30.09,FIN,63.55617,24.34628
151237,Bardenas Reales,II,414.61,ESP,42.16047,-1.49248
151319,Los Volcanes,IB,99.95,ESP,29.01174,-13.75384
151655,2001428 Dumme mosse,IB,29.36,SWE,57.77353,14.00348
151824,2001012 Granlandet,IA,331.69,SWE,66.59670,21.51355
151920,2000866 Harufjärden,IB,27.19,SWE,65.62513,22.76850
152081,2000997 Kalix yttre skärgård,IB,92.70,SWE,65.68611,23.30340
152409,2001844 Nalovardo,IB,49.49,SWE,65.69159,17.52047
152534,2001259 Puolva,IB,47.49,SWE,67.42276,21.41067
152562,2001032 Reivo domänreservat,IB,97.12,SWE,65.82069,19.12185
152789,2001001 Bondöfjärden,IB,92.05,SWE,65.16258,21.66509
152990,2000072 Utklippan,IA,51.72,SWE,55.95723,15.73068
153062,2002450 Vedungsfjällen,IB,194.01,SWE,61.90393,13.28885
155143,Langsua,II,537.73,NOR,61.26178,9.45147
155533,Sylan,IV,165.84,NOR,63.06125,12.03642
155726,Almdalen-Ekorndalen,IA,33.16,NOR,64.59437,11.92007
155747,Finnemarka,IA,46.36,NOR,59.92204,10.13789
155998,Dyraheio,IV,305.48,NOR,59.53835,6.90077
156012,Kvanndalen,IV,81.78,NOR,59.72556,7.02213
156055,Smådaladn,IA,32.87,NOR,61.03034,8.55471
156426,Fisklausvatnet,IA,38.49,NOR,65.63864,13.57021
156612,Spjeltfjelldalen,IA,29.80,NOR,65.98339,14.45470
156628,Tanamunningen,IA,33.91,NOR,70.49199,28.41006
156663,Urdvatn og Kallingshei,IA,34.46,NOR,58.78620,8.39158
156700,Kvaløy og Rauøy,IA,36.39,NOR,65.02427,11.05435
161932,Parco regionale storico di Monte Sole,IV,25.39,ITA,44.30168,11.19564
162027,Riserva naturale orientata della Vauda,IV,26.60,ITA,45.24995,7.65079
162034,Riserva naturale Litorale romano,IV,159.35,ITA,41.81875,12.27438
162240,NSG Arnsberger Wald,IV,39.04,DEU,51.44467,8.18937
162766,Döberitzer Heide,IV,34.10,DEU,52.49651,13.03593
163133,Forsthaus Prösa,IV,37.91,DEU,51.53243,13.51192
164201,Wildnisgebiet Königsbrücker Heide,IB,70.44,DEU,51.32928,13.88133
164757,Nationalpark Unteres Odertal,IV,104.52,DEU,53.08552,14.26169
164853,Nuthe-Nieplitz-Niederung,IV,55.68,DEU,52.24589,13.11795
165130,Reicherskreuzer Heide und Schwansee,IV,27.96,DEU,52.00125,14.45259
166371,Totes Moor,IV,31.87,DEU,52.49962,9.38146
166438,Parco Nazionale dell'Arcipelago di La Maddalena,II,201.65,ITA,41.18756,9.46590
166722,Los Cardones,II,646.70,ARG,-25.29739,-65.93121
166725,Urugua-í,IA,31.49,ARG,-25.99877,-54.07442
166786,Esmeralda,II,312.75,ARG,-26.97802,-53.92663
166790,Khoridol-Saridag,IB,2260.91,MNG,50.75045,99.70635
166791,Khar us nuur,II,8606.34,MNG,47.90751,92.76663
166792,Noyon khangai,II,564.64,MNG,47.71185,99.45670
166794,Toson-Khulslai,IV,4548.70,MNG,48.09230,113.07663
166795,Khar yamaat,IV,509.74,MNG,47.64936,112.03890
166796,Yakhi nuur,IV,2484.88,MNG,48.82590,114.38428
166863,Crooked Tree,IV,147.65,BLZ,17.79209,-88.49960
166889,Virunga,II,7826.53,COD,-0.35745,29.51520
166890,Berda River Mouth and Berdianska Spit and Berdianska Bay,II,84.20,UKR,46.73236,36.82371
166891,Bilosaraiska Bay and Bilosaraiska Spit,II,112.81,UKR,46.91804,37.26248
166893,Dniester-Turunchuk Crossrivers Area,II,109.03,UKR,46.47470,30.06796
166894,Dnipro River Delta,II,344.26,UKR,46.56888,32.47991
166897,Kryva Bay and Kryva Spit,II,118.61,UKR,47.05961,38.07607
166899,Kyliiske Mouth,IB,449.04,UKR,45.37564,29.60338
166900,Molochnyi Liman,II,291.52,UKR,46.55674,35.37787
166901,Northern Part of the Dniester Liman,II,259.29,UKR,46.34537,30.21177
166905,Shagany-Alibei-Burnas Lakes System,II,276.00,UKR,45.77997,29.95954
166906,Shatsk Lakes,II,328.55,UKR,51.51272,23.83122
166907,Stokhid River Floodplains,II,100.08,UKR,51.49665,25.40513
166908,Tendrivska Bay,IA,550.22,UKR,46.24776,31.89348
166965,Arrecifes de Cozumel,IV,138.53,MEX,20.36306,-86.97275
166966,Arrecife de Puerto Morelos,IV,91.33,MEX,20.90530,-86.83246
166969,La Sepultura,IA,1674.21,MEX,16.24530,-93.76464
167069,Акташский,IV,142.06,TJK,40.88265,70.29911
167070,Amu-Darya,IA,617.87,TKM,39.74294,62.74372
167071,Badkhyz,IA,868.88,TKM,35.77800,61.61025
167073,Besh-Tash State Nature Park,II,137.32,KGZ,42.34176,72.33320
167077,Chemenbit,IV,424.42,TKM,35.55293,62.40694
167078,Чилдухтаронский,IV,108.81,TJK,38.25786,70.12150
167080,Даштиджум,IA,367.39,TJK,37.60168,70.16735
167081,Даштиджумский,IV,481.35,TJK,37.79115,70.25686
167090,Искандеркульский,IV,148.95,TJK,39.03788,68.31465
167091,Guryhowdan,IV,106.27,TKM,37.70987,58.58422
167092,Kara-Shoro Nature Park,II,143.39,KGZ,40.75979,74.08352
167095,Karakol Nature Park,II,381.47,KGZ,42.30916,78.50295
167096,Karatal-Zhapyrk Nature Reserve,IA,363.92,KGZ,41.21131,75.30704
167098,Kelif,IV,452.13,TKM,37.79040,64.63349
167099,Hazar,IA,2659.66,TKM,38.68362,53.76284
167100,Hodjapil,IV,150.01,TKM,37.83326,66.50339
167101,Hordjaburdjibelend,IV,95.37,TKM,37.59459,66.36471
167102,Kitab Geological National Nature Park,IA,39.37,UZB,39.17269,67.31145
167104,"State National Nature Park ""Kokshetau""",II,7556.16,KAZ,53.17535,68.48212
167105,Комаровский,IV,159.73,TJK,39.14321,70.39258
167106,Kopetdag,IA,507.85,TKM,37.83963,58.01720
167107,Kugitang,IA,312.32,TKM,37.70303,66.44095
167110,Meana-Chaacha,IV,839.91,TKM,36.74253,60.58568
167111,Музкульский,IV,547.92,TJK,38.50640,72.93388
167114,Naryn State Nature Reserve,IA,1122.92,KGZ,41.40505,76.93869
167116,Pulihatum,IV,210.60,TKM,35.90847,61.33432
167117,Сайвотинский,IV,50.97,TJK,39.35593,68.17927
167118,Sarychat-Ertash Nature Reserve,IA,1491.13,KGZ,41.92744,78.60445
167119,Sarikhosor natural park,IV,55.21,TJK,38.45592,69.59316
167120,Shasenem,IV,2888.66,TKM,41.59737,57.51661
167121,Ширкентский историко-природный парк,II,316.60,TJK,38.73686,68.23598
167124,Sunt-Khasardag,IA,425.50,TKM,38.31662,56.59076
167131,Zaamin National Nature Park,II,257.17,UZB,39.65719,68.50445
167133,Зеравшанский,IV,29.70,TJK,39.45242,67.57595
167134,Зоркуль,IA,243.66,TJK,37.41962,73.75430
167204,Albany River Provincial Park,II,926.33,CAN,51.43064,-88.23826
167211,BABINE RIVER CORRIDOR PARK,II,153.71,CAN,55.56470,-127.12903
167232,BISHOP RIVER PARK,IB,197.58,CAN,50.91456,-124.05830
167246,Brightsand River Provincial Park (Waterway Class),II,406.47,CAN,49.85746,-90.29857
167252,CALLAGHAN LAKE PARK,II,26.96,CAN,50.20788,-123.19506
167270,SX̱ÓTSAQEL / CHILLIWACK LAKE PARK,II,92.87,CAN,49.07734,-121.44047
167298,DENETIAH PARK,II,904.31,CAN,58.51393,-127.33652
167314,CLENDINNING PARK,II,303.60,CAN,50.40485,-123.78190
167316,ENTIAKO PARK,II,1260.29,CAN,53.21441,-125.60846
167320,FINGER-TATUK PARK,II,171.45,CAN,53.51091,-124.22402
167325,FRANCOIS LAKE PARK,II,72.17,CAN,53.97886,-125.15846
167328,Frontenac Provincial Park (Natural Environment Class),II,53.51,CAN,44.54040,-76.50989
167337,GRAHAM-LAURIER PARK,II,999.82,CAN,56.61193,-123.35374
167350,Hicks-Oke Bog Provincial Park (Nature Reserve Class),IA,58.86,CAN,48.90363,-82.06998
167359,Hubert Lake Wildland Provincial Park,II,83.11,CAN,54.55963,-114.24540
167369,Jog Lake Conservation Reserve,II,483.91,CAN,50.34175,-85.33328
167376,Kennedy Lakes,II,226.33,CAN,46.84602,-66.46243
167382,KLUA LAKES PROTECTED AREA,II,280.40,CAN,58.10246,-122.33008
167399,LIARD RIVER CORRIDOR PARK,II,811.68,CAN,59.41570,-125.35952
167425,Middle River Framboise Wilderness Area,IB,56.36,CAN,45.78772,-60.44942
167445,Nakina Moraine Provincial Park (Natural Environment Class),II,53.35,CAN,50.09495,-86.69956
167454,NORTHERN ROCKY MOUNTAINS PARK,II,6663.86,CAN,58.12216,-124.17364
167499,Ranger North Conservation Reserve,II,70.16,CAN,47.21046,-83.87473
167500,REDFERN-KEILY PARK,II,808.00,CAN,57.39386,-123.87552
167508,Rumsey Natural Area,IV,113.50,CAN,51.86723,-112.60338
167517,SIKANNI CHIEF CANYON PARK,II,47.10,CAN,57.49315,-122.15900
167533,STUART RIVER PARK,II,210.28,CAN,54.16386,-123.83804
167538,SUTHERLAND RIVER PARK,II,136.12,CAN,54.45231,-125.12105
167539,SWAN LAKE KISPIOX RIVER PARK,III,623.03,CAN,55.89746,-128.58075
167543,TANTALUS PARK,IB,114.25,CAN,49.82276,-123.30064
167548,The Massasauga Provincial Park (Natural Environment Class),II,132.47,CAN,45.19636,-80.03947
167550,THINAHTEA SOUTH PROTECTED AREA,II,167.09,CAN,59.64985,-120.33602
167554,Tikamaganda Lake Conservation Reserve,II,29.62,CAN,47.55029,-84.18458
167569,UPPER LILLOOET PARK,IB,195.22,CAN,50.65238,-123.60705
167574,MAIN LAKE PARK,II,35.30,CAN,50.20773,-125.21525
167576,Wabakimi Provincial Park,IB,8929.83,CAN,50.76771,-89.51094
168168,Montes de Oro,IV,28.98,CRI,10.13159,-84.67848
168214,Reserva Biológica União,IA,77.57,BRA,-22.43020,-42.09317
168243,"Costa Occ. de I. Mujeres, Pta. Cancún y Pta. Nizuc",IV,87.68,MEX,21.12788,-86.76515
168254,Ten Thousand Islands National Wildlife Refuge,IV,137.37,USA,25.89659,-81.57456
168256,Cayos de San Felipe,II,261.69,CUB,21.95488,-83.50699
168258,Caguanes,II,204.38,CUB,22.39986,-79.15368
168260,Alejandro de Humboldt,II,708.60,CUB,20.47751,-74.88908
168261,Guanahacabibes,II,394.32,CUB,21.88124,-84.67208
168265,Centro y Oeste de Cayo Coco,II,356.27,CUB,22.48552,-78.51777
168267,Lanzanillo-Pajonal-Fragoso,IV,868.45,CUB,22.75878,-79.62356
168273,Parque Estadual Marinho Da Laje De Santos,II,50.59,BRA,-24.30833,-46.17500
168274,Pululahua,III,34.38,ECU,0.06109,-78.49739
169109,Donau-Auen,II,73.58,AUT,48.15541,16.75257
169592,Untersberg,IV,44.06,AUT,47.73878,12.97436
169615,Kielderhead,IV,38.04,GBR,55.28369,-2.50132
169645,Allendale Moors,IV,52.93,GBR,54.83600,-2.31225
169653,"Arkengarthdale, Gunnerside and Reeth Moors",IV,76.40,GBR,54.42289,-2.05715
169703,Breckland Farmland,IV,133.94,GBR,52.43779,0.66602
169704,Breckland Forest,IV,181.25,GBR,52.48177,0.72028
169766,Coir' an Eoin,IV,25.55,GBR,58.12595,-4.01340
169802,Dark Peak,IV,318.47,GBR,53.46955,-1.81062
169804,Dee Estuary / Aber Afon Dyfrdwy,IV,74.13,GBR,53.29466,-3.20957
169817,East Halladale,IV,85.07,GBR,58.47443,-3.80061
169823,Eastern Peak District Moors,IV,81.99,GBR,53.29742,-1.60777
169840,Firth of Forth,IV,74.40,GBR,56.10752,-3.18454
169845,Forest of Clunie,IV,194.88,GBR,56.70027,-3.54060
169901,Hexhamshire Moors,IV,94.44,GBR,54.86834,-2.17291
169925,Kinveachy Forest,IV,53.30,GBR,57.23359,-3.89488
169933,Ladder Hills,IV,43.57,GBR,57.21688,-3.23984
169976,Lune Forest,IV,63.34,GBR,54.58372,-2.20626
170020,North York Moors,IV,441.21,GBR,54.40035,-0.89443
170115,Sefton Coast,IV,46.36,GBR,53.56420,-3.08450
170156,The Cheviot,IV,34.95,GBR,55.47442,-2.11940
170161,The Wash,IV,620.57,GBR,52.94119,0.25339
170217,"West Nidderdale, Barden and Blubberhouses Moors",IV,134.32,GBR,54.04390,-1.88000
170302,"Alam-Pedja LKA, Laeva soo skv.",IB,70.99,EST,58.47350,26.24381
170329,"Marimetsa LKA, Marimetsa skv.",IV,42.81,EST,58.94454,24.00021
170343,"Nigula LKA, Nigula skv.",IB,25.25,EST,58.00928,24.68178
170358,"Pihla-Kaibaldi LKA, Pihlasoo skv.",IB,29.11,EST,58.92433,22.66999
170376,"Sirtsi LKA, Sirtsi soo skv.",IV,32.15,EST,59.25473,26.82435
170482,"Silma LKA, Tagalahe-Sutlepa skv.",IV,44.96,EST,59.00792,23.60509
170640,"Soomaa RP, Kikepera skv.",IB,46.32,EST,58.39101,24.94978
170641,"Soomaa RP, Kuresoo skv.",IB,115.94,EST,58.51182,25.13236
170648,"Soomaa RP, Öördi skv.",IB,53.16,EST,58.39132,25.13083
172467,Sedas purvs,IV,72.64,LVA,57.69794,25.76535
172472,Mežole,IV,28.36,LVA,57.32386,25.98489
172538,Sātiņu dīķi,IV,37.55,LVA,56.59915,22.30910
172544,Lielais un Pemmes purvs,IV,34.79,LVA,57.37746,24.81592
172550,Užava,IV,30.09,LVA,57.21098,21.40582
172658,Zvārde,IV,33.14,LVA,56.54922,22.69565
172671,Ances purvi un meži,IV,101.50,LVA,57.58905,22.04257
172689,Ābeļi,IV,32.32,LVA,56.40583,25.97817
172756,Ovīši,IV,51.31,LVA,57.58892,21.91254
172848,Skalka,IB,26.67,SVK,48.92154,19.52213
173013,2001215 Tresticklan,II,29.06,SWE,59.02780,11.75645
173014,2000932 Färnebofjärden,II,104.70,SWE,60.19566,16.78381
173570,2000373 Hornborgasjön,IV,40.83,SWE,58.31489,13.55002
174321,2002476 Koppången,IB,49.39,SWE,61.35368,14.79475
174546,2000907 Henvålen,IB,177.55,SWE,62.69826,13.38569
174583,2001685 Gråtanberget,IB,25.40,SWE,64.98074,16.59551
174596,2001886 Rödingsjö,IB,75.01,SWE,64.79532,15.16960
174600,2001857 Njakafjäll,IB,123.31,SWE,64.97118,15.60983
174609,2001068 Laisdalens fjällurskog,IB,793.10,SWE,66.02824,16.87321
174610,2001062 Hornavan-Sädvajaure fjällurskog,IB,808.14,SWE,66.44603,17.07475
174611,2001060 Långsjön-Gåbrek fjällurskog,IB,72.71,SWE,66.35323,18.37131
174612,2001061 Ståkke-Bårgå fjällurskog,IB,220.55,SWE,66.19697,18.31366
174613,2001048 Akkelis fjällurskog,IB,55.84,SWE,66.15027,17.56265
174614,2001049 Vittjåkk-Akkanålke fjällurskog,IB,43.94,SWE,65.54002,19.01708
174616,2001050 Kvikkjokk-Kabla fjällurskog,IB,491.23,SWE,67.00465,17.93234
174617,2001058 Ultevis fjällurskog,IB,1172.11,SWE,67.13543,18.94669
174620,2001051 Kronogård fjällurskog,IB,51.47,SWE,66.26619,19.70109
174621,2001238 Kaitum fjällurskog,IB,899.15,SWE,67.63308,20.35176
174622,2001057 Lina fjällurskog,IB,979.35,SWE,67.36494,20.48750
174623,2001055 Pessinki fjällurskog,IB,970.59,SWE,68.04315,22.72291
174624,2001056 Torneträsk-Soppero fjällurskog,IB,3366.29,SWE,68.07163,20.93771
174625,2001054 Rautas fjällurskog,IB,676.62,SWE,68.01810,19.91171
174626,2001239 Aptasvare fjällurskog,IB,140.08,SWE,67.71376,20.56539
174637,Glen Affric,II,145.33,GBR,57.26830,-5.00225
174645,Arran Moors,IV,84.11,GBR,55.56903,-5.22012
174670,Glen App and Galloway Moors,IV,89.47,GBR,55.00555,-4.96749
174675,Kinloch and Kyleakin Hills (Monadh Chaol Acainn is Cheann Loch),IV,52.73,GBR,57.21236,-5.73343
174685,Muirkirk Uplands,IV,191.59,GBR,55.50684,-4.12710
174696,North Lowther Uplands,IV,78.45,GBR,55.44962,-3.93449
174714,Sunart,IV,55.16,GBR,56.67713,-5.76728
175205,Sandkallanin-Stora Kölhällenin hylkeidensuojelualue,IV,75.42,FIN,60.07518,25.75572
175208,Snipansgrundin-Medelkallan hylkeidensuojelualue,IV,32.53,FIN,63.41044,20.81332
175210,Kurjenrahkan kansallispuisto,II,30.91,FIN,60.72184,22.38205
175212,Leivonmäen kansallispuisto,II,31.41,FIN,61.92465,26.02551
175225,Syötteen kansallispuisto,II,303.00,FIN,65.75555,27.90907
175276,Södra Sandbäckin-Sandbäckin hylkeidensuojelualue,IV,26.12,FIN,60.75183,20.74200
175684,VALSÖRARNA - BJÖRKÖGRUNDEN,IB,92.26,FIN,63.39032,21.09944
175867,MIKKELINSAARET 37 (MAXMO SKÄRGÅRDS,IV,69.12,FIN,63.40259,21.84084
176294,Tikvesh,IA,77.74,MKD,41.30376,21.93419
176348,Beleshnicka Reka,III,39.12,MKD,41.69232,21.30469
176486,Fosilni nahodki,III,126.73,BGR,42.07419,25.14565
177261,Park Narodowy Ujście Warty,II,80.73,POL,52.60747,14.78097
177820,"Leidissoo LKA, Suurraba skv.",IB,42.53,EST,59.11673,23.70224
178224,Baie De L\'Aiguillon (Charente-Maritime),IV,25.21,FRA,46.27898,-1.14697
178228,Coussouls De Crau,IV,74.77,FRA,43.57826,4.89878
178271,Bouches De Bonifacio,IV,797.67,FRA,41.44492,9.13506
178289,Marais Poitevin (Secteur Ouest),IV,37.58,FRA,46.28579,-1.05806
178782,Parco nazionale dell'Appennino Tosco-Emiliano,II,228.05,ITA,44.33686,10.21651
178784,Parco nazionale delle Cinque Terre,II,38.60,ITA,44.12473,9.71138
178787,Riserva naturale di Monterufoli - Caselli,IV,49.77,ITA,43.24239,10.74767
178822,Riserva naturale statale Gola del Furlo,IV,39.07,ITA,43.64351,12.73106
178825,Riserva naturale statale Tenuta di Castelporziano,IV,58.71,ITA,41.72024,12.39870
178828,Area naturale marina protetta Isole di Ventotene e Santo Stefano,IV,27.92,ITA,40.79675,13.42987
178830,Santuario per i Mammiferi Marini,IV,23736.22,ITA,42.62344,9.48973
178838,Area naturale marina protetta Capo Carbonara,IV,86.35,ITA,39.10669,9.53124
178870,Riserva naturale guidata Monte Genzana e Alto Gizio,IV,31.19,ITA,41.94388,13.93074
178876,Riserva naturale Foce Sele - Tanagro,IV,73.94,ITA,40.50561,15.33255
178878,Riserva naturale Monti Eremita - Marzano,IV,36.41,ITA,40.75632,15.32314
178889,Parco del Lago Trasimeno,IV,130.03,ITA,43.13688,12.10459
178913,Riserva naturale orientata  Bosco di Malabotta,IV,32.20,ITA,37.95702,15.04864
178914,"Riserva naturale orientata Pizzo Cane, Pizzo Trigna e Grotta Mazzamuto",IV,46.34,ITA,37.97169,13.57373
178965,Parco regionale del Partenio,IV,148.82,ITA,40.96568,14.58826
178970,Parco regionale dei Laghi Suviana e Brasimone,IV,30.56,ITA,44.11898,11.11963
178972,Parco naturale delle Dolomiti Friulane,IV,373.44,ITA,46.32225,12.52281
178974,Parco naturale dei Monti Aurunci,IV,193.96,ITA,41.35377,13.58277
178980,Parco naturale delle Prealpi Giulie,IV,94.33,ITA,46.34623,13.31798
178994,Parco naturale regionale della Gola della Rossa e di Frasassi,IV,91.78,ITA,43.41494,12.98062
178997,Parco naturale regionale di Porto Conte,IV,52.04,ITA,40.61634,8.22787
179132,Tyrulių botaninis-zoologinis draustinis,IV,37.00,LTU,55.75832,23.29107
179141,Kliošių kraštovaizdžio draustinis,IV,26.18,LTU,55.55733,21.23020
180070,"Nätsi-Võlla LKA, Nätsi-Võlla skv",IB,96.62,EST,58.45361,24.08706
181126,Jonkerinsalon luonnonsuojelualue,IB,46.54,FIN,63.84913,29.67749
181407,Liminganlahden luonnonsuojelualue,IV,43.21,FIN,64.94183,25.26209
181812,Wild Nephin National Park,II,170.53,IRL,54.07582,-9.63440
181829,Suck River Callows NHA,IV,33.68,IRL,53.44000,-8.18660
181907,Dvietes paliene,II,49.91,LVA,56.06320,26.21259
181933,Kuja,II,107.91,LVA,56.86903,26.37451
181944,Ogres ieleja,II,75.25,LVA,56.82267,25.21406
181945,Zvārdes meži,II,81.79,LVA,56.50025,22.60669
181946,Vecumu meži,II,78.66,LVA,57.24713,27.80560
181949,Rāznas Nacionālais parks,II,595.92,LVA,56.27893,27.50389
181966,Butrinti,II,94.23,ALB,39.75737,20.03081
181967,Prespa,II,277.50,ALB,40.80110,20.94233
182732,Area naturale marina protetta Capo Caccia Isola Piana,IV,26.38,ITA,40.59166,8.18678
182733,Area marina protetta Isole Pelagie,IV,38.80,ITA,35.68463,12.69513
182734,Area marina protetta Isola dell'Asinara,IV,108.17,ITA,41.05387,8.28314
182736,Parco nazionale della Sila,II,772.09,ITA,39.25984,16.57308
182745,2000920 Brovallvålen,IB,34.01,SWE,62.31362,13.26909
182768,2002424 Fulufjället,II,384.58,SWE,61.53288,12.72585
182779,2000905 Brötarna,IB,36.26,SWE,62.84807,14.13444
182814,2000903 Marntallåsen,IB,40.61,SWE,62.93806,13.97654
182856,Ledalen,IV,25.89,NOR,62.86839,11.04812
182886,Jærstrendene,IV,111.90,NOR,58.77374,5.56463
182889,Forollhogna,II,1060.78,NOR,62.68637,10.64489
182920,Simle,IA,41.78,NOR,65.00904,11.93371
182924,Hildremsvatnet,IA,37.60,NOR,63.84002,10.05892
182936,Skrim og Sauheradfjella,IA,122.99,NOR,59.48853,9.55823
182985,Horsvær,IA,170.40,NOR,65.32070,11.67752
183007,Åsvær,IV,65.52,NOR,66.23111,12.21599
183008,Kjølsøyværet/Valvær,IA,32.45,NOR,66.79572,12.67832
183025,Store Sametti - Skjelvatnet,IA,73.42,NOR,69.46285,29.53016
183030,Stabbursdalen,IV,188.70,NOR,70.00531,24.78573
183074,Lånan/Skjærvær,IA,112.95,NOR,65.82391,11.70971
183082,Hysvær/Søla,IV,93.19,NOR,65.71779,11.67901
183087,Indreholmen/Lyngværet,IA,25.55,NOR,66.04652,11.85418
183090,Svellingsflaket,IV,127.72,NOR,68.27999,15.28402
183102,Røstøyan,IV,69.89,NOR,67.44826,11.95233
183149,Øvre Pasvik,IV,54.25,NOR,69.08752,29.08576
183154,Møysalen,II,51.37,NOR,68.51140,15.53716
183215,Nordre Isfjorden,II,2954.45,SJM,78.54749,14.44070
183216,Sassen-Bünsow Land,II,1231.47,SJM,78.43575,17.20129
183217,Van Mijenfjorden,II,4259.56,SJM,77.77241,15.53314
183218,Hopen,IB,3182.84,SJM,76.57917,25.20427
183219,Bjørnøya,IB,2983.02,SJM,74.42502,19.00501
183261,Dovre,II,290.12,NOR,62.10251,9.51263
183274,Setesdal Vesthei Ryfylkeheiane,IV,2321.85,NOR,59.12277,7.08955
183279,Finnvolldalen-Esplingdalen,IA,51.23,NOR,64.15589,10.88890
183283,Lavsjømyrene-Målikjølen,IA,25.28,NOR,60.99425,11.22694
183311,Steinsbuskardet-Hisdal,IV,33.21,NOR,59.30771,7.10874
183313,Osdalssjøhøgda,IA,48.18,NOR,61.62277,11.69451
183323,Torbudalen,IV,94.12,NOR,62.46641,8.50999
183328,Trillemarka-Rollagsfjell,IA,158.31,NOR,60.10308,9.30861
183330,Brattefjell - Vindeggen,IV,381.73,NOR,59.75137,8.44440
183335,Brumundsjøen-Harasjømyra,IA,25.49,NOR,61.04288,11.08248
183336,Sandgrovbotn-Mardalsbotn,IV,141.15,NOR,62.46560,8.02297
183427,Severn Estuary,IV,100.06,GBR,51.52606,-2.74297
183429,Upper Solway Flats & Marshes,IV,129.57,GBR,54.89254,-3.26810
183432,Dee Estuary,IV,63.24,GBR,53.32199,-3.15825
183469,Valea Vâlsanului,IV,116.96,ROU,45.27658,24.73809
183829,Râul Tur,IV,61.89,ROU,47.92260,23.08080
183873,Tișița,IV,27.13,ROU,45.91086,26.54059
184091,Cindrel,IV,81.03,ROU,45.56343,23.78300
184092,Golul Alpin al Munților Făgăraș între Podragu-Suru,IV,50.33,ROU,45.60989,24.56170
184172,Parcul Național Munții Macinului,II,112.21,ROU,45.17617,28.28068
193120,2001226 Rappomyran,IA,30.28,SWE,66.37569,20.95810
193121,2001228 Päivävuoma,IA,33.47,SWE,66.64362,21.21563
193122,2001229 Tervavuoma,IA,57.60,SWE,67.44118,22.90212
193210,Golul alpin Valea Rea - Zârna,IV,73.51,ROU,45.55296,24.84754
193216,Nemira,IV,35.92,ROU,46.22160,26.32449
193356,Iles chausey,IV,49.99,FRA,48.88735,-1.79989
193403,Saint-Martin,IV,33.70,MAF,18.09295,-63.01150
193412,Junkerdal,II,682.58,NOR,66.94493,15.87707
193414,Skarvan og Roltdalen,II,442.50,NOR,63.25375,11.51811
193459,Auvær,IA,25.45,NOR,69.88143,18.05747
193467,Skjellingshovde,IA,32.65,NOR,60.73241,9.93998
193468,Fuggdalen,IA,52.73,NOR,61.76972,11.29906
193473,Lierne,II,333.25,NOR,64.31332,13.92654
193736,Humber Estuary,IV,370.12,GBR,53.57948,-0.33238
195361,"Liminganlahden luonnonsuojelualue, Lumijoki",IV,34.23,FIN,64.90814,25.18738
195452,Torgrundin saaristo (yhteinen vesialue),IB,75.09,FIN,63.08714,21.30790
195788,L`Albufera,II,209.50,ESP,39.30531,-0.31426
196014,Aigüestortes i Estany de Sant Maurici,II,139.01,ESP,42.57100,0.93137
196045,L'arxipèlag de Cabrera,II,908.73,ESP,39.11548,3.10725
196046,Archipiélago de Chinijo,II,460.17,ESP,29.24993,-13.48947
196099,Jandía,IB,149.83,ESP,28.13512,-14.35888
196166,Ses Salines d'Eivissa i Formentera,II,154.02,ESP,38.80042,1.41221
196179,Desierto de Tabernas,II,114.57,ESP,37.06628,-2.50534
196266,Corona Forestal,IB,410.91,ESP,28.27526,-16.59102
196276,Cabo Cope y Puntas de Calnegre,II,26.67,ESP,37.46687,-1.45582
196293,S'Albufera des Grau,II,50.94,ESP,39.97256,4.24022
196457,Marismas del Odiel,II,66.16,ESP,37.22201,-6.92710
196478,Parcul Național Buila - Vânturarița,II,44.91,ROU,45.24351,24.08575
196501,Pelister,II,171.63,MKD,40.97270,21.16176
198281,Parque Nacional Do Viruá,II,2809.82,BRA,1.32679,-61.09287
198311,Sporovsky Biological Reserve,IV,193.93,BLR,52.43075,25.24965
198314,Boeng Chhmar Core Area (Ramsar Site),IA,145.69,KHM,12.80023,104.30150
198315,Koh Kapi,IA,134.77,KHM,11.46569,103.06890
198316,Stung Treng,IA,148.96,KHM,13.73772,105.99633
198330,Tubbataha Reefs Natural Park,II,963.65,PHL,8.89694,119.90917
198349,Pulau Kobror,IV,574.66,IDN,-6.17593,134.49966
198351,Parque Nacional Serra Da Mocidade,II,3593.71,BRA,1.17388,-62.07797
198352,Parque Nacional Do Descobrimento,II,226.08,BRA,-17.09202,-39.30797
198353,Parque Nacional Do Pau Brasil,II,189.34,BRA,-16.50416,-39.25419
198366,Parque Nacional Da Serra Das Confusões,II,8238.45,BRA,-9.11617,-43.75368
198369,Parque Nacional Da Restinga De Jurubatiba,II,149.19,BRA,-22.22007,-41.50250
198381,Pulau Payar Marine Park,II,55.34,MYS,6.05927,100.04496
198382,Pulau Kacha Marine Park,II,44.81,MYS,6.07047,100.05595
198383,Pulau Lembu Marine Park,II,45.37,MYS,6.07032,100.06107
198384,Pulau Segantang Marine Park,II,42.88,MYS,6.04101,99.92918
198394,Pulau Pemanggil Marine Park,II,96.09,MYS,2.58042,104.32779
198395,Pulau Aur Marine Park,II,101.19,MYS,2.44999,104.51945
198401,Pulau Susu Dara Marine Park,II,49.36,MYS,5.95911,102.66440
198402,Pulau Lima Marine Park,II,44.99,MYS,5.77375,103.06119
198406,Pulau Ekor Tebu Marine Park,II,41.62,MYS,5.73786,103.02993
198407,Pulau Pinang Marine Park,II,47.72,MYS,5.73986,103.00180
198413,Pulau Tokong Bahara Marine Park,II,57.41,MYS,2.66400,104.06198
198427,Kepulauan Wakatobi,II,13170.84,IDN,-5.68016,123.99412
198432,Bakiriang,IV,114.83,IDN,-1.34698,122.34616
198475,Turtle Islands Wildlife Sanctuary,IV,2415.58,PHL,6.23498,118.29925
220003,Hawaiian Islands Humpback Whale National Marine Sanctuary,IV,3537.22,USA,21.00624,-157.71109
220029,St. Eustatius (Statia),II,25.35,BES,17.49249,-62.98099
220039,Gladden Spit and Silk Cayes,IV,88.96,BLZ,16.50101,-88.00399
220082,South Uist Machair & Lochs,IV,50.10,GBR,57.27378,-7.37370
220100,Port Honduras,IV,388.47,BLZ,16.25171,-88.62457
220201,Papahanaumokuakea Marine National Monument,IV,1508839.70,USA,25.51621,0.00000
300045,Kingman Reef National Wildlife Refuge,IA,1968.31,UMI,6.40558,-162.36209
300046,Palmyra Atoll National Wildlife Refuge,IA,2152.26,UMI,5.88177,-162.07767
300062,Laguna del Diamante,II,1978.80,ARG,-34.17114,-69.57649
300069,Los Morrillos,IA,195.53,ARG,-31.73941,-69.72338
300079,Quebrada del Portugués,IA,76.91,ARG,-27.01790,-65.81787
300080,Rincón de Santa María,IA,71.38,ARG,-29.83592,-58.58510
300083,Río Turbio,II,748.86,ARG,-42.26044,-71.87994
300091,Valle del Arroyo Cuña-Pirú,II,123.72,ARG,-27.01396,-54.91447
300103,Sirmilik National Park Of Canada,II,21942.50,CAN,72.76574,-80.41378
300280,Northern Tuli,IV,748.65,BWA,-22.09290,29.12812
300342,Lossi,IV,282.95,COG,0.24146,14.49157
301415,Mramba,IV,31.95,TZA,-3.57603,37.58281
301431,Chambogo,IV,54.93,TZA,-4.09718,37.80275
301442,Shagayu,IV,79.95,TZA,-4.51283,38.28797
301469,Mtai,IV,31.68,TZA,-4.85269,38.76122
301512,Kilindi,IV,53.58,TZA,-5.59547,37.58619
301528,Kanga,IB,71.37,TZA,-5.96215,37.71356
301553,Mamiwa Kisara South,IV,70.51,TZA,-6.54553,36.93955
301557,Kitulanghalo,IV,44.93,TZA,-6.69275,37.97107
301577,Ukwiva,IV,356.03,TZA,-7.07410,36.72419
301585,Mangalisa,IV,58.58,TZA,-7.16939,36.42804
301588,Pala Mountains,IV,107.64,TZA,-7.26123,36.81697
301601,Kisinga Lugaro,IV,177.45,TZA,-7.81455,35.97890
301613,Nyaganje,IV,160.47,TZA,-7.99912,36.73976
301638,Mufindi Scarp,IB,174.69,TZA,-8.64934,35.35862
301641,Kigogo,IV,26.20,TZA,-8.66322,35.23450
301850,Parc national de Mayumba,II,904.72,GAB,-3.80993,10.94224
301880,Talang-Satang National Park,II,102.60,MYS,1.76784,110.15883
301894,Bukit Tiban National Park,II,73.01,MYS,3.45521,113.47876
301909,Corozal Bay,IV,735.76,BLZ,18.22739,-88.16591
301911,Gales Point,IV,36.82,BLZ,17.22711,-88.34138
301912,Honey Camp,II,31.46,BLZ,18.09951,-88.40972
301916,Tapir Mountain,II,25.52,BLZ,17.13188,-88.88670
301929,Sierra de Manantlán,IA,1396.53,MEX,19.53262,-104.14157
301932,Nojkaaxmeen Eligio Panti,II,51.58,BLZ,17.04536,-88.99132
301934,Mayflower Bocawina,II,28.84,BLZ,16.93017,-88.38699
301941,Golden Stream Corridor Preserve,IV,61.25,BLZ,16.33014,-88.76381
301948,Barranca de Metztitlán,IA,961.17,MEX,20.48574,-98.66963
301949,Bumdeling Wildlife Sanctuary,IV,1533.51,BTN,27.73845,91.43255
302070,Quetzaltenango - Saqbé,IV,55.59,GTM,14.78012,-91.55486
302075,Volcán Tajumulco,IB,115.45,GTM,15.02199,-91.90991
302076,Volcán Tacaná,IB,25.34,GTM,15.12827,-92.10191
302078,Volcán Lacandón,IB,32.77,GTM,14.80856,-91.73169
302112,Volcán de Suchitán,IV,25.44,GTM,14.39916,-89.77435
302118,Corralitos,IV,69.27,HND,14.35111,-87.33466
302119,Yuscarán (Monserrat),IV,39.39,HND,13.92820,-86.88836
302128,Río San Juan,IV,434.28,NIC,10.93697,-84.00572
302129,La Flor,IV,73.53,NIC,11.12150,-85.82713
302131,Cerro Datanlí – El Diablo,IV,58.76,NIC,13.12468,-85.87348
302132,Makantaka,IV,25.06,NIC,13.23369,-84.04091
302302,As Silil Natural Park,IV,147.16,OMN,22.33625,59.18470
302304,Jabal Samhan Reserve,IV,4807.06,OMN,17.47500,54.98333
302323,Tangier Grand Lake Wilderness Area,IB,160.43,CAN,44.87299,-62.80677
302326,Polletts Cove - Aspy Fault Wilderness Area,IB,272.26,CAN,46.92728,-60.62913
302327,Middle River Wilderness Area,IB,56.19,CAN,46.24361,-60.88411
302329,North River Wilderness Area,IB,39.87,CAN,46.30702,-60.70456
302331,Ogden Round Lake Wilderness Area,IB,54.72,CAN,45.40274,-61.64222
302356,Trout Brook Wilderness Area,IB,28.62,CAN,46.08223,-61.06728
302406,Bowers Meadows Wilderness Area,IB,40.14,CAN,43.64192,-65.40698
302408,Canso Coastal Barrens Wilderness Area,IB,80.15,CAN,45.27222,-61.10171
302409,Margaree River Wilderness Area,IB,68.32,CAN,46.52231,-60.85226
302410,Bonnet Lake Barrens Wilderness Area,IB,103.71,CAN,45.27957,-61.33795
302411,Boggy Lake Wilderness Area,IB,37.11,CAN,45.08486,-62.30739
302413,Lake Rossignol Wilderness Area,IB,40.73,CAN,44.23882,-65.05363
302415,Economy River Wilderness Area,IB,60.45,CAN,45.50376,-63.97646
302417,White Lake Wilderness Area,IB,45.37,CAN,44.85623,-63.16787
302419,Waverley - Salmon River Long Lake Wilderness Area,IB,86.28,CAN,44.80995,-63.45601
302422,Tidney River Wilderness Area,IB,26.14,CAN,44.03367,-65.00076
302432,The Big Bog Wilderness Area,IB,27.09,CAN,45.18448,-62.09440
302434,Liscomb River Wilderness Area,IB,33.60,CAN,45.10301,-62.25668
302435,Cloud Lake Wilderness Area,IB,108.26,CAN,44.79718,-64.88738
302437,Gabarus Wilderness Area,IB,37.48,CAN,45.79869,-60.14576
302438,French River Wilderness Area,IB,164.17,CAN,46.44293,-60.55696
302590,Lomas de Banao,II,60.91,CUB,21.87314,-79.61925
302591,Bahía de Malagueta,IV,214.73,CUB,21.31227,-76.66374
302594,Maisí - Caleta,III,96.15,CUB,20.14941,-74.21827
302595,Caletones,II,74.01,CUB,21.19484,-76.23104
302597,Cayo Francés,IV,61.20,CUB,22.64878,-79.17168
302600,Correa,IV,140.97,CUB,21.93998,-77.70137
302604,Esparto,IV,32.25,CUB,20.09209,-74.46436
302609,Jardines de la Reina,II,2163.39,CUB,20.91807,-78.88932
302611,La Mensura-Pilotos,II,84.06,CUB,20.47921,-75.79745
302614,Las Picúas-Cayo Cristo,IV,558.34,CUB,23.06256,-80.17470
302615,Los Pretiles,II,370.04,CUB,22.44675,-84.41397
302617,Maternillos -Tortuguilla,II,90.57,CUB,21.65898,-77.17574
302620,Pico San Juan,II,29.37,CUB,21.99447,-80.13212
302622,Punta Francés,II,45.97,CUB,21.59806,-83.16573
302623,Alto de las Canas,II,29.11,CUB,20.16345,-74.64504
302627,Península de Zapata,II,7208.67,CUB,22.22718,-81.36567
302629,Peninsula de Guanahacabibes,II,1600.02,CUB,21.89683,-84.62816
302631,Río Máximo,IV,225.17,CUB,21.71468,-77.44537
302632,Sabanas de Santa Clara,IV,72.18,CUB,22.33834,-79.85880
302634,Los Caimanes,II,287.60,CUB,22.67290,-78.79163
302848,Na Hang,IV,238.97,VNM,22.41595,105.44340
302850,Bahía de Tánamo y cayos,IV,51.55,CUB,20.67804,-75.30527
302854,Banco de Buena Esperanza - Managuano,III,819.45,CUB,20.26792,-77.66297
302859,Boca de Cananova,IV,91.25,CUB,20.67423,-75.10668
302862,Cabo Lucrecia - Punta de Mulas,IV,58.81,CUB,21.04340,-75.61105
302870,Cayería de las Cayamas - Los Guzmanes,IV,401.13,CUB,22.58993,-82.62290
302873,Cayo Campos - Cayo Rosario,IV,987.41,CUB,21.58050,-82.11653
302874,Cayo Cruz,IV,56.98,CUB,22.19995,-77.77425
302886,Cerro de Cabras,IV,26.07,CUB,22.44108,-83.82324
302892,Cayos de las Cinco Leguas,IV,36.02,CUB,23.13529,-80.88890
302902,Loma de Cunagua,IV,82.07,CUB,22.12575,-78.44916
302904,Delta del Agabama,IV,84.55,CUB,21.71420,-79.85541
302908,El Venero,IV,102.79,CUB,22.01718,-78.47950
302918,Gramales - Cabeza - La Peña,II,33.66,CUB,22.48795,-83.91663
302921,Guanaroca-Punta Gavilan,IV,30.32,CUB,22.03929,-80.39218
302936,Sistema Lagunar La leche -  La Redonda,IV,208.40,CUB,22.24495,-78.59643
302937,Laguna Larga,IV,112.74,CUB,21.64830,-77.26765
302939,Las Loras,IV,64.83,CUB,22.55178,-79.21521
302950,Macambo,IV,32.27,CUB,20.06668,-74.74640
302993,San Miguel del Junco,IV,140.57,CUB,20.72783,-77.73362
302994,San Ubaldo-Sabanalamar,IV,51.99,CUB,22.10665,-84.01047
302996,Sierra Bibanasí,IV,32.94,CUB,22.92542,-80.88913
303002,Sierra Canasta,IV,59.59,CUB,20.16459,-75.30630
303006,Sierra de San Carlos,II,28.45,CUB,22.35468,-83.98639
303008,Sierra del Pesquero - Mesa-Sumidero,III,53.06,CUB,22.42224,-83.96621
303013,Tunas de Zaza,IV,60.28,CUB,21.64647,-79.53547
303020,Tien Hai,IV,74.42,VNM,20.30733,106.59684
303024,Pu Huong,IV,420.04,VNM,19.36227,104.88100
303026,Tram Chim,II,74.69,VNM,10.72494,105.54717
303028,Lung Ngoc Hoang,IV,27.33,VNM,9.72481,105.69323
303036,Thanh Phu,IV,53.86,VNM,9.88611,106.64518
303039,Phong Dien,IV,405.47,VNM,16.44466,107.20496
303041,Nui Chua,II,241.17,VNM,11.70540,109.14938
303065,Ngoc Linh (Kon Tum),IV,507.29,VNM,15.16508,107.85378
303069,Bu Gia Map,II,246.72,VNM,12.17724,107.13748
303072,Cat Tien,II,698.63,VNM,11.57536,107.37113
303080,Ta Kou,IV,83.04,VNM,10.77729,107.93912
303081,U Minh Thuong,II,81.58,VNM,9.59296,105.09168
303096,Phuoc Binh,II,209.19,VNM,12.07891,108.74496
303117,Phu Canh,IV,58.88,VNM,20.93214,105.02347
303119,Tay Yen Tu,IV,152.79,VNM,21.24848,106.81951
303154,DENETIAH CORRIDOR PROTECTED AREA,II,74.45,CAN,58.66570,-127.09607
303158,THINAHTEA NORTH PROTECTED AREA,II,36.75,CAN,59.78256,-120.19298
303159,UPPER RAUSH PROTECTED AREA,II,55.80,CAN,52.95935,-119.98966
303160,WEST TWIN PROTECTED AREA,II,91.32,CAN,53.48444,-120.54445
303164,KLIN-SE-ZA PARK,II,26.71,CAN,55.80158,-122.55648
303165,LIARD RIVER CORRIDOR PROTECTED AREA,II,47.94,CAN,59.38080,-125.47822
303167,MAXHAMISH LAKE PROTECTED AREA,II,269.11,CAN,59.83994,-123.30168
303170,PITMAN RIVER PROTECTED AREA,II,163.68,CAN,58.03395,-127.87087
303173,BEARHOLE LAKE PARK,II,127.07,CAN,55.05477,-120.58349
303175,CHUKACHIDA PROTECTED AREA,II,196.29,CAN,57.69740,-127.12640
303177,CRAIG HEADWATERS PROTECTED AREA,IB,75.71,CAN,56.55755,-131.22755
303210,MONASHEE PARK,IB,226.65,CAN,50.53559,-118.29446
303212,LANZ AND COX ISLANDS PARK,II,36.15,CAN,50.80896,-128.64348
303213,LOWER TSITIKA RIVER PARK,IB,36.09,CAN,50.45782,-126.58931
303224,SPIPIYUS PARK,II,29.82,CAN,49.66372,-123.91919
303232,SEVEN SISTERS PARK,II,271.40,CAN,54.93936,-128.13518
303235,SUGARBOWL-GRIZZLY DEN PARK,II,203.19,CAN,53.83814,-121.59960
303237,WAPITI LAKE PARK,II,168.37,CAN,54.50476,-120.75818
303238,WEST TWIN PARK,II,223.20,CAN,53.36747,-120.52403
303239,FRASER RIVER PARK,II,49.03,CAN,53.48280,-122.74317
303241,INLAND LAKE PARK,II,27.58,CAN,49.95760,-124.48560
303243,PINE LE MORAY PARK,II,432.89,CAN,55.37359,-122.53324
303245,PTARMIGAN CREEK PARK,II,33.06,CAN,53.48418,-120.88085
303247,ARCTIC PACIFIC LAKES PARK,II,138.95,CAN,54.36799,-121.57151
303252,BUTLER RIDGE PARK,II,68.45,CAN,56.19883,-122.30092
303258,SUSTUT PARK,IB,756.87,CAN,56.31702,-126.64093
303260,TUYA MOUNTAINS PARK,II,180.12,CAN,59.17578,-130.51879
303261,UNCHA MOUNTAIN RED HILLS PARK,II,94.21,CAN,53.98492,-125.48470
303262,GREAT GLACIER PARK,II,93.14,CAN,56.83844,-131.86969
303264,LAVA FORKS PARK,III,74.66,CAN,56.44321,-130.88345
303265,LIARD RIVER WEST CORRIDOR PARK,II,29.92,CAN,59.41788,-125.76196
303266,MOUNT BLANCHET PARK,II,243.98,CAN,55.27645,-125.85931
303316,Alto Purus,II,25077.51,PER,-10.83658,-71.54836
303319,Bosque de Pómac,III,58.89,PER,-6.48993,-79.77875
303320,Cordillera Azul,II,13538.84,PER,-7.69456,-75.99076
303323,Otishi,II,3060.46,PER,-11.84509,-73.69743
303325,La Playa de la Barqueta Agrícola,IV,67.05,PAN,8.29092,-82.50530
303378,Image,IV,90.10,TZA,-7.46766,36.16754
303531,Dabaga New,IV,37.42,TZA,-8.06203,35.93106
303541,Alto Fragua - Indi Wasi,II,759.79,COL,1.38952,-76.09258
303546,El Corchal El Mono Hernández,IB,38.97,COL,10.02771,-75.53886
303547,Río Puré,II,9697.52,COL,-1.97116,-70.11029
303549,Utria,II,643.28,COL,6.01118,-77.25257
303552,Malpelo,IB,47293.69,COL,4.13866,-80.98458
303560,Ruvu,IV,38.43,TZA,-6.99700,37.86937
303628,Nata,IV,959.67,BWA,-20.44175,26.08944
303695,Masoala,II,2219.37,MDG,-15.61328,50.16489
303698,Baie de Baly,II,628.01,MDG,-16.08736,45.25353
303700,Kirindy Mite,II,1562.75,MDG,-20.93671,43.98271
303702,Bemaraha,II,1577.10,MDG,-18.69900,44.76980
303872,Parc national des Monts Birougou,II,686.54,GAB,-1.80426,12.25914
303873,Parc national de l'Ivindo,II,2988.78,GAB,0.12367,12.66678
303874,Parc national de Loango,II,1506.18,GAB,-2.17049,9.53038
303875,Parc national de la Lopé,II,4947.72,GAB,-0.57105,11.56152
303877,Parc national de  Moukalaba - Doudou,II,4472.39,GAB,-2.54861,10.44424
303878,Parc national de Mwagna,II,1150.27,GAB,0.42922,13.80767
303879,Parc national de Pongara,II,961.30,GAB,0.14529,9.61960
303880,Parc national de Waka,II,1064.31,GAB,-1.30298,11.10544
303888,Central Suriname,II,11591.49,SUR,4.06354,-56.46561
303895,Cotapata,IV,612.96,BOL,-16.20896,-67.92001
303944,Ambalara,III,124.42,GHA,10.00543,-2.02300
303946,Tanja,IV,100.41,GHA,9.93784,-0.05947
303947,Sephe,IV,372.99,GHA,9.71270,-2.08300
303949,Sinsableswani,III,70.86,GHA,9.42809,-0.64157
303950,Dunwli,IV,86.16,GHA,9.28687,-0.36982
303956,Neung North,IV,31.61,GHA,5.21715,-2.06618
303959,Laboni,IV,257.71,GHA,9.13456,-1.51596
303961,Subri River,IV,591.74,GHA,5.31315,-1.73935
303962,Tano Ofin Extension,IV,60.13,GHA,6.68583,-2.04616
304036,Whanganui National Park,II,743.92,NZL,-39.33047,175.00343
304044,Tairua Forest,III,48.09,NZL,-37.18475,175.78219
304680,Tangarakau,III,28.25,NZL,-38.99399,174.86260
304748,Toatoa,III,28.65,NZL,-38.14573,177.52691
304884,Ahipara,III,33.65,NZL,-35.21103,173.11379
304984,Erua,III,112.67,NZL,-39.23731,175.32811
304993,Gammons Block,III,35.87,NZL,-37.94689,176.05467
304997,Nirjutiqarvik National Wildlife Area,IB,340.92,CAN,75.95913,-79.27888
305002,Gwavas,III,27.02,NZL,-39.71076,176.33070
305029,Horohoro Forest,III,55.31,NZL,-38.17860,176.08080
305041,Hutiwai,III,106.95,NZL,-38.81942,174.70323
305074,Kapara,III,120.78,NZL,-39.49000,174.66391
305092,Macquarie Island,IA,124.00,AUS,-54.63179,158.86262
305106,Kokomoka Forest,III,42.70,NZL,-38.88494,176.50808
305126,Lake Wairarapa Wetland,III,86.30,NZL,-41.27933,175.21084
305140,Makino,III,71.43,NZL,-39.01328,174.68971
305147,Mamaku Forest,III,33.25,NZL,-38.07261,175.97286
305157,Gulf Islands National Park Reserve Of Canada,II,31.01,CAN,48.71713,-123.23647
305218,Matawai,III,26.62,NZL,-38.44876,177.48236
305237,Mohakatino,III,131.61,NZL,-38.74822,174.80333
305241,Moki,III,35.19,NZL,-38.94517,174.73050
305253,Mt Messenger,III,27.20,NZL,-38.92485,174.62020
305257,Murumuru,III,59.04,NZL,-39.31235,175.10315
305326,Cape Howe,II,40.64,AUS,-37.54162,149.97324
305341,Panirau,III,34.24,NZL,-38.70781,174.90691
305351,Twelve Apostles,II,75.02,AUS,-38.70424,143.10628
305384,Pouiatoa,III,38.65,NZL,-39.08208,174.51390
305386,Pouto,III,47.03,NZL,-36.29546,174.05188
305424,Rangataua,III,79.99,NZL,-39.39341,175.52890
305425,Wilsons Promontory,II,155.88,AUS,-39.11357,146.35473
305438,Point Hicks,II,38.03,AUS,-37.81395,149.25547
305439,Point Addis,II,44.19,AUS,-38.41870,144.24651
305444,Ninety Mile Beach,II,26.52,AUS,-38.41875,147.18188
305458,French Island,II,29.80,AUS,-38.29380,145.38110
305460,Discovery Bay,II,27.90,AUS,-38.35617,141.35102
305464,Rotoehu Forest,III,27.96,NZL,-37.97966,176.55846
305523,Taheke,III,61.21,NZL,-39.21391,175.11514
305532,Tangarakau,III,64.51,NZL,-39.11514,174.93045
305547,Tarere,III,69.26,NZL,-39.54629,174.51991
305614,Tongariro,III,224.92,NZL,-39.06834,175.51088
305651,Urutawa,III,219.10,NZL,-38.22314,177.42352
305675,Waikareiti,III,39.98,NZL,-38.66447,177.25366
305722,Waipunga Forest,III,113.17,NZL,-38.91446,176.59461
305729,Waitaanga,III,165.81,NZL,-38.89335,174.86827
305737,Waitewhena,III,41.18,NZL,-38.67872,175.00961
305742,Waitotara,III,271.26,NZL,-39.41309,174.77293
305763,Whangamomona,III,137.23,NZL,-39.22285,174.78671
305767,Whangapoua Forest,III,42.23,NZL,-36.79521,175.58979
305777,Whareorino,III,166.45,NZL,-38.43468,174.77062
305891,Tawarau,III,42.00,NZL,-38.30667,174.91016
305973,Jurien Bay,IA,31.17,AUS,-30.48053,115.06895
305993,Port Phillip Heads,II,34.92,AUS,-38.25910,144.69228
306026,Cape Byron,II,56.21,AUS,-28.59191,153.62691
306163,Auckland Islands - Motu Maha,IA,5031.87,NZL,-50.70707,166.11510
306175,Te Tapuwae o Hua (Long Sound),IA,36.74,NZL,-46.00644,166.82009
306235,Parc national des Plateaux Batéké,II,2025.99,GAB,-2.21968,14.02997
306237,Parc national des Monts de Cristal,II,1192.26,GAB,0.69026,10.33668
306265,Sureste de El Inglés,IV,124.41,CUB,22.63197,-81.68752
306351,"Pte à l'Ours, Pointe aux Ivrognes Water Fowl Gathering Area",IV,27.07,CAN,49.78915,-64.33100
306360,"Baie du Petit Makasti, Cap Caron Water Fowl Gathering Area",IV,38.46,CAN,49.93839,-64.16719
306383,Upper Agno River Basin Resource Reserve,IB,779.60,PHL,16.58323,120.76405
306398,Salinas Natural Monument,III,59.64,PHL,16.37342,121.01142
306453,Mt. Kanlaon Natural Park,II,235.78,PHL,10.44946,123.15427
306454,Sibalom Natural Park,II,67.82,PHL,10.75861,122.14173
306474,Balinsasayao Twin Lakes Natural Park,II,80.22,PHL,9.35181,123.14522
306479,Rivière à la Loutre-Baie des Sarcelles Water Fowl Gathering Area,IV,46.10,CAN,49.67255,-63.98313
306506,Pasonanca Natural Park,II,121.08,PHL,7.05941,122.07029
306522,Mt. Kalatungan Range Natural Park,II,222.21,PHL,7.95266,124.79183
306560,Ogasawarashoto,IB,57.74,JPN,25.97313,141.56086
306561,Daisen,IB,32.01,JPN,35.38655,133.56576
306562,Kurikomayama・Tochigamoriyama Shuhen,IB,162.92,JPN,39.03242,140.79367
306563,Hidaka Sammyaku,IB,1679.33,JPN,42.59109,142.85000
306564,Izaridake Shuhen,IB,32.72,JPN,42.81551,141.23202
306565,Taisetsuzan,IB,961.66,JPN,43.50603,142.87251
306566,Karibasanchi・Obirayama Shuhen,IB,366.29,JPN,42.60062,140.03650
306567,Osorezansanchi,IB,55.32,JPN,41.30717,141.07272
306568,Azumayama Shuhen,IB,121.31,JPN,37.74009,140.18203
306569,Chuoarupusu Kisokomagatake,IB,41.67,JPN,35.74749,137.78286
306570,Kitaarupusu（Kanakidogawa・Takasegawa Genryubu）,IB,81.00,JPN,36.35728,137.60538
306589,Wadi El-Gemal - Hamata,II,7627.92,EGY,24.54361,35.13077
306592,White Desert,III,3127.01,EGY,27.48794,28.29027
306650,Lake Eildon,II,278.22,AUS,-37.24381,145.96713
306697,Three Hummock Island,II,72.10,AUS,-40.43605,144.90260
306775,Arrecife Alacranes,IA,3336.63,MEX,22.47458,-89.70444
306776,Arrecifes de Xcalak,IV,179.63,MEX,18.33584,-87.79174
306777,Bahía de Loreto,IV,2073.61,MEX,25.85975,-111.05458
306779,Cabo Pulmo,IV,72.02,MEX,23.43796,-109.42651
306780,Calakmul,IA,7224.07,MEX,18.50329,-89.64020
306790,El Pinacate y Gran Desierto de Altar,IA,7135.32,MEX,31.91686,-113.69966
306793,El Vizcaíno,IA,25430.43,MEX,27.19193,-113.74927
306808,Isla San Pedro Mártir,IA,301.77,MEX,28.38357,-112.30904
306809,Islas Marías,IA,6415.01,MEX,21.51699,-106.47542
306816,Los Petenes,IA,2826.18,MEX,20.19857,-90.57836
306818,Mapimí,IA,3425.22,MEX,26.60130,-103.73438
306819,Mariposa Monarca,IA,562.78,MEX,19.65285,-100.24306
306844,Selva El Ocote,IA,1013.60,MEX,16.95498,-93.63454
306850,Sistema Arrecifal Veracruzano,IA,654.15,MEX,19.15333,-95.98611
306883,Lac McDonald White-Tailed Deer Yard,IV,30.50,CAN,48.29727,-71.39574
306933,Lac St-Louis (Centre du Lac) Water Fowl Gathering Area,IV,31.84,CAN,45.40434,-73.79247
306956,Lac de la Sucrerie White-Tailed Deer Yard,IV,27.67,CAN,46.12241,-74.87552
306968,lac des Trente et Un Milles White-Tailed Deer Yard,IV,243.58,CAN,46.30089,-75.79365
307008,Mattawa White-Tailed Deer Yard,IV,85.48,CAN,46.36465,-78.59502
307099,Kachemak Bay National Estuarine Research Reserve,IV,1502.05,USA,59.58086,-151.39025
307420,Lake Okataina,III,39.98,NZL,-38.11121,176.40920
307597,Izembek,IV,346.74,USA,55.28724,-162.81890
307606,Rakiura National Park,II,1399.35,NZL,-46.98675,167.80497
307612,Burwood Bush (Red Tussock),IA,31.04,NZL,-45.53050,168.06403
307680,Bell Hill - Granite Hill,III,69.17,NZL,-42.59518,171.65307
307687,Granville,III,73.51,NZL,-42.35528,171.67424
307693,Mokihinui Forks,III,240.91,NZL,-41.58897,172.26703
307696,Ngakawau,III,138.57,NZL,-41.64578,171.98329
307698,Orikaka,III,211.61,NZL,-41.76929,171.91247
307703,Station Creek,III,91.18,NZL,-42.15972,172.29034
307736,Black Birch,III,29.71,NZL,-41.72091,173.82648
307811,Glenhope,III,37.20,NZL,-41.72526,172.62029
307854,Isolated Hill,III,28.50,NZL,-41.91192,173.97797
307912,La Louise White-Tailed Deer Yard,IV,72.39,CAN,45.43932,-70.71847
307973,Mount Manakau,III,34.46,NZL,-42.24059,173.67566
307975,Mt Crichton,III,25.86,NZL,-45.04450,168.51099
307979,Mt Te Kinga,III,39.27,NZL,-42.66887,171.49226
308076,Robertson Range,III,45.43,NZL,-41.32934,174.04324
308114,Silverpeaks,III,36.49,NZL,-45.74094,170.46181
308179,Upper Buller Gorge,III,66.07,NZL,-41.81299,172.11026
308185,Waianakarua,III,41.47,NZL,-45.29541,170.68649
308229,Granville,IV,42.34,NZL,-42.41191,171.78117
308230,Hochstetter,IV,65.58,NZL,-42.49355,171.65410
308231,Hukawai,IV,78.90,NZL,-42.30624,171.82879
308232,Larrys,IV,26.93,NZL,-42.02547,171.92451
308233,Merrijigs,IV,35.06,NZL,-42.16554,171.84376
308236,Te Wharau,IV,82.58,NZL,-42.07196,171.78788
308241,Braemar,III,161.19,NZL,-43.80871,170.27106
308246,Godley Peaks,III,91.25,NZL,-43.72663,170.43964
308253,Hunter Hills,III,79.83,NZL,-44.42249,170.73804
308255,Mt Cook Station,III,86.92,NZL,-43.78775,170.21983
308261,Mangaone,III,38.43,NZL,-38.88069,176.97080
308437,"Havre du Brick, Pointe au Naufrage Water Fowl Gathering Area",IV,27.78,CAN,49.84556,-63.51598
308442,"Pointe aux Ivrognes, Baie du Petit Makasti Water Fowl Gathering Area",IV,48.04,CAN,49.85845,-64.44808
308493,Grande-Rivière Ecological Reserve,IA,183.57,CAN,48.59337,-64.79522
308496,Proposed rivière Harricana Nord Aquatic Reserve,II,254.10,CAN,50.59747,-79.23585
308497,Proposed rivière Ashuapmushuan Aquatic Reserve,II,279.51,CAN,49.12302,-73.24443
308498,Proposed baie de Boatswain Biodiversity Reserve,II,110.30,CAN,51.82426,-78.91512
308499,Proposed péninsule de Ministikawatin Biodiversity Reserve,II,907.65,CAN,51.46594,-79.25018
308500,Proposed plaine de la Missisicabi Biodiversity Reserve,II,760.89,CAN,50.62057,-78.68311
308501,Proposed collines de Muskuchii Biodiversity Reserve,II,801.27,CAN,50.25726,-78.67150
308502,Lacs-Vaudray-et-Joannès Biodiversity Reserve,II,193.09,CAN,48.12068,-78.69344
308503,Caribous-de-Val-d'Or Biodiversity Reserve,II,434.20,CAN,47.88948,-77.62453
308504,Proposed lac Pasteur Biodiversity Reserve,II,635.23,CAN,50.29443,-67.04169
308509,Pingualuit National Park (Québec),II,1133.61,CAN,61.28664,-73.73598
308512,Proposed monts Groulx Biodiversity Reserve,II,209.84,CAN,51.64139,-67.74623
308513,Proposed lac Gensart Biodiversity Reserve,II,480.63,CAN,52.74819,-67.79591
308515,Proposed massif des lacs Belmont et Magpie Biodiversity Reserve,II,1593.31,CAN,51.25235,-64.75437
308517,Proposed vallée de la rivière Natashquan Biodiversity Reserve,II,4146.96,CAN,51.32720,-61.67895
308519,Proposed basses collines du lac Guernesé Biodiversity Reserve,II,2051.60,CAN,51.82057,-57.89779
308520,Proposed collines de Brador Biodiversity Reserve,II,32.84,CAN,51.57736,-57.17092
308521,Proposed Paul-Provencher Ecological Reserve,IA,53.07,CAN,50.14601,-68.18623
308624,Boumba Bek,II,2363.81,CMR,2.68100,14.99590
308634,Ndongere,II,2346.64,CMR,4.59175,8.75878
308636,Mengame,IV,266.67,CMR,2.33577,11.86365
308637,Vallée du Mbéré,II,741.60,CMR,7.09308,14.89853
308676,Jervis Bay,II,42.33,AUS,-35.09180,150.72394
308684,Moreton Bay,II,803.78,AUS,-27.36325,153.29299
309244,Woomargama,II,242.19,AUS,-35.88780,147.48556
309260,Apslawn,IV,28.66,AUS,-41.92165,148.15844
309263,Avenue River,IV,43.08,AUS,-41.47457,148.08939
309285,Blue Tier,IV,53.09,AUS,-41.17885,147.98938
309309,Butlers Ridge,IA,28.90,AUS,-42.30676,147.85313
309311,Buxton River,IV,36.20,AUS,-42.23215,147.93816
309323,Junee,II,54.11,AUS,-22.75637,148.98874
309349,Cradle Mountain-Lake St Clair,II,1616.76,AUS,-41.86703,145.96095
309355,Cygnet River,IV,43.10,AUS,-41.95180,147.98066
309383,Deep Gully,IV,33.99,AUS,-41.38626,145.53207
309392,Dial Range,IV,25.23,AUS,-41.22053,146.04427
309397,Dip River,IV,27.41,AUS,-41.02675,145.38189
309399,Doctors Peak,IV,30.40,AUS,-41.20326,148.19852
309403,Douglas-Apsley,II,158.32,AUS,-41.77212,148.19217
309404,Dove River,IV,52.36,AUS,-41.58860,146.06118
309411,Eastern Tiers,IV,49.12,AUS,-42.12872,147.91862
309430,Franklin-Gordon Wild Rivers,II,4635.66,AUS,-42.46078,145.96615
309432,Freycinet,II,168.64,AUS,-42.12920,148.29039
309453,Hartz Mountains,II,121.51,AUS,-43.20865,146.77080
309470,John Lynch,IV,72.34,AUS,-41.66421,145.51278
309479,Kent Group,II,138.94,AUS,-39.46931,147.25851
309498,Lefroy,IV,35.87,AUS,-41.07064,147.04233
309544,Mole Creek Karst,II,46.52,AUS,-41.57863,146.31888
309565,Mount Maurice,IV,67.49,AUS,-41.28828,147.57868
309570,Mount Pearson,III,45.92,AUS,-41.23869,148.24541
309574,Mount Royal,II,69.75,AUS,-32.20433,151.30365
309579,Mount William,II,185.91,AUS,-40.95258,148.21941
309622,Pruana,IV,30.25,AUS,-41.14988,145.53022
309634,Reedy Marsh,IV,38.72,AUS,-41.40533,146.71636
309650,Savage River,II,179.88,AUS,-41.31436,145.39429
309678,Sumac,III,98.62,AUS,-41.19426,144.98130
309680,Swan River,IV,31.57,AUS,-41.86931,148.01972
309689,Tasman,II,109.10,AUS,-43.05046,147.87568
309697,Three Thumbs,III,31.31,AUS,-42.61685,147.86048
309706,Trowutta,IV,28.59,AUS,-41.09381,145.02209
309715,Walls of Jerusalem,II,518.07,AUS,-41.89250,146.24727
309720,Wellington Park,II,180.25,AUS,-42.89813,147.10897
309736,Wye River,II,26.47,AUS,-42.01373,147.92713
309833,Wabma Kadarbu Mound Springs,III,120.49,AUS,-29.41231,136.85122
309856,Astrebla Downs,II,1705.04,AUS,-24.24308,140.62063
309891,Broad Sound Islands,II,27.48,AUS,-21.97148,150.12832
309893,Bunya Mountains,II,193.73,AUS,-26.86285,151.59544
309902,Cudmore (Limited Depth),II,212.18,AUS,-22.94086,146.29211
309911,Glass House Mountains,II,30.18,AUS,-26.89963,152.93680
309913,Good Night Scrub,II,66.72,AUS,-25.28423,151.90278
309914,Great Sandy,II,2244.67,AUS,-25.54582,153.11459
309936,Mowbray,II,87.99,AUS,-16.57124,145.45216
309943,Paluma Range,II,800.09,AUS,-19.10000,146.28170
309944,Percy Isles,II,35.07,AUS,-21.61937,150.29460
309969,Arakoola,IA,31.55,AUS,-29.29856,150.79720
309972,Baalijin,IA,26.87,AUS,-30.46973,152.65119
309978,Barakee,II,49.92,AUS,-31.64043,151.88727
309979,Barool,IB,111.56,AUS,-29.66672,152.19354
309982,Basket Swamp,II,28.00,AUS,-28.93480,152.15676
309984,Bellinger River,II,28.37,AUS,-30.41049,152.70497
309989,Bimberamala,II,43.20,AUS,-35.49300,150.12905
309990,Bindarri,II,55.76,AUS,-30.30601,152.93288
309992,Biriwal Bulga,II,64.90,AUS,-31.51305,152.26654
309995,Bogandyera,IA,94.13,AUS,-35.89584,147.96581
309998,Booderee,II,55.30,AUS,-35.15653,150.68234
309999,Boonanghi,II,45.50,AUS,-31.02460,152.55118
310002,Bretti,IA,29.00,AUS,-31.73708,151.89098
310005,Brindabella,II,212.88,AUS,-35.27211,148.79335
310021,Butterleaf,II,30.05,AUS,-29.52199,152.01487
310027,Capoompeta,II,42.79,AUS,-29.37025,152.02213
310028,Captains Creek,IA,40.28,AUS,-28.53895,152.32466
310038,Coolah Tops,II,162.46,AUS,-31.76575,150.12411
310043,Cottan-Bimbang,II,305.77,AUS,-31.38811,152.09322
310049,Culgoa,II,412.36,AUS,-29.09261,147.01090
310052,Cunnawarra,II,162.21,AUS,-30.63850,152.21517
310055,Dangelong,IA,49.23,AUS,-36.35647,149.32603
310061,Dunggir,II,25.83,AUS,-30.67544,152.67459
310067,Fortis Creek,IB,79.09,AUS,-29.45729,152.90136
310070,Ghin-Doo-Ee,II,47.96,AUS,-32.26783,152.11008
310076,Gourock,II,78.49,AUS,-35.91446,149.51514
310077,Gulaga,II,49.59,AUS,-36.33411,150.02182
310078,Gundabooka,II,640.26,AUS,-30.51924,145.72790
310091,Jerrawangala,II,40.18,AUS,-35.07037,150.44321
310098,Kanangra-Boyd,IB,718.04,AUS,-33.92017,150.10254
310102,Killabakh,II,28.35,AUS,-31.65178,152.40155
310103,Kooraban,II,114.60,AUS,-36.29041,149.89898
310106,Koreelah,II,52.43,AUS,-28.33690,152.42946
310108,Kosciuszko,II,6889.45,AUS,-36.18095,148.44115
310110,Ku-ring-gai Chase,II,155.33,AUS,-33.62815,151.22685
310111,Kumbatine,II,153.89,AUS,-31.15498,152.65744
310112,Kwiambal,II,76.81,AUS,-29.15578,150.98348
310113,Werakata,II,33.35,AUS,-32.81941,151.40992
310114,Willi Willi,IB,326.07,AUS,-31.10077,152.41004
310123,Mebbin,II,37.79,AUS,-28.45139,153.16369
310125,Yabbra,II,89.80,AUS,-28.63336,152.50849
310127,Meroo,II,38.39,AUS,-35.43478,150.39695
310143,Mount Pikapene,II,26.10,AUS,-29.03142,152.69711
310148,Mummel Gulf,II,140.57,AUS,-31.32797,151.85604
310150,Mutawintji,IV,67.21,AUS,-30.93739,142.67081
310152,Namadgi,II,772.28,AUS,-35.60168,148.93612
310156,Ngambaa,II,105.54,AUS,-30.84103,152.74580
310162,Nymboi-Binderay,II,172.09,AUS,-30.12475,152.72145
310172,Ramornie,II,32.72,AUS,-29.71373,152.67344
310174,Richmond Range,II,157.15,AUS,-28.70613,152.73076
310182,Single,II,25.63,AUS,-29.99812,151.39744
310183,South East Forest,II,1113.45,AUS,-36.91427,149.56694
310186,Talawahl,II,31.25,AUS,-32.00581,152.40755
310187,Tallaganda,II,166.84,AUS,-35.59213,149.51548
310188,Tapin Tops,II,111.57,AUS,-31.67165,152.18142
310191,Tarawi,IA,335.66,AUS,-33.39601,141.17288
310192,The Castles,IA,27.16,AUS,-30.97471,152.31928
310194,Tinderry,IA,150.26,AUS,-35.66424,149.29701
310199,Ulandra,IA,39.64,AUS,-34.81177,147.91674
310206,Wallingat,II,64.84,AUS,-32.29738,152.42953
310210,Warra,II,38.90,AUS,-30.01273,151.93746
310211,Watagans,II,77.92,AUS,-33.00936,151.37160
310244,Unnamed WA28940,IA,43.48,AUS,-31.58807,118.77122
310254,Unnamed WA41938,IA,31.97,AUS,-31.61365,116.15261
310344,Unnamed WA28047,IA,25.33,AUS,-32.45027,119.43102
310373,Unnamed WA42943,IA,116.27,AUS,-32.63910,121.59724
310386,Albert Burn,III,118.55,NZL,-44.33291,169.01415
310409,Arawhata,III,1165.56,NZL,-44.15612,168.45089
310411,Arawhata Riverbed,III,29.86,NZL,-44.17414,168.62334
310436,Bain Block (Old Man Range),III,39.19,NZL,-45.45548,169.19183
310459,Berlins Bluff,III,25.14,NZL,-41.91071,171.82483
310463,Big Bush,III,155.12,NZL,-41.68794,172.76708
310471,Black Peak,III,41.87,NZL,-44.55259,168.78591
310474,Blackwater Creek - Souters Creek,III,42.10,NZL,-42.46934,171.52488
310480,Blue Mountains Forest,III,124.31,NZL,-45.93624,169.38875
310563,Caples,III,122.48,NZL,-44.83797,168.24900
310583,Charleston,III,36.03,NZL,-41.97540,171.48256
310603,Aerodrome Road,IA,36.52,AUS,-33.49507,119.70794
310642,Mead Block,III,26.82,NZL,-41.93777,173.75136
310686,Cook River to Haast River,III,1885.12,NZL,-43.73108,169.48762
310720,Dean Forest,III,237.76,NZL,-45.90320,167.51581
310762,Ngai Tahu Lease Back Area,III,250.99,NZL,-44.94588,168.24545
310773,Ferny Gair,III,117.99,NZL,-41.75103,173.71050
310809,Glazebrook,III,197.56,NZL,-41.83697,173.39100
310811,Unnamed WA27888,IA,45.53,AUS,-33.80464,121.32866
310833,Granville Forest,III,191.65,NZL,-42.44782,171.88143
310840,Greenstone,III,58.99,NZL,-44.95492,168.22414
310849,Unnamed WA26885,IA,56.07,AUS,-33.81148,121.42803
310870,Hawea,III,39.54,NZL,-44.56417,169.39082
310883,Hohonu Forest,III,105.84,NZL,-42.69541,171.35683
310885,Hokonui Forest,III,53.57,NZL,-46.10668,168.61828
310898,The Hossack,III,74.05,NZL,-42.46278,173.03289
310901,Howard,III,90.76,NZL,-41.81776,172.72285
310938,Kakaunui,III,63.55,NZL,-45.10531,170.41245
310959,Kawhaka Forest,III,51.23,NZL,-42.77027,171.27056
310973,Kirkliston Range,III,104.94,NZL,-44.51401,170.49254
310997,Lake Brunner,III,40.79,NZL,-42.61653,171.44766
311018,Lauder Basin,III,92.58,NZL,-44.83731,169.66206
311022,Leatham,III,486.34,NZL,-41.86272,173.14061
311043,Lochinvar Forest,III,131.18,NZL,-42.93218,172.05613
311047,Longwood Forest,III,228.84,NZL,-46.21895,167.87222
311055,Lower Dart,III,49.78,NZL,-44.66208,168.37355
311062,Lyell Range - Radiant Range,III,563.74,NZL,-41.58978,172.20916
311077,Manorburn,III,28.79,NZL,-45.50151,169.57897
311090,Maruia River West Bank,III,44.19,NZL,-42.01193,172.17362
311094,Matakitaki South,III,209.82,NZL,-42.02104,172.36623
311109,Mavora Lakes,III,360.18,NZL,-45.13886,168.10243
311154,Mount Rochfort,III,75.43,NZL,-41.78516,171.75825
311156,Mt Alta,III,169.66,NZL,-44.49343,168.93099
311164,Mount Ida (ex Mt Ida Syndicate),III,84.47,NZL,-44.84405,170.17005
311173,Mt. Thomas Forest,III,106.48,NZL,-43.16440,172.26839
311178,Bago Bluff,II,39.78,AUS,-31.53819,152.63591
311187,Banyabba,IA,148.23,AUS,-29.37073,152.87808
311189,Newton River,III,64.57,NZL,-41.73659,172.18563
311216,Okuru-Waiatoto,III,172.83,NZL,-43.94800,168.96358
311217,Old Woman Range,III,34.84,NZL,-45.24545,169.09552
311264,Taramakau River / Otira River,III,37.81,NZL,-42.73967,171.51894
311265,Otira-Kopara Forest,III,789.19,NZL,-42.60630,171.85127
311272,Oxford Forest,III,133.29,NZL,-43.19469,172.04614
311277,Dragon Tree Soak,IA,177.33,AUS,-19.69027,123.34298
311298,Pisa,III,178.97,NZL,-44.89249,169.09467
311310,Serpentine,II,36.23,AUS,-32.37504,116.06291
311322,Remarkables,III,330.25,NZL,-45.19330,168.87165
311338,Puketeraki Forest,III,91.24,NZL,-43.00978,172.18195
311340,Burrowa - Pine Mountain,II,189.65,AUS,-36.10161,147.76075
311346,Pyke Forest,III,215.69,NZL,-44.38674,168.11489
311358,Rainbow,III,259.23,NZL,-41.93005,172.87244
311361,Rakaia Forest,III,111.41,NZL,-43.20956,171.12960
311372,Rangitata/Rakaia Head Waters,III,539.70,NZL,-43.19104,170.99406
311389,Rock and Pillar,III,99.24,NZL,-45.40936,170.05703
311401,Rowallan Forest,III,96.97,NZL,-46.04084,167.43484
311425,Seaward Moss,III,56.10,NZL,-46.52466,168.45280
311444,Shotover,III,135.71,NZL,-44.62727,168.64627
311453,Snowdon Forest,III,507.30,NZL,-45.31241,168.02504
311496,Takitimu Conservation Area,III,455.72,NZL,-45.70898,167.91260
311523,The Stack,III,40.80,NZL,-44.73608,169.03556
311538,Totara - Mikonui Forests,III,277.89,NZL,-42.99983,170.86793
311539,Dalyenong N.C.R.,IA,26.61,AUS,-36.79531,143.44663
311558,Tutaki,III,445.78,NZL,-41.86011,172.47139
311582,Waiatoto Valley,III,31.65,NZL,-44.08589,168.85663
311601,Waikaia Forest,III,101.67,NZL,-45.60251,168.96979
311626,Waimangaroa - Granity,III,37.66,NZL,-41.68770,171.82841
311648,Waitaha Forest,III,308.12,NZL,-43.13915,170.74102
311659,Enfield,II,43.23,AUS,-37.76280,143.76267
311665,Waitangi Forest,III,573.11,NZL,-43.33158,170.47810
311773,Rangitaiki,III,61.34,NZL,-38.97228,176.45209
311782,Waioeka,III,395.93,NZL,-38.29398,177.28554
311828,Terrick Terrick,II,63.88,AUS,-36.12403,144.36773
311842,Wingaroo,IA,107.54,AUS,-39.84211,147.94739
311854,Mount Victoria,IV,82.76,AUS,-41.30617,147.86876
311856,North Scottsdale,IV,40.88,AUS,-41.07587,147.56529
311876,Cape Gantheaume,IB,200.84,AUS,-36.00950,137.47495
311888,Lamington,II,213.77,AUS,-28.24423,153.11736
311892,Sundown,II,126.33,AUS,-28.85294,151.65934
311895,White Mountains,II,1125.69,AUS,-20.52741,145.01233
311950,The Glen,IA,27.21,AUS,-32.16319,152.04701
312188,Tortugas Marine Reserves Habitat Areas of Particular Concern Marine Reserve,IA,230.04,USA,24.53334,-83.07500
312353,San Juan County/Cypress Island Marine Biological Preserve,IV,1658.27,USA,48.55701,-122.96396
312356,Big Creek State Marine Reserve,IA,37.59,USA,36.08208,-121.63633
312359,Vandenberg State Marine Reserve,IA,85.23,USA,34.64917,-120.63378
312370,Ashepoo-Combahee-Edisto (ACE) Basin National Estuarine Research Reserve,IV,569.78,USA,32.50163,-80.47374
312665,"Conservation - Tasman Accord, Arahura Block",IV,31.86,NZL,-42.81516,171.20785
312896,Loimwe Protected Area,IV,42.78,MMR,21.20805,99.76998
312897,Parsar Protected Area,IV,105.07,MMR,20.51514,100.12232
312898,Kyeikhtiyoe Wildlife Sanctuary,III,136.31,MMR,17.49045,97.09297
312900,Rakhine Yoma Elephant Range,IV,1701.35,MMR,18.00818,94.74785
312902,Panlaung and Padalin Cave Wildlife Sanctuary,IV,338.60,MMR,21.03437,96.35123
312904,Hukaung Valley Wildlife  Sanctuary (extension),IV,11300.77,MMR,26.41198,96.38513
312906,Hponkanrazi Wildlife Sanctuary,IV,2803.33,MMR,27.56081,97.35458
312910,Bumpha Bum Wildife Sanctuary,IV,2928.55,MMR,26.45555,97.41648
312911,Pyin-O-Lwin Bird Sanctuary,IV,90.74,MMR,22.00184,96.49242
312912,Htamanthi Wildlife Sanctuary,IV,2138.94,MMR,25.40240,95.61103
312931,Khun Chae,II,286.80,THA,19.12635,99.39835
312933,Huai Nam Dang,II,1231.90,THA,19.46587,98.54789
312934,Lam Nam Nan,II,1045.49,THA,17.93091,100.45665
312935,Taad Moak,II,285.52,THA,16.46960,101.37692
312936,Mae Moei,II,190.25,THA,17.39920,98.12899
312937,Doi Phukha,II,1900.55,THA,19.12359,101.11047
312938,Mae Phang,II,538.89,THA,19.91859,99.18788
312939,Phu Zang,II,728.90,THA,19.53908,100.50910
312940,Chiang Dao,IA,1663.57,THA,19.56020,98.88189
312941,Mae Wa,II,579.91,THA,17.42300,99.27639
312942,Na Haew,II,110.53,THA,17.52470,100.97576
312943,Ta Phraya,II,688.74,THA,14.20524,102.86726
312944,Khao Phravihan,II,135.05,THA,14.42079,104.82382
312945,Nam Phong,II,223.34,THA,16.40666,102.47369
312946,Phu Toei,II,318.62,THA,14.92332,99.41132
312947,Namtok Huai Yang,II,158.70,THA,11.55787,99.51030
312948,Bang Lang,II,525.38,THA,5.97043,101.28344
312949,Kuiburi,II,964.44,THA,12.09135,99.61608
312950,Namtok Ngao,II,698.08,THA,9.98030,98.79565
312951,Budo-Sungai Padi,II,340.79,THA,6.30336,101.69524
312952,Namtok Si khid,II,141.44,THA,8.98097,99.69446
312953,Klong Phanom,II,421.07,THA,8.76226,98.63719
312954,Than Bok Khorani,II,69.24,THA,8.20871,98.66904
312955,Mu ko Chumphon,II,265.97,THA,10.30461,99.28618
312956,Lam Nam Kra Buri,II,79.76,THA,10.18366,98.66745
312963,Taba,III,2708.96,EGY,29.18989,34.39123
312966,Zaranik,IV,251.04,EGY,31.12629,33.40951
312989,Mae Ta Khai,II,524.16,THA,18.79910,99.23434
312991,Doi Wiang Pha,II,473.46,THA,19.65657,99.28381
312992,Tham Phathai,II,1245.21,THA,18.77923,99.74693
312993,Doi Phaklong,II,183.58,THA,18.13814,100.01614
312994,Khlong Tron,II,507.58,THA,17.55879,100.56833
312995,Si Nan,II,997.89,THA,18.25994,100.85907
312996,Doi Phunang,II,867.80,THA,19.01714,100.25720
312998,Namtok Phacharoen,II,973.76,THA,16.56952,98.84508
313000,Khun Khan,II,397.98,THA,18.89439,98.59374
313001,Mae Ngao,II,446.93,THA,17.78250,98.03832
313004,Mae Charim,II,1103.28,THA,18.28252,100.96903
313007,Doi Jong,II,517.92,THA,17.72957,99.11486
313009,Khun Nan,II,255.78,THA,19.12707,101.25923
313010,Nunthaburi,II,865.14,THA,18.98618,100.61657
313011,Thong Pha Phum,II,1231.93,THA,14.87545,98.45140
313013,Namtok Klong Kaew,II,197.45,THA,12.58080,102.62595
313014,Pa Hin Ngam,II,99.34,THA,15.54868,101.44754
313016,Phu Pha Lek,II,424.66,THA,17.05873,103.62287
313017,Phu Lan Ka,II,201.65,THA,16.10894,101.89927
313018,Namtok Sai Khao,II,111.09,THA,6.59542,101.11549
313019,Khao Nan,II,441.26,THA,8.81083,99.66322
313020,Sun Gala Khiri,II,225.89,THA,6.41307,100.86190
313048,Batsara Nature Reserve,IA,30.38,GEO,42.24743,45.26593
313049,Pskhu-Gumista Nature Reserve,IA,388.15,GEO,43.30966,41.04002
313053,Tusheti National Park,II,713.91,GEO,42.39854,45.49949
313055,Volcán Acatenango,IB,31.17,GTM,14.51170,-90.87436
313109,Mgahinga Gorilla,II,38.54,UGA,-1.36218,29.64912
313110,Kabwoya,III,86.93,UGA,1.45404,30.93945
313184,Develiin aral,IV,103.47,MNG,49.32684,90.58883
313186,Onon-Balj /A/,II,2911.30,MNG,49.06653,111.24013
313187,Siilkhemiin nuruu /A/,II,677.47,MNG,49.52424,88.82364
313188,Tarvagatain nuruu,II,5445.90,MNG,48.11324,98.16910
313189,Tsambagarav uul,II,1109.16,MNG,48.66959,90.99143
313199,Karnabchul State Wildlife Sanctuary,IV,285.19,UZB,39.57541,65.15435
313200,Koshrabat State Wildlife Sanctuary,IV,211.02,UZB,40.32248,66.48428
313206,Chachuna Managed Reserve,IV,50.33,GEO,41.25912,46.03759
313208,Gardabani Managed Reserve,IV,37.37,GEO,41.40862,45.06129
313228,Boroueeyeh,IV,500.99,IRN,30.02244,54.16050
313230,Dareh Anjir and Neibaz,IV,2205.07,IRN,32.32965,55.15646
313238,Heidary,IV,446.31,IRN,36.67441,58.64143
313239,Mooteh,IV,2078.14,IRN,33.65905,50.80255
313240,Naybandan,IV,15381.68,IRN,32.56429,56.58793
313241,Rochon,IV,1776.48,IRN,28.69978,56.34498
313243,Shirahmad,IV,259.12,IRN,36.08865,57.89067
313246,Jasb,IV,179.89,IRN,34.08199,50.86458
313247,Rasband,IV,105.42,IRN,33.85459,49.44681
313250,Bakhtegan,II,1159.39,IRN,29.42137,53.80571
313252,Lar,II,312.37,IRN,35.98528,51.77755
313253,Khabr,II,1442.39,IRN,28.71536,56.34498
313254,Kolahghazi,II,490.40,IRN,32.36339,51.92838
313256,Salook,II,98.14,IRN,37.17765,57.22744
313257,Sarigol,II,80.51,IRN,36.97777,57.73612
313259,Tang-e-sayad,II,42.85,IRN,32.14566,51.05181
313260,Touran,II,1083.14,IRN,35.72056,56.10219
313261,Urumieh lake,II,4415.87,IRN,37.66984,45.47953
313354,Caldera de Luba,IB,510.75,GNQ,3.31341,8.57670
313359,Piedra Bere,III,204.46,GNQ,1.80526,10.96215
313360,Piedra Nzas,III,185.37,GNQ,1.45322,11.03090
313361,Rio Campo,IV,337.00,GNQ,2.20558,9.88648
313362,Punta Llende,IV,83.96,GNQ,1.37844,9.49418
313366,Monte Temelón,IV,257.28,GNQ,2.00286,10.70569
313401,Parc National Conkouati-Douli,II,7714.12,COG,-4.24557,11.09887
313431,Swallow Caye,IV,36.36,BLZ,17.49640,-88.11968
313447,Phnom Aoral,IV,2543.15,KHM,11.89291,104.09425
313470,Hirkan National Park,II,405.82,AZE,38.65159,48.66985
313505,Central Catchment Nature Reserve,IB,30.43,SGP,1.37723,103.80559
313539,Ktsia-Tabatskuri Managed Reserve,IV,204.85,GEO,41.65220,43.59872
313540,Tetrobi Managed Reserve,IV,30.90,GEO,41.60553,43.40196
313541,Nedzvi Managed Reserve,IV,92.17,GEO,41.88211,43.53394
313615,Kermadec Islands,IA,7552.50,NZL,-30.29252,-178.38658
313663,Uluru-Kata Tjuta,II,1333.02,AUS,-25.24915,131.01950
313669,Barrington Tops,IB,769.15,AUS,-32.07101,151.49605
313670,Broadwater,II,40.99,AUS,-29.05896,153.42808
313672,Carrai,II,117.08,AUS,-30.86660,152.26290
313673,Chaelundi,II,191.22,AUS,-29.99830,152.51291
313675,Gardens of Stone,II,156.34,AUS,-33.21707,150.12640
313676,Heathcote,II,28.75,AUS,-34.12415,150.96956
313678,Monga,II,269.89,AUS,-35.63591,149.93134
313679,Mutawintji,II,678.27,AUS,-31.16973,142.41678
313680,Nowendoc,II,173.44,AUS,-31.50408,151.59901
313681,Towarri,II,66.69,AUS,-31.88827,150.67763
313682,Yanununbeyan,II,34.87,AUS,-35.52427,149.41028
313685,Bournda,IA,60.79,AUS,-36.81139,149.86509
313696,Merriangaah,IA,56.45,AUS,-36.79576,149.03094
313699,Parma Creek,IA,36.27,AUS,-35.00950,150.52722
313736,Danggu,II,27.95,AUS,-18.05492,125.73339
313737,Goldfields Woodlands,II,661.46,AUS,-31.21465,120.53741
313738,Lesueur,II,272.31,AUS,-30.10462,115.12658
313739,Mitchell River,II,1150.52,AUS,-14.83049,125.55231
313741,Peak Charles,II,399.53,AUS,-32.90860,121.10829
313742,Scott,II,33.22,AUS,-34.24239,115.23619
313743,Shannon,II,526.22,AUS,-34.65613,116.38695
313746,Wellington,II,247.99,AUS,-33.40214,115.97925
313754,Barlee Range,IA,1050.09,AUS,-23.19432,115.93750
313757,Bernier And Dorre Islands,IV,97.81,AUS,-25.01424,113.11854
313764,Boyagin,IA,48.46,AUS,-32.47828,116.89253
313774,Cheadanup,IA,71.38,AUS,-33.50143,120.66776
313776,Chinocup,IA,198.62,AUS,-33.37310,118.40653
313777,Coblinine,IA,40.86,AUS,-33.52714,117.72692
313778,Coulomb Point,IA,281.69,AUS,-17.29524,122.27466
313791,Yaouk,IA,29.18,AUS,-35.89934,148.88076
313799,Bullwaddy,IA,115.38,AUS,-16.51967,134.28276
313800,Connells Lagoon,IV,258.92,AUS,-18.78345,136.51731
313808,Mac Clark (Acacia peuce),IV,30.43,AUS,-25.12206,135.51488
313830,Tnorala (Gosse Bluff),III,47.58,AUS,-23.83434,132.30700
313894,Blackbraes,II,512.87,AUS,-19.48621,144.13077
313895,D'Aguilar,II,392.28,AUS,-27.23677,152.75962
313897,Homevale,II,515.58,AUS,-21.39725,148.58176
313936,Flinders Chase,II,353.47,AUS,-35.91603,136.77566
314010,Cape Bouguer,IB,51.90,AUS,-36.01672,136.92794
314011,Ravine des Casoars,IB,412.03,AUS,-35.84151,136.71572
314058,Tooms Lake,IV,36.00,AUS,-42.21196,147.80830
314062,Mount Field,II,225.31,AUS,-42.63712,146.59716
314063,South Bruny,II,51.81,AUS,-43.44200,147.23714
314064,Strzelecki,II,76.64,AUS,-40.22348,148.10810
314100,Snowy River,II,1147.29,AUS,-37.30317,148.49516
314101,Wilsons Promontory,II,482.02,AUS,-38.96506,146.34219
314711,Annuello F.F.R.,IA,351.85,AUS,-34.89773,142.51333
314714,Birdcage F.F.R.,IA,26.44,AUS,-35.94602,141.82783
314719,Bronzewing F.F.R,IA,124.89,AUS,-35.24427,142.35524
314733,Jilpanger N.C.R.,IA,122.53,AUS,-36.94746,141.74339
314756,Providence Ponds F.F.R.,IA,25.34,AUS,-37.90995,147.30178
314757,Red Bluff F.F.R,IA,38.40,AUS,-35.89558,141.00745
314760,Stradbroke F.F.R.,IA,34.51,AUS,-38.30158,146.91959
314768,Wandown F.F.R,IA,25.28,AUS,-34.81579,142.98921
314770,Wathe F.F.R,IA,59.96,AUS,-35.53008,142.43837
314774,Wychitella N.C.R.,IA,69.00,AUS,-36.37063,143.61379
314863,Murray - Kulkyne Park,III,44.95,AUS,-34.66192,142.48835
314867,Goldfields Woodlands,II,344.09,AUS,-31.18711,120.76813
314891,Helena and Aurora Ranges,II,1491.57,AUS,-30.00265,119.74184
314898,Prince Regent,II,5848.17,AUS,-15.47852,125.25629
314899,Recherche Archipelago,IA,75.26,AUS,-34.04596,122.76024
314901,Scott Reef,IA,33.80,AUS,-14.12676,121.84761
314974,Walyahmoning,IA,209.21,AUS,-30.61579,118.75483
314975,Wandana,IA,534.57,AUS,-28.16375,115.26178
314978,Wanjarri,IA,610.18,AUS,-27.37906,120.72165
314987,Yeal,IA,108.83,AUS,-31.42990,115.80504
314990,Paruku,II,544.03,AUS,-20.20275,127.40973
315023,Lord Howe Island,II,130.15,AUS,-31.66764,159.18927
315029,Garig Gunak Barlu,II,2260.04,AUS,-11.36627,132.21981
315058,Currituck National Wildlife Refuge,IV,34.71,USA,36.46404,-75.87505
315070,Río Sarstun,III,425.22,GTM,15.83047,-89.01105
315072,Los Altos de San Miguel Totonicapán,IV,120.55,GTM,14.88869,-91.26836
315555,Tofua Island,II,53.93,TON,-19.74796,-175.06769
317047,Cayos Los Ballenatos y manglares de la bahía de Nuevitas,IV,69.48,CUB,21.48158,-77.19991
317052,Joao Vieira and Poilao Marine National Park,II,486.74,GNB,10.94214,-15.69135
317125,Mangetti,II,419.97,NAM,-18.69399,19.08149
317126,Yabebyry,IB,314.14,PRY,-27.23499,-56.91460
317127,Serrania de San Luis,II,102.90,PRY,-22.62385,-57.43443
317128,Paso Bravo,II,1005.78,PRY,-22.42000,-57.17985
317131,Macizo Acahay,III,25.47,PRY,-25.87886,-57.17110
317193,Wongo,II,579.20,MLI,12.89410,-10.74320
317194,Bafing,IV,652.49,MLI,12.88250,-10.52480
317195,Kouroufing,II,577.75,MLI,12.85508,-10.39509
317197,Tesso Nilo,II,816.55,IDN,-0.22047,101.82766
317199,Pulau Pieh dan Laut Sekitarnya,IA,399.20,IDN,-0.90245,100.10400
317205,Bukit Dua Belas,II,547.34,IDN,-1.88538,102.68244
317216,Boon Trik - Yod Mon,IA,409.15,THA,14.84531,105.52320
317218,Khuan Mae Yaimon,IA,457.89,THA,9.69062,98.74648
317219,Khlong Lamngu,II,710.05,THA,14.84438,98.82310
317220,Kra Tun,IA,107.57,THA,8.67307,99.56220
317221,Lam Nam Nan Phang Kha,IA,235.27,THA,17.92714,100.19045
317222,Nam Paad,IA,511.73,THA,17.89073,100.91089
317223,Namtok Sipo,II,116.24,THA,6.21563,101.60971
317224,Pha Pheung,IA,187.36,THA,16.56717,101.78183
317225,Phu Khor - Phu Kratae (Phu Khan),IA,236.07,THA,17.01586,101.78947
317226,Samoeng,IA,210.64,THA,18.99138,98.55686
317227,San Pan Dan,IA,284.45,THA,19.66495,98.23923
317228,Tabo-Huaiyai,IA,648.95,THA,16.09457,101.37065
317229,Tham Pla - Pha Seu,II,657.32,THA,19.54698,97.95450
317230,Ton Pariwat,IA,169.89,THA,8.71135,98.58240
317231,Tungraya-Nasak,IA,295.08,THA,10.33147,98.88627
317232,Doi Wiang La,IA,464.90,THA,18.84207,97.78615
317233,Dong Yai,IA,311.70,THA,14.24544,102.61002
317234,Hala Bala,IA,407.43,THA,5.90157,101.62647
317235,Kaeng Ched Kwai,II,217.65,THA,17.07913,100.53100
317236,Khlong Kruewai Chalearm Phrakiat,IA,266.22,THA,12.78943,102.39172
317237,Mae Puem,II,351.65,THA,19.55802,99.86649
317239,Ob Khan,II,548.29,THA,18.73176,98.70305
317240,Phu Soi Dao,II,339.25,THA,17.83672,101.02869
317241,Wiang Lo,IA,377.34,THA,19.25981,100.18087
317251,Gunung Merbabu,II,58.25,IDN,-7.44070,110.40392
317257,Komara,IV,39.93,IDN,-5.43865,119.59330
317258,Bukit Sapat Hawung,IA,1903.96,IDN,0.59947,114.53959
317259,Danau Sentarum,II,1276.13,IDN,0.83145,112.17399
317260,Lamandau,IV,614.72,IDN,-2.71984,111.35676
317261,Bantimurung Bulusaraung,II,434.27,IDN,-4.91278,119.74592
317262,Sebangau,II,5940.60,IDN,-2.53524,113.70778
317268,Masbait,IV,68.47,IDN,-3.48307,127.17899
317277,Aketajawe Lolobata,II,1635.43,IDN,0.92838,128.13819
317294,Chocolate Hills Natural Monument,III,140.01,PHL,9.83419,124.13403
317296,Northern Sierra Madre Natural Park,II,3571.98,PHL,17.08431,122.28158
317318,Nijhum Dweep,IV,161.87,BGD,22.08655,91.04092
318076,Nationalpark Eifel,II,108.72,DEU,50.59344,6.41356
318236,NSG Arnsberger Wald,IV,27.15,DEU,51.42646,8.13041
318308,NSG Dueffel - Kellener Altrhein und Flussmarschen,IV,38.15,DEU,51.81852,6.07368
318408,Forst Zinna-Jüterbog-Keilberg,IV,72.28,DEU,52.05266,13.05495
318447,Gohrischheide und Elbniederterrasse Zeithain,IV,28.52,DEU,51.39296,13.32659
318516,Heidehof - Golmberg,IV,98.57,DEU,52.02038,13.29968
318663,Kleine Schorfheide,IV,73.58,DEU,53.10887,13.33029
318731,Lieberoser Endmoräne,IV,67.36,DEU,51.93589,14.28635
318791,Glücksburger Heide,IV,27.81,DEU,51.86867,12.98577
318793,Oranienbaumer Heide,IV,26.80,DEU,51.76953,12.36007
318902,Oberlausitzer Heide- und Teichlandschaft,IV,131.55,DEU,51.33846,14.53830
319138,Stechlin,IV,86.55,DEU,53.12555,13.00612
328834,Uvac,IV,118.52,SRB,43.42732,19.88758
328838,Carska bara,IV,47.27,SRB,45.26936,20.36830
328840,Obedska bara,IV,98.96,SRB,44.69955,19.91778
328841,Deliblatska pescara,IV,353.02,SRB,44.90020,21.12590
328842,Pasnjaci Velike droplje,IV,68.05,SRB,45.98555,20.25569
328846,Gornje Podunavlje,IV,192.38,SRB,45.72477,18.95322
328848,Koviljsko-pertovaradinski rit,IV,58.87,SRB,45.21018,20.03331
328953,Strath Carnaig and Strath Fleet Moors,IV,147.06,GBR,57.97398,-4.23846
328965,Renfrewshire Heights,IV,89.47,GBR,55.85646,-4.76400
328991,"Zones Ia, Ib kai Ic Ethnikou Parkou Pindou",II,138.52,GRC,39.94508,20.92097
328995,"Zones A2, A3, Ia, Ib, P1, P2, P3, Y, kai Y’ Ethnikou Thalassiou Parkou Zakynthou",IV,91.41,GRC,37.48766,20.90874
328996,"Zones A2, A3, A4, A5 kai A7 periochis A Ethnikou Thalassiou Parkou Voreion Sporadon",II,60.00,GRC,39.28035,24.11470
329418,Havelländisches Luch,IV,55.22,DEU,52.59259,12.56833
329442,Hohe Schrecke,IV,34.49,DEU,51.25560,11.33885
329598,NSG Rothaarkamm am Grenzweg (LP Bad Berleburg),IV,35.36,DEU,51.09263,8.34034
329620,NSG Schwalenberger Wald,IV,29.25,DEU,51.89489,9.21391
329682,Untere Havel Nord,IV,47.30,DEU,52.70038,12.26612
330599,Pointe Isere – Savane Sarcelle,IV,28.42,GUF,5.67535,-53.76265
330648,Baltijos jūros talasologinis draustinis,IV,140.21,LTU,55.88594,20.97383
331437,De Alde Feanen,II,33.74,NLD,53.11779,5.91541
331438,De Biesbosch,II,89.81,NLD,51.76356,4.76181
331439,Grenspark De Zoom - Kalmthoutse Heide,II,38.33,NLD,51.39447,4.40496
331440,Drents-Friese Wold,II,55.52,NLD,52.90548,6.30286
331441,Drentsche Aa,II,331.22,NLD,53.02431,6.68215
331442,Duinen van Texel,II,46.85,NLD,53.08310,4.78957
331443,Dwingelderveld,II,37.66,NLD,52.80948,6.40930
331632,De Hoge Veluwe,II,51.06,NLD,52.07938,5.83085
331633,Lauwersmeer,II,60.09,NLD,53.36556,6.21364
331634,De Loonse en Drunense Duinen,II,38.08,NLD,51.64252,5.13673
331635,De Maasduinen,II,41.71,NLD,51.58593,6.09435
331637,Oosterschelde,II,379.89,NLD,51.56700,3.95159
331638,Sallandse Heuvelrug,II,27.33,NLD,52.33169,6.41570
331639,Schiermonnikoog,II,68.37,NLD,53.48290,6.25419
331640,Utrechtse Heuvelrug,II,113.44,NLD,52.04572,5.40253
331641,Veluwezoom,II,50.16,NLD,52.04707,6.01201
331642,Weerribben-Wieden,II,102.71,NLD,52.72927,6.02213
331643,Zuid-Kennemerland,II,35.68,NLD,52.41072,4.58570
332697,Liqeni i Shkodres,IV,265.24,ALB,42.18837,19.40138
333356,Aransas National Wildlife Refuge,IV,471.61,USA,28.29387,-96.68991
333375,Texas Point National Wildlife Refuge,IV,33.69,USA,29.70394,-93.90094
333377,Valentine,IV,298.19,USA,42.50514,-100.54268
333378,Wichita Mountains,IV,238.85,USA,34.75402,-98.65939
333836,Tripylos - Mavroi Kremmoi,IA,33.16,CYP,34.97016,32.70385
333840,Machairas,II,46.30,CYP,34.93475,33.23175
337453,Vallée de la Tretterbaach et affluents de la frontière à Asselborn,IV,31.49,LUX,50.08575,5.93380
337454,Vallée supérieure de l’Our et affluents,IV,43.27,LUX,50.04846,6.12006
337455,Vallée supérieure de la Sûre et affluents de la frontière belge à Esch-sur-Sûre,IV,46.33,LUX,49.88167,5.85030
337476,Vallée de l'Our de Ouren a Wallendorf Pont,IV,57.53,LUX,50.00610,6.17591
337480,"Vallées de la Sûre, de la Wiltz, de la Clerve et du Lellgerbaach",IV,44.89,LUX,49.92849,6.03208
337481,Vallée supérieure de la Sûre / Lac du barrage,IV,47.56,LUX,49.88167,5.85030
337484,Vallée de l'Ernz noire / Beaufort / Berdorf,IV,43.62,LUX,49.79588,6.32938
337490,Vallée de la Mamer et de l'Eisch,IV,67.99,LUX,49.68764,5.99316
337493,Grunewald,IV,32.77,LUX,49.65972,6.18730
337525,Folgefonna,II,545.36,NOR,60.05796,6.29546
337531,Imsdalen,IA,40.56,NOR,61.56787,10.60622
337550,Bjørnberga og Isteren,IA,88.23,NOR,62.00929,11.82479
337580,Indre Wijdefjorden,II,1128.07,SJM,79.12041,15.94191
337831,Parcul Național Defileul Jiului,II,109.43,ROU,45.27305,23.36902
339750,"Mahtra LKA, Leva skv.",IV,34.61,EST,59.10900,25.04380
341128,"Dungeness, Romney Marsh and Rye Bay",IV,101.71,GBR,50.97512,0.83258
341305,Evryteri periochi charadras potamou Arachthou,IV,27.19,GRC,39.52404,21.01585
341307,"Tholaria, Agia Moni, Agios Georgios, Megali Dragonera, Antidragonera, Prasonisi Dimou Kythiron",IV,30.47,GRC,36.26321,23.05723
341312,Anatoliko Tmima nisou Astypalaias kai gyrothen nisides,IV,38.15,GRC,36.58630,26.30474
341317,Dasos Dimou Naousas kai Dason Seliou - Tsanakli kai Giannakochoriou,IV,74.37,GRC,40.60893,22.00029
341321,Periochi Dafnonta Dimon Messapion,IV,51.07,GRC,38.68876,23.46179
341323,Limni Koroneia,IV,48.94,GRC,40.67979,23.14790
341327,Florinas,IV,62.07,GRC,40.80026,21.36394
341328,Stefaninon - Asprovaltas Dimon Agiou Georgiou kai Arethousas,IV,33.23,GRC,40.76290,23.69378
341334,Perisynaki - Agriokefala - Manika Dimou Sfakion,IV,27.92,GRC,35.22387,24.25896
341349,Orfanos Dimou Oichalias,IV,26.87,GRC,39.64254,21.94862
341351,Polygyros Dimou Polygyrou,IV,34.53,GRC,40.39557,23.47692
341364,Do¿rani Dimon Do¿ranis Mourion,IV,30.69,GRC,41.21639,22.78099
341371,Psiloreitis Dimou Zirou kai Ravou,IV,29.96,GRC,35.16465,24.91514
341374,"Amiron, Kefalovrysiou Dimou Viannou",IV,30.79,GRC,35.06654,25.44498
341377,Kastene Ntag Dimou Oreinou,IV,25.37,GRC,41.02788,24.56856
341378,"Sarakinos, Kaliakouda, Panagias, Pournari, Elatorema Koinotita Makrinitsas",IV,25.08,GRC,39.42581,22.98378
341387,"Limaneria, Theologou, Potamia, Prinou, Marion Nisou Thasou",IV,30.53,GRC,40.69575,24.69083
341394,Zalongou - Avassou Dimon Lourou - Zalongou - Fanariou,IV,26.08,GRC,39.19487,20.69552
341395,Tourla - Moungila - Vorilla Dimon Lourou kai Fanarion,IV,25.71,GRC,39.29723,20.64103
341396,Polyneriou - Myrofyllou Dimou Pindaion kai Koinotitas Myrofyllou,IV,32.39,GRC,39.38345,21.32109
341397,Lapana Dimon Kastorias - Korestion,IV,35.02,GRC,40.59948,21.24173
341416,"Profitis Ilias, Kampos, Avlona, Mikro kai Megalo Asprovouni, Loutro, Thoma, Papoulia, Mavrovouni, Agios Ioannis,",IV,34.64,GRC,37.41054,23.20462
341419,Spartia - Drymona Dimon Paravolas kai Thermou,IV,26.33,GRC,38.66594,21.63620
341423,Kechrou - Kerasias Koinotitas Kechrou,IV,28.35,GRC,41.17217,25.21718
341424,Limni Stymfalia - Apelevro oros Dimou Stymfalias Korinthias kai Koinotitas Aleas Argolidas,IV,37.08,GRC,37.83620,22.45050
341426,Patermon - Adas Dimou Komotinis,IV,35.81,GRC,41.24146,25.54182
341427,Kompsatou Dimou Iasmou,IV,37.12,GRC,41.05188,25.14641
341428,Gerakas - Oraiou kai Dimou Stavroupolis,IV,28.47,GRC,41.21633,24.75392
341431,Nipsas - Drymou Dimou Traianoupolis,IV,26.33,GRC,40.98598,26.02850
341439,Aetorachi Paranestiou,IV,54.16,GRC,41.43430,24.39085
341442,Drymou Dimou Stavroupolis,IV,81.19,GRC,41.35167,24.76380
341446,"Trikorfou, Kalavrouzas, Makyneias kai Vlachomandras Dimon Chalkias, Antirriou kai Nafpaktou",IV,25.58,GRC,38.41846,21.67364
341451,Tzena - Pinovo Dimou Exaplatanou,IV,119.01,GRC,41.11060,22.19067
341453,Ga¿dourovouniou Dimotikon Diamerismaton Kremastis - Lampokampou Dimon Niaton - Zaraka,IV,25.38,GRC,36.92010,22.92936
341461,Limni Vistonida - Lagous Dimou Avdiron,IV,47.20,GRC,41.02785,25.08545
341462,Kotza Orman Nestou Dimou Topeirou,IV,83.07,GRC,40.96549,24.79394
341463,"D.D Karyas, Exantheias, Agiou Ilia, Nikoli Dimou Karyas, Sfakioton, Apollonion kai Ellomenou",IV,35.38,GRC,38.71711,20.64042
341464,Viotopos Dasous Strofylias - Limnis Prokopou-Lamias Dimou Larissou,IV,26.49,GRC,38.11674,21.38160
341472,Psiloreitis Dimon Syvritou Kouriton,IV,36.64,GRC,35.22036,24.72500
341481,Delta Evrou Dimon Tra¿anoupolis Ferron,IV,55.32,GRC,40.78760,26.01952
341485,Nisos Tilos,IV,34.81,GRC,36.44685,27.33934
341492,Iliochoriou - Vrysochoriou Dimou Tymfis,IV,44.74,GRC,39.99037,20.84951
341496,"Madytou, Apollonias, Limnis Volvis, Ekvoles Rycheiou Potamou Dimon Apollonias, Agiou Georgiou kai Rentinas",IV,116.35,GRC,40.66230,23.52248
341497,Lefka Ori Anatolikou Selinou kai Sfakion,IV,75.91,GRC,35.27832,23.88697
341498,"Limni Kerkini, Irakleias, Petritsiou Sidirokastrou",IV,196.50,GRC,41.24826,23.20159
341499,Pangaio oros Dimon Pangaiou - Eleftheroupolis - Piereon - Orfanou,IV,63.56,GRC,40.92666,24.12181
341500,"Kallithea - Treis Vryses Dimon Alexandroupolis, Orfea, Soufliou",IV,94.64,GRC,41.15996,25.97666
341503,"Iera Moni Retha kai Iera Moni Longos Dimon Amfilogias, Menidiou, Inachou",IV,32.68,GRC,39.05008,21.20072
341504,Petritsio Dimou Petritsiou,IV,38.97,GRC,41.31518,23.25575
341505,"Ladonas Dimotikou Diamerismatos Tropaion, Vachlias, Dimitras, Kontovazainas, Voutsiou",IV,26.37,GRC,37.77057,21.91599
341507,Dragoudeliou kai Karra Dimon Sithonias kai Toronis,IV,135.06,GRC,40.10026,23.87456
341508,"Nevrokopi, Leivadakiou, Achladias, Mikrokleisouras, Volakos, Granitou Dimou K. Nevrokopiou",IV,107.33,GRC,41.33858,23.96177
341511,"Platanias, Pteleas (Prinolofou - Mavrokordatou)",IV,49.12,GRC,41.23392,24.38986
341512,Potamou Nestou,IV,203.66,GRC,41.37537,24.25806
341514,Mitrouna - Olympakos - Papamagoula Dimotikon Diamerismaton Palaiokastrou - Kefalovrysou,IV,42.64,GRC,39.86525,22.01785
341516,Ampelia Dimou Amyntaiou,IV,32.30,GRC,40.71421,21.71054
341518,Sfikas Dimou Prespon,IV,68.98,GRC,40.68567,21.09946
341519,Chintsko kai Cheimaditida Dimou Aetou kai Koinotiton Lechovou kai Varikou,IV,44.03,GRC,40.60511,21.55406
341525,Asterousia Dimon Asterousion kai Kofina,IV,26.44,GRC,34.95449,25.11573
341530,"Mega Dasos, Ano Kalamonas Psinthou, Theologou, Soronis, Dimylias, Archipolis",IV,39.40,GRC,36.32004,28.05007
341555,Vounokalathos (Laermon-Lardou-Pylona-Kalathou Rodou),IV,33.18,GRC,36.14716,27.98899
341559,Pratagos-Aetofolia (Elikas-Agiou Nikolaou),IV,31.37,GRC,36.64922,22.93065
341561,Anemomyloi-Psathi-Kalamos-Profitis Ilias (Iou),IV,36.61,GRC,36.71115,25.34380
341599,Tsemperou (Papari-Agriakonas-Routsiou-Anavritou),IV,26.95,GRC,37.34313,22.24006
341635,Valimi-Peristera (Exoxis-Vellas),IV,26.97,GRC,38.06726,22.26759
341637,Dimosio Dasos Rapentosas (Stamatas),IV,26.13,GRC,38.09133,23.92544
341640,Dasoktima Tato¿ou-Salonikis Loimikou-Synidioktito Dasos Gkoura-Parnithas,IV,117.02,GRC,38.17339,23.73737
341652,Argyro-Profitis Ilias-Panagia,IV,39.66,GRC,38.34005,24.08454
341659,Latsoudi (Distomou-Steiriou),IV,35.13,GRC,38.41705,22.79494
341678,Asprochoma-Psilo-Prontoli-Kelari (Arachovas),IV,46.72,GRC,38.52357,22.58914
341682,Kadditiko-Passiotiko-Maniakatiko Vouno (Kaddiou-Agiou Vlassiou-Manikion),IV,37.16,GRC,38.57159,23.98146
341687,Traganas-Kyparissi-Kolakas,IV,26.19,GRC,38.60750,23.09248
341691,Rikas-Gourlomyta-Gkiona (Prosiliou),IV,30.23,GRC,38.63595,22.28711
341695,Lefkaditiou (Sykeas),IV,29.26,GRC,38.64818,22.22755
341699,Platania (Komninis-Renginiou-Kamenon Vourlon),IV,29.36,GRC,38.74504,22.74978
341707,Perganti-Xiromeros (Monastirakiou-Vatou-Thyriou),IV,39.99,GRC,38.82606,20.97635
341711,Petalas (Amfilochias-Kechrinias-Papadatou-Stanou),IV,147.14,GRC,38.78970,21.23727
341716,Profitis Ilias-Afrati (Lamias),IV,31.76,GRC,38.94233,22.40490
341723,Kanala (Valtou),IV,35.76,GRC,38.99549,21.37360
341728,An. Klitys-Oros Tymfristou (Pitsioton-Neochoriou-Mavrilou-Merkadas,IV,90.47,GRC,38.95590,21.89093
341742,Granitsa-Topoliana-Lepiana-Lithochori,IV,26.92,GRC,39.10162,21.47538
341765,Paramythia-Petousi-Agia Kyriaki,IV,33.17,GRC,39.48541,20.56599
341770,Dasoktima Polydendriou,IV,34.17,GRC,39.64604,22.83795
341771,Raveni-Malounio-Pente Ekklisies,IV,25.02,GRC,39.62690,20.46899
341773,Elatos-Sekares (Stefaniou),IV,43.44,GRC,39.67978,21.30528
341779,Verdikousa-Praitorio-Sykea,IV,26.32,GRC,39.78652,22.02229
341790,Metsovo-Chrysovitsa-Grevenitio,IV,34.88,GRC,39.83643,21.10866
341799,Kyra Kali-Trypimeni (Monastiriou-Kranias),IV,25.45,GRC,39.91866,21.19862
341801,Kranea-Loutro-Valanida,IV,25.95,GRC,39.94089,21.97718
341807,Aspropetra-Ailia (Kallipefkis),IV,25.48,GRC,39.96368,22.46578
341808,Karya-Sykaminea (Elassonas),IV,39.97,GRC,39.96164,22.37980
341815,Kallithea-Lofos-Kokkinogis-Livadi-Dolichi,IV,48.61,GRC,40.01612,22.15025
341817,Charadra Aoou (Konitsas-Eleftherou-Papigkou),IV,35.19,GRC,40.01913,20.79337
341824,Dovra-Valta,IV,61.15,GRC,40.10957,21.99674
341825,Bimpa-Sapka-Varna-Agridia-Vigla-Livadi,IV,29.70,GRC,40.12996,22.11863
341826,Siopoto-Doulos-Paliampela (Kokkinopilos-Kalyvia),IV,54.84,GRC,40.13366,22.30699
341827,Kissavos (Exarchou-Knidis-Pontinis-Pyloron),IV,39.04,GRC,40.12569,21.63914
341829,Anilio,IV,53.46,GRC,40.18916,22.19678
341832,Avouziani-Moni Agias Varvaras-Blasia (Velventou),IV,27.23,GRC,40.24036,22.12144
341837,Kouri-Agios Eleftherios (Kozanis-Pteleas-Drepanou),IV,53.45,GRC,40.32450,21.80463
341841,Arrenon (Grammou),IV,27.98,GRC,40.32256,20.90828
341843,Avgi-Imera Kozanis (Polymylou),IV,39.32,GRC,40.35837,22.09322
341845,Kastanofyto-Melanthio-Zevgostasio-Niki-Lagka,IV,26.84,GRC,40.36580,21.12533
341849,Mikri Santa,IV,27.25,GRC,40.43004,22.16242
341851,Skouries-Kasteli-Kakkavos (Meg. Panagias-Gomatiou-Ierissou-Stageiron),IV,45.17,GRC,40.46486,23.76329
341853,Stergios-Aliakmonas (Aiginiou),IV,26.61,GRC,40.50180,22.61008
341855,Brostomnitsa (Stratonikis),IV,25.68,GRC,40.53944,23.87465
341857,Koutsochori,IV,32.46,GRC,40.52022,22.11828
341860,Kryoneri-Kalogeriko (Stageiron-Stratonikis),IV,29.94,GRC,40.55810,23.76092
341861,Kouri (Ptolema¿das),IV,43.78,GRC,40.53380,21.63793
341863,Delta Axiou (Chalastras),IV,52.07,GRC,40.55257,22.77049
341864,Limni-Vouno Kastorias,IV,94.16,GRC,40.53828,21.23646
341866,Kallirachi-Maries,IV,25.96,GRC,40.66163,24.55848
341877,Nigrita-Thermes-Lagkadio,IV,26.50,GRC,40.85152,23.50744
341878,Skopos,IV,52.55,GRC,40.89257,21.74384
341879,Dimosio Dasos Flamouriou,IV,54.24,GRC,40.90068,23.31188
341883,Agios Timotheos-Koupia,IV,26.09,GRC,40.96261,24.40006
341884,Dimotiko Dasos Ano Koryfis-Dragos-Ormas,IV,40.78,GRC,40.93559,21.84020
341888,Ntomouz Orman (Avdiron),IV,28.17,GRC,40.99286,24.92069
341894,Gripas (Fanou),IV,26.28,GRC,41.04626,22.39180
341900,Dadia-Lykofos-Lefkimmi,IV,72.84,GRC,41.08522,26.20975
341903,Stena Nestou-Aristeri Ochthi potamou Nestou,IV,28.77,GRC,41.12720,24.72851
341908,Partheno Dasos Sillis (Paranestiou),IV,51.92,GRC,41.52142,24.51316
341922,Ethniko ygrotopiko parko delta Evrou - Periochi prostasias tis fysis - zoni A,II,31.07,GRC,40.78768,26.03627
341931,Ethniko parko dasous Dadias - Lefkimmis - Soufliou Periochi prostasias tis fysis Zoni A2,II,53.00,GRC,41.10640,26.21451
342344,Zona marina del Archipiélago de San Lorenzo,IA,584.28,MEX,28.74189,-112.85072
342355,Volcán Zunil,IB,41.78,GTM,14.72555,-91.46131
342356,Laguna del Tigre,II,2894.35,GTM,17.49112,-90.50539
342393,Peccary Hills,II,43.49,BLZ,17.34711,-88.39167
342394,Runaway Creek,IV,28.83,BLZ,17.32510,-88.45648
342396,Tide,IV,37.35,BLZ,16.27189,-88.69464
342460,Yaxhá - Nakúm - Naranjo,II,369.18,GTM,17.15378,-89.37514
342481,El Dorado,IV,1717.16,BOL,-13.06852,-67.46169
342482,Estancias Elsner Espírir,IV,1000.88,BOL,-13.99036,-66.51487
342484,Estancias San Rafael,IV,448.75,BOL,-15.29068,-64.72617
342500,Area de proteccion del Quebracho Colorado,IV,1315.52,BOL,-21.12420,-62.50444
342505,Shirvan National Park,II,565.67,AZE,39.65725,49.24830
342506,Aghgol National Park,II,185.38,AZE,39.98438,47.65189
342517,Chebera Churchura,II,1277.57,ETH,6.91446,36.70772
342654,Alitash,II,2660.14,ETH,12.14972,35.54446
342675,Mupalué,IV,273.79,MOZ,-14.86753,38.27332
342677,Moribane,IV,161.47,MOZ,-19.74679,33.34055
344525,České Švýcarsko,II,79.28,CZE,50.88538,14.34778
344526,Podyjí,II,62.80,CZE,48.85267,15.91686
344527,Šumava,II,684.50,CZE,48.95236,13.60689
344556,Dasos Pafou,IV,212.86,CYP,34.99789,32.61751
344575,Belziger Landschaftswiesen,IV,44.28,DEU,52.21215,12.68496
344583,Esterweger Dose,IV,47.25,DEU,53.06404,7.64526
344790,NSG Zweifaller und Rotter Wald,IV,26.59,DEU,50.70613,6.26043
344828,Ohre-Drömling,IV,103.64,DEU,52.47968,11.11028
345257,Björköbyn saaristo,IV,99.56,FIN,63.35136,21.30057
345470,Luodon saaristo 88,IB,44.89,FIN,63.87763,22.67985
345888,Terres Australes Françaises,IV,1663352.16,ATF,-43.83970,63.58415
345893,Bassin Du Drugeon Du Doubs,IV,29.48,FRA,46.86083,6.22524
345948,Sylve D\'Argenson,IA,25.80,FRA,46.11868,-0.41802
346013,Vaccares,IV,137.32,FRA,43.50273,4.57155
346053,Hallingskarvet,II,449.96,NOR,60.62921,7.72777
346054,Reinheimen,II,1968.46,NOR,62.21509,8.17875
346055,Seiland,II,316.35,NOR,70.40766,23.18881
346056,Varangerhalvøya,II,1805.96,NOR,70.33147,29.88809
346083,Flensmarka,IA,42.14,NOR,62.39696,11.79989
346089,Hemmeldalen,IA,250.84,NOR,61.25640,10.99885
346545,Snæfellsjökull,II,183.32,ISL,64.82349,-23.88480
346546,Guðlaugstungur,IV,398.27,ISL,64.95245,-19.28490
346556,Gervigígar í Álftaveri,III,34.34,ISL,63.51973,-18.50629
346568,Mývatn,IV,152.90,ISL,65.74844,-17.18062
348789,La Caldera de Taburiente,II,43.93,ESP,28.72117,-17.87072
348806,Islas Atlánticas de Galicia,II,84.99,ESP,42.39497,-8.92203
348899,Hoces del Río Riaza,II,51.85,ESP,41.52330,-3.57708
348916,Garganta de los Infiernos,IB,72.57,ESP,40.22045,-5.69550
348962,Massís de l`Albera,III,34.44,ESP,42.43837,3.00535
348972,Palancares y Tierra Muerta,III,183.20,ESP,40.07615,-1.93523
348994,O Invernadeiro,II,56.83,ESP,42.14542,-7.32067
349006,Las Médulas,III,31.58,ESP,42.45475,-6.75899
349046,Los Cuchillos de Vigán,III,59.39,ESP,28.27609,-13.94171
349071,Península de Llevant,II,168.59,ESP,39.73833,3.33457
349094,Cañón del Río Lobos,II,102.10,ESP,41.78417,-3.11241
349125,Cabañeros,II,408.91,ESP,39.43075,-4.46436
349130,Carrascoy y El Valle,II,166.89,ESP,37.87182,-1.20967
349166,Alborán,II,263.97,ESP,35.92395,-3.05428
349418,Sierra Mariola,II,125.36,ESP,38.73586,-0.54998
349430,Serra Gelada,II,57.05,ESP,38.56037,-0.06637
349436,Sierra Pelada y Rivera del Aserrador,II,122.07,ESP,37.86250,-7.07493
349448,Sierra de El Carche,II,58.70,ESP,38.42615,-1.17080
349455,Sierra de las Cabras,IB,41.62,ESP,38.07143,-2.36988
349456,Sierra de Irta,II,77.52,ESP,40.32249,0.31090
349464,Sierra Calderona,II,180.89,ESP,39.73592,-0.44254
349533,Tinença de Benifassá,II,49.54,ESP,40.66040,0.14251
349623,Valle de Iruelas,IB,82.46,ESP,40.38239,-4.58959
349705,Riberas de Castronuño - Vega del Duero,III,85.07,ESP,41.44015,-5.18034
349715,Vatnajökulsþjóðgarður,II,14970.07,ISL,64.97625,-16.99237
349716,Ilulissat Isfjord,IB,4026.46,GRL,69.16332,-49.85697
349717,Kitsissunnguit/Grønne Ejland,IV,69.63,GRL,68.84174,-51.91782
349718,Arnangarnup Qoorua/Paradisdale,IB,90.87,GRL,66.49167,-51.36666
349719,Austmannadalen,IB,590.37,GRL,64.19700,-49.87426
349721,Ivittuut and Kangilinnguit,III,576.62,GRL,61.19764,-47.94063
349723,"Quinnguadalen, Qinngeq Kujalle",IB,29.81,GRL,60.28163,-44.58178
349774,Æbelø,II,35.11,DNK,55.62413,10.17502
349797,Værnengene,IV,32.74,DNK,55.84849,8.22362
349832,Lille Vildmose,II,76.05,DNK,56.88151,10.20812
349946,Lubāna mitrājs,IV,513.46,LVA,56.87095,26.93461
349988,Eth. Parko Tzoumerkon-Peristeriou kai charadras Arachthou - Periochi prostasias tis fysis charadras Arachthou (Zoni IA),II,44.12,GRC,39.52914,21.01222
349990,Eth. Parko Tzoumerkon-Peristeriou-charadras Arachthou - Periochi prostasias tis fysis Pachtouriou-Athamanias (Zoni IC),II,26.46,GRC,39.50513,21.25254
349993,Zones A1 kai A6 periochis A Ethnikou Thalassiou Parkou Alonnisou Voreion Sporadon,IA,161.62,GRC,39.22627,24.22772
350008,Mkusu,IV,42.64,TZA,-4.75340,38.35410
350009,Baga I (Mzinga),IV,35.70,TZA,-4.80821,38.46723
350015,Nguru North,IV,140.04,TZA,-5.52978,37.48566
351711,Estação Ecológica Da Terra Do Meio,IA,33731.53,BRA,-5.73803,-53.58422
351712,Parque Nacional Da Serra Do Pardo,II,4454.10,BRA,-5.80919,-53.00726
351718,Parque Nacional De Saint-Hilaire/Lange,II,243.02,BRA,-25.70181,-48.62631
351728,Estação Ecológica Mico Leão Preto,IA,66.81,BRA,-22.34561,-52.37122
351730,Parque Nacional Da Serra Da Bodoquena,II,769.73,BRA,-21.04165,-56.73551
351734,Monumento Natural Dos Pontões Capixabas,III,174.44,BRA,-19.13160,-40.76591
351736,Parque Nacional Das Sempre-Vivas,II,1266.16,BRA,-17.78839,-43.79784
351738,Reserva Biológica Da Mata Escura,IA,508.92,BRA,-16.29679,-41.04095
351741,Parque Nacional Cavernas Do Peruaçu,II,564.49,BRA,-15.08911,-44.22434
351743,Refugio De Vida Silvestre Das Veredas Do Oeste Baiano,III,1280.50,BRA,-14.18717,-45.44549
351748,Parque Nacional Serra Da Cutia,II,2835.00,BRA,-11.65721,-64.43005
351750,Área De Relevante Interesse Ecológico Seringal Nova Esperança,IV,25.74,BRA,-10.89053,-68.43193
351751,Estação Ecológica Serra Geral Do Tocantins,IA,7070.85,BRA,-10.88835,-46.53618
351757,Estação Ecológica De Murici,IA,61.32,BRA,-9.22990,-35.83614
351758,Parque Nacional Das Nascentes Do Rio Parnaiba,II,7497.70,BRA,-9.91217,-45.94890
351760,Parque Nacional Do Catimbau,II,622.39,BRA,-8.49890,-37.37072
351762,Estação Ecológica De Cuniã,IA,1826.08,BRA,-8.28311,-63.39359
351766,Estação Ecológica Do Castanhão,IA,125.74,BRA,-5.62791,-38.50310
351774,Parque Nacional De Jericoacoara,II,88.55,BRA,-2.81201,-40.50731
351784,Parque Nacional Montanhas Do Tumucumaque,II,38295.27,BRA,2.09463,-53.18243
351793,Parque Nacional De Ilha Grande,II,764.60,BRA,-23.68004,-53.98445
351794,Reserva Biológica Da Contagem,IA,34.12,BRA,-15.64245,-47.88003
351795,Reserva Biológica Nascentes Da Serra Do Cachimbo,IA,3421.96,BRA,-9.01408,-54.68070
351803,Estação Ecológica Da Mata Preta,IA,65.73,BRA,-26.47805,-52.25562
351804,Parque Nacional Das Araucárias,II,128.09,BRA,-26.76404,-51.90503
351806,Parque Nacional Da Chapada Das Mesas,II,1599.53,BRA,-7.12837,-47.08364
351818,Parque Nacional Do Jamanxim,II,8628.90,BRA,-5.60623,-55.84923
351819,Parque Nacional Do Rio Novo,II,5381.14,BRA,-7.74176,-56.41788
351823,Reserva Biológica Das Perobas,IA,87.16,BRA,-23.85192,-52.77042
351824,Parque Nacional Dos Campos Gerais,II,212.99,BRA,-25.08644,-49.97377
351825,Reserva Biológica Das Araucárias,IA,149.30,BRA,-25.24867,-50.46346
351826,Refúgio De Vida Silvestre Dos Campos De Palmas,III,165.94,BRA,-26.52576,-51.60022
351827,Parque Nacional Serra De Itabaiana,II,80.25,BRA,-10.77428,-37.35015
351828,Parque Nacional Da Serra Do Itajaí,II,575.29,BRA,-27.13666,-49.18950
351833,Parque Nacional Dos Campos Amazônicos,II,9613.14,BRA,-8.36850,-61.26432
351839,Parque Nacional Do Juruena,II,19570.28,BRA,-8.04122,-58.51629
351842,Parque Estadual Chandless,II,6934.68,BRA,-9.93668,-70.19734
351847,Área De Relevante Interesse Ecológico Nascente Do Rio De Contas,IV,47.65,BRA,-13.24256,-41.81032
351848,Área De Relevante Interesse Ecológico Serra Do Orobó,IV,73.99,BRA,-12.37275,-40.52263
351849,Parque Estadual Das Sete Passagens,II,28.22,BRA,-11.38710,-40.52548
351850,Parque Estadual Da Serra Do Conduru,II,91.51,BRA,-14.44100,-39.10315
351875,Parque Estadual Acarai,II,66.66,BRA,-26.31371,-48.55853
351928,Reserva Biológica Jaíba,IA,63.51,BRA,-15.06696,-43.76087
351936,Estação Ecológica De Acauã,IA,48.62,BRA,-17.13523,-42.76972
351943,Estação Ecológica Estadual Aratinga,IA,60.41,BRA,-29.34792,-50.23396
351972,Parque Estadual Da Ilha Do Cardoso,II,131.55,BRA,-25.18251,-47.99415
351991,Parque Estadual Do Aguapeí,II,90.51,BRA,-21.21436,-51.50163
351992,Parque Estadual Águas Do Cuiabá,II,109.62,BRA,-14.31100,-55.36202
351994,Parque Estadual Altamiro De Moura Pacheco,II,31.39,BRA,-16.53514,-49.14426
351996,Parque Estadual Da Campina Do Encantado,II,32.55,BRA,-24.64154,-47.77591
351997,Parque Estadual Cristalino,II,590.13,BRA,-9.53777,-55.71607
352002,Parque Estadual Das Nascentes Do Rio Taquari,II,305.97,BRA,-18.12456,-53.30742
352004,Parque Estadual Serra Azul,II,110.07,BRA,-15.81886,-52.22209
352006,Parque Estadual Da Serra Dourada,II,286.44,BRA,-16.04847,-50.27024
352008,Parque Estadual De Paraúna,II,42.09,BRA,-16.99992,-50.68103
352010,Parque Estadual De Terra Ronca,II,569.83,BRA,-13.65073,-46.31755
352011,Parque Estadual Do Araguaia,II,46.63,BRA,-13.07195,-50.56650
352012,Parque Estadual Do Boguaçu,II,66.57,BRA,-25.91687,-48.65886
352013,Parque Estadual Do Cantão,II,1004.13,BRA,-9.54927,-50.07519
352016,Parque Estadual Do Guirá,II,1046.63,BRA,-17.28037,-57.86969
352017,Parque Estadual Das Várzeas Do Rio Ivinhema,II,742.24,BRA,-22.95395,-53.55230
352018,Parque Estadual Do Jalapão,II,1589.72,BRA,-10.37851,-46.67089
352020,Parque Estadual Do Lajeado,II,107.50,BRA,-10.10182,-48.22285
352021,Parque Estadual Do Pantanal Do Rio Negro,II,779.08,BRA,-19.57790,-56.71239
352025,Parque Estadual Do Rio Peixe,II,77.13,BRA,-21.62077,-51.70868
352027,Parque Estadual Do Xingu,II,953.29,BRA,-9.84559,-52.58417
352028,Parque Estadual Dom Osório Stoffel,II,64.21,BRA,-16.58965,-54.75954
352029,Parque Estadual Dos Pirineus,II,28.37,BRA,-15.80833,-48.84576
352032,Parque Estadual Grão Mogol,II,283.91,BRA,-16.41399,-42.87122
352039,Parque Estadual Lagoa Do Cajueiro,II,207.36,BRA,-14.96607,-43.92813
352042,Parque Estadual Da Mata Seca,II,153.68,BRA,-14.86932,-44.00917
352045,Parque Estadual Pico Do Itambé,II,65.21,BRA,-18.43239,-43.34165
352047,Parque Estadual Rio Corrente,II,51.75,BRA,-18.99582,-42.31230
352049,Parque Estadual Do Rio Preto,II,119.55,BRA,-18.15354,-43.34753
352051,Parque Estadual Da Serra Do Papagaio,II,258.75,BRA,-22.16906,-44.75294
352052,Parque Estadual Serra Negra,II,131.06,BRA,-18.01965,-42.82529
352053,Parque Estadual Serra Do Rola Moça,II,41.02,BRA,-20.04182,-44.01548
352054,Parque Estadual Sete Salões,II,139.22,BRA,-19.29988,-41.35643
352057,Parque Estadual Tucumã,II,810.11,BRA,-8.90548,-61.19430
352058,Parque Estadual Do Verde Grande,II,256.36,BRA,-14.71443,-43.81918
352060,Parque Estadual Veredas Do Peruaçu,II,312.50,BRA,-15.02306,-44.61537
352062,Parque Estadual Da Serra Dos Martírios/Andorinhas,II,250.32,BRA,-6.22869,-48.48724
352082,Refúgio De Vida Silvestre Banhado Dos Pachecos,III,25.52,BRA,-30.10660,-50.87031
352083,Refúgio De Vida Silvestre Corixão Da Mata Azul,III,357.08,BRA,-12.78100,-50.75856
352122,Parque Estadual Da Serra Da Concórdia,II,59.53,BRA,-22.34463,-43.78009
352126,Estação Ecológica Estadual De Guaxindiba,IA,32.59,BRA,-21.40774,-41.09231
352146,Parque Estadual Rio Negro Setor Sul,II,779.51,BRA,-2.53808,-60.46082
352149,Parque Estadual Rio Negro Setor Norte,II,1481.17,BRA,-2.18285,-61.41290
352152,Parque Estadual Guariba,II,711.00,BRA,-8.68943,-60.68031
352156,Parque Estadual Sucunduri,II,7960.64,BRA,-8.25216,-58.96461
352185,Parque Estadual Marinho Da Pedra Da Risca Do Meio,II,47.94,BRA,-3.58729,-38.40085
352197,Parque Estadual Igarapés Do Juruena,II,2238.18,BRA,-8.90193,-58.95837
352198,Estação Ecológica Do Grão Pará,IA,41808.95,BRA,0.78858,-56.74839
352202,Reserva Biológica De Maicuru,IA,11731.52,BRA,0.76335,-54.21618
352219,Parque Estadual De Monte Alegre,II,36.15,BRA,-2.03723,-54.17638
352249,Makira,II,3722.54,MDG,-15.27910,49.49487
352254,Sahamalaza Iles Radama,II,240.49,MDG,-14.14264,47.85843
352713,Hancock County Marsh Coastal Preserve,IV,92.20,USA,30.23950,-89.53339
352714,Jourdan River Coastal Preserve,IV,25.59,USA,30.36402,-89.38890
352716,Pascagoula River Marsh Coastal Preserve,IV,87.01,USA,30.42245,-88.61379
352723,Grand Bay Savannah Coastal Preserve,IV,47.52,USA,30.36681,-88.44443
352742,Richardson Rock (San Miguel Island) State Marine Reserve,IA,105.54,USA,34.09477,-120.52519
352744,Harris Point (San Miguel Island) State Marine Reserve,IA,65.78,USA,34.09200,-120.34750
352746,Carrington Point (Santa Rosa Island) State Marine Reserve,IA,33.10,USA,34.03750,-120.05167
352747,South Point (Santa Rosa Island) State Marine Reserve,IA,33.87,USA,33.88048,-120.13750
352748,Gull Island (Santa Cruz Island) State Marine Reserve,IA,51.62,USA,33.93501,-119.84167
352750,Santa Barbara Island State Marine Reserve,IA,33.07,USA,33.44442,-119.00206
352751,Anacapa Island State Marine Reserve,IA,29.90,USA,34.03645,-119.38333
354010,Parc National de Ntokou-Pikounda,II,4254.37,COG,0.50187,16.22951
354012,Mikea,II,1846.88,MDG,-22.32508,43.57083
354013,Zahamena,II,646.68,MDG,-17.62956,48.82742
354077,Beagle,II,478.81,AUS,-39.35755,147.14867
354081,Flinders,II,15024.85,AUS,-39.86874,151.25450
354082,Franklin,II,123.11,AUS,-40.57346,144.31996
354083,Freycinet,II,56825.20,AUS,-42.27499,150.63605
354085,Huon,II,1432.15,AUS,-44.27082,147.34288
354086,Macquarie Island,IA,57137.11,AUS,-55.25523,161.61746
354087,Murray,II,17167.59,AUS,-38.42470,137.35445
354088,Nelson,II,6123.08,AUS,-39.27499,139.80697
354089,South Tasman Rise,II,27704.35,AUS,-46.30982,149.03889
354090,Tasman Fracture,II,22535.53,AUS,-45.32009,145.30000
354091,Zeehan,II,18662.70,AUS,-41.18073,142.38403
354128,Annan River (Yuku Baja-Muliku),II,86.86,AUS,-15.58390,145.24758
354158,"Avon, Turton, and Dolodrook Rivers; Ben Cruachan Ck",IB,392.31,AUS,-37.61823,146.81877
354182,Banyabba,II,35.50,AUS,-29.36996,152.95709
354189,Bargo,II,42.32,AUS,-34.31711,150.47192
354195,Barrington Tops,II,65.20,AUS,-31.88975,151.50545
354196,Barrow Island,IA,252.21,AUS,-20.78200,115.39365
354201,Baw Baw Plateau,II,65.11,AUS,-37.83333,146.29331
354237,Beninbi,II,25.96,AUS,-25.88018,151.72623
354244,Berrook,IA,25.02,AUS,-34.85552,141.13571
354257,Bingera,II,54.40,AUS,-25.03521,152.29093
354284,Bogong,II,165.42,AUS,-36.78332,147.34598
354299,Boodjamulla (Lawn Hill),II,2031.65,AUS,-18.54641,138.27806
354304,Boorara-Gardner,II,110.17,AUS,-34.72974,116.15918
354309,Bowen,IB,176.35,AUS,-37.19197,148.50515
354316,Boyndaminup,II,54.43,AUS,-34.51868,116.56385
354318,Bramley,II,38.92,AUS,-33.94072,115.11057
354335,Brodribb,II,75.44,AUS,-37.31860,148.78056
354336,Brodribb River headwaters,II,75.83,AUS,-37.31951,148.78163
354351,Buchan Headwaters,II,303.26,AUS,-36.99876,148.07692
354355,Bulburin,II,342.98,AUS,-24.54085,151.50092
354358,Bullen Range,IV,40.26,AUS,-35.38776,148.99719
354362,Bundara - Cobungra,II,136.20,AUS,-36.96615,147.26183
354364,Bundjalung,II,48.74,AUS,-29.25005,153.16645
354372,Bungonia,II,32.82,AUS,-34.83735,150.01243
354388,Burragorang,II,177.36,AUS,-34.01674,150.50743
354418,Cape Howe,IB,71.47,AUS,-37.50606,149.89429
354434,Carrai,II,68.54,AUS,-30.83896,152.26651
354444,Cataract,II,43.77,AUS,-28.72734,152.33132
354464,Chiltern-Mt Pilot,II,216.65,AUS,-36.24124,146.64440
354465,Chinaman Flat,IB,294.03,AUS,-35.84687,141.53924
354479,Cobberas,II,99.15,AUS,-36.83822,148.25103
354509,Malkumba-Coongie Lakes,II,266.17,AUS,-27.24856,140.15905
354570,Danbulla,II,114.25,AUS,-17.13441,145.59639
354584,Davies Plain,II,104.44,AUS,-36.68331,148.07505
354587,Dawes,II,89.12,AUS,-24.53711,151.23010
354594,Deer Reserve,II,32.26,AUS,-27.08111,152.52686
354612,Dinden,II,210.73,AUS,-16.99052,145.63904
354656,East Gippsland Coastal streams,IB,144.42,AUS,-37.66747,149.60648
354658,Easter,II,29.77,AUS,-34.19247,115.79506
354686,Errinundra River - East Branch,II,26.91,AUS,-37.30254,148.91843
354710,Finucane Island,II,74.93,AUS,-17.62975,139.78778
354749,Galpunga,IB,358.99,AUS,-34.64425,141.61592
354765,Genoa,IB,194.46,AUS,-37.31830,149.34432
354779,Girringun,II,3004.59,AUS,-18.50637,145.77921
354785,Glenbar,II,29.79,AUS,-25.85944,152.36833
354835,Great Otway,II,1102.65,AUS,-38.58961,143.71503
354840,Greater Beedelup,II,192.87,AUS,-34.35365,115.87824
354841,Greater Bendigo,II,175.09,AUS,-36.69307,144.33668
354842,Greater Dordagup,II,64.10,AUS,-34.49892,116.29089
354843,Greater Hawke,II,140.09,AUS,-34.51990,115.95001
354844,Greater Kingston,II,211.14,AUS,-34.10281,116.43772
354845,Greater Preston,II,126.72,AUS,-33.57921,116.18773
354858,Gumbaynggirr,II,25.34,AUS,-30.63613,152.64234
354866,Guy Fawkes River,II,47.79,AUS,-29.87337,152.43270
354872,Hambidge,IB,380.54,AUS,-33.40934,135.91140
354890,Heathcote-Graytown,II,126.93,AUS,-36.83844,144.85916
354893,Helena,II,122.69,AUS,-32.07773,116.31469
354917,Unnamed (No.HA1015),III,27.13,AUS,-32.16263,134.21294
354967,Unnamed (No.HA1063),III,43.89,AUS,-33.51160,137.22085
355073,Unnamed (No.HA1167),III,82.80,AUS,-32.79954,136.20929
355332,Unnamed (No.HA148),III,25.26,AUS,-34.91334,135.65555
355335,Unnamed (No.HA150),III,56.74,AUS,-33.53589,135.48328
355348,Unnamed (No.HA162),III,25.90,AUS,-35.93792,140.93644
355374,Unnamed (No.HA187),III,25.95,AUS,-32.99852,135.02674
355407,Unnamed (No.HA219),III,41.01,AUS,-33.31165,135.41123
355426,Unnamed (No.HA238),III,26.30,AUS,-33.03952,135.71442
355435,Unnamed (No.HA246),III,50.16,AUS,-33.56155,135.33105
355607,Unnamed (No.HA409),III,26.85,AUS,-32.10405,133.19042
355654,Unnamed (No.HA452),III,29.10,AUS,-32.91898,134.77698
355659,Unnamed (No.HA457),III,41.87,AUS,-33.35881,136.96879
355661,Unnamed (No.HA459),III,28.50,AUS,-36.12486,139.80334
355666,Unnamed (No.HA463),III,27.66,AUS,-36.17032,139.79929
355762,Unnamed (No.HA550),III,136.18,AUS,-33.40446,135.33099
355800,Unnamed (No.HA586),III,44.00,AUS,-31.63216,131.92544
355820,Unnamed (No.HA605),III,33.86,AUS,-33.05593,134.79770
355894,Unnamed (No.HA675),III,27.29,AUS,-34.29476,139.74698
355907,Unnamed (No.HA688),III,38.50,AUS,-33.01646,134.58878
355954,Unnamed (No.HA730),III,33.78,AUS,-31.77369,132.61529
355969,Unnamed (No.HA744),III,39.60,AUS,-35.70275,140.19981
356002,Unnamed (No.HA774),III,44.34,AUS,-33.35922,136.89803
356051,Unnamed (No.HA819),III,32.97,AUS,-32.11166,134.17140
356077,Unnamed (No.HA843),III,29.27,AUS,-32.96659,134.84858
356083,Unnamed (No.HA849),III,57.64,AUS,-31.79816,133.15096
356098,Unnamed (No.HA863),III,36.33,AUS,-32.80858,134.91179
356302,Unnamed (No.HA968),III,28.68,AUS,-31.92881,132.48435
356311,Unnamed (No.HA977),III,28.85,AUS,-33.35806,137.16352
356343,Hilliger,II,169.86,AUS,-34.24455,115.65196
356344,Hincks,IB,669.12,AUS,-33.85668,135.96338
356356,Hopping Mouse Hill,II,338.42,AUS,-35.59777,141.92894
356376,Illawarra Escarpment,II,27.70,AUS,-34.35635,150.85886
356386,Indi,II,134.27,AUS,-36.65294,148.15598
356397,Muundhi (Jack River),II,1647.91,AUS,-14.88330,144.68114
356413,Jancourt N.C.R.,IA,33.73,AUS,-38.41449,143.22974
356415,Jane,II,68.68,AUS,-34.60530,116.24542
356422,Jervis Bay,II,51.91,AUS,-35.02898,150.71152
356424,Jilliby,II,120.66,AUS,-33.19395,151.31737
356491,Kinrara,II,76.09,AUS,-18.45495,144.96622
356495,Kirrama,II,174.63,AUS,-18.12553,145.67922
356519,Kuranda,II,311.72,AUS,-16.73670,145.51712
356521,Kybeyan,II,41.97,AUS,-36.30781,149.36823
356543,Lake Muir,II,96.36,AUS,-34.55948,116.72486
356555,Lane Poole Reserve,II,98.92,AUS,-32.87694,116.15033
356556,Lane Poole Reserve,II,419.35,AUS,-33.01828,116.23234
356569,Ledknapper,IA,479.02,AUS,-29.25471,146.24877
356594,Little Desert (East),IA,32.41,AUS,-36.55318,141.76030
356596,Little Desert Area,IA,158.35,AUS,-36.55225,141.06700
356610,Log Bridge Ck - East Branch,IB,25.56,AUS,-36.35940,147.72603
356645,Macalister Area,II,334.93,AUS,-37.35662,146.62959
356653,Major Mitchell Plateau,IA,70.74,AUS,-37.31981,142.57205
356661,Mamungari,IA,21346.22,AUS,-29.14071,130.00149
356666,Marble Gully - Mount Tambo N.C.R.,IA,60.37,AUS,-37.04255,147.83716
356696,Medowie,II,28.98,AUS,-32.69353,151.89109
356700,Melsonby (Gaarraay),II,86.40,AUS,-15.17047,144.85349
356702,Memory Cove,IB,87.84,AUS,-34.94187,135.98482
356721,Milyeannup,II,186.98,AUS,-34.15973,115.63279
356722,Minook,IB,393.90,AUS,-34.65124,141.33163
356749,Monadnocks,II,156.19,AUS,-32.36059,116.26021
356777,Mount Arapiles-Tooan,II,74.57,AUS,-36.79313,141.74213
356782,Mount Burrowa Area,IA,61.20,AUS,-36.07846,147.71338
356784,Mount Cowra,IB,231.97,AUS,-34.86805,141.89349
356786,Mount Darling - Snowy Bluff,IB,425.80,AUS,-37.34180,146.85134
356790,Mount Elizabeth N.C.R.,IA,52.32,AUS,-37.53831,147.93285
356799,Mount Kaye,II,82.09,AUS,-37.39268,149.26480
356802,Mount Mackay,II,36.88,AUS,-17.93559,146.00022
356822,Mount Vereker Creek,IB,39.28,AUS,-38.17658,147.88985
356825,Mount Windsor,II,489.41,AUS,-16.24835,145.00307
356826,Mount Zero-Taravale,II,590.09,AUS,-19.14182,146.06787
356835,Mount Frankland North,II,220.69,AUS,-34.66448,116.68908
356836,Mount Frankland South,II,422.99,AUS,-34.85355,116.72250
356837,Mount Lindesay,II,395.73,AUS,-34.81972,117.36001
356841,Mount Roe,II,1280.48,AUS,-34.70686,117.06076
356845,Muja,II,63.23,AUS,-33.53674,116.44327
356886,Nadgigomar,IA,55.90,AUS,-35.23207,149.85506
356889,Nairana,II,193.80,AUS,-21.65992,146.88879
356896,Nattai,II,32.64,AUS,-34.12370,150.40856
356923,North Buffalo,IA,65.62,AUS,-36.68192,146.75952
356924,North Styx,IV,42.28,AUS,-42.78379,146.66476
356925,North Wyperfeld,IB,976.87,AUS,-35.52272,141.67412
356944,Oakview,II,43.49,AUS,-26.16639,152.32170
356955,Oolambeyan,II,222.00,AUS,-34.72902,145.27254
356956,OShannassy River,II,119.17,AUS,-37.60604,145.79810
356967,Oxley Wild Rivers,II,37.35,AUS,-30.73446,152.02424
356985,Paroo-Darling,II,452.33,AUS,-31.32703,143.76026
356986,Paroo-Darling,II,1831.76,AUS,-31.19635,143.90696
356987,Parr,II,360.31,AUS,-33.31289,150.81312
357049,Purnululu Conservation Reserve,II,803.12,AUS,-17.49025,128.47178
357064,Rame Head,II,95.39,AUS,-37.73402,149.40718
357078,Razor - Viking,IB,155.72,AUS,-37.10680,146.68642
357125,Rodger River and Mountain Creek,II,424.50,AUS,-37.27078,148.49524
357142,Rudds Rocks,IA,38.73,AUS,-35.57353,141.74905
357157,Sandpatch,IB,154.22,AUS,-37.67229,149.59507
357165,Savage River Pipeline,IV,310.34,AUS,-41.30131,145.26998
357178,Sedimentary Deposits Reserve,III,630.59,AUS,-26.10383,114.08684
357182,Serra Range,II,113.62,AUS,-37.25313,142.47428
357183,Settlement Road,IA,27.18,AUS,-34.57949,141.22590
357207,Snowy River,IB,267.87,AUS,-37.26694,148.41452
357210,South Endeavour,II,65.26,AUS,-15.43027,145.03934
357214,South Sunset,IA,234.49,AUS,-34.98699,141.29248
357215,South Wyperfeld,IB,595.46,AUS,-35.73401,141.57287
357216,Southern Wilsons Promontory,II,143.96,AUS,-39.04290,146.38105
357233,Kara Kara,II,139.82,AUS,-36.83456,143.27092
357265,Stuart Mill N.C.R.,IA,25.90,AUS,-36.77509,143.27523
357273,Sunset,IA,79.05,AUS,-34.64916,141.53259
357274,Sunset,IB,1278.93,AUS,-34.83405,141.34929
357289,Tallaganda,II,51.97,AUS,-35.41094,149.60763
357291,Tallageira N.C.R.,IA,37.51,AUS,-36.81090,141.11215
357295,Djiru,II,41.78,AUS,-17.88023,146.06377
357332,The Cells,II,46.83,AUS,-31.41956,152.11660
357335,The Governors,II,80.64,AUS,-37.26592,146.38711
357365,Tingaringy,IB,80.84,AUS,-36.94854,148.54766
357372,Tone-Perup,IA,559.74,AUS,-34.21393,116.59879
357386,Torrington,II,303.57,AUS,-29.24862,151.61873
357402,Tully Falls,II,170.43,AUS,-17.69510,145.56559
357410,Turon,II,30.99,AUS,-33.19791,149.93782
357510,Upper Snowy Area,II,119.52,AUS,-36.99968,148.40024
357517,Vereker Creek,IA,26.59,AUS,-38.97243,146.39821
357518,Victoria Range,II,141.83,AUS,-37.28614,142.28353
357522,Vulkathunha-Gammon Ranges,II,1262.46,AUS,-30.44257,139.28479
357523,Waanyarra N.C.R.,IA,28.60,AUS,-36.77173,143.80932
357527,Wallaby Creek,II,26.57,AUS,-37.00792,148.62080
357540,Wandoo,II,463.68,AUS,-32.08132,116.55681
357572,Wereboldera,II,25.44,AUS,-35.35300,148.21721
357581,Whicher,II,63.54,AUS,-33.78413,115.48194
357612,Wilsons Promontory,IB,220.86,AUS,-38.89536,146.40131
357614,Wiltshire-Butler,II,116.49,AUS,-34.01347,115.49156
357627,Wollumbin,II,42.48,AUS,-28.38853,153.26263
357637,Wongi,II,109.37,AUS,-25.50089,152.32204
357668,Woowoonga,II,26.42,AUS,-25.45890,152.11971
357695,Yanununbeyan,II,38.11,AUS,-35.55670,149.36098
357697,Yarra Yarra Lake,II,107.61,AUS,-29.70331,115.80516
357700,Yarrarabula Creek,IA,31.09,AUS,-36.89854,146.77945
357708,Yellabinna,IB,5029.97,AUS,-30.98135,133.80971
357711,Yerranderie,II,124.14,AUS,-34.14964,150.30057
357717,Yuraygir,II,31.38,AUS,-29.89995,153.10264
357728,Blackwood River,II,204.75,AUS,-34.06704,115.43298
357742,Warro,II,60.80,AUS,-24.65472,151.71007
365024,Kafta-Shiraro,II,1878.72,ETH,14.25335,37.18428
365025,Dubai Desert Conservation Reserve,II,226.10,ARE,24.85752,55.65632
365032,Mount Hallasan,IA,91.83,KOR,33.33672,126.56174
365090,Absaroka-Beartooth,IB,3809.07,USA,45.26964,-110.08855
365097,Ernest F. Hollings Ace Basin National Wildlife Refuge,IV,48.80,USA,32.65776,-80.59309
365127,Agua Tibia,IB,72.81,USA,33.42664,-116.96553
365146,Alamo Hueco Mountains,IB,67.85,USA,31.43909,-108.35675
365162,Aldo Leopold,IB,823.77,USA,33.13602,-107.87975
365169,Alexander Springs,IB,31.92,USA,29.06646,-81.47584
365217,Alpine Lakes,IB,1680.26,USA,47.56876,-121.16255
365292,Ansel Adams,IB,937.19,USA,37.62716,-119.19446
365295,Antelope,IB,158.72,USA,38.82352,-116.30603
365313,Apache Kid,IB,180.81,USA,33.63521,-107.40699
365368,Arapaho,IV,103.40,USA,40.71282,-106.35191
365371,Aravaipa Canyon,IB,82.32,USA,32.88583,-110.49492
365373,Arc Dome,IB,487.93,USA,38.81178,-117.34776
365380,Mollie Beattie,IB,28944.14,USA,68.91684,-143.66247
365382,Argus Range,IB,269.40,USA,36.10947,-117.43926
365402,Arrastra Mountain,IB,525.01,USA,34.38127,-113.39405
365403,Arrow Canyon,IB,111.29,USA,36.68344,-114.83502
365415,Ashdown Gorge,IB,28.67,USA,37.64200,-112.88033
365451,Aubrey Peak,IB,60.08,USA,34.39437,-113.80578
365488,Baca,IV,347.79,USA,37.85468,-105.79833
365503,Badger Creek,IB,117.01,USA,45.29583,-121.50030
365560,Bandelier,IB,99.86,USA,35.76547,-106.33640
365668,Bayou Sauvage,IV,101.56,USA,30.08259,-89.85051
365696,Bear Island Wildlife Management Area,IV,47.54,USA,32.60672,-80.44659
365714,Bear Wallow,IB,45.47,USA,33.60387,-109.44188
365764,Becharof,IB,2035.17,USA,57.82824,-155.71768
365799,Bell Mountain,IB,37.16,USA,37.63572,-90.86466
365905,Big Frog,IB,34.41,USA,35.01754,-84.51523
365908,Big Gum Swamp,IB,55.99,USA,30.35000,-82.44273
365913,Big Horn Mountains,IB,86.35,USA,33.61746,-113.13465
365922,Big Laurel Branch,IB,43.72,USA,36.37253,-82.06069
365925,Big Maria Mountains,IB,193.31,USA,33.82850,-114.60900
365931,Big Muddy National Fish And,IV,44.22,USA,38.94651,-92.36231
365943,Big Rocks,IB,52.47,USA,37.70464,-114.95733
365979,Bigelow Cholla Garden,IB,62.87,USA,34.83369,-114.88150
366024,Bisti/De-Na-Zin,IB,194.04,USA,36.30114,-108.11538
366042,Black Canyon,IB,52.97,USA,44.33928,-119.65040
366044,Black Canyon of the Gunnison,II,122.51,USA,38.57213,-107.72390
366045,Black Canyon of the Gunnison,IB,62.75,USA,38.58295,-107.72852
366051,Black Elk,IB,54.77,USA,43.86058,-103.48831
366077,Black Ridge Canyons,IB,305.01,USA,39.11195,-108.91761
366084,Black Rock Desert,IB,1274.44,USA,41.17319,-118.73799
366139,Blood Mountain,IB,31.33,USA,34.72053,-83.95896
366150,Blue Eagle,IB,239.87,USA,38.58430,-115.43968
366202,Bob Marshall,IB,4306.23,USA,47.69638,-113.17743
366228,Bogue Chitto,IV,146.86,USA,30.55262,-89.78287
366255,Bluebell,IB,220.11,USA,40.72839,-114.27436
366296,Boulder Creek,IB,80.61,USA,43.34986,-122.49225
366299,Boulder River,IB,199.70,USA,48.16201,-121.71358
366300,Boundary Peak,IB,42.36,USA,37.85072,-118.33837
366301,Boundary Waters Canoe Area,IB,4446.64,USA,48.06899,-91.23634
366322,Box-Death Hollow,IB,104.03,USA,37.91117,-111.58693
366342,Bradwell Bay,IB,98.02,USA,30.17042,-84.56130
366365,Brasstown,IB,52.30,USA,34.88267,-83.81879
366387,Bridge Canyon,IB,31.85,USA,35.22245,-114.69867
366393,Bridger,IB,1727.00,USA,42.99192,-109.48252
366401,Bright Star,IB,35.45,USA,35.51005,-118.24149
366407,Bristol Mountains,IB,311.80,USA,34.78339,-115.94646
366471,Buckhorn,IB,179.15,USA,47.84760,-123.12946
366478,Emily and Richardson Preyer Buckridge Coastal Reserve,IV,73.64,USA,35.72971,-76.11372
366479,Bucks Lake,IB,95.79,USA,39.94942,-121.20024
366509,Buffalo National River,IB,139.88,USA,36.04012,-92.91791
366513,Buffalo Peaks,IB,167.06,USA,39.05548,-106.15369
366522,Bull Canyon,IB,54.86,USA,40.30592,-109.00078
366609,Byers Peak,IB,35.61,USA,39.85744,-105.98213
366624,Cabeza Prieta,IB,3204.32,USA,32.23325,-113.46381
366628,Cabinet Mountains,IB,379.46,USA,48.19084,-115.66512
366632,Cache La Poudre,IB,38.51,USA,40.65964,-105.45108
366640,Cadiz Dunes,IB,86.01,USA,34.37607,-115.38482
366664,Calico Mountains,IB,262.90,USA,41.03102,-119.21522
366708,Caney Creek,IB,57.83,USA,34.39841,-94.08957
366739,Cape Romain National Wildlife Refuge.Wilderness Area,IB,120.26,USA,32.99530,-79.49629
366743,Capitan Mountains,IB,145.98,USA,33.59373,-105.33175
366767,Carlsbad Caverns,IB,127.32,USA,32.11867,-104.55708
366798,Carrizo Gorge,IB,59.99,USA,32.74592,-116.25916
366803,Carrizozo Lava Flow,IB,41.52,USA,33.66147,-105.96881
366842,Castle Crags,IB,44.84,USA,41.19796,-122.38087
366843,Castle Creek,IB,103.02,USA,34.20097,-112.26728
366867,Cebolla,IB,250.32,USA,34.74175,-107.87880
366872,Cedar Bench,IB,64.79,USA,34.41023,-111.81928
366937,Chain Of Craters,IB,74.08,USA,34.83557,-108.22591
366946,Chama River Canyon,IB,190.34,USA,36.34370,-106.66249
367001,Cheaha,IB,29.95,USA,33.41182,-85.83575
367011,Chemehuevi Mountains,IB,347.17,USA,34.59176,-114.54399
367055,Chimney Peak,IB,53.59,USA,35.85497,-118.07825
367067,Chiricahua,IB,352.81,USA,31.82468,-109.28099
367069,Chiricahua Natio,IB,42.37,USA,32.01570,-109.34539
367104,Nellie Juan-College Fiord,IB,8831.81,USA,60.70280,-147.88371
367138,Citico Creek,IB,65.61,USA,35.40474,-84.05845
367148,Clarence Rhodes National Wildlife Range,IV,250.43,USA,61.62675,-164.72503
367163,Clarks River,IV,37.82,USA,36.90549,-88.43434
367188,Clearwater,IB,59.15,USA,47.03971,-121.81199
367193,Cleghorn Lakes,IB,160.96,USA,34.25406,-115.81087
367206,Clifty,IB,50.79,USA,37.83843,-83.57661
367216,Cloud Peak,IB,776.65,USA,44.40835,-107.22949
367222,Clover Mountains,IB,346.46,USA,37.36181,-114.35965
367258,Cohutta,IB,149.89,USA,34.92257,-84.57084
367284,Collegiate Peaks,IB,672.69,USA,38.97863,-106.51766
367297,Colonel Bob,IB,47.97,USA,47.48953,-123.73873
367312,Columbine-Hondo,IB,180.15,USA,36.62017,-105.49850
367316,Comanche Peak,IB,275.29,USA,40.56874,-105.64222
367335,Congaree,II,106.13,USA,33.79404,-80.73512
367338,Congaree National Park,IB,60.61,USA,33.80018,-80.77954
367369,Cooke's Range,IB,81.34,USA,32.49306,-107.72209
367423,Coso Range,IB,211.81,USA,36.24429,-117.84332
367485,Cranberry,IB,193.20,USA,38.28293,-80.32665
367550,Cross Canyon,IB,51.68,USA,37.52474,-108.98915
367551,Cross Creeks,IV,26.62,USA,36.46094,-87.73807
367573,Cruces Basin,IB,76.41,USA,36.93429,-106.30839
367599,Cumberland Island,IB,38.34,USA,30.87443,-81.43821
367609,Currant Mountain Wilderness (Blm),IB,191.48,USA,38.91868,-115.44797
367631,Cuyahoga Valley,II,82.73,USA,41.25147,-81.56913
367672,D 'Arbonne,IV,71.38,USA,32.62354,-92.20870
367677,Dark Canyon,IB,187.61,USA,37.76653,-109.89512
367686,Darwin Falls,IB,35.78,USA,36.33004,-117.57483
367714,Desoto,IV,31.57,USA,41.51605,-96.01984
367720,Dead Mountains,IB,220.40,USA,34.99394,-114.74030
367731,Death Valley,II,13682.28,USA,36.47023,-117.13877
367737,Deep Creek Mountains,IB,319.61,USA,39.89274,-113.87208
367765,Delamar Mountains,IB,448.13,USA,37.16087,-114.88703
367785,Denali,IB,8685.68,USA,63.29981,-150.50887
367809,Deseret Peak,IB,101.49,USA,40.46203,-112.62889
367828,Devils Backbone,IB,27.08,USA,36.73628,-92.15262
367829,Devils Backbone,IB,35.41,USA,33.82512,-107.17563
367859,Diamond Breaks,IB,150.83,USA,40.74663,-109.00142
367868,Diamond Peak,IB,212.44,USA,43.53280,-122.08679
367871,Dick Smith,IB,288.85,USA,34.68121,-119.53382
367883,Dinkey Lakes,IB,124.90,USA,37.18092,-119.03572
367921,Dolly Sods,IB,71.94,USA,39.01779,-79.35320
367954,Dos Cabezas Mountains,IB,48.31,USA,32.23607,-109.52377
367990,Dry Creek,IB,25.50,USA,35.02639,-93.74912
368029,Dugger Mountain,IB,36.21,USA,33.86457,-85.59958
368090,Eagles Nest,IB,547.15,USA,39.67103,-106.29666
368092,Eagletail Mountains,IB,410.13,USA,33.40155,-113.37354
368110,East Cactus Plain,IB,57.19,USA,34.06362,-113.93999
368120,East Fork,IB,42.84,USA,35.58571,-92.87403
368123,East Fork High Rock Canyon,IB,212.91,USA,41.42343,-119.36609
368134,East Humboldts,IB,148.32,USA,40.94221,-115.13388
368220,Eldorado,IB,106.08,USA,35.81284,-114.74628
368236,Elk Creek,IA,28.10,USA,45.48652,-115.76739
368299,Emiquon,IV,36.83,USA,40.34164,-90.07953
368304,Encampment River,IB,41.33,USA,41.07407,-106.78549
368418,Far South Egans,IB,146.99,USA,38.48153,-114.91275
368498,Fish Creek Mountains,IB,90.40,USA,32.96275,-116.02723
368512,Fishhooks,IB,43.53,USA,33.21888,-109.98430
368519,Fitzpatrick,IB,804.94,USA,43.23448,-109.62368
368535,Flat Tops,IB,934.95,USA,39.95387,-107.29344
368546,Flatside,IB,38.61,USA,34.85743,-92.96851
368644,Straits of Mackinac Great Lakes State Bottomland Preserve,IV,386.01,USA,45.77814,-84.71968
368668,Fortification Range,IB,124.26,USA,38.55630,-114.47776
368675,Fossil Ridge,IB,130.28,USA,38.69232,-106.64301
368676,Fossil Springs,IB,42.21,USA,34.45427,-111.54168
368685,Four Peaks,IB,245.79,USA,33.63609,-111.34371
368773,French Spring-Happy Canyon,IB,98.43,USA,38.20433,-110.24432
368802,Funeral Mountains,IB,111.73,USA,36.35618,-116.53746
368825,Galiuro,IB,313.98,USA,32.57670,-110.33725
368864,Gates of the Arctic,IB,29335.52,USA,67.83742,-153.38693
368865,Gates Of The Mountains,IB,115.18,USA,46.86968,-111.80997
368913,Gibraltar Mountain,IB,76.31,USA,34.18585,-114.10513
368924,Gila,IB,2264.33,USA,33.21323,-108.41439
368947,Glacier Bay,IB,10770.78,USA,58.83906,-136.86543
368950,Glacier Peak,IB,2291.84,USA,48.17986,-120.97107
368988,Goat Rocks,IB,437.85,USA,46.52571,-121.43498
369005,Golden Trout,IB,1235.89,USA,36.30805,-118.35920
369006,Golden Valley,IB,153.21,USA,35.41713,-117.50685
369098,Grand Bay National Wildlife Refuge,IV,42.00,USA,30.41266,-88.42201
369119,Grand Wash Cliffs,IB,151.10,USA,36.45595,-113.78635
369131,Granite Chief,IB,115.17,USA,39.13772,-120.30655
369133,Granite Mountain Wilderness (Az),IB,39.69,USA,34.64214,-112.57400
369138,Grant Range,IB,212.26,USA,38.26289,-115.53108
369148,Grass Valley,IB,133.09,USA,35.29448,-117.31473
369153,Grassy Knob,IB,69.51,USA,42.74446,-124.34122
369172,Gray Peak,IB,58.08,USA,31.81242,-108.95532
369187,Great Bear,IB,1161.50,USA,48.19318,-113.53452
369189,Great Dismal Swamp,IV,460.71,USA,36.60326,-76.45946
369221,Great Sand Dunes,IB,132.20,USA,37.76600,-105.57568
369223,Great Smoky Mountains,II,2107.09,USA,35.63414,-83.50596
369262,Greenhorn Mountain,IB,93.55,USA,37.85094,-105.03256
369302,Gros Ventre,IB,1158.66,USA,43.44983,-110.42547
369348,Gunnison Gorge,IB,71.91,USA,38.66228,-107.81752
369463,Harcuvar Mountains,IB,101.74,USA,34.01416,-113.44534
369492,Harquahala Mountains,IB,93.03,USA,33.82181,-113.30142
369523,Hassayampa River Canyon,IB,49.37,USA,34.11506,-112.59461
369535,Havasu,IB,72.61,USA,34.64448,-114.42766
369622,Hells Canyon,IB,43.14,USA,33.94163,-112.38748
369624,Hells Canyon,IB,882.54,USA,45.45215,-116.64502
369629,Hell Hole,IB,79.08,USA,33.03218,-109.00770
369630,Hellsgate,IB,151.58,USA,34.19681,-111.13366
369657,Henry M. Jackson,IB,417.80,USA,47.92069,-121.22124
369665,Hercules-Glades,IB,50.28,USA,36.68595,-92.92606
369691,Hickory Creek,IB,34.94,USA,41.67495,-79.28744
369719,High Rock Canyon,IB,187.99,USA,41.38036,-119.43106
369721,High Rock Lake,IB,239.19,USA,41.21736,-119.22055
369724,High Uintas,IB,1836.72,USA,40.74381,-110.46517
369812,Hollow Hills,IB,92.63,USA,35.36971,-116.03481
369829,Holy Cross,IB,497.54,USA,39.43304,-106.50778
369956,Hummingbird Springs,IB,128.09,USA,33.65353,-113.08898
369968,Hunter-Fryingpan,IB,334.08,USA,39.22021,-106.63240
369983,Huston Park,IB,125.68,USA,41.09434,-106.98531
370018,Imperial Refuge,IB,63.73,USA,33.09326,-114.61567
370051,Indian Pass,IB,177.43,USA,33.10184,-114.77328
370053,Indian Peaks,IB,316.04,USA,40.05958,-105.68965
370080,Innoko,IB,5324.07,USA,63.18224,-158.56068
370086,Inyo Mountains,IB,300.01,USA,36.91969,-118.03194
370094,Ireteba Peaks,IB,89.85,USA,35.60499,-114.71751
370185,James Peak,IB,69.33,USA,39.85576,-105.68812
370198,Jarbidge,IB,447.23,USA,41.76934,-115.32680
370209,Jedediah Smith,IB,501.39,USA,43.81273,-110.91539
370221,Jennie Lakes,IB,42.53,USA,36.70014,-118.77759
370242,Jimbilnan,IB,76.42,USA,36.23371,-114.45025
370277,John Muir,IB,2645.16,USA,37.03839,-118.61414
370321,Joshua Tree,II,3174.20,USA,33.89980,-115.86012
370323,Joshua Tree,IB,2396.45,USA,33.89675,-115.86010
370329,Joyce Kilmer-Slickrock,IB,77.89,USA,35.41488,-83.98051
370353,Juniper Mesa,IB,30.62,USA,34.96043,-112.90303
370354,Juniper Prairie,IB,57.86,USA,29.21233,-81.68616
370363,Kachina Peaks,IB,75.76,USA,35.34158,-111.66371
370373,Kanab Creek,IB,249.01,USA,36.58730,-112.52491
370400,Katmai,IB,13450.97,USA,58.45188,-154.85480
370429,Kelso Dunes,IB,624.21,USA,34.89473,-116.02467
370437,Kenai,IV,7845.58,USA,60.23592,-150.46554
370550,Kisatchie Hills,IB,35.21,USA,31.49669,-92.99677
370591,Kobuk Valley,IB,738.96,USA,67.04316,-159.03653
370594,Kofa,IB,2216.58,USA,33.24677,-114.00087
370605,Koyukuk,IB,1538.37,USA,65.65186,-157.39609
370630,La Garita,IB,511.85,USA,37.93339,-106.93085
370637,La Madre Mountain,IB,77.08,USA,36.17712,-115.60398
370659,Lahontan Cutthroat Trout Instan,IB,48.33,USA,41.51925,-118.96920
370673,Jay S. Hammond,IB,10587.06,USA,60.68335,-153.37461
370704,Lake Mason,IV,68.01,USA,46.62678,-108.76344
370713,Lake Ophelia,IV,72.77,USA,31.13103,-92.09210
370733,Umbagog,IV,134.85,USA,44.78614,-71.04633
370814,Lassen Volcanic,IB,318.26,USA,40.49711,-121.40942
370819,Latir Peak,IB,82.64,USA,36.78626,-105.49820
370832,Laurel Fork North,IB,48.11,USA,38.74623,-79.67708
370840,Lava Beds,IB,113.61,USA,41.75732,-121.52264
370883,Lee Metcalf,IB,962.24,USA,45.13717,-111.34673
370948,Lime Canyon,IB,95.88,USA,36.36154,-114.28073
370993,Little Black Peak,IB,61.03,USA,33.75485,-105.93024
370996,Little Book Cliffs,IB,118.41,USA,39.20950,-108.40485
371003,Little Chuckwalla Mountains,IB,116.24,USA,33.47769,-115.06784
371021,Little High Rock Canyon,IB,195.65,USA,41.24413,-119.40605
371022,Little Humboldt River,IB,167.07,USA,41.36932,-116.89219
371061,Little Picacho,IB,158.37,USA,32.93519,-114.56382
371103,Lizard Head,IB,168.29,USA,37.84249,-108.01256
371134,Lone Peak,IB,123.96,USA,40.50374,-111.72526
371191,Lost Creek,IB,466.21,USA,39.28038,-105.52696
371266,Lower San Francisco,IB,28.90,USA,33.22533,-108.96374
371333,Machesna Mountain,IB,74.92,USA,35.29340,-120.23011
371412,Malpais Mesa,IB,130.00,USA,36.41945,-117.74951
371415,Mammoth Cave,II,206.30,USA,37.18395,-86.14543
371449,Manly Peak,IB,52.47,USA,35.92654,-117.13582
371460,Manzano Mountain,IB,150.07,USA,34.68498,-106.45090
371476,Marble Mountain,IB,911.76,USA,41.51267,-123.23174
371501,Mark Trail,IB,67.25,USA,34.77007,-83.79561
371509,Maroon Bells-Snowmass,IB,740.27,USA,39.11865,-107.02769
371608,Mazatzal,IB,1014.98,USA,34.15074,-111.58113
371679,Meadow Valley Range,IB,504.93,USA,37.05180,-114.72135
371684,Mecca Hills,IB,123.63,USA,33.61301,-115.98682
371744,Mesa Verde,IB,34.46,USA,37.25881,-108.44905
371788,Middle Mississippi River,IV,33.21,USA,38.00585,-89.97540
371794,Middle Santiam,IB,35.44,USA,44.52669,-122.21647
371821,Mill Creek,IB,69.50,USA,44.46944,-120.49759
371852,Miller Peak,IB,81.95,USA,31.41363,-110.33235
371907,Mission Mountains,IB,308.15,USA,47.48659,-113.85363
371976,Monument Rock,IB,81.79,USA,44.30690,-118.32315
372017,Mormon Mountains,IB,636.01,USA,36.92823,-114.48658
372060,Mount Adams,IB,190.70,USA,46.21547,-121.54212
372061,Mount Baldy,IB,27.59,USA,33.94259,-109.53161
372065,Mt. Charleston,IB,222.10,USA,36.28888,-115.68815
372069,Mt. Ellen-Blue Hills,IB,329.85,USA,38.21605,-110.88626
372071,Mount Evans,IB,297.11,USA,39.57274,-105.58494
372077,Mount Hood,IB,262.00,USA,45.33343,-121.75833
372078,Mount Irish,IB,117.14,USA,37.53246,-115.39957
372084,Mt. Limbo,IB,99.84,USA,40.33863,-119.27064
372085,Mount Logan (South),IB,59.61,USA,36.31172,-113.21806
372088,Mount Massive,IB,107.20,USA,39.18433,-106.48100
372089,Mt. Moriah,IB,323.51,USA,39.26617,-114.19992
372091,Mount Naomi,IB,180.38,USA,41.87293,-111.70966
372092,Mount Nebo,IB,109.61,USA,39.83953,-111.76976
372093,Mount Nutt,IB,113.38,USA,35.10260,-114.35463
372102,Mt. Rose,IB,126.95,USA,39.37670,-119.93231
372104,Mt. Shasta,IB,151.96,USA,41.42115,-122.22003
372107,Mount Skokomish,IB,53.73,USA,47.55268,-123.27476
372108,Mount Sneffels,IB,66.75,USA,38.01356,-107.86741
372109,Mount Timpanogos,IB,42.57,USA,40.39018,-111.64639
372110,Mount Tipton,IB,133.29,USA,35.53973,-114.20028
372111,Mount Trumbull,IB,32.32,USA,36.40442,-113.12827
372117,Mount Wilson,IB,97.65,USA,35.95832,-114.57453
372118,Mount Zirkel,IB,649.54,USA,40.76537,-106.71506
372123,Mountain Lakes,IB,93.22,USA,42.34401,-122.11027
372124,Mountain Longleaf,IV,36.48,USA,33.70355,-85.75708
372142,Mount Baker,IB,486.72,USA,48.81805,-121.75994
372146,Mount Graham,IB,248.28,USA,32.68700,-109.87845
372147,Mount Jefferson,IB,441.51,USA,44.61752,-121.80716
372151,Mount Rainier,II,956.65,USA,46.90588,-121.78620
372157,Mount Thielsen,IB,223.09,USA,43.21149,-122.00445
372159,Mt. Wrightson,IB,101.74,USA,31.70327,-110.85926
372173,Mud Swamp/New River,IB,32.68,USA,30.08162,-84.88078
372186,Muggins Mountain,IB,31.21,USA,32.73730,-114.25223
372204,Munds Mountain,IB,73.29,USA,34.81448,-111.70062
372246,N. Fork Of The Little Humboldt River,IB,281.90,USA,41.59347,-117.11454
372277,National Elk,IV,100.58,USA,43.56008,-110.67268
372302,Needleseye,IB,35.25,USA,33.13291,-110.61838
372312,Nellis Wash,IB,67.45,USA,35.38790,-114.71999
372325,Neota,IB,40.17,USA,40.52306,-105.84207
372339,Never Summer,IB,84.37,USA,40.39134,-105.93267
372355,New Water Mountains,IB,99.90,USA,33.58318,-113.95082
372358,Newberry Mountains,IB,112.56,USA,34.77869,-116.75975
372392,Noatak,IB,23556.19,USA,68.02245,-159.21470
372408,Nopah Range,IB,451.73,USA,36.02084,-116.11385
372418,Norse Peak,IB,211.64,USA,46.99715,-121.36757
372420,North Absaroka,IB,1401.51,USA,44.73656,-109.77237
372421,North Algodones Dunes,IB,106.53,USA,33.03772,-115.16909
372424,North Black Rock Range,IB,124.04,USA,41.42675,-119.04704
372435,North Fork,IB,33.57,USA,40.11521,-123.34012
372443,North Fork John Day,IB,488.43,USA,44.88803,-118.49216
372457,North Inlet-Winyah Bay National Estuarine Research Reserve,IV,76.56,USA,33.29045,-79.21946
372458,North Jackson Mountains,IB,94.89,USA,41.36012,-118.47176
372465,North Maricopa Mountains,IB,259.87,USA,33.10428,-112.51914
372466,North Mccullough,IB,59.81,USA,35.87143,-115.09852
372468,North Mesquite Mountains,IB,120.29,USA,35.69445,-115.74306
372681,Oil Springs Mountain,IB,73.69,USA,39.74576,-108.92140
372717,Old Woman Mountains,IB,743.15,USA,34.46269,-115.19929
372765,Organ Pipe Cactus,IB,1257.21,USA,32.00876,-112.84607
372771,Orocopia Mountains,IB,241.14,USA,33.58226,-115.75819
372811,Otter Creek,IB,83.79,USA,38.99859,-79.64264
372838,Owens Peak,IB,312.57,USA,35.73437,-118.00013
372845,Owyhee River Canyon,IB,758.76,USA,42.45886,-117.31261
372877,Pahrump Valley,IB,313.64,USA,35.85993,-115.85043
372879,Pahute Peak,IB,230.25,USA,41.20459,-119.03953
372888,Paiute (South),IB,355.61,USA,36.81502,-113.80833
372889,Pajarita,IB,30.35,USA,31.39472,-111.18693
372904,Palo Verde Mountains,IB,169.24,USA,33.36164,-114.83676
372927,Paria Canyon-Vermilion Cliffs,IB,450.55,USA,36.88351,-111.81065
372947,Parsnip Peak,IB,175.72,USA,38.14053,-114.30807
372957,Pasayten,IB,2150.19,USA,48.83929,-120.44239
373034,Pecos,IB,897.69,USA,35.88915,-105.63320
373122,Petrified Forest National Wilderness Area Area,IB,212.78,USA,34.98206,-109.79139
373164,Picacho Peak,IB,35.78,USA,33.00861,-114.73490
373206,Pine Creek,IB,53.67,USA,32.76700,-116.61512
373224,Pine Mountain,IB,81.15,USA,34.28562,-111.80204
373234,Pine Valley Mountain,IB,203.22,USA,37.38290,-113.43520
373253,Pinto Valley,IB,159.22,USA,36.19821,-114.58881
373263,Piper Mountain,IB,304.18,USA,37.31056,-117.91268
373279,Piute Mountains,IB,203.19,USA,34.76397,-115.11551
373291,Platte River,IB,94.29,USA,41.07351,-106.36835
373367,Pond Mountain,IB,28.08,USA,36.29035,-82.10393
373384,Popo Agie,IB,415.29,USA,42.73196,-109.11515
373400,Port Louisa,IV,47.92,USA,41.49569,-91.74003
373424,Poteau Mountain,IB,45.09,USA,34.98033,-94.21820
373440,Powderhorn,IB,59.77,USA,38.06373,-107.16146
373525,Ptarmigan Peak,IB,51.05,USA,39.71609,-106.02391
373540,Pusch Ridge,IB,230.56,USA,32.37567,-110.82896
373569,Quinn Canyon,IB,106.47,USA,38.17428,-115.69080
373604,Raggeds,IB,260.40,USA,38.98004,-107.18596
373649,Rattlesnake,IB,138.87,USA,47.03960,-113.87367
373655,Raven Cliffs,IB,37.39,USA,34.70792,-83.85274
373661,Rawah,IB,301.32,USA,40.70836,-105.98331
373662,Rawhide Mountains,IB,158.21,USA,34.20235,-113.63724
373681,Red Buttes,IB,81.60,USA,41.97530,-123.30385
373727,Red Rock-Secret Mountain,IB,195.53,USA,34.96555,-111.85846
373735,Redfield Canyon (North),IB,41.75,USA,32.44131,-110.30016
373776,Resting Spring Range,IB,330.79,USA,36.17298,-116.25568
373798,Rice Valley,IB,175.81,USA,33.93449,-114.74911
373802,Rich Mountain,IB,43.67,USA,34.73180,-84.34391
373839,Rincon Mountain,IB,149.53,USA,32.16577,-110.52612
373856,Riordan's Well,IB,228.79,USA,38.49326,-115.41164
373882,Riverside Mountains,IB,102.76,USA,34.01217,-114.57556
373919,Robledo Mountains,IB,74.36,USA,32.43159,-106.92536
373930,Rock Creek,IB,29.43,USA,44.18320,-124.04012
373986,Rocky Mountain Arsenal,IV,59.90,USA,39.83460,-104.84675
373993,Rodman Mountains,IB,138.76,USA,34.71705,-116.59657
374089,Ruby Mountains,IB,376.86,USA,40.58721,-115.39371
374152,Saddle Mountain,IB,166.50,USA,36.41789,-111.98468
374162,Saguaro,II,359.11,USA,32.22804,-110.87116
374163,Saguaro,IB,290.32,USA,32.22083,-110.86689
374201,Salome,IB,75.00,USA,33.83160,-111.06229
374203,Salt Creek,IB,39.35,USA,33.59885,-104.41906
374219,Salt River Canyon,IB,129.99,USA,33.66205,-110.79760
374231,Sampson Mountain,IB,44.10,USA,36.11556,-82.59082
374245,San Gabriel,IB,144.63,USA,34.30039,-117.93988
374246,San Gorgonio,IB,481.23,USA,34.06091,-116.74507
374248,San Jacinto,IB,134.30,USA,33.76886,-116.69329
374260,San Mateo Canyon,IB,161.88,USA,33.53751,-117.42778
374266,San Pedro Parks,IB,167.16,USA,36.10059,-106.82287
374270,San Rafael,IB,774.09,USA,34.81927,-119.87102
374311,Sandia Mountain,IB,152.53,USA,35.18322,-106.44532
374344,Sangre de Cristo,IB,890.05,USA,38.00649,-105.70277
374355,Santa Lucia,IB,85.76,USA,35.29044,-120.50211
374360,Santa Rosa,IB,79.76,USA,33.54870,-116.38422
374363,Santa Rosa-Paradise Peak,IB,129.79,USA,41.52160,-117.68699
374367,Santa Teresa,IB,108.91,USA,32.90799,-110.22945
374384,Sarvis Creek,IB,179.46,USA,40.25135,-106.70596
374403,Savage Run,IB,61.85,USA,41.18933,-106.38843
374404,Savannah,IV,124.42,USA,32.50143,-81.29031
374415,Sawtooth,IB,880.24,USA,44.00049,-115.07582
374417,Sawtooth Mountains,IB,137.05,USA,32.90055,-116.35188
374508,Selawik,IB,979.81,USA,66.90972,-158.99950
374509,Selenite Mountains,IB,128.75,USA,40.64543,-119.25486
374607,Sheephole Valley,IB,790.01,USA,34.25067,-115.53451
374634,Sherburne,IV,124.12,USA,45.47270,-93.73819
374681,Sid's Mountain,IB,218.74,USA,39.02059,-110.78748
374684,Sierra Ancha,IB,81.96,USA,33.84566,-110.89264
374688,Sierra Estrella,IB,59.83,USA,33.19934,-112.25412
374692,Signal Mountain,IB,54.81,USA,33.18881,-112.97842
374707,Silver Peak,IB,127.23,USA,35.87182,-121.31895
374735,Sipsey,IB,104.62,USA,34.33527,-87.43257
374763,Sky Lakes,IB,459.61,USA,42.60148,-122.23496
374829,Swansea,IB,69.33,USA,34.23845,-113.85510
374849,Soldier Creek,IB,31.70,USA,42.69456,-103.60581
374887,Guadalupe Escarpment,IB,86.09,USA,32.06381,-104.73598
374890,South Jackson Mountains,IB,220.78,USA,41.20606,-118.55751
374892,South Maricopa Mountains,IB,244.62,USA,32.91778,-112.40342
374895,South Mccullough,IB,178.07,USA,35.64425,-115.18160
374902,South Nopah Range,IB,74.02,USA,35.84716,-116.10151
374903,South Pahroc Range,IB,104.56,USA,37.47595,-115.04844
374911,South San Juan,IB,651.58,USA,37.25161,-106.64182
374915,South Sierra,IB,244.11,USA,36.14564,-118.12305
374931,Southern Nantahala,IB,95.52,USA,35.00436,-83.57484
374933,South Warner,IB,284.45,USA,41.33376,-120.20338
374974,Spirit Mountain,IB,133.24,USA,35.26796,-114.65899
375044,Squaw/Papoose Canyon,IB,26.55,USA,37.55463,-109.07084
375073,St. Helena Sound Heritage Preserve,IV,39.14,USA,32.54266,-80.54817
375079,St. Johns,IV,26.03,USA,28.50893,-80.87925
375506,Strawberry Crater,IB,42.14,USA,35.42489,-111.43042
375507,Strawberry Mountain,IB,280.90,USA,44.30131,-118.75022
375662,Sycamore Canyon,IB,236.54,USA,35.00119,-112.02047
375664,Sylvania Mountains,IB,78.87,USA,37.37769,-117.77496
375693,Table Mountain,IB,374.85,USA,38.75854,-116.61479
375699,Table Top,IB,139.59,USA,32.76756,-112.13884
375733,Tatoosh,IB,63.84,USA,46.69457,-121.69870
375788,Teton,IB,2366.33,USA,44.04319,-110.20316
375810,The Brothers,IB,65.95,USA,47.67822,-123.09614
375904,Thousand Lakes,IB,66.88,USA,40.70405,-121.59417
375919,Three Sisters,IB,1148.57,USA,44.04794,-121.91061
375994,Togiak,IV,17290.30,USA,59.26439,-160.38458
376004,Tom Yawkee Wildlife Center,IV,80.04,USA,33.22932,-79.21569
376018,Chuck River,IB,305.11,USA,57.57727,-133.36685
376024,Tonalite Creek,IA,40.63,USA,57.62320,-135.22829
376079,Tray Mountain,IB,41.86,USA,34.81349,-83.65916
376084,Tres Alamos,IB,33.82,USA,34.23924,-113.19427
376093,Trigo Mountain (North),IB,124.41,USA,33.18143,-114.62797
376099,Trinity Alps,IB,2185.63,USA,41.00362,-123.10205
376180,Turtle Mountains,IB,738.44,USA,34.29746,-114.84750
376204,Twin Peaks,IB,46.57,USA,40.60250,-111.72535
376250,Uncompahgre,IB,400.14,USA,38.10338,-107.48622
376326,Upper Buffalo,IB,48.79,USA,35.86228,-93.42744
376327,Upper Burro Creek (West),IB,112.41,USA,34.68758,-113.31456
376352,Upper Mississippi River National,IV,212.83,USA,43.47844,-91.35510
376418,Vasquez Peak,IB,52.61,USA,39.82646,-105.84432
376503,Wabayuma Peak,IB,163.33,USA,34.95961,-113.99235
376531,Waldo Lake,IB,149.19,USA,43.77265,-122.07196
376584,Warm Springs,IB,457.44,USA,34.89465,-114.29803
376604,Washakie,IB,2808.25,USA,44.08998,-109.56912
376668,Wee Thump Joshua Tree,IB,26.26,USA,35.53717,-115.09517
376673,Weepah Spring,IB,208.00,USA,37.96300,-115.09101
376683,Welcome Creek,IB,114.31,USA,46.59083,-113.73312
376698,Wellsville Mountain,IB,92.44,USA,41.63791,-112.02331
376699,Weminuche,IB,2024.67,USA,37.59990,-107.29044
376721,West Clear Creek,IB,62.59,USA,34.54781,-111.53546
376722,West Cold Springs,IB,72.98,USA,40.89156,-109.00109
376727,West Elk,IB,713.99,USA,38.69096,-107.27393
376751,West Malpais,IB,161.68,USA,34.80771,-108.08266
376762,Mount Riley,IB,33.93,USA,31.91389,-107.06671
376803,Wet Beaver,IB,25.00,USA,34.66894,-111.59537
376813,Wheeler Peak,IB,77.51,USA,36.58555,-105.45477
376820,Whipple Mountains,IB,323.16,USA,34.30626,-114.37074
376839,White Mountain,IB,191.28,USA,33.48044,-105.77935
376861,White Rock Range,IB,97.92,USA,38.19555,-114.09755
376896,Wichita Mountains Wilderness North Mountain Unit,IB,39.60,USA,34.75210,-98.72459
376948,William O. Douglas,IB,683.73,USA,46.80573,-121.29861
377016,Winegar Hole,IB,43.15,USA,44.10266,-110.97196
377044,Withington,IB,76.19,USA,33.88823,-107.45306
377148,Woolsey Peak,IB,262.55,USA,33.13443,-112.91239
377158,Worthington Mountains,IB,123.98,USA,37.85864,-115.63832
377207,Yellowstone,II,8900.87,USA,44.62070,-110.49008
377228,Nunivak,IB,2407.77,USA,59.97885,-166.50423
378372,Uchter Moor,IV,32.35,DEU,52.49555,8.81338
378839,"Põhja-Kõrvemaa LKA, Jussi skv.",IB,70.37,EST,59.36606,25.72557
379171,"Alam-Pedja LKA, Põltsamaa raba skv.",IB,66.45,EST,58.50763,26.07556
382070,2014203 Norra Mora Vildmark,IB,149.10,SWE,61.53579,14.15734
382221,2013928 Tunturit,IB,123.01,SWE,67.20371,21.84917
384119,2005553 Arådalen,IB,114.45,SWE,62.90044,13.65922
387360,Riedingtal,IV,26.71,AUT,47.17982,13.37743
387424,Naturschutzgebiet Tiroler Lech,IV,41.41,AUT,47.38983,10.47834
387442,Abernethy,II,127.60,GBR,57.16773,-3.60304
387444,Invereshie and Inshriach,IV,37.32,GBR,57.09398,-3.85332
387445,Forsinard Flows,II,153.88,GBR,58.38171,-3.85457
387447,West Inverness-shire Lochs,IV,29.67,GBR,57.12960,-5.00614
387524,Holmvassdalen,IA,60.03,NOR,65.27451,13.21129
387567,Sankkjølen,IA,25.22,NOR,63.16294,11.98392
387601,Langfjorddalen/Laggu,IA,28.00,NOR,70.54968,27.42899
388663,Marine De La Réunion,IV,35.49,REU,-21.14885,55.27460
388666,Lucifer Dekou Dekou,IB,643.06,GUF,4.78575,-53.91915
388667,Guyane (Parc Amazonien),II,20218.28,GUF,3.28900,-53.32865
388669,Réunion,II,1055.44,REU,-21.12585,55.57860
388724,Moycullen Bogs NHA,IV,31.96,IRL,53.29731,-9.19523
388752,Tullaghan Bay & Bog NHA,IV,28.51,IRL,54.09217,-9.85398
388852,Biotope De L\'Écrevisse À Pattes Blanches Et De La Truite Fario,IV,49.26,FRA,47.68693,6.22883
388859,Lagoas de Santo Andre e da Sancha,IV,52.65,PRT,38.05415,-8.82048
388957,Tronqueira e Planalto dos Graminhais,IV,53.74,PRT,37.79767,-25.22980
389000,Serra de Tramuntana,IV,34.60,ESP,39.77707,2.78021
389001,Lagunas de Villafafila,IV,325.57,ESP,41.82006,-5.60507
389011,Sierra Nevada,II,859.50,ESP,37.07590,-3.10574
389012,Doñana,II,533.47,ESP,36.96855,-6.40681
389013,El Teide,II,188.28,ESP,28.26694,-16.60597
389024,Hoces del Cabriel,II,314.62,ESP,39.41834,-1.32347
389025,Chera-Sot de Chera,II,65.01,ESP,39.59625,-0.94177
389026,Puebla de San Miguel,II,63.48,ESP,40.06241,-1.13172
389027,Turia,II,47.35,ESP,39.55620,-0.58970
389029,Lagunas Glaciares de Neila,IV,62.82,ESP,42.05344,-2.98989
389035,Serra de Tramuntana,II,630.22,ESP,39.76935,2.78073
389040,Serpis,III,127.24,ESP,38.83349,-0.33732
389042,Sierra de Bernia y Ferrer,III,28.00,ESP,38.68406,-0.02078
389043,Serra del Maigmó y Serra del Sit,III,156.40,ESP,38.52012,-0.69754
389200,Macizo Volcánico de Calatrava,III,36.93,ESP,38.76830,-3.91662
389355,Marjal y Estany de la Ribera Sur del Xuquer,IV,34.26,ESP,39.13533,-0.32304
389357,Parque Natural de l'Albufera de València,II,209.14,ESP,39.30531,-0.31426
389571,Aland-Elbe-Niederung,IV,60.08,DEU,52.95707,11.76458
389608,Ith,IV,27.13,DEU,52.02608,9.59382
389965,Peenetal von Salem bis Jarmen,IV,67.19,DEU,53.88532,13.07261
389986,Untere Havel Süd,IV,39.43,DEU,52.53863,12.38822
390443,Parco naturale regionale Serre,IV,176.47,ITA,38.61977,16.33097
390444,Parco nazionale dell'Appennino Lucano - Val d'Agri - Lagonegrese,II,690.42,ITA,40.33626,15.87799
390445,Parco nazionale  dell'Alta Murgia,II,680.65,ITA,40.97470,16.41720
390446,Area marina protetta Torre del Cerrano,IV,34.17,ITA,42.59250,14.11571
390447,Area marina protetta Regno di Nettuno,IV,112.64,ITA,40.78283,13.92904
390448,Area marina protetta Santa Maria di Castellabate,IV,70.91,ITA,40.27684,14.87798
390454,Parco naturale dell'Alto Garda Bresciano,IV,56.85,ITA,45.75099,10.62566
390470,Parco naturale regionale Fiume Ofanto,IV,248.82,ITA,41.18067,15.88729
390477,Parco naturale regionale Terra delle Gravine,IV,276.23,ITA,40.60433,17.09926
390490,Parco naturale della Pineta di Appiano Gentile e Tradate,IV,36.76,ITA,45.72974,8.93327
390493,Area marina protetta Secche della Meloria,IV,93.78,ITA,43.56291,10.17714
390976,2014914 Kosterhavets nationalpark,II,388.04,SWE,58.84767,10.97793
391926,Plaine Des Maures,IV,52.58,FRA,43.35853,6.41426
391966,Ecrevisse À Pattes Blanches Et Faune Patrimoniale Associée (39),IV,38.98,FRA,46.78662,5.78119
391967,Ecrevisse À Pattes Blanches Et Faune Patrimoniale Associée (25),IV,36.46,FRA,47.09889,6.32963
391973,Golfe Du Morbihan,IV,73.58,FRA,47.59315,-2.79470
392017,Lac de grand lieu,IV,27.83,FRA,47.09422,-1.68897
392023,Etangs et marais des salins de camargue,IV,65.29,FRA,43.40263,4.63513
392891,"Ethniko Parko Limnis Kerkinis - Perioches Prostasias tis Fysis P1, P2, P3, P4 Ethnikou Parkou Limnis kerkinis",IV,86.34,GRC,41.25881,23.21918
392893,"Ethniko Parko Axiou - Perioches Apolytis Prostasias tis Fysis AP1, AP2, AP3, AP4",IV,35.54,GRC,40.55306,22.71773
392894,"Ethniko Parko Axiou - Perioches Prostasias tis Fysis B1, B2, B3, B4, B5, B6, B7",IV,37.50,GRC,40.53112,22.72772
392895,"Ethniko Parko Axiou - Perioches Prostasias tis Fysis PD1, PD2, PD3, PD4",IV,114.13,GRC,40.59284,22.70859
392901,"Ethniko Parko Limnon Mikris kai Megalis Prespas - Zones Prostasias tis Fysis B1, B3, B5, B7",IV,44.25,GRC,40.83146,21.11820
392908,Ethniko Parko Oreinon Ogkon Chelmou - Vouraikou - Periochi Prostasias tis Fysis A3 Farangiou Vouraikou,II,47.21,GRC,38.11928,22.18077
392917,Sør-Smøla,IV,183.19,NOR,63.29212,7.86418
392918,Sjunkhatten,II,417.64,NOR,67.43687,15.07145
392924,Midt-Smøla,IA,40.23,NOR,63.37592,8.04351
393044,Jan Mayen,IB,4678.56,SJM,70.99238,-8.49565
393048,Rohkunborri,II,555.98,NOR,68.54636,19.01487
395341,Lomsdal-Visten,II,1102.43,NOR,65.55234,12.87594
395361,Lone,IA,28.59,NOR,59.18160,8.86833
395372,Breheimen,II,1692.39,NOR,61.76985,7.92125
396160,Nida-Pērkone,IV,366.91,LVA,56.26735,20.89919
396161,Akmensrags,IV,258.28,LVA,56.77736,21.02986
396162,Irbes šaurums,IV,1723.15,LVA,57.70455,21.99649
396163,Rīgas līča rietumu piekraste,IV,1322.77,LVA,57.36580,23.11672
396164,Selga uz rietumiem no Tūjas,IV,586.47,LVA,57.35406,24.15732
396165,Vitrupe - Tūja,IV,35.96,LVA,57.57027,24.35922
396166,Ainaži - Salacgrīva,IV,71.19,LVA,57.84082,24.27465
396214,Lasy Naturalne Puszczy Białowieskiej,IV,85.94,POL,52.74887,23.75360
398136,Bergösmfvatten.fredningsomr.,IB,182.26,FIN,63.00702,20.91949
444410,Big Lake,IV,44.18,USA,35.92076,-90.11975
444412,Big Stone,IV,46.45,USA,45.24183,-96.36821
444416,Cat Island,IV,43.78,USA,30.78274,-91.49297
444417,Catahoula,IV,102.33,USA,31.60017,-91.99349
444420,Des Lacs,IV,56.60,USA,48.79345,-102.10637
444424,Glacial Ridge,IV,93.44,USA,47.70224,-96.28758
444431,Lacassine,IV,134.73,USA,29.97643,-92.87168
444432,Lacreek,IV,67.06,USA,43.11154,-101.60795
444433,Lake Alice,IV,49.50,USA,48.33351,-99.10878
444436,Lostwood,IV,110.60,USA,48.58809,-102.46195
444439,Mingo,IV,87.82,USA,36.99402,-90.18241
444440,Minnesota Valley,IV,42.24,USA,44.86796,-93.43790
444441,Necedah,IV,178.22,USA,44.14970,-90.16742
444447,Pond Creek,IV,109.54,USA,33.85565,-94.25386
444449,Red River,IV,61.14,USA,31.97372,-93.21498
444450,Rice Lake,IV,73.14,USA,46.53219,-93.35791
444454,Seney,IV,385.65,USA,46.46476,-85.60942
444457,Shiawassee,IV,40.89,USA,43.37760,-83.96847
444462,Tamarac,IV,175.74,USA,46.98873,-95.62534
444463,Upper Mississippi River National,IV,165.61,USA,43.04233,-91.11080
478036,Naurzum Lake System,IB,1922.87,KAZ,51.54153,64.22976
478037,Zharsor-Urkash Lake System,IV,293.41,KAZ,51.30313,62.73004
478060,Esteros de Farrapos e Islas del Río Uruguay,II,164.33,URY,-32.82490,-58.09644
478062,Cabo Polonio,II,243.33,URY,-34.40160,-53.76603
478063,Cerro Verde,IV,87.13,URY,-33.94867,-53.48098
478068,Armando Bermúdez,II,802.21,DOM,19.15392,-71.12044
478071,Bancos de La Plata y La Navidad,IA,33439.17,DOM,20.06976,-69.81889
478075,Cabo Cabrón,II,35.62,DOM,19.32059,-69.27003
478082,Cayos Siete Hermanos,IV,115.72,DOM,19.86458,-71.81384
478089,Ébano Verde,IA,29.62,DOM,19.06589,-70.55175
478092,Estero Hondo,IA,32.53,DOM,19.85237,-71.15475
478097,Hoyo Claro,III,39.32,DOM,18.54249,-68.44574
478098,Humedales del Bajo Yaque del Sur,IV,58.44,DOM,18.29502,-71.09869
478099,Humedales del Ozama,II,46.44,DOM,18.59129,-69.80538
478101,José del Carmen Ramírez,II,749.44,DOM,19.02034,-71.06014
478104,Lago Enriquillo e Isla Cabritos,II,404.48,DOM,18.48296,-71.63910
478106,Laguna Cabral o Rincón,IV,56.00,DOM,18.28909,-71.23798
478107,Laguna Saladilla,IV,31.08,DOM,19.66288,-71.72573
478108,Lagunas Cabarete y Goleta,III,72.00,DOM,19.72135,-70.43313
478109,Lagunas Redonda y Limón,IV,25.63,DOM,18.99848,-68.89180
478110,Las Caobas,III,105.32,DOM,18.58440,-71.82841
478113,Las Neblinas,IA,40.78,DOM,19.01241,-70.50774
478120,Loma Quita Espuela,IA,71.47,DOM,19.38427,-70.13594
478121,Los Cacheos,III,55.69,DOM,18.55695,-71.91339
478122,Manglar de la Jina,IV,52.91,DOM,19.01964,-69.15911
478124,Manglares del Bajo Yuna,II,121.22,DOM,19.17611,-69.69690
478125,Manglares de Estero Balsa,II,56.48,DOM,19.76027,-71.72777
478128,Montaña La Humeadora,II,305.51,DOM,18.68346,-70.32582
478129,Monumento Natural Miguel Domingo Fuerte,III,33.51,DOM,18.11256,-71.19341
478130,Nalga de Maco,II,165.67,DOM,19.23973,-71.47477
478135,Río Chacuey,IV,38.74,DOM,19.60358,-71.54810
478136,Río Cumayasa y Cueva de las Maravillas,III,88.83,DOM,18.48121,-69.09983
478140,Sierra de Neiba,II,182.81,DOM,18.63797,-71.57069
478141,Sierra Martín García,II,261.42,DOM,18.33752,-71.01328
478142,Valle Nuevo,II,906.35,DOM,18.78335,-70.67017
478389,Baekdudaegan Mountains Reserve,IV,2779.92,KOR,36.86655,128.26579
478405,Botum Sakor,II,1469.57,KHM,11.16954,103.26435
478415,Refúgio De Vida Silvestre De Una,III,232.62,BRA,-15.18836,-39.13094
478419,Parque Nacional Nascentes Do Lago Jari,II,8085.99,BRA,-5.77047,-62.59423
478424,Monumento Natural Do Rio São Francisco,III,267.37,BRA,-9.48063,-38.00024
478431,Parque Nacional Mapinguari,II,17750.85,BRA,-8.50477,-64.62435
478494,Arie Parque Jk,IV,29.87,BRA,-15.85167,-48.10275
478523,Estação Ecológica Do Rio Preto,IA,47.61,BRA,-10.96749,-44.98869
478551,Monumento Natural Das Árvores Fossilizadas Do Estado Do Tocantins,III,325.49,BRA,-7.46968,-47.77973
478555,Reserva Biologica Estadual Do Sassafras,IA,50.73,BRA,-26.78072,-49.58676
478565,"Parque Estadual Da Lapa Grande ""Paulinho Ribeiro""",II,153.73,BRA,-16.70237,-43.96411
478566,Parque Estadual Serra Da Candonga,II,33.30,BRA,-18.89530,-42.96158
478567,Parque Estadual Serra Nova E Talhado,II,498.56,BRA,-15.73547,-42.79529
478568,Parque Estadual Cunhambebe,II,380.77,BRA,-22.90985,-44.11648
478570,Parque Estadual Serra Do Intendente,II,135.12,BRA,-19.04085,-43.60032
478571,Parque Estadual Da Serra Do Cabral,II,224.45,BRA,-17.83718,-44.23661
478576,Parque Estadual Alto Do Cariri,II,59.72,BRA,-16.33978,-39.99929
478577,Refúgio Estadual De Vida Silvestre Mata Dos Muriquis,III,26.93,BRA,-16.41704,-40.06545
478580,Parque Estadual Caminho Dos Gerais,II,562.19,BRA,-15.05707,-42.97133
478586,Parque Estadual Da Ilha Grande,II,120.90,BRA,-23.15252,-44.23540
478636,Central Marshes,II,1396.40,IRQ,31.14796,46.94405
555521,Balsam Lake Mountain,IB,55.14,USA,42.04568,-74.62585
555527,Big Indian,IB,136.63,USA,42.04291,-74.56312
555533,Blue Ridge,IB,191.63,USA,43.79005,-74.46926
555557,Dry Brook Ridge,IB,37.93,USA,42.10189,-74.66912
555559,Five Ponds,IB,519.22,USA,44.03050,-74.88789
555564,Ha-De-Ron-Dah,IB,104.57,USA,43.72037,-75.08296
555569,Hoffman Notch,IB,155.87,USA,43.89811,-73.85391
555573,Hurricane Mountain,IB,56.59,USA,44.25172,-73.71112
555574,Independence River,IB,320.53,USA,43.77826,-75.08960
555575,Indian Head,IB,70.09,USA,42.12462,-74.13739
555577,Jay Mountain,IB,31.87,USA,44.30870,-73.66749
555578,Jessup River,IB,195.73,USA,43.57425,-74.38477
555582,Kaaterskill,IB,32.41,USA,42.16498,-74.07204
555594,McKenzie Mountain,IB,151.52,USA,44.35622,-73.99525
555597,Delaware,IB,119.72,USA,42.01353,-74.84962
666620,St. Marks National Wildlife Refuge.Wilderness Area,IB,70.84,USA,30.06431,-84.22194
666621,Swanquarter National Wildlife Refuge,IV,67.35,USA,35.38354,-76.30312
666624,Catfish Lake South,IB,34.36,USA,34.92393,-77.14042
666626,Linville Gorge,IB,48.18,USA,35.88482,-81.90129
666627,Middle Prong,IB,30.28,USA,35.33690,-82.94597
666629,Pocosin,IB,47.76,USA,34.78374,-77.01358
666631,Sheep Ridge,IB,37.70,USA,34.91349,-77.03970
666632,Shining Rock,IB,74.78,USA,35.38873,-82.86915
666639,Charlotte Harbor Preserve State Park,IV,183.23,USA,26.74451,-82.14468
666642,Crystal River Preserve State Park,IV,113.35,USA,28.86621,-82.66664
666646,Estero Bay Preserve State Park,IV,45.79,USA,26.42548,-81.92052
666649,Fakahatchee Strand State Preserve,IV,289.52,USA,26.01541,-81.42890
666656,Jonathan Dickinson State Park,IV,46.49,USA,26.99018,-80.13424
666669,St. Sebastian River Preserve State Park,IV,87.50,USA,27.81707,-80.56384
666672,Waccasassa Bay State Preserve,IV,137.92,USA,29.12396,-82.85118
900563,Mid-Pripyat State Landscape Zakaznik,IV,931.35,BLR,52.13728,27.04976
900564,Olmany Mires Zakaznik,IV,942.93,BLR,51.77740,27.32843
900583,Bertha's Beach,II,29.67,FLK,-51.90567,-58.40507
900591,Lake Bogoria,IV,99.00,KEN,0.26392,36.10122
900595,Reserve de Chat TBoul,II,72.19,MRT,16.56484,-16.41693
900597,Complexe Kokorou-Namga,IB,668.40,NER,14.19484,0.93174
900598,Zone humide du moyen Niger,IB,522.76,NER,12.16690,3.15369
900599,Lac Tchad,IV,3386.29,NER,14.07346,13.31922
900673,"Chongming Dongtan Nature Reserve, Shanghai",IA,326.19,CHN,31.51290,121.92200
900674,Dafeng National Nature Reserve,IV,780.16,CHN,33.22955,120.77330
900675,"Dalai Lake National Nature Reserve, Inner Mongolia",IA,7334.69,CHN,48.61205,117.50083
900676,Dalian National Spotted Seal Nature Reserve,IV,1170.19,CHN,39.06537,121.29546
900682,Shankou Mangrove Nature Reserve,IA,40.20,CHN,21.54559,109.70407
900684,Xingkai Lake National Nature Reserve,IA,2224.86,CHN,45.28715,132.55715
900690,Niger-Niandan-Milo,IV,13990.21,GIN,10.37092,-9.44387
900693,Sankarani-Fié,IV,16493.59,GIN,10.40206,-8.48964
900694,Tinkisso,IV,12289.85,GIN,10.97526,-10.77345
900699,Cayos Miskitos y Franja Costera Inmediata,IA,8914.56,NIC,14.19499,-83.07652
900700,Delta del Estero Real y Llanos de Apacunca,IV,877.94,NIC,12.91278,-87.20568
900702,Refugio de Vida Silvestre Río San Juan,IV,434.28,NIC,10.93697,-84.00572
900742,Veluwerandmeren,IV,61.24,NLD,52.40032,5.66867
900746,IJsselmeer,IV,1133.54,NLD,52.81346,5.36322
900747,Lauwersmeer,II,57.54,NLD,53.36624,6.21371
900749,Markermeer & IJmeer,II,684.74,NLD,52.50801,5.22264
900752,North Sea Coastal Area,IV,1444.69,NLD,53.11072,5.56303
900754,Belene Islands Complex,IA,183.35,BGR,43.65558,25.08210
900755,Ibisha Island,IB,33.61,BGR,43.80574,23.53953
900759,Kotra,IV,104.65,BLR,53.93888,24.55595
900760,Osveiski,IV,305.88,BLR,56.08994,28.18280
900761,Yelnia,IV,253.20,BLR,55.55924,27.85380
900762,Zvanets,IV,162.32,BLR,52.04948,24.86419
900798,Wieden,II,90.21,NLD,52.70234,6.05069
900799,Haringvliet,IV,109.48,NLD,51.77201,4.20815
900801,Bliksvaer,IA,43.19,NOR,67.27068,14.01784
900804,Havmyran,IA,38.65,NOR,63.50760,8.62233
900805,Hynna,IA,64.36,NOR,61.24401,9.86630
900806,Karlsøyvær,IA,49.40,NOR,67.56680,14.66709
900807,Kvisleflået,IA,56.84,NOR,61.79725,12.08921
900808,Øvre Forra,IA,102.55,NOR,63.60430,11.62065
900809,Skogvoll,IA,55.49,NOR,69.16196,15.82786
900826,Aloppkölen-Köpmankölen,IA,196.18,SWE,62.63606,13.63791
900827,Asköviken-Sörfjärden,IV,122.58,SWE,59.45362,16.68507
900828,Blekinge skärgård,IV,129.68,SWE,56.09532,15.46057
900829,Färnebofjärden,IA,168.76,SWE,60.18668,16.83262
900830,Dumme mosse,IB,31.01,SWE,57.77641,14.00348
900834,Komosse,IB,42.91,SWE,57.68508,13.70086
900836,Mörrumsån-Pukavik,IA,25.59,SWE,56.22788,14.73063
900839,Oldflån-Flån,IA,105.98,SWE,63.80464,13.78769
900841,Svensksundsviken-Ållonöfjärden,III,35.32,SWE,58.61177,16.45920
900842,Storkölen,IB,69.94,SWE,61.78804,12.25125
900844,Tönnersjöheden-Årshultsmyren,IV,123.94,SWE,56.72903,13.30774
900846,Västra Roxen,IA,41.11,SWE,58.47823,15.56591
900886,Private Reserve of Natural Heritage Sesc Pantanal (Reserva Particular do Patrimonio Natural SESC Pantanal),II,874.59,BRA,-16.64849,-56.24255
900891,Hollands Diep,IV,42.25,NLD,51.70105,4.51829
900892,Ketelmeer and Vossemeer,IV,38.43,NLD,52.58094,5.74851
900893,Oostelijke Vechtplassen,IV,64.76,NLD,52.21140,5.08252
900894,"Oudegaasterbrekken, Fluessen and surroundings",IV,30.54,NLD,52.94519,5.53196
900896,Veerse Meer,IV,25.39,NLD,51.55122,3.74620
900898,Voordelta,IV,922.68,NLD,51.76493,3.65590
901217,Tanamunningen,IA,33.91,NOR,70.49201,28.41007
901218,Grevelingen,IV,137.53,NLD,51.73681,3.99479
901296,Le Lac Alaotra : Les Zones Humides et Bassins Versants,IV,7226.27,MDG,-17.62565,48.37109
902319,Humedal de Bahía de Panamá,IV,856.18,PAN,8.88099,-79.02142
902369,Dallol Bosso,IV,8921.40,NER,13.21560,2.95421
902370,Dallol Maouri,IV,3177.41,NER,12.31606,3.59293
902381,Dnipro-Oril Floodplains,IA,25.60,UKR,48.50879,34.78734
902384,Perebrody Peatlands,IA,129.38,UKR,51.69463,27.11472
902415,Les Hautes Fagnes,IV,100.04,BEL,50.53462,6.13607
902679,Zambezi Delta,IV,31656.74,MOZ,-17.92048,35.97895
902683,Dashanbao,IA,59.59,CHN,27.42394,103.32002
902684,Eling Lake,IA,659.36,CHN,34.93218,97.69769
902685,Lashihai Wetland,IA,35.62,CHN,26.86976,100.13634
902686,Maidika,IA,435.31,CHN,31.02288,92.81658
902687,Mapangyong Cuo,IA,738.40,CHN,30.72471,81.36103
902689,Shuangtai Estuary,IA,1280.56,CHN,40.98065,121.74748
902690,Zhaling Lake,IA,649.32,CHN,34.89397,97.27367
902698,Codrington Lagoon,IA,27.47,ATG,17.66189,-61.85014
902737,Gueltas et Oasis de l'Aïr,IB,49245.76,NER,18.95947,8.92859
902738,La Mare de Dan Doutchi,IB,383.66,NER,14.36714,4.70240
902739,La Mare de Lassouri,IB,344.54,NER,14.08488,9.58497
902740,La Mare de Tabalak,IB,1073.21,NER,15.08669,5.85651
902741,Oasis du Kawar,IV,3393.85,NER,19.45020,12.84590
902752,Druzno Lake Nature Reserve,IB,31.25,POL,54.08554,19.45086
902754,Poleski National Park,II,97.59,POL,51.41270,23.19434
902756,Wigry National Park,II,150.89,POL,54.07247,23.11607
902766,Kauhaneva - Pohjankangas National Park,II,68.56,FIN,62.18822,22.41146
902775,Lätäseno-Hietajoki Mires,IB,435.16,FIN,68.65749,22.34050
902776,Lemmenjoki National Park,II,2859.66,FIN,68.59811,25.66762
902779,Olvassuo Mires,IA,270.73,FIN,65.13091,27.20826
902786,Sammuttijänkä - Vaijoenjänkä Mires,IB,528.29,FIN,69.45844,27.64431
902790,Teuravuoma - Kivijärvenvuoma Mires,IB,57.85,FIN,67.33646,24.09349
902799,Iles Ehotilé-Essouman,II,272.46,CIV,5.15410,-3.23048
902810,Keramashoto Coral Reef,II,82.91,JPN,26.19985,127.40972
902885,Prostyr,IA,95.51,BLR,51.92211,26.14817
903022,Pestersko polje,IV,34.22,SRB,43.07513,20.12614
903025,Akanda,II,538.88,GAB,0.58098,9.55415
903026,Pongara,II,958.72,GAB,0.14485,9.61960
903038,Site Ramsar du Complexe W,II,9269.27,BEN,11.73120,2.51053
903060,Makuleke Wetlands,II,107.99,ZAF,-22.39248,31.18444
903095,Sookuninga,IB,58.99,EST,57.99708,24.82978
903104,Apoi Creek Forests,IV,297.15,NGA,4.70000,5.80365
903105,Baturiya Wetland,IV,1011.09,NGA,12.55776,10.49246
903107,Foge Islands,II,42.07,NGA,10.52231,4.56372
903111,Pandam and Wase Lakes,IV,197.58,NGA,8.70592,8.98468
999915,Haleakala,II,139.10,USA,20.69941,-156.14857
1111115,Black Mountain,IB,84.90,USA,35.12243,-117.20096
1111116,El Paso Mountains,IB,98.56,USA,35.50801,-117.86648
1111118,Kingston Range,IB,1078.73,USA,35.63693,-115.99303
1111120,Sacatar Trail,IB,214.60,USA,35.95788,-118.00468
1111122,Steens Mountain,IB,705.07,USA,42.55043,-118.75029
1111123,Surprise Canyon,IB,100.86,USA,36.13373,-117.21018
1111126,Alvord Desert,IB,957.54,USA,42.57500,-118.21373
1111127,Blitzen River,IB,129.41,USA,42.73135,-118.87502
1111128,Blue Canyon,IB,51.11,USA,43.24550,-117.44841
1111129,Camp Creek,IB,80.51,USA,43.63371,-117.82322
1111131,Cottonwood Creek,IB,32.84,USA,43.62037,-117.78801
1111133,Diablo Mountain,IB,480.27,USA,42.90509,-120.59311
1111137,Four Craters Lava Bed,IB,50.48,USA,43.34900,-120.64322
1111138,Gold Creek,IB,55.04,USA,43.73705,-117.81739
1111141,High Steens,IB,57.05,USA,42.67245,-118.56929
1111144,Jordan Craters,IB,112.43,USA,43.11605,-117.42813
1111145,Lower Owyhee Canyon,IB,304.09,USA,43.07451,-117.66061
1111147,North Pole Ridge,IB,29.61,USA,45.11976,-120.47331
1111148,Oregon Canyon,IB,170.37,USA,42.13682,-117.95958
1111149,Orejana Canyon,IB,97.70,USA,42.87582,-119.48015
1111150,Owyhee Breaks,IB,53.09,USA,43.20126,-117.52697
1111152,Rincon,IB,439.05,USA,42.17403,-118.92922
1111153,Sand Hollow,IB,37.89,USA,43.96743,-120.11999
1111155,Sheepshead Mountains,IB,213.80,USA,42.93234,-118.17118
1111156,Slocum Creek,IB,30.50,USA,43.28747,-117.29435
1111157,Soda Mountain,IB,100.06,USA,42.04484,-122.47013
1111161,Squaw Ridge Lava Bed,IB,116.03,USA,43.47518,-120.74011
1111162,Table Mountain,IB,162.05,USA,42.78955,-118.28420
1111166,Wildcat Canyon,IB,140.70,USA,42.79074,-118.09265
1111167,Willow Creek,IB,120.89,USA,42.14729,-118.21207
1111170,Cummins/Gwynn Creeks,IA,26.44,USA,44.25893,-124.04368
1111173,Kalmiopsis,IB,729.05,USA,42.24440,-123.97005
1111174,Mark O. Hatfield,IB,264.80,USA,45.60687,-121.87984
1111176,Mount Washington,IB,220.18,USA,44.29418,-121.87577
1111177,North Fork Umatilla,IB,81.80,USA,45.71444,-118.12059
1111178,Opal Creek,IB,84.08,USA,44.84107,-122.24117
1111179,Scapegoat,IB,1051.31,USA,47.30150,-112.79814
1111190,Death Valley,IB,12912.17,USA,36.47030,-117.13653
1111191,Mojave,IB,3173.40,USA,35.15310,-115.55675
1111192,Sequoia-Kings Canyon,IB,3109.41,USA,36.77402,-118.58537
1111193,Yosemite,IB,2849.80,USA,37.84016,-119.54290
1111275,Lost Trail,IV,34.48,USA,48.17636,-114.88269
1111284,Sacramento,IV,44.17,USA,39.40734,-122.16548
1111286,San Diego,IV,50.46,USA,32.78761,-117.00462
2222142,Zion,IB,503.35,USA,37.32282,-113.06064
3333336,San Bernard National Wildlife Refuge,IV,251.30,USA,29.10376,-95.57094
3333354,Mission-Aransas National Estuarine Research Reserve,IV,751.39,USA,28.07564,-97.02520
3333372,Attwater Prairie Chicken,IV,42.77,USA,29.69136,-96.26522
4444226,Horicon,IV,108.69,USA,43.58613,-88.64134
4444320,Black Fork Mountain,IB,54.49,USA,34.71948,-94.43504
4444323,Charles C. Deam,IB,50.74,USA,39.03319,-86.34352
4444325,Delirium,IB,48.37,USA,46.29919,-84.71188
4444328,Headwaters,IB,89.44,USA,45.82026,-88.95711
4444331,Irish,IB,66.81,USA,36.73455,-91.17636
4444332,Leatherwood,IB,67.95,USA,36.08505,-92.38675
4444333,Lusk Creek,IB,26.84,USA,37.53132,-88.52676
4444334,Mackinac,IB,46.24,USA,46.06399,-84.84928
4444335,Mccormick,IB,69.54,USA,46.68439,-87.99424
4444337,Paddy Creek,IB,28.65,USA,37.54111,-92.08390
4444339,Piney Creek,IB,33.12,USA,36.68013,-93.61454
4444341,Rainbow Lake,IB,29.04,USA,46.41586,-91.30219
4444344,Sturgeon River Gorge,IB,67.68,USA,46.60757,-88.70015
4444345,Sylvania,IB,74.62,USA,46.21368,-89.30417
4444346,Whisker Lake,IB,29.72,USA,45.95281,-88.45895
4444387,Badlands,IB,249.85,USA,43.83197,-102.24742
4444406,Badlands,II,450.54,USA,43.71437,-102.34686
4444407,Theodore Roosevelt,II,282.13,USA,47.25994,-103.44352
4444408,Wind Cave,II,137.30,USA,43.56884,-103.44372
4444416,Isle Royale,IB,565.35,USA,48.04339,-88.78895
4444554,Southwest Michigan Great Lakes State Bottomland Preserve,IV,961.10,USA,42.35259,-86.46096
4444623,Keweenaw Great Lakes State Bottomland Preserve,IV,501.55,USA,47.31546,-88.18933
5555104,Pepperbox,IB,98.56,USA,43.93708,-75.10221
5555106,Phoenicia,IB,29.53,USA,42.06285,-74.25687
5555109,Pigeon Lake,IB,204.01,USA,43.85342,-74.78982
5555117,Saranac Lakes,IB,325.19,USA,44.31212,-74.18930
5555118,Sargent Ponds,IB,175.53,USA,43.96528,-74.49397
5555124,Siamese Ponds,IB,465.65,USA,43.61139,-74.20753
5555126,Silver Lake,IB,441.31,USA,43.35850,-74.39588
5555133,Sundown,IB,123.31,USA,41.88426,-74.41824
5555135,Taylor Pond,IB,154.57,USA,44.41494,-73.74736
5555160,Wilcox Lake,IB,506.22,USA,43.36857,-74.05603
5555165,Wilmington,IB,70.29,USA,44.39059,-73.81428
5555735,Canaan Valley,IV,68.75,USA,39.08916,-79.39061
5555736,Cape May National Wildlife Refuge,IV,49.00,USA,39.10352,-74.80164
5555740,Silvio O. Conte National Fish And,IV,109.63,USA,43.94683,-72.14139
5555746,Edwin B. Forsythe National Wildlife Refuge,IV,175.60,USA,39.74299,-74.27083
5555767,Missisquoi,IV,29.62,USA,44.97252,-72.69638
5555782,Patuxent Research,IV,51.91,USA,39.05040,-76.77650
5555785,Silvio O. Conte National Fish And,IV,40.05,USA,44.27507,-71.72785
6666100,Dahomey,IV,38.60,USA,33.71474,-90.92411
6666101,Hillside,IV,62.66,USA,33.06805,-90.26036
6666104,Lake Woodruff,IV,87.34,USA,29.08006,-81.42793
6666105,Lower Suwannee National Wildlife Refuge,IV,209.29,USA,29.33322,-83.11928
6666108,Mississippi Sandhill Crane National Wildlife Refuge,IV,81.59,USA,30.44966,-88.72295
6666109,Morgan Brake,IV,30.63,USA,33.21680,-90.18284
6666110,Sam D. Hamilton Noxubee,IV,195.59,USA,33.29613,-88.82855
6666112,Panther Swamp,IV,134.18,USA,32.87972,-90.53128
6666114,St. Catherine Creek,IV,100.80,USA,31.40641,-91.45819
6666117,Yazoo,IV,52.78,USA,33.08668,-90.98317
6666277,Guana Tolomato Matanzas National Estuarine Research Reserve,IV,259.40,USA,29.88131,-81.29286
11111184,Frank Church-River Of No Return,IB,9550.15,USA,45.06720,-115.15030
11111187,Wild Rogue,IB,144.63,USA,42.70033,-123.94023
11111188,Aldrich Mountain,IB,36.93,USA,44.37450,-119.50163
11111189,Alkali Creek,IB,38.40,USA,44.37810,-107.60557
11111190,Alkali Draw,IB,73.35,USA,42.04422,-108.79134
11111191,Antelope Creek,IB,52.25,USA,47.73918,-108.80448
11111192,Axolotl Lakes,IB,31.66,USA,45.21012,-111.89846
11111193,Basque Hills,IB,567.63,USA,42.29490,-119.07158
11111194,Beaver Dam Creek,IB,77.26,USA,44.09757,-118.07623
11111195,Bell/Limekiln Canyons,IB,37.95,USA,44.88408,-112.93260
11111200,Blacktail Mountains,IB,70.94,USA,44.98920,-112.54446
11111201,Bobcat Draw Badlands,IB,68.77,USA,44.15346,-108.45993
11111202,Bowden Hills,IB,239.06,USA,42.50428,-117.77988
11111204,Bridge Creek,IB,57.97,USA,42.82497,-118.76558
11111206,Buffalo Hump,IB,38.43,USA,42.03535,-109.29700
11111207,Burnt Lodge,IB,55.81,USA,47.75393,-107.42511
11111210,Cedar Mountain,IB,135.40,USA,43.28428,-117.71017
11111211,Cedar Mountain,IB,83.41,USA,43.84472,-108.11036
11111212,Centennial Mountains,IB,193.43,USA,44.55858,-111.78511
11111213,Clarks Butte,IB,126.73,USA,43.01099,-117.43559
11111214,Cougar Well,IB,78.25,USA,43.70315,-120.12216
11111215,Cow Creek,IB,42.41,USA,47.87119,-108.87789
11111218,Devil's Playground-Twin Buttes,IB,98.01,USA,41.16999,-109.71285
11111220,Dry Creek Buttes,IB,207.71,USA,43.43934,-117.39533
11111221,Dry Creek,IB,94.58,USA,43.55197,-117.48475
11111222,East Alvord,IB,89.59,USA,42.61652,-118.34321
11111223,East Fork Blacktail Deer Creek,IB,27.77,USA,44.85386,-112.19764
11111224,Alkali Basin-East Sand Dunes,IB,52.88,USA,41.95350,-108.60151
11111226,Ervin Ridge,IB,41.93,USA,47.81270,-109.18456
11111228,Fifteenmile Creek,IB,203.89,USA,42.18673,-118.08492
11111229,Fortification Creek,IB,50.72,USA,44.46969,-105.99136
11111230,Gardner Mountain,IB,25.31,USA,43.78196,-106.96861
11111231,Gerry Mountain,IB,90.16,USA,43.91013,-120.13865
11111232,Hampton Butte,IB,41.44,USA,43.73637,-120.17733
11111233,Hawk Mountain,IB,282.23,USA,42.05484,-119.07185
11111234,Heath Lake,IB,85.91,USA,42.92740,-118.30101
11111235,Henneberry Ridge,IB,38.77,USA,45.10957,-112.94071
11111236,Hidden Pasture Creek,IB,63.07,USA,44.70297,-112.80579
11111238,Homestead,IB,30.84,USA,44.99436,-116.87603
11111239,Honeycomb Buttes,IB,170.36,USA,42.25027,-108.67884
11111240,Honeycombs,IB,82.31,USA,43.91869,-107.61717
11111241,Hoodoo Mountain,IB,44.19,USA,46.75847,-112.88190
11111243,Lake Mountain,IB,55.40,USA,42.32251,-110.42482
11111244,Lankin Dome,IB,25.76,USA,42.53301,-107.59072
11111246,Lower Stonehouse,IB,30.21,USA,42.84822,-118.43214
11111247,Mahogany Ridge,IB,110.77,USA,42.10353,-118.32155
11111250,Medicine Lodge,IB,29.31,USA,44.34674,-107.48454
11111251,Miller Springs,IB,27.09,USA,42.51778,-107.39190
11111252,Musselshell Breaks,IB,34.89,USA,47.10374,-107.88785
11111256,North Fork Of The Powder River,IB,40.58,USA,43.94352,-106.93976
11111260,Palomino Hills,IB,219.70,USA,42.88541,-118.01838
11111261,Pats Cabin,IB,39.72,USA,44.69014,-120.33398
11111264,Pueblo Mountains,IB,299.82,USA,42.09585,-118.68701
11111267,Red Butte,IB,44.10,USA,44.22009,-108.24013
11111268,Red Creek Badlands,IB,35.57,USA,41.09853,-109.12488
11111269,Red Lake,IB,38.79,USA,41.96405,-108.45492
11111270,Red Mountain,IB,63.34,USA,42.05673,-118.43367
11111271,Ruby Mountains,IB,108.95,USA,45.30598,-112.23745
11111272,Saddle Butte,IB,347.32,USA,43.01351,-117.89355
11111273,Sage Hen Hills,IB,32.27,USA,42.01536,-119.23649
11111274,Sand Dunes,IB,66.67,USA,43.33051,-120.39260
11111275,Sand Dunes,IB,114.82,USA,42.03891,-109.20113
11111277,Savage Peak,IB,29.00,USA,42.49474,-107.31063
11111278,Seven Blackfoot,IB,81.56,USA,47.54306,-107.41788
11111280,Sheep Mountain,IB,91.84,USA,44.30742,-108.41859
11111282,South Fork Donner Und Blitzen,IB,113.29,USA,42.60359,-118.81888
11111283,South Pinnacles,IB,44.02,USA,42.00860,-108.72046
11111284,Spaulding,IB,276.81,USA,42.15028,-119.37664
11111285,Split Rock,IB,57.12,USA,42.51180,-107.50336
11111288,Stonehouse,IB,92.17,USA,42.97275,-118.36896
11111292,Sutton Mountain,IB,116.82,USA,44.67421,-120.19377
11111293,Terry Badlands,IB,172.97,USA,46.77476,-105.48484
11111294,Thirtymile,IB,30.85,USA,45.20726,-120.51382
11111296,Trapper Creek,IB,30.54,USA,44.48977,-107.60054
11111297,Twelvemile Creek,IB,113.83,USA,42.29801,-118.06848
11111299,Twin Coulee,IB,27.68,USA,46.70795,-109.21280
11111300,Wales Creek,IB,46.37,USA,46.89044,-113.21099
11111301,West Peak,IB,34.79,USA,42.75457,-118.38394
11111304,Wild Horse Basin,IB,52.52,USA,43.56619,-117.28098
11111305,Winter Range,IB,62.70,USA,42.71064,-118.27414
11111306,Woodhawk,IB,32.49,USA,47.76058,-108.97734
11111316,Charles M. Russell,IV,1595.96,USA,47.55838,-107.79155
11111321,Sheldon,IV,2332.93,USA,41.80151,-119.22439
11111341,Ul Bend National Wildlife Refuge_Wilderness Area,IB,77.01,USA,47.55551,-107.93045
11111370,Chewuch,IA,35.90,USA,48.78306,-120.05182
11111454,Anaconda Pintler,IB,642.45,USA,45.95653,-113.47603
11111455,Bull Of The Woods,IB,149.24,USA,44.88827,-122.10694
11111457,Gearhart Mountain,IB,91.52,USA,42.52650,-120.83967
11111458,Gospel-Hump,IB,832.26,USA,45.58271,-115.77214
11111459,Indian Heaven,IB,84.11,USA,46.00669,-121.77703
11111460,Lake Chelan-Sawtooth,IB,619.79,USA,48.29331,-120.48001
11111461,Noisy-Diobsud,IB,57.73,USA,48.64097,-121.53650
11111462,Rogue-Umpqua Divide,IB,144.67,USA,43.04110,-122.46815
11111463,Salmo-Priest,IB,167.16,USA,48.89823,-117.15820
11111464,Salmon-Huckleberry,IB,251.77,USA,45.25740,-121.91417
11111465,Selway-Bitterroot,IB,5457.85,USA,46.15738,-114.78548
11111512,Mount Rainier,IB,918.99,USA,46.85336,-121.68253
11111516,Glacier,II,4078.59,USA,48.61739,-113.85841
11115135,Beauty Mountain,IB,63.68,USA,33.44916,-116.73243
11115136,Bighorn Mountain,IB,48.79,USA,34.27506,-116.72672
11115137,Cache Creek,IB,124.56,USA,38.96476,-122.48477
11115138,Clipper Mountain,IB,144.42,USA,34.73551,-115.40577
11115140,Domeland,IB,382.11,USA,35.86752,-118.22802
11115141,Elkhorn Ridge,IB,45.04,USA,39.78471,-123.65260
11115144,Ibex,IB,124.09,USA,35.88604,-116.34777
11115147,Jacumba,IB,134.43,USA,32.67327,-116.00220
11115150,Kiavah,IB,183.10,USA,35.63124,-118.09670
11115152,Mesquite,IB,195.53,USA,35.65808,-115.61010
11115154,Otay Mountain,IB,69.19,USA,32.60022,-116.84149
11115155,Palen/Mccoy,IB,997.52,USA,33.84773,-115.03311
11115156,Pinto Mountains,IB,101.24,USA,34.00502,-115.79584
11115162,South Fork Eel River,IB,52.75,USA,39.79794,-123.62796
11115164,Stateline,IB,28.14,USA,35.64011,-115.47615
11115165,Stepladder Mountains,IB,339.07,USA,34.57757,-114.80655
11115166,Trilobite,IB,161.52,USA,34.64363,-115.55506
11115170,Yolla Bolly-Middle Eel,IB,746.32,USA,40.02647,-123.04718
11115171,Yuki,IB,225.57,USA,39.63047,-123.03301
11115172,Timbered Crater,IB,73.19,USA,41.17419,-121.44187
11115195,Sonny Bono Salton Sea,IV,200.11,USA,33.15695,-115.72676
11115234,Manzanita Creek,IA,30.07,USA,40.78866,-123.21841
11115289,Caribou,IB,84.33,USA,40.48975,-121.21303
11115290,Carson-Iceberg,IB,643.73,USA,38.46561,-119.77781
11115291,Chanchelulla,IB,32.46,USA,40.46367,-122.97529
11115292,Chumash,IB,152.94,USA,34.80179,-119.21843
11115293,Cucamonga,IB,52.64,USA,34.24310,-117.60821
11115294,Desolation,IB,259.18,USA,38.91879,-120.17824
11115296,Emigrant,IB,456.41,USA,38.17414,-119.75748
11115297,Garcia,IB,57.25,USA,35.24085,-120.32566
11115299,Hauser,IB,29.13,USA,32.68977,-116.60426
11115300,Hoover,IB,518.42,USA,38.12414,-119.39128
11115301,Ishi,IB,171.92,USA,40.11165,-121.77074
11115302,Kaiser,IB,88.97,USA,37.28344,-119.19100
11115306,Magic Mountain,IB,49.28,USA,34.39656,-118.33343
11115307,Matilija,IB,119.98,USA,34.55856,-119.40434
11115308,Mokelumne,IB,422.47,USA,38.59165,-119.99675
11115309,Monarch,IB,178.96,USA,36.84581,-118.80112
11115310,Mount Lassic,IB,29.43,USA,40.33601,-123.57545
11115312,Pleasant View Ridge,IB,108.61,USA,34.39005,-117.88852
11115313,Russian,IB,51.21,USA,41.31294,-122.95023
11115315,Sanhedrin,IB,43.16,USA,39.49849,-123.10549
11115318,Sespe,IB,888.48,USA,34.58422,-119.03013
11115319,Siskiyou,IB,728.03,USA,41.66669,-123.68088
11115320,Ventana,IB,955.84,USA,36.18241,-121.55122
11115335,Kings Canyon,II,1858.38,USA,36.91526,-118.65855
11115337,Lassen Volcanic,II,434.73,USA,40.46476,-121.43102
11115361,Phillip Burton,IB,134.30,USA,38.08307,-122.86969
11115362,Hain,IB,65.13,USA,36.49230,-121.19326
11116375,Lower Klamath,IV,179.36,USA,41.93667,-121.73421
11116377,Clear Lake,IV,89.43,USA,41.86271,-121.14395
55557451,Rappahannock River Valley National Wildlife Refuge,IV,35.97,USA,37.98610,-76.91626
55557484,Ottawa National Wildlife Refuge,IV,27.46,USA,41.55905,-83.05819
55557487,Caribou-Speckled Mountain,IB,45.47,USA,44.31395,-70.93979
55557492,Pemigewasset,IB,185.38,USA,44.13119,-71.52501
55557494,Presidential Range-Dry River,IB,111.71,USA,44.17091,-71.32350
55557495,Ramseys Draft,IB,26.61,USA,38.34361,-79.33251
55557496,Rich Hole,IB,26.43,USA,37.87165,-79.63732
55557497,Sandwich Range,IB,142.86,USA,43.92315,-71.42565
55557499,Saint Mary'S,IB,39.77,USA,37.92508,-79.10153
55557503,Wild River,IB,97.26,USA,44.28945,-71.11183
55557560,James River Face,IB,36.04,USA,37.58996,-79.43565
55557635,Joseph Battell,IB,49.92,USA,43.89209,-72.93261
55557687,Shenandoah,IB,333.20,USA,38.45961,-78.49600
55557750,Chazy Highlands,IB,196.66,USA,44.68854,-73.99871
55557867,Windham Blackhead Range,IB,68.76,USA,42.26407,-74.09428
555511472,Hunter-West Kill Mountain,IB,98.91,USA,42.14676,-74.30726
555511936,Yaigojé Apaporis,II,10534.94,COL,-0.61504,-70.28154
555511937,Selva de Florencia,II,100.17,COL,5.48729,-75.06822
555511938,Plantas Medicinales Orito - Ingi Ande,IB,103.88,COL,0.75879,-77.08520
555511939,Serranía de los Yariguíes,II,593.79,COL,6.62260,-73.47337
555511940,Complejo Volcánico Doña Juana Cascabel,II,656.45,COL,1.55548,-76.78651
555511941,Serranía de los Churumbelos  - Auka Wasi,II,972.23,COL,1.35378,-76.35604
555511950,Tanjung Panjang,IA,31.29,IDN,0.46422,121.76868
555511951,Kuala Lupak,IV,31.85,IDN,-3.47924,114.42771
555512020,Indian Mounds,IB,49.47,USA,31.33486,-93.73578
555512023,Upland Island,IB,53.60,USA,31.07883,-94.36030
555512024,Upper Kiamichi River,IB,43.70,USA,34.67374,-94.53316
555512043,Buffalo Lake,IV,31.30,USA,34.72731,-101.20894
555512044,Caddo Lake,IV,29.48,USA,32.67039,-94.13769
555512045,Crescent Lake,IV,185.81,USA,41.78709,-102.43952
555512046,Flint Hills,IV,75.08,USA,38.30376,-95.90920
555512050,Little River,IV,57.61,USA,33.95730,-94.66121
555512051,Lower Rio Grande Valley National Wildlife Refuge,IV,397.05,USA,26.21920,-98.13877
555512052,Mcfaddin,IV,266.50,USA,29.66667,-94.21264
555512055,Quivira,IV,89.69,USA,38.15113,-98.50979
555512056,Salt Plains,IV,85.89,USA,36.78427,-98.21513
555512064,Bomu,II,4124.64,COD,5.03634,25.80715
555512067,Lubudi Sampwe,IV,7324.94,COD,-9.77389,26.73408
555512072,Yangambi,IA,2393.14,COD,0.93410,24.70977
555512073,Bomu,IB,6546.40,COD,4.75592,24.05616
555512092,Dongsha,II,3584.10,TWN,20.68407,116.80885
555512220,Estação Ecológica Da Serra Das Araras,IA,271.59,BRA,-15.65165,-57.18894
555512221,Ao Manow-Khao Tan Yong,II,47.94,THA,6.39538,101.80733
555512222,Chaloem Prakiat Thai Prachan,II,402.57,THA,13.34992,99.42614
555512223,Khao Khor,II,504.78,THA,16.70792,101.00184
555512224,Khao Sib Ha Chan,II,131.06,THA,13.17491,101.97094
555512225,Khun Pra Vor,II,408.55,THA,16.91432,98.67985
555512226,Khun Sathan,II,456.56,THA,18.23061,100.52619
555512227,Lam Nam Kok,II,704.83,THA,19.91092,99.68980
555512228,Mae Tho,II,994.64,THA,18.33083,98.26181
555512229,Mae Wang,II,126.08,THA,18.54159,98.68081
555512231,Nam Yung Nam Som,II,690.76,THA,17.92297,102.17305
555512232,Namtok Ched Sao Noi,II,47.54,THA,14.77505,101.17090
555512233,Phu Khat,IA,423.52,THA,17.27646,100.97175
555512234,Phu Langka,II,57.87,THA,17.95371,104.15273
555512235,Salawin,IA,879.64,THA,18.43305,97.57733
555512471,Hangang  Estuary,IV,58.21,KOR,37.72060,126.63496
555512476,Nakdonggang  Estuary,IV,37.72,KOR,35.07369,128.92577
555513695,Andakíll,IV,30.86,ISL,64.56290,-21.78944
555513696,Karaburun-Sazan Marine National Park,II,124.22,ALB,40.34460,19.41142
555513697,Shebenik-Jabllanice,II,339.20,ALB,41.23889,20.44770
555513739,Warscheneck Nord,IV,26.96,AUT,47.66313,14.25215
555513746,Naturpark Weißbach,IV,27.77,AUT,47.53012,12.78626
555514021,Peenetal von Jarmen bis Anklam,IV,34.16,DEU,53.89146,13.52036
555514026,Borkum Riff,IV,101.27,DEU,53.64744,6.48203
555514085,Serra da Gardunha,IV,105.07,PRT,40.09717,-7.49123
555514088,Banco PrincesaAlice,IV,369.63,PRT,38.00417,-29.30000
555514097,Paisagem Protegida Regional Parque das Serras do Porto,IV,59.74,PRT,41.12697,-8.44209
555514173,Waddenzee,IV,2717.60,NLD,53.23203,5.96337
555514174,"Oudegaasterbrekken, Fluessen en omgeving",IV,30.54,NLD,52.94519,5.53196
555514183,Voordelta,IV,835.31,NLD,51.76491,3.66485
555514184,Krammer-Volkerak,IV,60.81,NLD,51.66070,4.27925
555514185,Oosterschelde,IV,369.76,NLD,51.56696,3.95288
555514186,Veerse Meer,IV,25.39,NLD,51.55122,3.74620
555514190,Westerschelde & Saeftinghe,IV,436.80,NLD,51.42689,3.80531
555514196,Deurnsche Peel & Mariapeel,IV,27.34,NLD,51.43429,5.88681
555514202,Vlakte van de Raan,IV,175.19,NLD,51.46957,3.29314
555514204,Duinen en Lage Land Texel,IV,40.83,NLD,53.08935,4.80442
555514208,Drents-Friese Wold & Leggelderveld,IV,74.68,NLD,52.91153,6.30233
555514211,Duinen Terschelling,IV,40.40,NLD,53.40210,5.35783
555514216,Noordzeekustzone,IV,1444.69,NLD,53.11072,5.56303
555514217,IJsselmeer,IV,1133.54,NLD,52.81346,5.36322
555514218,Markermeer & IJmeer,IV,684.74,NLD,52.50801,5.22264
555514220,Ketelmeer & Vossemeer,IV,38.43,NLD,52.58094,5.74851
555514221,Veluwerandmeren,IV,61.67,NLD,52.40032,5.67032
555514223,Oostvaardersplassen,IV,54.78,NLD,52.45188,5.33930
555514225,Lauwersmeer,IV,57.54,NLD,53.36624,6.21371
555514237,Haringvliet,IV,111.97,NLD,51.77201,4.20815
555514238,Hollands Diep,IV,42.25,NLD,51.70105,4.51829
555514239,Biesbosch,IV,96.41,NLD,51.76331,4.77099
555514240,Grevelingen,IV,137.53,NLD,51.73681,3.99479
555514242,Brabantse Wal,IV,48.74,NLD,51.42896,4.36647
555514245,"Leenderbos, Groote Heide & De Plateaux",IV,43.90,NLD,51.33353,5.45620
555514246,Weerter- en Budelerbergen & Ringselven,IV,31.64,NLD,51.26364,5.63327
555514247,Maasduinen,IV,52.74,NLD,51.55072,6.10601
555514250,Fochteloërveen,IV,25.96,NLD,53.00487,6.41140
555514251,Dwingelderveld,IV,37.68,NLD,52.80802,6.40925
555514253,Weerribben,IV,33.25,NLD,52.77746,5.95575
555514254,De Wieden,IV,90.19,NLD,52.70233,6.05070
555514258,Veluwe,IV,884.51,NLD,52.21813,5.84570
555514265,"Ilperveld, Varkensland, Oostzanerveld & Twiske",IV,25.54,NLD,52.45286,4.90847
555514267,Oostelijke Vechtplassen,IV,64.76,NLD,52.21140,5.08252
555514327,Val Suzon,IV,30.18,FRA,47.41862,4.95088
555515504,Redfir Lake - Kapitagas Channel Ecological Reserve,II,91.43,CAN,52.39382,-66.14350
555515508,Little Grand Lake Provisional Ecological Reserve,II,735.50,CAN,48.71009,-57.66101
555515510,Main River Waterway Provincial Park,II,152.02,CAN,49.83391,-57.15851
555515599,Chignecto Isthmus Wilderness Area,IV,27.87,CAN,45.92984,-64.13089
555515600,Eigg Mountain - James River Wilderness Area,IB,41.35,CAN,45.67457,-62.14780
555515602,Gully Lake Wilderness Area,IB,38.19,CAN,45.54203,-63.05927
555515612,Black River,II,39.97,CAN,46.87840,-65.08831
555515613,Canaan Bog,II,206.52,CAN,46.26437,-65.31395
555515614,Canoose Flowage,II,45.38,CAN,45.44405,-67.34673
555515620,Nepisiquit,II,118.95,CAN,47.37076,-66.60197
555515629,Caledonia Gorge,II,29.62,CAN,45.80462,-64.80114
555515631,Loch Alva,II,222.16,CAN,45.28486,-66.33731
555515633,Grand Lake,II,104.65,CAN,45.93153,-66.28067
555515634,Jacquet River Gorge,II,260.72,CAN,47.76540,-66.00881
555515662,Dungarvon Whooper Spring Woodlot,II,40.87,CAN,46.74809,-65.99321
555515669,Cache Bay Wetland Conservation Reserve,II,39.40,CAN,46.33054,-80.00237
555515671,Dryberry Lake Conservation Reserve,II,218.66,CAN,49.56132,-93.84600
555515672,East Lady Evelyn Lake Conservation Reserve,II,56.15,CAN,47.37015,-80.09933
555515673,Lac Des Mille Lacs Conservation Reserve,II,25.36,CAN,48.76299,-90.43363
555515674,Cliff Lake Conservation Reserve,II,29.49,CAN,47.21813,-79.68067
555515675,Ivanhoe River Clay Plain Conservation Reserve,II,70.77,CAN,48.25287,-82.52000
555515676,Eagle - Snowshoe Conservation Reserve,II,356.28,CAN,50.68243,-94.98498
555515682,Kama Cliffs Conservation Reserve,II,37.15,CAN,49.02666,-87.97355
555515685,Manitou Conservation Reserve,II,72.04,CAN,49.19882,-93.06107
555515692,Bruce Lake Conservation Reserve,II,54.66,CAN,50.80444,-93.25024
555515694,Campus Lake Conservation Reserve,II,194.52,CAN,49.17726,-91.69222
555515696,Bob Lake Conservation Reserve,II,26.59,CAN,47.18517,-80.27286
555515701,Ottertooth Conservation Reserve,II,287.94,CAN,49.81919,-89.45859
555515704,Upper Shebeshekong Wetland Conservation Reserve,II,53.19,CAN,45.48061,-80.32338
555515706,Ahmic Forest And Rock Barrens Conservation Reserve,II,60.77,CAN,45.58988,-79.80211
555515720,Jim Edwards Lake Conservation Reserve,II,86.62,CAN,47.26210,-80.41995
555515724,Lake Nipigon Conservation Reserve,II,1752.70,CAN,49.81046,-88.52763
555515725,Nipigon Palisades Conservation Reserve,II,115.10,CAN,49.29017,-88.21013
555515730,Low/Bell Conservation Reserve,II,55.79,CAN,49.96914,-85.58986
555515731,Garden Pakashkan Conservation Reserve,II,125.79,CAN,49.42938,-89.92472
555515734,Nakina Northeast Waterway Conservation Reserve,II,139.20,CAN,50.42267,-86.31200
555515738,Harth Lake Conservation Reserve,II,37.24,CAN,50.85848,-92.17746
555515742,Whitemud Conservation Reserve,II,184.99,CAN,50.71822,-92.44172
555515748,Gulliver River Conservation Reserve,II,27.38,CAN,49.26981,-91.42589
555515750,Eagle Lake Islands Conservation Reserve,II,34.09,CAN,49.66614,-93.18313
555515753,Kwinkwaga Ground Moraine Uplands Conservation Reserve,II,126.56,CAN,48.70734,-85.42304
555515760,Mistinikon Lake Uplands Conservation Reserve,II,43.33,CAN,47.94843,-80.79477
555515762,Brace Creek Outwash Plain Conservation Reserve,II,47.08,CAN,47.38325,-80.85275
555515765,Lake Of The Woods Conservation Reserve,II,452.32,CAN,49.33866,-94.41150
555515769,Nahma Bog And Poor Fens Conservation Reserve,II,36.14,CAN,48.97758,-80.93179
555515770,Hungry Lake Conservation Reserve,II,35.29,CAN,44.81697,-76.89583
555515775,East Wenebegon Forest Conservation Reserve,II,30.54,CAN,47.37313,-83.05467
555515781,Trewartha Creek Conservation Reserve,II,97.36,CAN,49.16918,-90.73195
555515785,Dog River Conservation Reserve,II,26.57,CAN,48.86924,-89.61864
555515801,Adair Lake Conservation Reserve,II,28.06,CAN,49.62225,-92.20476
555515806,Bear Lake Peatland Conservation Reserve,II,38.25,CAN,45.49234,-79.60979
555515809,Musk Lake Conservation Reserve,II,48.56,CAN,50.17118,-95.10763
555515811,Lac Seul Islands Conservation Reserve,II,145.80,CAN,50.42601,-92.42371
555515815,Meteor Lake Outwash Fans Conservation Reserve,II,35.54,CAN,47.31750,-81.43220
555515816,Rawhide Lake Conservation Reserve,II,46.35,CAN,46.64616,-82.67814
555515818,Onaping Lake Conservation Reserve,II,167.10,CAN,47.06249,-81.49611
555515819,Campfire River Conservation Reserve,II,41.82,CAN,50.38431,-94.31151
555515821,Gravel River Conservation Reserve,II,466.67,CAN,49.09992,-87.58163
555515822,Trout Lake Conservation Reserve,II,602.15,CAN,51.17364,-93.29285
555515823,Isko Dewabo Lake Complex Conservation Reserve,II,29.69,CAN,48.92009,-86.00419
555515824,East Larder River Bedrock Conifer Conservation Reserve,II,70.15,CAN,47.98161,-79.58961
555515825,Sugar Lake Conservation Reserve,II,61.47,CAN,47.34316,-80.11507
555515829,Mozhabong Lake Conservation Reserve,II,43.56,CAN,46.95357,-82.08393
555515836,Upper English River Conservation Reserve,II,122.95,CAN,49.67004,-90.93105
555515842,Onaman Lake Conservation Reserve,II,47.92,CAN,50.01162,-87.43848
555515843,Pipestone Conservation Reserve,II,108.65,CAN,49.10741,-93.56995
555515845,Northern Claybelt Forest Complex Conservation Reserve,II,681.72,CAN,48.76584,-82.06006
555515846,Rainy Lake Islands Conservation Reserve,II,55.04,CAN,48.72749,-93.08489
555515847,Mellon Lake Conservation Reserve,II,85.78,CAN,44.59747,-77.07942
555515850,North Yorston Conservation Reserve,II,131.93,CAN,47.24757,-80.69965
555515851,Fishnet Lake Conservation Reserve,II,35.06,CAN,48.91675,-86.94461
555515855,Glenn N. Crombie Conservation Reserve,II,69.56,CAN,46.44833,-82.42817
555515856,Shawanaga Lake Conservation Reserve,II,49.36,CAN,45.60381,-79.97678
555515859,Island Lake Forest And Barrens Conservation Reserve,II,154.85,CAN,45.78784,-80.02172
555515860,Cognashene Lake Conservation Reserve,II,29.07,CAN,44.97836,-79.88510
555515861,Severn River Conservation Reserve,II,98.95,CAN,44.91293,-79.58202
555515862,Lower Moon River Conservation Reserve,II,27.25,CAN,45.11999,-79.90216
555515868,Mojikit Lake Conservation Reserve,II,626.89,CAN,50.77734,-88.26515
555515870,Pinetorch Lake Conservation Reserve,II,36.24,CAN,47.16652,-80.46355
555515872,Windermere Goldie Lake Complex Conservation Reserve,II,186.93,CAN,47.99435,-83.80206
555515873,Shanly Creek Drumlins Conservation Reserve,II,37.36,CAN,49.08717,-82.72014
555515874,Bennet Lake Esker Kame Complex Conservation Reserve,II,34.87,CAN,49.84227,-82.34111
555515875,Vimy Lake Uplands Conservation Reserve,II,34.09,CAN,48.22747,-82.22260
555515876,Nova Township Clay Plain Peatlands Conservation Reserve,II,32.83,CAN,48.52050,-82.30936
555515877,Ballantyne Lake Drumlins Conservation Reserve,II,31.74,CAN,49.92205,-82.11017
555515879,North Muskego River Mixed Forest Conservation Reserve,II,32.85,CAN,48.96226,-81.80681
555515880,Pinard Moraine Conservation Reserve,II,182.15,CAN,50.02535,-81.73542
555515881,Tatachikapika River Plain Conservation Reserve,II,33.87,CAN,48.30610,-81.62343
555515889,North Of The North French River Conservation Reserve,II,1585.91,CAN,50.06475,-80.55614
555515892,Seguin River Conifer And Fens Conservation Reserve,II,68.38,CAN,49.24954,-80.23932
555515893,Fraserdale Wetland Complex Conservation Reserve,II,187.77,CAN,49.63878,-81.50409
555515894,Tembec Wetland Complex Conservation Reserve,II,81.59,CAN,49.63379,-79.57804
555515895,Coral Rapids Wetland Conservation Reserve,II,61.08,CAN,50.31205,-81.66777
555515896,McDougal Point Peninsula Conservation Reserve,II,60.40,CAN,48.67793,-79.75237
555515897,Killala Lake Conservation Reserve,II,132.00,CAN,49.10352,-86.49504
555515902,Brown's Inlet Conservation Reserve,II,29.22,CAN,48.78752,-93.40455
555515903,Echo River Hardwoods Conservation Reserve,II,102.36,CAN,46.64214,-83.75251
555515905,Kahshe Lake Barrens Conservation Reserve,II,32.20,CAN,44.82174,-79.26673
555515906,Nipigon River Conservation Reserve,II,26.58,CAN,49.18102,-88.32317
555515919,Slim Jim Lake Conservation Reserve,II,64.64,CAN,49.60148,-85.74391
555515920,Ile Parisienne Conservation Reserve,II,46.63,CAN,46.68091,-84.72330
555515921,La Cloche Ridge Conservation Reserve,II,40.08,CAN,46.11193,-81.86611
555515938,Attwood River Conservation Reserve,II,213.27,CAN,51.19842,-88.35504
555515941,Puzzle Lake Provincial Park (Natural Environment Class),II,37.77,CAN,44.58373,-76.95140
555515944,Nimoosh Provincial Park (Waterway Class),II,35.51,CAN,48.03112,-85.16837
555515945,Chiniguchi Waterway Provincial Park (Waterway Class),II,93.76,CAN,46.80805,-80.53336
555515947,Little White River Provincial Park (Waterway Class),II,127.83,CAN,46.56585,-83.07668
555515948,Matinenda Provincial Park (Natural Environment Class),II,287.66,CAN,46.36306,-82.85230
555515952,Obonga-Ottertooth Provincial Park (Waterway Class),II,211.54,CAN,49.87723,-89.62106
555515953,Spanish River Provincial Park (Waterway Class),II,354.08,CAN,46.90857,-81.84304
555515954,Goulais River Provincial Park (Waterway Class),II,50.82,CAN,46.96231,-83.84999
555515956,Gull River Provincial Park (Waterway Class),II,71.95,CAN,49.68483,-89.41704
555515958,Round Lake Provincial Park (Nature Reserve Class),IA,25.60,CAN,45.52271,-80.17353
555515959,Aubinadong River Provincial Park (Waterway Class),II,27.22,CAN,47.04778,-83.34800
555515960,Lake Abitibi Islands Provincial Park (Nature Reserve Class),IA,27.22,CAN,48.76752,-79.84213
555515963,East English River Provincial Park (Waterway Class),II,175.22,CAN,49.77073,-91.55160
555515966,Halfway Lake Provincial Park (Natural Environment Class),II,51.46,CAN,46.90464,-81.66011
555515967,Grassy River-Mond Lake Lowlands And Ferris Lake Uplands Provincial Park (Nature Reserve Class),IA,26.04,CAN,47.82016,-81.16125
555515970,Black Sturgeon River Provincial Park (Waterway Class),II,241.04,CAN,49.20262,-88.68282
555515972,Algoma Headwaters Provincial Park (Natural Environment Class),II,427.29,CAN,47.23317,-83.70505
555515974,Wenebegon River Provincial Park (Waterway Class),II,163.85,CAN,47.34085,-83.23193
555515976,Wakami Lake Provincial Park Addition (Nature Reserve Class),IA,35.28,CAN,47.46145,-82.78768
555515979,Biscotasi Lake Provincial Park (Natural Environment Class),II,122.91,CAN,47.37708,-82.02267
555515980,Aubinadong-Nushatogaini Rivers Provincial Park (Waterway Class),II,49.27,CAN,47.08899,-83.47999
555515982,Ruby Lake Provincial Park (Natural Environment Class),II,27.43,CAN,48.98379,-88.15743
555515984,Noganosh Lake Provincial Park (Waterway Class),II,30.84,CAN,45.82627,-80.23133
555515985,Temagami River Provincial Park (Waterway Class),II,33.95,CAN,46.71086,-80.03216
555515987,River Aux Sables Provincial Park (Waterway Class),II,34.27,CAN,46.49018,-82.17478
555515991,Jocko Rivers Provincial Park (Waterway Class),II,113.04,CAN,46.63234,-79.25855
555515992,Ogoki River Provincial Park (Waterway Class),II,232.69,CAN,50.86956,-87.27512
555515994,Killarney Lakelands And Headwaters Provincial Park (Natural Environment Class),II,153.60,CAN,46.15220,-81.40558
555515995,Whitesand Provincial Park (Waterway Class),II,113.47,CAN,50.44142,-88.73504
555515999,North Channel Inshore Provincial Park (Waterway Class),II,37.85,CAN,46.21225,-83.07826
555516000,Eagle-Dogtooth Provincial Park (Waterway Class),II,409.62,CAN,49.65477,-93.73190
555516001,Blind River Provincial Park (Waterway Class),II,54.04,CAN,46.48795,-82.93850
555516004,West Montreal River Provincial Park (Waterway Class),II,72.58,CAN,47.84621,-80.79951
555516005,West English River Provincial Park (Waterway Class),II,229.74,CAN,50.45875,-93.75968
555516006,Sandy Islands Provincial Park (Nature Reserve Class),IA,25.50,CAN,46.82160,-84.65708
555516007,Woman River Forest Provincial Park (Natural Environment Class),II,63.05,CAN,47.47366,-82.67250
555516008,Queen Elizabeth II Wildlands Provincial Park (Natural Environment Class),II,335.23,CAN,44.82571,-79.00450
555516009,Groundhog River Waterway Provincial Park (Waterway Class),II,110.44,CAN,48.97450,-82.06920
555516010,Englehart River Fine Sand Plain And Waterway Provincial Park (Waterway Class),II,40.39,CAN,47.88487,-80.21001
555516012,Magnetawan River Provincial Park (Waterway Class),II,34.24,CAN,45.70878,-80.23557
555516014,Pichogen River Mixed Forest Provincial Park (Nature Reserve Class),IA,30.37,CAN,48.93052,-83.97738
555516017,Batchawana River Provincial Park (Waterway Class),II,26.82,CAN,47.10892,-84.31614
555516025,Whitemouth Bog Ecological Reserve,IA,50.19,CAN,50.02892,-95.91271
555516026,Birch Island Provincial Park,IB,806.82,CAN,52.39451,-99.94023
555516027,Chitek Lake Anishinaabe Provincial Park,II,997.38,CAN,52.38365,-99.50650
555516028,Fisher Bay Provincial Park,II,229.34,CAN,51.64209,-97.16764
555516035,Sturgeon Bay Provincial Park,IB,148.87,CAN,51.82482,-97.81600
555516036,Walter Cook Caves Ecological Reserve,III,32.39,CAN,53.42042,-99.51711
555516037,Little Limestone Lake Provincial Park,III,47.70,CAN,53.78110,-99.33325
555516038,Douglas Marsh Protected Area,II,84.79,CAN,49.79530,-99.49604
555516039,Bell and Steeprock Canyons Protected Area,II,112.78,CAN,52.67801,-101.23525
555516043,Manigotagan River Provincial Park,II,81.08,CAN,51.02133,-95.99359
555516044,Nopiming Provincial Park,II,273.33,CAN,50.68284,-95.38585
555516048,Spruce Woods Provincial Park,II,204.58,CAN,49.70216,-99.16064
555516054,Delta Marsh Wildlife Management Area,IV,112.39,CAN,50.20869,-98.29433
555516056,Whitemouth Bog Wildlife Management Area,II,30.05,CAN,50.04718,-95.90115
555516057,Observation Point Wildlife Management Area,II,60.12,CAN,51.03644,-96.35230
555516058,Kaskatamagan Wildlife Management Area,II,2516.37,CAN,57.01999,-90.54019
555516059,Kaskatamagan Sipi Wildlife Management Area,IB,1339.08,CAN,56.52736,-91.76211
555516060,Cypress Hills Provincial Park,II,183.31,CAN,49.62557,-109.72175
555516069,Black Creek Heritage Rangeland,IV,77.26,CAN,49.92488,-114.22497
555516070,Beaverhill Lake Heritage Rangeland Natural Area,IV,132.89,CAN,53.46513,-112.52091
555516071,Twin River Heritage Rangeland Natural Area,IV,191.90,CAN,49.15930,-112.31823
555516072,Ribstone Creek Heritage Rangeland Natural Area,IV,57.53,CAN,52.70789,-110.37886
555516075,Onefour Heritage Rangeland Natural Area,IV,111.31,CAN,49.11517,-110.56301
555516079,Fort Assiniboine Sandhills Wildland Provincial Park,II,75.65,CAN,54.37303,-114.59257
555516083,Fidler-Greywillow Wildland Provincial Park,IB,73.82,CAN,59.00681,-110.49849
555516085,Whitehorse Wildland Provincial Park,IB,174.02,CAN,52.95740,-117.34328
555516086,Bow Valley Wildland Provincial Park,II,373.12,CAN,51.02916,-115.25337
555516088,Grizzly Ridge Wildland Provincial Park,IB,107.11,CAN,55.12417,-115.03329
555516089,Hay-Zama Lakes Wildland Provincial Park,IB,472.16,CAN,58.77584,-119.02852
555516090,Bob Creek Wildland Provincial Park,IB,207.86,CAN,49.97550,-114.28253
555516091,Chinchaga Wildland Provincial Park,IB,784.05,CAN,57.14488,-119.57851
555516092,Greene Valley Provincial Park,II,31.91,CAN,56.14612,-117.22540
555516093,La Biche River Wildland Provincial Park,II,154.35,CAN,55.00373,-112.63888
555516095,Otter-Orloff Lakes Wildland Provincial Park,II,53.33,CAN,55.36824,-113.55466
555516096,Whitemud Falls Wildland Provincial Park,IB,38.35,CAN,56.70064,-110.11190
555516097,Winagami Wildland Provincial Park,II,126.80,CAN,55.63228,-116.65733
555516098,Birch Mountains Wildland Provincial Park,IB,1365.88,CAN,57.51894,-113.01695
555516099,Brazeau Canyon Wildland Provincial Park,IB,46.88,CAN,52.78368,-116.75002
555516100,Dunvegan West Wildland Provincial Park,II,182.13,CAN,56.05820,-119.34025
555516101,Gipsy Lake Wildland Provincial Park,IB,358.23,CAN,56.47908,-110.37697
555516102,Grand Rapids Wildland Provincial Park,IB,222.11,CAN,56.43459,-112.15608
555516103,Marguerite River Wildland Provincial Park,IB,1959.89,CAN,57.56247,-110.41588
555516104,Obed Lake Provincial Park,II,25.30,CAN,53.56236,-117.10530
555516105,Rock Lake - Solomon Creek Wildland Provincial Park,IB,331.89,CAN,53.38702,-118.08021
555516106,Stony Mountain Wildland Provincial Park,IB,82.01,CAN,56.21000,-111.25885
555516107,Spray Valley Provincial Park,II,255.64,CAN,50.91880,-115.28514
555516109,Don Getty Wildland Provincial Park,IB,626.78,CAN,50.77968,-114.92280
555516110,Bluerock Wildland Provincial Park,IB,127.18,CAN,50.62857,-114.64419
555516111,Caribou Mountains Wildland Provincial Park,IB,5923.87,CAN,59.16896,-114.95074
555516112,Peace River Wildland Provincial Park,II,225.20,CAN,56.00982,-117.85615
555516113,Sheep River Provincial Park,II,61.97,CAN,50.64495,-114.62817
555516121,OH Ranch Heritage Rangeland,IV,42.77,CAN,50.52754,-114.36376
555516123,Wapiabi Provincial Recreation Area,II,36.88,CAN,52.54900,-116.35788
555516129,MONKMAN PARK,II,631.19,CAN,54.59908,-121.16624
555516134,DUNE ZA KEYIH PARK [A.K.A. FROG-GATAGA PARK],II,3317.30,CAN,58.25878,-126.29273
555516135,NINGUNSAW PARK,II,157.15,CAN,56.83534,-130.10093
555516136,TODAGIN SOUTH SLOPE PARK,III,35.60,CAN,57.62630,-129.92896
555516137,CHASE PARK,IB,361.95,CAN,56.50295,-125.01784
555516138,FINLAY-RUSSEL PARK,II,1092.25,CAN,57.39689,-126.28466
555516139,HEATHER-DINA LAKES PARK,II,58.23,CAN,55.50983,-123.29584
555516141,GRAYSTOKES PARK,II,119.63,CAN,49.97588,-118.86011
555516143,MYRA - BELLEVUE PARK,II,78.27,CAN,49.74931,-119.36721
555516145,SNOWY PROTECTED AREA,II,256.39,CAN,49.08123,-119.88766
555516146,UPPER SEYMOUR RIVER PARK,II,106.22,CAN,51.55799,-118.90849
555516151,SOUTH OKANAGAN GRASSLANDS PROTECTED AREA,II,93.28,CAN,49.08737,-119.61353
555516166,NATION LAKES PARK,II,188.75,CAN,55.33323,-125.05889
555516171,ATNA RIVER PARK,II,211.06,CAN,53.98700,-127.89344
555516172,BURNIE-SHEA PARK,II,345.57,CAN,54.33367,-127.65653
555516173,NENEIKEKH/NANIKA-KIDPRICE PARK,II,170.15,CAN,53.93829,-127.40298
555516174,MORICE LAKE PARK,II,524.98,CAN,53.97064,-127.64583
555516175,NADINA MOUNTAIN PARK,III,27.90,CAN,54.10135,-126.87303
555516185,HAKAI LÚXVBÁLÍS CONSERVANCY,II,515.95,CAN,51.74711,-128.19726
555516189,QWALÍMAK/UPPER BIRKENHEAD CONSERVANCY,II,48.91,CAN,50.57471,-122.85952
555516190,UPPER ROGERS KÓḺII7 CONSERVANCY,II,36.04,CAN,50.11618,-122.27748
555516193,YAAGUUN SUU CONSERVANCY,II,79.68,CAN,53.30991,-132.30885
555516196,HUNWADI/AHNUHATI - BALD CONSERVANCY,II,554.13,CAN,50.90252,-125.86579
555516198,CALVERT ISLAND CONSERVANCY,IB,185.68,CAN,51.50284,-127.98574
555516199,CRAB LAKE CONSERVANCY,IB,127.99,CAN,53.56941,-128.61356
555516200,MAHPAHKUM-AHKWUNA/DESERTERS-WALKER CONSERVANCY,II,64.38,CAN,50.89665,-127.50847
555516201,MOKSGM'OL/CHAPPLE - CORNWALL CONSERVANCY,II,291.37,CAN,53.09270,-128.98608
555516202,GITXAAŁA NII ŁUUTIKSM/KITKATLA CONSERVANCY,II,138.25,CAN,53.89291,-130.53121
555516203,K'OOTZ/KHUTZE CONSERVANCY,II,341.88,CAN,53.14085,-128.36235
555516204,KITASOO SPIRIT BEAR CONSERVANCY,II,1027.73,CAN,52.77486,-128.80094
555516205,K'LGAAN/KLEKANE CONSERVANCY,II,183.83,CAN,53.25866,-128.69591
555516206,Q'ALTANAAS/AALTANHASH CONSERVANCY,II,187.88,CAN,53.19864,-128.50501
555516207,KOEYE CONSERVANCY,II,187.44,CAN,51.79934,-127.69648
555516208,K'MOODA/LOWE-GAMBLE CONSERVANCY,II,144.65,CAN,53.52377,-129.44479
555516209,POOLEY CONSERVANCY,II,32.66,CAN,52.76334,-128.20365
555516211,TSA-LATĹ / SMOKEHOUSE CONSERVANCY,II,378.97,CAN,51.32465,-127.04062
555516215,UGʷIWA'/CAPE CAUTION CONSERVANCY,II,102.45,CAN,51.15430,-127.66398
555516216,CASCADE-SUTSLEM CONSERVANCY,IB,1215.36,CAN,52.62334,-127.35799
555516217,CATTO CREEK CONSERVANCY,II,72.49,CAN,51.44345,-126.38282
555516218,CLAYTON FALLS CONSERVANCY,II,50.48,CAN,52.26109,-126.83593
555516219,THORSEN CREEK CONSERVANCY,IB,84.90,CAN,52.30114,-126.66929
555516221,ELLERSLIE-ROSCOE CONSERVANCY,II,501.64,CAN,52.48419,-127.88488
555516225,JUMP ACROSS CONSERVANCY,IB,374.50,CAN,52.58062,-126.79171
555516228,DEAN RIVER CONSERVANCY,IB,561.24,CAN,52.78018,-126.57333
555516231,LADY DOUGLAS - DON PENINSULA CONSERVANCY,IB,112.20,CAN,52.32859,-128.35665
555516233,NAMU CONSERVANCY,II,103.22,CAN,51.88083,-127.80146
555516235,OUTER CENTRAL COAST ISLANDS CONSERVANCY,II,148.10,CAN,52.11230,-128.36595
555516236,LOCKHART-GORDON CONSERVANCY,IB,244.92,CAN,51.47156,-127.33048
555516237,OWIKENO CONSERVANCY,IB,705.81,CAN,51.70516,-126.96148
555516242,TROUP PASSAGE CONSERVANCY,II,26.19,CAN,52.26001,-128.02351
555516243,UPPER KIMSQUIT RIVER CONSERVANCY,II,105.93,CAN,53.12697,-127.38367
555516244,DZAWADI/UPPER KLINAKLINI RIVER CONSERVANCY,II,392.42,CAN,51.65867,-125.60256
555516249,HOTSPRINGS-NO NAME CREEK CONSERVANCY,IB,227.63,CAN,52.17711,-127.04373
555516252,EUROPA LAKE CONSERVANCY,II,89.47,CAN,53.34424,-128.34781
555516253,KLEWNUGGIT CONSERVANCY,II,67.89,CAN,53.71710,-129.66522
555516254,ECSTALL-SPARKLING CONSERVANCY,II,406.07,CAN,53.84430,-129.73877
555516256,KHTADA LAKE CONSERVANCY,II,136.48,CAN,54.10138,-129.43938
555516257,KHYEX CONSERVANCY,II,414.34,CAN,54.38149,-129.77953
555516260,DEAN RIVER CORRIDOR CONSERVANCY,II,35.65,CAN,52.83809,-126.81687
555516261,PA-AAT CONSERVANCY,II,47.71,CAN,53.76178,-129.99900
555516263,WOODWORTH LAKE CONSERVANCY,II,44.39,CAN,54.35772,-130.16894
555516266,ECSTALL HEADWATERS CONSERVANCY,II,131.19,CAN,53.91119,-129.32301
555516274,COLUMBIA WETLANDS WILDLIFE MANAGEMENT AREA,IV,169.81,CAN,50.91118,-116.50550
555516276,DEWDROP-ROSSEAU WILDLIFE MANAGEMENT AREA,IV,56.86,CAN,50.77949,-120.66348
555516277,EAST SIDE COLUMBIA LAKE WILDLIFE MANAGEMENT AREA,IV,71.61,CAN,50.23380,-115.81312
555516279,HAMLING LAKES WILDLIFE MANAGEMENT AREA,IV,307.73,CAN,50.32123,-117.51065
555516281,MIDGE CREEK WILDLIFE MANAGEMENT AREA,IV,148.45,CAN,49.44708,-116.90035
555516284,DUNE ZA KEYIH PROTECTED AREA (A.K.A. FROG-GATAGA PROTECTED AREA),II,160.58,CAN,58.02663,-125.71276
555516285,FINTRY PROTECTED AREA,II,30.85,CAN,50.13215,-119.60421
555516293,PITT-ADDINGTON MARSH WILDLIFE MANAGEMENT AREA,IV,27.17,CAN,49.34172,-122.61632
555516295,STURGEON BANK WILDLIFE MANAGEMENT AREA,IV,77.57,CAN,49.18352,-123.25145
555516296,TODAGIN WILDLIFE MANAGEMENT AREA,IV,1225.96,CAN,57.58554,-129.82403
555516299,TREPANIER PARK,II,28.86,CAN,49.90999,-119.85687
555516301,WHITE LAKE GRASSLANDS PROTECTED AREA,II,37.44,CAN,49.29354,-119.59696
555516315,GREENBUSH LAKE PROTECTED AREA,II,28.19,CAN,50.78161,-118.30206
555516316,ANSTEY HUNAKWA PARK,II,68.55,CAN,51.13984,-118.92731
555516317,BRENT MOUNTAIN PROTECTED AREA,II,43.50,CAN,49.47982,-119.94585
555516318,ED BIRD - ESTELLA LAKES PARK,II,55.89,CAN,56.93987,-125.09639
555516320,DAMDOCHAX PROTECTED AREA,II,81.40,CAN,56.37705,-127.96177
555516343,RUBYROCK LAKE PARK,II,412.50,CAN,54.70230,-125.29881
555516345,OMINECA PARK,II,1324.18,CAN,55.86433,-124.85241
555516346,MUSCOVITE LAKES PARK,II,57.12,CAN,55.97447,-124.13420
555516351,UPPER ELAHO VALLEY CONSERVANCY,II,102.61,CAN,50.45210,-123.60918
555516355,FOCH-GILTTOYEES PARK,II,584.08,CAN,53.89579,-129.13442
555516360,BANKS NII ŁUUTIKSM CONSERVANCY,II,155.93,CAN,53.55045,-130.44406
555516361,BISHOP BAY - MONKEY BEACH CONSERVANCY,III,28.36,CAN,53.49083,-128.89281
555516364,MONCKTON NII ŁUUTIKSM CONSERVANCY,II,221.92,CAN,53.32652,-129.67615
555516365,KSI XTS'AT'KW/STAGOO CONSERVANCY,II,113.09,CAN,55.23642,-129.63732
555516377,ECSTALL-SPOKSUUT CONSERVANCY,II,99.19,CAN,54.08750,-129.96277
555516378,LAX KWAXL/DUNDAS AND MELVILLE ISLANDS CONSERVANCY,II,233.55,CAN,54.49476,-130.90011
555516379,ALTY CONSERVANCY,II,84.70,CAN,53.62527,-129.44206
555516380,KENNEDY ISLAND CONSERVANCY,II,43.85,CAN,54.03244,-130.17689
555516381,KHUTZEYMATEEN INLET CONSERVANCY,IB,103.68,CAN,54.66514,-130.08783
555516382,KSI X' ANMAAS CONSERVANCY,II,333.45,CAN,54.76381,-129.91507
555516383,KTS'MKTA'ANI/UNION LAKE CONSERVANCY,II,63.35,CAN,54.62717,-130.21986
555516389,KSGAXL/STEPHENS ISLAND CONSERVANCY,II,94.49,CAN,54.17373,-130.72804
555516394,K'WAAL CONSERVANCY,II,32.63,CAN,53.66752,-129.35848
555516410,Ezǫdzìtì,IB,1375.03,CAN,64.50083,-119.02985
555516411,Kelly Lake Protected Area,IB,272.64,CAN,65.41665,-126.47667
555516420,Grasslands National Park Of Canada,II,765.35,CAN,49.10904,-107.12004
555516421,Torngat Mountains National Park Of Canada,II,9854.65,CAN,59.38352,-63.78565
555516422,Ukkusiksalik National Park Of Canada,II,17814.41,CAN,65.76384,-89.83331
555516423,Canadian Forces Base Suffield National Wildlife Area,IV,449.99,CAN,50.46290,-110.54400
555516424,Last Mountain Lake National Wildlife Area,IV,109.06,CAN,51.36528,-105.21778
555516427,Akpait National Wildlife Area,IB,48.32,CAN,66.90630,-61.72204
555516428,Ninginganiq National Wildlife Area,IB,529.60,CAN,69.55838,-67.68104
555516429,Qaqulluit National Wildlife Area,IB,396.16,CAN,67.24747,-62.45428
555516430,Sand Lakes Provincial Park,IB,8307.68,CAN,57.71251,-98.70835
555542335,Gola Rainforest National Park,II,710.42,SLE,7.57686,-10.99078
555542442,Arabian Oryx Protected Area,IV,5971.95,ARE,23.11458,54.82063
555542444,Al Houbara Protected Area,IV,2490.90,ARE,23.88478,53.13473
555542451,Isla de Flores,II,47.31,URY,-34.94048,-55.92591
555542495,Kawe / Kep. Wayag Sayang / Kep. Panjang,IV,1294.94,IDN,0.21347,130.02611
555542497,Parc National de Khnifiss,II,1654.96,MAR,27.88748,-12.21976
555542498,Parc National de Khénifra,II,842.70,MAR,32.97308,-5.14793
555542666,Labouring Creek Jaguar Corridor,IV,37.95,BLZ,17.43520,-88.66191
555542684,Berezinsky Biosphere Reserve,IA,850.89,BLR,54.72324,28.33655
555542685,Dragoman Marsh Karst Complex,IV,149.41,BGR,42.91052,23.04547
555542687,Parc National d'Arly,II,7950.22,BFA,11.52246,1.20107
555542689,Lac Tchad,IV,2152.89,CMR,12.76725,14.32658
555542710,Bear Island,IA,2983.02,SJM,74.42502,19.00501
555542711,Hopen,IA,3182.84,SJM,76.57918,25.20427
555542712,Nordenskiöldkysten,II,429.93,SJM,77.83666,14.06503
555542713,Sørkapp,IA,552.02,SJM,76.55400,16.60993
555542723,Wadi Wurayah,II,224.28,ARE,25.41863,56.26238
555542732,Ntsikeni Nature Reserve,IV,92.69,ZAF,-30.14213,29.44592
555542734,Barrage de Bagre,III,367.65,BFA,11.63720,-0.68882
555542769,Corkscrew Swamp Sanctuary,II,53.41,USA,26.39022,-81.61049
555542774,Upper Mississippi River Floodplain Wetlands,IV,972.47,USA,43.05525,-91.09318
555542777,"Reserva Particular del Patrimonio Natural (RPPN) “Fazenda Rio Negro""",IV,69.98,BRA,-19.54461,-56.21849
555542778,Rio Doce State Park,II,359.97,BRA,-19.65328,-42.55917
555542784,Hedmarksvidda Wetland System,IA,47.42,NOR,61.02290,11.10921
555543042,Baraiyadhala,II,29.12,BGD,22.71970,91.63536
555543043,Dudpukuria-Dhopachari,IV,48.78,BGD,22.26334,92.11694
555543059,Luitemaa,IB,113.02,EST,58.15884,24.56919
555543062,Lihula,IB,66.55,EST,58.65718,23.94927
555543063,Leidissoo,IB,82.22,EST,59.09482,23.72081
555543064,Agusalu,IB,110.63,EST,59.09064,27.51600
555543069,"Ørsted Dal, Pingel Dal and Enhjørningen Dal",IV,1964.07,GRL,71.62829,-23.32893
555543085,Røstøyan,IA,70.95,NOR,67.44826,11.95233
555543098,Haapsalu-Noarootsi,IB,275.91,EST,59.13468,23.53906
555543291,Breelong,II,69.51,AUS,-31.84355,148.75823
555543296,Biddon,II,33.27,AUS,-31.60092,148.83705
555543297,Billiatt,IB,592.55,AUS,-34.98897,140.48114
555543306,Bobbiwaa,II,26.57,AUS,-30.13890,149.89511
555543309,Brooklyn,II,584.81,AUS,-16.58436,145.07500
555543314,Budelah,IV,40.36,AUS,-28.79188,149.26800
555543317,Bullala,II,58.38,AUS,-29.37463,150.33604
555543333,Curracabundi,II,156.76,AUS,-31.62378,151.58736
555543337,Cobboboonee,II,185.53,AUS,-38.10109,141.42560
555543358,Dthinna Dthinnawan,II,276.95,AUS,-28.81707,150.89585
555543366,Gumbaynggirr,II,54.84,AUS,-30.57252,152.56452
555543367,Gundabooka,II,254.33,AUS,-30.36367,145.64829
555543370,Gwydir River,II,46.99,AUS,-29.94104,150.79176
555543371,Gwydir River,II,34.12,AUS,-29.91362,150.87517
555543377,Goonoo,II,90.24,AUS,-32.04633,148.75422
555543378,Goonoo,II,544.08,AUS,-32.00699,148.98491
555543396,Durridgere,II,61.43,AUS,-32.09610,149.85927
555543422,Jenolan,III,31.46,AUS,-33.79538,150.00970
555543432,Hunter Wetlands,II,50.11,AUS,-32.84894,151.73302
555543437,Karuah,II,35.20,AUS,-32.61249,151.90554
555543552,Nombinnie,II,472.99,AUS,-32.99589,145.81093
555543571,Pilliga,IA,105.23,AUS,-30.54563,149.16714
555543572,Pilliga,II,331.54,AUS,-30.55762,149.26324
555543573,Pilliga East,II,245.48,AUS,-30.80194,149.59305
555543574,Pilliga West,II,79.55,AUS,-30.48852,148.72969
555543575,Pilliga West,II,364.75,AUS,-30.59237,148.78379
555543591,Tilligerry,II,48.28,AUS,-32.77130,151.88541
555543592,Timmallallie,IV,393.43,AUS,-30.94005,149.23311
555543620,Sugarloaf,II,42.05,AUS,-32.93755,151.52156
555543623,Trinkey,II,101.78,AUS,-31.37185,149.97517
555543634,Wallaroo,II,27.84,AUS,-32.62322,151.81457
555543639,Warialda,II,28.88,AUS,-29.61178,150.58258
555543649,Werakata,II,26.18,AUS,-32.85967,151.41007
555543653,Upper Nepean,IA,251.13,AUS,-34.39584,150.61394
555543675,Yarrigan,II,31.22,AUS,-31.03954,149.07115
555544087,Ichigkat Muja - Cordillera del Cóndor,II,883.26,PER,-3.32461,-78.11201
555544103,Bosques Nublados de Udima,IV,121.79,PER,-6.75608,-79.08846
555544113,Anahuac National Wildlife Refuge,IV,156.15,USA,29.67285,-94.52519
555544137,Montebello Islands,IA,286.32,AUS,-20.43582,115.53376
555544139,Barrow Island,IA,40.00,AUS,-20.75874,115.33431
555544735,"Ethniko Parko Oroseiras Rodopis, Perioches Prostasias tis Fysis B1, B2, B3, B4, B5, B6, B7",II,114.80,GRC,41.42346,24.54564
555544736,"Ethniko Parko Oroseiras Rodopis, Perioches Apolytis Prostasias tis Fysis A1, A2, A3",IA,26.85,GRC,41.44385,24.64963
555544742,2014618 Norra Transtrandsfjällen,IB,89.25,SWE,61.24220,12.98692
555545721,Bewick and Beanley Moors,IV,34.37,GBR,55.49310,-1.83771
555545766,Campo Hidrotermal Lucky Strike,IB,300.73,PRT,37.28333,-32.27500
555545767,Campo Hidrotermal Menez Gwen,IB,264.58,PRT,37.84583,-31.52500
555545770,Monte Submarino Sedlo,IB,4096.37,PRT,40.38333,-26.86667
555545790,MARNA (Mid-Atlantic Ridge North of the Azores),IV,93512.71,PRT,44.00000,-28.55000
555545792,Monte Submarino Altair,IV,4383.71,PRT,44.59000,-34.00000
555545793,Monte Submarino Antialtair,IV,2807.19,PRT,43.58989,-22.44000
555545794,Oceanica do Corvo,IV,2681.13,PRT,41.19167,-31.70000
555545795,Oceanica do Faial,IV,2606.26,PRT,41.70833,-29.50833
555545798,Planalto Central e Costa Noroeste,IV,39.36,PRT,38.75010,-27.28329
555545816,Rede de Areas Marinhas Protegidas do Porto Santo,IB,26.75,PRT,33.05868,-16.34054
555545887,Virvassdalen,IA,31.43,NOR,66.35938,15.23593
555545888,Melkevatn-Hjertvatn-Børsvatn,IA,60.09,NOR,68.24089,16.77162
555545905,Hersjømyrin,IA,44.92,NOR,61.39417,9.27959
555545922,Mjøsund,IA,40.71,NOR,64.85947,12.16759
555545924,Bangsjøan,IA,34.39,NOR,64.31796,12.07117
555545969,Laguna Negra y Circos Glaciares de Urbion,IV,46.19,ESP,41.99830,-2.86520
555545980,Las Lagunas y Albardinales del Cigüela,IB,29.82,ESP,39.50606,-3.30122
555546231,Sierra de Guadarrama,II,339.82,ESP,40.88764,-3.93473
555546239,Augstroze,IV,40.20,LVA,57.53675,25.02576
555546241,Ziemeļu purvi,IV,77.05,LVA,57.94599,24.85071
555546263,Żona fil-Baħar fl-inħawi ta\' Għar Lapsi u ta\' Filfla,IV,26.31,MLT,35.79882,14.42657
555546266,Żona fil-Baħar bejn Il-Ponta ta’ San Dimitri (Għawdex) u Il-Qaliet,IV,158.92,MLT,36.00932,14.34958
555547169,Rivière Allier,IV,28.68,FRA,46.40274,3.25465
555547328,Jal Al-Liyah Fenced Area,IV,135.65,KWT,29.58411,47.60603
555547329,Al-Jdaileih,IV,599.73,KWT,29.94160,47.48843
555547331,Umm Gudair Natural Reserve,IV,294.94,KWT,28.75164,47.67392
555547332,Al-Huwaimliya Protected Area,IV,172.35,KWT,29.85470,47.17741
555547333,Demilitarized Zone Natural Reserve,IV,1007.82,KWT,29.59915,47.28258
555547360,Piedras Blancas State Marine Reserve,IA,27.04,USA,35.68334,-121.29605
555547368,Montara State Marine Reserve,IA,30.59,USA,37.52250,-122.54147
555547375,North Farallon Islands State Marine Reserve,IA,46.80,USA,37.79235,-123.05072
555547390,Stewarts Point State Marine Reserve,IA,62.32,USA,38.63417,-123.42533
555547394,Point Sur State Marine Reserve,IA,25.37,USA,36.27822,-121.88449
555547524,Tanbi,II,75.59,GMB,13.42476,-16.62531
555547525,Réserve de faune d'Abokouamékro,IV,205.54,CIV,6.89950,-5.02814
555547526,Réserve scientifique de Lamto,IA,28.31,CIV,6.22219,-5.01324
555547619,Eiao,IV,41.07,PYF,-8.00197,-140.67823
555547903,Taninthayi Nature Reserve,IA,1610.16,MMR,14.65485,98.30836
555547984,Lake Qarun Protected Area,IA,1339.71,EGY,29.55724,30.60779
555547985,Wadi El Rayan Protected Area,II,1756.36,EGY,29.20163,30.28352
555547993,Mpem et Djim,II,974.08,CMR,5.16379,11.71717
555547994,Mont Cameroun,II,581.73,CMR,4.21819,9.15375
555547995,Deng Deng,II,687.45,CMR,5.30666,13.46402
555547996,Takamanda,II,627.69,CMR,6.17208,9.34796
555547997,Kom,II,677.56,CMR,2.32914,12.36912
555547998,Bakossi,II,293.40,CMR,5.05939,9.62454
555548008,Batemans,II,93.47,AUS,-35.95791,150.24006
555548046,Eastern Spencer Gulf,II,40.75,AUS,-34.31281,137.42400
555548047,Encounter,II,282.07,AUS,-35.49365,138.27257
555548050,Far West Coast,IA,1698.29,AUS,-31.70084,130.50141
555548058,Franklin Harbor,II,70.34,AUS,-33.76600,136.90905
555548060,Gambier Islands Group,IV,119.78,AUS,-35.15055,136.45829
555548076,Investigator,II,219.39,AUS,-33.87612,134.72291
555548082,Larsemann Hills,IA,236.64,ATA,-69.40833,76.22500
555548086,Lower South East,II,34.12,AUS,-37.83711,140.53557
555548087,Lower Yorke Peninsula,II,72.35,AUS,-35.12667,137.52421
555548105,Bimberi,IB,287.85,AUS,-35.69799,148.86695
555548106,Neptune Islands Group,IV,123.17,AUS,-35.28229,136.09281
555548108,Nuyts Archipelago,II,434.89,AUS,-32.27028,132.98216
555548134,Cravens Peak,IV,2311.30,AUS,-23.10940,138.32352
555548146,Sir Joseph Banks Group,II,172.63,AUS,-34.56627,136.25408
555548151,Southern Kangaroo Island,II,76.63,AUS,-36.01843,137.32195
555548152,Southern Spencer Gulf,II,145.66,AUS,-35.48407,137.04006
555548163,Thorny Passage,II,98.61,AUS,-34.70234,135.60508
555548174,Upper Gulf St Vincent,IA,87.31,AUS,-34.35504,138.21173
555548175,Upper South East,II,86.79,AUS,-36.63544,139.67755
555548176,Upper Spencer Gulf,II,207.22,AUS,-32.86111,137.69371
555548181,West Coast Bays,II,68.18,AUS,-33.10850,134.40347
555548182,Western Kangaroo Island,II,197.87,AUS,-35.87708,136.47901
555548201,Port Stephens - Great Lakes,II,168.12,AUS,-32.48834,152.26339
555548204,Great Barrier Reef Coast,IA,411.52,AUS,-17.34223,147.74225
555548205,Great Sandy,II,6174.59,AUS,-25.25081,152.67088
555548456,Kelvin,II,38.27,AUS,-21.60012,149.18927
555548680,Karlamilyi,II,12837.29,AUS,-22.33251,122.48773
555548700,Pinnacles,II,74.09,AUS,-19.44201,146.61692
555548706,Tewantin,II,41.84,AUS,-26.36575,152.95540
555548752,Lockyer,II,117.65,AUS,-27.47630,152.19915
555548754,Unnamed WA49994,II,27.73,AUS,-31.42720,115.57167
555548755,Carabost,IA,28.02,AUS,-35.64360,147.67322
555548756,Capertee,II,67.76,AUS,-33.03770,150.03619
555548761,Unnamed WA31111,IA,29.44,AUS,-32.98980,118.67248
555548763,Unnamed (No.HA1412),III,30.11,AUS,-34.42718,139.48278
555548764,Wallagaraugh,IA,30.84,AUS,-37.30473,149.61411
555548769,Woondum,II,40.50,AUS,-26.27418,152.81472
555548773,Beelu,II,46.50,AUS,-31.94114,116.12753
555548775,Nour Nour,II,49.43,AUS,-25.24428,151.45530
555548776,Naree Budjong Djara,II,132.18,AUS,-27.57588,153.45239
555548777,Macalister Range,II,56.28,AUS,-16.66010,145.57335
555548782,Korung,II,63.54,AUS,-32.05074,116.09463
555548783,Herberton Range,II,65.36,AUS,-17.42124,145.48580
555548785,Beeron,II,70.46,AUS,-26.01788,151.31302
555548787,Woomargama,II,72.25,AUS,-35.92553,147.46928
555548789,Albinia,II,73.63,AUS,-24.45244,148.47967
555548790,Bellthorpe,II,75.99,AUS,-26.85593,152.72358
555548791,Humboldt,II,77.01,AUS,-24.20771,148.96221
555548797,Gadgarra,II,80.74,AUS,-17.25631,145.71908
555548798,Lower Goulburn,II,93.21,AUS,-36.20574,145.11859
555548799,Gunbower,II,93.17,AUS,-35.85537,144.37156
555548801,Unnamed (No.HA1454),III,100.73,AUS,-34.26546,139.48994
555548802,Little Mulgrave,II,109.72,AUS,-17.10478,145.70090
555548804,Narkoola,II,140.59,AUS,-28.06039,147.04803
555548805,Binya,II,133.79,AUS,-28.84620,145.60782
555548807,Warby-Ovens,II,147.08,AUS,-36.26072,146.17813
555548810,Wrattens,II,248.32,AUS,-26.39456,152.34780
555548811,Grongah,II,229.05,AUS,-25.89048,152.15873
555548812,Unnamed (No.HA1398),III,257.60,AUS,-33.24667,136.89439
555548813,Mount Lewis,II,288.25,AUS,-16.47692,145.24232
555548814,Barmah,II,284.90,AUS,-35.90693,145.20308
555548815,Koombooloomba,II,292.25,AUS,-17.90377,145.59983
555548816,Bania,II,328.67,AUS,-24.98885,151.49341
555548817,Girramay,II,290.23,AUS,-18.17172,145.88897
555548818,Lama Lama,II,355.52,AUS,-14.41940,143.65115
555548820,Errk Oykangand,II,382.36,AUS,-15.47350,142.08951
555548821,Alwal,II,425.26,AUS,-15.20433,143.57985
555548824,Unnamed (No.HA1196),III,543.30,AUS,-33.74916,140.14159
555548825,Dirk Hartog Island,II,626.64,AUS,-25.82602,113.07954
555548831,Lake Woods Wetlands,IV,1298.13,AUS,-17.79367,133.50482
555548833,Mount Manning Range,II,1472.88,AUS,-30.16282,119.58566
555548834,KULLA (McIlwraith Range),II,1587.90,AUS,-13.74590,143.34227
555548838,Danggali,IB,2037.08,AUS,-33.29096,140.71774
555548839,Ethabuka,IV,2157.36,AUS,-23.82503,138.36382
555548870,Ebo,II,1417.12,CMR,4.30156,10.37345
555548871,Tchabal Mbabo,II,1065.67,CMR,7.30210,12.03403
555548872,Ma Mbed Mbed,II,141.74,CMR,10.06449,14.56882
555548873,Manyange na Elombo-Campo,II,1107.08,CMR,2.49276,9.64884
555549230,Tubbataha Reefs Natural Park,II,968.26,PHL,8.89580,119.91206
555549370,Zangezur,IV,173.07,ARM,39.20398,46.11981
555549371,Juniper Open Forests,IV,32.12,ARM,40.39936,45.52813
555549379,Gandzakar,IV,41.61,ARM,40.79020,45.15820
555549380,Jermuk Forest,IV,36.46,ARM,39.83486,45.67621
555549381,Margahovit,IV,28.14,ARM,40.71557,44.68624
555549382,Ijevan,IV,61.57,ARM,40.91191,45.08745
555549383,Getik,IV,42.39,ARM,40.68965,45.26079
555549385,Jermuk Hydrological,IV,173.70,ARM,39.90631,45.70996
555549388,Herher Open Forests,IV,28.10,ARM,39.78252,45.58035
555549391,Arevik,II,315.52,ARM,38.98003,46.30352
555549392,Lake Arpi,II,211.44,ARM,41.07183,43.71299
555549393,Garagol State Nature Reserve,IA,49.76,AZE,39.61639,46.24977
555549394,Goygol National Park,II,132.92,AZE,40.36104,46.26287
555549396,Korchay State Nature Reserve,IA,29.44,AZE,40.78947,46.73314
555549397,Arpachay State Nature Sanctuary,IV,661.92,AZE,39.61253,45.22107
555549398,Zangazur National Park,II,487.95,AZE,39.22685,45.81312
555549400,Shahdagh National Park,II,1202.31,AZE,41.00123,48.06967
555549401,Zagatala State Nature Sanctuary,IV,70.73,AZE,41.84228,46.55174
555549405,Ajameti Managed Resrve,IV,49.91,GEO,42.13278,42.82331
555549409,Mtirala National Park,II,155.73,GEO,41.66004,41.84919
555549410,Kazbegi National Park,II,782.58,GEO,42.60497,44.54198
555549411,Ilto Managed Reserve,IV,75.97,GEO,42.26928,45.16881
555549412,Tbilisi National Park,II,210.56,GEO,41.87494,44.91179
555549413,Vashlovani National Park,II,250.27,GEO,41.22186,46.50697
555549415,Algeti National Park,II,87.79,GEO,41.72090,44.30212
555549416,Tusheti Nature reserve,IA,102.84,GEO,42.34372,45.51559
555549423,Javakheti National Park,II,134.89,GEO,41.18997,43.36536
555549424,Kintrishi Nationa Park,II,103.97,GEO,41.73519,42.02475
555549425,Lagodekhi Managed Reserve,IV,45.01,GEO,41.89978,46.28856
555549467,Machakhela National Park,II,73.29,GEO,41.48170,41.82797
555549477,Lagunas de Ruidera,IB,66.45,ESP,38.95375,-2.88218
555550497,Selkämeren kansallispuisto,II,915.23,FIN,61.28049,21.21198
555550895,Mikkelinsaaret 73,IB,65.54,FIN,63.34249,21.65317
555551360,2021386 Muorkaape,IB,54.61,SWE,66.56103,21.21709
555552033,2023889 Nenävuoma,IA,25.78,SWE,67.10393,22.96712
555552441,Láhko,II,188.90,NOR,66.83755,14.23059
555552443,Fulufjellet,II,82.48,NOR,61.47073,12.66952
555552485,Reserva Marina de las Islas Columbretes,IV,54.90,ESP,39.87583,0.68033
555555616,Güeppi-Sekime,II,2037.87,PER,-0.40462,-75.24947
555555692,Uramba Bahía Málaga,II,466.84,COL,3.97244,-77.37373
555555693,Cerro la Judía,II,35.20,COL,7.09488,-73.02165
555555694,Bosques Andinos Húmedos el Rasgón,II,65.93,COL,7.05584,-72.94940
555555696,Serranía de las Quinchas,II,212.28,COL,5.92933,-74.23523
555555697,Páramo de Rabanal,II,45.30,COL,5.42510,-73.55329
555555701,La Sierpe,II,251.78,COL,3.95716,-77.20659
555555702,Del Nima,II,31.17,COL,3.50667,-76.08965
555555709,Serranía de Minas,II,37.62,COL,2.07507,-76.07701
555555714,Del Sistema Manglarico del Sector de la Boca de Guacamaya,II,29.54,COL,9.60839,-75.56971
555555771,Páramo del Duende,II,180.88,COL,4.09604,-76.51908
555555777,Serranía de las Quinchas,II,140.66,COL,5.97479,-74.17929
555555790,Sisavita,II,121.26,COL,7.44234,-72.84344
555555791,Ucumarí,II,39.39,COL,4.72228,-75.53106
555555796,Unidad Biogeográfica de Siscuncí Oceta,II,497.68,COL,5.60991,-72.77695
555555800,San Miguel de los Farallones,II,33.77,COL,5.13123,-72.71760
555555801,Siberia Ceibas,II,270.97,COL,2.82324,-75.06394
555555803,Corredor Biológico Guácharos Puracé,II,625.85,COL,1.82069,-76.30114
555555804,Cerro Páramo de Miraflores Rigoberto Urriago,II,316.30,COL,2.26043,-75.42846
555556059,Niénendougou,IV,410.30,MLI,10.69131,-7.69586
555556060,Talikourou,IV,150.92,MLI,12.74165,-8.72318
555556061,Banifin Baoulé,IV,147.68,MLI,12.37352,-7.20039
555556062,Siankadougou,IV,133.43,MLI,11.70754,-7.19610
555556063,Nama Woula,II,389.70,MLI,12.25516,-9.76115
555556064,Mande Woula,II,365.53,MLI,12.32668,-9.42556
555556065,Djangoumerila,IV,580.10,MLI,10.38017,-7.85529
555556066,Dialakoro,IV,383.51,MLI,10.99335,-7.59712
555556067,Djinetoumana,IV,152.00,MLI,10.92120,-7.71357
555556108,Adobe Town,IB,352.99,USA,41.21104,-108.25575
555556110,Copper Mountain,IB,28.30,USA,43.41093,-108.12133
555556113,Government Peak,IB,25.58,USA,39.51291,-114.17040
555556115,Juniper Dunes,IB,28.94,USA,46.39205,-118.85040
555556117,Mccullough Peaks,IB,102.07,USA,44.62605,-108.81549
555556118,Sand Mountain,IB,88.13,USA,43.98167,-111.88951
555556119,Pole Creek,IB,54.24,USA,42.54287,-116.56644
555556120,Sweetwater Canyon,IB,37.03,USA,42.42423,-108.46185
555556142,Johnston Atoll,IV,2293.73,UMI,16.74572,-169.50928
555556157,Bald Mountain,IB,90.54,USA,39.07941,-115.30144
555556161,Hunting Camp Creek,IB,34.28,USA,37.09414,-81.24719
555556164,Red Mountain,IB,83.04,USA,38.88617,-115.32901
555556165,Shellback,IB,146.30,USA,39.24772,-115.35880
555556166,South Fork San Jacinto,IB,81.58,USA,33.66718,-116.76688
555556167,Spanish Peaks,IB,78.32,USA,37.38650,-104.98530
555556169,White Pine Range,IB,162.04,USA,39.08009,-115.48333
555556174,Gaylord Nelson,IB,133.53,USA,46.97655,-90.71540
555556766,Bikini,IB,2022.03,MHL,11.60412,165.38398
555556866,Abrolhos,II,2547.57,AUS,-27.94582,112.95834
555556868,Argo-Rowley Terrace,II,36050.13,AUS,-14.20466,118.79168
555556870,Ashmore Reef,IA,549.64,AUS,-12.24860,123.07626
555556871,Bremer,II,3172.43,AUS,-34.63861,119.85001
555556872,Carnarvon Canyon,IV,6176.70,AUS,-23.65832,111.00001
555556873,Cartier Island,IA,172.37,AUS,-12.53076,123.55523
555556874,Central Eastern,II,8109.75,AUS,-30.74165,156.21667
555556875,Coral Sea,II,238399.77,AUS,-17.86419,151.88102
555556876,Dampier,II,72.71,AUS,-20.34170,117.07334
555556877,Eastern Recherche,II,15564.83,AUS,-35.65850,123.81668
555556879,Gascoyne,II,9131.86,AUS,-21.09999,111.07914
555556882,Great Australian Bight,II,7727.84,AUS,-31.99138,130.80084
555556883,Gulf of Carpentaria,II,3623.08,AUS,-15.77499,139.81886
555556884,Hunter,IV,4518.53,AUS,-32.34999,153.30001
555556885,Jervis,IV,1965.20,AUS,-35.19999,151.30417
555556887,Jurien,II,30.61,AUS,-30.69165,114.73404
555556888,Kimberley,II,6392.29,AUS,-15.53415,123.28489
555556889,Limmen,IV,1399.20,AUS,-15.18043,135.98451
555556890,Lord Howe,II,9272.78,AUS,-30.84165,159.35000
555556891,Mermaid Reef,II,539.87,AUS,-17.09165,119.62501
555556893,Murat,II,937.77,AUS,-32.51665,132.65001
555556894,Ningaloo,II,115.95,AUS,-22.73440,113.55250
555556895,Norfolk,II,41660.67,NFK,-26.72247,167.80834
555556896,Oceanic Shoals,II,406.19,AUS,-11.09165,129.85834
555556897,Perth Canyon,II,1240.79,AUS,-31.99999,114.71682
555556901,South-west Corner,II,54841.08,AUS,-35.98591,116.47822
555556903,Twilight,II,3604.89,AUS,-32.69711,126.12001
555556905,Wessel,IV,3810.92,AUS,-11.71388,137.03334
555556906,West Cape York,II,3329.13,AUS,-10.61991,141.27925
555556907,Western Eyre,II,17437.36,AUS,-36.18570,134.24999
555556908,Western Kangaroo Island,II,120.00,AUS,-35.74028,136.30834
555557356,Mer Bleue Bog,II,33.80,CAN,45.40068,-75.50771
555557360,NANG XALDANGAAS CONSERVANCY,II,68.97,CAN,53.97858,-132.34362
555557363,TLALL CONSERVANCY,II,162.09,CAN,53.44136,-132.07979
555557365,KUNXALAS CONSERVANCY,II,33.53,CAN,53.09220,-131.68454
555557367,K'UUNA GWAAY CONSERVANCY,II,131.56,CAN,52.89618,-131.58954
555557368,DAAWUUXUSDA CONSERVANCY,II,704.51,CAN,53.05047,-132.41052
555557369,UPPER SOO CONSERVANCY,II,113.12,CAN,50.26091,-123.20511
555557370,CALLAGHAN CONSERVANCY,II,80.87,CAN,50.16270,-123.23705
555557371,CRESTON VALLEY WILDLIFE MANAGEMENT AREA,IV,69.00,CAN,49.14476,-116.61604
555557373,FINLAY-RUSSEL PROTECTED AREA,II,135.67,CAN,57.37163,-126.16797
555557375,SEVEN SISTERS PROTECTED AREA,II,120.16,CAN,54.93942,-128.24290
555557376,BEARHOLE LAKE PROTECTED AREA,II,50.54,CAN,55.04571,-120.34629
555557377,SUTHERLAND RIVER PROTECTED AREA,II,48.35,CAN,54.35058,-124.80832
555557381,FRED ANTOINE PARK,II,82.33,CAN,50.89724,-122.11546
555557384,MKWAL'TS CONSERVANCY,II,38.62,CAN,50.25688,-122.65816
555557388,SOUTH CHILCOTIN MOUNTAINS PARK,II,567.95,CAN,51.05806,-123.08214
555557526,Lakeland Provincial Recreation Area,II,415.73,CAN,54.72953,-111.39852
555557696,Primrose Lake,IV,117.51,CAN,54.91547,-109.91107
555557712,Douglas Provincial Park,II,96.27,CAN,51.01975,-106.49740
555557715,Wildcat Hill Provincial Park,IB,221.71,CAN,53.24717,-102.47367
555557735,Clarence-Steepbank Lakes Provincial Park,IB,163.63,CAN,54.27819,-105.11065
555557743,Athabasca Sand Dunes Provincial Park,IB,2081.09,CAN,59.10630,-108.68950
555557746,Clearwater River Provincial Park,IB,2361.42,CAN,56.96173,-109.10408
555557753,Moose Mountain Provincial Park,II,402.63,CAN,49.81395,-102.39450
555557754,Narrow Hills Provincial Park,II,586.79,CAN,54.08185,-104.64505
555557755,Saskatchewan Landing Provincial Park,II,72.39,CAN,50.65961,-107.99015
555557756,Greenwater Lake Provincial Park,II,202.55,CAN,52.51840,-103.42242
555557759,Makwa Lake Provincial Park,II,25.30,CAN,54.03840,-109.24045
555557763,Meadow Lake Provincial Park,II,1688.07,CAN,54.55812,-109.13931
555557764,Lac La Ronge Provincial Park,II,3194.08,CAN,55.27107,-104.76893
555557769,Mccusker River,IA,1394.32,CAN,55.13269,-108.82483
555557772,Nakuchi Lake,IB,45.92,CAN,53.67944,-101.87653
555557773,Seager Wheeler Lake,IB,1771.89,CAN,54.20198,-103.68464
555557775,Perry Lake,IB,394.57,CAN,56.86715,-102.64762
555557777,Halldorson Bay,IB,68.01,CAN,56.94263,-102.07934
555557778,Greenbush River,IB,25.00,CAN,52.93277,-102.66431
555557779,Fir River,IB,48.72,CAN,53.08776,-102.59787
555557781,Jan Lake,IB,335.37,CAN,54.93942,-102.89726
555557785,Pasquia River,IB,48.79,CAN,53.24936,-101.76923
555557787,Budd Lake,IB,179.00,CAN,54.97689,-106.80652
555557788,Carrot River,IB,95.02,CAN,53.55459,-103.16612
555557789,Rice River Canyon,IB,74.00,CAN,53.47431,-102.35585
555557790,Wapawekka Hills,IB,679.08,CAN,54.82962,-104.33019
555557792,Sturgeon-Weir River,IB,48.36,CAN,54.65760,-102.59351
555557911,Crystal Beach Lake,IV,79.01,CAN,51.69235,-107.57494
555557916,Candle Lake,IV,295.99,CAN,53.77962,-105.35374
555557921,Whiteswan Lakes,IV,306.72,CAN,54.08185,-105.16262
555557926,Outlook,IV,39.38,CAN,51.56187,-107.05846
555557937,Nueltin Lake Provincial Park,IB,4475.30,CAN,59.63092,-99.58464
555557938,Colvin Lake Provincial Park,IB,1631.11,CAN,59.66497,-101.56029
555557939,Pimitotah Traditional Use Planning Area,II,1325.45,CAN,51.69101,-96.16056
555557940,Pauingassi First Nation Traditional Use Planning Area,II,2724.68,CAN,52.43527,-95.62861
555558125,Sahkeesuhkuh Weesuhkaheegahn,IV,88.80,CAN,51.55325,-93.47286
555558126,Pahngwahshahshk Ohweemushkeeg,IV,578.15,CAN,52.12433,-93.25489
555558127,Beekahncheekahmeeng Deebahncheekayweehn Eenahohnahnuhn,IV,996.40,CAN,51.84246,-93.42321
555558128,Weeskayjahk Ohtahzhoganeeng,IV,1785.32,CAN,51.69590,-94.51173
555558130,Kahnahmaykoosayseekahk,IV,48.18,CAN,51.33710,-94.11796
555558131,North Georgian Bay Shoreline And Islands Conservation Reserve,II,171.23,CAN,45.71551,-80.55288
555558159,Mount Carleton Provincial Park,II,173.13,CAN,47.40381,-66.83299
555558207,Asatiwisipe Aki Traditional Use Planning Area,II,8077.59,CAN,52.97959,-96.59841
555558212,Primrose Lake Provincial Ecological Reserve,IA,195.00,CAN,55.02376,-109.75875
555558213,Connell Creek,IB,49.84,CAN,53.06383,-103.26716
555558215,Selenite Point,IB,37.58,CAN,54.68506,-106.71415
555558216,Great Sand Hills,IB,372.96,CAN,50.60855,-109.14427
555558217,Mari Lake,IB,310.86,CAN,55.19715,-102.00531
555558222,Caribou Flats,IB,95.98,CAN,54.91577,-107.34499
555558225,Private Conservation Lands,IV,3340.13,CAN,51.69523,-105.66810
555558302,Sena Oura,II,745.99,TCD,8.95096,14.74125
555558349,Barco Hundido,III,111.32,ARG,-46.74804,-67.13164
555558355,Monte León,II,562.69,ARG,-50.33722,-68.91734
555558356,Aves Migratorias,IV,58.83,ARG,-51.64475,-69.05168
555558360,Pehuen Co-Monte Hermoso,IV,572.24,ARG,-39.02861,-61.38649
555558378,Wilder Kaiser,IB,37.82,AUT,47.55422,12.31488
555558382,Duleby Islands-Zaozerye,IV,307.76,BLR,53.76930,29.55572
555558383,Morochno,IV,64.21,BLR,51.85381,26.62936
555558384,Stary Zhaden,IV,170.61,BLR,51.89587,27.61306
555558385,Vigonoshchanskoe,IV,546.46,BLR,52.70397,25.81989
555558389,Dongfanghong Wetland National Nature Reserve,IB,315.56,CHN,46.29186,133.73611
555558390,Hubei Chen Lake Wetland Nature Reserve,IB,115.67,CHN,30.34348,113.83388
555558391,Hubei Dajiu Lake Wetland,IA,93.26,CHN,31.47792,110.05088
555558392,Shandong Yellow River Delta Wetland,IA,959.46,CHN,37.88024,118.99062
555558394,Lille Vildmose,IV,78.63,DNK,56.88272,10.20357
555558402,Vransko Lake,IA,57.65,HRV,43.89538,15.58088
555558416,Horsvaer,IV,174.85,NOR,65.32070,11.67752
555558420,West-Vikna Archipelago,IA,135.90,NOR,64.92309,10.84047
555558886,Schwarzwald,II,100.60,DEU,48.59277,8.27749
555558905,Küstrinchen,IV,29.82,DEU,53.24348,13.38033
555558912,"Ethniko Parko ygrotopon Kotychiou - Strofylias, Zoni A - Periochi Prostasias tis Fysis",IV,87.80,GRC,38.09277,21.34477
555559016,"Peipsiveere LKA, Suursoo skv.",IV,90.12,EST,58.35422,27.23299
555559195,"Blackwater, Crouch, Roach and Colne Estuaries",IV,284.41,GBR,51.72481,0.85282
555559196,Chesil Beach and Stennis Ledges,IV,37.69,GBR,50.59798,-2.53621
555559199,Folkestone Pomerania,IV,33.71,GBR,51.02221,1.27996
555559200,Fylde,IV,260.75,GBR,53.75200,-3.24252
555559201,Isles of Scilly Sites - Bristows to the Stones,IV,27.52,GBR,50.01705,-6.17147
555559202,Kingmere,IV,47.72,GBR,50.72662,-0.45768
555559203,Lundy,IV,30.69,GBR,51.18340,-4.66853
555559206,Padstow Bay and Surrounds,IV,90.32,GBR,50.54879,-5.01964
555559209,Skerries Bank and Surrounds,IV,249.19,GBR,50.20565,-3.62715
555559214,Thanet Coast,IV,63.62,GBR,51.36748,1.33493
555559219,Whitsand and Looe Bay,IV,52.23,GBR,50.34237,-4.34836
555559618,Calanques,II,519.23,FRA,43.15344,5.41032
555559630,Massif Du Pibeste - Aoulhet,IV,51.32,FRA,43.06162,-0.12417
555559880,Drentsche Aa-gebied,IV,39.02,NLD,53.03596,6.63727
555559887,Kennemerland-Zuid,IV,81.72,NLD,52.35410,4.53414
555559900,Loonse en Drunense Duinen & Leemkuilen,IV,39.76,NLD,51.63808,5.13729
555559904,Meijendel & Berkheide,IV,28.79,NLD,52.15144,4.35168
555559921,Vecht- en Beneden-Reggegebied,IV,41.05,NLD,52.49370,6.47224
555560009,Nacionalni park Prokletije,II,158.71,MNE,42.54028,19.91607
555560010,Okanj bara,IV,54.98,SRB,45.49345,20.24100
555560045,Selsjøen,IA,30.14,NOR,60.61039,10.06425
555560062,Hanestadvola,IA,26.18,NOR,61.76550,10.91433
555560372,Liqeni i Ulezes,IV,42.05,ALB,41.67605,19.89212
555560373,Korabi Koritnik,IV,555.48,ALB,41.85782,20.51692
555560465,Loch Sunart,IV,48.81,GBR,56.66925,-5.78731
555560466,Loch Sunart to the Sound of Jura,IV,741.01,GBR,56.35029,-5.83142
555560467,Loch Sween,IV,40.65,GBR,55.97094,-5.65822
555560468,"Lochs Duich, Long and Alsh",IV,36.95,GBR,57.26471,-5.58545
555560474,South Arran,IV,279.87,GBR,55.47753,-5.20717
555560475,Upper Loch Fyne and Loch Goil,IV,87.65,GBR,56.13280,-5.12280
555560476,Wester Ross,IV,599.01,GBR,57.94109,-5.44086
555560479,North-west Orkney,IV,4370.38,GBR,59.42278,-3.17880
555560484,Hatton-Rockall Basin,IV,1257.44,GBR,58.05040,-16.39468
555560488,The Barra Fan and Hebrides Terrace Seamount,IV,4387.85,GBR,56.60192,-9.79986
555560665,Oberes Rhinluch,IV,27.66,DEU,52.80136,12.89550
555560847,Hunsrück-Hochwald,II,101.98,DEU,49.69881,7.13201
555561727,Jerma,IV,69.56,SRB,42.94777,22.63335
555561729,Ritovi Donjeg Potisja,IV,30.12,SRB,45.39919,20.19234
555561872,Rijntakken,IV,230.52,NLD,52.19255,5.73182
555561961,Rive Droite Du Mahury,IV,53.52,GUF,4.83925,-52.22825
555562005,Savanes Et Marais De Macouria,IV,46.50,GUF,5.00965,-52.44985
555563454,Horta,IA,31.60,NOR,65.21209,11.43634
555564173,Opuiaki,III,38.18,NZL,-37.94832,175.94854
555564204,Pureora,III,72.80,NZL,-38.57363,175.56991
555564248,Waihaha,III,120.88,NZL,-38.70395,175.60006
555564301,Whanokao,III,40.85,NZL,-37.88816,177.98608
555564303,Maungawaru,III,26.66,NZL,-38.08361,177.82059
555564306,Raukumara,IB,395.49,NZL,-37.96026,177.82206
555564346,Rerewhakaaitu,III,25.05,NZL,-38.30979,176.59484
555564382,Papakai,III,33.15,NZL,-36.94100,175.59224
555564384,Maramataha,III,71.62,NZL,-38.69674,175.49922
555564460,Auckland Islands,IA,568.17,NZL,-50.70675,166.11558
555564462,Campbell Island,IA,108.66,NZL,-52.54346,169.12605
555564515,Whangarei Harbour Wildlife Refuge,IV,89.59,NZL,-35.78825,174.42800
555564550,Moehau,III,36.23,NZL,-36.53896,175.39255
555564614,Mangatutu,III,26.00,NZL,-38.33793,175.48231
555564634,Nina Doubtful Rivers,III,30.15,NZL,-42.48050,172.32890
555564638,Lochiel,III,42.54,NZL,-42.61980,172.66124
555564641,The Poplars,III,42.72,NZL,-42.58413,172.28125
555564725,Awarua,III,38.90,NZL,-39.60958,176.20400
555564737,Kermadec Islands (All Islands),IA,32.93,NZL,-30.29713,-178.38479
555564742,Diggers Ridge,III,40.46,NZL,-45.84398,167.59791
555564743,Lillburn,III,29.26,NZL,-45.96669,167.43193
555564744,Waikoau,III,28.38,NZL,-46.04356,167.38787
555564875,Leatham River,III,51.93,NZL,-41.79939,173.23283
555564894,Waikareiti North,III,71.74,NZL,-38.55878,177.33361
555564923,Compensation Run,III,25.56,NZL,-41.76319,173.16590
555564993,Rainbow Run,III,190.70,NZL,-42.04625,172.86254
555565101,Lindis,III,40.59,NZL,-44.51990,169.64893
555565114,Tasman Islands Wildlife Refuge,IV,170.91,NZL,-43.82933,170.20531
555565217,Timber Creek,III,28.43,NZL,-44.93324,170.33447
555565280,Mt Potts,III,92.20,NZL,-43.49384,170.92924
555565297,Hakatere,III,143.07,NZL,-43.58847,171.13538
555565319,Mount Studholme,III,49.45,NZL,-44.61495,170.89870
555565323,Paparoa,IB,315.35,NZL,-42.00147,171.66215
555565327,Paparoa Range South,III,160.54,NZL,-42.25126,171.40795
555565352,Mai Mai - Te Wharau,III,84.77,NZL,-42.09164,171.69260
555565385,Upper Hope,III,59.76,NZL,-42.57996,172.15745
555565388,Coal Creek,IV,85.61,NZL,-41.93514,171.96767
555565430,Northern Paparoa Range,III,114.13,NZL,-41.90732,171.65451
555565439,Little Totara River,III,54.72,NZL,-41.91594,171.53302
555565464,Mount Somers,III,28.42,NZL,-43.60795,171.33204
555565483,Central Southern Alps Wilberforce,III,74.57,NZL,-43.00970,171.35360
555565486,Double Hill,III,69.47,NZL,-43.40097,171.29834
555565583,Adams,IB,467.28,NZL,-43.27131,170.72598
555565594,Liebig Range/Upper Jollie/ Cass,III,58.01,NZL,-43.63435,170.34548
555565630,Fletcher Creek,III,32.89,NZL,-41.98391,171.81006
555565640,Panekirikiri,III,28.15,NZL,-38.83534,177.05625
555565646,Raukokore,III,35.88,NZL,-37.82392,177.96449
555565647,Tautuku,III,57.77,NZL,-46.52735,169.31002
555565666,Shotover/Kimi-akau,III,26.44,NZL,-44.50772,168.73288
555565700,Wanganui / Otira Catchments,III,900.98,NZL,-42.98174,171.23263
555565705,Ruataniwha,III,357.08,NZL,-44.01612,169.90696
555565765,St James,III,786.54,NZL,-42.28648,172.60271
555565833,Eastern Rakiura,III,116.57,NZL,-47.08831,168.04704
555565842,Pouto Wildlife Refuge,IV,68.40,NZL,-36.35521,174.09694
555565862,Whakaari,III,142.37,NZL,-44.83044,168.51272
555565880,Taka Ra Haka,III,65.41,NZL,-45.30708,168.66831
555566055,Kopuwai,III,123.38,NZL,-45.27675,169.11552
555566061,Eyre Mountains,III,36.73,NZL,-45.42217,168.50058
555566064,Ajax,III,88.55,NZL,-46.45752,169.33991
555566070,Ka Whenua Roimata (Ngai Tahu Giftback),III,41.97,NZL,-44.92145,168.27360
555566071,Motatapu,III,52.56,NZL,-44.67585,168.86807
555566082,Dunsdale,III,32.31,NZL,-46.09935,168.63698
555566096,Mt Peel/Waikari Hills,III,32.81,NZL,-43.83204,171.19969
555566106,Pomahaka,III,33.51,NZL,-45.57197,169.13721
555566107,Mount Hutt,III,75.83,NZL,-43.46923,171.50066
555566108,Castle Hill,III,84.66,NZL,-43.21214,171.73420
555566273,Bendigo,IV,69.98,NZL,-44.95911,169.35607
555566274,Tapanui Forest,IV,124.60,NZL,-45.94496,169.30782
555566283,Tutae-Ka-Wetoweto Forest,IV,35.01,NZL,-47.10130,168.09154
555566523,Motutapu,IV,134.71,NZL,-44.75171,168.90747
555566606,Hikurangi,IV,37.83,NZL,-37.93614,178.07565
555566749,Ngatapa Station,IV,77.73,NZL,-38.92828,176.75869
555566816,Chain Hills,IV,29.03,NZL,-44.71434,169.67493
555566859,Moutere Ihupuku / Campbell Island,IA,1129.82,NZL,-52.53300,168.99678
555566860,Moutere Mahue / Antipodes Island,IA,2165.59,NZL,-49.67851,178.76965
555566861,Moutere Hauriri / Bounty Islands,IA,1041.84,NZL,-47.75706,179.13179
555566879,Ruakituri Wilderness Area,IB,233.03,NZL,-38.60350,177.17926
555566907,Asa Managed Reserve,IV,39.47,GEO,42.70280,44.89457
555566931,Pshav-Khevsureti National Park,II,738.31,GEO,42.54665,45.06614
555566941,Sable Island National Park Reserve Of Canada,II,29.82,CAN,43.99409,-59.89766
555566942,Nááts'ihch'oh National Park Reserve Of Canada,II,4899.30,CAN,62.57222,-128.58561
555566943,Pink Lake,IB,3667.19,CAN,56.76556,-104.40724
555566946,YALAKOM PARK,II,89.41,CAN,51.08747,-122.41239
555566947,GOLDEN GATE/X̱ÁAT YÁDI AANI CONSERVANCY,II,59.85,CAN,59.64422,-134.21672
555566951,MCTAGGART-COWAN/NSEK'INIW'T WILDLIFE MANAGEMENT AREA,IV,64.91,CAN,49.41249,-119.50256
555566964,ELEVEN SISTERS PARK,II,29.18,CAN,51.84245,-123.49596
555566966,HANNA-TINTINA CONSERVANCY,II,237.01,CAN,56.15527,-129.30634
555566968,NE'ĀH' CONSERVANCY,IB,2325.69,CAN,59.29570,-128.70869
555566984,Mkhaya Game Reserve,II,100.49,SWZ,-26.61642,31.73448
555567013,"Pointe au Naufrage, Pointe à la Vache Water Fowl Gathering Area",IV,52.47,CAN,49.76937,-63.11060
555567030,Refuge de Nicolet Water Fowl Gathering Area,IV,28.21,CAN,46.20938,-72.70564
555567048,La Macaza White-Tailed Deer Yard,IV,40.76,CAN,46.38144,-74.75173
555567049,Lac David White-Tailed Deer Yard,IV,50.43,CAN,46.59722,-75.21879
555567050,Ruisseau Grand-Nord White-Tailed Deer Yard,IV,32.92,CAN,48.35968,-66.06776
555567051,Long-Montauban White-Tailed Deer Yard,IV,74.29,CAN,46.84192,-72.18880
555567052,Kiamika - Lac-du-Cerf White-Tailed Deer Yard,IV,101.83,CAN,46.36236,-75.41503
555567054,Venosta White-Tailed Deer Yard,IV,47.93,CAN,45.83888,-76.12319
555567056,Notre-Dame-du-Laus White-Tailed Deer Yard,IV,88.21,CAN,46.07684,-75.55790
555567058,Plaisance National Park (Québec),II,28.16,CAN,45.60304,-75.10503
555567059,Hautes-Gorges-de-la-Rivière-Malbaie National Park (Québec),II,224.91,CAN,47.92243,-70.51491
555567086,Serpentine-du-Mont-Albert Habitat Of A Threatened Or Vulnerable Plant Species,IA,27.54,CAN,48.90855,-66.17872
555567088,Proposed Rivière-Delay Biodiversity Reserve,II,2889.97,CAN,56.38695,-71.04354
555567093,Proposed Anneaux-Forestiers Biodiversity Reserve,II,133.94,CAN,49.67752,-79.40986
555567094,Proposed Lac-Sérigny Biodiversity Reserve,II,3260.33,CAN,55.37874,-69.73533
555567096,Proposed ruisseau Niquet Biodiversity Reserve,II,164.72,CAN,50.15030,-79.02932
555567098,Proposed Vallée-de-la-Rivière-Maganasipi Biodiversity Reserve,II,89.63,CAN,46.35516,-78.36575
555567099,Proposed lac Wetetnagami Biodiversity Reserve,II,234.28,CAN,48.79076,-76.27894
555567100,Proposed lac Ménistouc Biodiversity Reserve,II,354.79,CAN,52.88779,-66.44430
555567103,Proposed Hirondelle Biodiversity Reserve,II,322.06,CAN,52.92706,-71.68729
555567105,Proposed îles de l'est du Pipmuacan Biodiversity Reserve,II,88.45,CAN,49.54076,-70.08764
555567106,Proposed Seigneurie-du-Triton Biodiversity Reserve,II,410.10,CAN,47.60391,-72.05109
555567107,Proposed Waskaganish Biodiversity Reserve,II,1077.84,CAN,51.49920,-78.09357
555567109,Proposed Buttes-du-Lac-Montjoie Biodiversity Reserve,II,98.27,CAN,46.30666,-75.15076
555567110,Proposed Opémican Biodiversity Reserve,II,29.49,CAN,46.91373,-78.96623
555567111,Proposed Drumlins-du-Lac-Viennaux Biodiversity Reserve,II,701.54,CAN,58.51593,-71.29856
555567113,Proposed Basses-Collines-du-Lac-au-Sorcier Biodiversity Reserve,II,191.11,CAN,46.70091,-73.43558
555567114,Proposed Canyon-de-la-Rivière-aux-Rats Biodiversity Reserve,II,208.50,CAN,47.42224,-73.07602
555567115,Proposed Rivière-Vachon Biodiversity Reserve,II,2532.93,CAN,60.63739,-72.24979
555567118,Proposed Basses-Collines-du-Ruisseau-Serpent Biodiversity Reserve,II,112.34,CAN,46.49877,-78.79667
555567119,Proposed Mont-Sainte-Marie Biodiversity Reserve,II,134.26,CAN,46.00733,-75.77595
555567121,Proposed Esker-Mistaouac Biodiversity Reserve,II,456.46,CAN,49.31765,-78.76024
555567122,Proposed vallée de la rivière Godbout Biodiversity Reserve,II,147.59,CAN,49.64115,-67.81201
555567123,Proposed Lac-Némiscachingue Biodiversity Reserve,II,253.11,CAN,47.45990,-74.43464
555567126,Proposed Plateau-de-la-Pierriche Biodiversity Reserve,II,341.30,CAN,48.20221,-73.13994
555567127,Proposed Îles-du-Kiamika Biodiversity Reserve,II,44.82,CAN,46.68890,-75.04522
555567128,Proposed Sikitakan Sipi Biodiversity Reserve,II,91.46,CAN,48.39574,-74.47249
555567129,Proposed lac Saint-Cyr Biodiversity Reserve,II,143.17,CAN,48.74718,-75.70743
555567130,Proposed Station-de-biologie-des-Laurentides Biodiversity Reserve,II,29.63,CAN,46.00712,-73.99404
555567131,Proposed Wanaki Biodiversity Reserve,II,137.92,CAN,47.51096,-77.40137
555567132,Proposed marais du lac Parent Biodiversity Reserve,II,402.84,CAN,48.72656,-76.86475
555567134,Proposed lac Taibi Biodiversity Reserve,II,268.97,CAN,49.41281,-77.50033
555567135,Proposed lac Berté Biodiversity Reserve,II,482.54,CAN,50.82005,-68.39371
555567137,Proposed brûlis du lac Frégate Biodiversity Reserve,II,268.14,CAN,49.50714,-69.25804
555567138,Proposed Paul-Provencher Biodiversity Reserve,II,112.91,CAN,50.12273,-68.22672
555567139,Proposed Basses-Collines-du-Lac-Coucou Biodiversity Reserve,II,177.67,CAN,47.71575,-73.82471
555567140,Proposed Vallée-Tousignant Biodiversity Reserve,II,42.58,CAN,47.04145,-73.17479
555567141,Proposed Domaine-La Vérendrye Biodiversity Reserve,II,260.65,CAN,47.02155,-76.66715
555567142,Proposed Grandes-Piles Biodiversity Reserve,II,36.30,CAN,46.76928,-72.66472
555567143,Proposed Dunes-de-la-Rivière-Attic Biodiversity Reserve,II,77.67,CAN,48.21142,-76.78154
555567144,Proposed Brûlis-du-Lac-Oskélanéo Biodiversity Reserve,II,261.21,CAN,48.14347,-75.18939
555567145,Proposed lac Onistagane Biodiversity Reserve,II,674.30,CAN,50.75071,-71.30501
555567146,Monts-Pyramides National Park Reserve (Québec),II,1935.05,CAN,57.60274,-65.43564
555567147,Collines-Ondulées National Park Reserve (Québec),II,1659.79,CAN,55.70372,-67.28939
555567148,Assinica National Park Reserve (Québec),II,3213.91,CAN,50.62191,-75.76959
555567149,Baie-aux-Feuilles National Park Reserve (Québec),II,3868.67,CAN,58.85443,-69.92137
555567267,Proposed Rivière-Dumoine Aquatic Reserve,II,1444.97,CAN,46.81166,-77.82322
555567268,Proposed lac au Foin Aquatic Reserve,II,172.41,CAN,50.06803,-72.13347
555567269,Proposed Vallée-de-la-Haute-Rouge Aquatic Reserve,II,141.99,CAN,46.80942,-74.59898
555567527,Saguenay-St. Lawrence Marine Park,II,1247.24,CAN,48.01727,-69.99688
555567529,Îles de la Girodeau - Grande Île Water Fowl Gathering Area,IV,46.77,CAN,46.12602,-73.00496
555567552,partie Chicoutai-Kegashka Water Fowl Gathering Area,IV,41.55,CAN,50.19660,-61.10673
555567643,Île Dumais Water Fowl Gathering Area,IV,25.19,CAN,47.62577,-69.81675
555568449,02551R098 Biological Refuge,IV,25.89,CAN,49.97802,-73.65305
555569532,02551R100 Biological Refuge,IV,30.04,CAN,49.89284,-73.62981
555569775,Uapishka Biodiversity Reserve,II,1382.50,CAN,51.57326,-67.95496
555569777,Karst-de-Saint-Elzéar Biodiversity Reserve,III,44.24,CAN,48.26355,-65.35247
555569778,Rivière-George Territorial reserve for protected area purposes,II,8385.34,CAN,56.80739,-65.35158
555569779,Lac-Jeannin Territorial reserve for protected area purposes,II,1290.48,CAN,56.46761,-66.14407
555569780,Rivière-Marralik Territorial reserve for protected area purposes,II,3564.53,CAN,57.67917,-66.75475
555569792,Aire d'Aménagement de Grande-Rivière White-Tailed Deer Yard,IV,84.69,CAN,47.20397,-69.86624
555569794,Lac Tremblant White-Tailed Deer Yard,IV,32.54,CAN,46.23220,-74.59377
555569913,"Montagnes-Vertes (Sec. SCCN / Par. Allistone-Winkler, Domtar, Nadon, Ghiskas-Schmid, Johnston) Nature Reserve",II,46.14,CAN,45.10637,-72.48502
555569944,Banke,II,567.94,NPL,28.15771,81.93448
555570445,Kgaswane Mountain Reserve,IV,49.56,ZAF,-25.72352,27.21180
555571200,Barisan,IA,41.43,IDN,-0.56798,100.38073
555571205,Sungai Barito,IA,607.46,IDN,-1.86772,114.40321
555571207,Batang Pangean II,IA,209.80,IDN,-0.96644,101.20036
555571208,Bukit Bungkuk,IA,139.72,IDN,0.23605,100.90666
555571211,Balai Raja,IV,153.33,IDN,1.15580,101.19053
555571216,Lubuk Raya,IA,29.84,IDN,1.47347,99.19373
555571227,Gunung Merapi,II,64.47,IDN,-7.55987,110.42424
555571229,Toffo Kota Lambu,IA,33.71,IDN,-8.59504,119.14948
555571230,Gunung Tambora Selatan,IA,259.03,IDN,-8.25045,117.98084
555571236,Karimunjawa,IA,1190.26,IDN,-5.79729,110.30976
555571244,Wolo Tadho,IA,42.71,IDN,-8.42935,121.04827
555571249,Watu Ata,IA,43.33,IDN,-8.77367,120.93802
555571253,Laiwangi Wanggameti,II,463.09,IDN,-10.06977,120.15707
555571264,Ganda Dewata,II,2135.47,IDN,-2.35347,119.51363
555571275,Pamona,IA,273.08,IDN,-2.04773,120.58354
555571278,Tanjung Batikolo,IV,39.07,IDN,-4.45327,122.72153
555571285,Gunung Dako,IA,197.28,IDN,1.10971,120.97336
555571286,Tinombala,IA,359.63,IDN,0.71028,120.79673
555571289,Pulau Larat,IV,45.31,IDN,-7.15782,131.86681
555571290,Savan,IV,69.10,IDN,-8.29960,138.95835
555571292,Tobalai,IA,35.49,IDN,-1.63279,128.33025
555571293,P. Kofiau,IA,166.64,IDN,-1.22715,129.76143
555571294,Bekau Huhun,IA,451.81,IDN,-7.81125,126.07385
555571296,Tanjung Wiay,IA,44.01,IDN,-3.18386,135.67030
555571307,Sungai Bulan dan Sungai Lulan,IA,30.42,IDN,-3.87095,116.25793
555571309,Каратауский,IV,185.07,TJK,37.32492,69.34604
555571310,Сангворский,IV,536.48,TJK,38.82998,71.46000
555571311,Кусавлисайский,IV,278.99,TJK,39.56600,68.68115
555571312,Алмасинский,IV,64.84,TJK,38.69028,68.45419
555571313,Нурекский,IV,125.63,TJK,38.50382,69.69616
555571314,Таджикский Национальный парк,II,23322.74,TJK,38.48962,72.37639
555571317,Ngyanga Nord,IV,88.07,COG,-2.96381,11.82566
555571319,Mont Fouari,IV,287.53,COG,-2.78465,11.62217
555571528,Nishicha,IV,33.95,JPN,42.22863,142.88092
555571542,Akan,IV,53.19,JPN,43.14016,144.15783
555571543,Akanko,IV,90.02,JPN,43.43562,144.11501
555571563,Okushiri,IV,65.94,JPN,42.16213,139.48418
555571592,Kyushu daigaku enshurin,IV,36.77,JPN,43.30395,143.51952
555571598,Kussharoko,IV,85.36,JPN,43.61652,144.33711
555571628,Shikotsuko,IV,223.38,JPN,42.75108,141.30340
555571682,Onuma,IV,169.30,JPN,42.00020,140.68123
555571716,Tokyodaigaku fuzoku hokkaido enshurin,IV,110.54,JPN,43.27750,142.61371
555571723,Toyako,IV,75.78,JPN,42.60192,140.85583
555571754,Shiroishiyama,IV,33.09,JPN,35.89851,138.87140
555571761,Hakuho,IV,203.48,JPN,35.66143,138.27129
555571762,Yatsugatake,IV,69.80,JPN,35.92576,138.38565
555571776,Hobashirayama,IV,36.16,JPN,33.82000,130.79341
555571779,Fukuokashi,IV,193.62,JPN,33.60850,130.35656
555571784,Notoroko,IV,58.26,JPN,44.05801,144.14792
555571790,Hakodake,IV,35.02,JPN,44.66198,142.41566
555571815,Hokudai nakagawa kenkyurin,IV,193.50,JPN,44.81463,142.16766
555571817,Hokudai tomakomai kenkyurin,IV,27.31,JPN,42.68850,141.59469
555571838,Yukuru wakasanai,IV,30.23,JPN,45.10824,141.62835
555571845,Rishiri,IV,173.45,JPN,45.17747,141.23248
555571850,Rebun,IV,64.79,JPN,45.36315,141.02127
555571871,Osorezan,IV,27.44,JPN,41.31499,141.07541
555571873,Kuwahatayama,IV,25.55,JPN,41.39435,141.41280
555571890,Same,IV,36.68,JPN,40.51859,141.58995
555571900,Kodomari,IV,31.70,JPN,41.19544,140.35140
555571910,Ominato,IV,43.92,JPN,41.25221,141.17765
555571960,Iwate machi,IV,39.26,JPN,40.01945,141.18183
555571977,Miyakoshi miyakowan,IV,26.41,JPN,39.61899,141.97942
555572002,Yamada machi yamadawan,IV,27.38,JPN,39.46395,141.98566
555572012,Koiwai nojo,IV,31.47,JPN,39.75992,141.00892
555572014,Yakeishi renpo,IV,70.82,JPN,39.16698,140.84892
555572032,Hayachinesan,IV,82.11,JPN,39.55225,141.47807
555572043,Tochigamori,IV,58.33,JPN,39.08899,140.80765
555572071,Hanayama,IV,30.53,JPN,38.80317,140.85742
555572073,Kamafusa,IV,26.26,JPN,38.19351,140.69322
555572085,Kurikoma,IV,183.49,JPN,38.86379,140.72891
555572096,Matsushima,IV,121.10,JPN,38.33494,141.08326
555572107,Sendai,IV,134.49,JPN,38.28850,140.88383
555572110,Funaoka,IV,32.39,JPN,38.05363,140.73007
555572111,Funagata,IV,55.03,JPN,38.41471,140.63485
555572115,Zao renpo,IV,275.20,JPN,38.20062,140.51276
555572117,Osaki seibu,IV,61.30,JPN,38.55460,140.59193
555572163,Tamagawa,IV,33.90,JPN,39.85089,140.77105
555572165,Komagatake,IV,26.52,JPN,39.77754,140.80522
555572166,Kurikoma,IV,109.16,JPN,38.95038,140.68538
555572204,Nibetsu,IV,32.73,JPN,39.80515,140.26156
555572244,Tazawako,IV,44.02,JPN,39.72037,140.66341
555572266,Hachimantai,IV,175.72,JPN,39.84411,140.91425
555572284,Hokodate,IV,26.82,JPN,39.14319,140.00465
555572301,Wagadake,IV,73.11,JPN,39.64312,140.75909
555572303,Haraikawa,IV,36.74,JPN,39.11504,140.10176
555572318,Azuma,IV,62.17,JPN,37.76710,140.18453
555572321,Takasaka,IV,25.04,JPN,39.03601,140.17602
555572330,Kamuro,IV,39.93,JPN,38.89216,140.45822
555572334,Zao,IV,54.98,JPN,38.15911,140.42878
555572342,Tamugimata,IV,59.87,JPN,38.51408,139.91367
555572352,Mayasan,IV,25.59,JPN,38.52478,139.73175
555572353,Kijiyama-nogawa,IV,29.46,JPN,38.13175,139.94617
555572365,Okutadami,IV,186.32,JPN,37.10042,139.30896
555572386,Azumayama,IV,74.55,JPN,37.72086,140.20680
555572454,Hakaseyama,IV,26.28,JPN,37.34274,139.75050
555572465,Oze,IV,61.76,JPN,36.96516,139.29175
555572484,Urabandai,IV,163.16,JPN,37.69092,140.07637
555572497,Shimotsuma,IV,27.99,JPN,36.21624,139.93530
555572499,Kasumigaura,IV,50.01,JPN,36.05668,140.28121
555572511,Takaoka,IV,43.79,JPN,36.76532,140.64566
555572582,Shiobara,IV,26.33,JPN,36.94110,139.78382
555572641,Nasu miyma,IV,119.00,JPN,37.09978,139.96773
555572644,Nikko,IV,217.63,JPN,36.74394,139.46617
555572677,Marunuma sugenuma,IV,34.65,JPN,36.81316,139.35838
555572694,Akagiyama,IV,28.58,JPN,36.53883,139.15398
555572696,Sennokurayama,IV,27.51,JPN,36.80070,138.86701
555572698,Kusatsu,IV,35.77,JPN,36.63312,138.56796
555572704,Tanikawadake,IV,41.14,JPN,36.84540,138.93161
555572710,Oze,IV,105.28,JPN,36.91035,139.25163
555572711,Hanamagariyama,IV,30.06,JPN,36.43646,138.69665
555572727,Okuchichibu,IV,64.24,JPN,35.90840,138.83130
555572773,Ryokamisan,IV,28.33,JPN,36.02332,138.84293
555572777,Isumi,IV,46.31,JPN,35.22278,140.31296
555572791,Takagoyama,IV,25.14,JPN,35.18996,139.97189
555572837,Okutama,IV,25.59,JPN,35.86386,138.98907
555572841,Mitake,IV,26.55,JPN,35.78500,139.16414
555572843,Takao,IV,46.33,JPN,35.63822,139.23092
555572863,Tamagawa,IV,50.64,JPN,35.66649,139.48864
555572867,Tokyoko,IV,119.42,JPN,35.59540,139.80355
555572889,Kamakura,IV,39.69,JPN,35.33348,139.54092
555572946,Tanzawa oyama,IV,179.63,JPN,35.45486,139.10819
555572956,Hakone,IV,98.69,JPN,35.22258,139.04776
555572980,Echigosanzan,IV,46.72,JPN,37.13462,139.05605
555572999,Saburuyama,IV,43.95,JPN,36.78460,138.71291
555573006,Sumon,IV,42.05,JPN,37.40084,139.14646
555573009,Jujikyo,IV,91.94,JPN,37.03950,139.01656
555573015,Niigata kakuda,IV,46.52,JPN,37.86231,138.94096
555573026,Tainai,IV,34.55,JPN,37.97031,139.53715
555573035,Yunotani okutadamiko,IV,364.52,JPN,37.12204,139.16780
555573041,Hakubarenge,IV,81.12,JPN,36.83276,137.78545
555573045,Naebasan,IV,39.17,JPN,36.85708,138.71348
555573046,Yoneyama,IV,25.60,JPN,37.28097,138.48664
555573049,Hanareyama,IV,27.15,JPN,36.97419,138.09458
555573051,Kitamatadake,IV,91.22,JPN,37.88715,139.58899
555573052,Mantaroyama,IV,54.75,JPN,36.85844,138.87057
555573053,Yahiko,IV,29.05,JPN,37.69798,138.80537
555573090,Shirakimine-kongodozan,IV,57.09,JPN,36.43934,137.08524
555573092,Himi kaigan,IV,65.76,JPN,36.88760,137.02515
555573094,Arimine,IV,72.24,JPN,36.47626,137.44129
555573196,Kaikoma,IV,40.61,JPN,35.78264,138.23553
555573226,Okususobana,IV,33.91,JPN,36.77553,138.02616
555573229,Yokokawa,IV,35.77,JPN,35.94762,137.87236
555573230,Otaki,IV,53.30,JPN,35.87621,137.45407
555573242,Kinpozan,IV,29.61,JPN,35.91137,138.67229
555573244,Komagane kogen,IV,38.29,JPN,35.74072,137.85203
555573249,Togakushiyama,IV,47.24,JPN,36.78385,138.08844
555573251,Ontake,IV,27.46,JPN,35.89497,137.52109
555573256,Hirohara,IV,30.76,JPN,35.93433,138.32416
555573257,Takai,IV,47.10,JPN,36.64369,138.45990
555573262,Miyoshi,IV,31.81,JPN,35.89256,138.13794
555573263,Mitsuminegawa joryu,IV,45.06,JPN,35.65260,138.17517
555573266,Shiga kogen,IV,33.95,JPN,36.70941,138.50476
555573283,Norikura,IV,57.11,JPN,36.15467,137.59705
555573317,Azuma,IV,57.97,JPN,36.58353,138.37482
555573319,Nagawa,IV,28.61,JPN,36.06498,137.63309
555573320,Minami alps nanbu,IV,63.74,JPN,35.45847,138.12301
555573330,Utsukushigahara,IV,37.26,JPN,36.20177,138.08853
555573335,Kazabukidake,IV,35.73,JPN,36.80476,137.82217
555573339,Kita alps hokubu,IV,34.99,JPN,36.67491,137.76536
555573385,Kanakido,IV,44.61,JPN,36.35567,137.55495
555573389,Goshikigahara,IV,35.65,JPN,36.14270,137.50472
555573442,Nihon line,IV,51.57,JPN,35.46754,137.08513
555573457,Ashitakayama,IV,38.16,JPN,35.19400,138.82554
555573466,Ensyunada,IV,57.51,JPN,34.63870,138.01506
555573476,Kyomarushuhen,IV,41.48,JPN,35.07240,137.97766
555573492,Mikkabiseibu,IV,31.94,JPN,34.80380,137.52233
555573505,Senzumisakubo,IV,291.68,JPN,35.22175,138.06157
555573523,Amagi,IV,53.20,JPN,34.84683,138.93475
555573526,Tenryugawaiseiensyunada,IV,29.07,JPN,34.66934,137.66348
555573530,Tokaishizenhodohoruno,IV,47.01,JPN,34.97241,137.93622
555573532,Tokaishizenhodo shizuoka,IV,41.55,JPN,35.05218,138.30301
555573536,Tokaishizenhodo ryogochi,IV,33.71,JPN,35.14590,138.42182
555573540,Minami-Alps,IV,107.88,JPN,35.57000,138.20364
555573552,Fujisanminami,IV,124.62,JPN,35.33411,138.71882
555573650,Kumanoshi kaiganbu,IV,31.45,JPN,33.89132,136.15346
555573670,Matsusakashi iitakacho mori,IV,30.56,JPN,34.37506,136.13552
555573700,Owaseshi sabaru,IV,27.44,JPN,34.06118,136.27045
555573712,Suzuka kokutei koen,IV,72.24,JPN,34.99357,136.39901
555573757,Suzuka kokutei koen,IV,55.98,JPN,35.02086,136.39100
555573775,Miyazuwan,IV,28.43,JPN,35.57708,135.20203
555573833,Yodogawa,IV,27.02,JPN,34.78366,135.54815
555573915,Hyonosen,IV,27.00,JPN,35.32957,134.53443
555573928,Rokkosan,IV,62.09,JPN,34.74598,135.22664
555573934,Yoshinoyama,IV,26.64,JPN,34.36434,135.86343
555573936,Kongokatsuragi,IV,42.65,JPN,34.43753,135.68375
555573937,Takamiyama,IV,30.95,JPN,34.44646,136.06202
555573938,Kurotaki ominesankei,IV,106.34,JPN,34.25821,135.89418
555573985,Koyasan,IV,29.41,JPN,34.21162,135.58730
555574008,Otosankei,IV,27.47,JPN,33.74478,135.70467
555574063,Dogoyama,IV,34.17,JPN,35.09911,133.20965
555574113,Sentsuzan,IV,29.41,JPN,35.12975,133.15335
555574223,Miyajima,IV,40.79,JPN,34.27275,132.30624
555574241,Itsukijima shuhen,IV,91.85,JPN,34.16330,132.76234
555574293,Hibayama,IV,33.37,JPN,35.05036,133.06630
555574344,Akiyoshidai,IV,31.93,JPN,34.25089,131.30679
555574351,Omijima,IV,77.87,JPN,34.40238,131.21830
555574361,Oharako,IV,31.00,JPN,34.29007,131.64249
555574437,Goshikidai,IV,31.62,JPN,34.35661,133.92865
555574470,Sekizen mura,IV,45.96,JPN,34.17269,132.93310
555574482,Kutsunashichito kaiiki,IV,469.54,JPN,33.93289,132.63373
555574518,Uradowan,IV,28.68,JPN,33.51942,133.56245
555574543,Ashizuri misaki,IV,27.61,JPN,32.75761,132.99150
555574561,Hikosan,IV,29.36,JPN,33.47534,130.90189
555574567,Koshosan,IV,26.50,JPN,33.47761,130.71808
555574635,Uku,IV,26.17,JPN,33.27349,129.12109
555574637,Unzen,IV,41.49,JPN,32.75030,130.27370
555574645,Tamanourawan,IV,25.88,JPN,32.65036,128.64453
555574692,Taradake,IV,69.35,JPN,32.94897,130.08485
555574756,Kinpouzan,IV,49.97,JPN,32.82979,130.65021
555574760,Itsuwa,IV,37.39,JPN,32.51097,130.15215
555574790,Kawaguchi,IV,28.03,JPN,32.43833,130.97002
555574796,Daishi,IV,26.62,JPN,32.19912,131.07141
555574833,Oidake,IV,28.98,JPN,32.49549,130.33771
555574834,Momiki,IV,25.06,JPN,32.48921,130.98884
555574868,Kijima kogen,IV,50.08,JPN,33.28095,131.42182
555574874,Sobokatamukisankei,IV,50.25,JPN,32.83589,131.43024
555574940,Sanpokai,IV,28.69,JPN,32.56034,131.07466
555574967,Sobokatamukiyama,IV,43.62,JPN,32.79040,131.42014
555574969,Kamondake,IV,50.46,JPN,32.12680,131.17508
555574993,Osuzuyama,IV,38.94,JPN,32.29758,131.42151
555575030,Takatoge,IV,33.77,JPN,31.56029,130.77981
555575047,Kuchinoerabujima,IV,35.81,JPN,30.45611,130.20475
555575052,Mishima,IV,27.02,JPN,30.81205,130.11307
555575061,Toshima,IV,101.40,JPN,29.39942,129.45981
555575105,Nagashima,IV,38.74,JPN,32.15431,130.14726
555575134,Irabu,IV,46.13,JPN,24.83220,125.17746
555575150,Yakushima,II,324.43,JPN,30.36076,130.40663
555575152,Oze,II,373.72,JPN,36.96681,139.32902
555575153,Kirishima kinkowan,II,735.66,JPN,31.48956,130.74312
555575162,Shinjiko,IV,78.96,JPN,35.44363,132.95982
555575165,Daitoshoto,IV,42.57,JPN,25.88699,131.27248
555575168,Watarase yusuichi,IV,28.53,JPN,36.23461,139.68716
555575170,Shirakamisanchi,IV,170.91,JPN,40.45552,140.11296
555575173,Kabukurinuma-Shuhensuiden,IV,30.44,JPN,38.60461,141.08897
555575177,Notsuke hanto-Notsukewan,IV,66.10,JPN,43.57042,145.27216
555576098,Tengragiri,II,25.97,BGD,21.88324,90.06589
555576106,Sangu,II,59.36,BGD,21.66243,92.19653
555576122,Wangchuck Centennial National Park,II,4914.10,BTN,27.84740,90.63451
555576134,Al Shouf Cedars Nature Reserve,IB,95.99,LBN,33.63254,35.70202
555576153,Reserva Particular Do Patrimônio Natural Santa Cecília Ii,IV,89.84,BRA,-20.69229,-54.94538
555576156,Parque Estadual De Itapetinga,II,101.94,BRA,-23.23955,-46.50487
555576157,Parque Nacional Da Furna Feia,II,85.59,BRA,-5.06210,-37.51151
555576165,Monumento Natural Estadual Serra Das Torres,III,104.53,BRA,-21.01653,-41.26578
555576184,Parque Estadual Lagamar De Cananeia,II,407.06,BRA,-25.07791,-48.10462
555576191,Parque Estadual Encontro Das Águas,II,1081.31,BRA,-17.08664,-56.64581
555576193,Refúgio Estadual De Vida Silvestre Libélulas Da Serra De São José,III,37.12,BRA,-21.08074,-44.15948
555576202,Refúgio De Vida Silvestre Metrópole Da Amazônia,III,63.69,BRA,-1.43598,-48.28087
555576210,Refúgio De Vida Silvestre De Santa Cruz,III,177.50,BRA,-20.01098,-40.05615
555576225,Parque Estadual Charapucu,II,653.49,BRA,-0.34142,-50.50035
555576234,Parque Estadual Do Rio Turvo,II,738.21,BRA,-24.93607,-48.34683
555576243,Monumento Natural Municipal Do Pico Do Itaguaré,III,33.31,BRA,-22.50350,-45.06255
555576250,Reserva Particular Do Patrimônio Natural Cachoeiras Do São Bento,IV,30.35,BRA,-18.08448,-54.78308
555576266,Parque Nacional Do Alto Cariri,II,192.60,BRA,-16.39187,-39.98770
555576296,Monumento Natural Estadual Da Pedra Do Baú,III,31.56,BRA,-22.67552,-45.65179
555576300,Parque Estadual De Paracatu,II,63.98,BRA,-17.09828,-47.05833
555576310,Reserva Particular Do Patrimônio Natural Fazenda Santa Sofia,IV,80.57,BRA,-19.64048,-56.49573
555576316,Estação Ecológica Rio Flor Do Prado,IA,91.84,BRA,-10.68420,-60.35979
555576319,Parque Estadual Do Itinguçu,II,50.38,BRA,-24.40401,-47.07797
555576332,Parque Estadual Nascentes Do Paranapanema,II,222.11,BRA,-24.19442,-48.18190
555576334,Reserva Biológica Bom Jesus,IA,341.79,BRA,-25.31410,-48.57203
555576336,Monumento Natural Estadual Da Pedra Grande,III,32.98,BRA,-23.20248,-46.50952
555576338,Parque Estadual De Itaberaba,II,151.18,BRA,-23.28701,-46.36379
555576340,Parque Estadual Da Serra Dos Montes Altos,II,184.84,BRA,-14.45139,-42.96707
555576352,Parque Nacional Da Serra Das Lontras,II,113.44,BRA,-15.15331,-39.34528
555576358,Área De Relevante Interesse Ecológico Japiim Pentecoste,IV,256.54,BRA,-7.54592,-72.89910
555576365,Parque Natural Municipal Montanhas De Teresópolis,II,53.61,BRA,-22.31227,-42.97915
555576369,Parque Estadual Restinga De Bertioga,II,97.20,BRA,-23.76370,-46.01113
555576380,Parque Estadual Das Carnaúbas,II,100.00,BRA,-3.25305,-41.09899
555576384,Refúgio De Vida Silvestre De Boa Nova,III,148.33,BRA,-14.39252,-40.17917
555576396,Reserva Particular Do Patrimônio Natural Poleiro Grande,IV,165.40,BRA,-17.28463,-56.22658
555576402,Parque Estadual Serra Do Ouro Branco,II,75.23,BRA,-20.48301,-43.67314
555576403,Parque Estadual Caverna Do Diabo,II,401.75,BRA,-24.68073,-48.43885
555576419,Parque Estadual Do Araguaiaa,II,2299.21,BRA,-12.20467,-50.80708
555576433,Parque Estadual Do Matupiri,II,5096.01,BRA,-5.12297,-61.25495
555576442,Refugio De Vida Silvestre Da Serra Dos Montes Altos,III,274.89,BRA,-14.45496,-42.97224
555576446,Monumento Natural Estadual De Itatiaia,III,32.17,BRA,-20.47105,-43.58626
555576464,Reserva Particular Do Patrimônio Natural Fazenda São Pedro,IV,36.84,BRA,-23.89644,-54.17603
555576465,Reserva Particular Do Patrimônio Natural Fazenda Caruara,IV,38.44,BRA,-21.77485,-41.04790
555576468,Reserva Biológica Do São Donato,IA,42.68,BRA,-28.98408,-56.18863
555576477,Reserva Particular Do Patrimônio Natural Fazenda Santo Antônio- Lote 1 C,IV,38.73,BRA,-23.85643,-54.13534
555576484,Parque Estadual Da Costa Do Sol,II,98.29,BRA,-22.86307,-42.12432
555576486,Parque Estadual Do Mendanha,II,43.99,BRA,-22.81620,-43.52339
555576488,Parque Estadual Da Lagoa Do Açu,II,82.49,BRA,-21.97444,-41.03994
555576503,Richmond,IV,29.80,VCT,13.28343,-61.20001
555576504,Soufriere,II,49.59,VCT,13.33844,-61.17869
555576523,Khugnu-Tarna,II,841.93,MNG,47.37683,103.73339
555576527,Khanjargalant,IV,629.46,MNG,49.17148,103.28285
555576528,Ikh Bogd uul,II,2622.44,MNG,44.91847,100.37722
555576529,Tujiin nars,II,708.44,MNG,50.09036,106.48153
555576530,Orkhonii khundii,II,927.29,MNG,47.39658,102.74031
555576531,Namnan uul,IV,296.71,MNG,49.43523,102.32534
555576533,Dayandeerkhiin agui,III,312.66,MNG,50.57656,102.07185
555576534,Altan Khukhii uul,IV,886.90,MNG,48.82236,91.60542
555576535,Ulaagchinii khar nuur,II,2567.59,MNG,48.39194,95.63028
555576536,Khuren Belchir,III,117.97,MNG,46.84056,99.28236
555576537,Mongol els,II,2678.23,MNG,47.51062,95.08139
555576538,Choiriin Bogd uul,IV,52.58,MNG,46.25675,108.78276
555576539,Ongon Tavan bulag,IV,98.57,MNG,45.69667,112.78708
555576540,Arvannaimiin Bogd uul,IV,256.46,MNG,44.27721,108.31367
555576541,Delgerkhangai uul,IV,583.66,MNG,45.20880,104.65577
555576542,Zed-Khantai-Buteeliin nuruu,IB,6045.99,MNG,49.93290,103.74384
555576543,Tengis-Shishged goliin ai sav,II,8723.71,MNG,51.50557,98.84591
555576544,Myangan-Ugalzat,II,2977.90,MNG,46.25138,93.00480
555576545,Bulgan gol-Ikh Ongog,II,2396.72,MNG,46.39630,91.31134
555576546,Munkhkhairkhan-Uenchiin khavtsal,II,4937.81,MNG,46.73249,91.64829
555576547,Burdene bulag,IV,359.94,MNG,44.19251,110.86293
555576548,Baga gazriin chuluu,III,27.20,MNG,46.25141,105.98089
555576549,Chigertein golin ai sav,II,1624.92,MNG,47.68145,90.36772
555576551,Bulgan khangai uul,IV,112.43,MNG,49.55572,94.10410
555576552,Khureemandal uul,IV,190.25,MNG,46.53403,98.40972
555576553,Darkhan uul,IV,48.45,MNG,46.61680,109.25216
555576554,Kherlen Toono uul,IV,44.53,MNG,47.03492,109.27816
555576555,Bayantsagaani tal,IV,3291.55,MNG,47.36856,113.32163
555576557,Undurkhaan uul,II,87.91,MNG,47.50707,110.45451
555576558,Khangal nuur,III,39.06,MNG,48.13207,109.39711
555576559,Binderiya khan uul,III,57.20,MNG,48.39450,110.24575
555576560,Khar Azargin nuruu,IV,1903.10,MNG,45.88825,95.83012
555576561,Zag Baidragiin goliin ekhen sav,II,1158.95,MNG,47.46068,99.34610
555576562,Tesiin gol orchmin gazar nutag,IV,1021.71,MNG,50.52434,93.72325
555576563,Chingeltei khairkhan uul-1,IV,25.72,MNG,48.13960,106.80668
555576579,South Ari Marine Protected Area,IV,51.40,MDV,3.55392,72.81490
555576595,Marmion,II,94.57,AUS,-31.79953,115.70426
555576622,Barnong Pastoral Lease,II,1456.41,AUS,-28.58391,116.31369
555576624,Barwon,IA,42.30,AUS,-29.76017,148.46031
555576625,Barwon,II,53.77,AUS,-29.80709,148.35935
555576632,Berowra Valley,II,35.95,AUS,-33.66648,151.09517
555576633,Warrambool,II,122.63,AUS,-29.45401,148.17427
555576634,Black Range,II,795.15,AUS,-27.75750,119.12141
555576641,Boologoroo,IA,148.96,AUS,-24.26812,113.78435
555576648,Bulga Downs & Cashmere Downs Pastoral leases portions,II,1639.25,AUS,-28.78402,119.75710
555576660,Cobra,II,187.04,AUS,-24.20317,116.38739
555576671,Credo,II,2021.12,AUS,-30.18558,120.64174
555576673,Dalgaranga and Noongal Pastoral Leases,II,530.09,AUS,-27.93627,117.03113
555576676,Dandongadale (part in Alpine NP),II,37.21,AUS,-37.02440,146.70265
555576678,Dawson-Murrindal N.C.R.,IA,31.92,AUS,-37.38449,148.18855
555576680,Dharawal,II,69.29,AUS,-34.21409,150.87839
555576684,Doolgunna,IA,1891.39,AUS,-25.64470,119.12935
555576699,Ginghet,IA,88.94,AUS,-30.37583,147.44512
555576702,Giralia,II,2328.90,AUS,-22.64341,114.46075
555576711,Gwydir Wetlands,II,97.30,AUS,-29.28995,149.34119
555576723,Kadji Kadji,II,473.75,AUS,-29.08981,116.34194
555576725,Kaluwiri,II,1034.61,AUS,-27.30912,119.71004
555576726,Karara,II,1099.62,AUS,-29.26815,116.78713
555576727,Kemendok,II,99.17,AUS,-34.48447,142.41534
555576728,Kennedy Range National Park Addition,II,135.07,AUS,-24.22609,114.84379
555576738,Lachlan Valley,II,229.44,AUS,-33.48651,146.40224
555576741,Lachlan Valley,II,43.19,AUS,-33.79578,144.91505
555576745,Lake Mason,II,1491.75,AUS,-27.64332,119.58368
555576746,Lakeside Pastoral Lease,II,130.21,AUS,-27.59548,117.59870
555576747,Limeburners Creek,IB,101.68,AUS,-31.33078,152.91719
555576750,Lochada,II,1148.08,AUS,-29.10586,116.67187
555576759,Mares Forest,IA,26.45,AUS,-34.30621,149.91692
555576760,Martins Creek N.C.R.,IA,65.48,AUS,-37.46341,148.53717
555576766,Meenthena Station,II,2377.70,AUS,-21.26158,120.45521
555576773,Mooka,II,36.96,AUS,-24.72385,114.88887
555576774,Moolgoolool,II,4018.45,AUS,-26.15302,119.39948
555576782,Mugii Murum-ban,II,39.42,AUS,-33.10153,150.05589
555576783,Mungo,II,57.81,AUS,-33.83554,143.16869
555576785,Murray Valley,II,395.21,AUS,-35.61292,145.08679
555576787,Murrumbidgee Valley,II,130.27,AUS,-34.77053,146.10437
555576790,Yanga,II,345.10,AUS,-34.72949,143.75540
555576792,Nanga Station,II,1762.67,AUS,-26.43536,113.94600
555576795,"Narloo, part Yuin & part Twin Peaks Pastoral Leases",II,1022.60,AUS,-27.85090,116.34828
555576799,Nerren Nerren,IA,1043.11,AUS,-27.07155,114.48453
555576806,Ord River Regeneration Reserve,IV,5680.59,AUS,-17.81293,128.40190
555576809,Paddington,IA,48.69,AUS,-31.95969,145.14790
555576810,Part Murchison house,II,462.12,AUS,-27.39328,114.21649
555576815,Pimbee,II,47.73,AUS,-25.68702,115.03384
555576834,South West Woodland,IA,139.83,AUS,-34.24745,146.77725
555576839,Tamala Pastoral Lease (Part),IA,562.61,AUS,-27.04412,113.93186
555576840,Tara Range Park,III,76.10,AUS,-37.57442,148.28588
555576847,Thundelarra,II,740.17,AUS,-28.97494,117.27936
555576850,Tingha Plateau,II,34.10,AUS,-29.89551,151.15653
555576851,Toorale,II,356.95,AUS,-30.32773,145.44336
555576852,Toorale,II,557.73,AUS,-30.25919,145.34396
555576889,Unnamed WA51162,IV,25.29,AUS,-17.83078,122.22242
555576902,Wanna,II,2890.36,AUS,-23.71322,116.70414
555576906,Warriedar Station Nature Reserve,II,565.70,AUS,-28.99421,117.10008
555576922,Woolgorong,II,1160.37,AUS,-27.69819,115.75668
555576926,Yaringga,IA,193.96,AUS,-26.02561,114.27450
555576962,Batavia,II,560.11,AUS,-12.54259,142.73688
555577079,Fish River,II,1780.53,AUS,-14.06871,130.95932
555577147,Kutini-Payamu (Iron Range),II,531.36,AUS,-12.68801,143.30170
555577166,Lonesome Holding,II,145.04,AUS,-25.52334,148.88774
555577184,Mapleton,II,100.77,AUS,-26.55767,152.84613
555577190,Marri-Jabin (Thamurrurr - Stage 1),IV,695.04,AUS,-13.84133,129.83097
555577214,Munga-Thirri,II,10144.36,AUS,-24.98634,138.35412
555577244,Oyala Thumotang,II,3812.69,AUS,-13.69943,142.68485
555577266,Redcliffe Vale,II,309.45,AUS,-21.14570,148.09973
555577269,Retreat Valley,II,59.05,AUS,-16.02896,145.04840
555577270,Rinyirru (Lakefield),II,5439.32,AUS,-14.96631,144.22342
555577303,Silver Plains,II,1522.19,AUS,-13.98732,143.44296
555577419,Gifford,IV,5828.50,AUS,-26.61570,159.40001
555577434,Heard Island and McDonald Islands,IA,70952.54,HMD,-51.66309,74.84318
555577525,Cane River (Mount Minnie and Nanutarra),II,1809.95,AUS,-22.12099,115.44742
555577536,El Impenetrable,II,1278.23,ARG,-25.00353,-61.09875
555577537,Patagonia,II,536.26,ARG,-47.16688,-71.32530
555577539,San Guillermo,II,1639.75,ARG,-29.25763,-69.27332
555577541,Bosques Petrificados de Jaramillo,II,634.93,ARG,-47.67182,-68.05690
555577542,Islas de Santa Fé,II,35.21,ARG,-32.27563,-60.71342
555577543,Campos del Tuyú,II,30.48,ARG,-36.35799,-56.87194
555577561,Atolls d'Entrecasteaux,II,3504.58,NCL,-18.23786,163.05380
555577570,Haramous,IV,25.98,DJI,11.53333,43.20667
555580939,Abernethy,II,136.29,GBR,57.18281,-3.60301
555580940,Forsinard Flows,II,198.65,GBR,58.38166,-3.76122
555581063,Geltsdale,IV,26.96,GBR,54.93102,-2.63878
555581065,Lake Vyrnwy,IV,101.04,GBR,52.80061,-3.49660
555581076,Dee Estuary,IV,60.96,GBR,53.29817,-3.16937
555581085,Leighton Moss & Morecambe Bay,IV,28.00,GBR,54.14331,-2.82735
555581086,Loch Gruinart & Ardnave,IV,27.78,GBR,55.84744,-6.35737
555581113,Hoy,IV,39.16,GBR,58.89192,-3.35795
555582980,Laguna de Bacalar,IV,72.70,HND,15.94030,-84.94463
555582981,Montaña de Botaderos Carlos Escaleras Mejía,II,963.05,HND,15.47844,-86.02523
555582985,Warunta,II,653.17,HND,14.99915,-84.62371
555582992,Nombre de Dios,II,303.03,HND,15.74072,-86.63807
555582993,Sabanetas,IA,82.02,HND,14.05071,-88.08990
555583083,Mt. Hamiguitan Range Wildlife Sanctuary,IV,63.43,PHL,6.72416,126.17482
555583084,Kalbario-Patapat Natural Park,II,39.02,PHL,18.54129,120.92325
555583086,Marinduque Wildlife Sanctuary,IV,97.64,PHL,13.33943,121.96622
555583087,Mt. Balatukan Range Natural Park,II,84.35,PHL,8.78976,124.97524
555583088,Mt. Inayawan Range Natural Park,II,42.38,PHL,7.80144,123.94373
555583089,Northern Negros Natural Park,II,708.80,PHL,10.62375,123.27077
555583090,Northwest Panay Peninsula Natural Park,II,120.15,PHL,11.81298,121.99985
555583093,Samar Island Natural Park,II,3348.98,PHL,11.74075,125.07811
555583108,Boma Extension,II,4889.31,SSD,7.11321,34.10814
555583109,Nimule Buffer Zone,II,54.55,SSD,3.67011,31.99227
555583110,Badingilo Extension,II,7729.46,SSD,5.64461,32.51816
555583143,Humbug Spires,IB,45.88,USA,45.75746,-112.65072
555583160,Lignumvitae Key Botanical State Park,IV,42.41,USA,24.91098,-80.68896
555583308,Ailinginae,IB,1022.25,MHL,11.15060,166.40902
555583340,Mili Atoll,IB,96.71,MHL,6.21964,171.94429
555584785,Klamath Marsh,IV,177.05,USA,42.94200,-121.65426
555584792,Dale Bumpers White River,IV,635.75,USA,34.31974,-91.23798
555584793,Upper Klamath,IV,103.50,USA,42.47390,-121.95670
555585657,Anclote Key State Park,IV,49.41,USA,28.17268,-82.84217
555585878,Fish Creek Rim,IB,77.34,USA,42.25080,-119.93467
555585881,Malheur National Wildlife Refu,IA,115.14,USA,43.23362,-119.12685
555586170,Andreafsky,IB,6393.74,USA,62.74605,-162.42637
555586174,Beaver Basin,IB,47.54,USA,46.57294,-86.33326
555586175,Becky Peak,IB,73.59,USA,39.95374,-114.61903
555586176,Bering Sea,IB,329.94,USA,60.44444,-172.67025
555586177,Big Branch,IB,27.22,USA,43.31697,-72.95798
555586181,Black Ridge,IB,53.04,USA,37.34816,-113.22210
555586186,Breton National Wildlife Refuge.Wilderness Area,IB,48.12,USA,29.75676,-89.02053
555586188,Bristlecone,IB,57.99,USA,39.43531,-114.91625
555586195,Cedar Mountain,IB,421.73,USA,40.56243,-112.95349
555586196,Cedar Roughs,IB,26.10,USA,38.58740,-122.29601
555586198,Clackamas,IB,38.30,USA,45.03629,-122.03509
555586199,Copper Salmon,IB,55.54,USA,42.73120,-124.20594
555586204,Craters of the Moon National Wilderness Area Area,IB,174.04,USA,43.39376,-113.53445
555586205,Docs Pass,IB,69.64,USA,37.39723,-114.01652
555586207,El Toro,IB,42.40,PRI,18.29037,-65.81180
555586209,Fish Slough,IB,62.07,USA,37.48951,-118.46101
555586212,Glastenbury,IB,90.37,USA,42.94399,-73.08911
555586213,Goshute Canyon,IB,172.46,USA,40.04188,-114.84483
555586214,Grand Gulch Instant Study Area Complex,IB,426.05,USA,37.38919,-110.06474
555586217,Great Swamp,IV,31.81,USA,40.71170,-74.47230
555586218,Haleakala,IB,96.15,USA,20.71138,-156.15169
555586219,Hawaii Volcanoes,IB,537.35,USA,19.36894,-155.39468
555586221,High Schells,IB,491.56,USA,39.33478,-114.60616
555586222,Highland Ridge,IB,277.28,USA,38.78422,-114.23990
555586224,John Krebs,IB,161.78,USA,36.41438,-118.65844
555586225,Karta River,IB,161.57,USA,55.57040,-132.71610
555586226,Kootznoowoo,IB,4052.82,USA,57.57931,-134.30077
555586229,Lye Brook,IB,73.34,USA,43.10935,-73.01839
555586232,Mission Mountains Tribal,IB,372.31,USA,47.43810,-113.86272
555586236,Mount Grafton,IB,318.59,USA,38.71921,-114.74401
555586237,Mountain Lake,IB,66.87,USA,37.40390,-80.45784
555586239,Oregon Islands National Wildlif,IB,3256.84,USA,44.12750,-124.31638
555586244,Peru Peak,IB,31.66,USA,43.30586,-72.91924
555586247,Hart Mountain National Antelope Refuge Propo,IB,78.97,USA,42.64351,-119.62242
555586250,Roaring Plains West,IB,27.49,USA,38.92660,-79.42224
555586251,Roaring River,IB,147.90,USA,45.15439,-122.03071
555586253,Rough Mountain,IB,37.74,USA,37.91633,-79.69752
555586254,Russell Fjord,IB,1411.10,USA,59.69697,-139.21982
555586256,Semidi,IB,1039.37,USA,56.10010,-156.75000
555586257,Seney National Wildlif,IB,108.28,USA,46.28775,-86.17768
555586262,South Egan Range,IB,272.78,USA,38.72084,-114.96700
555586265,Spring Basin,IB,26.07,USA,44.86678,-120.39345
555586266,Stephen Mather,IB,2593.68,USA,48.62311,-121.09211
555586270,Tebenkof Bay,IB,271.23,USA,56.46330,-134.14241
555586271,Theodore Roosevelt,IB,122.01,USA,47.28766,-103.43535
555586272,Tracy Arm-Fords Terror,IB,2625.96,USA,57.75109,-133.01037
555586274,Unimak Island,IB,3730.08,USA,54.72095,-163.98987
555586277,West Chichagof-Yakobi,IB,1101.30,USA,57.73431,-136.10811
555586278,Wild Sky,IB,433.39,USA,47.85673,-121.39788
555586286,Caliente Mountain,IB,72.91,USA,35.05748,-119.77818
555586290,Dark Canyon Instant Study Area Complex,IB,274.65,USA,37.92260,-110.06178
555586292,Ferris Mountains,IB,88.49,USA,42.28249,-107.29439
555586304,San Rafael Reef,IB,272.65,USA,38.79139,-110.54073
555586306,Scab Creek,IB,30.92,USA,42.79657,-109.53947
555586465,Quinag,IV,34.25,GBR,58.21058,-5.05878
555586467,Sconser,IV,32.47,GBR,57.25328,-6.08783
555586468,Strathaird,IV,52.13,GBR,57.20640,-6.10755
555586712,St. Croix East End Marine Park,IV,149.49,VIR,17.73420,-64.59042
555586717,Ano Nuevo State Marine Reserve,IA,28.87,USA,37.12250,-122.31560
555586744,Alligator Harbor Aquatic Preserve,IV,58.19,USA,29.89854,-84.44546
555586745,Estero Bay Aquatic Preserve,IV,43.42,USA,26.40548,-81.88501
555586746,Fort Pickens State Park Aquati State Park,IV,125.59,USA,30.29830,-87.28369
555586747,Gasparilla Sound - Charlotte Harbor Aquatic Preserve,IV,340.07,USA,26.84383,-82.14562
555586748,Lemon Bay Aquatic Preserve,IV,26.95,USA,26.92774,-82.35185
555586749,Matlacha Pass Aquatic Preserve,IV,80.10,USA,26.62574,-82.07756
555586750,Pine Island Sound Aquatic Preserve,IV,228.57,USA,26.57528,-82.15206
555586751,Pinellas County Aquatic Preserve,IV,1425.34,USA,27.90906,-82.78082
555586753,St. Andrews State Park Aquati State Park,IV,96.61,USA,30.08872,-85.70501
555586754,St. Joseph Bay Aquatic Preserve,IV,266.16,USA,29.77520,-85.38652
555586755,St. Martins Marsh Aquatic Preserve,IV,127.55,USA,28.84116,-82.69824
555586756,Cape Haze Aquatic Preserve,IV,61.40,USA,26.81340,-82.19801
555586758,Terra Ceia Aquatic Preserve,IV,85.56,USA,27.57915,-82.61530
555586759,Yellow River Marsh Aquatic Preserve,IV,60.26,USA,30.51396,-86.99546
555586760,Cape Romano - Ten Thousand Islands Aquatic Preserve,IV,208.29,USA,25.90050,-81.55075
555586765,Banana River Aquatic Preserve,IV,105.41,USA,28.29153,-80.65078
555586766,Fort Clinch State Park Aquati State Park,IV,30.48,USA,30.69697,-81.43484
555586767,Guana River Marsh Aquatic Preserve,IV,165.61,USA,30.06526,-81.32280
555586768,Indian River - Malabar to Vero Beach Aquatic Preserve,IV,111.21,USA,27.85447,-80.48086
555586769,Indian River - Vero Beach to Ft. Pierce Aquatic Preserve,IV,38.86,USA,27.54861,-80.33856
555586770,Jensen Beach to Jupiter Inlet Aquatic Preserve,IV,93.42,USA,27.19678,-80.19749
555586771,Lignumvitae Key Aquatic Preserve,IV,33.49,USA,24.92335,-80.68292
555586774,Nassau River - St. Johns River Marshes Aquatic Preserve,IV,285.23,USA,30.50730,-81.48675
555586805,Thunder Bay State Bottomland Preserve,IV,1160.39,USA,45.03278,-83.23370
555586810,Padilla Bay National Estuarine Research Reserve,IV,53.66,USA,48.51125,-122.51326
555586813,Grand Bay National Estuarine Research Reserve,IV,73.10,USA,30.37288,-88.43827
555586814,Great Bay National Estuarine Research Reserve,IV,41.43,USA,43.08018,-70.88767
555586815,Mariana Trench National Wildlife Refuge,IV,204681.26,GUM,17.42569,145.52292
555586816,Wake Atoll National Wildlife Refuge,IA,2014.46,UMI,19.29687,166.62626
555586830,Lake Superior National Estuarine Research Reserve,IV,67.58,USA,46.65873,-92.11457
555586832,Smith and Minor Island Aquatic Reserve,IV,147.86,USA,48.26522,-122.81468
555586833,Protection Island Aquatic Reserve,IV,97.17,USA,48.14945,-122.93761
555586834,Nisqually Reach Aquatic Reserve,IV,59.64,USA,47.15646,-122.69592
555586836,Point Conception State Marine Reserve,IA,58.33,USA,34.42244,-120.47626
555586839,Campus Point State Marine Conservation Area,IA,27.35,USA,34.38678,-119.86875
555586841,Begg Rock (San Nicolas Island Quad) State Marine Reserve,IA,98.32,USA,33.36240,-119.69553
555586842,Point Vicente State Marine Conservation Area,IA,38.96,USA,33.71628,-118.43943
555586865,Mattole Canyon State Marine Reserve,IA,25.37,USA,40.30833,-124.40336
555586866,Sea Lion Gulch State Marine Reserve,IA,26.98,USA,40.22667,-124.36749
555586876,Jacques Cousteau National Estuarine Research Reserve,IV,479.87,USA,39.53204,-74.42245
555586878,North Carolina National Estuarine Research Reserve,IV,42.76,USA,35.16180,-76.89372
555586885,Kaho'olawe Island Reserve,IV,201.92,USA,20.55208,-156.61500
555586900,Apalachicola Bay Aquatic Preserve,IV,417.31,USA,29.71988,-85.02314
555586901,Rookery Bay Aquatic Preserve,IV,235.03,USA,25.96291,-81.71640
555586988,Chesapeake Bay National Estuarine Research Reserve - Maryland National Estuarine Research Reserve,IV,25.64,USA,38.82044,-76.26220
555586990,Mariana Arc Of Fire National Wildlife Refuge,IV,221.34,GUM,17.32749,144.65446
555587017,Ten Mile State Marine Reserve,IA,30.95,USA,39.57667,-123.81220
555587035,Endicott River,IB,398.20,USA,58.76218,-135.51091
555587036,Ulaan Taiga,IB,4297.68,MNG,50.55576,98.47452
555587037,Dariganga,II,3628.33,MNG,45.43592,114.07903
555587070,Puerto Peninsula,II,69.80,ARG,-25.70476,-54.51275
555587071,Cumbres Calchaquies,II,679.31,ARG,-26.41134,-65.68726
555587073,Laguna Pintascayo,II,158.11,ARG,-22.79787,-64.50717
555587076,Angastaco,III,137.42,ARG,-25.71596,-66.14333
555587111,Azul,II,71.85,ARG,-41.69778,-71.72878
555587115,Abra del Acay,III,381.81,ARG,-24.70450,-66.22079
555587122,Chasico,IV,78.13,ARG,-38.61643,-63.06779
555587129,Fuerte Esperanza,II,104.91,ARG,-25.14280,-61.68787
555587133,Cueva de las Manos,III,101.67,ARG,-47.12348,-70.68814
555587139,Bloque Herratico,III,26.28,ARG,-51.83813,-70.57114
555587147,Cordon del Plata,II,1759.56,ARG,-33.01501,-69.53789
555587159,Loro Hablador,IV,190.86,ARG,-25.45063,-61.81747
555587161,Isla Del Cerrito,IV,109.12,ARG,-27.29140,-58.68429
555587162,San Guillermo,II,9458.62,ARG,-29.16436,-69.54880
555587171,Balandra,IA,25.14,MEX,24.28846,-110.31504
555587175,"La porción norte y la franja costera oriental, terrestres y marinas de la Isla de Cozumel",IA,378.69,MEX,20.54424,-86.79502
555587179,Barzan Area and Gali Balnda,IV,1148.96,IRQ,37.05859,44.06220
555587187,Sakran Mountain,II,341.79,IRQ,36.63409,44.91716
555587199,Vileity,IV,83.95,BLR,55.25872,26.75846
555587200,Pico de Tancítaro,IA,233.76,MEX,19.43062,-102.31136
555587207,Tasik Belat,IV,25.19,IDN,0.65827,102.71575
555587208,Pulau Sangeang,IA,79.76,IDN,-8.18944,119.06096
555587209,Maubesi,IA,31.79,IDN,-9.55392,124.98119
555587215,Tafermaar,IA,29.32,IDN,-6.69927,131.59180
555587229,KKPD KABUPATEN KOLAKA,IV,482.62,IDN,-4.18146,121.47331
555587464,"Kälviän saaristo, Kotolahti ja Pikku-Köyrinen",IB,30.86,FIN,63.84955,23.38739
555587496,Pahamaailman luonnonsuojelualue (Kalevalapuisto),IB,26.84,FIN,65.45684,29.65808
555587521,Murhisalon luonnonsuojelualue (Kalevalapuisto),IB,54.05,FIN,64.71295,29.99768
555587534,Riuskanselkosen luonnonsuojelualue,IB,37.03,FIN,65.27097,28.77494
555587625,Kermajärven luonnonsuojelualue,IV,42.69,FIN,62.45819,28.71158
555587626,Pihlajaveden luonnonsuojelualue,IV,47.30,FIN,61.73394,28.85810
555587632,Teijon kansallispuisto,II,35.42,FIN,60.25592,22.98097
555587909,"Lahemaa RP, Suurekõrve skv.",IV,30.66,EST,59.55398,25.58708
555588070,"Lahemaa RP, Valgejõe-Laukasoo skv.",IV,32.62,EST,59.48697,25.88010
555588149,Allonby Bay,IV,39.35,GBR,54.76561,-3.49106
555588150,Bideford to Foreland Point,IV,103.64,GBR,51.14936,-4.03616
555588151,Coquet to St Marys,IV,191.94,GBR,55.21710,-1.47776
555588152,Cromer Shoal Chalk Beds,IV,320.23,GBR,52.93504,1.34453
555588158,Hartland Point to Tintagel,IV,303.97,GBR,50.84476,-4.68370
555588159,Holderness Inshore,IV,308.96,GBR,53.77216,0.02183
555588166,Runswick Bay,IV,67.67,GBR,54.56331,-0.70520
555588168,The Swale Estuary,IV,51.30,GBR,51.36936,0.88329
555588277,Kemihaaran soiden luonnonsuojelualue,IV,78.39,FIN,67.07326,27.73496
555588625,Suva planiana,IV,181.69,SRB,43.17770,22.19426
555588627,Pestersko polje,IV,31.15,SRB,43.07033,20.12607
555588646,Kernzonen im bayerischen Teil des Biosphärenreservats Rhön,IV,34.80,DEU,50.33743,10.01638
555588712,The Great Trossachs Forest,II,165.44,GBR,56.26763,-4.47071
555588792,Doñana,IV,1137.29,ESP,37.06156,-6.48033
555588793,Marismas del Odiel,IV,65.50,ESP,37.22245,-6.92710
555588799,Sierra de Grazalema,IV,533.94,ESP,36.71317,-5.37161
555588801,Laguna de Fuente de Piedra,IV,86.69,ESP,37.10996,-4.78499
555588803,"Sierras de Cazorla, Segura y las Villas",IV,2100.95,ESP,38.09813,-2.76269
555588804,Sierra Alhamilla,IV,81.06,ESP,36.99695,-2.34676
555588805,Cabo de Gata-Nijar,IV,495.43,ESP,36.87795,-2.09421
555588806,Desierto de Tabernas,IV,114.57,ESP,37.06628,-2.50534
555588808,Los Alcornocales,IV,1735.30,ESP,36.39708,-5.54265
555588809,Sierra de Hornachuelos,IV,600.20,ESP,37.94600,-5.24716
555588810,Sierra de Aracena y Picos deAroche,IV,1864.66,ESP,37.97349,-6.56193
555588811,Sierra Pelada y Rivera del Aserrador,IV,122.07,ESP,37.86250,-7.07493
555588812,Sierra Norte,IV,1773.57,ESP,37.92763,-5.76693
555588813,Bahía de Cádiz,IV,105.09,ESP,36.49071,-6.19395
555588820,Estrecho,IV,191.66,ESP,36.06333,-5.61669
555588823,Sierra Maria - Los Velez,IV,226.04,ESP,37.72534,-2.14068
555588824,Sierra del Oso,IV,120.68,ESP,37.84831,-2.10123
555588825,Sierra de Cabrera-Bedar,IV,337.26,ESP,37.10233,-2.01958
555588826,"Ramblas de Gergal, Tabernas y Sur de Sierra Alhamilla",IV,228.69,ESP,36.94981,-2.40484
555588827,Sierra de Gador y Enix,IV,503.83,ESP,36.90865,-2.70403
555588828,Sierra del Alto de Almagro,IV,63.61,ESP,37.36790,-1.85247
555588829,"Sierras Almagrera, de los Pinos y el Aguilón",IV,59.96,ESP,37.33713,-1.73660
555588830,Calares de Sierra de los Filabres,IV,66.21,ESP,37.28283,-2.47797
555588831,Alborán,IV,263.97,ESP,35.92395,-3.05428
555588840,La Breña y Marismas del Barbate,IV,50.72,ESP,36.20498,-5.95547
555588841,Fondos Marinos de Bahía de Cádiz,IV,70.26,ESP,36.54452,-6.27441
555588842,Sierra Lijar,IV,73.43,ESP,36.87854,-5.45245
555588844,Acebuchales de la Campiña Sur de Cádiz,IV,264.65,ESP,36.36330,-5.88251
555588859,Sierra de Cardeña y Montoro,IV,384.55,ESP,38.21856,-4.28877
555588860,Sierra Subbetica,IV,320.71,ESP,37.43840,-4.31605
555588861,Sierra de Santa Eufemia,IV,106.57,ESP,38.63922,-4.94040
555588862,Río Guadalmez,IV,105.56,ESP,38.47762,-4.60024
555588863,Suroeste de la Sierra de Cardeña y Montoro,IV,330.79,ESP,38.15565,-4.39715
555588864,Guadalmellato,IV,400.59,ESP,38.06843,-4.70171
555588865,Guadiato-Bembezar,IV,1147.30,ESP,37.99018,-5.19034
555588872,Río Guadalquivir -Tramo medio,IV,25.49,ESP,37.85810,-4.81485
555588874,Alto Guadiato,IV,339.44,ESP,38.36506,-5.45127
555588875,Sierra de Baza,IV,536.92,ESP,37.34432,-2.83115
555588876,Sierra de Castril,IV,127.05,ESP,37.88241,-2.77155
555588877,Sierra de Huetor,IV,121.38,ESP,37.28798,-3.46922
555588878,Sierra Nevada,IV,1723.73,ESP,37.08304,-3.11591
555588879,Sierras del Nordeste,IV,462.62,ESP,38.10664,-2.53489
555588880,Sierra de Arana,IV,200.26,ESP,37.33519,-3.38485
555588881,Sierras del Campanario y las Cabras,IV,84.95,ESP,37.39546,-3.66213
555588882,Sierra de Loja,IV,260.41,ESP,37.06189,-4.15037
555588885,Barrancos del Río de Aguas Blancas,IV,29.97,ESP,37.23081,-3.41146
555588891,Andévalo occidental,IV,528.27,ESP,37.54238,-7.37877
555588892,Marismas y Riberas del Tinto,IV,30.10,ESP,37.26141,-6.87068
555588895,Bajo Guadalquivir,IV,47.67,ESP,37.15395,-6.16721
555588897,Corredor Ecológico del Río tinto,IV,217.97,ESP,37.47838,-6.58340
555588907,Despeñaperros,IV,78.30,ESP,38.39332,-3.53667
555588908,Sierras de Andujar,IV,749.60,ESP,38.23463,-4.03496
555588909,Sierra Magina,IV,199.76,ESP,37.75555,-3.45751
555588910,"Cuencas del Rumblar, Guadalen y Guadalmena",IV,1791.64,ESP,38.28653,-3.32903
555588915,Río Guadalimar,IV,31.70,ESP,38.20021,-3.16095
555588922,Sierra de las Nieves,IV,201.32,ESP,36.69458,-4.99654
555588923,"Sierras de Tejeda, Almijara y Alhama",IV,406.83,ESP,36.85491,-3.91300
555588924,Sierras de Abdalajis y la Encantada Sur,IV,27.46,ESP,36.93135,-4.74529
555588925,Sierras de Alcaparain y Aguas,IV,56.24,ESP,36.84467,-4.80546
555588926,Sierras Bermeja y Real,IV,308.22,ESP,36.55048,-5.11266
555588927,Sierra Blanca,IV,65.48,ESP,36.57610,-4.90056
555588928,Sierra de Camarolos,IV,86.95,ESP,36.99129,-4.38391
555588931,Valle del Río del Genal,IV,235.51,ESP,36.56940,-5.22161
555588952,Sierra de Alanis,IV,65.47,ESP,38.09813,-5.61243
555588953,Corredor Ecológico del Río Guadiamar,IV,169.91,ESP,37.49467,-6.34256
555588962,Campiñas de Sevilla,IV,357.32,ESP,37.35341,-5.16249
555589259,2042111 Veksjömyr,IB,27.13,SWE,61.73062,12.80603
555589332,Région du Kiischpelt,IV,63.10,LUX,49.95646,6.02811
555589333,"Vallées de l'Attert, de la Pall, de la Schwébech, de l'Aeschbech et de la Wëllerbaach",IV,57.28,LUX,49.75092,5.95457
555589334,Région de Junglinster,IV,30.74,LUX,49.70181,6.28867
555589335,"Région de Mompach, Manternach, Bech et Osweiler",IV,51.71,LUX,49.74444,6.42007
555589336,Région du Lias moyen,IV,57.98,LUX,49.58329,5.98862
555589338,Noordhollands Duinreservaat,IV,52.42,NLD,52.58410,4.64058
555589339,Geuldal,IV,27.23,NLD,50.82171,5.88350
555589660,Lødding,IA,33.52,NOR,64.54628,11.71362
555589662,Kvamsfjellet,IA,38.39,NOR,64.18138,11.58746
555589679,Eldåa,IA,43.00,NOR,61.43748,10.82336
555589691,Ljosådalen,IA,38.84,NOR,59.26536,7.26972
555589811,Zoni Prostasias Ygrotopikon Oikosystimaton Limnis Kastorias,IV,32.56,GRC,40.51572,21.28733
555589821,Żona fil-Baħar fit-Tramuntana,IV,319.24,MLT,36.21988,14.26016
555589822,Żona fil-Baħar fl-inħawi tal-Graben tat-Tramuntana ta’ Għawdex,IV,390.28,MLT,36.17530,14.18594
555589823,Żona fil-Baħar fil-Grigal,IV,351.93,MLT,36.05988,14.62016
555589824,Żona fil-Baħar fil-Lvant,IV,625.59,MLT,35.83988,14.76016
555589825,Żona fil-Baħar fix-Xlokk,IV,219.33,MLT,35.49988,14.70016
555589826,Żona fil-Baħar fin-Nofsinhar,IV,835.46,MLT,35.55988,14.30015
555589827,Żona fil-Baħar fl-inħawi tal-Graben ta’ Medina,IV,912.58,MLT,35.55988,14.26230
555589828,Żona fil-Baħar fil-Lbiċ,IV,256.31,MLT,35.83992,14.44016
555589829,Żona fil-Baħar madwar Għawdex,IV,556.82,MLT,36.03990,14.28016
555589831,Żona fil-Baħar fil-Punent,IV,465.25,MLT,35.90868,14.12318
555589832,Żona fil-Baħar fil-Majjistral,IV,55.93,MLT,36.13988,13.74016
555590782,"Lavassaare LKA, Lavassaare skv.",IB,94.50,EST,58.55390,24.25520
555590814,Doggersbank,IV,4737.42,NLD,55.01199,3.51168
555590815,Klaverbank,IV,1539.53,NLD,54.07030,3.05062
555590816,Friese Front,IV,2882.66,NLD,53.81883,4.72407
555590819,Nieuw Land,II,289.08,NLD,52.54149,5.32221
555592261,Ilukpelessa,IB,39.46,LKA,6.68933,80.86014
555592280,Malassnagala,IB,97.16,LKA,6.36364,81.08700
555592367,Kokagala (Weli  Kumbura),IB,27.61,LKA,7.43433,81.21243
555592368,Periyamadu,IB,41.83,LKA,9.07842,80.57819
555592369,Puliyankulama,IB,93.65,LKA,8.96892,80.44196
555592371,Periyakattikulam,IB,114.59,LKA,8.94906,80.67109
555592372,Iranal  Illuppalikulam,IB,28.85,LKA,8.80873,80.29268
555592376,Thananparichchan,IB,173.12,LKA,8.72792,81.07469
555592378,Pamburugashinna,IB,108.33,LKA,8.79063,80.93646
555592379,Kelegama,IB,54.26,LKA,8.19099,81.13914
555592382,Elahera,IB,93.64,LKA,7.81657,80.80493
555592383,Thunukkai,IB,254.13,LKA,9.21734,80.30502
555592384,Mundumurippu,IB,262.75,LKA,9.03502,80.30296
555592385,Alaweduwan,IB,40.69,LKA,9.21256,80.48494
555592387,Mankulam,IB,59.44,LKA,9.11604,80.52002
555592394,Wattegama Kabilitta,IB,289.26,LKA,6.73814,81.51634
555592395,Karadikkuli,IB,60.43,LKA,8.62447,79.99049
555592396,Mullikulam,IB,52.85,LKA,9.19117,80.16204
555592397,Pampeddi,IB,35.43,LKA,9.10421,80.13354
555592398,Periyamarippu,IB,75.25,LKA,8.71699,80.17029
555592400,Kovikoduvittuvil,IB,64.32,LKA,9.39807,80.22153
555592404,Bogahapelessa,IB,177.76,LKA,6.66085,80.97533
555592446,Aluthoya,IB,41.16,LKA,8.19396,80.88337
555592465,Tumbikulama,IB,27.55,LKA,8.02234,80.71030
555592468,Pannichankarathi F.R,IB,93.03,LKA,8.07088,81.36983
555592469,Unnichchi F.R,IB,73.32,LKA,7.58756,81.56581
555592471,Kathiraweli F.R,IB,77.61,LKA,8.20627,81.35529
555592472,Varadithacholai,IB,35.07,LKA,7.75929,81.47123
555592474,Budugallena,IB,25.42,LKA,6.68875,81.27868
555592507,Knuckles,IA,313.17,LKA,7.44041,80.80367
555592514,Hurulu,IA,183.83,LKA,8.17129,80.81979
555592523,Tabbowa,IV,226.68,LKA,8.16762,80.01732
555592524,Kaudulla,II,66.52,LKA,8.17450,80.91078
555592531,Dahiyagala,IV,26.01,LKA,6.55791,80.91406
555592532,Wetahirakanda,IV,49.34,LKA,6.48923,81.06420
555592543,Adiyagalahinna/Kubukwewahinna,IB,56.74,LKA,8.66445,80.95467
555592554,Tanjung Puting National Park,II,4116.22,IDN,-3.05576,112.00541
555592558,Lake Chivero and Manyame,II,296.11,ZWE,-17.80971,30.67720
555592563,Pripyatsky National Park,II,884.01,BLR,52.00857,28.02580
555592564,Albanian Prespa Lakes,II,151.31,ALB,40.79468,20.96958
555592569,Les Lacs du Grand Sud Neo-Calédonien,II,439.74,NCL,-22.15589,166.77219
555592577,Kozyansky,IV,284.77,BLR,55.47092,29.34382
555592580,Blue Holes National Park,II,134.50,BHS,24.78626,-77.92270
555592686,Corales de Profundidad,II,1421.56,COL,9.92318,-76.14963
555592745,Acandí Playón y Playona,IB,262.33,COL,8.53242,-77.15486
555592746,Bahía Portete - Kaurrele,II,140.73,COL,12.21528,-71.92730
555592823,Páramo de Santurbán,II,116.95,COL,7.38980,-72.90263
555592825,Humedales entre los Ríos Leon y Suriquí,II,52.85,COL,7.88136,-76.79987
555592830,Santurbán Salazar de las Palmas,II,190.80,COL,7.75235,-72.91764
555592834,Los Besotes,II,31.09,COL,10.57383,-73.27021
555592839,Pan de Azucar el Consuelo,II,288.99,COL,6.04813,-72.94444
555592859,Sovi Basin Protected Area,II,203.81,FJI,-17.92695,178.19768
555592941,Islas Corazón y Las Islas Fragatas,IV,28.14,ECU,-0.63562,-80.35700
555592943,Arenillas,IB,135.35,ECU,-3.54114,-80.13298
555592947,Cerro Plateado,IB,307.39,ECU,-4.56194,-78.77542
555592948,El Pambilar,IV,31.08,ECU,0.63881,-79.18029
555592950,Yacuri,II,481.31,ECU,-4.65731,-79.30574
555592952,Pacoche,IV,315.43,ECU,-1.12999,-80.90141
555592954,Manglares El Morro,IV,118.14,ECU,-2.66479,-80.20463
555592955,El Quimi,IB,90.15,ECU,-3.45112,-78.39198
555592956,El Zarza,IV,36.92,ECU,-3.81791,-78.53710
555592957,El Cóndor,IB,78.92,ECU,-3.46503,-78.25687
555592962,Cofán Bermejo,IB,548.41,ECU,0.31990,-77.31400
555593094,Five Bridge Lakes Wilderness Area,IB,86.32,CAN,44.60790,-63.80803
555593095,Kelley River Wilderness Area,II,209.36,CAN,45.60135,-64.39487
555593096,Raven Head Wilderness Area,IV,52.59,CAN,45.53841,-64.71374
555593136,East Branch Portage River,II,108.97,CAN,47.28675,-65.67425
555593155,Jardine Brook,II,83.54,CAN,47.57491,-67.52427
555593156,Lake Stream,II,25.55,CAN,46.34113,-65.49212
555593183,Nashwaak River,II,39.84,CAN,46.31761,-66.93321
555593247,Queen Elizabeth The Queen Mother Mnidoo Mnising Provincial Park (Natural Environment Class),II,65.32,CAN,45.84887,-82.99467
555593250,NAKINA - INKLIN RIVERS/YÁWU YAA CONSERVANCY,II,1673.34,CAN,59.04231,-132.87704
555593251,NAKINA - INKLIN RIVERS (KUTHAI AREA)/YÁWU YAA CONSERVANCY,II,260.47,CAN,59.18759,-133.30507
555593252,ROBERTS BANK WILDLIFE MANAGEMENT AREA,IV,87.76,CAN,49.06360,-123.20206
555593253,INDIAN LAKE – HITCHCOCK CREEK/ÁT CHI'ÎNI SHÀ CONSERVANCY,II,606.57,CAN,59.87850,-133.47855
555593257,WILLISON CREEK – NELSON LAKE/SÍT' HÉENI CONSERVANCY,II,103.08,CAN,59.31532,-134.14413
555593259,TAKU RIVER/T'AḴÚ TÉIX̱' CONSERVANCY,II,806.37,CAN,58.71723,-133.25781
555593265,BROUGHTON ARCHIPELAGO CONSERVANCY,II,40.89,CAN,50.68936,-126.69288
555593266,UPPER GLADYS RIVER/WATSIX DEIYI CONSERVANCY,II,563.58,CAN,59.57464,-132.80474
555593267,MOUNT MINTO/K'IYÁN CONSERVANCY,II,56.61,CAN,59.94572,-133.91290
555593273,Météorite Biodiversity Reserve,II,232.75,CAN,51.46434,-68.47788
555593275,Proposed Manicouagan Aquatic Reserve,II,712.83,CAN,49.03671,-68.42571
555593287,Opémican National Park (Québec),II,252.53,CAN,46.96150,-79.19756
555593735,Proposed Côte-de-Charlevoix Biodiversity Reserve,II,61.91,CAN,47.94440,-69.89466
555593903,Colonso Chalupas,IB,929.41,ECU,-0.90849,-78.06213
555593969,Kozara,II,39.09,BIH,45.01564,16.90534
555593970,Sutjeska,II,160.57,BIH,43.32762,18.65598
555593996,Ci-lan,IV,565.57,TWN,24.57092,121.40975
555593997,Coastal Mountain Range,IV,32.72,TWN,23.17368,121.33325
555593998,Dadu River Mouth,IV,31.51,TWN,24.18433,120.47067
555593999,Danda,IV,1212.37,TWN,23.80310,121.15874
555594001,Guanshan,IV,694.56,TWN,23.09300,120.99006
555594013,Ruei-yan River,IV,27.58,TWN,24.12796,121.22373
555594014,Shuang-guei Lake,IV,489.12,TWN,22.79658,120.85089
555594018,Taichung County Wuling Formosan Landlocked Salmon,IV,72.23,TWN,24.39256,121.27984
555594029,Yuli,IV,114.15,TWN,23.53707,121.19865
555594031,Taijiang,II,47.38,TWN,23.08989,120.10306
555594037,Formosan Landlocked Salmon Refuge,IV,72.23,TWN,24.39256,121.27984
555594045,Yuli Wildlife Refuge,IV,114.15,TWN,23.53707,121.19865
555594123,U Minh Ha,II,92.96,VNM,9.24784,104.94808
555595109,Wildnisgebiet Dürrenstein,IB,34.42,AUT,47.77454,15.04183
555595179,Hradiště,IV,280.78,CZE,50.26220,13.12999
555595187,Libavá,IV,84.17,CZE,49.66917,17.55534
555595416,2043406 Hälleskogsbrännan,IV,64.15,SWE,59.88605,16.15793
555595662,Doñana Norte y Oeste,IV,185.60,ESP,37.25250,-6.39777
555595664,Montes de Málaga,IV,49.95,ESP,36.82804,-4.39377
555595676,West Pennine Moors,IV,76.21,GBR,53.66468,-2.45807
555595977,Vikerfjell,IA,80.25,NOR,60.44203,9.92273
555596186,Akamas (FD),II,77.93,CYP,34.98426,32.34455
555596188,GF_02,IV,25.62,CYP,35.13069,33.40741
555596192,GF_06,IV,28.02,CYP,34.71189,32.52192
555596193,GF_07,IV,34.14,CYP,34.65577,32.97897
555596199,GF_12,IV,26.14,CYP,34.67065,32.81994
555596205,Nationalpark Hohe Tauern Aussenzone,II,264.11,AUT,47.01995,12.48240
555596207,Nationalpark Hohe Tauern - Kernzone,II,290.56,AUT,46.99691,13.04643
555596208,Nationalpark Hohe Tauern - Außenzone,II,113.12,AUT,46.98503,13.07465
555596209,Nationalpark Hohe Tauern - Sonderschutzgebiet Großglockner Pasterze,II,35.39,AUT,47.09144,12.70993
555596227,La Sierra de Escalona y su entorno,III,106.47,ESP,37.96234,-0.85815
555597220,Massif Du Monte Ritondu,IV,31.17,FRA,42.22529,9.06742
555597244,Montagne De Kaw,IV,171.40,GUF,4.54155,-52.20870
555597299,Aire Marine Protégée Dans Les Eaux Territoriales De L’Île De Clipperton,IV,1807.17,PYF,10.30300,-109.21725
555597346,Forêts d\'altitude du Haut-Jura,IV,43.43,FRA,46.59296,6.10279
555597356,Forêts,II,566.90,FRA,47.86345,4.87659
555597478,2047179 Skåarnja,IB,366.02,SWE,65.00333,14.44472
555597880,Nationalpark Gesäuse,II,95.20,AUT,47.58361,14.63685
555597901,Hohe Tauern,II,465.43,AUT,47.12566,12.74459
555597902,Hohe Tauern,II,267.68,AUT,47.14553,12.72887
555597928,Nationalpark Hohe Tauern Kernzone,II,347.08,AUT,47.02411,12.47980
555599261,Angkum,IV,45.05,AUS,-13.30178,143.49631
555599263,Birriliburu,III,5569.49,AUS,-24.68766,122.55070
555599265,Bardi Jawi,IV,430.45,AUS,-16.54155,122.93822
555599266,Girringun,III,3538.36,AUS,-18.39210,145.63517
555599273,Karajarri,II,440.21,AUS,-18.74383,121.79677
555599278,Barnong Pastoral Lease - Western Part,II,225.40,AUS,-28.53914,116.16252
555599282,Juunju Daarrba Nhirrpan,II,80.42,AUS,-14.94223,145.02938
555599333,Unnamed (No.HA1501),III,68.29,AUS,-32.94348,136.65339
555599445,Five Rivers,IV,87.77,AUS,-42.06742,146.48271
555599486,Picton River,IB,46.17,AUS,-43.16972,146.66721
555599490,Lake Tyers S.P.,III,86.84,AUS,-37.77309,148.10979
555599501,Murujuga,II,49.17,AUS,-20.59752,116.80114
555599507,Unnamed WA51583,II,48.96,AUS,-17.99454,122.40501
555599927,Reserva Biológica Estadual Da Praia Do Sul,IA,32.67,BRA,-23.18170,-44.29300
555599934,Parque Estadual De Itaúnas,II,35.36,BRA,-18.45345,-39.72632
555599959,Reserva Particular Do Patrimônio Natural Estância Caiman,IV,55.12,BRA,-19.91313,-56.35675
555599975,Parque Nacional Guaricana,II,492.87,BRA,-25.73359,-48.86395
555599981,Reserva Particular Do Patrimônio Natural Fazenda Lageado,IV,125.52,BRA,-20.26315,-55.40922
555600076,Estação Ecológica Alto Maués,IA,6665.56,BRA,-5.61644,-58.31057
555600084,Reserva Particular Do Patrimônio Natural Emilio Einsfeld Filho,IV,63.34,BRA,-28.00271,-50.83508
555600087,Reserva Particular Do Patrimônio Natural Grande Floresta Das Araucárias,IV,40.20,BRA,-27.91519,-49.40417
555600164,Reserva Particular Do Patrimônio Natural Reserva Natural Engenheiro Eliezer Batista,IV,126.10,BRA,-18.15153,-57.46809
555600204,Parque Natural Municipal Do Tabuleiro,II,30.90,BRA,-19.09153,-43.57856
555600224,Reserva Particular Do Patrimônio Natural Do Tombador,IV,87.17,BRA,-13.65301,-47.80960
555600244,Parque Nacional Da Serra Do Gandarela,II,312.71,BRA,-20.10863,-43.66837
555600251,Área De Relevante Interesse Ecológico Corredor Ecológico Lagoa Encantada / Serra Do Conduru,IV,105.78,BRA,-14.54723,-39.10610
555600256,Reserva Particular Do Patrimônio Natural Bico Do Javaés,IV,27.62,BRA,-10.62403,-49.94580
555600263,Parque Estadual Da Pedra Selada,II,80.42,BRA,-22.37393,-44.47414
555600299,Kahurangi,IA,84.11,NZL,-40.98595,172.07345
555600300,Hikurangi,IA,104.05,NZL,-42.53545,173.65233
555600302,Punakaiki,IA,35.21,NZL,-42.13177,171.30762
555600303,Waiau Glacier Coast,IA,45.59,NZL,-43.25629,170.06956
555600307,Parque Nacional Da Serra Geral,II,172.74,BRA,-29.13417,-50.03992
555600317,Parque Nacional De Boa Nova,II,122.95,BRA,-14.38375,-40.16213
555602061,Alpine Lakes,IB,60.94,USA,47.45863,-121.16365
555602139,Andrew Simons,IB,4395.15,USA,59.95904,-150.47246
555602170,Appendicitis Hill,IB,103.53,USA,43.71633,-113.47427
555602237,Atchafalaya,IV,63.81,USA,30.45348,-91.65212
555602270,Avawatz Mountains,IB,385.21,USA,35.51738,-116.31218
555602438,Bear Den Butte,IB,39.11,USA,43.18109,-113.54755
555602582,Big Bend Proposed or Recom,IB,2333.83,USA,29.32319,-103.32421
555602612,Sheldon National Wildlife Refuge,IB,93.50,USA,41.69588,-118.98947
555602628,Big Snowies,IB,358.94,USA,46.76551,-109.40901
555602683,Black Canyon,IB,64.09,USA,43.50070,-113.82339
555602770,Blue Range,IB,117.79,USA,33.56112,-108.97571
555602783,Bluejoint,IB,256.60,USA,45.64501,-114.43242
555602799,Bodie Mountain,IB,103.64,USA,38.22069,-119.14265
555602800,Bodie,IB,68.69,USA,38.26716,-119.02239
555602887,Breadloaf,IB,101.11,USA,44.01021,-72.90339
555603022,Bunk Robinson,IB,77.12,USA,31.44812,-109.00726
555603044,Burnt Creek,IB,99.98,USA,44.15975,-113.60872
555603204,Carcass Canyon,IB,196.88,USA,37.59605,-111.54189
555603246,Casa Diablo,IB,36.39,USA,37.56608,-118.53666
555603272,Sheldon National Wildlife Refuge,IB,252.29,USA,41.81410,-119.38772
555603299,Cedar Butte,IB,149.52,USA,43.33470,-112.79842
555603340,Central Arctic Management Area,IB,1047.32,USA,68.50541,-154.83639
555603421,Chassahowitzka National Wildlife Refuge.Wilderness Area,IB,95.66,USA,28.69081,-82.66807
555603456,Cherry Creek Basin,IA,38.77,USA,42.60964,-122.16944
555603480,Chidago Canyon,IB,82.34,USA,37.59388,-118.45952
555603790,Copper Sands,IA,64.58,USA,60.32966,-145.55152
555603862,Coyote Mountains,IB,75.31,USA,32.82007,-116.03048
555603882,Crater Lake Proposed or Recom,IB,546.46,USA,42.93445,-122.13328
555603930,Crystal Lake,IB,36.10,USA,47.39733,-116.38842
555604014,Dave Spencer,IB,753.63,USA,60.81126,-150.44339
555604039,Death Ridge,IB,268.68,USA,37.50639,-111.62514
555604067,Deer Creek,IB,32.66,USA,43.19049,-114.96682
555604105,Desert National Wildlife Refuge,IB,5525.61,USA,36.80886,-115.40841
555604144,Dinosaur Proposed or Recom,IB,715.41,USA,40.58421,-108.91992
555604350,East,IB,826.80,USA,55.35144,-162.41876
555604373,Eden Valley,IB,26.21,USA,39.61315,-123.13387
555604394,Eighteen Mile,IB,101.42,USA,44.49154,-113.07133
555604398,El Malpais Proposed or Recom,IB,395.65,USA,34.85781,-107.98045
555604399,El Malpais,IB,86.02,USA,34.86665,-108.00812
555604977,Excelsior,IB,38.04,USA,38.11843,-118.82600
555605084,Fiftymile Mountain,IB,651.38,USA,37.37505,-111.25348
555605094,Firth-Mancha Rna,IA,2082.33,USA,68.68366,-141.70376
555605096,Sheldon National Wildlife Refuge,IB,394.96,USA,41.69829,-119.19462
555605279,Francis Marion,IV,215.32,USA,33.14063,-79.57320
555605311,Friedman Creek,IB,39.92,USA,43.56216,-113.81171
555605489,Sheldon National Wildlife Refuge,IB,166.44,USA,41.83525,-119.19274
555605495,Gooding City Of Rocks East,IB,57.96,USA,43.13811,-114.81305
555605496,Gooding City Of Rocks West,IB,26.94,USA,43.14108,-114.87762
555605538,Grand Canyon Proposed or Recom,IB,4403.54,USA,36.28438,-112.80509
555605553,Grand Teton Proposed or Recom,IB,651.12,USA,43.82903,-110.70820
555605560,Grandmother Mountain,IB,48.17,USA,47.06453,-115.97483
555605561,Grandmother Mountain,IB,26.88,USA,47.05285,-116.07265
555605610,Great Rift,IB,1544.95,USA,43.14382,-113.45453
555605698,Gros Ventre,IA,26.61,USA,43.38249,-110.60933
555606073,Harper Creek,IB,28.50,USA,35.98120,-81.80762
555606103,Hatchie,IV,46.24,USA,35.49448,-89.21259
555606111,Hawley Mountain,IB,69.56,USA,44.09953,-113.31782
555606147,Hell's Half Acre,IB,273.74,USA,43.46665,-112.34229
555606173,Hermosa Creek,IB,154.42,USA,37.53592,-107.95147
555606235,High Lakes,IB,59.72,USA,44.97759,-109.52657
555606431,Hyalite-Porcupine-Buffalo Horn,IB,629.60,USA,45.29102,-111.01290
555606702,Kendrick Mountain,IB,26.97,USA,35.41325,-111.86279
555606767,King Hill Creek,IB,120.51,USA,43.13470,-115.24209
555607012,Lava,IB,43.56,USA,40.97916,-121.38008
555607013,Lava,IB,97.07,USA,43.04798,-114.30827
555607139,Little City Of Rocks,IB,26.73,USA,43.14590,-114.69210
555607143,Little Deer,IB,142.55,USA,43.21655,-113.71484
555607478,Marjory Stoneman Douglas,IB,5416.29,USA,25.37155,-80.95441
555607511,Marten River,IA,29.85,USA,55.17723,-130.48511
555607647,Medicine Lake National Wildlife Refuge_Wilderness Area,IB,50.03,USA,48.45556,-104.38393
555607675,Merced River,IB,53.00,USA,37.62084,-120.06706
555607730,Middle Fork Judith,IB,327.21,USA,46.83231,-110.47889
555607751,Milk Ranch/Case Mountain,IB,37.88,USA,36.43232,-118.83023
555607822,Misty Fiords,IB,8677.51,USA,55.56196,-130.71696
555607951,Mount Biedeman,IB,53.03,USA,38.15644,-119.07402
555608001,Mud Spring Canyon,IB,164.30,USA,37.52533,-111.82671
555608018,Muleshoe,IV,26.52,USA,33.75820,-101.84554
555608058,Mystery Creek,IB,182.01,USA,60.58130,-150.11380
555608120,Navassa Island National Wildlife Refuge,IA,1473.66,UMI,18.40178,-75.01682
555608128,Neches River,IV,28.89,USA,31.85203,-95.42296
555608256,North Escalante Canyons/The Gulch,IB,516.21,USA,37.77045,-111.29244
555608268,North Fork Owyhee,IB,180.67,USA,42.61712,-116.83736
555608439,Ojito,IB,47.96,USA,35.51715,-106.92064
555608488,Olsen Bay Creek,IA,27.62,USA,60.77772,-146.15798
555608567,Owens River Headwaters,IB,59.48,USA,37.72340,-119.07185
555608599,Palisades,IB,544.07,USA,43.35996,-110.91156
555608611,Panoche Hills North,IB,26.92,USA,36.69688,-120.76483
555608612,Panoche Hills South,IB,45.29,USA,36.66152,-120.72513
555608626,Paria-Hackberry,IB,590.50,USA,37.36154,-112.02724
555608694,Hawaiian Islands National Wildlife Refu,IA,383.92,USA,27.85902,-175.85772
555608716,Peloncillo Mountains,IB,79.67,USA,32.37311,-109.10065
555608762,Petticoat Peak,IB,45.73,USA,42.66912,-111.95714
555608783,Phipps - Death Hollow I,IB,183.57,USA,37.82194,-111.51515
555608883,Pit River Canyon,IB,47.51,USA,40.95628,-121.21129
555609038,Charles M. Russell National Wildlife Refuge_,IB,639.22,USA,47.57276,-107.69462
555609039,Crescent Lake National Wildlife Refuge_,IB,96.98,USA,41.70121,-102.26082
555609040,Valentine National Wildlife Refuge_,IB,60.13,USA,42.49026,-100.61884
555609122,Sheldon National Wildlife Refuge,IB,264.66,USA,41.93889,-118.99896
555609162,Rare Lizard & Snake Natural Area,IB,52.42,USA,37.38109,-109.00730
555609173,Raven's Eye,IB,276.44,USA,43.20045,-113.89433
555609215,Red River,IA,32.32,USA,55.10921,-130.52934
555609434,Robinson Lake,IA,26.19,USA,55.91077,-131.02910
555609471,Rocky Creek/Cache Creek,IB,27.58,USA,38.89561,-122.37331
555609477,Rocky Mountain National Park,IB,1008.75,USA,40.36142,-105.70317
555609518,Sheldon National Wildlife Refuge,IB,145.47,USA,41.94695,-119.40032
555609565,Sheldon National Wildlife Refuge,IB,113.89,USA,41.88902,-119.57697
555609591,Sheldon National Wildlife Refu,IB,85.25,USA,41.94873,-119.24316
555609646,San Pasqual,IB,80.53,USA,33.77784,-106.82890
555609657,Sand Butte,IB,86.60,USA,43.09985,-113.89627
555609711,Sapphire,IB,383.41,USA,46.10754,-113.69430
555609776,Scott's Basin,IB,33.74,USA,39.88395,-113.86888
555609850,Shale Butte,IB,62.97,USA,42.93947,-113.84551
555609926,Shoal Creek,IB,131.06,USA,43.29576,-110.31642
555609939,Shoshone,IB,27.45,USA,42.97290,-114.47338
555609942,Shublik Springs Rna,IA,137.72,USA,69.43458,-146.08984
555609975,Simeonof,IB,104.47,USA,54.90670,-159.26369
555610003,Skedaddle,IB,254.21,USA,40.39296,-120.11302
555610069,Snowbird,IB,34.36,USA,35.27449,-83.97710
555610070,Snowhole Rapids,IB,26.20,USA,45.97582,-116.53580
555610076,Soda Mountains,IB,343.94,USA,35.23743,-116.26075
555610483,Symmes Creek,IB,35.40,USA,36.74703,-118.21900
555610590,Ten Lakes,IB,140.21,USA,48.91595,-114.88616
555610595,Sheldon National Wildlife Refu,IB,184.04,USA,41.79287,-119.19348
555610670,Theodore Roosevelt,IV,25.00,USA,33.24837,-90.64406
555610850,Trinity River,IV,117.58,USA,30.15516,-94.82855
555610879,Tule Mountain,IB,72.09,USA,41.13507,-120.44230
555610884,Tunnison Mountain,IB,81.61,USA,40.53357,-120.51145
555611044,Ul Bend,IV,158.31,USA,47.58072,-107.91706
555611836,Volcanic Tablelands,IB,51.53,USA,37.46076,-118.47647
555612038,West Gambier Bay,IA,47.20,USA,57.45699,-134.15240
555612043,West Pioneer,IB,621.96,USA,45.61055,-113.20383
555612050,West,IB,387.03,USA,55.24141,-163.01793
555612167,White Knob Mountains,IB,40.86,USA,43.72822,-113.59830
555612204,Whitmire Canyon,IB,49.22,USA,31.54164,-109.05021
555612231,Charles M. Russell National Wildlife Refuge_Wilderness Study Area,IB,78.69,USA,47.53624,-107.68379
555612359,Wolverine Glacier,IA,27.70,USA,60.39987,-148.90795
555612407,Wovoka,IB,198.91,USA,38.54729,-119.07808
555621337,Keramashoto,II,940.08,JPN,26.20180,127.40621
555621348,Amami Gunto,IB,48.08,JPN,28.04167,129.18505
555621349,Okuaizu,IB,861.81,JPN,37.21429,139.37204
555621350,Asahi Sanchi,IB,699.51,JPN,38.32265,139.83524
555621351,Minamiarupusunambu Tekaridake,IB,47.58,JPN,35.31335,138.04847
555621483,Cayo Mono-Galindo,II,195.22,CUB,23.24811,-81.00662
555621484,El Macio,II,142.73,CUB,19.88785,-77.17212
555621485,Cayos Los Indios,IV,129.77,CUB,21.80854,-83.20206
555621487,Macurije-Santa Maria,IV,301.03,CUB,21.15191,-78.48396
555621494,Delta del Mayari,IV,25.63,CUB,20.74058,-75.62010
555621497,Las Nuevas,IV,25.18,CUB,21.26081,-76.37163
555621498,Ensenada del Gua y Cayos de Manzanillo,IV,165.05,CUB,20.31245,-77.20695
555621502,Canales del Hanabana,IV,55.48,CUB,22.34333,-81.03163
555621509,Banco de San Antonio,III,73.92,CUB,22.02576,-85.02721
555621510,Golfo de Batabanó,IV,823.71,CUB,22.50233,-82.39814
555621512,Humedal Sur de los Palacios,IV,450.84,CUB,22.33037,-83.28688
555621514,Loma de Santa María,IV,140.23,CUB,22.09910,-78.15837
555621515,Ciénaga de Lanier,IV,242.50,CUB,21.65368,-82.81111
555621520,Castle Wildland Provincial Park,IB,641.13,CAN,49.39109,-114.34469
555621524,Dillon River Wildland Provincial Park,IB,1901.28,CAN,55.85326,-110.24036
555621533,Kazan Wildland Provincial Park,IB,6595.13,CAN,59.38805,-110.77175
555621539,Richardson Wildland Provincial Park,IB,3121.29,CAN,58.19476,-110.78597
555621562,Akami-Uapishku - Kakkasuak - Mealy Mountains National Park Reserve Of Canada,II,10711.28,CAN,53.59458,-58.28724
555621565,Cape Chignecto Provincial Park,II,42.34,CAN,45.38754,-64.87989
555621567,Baddeck River Wilderness Area,IB,27.78,CAN,46.24973,-60.75266
555621572,The Stillwaters Wilderness Area,IB,29.68,CAN,45.93799,-60.06714
555621573,Humes River Wilderness Area,IB,36.26,CAN,46.04876,-60.99999
555621616,Kluscap Wilderness Area,IB,27.77,CAN,46.30638,-60.47379
555621618,Silver River Wilderness Area,IV,52.92,CAN,44.19480,-65.82201
555621622,Dunraven Bog Nature Reserve,IA,34.65,CAN,44.05955,-65.14195
555621637,Tracadie River Wilderness Area,IV,25.27,CAN,45.51489,-61.63842
555621648,Fourchu Coast Wilderness Area,IV,48.09,CAN,45.71036,-60.35729
555621653,South Panuke Wilderness Area,II,68.47,CAN,44.69723,-64.18535
555621655,Medway Lakes Wilderness Area,IB,195.84,CAN,44.56910,-65.24027
555621658,Wehexlaxodıale,IB,976.82,CAN,64.39245,-116.26906
555621660,Qausuittuq National Park Of Canada,II,9841.04,CAN,76.13237,-101.48856
555622007,Mt. Kenya,II,2119.94,KEN,-0.13983,37.39101
555622079,Ras Ghanada Marine Protected Area,IV,54.58,ARE,24.86218,54.70552
555622080,Al Ghadha protected area (formerly Al Marzoum),IV,1086.22,ARE,23.95962,54.16750
555622081,Al Saadyat Marine National Park,II,59.20,ARE,24.58535,54.41913
555622082,Qaser Al Sarab Protected Area,IV,303.79,ARE,22.84068,54.32204
555622119,Ngoyla,IV,1567.23,CMR,2.46753,13.82129
555622120,Tofala Hill,IV,80.98,CMR,5.65318,9.93826
555622236,Gamak Bay,IA,255.33,KOR,34.66650,127.69055
555622237,Deukryang Bay,IA,550.28,KOR,34.68676,127.18075
555622238,Wando-Doam Bay,IA,769.87,KOR,34.47673,126.75787
555622239,Hampyeong Bay,IA,306.50,KOR,35.12820,126.38579
555622270,Population of Soft Corals Along the Coast of Jeju,IV,90.16,KOR,33.22719,126.47673
555622304,Sanctuary of Red-throated Loons on Geoje Coast,IV,435.00,KOR,34.71347,128.71256
555622318,"Tidal Flat and Breeding Ground of Black-faced Spoonbills, Gwanghwa",IV,434.94,KOR,37.70145,126.18603
555622373,Sanctuary of Migratory Birds at Nakdonggang River Estuary,IV,87.28,KOR,35.11737,128.91392
555622861,Gangwon Hongcheon Naemyeon,IV,37.47,KOR,37.86421,128.52786
555622862,Gangwon Pyeongchang Jinbumyeon,IV,54.65,KOR,37.76428,128.56599
555622905,Chungbuk Boeun Songnisanmyeon,IV,70.11,KOR,36.52227,127.84669
555622956,Chungbuk Cheungju Muneoimyeon,IV,93.87,KOR,36.47905,127.51183
555623057,Otter habitat in Jinyang lake,IV,26.57,KOR,35.18220,127.99133
555623059,Daegu Urban Natural Park Areas,IV,30.05,KOR,35.79893,128.50801
555623060,Incheon Urban Natural Park Areas,IV,26.36,KOR,37.56623,126.56200
555623063,Gyeonggi-do Urban Natural Park Areas,IV,27.82,KOR,37.48197,127.08213
555623065,Chungcheongbuk-do Urban Natural Park Areas,IV,44.47,KOR,36.71648,127.86932
555623068,Jeollanam-do Urban Natural Park Areas,IV,42.64,KOR,34.79664,127.05387
555623070,Gyeongsangnam-do Urban Natural Park Areas,IV,57.24,KOR,35.29551,128.35747
555623628,Sierra del Divisor,II,13551.10,PER,-7.14520,-73.94871
555623679,Akmensrags,IV,258.78,LVA,56.77736,21.02978
555623685,Baltic Sea Biosphere Polygon,IV,319.43,LTU,55.42350,20.89309
555623828,Maswa Kimali,IV,1341.12,TZA,-3.29572,34.57464
555624125,Driefontein Grasslands,IV,1997.64,ZWE,-19.23753,30.77007
555624126,Mana Pools National Park,II,2195.79,ZWE,-15.98171,29.44437
555624132,Humedales de Jaragua,II,329.51,DOM,17.77829,-71.47047
555624135,Duinen en Lage Land Texel,II,40.89,NLD,53.08935,4.80442
555624137,Duinen Terschelling,IV,40.97,NLD,53.40210,5.35783
555624145,North East Undendeule,IV,2902.36,TZA,-9.91410,36.66125
555624150,Laguna Garzón,IV,369.09,URY,-34.79374,-54.45152
555624152,El Rincón,IB,150.01,ARG,-47.63595,-72.14576
555624178,Prek Toal Core Area (Ramsar Site),IA,213.48,KHM,13.15012,103.63347
555624179,Zhangye Heihe Wetland National Nature Reserve,IA,411.92,CHN,39.38940,99.95129
555624181,Anhui Shengjin Lake National Nature Reserve,IA,333.67,CHN,30.36312,117.10540
555624182,Guangdong Nanpeng Archipelago Wetlands,IB,357.07,CHN,23.28229,117.25601
555624183,Servech,IV,88.87,BLR,54.96180,27.52022
555624187,Indawgyi Wildlife Sanctuary,IV,736.97,MMR,25.15984,96.36622
555624190,Atol das Rocas Biological Reserve,IA,351.87,BRA,-3.85236,-33.78507
555624192,Drozbitka-Svina,IV,67.29,BLR,55.58898,29.38558
555624193,Iput River Floodplain,IV,35.03,BLR,52.50969,31.48621
555624194,Dikoe Fen Mire,IA,231.44,BLR,52.79293,24.22106
555624197,Golubickaya Puscha,IV,182.06,BLR,54.96810,28.00413
555624198,Podvelikiy Moh,IV,106.55,BLR,52.74031,26.27022
555624199,Svislochsko-Berezinskiy,IV,183.41,BLR,53.39139,28.99630
555624202,Negros Occidental Coastal Wetlands Conservation Area (NOCWCA),IA,896.08,PHL,10.31652,122.75918
555624203,Central Marshes,IB,2204.62,IRQ,31.19991,46.90179
555624205,Etangs des Salines,III,145.83,MTQ,16.26188,-62.00955
555624213,Port Honduras,IV,403.92,BLZ,16.25171,-88.62457
555624214,Glover's Reef,IV,326.76,BLZ,16.81921,-87.78539
555624215,Hol Chan,II,55.34,BLZ,17.86084,-88.02789
555624216,De Los Humedales Entre Los Ríos Leon Y Suriquí,II,52.87,COL,7.88136,-76.79987
555624217,Cienaga Grande De Santa Marta,IV,276.38,COL,10.73266,-74.45050
555624218,Guanahacabibes,II,397.20,CUB,21.88197,-84.67202
555624219,Los Haitises,II,634.14,DOM,18.99568,-69.68428
555624220,Jaragua,II,1575.35,DOM,17.78194,-71.49456
555624221,Sierra de Bahoruco,II,1149.97,DOM,18.14819,-71.53268
555624230,Tobago Cays-Mayreau,II,51.75,VCT,12.63046,-61.35406
555624302,Somyne Swamps,IA,108.52,UKR,51.41537,26.92697
555624303,Syra Pogonia Bog,IA,99.26,UKR,51.51493,27.21206
555624304,Islas del Pacífico de la Península de Baja California,IA,12264.58,MEX,28.39209,-114.38662
555624306,Caribe Mexicano,IA,57587.89,MEX,19.86129,-86.60565
555624313,Polesye Valley of River Bug,IV,232.73,BLR,51.78535,23.71219
555624339,El Muzawqa,IV,28.33,PSE,32.25951,35.53018
555624344,Qarn Sartaba,IV,31.19,PSE,32.09378,35.45248
555624357,Wadi el Qilt,IV,28.64,PSE,31.84564,35.34584
555624364,El Kanub,IV,29.01,PSE,31.57054,35.22848
555624666,Site Bioculturel d'Antrema,IV,205.14,MDG,-15.76700,46.11245
555624670,Cheremske Bog,IA,29.76,UKR,51.53052,25.54025
555624671,Zones Humides Ankarafantsika  (CLSA),II,330.15,MDG,-16.25958,46.93128
555624678,Byle Lake and Koza Berezyna Mire,IA,80.79,UKR,51.51464,25.72513
555624679,Meinmahla Kyun Wildlife Sanctuary,IV,510.87,MMR,15.87728,95.25337
555624681,Zones Humides de Sahamalaza,II,240.49,MDG,-14.14264,47.85843
555624682,"Marais Breton, Baie de Bourgneuf, Ile de Noirmoutier et Forêt de Monts",IV,558.48,FRA,46.89592,-2.07271
555624691,Bul Syayeef Marine Protected Area,IV,145.04,ARE,24.30458,54.35034
555624692,Fifa Nature Reserve,IV,60.93,JOR,30.96059,35.43397
555624824,Sharaan National Park,II,1525.93,SAU,26.87455,38.11927
555624826,Jabal Tukhfah,IV,147.96,SAU,24.86022,43.16902
555624829,Jabal Radwa,IB,1693.12,SAU,24.67668,38.20731
555624830,Maqla‘ Timiyah / Harrat Kishb,IA,602.88,SAU,22.87496,41.27254
555624831,Jazirat al-Huwaysat / Dawhat Duwayhin,IA,1202.60,SAU,24.40143,51.36050
555624833,Wadi Tarj / Jabal Jandaf,IA,1103.56,SAU,19.46752,42.43097
555624834,Wadi Lajb / Jabal al-Qahar,II,707.24,SAU,17.64062,42.84268
555624836,Extension to Majami‘ al-Hadb,IA,2731.65,SAU,21.47342,43.83865
555624843,Viruá National Park,II,2149.53,BRA,1.32181,-61.15439
555624847,Anavilhanas National Park,II,3502.34,BRA,-2.51955,-60.77782
555624848,Lund Warming,II,238.65,BRA,-19.53255,-43.99071
555624849,Guaraqueçaba Ecological Station,IB,43.70,BRA,-25.40645,-48.35244
555624850,Etang de Salses-Leucate,IV,76.01,FRA,42.85178,2.98753
555624851,Taim Ecological Station,IA,109.39,BRA,-32.73966,-52.90097
555624907,Marine Protected Area (Rakahanga/ Manihiki),IV,37689.84,COK,-10.22934,-161.02840
555624916,Mumbulla,IA,61.37,AUS,-36.58693,149.94330
555624917,Murrah,IA,42.17,AUS,-36.50489,149.98029
555624920,Kalyarr,II,407.79,AUS,-34.28963,144.43895
555624923,Ben Halls Gap,IA,30.62,AUS,-31.62252,151.19801
555624936,Scotia,II,649.11,AUS,-33.23934,141.17546
555624943,Newhaven,II,2618.42,AUS,-22.82666,131.05616
555624944,Pungalina,II,1948.44,AUS,-16.64017,137.36224
555624945,Wongalara,II,1925.40,AUS,-14.14479,134.34083
555624969,Bowling Green Bay,III,34.47,AUS,-19.34281,147.22045
555625011,Curtis Island,III,103.93,AUS,-23.61869,151.17925
555625033,Girringun,III,67.76,AUS,-18.40429,145.30658
555625069,Littabella,III,29.07,AUS,-24.64495,151.99102
555625105,Mutton Hole Wetlands,III,78.28,AUS,-17.62017,141.01968
555625154,Townsville Town Common,III,32.76,AUS,-19.20974,146.73999
555625165,Wilandspey,III,55.51,AUS,-21.72838,146.53692
555625204,Expedition,II,225.54,AUS,-25.17599,148.86041
555625205,Tagalaka,II,784.40,AUS,-18.30733,142.63287
555625206,Rungulla,II,1207.73,AUS,-19.19958,143.42389
555625209,Dipperu,IA,112.06,AUS,-21.94814,148.70251
555625210,Epping Forest,IA,26.93,AUS,-22.35730,146.70508
555625214,Palmgrove,IA,250.10,AUS,-24.95494,149.31566
555625216,Taunton,IA,116.25,AUS,-23.53913,149.23488
555625217,Biniirr,II,293.09,AUS,-15.15917,144.98863
555625218,Olkola,II,3735.77,AUS,-15.37255,143.21040
555625221,Bowra Wildlife Sanctuary,II,139.04,AUS,-28.00138,145.57009
555625223,Carnarvon Station,IV,569.72,AUS,-24.84709,147.64124
555625228,Edgbaston,IV,81.65,AUS,-22.73075,145.39355
555625254,Yourka Reserve,IV,438.74,AUS,-17.94244,145.40561
555625271,Piccaninny Plains,II,1648.85,AUS,-13.18164,142.71711
555625340,Bon Bon Station,II,2151.20,AUS,-30.57949,135.51001
555625341,Boolcoomatta,II,644.88,AUS,-31.91274,140.58155
555625342,Unnamed (No.HA1544),III,2445.87,AUS,-33.82529,140.56705
555625343,Hiltaba Nature Reserve,IA,773.55,AUS,-32.22633,135.14178
555625344,Unnamed (No.HA1543),III,940.46,AUS,-33.92539,140.18343
555625347,Witchelina Nature Reserve,IA,4147.35,AUS,-30.16333,137.93307
555625350,Dakalanta,II,137.11,AUS,-33.40446,135.33099
555625351,Kalamurina,II,6764.67,AUS,-27.80043,137.65572
555625352,Yookamurra,II,50.55,AUS,-34.51683,139.42569
555625354,Nullarbor,IB,8975.96,AUS,-31.32946,129.95680
555625445,Unnamed P0268,IA,298.03,AUS,-34.20028,141.37234
555625450,Unnamed P0325,IA,27.59,AUS,-35.72121,143.63038
555625451,Suggan Buggan,II,179.75,AUS,-36.87978,148.25235
555625452,Barrbem,IV,143.27,AUS,-15.78171,128.94939
555625454,Darrmalanka,II,286.99,AUS,-15.33618,128.85118
555625455,Gooming,II,141.66,AUS,-15.52744,128.86655
555625457,Mijing,II,255.29,AUS,-15.04374,128.60757
555625458,Ngamoowalem,II,703.07,AUS,-15.71273,128.50316
555625461,Unnamed WA51932,IV,57.78,AUS,-18.15482,122.26605
555625468,Unnamed WA52354,II,72.54,AUS,-17.83078,122.23870
555625635,Charles Darwin,II,680.94,AUS,-29.60131,116.99644
555625637,Eurardy,IV,300.41,AUS,-27.54689,114.63683
555625638,Hamelin Station,II,2010.69,AUS,-26.44092,114.34533
555625644,Matuwa and Kurrara-Kurrara,III,79.54,AUS,-25.78124,121.50571
555625649,Charnley River,II,3000.60,AUS,-16.48381,125.32513
555625650,Faure Island,II,45.54,AUS,-25.84891,113.88629
555625652,Marion Downs,II,2584.97,AUS,-16.89823,126.46523
555625653,Mornington,II,3213.21,AUS,-17.40964,126.40545
555625654,Mt Gibson,II,1323.27,AUS,-29.73290,117.30768
555625657,Great Australian Bight,II,1245.77,AUS,-31.75435,130.49944
555625668,Vedat de caça de Ransol,IV,28.11,AND,42.60298,1.65479
555625707,Al Tawi Protected Area,IV,45.38,ARE,23.83127,53.14647
555625708,Barqa Al Soqour Protected Area,IV,78.62,ARE,24.01850,52.58003
555625709,Bida’a Hazza’ Protected Area,IV,76.82,ARE,23.85694,52.64273
555625710,Al Beda'a Protected Area,IV,416.39,ARE,23.50123,54.15915
555625711,Al Delfaowyah Protected Area,IV,185.79,ARE,23.11726,54.19750
555625712,Jebel Hafeet National Park,II,80.73,ARE,24.09547,55.77361
555625713,Ramlah Protected Area,IV,543.53,ARE,23.28574,53.93857
555625714,Yaw Al Dibsa Protected Area,IV,211.37,ARE,23.78894,52.30441
555625765,Jærkysten,IA,142.71,NOR,58.66716,5.57374
555625769,Environmental Protection Area of Cananéia-Iguape-Peruíbe,II,2023.08,BRA,-24.71361,-47.57985
555625770,Massaciuccoli lake and marsh,IV,111.41,ITA,43.73356,10.30070
555625771,O Le Pupu Pu'e,II,42.12,WSM,-13.98948,-171.72719
555625775,Ilha Grande National Park,II,761.38,BRA,-23.67753,-53.97990
555625801,Bassin de la Lufira,II,43407.72,COD,-9.42698,26.85100
555625913,Gyeongnam Sancheong Samjangmyeon 1,IV,25.72,KOR,35.36668,127.77806
555625921,Gyeongnam Sancheong Sicheonmyeon 3,IV,25.88,KOR,35.28803,127.73100
555626071,Bwe Par Taung National Park,II,209.52,MMR,22.36004,93.51657
555626074,Hugaung Valley Wildlife Sanctuary,IV,6490.03,MMR,26.63448,96.74116
555626075,Inkhain Bum National Park,II,294.84,MMR,25.66574,97.41089
555626076,North Zamrari Wildlife Sanctuary,IV,989.68,MMR,18.17509,96.06431
555626079,Marais et tourbières des vallées de la Somme et de l’Avre,IV,131.40,FRA,49.90512,2.43699
555626084,Przemków Fish Ponds,IV,46.06,POL,51.57177,15.81347
555626095,Indawgyi Wildlife Sanctuary,II,478.39,MMR,25.16419,96.37934
555626100,Complexe des lacs Ambondro et Sirave (CLAS),II,144.89,MDG,-20.89593,43.93839
555626103,Lang Sen Wetland Reserve,IV,47.83,VNM,10.77625,105.74153
555626104,U Minh Thuong National Park,II,79.49,VNM,9.59285,105.09215
555626105,Parc Naturel des Mangroves du Fleuve Cacheu (PNTC),IV,844.93,GNB,12.29291,-16.18493
555626131,Bahía de Tela,IV,863.04,HND,15.94918,-87.55138
555629210,Bas-Kouilou-Yombo,IV,551.24,COG,-4.42068,11.83509
555629239,Yaguas,II,8682.70,PER,-2.91574,-71.29510
555629251,Pulau Yu Besar Marine Park,II,48.43,MYS,5.64475,103.15110
555629252,Pulau Yu Kecil Marine Park,II,46.89,MYS,5.62650,103.15943
555629253,Qoliqoli Cokovata,IV,1344.65,FJI,-16.38335,179.09497
555629254,Hawaii,III,72.34,GTM,13.86982,-90.39177
555629258,Volcán Siete Orejas,IB,25.66,GTM,14.79204,-91.60221
555629294,Parque Regional municipal  El Mirador Rey Tepepul,IV,34.72,GTM,14.59516,-91.25521
555629298,Sierra Caral,III,168.18,GTM,15.42968,-88.62949
555629385,Revillagigedo,IA,148810.23,MEX,18.83193,-112.77475
555629402,Capiibary,II,30.88,PRY,-24.81317,-55.94230
555629404,Isla Susu y Sus Humedales,III,81.17,PRY,-26.37686,-56.38113
555629406,Carrizales del Parana,III,90.56,PRY,-27.34365,-57.52484
555629407,Isla Carrizal,III,25.75,PRY,-27.23990,-58.06902
555629409,Refugio de Vida Silvestre Humedales del Bajo Chaco,IV,82.47,PRY,-25.14179,-57.64011
555629410,Cañada El Carmen,IV,39.34,PRY,-21.60362,-62.38388
555629411,Arcadia,IV,50.99,PRY,-21.31262,-61.98441
555629412,Punie Paesoi,IV,36.92,PRY,-21.05691,-59.98006
555629413,Yaguarete Porá,IV,275.81,PRY,-21.63235,-59.07534
555629414,Palmar Quemado,IV,96.75,PRY,-22.85364,-61.76499
555629416,Cerrados del Tagatiya,IV,47.23,PRY,-22.66393,-57.35615
555629417,Tagatiya Mi,IV,289.11,PRY,-22.48323,-57.45480
555629421,Arroyo Tapiracuái,IV,123.46,PRY,-24.76907,-56.50799
555629431,Guyrati,IV,37.91,PRY,-25.78762,-57.51215
555629438,Cerro Chovoreca,II,1018.06,PRY,-19.37870,-59.33142
555629440,Lote 1,IV,53.36,PRY,-20.02478,-61.02582
555629444,Arrecife,IV,78.17,PRY,-22.26248,-57.45194
555629446,El Ceibo,IV,56.93,PRY,-19.84518,-58.61506
555629448,Anacaona,II,538.72,DOM,18.59000,-71.06713
555629449,Aniana Vargas,II,129.68,DOM,19.01047,-70.24722
555629450,Arrecifes del Sureste,IV,7868.14,DOM,18.24060,-68.58279
555629451,Arrecifes del Suroeste,IV,2685.96,DOM,17.71236,-71.36477
555629457,Baiguate,II,52.44,DOM,19.03605,-70.66812
555629459,El Cañón Río Gurabo,IV,30.14,DOM,19.47091,-71.18429
555629472,Francisco Alberto Caamaño Deñó,II,587.66,DOM,18.41591,-70.67033
555629474,Gran Estero,IV,149.98,DOM,19.33036,-69.73423
555629476,La Gran Sabana,II,219.41,DOM,18.39162,-71.38372
555629477,La Hispaniola,II,54.81,DOM,19.90578,-71.03915
555629478,La Salcedoa,IA,41.23,DOM,19.51823,-70.35485
555629479,Saltos de La Tinaja,III,29.46,DOM,19.54642,-70.66792
555629484,Loma Charco Azul,IB,174.00,DOM,18.35889,-71.66482
555629485,Luis Quin,II,197.35,DOM,18.48331,-70.38302
555629488,Máximo Gómez,II,42.31,DOM,18.39106,-70.26164
555629489,Picky Lora (Amina),II,112.24,DOM,19.43605,-71.02185
555629493,Punta Espada,II,82.12,DOM,18.37893,-68.51071
555629496,Salto de Socoa,III,68.35,DOM,18.93171,-69.70862
555629498,Saltos de la Jalda,II,36.46,DOM,18.95362,-69.20349
555629499,Santuario Marino del Norte,IV,249.71,DOM,19.90708,-71.24425
555632213,"Avaste LKA, Avaste soo skv.",IB,46.11,EST,58.68258,24.14997
555632215,"Avaste LKA, Kesu skv.",IB,36.41,EST,58.67729,24.30369
555632773,Innerer Oberspreewald,IV,54.62,DEU,51.88241,14.01014
555632776,Grumsiner Forst/Redernswalde,IV,58.47,DEU,53.00908,13.84898
555632794,"Wümmeniederung mit Rodau, Wiedau und Trochelbach",IV,28.95,DEU,53.15693,9.38034
555632837,Außenems,IV,120.28,DEU,53.37758,7.06797
555632891,"Naturschutzgebiet ""Warndt"" (N 6706-301)",IV,50.60,DEU,49.19983,6.78280
555632991,Neusiedler See - Seewinkel,II,48.86,AUT,47.76322,16.76987
555632992,Neusiedler See - Seewinkel,II,47.92,AUT,47.80360,16.90502
555633053,Venenevan luonnonsuojelualue,IB,114.33,FIN,64.44934,26.14346
555633073,Pomokairan luonnonsuojelualue,IB,479.43,FIN,67.95421,25.98030
555633075,Luiron soiden luonnonsuojelualue,IB,83.12,FIN,67.25534,27.54858
555633077,Joutsitunturin luonnonsuojelualue,IB,100.45,FIN,67.39606,29.13517
555633079,Rämiäjängän luonnonsuojelualue,IB,100.95,FIN,66.81216,28.94800
555633081,Sorsatunturin luonnonsuojelualue,IB,165.44,FIN,67.44272,29.62713
555633084,Vilmatunturin luonnonsuojelualue,IB,58.36,FIN,66.71813,28.46643
555633085,Vuotostunturin luonnonsuojelualue,IB,25.11,FIN,67.09715,28.33673
555633087,Koukkutunturin luonnonsuojelualue,IB,49.85,FIN,67.44628,28.84878
555633091,Vintilänkairan luonnonsuojelualue,IB,211.74,FIN,67.65025,28.05692
555633093,Ellitsan luonnonsuojelualue,IB,28.37,FIN,67.28530,27.10393
555633097,Koitelaisen luonnonsuojelualue,IB,496.94,FIN,67.76123,27.25269
555633109,Hossan kansallispuisto,II,110.97,FIN,65.49023,29.31731
555633195,Replotfjärden,IB,33.74,FIN,63.34406,21.48247
555634434,Nacionalni park Sar planina,II,228.10,SRB,42.18306,20.96696
555634437,Suboticka pescara,IV,53.90,SRB,46.15411,19.69084
555634443,Boletice,IV,83.45,CZE,48.85415,14.14592
555634461,Spomenik prirode Kanjon Cijevne,III,28.50,MNE,42.41593,19.42712
555634474,Żona fil-Baħar fl-inħawi tal-Majjistral tal-Graben ta’ Malta,IV,107.26,MLT,36.21106,13.83166
555634475,Żona fil-Baħar fl-inħawi tal-Punent tal-Graben ta’ Malta,IV,201.39,MLT,35.85712,13.91127
555635835,Iberá - Núcleo Cambyretá,II,234.82,ARG,-27.91897,-56.92845
555635837,Pulau Tinggi Marine Park,II,100.84,MYS,2.29941,104.11749
555635838,Pulau Tenggol Marine Park,II,69.21,MYS,4.80578,103.68193
555635839,Pulau Sembilang Marine Park,II,59.97,MYS,2.69159,103.88950
555635840,Pulau Babi Besar Marine Park,II,79.52,MYS,2.44260,103.98471
555635844,Faruhumpenai,IA,908.93,IDN,-2.38010,121.03397
555635846,Karimata,IA,1910.34,IDN,-1.58946,109.02559
555635853,Tanjung Sial,IA,48.17,IDN,-3.44028,127.94713
555635878,Bukit Barisan,II,398.20,IDN,3.18184,98.45229
555635894,Waigeo Barat Timur,IA,1057.57,IDN,-0.21266,130.75306
555635917,Bukit Barisan Selatan,IA,104.81,IDN,-5.80922,104.54811
555635922,Pesisir Timur Pulau Weh,IA,31.97,IDN,5.85444,95.35648
555635928,Monumento Natural Do Arquipélago De São Pedro E São Paulo,III,47199.92,BRA,-0.28363,-29.65833
555635929,Monumento Natural Das Ilhas De Trindade E Martim Vaz E Do Monte Colúmbia,III,67702.77,BRA,-20.33332,-30.05440
555635934,"P. Pinang, P. Siumat, dan P. Simanaha",IA,443.40,IDN,2.59785,96.27266
555635939,Santurbán Arboledas,II,218.62,COL,7.58819,-72.90182
555635941,Vista Hermosa de Monquentiva,II,134.57,COL,4.95411,-73.69250
555635966,Cortadera,II,165.04,COL,5.50537,-73.15976
555635967,Cerro Pintao - Serranía del Perijá,II,92.98,COL,10.51897,-72.87392
555635968,Páramo de las Oseras,II,375.34,COL,3.59075,-74.54483
555635993,Santurbán Mutiscua Pamplona,II,93.84,COL,7.34247,-72.79437
555635994,Corredor de las Alegrias,II,100.75,COL,6.47304,-75.99711
555636099,Anaime-Chilí,II,129.38,COL,4.23352,-75.53309
555636111,Páramo de Paja Blanca Territorio Sagrado del Pueblo de los Pastos,II,31.07,COL,0.97359,-77.59152
555636166,Páramo del Meridiano We`pe Wala,II,28.47,COL,3.30684,-76.00967
555636211,Bosques de Misiguay,II,28.04,COL,7.40123,-73.11083
555636231,Serranía del Perijá,II,231.99,COL,10.21322,-72.97246
555636412,Quebrada Honda,II,48.85,COL,4.28451,-73.70843
555636486,Refúgio De Vida Silvestre Tatu-Bola,III,1101.47,BRA,-8.70083,-40.29685
555636537,Estação Ecológica Serra Da Canoa,IA,76.01,BRA,-8.49007,-38.38681
555636544,Refugio De Vida Silvestre Do Chaua,III,44.33,BRA,-21.49426,-41.88223
555636555,Estação Ecológica Veredas De Taquarussu,IA,30.37,BRA,-22.62366,-53.33918
555636558,Refúgio De Vida Silvestre Riacho Pontal,III,48.20,BRA,-9.01840,-40.59700
555636560,Reserva Biológica Do Manicoré,IA,3591.44,BRA,-6.93167,-60.92224
555636565,Refúgio De Vida Silvestre Tabuleiro Do Embaubal,III,40.36,BRA,-2.69511,-52.00868
555636566,Parque Natural Municipal Do Pombo,II,80.33,BRA,-20.35734,-52.63826
555636587,Parque Estadual Da Serra Da Tiririca,II,34.34,BRA,-22.93937,-43.01530
555636591,Parque Natural Municipal Ribeirão Da Prata,II,31.43,BRA,-14.12435,-46.27132
555636592,Parque Nacional Dos Campos Ferruginosos,II,788.84,BRA,-6.27532,-50.08772
555636601,Refúgio De Vida Silvestre Municipal Das Serras De Maricá,III,89.55,BRA,-22.90465,-42.82539
555636617,Parque Estadual Serra Da Boa Esperança,II,58.82,BRA,-20.95400,-45.65864
555636626,Refúgio De Vida Silvestre Do Arquipélago De Alcatrazes,III,674.80,BRA,-24.13412,-45.65012
555636629,Parque Estadual Da Serra Da Esperança,II,69.44,BRA,-25.10788,-51.26093
555636636,Parque Nacional Do Acari,II,8964.29,BRA,-6.20491,-59.34414
555636660,Rio Negro Sopladora,II,657.90,ECU,-2.84675,-78.54670
555636684,Monumento Natural Municipal Serra Do Bom Jardim,III,60.47,BRA,-18.14189,-53.69176
555637323,Wadi Wurayah,II,224.28,ARE,25.41863,56.26238
555637329,Fernando de Noronha Archipelago,II,109.27,BRA,-3.85418,-32.41753
555637330,Rio Negro,IB,119481.40,BRA,-1.72390,-64.10629
555637331,Amazon Estuary and its Mangroves,II,38048.83,BRA,-0.14366,-46.77655
555637343,Complejo de Humedales Cuyabeno Lagartococha Yasuní,II,7701.82,ECU,-0.51055,-75.76675
555637344,Traslasierra,II,278.36,ARG,-30.97629,-65.58687
555637345,Aconquija,II,651.28,ARG,-27.30991,-65.88096
555637363,Langness MNR,IV,88.74,IMN,54.05278,-4.53144
555637368,Ramsey Bay MNR,IV,97.00,IMN,54.38159,-4.32844
555637370,West Coast MNR,IV,184.83,IMN,54.31516,-4.57357
555637390,Langness,IV,88.64,GBR,54.05278,-4.53144
555637397,West Coast,IV,184.65,GBR,54.31516,-4.57357
555637433,Gansu Yanchiwan Wetlands,IB,298.36,CHN,39.08824,95.86584
555637434,Heilongjiang Youhao Wetlands,IB,607.32,CHN,48.38895,128.36126
555637435,Hubei Wang Lake,IB,204.98,CHN,29.85207,115.33801
555637437,Inner Mongolia Grand Khingan Hanma Wetlands,IA,1074.32,CHN,51.58413,122.62991
555637438,Jilin Hani Wetlands,IA,35.71,CHN,42.21113,126.51997
555637440,Shandong Jining Nansi Lake,IV,508.02,CHN,34.90759,116.97438
555637441,Sichuan Changshagongma Wetlands,IA,6701.81,CHN,33.73667,98.01429
555637443,Tibet Selincuo Wetlands,IA,18916.29,CHN,31.17161,89.76385
555637475,"Tapuae O Uenuku ""Scenic""  Addition",III,30.78,NZL,-41.96877,173.60824
555637497,Hakatere Conservation Park (Proposed Addition),III,53.95,NZL,-43.43459,171.43645
555637498,Blue Mountain,III,27.45,NZL,-43.93178,171.04316
555637503,Maryburn,III,40.99,NZL,-44.18097,170.37473
555637522,Irishman Creek,III,26.07,NZL,-44.08641,170.32536
555637523,Ka Whata Tu o Rakihouia (Proposed Addition),III,27.05,NZL,-42.15050,173.80271
555637529,Mt Creighton,III,107.04,NZL,-44.96477,168.52863
555637586,Covenant - Tenure Review - Ben Nevis - Doolans Saddle towards Kawarau River,IV,29.10,NZL,-45.16146,168.97298
555637599,Tenure Review - Craigroy - Nevis Valley Landscape,IV,30.99,NZL,-45.19475,169.02365
555637610,"Covenant - Tenure Review - Omarama Station - St Cuthbert Range, Ewe Range and Cattle Creek Wetland and Rockland/Shrubland Area",IV,27.62,NZL,-44.55690,169.97227
555637614,Covenant - Tenure Review - Kawarau/Mt Difficulty - Protect Natural Landscape and Land above 900m,IV,33.88,NZL,-45.06641,169.08159
555637673,Takapaukura,III,29.40,NZL,-34.46855,172.95597
555637720,Algonquin Provincial Park (Natural Environment Class),II,2632.69,CAN,45.66376,-78.32615
555637721,ANCIENT FOREST/CHUN T'OH WHUDUJUT PARK,II,111.90,CAN,53.77217,-121.28169
555637725,Asi Keyi,II,2980.05,CAN,61.51550,-140.37662
555637734,Blanche River Conservation Reserve,II,55.66,CAN,47.69854,-79.63352
555637740,Butler Lake Provincial Park (Nature Reserve Class),IA,32.69,CAN,49.69602,-92.71754
555637746,Castle Provincial Park,II,223.77,CAN,49.44219,-114.40981
555637754,Cranberry Lake Provincial Park (Nature Reserve Class),IA,25.45,CAN,48.85806,-94.36337
555637757,Ddhaw Ghro,IV,1610.36,CAN,63.14891,-135.79745
555637759,Devil's Elbow,IV,75.22,CAN,63.42791,-136.43166
555637772,Fushimi Lake Provincial Park (Recreational Class),II,53.11,CAN,49.81000,-83.90349
555637783,Herschel Island - Qikiqtaruk,II,112.28,CAN,69.57724,-139.08503
555637786,Nuna K’óhonete Yédäk Tah’é (Horseshoe Slough),IV,76.99,CAN,63.42253,-135.06881
555637800,Kinwow Bay Provincial Park,IB,84.98,CAN,52.01147,-97.43393
555637802,Kusawa,II,3080.67,CAN,60.37704,-136.11489
555637806,Laverendrye Provincial Park (Waterway Class),II,168.02,CAN,48.14178,-90.29249
555637818,Lola Lake Provincial Park (Nature Reserve Class),IA,61.53,CAN,49.83545,-92.53614
555637820,Łútsäw Wetland,IV,32.24,CAN,62.70590,-136.69732
555637832,Ni'iinlii Njik (Fishing Branch),IV,140.94,CAN,66.46745,-139.20335
555637833,Ni'iinlii Njik (Fishing Branch),IB,5203.19,CAN,66.48043,-139.37060
555637841,Obatanga Provincial Park (Natural Environment Class),II,89.32,CAN,48.32298,-85.09205
555637844,Pakwash Provincial Park (Natural Environment Class),II,39.40,CAN,50.75136,-93.54308
555637887,Saguenay-St. Lawrence Marine Park,II,1246.84,CAN,48.01727,-69.99688
555637901,Silver Falls Provincial Park (Natural Environment Class),II,32.14,CAN,48.67662,-89.59631
555637902,Sleeping Giant Provincial Park (Natural Environment Class),II,243.89,CAN,48.43615,-88.80889
555637910,St. Labre Bog Ecological Reserve,IA,40.27,CAN,49.49371,-96.04223
555637911,St. Raphael Provincial Park (Waterway Class),II,905.39,CAN,50.70935,-90.86042
555637913,Steel River Provincial Park (Waterway Class),II,110.40,CAN,49.19325,-86.78331
555637929,Tombstone,II,2047.88,CAN,64.57290,-138.60585
555637934,Tsâwnjik Chu (Nordenskiold),IV,78.23,CAN,61.92303,-136.18119
555637936,Van Tat K'atr'anahtii (Old Crow Flats),IV,3948.94,CAN,67.94932,-139.95233
555637937,Van Tat K'atr'anahtii (Old Crow Flats),IV,533.48,CAN,67.91689,-139.71713
555637944,Whitefish Lakes Conservation Reserve,II,106.85,CAN,48.12240,-80.71409
555637945,Whitefish River Conservation Reserve,II,38.32,CAN,48.06003,-80.88455
555637946,Winnange Lake Provincial Park (Natural Environment Class),II,46.83,CAN,49.78583,-93.68226
555637961,Proposed Petite-Rivière-Croche Aquatic Reserve,II,163.81,CAN,47.83851,-72.65842
555637962,Proposed Lac-Wayagamac Biodiversity Reserve,II,130.91,CAN,47.37854,-72.57525
555637963,Proposed Buttes-et-Basses-Collines-du-Lac-Najoua Biodiversity Reserve,II,223.03,CAN,48.12188,-74.02723
555638022,Ulittaniujalik National Park (Québec),II,5293.87,CAN,57.77257,-65.20194
555638584,Hammeniederung,IV,28.53,DEU,53.22343,8.84728
555638665,Doggerbank,IV,1690.77,DEU,55.58845,4.16684
555638666,Sylter Außenriff - Östliche Deutsche Bucht,IV,5602.63,DEU,54.78347,7.24259
555638667,Borkum Riffgrund,IV,625.14,DEU,53.87067,6.41393
555638668,Fehmarnbelt,IV,279.94,DEU,54.55517,11.07080
555638669,Kadetrinne,IV,100.48,DEU,54.50195,12.25297
555638670,Pommersche Bucht - Rönnebank,IV,2092.06,DEU,54.46885,14.32441
555638671,Grünes Band Thüringen,III,65.05,DEU,50.92266,10.89941
555638694,Es Trenc-Salobrar de Campos,II,37.71,ESP,39.34263,2.96561
555638701,Lurë–Mali i Dejës,II,202.57,ALB,41.75200,20.18675
555638702,Zagori,IV,246.07,ALB,40.19706,20.21958
555638713,Teesmouth and Cleveland Coast,IV,29.66,GBR,54.64175,-1.15145
555638750,Mar Lodge Estate,II,293.39,GBR,57.00498,-3.61552
555638751,Glencoe,II,56.24,GBR,56.64934,-4.99170
555638753,Wildnisgebiet Sulzbachtäler,IB,67.46,AUT,47.14983,12.29233
555638801,2020325 Gäddsjömyran,IA,69.43,SWE,64.45659,16.54207
555638843,2047418 Vojmsjölandet,IB,58.49,SWE,64.98114,16.32622
555639140,2045831 Skarvsjömyrarna,IA,61.71,SWE,64.89770,17.13253
555639270,2001059 Pärlälvens fjällurskog,IB,1157.82,SWE,66.81724,17.98915
555639411,2048882 Sörvallen-Mellanåsen,IB,38.36,SWE,62.07851,13.10612
555639522,2040810 Temminki-Markkatieva,IB,163.37,SWE,67.87486,22.14205
555639726,2047424 Blaiken,IB,236.34,SWE,65.34620,16.97496
555639758,2043737 Kallfjärden,IB,159.88,SWE,65.31650,21.94868
555639837,Lofotodden,II,99.23,NOR,67.97417,12.95946
555639840,Hjerkinn,IV,45.81,NOR,62.23770,9.42440
555639882,Kvannskardkletten,IA,43.62,NOR,61.64877,10.79393
555639910,Bouvetøya (Antarctic),IB,2263.09,BVT,-54.42037,3.35687
555640715,Nationalpark Kalkalpen,II,186.36,AUT,47.76866,14.36096
555640803,Koitajoen luonnonsuojelualue,IB,35.31,FIN,62.93117,31.44374
555641020,Sallan kansallispuisto,II,100.06,FIN,66.78913,28.94800
555641241,Molpe,IB,34.44,FIN,62.90060,21.09073
555641448,Storskäret och Smf vattenområden,IB,31.38,FIN,63.09395,21.05549
555641546,U,IV,167.37,DNK,57.20465,10.69957
555641644,Pitons Du Carbet,IA,38.43,MTQ,14.72195,-61.09280
555641768,Area marina protetta Capotesta - Punta Falcone,IV,51.46,ITA,41.23681,9.18873
555641769,Parco Nazionale Isola di Pantelleria,II,66.34,ITA,36.78000,11.99157
555641770,Riserva Naturale Statale Tresero - Dosso del Vallon,IV,30.76,ITA,46.40713,10.50527
555641921,"Apollo meremadaliku LKA, Apollo skv.",IB,52.17,EST,59.22845,22.83716
555641947,"Pikknurme LKA, Pikknurme skv.",IV,27.17,EST,58.63955,26.23807
555642140,"Luusikametsa LKA, Luusikametsa skv.",IV,30.52,EST,58.96129,26.63216
555643411,Proposed Îles-du-Réservoir-Gouin Biodiversity Reserve,II,79.03,CAN,48.51567,-74.93174
555643517,Wilderness Area Sulzbachtäler,IB,67.46,AUT,47.14983,12.29233
555643562,Ciervo de los Pantanos,II,55.59,ARG,-34.23682,-58.85033
555643563,Patagonia,IB,391.41,ARG,-47.17825,-71.30247
555643564,Namuncurá - Banco Burdwood II,IA,19733.84,ARG,-55.18598,-59.37500
555643566,Yaganes,II,47173.02,ARG,-56.94404,-65.63334
555643567,Yaganes,IA,58234.86,ARG,-56.70220,-65.63334
555643715,Forêt des pins 1,II,67.77,HTI,18.30477,-71.77655
555643717,Forêt des pins 2,II,139.76,HTI,18.33838,-71.97597
555643718,Port Salut-Aquin,IV,875.10,HTI,18.14011,-73.62051
555643720,Les Matheux,III,206.37,HTI,18.94775,-72.51626
555643743,Pullen Pullen,IV,560.32,AUS,-23.39141,141.61034
555643744,Yawuru,IV,951.54,AUS,-18.05139,122.30993
555643750,Ngaynggarr,II,164.94,AUS,-15.14755,144.74156
555643751,Wuthathi (Shelburne Bay),II,372.66,AUS,-11.98436,143.00682
555643752,Bromley (Ampulin),II,403.46,AUS,-12.13589,142.97761
555643753,Bromley (Kungkaychi),II,106.81,AUS,-12.53574,142.96080
555643762,Kings Plains - Alkoomie,II,865.13,AUS,-15.58940,145.00040
555643811,Unnamed (No.HA1545),III,109.58,AUS,-29.48618,137.29494
555643835,Unnamed (No.HA1572),III,160.48,AUS,-31.51153,136.48049
555643836,Unnamed (No.HA1573),III,33.24,AUS,-29.98595,136.20027
555643861,Unnamed WA53015,IA,48.35,AUS,-19.40459,121.23165
555643870,trawtha makuminya,IV,68.36,AUS,-42.00786,146.42683
555645293,Unnamed WA47100,II,25.42,AUS,-33.25298,119.68138
555645302,Kujungurru Warrarn,IA,25.51,AUS,-19.77161,120.54179
555645307,Walyarta,II,2313.62,AUS,-19.83278,121.54628
555645473,Helen Reef Conservation Area,II,106.41,PLW,2.90245,131.76853
555645484,Koror Southern Lagoon,IV,796.77,PLW,7.26008,134.37421
555646866,Ngaremeduu Bay Network,IA,127.84,PLW,7.52239,134.45136
555647747,5-12-071,IV,27.26,NZL,-44.67697,169.85321
555647927,5-07-134,IV,43.41,NZL,-39.44163,176.22847
555650174,5-04-038,IV,65.91,NZL,-37.70668,177.89206
555650782,5-12-231,IV,217.35,NZL,-44.81847,168.76994
555650783,5-12-232,IV,66.67,NZL,-44.92523,168.90300
555650784,5-12-234,IV,73.26,NZL,-44.82433,168.85553
555650785,5-12-233,IV,161.08,NZL,-44.75587,168.91534
555651496,AMP Bamboung,II,70.02,SEN,13.80507,-16.53162
555651679,Ni'iinlii Njik (Fishing Branch),III,168.59,CAN,66.48518,-139.36962
555651680,National Gizilaghaj Park,IA,499.72,AZE,39.11533,49.00765
555651852,Honeycombs,IB,140.46,USA,43.41207,-117.27745
555651855,Inyo Mountains,IB,508.25,USA,36.74047,-117.90279
555651856,Ireteba Peaks,IB,41.81,USA,35.61065,-114.81463
555651860,Kanab Creek,IB,28.31,USA,36.51494,-112.61452
555651864,La Madre Mountain,IB,112.93,USA,36.21493,-115.46154
555651878,Mount Moriah,IB,35.57,USA,39.39073,-114.12370
555651879,Muddy Mountains,IB,180.58,USA,36.29742,-114.71035
555651881,Okefenokee National Wildlife Refuge.Wilderness Area,IB,1416.07,USA,30.80682,-82.33966
555651885,Powderhorn,IB,193.69,USA,38.14764,-107.15034
555651887,Rainbow Mountain,IB,81.71,USA,36.07907,-115.50172
555651897,Santa Rosa,IB,384.20,USA,33.52678,-116.28103
555651899,Snow Mountain,IB,244.93,USA,39.42205,-122.77545
555651901,South Fork Owyhee River,IB,31.63,USA,41.97013,-116.68037
555651907,Togiak,IB,9613.70,USA,59.69281,-160.34624
555651917,Wrangell-Saint Elias,IB,39199.06,USA,61.10416,-141.98274
555651928,High Peaks,IB,833.97,USA,44.13690,-74.09118
555651929,Lake George,IB,254.79,USA,43.57389,-73.67794
555651932,Abert Rim,IB,101.39,USA,42.59454,-120.17264
555651933,Sheep Mountain,IB,29.35,USA,44.91326,-116.88608
555651953,Slide Mountain,IB,205.09,USA,42.01902,-74.39311
555651993,Wild Rogue,IB,34.84,USA,42.75710,-123.87442
555651994,Bitter Creek,IB,246.25,USA,48.68300,-106.76293
555651996,Raymond Mountain,IB,137.98,USA,42.26424,-110.98102
555652014,Bighorn Mountain,IB,107.98,USA,34.27599,-116.62345
555652015,Domeland,IB,162.26,USA,35.83178,-118.15485
555652016,Granite Mountain,IB,138.85,USA,37.98792,-118.78661
555652017,Kiavah,IB,172.37,USA,35.62285,-118.10512
555652018,King Range,IB,174.88,USA,40.13485,-124.16918
555652019,White Mountains,IB,94.49,USA,37.56494,-118.01850
555652021,Yolla Bolly-Middle Eel,IB,35.03,USA,40.00152,-123.17598
555652022,Yuki,IB,73.03,USA,39.66624,-123.08281
555652205,Guadalupe Mountains,IB,185.46,USA,31.91761,-104.84726
555652206,Little Jacks Creek,IB,222.32,USA,42.68624,-116.18918
555652207,Red Mountain,IB,75.59,USA,37.23430,-113.70567
555652260,Malheur National Wildlife Refu,IB,126.10,USA,43.23553,-119.13128
555652261,Big Jacks Creek,IB,228.85,USA,42.60046,-116.08957
555652264,Canaan Mountain,IB,179.88,USA,37.07085,-113.00270
555652267,Crater Mountain,IB,31.08,USA,37.10822,-118.30786
555652268,Great Falls Basin,IB,32.28,USA,35.85156,-117.39235
555652272,Owyhee River,IB,1096.88,USA,42.20194,-116.67832
555652275,Adobe Badlands,IB,41.79,USA,38.82079,-108.10999
555652294,Farm Service Agency Interest Of Ms,IV,43.07,USA,32.72562,-89.89906
555652787,Bull Gulch,IB,39.41,USA,39.81416,-106.93296
555652820,Cow Creek,IB,93.80,USA,47.85215,-108.88770
555652912,Independence Creek,IB,26.23,USA,36.67429,-118.18486
555655550,Alger Great Lakes State Bottomland Preserve,IV,342.65,USA,46.56601,-86.46418
555655554,Bayou Savage National Wildlife Refuge,IV,103.35,USA,30.08259,-89.85051
555655556,Big Bend Seagrasses Aquatic Preserve,IV,2754.83,USA,29.62479,-83.50186
555655558,Biscayne Bay-Card Sound Spiny Lobster Sanctuary,IV,507.78,USA,25.47985,-80.27224
555655559,Biscayne Bay Aquatic Preserve,IV,278.66,USA,25.60332,-80.24659
555655561,Boca Ciega Bay Aquatic Preserve,IV,74.27,USA,27.74722,-82.76346
555655573,Cape Falcon Marine Reserve,IA,32.04,USA,45.76667,-123.98558
555655579,Cape Perpetua Marine Reserve,IA,36.47,USA,44.25417,-124.14627
555655580,Cape Perpetua North Marine Protected Area,IV,29.32,USA,44.30833,-124.13783
555655581,Cape Perpetua Seabird Protection Area Marine Protected Area,IV,57.60,USA,44.16042,-124.16350
555655585,Cascade Head Marine Reserve,IA,25.09,USA,45.01042,-124.04183
555655586,Cascade Head North Marine Protected Area,IV,31.55,USA,45.05833,-124.04500
555655599,Detour Passage Great Lakes State Bottomland Preserve,IV,35.40,USA,45.99032,-83.88747
555655607,Footprint (Anacapa Channel) Federal Marine Reserve,IA,55.28,USA,33.94265,-119.47480
555655618,Gull Island (Santa Cruz Island) Federal Marine Reserve,IA,37.55,USA,33.89274,-119.84166
555655622,Harris Point (San Miguel Island) Federal Marine Reserve,IA,61.17,USA,34.15517,-120.34750
555655639,Lewis and Clark National Wildlife Refuge,IV,53.32,USA,46.21851,-123.61051
555655644,Manitou Passage Great Lakes State Bottomland Preserve,IV,729.70,USA,44.95126,-86.02696
555655645,Marquette Great Lakes State Bottomland Preserve,IV,453.18,USA,46.73158,-87.58083
555655648,McFaddin National Wildlife Refuge,IV,238.66,USA,29.66667,-94.21264
555655661,Northeast Canyons and Seamounts Marine National Monument,IV,12706.36,USA,39.73284,-67.10564
555655673,Petit Manan National Wildlife Refuge,IA,26.16,USA,43.79217,-68.98759
555655683,Richardson Rock (San Miguel Island) Federal Marine Reserve,IA,82.79,USA,34.10509,-120.53742
555655689,Sanilac Shores Great Lakes State Underwater Preserve,IV,433.50,USA,43.43720,-82.49867
555655690,Santa Barbara Island Federal Marine Reserve,IA,113.90,USA,33.41910,-118.97275
555655703,Steller Sea Lion Rookery Buffer Areas Buffer,IA,3391.12,USA,55.33046,0.38722
555655707,Thumb Area Great Lakes State Bottomland Preserve,IV,690.80,USA,43.95803,-82.74512
555655714,Whitefish Point Great Lakes State Bottomland Preserve,IV,992.50,USA,46.74228,-85.04283
555655821,Indiana Dunes,II,44.34,USA,41.61233,-87.14072
555655845,Acadia,II,152.93,USA,44.21640,-68.34548
555655847,Biscayne,II,697.81,USA,25.48127,-80.21830
555655848,Channel Islands,II,280.19,USA,33.85625,-119.63911
555655850,Dry Tortugas,II,251.95,USA,24.64571,-82.36170
555655851,Everglades,II,6201.45,USA,25.37457,-80.95466
555655853,Glacier Bay,II,13286.55,USA,58.82108,-136.95152
555655854,Isle Royale,II,2072.23,USA,47.69292,-88.83767
555655855,Olympic,II,3683.76,USA,47.92630,-123.94596
555655856,Redwood,II,315.55,USA,41.44649,-124.00185
555655857,Sequoia,II,1645.70,USA,36.49609,-118.57717
555655870,Virgin Islands,II,53.23,VIR,18.33690,-64.80838
555655904,Alaska Maritime,IV,18432.61,USA,60.63224,0.31253
555655906,Alligator River,IV,617.77,USA,35.77246,-75.91428
555655908,Anahuac,IV,150.85,USA,29.59918,-94.47668
555655910,Aransas,IV,471.62,USA,28.29387,-96.68991
555655913,Arctic,IV,79468.31,USA,68.45641,-145.19389
555655916,Back Bay,IV,35.06,USA,36.68631,-75.95683
555655917,Baker Island,IV,1674.23,UMI,0.19580,-176.47807
555655924,Blackwater,IV,135.37,USA,38.84803,-76.00843
555655928,Bombay Hook,IV,62.19,USA,39.24658,-75.45947
555655929,Bon Secour,IV,29.30,USA,30.25380,-87.93119
555655932,Brazoria,IV,190.32,USA,29.09109,-95.23370
555655933,Breton,IV,48.94,USA,29.75676,-89.02053
555655940,Cape May,IV,51.24,USA,39.10352,-74.80378
555655943,Cape Romain,IV,143.56,USA,32.99308,-79.50213
555655945,Cedar Island,IV,57.98,USA,34.96148,-76.34277
555655949,Chassahowitzka,IV,114.44,USA,28.69081,-82.64265
555655950,Chincoteague,IV,49.50,USA,37.84871,-75.42395
555655954,Crocodile Lake,IV,26.72,USA,25.26294,-80.32816
555655960,Currituck,IV,31.82,USA,36.46404,-75.87505
555655964,Don Edwards San Francisco Bay,IV,101.18,USA,37.53927,-122.09432
555655973,Edwin B. Forsythe,IV,179.22,USA,39.74299,-74.27083
555655979,Ernest F. Hollings Ace Basin,IV,48.83,USA,32.65781,-80.59331
555655985,Grand Bay,IV,42.06,USA,30.41266,-88.42201
555655992,Great White Heron,IV,834.54,USA,24.70033,-81.47666
555656005,Howland Island,IV,1710.52,UMI,0.80732,-176.61757
555656013,Jarvis Island,IV,1760.02,UMI,-0.37209,-159.99905
555656019,Key West,IV,863.66,USA,24.55698,-81.99179
555656022,Laguna Atascosa,IV,385.91,USA,26.29049,-97.30559
555656028,Lewis And Clark,IV,53.30,USA,46.21851,-123.61051
555656029,Loess Bluffs,IV,30.12,USA,40.08762,-95.25094
555656032,Lower Rio Grande Valley,IV,390.64,USA,26.21862,-98.13877
555656035,Lower Suwannee,IV,210.18,USA,29.31553,-83.11928
555656036,Mackay Island,IV,35.29,USA,36.52485,-75.96428
555656038,Mariana Arc Of Fire,IV,189.03,MNP,17.32750,144.65446
555656039,Mariana Trench,IV,204741.00,MNP,17.42570,145.52291
555656048,Midway Atoll,IV,2351.97,USA,28.23564,-177.36903
555656049,Mississippi Sandhill Crane,IV,76.98,USA,30.44651,-88.72291
555656052,Monomoy,IV,32.17,USA,41.60169,-69.99501
555656053,Moosehorn,IV,118.92,USA,44.96319,-67.25551
555656057,Navassa Island,IV,1473.66,UMI,18.40178,-75.01682
555656073,Ottawa,IV,28.23,USA,41.57378,-83.08136
555656074,Ouachita,IV,586.07,USA,34.76470,-93.71259
555656092,Prime Hook,IV,37.38,USA,38.85767,-75.25271
555656108,Sabine,IV,518.37,USA,29.91314,-93.50851
555656111,Sacramento River,IV,41.85,USA,39.75787,-122.05402
555656115,San Bernard,IV,256.64,USA,29.09761,-95.57094
555656126,San Pablo Bay,IV,64.29,USA,38.16441,-122.39170
555656142,St. Marks,IV,339.54,USA,30.08549,-84.23843
555656145,St. Vincent,IV,49.30,USA,29.67767,-85.18160
555656167,Swanquarter,IV,67.35,USA,35.38354,-76.30312
555656169,Ten Thousand Islands,IV,137.17,USA,25.89659,-81.57456
555656170,Texas Point,IV,33.74,USA,29.70394,-93.90094
555656177,Upper Mississippi River National,IV,50.47,USA,42.01004,-90.37707
555656181,Vieques,IV,70.82,PRI,18.12165,-65.42253
555656182,Wake Atoll,IV,2014.46,UMI,19.29687,166.62626
555656185,Wassaw,IV,41.39,USA,31.89356,-80.99491
555656197,Willapa,IV,67.25,USA,46.49660,-123.98720
555656200,Yukon Delta,IV,84643.40,USA,61.56045,-163.49463
555661571,Glacier Proposed or Recom,IB,3768.56,USA,48.61827,-113.85955
555661572,Yellowstone Proposed or Recom,IB,7951.98,USA,44.62077,-110.48941
555661627,National Key Deer,IV,52.83,USA,24.72151,-81.40311
555661636,Upper Mississippi River National Wildlife and Fish,IV,250.16,USA,42.59096,-90.70870
555661638,Upper Mississippi River National Wildlife and Fish Refuge - McGregor District,IV,30.50,USA,43.05789,-90.94022
555661667,Limestone Inlet,IA,36.06,USA,58.04347,-133.91360
555661669,Little Granite,IA,27.25,USA,45.32589,-116.60237
555661676,O'Hara Creek,IA,28.57,USA,45.98675,-115.51797
555661680,Saddle Mountain National Wildlife Refu,IA,298.80,USA,46.47161,-119.60763
555661684,Warm Pass,IA,33.84,USA,59.57461,-135.09030
555662104,Charles E. Baker,IB,32.17,USA,42.75751,-75.39411
555662121,Danby,IB,30.01,USA,42.30095,-76.45543
555662122,Deer River,IB,46.07,USA,44.73178,-74.44345
555662135,Frank E. Jadwin Memorial,IB,36.00,USA,44.06114,-75.36079
555662151,Hemlock Canadice,IB,26.84,USA,42.71695,-77.59377
555662170,Lesser Wilderness,IB,29.77,USA,43.64365,-75.52189
555662211,Pharsalia Woods,IB,25.07,USA,42.58941,-75.71721
555662245,Sugar Hill,IB,36.82,USA,42.36410,-77.01157
555662261,Tug Hill,IB,38.58,USA,43.79088,-75.86550
555662272,Winona,IB,37.41,USA,43.70116,-75.97626
555662692,Essex Chain Lakes Complex,IB,73.31,USA,43.89368,-74.19871
555665340,Cranberry Lake,IB,104.81,USA,44.19531,-74.82427
555665342,Moose River Plains,IB,269.68,USA,43.73188,-74.65815
555665348,Alta Toquima,IB,143.99,USA,38.79591,-116.91400
555665354,Cecil D. Andrus-White Clouds,IB,367.34,USA,44.12397,-114.63078
555665355,Coronation Island,IB,77.37,USA,55.90555,-134.23398
555665356,Cummins Creek,IB,36.53,USA,44.25045,-124.04370
555665359,Dix Mountain,IB,181.29,USA,44.05067,-73.77583
555665360,Eagle Cap,IB,1441.65,USA,45.25550,-117.37678
555665365,Giant Mountain,IB,95.83,USA,44.15737,-73.69886
555665366,Hemingway-Boulders,IB,275.26,USA,43.92173,-114.49962
555665367,Hurricane Creek,IB,62.05,USA,35.73293,-93.18829
555665369,Jim Mcclure-Jerry Peak,IB,383.78,USA,44.02808,-114.25317
555665370,Kuiu,IB,243.61,USA,56.29498,-134.06944
555665371,Little Moose,IB,49.75,USA,43.67432,-74.60372
555665373,Mount Olympus,IB,61.88,USA,40.66186,-111.72243
555665376,Daniel J. Evans,IB,3508.88,USA,47.87340,-123.93337
555665377,Petersburg Creek-Duncan Salt Chuck,IB,189.22,USA,56.84031,-133.17892
555665378,Pharaoh Lake,IB,187.10,USA,43.81029,-73.62964
555665379,Pleasant/Lemusurier/Inian Islands,IB,93.64,USA,58.30714,-135.97107
555665380,Richland Creek,IB,47.24,USA,35.80155,-92.97335
555665381,Round Lake,IB,46.19,USA,44.09040,-74.62580
555665383,Sentinel Range,IB,97.28,USA,44.28633,-73.85476
555665384,Sheep Mountain,IB,175.37,USA,34.30320,-117.71128
555665387,South Baranof,IB,1278.13,USA,56.68457,-134.98053
555665388,South Etolin,IB,337.62,USA,56.00206,-132.30263
555665389,South Prince Of Wales,IB,351.38,USA,54.91175,-132.33553
555665390,Stikine-Leconte,IB,1772.81,USA,56.79999,-132.30391
555665391,Superstition,IB,648.18,USA,33.49199,-111.25651
555665393,Warren Island,IB,46.78,USA,55.89176,-133.89385
555665394,Wenaha-Tucannon,IB,264.32,USA,45.93127,-117.75084
555665395,Wenaha-Tucannon,IB,451.10,USA,46.10119,-117.68207
555665396,West Canada Lake,IB,706.14,USA,43.58477,-74.60947
555665399,White Mountains,IB,933.19,USA,37.67063,-118.17621
555665402,Bruneau-Jarbidge Rivers,IB,384.00,USA,42.39875,-115.60520
555665405,Chuckwalla Mountains,IB,411.16,USA,33.59136,-115.33215
555665410,Jim Mcclure-Jerry Peak,IB,486.03,USA,44.04945,-114.25316
555665418,Red Rock Lakes National Wildlife Refuge_Wilderness Area,IB,133.27,USA,44.62846,-111.77484
555665421,Swanquarter National Wildlife Refuge.Wilderness Area,IB,36.10,USA,35.35348,-76.30312
555665422,Tabeguache,IB,32.64,USA,38.35430,-108.55763
555665451,Baker Island National Wildlife Refu,IB,127.55,UMI,0.19669,-176.47798
555665461,Cabezon,IB,33.03,USA,35.59052,-107.07829
555665464,Devils Garden Lava Bed,IB,113.16,USA,43.46758,-120.91616
555665468,Guano Creek,IB,42.71,USA,42.26927,-119.57539
555665469,Hakalau Forest National Wildlife Refu,IB,79.82,USA,19.84514,-155.25984
555665471,Howland Island National Wildlife Refu,IB,138.99,UMI,0.80934,-176.61949
555665473,Inholding,IB,276.90,USA,38.36001,-111.55186
555665474,Jarvis Island National Wildlife Refu,IB,151.78,UMI,-0.37469,-159.99734
555665477,Kingman Reef National Wildlife Refu,IB,1968.31,UMI,6.40558,-162.36209
555665481,North Fork,IB,46.10,USA,44.21253,-120.14897
555665482,Oahu Forest National Wildlife Refu,IB,27.34,USA,21.48811,-157.93023
555665485,Palmyra Atoll National Wildlife Refu,IB,2151.92,UMI,5.88177,-162.07767
555665487,Pryor Mountain,IB,53.29,USA,45.07339,-108.32780
555665490,San Luis Hills,IB,43.53,USA,37.12694,-105.82858
555665495,Sleeping Giant,IB,26.44,USA,46.93038,-111.97931
555665496,Slinkard,IB,25.50,USA,38.61996,-119.60985
555665497,South Fork,IB,82.27,USA,43.96737,-120.04662
555665500,Turtle Canyon,IB,131.22,USA,39.38823,-110.21575
555665501,Upper Grape Creek,IB,38.37,USA,38.29031,-105.37030
555669974,Northwestern Hawaiian Islands Marine Refuge,IA,2025.33,USA,25.73434,-170.12481
555669978,Round Island No Entry Zone,IA,140.82,USA,58.60537,-159.97526
555669989,Western Sambo Ecological Reserve,IA,30.75,USA,24.51833,-81.70417
555670053,Voyageurs,II,526.68,USA,48.46377,-92.83084
555670057,New River Gorge National Park,II,214.04,USA,37.89988,-80.99695
555670074,Farm Service Agency Interest Of Mn,IV,97.31,USA,46.19892,-94.30074
555670075,Farm Service Agency Interest Of Mo,IV,38.05,USA,38.55596,-92.45240
555670101,Petit Manan,IV,30.75,USA,43.95167,-68.82558
555670105,Rappahannock River Valley,IV,30.83,USA,38.01271,-76.91575
555670118,Togiak,IV,136.31,USA,58.65945,-161.90728
555671411,Hell Canyon,IA,68.05,USA,40.13878,-105.74615
555671415,Kettle Lakes,IA,25.70,USA,40.88097,-106.60139
555671419,Mad Creek,IA,49.16,USA,40.61268,-106.76240
555671425,Pennock Creek,IA,25.82,USA,40.52864,-105.55733
555671426,Raider Basin,IA,25.02,USA,41.34207,-120.16955
555671664,Pinchot,IB,26.61,USA,41.30769,-75.74716
555671918,Devils Staircase,IB,123.51,USA,43.71627,-123.91113
555671920,Upper Bald River,IB,36.57,USA,35.26469,-84.16669
555671921,Aleutian Islands World War Ii National Monument - Kiska Area 4,III,5335.98,USA,53.33737,0.31253
555671922,Big Wild Horse Mesa,IB,81.54,USA,38.54146,-110.69810
555671923,Broad Canyon,IB,64.62,USA,32.50546,-107.10108
555671924,Buzzards Peak,IB,49.90,USA,33.19424,-114.83706
555671925,Cerro Del Yuta,IB,54.36,USA,36.92908,-105.68688
555671926,Cinder Cone,IB,74.17,USA,31.98688,-107.22305
555671927,Cold Wash,IB,50.39,USA,38.92185,-110.84452
555671928,Eagle Canyon,IB,61.06,USA,38.92261,-110.89347
555671929,East Potrillo Mountains,IB,53.96,USA,31.89405,-107.03055
555671930,Horse Valley,IB,58.97,USA,38.63640,-110.87376
555671931,Labyrinth Canyon,IB,243.41,USA,38.62986,-110.09608
555671932,Little Ocean Draw,IB,92.72,USA,38.68997,-110.79669
555671933,Little Wild Horse Canyon,IB,25.25,USA,38.64203,-110.82338
555671934,Lower Last Chance,IB,87.54,USA,38.53686,-111.17889
555671935,Middle Wild Horse Mesa,IB,70.98,USA,38.53530,-110.84073
555671936,Milpitas Wash,IB,71.92,USA,33.28179,-114.86218
555671937,Red's Canyon,IB,78.68,USA,38.71773,-110.90553
555671939,Whitethorn,IB,42.13,USA,32.02884,-107.31312
555672146,Florida Keys Areas to be Avoided Natural Reserve,IV,5345.39,USA,25.06083,-81.52292
555672149,Hawaiian Islands National Wildlife Refuge,IA,1036.51,USA,25.50868,-168.95212
555672153,Savannah National Wildlife Refuge,IV,128.00,USA,32.50143,-81.29031
555672157,Tortugas Ecological Reserve,IA,469.78,USA,24.53336,-82.97500
555672158,Tortugas North Ecological Reserve,IA,282.56,USA,24.70836,-82.95000
555672159,Tortugas South Ecological Reserve,IA,187.22,USA,24.42500,-83.11667
555672180,Northeast Canyons And Seamounts Marine,IV,12701.62,USA,39.73284,-67.10563
555672194,Petrified Forest,II,599.89,USA,34.97482,-109.77264
555672203,Bogue Chitto National Wildlife Refuge.Wilderness Study Area,IB,37.70,USA,30.51195,-89.79307
555672204,Hawaiian Islands,IV,1036.46,USA,25.50860,-168.95171
555672205,Hawaiian Islands National Wildlife Refu,IA,433.14,USA,24.56372,-167.94284
555672207,Lewis And Clark National Wildlife Refu,IB,51.54,USA,46.21851,-123.59455
555672312,Forrester Island,IV,111.70,USA,54.79540,-133.57758
555672314,Tuxedni,IV,62.81,USA,60.14077,-152.60016
555672316,Bowen Gulch,IA,39.11,USA,40.33256,-105.91159
555672318,Silver Creek,IA,49.97,USA,40.20048,-106.67756
555672444,Nelson Mountain,IB,30.11,USA,39.02603,-111.22888
555672445,Sleeping Bear Dunes,IB,128.49,USA,44.92944,-86.00402
555672446,Beaver Dam (North),IB,49.35,USA,36.99652,-113.76554
555672447,Desolation Canyon,IB,648.43,USA,39.26484,-110.16289
555672448,Organ Mountains,IB,80.26,USA,32.31768,-106.56456
555672449,Potrillo Mountains,IB,478.87,USA,31.98850,-107.18029
555672450,Squaw Papoose Canyon,IB,45.47,USA,37.57893,-109.04808
555672667,Dry Tortugas Research Natural Area,IA,119.97,USA,24.66299,-82.90825
555672697,Papahanaumokuakea Marine National Monument Particularly Sensitive Sea Area National Monument,IA,362217.44,USA,25.73978,-170.14582
555678720,Steller Sealion Protection Area - No Transit Area No Access Fishery Management Area,IA,3294.08,USA,55.33046,0.38722
555679194,Denali,II,18942.27,USA,63.23165,-150.60294
555679195,Hawai'i Volcanoes,II,1455.20,USA,19.30291,-155.40734
555681933,Redonda Ecosystem Reserve,IA,299.24,ATG,16.97481,-62.34257
555682072,Refúgio De Vida Silvestre Estadual Do Médio Paraíba,III,111.37,BRA,-22.31908,-43.86202
555682081,Parque Estadual Marinho Banco Do Tarol,II,341.88,BRA,-0.91665,-44.66671
555682093,Reserva Particular Do Patrimônio Natural Estadual Complexo Serra Da Farofa,IV,52.55,BRA,-27.95484,-49.79471
555682101,Refúgio De Vida Silvestre Matas De Água Azul,III,46.48,BRA,-7.60571,-35.37360
555682103,Parque Estadual De Botumirim,II,352.88,BRA,-17.02121,-43.06368
555682109,Reserva Biológica Serra Azul,IA,38.43,BRA,-15.28692,-43.92730
555682128,Parque Estadual Serra Negra Da Mantiqueira,II,42.06,BRA,-21.95670,-43.85836
555682151,Parque Natural Municipal De Naviraí,II,162.22,BRA,-23.09889,-53.73172
555682190,Refúgio De Vida Silvestre Banhado Do Maçarico,III,62.55,BRA,-32.28685,-52.39861
555682217,Parque Estadual De Itapuã,II,60.22,BRA,-30.38239,-51.00185
555682226,Parque Estadual Do Delta Do Jacuí,II,141.82,BRA,-29.97963,-51.34335
555682261,Refúgio De Vida Silvestre Estadual Da Serra Da Estrela,III,48.11,BRA,-22.57174,-43.22016
555682264,Parque Nacional Do Boqueirão Da Onça,II,3469.03,BRA,-10.04245,-41.48074
555682270,Refúgio De Vida Silvestre De Itapema,III,26.01,BRA,-27.09779,-48.64289
555682271,Parque Estadual Do Camaquã,II,107.28,BRA,-31.25250,-51.74517
555682299,Refúgio De Vida Silvestre Da Ararinha Azul,III,292.34,BRA,-9.18837,-39.79650
555682306,Monumento Natural Estadual Da Serra Da Beleza,III,54.77,BRA,-22.30808,-44.05035
555682324,Parque Estadual Marinho Banco Do Álvaro,II,451.33,BRA,-0.31664,-44.82504
555682346,Parque Estadual Biribiri,II,170.03,BRA,-18.13562,-43.58142
555682350,Arie Zona De Vida Silvestre Da Apa Da Ilha Comprida,IV,125.87,BRA,-24.89289,-47.74104
555682453,Parque Estadual Do Tainhas,II,66.59,BRA,-29.07732,-50.37626
555682487,Reserva Particular Do Patrimônio Natural Caetezal,IV,45.81,BRA,-26.15931,-49.06554
555682555,Reserva Particular Do Patrimônio Natural Fazenda Acurizal E Fazenda Penha,IV,255.75,BRA,-17.90493,-57.52936
555682557,Reserva Particular Do Patrimônio Natural Iguaçu I,IV,51.71,BRA,-25.44561,-52.69407
555682680,Reserva Particular Do Patrimônio Natural Paculândia,IV,91.28,BRA,-19.44557,-57.26412
555682698,Reserva Particular Do Patrimônio Natural Fazenda Vereda Grande,IV,31.31,BRA,-18.19576,-46.52658
555682751,Reserva Particular Do Patrimônio Natural Fazenda Almas,IV,34.48,BRA,-7.48285,-36.90334
555682763,Reserva Particular Do Patrimônio Natural Jubran,IV,362.31,BRA,-16.78372,-57.51102
555682780,Reserva Particular Do Patrimônio Natural Fazenda Santa Helena,IV,41.83,BRA,-19.31397,-57.21480
555682818,Reserva Particular Do Patrimônio Natural Fazenda Campo Alegre,IV,74.46,BRA,-14.24494,-47.81218
555682882,Reserva Biológica De Duas Bocas,IA,30.15,BRA,-20.27190,-40.50253
555682883,Parque Estadual De Mirador,II,5012.04,BRA,-6.55959,-45.31829
555682885,Refúgio Estadual De Vida Silvestre Rio Pandeiros,III,61.07,BRA,-15.60043,-44.66734
555682900,Parque Estadual Das Lauráceas,II,290.69,BRA,-24.84833,-48.63907
555682912,Parque Estadual Serra Da Baitaca,II,30.08,BRA,-25.42115,-49.00420
555682914,Parque Estadual Da Pedra Branca,II,123.96,BRA,-22.97948,-43.47818
555682915,Parque Estadual Dos Três Picos,II,650.80,BRA,-22.43569,-42.65243
555682955,Área De Relevante Interesse Ecológico Do Morro Ferrabraz,IV,59.30,BRA,-29.57988,-50.99784
555682967,Reserva Particular Do Patrimônio Natural Santuário Caraça,IV,101.90,BRA,-20.09138,-43.52885
555682969,Reserva Particular Do Patrimônio Natural Serra Das Almas,IV,58.43,BRA,-5.13897,-40.89771
555682970,Monumento Natural Municipal Da Lagoa Do Peri,III,42.72,BRA,-27.76378,-48.53831
555682982,N'Zi River Lodge Voluntary Nature Reserve,II,240.34,CIV,7.87497,-4.76192
555690824,Æ,IV,57.08,DNK,57.10675,11.61399
555690826,Å,IV,76.92,DNK,56.52715,12.04667
555690827,L,IV,269.99,DNK,56.10530,11.42328
555690833,Rtanj,IV,54.16,SRB,43.76042,21.88281
555690892,"Nördliches und Mittleres Wietingsmoor, Freistätter Moor und Sprekelsmeer",IV,27.97,DEU,52.68631,8.64667
555690907,Niedersächsischer Mündungstrichter der Elbe,IV,84.56,DEU,53.87010,8.98137
555690908,Elbe und Inseln,IV,76.74,DEU,53.70295,9.39829
555690939,Mittelelbe zwischen Mulde und Saale,IV,85.04,DEU,51.89452,12.03617
555691070,Látrabjarg,IV,37.34,ISL,65.49586,-24.46248
555691077,Drangar,IB,104.94,ISL,66.17649,-21.92457
555691350,Korsnäs bys samfällighet,IB,27.71,FIN,62.85042,21.08525
555691646,Albert Field,IV,191.85,GBR,50.46222,-1.82044
555691648,Beachy Head East,IV,194.92,GBR,50.78593,0.40643
555691649,Bembridge,IV,75.01,GBR,50.66317,-1.07144
555691650,Berwick to St Mary's,IV,634.04,GBR,55.42651,-1.69317
555691655,Foreland,IV,243.05,GBR,51.14418,1.64674
555691656,Goodwin Sands,IV,276.94,GBR,51.24299,1.60157
555691658,Morte Platform,IV,25.47,GBR,51.23085,-4.30399
555691659,North West of Lundy,IV,173.05,GBR,51.29867,-4.87434
555691661,Purbeck Coast,IV,282.49,GBR,50.57630,-2.11291
555691664,Solway Firth,IV,44.25,GBR,54.91453,-3.17943
555691669,Wyre-Lune,IV,92.27,GBR,53.95652,-2.93145
555691675,Medway Estuary - Zone 1,IV,59.95,GBR,51.41919,0.62779
555695912,"Fortune-Schooner Ansi (Core Area, Crown Land Portion)",IB,25.84,CAN,45.10531,-76.98399
555695916,Lobstick Lake,IB,986.74,CAN,53.69674,-102.28772
555695918,Lower Foster Lake,IB,231.95,CAN,56.46008,-105.43830
555695919,Nisbet South,IB,80.86,CAN,52.93375,-106.13835
555695921,Birch River Wildland Provincial Park,IB,3319.57,CAN,57.74082,-113.20563
555695922,Kitaskino Nuwenëné Wildland,IB,1617.53,CAN,57.90412,-111.61789
555695927,Edéhzhíe Protected Area,IB,14222.11,CAN,62.17137,-120.14599
555695939,Minesing Wetlands Conservation Area,IV,43.11,CAN,44.38391,-79.85278
555697518,Nilo,IB,58.81,TZA,-4.92252,38.65894
555697527,Amani,IB,83.48,TZA,-5.15663,38.61204
555697534,Red Deer Wildlife Management Area,II,899.73,CAN,53.13099,-101.18688
555697537,Omoa,II,138.76,HND,15.63635,-88.18535
555697538,Cuyamel,IV,107.98,HND,15.70476,-88.18599
555697546,Sugud Island Marine Conservation Area,II,454.56,MYS,6.55378,117.81377
555697572,Ha.Bileidhoo Thila Sarahahdhu,IV,43.35,MDV,7.08291,72.82798
555697604,Lata,II,49.61,WSM,-13.71504,-172.52181
555697605,Mauga o Salafai,II,59.51,WSM,-13.67251,-172.32371
555697606,Miravalles-Jorge Manuel Dengo,II,42.33,CRI,10.73327,-85.13123
555697609,La Selva,IV,25.12,CRI,10.36185,-84.03925
555697757,Volcán Azufral Chaitan,II,75.27,COL,1.09773,-77.71450
555697776,Miraflores Picachos,II,1065.11,COL,2.36489,-75.20727
555697791,Bosque de Los Guayupes,II,182.18,COL,4.03748,-73.92205
555697799,Páramo de las Ovejas-Tauso,II,150.01,COL,1.00400,-77.30093
555697834,El Dorado,II,285.33,COL,2.14865,-76.22415
555697863,Salonga,II,33368.15,COD,-2.16803,21.38547
555697870,Niger Source,IV,2464.81,GIN,9.34183,-10.62615
555697891,Analavelona,III,44.20,MDG,-22.66795,44.17114
555697917,Marolambo,II,950.85,MDG,-20.17890,47.76046
555697918,Nosy Hara,II,1258.39,MDG,-12.24954,48.93208
555697977,"Tost, Toson bumbiin nuruu",IV,8944.17,MNG,43.17242,100.28472
555697978,Noyon uul,IV,111.94,MNG,48.68673,106.54639
555697979,Tesiin gol Bulnain nuruu,II,3678.24,MNG,49.12597,98.32431
555697980,Ikh gazriin chuluu,II,1759.06,MNG,45.56064,107.24435
555698082,Cotacachi Cayapas,II,2607.36,ECU,0.59574,-78.63706
555698157,Reserve Naturelle de Cap Lindles,IA,59.00,DZA,35.73560,-0.93660
555698159,Babor-Tababort,II,234.72,DZA,36.53201,5.45534
555698167,Magoe,II,3559.69,MOZ,-15.92571,31.74444
555698168,Ponta do Ouro,IV,698.20,MOZ,-26.39375,32.86875
555698170,Pomene,IV,50.51,MOZ,-22.99831,35.55353
555698171,Lago Niassa,IV,386.43,MOZ,-12.48964,34.76119
555698172,Cabo de São Sebastião,IV,438.41,MOZ,-22.19507,35.47981
555698173,Cayos Perlas,IV,1465.24,NIC,12.48459,-83.42937
555698175,Pis Pis,IV,43.83,NIC,13.95144,-84.75100
555698176,Serranías de Yolaina,IV,173.26,NIC,11.60714,-84.34993
555698177,Volcán Maderas,II,26.38,NIC,11.44454,-85.50849
555698327,Drina,II,62.94,BIH,43.98774,19.29416
555698328,Una,II,346.74,BIH,44.54775,16.12786
555698341,Tajan,III,49.49,BIH,44.28724,18.17680
555698343,Blidinje,III,353.37,BIH,43.63074,17.53951
555700674,Tideweser,IV,40.23,DEU,53.42783,8.47593
555700939,Estribaciones de Sierra Mágina,IV,61.13,ESP,37.74489,-3.56958
555700945,Sierra de las Nieves,II,229.80,ESP,36.67640,-4.98105
555701533,Grünes Band Sachsen-Anhalt - Vom Todesstreifen zur Lebenslinie,III,47.56,DEU,52.33829,11.07976
555702226,Périmètre De Protection De La Réserve Naturelle De Géologique De Digne Les Bains,IV,2318.14,FRA,44.04273,6.32145
555702227,Périmètre De Protection De La Réserve Naturelle Géologique De Luberon,IV,699.91,FRA,43.85883,5.51877
555702230,Mont Blanc - site d\'exception,IV,31.80,FRA,45.86207,6.83709
555702271,2044068 Vathaanvaara,IB,27.86,SWE,67.78800,21.22744
555702436,2053024 Ottenby rev,IB,127.74,SWE,56.17333,16.44414
555702439,2051741 Skånska Kattegatt,IB,586.03,SWE,56.36016,12.34382
555702502,Liefdefjorden,IA,28.77,SJM,79.62723,13.15201
555702561,Skjeggedalsheii,IA,27.71,NOR,58.74791,8.18100
555703185,Kandadji,IV,12010.77,NER,14.49681,0.93745
555703186,Hippopotamus Sanctuary,IB,98.55,NER,14.75264,0.83639
555703190,W Parks Regional Complex,II,10420.11,BEN,11.96134,2.53116
555703195,Kounounkan,IV,43.99,GIN,9.53502,-12.86545
555703198,Kankan-Foloningbè,IV,5335.22,GIN,9.74601,-8.49371
555703394,Fure Headwaters,III,170.02,GHA,5.50688,-2.37670
555703398,Southern Scarp (Kwahu),IV,139.39,GHA,6.62061,-0.76475
555703403,Togodo-Sud,II,164.55,TGO,6.84152,1.52363
555703405,Reserve de Faune de Togodo-Nord,IV,101.04,TGO,6.88943,1.47546
555703406,Galangashie,IV,157.22,TGO,10.43896,0.35681
555703407,Amou-Mono,IV,57.73,TGO,7.22742,1.44341
555703455,Namuncurá - Banco Burdwood I,II,24834.17,ARG,-54.29203,-58.45241
555703456,La Ascensión,IB,145.76,ARG,-46.66726,-71.44886
555703458,Piedra del Fraile,IB,48.09,ARG,-49.21702,-73.02384
555703459,Cambyreta,IB,117.17,ARG,-28.00167,-57.05350
555703461,Tsehlanyane,II,53.94,LSO,-28.92003,28.45626
555703462,Emawbum National Park,II,1535.49,MMR,26.46399,98.56998
555703465,Preah Suramarit - Kossamak,II,352.51,KHM,11.30368,104.05365
555703467,Chhaeb,IV,1901.71,KHM,14.13749,105.31914
555703468,Central Kravanh,II,4011.26,KHM,11.93468,103.52109
555703469,Ta Tai,IV,1442.72,KHM,11.44946,103.25161
555703471,Ou Ya Dav,II,1011.16,KHM,13.44998,107.46321
555703472,Kaev Seima,IV,2926.33,KHM,12.33679,106.84716
555703474,Sre Pok,IV,3726.40,KHM,13.01652,107.29617
555703477,Southern Kravanh,II,4104.37,KHM,11.61357,103.45552
555703478,Veun Sai-Siem Pang,II,574.67,KHM,14.11084,106.66039
555703479,Preah Roka,IV,904.33,KHM,13.96718,105.17339
555703480,Prey Lang,IV,4319.75,KHM,13.21973,105.56731
555703484,Phnom Tbaeng,III,246.73,KHM,13.69306,104.87486
555703485,Phnom Thnout-Phnom Pok,IV,421.29,KHM,13.48896,104.62317
555703493,Sanghrukkhavan,IV,302.65,KHM,14.15976,103.74630
555703496,Prek Prasab,IV,127.77,KHM,12.62252,105.92584
555703497,Sambour,IV,501.17,KHM,13.04454,106.06636
555703501,Siem Pang,IV,1336.19,KHM,14.35042,106.29860
555703503,Stung Sen Core Area (Ramsar Site),IA,63.60,KHM,12.61293,104.51559
555703550,Khadicha State Wildlife Sanctuary,IV,100.30,UZB,39.35837,64.50939
555703551,Kumsultan State Wildlife Sanctuary,IV,49.10,UZB,39.46198,64.26842
555703552,Nurabad State Wildlife Sanctuary,IV,1385.19,UZB,39.70230,65.44942
555703553,Mubarek State Wildlife Sanctuary,IV,2492.90,UZB,39.25141,65.27360
555703554,Arnasay State Wildlife Sanctuary,IV,632.99,UZB,40.63333,67.49384
555703555,Karakir State Wildlife Sanctuary,IV,342.72,UZB,40.39420,63.60836
555703556,Aktau State Wildlife Sanctuary,IV,156.27,UZB,40.42506,65.83688
555703557,“Sudochye-Akpetki” State Wildlife Sanctuary,IV,3091.87,UZB,44.36035,59.67171
555703558,Dengizkul State Wildlife Sanctuary,IV,252.09,UZB,39.11282,64.21700
555703561,Bukhara Specialized Nursery “Jeyran” Nature Nursery,IV,161.69,UZB,39.64779,64.69042
555703562,“Saigachiy” complex (landscape) Nature Reserve,IB,6797.82,UZB,45.02775,57.69408
555703735,Jokadu,II,205.73,GMB,13.46553,-16.13000
555703743,Nam Et-Phouloey,II,4803.94,LAO,20.33023,103.44418
555703744,Hin Nam No,II,931.68,LAO,17.44671,105.94478
555703745,Nakai-Nam Teun,II,4233.02,LAO,17.97964,105.29462
555703749,Eld' Deer Sanctuary,IV,1308.39,LAO,16.29613,105.79086
555703764,Mio,IV,55.68,MLI,13.76314,-5.77133
555703765,Nema Woula North Buffer Zone,II,78.20,MLI,12.39093,-9.53574
555703766,Nema Woula South Buffer Zone,II,51.79,MLI,12.18603,-9.60939
555703767,Nafadji,IV,430.32,MLI,12.93407,-8.68186
555703768,Kassaro,IV,62.31,MLI,12.99730,-8.85021
555703769,Sébékoro,IV,77.83,MLI,12.95568,-9.04630
555703770,Bangassi,IV,250.80,MLI,13.04360,-9.17208
555703771,Gangaran,IV,233.61,MLI,13.34170,-9.85522
555703772,Siguifiri,IV,48.23,MLI,13.27144,-9.71864
555703773,Tinienko,IV,139.42,MLI,13.16976,-9.60442
555703775,Kobri,IV,52.33,MLI,13.06231,-9.88563
555703776,Gallé,IV,193.59,MLI,12.68028,-9.40910
555703777,Fangala,IV,328.97,MLI,13.50173,-10.01455
555703778,Dioubéba,IV,163.03,MLI,13.62432,-10.59199
555703779,Bagouko,IV,169.57,MLI,13.98483,-11.16266
555703780,West Dinguira,IV,51.64,MLI,14.22471,-11.32282
555703781,East Dinguira,IV,29.24,MLI,14.21304,-11.28826
555703783,Falémé,IV,72.65,MLI,14.48499,-12.09483
555703784,Lorack Bane,IV,62.35,MLI,15.39006,-9.71661
555703786,Djinina,IV,60.84,MLI,12.82310,-8.39204
555703787,Néguèla,IV,71.77,MLI,12.84111,-8.51430
555703788,Bossofala,IV,139.08,MLI,12.95760,-8.51840
555703789,Baoulé,IV,176.09,MLI,12.88323,-8.58952
555703790,Faya,IV,796.23,MLI,12.65338,-7.54724
555703791,Monts Mandingues,IV,150.96,MLI,12.48009,-8.18916
555703792,Dag Dag,IV,81.96,MLI,14.72473,-11.41249
555703793,Tienfala,IV,31.19,MLI,12.69846,-7.77765
555703794,Kangaba,IV,42.17,MLI,11.91366,-8.48858
555703795,Niamina,IV,52.86,MLI,13.34445,-7.05663
555703796,Kéninkou,IV,57.79,MLI,13.08888,-7.21274
555703797,Djidiéni,IV,25.91,MLI,13.92380,-8.10649
555703798,Kekoro,IV,544.57,MLI,11.78861,-7.14805
555703799,Sorodian,IV,176.45,MLI,11.57620,-8.44925
555703800,Sokourani,IV,149.41,MLI,10.42884,-6.86019
555703801,Saman,IV,168.62,MLI,10.44648,-6.68207
555703803,Lougouani,IV,76.37,MLI,10.28095,-6.19080
555703804,Kamberké,IV,180.68,MLI,10.66673,-6.05826
555703805,Mahou,IV,76.40,MLI,12.19477,-4.65238
555703806,Zangasso,IV,60.95,MLI,12.08884,-5.66506
555703807,Koba,IV,52.07,MLI,12.30111,-5.54923
555703809,Boukarila,IV,150.78,MLI,11.96480,-6.29850
555703810,Kobani,IV,33.28,MLI,11.01562,-6.82336
555703814,Farako,IV,147.79,MLI,11.25305,-5.44746
555703815,Kalana,IV,34.45,MLI,10.74134,-8.12183
555703816,Bagoé,IV,495.07,MLI,11.09942,-6.37143
555703817,Tiemedougoulou,IV,297.81,MLI,12.21192,-7.30589
555703818,Koulala,IV,80.80,MLI,13.06629,-6.92324
555703820,Dioforongo,IV,92.99,MLI,13.10659,-6.56963
555703821,Faïra,IV,34.16,MLI,13.34759,-6.08524
555703822,Fanzana,IV,56.44,MLI,13.34735,-6.16131
555703823,Fabougou,IV,30.15,MLI,13.29377,-6.05919
555703824,Dougoukoloma,IV,100.03,MLI,13.21449,-5.78209
555703828,Sayes,IV,40.30,MLI,13.85253,-4.93318
555703829,Fi,IV,60.02,MLI,14.04041,-5.43480
555703831,Ouani,IV,73.26,MLI,13.84667,-5.13687
555703832,Gara,IV,34.27,MLI,13.34705,-6.50060
555703857,Tagadrine,IV,299.79,MLI,16.55016,-3.62381
555703862,Fati Somidara,IV,88.40,MLI,16.35105,-3.74943
555703905,Royal Botanical Park,III,91.20,BTN,27.53822,89.75681
555704125,Chornobyl Radiation and Ecological Biosphere Reserve,IA,2272.03,UKR,51.30717,29.91325
555704144,Bosque de Galilea,II,266.54,COL,3.78464,-74.62124
555704146,El Aleton,II,107.14,COL,1.68126,-76.71933
555704261,Gatineau Park,II,362.63,CAN,45.55245,-76.00239
555704264,Watshishou Bird Sanctuary,IA,104.58,CAN,50.25910,-62.47277
555704270,Saint-Augustin Bird Sanctuary,IA,49.16,CAN,51.13515,-58.46320
555704274,Nicolet Bird Sanctuary,IA,29.39,CAN,46.19584,-72.69759
555704284,Sainte-Marie Islands Bird Sanctuary,IA,36.46,CAN,50.30402,-59.68901
555704286,Île à la Brume Bird Sanctuary,IA,35.60,CAN,50.17902,-60.50655
555704295,Boatswain Bay Bird Sanctuary,IA,87.92,CAN,51.84633,-78.89724
555704298,Baie des Loups Bird Sanctuary,IA,34.46,CAN,50.18011,-60.27177
555704300,Wapusk National Park Of Canada,II,10680.72,CAN,57.94353,-93.17261
555704301,Thaidene Nene National Park Reserve Of Canada,II,14075.38,CAN,62.84973,-108.73974
555704302,Mingan Archipelago National Park Reserve Of Canada,II,95.82,CAN,50.24812,-63.16167
555704303,La Mauricie National Park Of Canada,II,536.75,CAN,46.78313,-72.97207
555704306,Forillon National Park Of Canada,II,241.82,CAN,48.86746,-64.34048
555704313,Thelon Wildlife Sanctuary,IB,34929.82,CAN,64.44397,-102.80153
555704314,Thaıdene Nëné Territorial Protected Area,IB,9106.43,CAN,62.69584,-109.13016
555704315,Ts’udé Nilįné Tuyeta Territorial Protected Area,IB,10108.77,CAN,65.93389,-130.04657
555704316,Ch’ihilii Chìk,IV,474.59,CAN,67.11551,-137.43518
555704496,Next Creek,IV,78.82,CAN,49.25780,-116.89194
555704519,Darkwoods,IV,546.12,CAN,49.31171,-116.89075
555704547,Elk Valley Heritage Conservation Area - Mount Broadwood,IV,89.64,CAN,49.29828,-114.98295
555704550,Hoodoos - Westside,IV,39.22,CAN,50.35256,-115.93026
555704855,LAX KA'GAAS/CAMPANIA CONSERVANCY,II,170.88,CAN,53.07238,-129.43378
555704857,DUU GUUSD CONSERVANCY,II,1448.56,CAN,53.81997,-132.85348
555704860,TWEEDSMUIR PARK,II,9877.70,CAN,52.85449,-126.47248
555704861,STRATHCONA PARK,II,2479.59,CAN,49.69752,-125.72196
555704869,Porcupine Hills Area Provincial Park,II,298.00,CAN,52.44552,-102.09822
555704944,Little Grand Rapids First Nation Traditional Use Planning Area,II,970.73,CAN,51.95383,-95.89034
555704947,Atikaki Provincial Park,IB,3978.97,CAN,51.52072,-95.89487
555705027,Kakinwawigak biodiversity reserve,II,243.08,CAN,47.60948,-79.04712
555705028,Opasatica biodiversity reserve,II,334.39,CAN,48.00677,-79.38759
555705029,Moraine-d'Harricana biodiversity reserve,II,364.70,CAN,47.90713,-78.19841
555705043,Proposed Assinica Biodiversity Reserve,II,385.63,CAN,50.44369,-75.32085
555705044,Proposed Chisesaakahikan-et-de-la-Rivière-Broadback Biodiversity Reserve,II,4977.43,CAN,51.04408,-76.59268
555705050,Proposed Rivière-Kovik Aquatic Reserve,II,4651.22,CAN,61.70406,-76.69886
555705053,Tursujuq National Park (Québec),II,26107.93,CAN,56.45643,-74.84303
555705055,Méandres-de-la-Taitaipenistouc Biodiversity Reserve,II,326.52,CAN,51.80523,-65.99414
555705056,Katnukamat Biodiversity Reserve,II,533.17,CAN,51.89552,-64.17471
555705060,Kuururjuaq National Park (Québec),II,4427.54,CAN,58.69297,-64.73344
555705062,Proposed Quaqtaq-Kangirsuk Biodiversity Reserve,II,1253.52,CAN,60.48064,-69.84873
555705063,Proposed Kangiqsujuaq Biodiversity Reserve,II,811.62,CAN,61.17947,-71.76793
555705064,Proposed Fjord-Tursukattaq Biodiversity Reserve,II,1855.51,CAN,61.95249,-72.90090
555705065,Proposed Estuaire-des-Rivières-Koktac-et-Nauberakvik Biodiversity Reserve,II,1196.01,CAN,58.89607,-78.19555
555705067,Lac-Burton-Rivière-Roggan-et-la-Pointe-Louis-XIV Territorial reserve for protected area purposes,II,8757.75,CAN,54.51271,-78.57099
555705068,Proposed Paakumshumwaau-Maatuskaau Biodiversity Reserve,II,4506.86,CAN,52.88408,-77.82646
555705069,Proposed Lac-Waswanipi Aquatic Reserve,II,577.40,CAN,49.58441,-76.49807
555705073,Proposed haute Harricana Aquatic Reserve,II,121.09,CAN,49.50671,-78.47536
555705075,Proposed côte d'Harrington Harbour Biodiversity Reserve,II,1218.52,CAN,50.63306,-59.48609
555705076,Monts-de-Puvirnituq National Park Reserve (Québec),II,2986.27,CAN,61.06068,-77.16585
555705078,Iluiliq National Park Reserve (Québec),II,748.60,CAN,62.44991,-77.12250
555705081,Anticosti National Park (Québec),II,558.93,CAN,49.50162,-62.76619
555705177,Comoé-Léraba,IV,1225.34,BFA,9.80740,-4.62984
555705183,Bontioli,IV,329.93,BFA,10.77816,-3.03155
555705187,Arly,II,2186.93,BFA,11.58640,1.29121
555705197,Deux Balé,II,625.46,BFA,11.64205,-2.96459
555705202,Gilé,II,2840.02,MOZ,-16.53369,38.44242
555705204,Arsi Mountains,II,11618.46,ETH,7.78496,39.53414
555705205,Borena,II,45821.37,ETH,4.36531,38.88263
555705206,Maze,II,362.99,ETH,6.60213,37.36809
555705232,Ciénaga de la Palmita e Isla de Pájaros,IV,25.39,VEN,10.52685,-71.50062
555705233,Tucurere,IV,223.42,VEN,11.03529,-68.46162
555705234,Esteros de Camaguán,IV,184.41,VEN,8.11212,-67.70446
555705240,Cadena de Tepuyes Orientales: Llu (Tramen) Tepuy. Karaurín Tepuy. Uei Tepuy. Yuruaní Tepuy. Kukenán (Mataui) Tepuy. Wadakapiapué Tepuy.,III,1438.36,VEN,5.19353,-60.83763
555705241,Teta de Niquitao - Guirigay,III,289.73,VEN,8.92501,-70.55913
555705242,Montecano,III,25.72,VEN,11.86963,-70.00852
555705282,Gran Morichal,IV,1311.83,VEN,9.34424,-62.58167
555705283,Macizo Parú - Euaja,III,3147.09,VEN,4.38353,-65.57849
555705285,Isla Bastimentos,II,130.76,PAN,9.28810,-82.10108
555705286,La Amistad,II,2164.93,PAN,9.12761,-82.63868
555705289,Golfo de Chiriquí,II,212.29,PAN,8.11137,-82.27693
555705290,Humedal de Bahía de Panamá,IV,856.18,PAN,8.88099,-79.02142
555705292,Portobelo,II,358.48,PAN,9.52087,-79.61005
555705294,Reverendo Padre Jesús Héctor Gallego Herrera,II,890.38,PAN,8.73078,-80.97920
555705306,Sistemas de Humedales de Matusagaratí,IV,246.98,PAN,8.18141,-77.89618
555705310,Wakhan National Park,II,10877.35,AFG,36.93703,73.26311
555705311,Hamun-i-Saberi,IV,111.80,AFG,30.79255,61.62631
555705313,Parc National Ogooué-Lékéti,II,3460.04,COG,-2.35990,14.10953
555705339,Parnaso-Los Montes,II,86.24,CUB,20.32119,-75.23311
555705345,Chimanimani,II,658.88,MOZ,-19.80775,33.08679
555705569,Gishwati-Mukura,IV,32.04,RWA,-1.91369,29.44366
555705577,Mu ko Ranong,II,225.56,THA,9.81518,98.49850
555705578,Mu Ko Similan,II,138.39,THA,8.77942,97.72054
555705579,Thung Thale,IV,25.74,THA,7.71462,99.06045
555705587,Limbang Mangrove National Park,II,28.88,MYS,4.83750,115.02093
555705588,Miri-Sibuti Coral Reef National Park,II,1721.11,MYS,4.11932,113.70490
555705590,Ulu Sebuyau National Park,II,152.17,MYS,1.37534,111.03571
555705591,Sedilu National Park,II,51.19,MYS,1.42531,110.83170
555705592,Bungo Range National Park,II,65.40,MYS,1.25626,110.15209
555705595,Kuching Wetland National Park,II,84.95,MYS,1.64424,110.25875
555705603,Tun Mustapha Park,II,9717.66,MYS,7.09619,117.04366
555705606,Balat Damit Wildlife,IA,51.09,MYS,5.66833,118.43977
555705608,Banggi,IA,109.09,MYS,7.28698,117.13694
555705613,Bukit Monkobo and Bukit Mentapok,III,54.45,MYS,5.80007,116.95317
555705614,Bukit Piton,IA,116.70,MYS,5.15753,117.98986
555705618,Gn. Lumaku,IA,51.49,MYS,5.00336,115.88413
555705619,Gunung Kumaka,IA,115.48,MYS,4.41350,115.96196
555705620,Gunung Rara Wildlife Corridor,IA,103.66,MYS,4.74505,117.09750
555705621,Gunung Tinkar,IA,100.03,MYS,5.31401,117.10658
555705622,Imbak Canyon,IA,170.48,MYS,5.02841,116.96076
555705627,Malua,IA,339.58,MYS,5.15655,117.64405
555705629,Meliau Range,IA,229.39,MYS,5.91823,117.20094
555705631,Mengilan,IA,65.96,MYS,4.39069,116.95263
555705633,Mount Louisa,IA,568.61,MYS,4.85095,117.65376
555705634,Mount Magdalena,IA,556.62,MYS,4.89630,117.28707
555705635,Mt. Mandalom,IA,194.01,MYS,5.11618,116.04149
555705636,Northern Gunung Rara,IB,84.45,MYS,4.94016,117.41361
555705638,Pensiangan,IB,636.08,MYS,4.79719,116.37365
555705639,Pulau Banggi & Pulau Balambangan,IA,87.90,MYS,7.23577,117.10436
555705641,Sapagaya,IA,32.01,MYS,4.96907,118.15508
555705649,Sungai Anjeranjermut,IA,38.58,MYS,4.54700,117.17175
555705650,Sungai Gologob,IA,85.08,MYS,5.59076,118.48896
555705651,Sungai Katambalang,IB,53.06,MYS,4.61876,116.02845
555705654,Sungai Lasun & Pulau Evans,IA,34.08,MYS,5.37421,118.97163
555705656,Sungai Maruap,IA,64.50,MYS,5.37955,118.84360
555705658,Sungai Radapan,IA,77.04,MYS,5.40144,117.01292
555705660,Sungai Sumagas,IA,45.63,MYS,4.53949,117.30041
555705661,Sungai Talibu,IA,205.33,MYS,5.39019,117.14420
555705662,Sungai Taliwas,IA,95.66,MYS,5.00270,118.04940
555705663,Sungai Tiagau,IA,277.94,MYS,4.62653,117.26677
555705664,Sungai Tongod,IA,49.15,MYS,5.49486,116.70442
555705668,Tambulanan,IA,32.66,MYS,4.57044,117.04329
555705670,Tangkulap,IA,272.95,MYS,5.40919,117.27222
555705671,Tawau,IA,132.11,MYS,4.21204,117.67984
555705674,Trusan Kinabatangan,IA,136.10,MYS,5.69885,118.44996
555705675,Trusan Sugut,IA,86.55,MYS,6.34785,117.65498
555705678,Ulu Segama,IA,1272.68,MYS,4.97115,117.95679
555705681,Maliau Buffer Zone (Extension II),IB,138.13,MYS,4.67332,116.98848
555705686,Sungai Imbak & Sungai Imbak (Extension),IA,227.45,MYS,5.10716,117.03931
555705687,Sungai Imbak Buffer Zone (Extension),IB,182.77,MYS,5.14524,117.16386
555705688,Sungai Imbak Buffer Zone,IA,195.14,MYS,5.07462,116.95974
555705690,Timimbang,IA,114.41,MYS,6.06807,117.15485
555705692,Maliau Buffer Zone & Maliau Buffer Zone (Extension),IA,518.58,MYS,4.81658,116.89702
555705694,Lower Kinabatangan,IV,270.83,MYS,5.53402,118.05755
555705695,Menumbok,IA,85.94,MYS,5.28217,115.49763
555705696,Northern Kuamut,IB,694.69,MYS,5.13611,117.40932
555705697,Nuluhon Trusmadi,IA,787.40,MYS,5.54286,116.45903
555705700,Sipadan Island Park,II,168.20,MYS,4.11171,118.62464
555705705,Rantau Abang Fisheries Prohibited Areas,IV,520.50,MYS,4.96775,103.43252
555705714,Rantau Abang Turtle Sanctuary,IV,67.88,MYS,4.89124,103.40742
555705723,Perlis State Park,II,52.68,MYS,6.64528,100.19375
555705732,Penang National Park,II,25.08,MYS,5.45071,100.18937
555705733,Gunung Aais,IB,928.36,MYS,4.39898,102.84380
555705738,Endau Rompin (Pahang) State Park,II,401.57,MYS,2.63297,103.23783
555705740,Sungai Wi,IB,82.83,MYS,4.56760,101.51241
555705758,Gunung Ledang National Park,II,86.26,MYS,2.37435,102.61666
555705759,Taman Negara (Pahang),II,2628.54,MYS,4.52545,102.44442
555705760,Taman Negara (Kelantan),II,1063.13,MYS,4.77202,102.34765
555705761,Taman Negara (Terengganu),II,840.57,MYS,4.80938,102.73963
555705763,Selangor State Park,II,929.32,MYS,3.36246,101.77244
555705776,Royal Belum State Park,II,1210.19,MYS,5.75151,101.47199
555705778,Kenaboi,IV,96.28,MYS,3.22666,101.98444
555705789,Ulu Jelai,IB,167.33,MYS,4.33519,101.56414
555705791,Bukit Bujang,IB,43.19,MYS,4.37719,101.53850
555705792,Bukit Jerut,IB,54.62,MYS,4.47734,101.49236
555705807,Gunung Benum,IB,100.09,MYS,3.83796,102.05920
555705813,Batu Talam,IB,73.20,MYS,3.90021,101.64252
555705815,Gunung Stong State Park,II,216.23,MYS,5.29226,101.89814
555705819,Sungai Ketiar,IV,140.70,MYS,5.00010,102.55099
555705823,Pulau Seri Buat Marine Park,II,76.82,MYS,2.68701,103.91348
555705824,Pulau Babi Tengah Marine Park,II,48.95,MYS,2.47681,103.96091
555705825,Pulau Babi Hujong Marine Park,II,50.40,MYS,2.49179,103.95172
555705826,Pulau Rawa Marine Park,II,48.44,MYS,2.52090,103.97562
555705827,Pulau Harimau Marine Park,II,46.84,MYS,2.56030,103.94410
555705828,Pulau Mensirip Marine Park,II,46.51,MYS,2.55140,103.95986
555705829,Pulau Gual Marine Park,II,45.51,MYS,2.53622,103.96977
555705830,Pulau Mentigi Marine Park,II,33.75,MYS,2.27184,104.11280
555705831,Pulau Sibu Marine Park,II,90.79,MYS,2.21600,104.07089
555705832,Pulau Sibu Hujong Marine Park,II,45.12,MYS,2.17245,104.11294
555705833,Pulau Nyireh Marine Park,II,50.38,MYS,4.84469,103.66507
555705836,Pulau Sepoi Marine Park,II,47.40,MYS,2.89875,104.05032
555705837,Pulau Labas Marine Park,II,48.08,MYS,2.88875,104.06658
555705838,Pulau Ceben Marine Park,II,46.11,MYS,2.93375,104.09740
555705839,Pulau Jahat Marine Park,II,48.45,MYS,2.66545,104.16199
555705840,Pulau Tulai Marine Park,II,60.43,MYS,2.91159,104.10721
555705841,Ise Forest,II,33.13,NGA,7.38456,5.37709
555705852,Lac Tchad,IV,2152.89,CMR,12.76725,14.32658
555705855,"State Nature Sanctuary ""Floodplain of the Irtysh River"" (complex)",IV,3282.62,KAZ,52.44221,76.53321
555705856,State Nature Sanctuary Zharsor-Urkash (zoological),IV,294.76,KAZ,51.30318,62.72971
555705857,"State Nature Sanctuary ""South Altay""",IV,1976.70,KAZ,48.51590,85.85611
555705858,"State Nature Sanctuary '""Beldeutas"" (zoological)",IV,154.44,KAZ,48.97290,76.16027
555705859,Charyn State National Nature Park,II,930.77,KAZ,43.50459,79.17238
555705860,"State National Nature Park ""Burabay""",II,1336.31,KAZ,53.00253,70.43193
555705861,Katon-Karagay State National Nature Park,II,6748.42,KAZ,49.35797,86.11575
555705862,Sayram-Ugam State National Nature Park,II,1285.77,KAZ,42.21718,70.07028
555705863,"State National Nature Park ""Kolday koldery""",II,1612.32,KAZ,42.96204,77.99295
555705864,Zhongar-Alatau State National Nature Park,II,3942.87,KAZ,45.30226,80.64203
555705865,"State National Nature Park ""Buiratau""",II,850.81,KAZ,51.42174,73.08128
555705866,"State National Nature Park ""Tarbagatay""",II,2014.51,KAZ,46.87367,81.93354
555705867,"""Syrdarya-Turkestan State Regional Nature Park""",II,749.55,KAZ,43.46905,68.18440
555705868,Karkaraly State National Nature Park,II,1842.58,KAZ,49.26104,75.84825
555705869,Karatau State Nature Reserve,IA,359.40,KAZ,43.71620,68.67072
555707179,SHHuch`i gory,III,39.59,RUS,54.67255,48.75646
555707183,Boloto Derzkij Moh,IV,69.54,RUS,56.64061,32.52962
555707190,Vostochnyj,IV,35.00,RUS,44.49087,45.16963
555707199,Pizhemskij,IV,308.46,RUS,57.67912,48.21927
555707200,Kushtozerskij,IV,63.64,RUS,60.52907,36.26891
555707222,Zakaznik t3 Bezheckogo lesnichestva,IV,49.26,RUS,57.88546,36.35111
555707238,Boloto Zabludyashhee,IV,29.61,RUS,58.30802,35.88240
555707252,YUrmychskij im. A.V. Grigor`eva,IV,205.31,RUS,57.18355,62.86742
555707264,Zakaznik t1 Berezhajskogo lesnichestva,IV,26.34,RUS,57.61318,36.46862
555707265,Kulojskij,IV,286.63,RUS,65.05387,43.50371
555707266,Gryadina,IV,44.72,RUS,49.80672,43.32898
555707267,Nerestovyj massiv Zelenginskij,III,116.32,RUS,46.26039,48.54212
555707269,Ezhozerskij,IV,30.12,RUS,60.69653,36.29097
555707292,Ozero Azas,III,68.28,RUS,52.38710,96.51981
555707301,Verhne-Depskij,IV,1568.89,RUS,53.75643,128.80847
555707303,Tolbuzinskij,IV,829.26,RUS,53.34421,125.35711
555707304,Simonovskij,IV,1196.09,RUS,51.32038,126.99086
555707313,Ozero Turgoyak,III,26.36,RUS,55.15645,60.05782
555707337,Ramasuhskij,IV,116.46,RUS,52.70755,33.57644
555707362,CHistye luga,IV,141.99,RUS,55.44689,50.94658
555707364,Gosudarstvennyj prirodnyj zakaznik v rajone Kalininskoj AES,IV,980.97,RUS,57.86809,35.00664
555707369,Reka Omal,III,102.94,RUS,52.87043,137.10574
555707376,Boloto Tegenskoe,IV,159.76,RUS,57.60922,64.62782
555707385,Ak CHolushpa,II,1950.81,RUS,50.76255,88.41699
555707391,Zavitinskij,IV,355.43,RUS,50.34140,129.69413
555707395,Pelymskij,IV,303.84,RUS,59.68115,63.40482
555707415,Gora Beshtau,III,37.81,RUS,44.09518,43.03506
555707431,Berezovskij,IV,114.35,RUS,50.58356,127.77469
555707440,Moskvoreckij pojmennyj zakaznik,IV,105.61,RUS,55.40312,38.51005
555707466,Harlushevskij,IV,189.85,RUS,55.16135,60.94779
555707485,Spasskij,IV,179.76,RUS,55.07638,49.26036
555707494,Novo-Berezanskij,IV,279.48,RUS,45.68453,39.52395
555707495,Manych-Gudilo,IV,41.50,RUS,46.20245,42.90396
555707500,CHugskij,IV,78.47,RUS,64.16253,42.67835
555707517,CHograjskij,IV,66.83,RUS,45.50716,44.45424
555707555,Uch Enmek,II,872.69,RUS,50.55493,86.19795
555707575,Teterevino,IV,96.03,RUS,50.90286,36.53964
555707611,Ostrova Hachin,IV,32.00,RUS,57.26237,33.04376
555707621,Ust`-Bel`sk,II,47.85,RUS,55.93050,53.58044
555707624,CHudova boloto,IV,117.29,RUS,60.47722,56.69782
555707641,Uhrinskij,IV,52.64,RUS,58.11554,39.67136
555707644,Sotinskij,IV,108.99,RUS,58.04139,40.70034
555707653,Alhanaj,II,1450.69,RUS,50.89741,113.20866
555707675,Belyj Kamen`,IV,57.48,RUS,58.74398,30.44089
555707680,Radovickij Moh,IV,39.01,RUS,55.06101,39.75790
555707683,Hotogo,IV,2592.10,RUS,61.03390,113.39696
555707706,Vtoroj Kondas,IV,26.31,RUS,59.38304,56.32428
555707713,Hajpudyrskij,IV,1643.00,RUS,68.55589,59.31426
555707715,Severnyj Timan,II,5061.27,RUS,67.19668,48.79302
555707718,Kalyazinskij,IV,127.95,RUS,57.11603,38.08309
555707720,More-YU,IV,550.63,RUS,67.86557,60.07422
555707724,Strizhament,IV,43.84,RUS,44.80902,42.01790
555707735,Hvojnye lesa v verhov`yah Moskvy-reki,IV,26.07,RUS,55.68739,35.37360
555707745,Nizhnepechorskij,IV,892.96,RUS,68.01735,53.38304
555707746,Konecbor-Danilovskij,IV,74.57,RUS,64.76748,57.84451
555707748,Verhnecilemskij,IV,119.20,RUS,65.46332,49.44346
555707757,Tinguta,IV,907.06,RUS,45.88422,46.64169
555707758,Gorskinskij,IV,126.78,RUS,54.43205,85.59656
555707760,Romanovskoe II boloto,IV,46.56,RUS,59.08217,56.26099
555707770,Gagul`skaya kotlovina,IV,244.66,RUS,51.96539,93.01299
555707774,Russkij les,IV,83.23,RUS,45.09141,41.87879
555707775,Saltymakovskij,IV,333.96,RUS,54.81837,87.23037
555707780,Argunskij,IV,156.01,RUS,43.32570,45.91838
555707782,Mihajlovskij,IV,43.01,RUS,52.13096,86.64459
555707790,Vejdelevskij,IV,99.32,RUS,50.03908,38.52083
555707808,Levashovskij,IV,121.32,RUS,57.70769,40.49470
555707814,Noglikskij,IV,669.03,RUS,52.01193,142.45657
555707820,Ozero Bol`shoj Tassor,IV,38.56,RUS,51.17412,80.45802
555707830,Reka Tatarka,IV,814.46,RUS,58.52639,93.71075
555707831,Mashukovskij,IV,538.08,RUS,57.85104,94.72832
555707840,Boloto Kajskoe (Kajskoe boloto),III,79.94,RUS,60.09628,47.24142
555707842,Majkopskij,IV,48.72,RUS,44.58498,40.22589
555707859,"Bolota Suvarysh, Pyshminskoe, Elanskoe",IV,89.78,RUS,56.54701,62.64661
555707870,Levaty-Nechaty,IV,45.93,RUS,60.25867,54.58747
555707878,Sed`yuskij,IV,107.25,RUS,63.31384,53.86082
555707879,Boguchanskij,IV,2012.55,RUS,59.30076,97.29385
555707890,Irgizskaya pojma,III,27.77,RUS,52.34806,49.91404
555707891,Uchastki tisa yagodnogo v Bekeshevskom i Borgustanskom lesnichestvah,III,28.08,RUS,44.03251,42.38291
555707905,SHorskij,II,4189.48,RUS,52.65305,88.53930
555707916,Burukshunskij,IV,39.25,RUS,45.94209,42.36329
555707934,Olekminskij,IA,8513.61,RUS,58.70554,122.27061
555707945,Kargatskij,IV,882.90,RUS,54.99910,80.00974
555707959,Gora Sarannaya,IV,32.00,RUS,58.88708,59.51648
555707962,Debri,IV,38.94,RUS,44.21641,43.28999
555707970,Boloto Velikij Moh,III,48.23,RUS,57.86798,38.74449
555707985,Angirskij,IV,395.52,RUS,52.23017,108.42076
555707988,Territoriya ZHelnino-Pushkino-Sejma,III,36.11,RUS,56.20347,43.35202
555707999,Osinskaya lesnaya dacha,IV,123.19,RUS,57.23610,55.16065
555708007,Kosinskoe I boloto,IV,25.60,RUS,59.49432,54.57496
555708015,Boloto Tomskoe,IV,63.65,RUS,58.83473,64.19871
555708016,Boloto Firulevskoe,IV,39.11,RUS,58.82668,64.80364
555708017,Hudakskij,IV,505.97,RUS,52.27246,109.24602
555708018,Slobodo-Turinskij,IV,273.02,RUS,57.80815,64.21729
555708020,Tarumovskij,IV,531.66,RUS,44.12440,46.70489
555708033,Bereznikovskij,IV,188.84,RUS,59.22054,56.39849
555708050,Komsomol`skij,IA,644.07,RUS,50.81896,137.61281
555708051,Verhne-Tazovskij,IA,6070.93,RUS,62.87598,83.98242
555708057,Ol`dzhikanskij,IV,1601.31,RUS,52.05390,136.75396
555708059,Badzhal`skij,IV,2816.16,RUS,50.90552,134.80666
555708060,Anyujskij,IB,4291.99,RUS,49.04379,137.13378
555708061,Zejskij,IA,1001.46,RUS,54.06641,127.08916
555708063,Hehcirskij,IV,517.78,RUS,48.26963,135.22680
555708083,Kundryuchenskie peski,IV,26.89,RUS,47.78741,40.93646
555708108,Medvezh`i ostrova,IA,8158.28,RUS,70.51886,160.53025
555708110,Novgorodskij,IV,56.24,RUS,58.31156,30.91373
555708117,Gorohoveckie bolota,III,27.01,RUS,56.25331,42.61839
555708130,Kuz`minskij kompleksnyj zakaznik,IV,49.11,RUS,56.21563,36.13063
555708142,Zadonskij,IV,109.08,RUS,52.34983,38.85073
555708151,Belozerskij,IV,294.90,RUS,55.75389,65.88957
555708176,Kolodeckij,IV,248.03,RUS,52.29180,39.56864
555708178,YUzhnyj,IV,155.57,RUS,56.74375,54.56232
555708187,Voskresenovskij,IV,187.12,RUS,51.11169,129.22085
555708200,Bushkinskoe (Bushkas) boloto,IV,60.53,RUS,60.16106,55.73470
555708226,Krasnyj les,IV,52.32,RUS,45.16463,38.39819
555708227,Kayakentskij,IV,150.61,RUS,42.32468,47.81860
555708233,YAroslavskij,IV,136.40,RUS,57.93019,40.52124
555708238,Zmeevy gory,III,78.54,RUS,51.85882,46.96804
555708240,Deshlagarskij,IV,309.19,RUS,42.31254,47.66128
555708247,Kudryashovskij bor,IV,187.06,RUS,55.17058,82.66771
555708258,Ozero Achchen,III,105.69,RUS,64.82375,174.78889
555708260,Andrejaul`skij,IV,141.13,RUS,43.14508,46.72714
555708261,Uftyugo-Ileshskij,IV,786.38,RUS,62.25153,47.41737
555708273,Melishtinskij,IV,204.81,RUS,42.92070,46.76996
555708280,Talickij,IV,665.01,RUS,54.21760,84.19980
555708286,Stepnoj,IV,953.11,RUS,43.81444,46.01094
555708287,Zmejsko-Nikolaevskij,IV,211.46,RUS,43.33020,44.13188
555708290,Verhovoe boloto CHistoe,III,70.07,RUS,58.16206,47.51237
555708295,Ulegir,IV,929.72,RUS,54.35555,122.05534
555708302,Loktevskij,IV,57.66,RUS,51.18035,81.60287
555708304,Har`kovskij,IV,162.49,RUS,50.17950,129.00632
555708336,Tomskij rybohozyajstvennyj,IV,583.72,RUS,51.14394,130.09530
555708342,Velikolukskij,IV,133.54,RUS,56.53081,30.51514
555708348,Zapadnyj bereg Pskovskogo ozera,III,166.00,RUS,57.95216,27.77829
555708357,Vashutkinskij,IV,3307.41,RUS,67.86238,61.92865
555708362,Kamennyj gorod,III,48.48,RUS,67.23053,48.94447
555708368,Zepovskoe boloto,IV,41.65,RUS,61.43840,56.56450
555708376,Polymskoe i Selenskoe bolota,IV,57.39,RUS,59.93234,56.54112
555708377,Vasil`evskie ostrova,III,50.78,RUS,53.17514,49.28306
555708382,Irkutnyj,IV,295.88,RUS,51.87539,103.45915
555708385,Tukolon`,IV,1099.17,RUS,55.58734,107.58619
555708390,Tayurskij,IV,531.31,RUS,56.53881,106.56000
555708405,Kodar,IB,4939.89,RUS,57.01981,117.62897
555708406,Zamankul`skij,IV,108.67,RUS,43.40021,44.41984
555708410,Bojskie bolota,IV,156.20,RUS,55.07907,101.46277
555708419,Redikorskoe boloto,IV,160.34,RUS,60.07009,56.52226
555708462,Ozero Hanskoe,III,93.26,RUS,46.24508,38.38578
555708466,Dedovichskij,IV,207.89,RUS,57.61891,30.26762
555708474,Koltyrakskij,IV,336.66,RUS,54.71509,84.87715
555708477,Zov tigra,II,832.66,RUS,43.54501,134.20469
555708478,Kamennikovskij poluostrov,III,50.14,RUS,58.17516,38.67232
555708490,Dnovskij,IV,87.75,RUS,57.72956,30.39328
555708507,Krasnoarmejskij sosnyak,III,133.76,RUS,53.02525,50.98431
555708525,Donskoj,II,400.41,RUS,47.37577,40.64906
555708526,Harpinskij,IV,2974.93,RUS,51.59632,137.18477
555708528,Vostochno-Il`menskij,IV,98.43,RUS,58.21944,31.74001
555708530,Vana,IV,1170.29,RUS,54.01594,132.63752
555708535,Boloto Utreh i ozero Utreh,III,37.29,RUS,56.43819,42.80221
555708538,Harinskij,IV,55.46,RUS,59.64282,36.78266
555708543,Gurskij,IV,2606.05,RUS,49.97525,137.72222
555708544,CHagodoshhenskij,IV,50.96,RUS,59.25020,35.24312
555708557,Ostrovskij,IV,242.97,RUS,57.17801,28.41711
555708566,Dzhurich-Nyur,IV,350.96,RUS,60.92153,55.19957
555708576,Zybkoe (Bol`shoe Vil`gortskoe) boloto,IV,59.54,RUS,60.55837,56.61006
555708578,Soleckij,IV,40.97,RUS,57.97627,30.07156
555708602,Kaltajskij,IV,525.48,RUS,56.18152,84.60881
555708603,Tomskij,IV,490.37,RUS,56.08582,84.13730
555708619,Buturlinskij,IV,113.02,RUS,55.59730,44.99281
555708620,Kornilovskij,IV,179.79,RUS,53.46121,81.00881
555708625,Urochishhe Mulin Dol,III,50.90,RUS,52.11263,51.30738
555708632,Turochakskij,III,368.01,RUS,52.01588,87.19480
555708648,Pershinskij,IV,243.59,RUS,57.32156,84.29552
555708654,Oktyabr`skij,IV,276.67,RUS,57.65474,86.25720
555708655,Poskoevskij,IV,378.69,RUS,57.85570,82.19602
555708668,Maloyuksinskij,IV,352.92,RUS,57.29371,85.41508
555708676,Buskul`skij,IV,96.69,RUS,53.83159,61.13140
555708677,Verhne-Sorovskij,IV,203.73,RUS,57.54337,84.21757
555708682,Karegodskij,IV,262.37,RUS,57.72643,84.15723
555708685,Beshtaugorskij,IV,102.47,RUS,44.13113,43.05582
555708688,Ust`e reki CHapaevki,III,42.25,RUS,53.13003,49.72132
555708690,Blagoveshhenskij,IV,241.48,RUS,52.98861,79.67237
555708694,Nikandrovskaya dacha,IV,205.97,RUS,57.80606,29.25362
555708727,Neneckij,IV,2419.22,RUS,68.57148,53.00906
555708738,Lesnoj massiv Kokorino,III,32.61,RUS,51.66091,106.89310
555708745,Zateihinskij,IV,263.96,RUS,57.08295,42.75894
555708748,CHaryshskaya step`,IV,59.98,RUS,51.78906,82.47663
555708765,Ozero Baunt,III,112.89,RUS,55.20538,112.98920
555708767,Bobrovskij,IV,219.23,RUS,53.14920,84.11495
555708795,Sokol`skij les (Sokol`skoe lesnichestvo),III,38.52,RUS,55.55210,51.40828
555708802,Ozero Busani,III,38.04,RUS,55.35453,113.54149
555708807,Mozhzhevel`niki na vozvyshennosti Magazin-Musyur,III,26.51,RUS,67.77103,37.57859
555708813,Zubovo-Polyanskij,IV,78.26,RUS,54.04722,42.57564
555708815,Reka Bol`shoj CHeremshan,III,42.02,RUS,54.55597,50.77124
555708817,Uspenskij,IV,45.13,RUS,57.02833,65.13056
555708818,Ozero Kotokel`,III,68.98,RUS,52.81737,108.14376
555708819,Severnyj,IV,181.11,RUS,57.02944,69.82889
555708820,Oshlobskoe boloto (Oshlybskoe boloto),IV,92.79,RUS,60.56113,55.64299
555708823,Solymskoe II (Sosnovoe) boloto,IV,34.08,RUS,60.11949,55.54641
555708837,Prisurskij,IA,91.49,RUS,55.02233,47.26300
555708838,Obskoj,IV,435.39,RUS,52.53123,83.90743
555708856,Ashinskij,IV,443.47,RUS,55.23694,57.50446
555708870,Reka Udochka,IV,1051.10,RUS,52.48050,156.88777
555708871,Lebedinyj,IV,304.80,RUS,52.34268,85.61563
555708874,Ilovskij,IV,549.72,RUS,56.78299,83.77031
555708877,Ulskij,IV,505.42,RUS,53.85543,139.60866
555708879,Hutinskij,IV,392.20,RUS,49.30757,139.24771
555708880,CHukenskij,IV,2178.95,RUS,47.41386,136.79345
555708881,Matajskij,IV,1111.84,RUS,47.11777,135.57713
555708885,Verhneyajvinskij,IV,340.16,RUS,59.77675,58.44715
555708891,Gora SHajtan-Tau (Gora SHajtantau),III,220.58,RUS,51.82369,57.41885
555708892,Majtuganskie soloncy,III,25.28,RUS,52.93898,49.13157
555708908,Gridino,IV,95.07,RUS,65.96012,34.62886
555708910,Melenkovskij kompleksnyj,IV,138.41,RUS,55.41905,41.76622
555708912,Adovo ozero,IV,693.32,RUS,60.25598,53.09339
555708915,Karagajskij,IV,214.10,RUS,58.48547,55.05343
555708918,Vojnica,IV,84.51,RUS,65.13989,30.03142
555708919,Pernaty,IV,781.55,RUS,60.38368,55.34456
555708924,Vazhozerskij,IV,90.73,RUS,61.34352,33.31013
555708926,Ladozhskie shhery,II,1167.74,RUS,61.50358,30.51538
555708928,Sylvenskij,IV,141.75,RUS,57.26962,57.37631
555708930,Zilim,II,380.09,RUS,54.00964,56.96230
555708936,Tulvinskij,IV,83.97,RUS,56.96602,55.70824
555708937,Uinskij,IV,322.83,RUS,56.77898,56.45091
555708952,Kashtakskij bor,III,29.04,RUS,55.31066,61.38995
555708956,Muromskij,IV,310.37,RUS,61.57171,36.27016
555708979,Mopau,IV,536.27,RUS,49.16423,138.87641
555708982,Sredne-Labinskij (SHovgenovskij),IV,93.20,RUS,45.05683,40.28252
555708983,Zaporozhsko-Tamanskij (Tamano-Zaporozhskij),IV,354.21,RUS,45.31229,36.80519
555708984,Aistinyj,IV,193.85,RUS,47.82449,135.15547
555708987,Ikonnyj bor,IV,27.68,RUS,59.33898,43.76146
555708988,Dal`zhinskij,IV,803.95,RUS,53.15038,139.35986
555708991,Dublikanskij,IV,1380.94,RUS,50.74279,132.96607
555708993,Polyarnyj krug,IV,286.96,RUS,66.47735,33.30346
555708994,Sorokskij,IV,320.95,RUS,64.47393,35.45830
555708995,Tolvoyarvi,IV,422.21,RUS,62.30954,31.54101
555708997,Syrovatka,IV,313.26,RUS,65.54255,34.60518
555708998,Muhtel` (Ozero Muhtel`),IV,460.39,RUS,54.14115,138.97097
555709004,Polovnikovskoe,IV,39.27,RUS,62.55066,50.74817
555709005,Tugurskij,IV,341.13,RUS,53.41579,136.53271
555709006,Nimelenskij,IV,292.32,RUS,52.77395,135.89114
555709007,SHaman-YAj,IV,506.35,RUS,51.39748,139.94383
555709008,Up`yum (Sindorskoe),IV,198.22,RUS,62.75077,52.14328
555709014,Kvarkush,IV,905.52,RUS,60.15126,58.68132
555709020,Ket`-Kasskij,IV,764.41,RUS,59.13984,88.47138
555709021,Zaozerskij,IV,117.54,RUS,60.23992,42.38748
555709025,Snezhinskij,IV,2386.05,RUS,51.10591,103.95975
555709030,SHHebenchiha,IV,95.07,RUS,47.35019,134.45044
555709032,Koppi,IV,407.41,RUS,48.56824,138.79216
555709035,Toksovskij,II,27.56,RUS,60.17117,30.45586
555709046,Kivipark,IV,69.46,RUS,60.62545,28.38613
555709053,Nauchno-issledovatel`skij stacionar Sobolevskij,IV,836.34,RUS,54.31765,156.82833
555709062,Zaliv Schast`ya s ostrovami Kevor i CHayachnyj,III,261.81,RUS,53.39527,141.18031
555709078,SHol`skij les,IV,26.34,RUS,60.34186,37.00254
555709079,Ozero Azhabach`e,III,61.24,RUS,56.13570,161.81776
555709083,Tuapsinskij,IV,140.75,RUS,44.18536,39.51537
555709088,Krutoe boloto,IV,40.41,RUS,58.87198,56.70208
555709102,Polaznenskij bor (Sosnovyj bor s al`pijskoj rastitel`nost`yu na gipsovyh otlozheniyah s obnazheniyami reliktovoj tretichnoj flory),IV,33.95,RUS,58.29305,56.32427
555709106,YUzhno-Romanovskoe boloto,IV,87.61,RUS,58.95784,56.52276
555709107,YAsenskaya kosa,IV,28.28,RUS,46.18840,38.26774
555709126,Ivdel`skij,IV,1406.17,RUS,61.73272,59.74205
555709134,Istok r. Dnepr,IV,303.31,RUS,55.85187,33.80196
555709158,CHikoj,IB,6671.60,RUS,49.95529,110.09534
555709162,Ussurijskij im.V.L.Komarova,IA,412.23,RUS,43.64519,132.52134
555709167,Bikin,IB,11612.23,RUS,46.70977,136.67212
555709171,"Bor sosny krymskoj Bettinskij (Bor sosny krymskoj, Bettinskij bor sosny Krymskoj)",III,29.32,RUS,44.38813,38.46130
555709185,Urochishhe Rublevo,IV,379.49,RUS,51.69889,79.92317
555709187,Al`dikon,IV,2718.56,RUS,52.10943,130.34271
555709191,Birskij,IV,540.30,RUS,47.16686,134.66353
555709193,Selishhenskoe boloto,IV,264.24,RUS,59.92918,55.21876
555709197,Oglatskij,IV,896.76,RUS,58.58017,78.82414
555709199,Kumi-porog,III,35.42,RUS,65.28866,30.21048
555709201,Voronovskij,IV,246.18,RUS,58.16164,58.45291
555709204,Kocherdykskij,IV,184.24,RUS,54.45108,63.10878
555709206,Ocherskij,IV,345.85,RUS,57.68083,54.93638
555709207,Liman reki Razdol`naya,III,27.06,RUS,43.32439,131.80203
555709211,Iremel`,II,497.03,RUS,54.50818,58.86933
555709213,Gora Vajda,III,25.83,RUS,49.87492,143.45863
555709215,Bobrovyj,IV,891.25,RUS,48.49083,135.97853
555709216,Verhnetumninskij,IV,924.17,RUS,50.51389,139.54264
555709218,Ozernyj,IV,426.55,RUS,59.86337,143.09291
555709226,Donguzlovskij,IV,59.69,RUS,55.01954,61.80842
555709228,SHichengskij,IV,140.67,RUS,59.98413,41.34214
555709237,YAmanskij,IV,206.62,RUS,52.41329,39.56660
555709249,Pol`to (Ozerno-rechnaya sistema Pol`to),IV,248.72,RUS,59.79424,81.69932
555709261,Ust`-Tarkskij,IV,903.95,RUS,55.86917,75.81399
555709265,Central`nyj,IV,845.15,RUS,55.65414,83.06758
555709271,Pohvistnevskie prigorodnye dubravy,III,29.66,RUS,53.58745,52.07234
555709282,Ramenskaya lesnaya dacha,III,55.09,RUS,53.27093,48.30641
555709294,Arhyzskij,IV,363.81,RUS,43.49650,41.20672
555709303,Kandatskij,IV,502.43,RUS,56.86027,89.52085
555709305,Priozernyj,IV,338.11,RUS,53.34431,139.58647
555709306,Tongul`skij,IV,252.53,RUS,56.80121,87.68863
555709310,Gorinskij,IV,723.28,RUS,51.14638,137.48253
555709314,Al`kan,IV,341.09,RUS,49.98418,135.52137
555709318,Ozernyj,III,28.22,RUS,57.48310,67.56274
555709321,Ul`ya,IV,2469.92,RUS,58.98962,141.49482
555709325,Pahancheskij,IV,305.60,RUS,68.29377,54.99225
555709326,Ujskij,IV,164.07,RUS,54.27006,59.81816
555709333,Ostrov Iony s prilegayushhej vodnoj territoriej,III,815.08,RUS,56.41758,143.36760
555709351,Morskoe poberezh`e,IV,28.18,RUS,54.12340,140.04398
555709354,Mihajlovskij ryam,III,33.50,RUS,54.88262,78.70045
555709362,Ubinskij priozernyj kompleks,III,107.18,RUS,55.55751,80.37999
555709364,Griva Vertkova,III,25.30,RUS,54.32512,78.77476
555709367,Gromovskij,IV,160.86,RUS,54.92779,21.49355
555709373,Sengileevskie gory,II,436.97,RUS,53.94786,48.70429
555709374,Usa-YUn`yaginskoe,IV,29.93,RUS,66.53672,62.47489
555709375,Starokulatkinskij,IV,201.61,RUS,52.62543,47.56136
555709376,Zemlya leoparda,II,2618.56,RUS,43.11459,131.05969
555709378,Avtotkuul`,IV,3123.52,RUS,64.07192,177.72588
555709382,Ust`-Tanyurerskij,IV,3495.53,RUS,65.01372,174.17558
555709385,Donskoj,IV,117.33,RUS,52.70476,39.01443
555709396,Pervomajskij,IV,92.84,RUS,52.22718,39.41727
555709397,CHaunskaya guba,IV,2478.04,RUS,69.12426,171.31611
555709398,Dolgovskij,IV,39.74,RUS,53.48233,39.03767
555709400,Ozero Uvil`dy,III,79.69,RUS,55.53984,60.48248
555709407,Buura,IV,550.53,RUS,51.72621,92.60310
555709422,Lebedinyj,IV,3283.39,RUS,65.08210,171.57826
555709424,CHekerovskij,IV,126.61,RUS,57.16145,53.45279
555709430,Oblastnovskij,IV,273.08,RUS,57.03248,52.55667
555709438,Kazanskij,IV,268.23,RUS,56.48172,51.84748
555709441,CHichka-YUl`skij,IV,475.82,RUS,57.67216,87.84914
555709443,Boloto Dobroozerskoe,IV,131.36,RUS,60.10348,35.30568
555709444,Lesnoj massiv Bunina gora,III,26.02,RUS,55.05178,36.44274
555709450,Bylina,IV,481.57,RUS,60.05020,47.11717
555709451,Pesterinskij,IV,207.78,RUS,57.56854,52.39151
555709454,Reka Izh,III,81.83,RUS,56.26742,52.93341
555709455,Kara-Su,IV,166.53,RUS,43.23279,43.46629
555709456,Valamazskij,IV,311.24,RUS,57.47464,51.96291
555709463,Kepskij,IV,280.91,RUS,57.81446,53.03333
555709469,Tungusskij,IA,3022.57,RUS,60.74398,102.04055
555709471,Donnyur,IV,27.36,RUS,63.42245,49.06260
555709473,Privolzhskaya lesostep`,IA,82.47,RUS,53.08384,45.60936
555709475,Kuliginskij,IV,437.31,RUS,58.28973,53.65782
555709476,Ozrekskij,IV,89.55,RUS,43.44019,44.06401
555709481,Kaluzhskie zaseki,IA,185.32,RUS,53.67536,35.76347
555709485,Zelenyj gorod,III,48.70,RUS,56.18335,44.06849
555709494,Navashinskij,IV,113.09,RUS,55.58707,42.17067
555709496,Salinskij,IV,361.69,RUS,57.62790,52.72704
555709506,Pripyshminskie bory,II,510.05,RUS,57.11733,64.12194
555709509,Kokyl`-Nyur (Kokyl`nyur),IV,59.49,RUS,61.72642,50.17029
555709511,Araneckij,IV,37.87,RUS,64.84823,57.90482
555709515,Beloborskij,IV,85.81,RUS,61.75027,50.86242
555709517,Saratovskij,IV,442.94,RUS,51.21592,47.79417
555709519,CHegemskij,IV,221.39,RUS,43.48817,43.30460
555709521,Boloto YUpyauzhsuo,IV,357.73,RUS,64.95319,32.33597
555709528,Severnyj,IV,407.20,RUS,58.36652,52.44334
555709530,Poteryannyj klyuch,IV,170.79,RUS,57.25235,52.67195
555709536,Lumpunskij,IV,477.21,RUS,57.34851,51.32633
555709537,Ozero Arej,III,36.82,RUS,51.00064,111.24245
555709545,Boloto u sela Nyuhcha,IV,126.61,RUS,63.91940,36.43077
555709548,Verhne-Malkinskij,IV,218.59,RUS,43.54024,42.75621
555709553,"Ozera Laskovskoe, Segdenskoe, CHernen`koe, Urzhinskoe s prilegayushhej zabolochennoj territoriej",III,49.48,RUS,54.83762,39.97518
555709558,Krasnoe boloto,IV,28.51,RUS,54.76247,40.06690
555709561,Golubye ozera,III,134.75,RUS,43.23092,43.59305
555709563,Nizhne-Bannovskij,III,140.23,RUS,50.65505,45.60547
555709564,D`yakovskij les,III,170.50,RUS,50.70583,46.71692
555709566,Mitrofanovskij,IV,25.69,RUS,63.18492,55.96208
555709569,Dyunnyj,IV,63.60,RUS,55.24742,21.34570
555709571,Nizhne-Malkinskij,IV,448.33,RUS,43.71217,42.85192
555709576,Kudeyarova peshhera,III,55.05,RUS,52.14984,45.86246
555709600,Meshhyorskij (Meshherskij),IV,27.99,RUS,52.97302,37.88868
555709602,Iso-Ijyarvi,IV,63.83,RUS,61.61968,29.87712
555709603,Verhne-Kurpskij,IV,76.73,RUS,43.50883,44.42426
555709606,Enhalukskij,IV,145.19,RUS,52.42665,106.98822
555709613,Ozero Medvezh`e,III,57.88,RUS,55.19692,68.00498
555709618,Ozero Tere-Hol`,III,59.77,RUS,50.63214,97.41551
555709620,Tarysskie istochniki,III,30.20,RUS,50.39352,98.18049
555709630,Tersko-Aleksandrovskij,IV,131.14,RUS,43.55265,44.01099
555709638,Ozero Tore-Hol`,III,73.97,RUS,50.05885,95.07405
555709639,Ozero Hadyn,III,36.36,RUS,51.33451,94.52975
555709643,Solikamskij,IV,178.84,RUS,59.99060,56.83361
555709648,Klonovskij,IV,377.51,RUS,62.86489,43.51976
555709649,Sol`vychegodskij,IV,47.25,RUS,61.31915,46.77189
555709661,Boloto Minzelinskoe,III,27.38,RUS,55.60088,83.38216
555709663,Ubinskij ozerno-bolotnyj landshaft,III,60.73,RUS,55.44992,79.72844
555709664,Bolota CHistoe-Alapaevskoe i Strokinskoe,IV,77.90,RUS,58.14889,61.95960
555709668,Majskoe utro,IV,164.33,RUS,54.42897,78.10649
555709669,Vyatkinskij,IV,39.52,RUS,57.73819,56.77875
555709670,Oktyabr`skij,IV,228.29,RUS,56.55106,56.78780
555709671,Boloto Samohvalovskoe,IV,58.95,RUS,56.81269,64.94118
555709681,Sabarskij,IV,81.71,RUS,56.52194,58.80231
555709690,Reka Somnya,III,175.02,RUS,52.94825,138.27098
555709696,Kotlasskij,IV,124.36,RUS,61.59786,47.71884
555709700,Kol`cevaya struktura CHermzha,IV,30.85,RUS,59.80068,37.63814
555709706,Karagajskij,IV,184.26,RUS,54.12526,59.65750
555709707,Dvinskoj,IV,71.55,RUS,64.73850,40.07236
555709709,Luzinskaya Dacha,IV,300.88,RUS,55.24437,72.06928
555709714,Reka Nimelen,III,268.65,RUS,52.74123,135.73102
555709716,Ozero Ebejty,IV,100.00,RUS,54.64457,71.73421
555709718,Nerestovyj massiv Dianovskij,III,100.77,RUS,46.36117,48.66060
555709721,Boloto Kuplangskoe,III,57.78,RUS,56.41092,47.05950
555709730,Filatovskij,IV,171.26,RUS,61.69631,39.07103
555709731,Novorzhevskij,IV,105.30,RUS,57.16110,29.12809
555709734,Marijskoe Prisur`e,IV,64.13,RUS,56.10139,46.13856
555709738,YUrgamyshskij,IV,135.82,RUS,55.58801,64.40972
555709744,Tarusa,IV,472.72,RUS,54.98684,36.98340
555709747,Vazhskij,IV,147.05,RUS,61.22496,42.28583
555709748,Safakulevskij,IV,141.65,RUS,55.07949,62.36704
555709749,CHastoozerskij,IV,199.36,RUS,55.58719,68.06267
555709750,Arshinskij,IV,174.57,RUS,55.55038,59.80713
555709752,Redrovskij,IV,200.16,RUS,58.54193,35.05526
555709754,Verkol`skij,IV,508.70,RUS,63.80971,45.36765
555709756,Mishkinskij,IV,146.86,RUS,55.18811,63.98357
555709757,SHHuchanskij,IV,116.70,RUS,55.39145,62.59788
555709760,Reka SHanya s ohrannym landshaftom,III,28.82,RUS,55.07714,35.57812
555709774,Pustoshkinskij,IV,216.42,RUS,56.47654,29.53669
555709775,Morkinskij,IV,97.91,RUS,56.43094,49.20813
555709776,Loknyanskij,IV,133.44,RUS,56.71695,29.85930
555709778,Togashevskij,IV,34.16,RUS,56.75111,46.54425
555709780,Zelenaya zona goroda Groznogo,IV,204.77,RUS,43.28760,45.66481
555709781,Parabochevskij,IV,104.54,RUS,43.46458,46.22000
555709783,Atleka,IV,33.65,RUS,61.49589,37.74483
555709792,Ozero Polisto,III,82.42,RUS,57.15268,30.37628
555709797,SHajtan-Tau,IA,67.26,RUS,51.67063,57.43358
555709798,Bajkalovskij,IV,183.15,RUS,57.48501,63.97262
555709799,Kamyshlovskij,IV,345.47,RUS,56.80052,62.95503
555709800,Pyshminskij,IV,476.54,RUS,56.83549,63.32670
555709804,CHaryshskij,IV,524.01,RUS,51.05348,83.38193
555709805,Kumysnaya polyana,II,40.87,RUS,51.52779,45.91962
555709806,Bogdinsko-Baskunchakskij,IA,185.20,RUS,48.17011,46.89964
555709824,Ponojskij (zoologicheskij),IV,1157.91,RUS,67.17071,37.58979
555709825,Primorskij,IV,4129.89,RUS,65.51483,40.53389
555709828,Soyanskij,IV,3193.64,RUS,65.38785,42.05368
555709830,Svetlyj,IV,53.18,RUS,64.64601,50.76044
555709832,Kletnyanskij partizanskij les,III,76.37,RUS,53.25260,32.99978
555709838,CHut`inskij,IV,60.62,RUS,63.79015,53.39487
555709848,Rdejskij,IV,90.40,RUS,57.28459,30.93964
555709856,Boloto Ryzhuha,III,30.43,RUS,52.73517,34.40396
555709863,Kenozerskij,II,1406.23,RUS,61.94026,38.19681
555709865,SHuhi-Poktoj,IV,665.62,RUS,48.76338,132.51954
555709866,Poltavskij,IV,1417.31,RUS,43.97573,131.45857
555709874,SHarkan,II,165.67,RUS,57.38517,53.92730
555709878,Mud`yugskij,IV,30.08,RUS,64.91851,40.25335
555709880,SHultusskij,IV,114.61,RUS,61.67993,40.01979
555709892,Sredneussurijskij,IV,723.53,RUS,46.35592,133.98519
555709900,Raka-sitan-nyur,IV,29.90,RUS,63.35942,47.97948
555709903,Zlynkovskij,IV,128.61,RUS,52.39754,31.84078
555709918,Gavan`skie dubravy (Dubrava na levoberezh`e r.Desny),III,31.38,RUS,52.90975,34.01189
555709921,Hrebtovyj,IV,34.12,RUS,67.31882,65.03306
555709924,Hrebetnyur,IV,37.88,RUS,62.56578,56.65821
555709929,YArenskij,IV,373.51,RUS,62.53773,48.99325
555709962,Kedrovka,III,32.09,RUS,64.76772,57.59353
555709994,Ozero Palanskoe,III,810.11,RUS,58.79144,161.03328
555710003,Bol`she-Kasskij,IV,741.86,RUS,59.11816,90.06838
555710004,SHHel`yayurskij,IV,58.89,RUS,65.29453,53.66851
555710008,Partizanskie topi (Ivotok),IV,89.48,RUS,53.77303,34.26178
555710015,Karachevskij,IV,264.07,RUS,53.19256,35.14467
555710028,Ul`skoe boloto,III,66.72,RUS,60.19431,48.20929
555710035,Kolpiny,IV,88.12,RUS,52.38773,34.16689
555710043,Puchkomskij,IV,275.54,RUS,63.92023,46.79564
555710050,El`covskij,IV,177.39,RUS,53.36985,86.67035
555710063,Bredinskij,IV,424.39,RUS,52.27471,60.53447
555710069,Annenskij,IV,404.39,RUS,53.21140,60.28564
555710083,Surnarskij,IV,149.35,RUS,56.24878,50.18979
555710095,Verhov`ya reki Bol`shoj Sestry,IV,52.73,RUS,56.06309,36.29248
555710111,Gora SHunut-Kamen`,IV,51.88,RUS,56.51272,59.74522
555710113,Ozero Isetskoe s okruzhayushhimi lesami,IV,40.23,RUS,56.99546,60.41759
555710116,SHalinskij,IV,127.93,RUS,57.19180,58.50349
555710117,Bogdanovichskij im. A.A. Kiseleva,IV,564.53,RUS,56.75848,61.76306
555710119,Irbitskij,IV,682.75,RUS,57.68301,62.58476
555710120,Dobrovol`skij trakt,IV,85.67,RUS,58.60493,61.64275
555710152,Verhne-Andomskij,IV,40.30,RUS,61.48602,37.25484
555710160,Verhnyaya Strel`na,IV,68.67,RUS,60.45991,45.83282
555710168,CHusovskoj,IV,117.91,RUS,57.81549,58.72936
555710170,Ashit,IV,36.80,RUS,56.27345,49.38638
555710172,Kichke-Tan,IV,120.86,RUS,56.05852,52.89793
555710180,Zalesovskij,IV,299.78,RUS,54.33492,85.16901
555710183,Pankrushihinskij,IV,162.47,RUS,53.83451,80.20513
555710193,Valaamskij arhipelag,II,237.10,RUS,61.36300,31.08587
555710202,YAnsaevskij,IV,2225.83,RUS,58.74608,62.80352
555710206,Hotmyzhskij,II,109.93,RUS,50.62198,35.85781
555710211,Tapovskij,IV,494.71,RUS,57.15249,67.31564
555710214,Suprinskij,IV,253.40,RUS,58.16998,69.63505
555710229,Gorodishhenskij les,IV,111.04,RUS,60.23805,37.08611
555710232,Moshkarinskij,IV,175.80,RUS,56.99749,66.49148
555710236,Geofizicheskaya stanciya Lovozero,III,26.87,RUS,67.97646,35.07738
555710247,Alabuga,IV,230.72,RUS,57.03242,68.57583
555710251,Vikulovskij,IV,889.47,RUS,56.92413,70.09452
555710252,Kasmalinskij,IV,154.43,RUS,53.11123,82.53065
555710255,Kulundinskij,IV,166.55,RUS,53.24354,81.92874
555710256,Orlovskij,IV,1244.98,RUS,52.29856,129.08315
555710263,Pes`yanovskij,IV,105.26,RUS,56.42598,69.38955
555710264,Pinezhskij,IA,518.53,RUS,64.59789,42.99315
555710270,Kaleval`skij,IB,744.31,RUS,65.00654,30.00462
555710271,Stershinyj (uchastok h 2),IV,864.93,RUS,58.93407,67.60501
555710277,Bajgorovskij,IV,61.84,RUS,51.89365,39.91642
555710284,Torfyanoe boloto Dulesovskoe (Torfyanoe mestorozhdenie Dulevskoe),III,62.96,RUS,56.53788,53.88043
555710287,Majnskij,IV,82.13,RUS,54.37630,47.57146
555710290,Bazarnosyzganskij,IV,158.58,RUS,53.81384,46.91452
555710291,Surskie vershiny,IV,117.81,RUS,53.38378,46.93040
555710292,Zelenaya roshha,II,37.81,RUS,59.07281,37.84854
555710293,Sosnovskij,IV,80.66,RUS,54.13941,46.61447
555710294,CHeremshanskij,IV,61.58,RUS,54.16945,49.51859
555710297,SHilovskaya lesostep`,IV,79.79,RUS,54.04183,48.66301
555710302,Sredninskij bor,IV,82.88,RUS,57.84113,65.16000
555710306,Urus-Martanovskij,IV,250.34,RUS,42.98718,45.61243
555710316,Krasnoturanskij Bor,IV,401.22,RUS,54.23999,91.62507
555710317,Krasnoyarskij,IV,3539.99,RUS,55.97107,92.85586
555710324,Bashhelakskij,IV,107.63,RUS,51.34385,84.27400
555710327,Ugrimskij,IV,156.48,RUS,50.57374,36.36996
555710338,Boloto Bor,IV,55.21,RUS,59.34262,32.08635
555710341,Zaozerskaya akkumulyativnaya vodno-lednikovaya gryada,III,26.68,RUS,58.39313,33.12398
555710352,Spasskie mhi,IV,410.12,RUS,58.92841,32.64484
555710362,Poluostrova Rybachij i Srednij,II,830.59,RUS,69.76200,32.44179
555710363,Pokrovskij,IV,156.62,RUS,50.76335,38.34594
555710367,Emeshevskij,IV,51.33,RUS,56.26012,46.35602
555710370,Trirech`e,IV,95.82,RUS,50.75662,36.32781
555710376,Kadinskij,IV,509.74,RUS,54.83452,101.20056
555710380,Ozero Itkul`,III,30.32,RUS,56.15087,60.51948
555710381,Kebezhskij,IV,222.63,RUS,53.27384,92.71957
555710383,Pereluchskij,IV,66.81,RUS,58.23748,34.59297
555710386,Ust`-Volmskij,IV,41.09,RUS,58.49316,32.23895
555710393,Ognyanskij,IV,1074.97,RUS,59.46104,95.25870
555710396,Motyginskoe mnogoostrov`e,IV,123.07,RUS,58.08097,94.64832
555710399,Pushkariha,IV,214.53,RUS,55.22500,91.72081
555710400,Prichulymskij,IV,431.19,RUS,56.41716,90.10782
555710406,Dmitrievskij,IV,285.18,RUS,51.20393,38.10812
555710426,Agryzskij,IV,294.52,RUS,56.14264,53.40655
555710429,SHumbutskij,IV,207.18,RUS,55.51062,50.65482
555710431,Bilyarskij,IV,121.80,RUS,54.90386,50.52959
555710432,Meshinskij (YAntykovskij),IV,1500.91,RUS,55.67652,50.18311
555710433,"Bolotnaya sistema Novlenskoe (bolota Novlenskoe, Pyhanskoe, CHernoe)",IV,62.63,RUS,58.49801,39.69362
555710453,Len`yunyur (Len`yu-Nyur),IV,92.71,RUS,64.45199,53.49778
555710460,Onskij,IV,192.37,RUS,65.00561,46.67121
555710464,Sujginskij lesopark,III,29.02,RUS,57.87832,84.43520
555710466,Prilepinskij,IV,161.71,RUS,50.96893,37.58302
555710469,CHurovichskij,IV,65.48,RUS,52.18512,31.93653
555710478,Bol`shaya Pashkina,IV,513.15,RUS,52.45515,91.53721
555710480,CHukchinskoe,IV,979.67,RUS,66.01284,52.03679
555710481,Bol`she-Kemchugskij,IV,718.39,RUS,56.40754,91.69745
555710482,Zaozerskij,IV,25.06,RUS,60.82497,50.33389
555710487,Berezovaya dubrava,IV,275.33,RUS,55.67299,89.72704
555710490,Bol`shemurtinskij,IV,843.97,RUS,56.83037,93.33615
555710498,Tajmyrskij,IA,17772.18,RUS,74.33090,104.86145
555710501,Nebesanyur (Nebesa-Nyur),IV,268.76,RUS,66.55955,56.53594
555710502,Voronezhskaya nagornaya dubrava,IV,70.61,RUS,51.80858,39.25267
555710503,Severozemel`skij,IV,5146.88,RUS,79.42416,97.51562
555710509,Medvedskij bor,III,113.34,RUS,57.46475,50.11119
555710510,Hanata,IV,518.41,RUS,47.67817,44.73896
555710522,Sostinskij,IV,431.50,RUS,45.37158,45.50441
555710530,SHilovskij,IV,331.32,RUS,61.77514,45.56199
555710533,Surskij,IV,141.35,RUS,63.60587,45.90802
555710534,Omutinskij,IV,47.66,RUS,56.30931,67.59236
555710538,Pozhegskij,IV,111.97,RUS,61.99552,54.00682
555710543,Ergaki,II,3448.00,RUS,52.67216,93.35565
555710565,Don-Ty,IV,187.01,RUS,61.59474,54.03772
555710569,Pizhemskij,IV,1044.72,RUS,64.79337,51.04282
555710571,Ezhugskij,IV,497.47,RUS,64.11224,46.03783
555710572,Lymva,IV,126.44,RUS,62.24542,53.23865
555710578,Roven`skij,IV,88.90,RUS,49.95028,39.06246
555710585,Sever Mshinskogo bolota,IV,152.45,RUS,59.16257,30.22930
555710587,Pogromskij,IV,165.94,RUS,50.38727,37.74657
555710612,Sindorskij,IV,128.10,RUS,62.73653,51.92713
555710614,Simvinskij,IV,44.70,RUS,62.88251,51.82614
555710616,Vymskij,IV,2863.28,RUS,63.74580,51.14991
555710619,Ur-El`-Nyur (Ur`el`nyur),IV,47.34,RUS,61.89157,52.45452
555710624,Ilychskij,IV,3481.54,RUS,62.84578,57.87402
555710625,Okean,IV,1787.82,RUS,66.31967,53.22205
555710628,Hopkovskij i Kletchatyj,IV,66.80,RUS,66.13429,52.73631
555710635,Un`inskij,IV,1427.89,RUS,61.70771,58.49576
555710636,Semilukskij,IV,26.41,RUS,51.75654,39.05105
555710638,Udorskij,IV,2412.50,RUS,64.18543,50.11422
555710639,Uchastok reki Pechora,IV,918.34,RUS,61.98588,58.63366
555710644,Usinskij kompleksnyj,IV,1405.87,RUS,65.71886,57.21630
555710647,Tyb`yunyur (Tyb`yu-Nyur),IV,688.32,RUS,62.55393,51.82316
555710649,Nyumlyginskij,IV,55.36,RUS,62.53141,56.30522
555710652,Syninskij,IV,1386.87,RUS,65.47789,58.12089
555710653,Sebys`,IV,1717.63,RUS,64.52827,54.33347
555710656,Suskin el`,IV,29.77,RUS,63.07101,54.15332
555710658,Sula-Har`yaginskij,IV,64.74,RUS,66.88174,51.98856
555710661,Nadpojmennyj,IV,122.45,RUS,66.27630,57.36841
555710662,YUil,IV,36.17,RUS,61.55296,50.44757
555710667,Pobyl`nichanyur,IV,52.73,RUS,64.04582,57.54155
555710673,Nemskij,IV,360.81,RUS,61.66672,55.53329
555710674,Syv`yudorskij,IV,122.99,RUS,62.75067,52.83873
555710675,Vizingskij,IV,245.47,RUS,61.35666,49.84366
555710678,bez nazvaniya,IV,26.13,RUS,63.38522,48.74978
555710680,Kajgorodkanyur,IV,32.32,RUS,64.28823,57.56121
555710681,Levoberezhnyj,IV,57.38,RUS,65.36159,56.94080
555710688,Lar`kovskij,IV,160.73,RUS,66.26210,52.75125
555710696,Lunvyvnyur,IV,32.21,RUS,61.79566,51.44622
555710699,Lesnoj,IV,87.96,RUS,58.20623,35.33062
555710701,Purganyur,IV,56.43,RUS,64.96715,57.37760
555710702,Rameshkovskij,IV,138.35,RUS,57.33360,35.92629
555710703,Novikkush,IV,37.73,RUS,61.98018,52.99838
555710707,Debo (Debo),IV,32.77,RUS,62.50457,50.38343
555710708,Pon`yu-Zaostrennaya,IV,70.29,RUS,66.31229,59.02367
555710709,Vychegda,IV,340.07,RUS,62.45712,55.29422
555710713,Kuzobnyur (Kuzob-Nyur),IV,33.73,RUS,61.83013,53.30873
555710717,Leknyur,IV,167.08,RUS,64.08653,57.38728
555710720,Visherskij,IV,104.03,RUS,62.45267,52.03550
555710721,Belyj,IV,77.94,RUS,62.07817,50.38855
555710726,Martyushevskoe,IV,118.46,RUS,62.63527,56.36196
555710729,Koschovcha,IV,94.78,RUS,63.23449,48.15724
555710730,Korabel`naya chashha,IV,33.33,RUS,62.60676,47.29194
555710737,Bol`shoe,IV,38.68,RUS,61.85399,52.10571
555710741,Adak,IV,26.69,RUS,66.49332,59.59320
555710743,CHuhlomskij Vad-Egyr,IV,26.64,RUS,61.24782,50.01137
555710747,Verhne-Lokchimskij,IV,425.68,RUS,61.50895,52.32331
555710748,Rodniki,IV,162.03,RUS,51.13761,38.98980
555710756,Lebyazh`e,IV,27.79,RUS,57.00991,65.54517
555710760,Uporovskij,IV,65.93,RUS,56.20374,66.17961
555710761,Boloto Isakovskoe,IV,45.17,RUS,58.77417,39.66760
555710779,CHumajsko-Irkutyanovskij,IV,267.44,RUS,55.64225,87.91152
555710784,Kozskij,IV,112.13,RUS,58.45580,40.02626
555710799,Bekel`deul`,IV,1048.61,RUS,53.94287,127.68350
555710800,Andreevskij,IV,761.56,RUS,49.79230,130.57663
555710805,CHerustinskij les,IV,228.30,RUS,55.44268,40.06586
555710830,Bushkovskij les,IV,92.80,RUS,57.11251,49.51899
555710831,Burejskij,II,1313.87,RUS,49.98715,130.20355
555710832,Gerbikanskij,IV,866.48,RUS,52.68090,132.03935
555710833,Blagoveshhenskij,IV,61.59,RUS,50.59110,127.65878
555710851,Krasnogorskij,IV,63.72,RUS,48.57647,141.98496
555710854,Ereminskij,IV,51.75,RUS,56.36216,70.56219
555710857,Amurskij,IV,164.48,RUS,49.65182,128.30557
555710866,Naumovskij,IV,102.25,RUS,58.37379,40.87325
555710876,Lachskij,IV,83.80,RUS,61.21884,38.64957
555710882,Krymskij,IV,209.22,RUS,45.09562,37.94730
555710883,Belorechenskij,IV,102.34,RUS,44.76519,39.73436
555710898,Muromskij,IV,597.56,RUS,55.92221,42.39792
555710910,Lesa zapadnoj chasti Borshhevskogo lesnichestva,IV,53.83,RUS,56.54303,36.81883
555710911,Pobochinskaya lesnaya dacha,III,25.98,RUS,51.93972,45.65091
555710918,Nizhne-Norskij,IV,302.79,RUS,52.50335,129.92417
555710919,Norskij,IA,2051.57,RUS,52.72780,130.33842
555710939,Iverskij,IV,500.78,RUS,51.76625,128.65629
555710940,Hingano-Arharinskij,IV,537.21,RUS,49.54985,130.79757
555710941,Krasnaya gorka,IV,131.74,RUS,44.99766,37.57427
555710942,Urkanskij,IV,1417.54,RUS,54.22216,125.34798
555710943,Olekminskij,IV,3691.50,RUS,55.97089,121.49628
555710944,Ul`minskij,IV,1891.41,RUS,51.79302,130.21629
555710945,Ust`-Tygdinskij,IV,935.89,RUS,52.69081,127.82985
555710946,Urushinskij,IV,371.88,RUS,53.58383,122.73066
555710947,Tashinskij,IV,1891.57,RUS,50.94811,129.98914
555710950,Verhne-Amurskij,IV,507.01,RUS,53.50720,123.84127
555710954,Magdagachinskij,IV,1045.15,RUS,53.63205,125.87962
555710955,Mal`mal`ta,IV,137.53,RUS,50.36847,130.81500
555710956,Lopchinskij,IV,1431.86,RUS,55.66602,122.32773
555710984,Boloto Suhoe,IV,40.20,RUS,58.66351,39.04636
555710990,Kochergatskij,IV,125.32,RUS,52.14362,105.15907
555710991,SHorskij,IV,107.85,RUS,56.22237,49.11466
555710993,CHatyr-Tau,IV,41.48,RUS,54.88386,53.40171
555710994,Stepnoj imeni A.I.SHHepovskih,IV,58.30,RUS,54.51137,52.29849
555710995,Bol`shoe Kosinskoe boloto,IV,25.13,RUS,59.48987,54.13196
555711008,Tihoe (Tihonovskoe) boloto,IV,30.72,RUS,58.80744,56.66395
555711009,Hasautskij,IV,423.17,RUS,43.59576,42.49607
555711010,Labinskij,IV,112.03,RUS,43.74764,40.92276
555711011,Damhurc,IV,331.57,RUS,43.67613,40.81802
555711012,El`burganskij,IV,158.25,RUS,44.07414,41.87995
555711022,Pozarym,IV,2537.27,RUS,51.79707,89.28712
555711023,Ust`-Medvedickij,II,502.52,RUS,49.55360,42.60595
555711024,Nizhnehoperskij,II,2307.10,RUS,50.10669,42.21425
555711025,El`tonskij,II,1054.03,RUS,49.17735,46.69432
555711030,Beringiya,IB,18173.64,RUS,65.86150,-172.31129
555711040,Maruhskij,IV,505.04,RUS,43.50402,41.48843
555711047,Reka CHusovaya,II,863.52,RUS,57.46043,59.18126
555711050,Rezhevskoj,IV,342.25,RUS,57.34880,61.03121
555711052,Olen`i ruch`i,II,125.80,RUS,56.53119,59.24593
555711059,Bezhtinskij,IV,432.21,RUS,42.24741,45.98146
555711061,Bazhovskie mesta,II,384.08,RUS,56.42798,60.65144
555711067,Monastyrskij,IV,159.25,RUS,63.42530,44.65826
555711068,Kolyvanskij borok,III,102.86,RUS,51.36014,82.60140
555711072,Kosobsko-Kelebskij,IV,816.28,RUS,42.25464,46.33712
555711073,Kasumkentskij,IV,247.84,RUS,41.61826,47.96996
555711079,Educhanskij,IV,458.68,RUS,57.42546,101.93493
555711083,Verhneamurskij,IV,2394.52,RUS,53.33024,120.85920
555711084,Lebedinye ozera (Okunajskij),IV,2134.03,RUS,56.08697,108.62474
555711112,CHajskij,IV,242.91,RUS,57.85876,110.14017
555711116,Cna,IV,57.29,RUS,55.35425,39.36660
555711118,Kirejskij,IV,291.47,RUS,53.81362,100.46722
555711120,Zulumajskij,IV,656.70,RUS,53.74885,100.83527
555711130,Orlovskij,IV,85.50,RUS,56.17796,68.55288
555711146,Boloto Zapovednoe,III,36.55,RUS,65.12527,32.68453
555711147,Ugranskij,IV,178.93,RUS,54.85702,33.94115
555711153,Tal`sko-Garevskij,IV,348.94,RUS,56.64890,92.91678
555711154,Solgonskij kryazh,IV,1146.96,RUS,55.54234,90.56927
555711155,Tajbinskij,IV,673.62,RUS,54.61019,96.02675
555711165,SHumyachskij,IV,187.47,RUS,53.92366,32.30434
555711168,Tohtaj,IV,158.61,RUS,53.05655,92.63312
555711174,Baltasinskij,IV,34.52,RUS,56.31812,50.23079
555711178,Klyaz`minskij,IV,193.43,RUS,56.49705,41.62388
555711184,Azas,IA,3338.08,RUS,52.50541,97.58970
555711185,Pelikanij (Ondatrovyj),IV,26.03,RUS,53.44925,78.86460
555711201,Mamontovskij,IV,98.28,RUS,52.64159,81.54968
555711208,Ust`-CHumyshskij,IV,70.74,RUS,53.55058,83.17247
555711216,Ershichskij,IV,262.77,RUS,53.69763,32.90244
555711217,Karasevskaya lesnaya dacha,IV,32.73,RUS,54.98058,38.65980
555711218,ZHuravlinaya rodina,IV,119.74,RUS,56.73773,37.87010
555711219,Velizhskij,IV,207.61,RUS,55.49135,31.07060
555711222,El`ninskij,IV,199.01,RUS,54.43693,32.87425
555711223,Gagarinskij,II,607.45,RUS,55.85392,34.88562
555711236,Konoshskij,IV,80.24,RUS,60.80641,40.31456
555711237,Habykskij,IV,81.65,RUS,54.48747,92.20745
555711238,CHulymskij,IV,154.82,RUS,57.49271,89.42925
555711240,Ubejsko-Salbinskij,IV,157.73,RUS,54.89090,91.60788
555711241,Makovskij,IV,1317.02,RUS,58.18118,90.26943
555711243,Kologrivskij les,IA,592.61,RUS,58.49349,44.20700
555711244,Sisimskij,IV,380.89,RUS,54.79243,93.15467
555711247,Ozero Tunajcha,III,215.32,RUS,46.76948,143.21777
555711250,Kozhozerskij,IV,2030.94,RUS,63.03636,37.90121
555711251,Belozerskij,IV,316.25,RUS,59.71120,37.86173
555711259,Anashenskij bor,III,60.34,RUS,54.90691,91.12502
555711264,SHemogodskij,IV,213.05,RUS,60.79374,46.64272
555711273,CHermozskoe boloto,IV,41.08,RUS,58.75880,56.04945
555711279,Vozhegodskij,IV,165.68,RUS,60.64609,40.91241
555711281,Arej,II,35.92,RUS,51.00108,111.24247
555711283,Argalejskij,IV,109.57,RUS,51.29155,114.03653
555711284,Kemskij,IV,239.42,RUS,59.28182,44.84554
555711310,Ozero Nero,III,54.53,RUS,57.16233,39.41996
555711315,Hutinskij,IV,1076.23,RUS,52.60530,94.64132
555711317,Tapsinskij,IV,1089.51,RUS,51.95212,94.96994
555711318,Ka'kskij,IV,644.37,RUS,51.35685,93.52225
555711325,Zyuratkul`,II,889.40,RUS,54.79417,59.05354
555711326,YUzhno-Ural`skij,IA,2345.97,RUS,54.26066,58.10368
555711341,Il`inskij,IV,83.11,RUS,57.33125,38.64326
555711347,Vostok Finskogo zaliva (Ingermanlandskij),IA,152.25,RUS,60.11701,27.61960
555711353,Ozero Tiberkul`,III,70.72,RUS,53.89886,94.03433
555711356,Verhne-Volzhskij,IV,141.67,RUS,57.69482,38.48969
555711363,Hutinskij,IV,805.67,RUS,49.50459,139.30383
555711370,Lesnoj klyuch,IV,238.66,RUS,55.55749,48.87611
555711371,Ul`durginskij,IV,453.85,RUS,52.26998,114.66624
555711373,Manominskij,IV,341.88,RUS,49.56863,137.79272
555711374,Hor-Muhen (Hor-Muhenskij),IV,182.75,RUS,48.43965,136.69356
555711376,Ust`e reki Meshi,IV,127.52,RUS,55.39201,49.38649
555711381,ZHura,IV,270.54,RUS,55.32047,90.95191
555711382,"Centr ohrany prirody ""Zejskij""",II,36.67,RUS,51.05428,127.86512
555711386,Oloneckij,IV,240.13,RUS,60.75197,32.99242
555711393,Iglovskij bolotnyj massiv,III,45.24,RUS,56.85163,84.53682
555711394,Bolotnaya sistema Uluh-CHayah,II,116.74,RUS,57.42381,88.76417
555711396,Sosnovye bory Prichet`ya,II,37.28,RUS,57.10233,88.25223
555711403,Gornaya Adygeya,II,57.68,RUS,43.98176,39.83330
555711409,Mininskie Stolby,III,43.85,RUS,56.00311,92.37220
555711412,Geograficheskij centr Rossijskoj Federacii,III,122.33,RUS,66.42456,94.23306
555711421,Ozero Svetlen`koe,III,41.06,RUS,59.41762,88.86485
555711422,Ob`-Enisejskij soedinitel`nyj vodnyj put`,III,59.01,RUS,59.32193,88.93920
555711423,"Boloto Sandilovo, vklyuchaya Luzhenskoe, Russkogornoe",IV,36.16,RUS,57.60490,34.88721
555711429,Krasnoyarskie Stolby,II,472.20,RUS,55.83139,92.85438
555711431,Taganaj,II,576.48,RUS,55.34236,59.81905
555711446,Eerbekskij,IV,246.66,RUS,51.83471,93.90450
555711462,CHaa-Hol`skij,IV,238.22,RUS,51.14463,92.30550
555711467,Babushkinskij,IV,239.24,RUS,59.88413,43.02898
555711478,Ozero Mastah,III,41.03,RUS,64.48550,122.47566
555711481,Ozero Ulahan Kyuel`,III,110.45,RUS,67.79178,124.23657
555711483,Ozero Ulahan Kyuel`,III,69.38,RUS,72.56227,118.53486
555711485,Boloto Bol`shoe u der.SHalimovo,IV,42.32,RUS,57.80950,38.61304
555711486,Ozero Myuryu,III,46.04,RUS,62.66572,131.10374
555711489,Ozero D`engkyude (Ozero Dengkyude),III,56.01,RUS,63.56668,119.04793
555711490,Ozero Bol`shoe Toko i konechno-morennyj landshaft,III,109.17,RUS,56.08008,130.98363
555711491,Ozero Byranattalaah (Byranattalah),III,71.11,RUS,63.70531,124.41800
555711492,Kuchenevskij,IV,191.07,RUS,58.45374,39.57327
555711500,Baskunchak,II,392.40,RUS,48.16787,46.94847
555711511,Sochinskij nacional`nyj park,II,2076.94,RUS,43.76682,39.80868
555711512,Goryacheklyuchevskoj (Goryache-Klyuchevskoj),IV,426.90,RUS,44.48771,38.95950
555711522,Guberlinskie gory,IV,1059.14,RUS,51.24704,57.81297
555711526,Dovolenskij,IV,734.92,RUS,54.65998,79.92098
555711546,Hunzahskij,II,27.24,RUS,42.59616,46.49012
555711550,Marij CHodra,II,381.16,RUS,56.13256,48.43692
555711557,Mangazerskij,IV,104.50,RUS,55.46999,78.01149
555711560,Legostaevskij,IV,325.31,RUS,54.71072,83.91768
555711571,Ozero Gassi,III,44.90,RUS,49.04823,136.43405
555711578,Bashkirskij,IA,496.70,RUS,53.40425,57.96210
555711592,Bolota Solodiha i Morskoe,IV,65.21,RUS,57.73908,37.65601
555711594,Kava,IV,6068.09,RUS,59.69509,146.32396
555711607,Kzyladyrskoe karstovoe pole,III,36.00,RUS,51.18222,56.92981
555711609,Psebajskij,IV,370.80,RUS,44.02829,40.58733
555711612,Floristicheskij,IV,89.95,RUS,57.98678,38.32319
555711613,Volzhskie prostory,IV,290.76,RUS,55.60881,48.85118
555711614,Aginskaya step`,IV,449.45,RUS,50.70714,114.90796
555711615,Nikishinskij,IV,645.62,RUS,52.36506,114.17341
555711617,Borzinskij,IV,605.97,RUS,51.29508,118.57324
555711621,Gorodskoj lesopark Lebyazh`e,II,27.73,RUS,55.84102,48.93266
555711622,Butungarskij,IV,837.67,RUS,50.91071,109.40237
555711623,Dzhilinskij,IV,1198.14,RUS,50.72478,112.17646
555711624,Olengujskij,IV,664.20,RUS,50.98490,112.61555
555711626,Turovskij,IV,411.36,RUS,51.83754,118.17910
555711628,Uryumkanskij,IV,255.17,RUS,51.70509,119.01398
555711629,CHitinskij,IV,1228.10,RUS,52.77951,114.39340
555711632,Semenovskij,IV,478.06,RUS,51.43199,116.22052
555711633,Sredneargunskij,IV,2059.52,RUS,51.79482,120.04419
555711637,Parfen`evskij,IV,95.76,RUS,58.01610,37.65062
555711640,Alfyorovskij,IV,105.06,RUS,58.18733,38.15197
555711652,Kedrovye lesa,III,45.09,RUS,45.19610,135.37599
555711659,Hoso,II,1227.08,RUS,49.78877,137.84496
555711660,Gornaya step`,IV,52.74,RUS,49.42163,112.01291
555711661,Suetskij,IV,205.86,RUS,53.15694,79.78420
555711662,Sokolovskij,IV,401.15,RUS,52.54627,84.67822
555711663,Reliktovye duby,IV,303.86,RUS,52.73114,120.13991
555711664,Vyazemskij,II,328.79,RUS,47.40722,134.87823
555711666,SHeremet`evskij,II,45.63,RUS,47.32477,134.22846
555711669,Simminskij,IV,410.08,RUS,49.47435,135.27448
555711679,Matajskij,IV,237.96,RUS,47.44046,135.65262
555711681,Rostovskij,IA,96.18,RUS,46.41260,42.87460
555711685,Nizhnyaya Kama,II,267.05,RUS,55.77325,52.21618
555711686,Voroninskij,IA,103.18,RUS,52.44712,42.58401
555711687,Kostomukshskij,IA,495.46,RUS,64.45985,30.33280
555711689,CHukozero,III,191.30,RUS,62.51889,37.42555
555711690,Bol`shehehcirskij,IA,453.24,RUS,48.18874,134.89836
555711691,CHernogor`e,IV,52.05,RUS,44.11459,39.77156
555711692,Ozero CHagytaj,III,51.02,RUS,51.01594,94.73673
555711695,Ozero Sut-Hol`,III,37.93,RUS,51.51898,91.16269
555711710,Polistovskij,IA,378.40,RUS,57.15199,30.55845
555711711,Oldondinskij,IV,474.34,RUS,50.76099,117.04107
555711713,Zav`yalovskij,IV,132.83,RUS,52.91575,81.18104
555711714,Horskij,IV,641.23,RUS,47.87850,136.33480
555711715,Aleusskij,IV,246.90,RUS,54.02988,80.91425
555711716,Volchihinskij,IV,327.96,RUS,51.95695,80.61721
555711723,SHevyrlyaevskij,IV,207.00,RUS,54.12120,41.50957
555711724,CHurikovskij,IV,106.60,RUS,53.98928,39.22247
555711725,Toninskij,IV,115.94,RUS,54.61000,40.56481
555711726,Boriskovskij,IV,119.31,RUS,54.80321,40.14400
555711727,Mokshinskij,IV,158.44,RUS,54.67741,41.98017
555711728,Boloto Maloe ZHab`e,IV,41.19,RUS,55.27810,40.16271
555711732,Kojgorodskij,II,566.99,RUS,59.81110,50.16780
555711736,SHajdomskij,IV,303.23,RUS,62.74245,34.13764
555711737,Boloto Vazhinskoe,III,92.96,RUS,61.37825,33.51187
555711742,Urochishhe Plato Ozernoe,III,36.14,RUS,45.87230,136.62264
555711756,Dolina kedrov,III,37.75,RUS,44.09981,135.03220
555711765,Zilim,II,366.52,RUS,54.01331,56.96463
555711766,Nyazepetrovskij,IV,85.23,RUS,56.13128,59.53350
555711767,Ust`-Reckij,IV,318.29,RUS,59.93263,40.85422
555711768,Totemskij,IV,926.30,RUS,60.18847,43.20536
555711770,Tufanovskij,IV,224.18,RUS,59.07383,40.54394
555711771,Vostochno-Ural`skij,IA,170.00,RUS,55.85403,60.95007
555711777,Nizhne-Kubenskij,IV,192.51,RUS,60.06452,39.91655
555711792,Neneckij,IA,3133.10,RUS,68.76090,56.38770
555711796,Gydanskij,II,8780.97,RUS,72.39732,76.83124
555711798,Visherskij,IA,2421.21,RUS,61.28048,59.03249
555711799,Utrish,IA,101.33,RUS,44.73829,37.47316
555711801,Surchinyj,IV,666.61,RUS,53.94753,157.51884
555711804,Synsko-Vojkarskij,IV,2913.24,RUS,65.86816,63.34509
555711805,Dvinsko-Pinezhskij,IV,3003.98,RUS,63.13813,44.29897
555711807,ZHupanovskij liman,IV,29.33,RUS,53.62477,159.86651
555711817,Olenij dol,IV,709.11,RUS,52.47796,157.69411
555711818,Komissarovskij,IV,1163.72,RUS,44.71005,131.36550
555711822,Strel`nikov,IV,117.45,RUS,46.68270,134.23192
555711823,Akshinskij,IV,665.37,RUS,50.39790,112.68482
555711824,Nel`minskij,IV,442.27,RUS,47.62019,139.09134
555711825,Dubynskij,IV,118.02,RUS,55.56645,68.87188
555711826,Bol`shoe Kayukovo,III,57.52,RUS,60.30690,73.60793
555711830,Untorskij,IV,864.33,RUS,62.60587,65.10560
555711831,Surgutskij,IV,1145.73,RUS,61.05471,74.03596
555711838,Kotel`skij,IV,161.04,RUS,59.66496,28.58455
555711840,Ponojskij (rybohozyajstvennyj),IV,4182.80,RUS,67.16117,39.40332
555711841,Kaspijskij,IV,362.19,RUS,45.45800,47.31269
555711843,Tajgonos,IV,6336.33,RUS,61.12873,160.73223
555711844,Ostrovnoj,IV,828.68,RUS,44.67025,147.19833
555711846,Ust`-Lenskij,IA,14029.64,RUS,72.91764,125.85465
555711850,Nerestovyj massiv Kalininskij,III,34.93,RUS,46.34972,48.90013
555711852,Laguna Busse,III,59.67,RUS,46.53442,143.30179
555711854,Routan,III,48.57,RUS,69.74307,170.15540
555711855,Guba Ivanovskaya,III,83.53,RUS,68.26133,38.68359
555711857,Vlas`evskie torfyaniki,IV,28.06,RUS,53.50956,140.87315
555711861,CHastye ostrova,IV,49.00,RUS,52.47726,141.32442
555711864,Agrahanskij,IV,406.53,RUS,43.80040,47.61027
555711873,Magadanskij,IA,8970.44,RUS,61.40497,150.56446
555711878,Tulomskij,IV,325.88,RUS,68.64688,32.30475
555711880,Leopardovyj,IV,1841.73,RUS,43.25742,131.39994
555711881,YAnskie mamonty,IV,20694.29,RUS,71.62830,138.39355
555711887,Laplandskij les,IV,1739.69,RUS,68.31999,30.40946
555711888,Kutsa,IV,486.23,RUS,66.72355,30.24505
555711889,Simbozerskij,IV,401.13,RUS,67.93087,33.59883
555711890,Hibiny,II,910.49,RUS,67.74687,33.76660
555711891,Kolvickij,IV,425.35,RUS,67.18715,33.42919
555711892,Varzugskij,IV,447.57,RUS,66.76572,36.22730
555711893,Pasvik,IA,147.52,RUS,69.27109,29.59064
555711895,Sejd'yavvr`,IV,170.15,RUS,67.80747,34.81594
555711896,Kanozerskij,IV,666.65,RUS,66.96777,34.51180
555711897,Murmanskij tundrovyj,IV,3001.86,RUS,67.92039,37.97883
555711899,Nurgush,IA,236.17,RUS,58.87475,49.31743
555711901,Volzhsko-Kamskij,IA,116.70,RUS,55.59742,49.01134
555711904,Severo-Osetinskij,IA,293.58,RUS,42.83150,44.06699
555711905,Kabardino-Balkarskij vysokogornyj,IA,803.43,RUS,43.06188,43.23511
555711906,Il`menskij im. V. I. Lenina,IA,355.46,RUS,53.97774,59.94395
555711907,Malaya Sos`va,IA,2235.26,RUS,62.14102,64.19978
555711908,YUganskij,IA,6251.30,RUS,59.82721,74.66378
555711910,Kuzneckij Alatau,IA,4018.16,RUS,54.54635,88.42952
555711911,Hakasskij,IA,3105.96,RUS,53.08698,89.71013
555711913,Verhne-Kondinskij,IV,2461.06,RUS,61.02889,63.66886
555711914,Ryazanskij,IV,362.08,RUS,54.57904,41.11691
555711915,Cejskij,IB,283.46,RUS,42.93257,44.27953
555711916,Tofalarskij,IV,1248.78,RUS,54.32706,95.95342
555711921,Dzherginskij,IA,2383.96,RUS,55.14333,111.52974
555711923,Alaniya,II,559.33,RUS,42.87128,43.65704
555711924,Buzulukskij bor,II,1097.63,RUS,53.09721,51.79772
555711926,Russkij Sever,II,1714.70,RUS,59.99752,38.53707
555711927,Samarskaya Luka,II,1305.59,RUS,53.29410,49.66746
555711928,Smol`nyj,II,364.99,RUS,54.79227,45.34924
555711929,Hvalynskij,II,252.23,RUS,52.52899,47.91613
555711930,SHushenskij bor,II,393.21,RUS,53.00744,91.68661
555711931,Altachejskij,IV,770.57,RUS,50.93144,107.29887
555711933,Bairovskij,IV,663.68,RUS,56.09140,73.00121
555711936,Krasnyj yar,IV,569.39,RUS,52.52274,105.07186
555711937,Sovetskij,IV,1297.61,RUS,42.66098,45.61622
555711938,Stepnoj,IV,1141.85,RUS,54.52189,75.54246
555711939,Surskij im.S.A.Buturlina,IV,238.38,RUS,54.59846,46.94374
555711940,Tyumenskij,IV,558.13,RUS,57.52097,65.15262
555711941,Cimlyanskij,IV,431.51,RUS,47.89723,42.56400
555711943,Momskij,II,19504.41,RUS,65.51392,146.27887
555711944,Ust`-Vilyujskij,II,9442.26,RUS,65.18982,126.08905
555711945,Kolyma,II,22041.90,RUS,67.61455,156.92604
555711948,Ozero Dzheka Londona,II,34.19,RUS,62.07232,149.52063
555711949,Numto,II,5768.72,RUS,63.73668,70.77973
555711950,Sibirskie uvaly,II,2948.06,RUS,62.58311,81.41424
555711952,Ilola,IV,38.19,RUS,60.43999,29.53918
555711955,Lisinskij,IV,294.03,RUS,59.43774,30.63797
555711958,Ozero Melkovodnoe,IV,44.62,RUS,60.81735,29.45490
555711962,Gryada Vyaryamyansel`kya,IV,76.13,RUS,60.60912,30.00519
555711963,Rakovye ozera,IV,105.21,RUS,60.63520,29.38839
555711964,SHalovo-Perechickij,IV,59.43,RUS,58.78120,29.98081
555711966,Gladyshevskij,IV,76.30,RUS,60.25948,29.42489
555711971,Vepsskij les,II,1904.48,RUS,60.25674,34.82774
555711988,ZHivye almazy YAkutii,II,319.11,RUS,62.63369,113.43971
555711989,Soloschu,IV,141.92,RUS,61.97705,128.99008
555712052,Ozero Dapdary,IV,232.68,RUS,67.44935,133.78925
555712053,Ozero Abyrabyt,IV,2865.69,RUS,69.32507,135.54650
555712054,Ozero Namy,IV,542.90,RUS,69.18562,134.14015
555712055,Oyun-yuryage,IV,2500.25,RUS,69.62927,133.84983
555712056,reka Kyuchyus,IV,1463.96,RUS,69.80470,134.64175
555712057,reka Nel`gese,IV,4346.32,RUS,65.64970,134.30897
555712058,reka Nenneli,IV,831.13,RUS,68.52630,137.15830
555712059,reka Suruktah,IV,495.71,RUS,65.20815,132.69676
555712060,reka Haltysy,IV,2436.54,RUS,66.49775,133.91170
555712061,reka Echij,IV,5508.41,RUS,66.62790,130.86005
555712062,Inderkej,IV,404.71,RUS,64.89910,132.30415
555712065,Volgo-Ahtubinskoe mezhdurech`e,II,147.39,RUS,47.54626,46.73824
555712066,Donskoj,II,373.82,RUS,49.10837,43.93021
555712067,SHHerbakovskij,II,239.27,RUS,50.40572,45.72089
555712068,Ozernyj,IV,331.39,RUS,57.53980,103.61256
555712069,Razdol`nyj,IV,141.79,RUS,55.49122,85.13770
555712070,Vogulka,IV,647.16,RUS,63.89847,64.26060
555712071,Sorumskij,IV,1481.84,RUS,64.05788,68.33076
555712073,Severnyj,IV,1314.97,RUS,56.46563,79.75573
555712078,Berezovskoe boloto,IV,28.32,RUS,60.27816,56.56102
555712137,Zubcovskij zoologicheskij zakaznik,IV,216.23,RUS,56.02144,34.57259
555712164,Ivano-Arahlejskij,II,2092.95,RUS,52.11354,112.74643
555712166,Solymskoe I boloto,IV,29.04,RUS,60.13200,55.44389
555712189,SHumak,II,54.80,RUS,51.97517,101.88377
555712190,Tyva,II,977.36,RUS,50.67163,90.14585
555712191,YUzhno-Taezhnyj,IV,42.69,RUS,57.03043,88.00304
555712192,SHeminskij,IV,294.17,RUS,50.89780,91.53624
555712193,Sut-Hol`skij,IV,273.65,RUS,51.51761,91.16836
555712194,Derzigskij,IV,272.00,RUS,51.55468,95.82840
555712196,Ayangatinskij,IV,617.29,RUS,50.71870,90.87375
555712197,Kizhinginskij,IV,399.75,RUS,51.66229,109.81784
555712198,Mujskij,IV,446.62,RUS,56.59151,114.93154
555712199,Pribajkal`skij,IV,720.71,RUS,52.64166,107.74681
555712200,Ulyunskij,IV,182.79,RUS,53.77514,109.78741
555712201,Koz`modem`yanskij,IV,83.91,RUS,57.55415,39.57938
555712224,Dal`nekonstantinovskaya,IV,48.96,RUS,55.73383,43.82219
555712261,Varnavinskij,IV,362.28,RUS,57.47336,45.12690
555712262,Pizhemskij,IV,300.67,RUS,57.93824,47.14208
555712264,Ichalkovskij,IV,117.89,RUS,55.44602,44.61150
555712265,Urazovskij,IV,155.80,RUS,55.36199,45.49052
555712353,Vedenskij,IV,622.16,RUS,42.77409,45.99859
555712355,Asebar,IV,81.63,RUS,53.00249,57.75124
555712359,Kazinskij,IV,154.99,RUS,50.19311,37.76154
555712387,Reka Kol`,IV,2199.54,RUS,53.85276,156.62634
555712410,Vaspuhol`skij,IV,1099.63,RUS,60.56524,67.35433
555712412,Bastak,IA,919.65,RUS,49.01784,133.05296
555712413,Bureinskij,IA,3569.20,RUS,52.00329,134.61590
555712415,Vitimskij,IA,5859.44,RUS,57.20052,116.93442
555712418,Lipovaya roshha (Lipovyj ostrov),IV,78.02,RUS,53.34135,87.42765
555712421,Belaya Kedva,IV,518.03,RUS,64.15432,52.49454
555712422,Verhne-Vashkinskij,IV,842.37,RUS,62.63587,47.82067
555712429,Kimrskij,IV,113.53,RUS,57.05950,37.09867
555712433,Gazhayagskij,IV,180.81,RUS,63.23209,54.73921
555712437,Don`-Nyur,IV,36.90,RUS,62.28739,50.57953
555712438,Usinskij,IV,117.88,RUS,66.27107,58.49185
555712442,Madzhskij,IV,241.75,RUS,62.06099,51.37701
555712443,Potvodel`ezhd,IV,27.65,RUS,62.48461,52.87253
555712444,Serginskij,IV,332.07,RUS,56.47867,59.36713
555712445,Danilovskij,IV,36.77,RUS,64.62468,57.79831
555712449,Kel`tmanskoe,IV,334.60,RUS,61.37212,54.32572
555712450,Vezhavozhskij,IV,28.33,RUS,63.18228,53.64522
555712451,Kiyanyur (Kiya-Nyur),IV,109.58,RUS,61.64798,51.48624
555712452,Pysskij,IV,682.14,RUS,64.22480,48.11945
555712453,Zavidovo,II,1330.89,RUS,56.43829,36.12485
555712455,Bol`shoj,IV,40.97,RUS,65.72721,52.29446
555712456,Sklyapskij (boloto Keresnyur),IV,59.00,RUS,63.08234,56.05820
555712465,Sodzimskij,IV,346.90,RUS,64.04260,47.58552
555712466,Ozeriha,IV,29.77,RUS,59.94372,44.13909
555712476,Mihajlovskij,IV,183.58,RUS,51.62352,40.26594
555712477,Garinskij,IV,105.96,RUS,59.40693,61.97654
555712494,Gora Sober-Bash,III,33.70,RUS,44.70035,38.57183
555712496,Kamennaya step`,IV,52.63,RUS,51.04777,40.71857
555712499,Lipeckij,IV,183.27,RUS,52.54338,39.67523
555712505,Hoperskij,IA,191.15,RUS,51.20571,41.75180
555712508,Langurskij,IV,160.07,RUS,60.02505,60.72878
555712524,Nerestovyj massiv Zabuzanskij,III,133.46,RUS,46.48343,48.30865
555712526,Reka Bol`shaya Sul`cha,III,98.56,RUS,54.62093,50.92498
555712534,Opocheckij,IV,178.48,RUS,56.64055,28.86902
555712535,Hamamatyurtovskij,IV,114.01,RUS,43.61520,46.48258
555712537,Nikolaevskij,IV,194.73,RUS,58.30489,29.38090
555712539,Nevel`skij,IV,193.93,RUS,56.20922,29.70878
555712550,Ozero Dikoe,IV,41.25,RUS,58.39798,64.24320
555712559,Reka Stepnoj Zaj,III,109.11,RUS,54.82065,52.33220
555712568,Kolp`,IV,33.04,RUS,55.92669,41.58725
555712569,Reka Sviyaga,III,140.25,RUS,55.14797,48.43563
555712583,Al`menevskij,IV,334.11,RUS,54.95938,63.16782
555712587,Taezhnyj,IV,306.70,RUS,45.35011,135.01733
555712592,Tumninskij,IV,1468.17,RUS,49.75512,140.22882
555712594,Dobrovskij,IV,26.07,RUS,52.93805,39.95403
555712596,Ul`dury,IV,269.10,RUS,48.50201,132.92954
555712597,Udegejskaya legenda,II,766.33,RUS,45.69125,135.51804
555712607,Dautskij,IB,771.84,RUS,43.46026,41.94247
555712619,Pol`novskij,IV,113.51,RUS,52.77521,40.73130
555712621,Uchastok levoberezhnoj pojmy r.Klyaz`my vozle ozer Monastyrskoe i Nikol`skaya starica Vyaznikovskogo rajona (Vyaznikovskaya pojma),IV,29.34,RUS,56.28712,42.09039
555712625,Morshanskij,IV,440.01,RUS,53.37726,41.57443
555712626,Reka Luzha s ohrannym landshaftom,III,28.87,RUS,55.11912,35.82909
555712633,ZHeleznye vorota,IV,191.83,RUS,64.79959,43.13587
555712634,Ozero El`gygytgyn,III,1375.71,RUS,67.42458,172.18792
555712639,Hmelino-Kershinskij,IV,167.93,RUS,53.11416,41.84477
555712642,Sudskij bor,IV,30.30,RUS,59.33226,36.97959
555712643,Spasskij bor,IV,63.68,RUS,60.69840,43.23164
555712646,Okskij beregovoj,IV,190.18,RUS,55.31406,41.94120
555712652,Cimlyanskie peski,II,691.71,RUS,48.01228,42.63300
555712654,Boloto Moh Mshana,IV,26.85,RUS,56.91921,33.84656
555712667,Severnyj,IV,1277.56,RUS,54.17091,142.62768
555712677,Reka Im,III,109.31,RUS,52.54846,138.01036
555712679,Kumylzhenskij,IV,260.02,RUS,49.70097,42.50244
555712685,Sondugskij,IV,117.78,RUS,60.19265,42.12322
555712687,Leshhevskij,IV,153.03,RUS,48.52959,44.82078
555712689,Boloto Moh CHistik-1,IV,81.46,RUS,56.97481,33.40272
555712703,Prirodnyj park Respubliki Kalmykiya,II,32.09,RUS,47.57088,46.77552
555712704,Berezovyj,IV,603.72,RUS,43.89752,134.33320
555712710,Klyaz`minsko-Luhskij,IV,434.16,RUS,56.33760,42.36108
555712719,Voronezhskij,IV,231.41,RUS,51.82107,39.46006
555712726,Karlyhanovskij,IV,198.14,RUS,55.91802,58.89469
555712731,Odyan,IV,767.22,RUS,59.02930,152.02015
555712732,Kavinskaya dolina,IV,2586.44,RUS,59.51447,147.73890
555712746,Botchinskij,IA,2726.17,RUS,48.12698,139.14622
555712747,Bragunskij,IV,158.57,RUS,43.41094,46.04595
555712748,Vasil`kovskij,IV,369.85,RUS,43.58168,135.03809
555712749,CHurki,IV,838.98,RUS,48.19400,132.67221
555712750,Tihij,IV,129.80,RUS,44.24043,133.24773
555712752,Paanayarvi,IB,1044.37,RUS,66.28582,30.13887
555712754,Razdorskij,IV,447.62,RUS,50.13576,43.68426
555712768,Novocheremshanskij,IV,106.60,RUS,54.34058,49.89595
555712769,Sengileevskie gory,IV,343.99,RUS,53.91664,48.61544
555712775,Kungak,IV,30.07,RUS,52.86973,56.02399
555712781,Verhnepolujskij,IV,1950.20,RUS,65.35016,69.15301
555712782,YAmal`skij,IV,44729.00,RUS,69.34008,69.70665
555712783,Sobty-YUganskij,IV,3576.64,RUS,65.68998,67.41938
555712786,Polyarno-Ural`skij,II,4590.76,RUS,67.23901,72.35171
555712787,Pyakol`skij,IV,4336.48,RUS,64.94483,82.38729
555712788,Messo-YAhinskij,IV,860.31,RUS,68.28061,79.02480
555712798,Tugulymskij,IV,212.01,RUS,57.01156,64.46628
555712803,Uspenovskie klyukvenniki,III,25.70,RUS,46.80966,142.61752
555712806,Krutovskij,IV,360.26,RUS,55.82954,39.43194
555712816,CHernye skaly,IV,132.72,RUS,44.28308,135.71850
555712818,Dichun,IV,488.09,RUS,48.52980,130.93033
555712819,Dzhugdzhurskij,IA,8154.54,RUS,56.60639,137.81739
555712843,Vostochnyj,IV,680.99,RUS,50.62539,143.48377
555712856,Ural-Tau (Uraltau),IV,526.88,RUS,54.58129,59.24605
555712876,Korsakovskij Krivun na reke Amur,III,52.60,RUS,51.30373,126.88112
555712879,Mordovskij im. P. G. Smidovicha,IA,321.57,RUS,54.82121,43.34931
555712881,Boloto Usodica,IV,33.26,RUS,55.85830,31.58270
555712887,Askinskij,IV,149.55,RUS,56.11275,57.22539
555712889,Belokatajskij,IV,31.77,RUS,55.75514,59.00314
555712900,Boloto Ozernoe,IV,26.51,RUS,55.77046,31.53683
555712917,Kajta,IV,1476.21,RUS,67.22103,31.18657
555712925,Lazovskij im. L.G. Kaplanova,IA,1217.95,RUS,43.10141,133.96468
555712926,Losinyj,IV,265.28,RUS,47.07227,138.54325
555712963,"Lesnye massivy v mezhdurech`e rek SHlina, Krupica, Lonnica",IV,50.71,RUS,57.60344,34.26599
555712964,Gora Iremel`,III,68.76,RUS,54.53106,58.86876
555712968,Polujskij,IV,632.87,RUS,66.10151,68.35576
555712974,"Bolotnaya sistema Belaya (bolota Polovecko-Kupanskoe, ZHupeevo)",IV,26.22,RUS,56.93447,38.68948
555712979,Toropeckij,IV,26.18,RUS,56.48823,31.88084
555712980,Udomel`skij,IV,98.67,RUS,57.95835,35.14638
555712993,Tundrovyj,IV,1897.48,RUS,52.40871,141.97322
555712997,Poronajskij,IA,572.39,RUS,49.04617,144.23674
555712999,Malye Kurily,IV,678.70,RUS,43.62538,146.38906
555713017,Ozerskij el`nik,III,67.74,RUS,46.60179,143.36594
555713024,Boloto Morevo,IV,38.68,RUS,58.37071,35.75897
555713036,Koverninskij,IV,222.77,RUS,57.43847,44.21729
555713052,Boloto Bol`shoe,IV,28.93,RUS,57.67891,35.78329
555713064,Boloto Krasnyj Moh i Medvezhij chistik,IV,168.57,RUS,56.78604,32.61718
555713125,Turmonskij,IV,140.78,RUS,43.02608,43.95547
555713128,Nechkinskij,II,211.19,RUS,56.80730,53.86674
555713139,Ozera Imles i Dubovoe s zabolochennymi beregami,IV,27.78,RUS,55.31368,40.16131
555713140,"Boloto Lebedinec, vklyuchaya bolota Gluhovskoe, Volch`i ruch`i, D`yakovskoe, Medkovskoe",IV,36.03,RUS,57.58091,34.04280
555713148,Boloto Sorokovoj bor,IV,53.38,RUS,55.05567,39.92024
555713151,Boloto Orshinskij Moh,IV,700.62,RUS,56.98362,36.44321
555713167,Boloto Lebyazh`e,IV,69.16,RUS,57.31365,33.50020
555713169,Boloto Lebedevskij Moh,IV,50.00,RUS,56.80064,32.36351
555713206,Boloto Lubyanskoe,IV,36.80,RUS,56.66808,30.95721
555713245,Boloto Velesskaya bolotnaya sistema (opytnoe lesnichestvo),IV,82.53,RUS,56.10619,32.08157
555713248,CHinetinskij,IV,650.24,RUS,51.30349,83.09960
555713250,Boloto Markovskoe,IV,35.80,RUS,57.01581,37.37302
555713257,Boloto Potahovskij Moh,IV,34.14,RUS,55.94508,32.61795
555713266,Sary-CHumyshskij,IV,550.90,RUS,53.26612,86.85739
555713267,Egor`evskij,IV,199.88,RUS,52.02317,80.96121
555713284,Boloto Medvedkovskoe,IV,41.61,RUS,58.18011,35.84783
555713304,Boloto Velikosel`skij Moh,IV,76.40,RUS,56.62024,32.36713
555713305,Boloto Gladkoe Podlipskoe,IV,56.06,RUS,57.68339,33.70021
555713323,Kuvshinovskij,IV,172.34,RUS,57.16119,34.11771
555713365,Nesterovskij,IV,320.12,RUS,55.86385,33.06557
555713375,Firovskij gosudarstvennyj obshhevidovoj zakaznik,IV,352.42,RUS,57.50267,33.42736
555713379,Boloto Propashhee,IV,31.67,RUS,56.69793,30.90358
555713384,Boloto Dyatlovskoe,IV,30.34,RUS,56.26782,32.47229
555713386,Boloto Ramenskoe,IV,40.92,RUS,57.97462,34.40571
555713389,Pustynskij,IV,61.42,RUS,55.69529,43.60414
555713390,Boloto Rodos`eno,IV,38.41,RUS,58.14001,35.76154
555713395,Boloto ZHarkovsko-Peleckij Moh,IV,432.38,RUS,55.96129,32.30035
555713402,Boloto Savickoe (Savcinskoe),IV,40.44,RUS,57.44211,37.13159
555713407,Sosnovyj bor Vysokovskij,IV,35.88,RUS,57.26566,38.78186
555713410,Boloto Svyatovskoe,IV,34.50,RUS,57.71536,36.15871
555713447,Ozero Sig,III,31.24,RUS,57.04696,33.12081
555713452,Magdanskij,IV,852.16,RUS,53.61557,104.80132
555713454,Pojma r. M. Suren` v ust`e r. Azakla,III,47.05,RUS,52.38330,56.81255
555713459,Reka Tojma,III,54.71,RUS,55.88078,52.22759
555713463,Buguyanovskij,IV,129.98,RUS,55.31876,46.81432
555713473,Kalininskij,IV,108.58,RUS,55.54454,46.77361
555713477,Boloto Stahovskij Moh,IV,109.76,RUS,56.03043,32.63884
555713480,Reki YAman'elga i Sarva i ih okrestnosti,III,41.94,RUS,55.31486,57.06142
555713485,Kumashkinskij,IV,168.67,RUS,55.57658,46.21544
555713494,ZHarkovskij,IV,354.87,RUS,55.99119,32.43145
555713496,Brodokalmakskij,IV,183.84,RUS,55.61714,61.98902
555713501,Arga,IV,916.20,RUS,56.09650,89.84009
555713504,Berezovskij,IV,278.41,RUS,55.90634,89.44334
555713512,Boloto Temnoe vokrug ozera Bol`shedvorskoe,IV,33.01,RUS,57.49488,35.02773
555713524,Boloto Temnyj Moh,IV,30.69,RUS,55.83024,32.31948
555713545,Zapadnodvinskij,IV,117.32,RUS,56.08475,32.09434
555713564,Nerestovaya reka Duki,III,121.55,RUS,51.18146,135.55877
555713565,Kompanejskij,III,64.77,RUS,50.36361,130.51842
555713594,SHurankul`skij,IV,266.35,RUS,55.82290,62.33112
555713595,Kuril`skij,IA,658.52,RUS,43.96178,145.92280
555713598,CHernaya sopka,III,32.16,RUS,55.91006,93.01583
555713600,Tigirekskij,IA,415.05,RUS,51.01659,82.89403
555713611,Puchkomskij,IV,119.56,RUS,63.77328,46.68158
555713623,Kivach,IA,108.19,RUS,62.29832,33.92306
555713624,Trostenskoe ozero i ego okruzhenie,IV,38.07,RUS,55.87365,36.50131
555713634,Zabajkal`skij,II,2639.47,RUS,53.80757,109.20659
555713635,Bobrovyj,IV,400.04,RUS,54.60883,158.70490
555713652,Kletnyanskij,IV,407.66,RUS,53.22101,32.86377
555713655,Valdajskij,IV,38.05,RUS,57.85192,33.55413
555713656,Nalychevskaya tundra,IV,176.67,RUS,54.50203,158.20480
555713662,Ozero Harchinskoe,IV,98.33,RUS,56.54107,160.79627
555713667,Boloto Dolzhinskoe,IV,34.87,RUS,57.77818,30.55262
555713679,Garus,IV,40.31,RUS,50.53656,39.85121
555713680,Zemlyanskij,IV,174.58,RUS,51.80446,38.79015
555713683,Velikoarhangel`skij,IV,39.68,RUS,50.83907,40.67869
555713684,YUrginskij,IV,166.18,RUS,56.95629,67.15698
555713685,Allapy,IV,1183.57,RUS,56.25318,75.85056
555713689,Novo-Tapovskij,IV,119.22,RUS,57.07257,67.88056
555713694,Tukuzskij,IV,426.01,RUS,57.42635,69.72256
555713695,Timonovskij,IV,729.35,RUS,53.81384,158.27034
555713698,SHalinskij,IV,256.15,RUS,43.11592,46.03173
555713702,Rafajlovskij,IV,192.53,RUS,56.36283,65.25454
555713706,Sajlyugemskij,IB,1182.52,RUS,49.76604,87.86397
555713707,Kilejnyj,IV,1295.06,RUS,57.06641,71.49221
555713711,Boloto u ozer Vodonezh`e i SHHuch`e,IV,29.19,RUS,57.60899,34.71276
555713723,Krasnoyaruzhskij,IV,108.66,RUS,50.81307,35.50973
555713725,Mandrovskij,IV,550.86,RUS,50.32887,38.22381
555713731,Meshhera,II,1186.57,RUS,55.55085,40.28929
555713738,Zaozernyj,IV,2302.67,RUS,56.49745,71.76721
555713743,Boloto Zaborovskoe Fedovo-SHitovskoe,IV,45.04,RUS,57.45351,34.53260
555713749,CHeremeneckij,IV,79.36,RUS,58.58353,29.91300
555713754,Glebovskoe boloto,IV,182.83,RUS,59.14503,30.64459
555713757,Antibesskij,IV,538.57,RUS,56.08673,87.42602
555713759,Aleksandrovskij,IV,208.52,RUS,51.81747,141.78000
555713762,Vilegodskij,IV,272.24,RUS,61.35694,48.09197
555713763,Orenburgskij,IA,381.87,RUS,51.37795,56.01293
555713771,Belomorskij,IV,398.01,RUS,64.52061,40.59211
555713772,Sijskij,IV,248.24,RUS,63.55836,41.56053
555713774,Majzasskij,IV,920.06,RUS,57.00477,76.98168
555713775,Basegi,IA,380.61,RUS,58.85717,58.44822
555713776,Selenginskij,IV,65.92,RUS,62.06610,43.32573
555713779,Salairskij,IV,333.37,RUS,54.60666,85.04833
555713780,Permilovskij,IV,1790.50,RUS,63.52079,40.34213
555713782,Reka Anna,III,37.62,RUS,47.16536,142.96577
555713783,ZHuravlinyj,IV,672.74,RUS,48.18224,131.47632
555713784,Barzasskij,IV,606.70,RUS,55.51476,86.58322
555713795,SHantarskie ostrova,II,5169.24,RUS,54.78084,137.46466
555713802,Pleseckij,IV,211.54,RUS,63.14962,39.56386
555713804,Ozero Gor`koe,III,147.82,RUS,52.28587,81.38111
555713805,Karstovye ozera,IV,192.87,RUS,58.63951,34.06967
555713812,Stepnoj,IV,1094.58,RUS,45.88711,46.56396
555713818,Bungarapsko-Azhendarovskij,IV,644.24,RUS,54.67518,86.96249
555713823,Bel`sinskij,IV,768.03,RUS,53.81272,88.78488
555713824,Kamyshanova polyana,IV,31.29,RUS,44.16616,40.02363
555713826,Kitatskij,IV,468.36,RUS,56.30934,85.82878
555713829,Krasnolip`evskij,IV,48.21,RUS,51.20721,38.68061
555713830,Ievlevskij,IV,105.43,RUS,57.60972,67.51042
555713831,Tihoreckij,IV,143.59,RUS,45.91913,40.38627
555713833,Nizhne-Tomskij,IV,274.55,RUS,56.07994,84.71059
555713838,Samurskij,II,541.18,RUS,41.56330,48.05405
555713840,Davydovskij,IV,42.04,RUS,56.15548,40.71671
555713845,Ust`yanskij,IV,73.40,RUS,61.09307,43.57066
555713847,Siine (Sinyaya),II,13746.80,RUS,61.92511,124.26416
555713856,Bogradskij,IV,403.06,RUS,54.17894,90.71585
555713859,Imangra,IV,2777.23,RUS,56.57053,120.27935
555713860,Birminskij,IV,1036.92,RUS,51.25931,129.54320
555713869,Andreevskij sosnovyj bor,IV,25.29,RUS,57.24287,38.98902
555713873,Kaskad vodopadov na reke SHinok,IV,56.95,RUS,51.36811,84.56523
555713878,"Buhty Zaliva Pos`eta (Novgorodskaya, Ekspedicii, Rejd Pallada)",III,178.87,RUS,42.63342,130.80121
555713882,Srednyaya Krylovka,IV,38.69,RUS,45.06335,134.19950
555713888,Sebezhskij,II,510.80,RUS,56.18524,28.43613
555713889,Dzhabyk-Karagajskij bor,III,601.35,RUS,53.08956,60.19459
555713898,Kal`dera vulkana Gorelyj,III,106.32,RUS,52.55778,158.05499
555713904,Vishtyneckij,II,229.32,RUS,54.39919,22.54530
555713905,Balgazynskij,IV,911.94,RUS,51.20585,95.11154
555713907,Nerchuganskij,IV,2525.18,RUS,53.57059,117.02092
555713912,Gubkinskij,IV,258.20,RUS,51.12004,37.51115
555713918,Olenevskij bor,IV,26.01,RUS,60.01643,46.29450
555713926,Ozero Dobreckoe,IV,62.13,RUS,46.71743,143.18411
555713928,Akzharskaya step`,III,145.99,RUS,51.18814,59.44384
555713929,SHanskij,IV,293.06,RUS,51.66286,95.55839
555713937,Erzi,IA,353.39,RUS,42.84482,45.02437
555713941,Ol`hovskoe boloto,IV,81.16,RUS,59.52500,54.74090
555713942,CHagytajskij,IV,112.62,RUS,51.01670,94.74499
555713947,Tumbotinskij,IV,115.41,RUS,56.04753,42.89858
555713948,Kondinskie ozera,II,413.47,RUS,60.89533,63.59299
555713952,Kinzelyukskij vodopad,III,87.17,RUS,54.17173,95.81678
555713955,Ohanskij (Kunchurihinskij) bor,IV,102.12,RUS,57.80979,55.29040
555713956,Ochel-YAg,IV,26.80,RUS,60.13580,55.22877
555713957,Samarovskij CHugas,II,65.43,RUS,61.11624,69.23887
555713958,Taezhnyj,IV,436.66,RUS,55.29708,158.64176
555713960,Pisanyj,IV,314.53,RUS,55.73927,85.66009
555713961,Kokujskoe boloto,IV,29.61,RUS,54.55356,85.39903
555713966,SHaburovskij,IV,192.39,RUS,56.16885,61.28449
555713968,Ozero Ingol`,III,31.84,RUS,55.53580,88.84471
555713969,Ozero Cingol`,III,25.39,RUS,55.34413,89.11231
555713970,Bol`shegridinskij,IV,26.74,RUS,55.47776,39.48101
555713992,Nogajskij,IV,106.58,RUS,44.26097,46.05625
555713993,Lotos,IV,433.98,RUS,45.81886,37.97741
555714006,Hoperskij,IV,69.23,RUS,51.27478,41.75981
555714012,CHulpan,IV,62.21,RUS,56.04300,49.04627
555714026,Dolinskij (Izyubrovyj),IV,92.19,RUS,47.56652,142.58694
555714030,Durgenskij,IV,319.85,RUS,50.97083,94.57517
555714062,Sumul`tinskij,IV,2549.96,RUS,50.89072,86.98441
555714063,SHavlinskij,IV,2557.11,RUS,50.10021,87.15382
555714065,SHimozerskij,IV,85.00,RUS,60.47580,35.65068
555714070,Uspenskij,IV,868.29,RUS,55.06912,79.60302
555714072,Ondumskij,IV,255.85,RUS,51.81611,94.80923
555714094,Bondarevskij bor,III,27.82,RUS,52.93504,90.38586
555714109,Sihote-Alin`,III,52.56,RUS,47.64571,135.78921
555714111,Beloozerskij,IV,78.39,RUS,53.99281,56.32039
555714121,Bizhbulyakskij,IV,137.04,RUS,53.84125,54.35521
555714125,Birskij,IV,206.94,RUS,55.50181,55.34331
555714132,Kamchatskij,IV,94.89,RUS,58.63533,38.82448
555714157,Safonova dacha,IV,31.98,RUS,44.19653,43.55207
555714159,Olenij pereval,IV,487.96,RUS,54.43437,88.60113
555714162,Elanovskij,IV,26.22,RUS,55.68676,54.74963
555714172,Nakazbashevskij,IV,224.44,RUS,52.72042,56.15115
555714179,Suzunskij,IV,1360.24,RUS,53.82369,82.52727
555714182,Kemskij,IV,160.17,RUS,57.71600,92.75968
555714189,SHajtantau,IV,217.36,RUS,51.82294,57.41845
555714198,Ordynskij,IV,464.04,RUS,54.25657,81.16167
555714199,Kiskachinskij,IV,753.81,RUS,53.97952,89.85160
555714202,Manujlovskij,IV,178.97,RUS,55.51121,84.31504
555714203,CHikmanskij,IV,423.55,RUS,54.65165,81.26750
555714204,YUzhnyj,IV,359.71,RUS,53.43210,77.73956
555714205,Zdvinskij,IV,605.91,RUS,54.49819,78.93927
555714210,Iyusskij,IV,333.79,RUS,54.37016,89.42549
555714215,Kazatovskij,IV,375.50,RUS,55.75891,78.22514
555714220,Inskoj,IV,89.25,RUS,54.09068,83.09990
555714225,Mayak,IV,232.77,RUS,54.30314,80.77389
555714228,Vargashinskij,IV,233.77,RUS,55.58139,65.98725
555714229,YUdinskij,IV,1150.10,RUS,54.78459,76.73130
555714234,Istok reki Volgi,IV,75.20,RUS,57.25178,32.48805
555714245,Boloto Mareevo (Mareevskoe),IV,42.14,RUS,58.39203,35.89039
555714258,Dalmatovskij,IV,162.35,RUS,56.33399,62.90116
555714265,Priel`brus`e,II,1014.13,RUS,43.37080,42.62082
555714266,Lebyazh`evskij,IV,152.00,RUS,55.36185,66.60171
555714267,Makushinskij,IV,151.53,RUS,55.24196,67.47820
555714268,Mokrousovskij,IV,181.01,RUS,55.89468,67.19091
555714269,CHistyj moh,IV,66.70,RUS,59.37498,32.16845
555714272,Oslyanskij,IV,353.81,RUS,59.13849,58.46517
555714275,Turuhanskij,IV,1240.75,RUS,62.32637,89.25163
555714276,Ishimbajskij,IV,560.21,RUS,53.66150,56.65287
555714277,Maratovskij kedrovnik,IV,51.98,RUS,59.65150,54.80487
555714288,Pleshheevo ozero,II,235.15,RUS,56.75315,38.72816
555714289,Onezhskij,IV,251.60,RUS,61.28059,36.44816
555714292,Troickij,IV,304.60,RUS,57.91292,66.21014
555714293,Andreapol`skij,IV,232.13,RUS,56.91588,31.56570
555714294,Taborinskij,IV,72.73,RUS,58.73546,65.03593
555714304,Romanovskoe I boloto,IV,102.86,RUS,59.20437,56.34647
555714328,Malinovyj Hutor,IV,86.47,RUS,56.80118,56.64792
555714330,Nizhnevisherskij,IV,502.44,RUS,60.08505,57.00592
555714350,Petuhovskij,IV,297.77,RUS,55.18037,67.95086
555714354,Polovinskij,IV,102.88,RUS,54.99241,65.69904
555714355,Byzimskoe (Byzim) boloto,IV,242.39,RUS,60.58270,55.43900
555714356,Lenskij,IV,167.14,RUS,62.28437,48.31737
555714359,Pritobol`nyj,IV,160.45,RUS,54.94986,65.52885
555714362,Onezhskoe Pomor`e,II,1806.61,RUS,64.75847,37.51188
555714371,Bolota Bityukovskoe i CHeremushkino,IV,49.20,RUS,57.18880,37.25026
555714377,Proryvinskij,IV,221.60,RUS,54.41566,64.54142
555714394,Ozera Megorskoj gruppy,IV,166.38,RUS,60.89373,35.77669
555714400,YUzhnyj,IV,883.17,RUS,45.45634,44.95389
555714402,Sviyazhskij,IV,127.18,RUS,55.65900,48.55788
555714405,Klincovskij,IV,123.86,RUS,52.85993,32.34387
555714414,Lyuksini,IV,5662.48,RUS,59.49371,109.93012
555714418,Bolota Kruteckij Moh i CHistik,IV,58.11,RUS,57.17690,33.30045
555714425,SHatrovskij,IV,424.89,RUS,56.29923,65.04140
555714427,Bol`shoe Kamskoe boloto,IV,1018.87,RUS,60.37695,55.18760
555714428,Boloto Studinec,IV,43.43,RUS,56.91156,32.35094
555714439,Bologovskij gosudarstvennyj obshhevidovoj zakaznik,IV,84.47,RUS,57.95707,34.09274
555714440,Malo-Kemchugskij,IV,367.92,RUS,56.73002,92.14113
555714441,Bol`shaya step`,IV,412.83,RUS,57.00045,94.86948
555714442,Tyuhtetsko-SHadatskij,IV,257.44,RUS,53.25711,93.48335
555714450,Boloto o1 Samojlovskoe,IV,98.53,RUS,58.63236,37.12435
555714451,Orlovskoe Poles`e,II,850.77,RUS,53.31853,35.45203
555714460,Pochinkovskij les,IV,33.59,RUS,58.66969,40.69990
555714463,Bernovskij,IV,105.02,RUS,56.70826,34.64997
555714464,Serpievskij,IV,554.07,RUS,54.80270,57.98576
555714472,Russkaya Arktika,IA,87515.50,RUS,79.03500,56.86148
555714478,Saratovskoe boloto,IV,65.05,RUS,56.52590,93.65543
555714492,Zunda,IV,383.83,RUS,45.72448,44.29406
555714494,Elogujskij,IB,7630.50,RUS,61.73660,85.95244
555714495,Bolotnyj massiv u d. Novouspenka,III,26.83,RUS,56.61755,84.18087
555714498,Otnenskij,IV,66.38,RUS,59.16819,36.45143
555714500,Boloto Topya,IV,39.10,RUS,58.38299,35.38057
555714503,Salbat,IV,180.61,RUS,55.21051,89.52478
555714510,Byuzinskij,IV,270.17,RUS,55.54480,92.11415
555714512,Makarovskij,IV,389.27,RUS,48.51513,142.51931
555714513,Boloto SHitovskoe,IV,62.66,RUS,57.13033,60.45989
555714515,Boloto o4 Samshinskoe,IV,37.84,RUS,58.56652,37.24037
555714516,Usen`-Ivanovskij,IV,163.49,RUS,54.23243,54.42599
555714523,Boloto o2 Lekomskogo lesnichestva,IV,71.91,RUS,58.77413,37.01282
555714525,Kandry-Kul`,II,54.51,RUS,54.49987,54.05452
555714526,SHumihinskij,IV,396.06,RUS,55.34724,63.23120
555714532,Uzkolugskij,IV,152.80,RUS,50.56152,108.22150
555714533,Asly-Kul`,II,459.54,RUS,54.27336,54.52552
555714536,Lunskij zaliv,III,222.21,RUS,51.27072,143.43510
555714537,Luhtozerskij,IV,54.93,RUS,60.60151,36.35247
555714538,Bazojskij kedrovo-bolotnyj kompleks,III,41.14,RUS,55.74016,83.29700
555714539,Hakasiya,II,1599.48,RUS,52.01128,88.48965
555714543,Boloto o1 Lekomskogo lesnichestva,IV,114.75,RUS,58.76710,36.91524
555714558,Srednevskij bobrovo-vyhuholevyj,IV,42.07,RUS,58.41416,42.50988
555714561,Varlamovskij,IV,162.55,RUS,54.65343,60.72290
555714562,CHernoborskij,IV,224.02,RUS,53.76253,60.29971
555714565,Sanarskij,IV,339.23,RUS,54.13186,60.51885
555714574,SHangskij,IV,52.23,RUS,58.54172,45.49141
555714575,Vajgach,IV,2335.38,RUS,70.05565,59.31981
555714579,Malkachanskaya tundra,IV,601.70,RUS,59.71837,153.94156
555714586,Boloto Fedyajkovsko-ZHelezinskoe,IV,88.51,RUS,58.19258,35.66927
555714591,Boloto Udal`-Salodozhskoe,IV,25.12,RUS,58.02140,34.03385
555714599,Odoevskij,IV,49.49,RUS,58.12627,45.98705
555714606,Kuedinskij,IV,253.43,RUS,56.58165,54.71690
555714608,Igodovskij,IV,30.46,RUS,57.99327,42.41996
555714630,Selitkul`skij,IV,415.19,RUS,54.49340,62.35138
555714647,Boloto Fedyaevskoe,III,59.49,RUS,56.33237,43.15770
555714648,Icari,II,51.92,RUS,42.00317,47.58461
555714649,Bol`sherechenskij,IV,329.61,RUS,52.77142,84.24726
555714653,YAngiyurtovskij,IV,179.35,RUS,43.33136,47.05103
555714654,CHarodinskij,IV,551.65,RUS,42.06652,46.74566
555714663,Spas,IV,27.42,RUS,57.86484,40.80518
555714667,Sumarokovskij,IV,369.52,RUS,57.66366,41.28315
555714671,Mihajlovskij,III,49.86,RUS,56.29127,45.71397
555714678,Krasnosel`skoe,II,34.09,RUS,57.48500,41.53234
555714687,Arhangel`skij,IV,44.54,RUS,51.25250,37.20458
555714690,Abrausskij,IV,115.15,RUS,44.70610,37.60872
555714692,Boloto CHembrovskoe,IV,25.47,RUS,58.56789,37.35335
555714693,Kondo-Vitimskij,IV,436.46,RUS,53.35287,113.36840
555714696,Boloto CHernoe,IV,26.14,RUS,57.44509,33.32400
555714697,Liflyandskij (Gilevskij),IV,123.07,RUS,51.10911,82.00620
555714698,Boloto Kamennoe,IV,46.99,RUS,60.14545,60.55819
555714707,Hinike,IV,3279.54,RUS,62.25898,145.52642
555714711,Kisluhinskij,IV,339.28,RUS,53.53949,83.52241
555714712,Termal`nyj istochnik Teplyj klyuch s ruch`em CHope,III,181.95,RUS,49.67813,140.01447
555714720,Denezhkin Kamen`,IA,801.20,RUS,60.55686,59.45262
555714721,Boloto YArvin SHuo,IV,42.61,RUS,57.49474,35.31412
555714738,Boloto Bol`shoe Polovod`e (Polovskoe),IV,39.31,RUS,56.99366,32.40684
555714742,Verhne-Zavitinskij,IV,359.96,RUS,50.42013,130.00799
555714751,CHavash Varmane,II,252.63,RUS,54.82977,47.25565
555714789,Gavrilov-YAmskij,IV,96.73,RUS,57.20961,39.88789
555714807,Kilemarskij,IV,372.99,RUS,56.96846,46.19246
555714808,Dubrava u goroda Gorodca,III,47.07,RUS,56.51704,43.66415
555714827,Holano-kudyumskoe urochishhe,III,115.14,RUS,51.79963,140.02238
555714828,Lichadeevskij,IV,62.70,RUS,55.43534,43.29946
555714829,Borgojskij,IV,422.69,RUS,50.62170,105.76375
555714835,Aleksandrovskij,IV,284.13,RUS,44.71684,42.78569
555714836,Klyaz`minskij beregovoj,IV,46.80,RUS,56.25227,42.28766
555714838,Zabolochennaya pojma r. P`yany,III,39.62,RUS,55.57257,44.99994
555714839,Verhne-Angarskij,IV,123.29,RUS,55.74047,109.90893
555714844,Muhtolovskij,IV,108.58,RUS,55.44827,43.01329
555714848,Tugnujskij,IV,396.85,RUS,51.16877,107.82423
555714865,Kurtamyshskij,IV,292.06,RUS,54.81330,64.21501
555714876,Omolonskij,IV,2688.53,RUS,66.04741,158.34100
555714888,Lesnye massivy u ozer Mec i Puchino,III,27.23,RUS,57.65199,34.75065
555714915,Baganskoe zajmishhe,III,303.25,RUS,54.16645,78.38574
555714918,Lesnye massivy bassejna reki Dubeshnya,IV,38.80,RUS,55.77660,36.70407
555714926,Bol`sheignatovskij,IV,31.34,RUS,54.86817,45.60604
555714933,Andrianovskie vodopady,III,175.49,RUS,54.68206,158.16388
555714943,Novosibirskie ostrova,IB,65756.89,RUS,75.92090,149.50594
555714944,Zaozerskij,IV,30.22,RUS,61.84782,34.46829
555714952,Smolenskij,IV,267.46,RUS,55.10022,31.79430
555714961,Vasyuganskij,IA,6227.11,RUS,56.60667,80.83653
555714970,Habarskij,IV,114.17,RUS,53.63654,79.33810
555714971,Zigal`ga,II,456.50,RUS,54.62433,58.54975
555714972,Salair (Togul),II,1611.04,RUS,53.21053,86.43230
555714980,Boloto Kazanskoe,III,28.01,RUS,57.94532,46.15594
555714982,Urzhumskij,IV,206.45,RUS,52.26065,83.08285
555714986,Togul`skij,IV,668.32,RUS,53.57531,86.28438
555715016,Mts. Iglit-Baco Natural Park,II,1066.42,PHL,12.78513,121.13614
555715052,Philippine Rise Marine Resource Reserve,IB,3580.14,PHL,15.79158,124.28417
555715060,Agusan Marsh Wildlife Sanctuary,IV,408.70,PHL,8.30191,125.86289
555715061,Mt. Apo Natural Park,II,640.60,PHL,6.94397,125.29561
555715062,Mt. Hamiguitan Range Wildlife Sanctuary,IV,63.43,PHL,6.72416,126.17482
555715064,Mt. Malindang Natural Park,II,524.58,PHL,8.30022,123.65713
555715065,Tubbataha Reefs Natural Park,II,4506.43,PHL,8.89483,119.91206
555715675,Reserva Particular Do Patrimonio Natural Fazenda Rio Negro,IV,70.01,BRA,-19.55092,-56.22108
555715680,Refúgio De Vida Silvestre Serras Caatingueiras,III,217.05,BRA,-8.25492,-39.23065
555715687,Parque Estadual Do João Leite,II,28.38,BRA,-16.52738,-49.16827
555715692,Estação Ecológica Chapada De Nova Roma,IA,69.30,BRA,-13.88019,-47.08078
555715718,Refugio De Vida Silvestre Estadual Dos Rios Tijuco E Da Prata,III,97.54,BRA,-19.03540,-49.63935
555715741,KLINSE-ZA/TWIN SISTERS PARK,II,1997.84,CAN,55.80098,-122.82279
555715742,TSAA NUNA CONSERVANCY,II,53.19,CAN,56.43192,-121.88074
555715771,Chappuis-Fontaine Lakes Special Management Area,IB,2407.81,CAN,59.71525,-106.80468
555715772,Misaw Lake Special Management Area,IB,2382.97,CAN,59.71973,-102.64379
555715773,Tazin Lake,IB,1117.01,CAN,59.91076,-109.10961
555715985,Turtle Mountain Provincial Park,II,50.77,CAN,49.04360,-100.15873
555715988,Rivière-Arnaud Territorial reserve for protected area purposes,II,8942.22,CAN,59.64590,-72.16215
555715989,Rivière-George-Nord Territorial reserve for protected area purposes,II,3162.41,CAN,56.98895,-64.33815
555715991,Canyon-Eaton Territorial reserve for protected area purposes,II,1330.89,CAN,55.61770,-68.19533
555715992,Tursujuq-Sud Territorial reserve for protected area purposes,II,1532.39,CAN,56.08217,-72.69808
555715993,Tursujuq-Centre Territorial reserve for protected area purposes,II,106.28,CAN,56.41732,-73.02152
555715994,Tursujuq-Nord Territorial reserve for protected area purposes,II,1345.67,CAN,56.89643,-73.74435
555715995,Rivière-Innuksuac Territorial reserve for protected area purposes,II,9537.80,CAN,58.28046,-76.34900
555715998,Drumlins-du-Lac-Clérac Biodiversity Reserve,II,449.02,CAN,50.66121,-72.82139
555715999,Akumunan Biodiversity Reserve,II,284.75,CAN,48.68031,-70.13160
555716001,Vallée-de-la-Rivière-Sainte-Marguerite Biodiversity Reserve,II,321.39,CAN,48.41438,-70.31654
555716002,Buttes-et-Buttons-du-Lac-Panache Biodiversity Reserve,II,129.23,CAN,48.29586,-72.58258
555716003,Plateau-du-Lac-des-Huit-Chutes Biodiversity Reserve,II,102.73,CAN,48.89568,-70.82696
555716023,Pu'tlaqne'katik,IB,26.42,CAN,44.45802,-64.85290
555716036,Terence Bay Wilderness Area,IB,44.33,CAN,44.52475,-63.68255
555716039,Ship Harbour Long Lake Wilderness Area,IB,148.20,CAN,44.87971,-62.99709
555720257,Mont Muanenguba,IA,52.62,CMR,4.99268,9.84887
555720263,Gulngay,II,48.50,AUS,-18.06178,145.99592
555720311,Mawonga,IV,219.88,AUS,-32.80198,145.54283
555720318,Mutawintji,II,573.95,AUS,-30.83774,142.53370
555720336,Caloola,II,181.75,AUS,-15.58139,145.11714
555720337,R 46235,II,3909.55,AUS,-17.04915,125.37185
555720369,Niiwalarra Islands,IA,33.52,AUS,-13.88301,126.56909
555720381,Winton Wetlands N.F.R.,IV,87.61,AUS,-36.45596,146.09650
555720396,Narriearra Caryapundy Swamp,II,1537.41,AUS,-29.20664,142.52462
555720411,Jabal Qahwan Nature Reserve,IB,289.36,OMN,22.22571,59.37918
555720413,Al Serien Nature Reserve,II,780.59,OMN,23.18751,58.61278
555720414,Ras AlShajar Nature Reserve,IV,93.75,OMN,22.93071,59.11830
555720615,Yambaru,II,209.59,JPN,26.74391,128.21623
555720616,Amamigunto,II,753.00,JPN,27.77286,129.22435
555720617,Myokotogakushirenzan,II,400.78,JPN,36.84318,138.09981
555720662,Kasabori,IV,41.17,JPN,37.48223,139.24731
555720667,Kuzishi hiraniwakogen,IV,32.72,JPN,40.07756,141.54853
555720804,Shizugawa-wan,II,57.92,JPN,38.69123,141.51510
555720810,Yambaru,IB,29.47,JPN,26.71646,128.24430
555720884,Kasabori Kamoshika,IV,56.97,JPN,37.50299,139.24697
555721354,Azusagawa・Kasumizawa・Yakedake,IV,25.90,JPN,36.21057,137.61443
555721358,Okukinu,IV,25.92,JPN,36.85584,139.39351
555721360,Unabetsudake,IV,26.89,JPN,43.87622,144.88940
555721363,Kyushu Chuosanchi,IV,59.92,JPN,32.52901,131.03467
555721365,Gassan,IV,68.39,JPN,38.55455,140.03476
555721369,Ontake,IV,31.02,JPN,35.90508,137.45588
555721370,Kashi・Futamatayama Shuhen,IV,30.78,JPN,37.19894,139.98655
555721380,Yakeishidake,IV,87.64,JPN,39.17282,140.85106
555721383,Norikuradake,IV,57.26,JPN,36.12867,137.54307
555721389,Funagatayama（Goshozan）,IV,71.35,JPN,38.46039,140.61088
555721391,Zao,IV,66.26,JPN,38.13287,140.45992
555721392,Taiheizan Shuhen,IV,72.76,JPN,39.82583,140.36662
555721393,Osabisanchi,IV,80.79,JPN,37.06063,139.83576
555721407,Chokaisan,IV,71.35,JPN,39.09619,140.04038
555721411,Minamiarupusu（Shiomito）,IV,52.07,JPN,35.64492,138.17550
555721412,Minamiarupusu（Hijiridaketo）,IV,50.06,JPN,35.42653,138.12453
555721413,Minamiarupusu（Senjogataketo）,IV,32.26,JPN,35.75691,138.18750
555721418,Hakkodasan,IV,64.88,JPN,40.61317,140.87872
555721420,Hachimantai,IV,102.50,JPN,39.93027,140.82471
555721429,Kitaarupusu（Kurobe・Goryu・Harinoki・Shirosawatengu）,IV,107.86,JPN,36.59411,137.69831
555721430,Kitaarupusu（Asahi・Hakubarenzan）,IV,60.34,JPN,36.77380,137.72609
555721431,Kitaarupusu（Chogadake・Otenshodake・Yarigatake・Hodakadake）,IV,71.53,JPN,36.31549,137.68113
555721433,Kirishimayama,IV,63.51,JPN,31.92171,130.90186
555721435,Kiso,IV,103.90,JPN,35.72937,137.53140
555721437,Oakandake,IV,37.46,JPN,43.45934,144.17209
555721439,Rishirito,IV,43.88,JPN,45.17664,141.23211
555721441,Wagadake,IV,89.96,JPN,39.59537,140.75370
555721442,Washibadake・Io・Takasekeikoku,IV,25.53,JPN,36.39506,137.63438
555721445,Izu-Ogasawara Trench,IB,115689.18,JPN,31.55382,142.62797
555721446,Nishi-Shichito Ridge,IB,36596.15,JPN,30.00000,138.85038
555721447,Northern part of Naka Mariana Ridge and West Mariana Ridge,IB,63194.59,JPN,22.58863,141.86944
555721448,Northern part of Mariana Trench,IB,11227.15,JPN,24.21007,143.97035
555721463,Dahlak Island PA,II,12041.97,ERI,15.96118,40.16659
555721467,Yob PA,IV,1993.86,ERI,17.22206,37.70037
555721470,Semenawi-Debubawi Bahri,II,917.19,ERI,15.64319,39.08764
555721471,Gash Barka ( Gash Seti),IV,3848.82,ERI,14.71044,37.23285
555721609,Dhati-Welel,II,1035.17,ETH,9.29516,34.82024
555721610,Tullu Lafto-Sadden,II,562.83,ETH,9.46405,36.94051
555721625,Liben Plain,II,97.21,ETH,5.24463,39.72063
555721626,Malka Guba,II,547.71,ETH,4.94910,39.34120
555721640,Bejimiz,II,1831.65,ETH,11.67266,35.82065
555721641,Deddessa,II,2338.33,ETH,9.58465,35.97523
555721642,Geralle,II,1601.38,ETH,4.27411,40.15070
555721643,Gibe Sheleko,II,321.55,ETH,8.08861,37.65125
555721644,Loka-Abaya,II,545.84,ETH,6.61070,38.12292
555721645,Mao-Komo,II,2306.58,ETH,9.22647,34.30546
555726430,SK 520-2018,IV,65.35,SWE,59.96781,14.87002
555728922,Umeälvens delta och slätter,IB,35.03,SWE,63.76380,20.29424
555728926,Sonfjället,II,112.93,SWE,62.28278,13.55329
555728946,Fulufjället,II,407.55,SWE,61.53937,12.70415
555729013,Svenskådalen,IB,246.61,SWE,63.97205,13.07963
555729039,Rappomyran,IA,30.28,SWE,66.37569,20.95810
555729082,Komosse (västra),IB,28.35,SWE,57.68582,13.68212
555729093,Stor-Räbben,IB,41.76,SWE,65.17983,21.88358
555729127,Svenska Björn,IB,39.77,SWE,59.61301,19.59923
555729130,Haparanda skärgård,II,74.07,SWE,65.60820,23.76596
555729243,Alajaure,IB,170.45,SWE,68.12349,20.17725
555729352,Brötarna,IB,36.26,SWE,62.84807,14.13444
555729374,Store mosse nationalpark,II,76.80,SWE,57.27980,13.94525
555729395,Koppången,IB,49.39,SWE,61.35368,14.79475
555729452,Färnebofjärden,II,50.90,SWE,60.24220,16.80075
555729468,Hornavan-Sädvajaure fjällurskog,IB,804.54,SWE,66.44603,17.07475
555729489,Akkelis,IB,55.84,SWE,66.15027,17.56265
555729495,Pessinki fjällurskog,IB,970.58,SWE,68.04315,22.72291
555729517,Hammarsjöområdet,IV,26.39,SWE,55.98362,14.20936
555729525,Vittjåkk-Akkanålke,IB,42.09,SWE,65.53893,19.01708
555729537,Veddek,IB,60.90,SWE,65.97503,17.32344
555729568,Bondöfjärden,IB,29.51,SWE,65.16526,21.66354
555729577,Hornborgasjön,IV,40.83,SWE,58.31489,13.55002
555729589,Granlandet,IA,271.16,SWE,66.58943,21.52523
555729605,Stora Sjöfallet,II,1280.44,SWE,67.58372,18.00704
555729656,Långfjället-Städjan-Nipfjället,IB,938.13,SWE,62.07811,12.63216
555729661,Rappomyran,IA,30.28,SWE,66.37569,20.95810
555729728,Tyresta-Åva,II,32.69,SWE,59.18382,18.29763
555729758,Satsfjället,IB,118.55,SWE,64.97501,15.17538
555729828,Gråberget-Hotagsfjällen,IB,1181.33,SWE,64.15289,14.58686
555729834,Svenska Högarna,IB,26.65,SWE,59.43171,19.49614
555729875,Muddus,II,502.00,SWE,66.89886,20.17756
555729892,Stor-Närfjället,IB,55.20,SWE,61.24220,12.93214
555729942,Färnebofjärden syd,II,52.39,SWE,60.18854,16.78421
555730038,Stora Nassa,IB,29.47,SWE,59.45338,19.22247
555730043,Gransjömyrarna,IB,70.52,SWE,64.56949,17.58129
555730089,Marntallsåsen,IB,40.61,SWE,62.93806,13.97654
555730093,Gitsfjället,IB,401.64,SWE,64.84191,15.52039
555730108,Gitsfjället,IB,401.64,SWE,64.84191,15.52039
555730139,Reivo,IB,97.15,SWE,65.82069,19.12185
555730145,Rautas,IB,816.70,SWE,67.90643,20.19292
555730162,Abisko,II,77.22,SWE,68.32794,18.66954
555730182,Store mosse nationalpark,II,76.80,SWE,57.27980,13.94525
555730185,Komosse (västra),IB,28.35,SWE,57.68582,13.68212
555730191,Färnebofjärden,II,50.90,SWE,60.24220,16.80075
555730418,Tromtö-Almö,IV,33.19,SWE,56.14590,15.45702
555730452,Sarek,II,1985.59,SWE,67.29809,17.67845
555730453,Nimtek,IB,45.60,SWE,65.97734,18.47663
555730480,Henvålen-Aloppan,IB,175.80,SWE,62.69826,13.38569
555730508,Ultevis fjällurskog,IB,1172.11,SWE,67.13543,18.94669
555730521,Udtja,IB,1464.87,SWE,66.37480,19.16394
555730534,Kölarna,IB,26.13,SWE,60.64636,13.23306
555730581,Koppången,IB,49.39,SWE,61.35368,14.79475
555730621,Daune,IB,120.19,SWE,65.25163,15.18423
555730644,Påkketanjaure,IB,216.67,SWE,68.08287,20.51838
555730654,Blaikfjället,IB,341.99,SWE,64.59805,16.11215
555730705,Ängsö,IV,72.28,SWE,59.52677,16.86140
555730777,Tromtö-Almö,IV,33.19,SWE,56.14590,15.45702
555730792,Ranesvare,IB,37.73,SWE,66.66682,20.76879
555730811,Norra Borgafjäll,IB,130.49,SWE,64.88188,15.00941
555730833,Skäckerfjällen,IB,462.57,SWE,63.84563,12.65794
555730834,Padjelanta,II,2000.30,SWE,67.42348,16.65907
555730848,Stubba,IB,332.74,SWE,67.08805,20.06098
555730951,Jämtgaveln,IB,30.67,SWE,62.67901,15.88146
555730993,Tandövala,IB,35.14,SWE,60.85002,13.16268
555731010,Frostvikenfjällen,IB,938.68,SWE,64.64190,14.63977
555731049,Marsfjället,IB,861.81,SWE,65.10520,15.64235
555731050,Sonfjället,II,112.93,SWE,62.28278,13.55329
555731071,Ängsö,IV,72.28,SWE,59.52677,16.86140
555731108,Stora Nassa,IB,29.47,SWE,59.45338,19.22247
555731112,Alajaure,IB,170.45,SWE,68.12349,20.17725
555731138,Ståkke-Bårgå fjällurskog,IB,220.56,SWE,66.19697,18.31366
555731140,Jämtgaveln,IB,30.67,SWE,62.67901,15.88146
555731178,Marsfjället,IB,861.81,SWE,65.10520,15.64235
555731179,Haparanda skärgård,II,74.07,SWE,65.60820,23.76596
555731233,Tyresta-Åva,II,32.69,SWE,59.18382,18.29763
555731341,Torneträsk-Soppero fjällurskog,IB,3366.41,SWE,68.07163,20.93771
555731342,Muddus,II,502.00,SWE,66.89886,20.17756
555731401,Färnebofjärden syd,II,52.39,SWE,60.18854,16.78421
555731405,Gotska Sandön-Salvorev,IB,604.51,SWE,58.27801,19.28242
555731406,Frostvikenfjällen,IB,938.68,SWE,64.64190,14.63977
555731445,Sjaunja,IA,2813.66,SWE,67.45277,18.86633
555731501,Vindelfjällen,IB,5551.44,SWE,65.89732,15.83402
555731526,Lina fjällurskog,IB,979.96,SWE,67.36466,20.48750
555731548,Rödkallen-SörÄspen,IB,70.73,SWE,65.35119,22.43423
555731565,Tandövala,IB,35.14,SWE,60.85002,13.16268
555731589,Likskär,IB,25.02,SWE,65.63820,22.99922
555731590,Kölarna,IB,26.13,SWE,60.64636,13.23306
555731597,Svenskådalen,IB,246.61,SWE,63.97205,13.07963
555731639,Svenska Högarna,IB,26.65,SWE,59.43171,19.49614
555731650,Anjosvarden-Stopån-Våmhuskölen,IB,60.49,SWE,61.46328,14.26783
555731665,Pessinki fjällurskog,IB,970.58,SWE,68.04315,22.72291
555731682,Tunturit,IB,119.46,SWE,67.21642,21.84916
555731710,Dumme mosse,IB,29.36,SWE,57.77353,14.00348
555731793,Tervavuoma,IA,57.60,SWE,67.44118,22.90212
555731803,Kaitum fjällurskog,IB,899.15,SWE,67.63308,20.35176
555731812,Grubbdalen,IB,26.00,SWE,64.02741,13.77819
555731839,Rogen,IB,490.43,SWE,62.35279,12.47394
555731902,Florarna,IA,51.39,SWE,60.29346,17.83241
555731924,Anjosvarden-Stopån-Våmhuskölen,IB,60.49,SWE,61.46328,14.26783
555731932,Brötarna,IB,36.26,SWE,62.84807,14.13444
555731966,Arasjö,IB,46.38,SWE,64.57559,17.58679
555731978,Laisdalens fjällurskog,IB,726.73,SWE,66.02824,16.87321
555731990,Rödkallen-SörÄspen,IB,70.73,SWE,65.35119,22.43423
555732014,Agön-Kråkön,IB,46.24,SWE,61.54141,17.38660
555732049,Skuleskogen,II,30.59,SWE,63.11099,18.48025
555732133,Padjelanta,II,2000.30,SWE,67.42348,16.65907
555732151,Rogen,IB,490.43,SWE,62.35279,12.47394
555732155,Päivävuoma,IA,27.56,SWE,66.64362,21.21563
555732176,Tervavuoma,IA,57.60,SWE,67.44118,22.90212
555732232,Rödingsjö,IB,63.89,SWE,64.79172,15.16517
555732241,Långfjället-Städjan-Nipfjället,IB,938.13,SWE,62.07811,12.63216
555732321,Drevfjällen,IB,331.69,SWE,61.70185,12.37298
555732348,Brovallvålen,IB,51.93,SWE,62.32706,13.25044
555732408,Agön-Kråkön,IB,46.24,SWE,61.54141,17.38660
555732422,Dumme mosse,IB,29.36,SWE,57.77353,14.00348
555732445,Kosterfjorden-Väderöfjorden,II,539.90,SWE,58.80791,11.01483
555732477,Dalkarlskölen,IA,46.45,SWE,61.66867,13.85762
555732550,Pieljekaise,II,154.95,SWE,66.36515,16.78328
555732573,Hornborgasjön,IV,40.83,SWE,58.31489,13.55002
555732581,Blaikfjället,IB,341.99,SWE,64.59805,16.11215
555732623,Harufjärden,IB,27.04,SWE,65.62513,22.76850
555732675,Vålådalen,IB,1214.39,SWE,63.13176,12.92469
555732677,Pärlälvens fjällurskog,IB,1157.61,SWE,66.81724,17.98915
555732680,Kvikkjokk-Kabla fjällurskog,IB,491.30,SWE,67.00465,17.93234
555732682,Vindelfjällen,IB,5551.44,SWE,65.89732,15.83402
555732689,Tjeggelvas,IB,328.24,SWE,66.52160,17.75458
555732701,Bjurälven-Korallgrottan,IB,56.43,SWE,64.91978,14.11359
555732904,Gransjömyrarna,IB,70.52,SWE,64.56949,17.58129
555732971,Vojmsjölandet,IB,48.87,SWE,64.97433,16.32599
555733012,Ripakaisenvuoma,IB,28.61,SWE,67.82419,21.85034
555733026,Kalix yttre skärgård,IB,92.70,SWE,65.68611,23.30339
555733037,Södra Gardfjället,IB,371.28,SWE,65.32901,15.61567
555733043,Långsjön-Gåbrek fjällurskog,IB,72.68,SWE,66.35316,18.37072
555733082,Nalovardo,IB,49.49,SWE,65.69159,17.52047
555733096,Vålådalen,IB,1214.39,SWE,63.13176,12.92469
555733098,Tresticklan-Boksjön,II,32.60,SWE,59.02780,11.74542
555733109,Sjaunja,IA,2813.66,SWE,67.45277,18.86633
555733127,Kronogård,IB,51.47,SWE,66.26619,19.70109
555733142,Skäckerfjällen,IB,462.57,SWE,63.84563,12.65794
555733162,Drevfjällen,IB,331.69,SWE,61.70185,12.37298
555733185,Florarna,IA,51.39,SWE,60.29346,17.83241
555733291,Vedungsfjällen,IB,193.97,SWE,61.90393,13.28885
555733292,Päivävuoma,IA,27.56,SWE,66.64362,21.21563
555733346,Njakafjäll,IB,61.98,SWE,64.96247,15.64438
555733348,Skuleskogen,II,30.59,SWE,63.11099,18.48025
555733397,Fulufjället,II,407.55,SWE,61.53937,12.70415
555733413,Vedungsfjällen,IB,193.97,SWE,61.90393,13.28885
555733417,Vadvetjåkka,II,27.05,SWE,68.54257,18.43184
555733878,Paravani Lake Managed Reserve,IV,40.32,GEO,41.44183,43.80998
555733881,Erusheti National Park,II,113.84,GEO,41.47826,42.92468
555733921,2049920 Särkitievat,IA,32.93,SWE,68.06270,23.19036
555733978,Tranuberget,IV,37.38,SWE,61.88780,12.44074
555733984,Käringberget,IV,39.82,SWE,64.06183,18.63536
555733988,Skatan,IV,25.96,SWE,64.46473,19.45601
555733994,Jovan,IV,26.05,SWE,64.92816,17.55750
555734001,Leipipir,IV,72.04,SWE,66.96396,20.93435
555734007,Luottåive,IV,38.37,SWE,66.30543,20.00086
555734015,Naakajärvi,IV,35.48,SWE,67.57989,23.11950
555734030,Ledfat,IV,39.05,SWE,65.56209,18.48575
555734034,Varjisån,IV,44.10,SWE,66.03960,19.71807
555734035,Hornsö,IV,35.14,SWE,57.01173,16.10285
555734038,Karhuvaara,IV,116.09,SWE,67.26646,21.24025
555734047,Tjadnes-Nimtek,IV,127.78,SWE,65.88328,18.51712
555734053,Jovan,IV,38.73,SWE,64.91911,17.54063
555734084,2023249 Malören - Vånören,IA,25.35,SWE,64.53957,21.52373
555734114,2047038 Södra Gardfjället,IB,389.13,SWE,65.32924,15.62491
555734122,2047141 Lundåkrabukten,IV,36.91,SWE,55.81808,12.87906
555734123,2046856 Övre Rånddalen,IB,42.68,SWE,62.30560,12.92217
555734126,2013955 Dalkarlskölen,IA,37.22,SWE,61.67239,13.85063
555734379,Ostetal mit Nebenbächen,IV,26.67,DEU,53.36761,9.30344
555734801,"Alutaguse RP, Muraka raba skv.",IB,45.82,EST,59.13218,27.07898
555734802,"Alutaguse RP, Lipu soo skv.",IB,26.44,EST,59.17809,27.07009
555734805,"Alutaguse RP, Heinasoo skv.",IB,47.02,EST,59.07925,27.55724
555734828,"Alutaguse RP, Laukasoo skv.",IV,32.53,EST,59.10579,27.70754
555734829,"Alutaguse RP, Puhatu soo skv.",IV,56.25,EST,59.18014,27.72000
555737603,Park prirode Katič,IV,27.46,MNE,42.17181,18.96408
555738336,Réserve intégrale d\'Arc-Châteauvillain,IA,30.87,FRA,48.00305,4.99523
555738525,Forêts de Mayotte,IV,28.13,MYT,-12.84430,45.13140
555738592,Bassin versant du ruisseau de Brandifrout,IV,40.77,FRA,47.95951,-3.14990
555738609,Archipel des Glorieuses,IV,43513.55,ATF,-11.72800,47.12640
555738615,Shar Planina,II,627.18,MKD,41.97563,20.94694
555738619,Monumento Natural do Macico Montanhoso Central,III,27.93,PRT,32.74664,-16.95678
555738625,Monumento Natural do edificio vulcanico das Ilhas Selvagens,III,2710.12,PRT,30.09086,-15.95198
555742175,Bruine Bank,IV,1366.24,NLD,52.54049,3.22288
555742178,Zeljin,IV,63.80,SRB,43.44964,20.75384
555742179,Stolovi,IV,99.34,SRB,43.60757,20.62405
555742357,Etelänevan–Viitasalonnevan–Seljäsennevan luonnonsuojelualue,IB,26.40,FIN,63.83122,23.78026
555742823,Gullkronan merellinen suojelualue,IB,48.31,FIN,60.08647,22.15189
555744176,NCC Fee Simple Property (143149),IV,87.69,CAN,45.92266,-83.37359
555744226,NCC Fee Simple Property (1000028),IV,69.97,CAN,45.92356,-82.96766
555744493,Anticosti Biodiversity Reserve,III,1693.69,CAN,49.50766,-63.10053
555744508,Rivière-Kanaawpscow-et-Lac-Kukamaw Territorial reserve for protected area purposes,II,5719.36,CAN,54.18235,-75.27860
555744509,Aawiitakuch Territorial reserve for protected area purposes,II,1702.16,CAN,54.11805,-71.73460
555744510,Minahiku-Wachî Territorial reserve for protected area purposes,II,2212.43,CAN,54.15564,-70.81890
555744511,Nord-Est-du-Lac-Nichicun Territorial reserve for protected area purposes,II,2597.21,CAN,53.55018,-70.42430
555744512,Pipunishiwin Saahkamiishtiku Territorial reserve for protected area purposes,II,5085.96,CAN,52.78709,-73.23492
555744513,Wichishkw-Uubauquushduuk Territorial reserve for protected area purposes,II,3515.56,CAN,52.96833,-75.48340
555744514,Namewaakamiishtikw-Piskuchitishu-Siipii Territorial reserve for protected area purposes,II,2297.92,CAN,52.47231,-78.09854
555744515,Coldwater-Juneshew-Sibi Territorial reserve for protected area purposes,II,1588.41,CAN,52.01956,-78.01836
555744516,Baie-de-Boatswain Territorial reserve for protected area purposes,II,86.45,CAN,51.86701,-78.87855
555744517,Waskaganish Territorial reserve for protected area purposes,II,1554.06,CAN,51.55299,-78.20322
555744518,Péninsule-de-Ministikawatin Territorial reserve for protected area purposes,II,1277.86,CAN,51.34094,-79.20803
555744519,Rivière-Harricana-Nord Territorial reserve for protected area purposes,II,331.19,CAN,50.54649,-79.19124
555744520,Collines-de-Muskuchii Territorial reserve for protected area purposes,II,142.21,CAN,50.25057,-78.69311
555744521,Plaine-de-la-Missisicabi Territorial reserve for protected area purposes,II,46.80,CAN,50.63969,-78.68980
555744522,Bassin-Aval-de-la-Broadback Territorial reserve for protected area purposes,II,1020.30,CAN,51.09154,-78.27007
555744523,Chisesaakahiikan Territorial reserve for protected area purposes,II,865.73,CAN,50.83604,-77.16458
555744524,Mishigamish Territorial reserve for protected area purposes,II,955.47,CAN,50.78015,-76.16634
555744525,Assinica Territorial reserve for protected area purposes,II,551.93,CAN,50.37549,-75.07169
555744526,Aashukan Territorial reserve for protected area purposes,II,1010.03,CAN,51.19612,-75.33522
555744529,Neoskweskau-Amont-Eastmain Territorial reserve for protected area purposes,II,330.08,CAN,51.87572,-73.40683
555744530,Caribous-de-Nottaway Territorial reserve for protected area purposes,II,2369.16,CAN,50.56672,-78.39819
555744532,Kanasuta Territorial reserve for protected area purposes,II,39.59,CAN,48.29352,-79.43707
555744533,Marais-du-Lac-Parent Territorial reserve for protected area purposes,II,116.19,CAN,48.62408,-76.87523
555744535,Lac-Wetetnagami Territorial reserve for protected area purposes,II,151.29,CAN,48.78481,-76.33201
555744536,Lac-Saint-Cyr Territorial reserve for protected area purposes,II,153.12,CAN,48.73968,-75.73819
555744537,Brûlis-du-Lac-Oskélanéo Territorial reserve for protected area purposes,II,90.34,CAN,48.19884,-75.18482
555744540,Forêt-Ouareau Territorial reserve for protected area purposes,II,53.37,CAN,46.21873,-73.97512
555744542,Lac-Lapeyrère Territorial reserve for protected area purposes,II,43.64,CAN,47.20394,-72.34763
555744543,Initiative-Triade-Mauricie Territorial reserve for protected area purposes,II,88.49,CAN,47.68709,-72.53779
555744544,Seigneurie-du-Triton Territorial reserve for protected area purposes,II,72.43,CAN,47.74158,-72.10375
555744545,Rivière-Belley Territorial reserve for protected area purposes,II,45.89,CAN,48.79373,-71.61082
555744546,Rivière-Patapédia Territorial reserve for protected area purposes,II,99.35,CAN,47.98492,-67.51294
555744547,Assemetquagan Territorial reserve for protected area purposes,II,72.71,CAN,48.20117,-67.00922
555744548,Chic-Chocs Territorial reserve for protected area purposes,II,202.73,CAN,48.83230,-66.69585
555744549,Corridor Mont-Saint-Pierre Territorial reserve for protected area purposes,II,37.99,CAN,49.15212,-65.84162
555744551,Rivière-Moisie Territorial reserve for protected area purposes,II,1248.63,CAN,51.64464,-66.71371
555744552,Lac-Matinipi Territorial reserve for protected area purposes,II,48.12,CAN,51.59304,-65.97042
555744553,Uapishka Territorial reserve for protected area purposes,II,63.95,CAN,51.57465,-67.94361
555744555,Lac-Ménistouc Territorial reserve for protected area purposes,II,39.68,CAN,52.83632,-66.48082
555744556,Lac-Gensart Territorial reserve for protected area purposes,II,78.65,CAN,52.75698,-67.82115
555744564,Blanc-Sablon Territorial reserve for protected area purposes,II,252.55,CAN,51.51008,-57.26549
555744568,Proposed Caribous-Forestiers-de-Manouane-Manicouagan Biodiversity Reserve,IB,7813.45,CAN,51.50639,-69.63402
555744625,Crown Conservation Easement,IV,67.51,CAN,51.63356,-105.97287
555744626,Crown Conservation Easement,IV,90.02,CAN,51.63703,-105.88276
555744628,Crown Conservation Easement,IV,48.66,CAN,51.67718,-105.79321
555744629,Crown Conservation Easement,IV,29.72,CAN,51.11362,-105.65102
555744630,Crown Conservation Easement,IV,106.09,CAN,51.66980,-105.73704
555744631,Crown Conservation Easement,IV,102.89,CAN,51.67709,-105.76849
555744639,TENH DẔETLE CONSERVANCY,II,35.28,CAN,57.68305,-130.47904
555744899,"The Fairy Hill - Port Antonio, Portland, Game Sanctuary",IV,35.90,JAM,18.16659,-76.43274
555744902,Kingston and St. Andrew Game Reserve,IV,142.05,JAM,18.01330,-76.77831
555744910,"The Black River Lower Morass, Game Reserve, St. Elizabeth",IV,77.14,JAM,18.04167,-77.80077
555744911,"The Great Morass, Holland Bay, St. Thomas, Game Sanctuary",IV,29.43,JAM,17.90431,-76.25212
555744914,"The Upper Morass, Black River, St. Elizabeth, Game Sanctuary",IV,31.50,JAM,18.09892,-77.70740
555744915,"West Harbour-Peake Bay, Clarendon, Game Sanctuary",IV,29.96,JAM,17.78564,-77.17475
555744918,"Great Morass, Negril, Westmoreland and Hanover Game Sanctuary",IV,43.63,JAM,18.32516,-78.31962
555745130,Antisana,II,1220.28,ECU,-0.55522,-78.02765
555745141,Manglares Estuario del Río Muisne,IV,922.98,ECU,0.37538,-80.07757
555745156,Serranía El Pinche,II,215.79,COL,2.32765,-77.32298
555745307,South Ustyurt National Nature Park,II,9462.62,UZB,41.84160,56.55383
555745308,Korezm National Nature Park,II,125.04,UZB,41.28603,61.27615
555745311,Loma Los Siete Picos,II,136.36,DOM,18.74746,-70.18266
555745324,Islote Lobos,II,155.81,ARG,-41.49765,-65.01172
555745325,Parque Federal Campo San Juan,IB,57.23,ARG,-27.39699,-55.65308
555745326,Ansenuza,II,1859.09,ARG,-30.69929,-62.63071
555747417,Chincoteague Bay Submerged Aquatic Vegetation Sanctuary,IV,43.28,USA,37.96837,-75.34197
555748147,Black Canyon,IB,69.37,USA,35.92113,-114.72588
555751344,"Pioneer, Tolo River, South Camp",IV,74.09,ZWE,-21.96217,29.24293
555751345,Sebakwe,IV,41.83,ZWE,-19.03144,30.26296
555751543,Kellerwald Edersee,II,76.94,DEU,51.15385,8.99022
555751562,Grünes Band Hessen,III,80.90,DEU,50.94570,10.04911
555751927,Le Rhin,IV,48.66,FRA,48.54400,7.90086
555752252,Oravisuon-Näätäsuon-Sammakkosuon soidensuojelualue,IB,128.58,FIN,65.16026,27.09610
555756386,King Khalid Royal Reserve,II,1158.49,SAU,25.34845,46.69704
555756392,Maiombe National Park,II,2065.06,AGO,-4.63658,12.73626
555756448,Atoll de Aratika,IV,86.15,PYF,-15.56534,-145.56340
555756451,Atoll de Fakarava,IV,336.79,PYF,-16.42837,-145.58476
555756454,Atoll de Kauehi ouest,IV,49.97,PYF,-15.82873,-145.24375
555756455,Atoll de Kauehi sud,IV,37.70,PYF,-15.97037,-145.12657
555756457,Atoll de Raraka,IV,99.23,PYF,-16.24421,-144.91294
555756459,Atoll de Toau nord,IV,49.77,PYF,-15.79612,-146.08452
555756460,Atoll de Toau ouest,IV,62.58,PYF,-15.86241,-146.19341
555756481,Atoll de Niau,IB,31.97,PYF,-16.15236,-146.35847
555756491,Musandam National Park Nature Reserve,II,1150.20,OMN,26.04449,56.36195
555757281,Central Ghor,II,54.52,PSE,32.01038,35.50125
555757282,Dead Sea coast,IV,235.08,PSE,31.59795,35.36044
555757283,Jerusalem Wilderness,IB,52.84,PSE,31.73545,35.36742
555757314,4000300,II,26.24,CAN,46.60826,-65.31904
555757339,4003700,II,74.19,CAN,46.26134,-66.09577
555757354,4005300,II,40.36,CAN,45.72687,-66.82327
555757355,4005400,II,40.49,CAN,46.58994,-65.49784
555757400,4010000,II,32.37,CAN,47.95066,-64.53199
555757401,4010100,II,32.29,CAN,47.37126,-66.61061
555757402,4010200,II,73.15,CAN,47.36276,-66.12107
555757410,4010701,II,56.75,CAN,47.79061,-67.70386
555757411,4010702,II,27.58,CAN,47.73639,-67.43968
555757413,4010704,II,28.25,CAN,47.89287,-67.18620
555757467,4015900,II,36.10,CAN,47.63089,-66.87992
555757526,4021900,II,31.74,CAN,47.29233,-66.33041
555757540,4023300,II,25.41,CAN,46.95787,-66.40846
555757544,4023700,II,34.27,CAN,47.08400,-66.06446
555757559,4025400,II,31.08,CAN,46.67617,-66.30972
555757560,4025500,II,43.48,CAN,46.74849,-66.15287
555757561,4025600,II,28.74,CAN,46.82020,-66.17709
555757566,4026100,II,28.48,CAN,46.75210,-65.97346
555757568,4026300,II,31.89,CAN,46.66068,-66.04104
555757573,4026800,II,31.74,CAN,46.78094,-65.53317
555757628,4032300,II,38.08,CAN,46.36982,-67.00582
555757651,4034600,II,48.32,CAN,46.17504,-66.26357
555757653,4034800,II,44.40,CAN,46.32508,-66.23472
555757734,4043000,II,33.44,CAN,45.50448,-67.22199
555757741,4043700,II,47.84,CAN,45.48767,-66.92312
555757742,4043800,II,42.85,CAN,45.57790,-66.95851
555757770,4046600,II,46.25,CAN,45.69206,-67.32040
555757894,Bowman Bay Wildlife Sanctuary,IV,1170.97,CAN,65.65683,-73.60962
555757944,Dewey Soper Migratory Bird Sanctuary,IB,6573.84,CAN,66.02224,-73.56503
555758094,McConnell Migratory Bird Sanctuary,IA,235.89,CAN,60.77234,-94.41757
555758147,NCC Fee Simple Property (1000337),IV,604.51,CAN,49.31844,-83.55145
555758148,NCC Fee Simple Property (1000347),IV,839.82,CAN,49.51386,-84.28510
555758233,Sea to Sea Regional Park,IB,40.26,CAN,48.44244,-123.67486
555758251,Sooke Hills Wilderness Regional Park,IB,41.23,CAN,48.47316,-123.60169
555758298,Twin Islands Wildlife Sanctuary,IV,1324.80,CAN,53.21401,-79.94791
555758868,Fish And Wildlife Development Fund,IV,46.48,CAN,51.59730,-104.83397
555758870,Fish And Wildlife Development Fund,IV,276.49,CAN,51.87683,-105.69040
555758871,Fish And Wildlife Development Fund,IV,43.63,CAN,51.22331,-105.01606
555758874,Fish And Wildlife Development Fund,IV,26.19,CAN,51.28463,-104.76162
555758935,Área De Relevante Interesse Ecológico Beberibe,IV,39.39,BRA,-7.96447,-34.96660
555758964,Estação Ecológica Soldado Da Borracha,IA,1790.81,BRA,-8.66668,-62.58589
555758965,Estação Ecológica Umirizal,IA,575.40,BRA,-9.62856,-65.19279
555758967,Monumento Natural Cavernas De Martins,III,35.40,BRA,-6.04807,-37.90110
555758971,Monumento Natural Estadual Mantiqueira Paulista,III,103.71,BRA,-22.51187,-45.03690
555758981,Monumento Natural Municipal Serra Do Bom Sucesso,III,27.26,BRA,-18.24230,-53.65758
555758987,Parque Estadual Aguas Do Paraiso,II,56.75,BRA,-14.29023,-47.73005
555758988,Parque Estadual Da Serra De Jaragua,II,28.29,BRA,-15.79891,-49.33325
555758989,Parque Estadual Das Nascentes,II,2442.21,BRA,0.57435,-61.16310
555758990,Parque Estadual Do Cânion Cearense Do Rio Poti,II,36.79,BRA,-5.02519,-41.10736
555758991,Parque Estadual Do Cânion Do Rio Poti,II,247.15,BRA,-4.97807,-41.33318
555758992,Parque Estadual Ilha Das Flores,II,898.33,BRA,-12.96790,-62.38710
555758996,Parque Nacional Da Serra Do Teixeira,II,610.95,BRA,-7.32556,-37.55127
555759032,Refugio Da Vida Silvestre Nascentes Do Sai,III,66.99,BRA,-26.18751,-48.70821
555759035,Refúgio De Vida Silvestre Cabeceiras Do Capibaribe,III,69.27,BRA,-8.14736,-36.59712
555759046,Refugio De Vida Silvestre Municipal Meiembipe,III,59.68,BRA,-27.49064,-48.46836
555759092,Reserva Particular Do Patrimonio Natural Cisalpina,IV,38.60,BRA,-21.26232,-51.94399
555759115,Reserva Particular Do Patrimônio Natural Fazenda Belém,IV,29.83,BRA,-4.74592,-37.45833
555759264,Christmas Island,IV,3829.69,CXR,-10.49165,105.62293
555759265,Cocos (Keeling) Islands,II,465845.71,CCK,-12.01611,96.87334
555759266,Olkola,II,6796.60,AUS,-15.33292,143.19091
555759267,Munga-Thirri—Simpson Desert,IA,6895.79,AUS,-26.24797,137.87666
555759276,Mount Harding,IA,102.78,ATA,-72.90001,75.04167
555759284,Wollemi,IA,72.00,AUS,-32.76363,150.62529
555759292,Comleroy,IA,29.10,AUS,-33.39594,150.81134
555759296,Guula Ngurra,II,34.01,AUS,-34.40254,150.14716
555759297,Gardens of Stone,II,302.02,AUS,-33.34414,150.16487
555759298,Mount Grenfell,II,92.01,AUS,-31.30845,145.31297
555759299,Mount Grenfell,II,61.43,AUS,-31.35038,145.38712
555759300,Langidoon-Metford,II,603.11,AUS,-31.68829,142.07643
555759301,Koonaburra,II,460.29,AUS,-32.19580,144.75814
555759310,Ngalba-bulal,II,423.98,AUS,-15.81862,145.22540
555759311,Main Range,III,28.41,AUS,-27.88783,152.26060
555759325,Nyingguulu (Ningaloo) Coastal Reserve,II,213.41,AUS,-23.37265,113.65286
555759326,Cape Range (South),II,270.83,AUS,-22.60777,113.76213
555759327,Gagarlagu,IA,157.01,AUS,-28.61510,118.14454
555759328,Barnabinmah,II,599.04,AUS,-28.73748,117.40173
555759329,Lakeside,II,84.71,AUS,-27.64667,117.50007
555759330,Lakeside,II,148.17,AUS,-27.53705,117.73269
555759331,Biluny Wells,IA,228.50,AUS,-29.85078,117.02160
555759333,Mount Manning Range,IA,366.07,AUS,-30.19842,119.89916
555759335,Warlibirri,II,158.72,AUS,-18.25863,126.01434
555759336,Cape Range,II,97.13,AUS,-22.20583,114.02330
555759338,Unnamed WA53971,II,1001.05,AUS,-29.01538,117.30102
555759341,Dryandra,II,165.36,AUS,-32.80937,116.97441
555759350,Wapma Thura-Southern Flinders Ranges,II,86.96,AUS,-33.07006,138.16256
555759385,Nilpena Ediacara,II,649.09,AUS,-30.96422,138.10771
555759398,Martu,III,5940.12,AUS,-21.96476,123.78121
555759399,Wik,IV,1562.13,AUS,-13.57836,141.78526
555759400,Wuthathi,II,375.22,AUS,-11.88556,143.17557
555759403,Daintree,II,1162.21,AUS,-16.21376,145.28592
555759522,APH Ponce Paluguillo,IV,42.89,ECU,-0.32384,-78.23882
555759523,Pimampiro,IV,36.82,ECU,0.32310,-77.85161
555760567,Al Buraimi Oasis Nature Reserve,IV,1970.47,OMN,23.96859,56.33317
555760568,Al Dhahirah Nature Reserve,IV,863.84,OMN,23.51391,56.39996
555760575,Arabian Sea Reserve,IV,37524.44,OMN,17.95172,56.92945
555760580,Jabal Hafeet Nature Reserve,IV,158.47,OMN,23.99988,55.72261
555760582,Jabal Sumini Nature Reserve,IV,140.32,OMN,24.74121,55.89973
555760593,Garorim Bay Water,IV,91.56,KOR,36.88727,126.35934
555760610,Dong-gang basin,IV,78.30,KOR,37.29002,128.57998
555760683,Wangpi-cheon basin,IV,100.41,KOR,36.88600,129.24951
555760686,Unmunsan,IV,26.36,KOR,35.63377,128.98009
555761427,"Vilsandi RP, Uudepanga skv.",IV,27.32,EST,58.51781,21.91639
555761431,"Matsalu RP, Kasari luha skv.",IV,37.37,EST,58.77894,23.84122
555761447,"Matsalu RP, Saarte skv.",IV,31.01,EST,58.77158,23.41010
555761449,"Matsalu RP, Siselahe skv.",IV,31.55,EST,58.75830,23.73605
555761451,"Matsalu RP, Väinamere idapoolne skv.",IV,82.46,EST,58.74051,23.45205
555761452,"Matsalu RP, Väinamere läänepoolne skv.",IV,66.68,EST,58.74245,23.38165
555761453,"Matsalu RP, Välislahe skv.",IV,39.56,EST,58.75594,23.56439
555761744,Kanjiski jarasi,IV,35.53,SRB,46.04365,19.97582
555762728,Østmarka,II,53.94,NOR,59.82443,10.97836
555762730,Åbjørdalen/Diedtjienvuemien,IA,70.77,NOR,65.03985,12.78168
555763267,2058501 Ulvö-havet,IA,66.31,SWE,63.02532,18.69061
555763418,2054521 Ronneby blåmusselbankar,IA,141.91,SWE,56.09368,15.28097
555763442,2058863 Norra Borgafjällen,IB,196.75,SWE,64.90128,14.97461
555767828,Zones nodales du parc national de l\'Entre Sambre et Meuse,II,177.49,BEL,50.07398,4.44861
555767829,Zones nodales du parc national de la Vallée de la Semois,II,229.05,BEL,49.79322,5.17640
555770431,Defileul Deda-Toplița,IV,91.60,ROU,46.95998,25.09404
555770434,Friese Front,IV,2020.18,NLD,53.68193,4.75874
555770435,Centrale Oestergronden,IV,2093.54,NLD,54.73447,3.90578
555770436,Borkumse Stenen,IV,683.34,NLD,53.81694,6.17523
555770445,Stolica,IV,31.52,SVK,48.76216,20.20125
555771439,Mojstirsko-Draske planine,IV,108.24,SRB,42.89970,20.44161
555772892,2061781 Harrberget,IB,42.97,SWE,65.40966,17.32185
555772905,2062501 Ripakaisenvuoma,IB,58.15,SWE,67.79538,21.84317
555772910,2064722 Ryfjället,IB,79.93,SWE,65.52476,15.87254
555772970,2022309 Ránesvárre,IB,86.35,SWE,66.67179,20.80381
555772982,2058864 Satsfjället,IB,255.11,SWE,64.97913,14.97514
555773013,2046412 Kinnbäcksfjärden,IA,46.40,SWE,65.03334,21.52838
555773035,2064141 Höstet,IA,34.80,SWE,62.00982,12.72930
555773044,2042731 Kölarna,IB,25.60,SWE,60.64790,13.22009
555773051,2044054 Stårbatjvare,IB,26.46,SWE,65.89934,18.24737
555773111,2048079 Nåara/Härbergsdalen,IB,302.74,SWE,64.64479,14.78937
555773115,2062781 Naulajärvi-Kirvesvuoma,IA,67.57,SWE,66.79763,21.24139
555773482,Area marina protetta Capo Spartivento,II,37.01,ITA,38.88289,8.88967
555773857,Sakatin metsäkompensaation luonnonsuojelualue,IB,29.29,FIN,68.62629,27.17915
555774236,Wildalpener Salzatal - Wildnisgebiet Naturzone,IB,27.61,AUT,47.72036,14.96520
555774265,Soutok,IV,31.87,CZE,48.68037,16.93891
555774268,W,IV,491.45,DNK,55.84820,12.70050
555774269,G - Reg,IV,672.91,DNK,56.74155,5.95131
555774270,K - Reg,IV,122.27,DNK,54.60814,14.67332
555774271,M - Reg,IV,280.91,DNK,55.20854,15.23860
555774272,B - Reg,IV,209.05,DNK,56.68826,7.75374
555774273,I,IV,193.78,DNK,55.28921,14.50954
555774274,G - Strict,IB,425.80,DNK,56.72647,5.95496
555774275,N,IB,186.20,DNK,57.38221,10.96159
555774276,P,IB,248.30,DNK,56.95524,10.65130
555774277,A,IB,2971.92,DNK,55.40836,7.39397
555774278,H,IB,413.18,DNK,56.00988,3.43302
555774279,K - Strict,IB,83.53,DNK,54.61444,14.67516
555774280,M - Strict,IB,120.38,DNK,55.21755,15.28482
555774281,E,IB,131.17,DNK,58.19626,9.97839
555774282,F,IB,130.32,DNK,57.35223,7.61641
555774283,C,IB,107.99,DNK,57.76124,9.64136
555774284,B - Strict,IB,78.42,DNK,56.67974,7.74974
555774285,J,IB,320.54,DNK,54.92390,14.38958
555774286,D,IB,40.52,DNK,57.93924,10.79402
555774287,Q,IB,42.94,DNK,55.64109,12.76613
555774290,O,IB,942.63,DNK,57.07330,11.16017
555774291,T,IB,36.90,DNK,55.40596,9.66983
555774331,Frederikshavn Kommune public,IV,35.48,DNK,57.46080,10.43638
555774347,Gribskov Kommune public,IV,25.61,DNK,56.04810,12.21567
555774361,Herning Kommune public,IV,36.48,DNK,56.14422,8.81373
555774369,Holstebro Kommune public,IV,43.01,DNK,56.40305,8.55344
555774383,Jammerbugt Kommune public,IV,49.66,DNK,57.18135,9.44598
555774385,Kalundborg Kommune public,IV,33.82,DNK,55.69128,11.15493
555774399,Lemvig Kommune public,IV,32.45,DNK,56.52968,8.32066
555774431,Ringkøbing-Skjern Kommune public,IV,117.22,DNK,56.02278,8.48242
555774443,Silkeborg Kommune public,IV,27.27,DNK,56.17357,9.50475
555774445,Skanderborg Kommune public,IV,41.26,DNK,56.07699,9.85511
555774465,Thisted Kommune public,IV,159.09,DNK,56.91512,8.65583
555774467,Tønder Kommune public,IV,43.41,DNK,55.06542,8.85674
555774473,Varde Kommune public,IV,96.14,DNK,55.65743,8.45673
555774481,Viborg Kommune public,IV,49.97,DNK,56.45806,9.38579
555774650,Gréngewald,II,35.29,LUX,49.66833,6.19007
555781115,Bena Mulumbu,IV,3710.06,COD,-9.59095,25.88384
555781116,Mufufya,IV,1320.91,COD,-10.62540,26.66798
555781119,Siniaka-Minia,IV,4149.56,TCD,10.45499,18.23579
555781147,Parc National de Draa-Warkziz-Lebtana,II,2661.54,MAR,28.17831,-10.04621
555781580,Guria National Park,II,153.03,GEO,41.88974,42.31383
555781583,Kvereti Managed Reserve,IV,148.05,GEO,42.35234,43.41598
555782238,Kamikouchi,III,111.87,JPN,36.29291,137.66644
555782263,Towadako oyobi oirase keiryuu,III,117.60,JPN,40.48755,140.90345
555782265,Yabiji,III,313.93,JPN,24.97880,125.30190
555782266,Yamaguchi genjibotaru hasseichi,III,142.42,JPN,34.18042,131.47466
555782792,Bicentenario de la República - Pájaro Campana,IA,50.83,CRI,8.98224,-82.81161
555782796,Forest Genetic Resources Reserve,IV,1885.44,KOR,35.90763,127.80542
555782797,Disaster Prevention Reserve,IV,34.87,KOR,35.60833,128.41272
555782799,Landscape Reserve,IV,188.53,KOR,36.24864,128.60290
555782800,Catchment Reserve Protection Area,IV,3058.34,KOR,36.29443,128.56690
555782802,Palgongsan,II,124.95,KOR,36.02279,128.66044
555782885,Goheung,IV,59.43,KOR,34.71210,127.43654
555782886,Chungbuk Chungju Suanbomyeon,IV,31.72,KOR,36.86268,128.07872
555782899,Sinan,IV,1109.76,KOR,34.83743,126.10519
555782900,Suncheon Bay,IV,27.81,KOR,34.85110,127.47944
555782901,Ongjin Jangbong-do (island),IV,139.18,KOR,37.52668,126.30323
555782903,Muan,IV,113.57,KOR,35.03208,126.35607
555782904,Seocheon,IV,68.07,KOR,36.06459,126.60822
555782908,Bosung Bulgyo,IV,33.90,KOR,34.80638,127.41796
555782914,Gochang,IV,64.62,KOR,35.54348,126.56179
555783008,Cordillera Beata,IA,33171.53,COL,14.38717,-72.89070
555783259,Serranía de Manacacías,II,681.35,COL,3.47309,-72.51081
555783589,Reserva Natural Tartaruga,IA,177.04,CPV,16.01304,-22.71264
555783630,Área De Relevante Interesse Ecológico Da Lagoa Do Portinho,IV,37.27,BRA,-2.96532,-41.68489
555783649,Parque Estadual Da Serra De Santo Antônio,II,36.58,BRA,-4.94736,-42.18650
555783698,Reserva Particular Do Patrimônio Natural Alessandra Bello Vicintin,IV,117.75,BRA,-15.35557,-45.11897
555783748,Réserve naturelle partielle d'Aghien,IV,56.79,CIV,5.42660,-3.88449
555783749,Réserve naturelle de Bossematié,IV,216.84,CIV,6.44846,-3.49195
555783750,Reserve naturelle du Cavally,IV,681.93,CIV,6.01312,-7.68711
555783752,Bajos del Norte,II,13038.17,MEX,22.98286,-89.03545
555783753,Balam Kin,IA,864.74,MEX,18.99458,-89.87551
555783754,Balam Ku,IA,1845.53,MEX,18.36897,-89.98529
555783756,Canoas,IA,25.94,MEX,19.21232,-104.04539
555783767,Loreto II,II,62.22,MEX,25.77994,-111.32182
555783781,Ríos y Montañas de la Comarca Lagunera,IA,139.96,MEX,25.53612,-103.74409
555783785,Sierra de Vallejo-Río Ameca,IA,248.36,MEX,20.95732,-104.97584
555783791,Zona Marina de la Isla Isabel,II,317.15,MEX,21.85000,-105.88333
555784013,Bajwat,IV,53.49,PAK,32.15000,74.63331
555784014,Daphar,IV,28.24,PAK,32.16670,73.33329
555784032,Racha National Park,II,508.58,GEO,42.75816,43.55842
555784094,Complexe Parc national de Taï - Réserve naturelle partielle de faune du N'Zo,IV,5358.77,CIV,5.76691,-7.10578
555784128,Kargah,IV,238.30,PAK,35.85570,74.07977
555784547,4006800,II,27.37,CAN,46.95250,-65.05034
555784728,Privately Protected Area (NCC 142667),IV,27.18,CAN,49.19613,-109.07198
555784762,Privately Protected Area (NCC 40025),IV,27.11,CAN,49.22611,-96.70752
555785285,Proposed Montagne-du-Diable Biodiversity Reserve,II,65.90,CAN,46.71155,-75.61071
555785289,Alfred Bog Provincial Park (Natural Environment Class),II,30.66,CAN,45.49527,-74.83040
555785300,NCC Fee Simple Property (1000658),IV,25.96,CAN,44.79481,-77.60395
555785431,Fish Lake Fen Provincially Significant Peatland,III,61.56,CAN,50.74713,-97.39291
555785432,Moswa Meadows Provincially Significant Peatland,II,213.97,CAN,52.69109,-100.96390
555785606,INCOMAPPLEUX CONSERVANCY,II,586.52,CAN,50.96002,-117.56207
555785667,Aullaviat/Aungunairvik,IB,8471.95,CAN,68.50510,-138.09351
555785739,Malhan  PA,II,320.74,YEM,15.32495,43.33258
555785743,Annah PA,II,67.34,YEM,13.96641,43.97148
555785752,North Kamaran Island PA,II,50.61,YEM,15.38323,42.60540
555785754,Tana Managed Reserve,IV,109.94,GEO,41.84666,43.98760
555785755,Tsiv-Gombori Managed Reserve,IV,49.39,GEO,41.77926,45.36064
555785807,Allonby Bay Highly Protected Marine Area,IV,27.73,GBR,54.75944,-3.49162
555785819,Purbeck Heaths,IV,33.34,GBR,50.67202,-2.03853
555785823,Somerset Wetlands,IV,61.43,GBR,51.12844,-2.95892
555785825,Wild Ennerdale,IV,30.34,GBR,54.50881,-3.33453
555785826,Lincolnshire Coronation Coast,IV,33.19,GBR,53.45907,0.12012
555785828,Morden Bog and Hyde Heath,IV,47.75,GBR,50.70087,-2.06057
555785836,West Penwith Moors and Downs,IV,30.42,GBR,50.14748,-5.57956
555785923,Monumento Natural Cavernas De São Desidério,III,161.94,BRA,-12.39942,-44.92728
555785924,Refúgio De Vida Silvestre Do Sauim-De-Coleira,III,152.89,BRA,-2.99674,-59.22381
555785928,Gharameel Nature Reserve,IB,2116.72,SAU,27.23847,38.03966
555785929,Harrat AlZabin Nature Reserve,IB,1677.83,SAU,26.02873,37.94155
555785930,Wadi Nakhlah Nature Reserve,II,2428.31,SAU,26.41667,38.49530
555785986,Nosy Ve Androka,II,912.81,MDG,-24.66788,44.06156
555786025,Teniente 1° Adolfo Rojas Silva,IV,47.38,PRY,-22.61282,-59.07621
555786044,Guasú Pukú,IV,34.72,PRY,-27.33655,-56.50689
555786045,1a División de Caballeria - Cuartel General,IV,121.32,PRY,-22.70342,-61.53311
555786051,Campo Iris,IV,34.81,PRY,-20.84873,-61.93575
555786053,Yrenda,IV,26.00,PRY,-26.44765,-54.87649
555786055,Mainumby,IV,383.00,PRY,-21.02764,-59.24037
555786056,Pozuelo,IV,55.16,PRY,-24.55969,-54.42462
555787659,Machángara Tomebamba,IV,418.08,ECU,-2.70419,-79.10004
555787660,Canandé,IV,29.80,ECU,0.50730,-79.19877
555790096,Yanga,II,353.83,AUS,-34.54879,143.71063
555790156,Los Humedales de Cerro Tigre,II,25.70,PRY,-22.25069,-57.92361
555790159,Mayor Infante Rivarola,IV,148.82,PRY,-21.67528,-62.40282
555790179,Tinfunque,IV,1766.69,PRY,-24.08777,-60.07798
555790181,Itabo,IV,182.83,PRY,-25.07802,-54.67073
555790182,Limoy,IV,225.08,PRY,-24.77218,-54.45644
555790183,Tati Yupi,IV,38.64,PRY,-25.35760,-54.59543
555790184,San Rafael,II,775.66,PRY,-26.50772,-55.69384
555790185,Rio Negro,II,1229.44,PRY,-19.85097,-58.38447
555790186,Carapa,IV,43.78,PRY,-24.35888,-54.39688
555790188,Lago Ypoa,IV,1182.67,PRY,-26.08055,-57.48586
555790189,Bella Vista,II,77.22,PRY,-22.43744,-56.60817
555790190,Pikyry,IV,28.65,PRY,-25.20722,-54.50627
555790191,Arroyo Blanco,IV,58.36,PRY,-22.48888,-56.13621
555790192,Morombi,IV,198.12,PRY,-24.66757,-55.39139
555790193,Cerro Cabrera - Timane,II,1245.32,PRY,-19.74667,-61.48551
555790195,Yacyreta,IV,85.51,PRY,-27.44284,-56.73717
555790198,Toro Mocho,IV,181.34,PRY,-23.49459,-60.49831
555790199,Ypeti,IV,135.94,PRY,-25.64808,-55.48752
555790200,Tapyta,IV,47.79,PRY,-26.24375,-55.76604
555790201,Yvyty rokái,IV,48.61,PRY,-25.03652,-54.50529
555790202,Arroyo Aguapey,IV,99.49,PRY,-27.18415,-56.29712
555790203,Ñuguazu,IV,498.27,PRY,-20.73580,-61.68237
555790230,Tandavandriva,II,2968.71,MDG,-13.04584,48.03962
555790310,Apudthama,II,3192.58,AUS,-11.35115,142.61224
555790320,Boodjamulla,II,796.86,AUS,-19.02195,138.59803
555790323,Brindingabba,II,339.42,AUS,-29.10101,144.89064
555790326,Bunuba,II,471.89,AUS,-17.44760,125.45821
555790327,Bunuba,II,1602.46,AUS,-17.68208,125.60028
555790328,Burringurrah,II,4826.06,AUS,-24.59296,116.91692
555790338,Dalgaranga,II,1356.82,AUS,-27.86047,117.22126
555790348,Evelyn Downs,II,2342.95,AUS,-27.96941,134.37018
555790351,Fitzroy River,II,245.43,AUS,-17.54651,126.28047
555790353,Fortescue Marsh,IA,597.51,AUS,-22.54895,119.41828
555790357,Gurdurdu,II,785.32,AUS,-29.64063,117.59406
555790365,Jilgu,II,1019.77,AUS,-24.79451,117.33184
555790391,Matuwa Kurrara Kurrara,II,6093.21,AUS,-25.98221,121.64006
555790394,Meryla,IA,40.51,AUS,-34.64020,150.40036
555790395,Miluwindi,II,107.72,AUS,-17.20618,125.39175
555790402,Muggon,II,1916.89,AUS,-26.56575,115.65175
555790408,Ngamurra,IA,2018.08,AUS,-26.19870,122.61870
555790421,Pimbee,II,937.48,AUS,-25.53599,114.90224
555790422,Pindera Downs,IB,117.78,AUS,-29.47472,142.60375
555790444,The Lakes,II,431.42,AUS,-19.86446,144.23996
555790528,Unnamed WA54098,IA,34.03,AUS,-34.32998,116.74170
555790551,Maralinga Tjarutja Lands,IA,84699.00,AUS,-29.43992,131.05620
555790555,Mayala,II,119.71,AUS,-16.36179,123.46655
555790556,Nyul Nyul,IV,406.28,AUS,-16.96622,122.70611
555790794,Adam's Bridge NP,II,189.99,LKA,9.08524,79.64535
555790795,Chundikulam NP,IV,195.69,LKA,9.46537,80.56187
555790798,Great Basses and Little Basses Marine Sanctuary,IV,675.69,LKA,6.31660,81.54549
555790800,Nagarkovil NR,IB,78.79,LKA,9.67511,80.32314
555790801,Nandikadal NR,IB,41.42,LKA,9.27892,80.77200
555790802,Nayaru NR,IB,44.65,LKA,9.11390,80.87406
555790806,Vankalai,IV,48.39,LKA,8.93726,79.92769
555790807,WedithalathiveNR,IB,291.63,LKA,9.08172,79.99226
555790815,Delta du Saloum,II,565.43,SEN,13.74818,-16.60130
555790818,Ain Dara- Ain Zhalta- Barouk- Maaser El Chouf,IV,37.55,LBN,33.71516,35.73677
555790848,Seoul Urban Natural Park Areas,IV,40.82,KOR,37.54251,126.98995
555790858,Yeosu,IV,38.83,KOR,34.75509,127.55334
555791008,Hidakasanmyaku-Erimo-Tokachi,II,2520.14,JPN,42.46375,142.84718
555791012,Minamisanrikucho kaiiki,IV,54.33,JPN,38.69639,141.50779
555791296,Oosanshouuo seisokuchi,III,40.93,JPN,33.36501,131.27108
555795250,Jaeren wetland system,IA,30.85,NOR,58.76627,5.64232
555795251,Prypiat River Floodplains,II,375.68,UKR,51.82639,25.29998
555795257,Tourbières et lacs de la Montagne jurassienne,IB,121.56,FRA,46.65504,6.14340
555795258,Zone Humide du Moyen Niger II,IV,385.65,NER,11.85042,3.45502
555795261,Upper Kiskunság alkaline steppes,II,131.78,HUN,47.07047,19.14697
555795262,Zone Humide de la Rivière Pendjari,II,4834.02,BEN,11.05063,1.48146
555795263,Guangdong Haifeng Wetlands,IA,115.92,CHN,22.96656,115.39561
555795267,Vydritsa,IV,174.03,BLR,52.72972,29.63225
555795268,Barrière de Corail Nosy Ve Androka,II,912.97,MDG,-24.66788,44.06156
555795272,Van Long Wetland Nature Reserve,IV,27.30,VNM,20.38560,105.85719
555795274,Taiamã Ecological Station,IA,115.55,BRA,-16.86967,-57.51715
555795276,Sundarban Wetland,IA,4243.77,IND,21.82434,88.61960
555795287,Prut River Headwaters,IA,49.35,UKR,48.16692,24.55232
555795292,Niagara River Corridor,IA,52.46,USA,43.05373,-78.96098
555795297,Beas Conservation Reserve,IB,64.29,IND,31.63010,75.41838
555795306,Lower Wisconsin Riverway,IA,174.69,USA,43.14802,-90.42143
555795308,Lower Songkhram River,IV,55.05,THA,17.67771,104.26069
555795309,Nanthar Island and Mayyu Estuary,II,35.98,MMR,20.24531,92.77108
555795312,Inner Mongolia Bila River Wetlands,IB,567.00,CHN,49.47737,123.28652
555795313,Heilongjiang Hadong Yanjiang Wetlands,IB,96.95,CHN,45.92481,126.81917
555795314,Gansu Yellow River Shouqu Wetlands,IA,1317.83,CHN,33.59836,102.20866
555795315,Tibet Trari Nam Co Wetlands,IB,1405.97,CHN,30.91780,85.57772
555795316,Jiangxi Poyang Lake Nanji Wetlands,IB,329.53,CHN,28.99079,116.28440
555795317,Wairarapa Moana Wetland,IV,105.47,NZL,-41.27456,175.20185
555795320,Kabartal Wetland,IV,26.22,IND,25.62016,86.12965
555795327,Tso Kar Wetland Complex,IB,95.89,IND,33.29513,78.01292
555795329,Sasmuan Pampanga Coastal Wetlands,II,36.64,PHL,14.82279,120.60752
555795332,Lake Ohrid,II,252.10,MKD,41.03975,20.72429
555795338,Sistema de Humedales de la Isla de Guanaja,II,131.54,HND,16.46103,-85.88931
555795345,Haiderpur Wetland,IV,69.00,IND,29.42099,78.01797
555795347,Bakhira Wildlife Sanctuary,IV,28.94,IND,26.90747,83.12929
555795351,Satkosia Gorge,II,981.51,IND,20.57840,84.84217
555795378,Los Humedales de Montecristi y la Línea Noroeste,II,843.15,DOM,19.80289,-71.41904
555795379,"Refugio de Vida Silvestre Laguna Redonda y Limón (Los Humedales del  Refugio de Vida Silvestre Laguna Redonda y Limón, Miches y Ria Maimón)",III,57.36,DOM,18.99697,-68.89669
555795383,Beijing Yeya Lake Wetlands,IB,40.07,CHN,40.43822,115.88234
555795384,Qinghai Longbaotan Wetlands,IB,95.29,CHN,33.19772,96.53158
555795390,Sichuan Seda Nilaba Wetlands,IB,607.54,CHN,32.78223,99.70254
555795392,Gansu Dunhuang Xihu Wetlands,IB,1922.83,CHN,40.24208,93.30276
555795393,Heilongjiang Grand Khingan Jiuqushibawan Wetlands,II,49.32,CHN,52.94962,122.66159
555795394,Heilongjiang Grand Khingan Shuangheyuan Wetlands,II,87.09,CHN,52.05869,125.56036
555795395,Jiangsu Huai'an Baima Lake Wetlands,II,27.96,CHN,33.18919,119.10065
555795398,Zhejiang Pingyang Nanji Islands Wetlands,IB,198.88,CHN,27.45488,121.04285
555795401,Caryapundy Swamp,II,718.37,AUS,-29.20666,142.52462
555795403,Sudochye lake system,IV,847.55,UZB,43.49617,58.52530
555795410,Marais poitevin,III,690.34,FRA,46.33877,-1.01230
555795411,Jijia - Iasi  Wetlands,IV,194.28,ROU,47.41188,27.36969
555795719,Privately Protected Area (NCC 60028),IV,546.12,CAN,49.31171,-116.89075
555795775,Privately Protected Area (NCC and partner(s) 142883),IV,78.81,CAN,49.25780,-116.89194
555795792,Privately Protected Area (NCC 1000654),IV,40.36,CAN,50.27665,-120.36330
555796114,Privately Protected Area (NCC 143149),IV,87.68,CAN,45.92266,-83.37359
555796162,Privately Protected Area (NCC 1000337),IV,604.52,CAN,49.31845,-83.55145
555796163,Privately Protected Area (NCC 1000347),IV,839.88,CAN,49.51387,-84.28510
555796182,Privately Protected Area (NCC 1000658),IV,25.96,CAN,44.79482,-77.60395
555796200,Privately Protected Area (NCC 1000028),IV,70.35,CAN,45.92356,-82.96766
555799232,Nibiischii National Park (Québec),II,12170.20,CAN,51.63762,-72.22416
555799239,Marais-Maritime Territorial reserve for protected area purposes,II,445.64,CAN,58.48866,-66.59584
555799241,Baie-de-Boatswain Territorial reserve for protected area purposes,II,141.24,CAN,51.85667,-78.83466
555799243,Péninsule-de-Ministikawatin Territorial reserve for protected area purposes,II,52.91,CAN,51.52999,-79.24133
555799283,The Park - Land'escapes,IV,105.74,CAN,44.93019,-77.68057
555799511,Kitaskino Nuwenëné Wildland,IB,1514.74,CAN,57.86046,-112.50894
555799600,KIIŠḤNIQʷUS CONSERVANCY,II,110.12,CAN,49.48795,-126.21835
555799601,ČICYI CONSERVANCY,II,92.69,CAN,49.33629,-126.15465
555799604,ʔUUʔINMITIS CONSERVANCY,II,228.91,CAN,49.29083,-125.71083
555799607,UNAACUŁ-ḤIŁSYAKƛIS CONSERVANCY,II,121.04,CAN,49.21214,-125.64274
555799608,ʔAʔUKMIN CONSERVANCY,II,112.67,CAN,49.16306,-125.53748
555799609,WANAČAS-HIŁḤUUʔIS CONSERVANCY,II,53.80,CAN,49.17956,-125.84153
555799710,Monumento Natural Estadual Da Serra Da Maria Comprida,III,78.03,BRA,-22.38079,-43.22176
555799723,Refúgio Da Vida Silvestre Serra Do Rio Bonito,III,25.47,BRA,-22.33497,-44.07931
555799732,Parque Estadual Das Águas,II,98.37,BRA,-4.03098,-38.56852
555799761,Estação Ecológica Da Chapada Da Serra Branca,IA,215.77,BRA,-8.79387,-42.92494
555799780,Parque Municipal Natural Da Lagoa Do Parado,II,35.43,BRA,-25.74157,-48.69933
555799796,Monumento Natural Municipal Da Serra Do Soarinho,III,35.15,BRA,-22.59519,-42.67741
555799797,Parque Estadual Do Rangel,II,385.95,BRA,-9.80437,-44.46482
555799810,Refúgio De Vida Silvestre Vale Dos Puris,III,32.63,BRA,-22.43544,-44.05205
555799813,Refúgio De Vida Silvestre De Santa Fé,III,31.73,BRA,-22.49518,-42.60672
555799856,Estação Ecológica Do Rio Da Casca,IA,34.93,BRA,-15.57793,-55.39601
555799873,Estação Ecológica Mamuru,IA,1263.64,BRA,-3.44714,-56.53195
555799916,Refúgio De Vida Silvestre Serra De Saudoso - São José,III,60.94,BRA,-22.61374,-43.77229
555799946,Monumento Natural Do Pico Do Frade,III,28.02,BRA,-22.21348,-42.06517
555799962,Refúgio De Vida Silvestre Do Soldadinho-Do-Araripe,III,55.41,BRA,-7.33687,-39.29931
555799969,Monumento Natural Municipal Serra Do Pantanal,III,41.63,BRA,-17.87783,-54.84992
555799982,Aralbuyi National Nature park,II,31.69,UZB,42.84265,59.32091
555799983,Aralkum National Nature park,II,9993.59,UZB,44.80412,58.93815
555799984,Babatag National Nature park,II,120.62,UZB,38.01031,68.17153
555799985,Markaziy Kizilkum National Nature park,II,6194.11,UZB,43.30890,63.04885
555799986,Pop National Nature park,II,100.67,UZB,41.11184,70.69286
555799987,"State reserve “Aktau-Tamdi""",IA,415.82,UZB,42.80487,65.91233
555799988,State Wildlife Sanctuary Barsakelmes,IV,2805.29,UZB,43.59569,57.49143
555799990,Yuqori Topalang National Nature park,II,278.46,UZB,38.80709,67.91977
555869974,Chon-Kemin Nature Park,II,1236.50,KGZ,42.75128,76.38159
555869975,Kan-Achuu Nature Park,II,304.96,KGZ,41.51465,73.59785
555869976,Khan Teniri Nature Park,II,2757.91,KGZ,42.11455,79.56465
555869977,Salkyn-Tor National Nature Park,II,104.18,KGZ,41.40594,76.20731
555869978,Kara-Bura Nature Park,II,617.68,KGZ,42.42032,71.27704
555869979,Surmatash State Nature Reserve,IA,661.92,KGZ,39.79170,72.04102
555869980,Sarkent Nature Park,II,399.99,KGZ,39.60367,69.52009
555869981,Dashman State Nature Reserve,IA,79.58,KGZ,41.37815,73.03224
555869982,Kulun-Ata State Nature Reserve,IA,275.37,KGZ,40.51162,74.23400
555869983,Padysha-Ata State Nature Reserve,IA,305.59,KGZ,41.67088,71.60943
555869986,Kyrgyz-Ata Nature Park,II,111.72,KGZ,40.05167,72.63475
555869987,Alatai Nature Park,II,568.25,KGZ,41.83450,72.62160
555869989,Saimaluu-Tash Nature Park,II,319.31,KGZ,41.16045,73.85411
555881224,Loros Andinos,II,45.95,COL,4.04503,-75.71320
555881537,Teluk Cempi,IA,222.65,IDN,-8.74478,118.27670
555881549,Way Kambas,IA,604.21,IDN,-4.98355,105.91004
555881550,Aceh Barat Daya,IA,160.07,IDN,3.63017,96.80055
555881551,Aceh Besar,IA,295.08,IDN,5.60667,95.34664
555881555,Aceh Selatan,IA,35.90,IDN,3.14642,97.27456
555881704,Laut Sulawesi,IV,6035.35,IDN,4.00998,126.20084
555881730,Mahakam Wilayah Hulu,IV,426.99,IDN,-0.08850,116.56979
555881765,Pulau Rao-Tanjung Dehegila,IV,659.32,IDN,2.18741,128.20791
555881981,Knuckles EPA,IA,313.11,LKA,7.44072,80.80568
555882074,Al Afra National Park Range,II,666.65,SAU,24.61305,39.06427
555882075,Sahwa National Park,II,459.04,SAU,24.90581,39.83750
555882076,Al-Dhamiriya National Park,II,568.39,SAU,24.26561,40.22560
555882077,Jabal Al Najj National Park,II,142.62,SAU,24.96015,42.33173
555882078,Ramat National Park,II,49.98,SAU,25.77976,43.68053
555882079,Salasal National Park,II,55.59,SAU,26.68709,43.43098
555882080,Al Asyah National Park & Nafud Al-Asyah Wilderness Park,II,288.84,SAU,26.84019,44.25113
555882081,Areeq Al Baladan National Park,II,62.17,SAU,25.72351,44.94366
555882082,Wuthaylan National Park,II,581.95,SAU,23.77675,46.70325
555882083,Al Jazm National Park,II,37.22,SAU,17.93092,44.02795
555882084,Sharar Plateau National Park,II,92.69,SAU,23.75571,40.95687
555882085,Jabal Sawaj National Park,II,58.74,SAU,25.18843,43.25600
555882086,Jabal Amrah National Park,II,33.16,SAU,25.39277,43.34728
555882087,Jabla National Park,II,98.04,SAU,24.81367,43.90267
555882089,Al Ghalghal and Al Dureei Park,II,686.55,SAU,22.86926,46.43087
555882090,Thunayyah National Park,II,273.75,SAU,20.12087,42.33071
555882091,Warat National Park,II,136.26,SAU,25.47199,45.47903
555882092,Sudair National Park,II,32.62,SAU,25.54160,45.78500
555882093,Yalla National Park (Eastern Part),II,131.41,SAU,20.04942,42.76117
555882094,Bisha National Park,II,76.46,SAU,19.71774,42.60974
555882095,Khyber Al Janoub National Park,II,139.84,SAU,18.86462,42.80509
555882096,Al Ghoul National Park,II,69.21,SAU,18.62838,43.01506
555882097,Eastern Ghadah National Park,II,90.97,SAU,18.70717,43.24397
555882098,Nakhlan Al Sharqi National Park,II,59.94,SAU,17.24781,42.67682
555882100,Blue Holes,III,16427.66,SAU,18.77314,40.78704
555885674,Arrecifes del Golfo de México-Sur,IA,1170.00,MEX,21.26705,-91.84248
555885677,Arrecifes del Golfo de México-Sur,II,39924.45,MEX,21.52192,-90.98802
555886582,Parque Nacional Do Albardão,II,10046.94,BRA,-33.49706,-52.40766
555887026,Parque Estadual Ambiental Das Árvores Gigantes Da Amazônia,II,5593.86,BRA,0.62597,-53.44574
555887575,Área De Relevante Interesse Ecológico Pontal Da Serra Da Ibiapaba,IV,61.34,BRA,-4.08474,-40.72994
555887625,Área De Relevante Interesse Ecológico Vale Dos Buritis,IV,26.54,BRA,-7.18951,-39.69588
555888025,Arie Paulo Nogueira Neto,IV,431.23,BRA,-24.25464,-50.49848
555889974,Gwan Tal Island,IV,1074.31,KOR,33.70102,126.32916
