qid,tier,lat,lon,sitelinks,iso
Q1466798,pilgrimage_major,46.26205,9.14583,3,CH
Q1468711,pilgrimage_major,48.35810,10.99110,2,DE
Q1471027,pilgrimage_major,48.02360,9.95618,2,DE
Q11603428,pilgrimage_major,34.04782,133.84096,3,JP
Q9167758,pilgrimage_major,50.81250,19.09720,5,PL
Q9333602,pilgrimage_major,49.70748,19.35321,2,PL
Q9333605,pilgrimage_major,54.38797,18.08994,1,PL
Q9333615,pilgrimage_major,49.72341,19.02071,3,PL
Q9333626,pilgrimage_major,52.28063,19.32952,2,PL
Q9333624,pilgrimage_major,52.00859,19.81198,2,PL
Q9333628,pilgrimage_major,52.16313,20.37941,1,PL
Q9333633,pilgrimage_major,52.57330,21.58230,2,PL
Q9333637,pilgrimage_major,50.20360,19.51221,2,PL
Q9333643,pilgrimage_major,49.76006,20.37780,1,PL
Q9333646,pilgrimage_major,49.69690,19.27020,3,PL
Q9333655,pilgrimage_major,49.67056,21.29250,1,PL
Q9333652,pilgrimage_major,53.17810,17.96330,2,PL
Q9333653,pilgrimage_major,54.20720,16.22690,2,PL
Q9333682,pilgrimage_major,50.44338,22.29277,2,PL
Q9333680,pilgrimage_major,52.73506,15.21592,2,PL
Q9871038,pilgrimage_major,41.47417,-6.85635,1,PT
Q10273681,pilgrimage_major,40.79096,-7.16811,2,PT
Q10300581,pilgrimage_major,39.36646,-9.40308,2,PT
Q10368275,pilgrimage_major,-13.00981,-38.51024,2,BR
Q10368283,pilgrimage_major,-23.01265,-43.44520,2,BR
Q10368287,pilgrimage_major,41.29070,-8.21008,2,PT
Q10368299,pilgrimage_major,38.78102,-7.41558,2,PT
Q10368302,pilgrimage_major,39.60555,-8.62601,4,PT
Q10368300,pilgrimage_major,38.61677,-7.39735,3,PT
Q10368306,pilgrimage_major,41.97452,-8.22314,5,PT
Q10368309,pilgrimage_major,38.87026,-8.15353,2,PT
Q10368312,pilgrimage_major,41.58623,-8.28093,2,PT
Q10368313,pilgrimage_major,41.55724,-8.22252,2,PT
Q10368317,pilgrimage_major,41.48177,-8.25866,4,PT
Q10368320,pilgrimage_major,39.28260,-9.13538,2,PT
Q10368326,pilgrimage_major,40.77126,-7.64570,2,PT
Q10368324,pilgrimage_major,39.36451,-9.14989,2,PT
Q10375573,pilgrimage_major,41.69051,-8.20374,4,PT
Q10375577,pilgrimage_major,41.97253,-8.25861,1,PT
Q10565794,pilgrimage_major,45.33112,14.45715,12,HR
Q10817487,pilgrimage_major,50.34670,16.23840,3,CZ
Q10884820,pilgrimage_major,34.02617,133.02544,5,JP
Q10927608,pilgrimage_major,33.59869,133.64042,7,JP
Q11352538,pilgrimage_major,34.28661,134.02658,5,JP
Q11357215,pilgrimage_major,33.96764,133.58650,4,JP
Q11373550,pilgrimage_major,34.08517,134.48544,5,JP
Q11378194,pilgrimage_major,34.01319,132.97736,4,JP
Q11378208,pilgrimage_major,33.95067,133.60626,2,JP
Q11385315,pilgrimage_major,33.31058,132.58147,6,JP
Q11387363,pilgrimage_major,33.83000,135.77722,1,JP
Q11390686,pilgrimage_major,33.75794,132.81286,7,JP
Q11390687,pilgrimage_major,33.64781,134.38517,2,JP
Q11391459,pilgrimage_major,34.35989,134.13953,6,JP
Q11395760,pilgrimage_major,33.53575,132.46564,2,JP
Q11395826,pilgrimage_major,34.21939,133.75028,4,JP
Q11397792,pilgrimage_major,33.89022,133.16067,4,JP
Q11407501,pilgrimage_major,34.06875,132.99575,3,JP
Q11414184,pilgrimage_major,33.89606,133.12917,6,JP
Q11418945,pilgrimage_major,33.59192,133.57756,6,JP
Q11433636,pilgrimage_major,33.38825,133.28140,3,JP
Q11434511,pilgrimage_major,33.66089,132.91208,3,JP
Q11435622,pilgrimage_major,34.03812,134.46268,5,JP
Q11435623,pilgrimage_major,33.57758,133.70539,6,JP
Q11437672,pilgrimage_major,34.12190,134.12713,2,JP
Q11438586,pilgrimage_major,34.10219,133.71917,4,JP
Q11443140,pilgrimage_major,34.31147,133.88286,4,JP
Q11444739,pilgrimage_major,33.88253,134.52189,5,JP
Q11452530,pilgrimage_major,33.89733,133.11494,5,JP
Q11474382,pilgrimage_major,33.65867,132.98072,4,JP
Q11475095,pilgrimage_major,33.20797,133.13461,6,JP
Q11481422,pilgrimage_major,34.05033,134.47564,6,JP
Q11481606,pilgrimage_major,33.98983,133.63508,2,JP
Q11483473,pilgrimage_major,33.85183,134.58278,6,JP
Q11486476,pilgrimage_major,32.96131,132.77406,5,JP
Q11486488,pilgrimage_major,34.06683,132.96400,3,JP
Q11486492,pilgrimage_major,33.95650,133.42037,2,JP
Q11487478,pilgrimage_major,34.22972,133.72426,4,JP
Q11490894,pilgrimage_major,34.32431,134.17964,5,JP
Q11492248,pilgrimage_major,33.98600,134.57825,5,JP
Q11495028,pilgrimage_major,33.94020,134.43074,2,JP
Q11500030,pilgrimage_major,33.76450,132.81067,2,JP
Q11512501,pilgrimage_major,33.36922,132.51897,5,JP
Q11515242,pilgrimage_major,34.22331,133.75022,5,JP
Q11515607,pilgrimage_major,33.24901,134.17574,6,JP
Q11535734,pilgrimage_major,34.02947,132.97847,3,JP
Q11536486,pilgrimage_major,34.34450,133.96056,4,JP
Q11542681,pilgrimage_major,33.83786,133.11114,4,JP
Q11545390,pilgrimage_major,33.90236,133.05556,2,JP
Q11550082,pilgrimage_major,33.52333,132.58181,2,JP
Q11555707,pilgrimage_major,34.05011,132.97458,3,JP
Q11556229,pilgrimage_major,33.28781,134.14825,6,JP
Q11556869,pilgrimage_major,33.75356,132.81911,5,JP
Q11558884,pilgrimage_major,34.25636,133.72817,2,JP
Q11561323,pilgrimage_major,33.51250,133.40950,6,JP
Q11567639,pilgrimage_major,33.98503,134.31025,5,JP
Q11577737,pilgrimage_major,34.23319,133.76576,4,JP
Q11579651,pilgrimage_major,34.33353,133.92676,5,JP
Q11589588,pilgrimage_major,33.46761,133.97478,6,JP
Q11589702,pilgrimage_major,34.13399,133.64733,3,JP
Q11590962,pilgrimage_major,34.16383,133.86442,2,JP
Q11591177,pilgrimage_major,33.52669,133.61139,7,JP
Q11596438,pilgrimage_major,33.49172,133.48758,6,JP
Q11598034,pilgrimage_major,33.96786,134.60581,6,JP
Q1321478,pilgrimage_major,49.80501,10.17041,2,DE
Q1331689,pilgrimage_major,31.77923,35.23963,27,IL
Q1406352,pilgrimage_major,48.09530,11.55640,2,DE
Q1432607,pilgrimage_major,32.78860,-96.79790,7,US
Q1440009,pilgrimage_major,47.65303,13.00248,3,DE
Q1460781,pilgrimage_major,45.96355,18.95560,3,HU
Q120258745,pilgrimage_major,37.85365,15.28407,2,IT
Q120478877,pilgrimage_major,45.21439,11.29853,2,IT
Q121097947,pilgrimage_major,46.35123,-72.54823,0,CA
Q3950102,pilgrimage_major,40.68985,14.45997,5,IT
Q3950103,pilgrimage_major,45.56005,10.90723,2,IT
Q3950111,pilgrimage_major,45.41830,10.98660,6,IT
Q3950116,pilgrimage_major,45.66951,10.63743,2,IT
Q1478640,pilgrimage_major,39.82292,2.88444,16,ES
Q1482259,pilgrimage_major,47.98760,10.43520,2,DE
Q1487617,pilgrimage_major,47.92304,7.74216,2,DE
Q1494616,pilgrimage_major,47.44207,9.39330,2,CH
Q1497628,pilgrimage_major,48.87930,10.70700,3,DE
Q1507978,pilgrimage_major,47.57890,10.74880,4,DE
Q1509463,pilgrimage_major,25.98659,85.12559,44,IN
Q1510389,pilgrimage_major,21.00499,-100.79456,24,MX
Q1535494,pilgrimage_major,47.77120,11.32910,2,DE
Q1535948,pilgrimage_major,52.06260,7.24493,3,DE
Q1552528,pilgrimage_major,51.30917,17.06667,11,PL
Q1556394,pilgrimage_major,48.37169,13.12189,2,DE
Q1560443,pilgrimage_major,48.17720,11.62720,2,DE
Q1574738,pilgrimage_major,48.56904,13.47020,4,DE
Q1587873,pilgrimage_major,47.39340,11.81770,2,AT
Q1594842,pilgrimage_major,48.72070,10.63950,2,DE
Q1594926,pilgrimage_major,46.61431,11.93833,3,IT
Q1595372,pilgrimage_major,47.41163,9.04037,2,CH
Q1603443,pilgrimage_major,46.39161,11.41434,8,IT
Q1603691,pilgrimage_major,48.72850,13.00110,2,DE
Q1605071,pilgrimage_major,47.89333,8.33611,2,DE
Q1640315,pilgrimage_major,47.88880,10.13760,2,DE
Q1650237,pilgrimage_major,48.97190,10.14500,3,DE
Q1650991,pilgrimage_major,48.20703,10.95488,2,DE
Q1670422,pilgrimage_major,49.90280,9.82961,2,DE
Q1670907,pilgrimage_major,48.84222,10.85750,2,DE
Q1675939,pilgrimage_major,49.27272,11.48253,2,DE
Q1701117,pilgrimage_major,48.66930,12.06416,2,DE
Q1714172,pilgrimage_major,49.01540,11.12590,2,DE
Q1717574,pilgrimage_major,47.83840,13.04042,4,AT
Q1724541,pilgrimage_major,47.85680,10.13800,2,DE
Q1725518,pilgrimage_major,16.94278,104.72417,11,TH
Q1727133,pilgrimage_major,48.08610,13.86400,4,AT
Q1742701,pilgrimage_major,54.27570,9.90131,2,DE
Q1775576,pilgrimage_major,48.39360,11.16240,3,DE
Q1776124,pilgrimage_major,48.89570,11.18310,4,DE
Q1776234,pilgrimage_major,49.10273,17.39461,4,CZ
Q1776766,pilgrimage_major,51.29230,10.21750,3,DE
Q1787541,pilgrimage_major,43.45161,4.42775,7,FR
Q1795397,pilgrimage_major,49.78430,9.92191,7,DE
Q1802030,pilgrimage_major,48.43608,12.94230,2,DE
Q1875645,pilgrimage_major,50.85748,5.23965,5,BE
Q1886791,pilgrimage_major,10.18333,76.50000,5,IN
Q1895722,pilgrimage_major,47.19240,9.02107,2,CH
Q1895797,pilgrimage_major,50.38576,9.81092,2,DE
Q1896411,pilgrimage_major,47.13090,11.40530,1,AT
Q1896475,pilgrimage_major,49.87470,10.21400,4,DE
Q1896473,pilgrimage_major,47.81944,9.22472,2,DE
Q1896479,pilgrimage_major,47.90245,8.10643,2,DE
Q1896534,pilgrimage_major,50.09250,9.09539,2,DE
Q1899638,pilgrimage_major,49.97400,9.15079,2,DE
Q1899678,pilgrimage_major,48.14940,10.30980,2,DE
Q1899703,pilgrimage_major,48.51889,8.11833,3,DE
Q1968407,pilgrimage_major,39.29440,-76.61620,14,US
Q1982229,pilgrimage_major,51.31278,7.08750,10,DE
Q2082376,pilgrimage_major,48.20750,16.22860,2,AT
Q2082382,pilgrimage_major,46.86762,8.23989,3,CH
Q2082623,pilgrimage_major,47.71150,16.34430,2,AT
Q2083104,pilgrimage_major,48.20138,12.42642,2,DE
Q2088381,pilgrimage_major,36.80111,3.04250,25,DZ
Q2166547,pilgrimage_major,47.69750,16.30690,2,AT
Q2167317,pilgrimage_major,43.17444,-2.28237,17,ES
Q2215789,pilgrimage_major,48.87290,11.55570,3,DE
Q2219248,pilgrimage_major,41.63464,-0.88566,5,ES
Q2223783,pilgrimage_major,39.51911,2.92758,3,ES
Q2223786,pilgrimage_major,37.07472,15.28528,10,IT
Q2223805,pilgrimage_major,41.43181,-8.26975,3,PT
Q2280855,pilgrimage_major,51.08386,5.32561,1,BE
Q2316385,pilgrimage_major,47.39640,10.28060,2,DE
Q2317113,pilgrimage_major,51.72590,7.15541,3,DE
Q2320288,pilgrimage_major,48.68432,10.54518,2,DE
Q2321710,pilgrimage_major,48.45090,10.57140,2,DE
Q2322207,pilgrimage_major,47.10174,8.09945,2,CH
Q2322975,pilgrimage_major,47.97920,10.57940,2,DE
Q2322972,pilgrimage_major,48.12140,11.15650,2,DE
Q2322999,pilgrimage_major,49.20850,9.30056,2,DE
Q2364438,pilgrimage_major,53.79210,-8.91766,14,IE
Q2373648,pilgrimage_major,41.77824,12.54251,14,IT
Q2399330,pilgrimage_major,51.00163,3.54807,2,BE
Q2402338,pilgrimage_major,40.51270,-6.16891,5,ES
Q2542789,pilgrimage_major,49.58450,9.36624,5,DE
Q2542811,pilgrimage_major,47.30102,8.41128,3,CH
Q2542812,pilgrimage_major,48.87293,12.28410,2,DE
Q2542820,pilgrimage_major,48.90182,12.69667,2,DE
Q2542832,pilgrimage_major,49.92690,9.28410,2,DE
Q2542843,pilgrimage_major,49.29660,16.74270,6,CZ
Q2542841,pilgrimage_major,48.07592,14.09817,3,AT
Q2542850,pilgrimage_major,49.45298,11.87110,2,DE
Q2542854,pilgrimage_major,49.20390,11.32670,2,DE
Q2542855,pilgrimage_major,48.15880,10.82990,2,DE
Q2542863,pilgrimage_major,48.44390,12.36250,2,DE
Q2542866,pilgrimage_major,49.98580,10.61770,2,DE
Q79961,pilgrimage_major,-22.95192,-43.21046,94,BR
Q82387,pilgrimage_major,38.93333,-77.00056,29,US
Q82560,pilgrimage_major,52.47220,-1.92880,9,GB
Q135779,pilgrimage_major,37.91153,27.33397,36,TR
Q138388,pilgrimage_major,36.70889,67.11083,43,AF
Q155776,pilgrimage_major,23.96110,86.13710,14,IN
Q156675,pilgrimage_major,47.68060,10.90044,45,DE
Q174779,pilgrimage_major,39.65917,-8.82611,43,PT
Q174968,pilgrimage_major,14.59972,120.98889,17,PH
Q176502,pilgrimage_major,47.54472,12.97250,14,DE
Q186282,pilgrimage_major,41.89750,12.49861,58,IT
Q187499,pilgrimage_major,32.94347,35.09188,22,IL
Q205136,pilgrimage_major,42.88056,-8.54444,65,ES
Q241913,pilgrimage_major,-34.62640,-55.48560,2,UY
Q246924,pilgrimage_major,46.17519,8.79384,10,CH
Q259633,pilgrimage_major,-17.38425,-66.13496,20,BO
Q262118,pilgrimage_major,48.63250,-3.42389,3,FR
Q284716,pilgrimage_major,45.49167,-73.61667,18,CA
Q305419,pilgrimage_major,19.48444,-99.11722,25,MX
Q314092,pilgrimage_major,50.58110,7.22133,11,DE
Q322678,pilgrimage_major,48.22627,12.67646,15,DE
Q369552,pilgrimage_major,49.37972,17.70194,10,CZ
Q382187,pilgrimage_major,49.36040,11.27890,2,DE
Q426742,pilgrimage_major,33.54661,133.57747,8,JP
Q429387,pilgrimage_major,43.12384,-0.20738,4,FR
Q458166,pilgrimage_major,39.52703,2.92648,5,ES
Q461491,pilgrimage_major,47.97433,11.18253,3,DE
Q511070,pilgrimage_major,34.10775,134.30428,6,JP
Q519072,pilgrimage_major,55.95620,-3.18786,15,GB
Q522170,pilgrimage_major,43.30890,-5.05635,15,ES
Q535065,pilgrimage_major,34.21778,135.58333,38,JP
Q573920,pilgrimage_major,50.81250,19.09722,35,PL
Q593540,pilgrimage_major,49.68501,14.01758,8,CZ
Q607880,pilgrimage_major,43.24500,-88.32722,7,US
Q611345,pilgrimage_major,33.83694,135.77639,32,JP
Q654996,pilgrimage_major,43.44093,13.61092,24,IT
Q655014,pilgrimage_major,44.94694,-93.10889,12,US
Q667111,pilgrimage_major,34.19140,134.20700,7,JP
Q669743,pilgrimage_major,47.77278,15.31861,28,AT
Q749170,pilgrimage_major,26.49028,74.55417,56,IN
Q752318,pilgrimage_major,49.58000,15.94194,38,CZ
Q769842,pilgrimage_major,48.85084,2.32293,11,FR
Q787035,pilgrimage_major,34.22511,133.77414,10,JP
Q805446,pilgrimage_major,38.67861,-9.17139,18,PT
Q805445,pilgrimage_major,3.44083,-76.55417,7,CO
Q810077,pilgrimage_major,13.63194,123.20000,8,PH
Q810096,pilgrimage_major,47.83610,16.92880,3,AT
Q810125,pilgrimage_major,42.33258,-71.10060,8,US
Q810139,pilgrimage_major,45.40137,11.88053,38,IT
Q810148,pilgrimage_major,47.02385,-70.92897,13,CA
Q810684,pilgrimage_major,41.65688,-0.87833,39,ES
Q819906,pilgrimage_major,49.45630,9.91974,2,DE
Q842004,pilgrimage_major,41.70712,15.70303,8,IT
Q846006,pilgrimage_major,50.86667,4.31722,32,BE
Q874076,pilgrimage_major,47.74611,9.21917,11,DE
Q876011,pilgrimage_major,46.37810,25.82500,6,RO
Q883099,pilgrimage_major,49.27470,7.64439,4,DE
Q897289,pilgrimage_major,35.28583,-115.68463,9,US
Q919766,pilgrimage_major,39.75083,2.86639,2,ES
Q936830,pilgrimage_major,50.02000,19.93750,15,PL
Q972483,pilgrimage_major,48.11407,11.61514,3,DE
Q980745,pilgrimage_major,40.75000,14.50056,18,IT
Q989664,pilgrimage_major,47.56080,12.68830,3,AT
Q992992,pilgrimage_major,47.21080,15.84750,2,AT
Q1024946,pilgrimage_major,42.55481,1.59086,14,AD
Q1046027,pilgrimage_major,42.83379,71.21047,18,KZ
Q1085463,pilgrimage_major,34.15983,134.50261,8,JP
Q1088485,pilgrimage_major,34.15556,134.49028,7,JP
Q1093326,pilgrimage_major,19.07194,73.53583,21,IN
Q1101226,pilgrimage_major,34.30306,133.94417,7,JP
Q1109694,pilgrimage_major,50.04120,8.08472,7,DE
Q1110116,pilgrimage_major,47.56078,18.94490,5,HU
Q1117553,pilgrimage_major,49.76150,12.21420,2,DE
Q1123058,pilgrimage_major,46.78915,16.93564,2,HU
Q1124701,pilgrimage_major,40.19011,18.20725,2,IT
Q1125177,pilgrimage_major,42.17010,0.23481,7,ES
Q1126381,pilgrimage_major,47.50722,18.98806,2,HU
Q1139113,pilgrimage_major,42.84833,-2.57028,8,ES
Q1170495,pilgrimage_major,49.45824,10.03171,2,DE
Q1189293,pilgrimage_major,41.42207,2.11886,18,ES
Q1212612,pilgrimage_major,48.00000,19.76100,2,HU
Q1242897,pilgrimage_major,47.70871,18.58590,2,HU
Q1257736,pilgrimage_major,50.02904,12.27717,3,DE
Q1262299,pilgrimage_major,51.08330,7.53194,2,DE
Q1274850,pilgrimage_major,47.61070,10.61340,2,DE
Q1280433,pilgrimage_major,49.86032,19.67072,18,PL
Q1287827,pilgrimage_major,49.98588,7.92823,4,DE
Q1294994,pilgrimage_major,48.22050,12.13520,2,DE
Q1296867,pilgrimage_major,47.75222,18.90417,2,HU
Q131530995,pilgrimage_major,14.62408,121.02972,1,PH
Q96099192,pilgrimage_major,46.98281,1.41724,2,FR
Q45384556,pilgrimage_major,46.17597,9.93956,2,IT
Q45402386,pilgrimage_major,40.76169,15.74592,2,IT
Q46540564,pilgrimage_major,13.58823,124.31543,0,PH
Q47103630,pilgrimage_major,48.65473,14.49271,1,CZ
Q47170542,pilgrimage_major,42.07851,2.15224,2,ES
Q47190338,pilgrimage_major,50.49749,15.51569,1,CZ
Q47461941,pilgrimage_major,41.99332,0.38702,1,ES
Q48005877,pilgrimage_major,50.15196,8.42135,1,DE
Q48550939,pilgrimage_major,41.17506,-1.89105,0,ES
Q48731870,pilgrimage_major,23.60610,87.42960,2,IN
Q48847447,pilgrimage_major,52.51640,16.24666,2,PL
Q48865677,pilgrimage_major,52.77533,22.74714,1,PL
Q52066360,pilgrimage_major,44.22454,11.76684,2,IT
Q53881308,pilgrimage_major,-23.10269,-46.60731,1,BR
Q54868669,pilgrimage_major,43.22803,13.08726,1,IT
Q55055362,pilgrimage_major,53.18169,-8.23659,0,IE
Q55086072,pilgrimage_major,45.91375,10.85622,2,IT
Q55109671,pilgrimage_major,45.47519,10.85083,1,IT
Q55110458,pilgrimage_major,42.10496,12.40024,1,IT
Q55115531,pilgrimage_major,45.74921,11.46865,1,IT
Q55115719,pilgrimage_major,45.94272,9.07701,0,IT
Q55133388,pilgrimage_major,45.01000,7.82000,3,IT
Q55138426,pilgrimage_major,39.65133,16.53951,1,IT
Q55138971,pilgrimage_major,44.50996,11.13551,1,IT
Q55170993,pilgrimage_major,45.85589,10.98061,2,IT
Q55172339,pilgrimage_major,44.84947,10.73170,2,IT
Q55181353,pilgrimage_major,44.14887,10.98441,1,IT
Q55237036,pilgrimage_major,53.48853,13.31375,1,DE
Q55428423,pilgrimage_major,51.28650,14.22662,2,DE
Q55499540,pilgrimage_major,41.31370,-0.79439,1,ES
Q55633109,pilgrimage_major,14.72189,121.04164,2,PH
Q55663364,pilgrimage_major,31.77851,35.22953,2,IL
Q55723024,pilgrimage_major,47.83864,13.03979,2,AT
Q56062963,pilgrimage_major,10.10611,123.64000,3,PH
Q56179317,pilgrimage_major,41.62670,-8.43377,2,PT
Q56338525,pilgrimage_major,50.45708,19.55521,1,PL
Q56457378,pilgrimage_major,46.02185,8.79617,2,IT
Q56550476,pilgrimage_major,40.59830,15.51204,1,IT
Q56635997,pilgrimage_major,40.41315,15.84249,1,IT
Q57315087,pilgrimage_major,43.26250,68.28583,3,KZ
Q57315182,pilgrimage_major,49.16056,79.24167,1,KZ
Q58096740,pilgrimage_major,41.05972,-2.57889,1,ES
Q58449983,pilgrimage_major,48.14234,12.78982,2,DE
Q59425502,pilgrimage_major,50.01083,7.94694,2,DE
Q59660652,pilgrimage_major,46.04511,11.14986,2,IT
Q60173995,pilgrimage_major,48.41530,11.49994,2,DE
Q60393367,pilgrimage_major,43.86832,3.68274,2,FR
Q60539678,pilgrimage_major,49.05671,2.32771,0,FR
Q60983588,pilgrimage_major,14.61439,121.03078,4,PH
Q61390912,pilgrimage_major,43.49667,-7.14333,2,ES
Q61756818,pilgrimage_major,49.47731,18.04292,2,CZ
Q61774901,pilgrimage_major,48.17206,15.35178,1,AT
Q62008192,pilgrimage_major,44.81998,11.62389,2,IT
Q62528119,pilgrimage_major,27.57100,85.58400,2,NP
Q62701186,pilgrimage_major,-19.46153,-42.56106,1,BR
Q63049143,pilgrimage_major,41.95931,-0.79420,0,ES
Q63148167,pilgrimage_major,-0.11109,-78.29615,6,EC
Q63183625,pilgrimage_major,38.82542,-9.28286,1,PT
Q63253353,pilgrimage_major,47.81840,9.34736,2,DE
Q63328875,pilgrimage_major,45.98180,8.38600,2,IT
Q63468511,pilgrimage_major,48.36552,8.80135,2,DE
Q64512834,pilgrimage_major,48.79140,15.97102,1,AT
Q66050835,pilgrimage_major,42.59423,-1.21606,4,ES
Q66108330,pilgrimage_major,53.49250,-9.65300,2,IE
Q66219034,pilgrimage_major,50.34522,16.23749,1,CZ
Q66364030,pilgrimage_major,49.70378,11.18536,2,DE
Q66605006,pilgrimage_major,42.40819,-8.40156,2,ES
Q66739821,pilgrimage_major,43.66583,11.42977,1,IT
Q66816106,pilgrimage_major,32.82879,-16.98535,2,PT
Q67770172,pilgrimage_major,19.48444,-99.11722,2,MX
Q68164740,pilgrimage_major,45.23383,4.95334,1,FR
Q69408927,pilgrimage_major,45.82830,15.37141,0,SI
Q69421617,pilgrimage_major,41.89508,-7.05354,1,PT
Q70104963,pilgrimage_major,41.20868,-8.27525,1,PT
Q70381302,pilgrimage_major,39.38992,3.14950,3,ES
Q70550728,pilgrimage_major,48.83742,8.38732,1,DE
Q72096484,pilgrimage_major,49.40709,6.91658,1,DE
Q73262735,pilgrimage_major,41.82215,2.35508,2,ES
Q73406580,pilgrimage_major,42.00872,2.03848,2,ES
Q76949194,pilgrimage_major,41.41399,-8.25081,1,PT
Q77243545,pilgrimage_major,40.75350,14.68780,3,IT
Q80456347,pilgrimage_major,49.18512,13.95601,1,CZ
Q81348214,pilgrimage_major,37.72602,-89.89015,0,US
Q83735987,pilgrimage_major,50.70378,14.40111,2,CZ
Q84489073,pilgrimage_major,50.53457,16.05072,0,CZ
Q84987763,pilgrimage_major,40.94389,14.63639,2,IT
Q85684989,pilgrimage_major,47.40856,16.49877,0,AT
Q85684992,pilgrimage_major,47.10557,16.46048,0,AT
Q85881945,pilgrimage_major,33.77933,132.87478,2,JP
Q87374746,pilgrimage_major,37.21096,-2.20586,1,ES
Q88626174,pilgrimage_major,42.54111,-8.58444,1,ES
Q88774331,pilgrimage_major,45.36378,10.43224,2,IT
Q90417247,pilgrimage_major,42.91010,-2.87763,3,ES
Q91888668,pilgrimage_major,47.76444,8.78194,2,DE
Q92190479,pilgrimage_major,44.80920,8.38450,3,IT
Q17021257,pilgrimage_major,14.52310,121.26730,3,PH
Q17070861,pilgrimage_major,14.63200,120.99800,4,PH
Q17188637,pilgrimage_major,48.10017,11.54486,2,DE
Q17300928,pilgrimage_major,42.04190,2.26000,2,ES
Q17326281,pilgrimage_major,50.63422,6.47957,2,DE
Q108181648,pilgrimage_major,44.26885,7.72814,1,IT
Q108300460,pilgrimage_major,40.15115,-1.32583,2,ES
Q108418263,pilgrimage_major,42.43394,-8.64650,7,ES
Q108474661,pilgrimage_major,49.09562,14.18726,3,CZ
Q108582014,pilgrimage_major,29.90474,-81.31525,1,US
Q108832768,pilgrimage_major,47.37644,11.69240,1,AT
Q108872429,pilgrimage_major,9.97919,123.59992,3,PH
Q109236346,pilgrimage_major,13.64225,121.04331,1,PH
Q109429283,pilgrimage_major,51.27468,4.74029,1,BE
Q109439288,pilgrimage_major,44.35264,7.54310,0,IT
Q109526874,pilgrimage_major,-32.16646,116.01847,1,AU
Q109628624,pilgrimage_major,44.33249,7.80419,1,IT
Q109645910,pilgrimage_major,44.36305,7.46333,1,IT
Q109646809,pilgrimage_major,44.71369,8.22274,1,IT
Q109650460,pilgrimage_major,44.31357,7.17339,0,IT
Q109650552,pilgrimage_major,44.55611,7.53926,0,IT
Q109650786,pilgrimage_major,44.64680,7.65853,1,IT
Q109675843,pilgrimage_major,44.63556,8.76406,1,IT
Q109758359,pilgrimage_major,45.65809,7.99058,1,IT
Q110205889,pilgrimage_major,45.80773,9.09988,2,IT
Q110465004,pilgrimage_major,40.75554,14.44742,1,IT
Q110763981,pilgrimage_major,14.66270,120.94450,1,PH
Q110887329,pilgrimage_major,45.80922,9.09158,2,IT
Q110914325,pilgrimage_major,46.36265,9.36523,2,IT
Q110916259,pilgrimage_major,45.70516,9.54071,1,IT
Q110938399,pilgrimage_major,51.12949,4.70974,2,BE
Q111044058,pilgrimage_major,38.96242,16.36459,0,IT
Q111419448,pilgrimage_major,41.00463,15.10797,0,IT
Q111536318,pilgrimage_major,40.06473,-8.30016,2,PT
Q111548794,pilgrimage_major,39.56929,-8.22566,1,PT
Q111549906,pilgrimage_major,43.85968,4.39663,1,FR
Q111696261,pilgrimage_major,47.56083,12.68833,2,AT
Q111980471,pilgrimage_major,49.83761,18.82174,1,PL
Q112032018,pilgrimage_major,40.96947,15.15080,1,IT
Q112042528,pilgrimage_major,49.01446,12.02700,0,DE
Q112044432,pilgrimage_major,46.12684,9.28247,2,IT
Q112122621,pilgrimage_major,12.66224,-87.16654,4,NI
Q112122640,pilgrimage_major,23.04569,-82.46519,0,CU
Q112148320,pilgrimage_major,48.67881,13.86268,1,AT
Q112301055,pilgrimage_major,45.65678,9.25417,2,IT
Q112301058,pilgrimage_major,45.61791,9.97934,1,IT
Q112620213,pilgrimage_major,-34.46594,-70.89597,1,CL
Q112650991,pilgrimage_major,40.88997,16.75174,2,IT
Q112673374,pilgrimage_major,45.81153,10.33600,1,IT
Q112673447,pilgrimage_major,45.65869,10.04964,1,IT
Q112673643,pilgrimage_major,45.67942,9.23701,1,IT
Q112673815,pilgrimage_major,45.81989,9.28455,1,IT
Q112673842,pilgrimage_major,45.65213,9.20754,1,IT
Q112673939,pilgrimage_major,45.86199,9.41296,1,IT
Q112674227,pilgrimage_major,45.57915,9.48317,1,IT
Q112704281,pilgrimage_major,46.61300,19.84428,1,HU
Q112812361,pilgrimage_major,45.67072,8.96264,1,IT
Q112812505,pilgrimage_major,45.74970,9.30248,1,IT
Q112812537,pilgrimage_major,45.84329,9.34551,1,IT
Q112813396,pilgrimage_major,45.80627,9.08076,0,IT
Q112842543,pilgrimage_major,46.02058,11.79268,1,IT
Q112938426,pilgrimage_major,45.79425,11.83964,2,IT
Q113111716,pilgrimage_major,22.95106,-82.42219,1,CU
Q113214456,pilgrimage_major,50.49190,15.78526,1,CZ
Q113637197,pilgrimage_major,49.71879,17.73372,2,CZ
Q113672165,pilgrimage_major,47.10958,9.24024,1,CH
Q113801537,pilgrimage_major,37.25382,27.90138,1,TR
Q113961941,pilgrimage_major,-34.62228,150.19677,1,AU
Q114351410,pilgrimage_major,39.17489,-9.05941,1,PT
Q114516295,pilgrimage_major,-4.49382,-73.56005,2,PE
Q115099127,pilgrimage_major,47.33528,-79.43028,0,CA
Q115099323,pilgrimage_major,47.36889,-70.05611,0,CA
Q115099326,pilgrimage_major,46.39111,-70.50667,0,CA
Q115099327,pilgrimage_major,51.41250,-57.20278,0,CA
Q115099324,pilgrimage_major,46.36667,-72.50111,0,CA
Q115099325,pilgrimage_major,46.02889,-73.93611,0,CA
Q115099328,pilgrimage_major,48.87222,-64.55194,0,CA
Q115160723,pilgrimage_major,42.17720,2.89434,1,ES
Q115376532,pilgrimage_major,42.16368,-7.95203,1,ES
Q115548472,pilgrimage_major,22.67237,81.75902,1,IN
Q116051520,pilgrimage_major,45.16405,9.70839,2,IT
Q116445864,pilgrimage_major,40.45533,9.48521,2,IT
Q116658866,pilgrimage_major,23.26532,88.44598,1,IN
Q116779057,pilgrimage_major,39.23020,16.90373,1,IT
Q116794851,pilgrimage_major,22.24600,76.14903,1,IN
Q116919301,pilgrimage_major,9.58046,76.32788,2,IN
Q117078437,pilgrimage_major,20.88854,70.40145,2,IN
Q117634417,pilgrimage_major,45.90120,9.56176,2,IT
Q117659894,pilgrimage_major,45.73519,9.13506,2,IT
Q118062872,pilgrimage_major,41.96828,-7.41066,1,ES
Q118496368,pilgrimage_major,45.54594,10.85614,0,IT
Q118641696,pilgrimage_major,44.48664,7.43696,1,IT
Q119010217,pilgrimage_major,41.21336,14.97561,2,IT
Q119070859,pilgrimage_major,43.65988,13.05100,1,IT
Q119217703,pilgrimage_major,45.33010,14.45790,1,HR
Q119348750,pilgrimage_major,37.57810,25.16990,0,GR
Q119499615,pilgrimage_major,45.88103,11.63400,1,IT
Q119582825,pilgrimage_major,38.56330,14.83271,1,IT
Q119640130,pilgrimage_major,42.25450,11.75136,1,IT
Q119683786,pilgrimage_major,40.09008,18.34772,1,IT
Q119683903,pilgrimage_major,39.91961,18.35442,1,IT
Q120183813,pilgrimage_major,40.62397,16.79267,1,IT
Q93432067,pilgrimage_major,49.89493,16.41955,0,CZ
Q93437374,pilgrimage_major,50.02639,12.39910,4,CZ
Q93471291,pilgrimage_major,49.18833,17.58980,1,CZ
Q11608174,pilgrimage_major,33.82814,132.80456,5,JP
Q11620331,pilgrimage_major,34.07111,133.68844,2,JP
Q11622491,pilgrimage_major,33.73231,134.52758,7,JP
Q11622752,pilgrimage_major,34.05167,134.34850,5,JP
Q11627895,pilgrimage_major,33.90567,133.02533,2,JP
Q11628773,pilgrimage_major,33.79372,132.81394,5,JP
Q11630606,pilgrimage_major,34.06847,134.47433,6,JP
Q11630610,pilgrimage_major,34.13450,133.64753,3,JP
Q11641857,pilgrimage_major,34.27675,133.76269,3,JP
Q11643424,pilgrimage_major,34.30669,133.82458,4,JP
Q11646414,pilgrimage_major,34.25010,133.78101,4,JP
Q11646540,pilgrimage_major,32.72603,133.01856,6,JP
Q11646556,pilgrimage_major,33.30722,134.12286,5,JP
Q11651831,pilgrimage_major,34.26672,134.17169,5,JP
Q11657516,pilgrimage_major,34.05561,134.47361,5,JP
Q11659947,pilgrimage_major,33.50083,133.54308,6,JP
Q11660090,pilgrimage_major,34.03522,133.72372,5,JP
Q11662839,pilgrimage_major,33.42600,133.45081,6,JP
Q11667203,pilgrimage_major,33.89353,133.10331,4,JP
Q11667754,pilgrimage_major,34.34742,133.99397,2,JP
Q11676039,pilgrimage_major,33.91386,134.50561,6,JP
Q11679196,pilgrimage_major,33.29519,132.59850,5,JP
Q11679200,pilgrimage_major,33.22499,132.56915,2,JP
Q11687615,pilgrimage_major,50.45610,18.16920,3,PL
Q11693418,pilgrimage_major,42.23079,-2.87057,5,ES
Q11722117,pilgrimage_major,47.75000,10.28250,2,DE
Q11723396,pilgrimage_major,49.41980,21.16760,2,PL
Q11744926,pilgrimage_major,50.04844,18.54744,3,PL
Q11746874,pilgrimage_major,49.88456,19.22119,2,PL
Q11746974,pilgrimage_major,49.95850,18.59660,2,PL
Q11747537,pilgrimage_major,49.50387,19.10276,2,PL
Q11812869,pilgrimage_major,46.32880,14.23210,8,SI
Q11831897,pilgrimage_major,49.26400,19.97520,3,PL
Q11835695,pilgrimage_major,49.26530,20.08660,3,PL
Q11919608,pilgrimage_major,39.59248,-0.59742,2,ES
Q11935312,pilgrimage_major,42.47448,1.45192,6,AD
Q11935327,pilgrimage_major,42.00350,2.24108,2,ES
Q11939436,pilgrimage_major,39.56290,3.00846,2,ES
Q11947705,pilgrimage_major,41.62299,2.26585,2,ES
Q11947713,pilgrimage_major,41.82131,2.22286,2,ES
Q12030378,pilgrimage_major,50.15000,12.53610,3,CZ
Q12034441,pilgrimage_major,49.17437,16.91344,2,CZ
Q12034976,pilgrimage_major,49.15000,17.74940,2,CZ
Q12035347,pilgrimage_major,48.60822,14.29500,2,CZ
Q12059365,pilgrimage_major,26.24528,91.52528,8,IN
Q12105228,pilgrimage_major,50.17765,23.59172,2,UA
Q12203226,pilgrimage_major,34.78876,36.27604,4,SY
Q12345558,pilgrimage_major,45.87816,18.26993,5,HU
Q12390598,pilgrimage_major,42.78403,-8.64972,4,ES
Q12400104,pilgrimage_major,43.70500,-7.95680,12,ES
Q12540812,pilgrimage_major,42.87508,69.66980,3,KZ
Q12571270,pilgrimage_major,41.75880,69.59120,2,KZ
Q12637953,pilgrimage_major,45.49544,15.53144,6,HR
Q12786508,pilgrimage_major,46.37604,15.40671,2,SI
Q12786895,pilgrimage_major,46.26892,14.63379,2,SI
Q13020772,pilgrimage_major,13.75990,100.59380,2,TH
Q13050109,pilgrimage_major,42.32616,0.25535,3,ES
Q13103868,pilgrimage_major,49.47900,6.02069,2,LU
Q13222316,pilgrimage_major,50.07619,14.32194,3,CZ
Q13357831,pilgrimage_major,27.75778,86.04139,6,NP
Q13815200,pilgrimage_major,51.18138,3.45104,2,BE
Q14217508,pilgrimage_major,27.19410,86.62400,2,NP
Q14345302,pilgrimage_major,51.07685,5.79525,2,BE
Q14531830,pilgrimage_major,47.63760,10.49880,2,DE
Q14537414,pilgrimage_major,47.95741,7.96579,2,DE
Q14541022,pilgrimage_major,47.73790,13.44760,5,AT
Q14544545,pilgrimage_major,49.83210,10.25640,2,DE
Q14545215,pilgrimage_major,48.31507,10.10271,2,DE
Q14551313,pilgrimage_major,51.63970,8.51180,2,DE
Q14692280,pilgrimage_major,39.69780,-77.33110,4,US
Q14912491,pilgrimage_major,47.49834,11.11145,2,DE
Q15129636,pilgrimage_major,49.03070,12.03720,2,DE
Q15410456,pilgrimage_major,43.11190,-9.21944,8,ES
Q15708496,pilgrimage_major,28.62557,-106.08799,2,MX
Q15734342,pilgrimage_major,49.31321,11.63201,4,DE
Q15785708,pilgrimage_major,47.99626,14.76289,4,AT
Q15833885,pilgrimage_major,48.00072,8.01057,2,DE
Q15834018,pilgrimage_major,48.00621,8.09190,2,DE
Q15853468,pilgrimage_major,49.09057,9.77549,1,DE
Q15919143,pilgrimage_major,43.54169,-5.66249,4,ES
Q15977631,pilgrimage_major,47.67783,10.86562,2,DE
Q16362576,pilgrimage_major,42.04417,19.49083,5,AL
Q16489554,pilgrimage_major,-3.85086,-79.42646,5,EC
Q16568546,pilgrimage_major,49.85290,18.63510,3,PL
Q16581518,pilgrimage_major,53.85953,68.88681,1,KZ
Q16600395,pilgrimage_major,45.05568,7.31815,2,IT
Q16600406,pilgrimage_major,45.84810,11.82470,2,IT
Q16600409,pilgrimage_major,45.73460,11.89580,3,IT
Q16600412,pilgrimage_major,46.09875,11.23653,2,IT
Q16600437,pilgrimage_major,46.21792,10.15510,5,IT
Q16628994,pilgrimage_major,13.64337,-89.18775,2,SV
Q16629000,pilgrimage_major,12.25104,-85.37840,2,NI
Q16629035,pilgrimage_major,43.36389,-5.59028,1,ES
Q16855662,pilgrimage_major,47.71925,13.58678,3,AT
Q16944808,pilgrimage_major,41.62861,19.73306,1,AL
Q43167098,pilgrimage_major,39.46239,-6.35172,2,ES
Q94393191,pilgrimage_major,38.26048,-1.70965,2,ES
Q120479306,pilgrimage_major,45.47983,11.01947,1,IT
Q120487049,pilgrimage_major,45.69631,11.87281,1,IT
Q120487619,pilgrimage_major,45.73219,12.00268,0,IT
Q120492636,pilgrimage_major,44.67233,8.87188,1,IT
Q120492701,pilgrimage_major,45.12804,8.23979,1,IT
Q120661822,pilgrimage_major,45.60872,9.89450,1,IT
Q120661847,pilgrimage_major,45.55308,9.83659,2,IT
Q120662156,pilgrimage_major,45.68549,9.71814,1,IT
Q120672107,pilgrimage_major,42.71448,12.96221,1,IT
Q120672445,pilgrimage_major,43.30920,12.74182,1,IT
Q120727018,pilgrimage_major,51.06409,3.78868,2,BE
Q120801559,pilgrimage_major,42.03102,13.77516,1,IT
Q120836425,pilgrimage_major,45.91307,11.90790,1,IT
Q120836595,pilgrimage_major,46.09628,12.27453,0,IT
Q120836798,pilgrimage_major,46.02722,11.86977,1,IT
Q121142489,pilgrimage_major,45.37953,9.74523,1,IT
Q121518887,pilgrimage_major,49.61460,15.66591,2,CZ
Q121535229,pilgrimage_major,45.42733,10.18944,1,IT
Q121535312,pilgrimage_major,45.53797,10.25203,2,IT
Q121535382,pilgrimage_major,45.45121,10.13353,1,IT
Q121535574,pilgrimage_major,45.74675,10.43567,1,IT
Q121535588,pilgrimage_major,45.46992,10.47822,1,IT
Q121535786,pilgrimage_major,45.74833,10.38697,1,IT
Q121536118,pilgrimage_major,45.71322,10.47953,1,IT
Q121600038,pilgrimage_major,45.79189,3.71761,1,FR
Q121668633,pilgrimage_major,40.63741,14.59276,1,IT
Q121792262,pilgrimage_major,43.17947,12.98348,1,IT
Q122027334,pilgrimage_major,44.27144,11.52289,2,IT
Q122028125,pilgrimage_major,45.75819,11.41807,6,IT
Q122139442,pilgrimage_major,45.76994,11.63989,1,IT
Q122139498,pilgrimage_major,45.78994,11.79389,1,IT
Q122139553,pilgrimage_major,45.70728,11.20950,1,IT
Q122139740,pilgrimage_major,45.66914,11.28111,1,IT
Q122151717,pilgrimage_major,43.87953,10.62422,1,IT
Q122152354,pilgrimage_major,45.54156,12.12408,1,IT
Q122382117,pilgrimage_major,50.40246,7.62754,1,DE
Q122810957,pilgrimage_major,50.85695,3.88755,2,BE
Q122901646,pilgrimage_major,43.46074,12.23794,2,IT
Q123002514,pilgrimage_major,45.38430,10.39789,1,IT
Q123254656,pilgrimage_major,41.31424,-7.59196,1,PT
Q123376450,pilgrimage_major,49.20298,13.17366,2,CZ
Q123477815,pilgrimage_major,44.78819,10.32711,1,IT
Q123514130,pilgrimage_major,43.41599,11.45908,1,IT
Q123514132,pilgrimage_major,38.21150,15.63717,1,IT
Q123529310,pilgrimage_major,50.80571,3.98854,1,BE
Q123561673,pilgrimage_major,40.91302,-7.52287,1,PT
Q123565561,pilgrimage_major,45.81639,15.94111,4,HR
Q123577416,pilgrimage_major,50.80928,4.06001,2,BE
Q123582451,pilgrimage_major,44.05924,12.56919,1,IT
Q123663107,pilgrimage_major,50.89488,4.17900,2,BE
Q123934850,pilgrimage_major,-13.48747,-71.80264,1,PE
Q123991541,pilgrimage_major,39.93621,-75.16756,2,US
Q124057245,pilgrimage_major,50.85109,4.80213,2,BE
Q124117845,pilgrimage_major,43.15084,-7.64021,1,ES
Q124157522,pilgrimage_major,40.97708,-0.84202,2,ES
Q124310423,pilgrimage_major,50.87749,5.13484,1,BE
Q124319286,pilgrimage_major,39.03461,-9.14553,1,PT
Q124605454,pilgrimage_major,15.79446,38.46845,1,ER
Q124618071,pilgrimage_major,43.35306,-7.15861,1,ES
Q124673693,pilgrimage_major,46.53049,10.95797,1,IT
Q124719031,pilgrimage_major,48.85613,14.48800,1,CZ
Q124789280,pilgrimage_major,43.28721,-8.22558,1,ES
Q124912842,pilgrimage_major,50.77266,3.67679,1,BE
Q125116653,pilgrimage_major,46.60396,11.90850,0,IT
Q125145696,pilgrimage_major,43.33939,-8.83173,1,ES
Q125241390,pilgrimage_major,48.55382,10.20402,2,DE
Q125882079,pilgrimage_major,51.46777,-0.96675,1,GB
Q126380347,pilgrimage_major,52.80658,-7.19966,1,IE
Q126478483,pilgrimage_major,52.40415,-7.35513,1,IE
Q126655791,pilgrimage_major,52.81387,-7.13135,0,IE
Q126892710,pilgrimage_major,48.10090,16.42480,1,AT
Q126923572,pilgrimage_major,52.77342,-7.25438,0,IE
Q127038491,pilgrimage_major,46.81093,14.56086,1,AT
Q127513640,pilgrimage_major,46.36265,9.36523,1,IT
Q129090628,pilgrimage_major,50.53000,16.37694,1,CZ
Q129765547,pilgrimage_major,46.90579,-71.18938,1,CA
Q130389161,pilgrimage_major,14.62397,121.12058,1,PH
Q130395736,pilgrimage_major,14.48542,121.23102,1,PH
Q130455464,pilgrimage_major,14.52330,121.14984,1,PH
Q130455669,pilgrimage_major,14.61837,121.14892,1,PH
Q130468402,pilgrimage_major,14.63990,121.12059,3,PH
Q130529646,pilgrimage_major,53.33812,21.47856,2,PL
Q130552393,pilgrimage_major,14.67750,120.51530,1,PH
Q130563466,pilgrimage_major,14.83717,120.47635,1,PH
Q130580965,pilgrimage_major,14.43524,120.48540,1,PH
Q130609064,pilgrimage_major,14.59491,120.39264,1,PH
Q130616837,pilgrimage_major,14.51251,120.60723,1,PH
Q130654972,pilgrimage_major,10.93502,125.82701,1,PH
Q130655901,pilgrimage_major,15.52533,120.86877,1,PH
Q130658047,pilgrimage_major,15.49937,120.84501,1,PH
Q130667359,pilgrimage_major,39.59077,3.03237,2,ES
Q130706446,pilgrimage_major,37.18467,-3.60194,1,ES
Q130741858,pilgrimage_major,15.87720,78.13484,0,IN
Q130997814,pilgrimage_major,15.31362,120.94887,1,PH
Q131296543,pilgrimage_major,49.81856,-97.20656,0,CA
Q131310730,pilgrimage_major,15.58437,120.91923,1,PH
Q131340477,pilgrimage_major,13.61489,123.22534,1,PH
Q131427807,pilgrimage_major,49.83944,17.78722,1,CZ
Q28016636,pilgrimage_major,44.70850,7.84087,1,IT
Q28025245,pilgrimage_major,49.66986,9.66208,2,DE
Q28034092,pilgrimage_major,49.58113,9.63507,2,DE
Q28229440,pilgrimage_major,41.72471,13.56292,1,IT
Q28401586,pilgrimage_major,41.92892,-87.63983,2,US
Q28711146,pilgrimage_major,42.14135,2.58509,2,ES
Q97311411,pilgrimage_major,35.41475,137.47494,2,JP
Q98756033,pilgrimage_major,41.42574,2.09001,1,ES
Q99211206,pilgrimage_major,48.51561,-68.46033,1,CA
Q9074414,pilgrimage_major,42.29235,-7.13859,3,ES
Q9074431,pilgrimage_major,39.93970,-0.09768,6,ES
Q9167688,pilgrimage_major,49.70640,20.42000,4,PL
Q9167689,pilgrimage_major,49.86780,19.67390,4,PL
Q9167718,pilgrimage_major,53.74801,20.23605,5,PL
Q2542882,pilgrimage_major,48.52126,14.28893,2,AT
Q2542886,pilgrimage_major,48.22530,15.15620,5,AT
Q2542885,pilgrimage_major,47.11310,15.33880,5,AT
Q2542903,pilgrimage_major,49.49010,8.37701,2,DE
Q2542905,pilgrimage_major,47.80080,11.01280,3,DE
Q2542908,pilgrimage_major,49.16460,12.84510,2,DE
Q2542920,pilgrimage_major,48.90540,12.56190,2,DE
Q2542925,pilgrimage_major,48.51130,11.11490,2,DE
Q2542946,pilgrimage_major,47.93479,12.01496,4,DE
Q2627029,pilgrimage_major,39.63243,-8.67154,16,PT
Q2638127,pilgrimage_major,56.12694,27.01556,19,LV
Q2649795,pilgrimage_major,39.69650,3.35369,1,ES
Q2707216,pilgrimage_major,41.55460,-8.37750,28,PT
Q2738068,pilgrimage_major,45.92426,9.26777,11,IT
Q2852417,pilgrimage_major,34.11806,134.38839,7,JP
Q2882352,pilgrimage_major,40.47632,-0.29397,3,ES
Q2886911,pilgrimage_major,46.85863,2.32245,11,FR
Q2886917,pilgrimage_major,41.87700,-87.70400,10,US
Q2886962,pilgrimage_major,43.70319,7.26579,16,FR
Q2886971,pilgrimage_major,46.36806,-72.49750,8,CA
Q2887149,pilgrimage_major,48.63167,6.30389,12,FR
Q2914138,pilgrimage_major,14.59222,121.05861,5,PH
Q2918825,pilgrimage_major,40.74510,-0.17672,4,ES
Q2972106,pilgrimage_major,49.75270,6.32775,2,LU
Q2974823,pilgrimage_major,44.79940,1.61770,4,FR
Q3012126,pilgrimage_major,34.15131,134.43089,8,JP
Q3041650,pilgrimage_major,48.20460,7.29308,3,FR
Q3045641,pilgrimage_major,34.05861,134.42778,5,JP
Q3054442,pilgrimage_major,33.89147,132.74003,5,JP
Q3056741,pilgrimage_major,48.27194,-72.19194,1,CA
Q3108092,pilgrimage_major,42.97890,-2.39861,13,ES
Q3146369,pilgrimage_major,34.10438,134.33381,7,JP
Q3155277,pilgrimage_major,33.84786,132.79647,7,JP
Q3179308,pilgrimage_major,34.13722,134.43194,8,JP
Q3191228,pilgrimage_major,33.81669,132.80842,6,JP
Q3192685,pilgrimage_major,32.96467,132.56406,6,JP
Q3198759,pilgrimage_major,34.14744,134.46854,7,JP
Q3200347,pilgrimage_major,34.12278,134.34000,6,JP
Q3206940,pilgrimage_major,46.05844,6.31999,2,FR
Q3297735,pilgrimage_major,43.25869,-2.91385,12,ES
Q3325000,pilgrimage_major,37.13071,-6.48502,9,ES
Q3325310,pilgrimage_major,34.13967,133.69406,8,JP
Q3344716,pilgrimage_major,38.42026,-9.21488,5,PT
Q3344721,pilgrimage_major,47.54190,7.14989,2,FR
Q3377179,pilgrimage_major,49.19479,-0.32398,2,FR
Q3402038,pilgrimage_major,40.40550,-3.68370,11,ES
Q3445543,pilgrimage_major,54.60894,-7.87100,12,IE
Q3514063,pilgrimage_major,34.15950,134.40000,5,JP
Q3514066,pilgrimage_major,33.88510,132.71500,8,JP
Q3539923,pilgrimage_major,48.10000,7.23139,4,FR
Q3571906,pilgrimage_major,34.35792,134.10125,8,JP
Q3580189,pilgrimage_major,50.79330,4.48273,3,BE
Q3580411,pilgrimage_major,43.29320,3.45660,2,FR
Q3583591,pilgrimage_major,48.71240,7.61642,2,FR
Q3635642,pilgrimage_major,41.51056,15.33344,4,IT
Q3667903,pilgrimage_major,47.12667,8.75139,3,CH
Q3748610,pilgrimage_major,45.45494,10.99461,2,IT
Q3774277,pilgrimage_major,43.30860,-5.05361,10,ES
Q3817081,pilgrimage_major,43.17564,17.66802,7,BA
Q3819287,pilgrimage_major,42.10182,2.29462,4,ES
Q3842601,pilgrimage_major,44.70792,7.84092,3,IT
Q3878630,pilgrimage_major,-33.25683,-71.43828,3,CL
Q3906887,pilgrimage_major,43.17860,17.69046,5,BA
Q3915491,pilgrimage_major,45.62830,7.97889,14,IT
Q3949576,pilgrimage_major,41.25442,14.59516,3,IT
Q3949586,pilgrimage_major,45.69310,13.74920,9,IT
Q3949588,pilgrimage_major,40.39996,18.01687,2,IT
Q3949617,pilgrimage_major,45.68639,8.39083,5,IT
Q3949667,pilgrimage_major,42.43657,12.87456,3,IT
Q3949668,pilgrimage_major,46.09406,13.52014,4,IT
Q3949717,pilgrimage_major,45.42848,10.67594,2,IT
Q3949723,pilgrimage_major,44.31704,9.85768,3,IT
Q3949736,pilgrimage_major,42.92828,11.32947,2,IT
Q3949756,pilgrimage_major,45.59427,9.61243,2,IT
Q3949772,pilgrimage_major,45.29421,9.97563,2,IT
Q3949784,pilgrimage_major,41.37105,13.36780,2,IT
Q3949788,pilgrimage_major,45.38471,9.56992,2,IT
Q3949801,pilgrimage_major,43.49277,10.34898,7,IT
Q3949837,pilgrimage_major,38.16450,15.96070,5,IT
Q3949843,pilgrimage_major,45.65165,8.80610,2,IT
Q3949861,pilgrimage_major,46.00306,10.32417,2,IT
Q3949865,pilgrimage_major,39.59444,3.08722,3,ES
Q3949869,pilgrimage_major,41.67830,13.90827,4,IT
Q3949877,pilgrimage_major,42.37929,12.82839,4,IT
Q3949894,pilgrimage_major,37.57928,15.12571,3,IT
Q3949937,pilgrimage_major,45.65833,8.14556,5,IT
Q3949943,pilgrimage_major,44.67878,8.78764,2,IT
Q3949956,pilgrimage_major,44.34517,8.43408,6,IT
Q3949974,pilgrimage_major,40.09972,8.65444,3,IT
Q3949978,pilgrimage_major,41.91535,12.79182,5,IT
Q3950019,pilgrimage_major,44.40069,7.17094,2,IT
Q3950038,pilgrimage_major,44.23175,7.10579,3,IT
Q3950071,pilgrimage_major,43.49750,11.61003,2,IT
Q3950075,pilgrimage_major,45.30663,9.75214,2,IT
Q3950080,pilgrimage_major,40.68855,14.48646,2,IT
Q108059304,pilgrimage_major,50.22810,16.11750,1,CZ
Q4231989,pilgrimage_major,49.10556,78.53389,3,KZ
Q4273752,pilgrimage_major,42.85100,68.26800,11,KZ
Q4348888,pilgrimage_major,16.04239,120.33495,4,PH
Q4362268,pilgrimage_major,31.70430,35.20791,7,PS
Q4405866,pilgrimage_major,35.96040,14.36130,8,MT
Q4504595,pilgrimage_major,41.09167,-7.81639,5,PT
Q4780798,pilgrimage_major,-19.47556,-42.62361,3,BR
Q4854058,pilgrimage_major,45.62160,8.11451,5,IT
Q4867345,pilgrimage_major,40.95090,-83.38710,6,US
Q4867354,pilgrimage_major,28.38481,-81.49556,4,US
Q4867411,pilgrimage_major,43.20030,-79.00330,5,US
Q5053129,pilgrimage_major,53.48515,-2.64098,3,GB
Q5054952,pilgrimage_major,32.82973,34.96777,11,IL
Q5073066,pilgrimage_major,40.61269,-7.74281,3,PT
Q5088361,pilgrimage_major,27.44026,77.71320,3,IN
Q5116934,pilgrimage_major,-9.52067,13.95966,7,AO
Q5117837,pilgrimage_major,36.20617,37.15597,9,SY
Q5371188,pilgrimage_major,32.98088,35.44064,3,IL
Q5397362,pilgrimage_major,42.61912,-6.52184,2,ES
Q5400383,pilgrimage_major,42.58000,-5.64147,4,ES
Q5438072,pilgrimage_major,54.04879,-6.38427,3,IE
Q5488842,pilgrimage_major,41.85400,-1.57515,2,ES
Q5520477,pilgrimage_major,17.18177,76.53429,10,IN
Q5553953,pilgrimage_major,-34.87567,-56.13956,3,UY
Q5640751,pilgrimage_major,42.18730,0.33464,6,ES
Q5644650,pilgrimage_major,37.57780,-4.75164,2,ES
Q5681865,pilgrimage_major,42.03111,-6.92548,2,ES
Q5684473,pilgrimage_major,-27.41222,-55.81705,3,PY
Q5689779,pilgrimage_major,36.72978,-6.43875,2,ES
Q5722044,pilgrimage_major,37.39747,-5.98003,5,ES
Q5722083,pilgrimage_major,38.10750,-1.86000,7,ES
Q5758579,pilgrimage_major,13.48297,-88.17471,6,SV
Q5800956,pilgrimage_major,8.91542,-69.77289,8,VE
Q5836521,pilgrimage_major,39.73692,-3.19228,2,ES
Q5909722,pilgrimage_major,41.65586,-0.89290,3,ES
Q5911808,pilgrimage_major,42.16736,0.89543,4,ES
Q5912900,pilgrimage_major,37.39501,-5.98391,2,ES
Q6102110,pilgrimage_major,42.93167,-4.04984,1,ES
Q6120274,pilgrimage_major,41.65663,-0.87818,2,ES
Q6121480,pilgrimage_major,41.64923,-4.72143,4,ES
Q6121538,pilgrimage_major,39.19033,-7.17519,3,ES
Q6121536,pilgrimage_major,37.27530,-6.11203,5,ES
Q6121540,pilgrimage_major,42.23250,-7.62886,4,ES
Q6121545,pilgrimage_major,38.51176,-1.70430,3,ES
Q6121579,pilgrimage_major,10.07425,-66.92825,4,VE
Q6121581,pilgrimage_major,40.92304,0.03906,4,ES
Q6121594,pilgrimage_major,40.50361,0.30111,3,ES
Q6121600,pilgrimage_major,40.62299,-0.77941,2,ES
Q6160440,pilgrimage_major,10.72351,122.55622,6,PH
Q6163443,pilgrimage_major,43.34643,-2.92730,4,ES
Q6394284,pilgrimage_major,39.96139,-4.82056,6,ES
Q6485672,pilgrimage_major,23.64680,90.56310,8,BD
Q6723483,pilgrimage_major,33.41736,76.34450,7,IN
Q6761708,pilgrimage_major,48.13170,8.22540,4,DE
Q6766128,pilgrimage_major,49.04337,20.59777,6,SK
Q6878524,pilgrimage_major,33.50440,-117.66363,6,US
Q6974233,pilgrimage_major,31.81944,73.53811,3,PK
Q6978430,pilgrimage_major,14.68250,120.98056,4,PH
Q6978431,pilgrimage_major,40.31920,-75.17950,5,US
Q6978434,pilgrimage_major,14.53111,120.99500,6,PH
Q6978435,pilgrimage_major,39.96920,-75.14510,5,US
Q6978433,pilgrimage_major,38.56120,-90.09230,1,US
Q6978439,pilgrimage_major,51.31500,0.88400,2,GB
Q6978443,pilgrimage_major,41.73043,-87.54667,3,US
Q6978446,pilgrimage_major,42.50420,-83.17110,5,US
Q6978447,pilgrimage_major,42.92545,-74.30198,4,US
Q6978444,pilgrimage_major,41.73340,-87.97670,2,US
Q6978445,pilgrimage_major,42.28880,-73.31110,3,US
Q7110766,pilgrimage_major,52.08720,-4.65272,5,GB
Q7110778,pilgrimage_major,53.51976,-1.12590,2,GB
Q7110842,pilgrimage_major,14.57799,121.11551,4,PH
Q7110934,pilgrimage_major,37.38931,-121.97729,1,US
Q7110986,pilgrimage_major,42.82580,-78.82360,7,US
Q7110997,pilgrimage_major,14.63060,121.09621,4,PH
Q7288751,pilgrimage_major,27.49778,83.68111,8,NP
Q7289110,pilgrimage_major,18.16791,83.49506,9,IN
Q7504058,pilgrimage_major,46.41777,9.36225,2,IT
Q7504065,pilgrimage_major,50.39977,16.56495,4,PL
Q7540890,pilgrimage_major,52.88100,0.85315,9,GB
Q7588977,pilgrimage_major,45.37639,-75.70333,5,CA
Q7590933,pilgrimage_major,43.65469,-79.39133,2,CA
Q7593043,pilgrimage_major,52.40172,0.26141,2,GB
Q7595658,pilgrimage_major,53.27710,-3.22357,8,GB
Q7709620,pilgrimage_major,43.09760,-0.05654,28,FR
Q7732396,pilgrimage_major,53.01840,23.14100,2,PL
Q7738354,pilgrimage_major,45.55327,-122.57451,3,US
Q7739544,pilgrimage_major,53.48015,-2.24649,4,GB
Q7878442,pilgrimage_major,38.93970,-77.00320,3,US
Q8124415,pilgrimage_major,42.70778,-7.04333,2,ES
Q8243761,pilgrimage_major,38.17934,-4.03499,7,ES
Q8777052,pilgrimage_major,40.45656,0.20201,3,ES
Q8777274,pilgrimage_major,40.46463,0.34175,3,ES
Q8238,pilgrimage_major,45.76314,4.83690,8,FR
Q29324530,pilgrimage_major,48.42311,-67.35075,1,CA
Q29345609,pilgrimage_major,-18.13667,-60.04364,2,BO
Q29474397,pilgrimage_major,47.04394,8.46368,3,CH
Q29522610,pilgrimage_major,47.05441,8.10366,1,CH
Q29523608,pilgrimage_major,46.86970,8.27126,1,CH
Q29525188,pilgrimage_major,47.22935,7.50294,1,CH
Q29527551,pilgrimage_major,46.81757,8.64771,1,CH
Q29786302,pilgrimage_major,46.83503,8.28935,1,CH
Q29786506,pilgrimage_major,47.33161,9.08441,1,CH
Q29825634,pilgrimage_major,46.64889,17.92639,4,HU
Q29883000,pilgrimage_major,47.48796,9.29880,1,CH
Q30021354,pilgrimage_major,42.03573,0.05604,4,ES
Q30060714,pilgrimage_major,49.91594,18.76207,2,PL
Q30064681,pilgrimage_major,50.38189,18.94675,2,PL
Q30233874,pilgrimage_major,49.29660,16.74264,1,CZ
Q30889453,pilgrimage_major,44.88544,7.62733,3,IT
Q30905243,pilgrimage_major,-34.65198,-58.41734,5,AR
Q30926225,pilgrimage_major,37.32111,140.51508,2,JP
Q31208278,pilgrimage_major,46.51185,11.10892,3,IT
Q31625734,pilgrimage_major,51.07397,4.29462,2,BE
Q32129411,pilgrimage_major,45.59411,8.36961,1,IT
Q32752658,pilgrimage_major,49.57805,9.36990,2,DE
Q34241348,pilgrimage_major,45.84344,9.04745,1,IT
Q35497041,pilgrimage_major,40.56639,15.76939,2,IT
Q36080142,pilgrimage_major,50.32162,10.35745,2,DE
Q36556562,pilgrimage_major,47.28231,11.03431,2,AT
Q36726850,pilgrimage_major,49.62082,16.75104,2,CZ
Q36973181,pilgrimage_major,49.58088,9.63543,2,DE
Q37147397,pilgrimage_major,49.09533,11.44539,2,DE
Q37771658,pilgrimage_major,48.10931,16.69099,0,AT
Q37872001,pilgrimage_major,48.55918,16.36941,2,AT
Q37892895,pilgrimage_major,44.65403,7.85700,1,IT
Q37933759,pilgrimage_major,46.77680,12.92245,2,AT
Q38040753,pilgrimage_major,47.72759,16.17088,2,AT
Q38049210,pilgrimage_major,48.15055,13.93351,1,AT
Q38049670,pilgrimage_major,48.11807,13.07645,2,AT
Q38062328,pilgrimage_major,46.58043,14.74067,2,AT
Q38067734,pilgrimage_major,47.41308,11.76398,2,AT
Q38129314,pilgrimage_major,46.51765,14.07509,0,AT
Q38236461,pilgrimage_major,49.62640,14.66149,1,CZ
Q38250494,pilgrimage_major,9.88199,123.60779,3,PH
Q38251053,pilgrimage_major,50.97777,-0.32469,3,GB
Q38251982,pilgrimage_major,17.16044,97.17152,3,MM
Q39643815,pilgrimage_major,42.95126,13.28769,2,IT
Q39999251,pilgrimage_major,38.34080,-7.98542,1,PT
Q40299549,pilgrimage_major,39.49600,3.01700,3,ES
Q40808916,pilgrimage_major,48.32530,14.26358,1,AT
Q40887921,pilgrimage_major,23.70917,88.19807,2,IN
Q41164296,pilgrimage_major,48.24500,12.48123,2,DE
Q41175064,pilgrimage_major,48.23152,10.44600,2,DE
Q41213903,pilgrimage_major,47.72700,12.10550,2,DE
Q41214461,pilgrimage_major,47.78285,11.99292,2,DE
Q41221629,pilgrimage_major,48.14684,12.66388,2,DE
Q41221968,pilgrimage_major,47.89148,12.30477,2,DE
Q41223048,pilgrimage_major,47.95203,12.27578,2,DE
Q41225008,pilgrimage_major,47.88066,12.14778,2,DE
Q41239977,pilgrimage_major,48.22318,10.24208,2,DE
Q41240903,pilgrimage_major,50.28782,11.32099,2,DE
Q41242527,pilgrimage_major,48.18954,11.98437,2,DE
Q41254362,pilgrimage_major,47.95116,10.91901,0,DE
Q41257545,pilgrimage_major,47.95613,11.36297,2,DE
Q41259534,pilgrimage_major,48.71114,12.44631,2,DE
Q41265704,pilgrimage_major,47.92416,12.50564,0,DE
Q41268094,pilgrimage_major,47.79474,12.61986,1,DE
Q41268419,pilgrimage_major,47.98987,12.71515,2,DE
Q41268487,pilgrimage_major,47.99312,12.74353,2,DE
Q41275799,pilgrimage_major,47.86203,12.87117,2,DE
Q41279107,pilgrimage_major,48.08136,12.59686,2,DE
Q41285442,pilgrimage_major,48.19666,12.47112,2,DE
Q41287187,pilgrimage_major,47.82257,10.65260,2,DE
Q41288860,pilgrimage_major,47.75074,10.57263,2,DE
Q41290553,pilgrimage_major,50.09263,9.09519,1,DE
Q41296284,pilgrimage_major,50.04856,10.97897,2,DE
Q41298714,pilgrimage_major,48.34777,10.36273,2,DE
Q41307134,pilgrimage_major,49.02601,11.30154,2,DE
Q41307394,pilgrimage_major,47.65629,9.87584,2,DE
Q41307903,pilgrimage_major,47.58902,9.62446,2,DE
Q41311012,pilgrimage_major,47.59036,9.66127,2,DE
Q41316706,pilgrimage_major,48.26735,10.21288,2,DE
Q41316710,pilgrimage_major,48.29464,10.24114,2,DE
Q41328848,pilgrimage_major,48.21675,10.68598,2,DE
Q41340369,pilgrimage_major,48.67395,10.87289,2,DE
Q41354479,pilgrimage_major,38.67998,15.89554,3,IT
Q41383956,pilgrimage_major,48.49690,13.12927,2,DE
Q41400295,pilgrimage_major,49.75961,10.95436,2,DE
Q41404076,pilgrimage_major,49.02337,11.58427,2,DE
Q41404330,pilgrimage_major,49.34441,11.56573,1,DE
Q41407934,pilgrimage_major,49.26472,12.96791,2,DE
Q41408230,pilgrimage_major,49.14027,12.37880,2,DE
Q41416512,pilgrimage_major,48.95175,12.75084,1,DE
Q41417412,pilgrimage_major,49.01465,12.02652,2,DE
Q41417670,pilgrimage_major,49.08451,11.71375,1,DE
Q41417788,pilgrimage_major,49.92646,12.14278,1,DE
Q42847932,pilgrimage_major,50.58778,14.37240,2,CZ
Q42968935,pilgrimage_major,-34.37404,-55.29053,2,UY
Q43088899,pilgrimage_major,40.77038,0.03274,1,ES
Q43090995,pilgrimage_major,42.12854,-0.39034,2,ES
Q43096435,pilgrimage_major,39.47180,2.52282,1,ES
Q43113780,pilgrimage_major,42.13166,-0.45314,2,ES
Q6467887,pilgrimage_major,53.68730,-114.43300,3,CA
Q6467888,pilgrimage_major,53.70000,-114.40000,6,CA
Q6777740,pilgrimage_major,44.73660,-79.84210,6,CA
Q96359179,pilgrimage_major,20.93917,76.05917,2,IN
Q96859561,pilgrimage_major,44.52146,6.15163,3,FR
Q96983455,pilgrimage_major,45.31331,7.61123,2,IT
Q97499045,pilgrimage_major,18.35475,-66.04619,1,PR
Q98040662,pilgrimage_major,46.87683,11.48499,3,IT
Q98121930,pilgrimage_major,47.21667,11.43056,2,AT
Q98417613,pilgrimage_major,45.23839,5.40561,2,FR
Q98426064,pilgrimage_major,37.94444,-7.59686,0,PT
Q98429347,pilgrimage_major,40.80750,17.45289,1,IT
Q98494355,pilgrimage_major,50.32125,10.35801,0,DE
Q98494358,pilgrimage_major,50.31703,10.35721,0,DE
Q98494428,pilgrimage_major,50.08289,10.85690,0,DE
Q98494444,pilgrimage_major,50.38629,9.80848,0,DE
Q98494469,pilgrimage_major,50.26706,9.71414,0,DE
Q98494475,pilgrimage_major,49.90267,9.82919,0,DE
Q98608175,pilgrimage_major,49.04325,10.33468,1,DE
Q98643466,pilgrimage_major,48.31193,11.47760,2,DE
Q98647011,pilgrimage_major,48.40949,11.81772,0,DE
Q98647686,pilgrimage_major,47.81652,11.92144,2,DE
Q98650541,pilgrimage_major,47.89551,11.71754,2,DE
Q98650695,pilgrimage_major,48.01772,11.73134,2,DE
Q98671612,pilgrimage_major,49.47033,11.97668,2,DE
Q98683670,pilgrimage_major,49.31304,11.63228,0,DE
Q98696466,pilgrimage_major,49.04598,12.56606,1,DE
Q98696468,pilgrimage_major,49.03461,12.61278,2,DE
Q98696613,pilgrimage_major,48.31465,12.89027,0,DE
Q98717060,pilgrimage_major,48.08011,10.51649,2,DE
Q98717096,pilgrimage_major,48.02047,10.56410,2,DE
Q98717140,pilgrimage_major,48.19839,10.48093,0,DE
Q98717636,pilgrimage_major,47.88891,10.13753,0,DE
Q98717940,pilgrimage_major,47.87199,10.61189,1,DE
Q98718005,pilgrimage_major,48.09114,10.36061,2,DE
Q98723348,pilgrimage_major,48.20702,10.95453,0,DE
Q98742470,pilgrimage_major,48.40186,11.30131,0,DE
Q98742468,pilgrimage_major,48.40196,11.30104,0,DE
Q98742469,pilgrimage_major,48.40192,11.30117,0,DE
Q98742474,pilgrimage_major,48.40166,11.30149,0,DE
Q98742475,pilgrimage_major,48.40159,11.30144,0,DE
Q98742472,pilgrimage_major,48.40179,11.30141,0,DE
Q98742473,pilgrimage_major,48.40174,11.30150,0,DE
Q98742478,pilgrimage_major,48.40167,11.30115,0,DE
Q98742479,pilgrimage_major,48.40172,11.30105,0,DE
Q98742476,pilgrimage_major,48.40159,11.30134,0,DE
Q98742477,pilgrimage_major,48.40163,11.30124,0,DE
Q98742482,pilgrimage_major,48.40182,11.30087,0,DE
Q98742483,pilgrimage_major,48.40187,11.30083,0,DE
Q98742481,pilgrimage_major,48.40177,11.30096,0,DE
Q98742605,pilgrimage_major,48.39957,11.37800,0,DE
Q98743585,pilgrimage_major,48.18936,11.98425,0,DE
Q98746070,pilgrimage_major,48.66057,11.38198,0,DE
Q98751853,pilgrimage_major,47.68061,10.90006,0,DE
Q99510742,pilgrimage_major,37.79889,-122.40778,2,US
Q99642648,pilgrimage_major,47.66745,12.26110,1,AT
Q101147537,pilgrimage_major,48.34494,18.55765,3,SK
Q104661439,pilgrimage_major,45.59510,9.76519,1,IT
Q104717189,pilgrimage_major,-37.09685,-72.56070,2,CL
Q104794832,pilgrimage_major,50.10917,4.96028,5,BE
Q104840850,pilgrimage_major,49.04306,20.59722,1,SK
Q104849062,pilgrimage_major,51.14500,-2.71780,2,GB
Q104984079,pilgrimage_major,45.33538,7.74025,1,IT
Q105061728,pilgrimage_major,49.56651,9.44643,1,DE
Q105061951,pilgrimage_major,49.56697,9.44642,0,DE
Q105102600,pilgrimage_major,50.53861,5.75083,2,BE
Q105232353,pilgrimage_major,39.13167,27.18389,4,TR
Q105281838,pilgrimage_major,51.60006,10.15522,1,DE
Q105490967,pilgrimage_major,11.56646,104.95360,3,KH
Q105806358,pilgrimage_major,8.94781,125.54256,4,PH
Q105967246,pilgrimage_major,41.41614,1.81644,2,ES
Q105967247,pilgrimage_major,41.42815,1.88119,0,ES
Q106080236,pilgrimage_major,43.96232,12.38448,1,IT
Q106083510,pilgrimage_major,44.20345,11.31498,1,IT
Q106084145,pilgrimage_major,44.79875,12.02696,1,IT
Q106088142,pilgrimage_major,49.80340,18.78014,1,PL
Q106190878,pilgrimage_major,48.82878,14.69506,1,CZ
Q106472198,pilgrimage_major,41.07525,-96.27817,3,US
Q106504831,pilgrimage_major,-29.23528,-51.91211,8,BR
Q106637118,pilgrimage_major,46.90533,16.14267,0,AT
Q106765174,pilgrimage_major,37.20638,126.81686,1,KR
Q107013115,pilgrimage_major,46.00444,16.11944,1,HR
Q107023169,pilgrimage_major,51.16814,3.63810,1,BE
Q107167690,pilgrimage_major,-33.32292,-60.23000,2,AR
Q107338732,pilgrimage_major,47.87111,15.87556,2,AT
Q107454929,pilgrimage_major,49.66744,6.19217,2,LU
Q107543528,pilgrimage_major,48.08150,8.76286,3,DE
Q107543758,pilgrimage_major,48.23969,9.63077,1,DE
Q107544148,pilgrimage_major,48.28169,9.71899,3,DE
Q107544170,pilgrimage_major,48.93831,8.27293,2,DE
Q107544208,pilgrimage_major,48.81402,10.12985,2,DE
Q107544355,pilgrimage_major,47.84969,9.74859,2,DE
Q107544463,pilgrimage_major,47.92027,9.79930,2,DE
Q107544742,pilgrimage_major,48.89959,9.93804,1,DE
Q107545180,pilgrimage_major,48.08455,7.61710,2,DE
Q107762053,pilgrimage_major,46.94954,8.04840,1,CH
Q107864576,pilgrimage_major,52.88086,0.85314,2,GB
Q107987585,pilgrimage_major,45.81519,9.42584,2,IT
Q108015325,pilgrimage_major,42.38644,12.94450,1,IT
Q131548236,pilgrimage_major,14.82716,120.28201,1,PH
Q131552006,pilgrimage_major,14.83191,120.28911,1,PH
Q131577467,pilgrimage_major,14.88506,120.23435,1,PH
Q131742417,pilgrimage_major,49.64174,19.26342,2,PL
Q131763817,pilgrimage_major,48.57181,10.20581,0,DE
Q132191873,pilgrimage_major,-33.52399,-70.59410,2,CL
Q132817474,pilgrimage_major,40.42855,-3.81298,1,ES
Q133249231,pilgrimage_major,41.59341,1.83798,1,ES
Q133250773,pilgrimage_major,40.30818,-3.68441,2,ES
Q133252050,pilgrimage_major,39.41389,-3.71513,2,ES
Q133296977,pilgrimage_major,42.97914,-2.39866,3,ES
Q133321404,pilgrimage_major,42.39695,2.15356,2,ES
Q133454610,pilgrimage_major,42.39695,2.15356,1,ES
Q133455068,pilgrimage_major,39.82292,2.88444,2,ES
Q133455552,pilgrimage_major,43.37716,-7.42632,1,ES
Q133501877,pilgrimage_major,43.20585,-8.26489,1,ES
Q133501988,pilgrimage_major,43.17135,-8.29042,1,ES
Q133567099,pilgrimage_major,42.80087,-8.52374,1,ES
Q133567112,pilgrimage_major,42.83264,-8.58590,1,ES
Q133843401,pilgrimage_major,42.32535,-7.02280,1,ES
Q134296279,pilgrimage_major,43.26799,-8.36922,1,ES
Q134352569,pilgrimage_major,45.71474,9.41829,0,IT
Q134385204,pilgrimage_major,42.65300,-8.81791,1,ES
Q134435551,pilgrimage_major,42.99844,-8.50567,1,ES
Q134484164,pilgrimage_major,49.78008,-67.16047,0,CA
Q134585375,pilgrimage_major,48.54719,-68.79261,0,CA
Q134713186,pilgrimage_major,42.61541,-8.41562,0,ES
Q134728230,pilgrimage_major,38.99323,26.93447,0,TR
Q134917237,pilgrimage_major,-36.84151,-73.07975,1,CL
Q134917829,pilgrimage_major,40.99985,-7.40770,1,PT
Q135059373,pilgrimage_major,49.02639,14.48778,1,CZ
Q135083051,pilgrimage_major,29.42255,79.51245,6,IN
Q135102761,pilgrimage_major,42.86682,-8.67826,1,ES
Q135208158,pilgrimage_major,44.14881,10.98450,1,IT
Q135272952,pilgrimage_major,42.78281,-9.06547,1,ES
Q135450698,pilgrimage_major,43.02671,-9.14073,1,ES
Q135492898,pilgrimage_major,43.18270,-8.96265,1,ES
Q135536152,pilgrimage_major,43.12310,-8.68275,0,ES
Q135581878,pilgrimage_major,37.38379,28.03193,0,TR
Q135581877,pilgrimage_major,36.99201,28.20765,0,TR
Q135581886,pilgrimage_major,37.30586,27.81074,0,TR
Q135581884,pilgrimage_major,36.78437,28.15461,0,TR
Q135581885,pilgrimage_major,36.59198,28.00359,0,TR
Q135581891,pilgrimage_major,39.12723,27.18399,1,TR
Q135581896,pilgrimage_major,36.82784,28.62125,0,TR
Q135581903,pilgrimage_major,39.12740,27.18560,0,TR
Q135581900,pilgrimage_major,37.31210,27.77580,0,TR
Q135581905,pilgrimage_major,36.76824,27.80132,1,TR
Q135581912,pilgrimage_major,36.82261,28.62073,0,TR
Q135581913,pilgrimage_major,36.82574,28.61991,0,TR
Q135581916,pilgrimage_major,37.92688,29.12654,0,TR
Q135581921,pilgrimage_major,38.93453,27.42124,0,TR
Q135581932,pilgrimage_major,37.49911,27.52575,0,TR
Q135582519,pilgrimage_major,36.51472,30.05694,0,TR
Q135583034,pilgrimage_major,40.21444,25.88302,0,TR
Q135624745,pilgrimage_major,17.38914,77.83673,1,IN
Q135639808,pilgrimage_major,43.31076,-8.60554,1,ES
Q135686124,pilgrimage_major,43.48291,-8.22862,1,ES
Q135687079,pilgrimage_major,-33.29178,-70.66706,0,CL
Q136002251,pilgrimage_major,48.87144,-64.55031,0,CA
Q136036592,pilgrimage_major,42.13929,-7.06436,0,ES
Q136205117,pilgrimage_major,41.94330,-7.53047,1,ES
Q136410792,pilgrimage_major,42.02037,-1.32491,0,ES
Q136749009,pilgrimage_major,50.07500,16.78190,0,CZ
Q136762207,pilgrimage_major,38.92286,48.12698,1,AZ
Q136892740,pilgrimage_major,40.44839,15.05085,1,IT
Q137167546,pilgrimage_major,36.71313,-4.29908,1,ES
Q137399823,pilgrimage_major,49.93444,-97.12219,0,CA
Q137400358,pilgrimage_major,52.65019,-105.74194,0,CA
Q137765779,pilgrimage_major,41.74725,-8.23228,1,PT
Q137800714,pilgrimage_major,50.26939,19.13074,1,PL
Q137864437,pilgrimage_major,42.50312,-1.20535,1,ES
Q137908542,pilgrimage_major,-27.41929,-60.96271,1,AR
Q137917037,pilgrimage_major,41.96812,-7.91061,1,ES
Q137917658,pilgrimage_major,41.97736,-8.02627,1,ES
Q137975287,pilgrimage_major,-38.83334,-72.62285,1,CL
Q138001252,pilgrimage_major,42.20798,-7.77790,1,ES
Q138302661,pilgrimage_major,45.63433,10.53027,1,IT
Q138314449,pilgrimage_major,42.31920,-7.79328,0,ES
Q138500695,pilgrimage_major,50.84088,19.08045,2,PL
Q138501238,pilgrimage_major,49.29644,19.94264,2,PL
Q138566386,pilgrimage_major,42.33607,-8.11184,0,ES
Q138581881,pilgrimage_major,42.43718,-8.10423,1,ES
Q138637600,pilgrimage_major,42.47709,-7.98864,1,ES
Q138638049,pilgrimage_major,45.42353,10.84430,1,IT
Q138643430,pilgrimage_major,42.72136,-7.74058,0,ES
Q138659728,pilgrimage_major,42.61303,-7.78594,1,ES
Q138718508,pilgrimage_major,6.23220,1.47752,1,TG
Q138748162,pilgrimage_major,43.08562,-7.82783,1,ES
Q138753420,pilgrimage_major,39.73361,2.79167,1,ES
Q138757726,pilgrimage_major,39.55861,2.61417,0,ES
Q138780385,pilgrimage_major,51.93820,-9.16666,1,IE
Q138780640,pilgrimage_major,51.93822,-9.16753,1,IE
Q138780821,pilgrimage_major,51.93518,-9.15297,1,IE
Q138793618,pilgrimage_major,42.66068,-7.71907,1,ES
Q138843051,pilgrimage_major,42.39913,-7.55182,1,ES
Q138856569,pilgrimage_major,41.86109,13.24264,0,IT
Q139254218,pilgrimage_major,42.22341,-8.37855,0,ES
Q139813184,pilgrimage_major,43.17864,17.68366,0,BA
Q139819836,pilgrimage_major,43.17875,17.68363,0,BA
Q139819959,pilgrimage_major,43.17995,17.68806,1,BA
Q139908318,pilgrimage_major,38.92199,48.12848,1,AZ
Q139935830,pilgrimage_major,14.48200,121.02820,2,PH
Q139947384,pilgrimage_major,-11.91176,-75.31252,1,PE
Q140248786,pilgrimage_major,45.71674,10.50515,0,IT
Q140681808,pilgrimage_major,52.22093,21.08779,2,PL
Q141102503,pilgrimage_major,48.55960,17.57862,1,SK
Q9213,pilgrimage_major,27.48140,83.27583,76,NP
Q34485,pilgrimage_major,28.35128,-16.36978,33,ES
Q43318,pilgrimage_major,36.11133,-5.34829,8,GB
Q63368,pilgrimage_major,28.49361,-16.31250,19,ES
Q64506,pilgrimage_major,37.54419,126.91172,6,KR
Q1180056,pilgrimage_major,52.36778,4.88806,13,
Q1309086,pilgrimage_major,53.34280,6.42490,8,
Q1923798,pilgrimage_major,52.63983,5.05762,2,
Q2036413,pilgrimage_major,52.58389,4.69056,2,
Q2063850,pilgrimage_major,52.38278,4.63389,2,
Q2192339,pilgrimage_major,53.32583,5.99778,3,
Q2254135,pilgrimage_major,51.67728,5.40459,1,
Q2274398,pilgrimage_major,52.62970,4.75222,2,
Q2281090,pilgrimage_major,52.25611,5.22694,5,
Q2372840,pilgrimage_major,50.87027,5.79802,3,
Q2740663,pilgrimage_major,52.36917,4.88972,5,
Q17590569,pilgrimage_major,52.59504,4.66026,0,
Q17604109,pilgrimage_major,51.55336,5.48303,0,
Q18772214,pilgrimage_major,51.89528,4.15444,3,
Q119458981,pilgrimage_major,52.49976,5.06803,0,
Q121186350,pilgrimage_major,38.76473,76.56721,0,
Q17365098,pilgrimage_major,52.49701,8.02611,2,DE
Q17619074,pilgrimage_major,42.42091,2.74889,2,ES
Q17652135,pilgrimage_major,45.18920,7.98000,2,IT
Q17652144,pilgrimage_major,37.91119,15.27789,2,IT
Q18004283,pilgrimage_major,41.55280,1.53955,2,ES
Q18006698,pilgrimage_major,41.79560,0.80613,4,ES
Q18007659,pilgrimage_major,42.15110,2.65742,2,ES
Q18029373,pilgrimage_major,47.02278,8.23589,3,CH
Q18138281,pilgrimage_major,14.58750,121.17700,9,PH
Q18164322,pilgrimage_major,14.23370,121.36500,2,PH
Q18210863,pilgrimage_major,27.26993,84.49947,4,IN
Q18340160,pilgrimage_major,48.51510,10.81429,2,DE
Q18353492,pilgrimage_major,14.16518,121.24482,2,PH
Q18354073,pilgrimage_major,14.60332,120.99358,3,PH
Q18391613,pilgrimage_major,14.59698,120.99546,2,PH
Q18392683,pilgrimage_major,14.48010,121.30700,3,PH
Q18411439,pilgrimage_major,47.56264,10.69489,2,DE
Q18413173,pilgrimage_major,47.97247,10.43196,2,DE
Q18434122,pilgrimage_major,51.77940,22.60600,1,PL
Q18483848,pilgrimage_major,39.26249,-7.51405,1,PT
Q18716335,pilgrimage_major,48.85100,12.06643,2,DE
Q18716354,pilgrimage_major,48.60225,11.59335,1,DE
Q18750187,pilgrimage_major,9.63000,123.47900,3,PH
Q18750372,pilgrimage_major,14.83500,120.73417,4,PH
Q18750497,pilgrimage_major,14.91610,120.76900,2,PH
Q18811735,pilgrimage_major,45.39113,11.36491,2,IT
Q18937512,pilgrimage_major,54.67437,25.28960,2,LT
Q19256885,pilgrimage_major,42.06760,2.68769,2,ES
Q19401027,pilgrimage_major,51.79320,18.09200,2,PL
Q19406944,pilgrimage_major,44.37533,17.29477,8,BA
Q19545511,pilgrimage_major,36.85477,14.75859,4,IT
Q19593625,pilgrimage_major,48.38371,10.82139,2,DE
Q19601510,pilgrimage_major,47.74005,7.99964,2,DE
Q19707238,pilgrimage_major,44.96944,14.73167,2,HR
Q19856965,pilgrimage_major,47.43000,9.75611,2,AT
Q20007311,pilgrimage_major,38.22648,15.24184,3,IT
Q20007927,pilgrimage_major,44.77186,7.77690,3,IT
Q20007924,pilgrimage_major,41.30300,13.98470,3,IT
Q20043861,pilgrimage_major,38.99194,140.60028,2,JP
Q20078644,pilgrimage_major,47.45802,9.77182,3,AT
Q20126659,pilgrimage_major,41.06173,-0.57132,3,ES
Q20428059,pilgrimage_major,49.16750,13.79861,1,CZ
Q20643834,pilgrimage_major,37.59971,22.86192,2,GR
Q20968034,pilgrimage_major,46.20155,11.28032,2,IT
Q20977832,pilgrimage_major,41.35429,-1.64891,3,ES
Q21040903,pilgrimage_major,7.77534,2.18652,3,BJ
Q21051642,pilgrimage_major,29.59021,106.61904,2,CN
Q21064893,pilgrimage_major,48.34830,8.07114,2,DE
Q21279488,pilgrimage_major,47.79342,16.03671,2,AT
Q21286403,pilgrimage_major,45.74282,10.73339,3,IT
Q21552379,pilgrimage_major,42.75747,13.95290,9,IT
Q21569139,pilgrimage_major,41.00102,0.42869,3,ES
Q21619155,pilgrimage_major,46.36897,-72.49766,3,CA
Q21875908,pilgrimage_major,48.77333,15.59000,2,AT
Q22008255,pilgrimage_major,50.25957,10.25407,2,DE
Q22582392,pilgrimage_major,51.85195,19.63530,2,PL
Q22583371,pilgrimage_major,50.15930,15.46034,1,CZ
Q22694546,pilgrimage_major,48.52983,13.16357,2,DE
Q22907549,pilgrimage_major,33.98426,35.68419,6,LB
Q23000027,pilgrimage_major,46.61633,10.71732,2,IT
Q23303425,pilgrimage_major,45.41544,-73.67669,1,CA
Q23541656,pilgrimage_major,48.16506,13.14034,2,AT
Q23832036,pilgrimage_major,52.04084,18.92030,3,PL
Q23905913,pilgrimage_major,48.67462,12.39178,2,DE
Q24254520,pilgrimage_major,48.21862,8.02716,2,DE
Q24705888,pilgrimage_major,47.98610,11.70150,2,DE
Q24906614,pilgrimage_major,27.41973,85.01128,4,NP
Q24913059,pilgrimage_major,44.69992,12.17238,4,IT
Q24939830,pilgrimage_major,20.06305,73.79246,4,IN
Q24952177,pilgrimage_major,43.48653,13.48338,6,IT
Q25005605,pilgrimage_major,35.10211,-106.51944,1,US
Q25048780,pilgrimage_major,14.32014,120.76430,2,PH
Q25089878,pilgrimage_major,48.82192,12.41796,2,DE
Q25089883,pilgrimage_major,48.82227,12.41813,2,DE
Q25324823,pilgrimage_major,43.03289,-87.99761,1,US
Q25340667,pilgrimage_major,-1.72347,-78.76262,4,EC
Q25418970,pilgrimage_major,41.51038,-8.76748,2,PT
Q25422758,pilgrimage_major,42.19192,2.17241,2,ES
Q25841323,pilgrimage_major,42.50438,12.89285,2,IT
Q25844362,pilgrimage_major,49.59634,9.68609,2,DE
Q25929074,pilgrimage_major,50.74292,7.14929,2,DE
Q26258059,pilgrimage_major,40.94342,14.23683,2,IT
Q26561803,pilgrimage_major,51.79020,1.15837,1,GB
Q26578329,pilgrimage_major,53.73050,-2.66749,1,GB
Q26677657,pilgrimage_major,52.70551,-1.99664,2,GB
Q26931542,pilgrimage_major,48.46199,11.02160,2,DE
Q26977258,pilgrimage_major,49.90495,6.88341,2,DE
Q27023417,pilgrimage_major,-13.61006,-73.74020,3,PE
Q27659865,pilgrimage_major,49.94786,12.83534,2,CZ
Q27987653,pilgrimage_major,37.15257,14.38438,2,IT
Q28016635,pilgrimage_major,45.82646,10.53147,2,IT
Q3357759,festival,45.41667,-75.71667,4,CA
Q3361439,festival,45.59465,8.91816,4,IT
Q572335,festival,52.52000,13.38000,15,DE
Q574767,festival,49.20500,12.02400,4,DE
Q577042,festival,41.47722,-71.33944,19,US
Q586220,festival,51.51320,-0.20430,27,GB
Q2782080,festival,42.84670,-2.67310,7,ES
Q2798436,festival,51.55447,7.06764,3,DE
Q2805007,festival,51.92028,-2.05778,7,GB
Q2838024,festival,41.28833,1.25083,3,ES
Q2880385,festival,45.42000,-75.69000,7,CA
Q2893554,festival,37.12890,-8.33100,7,PT
Q2901941,festival,45.59361,9.27472,3,IT
Q2905915,festival,41.69278,44.80639,10,GE
Q2916435,festival,39.17722,-106.83944,11,US
Q2927078,festival,50.84190,4.36240,3,BE
Q2934694,festival,52.18586,0.16327,5,GB
Q2943198,festival,48.02810,-3.70080,3,FR
Q2954009,festival,55.85226,-4.24238,4,GB
Q2984221,festival,35.47778,-86.05056,12,US
Q2985163,festival,46.76667,23.58333,4,RO
Q3007114,festival,46.48845,6.73017,3,CH
Q3032796,festival,50.51333,4.42167,3,BE
Q3038463,festival,4.60971,-74.08175,8,CO
Q3042634,festival,48.32492,7.32444,3,FR
Q3045874,festival,34.02528,-6.83611,12,MA
Q3050574,festival,42.82750,3.04121,3,FR
Q3058403,festival,50.43313,4.75698,3,BE
Q3059019,festival,44.35694,2.55694,4,FR
Q3059344,festival,50.05582,19.92517,5,PL
Q3062267,festival,21.01780,-101.25670,4,MX
Q3066295,festival,45.49700,-73.57800,18,CA
Q3068785,festival,43.83480,4.35930,5,FR
Q3069870,festival,45.39444,5.26139,4,FR
Q3069871,festival,43.60700,1.44210,5,ES
Q3069874,festival,43.63220,-79.41690,4,CA
Q3069872,festival,46.35833,6.21667,3,CH
Q3069887,festival,47.63750,6.86280,5,FR
Q3069888,festival,18.45000,-66.06667,9,US
Q3069910,festival,48.45170,-4.24806,3,FR
Q3069967,festival,48.85667,2.35222,5,FR
Q3070023,festival,48.11290,-1.67666,4,FR
Q3070048,festival,46.00640,5.36111,3,FR
Q3070109,festival,46.80170,-71.22110,5,CA
Q3070125,festival,35.77670,-5.80390,9,ES
Q3070138,festival,50.51361,4.42080,5,FR
Q3070139,festival,34.06090,-4.98030,10,MA
Q3070136,festival,43.71789,5.31178,4,FR
Q3070226,festival,48.09220,-4.33030,4,FR
Q3070246,festival,36.99778,-121.58528,6,US
Q3070244,festival,40.39528,49.88222,12,AZ
Q3070297,festival,45.48333,-75.65000,3,CA
Q3070339,festival,48.41420,-2.10194,3,FR
Q3070337,festival,31.51139,-9.77222,6,MA
Q3070358,festival,48.27090,-3.55828,8,FR
Q3070359,festival,47.47740,1.18075,3,FR
Q3070380,festival,48.77860,-3.04528,3,FR
Q3070448,festival,49.36000,0.08000,6,FR
Q3070475,festival,49.28833,-0.11639,10,FR
Q3070476,festival,36.88583,30.66833,23,TR
Q3070535,festival,45.50639,-73.56778,6,CA
Q3070588,festival,48.79100,2.46300,6,FR
Q3070599,festival,42.32389,-83.04222,3,CA
Q3070616,festival,47.24000,6.02000,4,FR
Q3070640,festival,43.55080,7.01821,3,FR
Q3070654,festival,25.78000,-80.22000,12,US
Q3070695,festival,39.47000,-0.37640,7,ES
Q3070705,festival,10.42360,-75.52530,12,CO
Q3070711,festival,43.52931,-5.67732,13,ES
Q3070714,festival,19.70280,-101.19220,9,MX
Q3070716,festival,34.42460,-119.70600,13,US
Q3070717,festival,31.62947,-7.98108,19,MA
Q3070755,festival,40.88493,-72.50106,7,US
Q3070759,festival,41.02790,21.33480,14,MK
Q3070830,festival,63.42226,10.39571,7,NO
Q3074273,festival,27.98700,-82.36200,3,US
Q3074835,festival,47.36700,-68.32700,3,CA
Q3074850,festival,50.63500,5.56820,4,BE
Q3077681,festival,43.60449,1.44363,3,FR
Q3092808,festival,49.11593,2.27849,3,FR
Q3092873,festival,48.45556,-2.05028,3,FR
Q3092905,festival,47.65694,-2.75556,3,FR
Q3092917,festival,43.49000,-1.48000,7,FR
Q3098433,festival,44.48976,0.16333,4,FR
Q3106929,festival,42.95190,12.70540,4,IT
Q3183439,festival,7.29696,80.63845,10,LK
Q3192546,festival,48.00000,-3.00000,5,FR
Q3206264,festival,50.69136,4.04140,3,BE
Q3212491,festival,48.58860,-1.92278,4,FR
Q3219700,festival,46.51667,6.63333,4,CH
Q3241091,festival,30.26756,-97.76716,12,US
Q3269994,festival,45.81310,15.97720,18,HR
Q3272101,festival,18.75181,98.92305,9,TH
Q3278820,festival,52.07500,-3.12500,7,GB
Q3281127,festival,42.81667,-1.65000,4,ES
Q3302580,festival,43.26220,-2.95330,5,ES
Q3328419,festival,43.68306,-7.85000,7,ES
Q3335579,festival,48.69780,6.18444,3,FR
Q3339619,festival,43.69639,7.26889,10,FR
Q3346171,festival,45.76730,4.83420,3,FR
Q1067115,festival,47.62310,6.15580,7,FR
Q1071936,festival,41.85003,-87.65005,21,US
Q1072456,festival,47.81000,12.49170,3,DE
Q1090897,festival,37.42667,-122.08083,6,US
Q1101472,festival,49.26280,4.03472,6,FR
Q1118605,festival,49.05222,15.80778,3,CZ
Q1711312,festival,52.36280,9.72861,4,DE
Q1734117,festival,57.04219,9.91401,4,DK
Q1743783,festival,50.19810,10.07460,5,DE
Q1749262,festival,33.59297,130.41045,16,JP
Q1768550,festival,54.47639,13.44583,4,DE
Q1776937,festival,50.09000,14.41600,19,CZ
Q1777089,festival,60.39150,5.31858,9,NO
Q1780617,festival,36.59440,-121.86300,13,US
Q1785987,festival,52.16389,1.49750,13,GB
Q1791588,festival,50.97417,8.15389,3,DE
Q1807073,festival,50.45000,30.52360,21,UA
Q1827166,festival,48.31211,14.29331,3,AT
Q1864870,festival,39.76453,-105.13531,5,US
Q1868903,festival,51.50861,-0.16361,7,GB
Q1877150,festival,36.36400,-95.27800,3,US
Q1883843,festival,48.14942,11.51253,4,DE
Q1886890,festival,50.49247,5.86334,5,BE
Q1906937,festival,52.36250,9.73667,3,DE
Q1931085,festival,60.79315,11.09979,7,NO
Q1935455,festival,43.23082,-75.40964,14,US
Q1937367,festival,44.98577,-93.16844,6,US
Q1946581,festival,50.86140,4.34800,4,BE
Q1947348,festival,47.99670,-4.09639,9,FR
Q1960307,festival,45.77837,126.55626,25,CN
Q1967228,festival,-35.23100,149.14700,3,AU
Q1976361,festival,51.23110,4.44111,4,BE
Q1981811,festival,58.77917,24.25955,4,EE
Q2008913,festival,47.59972,11.06167,6,DE
Q2025678,festival,51.18940,10.06030,3,DE
Q2026661,festival,48.67564,10.14877,3,DE
Q2033298,festival,45.50944,-73.52750,6,CA
Q2037603,festival,50.96059,5.35580,10,BE
Q2051047,festival,50.87083,5.51583,6,BE
Q2054423,festival,42.30333,-5.90306,6,ES
Q2066121,festival,47.68620,6.80817,9,FR
Q2079699,festival,48.83750,2.21472,9,FR
Q2111102,festival,43.32000,-1.98000,11,ES
Q2119362,festival,38.70804,-9.13902,8,PT
Q2129771,festival,55.28035,14.79859,5,DK
Q2133827,festival,42.83905,-72.73223,11,US
Q2147663,festival,50.08190,8.24139,5,DE
Q2160185,festival,49.32051,6.88309,3,DE
Q2165805,festival,61.50000,23.76670,14,FI
Q2179177,festival,50.28250,2.75917,4,FR
Q2192325,festival,50.65306,5.61083,4,BE
Q2216851,festival,50.25661,10.96409,3,DE
Q2228450,festival,51.34000,12.37500,3,DE
Q2250346,festival,44.49390,11.34280,9,IT
Q2255326,festival,50.56667,4.93333,3,BE
Q2261912,festival,48.06626,7.81440,3,DE
Q2268939,festival,41.65389,-4.72444,18,ES
Q2274760,festival,57.71751,11.95825,8,SE
Q2311733,festival,51.75842,12.44852,4,DE
Q2312823,festival,41.90601,12.46475,5,IT
Q2322517,festival,47.74560,-3.36128,15,FR
Q2335684,festival,44.13580,4.80884,8,FR
Q2396620,festival,49.38013,10.17067,4,DE
Q2402345,festival,37.93325,-107.80817,4,US
Q2402350,festival,37.93915,-107.81632,23,US
Q2407218,festival,41.50190,-72.73720,3,US
Q2416340,festival,48.17305,11.55061,4,DE
Q2425969,festival,51.05391,3.72491,9,BE
Q2439480,festival,41.41067,2.22633,18,ES
Q2452047,festival,28.61630,-81.36440,4,US
Q2455343,festival,69.65102,18.95599,10,NO
Q2481548,festival,-33.02969,-71.55224,15,CL
Q2496417,festival,43.90000,125.20000,8,CN
Q2524769,festival,58.35912,25.59532,6,EE
Q2535455,festival,46.19562,6.76789,11,FR
Q2545738,festival,36.80080,10.18000,17,TN
Q2552550,festival,45.51600,-122.67300,4,US
Q2556485,festival,50.96806,4.68417,3,BE
Q2584758,festival,50.00439,-96.85564,4,CA
Q2593962,festival,49.63342,8.37386,3,DE
Q2597696,festival,50.40532,3.77479,5,BE
Q2616359,festival,50.63750,-2.21056,6,GB
Q2662166,festival,34.00666,36.20483,4,LB
Q2717948,festival,53.18443,-6.62124,9,IE
Q2721837,festival,-23.55000,-46.63333,15,BR
Q2722799,festival,47.21720,-1.55390,12,FR
Q2731362,festival,64.99972,25.46528,4,FI
Q2738110,festival,54.59190,-5.96230,5,GB
Q2738153,festival,42.73580,12.73530,13,IT
Q2745177,festival,51.53182,-3.21806,14,GB
Q2778797,festival,48.89310,2.39083,6,FR
Q72823,festival,51.31361,9.49750,36,DE
Q82113,festival,34.38525,132.45531,13,JP
Q82668,festival,8.58000,-71.13000,65,VE
Q102400,festival,48.13139,11.54917,84,DE
Q114712,festival,32.75413,129.88211,9,JP
Q115854,festival,47.05028,8.31194,13,CH
Q124484,festival,48.86420,17.99749,12,SK
Q129761,festival,51.50720,-0.11570,9,GB
Q130871,festival,52.52000,13.38000,84,DE
Q141108,festival,35.70000,51.42000,21,IR
Q143390,festival,46.40510,6.21210,5,CH
Q147457,festival,54.12278,11.86778,7,DE
Q152518,festival,40.78694,-119.20417,46,US
Q152908,festival,41.15376,-87.31480,8,US
Q153998,festival,52.52000,13.38000,39,DE
Q157596,festival,49.96000,11.57972,38,DE
Q157845,festival,54.02833,9.35611,36,DE
Q158428,festival,59.32940,18.06860,21,SE
Q160109,festival,50.33611,6.94667,27,DE
Q172971,festival,49.81670,10.98330,4,DE
Q186239,festival,49.39594,15.59045,8,CZ
Q188374,festival,41.31917,19.82194,23,AL
Q189213,festival,48.00891,7.78038,6,DE
Q196148,festival,40.04720,0.06944,11,ES
Q203348,festival,50.87806,0.06417,19,GB
Q205751,festival,45.42889,12.35861,53,IT
Q213148,festival,32.92330,35.06991,4,IL
Q219474,festival,61.49610,21.78070,13,FI
Q224485,festival,-37.79906,175.26847,4,NZ
Q230408,festival,47.37440,8.54110,14,CH
Q247500,festival,47.08778,-1.28250,21,FR
Q248525,festival,47.36920,8.54150,3,CH
Q249507,festival,50.70957,7.14514,3,DE
Q250166,festival,48.12500,11.58290,6,DE
Q252244,festival,40.43330,-3.68333,6,ES
Q258417,festival,56.15333,10.20083,6,DK
Q259936,festival,60.43720,22.19180,11,FI
Q260979,festival,-33.86780,151.21000,15,AU
Q265292,festival,52.54569,13.36640,9,DE
Q266304,festival,49.30830,12.84420,6,DE
Q281630,festival,51.35659,9.00603,7,DE
Q309066,festival,51.14972,-2.58694,44,GB
Q314122,festival,48.79601,9.21902,7,DE
Q315433,festival,51.02272,6.92688,7,DE
Q322386,festival,51.75822,12.44861,8,DE
Q324860,festival,51.26730,10.63520,5,DE
Q325448,festival,52.49858,13.32887,7,DE
Q326220,festival,43.66970,-79.38940,26,CA
Q326425,festival,47.18030,-122.29200,3,US
Q365976,festival,47.75389,16.69889,8,AT
Q367149,festival,43.37434,-80.96847,7,CA
Q383414,festival,53.35045,-6.26707,7,IE
Q386016,festival,49.43333,1.08333,5,FR
Q386573,festival,51.16410,-115.56150,5,CA
Q390018,festival,43.64667,-79.39028,61,CA
Q393045,festival,27.60283,-8.09650,8,DZ
Q402873,festival,15.40194,74.04333,33,IN
Q408039,festival,53.36056,11.61639,4,DE
Q434319,festival,37.73944,-121.56111,21,US
Q452408,festival,50.04333,7.42250,6,DE
Q457640,festival,49.60756,11.00511,7,DE
Q460068,festival,48.26367,8.84550,7,DE
Q465682,festival,45.77970,3.08690,16,FR
Q473423,festival,43.95054,4.80731,27,FR
Q474265,festival,22.56613,88.34167,14,IN
Q477355,festival,53.70917,-6.55986,7,IE
Q477369,festival,31.17000,121.47000,26,CN
Q482633,festival,35.18000,129.07500,28,KR
Q486373,festival,36.30400,126.51700,11,KR
Q488816,festival,37.56000,126.99000,10,KR
Q489672,festival,37.49890,126.78310,14,KR
Q490328,festival,53.15944,9.52250,11,DE
Q493324,festival,69.52500,20.52889,15,NO
Q493695,festival,33.44517,129.96740,14,JP
Q493819,festival,55.62167,12.07667,29,DK
Q494487,festival,62.59642,29.73639,8,FI
Q502053,festival,46.16962,8.79601,44,CH
Q520500,festival,47.36610,8.54590,12,CH
Q521252,festival,47.97694,8.90417,10,DE
Q530330,festival,42.61810,2.42278,7,FR
Q530944,festival,33.56000,-7.64667,8,MA
Q535568,festival,38.89500,-77.03667,10,US
Q543469,festival,40.71667,14.94167,11,IT
Q543565,festival,48.13750,11.57500,17,DE
Q544673,festival,47.91205,17.08471,10,AT
Q545584,festival,49.23036,16.51272,12,CZ
Q546381,festival,43.11670,12.38330,7,IT
Q557327,festival,60.35587,25.07325,7,FI
Q566518,festival,51.75834,12.44902,10,DE
Q566542,festival,49.05800,10.41780,11,DE
Q1121076,festival,50.05167,19.94833,11,PL
Q1122008,festival,10.96389,-74.79639,21,CO
Q1131022,festival,55.67611,12.56833,5,DK
Q1133749,festival,-22.97700,-43.39400,26,BR
Q1134106,festival,40.53139,-90.43667,5,US
Q1134207,festival,44.90000,8.20722,7,IT
Q1135256,festival,-25.91530,32.57640,9,MZ
Q1137962,festival,51.46722,-1.01194,21,GB
Q1139316,festival,53.34000,-2.63000,9,GB
Q1143662,festival,55.23111,10.48806,5,DK
Q1151186,festival,36.79900,138.78359,9,JP
Q1151919,festival,55.95330,-3.18920,20,GB
Q1155490,festival,38.53417,-0.13139,8,ES
Q1164378,festival,38.69581,-9.22952,6,PT
Q1165693,festival,54.93100,8.86200,6,DK
Q1167818,festival,48.99795,8.37474,4,DE
Q1183120,festival,53.75830,8.67500,6,DE
Q1188723,festival,50.06140,19.93720,15,PL
Q1202380,festival,12.36443,-1.53574,26,BF
Q1203886,festival,48.76028,8.23639,3,DE
Q1233796,festival,38.70804,-9.13902,5,PT
Q1236370,festival,38.34530,-0.48310,9,ES
Q1236506,festival,50.97610,11.02330,3,DE
Q1249934,festival,43.73894,7.42524,17,MC
Q1254059,festival,54.13677,10.62375,3,DE
Q1262315,festival,44.87300,13.85000,22,HR
Q1264759,festival,42.64100,18.11035,14,HR
Q1266836,festival,-29.85830,31.02500,14,ZA
Q1284748,festival,55.94861,-3.20083,15,GB
Q1291927,festival,43.77639,20.23194,9,RS
Q1292324,festival,49.27200,-123.19200,3,CA
Q1295405,festival,46.24830,20.14869,3,HU
Q1317345,festival,40.79600,-73.91620,4,US
Q1318994,festival,47.21306,-1.54250,9,FR
Q1319822,festival,54.13970,12.07940,5,DE
Q1323689,festival,51.50639,-0.11528,30,GB
Q1325279,festival,41.14947,-8.61078,19,PT
Q1335281,festival,48.80390,9.17722,6,DE
Q1350247,festival,50.97690,11.02390,3,DE
Q1356699,festival,51.57130,-0.10180,7,GB
Q1362509,festival,45.51020,-73.56400,17,CA
Q1374050,festival,33.82390,-116.53030,19,US
Q1374281,festival,43.24000,76.91500,8,KZ
Q1375633,festival,38.07778,-97.92722,3,US
Q1381234,festival,61.49000,23.75417,8,FI
Q1388531,festival,46.17694,13.73167,14,SI
Q1395939,festival,47.47590,8.30477,3,CH
Q1400655,festival,47.66180,16.58710,3,HU
Q1407488,festival,51.17889,-1.82611,9,GB
Q1408552,festival,20.67670,-103.34750,13,MX
Q1408575,festival,20.02830,-3.19740,12,ML
Q1408657,festival,49.36000,0.08000,17,FR
Q1408668,festival,43.53080,5.44751,11,FR
Q1408678,festival,51.97000,17.50000,15,PL
Q1408677,festival,45.89920,6.12940,32,FR
Q1408683,festival,48.28500,6.95000,4,FR
Q1408793,festival,38.52431,-8.89261,10,PT
Q1408807,festival,51.33920,7.87194,3,DE
Q1414683,festival,-29.37890,-50.87390,11,BR
Q1427084,festival,51.04068,3.73029,17,BE
Q1436164,festival,67.41667,26.58333,11,FI
Q1436686,festival,49.72965,11.07500,3,DE
Q1441481,festival,45.07920,7.67610,15,IT
Q1443160,festival,51.07165,13.71283,3,DE
Q1454542,festival,49.11248,9.73744,3,DE
Q1463060,festival,54.51683,18.54562,14,PL
Q1463492,festival,52.33820,-6.46280,8,IE
Q1473844,festival,60.17443,24.94406,17,FI
Q1479593,festival,48.60361,2.32322,10,FR
Q1499249,festival,45.33580,13.82780,14,HR
Q1531000,festival,52.40830,16.93360,12,PL
Q1543514,festival,51.23004,5.08399,13,BE
Q1547650,festival,50.96806,4.68417,9,BE
Q1548458,festival,50.24568,15.83472,5,CZ
Q1569609,festival,40.79459,14.18475,6,IT
Q1570789,festival,51.77722,6.48056,3,DE
Q1576451,festival,40.64030,22.93560,18,GR
Q1586192,festival,46.78000,23.55940,13,RO
Q1592865,festival,43.90769,12.90925,11,IT
Q1609496,festival,51.10400,13.62800,3,DE
Q1619012,festival,51.49639,-0.20972,5,GB
Q1627632,festival,38.98000,1.43000,6,ES
Q1628347,festival,42.75860,-105.39200,3,US
Q1636408,festival,57.49431,15.85877,10,SE
Q1636567,festival,34.68808,135.18994,10,JP
Q1638749,festival,54.34829,18.65402,26,PL
Q1655230,festival,43.57276,3.94981,9,FR
Q1660039,festival,53.33583,13.04722,4,DE
Q1666555,festival,8.48750,76.95250,15,IN
Q1666659,festival,41.01000,28.96030,25,TR
Q1667312,festival,48.17678,12.84230,3,DE
Q1667716,festival,50.84670,4.35170,10,BE
Q1668530,festival,52.68310,12.95940,3,DE
Q1684444,festival,46.15000,8.76667,5,CH
Q1688132,festival,50.74400,7.15561,3,DE
Q588513,festival,50.83333,4.00000,7,BE
Q591736,festival,48.86667,2.33333,5,FR
Q602771,festival,39.04957,125.77522,23,KP
Q606649,festival,51.09222,4.38556,39,BE
Q609508,festival,48.20830,16.37250,19,AT
Q614639,festival,45.50000,-73.56667,17,CA
Q621422,festival,43.55090,7.01725,22,FR
Q622423,festival,43.32430,-1.97800,40,ES
Q624684,festival,37.56667,126.98333,6,KR
Q642130,festival,43.87052,10.24149,9,IT
Q651486,festival,50.86474,4.34751,16,BE
Q653360,festival,-23.58800,-46.65380,19,BR
Q654566,festival,41.47806,-71.33556,14,US
Q657270,festival,58.30800,6.95909,8,NO
Q659532,festival,46.88378,17.92574,6,HU
Q665227,festival,46.67070,7.87331,8,CH
Q669118,festival,46.43889,6.90444,28,CH
Q677294,festival,40.73958,-74.00886,10,US
Q677489,festival,46.95000,7.45000,5,CH
Q682504,festival,46.45977,6.84225,10,CH
Q687212,festival,51.46990,6.85140,14,DE
Q687238,festival,47.34900,8.71512,4,CH
Q688833,festival,50.86667,-0.73333,19,GB
Q694891,festival,47.50486,9.73778,19,AT
Q695820,festival,52.17972,9.94889,16,DE
Q717333,festival,59.65097,12.62494,5,SE
Q733851,festival,51.74375,11.23122,4,DE
Q739451,festival,51.10977,5.10458,6,FR
Q744640,festival,43.56583,7.11500,8,FR
Q749235,festival,55.75580,37.61780,46,RU
Q749420,festival,52.84440,-1.33770,18,GB
Q760701,festival,47.66823,9.21347,4,DE
Q780852,festival,38.51395,-9.14595,5,PT
Q798705,festival,50.86667,9.70278,8,DE
Q805904,festival,46.51940,6.56594,4,CH
Q807984,festival,49.27659,-123.14211,3,CA
Q809274,festival,48.71222,11.45167,6,DE
Q809923,festival,47.56287,7.58975,4,CH
Q815872,festival,28.47000,-16.25000,30,ES
Q821811,festival,52.49801,13.32960,7,DE
Q829363,festival,55.95330,-3.18920,20,GB
Q829919,festival,42.81667,-1.65000,40,ES
Q833452,festival,51.54444,7.16333,4,DE
Q836514,festival,51.34028,12.37472,16,DE
Q836578,festival,54.78090,9.43832,3,DE
Q853325,festival,40.71830,-74.00780,42,US
Q862407,festival,40.82234,140.74739,12,JP
Q869067,festival,12.97912,77.59130,5,IN
Q870188,festival,46.68241,21.11332,3,HU
Q873990,festival,49.99014,8.28764,3,DE
Q875245,festival,51.34000,12.37500,9,DE
Q876028,festival,49.55133,9.72926,3,DE
Q878399,festival,50.50750,11.71944,6,DE
Q879464,festival,53.30780,12.73560,7,DE
Q881343,festival,51.22778,6.76333,4,DE
Q888184,festival,34.22840,135.20199,5,JP
Q889872,festival,33.67839,-116.23402,44,US
Q891200,festival,57.70000,11.99000,16,SE
Q895941,festival,48.79690,9.21722,4,DE
Q896228,festival,49.42917,11.12222,8,DE
Q896467,festival,53.55389,9.97083,6,DE
Q896721,festival,49.46605,8.17092,6,DE
Q896737,festival,48.88380,12.56420,4,DE
Q903645,festival,34.71217,135.57417,6,JP
Q911345,festival,35.67659,139.70793,5,JP
Q912124,festival,35.01163,135.76804,20,JP
Q914820,festival,47.55389,19.05500,30,HU
Q917300,festival,61.86390,28.90110,15,FI
Q919794,festival,51.50694,-0.11391,5,GB
Q923398,festival,42.85000,-2.68333,7,ES
Q924209,festival,41.85000,1.56667,5,ES
Q929531,festival,43.06105,141.35638,30,JP
Q933410,festival,42.09000,-73.98500,13,US
Q935127,festival,43.85640,18.41310,29,BA
Q939826,festival,45.64876,0.15595,30,FR
Q940390,festival,43.31833,11.33139,30,IT
Q941538,festival,47.08440,2.39639,5,FR
Q945758,festival,52.61118,14.66967,23,PL
Q949173,festival,-38.00000,-57.55000,23,AR
Q951793,festival,23.13670,-82.35890,16,CU
Q955704,festival,51.15511,8.03881,3,DE
Q957459,festival,25.73639,-80.15556,26,US
Q975945,festival,41.23389,1.80417,26,ES
Q994618,festival,50.34043,15.93536,12,CZ
Q1010620,festival,50.76670,9.51667,3,DE
Q1025968,festival,30.04784,31.23885,28,EG
Q1026682,festival,51.03361,-114.05389,22,CA
Q1032197,festival,45.25000,19.86667,25,RS
Q1036445,festival,45.70000,-0.33000,6,FR
Q1043431,festival,35.68940,139.69170,31,JP
Q1046677,festival,51.50111,-0.17750,29,GB
Q1046742,festival,35.63083,139.79667,28,JP
Q1060757,festival,45.96260,12.65630,8,IT
Q3391065,festival,50.84828,4.34961,3,BE
Q3392407,festival,43.01167,-7.55722,7,ES
Q3400448,festival,53.20130,-4.19490,3,GB
Q3412744,festival,45.76400,4.83633,3,FR
Q3437697,festival,48.12000,-1.63333,3,FR
Q3486574,festival,50.82914,-0.14038,6,GB
Q3489464,festival,48.85743,2.23104,7,FR
Q3502395,festival,54.57940,18.52980,11,PL
Q3504351,festival,50.08194,14.42528,6,CZ
Q3505136,festival,49.83056,18.30000,9,CZ
Q3515203,festival,35.76667,-5.80000,3,MA
Q3530224,festival,13.08430,80.27050,4,IN
Q3532386,festival,43.66700,-79.39700,3,CA
Q3544072,festival,53.10660,23.66343,9,PL
Q3545653,festival,37.78760,-122.42100,8,US
Q3553520,festival,34.20400,-117.40200,9,US
Q3557159,festival,37.97084,23.72452,11,GR
Q3642773,festival,-26.67771,26.90222,6,ZA
Q3656156,festival,42.69789,23.32173,8,BG
Q3660448,festival,40.54500,15.63917,5,IT
Q3686090,festival,41.88560,12.50722,4,IT
Q3698846,festival,36.07528,138.09139,7,JP
Q3702521,festival,32.90000,35.28000,7,IL
Q3736047,festival,62.76354,22.83544,7,FI
Q3743878,festival,-29.14610,-51.19840,8,BR
Q3743989,festival,42.70258,11.14536,3,IT
Q3744082,festival,44.89750,8.20889,3,IT
Q3769110,festival,42.34990,-71.07617,3,US
Q3776890,festival,45.75229,7.64270,8,IT
Q3789908,festival,51.54320,-0.15190,16,GB
Q3822223,festival,41.58454,1.63087,4,ES
Q3824912,festival,41.67169,-3.70114,3,ES
Q3851176,festival,52.22780,21.03420,7,PL
Q3857939,festival,37.97320,-122.52900,7,US
Q3900688,festival,42.45790,14.23470,3,IT
Q3928457,festival,46.20000,9.01667,5,CH
Q3938019,festival,51.16200,4.49300,3,BE
Q3940842,festival,41.80620,12.32640,3,IT
Q3943024,festival,-1.95360,30.06060,12,RW
Q3962454,festival,56.02570,9.92140,7,DK
Q4023821,festival,-5.90000,39.30000,15,TZ
Q4075282,festival,45.90020,16.84292,3,HR
Q4079242,festival,51.19300,-2.54600,5,GB
Q4116472,festival,24.45110,54.39690,10,AE
Q4117099,festival,60.45080,22.27580,7,FI
Q4119285,festival,33.51306,36.30944,7,SY
Q4120352,festival,51.44370,-2.64157,5,GB
Q4306610,festival,34.41944,-119.64889,5,US
Q4331458,festival,46.50000,30.70000,20,UA
Q4333824,festival,40.26987,22.50979,6,GR
Q4349755,festival,63.54611,23.69278,6,FI
Q4402561,festival,42.15760,-87.77630,8,US
Q4489114,festival,42.16260,-8.59626,5,ES
Q4566944,festival,66.50194,12.10000,3,NO
Q4575290,festival,68.52770,16.76797,6,NO
Q4583956,festival,61.37390,8.29750,5,NO
Q4595302,festival,25.07156,102.75939,5,CN
Q4666934,festival,57.15000,-2.10000,3,GB
Q4681709,festival,-34.91163,138.63510,3,AU
Q4681716,festival,-34.92343,138.59565,4,AU
Q4689611,festival,55.95330,-3.18920,5,GB
Q4701224,festival,39.71847,140.11319,9,JP
Q4705277,festival,34.57390,-86.93780,3,US
Q4705317,festival,32.34996,-86.21297,5,US
Q4708608,festival,61.58140,-149.13100,3,US
Q4712821,festival,35.19611,-106.59750,9,US
Q4721902,festival,19.29050,-99.65620,3,MX
Q4733752,festival,57.64060,18.29080,8,SE
Q4744973,festival,41.18510,-73.12530,3,US
Q4764727,festival,41.61670,0.63330,5,ES
Q4766218,festival,42.28300,-83.75110,3,US
Q4781314,festival,54.58930,-2.49500,4,GB
Q4789767,festival,12.74864,4.53822,16,NG
Q4824816,festival,-42.88528,147.33444,3,AU
Q4836791,festival,55.60583,13.03583,7,SE
Q4838443,festival,42.35878,-4.06178,14,ES
Q4846267,festival,19.15899,-98.40828,3,MX
Q4848804,festival,28.68417,-17.76500,3,ES
Q4871193,festival,50.91250,0.48722,3,GB
Q4875387,festival,43.86667,18.41667,5,BA
Q4875855,festival,43.66925,-79.29835,7,CA
Q4884726,festival,55.95528,-3.18222,3,GB
Q4892047,festival,37.87360,-122.25400,3,US
Q4904576,festival,46.05471,14.49301,3,SI
Q4905612,festival,35.96420,-83.91750,3,US
Q4919977,festival,62.73610,7.15550,5,NO
Q4931437,festival,50.43980,-5.04760,3,GB
Q4958037,festival,48.14077,17.11007,4,SK
Q4974759,festival,40.69270,-73.99020,6,US
Q4979793,festival,50.82932,4.34455,3,BE
Q4985536,festival,-34.59970,-58.38190,9,AR
Q4985545,festival,-34.59970,-58.38190,4,AR
Q4987148,festival,69.63139,18.90972,6,NO
Q4993502,festival,44.43914,26.09498,6,RO
Q5013644,festival,55.67611,12.56833,6,DK
Q6967814,festival,55.66667,12.56667,3,DK
Q6973400,festival,51.37330,-0.36230,3,GB
Q6978719,festival,42.20714,-83.48850,3,US
Q7010243,festival,35.08290,-106.57500,3,US
Q5018273,festival,4.96851,8.34080,6,NG
Q5019684,festival,51.04500,-114.05700,6,CA
Q5031025,festival,58.48222,8.78250,3,NO
Q5043826,festival,18.00000,-66.61667,3,US
Q5044119,festival,28.12720,-15.43140,5,ES
Q5121154,festival,46.49133,-80.99554,3,CA
Q5130934,festival,41.18222,-73.89306,5,US
Q5131786,festival,45.42470,-75.69500,9,CA
Q5150066,festival,39.96477,-82.98991,3,US
Q5168483,festival,55.67611,12.56833,10,DK
Q5168510,festival,55.69160,12.61820,6,DK
Q5174678,festival,-31.23889,-64.46417,4,AR
Q5183459,festival,40.28520,-77.91620,3,US
Q5194692,festival,16.81964,6.92943,7,NE
Q5201741,festival,50.05977,14.18544,7,CZ
Q5202708,festival,-12.06000,-77.03750,5,PE
Q5202724,festival,-31.41667,-64.18333,3,AR
Q5219993,festival,56.16880,10.12470,4,DK
Q5265948,festival,42.33139,-83.04583,3,US
Q5310934,festival,40.10570,-83.13910,3,US
Q5332426,festival,37.01667,138.60000,3,JP
Q5351983,festival,35.57444,-106.10917,6,US
Q5356879,festival,21.01771,-101.25666,6,MX
Q5357205,festival,51.05592,3.72699,4,BE
Q5358269,festival,-10.00000,-52.00000,4,BR
Q5368835,festival,49.61060,6.13280,6,LU
Q5370423,festival,47.61194,-122.33139,3,US
Q5388280,festival,38.16574,-87.92270,3,US
Q5421478,festival,36.94750,30.88472,8,TR
Q5429906,festival,38.62428,-90.18368,3,US
Q5429969,festival,38.99719,-1.87040,5,ES
Q5433535,festival,43.64417,-79.38667,4,CA
Q5434188,festival,30.30000,-97.73330,15,US
Q5445753,festival,37.25000,-6.95000,4,ES
Q5445776,festival,51.42100,-0.07200,3,GB
Q5445787,festival,-39.06444,174.07944,3,NZ
Q5445804,festival,68.79790,16.54040,5,NO
Q5445847,festival,45.80000,24.15000,4,RO
Q5446893,festival,51.53920,-0.03167,3,GB
Q5494254,festival,33.74889,-84.39000,3,US
Q5502965,festival,50.08226,14.44892,3,CZ
Q5524282,festival,51.64364,-0.93261,5,GB
Q5529045,festival,53.34970,-6.26030,6,IE
Q5551101,festival,43.03200,-87.89900,3,US
Q5566816,festival,55.85500,-4.29100,3,GB
Q5566850,festival,55.86100,-4.25900,3,GB
Q5569634,festival,42.81057,-74.90048,4,US
Q5576670,festival,52.39013,-1.52311,4,GB
Q5596999,festival,48.62500,17.82861,3,SK
Q5602847,festival,51.86900,-3.17200,7,GB
Q5603707,festival,52.42050,-0.68270,3,GB
Q5647362,festival,51.49940,-0.12737,4,GB
Q5698187,festival,49.51812,17.62858,3,CZ
Q5710494,festival,60.17083,24.93750,6,FI
Q5737902,festival,38.10750,-1.86000,3,ES
Q5752671,festival,44.54059,14.91369,4,HR
Q5752918,festival,40.47044,0.47539,4,ES
Q5763483,festival,37.97778,-0.68333,4,ES
Q5855501,festival,39.43650,-0.46790,3,ES
Q5860972,festival,48.14389,17.10972,8,SK
Q5860981,festival,56.95381,24.11961,5,LV
Q5861105,festival,-33.44905,-70.87953,3,CL
Q5861278,festival,42.33556,-7.86406,4,ES
Q5893209,festival,39.66382,-105.18791,3,US
Q5944699,festival,36.72000,-4.42000,12,ES
Q5944895,festival,41.38250,2.17690,6,ES
Q5963001,festival,39.50278,-0.44056,3,ES
Q5970412,festival,25.07136,121.52182,6,TW
Q5972817,festival,42.69789,23.32173,12,BG
Q6037764,festival,43.64659,-79.39035,6,CA
Q6049165,festival,53.06880,-2.54210,4,GB
Q6118164,festival,18.23500,-72.53600,3,HT
Q6132954,festival,42.34920,-73.31000,6,US
Q6159549,festival,37.82090,127.52090,3,KR
Q6345022,festival,12.94206,77.56810,5,IN
Q6349943,festival,18.92792,72.83161,5,IN
Q6399152,festival,24.85400,79.92100,3,IN
Q6428280,festival,54.46310,17.03030,3,PL
Q6428828,festival,19.89618,86.08360,5,IN
Q6492390,festival,28.12720,-15.43140,4,ES
Q6496834,festival,52.33880,1.59770,3,GB
Q6523298,festival,46.55634,15.64886,6,SI
Q6547514,festival,43.12748,-77.60971,3,US
Q6660941,festival,46.04660,14.50312,5,SI
Q6663970,festival,36.74756,137.01206,3,JP
Q6663968,festival,35.75869,139.79783,4,JP
Q6692031,festival,51.53700,-0.03800,5,GB
Q6711801,festival,41.61403,0.63206,9,ES
Q6723253,festival,43.29931,13.45625,6,IT
Q6747484,festival,53.47778,-2.23563,3,GB
Q6765524,festival,44.60710,-79.38720,4,CA
Q6837810,festival,43.69306,-86.34472,7,US
Q6868415,festival,44.74639,-93.59889,3,US
Q6920834,festival,35.41929,138.90141,3,JP
Q14548325,festival,52.67111,8.81333,3,DE
Q15223156,festival,54.24790,-6.97080,3,IE
Q7013975,festival,40.78010,-73.96880,4,US
Q7050691,festival,43.30167,-91.79028,3,US
Q7053433,festival,48.23580,-101.26300,3,US
Q7053609,festival,56.15110,10.17560,3,DK
Q7058657,festival,46.47661,-80.99211,3,CA
Q7080916,festival,40.00000,-82.99300,3,US
Q7098568,festival,-24.88389,27.13611,4,ZA
Q7112952,festival,37.76852,-122.49296,4,US
Q7237677,festival,50.08190,14.41865,4,CZ
Q7242790,festival,51.51833,-0.14401,9,GB
Q7259847,festival,42.93130,-72.27800,4,US
Q7262636,festival,47.18200,-122.29700,4,US
Q7284707,festival,-37.30600,143.48100,3,AU
Q7284881,festival,1.74919,110.31608,6,MY
Q7354179,festival,57.38600,-4.33400,3,GB
Q7398902,festival,33.25556,130.24444,3,JP
Q7413669,festival,32.71500,-117.16250,5,US
Q7422993,festival,43.86667,18.41667,3,BA
Q7425728,festival,47.10140,-119.99600,3,US
Q7445373,festival,34.86310,-111.79710,3,US
Q7451669,festival,37.56667,126.98333,3,KR
Q7494350,festival,41.86032,123.64761,4,CN
Q7533763,festival,48.41670,-122.41700,3,US
Q7580671,festival,21.98000,120.79700,5,TW
Q7604815,festival,59.03070,10.00930,5,NO
Q7618898,festival,42.11000,-91.35000,3,US
Q7637433,festival,50.09201,14.40437,3,CZ
Q7707781,festival,33.00800,-96.97300,4,US
Q7717574,festival,52.03600,-2.42271,3,GB
Q7813900,festival,35.68333,139.76667,6,JP
Q7848359,festival,50.55310,15.90690,3,CZ
Q7852061,festival,42.65690,-73.77070,3,US
Q7855559,festival,60.40840,22.26790,5,FI
Q7863717,festival,25.71377,55.94766,3,AE
Q7901139,festival,26.45632,74.62812,7,IN
Q7902401,festival,37.67628,-113.06798,3,US
Q7909436,festival,-39.81420,-73.24590,13,CL
Q7911940,festival,10.47750,-73.24444,4,CO
Q7928850,festival,55.85251,11.57219,3,DK
Q7934265,festival,38.03090,-78.48340,7,US
Q7938046,festival,66.06670,-23.11670,3,IS
Q8036405,festival,60.17500,24.94310,3,FI
Q8044019,festival,34.32989,109.06057,3,CN
Q8049395,festival,43.80000,-70.18500,3,US
Q8338708,festival,41.22428,1.72591,5,ES
Q8564128,festival,39.93000,32.85000,4,TR
Q8961214,festival,25.77810,-80.19040,4,US
Q8961229,festival,41.64639,1.13944,4,ES
Q8961509,festival,-33.02450,-71.55180,4,CL
Q8961515,festival,43.60440,1.44390,4,FR
Q8961595,festival,41.15487,1.10871,4,ES
Q8961597,festival,41.99442,1.51782,3,ES
Q8961627,festival,38.62722,-0.57528,3,ES
Q9006025,festival,-2.98481,-44.36153,3,BR
Q9137094,festival,34.10760,-118.31010,3,US
Q9385159,festival,38.26050,140.87197,3,JP
Q9657110,festival,41.94620,-8.74261,3,PT
Q10536244,festival,52.97350,-3.17540,7,GB
Q10719720,festival,57.68920,11.90150,3,SE
Q10869430,festival,35.70380,139.65000,6,JP
Q10990225,festival,-33.31950,26.51930,7,ZA
Q11002663,festival,21.46447,83.96920,6,IN
Q11074639,festival,30.71422,104.01589,3,CN
Q11088726,festival,42.06118,3.04606,5,ES
Q11274443,festival,34.70994,135.47898,4,JP
Q11288309,festival,48.14694,16.40278,6,AT
Q11305286,festival,27.33950,-82.54452,3,US
Q11344766,festival,45.50580,-73.52750,5,CA
Q11447740,festival,37.06427,138.59673,3,JP
Q11487200,festival,40.60390,140.46490,4,JP
Q11487218,festival,40.60390,140.46490,3,JP
Q11681830,festival,38.34530,-0.48310,3,ES
Q11783820,festival,50.40482,16.38957,3,PL
Q11783830,festival,43.25952,-2.92474,8,ES
Q11921892,festival,41.40014,2.15767,4,ES
Q11921960,festival,42.25472,1.86361,3,ES
Q11991047,festival,37.91260,-122.60800,6,US
Q11991993,festival,52.62031,1.23469,3,GB
Q12061711,festival,36.13330,-81.18120,3,US
Q12112515,festival,49.84250,24.03220,12,UA
Q12143862,festival,50.45333,30.52833,5,UA
Q12287890,festival,42.64541,24.35323,3,BG
Q12338006,festival,60.69080,13.72220,5,SE
Q12388482,festival,42.43165,-8.07751,3,ES
Q12388480,festival,42.47503,-7.98601,3,ES
Q12403815,festival,31.20361,34.45972,3,IL
Q12584328,festival,37.65800,126.76400,4,KR
Q12615316,festival,35.82550,127.13200,3,KR
Q12618394,festival,35.14778,128.68611,4,KR
Q12949048,festival,43.30080,-0.37000,4,FR
Q13142956,festival,48.41319,10.01535,3,DE
Q13258770,festival,39.88944,4.26417,3,ES
Q13421542,festival,49.25431,19.04547,3,SK
Q13423874,festival,49.19341,16.60652,6,CZ
Q13475790,festival,45.78300,6.90000,3,IT
Q14438166,festival,59.91759,10.77750,5,NO
Q39336,festival,41.92910,12.47470,22,IT
Q41360,festival,53.08722,8.81333,12,DE
Q206959,festival,43.81766,7.77755,56,
Q374347,festival,52.04227,6.61669,4,
Q385333,festival,51.96417,5.89278,15,
Q448715,festival,52.08333,5.11667,14,
Q477741,festival,41.88889,12.48111,8,
Q582456,festival,52.43970,5.76838,12,
Q818579,festival,44.81814,20.46839,7,
Q1151125,festival,50.88056,6.02306,20,
Q1439293,festival,50.85667,6.00556,5,
Q1520941,festival,47.41403,9.32698,5,
Q1666554,festival,51.92000,4.48000,25,
Q1684467,festival,52.70361,5.29000,3,
Q1710353,festival,51.59427,-0.13064,3,
Q1816129,festival,42.10434,1.84624,24,
Q1861615,festival,51.82389,5.83417,6,
Q1951391,festival,51.25606,5.69341,3,
Q1995429,festival,54.23472,25.78194,6,
Q2024165,festival,44.96694,35.23306,7,
Q2066810,festival,52.00189,6.59956,6,
Q2133515,festival,52.35694,5.22778,4,
Q2139454,festival,52.05470,9.40222,5,
Q2155145,festival,52.43083,4.61323,5,
Q2232455,festival,52.26770,4.54014,7,
Q2337356,festival,53.21631,6.56776,7,
Q2491543,festival,51.88786,6.34937,3,
Q2526036,festival,51.88584,5.44117,3,
Q2708404,festival,41.88920,12.48190,11,
Q2795804,festival,51.91444,4.47083,3,
Q2881812,festival,51.38010,5.33395,4,
Q3072535,festival,50.80754,3.27733,3,
Q3179523,festival,44.01056,20.91028,5,
Q3746723,festival,51.40583,6.12278,5,
Q3900369,festival,52.04300,4.46800,5,
Q3995827,festival,52.20306,6.09722,3,
Q4672366,festival,52.33580,4.66750,4,
Q4748745,festival,53.37608,5.24956,6,
Q4806709,festival,40.71580,-74.00300,3,
Q4860536,festival,44.07200,10.48400,4,
Q4899406,festival,53.84472,-0.45667,3,
Q4923257,festival,53.81889,-3.05583,4,
Q5208152,festival,36.74894,28.97545,4,
Q5331565,festival,51.74900,-3.19400,3,
Q5399155,festival,41.83361,12.47083,3,
Q5430696,festival,52.11020,-1.31020,4,
Q7203227,festival,34.11278,-118.33889,3,
Q7339580,festival,51.55778,5.09278,6,
Q7401694,festival,13.88333,-60.96667,6,
Q7897647,festival,45.29139,33.03806,15,
Q11906308,festival,41.66570,1.27100,3,
Q12771336,festival,48.75560,17.56748,3,
Q15526277,festival,51.51848,5.10871,3,
Q16994230,festival,51.04950,-1.24650,3,
Q17144006,festival,52.10640,-9.78690,5,
Q18433321,festival,51.84694,5.69000,3,
Q30973589,festival,51.88278,4.48806,63,
Q65196040,festival,42.79153,18.89992,13,
Q97738122,festival,52.32045,6.75782,3,
Q98804208,festival,48.29610,17.26720,4,
Q108743617,festival,38.54993,-0.11987,18,
Q134570798,festival,51.56100,-3.72400,3,
Q52250381,festival,41.40350,2.15717,3,ES
Q54959251,festival,43.61379,20.89107,3,RS
Q55388574,festival,40.43805,115.94449,5,CN
Q55394307,festival,26.17851,91.73509,5,IN
Q55597121,festival,45.18778,5.72694,3,FR
Q56367942,festival,49.84250,24.03220,20,UA
Q57265260,festival,42.04948,-8.64707,4,ES
Q58230770,festival,46.17515,13.73830,5,SI
Q59590889,festival,42.14010,-0.40890,5,ES
Q60828335,festival,42.48023,-1.65954,3,ES
Q60846585,festival,42.70845,21.12500,8,AL
Q61873212,festival,-6.30026,106.63660,6,ID
Q61947748,festival,43.90483,11.00764,3,IT
Q62027142,festival,36.80080,10.18000,17,TN
Q62061088,festival,43.83333,13.01667,5,IT
Q62909580,festival,45.67081,25.51128,3,RO
Q63484859,festival,48.85670,2.35220,5,FR
Q66317879,festival,41.75833,0.96514,3,ES
Q66604982,festival,5.61828,-54.40382,3,SR
Q84034895,festival,44.69921,8.03495,3,IT
Q96393094,festival,59.38730,10.46980,4,NO
Q97175817,festival,40.41690,-3.70330,5,ES
Q101310644,festival,9.60750,8.39320,10,NG
Q104858415,festival,9.81970,8.28340,9,NG
Q105070555,festival,14.59889,120.98361,7,PH
Q108380244,festival,4.90570,7.85370,4,NG
Q108392320,festival,7.76619,8.57725,5,NG
Q108392609,festival,8.18111,90.74417,8,NG
Q112740403,festival,37.60118,-0.97753,3,ES
Q116664782,festival,-23.70083,-46.69667,4,BR
Q118314223,festival,20.02512,-155.66365,3,US
Q118896142,festival,4.51139,7.54000,5,NG
Q120824207,festival,2.76056,101.73750,4,MY
Q126690062,festival,42.43031,-8.64842,3,ES
Q128338869,festival,35.29417,-2.93917,11,ES
Q130371088,festival,35.29354,-2.93394,6,ES
Q133752663,festival,4.51320,7.51390,5,NG
Q137455846,festival,-28.51667,28.41667,3,ZA
Q42369,festival,43.55083,7.01806,113,FR
Q49024,festival,45.40600,12.36711,82,IT
Q57583,festival,48.13667,11.69806,35,DE
Q15223458,festival,58.21093,-6.39314,3,GB
Q15228751,festival,53.37250,-2.95583,4,GB
Q15234155,festival,43.32180,-79.79820,3,CA
Q15629568,festival,52.53944,13.57667,5,DE
Q15675813,festival,42.88590,-2.34692,3,ES
Q15725957,festival,19.71900,-155.06800,5,US
Q15732440,festival,-23.65000,-70.40000,3,CL
Q15967896,festival,41.63333,-0.18333,3,ES
Q16034406,festival,48.38917,-4.48528,3,FR
Q16254643,festival,43.48000,-1.56000,6,FR
Q16267966,festival,5.53306,-0.21222,6,GH
Q16497294,festival,-22.50500,-43.17889,7,BR
Q16567482,festival,37.40248,-5.99628,5,ES
Q16850255,festival,39.91667,32.85000,3,TR
Q16947416,festival,6.34690,5.60514,4,NG
Q16950132,festival,41.49972,-81.69389,19,US
Q17070974,festival,43.64162,-79.38222,3,CA
Q17071521,festival,5.56158,7.47100,8,NG
Q17084250,festival,39.13333,-84.50000,4,US
Q17090248,festival,33.63613,-84.70753,4,US
Q17449183,festival,46.14690,25.86050,4,RO
Q17486095,festival,65.01944,25.46250,5,FI
Q17496721,festival,59.27196,10.40392,3,NO
Q17499286,festival,22.63330,110.15000,21,CN
Q17558875,festival,53.54245,10.01723,3,DE
Q17631895,festival,41.43330,2.23330,4,ES
Q18155396,festival,30.88444,34.72861,6,IL
Q18177036,festival,41.38250,2.17690,3,ES
Q18394860,festival,22.35322,114.10628,4,CN
Q18694056,festival,60.17000,24.94000,3,FI
Q19009993,festival,42.43139,-8.64389,7,ES
Q19895676,festival,6.58000,-0.72972,4,GH
Q19899721,festival,37.50889,15.10194,3,IT
Q19906297,festival,53.56111,9.98333,5,DE
Q19926463,festival,50.84431,4.35598,4,BE
Q20102907,festival,41.41389,2.01583,3,ES
Q20103498,festival,41.38250,2.17690,3,ES
Q20108095,festival,41.79944,2.22167,3,ES
Q20181604,festival,53.54576,9.95854,4,DE
Q20203401,festival,56.82584,60.60494,3,RU
Q20430438,festival,47.30556,28.97500,3,MD
Q20735843,festival,51.60591,6.12125,5,DE
Q21001850,festival,43.12894,-1.70722,4,ES
Q21003051,festival,39.48850,-1.10230,3,ES
Q21019824,festival,48.72152,21.25911,3,SK
Q21019873,festival,48.70449,18.91719,4,SK
Q21042819,festival,46.76845,23.57237,10,RO
Q21187511,festival,48.12250,11.52250,6,DE
Q21427274,festival,43.61092,3.87723,5,FR
Q21483881,festival,39.05970,-1.05580,3,ES
Q21593096,festival,37.32861,-121.88889,3,US
Q21658569,festival,50.84672,4.35251,3,BE
Q22262516,festival,49.21843,18.73099,3,SK
Q23058378,festival,6.56436,3.35941,5,NG
Q23647957,festival,25.67806,-100.28333,3,MX
Q23662803,festival,38.98870,-0.51920,3,ES
Q23663217,festival,38.91528,-0.20444,3,ES
Q23663308,festival,39.45833,-0.46278,3,ES
Q23710981,festival,42.17694,-7.17111,3,ES
Q23786208,festival,49.80183,9.93301,3,DE
Q24074718,festival,41.38250,2.17690,3,ES
Q24090941,festival,46.80834,7.15623,3,CH
Q24887619,festival,35.71989,139.78269,3,JP
Q24927689,festival,7.85861,3.93212,8,NG
Q24946823,festival,2.29228,111.82183,5,MY
Q24950060,festival,4.40278,113.99333,3,MY
Q25056735,festival,35.48305,72.58501,3,PK
Q25112794,festival,50.84674,4.35252,5,BE
Q25168625,festival,51.12202,-1.19897,3,GB
Q25226960,festival,0.06201,32.47927,3,UG
Q25345109,festival,41.01812,-73.62603,3,US
Q27050691,festival,44.47975,-73.22164,3,US
Q27962295,festival,50.86950,0.33870,3,GB
Q27982159,festival,47.44640,12.39190,4,AT
Q28428088,festival,41.38250,2.17690,15,ES
Q29344440,festival,42.69750,2.89470,3,FR
Q30924149,festival,35.31583,136.94111,20,JP
Q31841009,festival,49.46722,8.52806,3,DE
Q33127652,festival,47.23454,9.59442,7,AT
Q42902024,festival,65.01667,25.46667,3,FI
Q48743940,festival,35.25611,136.80514,3,JP
Q48964805,festival,43.69319,18.61415,7,BA
Q48968306,festival,51.19634,0.90868,3,GB
Q50862400,festival,-0.96150,100.36425,4,ID
Q50875152,festival,55.85278,-4.23811,4,GB
Q1347,festival,53.47194,49.90833,8,RU
Q9463,festival,45.75940,4.82017,5,FR
Q12874,festival,41.53330,2.45000,5,ES
Q18544,festival,52.82981,-1.37956,22,GB
Q22564,festival,49.31436,8.44468,4,DE
Q25648,festival,40.70000,-74.00000,28,US
Q35191,festival,45.43970,12.33190,42,IT
Q35253,festival,43.70340,7.26630,12,FR
Q35469,festival,43.05690,2.21860,9,FR