qid,lat,lon
Q1773,56.94750,24.10694
Q3415,43.61667,13.51667
Q3856,35.17250,33.36500
Q13375,43.71667,10.40000
Q22690,49.11972,6.17694
Q71279,54.03972,19.02778
Q80563,40.63333,14.60278
Q128089,41.21667,13.56667
Q146820,54.02846,19.04435
Q270968,44.20569,8.41615
Q1231790,38.87222,22.23944
Q4120832,54.71147,20.50931
Q198370,36.78306,118.04972
Q360584,32.89856,115.80447
Q365,50.94222,6.95778
Q586,50.73528,7.10222
Q1733,52.13159,11.63996
Q3138,49.75565,6.63935
Q53216,45.76667,13.36667
Q622379,-19.59306,20.50222
Q667155,23.28959,73.83823
Q864100,-17.50000,24.26667
Q1740681,-20.36667,14.96667
Q1848222,52.67056,-2.64750
Q6164139,32.48333,75.45000
Q7286391,22.30000,73.20028
Q7493270,28.60438,73.97942
Q7916174,23.42300,72.74700
Q39059546,26.05362,83.91853
Q628,45.69500,9.67000
Q1449,44.40722,8.93389
Q1792,54.34829,18.65402
Q1891,44.49389,11.34278
Q2742,51.96250,7.62556
Q3936,49.89167,10.89167
Q4190,48.57482,13.46097
Q6122,44.90000,8.20694
Q13373,43.85000,10.51667
Q13972,58.38000,26.72250
Q14945,51.35444,11.99278
Q18341,44.69154,8.02564
Q42793,45.36667,9.68333
Q108155,36.72889,68.85694
Q131350,36.21333,58.79583
Q154748,49.15972,5.38278
Q166667,58.38019,26.71500
Q181285,50.17583,3.23472
Q182159,36.75806,66.89889
Q185541,46.71655,11.65785
Q252772,48.89194,11.18389
Q413452,42.80000,75.26670
Q751123,54.11667,20.58333
Q1074347,57.15333,65.51556
Q2349614,42.21570,75.75550
Q4872110,40.04222,48.47083
Q33721822,46.07043,11.12074
Q1353,28.66667,77.21667
Q1799,51.11000,17.03250
Q1850,11.56958,104.92103
Q1960,-6.81611,39.28028
Q2214,57.81667,28.33333
Q2773,52.26917,10.52111
Q5684,32.52291,44.42415
Q5753,39.65472,66.97583
Q5764,39.77472,64.42861
Q17151,40.64028,22.93556
Q19689,41.32833,19.81806
Q36036,49.84250,24.03222
Q37112,17.33333,76.83333
Q40816,32.11667,20.06667
Q45313,34.34194,62.20306
Q45604,31.62068,65.71588
Q80053,38.07389,46.29611
Q80985,34.04333,-5.00333
Q129072,29.93500,52.89000
Q156090,5.93333,121.03333
Q158530,54.07417,-4.65389
Q165090,45.56639,5.92083
Q170115,34.09111,74.80611
Q173338,42.38944,18.92472
Q173474,43.07865,25.62829
Q180773,32.18944,48.25611
Q187136,34.65867,112.42447
Q188673,44.92444,25.45722
Q189685,7.18528,1.99139
Q196384,59.63333,56.76667
Q197934,60.40000,56.48333
Q200049,26.46800,74.63900
Q223308,40.70365,-74.01241
Q223517,19.08333,74.73333
Q230025,30.20000,53.17944
Q391215,34.07111,-5.55361
Q461922,17.90000,77.55000
Q490025,53.70167,10.75667
Q492380,53.37583,10.55889
Q493019,37.90583,21.26667
Q644872,34.90320,40.53045
Q652838,45.11667,24.66667
Q657168,-7.81786,110.39541
Q736296,45.27500,25.05000
Q926426,37.45070,35.81235
Q1013556,13.21694,75.99167
Q1247214,15.52397,32.68094
Q2627464,44.24000,80.53306
Q3183029,-7.56917,110.76167
Q12489692,-7.87114,110.40069
Q12505828,-7.86932,110.40025
Q15935383,25.04778,121.53194
Q16078002,22.98333,120.18333
Q216,54.68722,25.28000
Q994,41.72250,44.79250
Q1729,50.97806,11.02889
Q1741,48.20833,16.37250
Q1963,15.60308,32.52654
Q2865,51.31578,9.49792
Q3004,48.76306,11.42500
Q3750,50.87818,12.08242
Q3761,5.55602,-0.19690
Q3854,-3.38250,29.36111
Q3926,-25.74639,28.18806
Q4100,48.76194,8.24083
Q5489,48.29889,4.07806
Q6829,49.31656,8.43361
Q42462,53.95000,-1.08333
Q48472,42.31667,59.15861
Q51432,52.53333,17.60000
Q106274,51.21006,16.16190
Q134121,50.46667,4.86667
Q138229,51.21278,17.38306
Q156080,49.93806,17.90444
Q158459,51.61667,15.31667
Q200917,54.00000,27.28333
Q203285,48.55889,3.29944
Q218753,-15.71667,46.31667
Q277540,-8.11056,-79.07500
Q333476,13.45000,-6.26667
Q474051,49.64405,9.22150
Q500367,35.81389,4.79333
Q502425,51.21110,5.94280
Q584387,22.20000,31.46000
Q731805,51.05000,16.18333
Q815721,50.47139,17.33389
Q866634,9.93306,-9.15639
Q874317,10.38333,-9.30000
Q1019486,4.36667,-7.71667
Q1023254,-27.76944,30.79139
Q1110037,7.85000,36.58333
Q1504476,30.42278,112.17333
Q1764282,42.74759,75.24842
Q1772602,-9.58778,-67.53278
Q2199759,21.85778,95.98500
Q5221425,32.01097,119.60127
Q12220316,15.35510,44.21450
Q115738657,44.41611,12.20167
Q139829337,13.57191,44.01196
Q7342,50.03806,19.22139
Q25302,50.09194,18.21917
Q42666,30.00000,120.58333
Q43407,36.40000,118.40000
Q58570,36.61161,114.48937
Q66013,51.65889,16.08028
Q72778,37.87326,112.54245
Q102350,50.34700,18.92300
Q148947,52.05417,15.10000
Q167516,31.30000,120.61667
Q207100,50.60078,17.04056
Q210287,35.60000,116.98333
Q214640,50.86667,17.46667
Q275515,34.21000,108.72000
Q387396,50.84378,16.48859
Q464904,36.12250,114.31861
Q727188,34.45000,109.70000
Q837807,35.60222,114.19417
Q865988,36.88976,118.33791
Q877609,34.41609,113.04242
Q924049,50.94389,17.29250
Q954748,50.35355,17.86405
Q989846,50.46657,19.23028
Q1198076,35.57692,118.83362
Q1198882,33.73344,114.86686
Q1198957,34.38353,115.61361
Q1207076,35.08333,117.15000
Q1344683,35.91000,117.78000
Q2360265,34.41389,108.85778
Q5364678,39.30617,115.56328
Q6192085,39.89426,116.38242
Q10565818,34.66768,112.41452
Q15921459,39.64072,116.04463
Q15927358,36.57274,114.43568
Q16510368,34.80000,114.35000
Q17026198,34.41231,113.72227
Q621,48.80500,2.13500
Q1017,50.77621,6.08379
Q1435,45.81306,15.97722
Q1754,59.32944,18.06861
Q1764,64.14750,-21.93500
Q1780,48.15170,17.10931
Q1794,50.11056,8.68222
Q1953,40.18139,44.51444
Q2044,43.77139,11.25417
Q2235,58.52099,31.27579
Q2684,56.12861,40.40583
Q3711,44.81778,20.45694
Q3826,23.61389,58.59222
Q3922,51.93778,8.88333
Q3935,-22.57000,17.08361
Q5832,14.11667,38.73333
Q5836,39.86667,-4.03333
Q6837,51.86710,12.64840
Q7880,43.60444,1.44333
Q16024,51.51972,6.33250
Q40898,48.69278,6.18361
Q41183,36.20000,37.16000
Q53139,52.03341,113.50089
Q101625,31.62947,-7.98108
Q111705,45.60000,10.53333
Q119140,-31.33083,-54.10694
Q156743,49.56667,25.60000
Q167715,8.48750,76.95250
Q172157,51.06333,-1.30861
Q172415,42.27167,42.70556
Q173219,50.60556,3.38806
Q179830,56.65222,23.72444
Q192541,33.09361,44.58056
Q200030,35.52000,35.77806
Q200441,36.20000,36.15000
Q207590,12.03556,39.04620
Q213679,40.76003,22.52564
Q213916,40.48722,22.31556
Q223917,-5.85000,13.05000
Q277505,24.73333,46.57556
Q289618,35.65806,10.11389
Q385327,-28.66083,-56.00389
Q389755,25.61100,85.14400
Q464050,-22.35750,16.12861
Q466054,35.50472,11.06222
Q569107,30.01167,52.40778
Q627970,19.65000,-155.99417
Q639003,20.56619,-13.10547
Q704864,52.63389,-1.69500
Q799843,-6.43333,38.90000
Q805983,55.60400,-1.72220
Q849535,39.55000,44.08333
Q851276,-29.78389,-55.79111
Q862251,29.98167,52.90944
Q915429,40.54556,41.99583
Q1081229,14.28330,39.01670
Q1093156,36.36750,6.61194
Q1136681,33.10000,44.52000
Q1638441,-31.44778,-53.10389
Q1749869,-30.51194,-53.49083
Q1815867,8.25139,77.32472
Q2023266,-0.60278,73.08889
Q2026185,55.60936,-1.71100
Q2135463,11.14400,79.85500
Q2222874,-6.16667,39.20000
Q2449703,50.84668,4.35250
Q2554855,9.94870,76.34640
Q2581527,29.02584,66.58995
Q2586542,42.35722,42.19389
Q2826842,31.42250,-7.80111
Q3085535,-5.79356,13.48123
Q6397066,29.61028,52.53111
Q11955673,36.05665,44.62087
Q16963755,40.47797,22.32276
Q24017120,39.45612,-0.35457
Q60845861,43.60444,1.44389
Q406,41.01000,28.96028
Q1718,51.22556,6.77667
Q2119,49.48778,8.46611
Q2337,54.78278,32.04528
Q2966,49.41222,8.71000
Q2973,49.86667,8.65000
Q3923,49.94806,11.57833
Q5680,36.36667,43.15000
Q6816,51.82722,107.60639
Q7003,47.32306,5.04194
Q8678,-22.91111,-43.20556
Q11592,38.29194,-122.45778
Q13364,44.41611,12.20167
Q13670,37.06917,15.28750
Q14859,49.30000,10.58333
Q16869,41.01224,28.97602
Q18808,39.01667,125.74750
Q19151,0.78333,127.36667
Q40738,40.19133,29.08054
Q42097,35.85000,129.21667
Q42941,27.18000,78.02000
Q43387,41.67304,26.57361
Q45412,40.21111,-8.42889
Q56037,52.51861,13.40444
Q61089,2.18889,102.25111
Q62677,47.19753,102.82379
Q92161,43.88000,125.32278
Q92237,43.83160,125.28639
Q109079,37.97167,126.55278
Q157598,50.10806,11.45556
Q165841,35.49583,43.26944
Q170047,34.19590,43.88568
Q170903,41.44500,-8.29083
Q179046,27.09111,77.66111
Q180803,50.26000,-5.05100
Q186234,32.03000,44.40000
Q199547,36.86635,39.02887
Q237614,36.09806,43.32889
Q253208,36.50953,43.22931
Q278743,53.59917,25.82556
Q283680,36.82972,38.01500
Q404529,34.02444,113.82014
Q412703,35.19323,-3.91521
Q494786,37.71000,126.44000
Q588192,36.95720,41.50530
Q594843,41.80821,126.91365
Q608415,26.21701,127.71942
Q614890,27.03134,79.92202
Q623880,37.53063,127.11684
Q624467,37.58333,127.00000
Q711386,41.12083,126.17861
Q715385,41.32667,125.41167
Q729978,45.46291,9.18532
Q739037,40.42900,29.71950
Q768506,40.01861,30.18139
Q776965,55.71250,21.13500
Q814388,34.93333,69.23333
Q855228,25.68111,100.30028
Q889888,50.46600,-4.71800
Q962410,-7.55000,112.36667
Q1280770,41.83763,44.72166
Q1996202,44.41900,125.17023
Q2087762,16.57300,80.35800
Q2603964,29.18306,83.95611
Q3242297,28.66000,77.23000
Q4827751,47.09444,109.15278
Q5582862,-13.51694,-71.97861
Q6501000,34.30833,108.85833
Q7130963,0.40000,101.85000
Q7334692,39.90500,116.39139
Q10054424,41.78825,123.41988
Q11947752,41.65437,-0.87756
Q18287233,41.89222,12.48528
Q101186473,39.93333,116.40000
Q207972,21.50000,-104.90000
Q949381,37.87757,-5.62185
Q2667578,42.54567,46.70730
Q20133103,21.23720,-104.90100
Q585,59.91333,10.73889
Q1842,49.61139,6.13000
Q12303,36.70000,-6.11667
Q13695,19.43500,-99.13139
Q14960,49.19528,16.60833
Q34692,17.97139,-76.79306
Q35381,6.92667,79.86056
Q48403,31.62692,74.87704
Q63092,37.47111,-5.64222
Q81137,49.59389,17.25083
Q83285,41.31333,19.44583
Q241122,46.30028,28.65722
Q488555,37.98333,-3.46667
Q546010,40.50750,43.57278
Q749196,53.86080,-9.29880
Q803753,14.80000,45.73333
Q828723,37.36144,-6.67787
Q888643,27.09500,56.45278
Q907495,34.32778,135.90611
Q1017223,8.47556,47.35833
Q1023257,-34.02306,20.44000
Q1024911,52.65966,-3.14725
Q1025253,49.33722,22.06750
Q1226281,52.97922,-3.15957
Q1574289,19.62833,-101.57889
Q1615103,37.41883,-6.40255
Q2632366,40.71571,43.72191
Q19817341,40.20000,43.65000
Q23988889,39.87583,-1.01389
Q24012837,42.30856,-2.53356
Q24013256,37.76519,-3.79036
Q115768043,27.14667,57.08000
Q116522172,41.35353,-1.64318
Q136405205,37.99452,-3.47082
Q1355,12.97912,77.59130
Q3437,43.11192,12.38855
Q8598,44.55167,10.78556
Q10086,12.30861,76.65306
Q11854,22.29167,70.79333
Q11864,21.52000,70.47000
Q11909,22.30000,73.20000
Q13367,44.22278,12.04139
Q13372,44.08333,10.10000
Q18108,-27.66000,30.33000
Q41496,10.78700,79.13781
Q66616,22.71861,75.85500
Q79980,25.31889,83.01278
Q80989,23.25889,77.41250
Q100041,44.78333,10.88500
Q103305,43.40143,10.86111
Q107401,39.75000,37.01667
Q111176,44.77167,10.78056
Q170454,23.83333,91.26667
Q185591,-29.60090,30.37960
Q195931,31.71083,76.92944
Q200119,23.18278,75.77722
Q209698,16.70000,74.23333
Q242992,21.76500,72.13694
Q330531,25.18000,75.83000
Q538013,24.60000,76.15000
Q559834,27.21722,77.49000
Q583090,24.90149,80.25840
Q589185,12.90000,79.33333
Q612721,22.32000,74.01000
Q653988,12.41806,76.69472
Q781354,31.38000,75.38000
Q815082,26.22667,66.31056
Q860424,31.34545,76.75962
Q863683,25.03000,85.42000
Q874262,-28.55389,29.78250
Q927794,26.57389,74.86667
Q986336,-19.56583,18.10361
Q1000511,26.16667,75.78333
Q1004667,-32.25222,24.54056
Q1025646,28.32000,76.78000
Q1027291,-26.95861,24.73222
Q1192238,25.67306,78.45917
Q1509463,25.98659,85.12559
Q1536978,21.97000,70.80000
Q1780350,30.67000,74.76000
Q1816866,21.87037,73.50257
Q1836921,-25.09583,30.45556
Q2468221,24.00833,76.73250
Q2572958,21.70000,71.97000
Q2765812,22.41667,71.01667
Q2772307,21.88780,71.87950
Q3110404,-23.05250,29.77000
Q6419912,21.64250,69.60472
Q6730925,21.52000,71.83000
Q7426123,23.16913,73.32662
Q1865,3.14778,101.69528
Q2449,2.03917,45.34194
Q55572,15.30972,120.90694
Q184371,49.70194,4.94028
Q193478,47.46667,19.05000
Q262579,37.18333,33.21667
Q311204,13.62698,25.34958
Q320049,16.97420,7.98650
Q377696,14.16139,-16.03083
Q412092,6.48333,2.61667
Q473919,43.93444,0.62111
Q712521,17.87000,76.95000
Q848638,43.30194,68.26917
Q1012620,22.00571,100.79481
Q2299018,20.10000,77.15000
Q2427885,14.53410,75.01770
Q2724826,53.83120,-1.39449
Q2846091,7.20000,36.26667
Q2996387,47.50000,51.73333
Q3396898,53.23400,-4.01900
Q3473230,8.20000,36.93330
Q3826507,44.15667,66.96389
Q4445604,44.14028,68.47500
Q6358830,15.40778,76.37500
Q6452735,31.03333,80.58333
Q25528561,37.88333,-4.76667
Q1721,50.08250,8.24000
Q1858,21.02450,105.84117
Q2841,4.60971,-74.08175
Q3799,6.48333,2.61667
Q4122,52.16222,10.53694
Q5747,34.56000,38.26722
Q5806,21.42250,39.82611
Q6049,51.71667,94.45000
Q8826,39.56667,2.64972
Q9326,17.98000,102.63000
Q11720,41.80250,123.42806
Q12225,37.98333,-1.13028
Q13370,44.03333,10.13333
Q15899,46.65861,16.16194
Q26397,48.31472,18.08750
Q27405,22.56667,95.70000
Q29317,21.17250,94.86000
Q30974,49.44306,1.10250
Q36081,13.76958,109.23137
Q36167,16.45611,107.57639
Q38545,36.98636,35.32529
Q46852,47.16222,27.58889
Q79857,37.84705,32.51610
Q83247,41.53333,-8.41667
Q116341,40.61667,20.76667
Q145457,54.95833,41.39722
Q170263,53.20000,-2.88333
Q176458,36.67404,38.12100
Q191771,17.19500,77.16083
Q203298,44.89583,6.63500
Q205832,39.62389,19.92139
Q217125,40.42889,29.71944
Q228405,9.91966,78.11939
Q235389,37.10120,79.93270
Q312209,4.16667,9.23333
Q396372,44.23972,15.18111
Q423654,17.02111,99.70361
Q1040,49.01667,8.40000
Q1486,-34.59972,-58.38194
Q2751,43.31833,11.33139
Q2936,53.14389,8.21389
Q3792,6.13000,1.21583
Q3808,3.85778,11.51806
Q3869,50.81667,8.76667
Q3919,-24.65694,25.90861
Q3921,-17.82917,31.05222
Q3974,48.53972,12.15083
Q4065,54.30917,13.08194
Q6247,45.15639,10.79111
Q6596,45.93520,13.61930
Q6986,50.94889,10.71833
Q7070,50.97472,10.32444
Q9365,38.57306,68.78639
Q10126,-6.12000,106.15028
Q11443,-7.81111,112.00472
Q13745,42.46393,1.97907
Q13765,42.43167,1.92833
Q16666,32.06083,118.77889
Q26418,41.76867,140.72892
Q33544,50.84806,24.32222
Q33959,43.70194,7.26833
Q42140,35.82389,127.14750
Q58650,40.81078,114.88114
Q92212,50.66667,17.92417
Q132830,4.05000,9.70000
Q145036,46.66996,17.15683
Q160544,35.34028,25.13444
Q167394,44.01011,20.91722
Q168652,9.56556,44.06056
Q170967,37.78333,29.09639
Q191718,10.43953,45.01305
Q193250,-20.16667,28.56667
Q211055,-25.86528,25.64417
Q232615,38.48831,28.04029
Q236609,44.08778,7.59361
Q265670,52.06917,27.73611
Q321197,49.75000,18.63333
Q334577,14.83333,-91.51667
Q387781,52.00838,16.04730
Q393836,39.90858,116.65133
Q489890,40.52861,70.94250
Q494529,48.35167,8.96333
Q500189,-6.26667,14.25000
Q504406,5.13333,-1.20000
Q530644,37.10194,25.37944
Q615006,6.60084,0.47130
Q625783,50.04410,7.80375
Q689987,19.31514,-98.23615
Q756598,46.08944,21.69139
Q841380,50.29943,19.38967
Q960239,6.68200,2.12800
Q965036,5.38450,7.88670
Q994114,9.20000,12.48333
Q1496277,24.88288,88.12803
Q1533048,15.00167,45.81583
Q1646181,52.19111,-2.22056
Q1908062,13.76730,4.00683
Q2220449,38.25459,28.06545
Q3233968,15.39582,-15.11081
Q10939227,35.31881,139.55192
Q11907651,39.46667,-0.37500
Q12829733,-1.45583,-48.50389
Q17182098,42.43357,1.95455
Q12273,43.52931,-5.67732
Q33186,44.13668,18.23805
Q47465,43.52778,5.44556
Q48292,43.67694,4.62861
Q171810,36.54361,31.99972
Q193229,43.98944,18.18056
Q258429,44.34025,17.25723
Q394443,7.93333,81.00000
Q613943,33.70000,35.56667
Q891622,42.44618,0.06742
Q1232016,0.23000,29.98833
Q1445232,37.34806,-2.36056
Q1741475,-8.98173,39.51722
Q3337499,13.16153,-15.02925
Q12496587,0.31812,109.33464
Q29574695,39.85810,-4.02263
Q65075158,44.12208,18.20152
Q5818,37.89000,-4.78000
Q5831,35.28250,-2.94750
Q8717,37.38861,-5.99500
Q8851,36.71667,-4.41667
Q12246,37.25000,-6.95000
Q47571,37.68333,-1.70000
Q131290,40.68278,46.36056
Q131416,42.05778,48.28889
Q146699,36.66667,48.48333
Q158903,39.76021,46.75038
Q167677,31.88333,34.73333
Q213251,38.01556,-7.86528
Q230104,39.20889,45.41222
Q234783,41.19194,47.17056
Q244324,37.30056,-3.13500
Q244747,42.06528,-1.60667
Q372840,37.13085,-7.65060
Q484552,36.12750,-5.45389
Q637863,36.74829,-5.80631
Q749180,37.18333,-8.43333
Q863240,37.94083,47.53667
Q911727,38.47749,47.06622
Q927965,38.08972,-0.65500
Q987366,41.41389,-4.95972
Q1354411,37.93500,-4.05694
Q1385112,42.95000,47.50000
Q1777841,42.26435,-3.75406
Q2065395,40.06876,46.90577
Q4026101,32.66410,35.10827
Q4080366,40.27000,47.01000
Q5661720,36.13046,-5.44735
Q11955237,37.19341,-6.95021
Q23984786,37.26639,-6.94000
Q24011146,40.84188,-1.88467
Q24015194,40.40668,-1.44450
Q63256193,39.85810,-4.02263
Q69879611,41.61667,0.63333
Q100707303,42.14093,-0.41107
Q106428150,35.88976,-5.30643
Q116158888,37.38611,-5.99239
Q123348542,38.87556,-6.96972
Q1854,10.77556,106.70194
Q1861,13.75000,100.51667
Q2656,38.11566,13.36126
Q3037,27.71000,85.32000
Q3642,15.33333,38.91667
Q3844,-4.26944,15.27111
Q11194,43.85639,18.41306
Q23041,6.88333,116.83333
Q37701,-29.10000,26.21667
Q61750,-16.55472,-68.67333
Q117181,38.20000,37.18333
Q130391,11.31309,106.09634
Q134703,37.58750,36.94528
Q137203,5.83878,118.11729
Q156093,33.74583,72.78750
Q188894,39.42417,29.98333
Q199605,26.18059,91.75024
Q200713,19.88000,75.32000
Q202560,44.05500,5.04806
Q203370,14.35936,100.57615
Q231318,1.45556,103.76111
Q236744,5.54028,-73.36139
Q275635,15.60000,39.43333
Q372773,21.23795,81.63368
Q393962,37.61139,26.29306
Q472574,43.99778,5.05917
Q475991,43.99611,5.14667
Q515388,36.59523,109.48628
Q583672,29.52111,76.60556
Q709753,44.13056,129.14167
Q867579,16.81583,100.26361
Q899695,47.25861,-68.58944
Q1011711,19.45000,103.20000
Q1021013,13.21667,45.30000
Q1025459,25.88333,116.03333
Q1111521,9.14833,48.42111
Q1201619,34.52178,107.39494
Q1274372,36.27480,114.40020
Q2320876,15.96667,48.78333
Q4537933,45.61194,61.92167
Q6580711,13.72500,100.48583
Q6960987,9.66667,80.03333
Q10885263,37.02636,99.58279
Q16629473,14.10111,-1.63056
Q31917158,42.56898,-0.54987
Q2123,50.45472,-104.60667
Q5987,2.96667,99.80000
Q33405,34.74444,-92.28806
Q34404,29.97611,-90.07833
Q44564,38.34722,-81.63333
Q79281,33.77400,-93.68269
Q1196479,38.21056,-86.12639
Q1885071,33.08027,-83.23210
Q193177,50.68333,21.75000
Q662263,16.90000,-90.96667
Q3929463,12.72694,43.08417
Q12493988,-8.34167,122.97583
Q17094535,52.64833,28.88167
Q42716631,42.04246,19.48873
Q3780,8.48722,-13.23556
Q3852,49.63026,8.36209
Q3929,-20.16194,57.49889
Q37995,16.79500,96.16000
Q200200,35.45667,43.26250
Q18986,39.11667,27.18333
Q83061,38.50194,43.41667
Q599416,42.02667,35.15111
Q706215,39.88661,44.57943
Q906661,45.33861,36.46806
Q1026347,37.56452,38.47134
Q2005166,34.99250,69.31060
Q740974,12.86667,-7.56667
Q917814,43.12834,20.41567
Q928349,31.53222,75.91722
Q3436054,14.31667,47.45000
Q3618115,46.24706,13.57960
Q10906766,32.04316,118.77864
Q12492353,1.89900,100.09400
Q46451169,29.55000,106.55000
Q46452338,23.12880,113.25898
Q3917,51.83333,6.61667
Q19279,40.97303,14.20647
Q42053,32.65250,51.67472
Q100755,44.63361,9.73111
Q160927,47.59306,1.32722
Q181578,36.28544,50.00410
Q185134,34.88278,-1.31667
Q188155,36.84667,54.43000
Q200340,24.58333,73.68333
Q270782,44.12900,8.25982
Q852515,33.10000,6.06667
Q907974,36.24750,36.37639
Q4141623,17.38334,78.40417
Q61,38.89500,-77.03667
Q279,44.64582,10.92572
Q1722,42.64028,18.10833
Q2844,-15.79389,-47.88278
Q3718,14.67256,-17.43200
Q8131,-2.98333,104.76444
Q8356,41.65198,-4.72856
Q14314,42.88333,-8.53333
Q15699,42.59889,-5.56694
Q23436,55.95333,-3.18917
Q28516,50.58333,21.68333
Q34779,55.94861,-4.54722
Q73061,51.91060,5.33330
Q140131,14.21390,44.40287
Q157035,52.26083,9.04917
Q168954,34.43667,35.83444
Q173731,33.54917,68.42333
Q179570,35.68333,10.10000
Q202337,37.56583,22.80000
Q218861,12.60000,37.46667
Q493806,43.29160,-5.69938
Q636188,35.59750,51.43444
Q682728,15.75614,-7.97144
Q798839,28.05000,79.12000
Q820469,43.48967,-6.11387
Q852883,56.41790,-3.40404
Q1087187,51.91083,5.33361
Q1153061,16.46611,-15.69333
Q1190403,37.14566,38.78396
Q1211214,18.58028,99.00722
Q1757438,32.27611,35.19500
Q2002121,32.28740,35.33780
Q2477836,46.44111,47.97028
Q2607082,37.01226,46.20188
Q3337461,16.26522,-15.87731
Q4439776,54.39711,40.42771
Q5115696,37.18863,-3.59078
Q7951237,32.21361,35.28194
Q23992507,42.88052,-8.54569
Q141066835,16.46800,-15.70658
Q3920,53.25250,10.41444
Q3955,50.98111,11.32944
Q6343,36.84701,10.31294
Q15976,50.98500,12.43333
Q24879,53.07583,8.80722
Q209533,-32.84944,27.43806
Q358762,-25.85000,25.63333
Q505856,48.36472,8.80500
Q506556,50.28056,10.72528
Q540107,51.20000,9.06667
Q858024,36.88250,7.75000
Q1020914,-31.58861,28.79000
Q1025654,-22.95000,30.48333
Q1259301,45.43640,12.33433
Q1671256,-30.55389,29.42694
Q1996236,-27.88333,31.63333
Q2678218,-30.26667,25.28333
Q21765937,50.45496,3.95196
Q49295412,45.46427,9.18951
Q456,45.76750,4.83500
Q3141,-37.81417,144.96306
Q7568,-7.80046,110.39128
Q37100,-36.84917,174.76528
Q514165,6.96389,158.20806
Q527748,7.34333,134.48042
Q7081990,-35.30400,174.12200
Q1533,10.50611,-66.91444
Q1555,14.64167,-90.51333
Q1897,39.21489,9.10952
Q2634,40.83583,14.24861
Q3616,35.68889,51.38972
Q3940,-4.62361,55.45444
Q8848,44.93250,4.89083
Q11462,-7.24628,112.73777
Q31026,-0.54770,166.92087
Q35484,24.47000,39.61000
Q42788,45.37236,10.56648
Q43165,15.92806,120.34889
Q121157,36.29749,59.60592
Q127063,40.60778,43.09583
Q139242,22.77167,-102.57528
Q170521,39.45000,75.98333
Q178373,37.27611,49.58861
Q183394,40.17278,44.29250
Q214725,43.05000,10.89361
Q233133,44.63099,-1.14823
Q244565,45.94083,4.77500
Q262438,34.93472,136.08444
Q270294,43.16322,-1.23811
Q277374,41.48333,14.46667
Q287148,48.61083,1.67417
Q294783,49.20000,9.50000
Q429059,40.00444,44.57833
Q475802,30.96000,61.86000
Q696193,34.80650,48.51625
Q721029,27.68333,54.34167
Q794958,25.41000,49.58083
Q800122,17.34333,96.49806
Q847584,34.96608,136.16631
Q862509,34.69111,135.79472
Q876557,-15.51280,167.17350
Q999493,14.03277,-0.03483
Q1002823,-12.28222,43.74194
Q1042074,16.90122,-92.00968
Q1042338,34.66341,135.50191
Q1052803,34.94320,135.70323
Q1069204,32.50528,74.53417
Q1193412,18.93333,96.43333
Q1196381,34.50222,135.80722
Q1342519,42.74386,112.64779
Q2119652,43.88890,8.04113
Q3173182,6.94833,1.16806
Q4103696,40.16028,64.43556
Q4531837,43.16316,46.65401
Q6031707,34.68528,135.16833
Q10439273,38.72250,35.48750
Q11435960,27.09439,142.19192
Q11568637,33.86667,132.13333
Q12191403,26.57515,49.99686
Q12492354,-1.37859,120.76240
Q19001533,2.47644,102.17852
Q22478429,-4.30111,28.94417
Q22494089,-2.49694,28.79083
Q24012503,42.58867,-1.76504
Q28478152,43.23593,46.41866
Q30023444,43.13866,13.06785
Q65051446,13.64850,47.35160
Q104244415,17.13360,-89.26217
Q1715,52.37444,9.73861
Q2880,51.68139,7.81917
Q3033,51.53389,9.93556
Q6949,53.60083,9.47639
Q14815,51.20000,11.96667
Q14821,50.25847,10.95787
Q16087,51.04916,12.13500
Q155984,50.65056,11.35417
Q205586,47.09222,5.48972
Q494521,48.12139,7.84917
Q494604,46.76667,14.36028
Q501953,48.50000,6.89306
Q504031,50.37083,8.01583
Q517107,50.71694,11.32750
Q632282,50.52167,8.82083
Q835681,47.89070,8.56010
Q123436812,47.09222,5.48972
Q3238,14.10578,-87.20471
Q1013371,48.16390,8.76056
Q1155335,34.76561,135.86285
Q5347531,5.20223,-1.32381
Q54253527,40.86598,-3.49290
Q1410,36.14000,-5.35000
Q1513,21.14972,79.08056
Q5384,58.60000,49.65000
Q5465,-33.92528,18.42389
Q8673,6.45611,3.39361
Q10282,42.81667,-1.65000
Q10717,6.80583,-58.15083
Q31583,39.20111,46.41500
Q35178,29.37500,47.98000
Q38807,-18.13333,178.43333
Q43014,44.99917,10.48972
Q47066,45.86667,11.51667
Q122803,39.90972,41.27556
Q146450,49.11278,24.72167
Q173545,35.13500,36.75000
Q181007,40.01972,34.61528
Q181172,17.22209,-89.62361
Q204365,13.80171,8.98535
Q214827,14.83796,-89.14244
Q227641,44.11103,8.11585
Q321475,8.88528,76.58639
Q378821,52.79583,18.26111
Q513980,40.58333,36.96667
Q675568,27.51667,41.68333
Q691278,49.61694,0.75306
Q776113,42.41583,-2.73417
Q839456,30.00500,31.23750
Q855330,54.65000,-8.11700
Q927703,6.55639,-75.82750
Q985620,13.05000,3.20000
Q1018173,21.88000,95.98167
Q1158128,14.13610,9.48120
Q1334331,31.28000,-4.28000
Q1674467,45.79611,8.39986
Q1773722,17.02640,-89.90140
Q1888763,9.88750,32.11028
Q1949850,17.05000,79.27000
Q2044217,41.58417,47.78417
Q2482800,-5.42194,154.67278
Q3276135,42.12167,47.83333
Q3509196,9.88333,4.51667
Q4119512,30.01667,31.23333
Q4251727,2.75000,101.86667
Q7260091,24.96278,89.34583
Q11930644,42.81949,-1.64178
Q11939621,29.20514,53.43278
Q13049257,42.41722,0.13750
Q65665421,15.81100,79.97380
Q580,51.75000,19.46667
Q2467,25.07806,-77.33861
Q5196,43.31250,45.69861
Q15076,-38.41667,-72.38333
Q102158,59.37917,28.20056
Q187593,-11.66417,27.48278
Q203301,5.53333,7.48333
Q208514,44.03333,16.18333
Q213555,42.30556,9.15056
Q375582,45.08333,14.11667
Q583619,5.48333,7.03333
Q904472,51.94677,-3.39086
Q924309,30.78470,-91.38060
Q1132553,59.56667,24.51667
Q1939361,43.48035,-72.38481
Q1975746,30.66944,-81.46167
Q2323309,45.05111,-71.39139
Q2392142,30.71194,31.23944
Q5306051,30.59472,-84.04139
Q31213668,25.67326,73.80835
Q57906,32.39117,119.43625
Q59898,36.28532,115.14200
Q68481,26.07694,119.29167
Q71305,30.39724,114.88418
Q73156,36.08121,111.50865
Q83387,37.91583,40.21889
Q183584,36.06171,103.83177
Q197402,38.93545,100.45529
Q208471,34.79500,114.34500
Q319114,40.14111,94.66389
Q404817,34.42592,115.64673
Q897898,37.99876,108.84722
Q978267,36.12567,0.87650
Q1070000,40.08093,113.27560
Q1330294,32.05837,118.79647
Q1363632,30.03414,112.41094
Q1374860,27.03867,118.32150
Q2464375,54.70350,49.56912
Q7223839,34.79361,114.34028
Q11133430,34.71948,112.61830
Q15912502,32.05000,118.76667
Q15924011,33.98937,114.01926
Q15936775,30.26667,120.16667
Q16510372,32.05000,118.76667
Q2759,43.72524,12.63720
Q13134,43.91015,12.91330
Q2453776,41.65000,47.13333
Q4923842,43.25997,17.90233
Q2868,-12.06000,-77.03750
Q3915,-18.91000,47.52500
Q5690,37.07368,22.43094
Q5788,30.32889,35.44028
Q34820,18.46250,-69.93611
Q36947,-12.98306,-38.49278
Q38453,34.00056,-81.04417
Q46400,47.65139,26.25556
Q104725,52.55000,19.70000
Q165676,35.13233,136.14103
Q173532,34.11950,35.64685
Q181966,26.21222,127.67917
Q190060,20.07806,105.60472
Q200019,26.29444,73.02778
Q244698,18.76780,100.78243
Q270858,44.36440,8.20594
Q466614,35.58806,42.71833
Q499111,-35.26611,174.08000
Q569766,39.05000,66.83333
Q587746,47.95000,26.06000
Q622780,52.03333,76.91667
Q635045,-17.06667,15.73333
Q698634,36.47259,37.09479
Q748832,38.37250,26.13750
Q786888,35.15602,136.13936
Q820972,11.78333,42.88333
Q824122,42.04806,-8.64444
Q827432,-12.90278,-73.20583
Q854385,44.62310,19.90310
Q1044072,47.42030,26.21690
Q1330939,42.95052,89.06393
Q1369593,13.69667,44.73083
Q1951490,20.59000,93.19250
Q2457338,-17.75000,14.88333
Q3285556,26.35350,73.03310
Q3411696,28.86000,81.62000
Q3798365,15.66694,108.38306
Q4289812,49.14333,32.29694
Q6498493,20.61667,93.16667
Q7929221,13.92869,109.07507
Q11409340,33.75944,129.75322
Q136040075,-17.46784,15.28446
Q60,40.71278,-74.00611
Q495,45.07917,7.67611
Q1345,39.95278,-75.16361
Q1770,59.43722,24.74500
Q3561,36.77639,3.05861
Q5715,29.84467,31.25092
Q16553,37.30417,-121.87278
Q28271,38.97861,-76.49194
Q34600,35.01161,135.76811
Q35765,34.69375,135.50211
Q79580,33.20667,-87.53472
Q93351,46.12694,3.42583
Q208445,38.10409,-122.25664
Q215646,35.68389,139.77444
Q740246,35.01114,135.76693
Q751907,35.00000,135.76667
Q1153959,26.33333,31.90000
Q1189121,35.68000,139.77000
Q1207735,35.67667,139.76472
Q2933087,32.31694,-87.10139
Q3720429,37.74667,23.42750
Q4115712,54.90000,23.93333
Q31844059,39.85652,-4.02497
Q31925679,41.65230,-4.72854
Q116170766,40.40841,-3.68760
Q433112,18.22306,30.74389
Q460736,37.09190,43.48700
Q498078,51.37778,9.01667
Q528679,-2.35167,29.75083
Q565530,50.45000,8.05000
Q573599,50.48333,8.25000
Q631340,51.99300,-3.23200
Q798059,21.11341,105.87321
Q806478,4.73700,22.81900
Q817218,10.96000,78.07500
Q938685,-20.14329,28.42344
Q988400,44.59306,33.80139
Q1000918,42.53795,124.03713
Q1011073,40.85231,122.74743
Q1026208,54.23300,-8.30000
Q1063054,30.89786,47.56748
Q1291235,42.61806,25.30556
Q1496614,13.04722,12.22778
Q1709553,20.27694,100.08348
Q1818746,12.86728,105.04002
Q2359181,-21.17917,-175.11667
Q2421186,20.25528,105.95417
Q2475401,47.43111,102.65944
Q2621094,44.94278,34.12056
Q2660634,51.88300,-4.01300
Q3216606,14.80233,-16.53631
Q3513903,35.36667,1.31667
Q7420386,41.90800,-7.81800
Q18342086,7.84361,3.93606
Q25272384,14.27528,-12.45600
Q111905239,14.34778,100.56056
Q13666,38.19361,15.55417
Q23311,51.51556,-0.09306
Q26119,49.00000,21.23333
Q35493,43.24000,76.91500
Q45301,41.00500,39.72250
Q83317,36.34167,43.12917
Q101583,25.72056,32.61028
Q105284,54.96667,49.03333
Q109092,52.65056,-7.25139
Q163607,13.43333,103.83333
Q188904,16.26667,-0.05000
Q189960,51.49950,-0.13330
Q208573,39.16500,20.98750
Q212680,40.93333,19.70000
Q244236,40.98139,47.84583
Q310772,14.53333,49.13333
Q318889,43.36201,27.12541
Q389285,29.57028,31.23111
Q393311,42.31722,19.15694
Q255455,32.73333,74.85000
Q3942,49.97405,9.14936
Q211243,38.48500,106.22500
Q471765,42.35802,116.18516
Q487278,50.55000,10.41667
Q502710,50.65472,12.19972
Q557727,48.31417,7.94139
Q558612,50.26667,9.30000
Q877229,45.50100,126.97400
Q1767796,41.56972,119.15556
Q4312918,39.89056,116.35111
Q4515514,39.86667,116.33333
Q10923028,34.26667,108.90000
Q11065738,34.78989,114.34717
Q11105411,43.95736,119.35664
Q15102448,43.96250,119.39100
Q1461,14.59583,120.97722
Q1515,5.33639,-4.02667
Q3818,3.75206,8.77370
Q30002,30.66000,104.06333
Q219117,-15.38596,35.31880
Q4164068,39.90500,116.39139
Q540250,30.32399,-96.15354
Q548097,47.78578,18.97024
Q605021,37.39194,46.23917
Q739802,45.62278,23.31028
Q842869,40.38306,47.11861
Q994287,45.16667,15.80000
Q1031919,11.93333,-8.41667
Q1099126,13.35583,45.69972
Q1149666,36.84003,40.06869
Q1199713,-6.13484,106.81322
Q1344411,45.18900,36.82500
Q1677131,-6.51583,-79.84420
Q1778458,13.78333,104.53333
Q1815305,58.14942,68.52048
Q1948981,30.98464,-8.22847
Q2401317,35.93750,3.24000
Q2486263,54.97739,49.05426
Q2603563,54.97203,50.40348
Q2654910,13.41250,103.86667
Q3445596,42.30447,19.15517
Q4206513,40.88375,47.70646
Q13189531,-6.47000,-79.79600
Q24012386,42.81276,-1.64432
Q31916975,42.14093,-0.41107
Q31926034,41.65646,-0.87929
Q98008573,48.15592,17.13135
Q105076326,10.80000,106.65000
Q12586,42.19893,2.69856
Q132931,42.81667,47.11667
Q209128,52.84630,-8.98070
Q220445,1.55750,110.34389
Q501104,43.51472,0.40417
Q565895,50.80056,10.30389
Q752348,36.05000,14.25000
Q1049884,42.53278,11.64861
Q1106404,42.13333,3.11667
Q1211183,29.25000,88.88333
Q1287698,14.61700,120.96700
Q1439847,5.71667,10.91667
Q1950091,16.53000,97.60222
Q2006438,35.11753,-3.64130
Q2048608,11.23806,0.71611
Q3026354,15.31750,-9.32139
Q3537816,35.08980,-3.80750
Q4257150,-3.30996,114.69036
Q4262427,-3.29307,114.57238
Q4727628,13.61306,6.26000
Q5296932,17.14253,97.29087
Q97290972,17.15490,42.62678
Q3519,41.12528,16.86667
Q3909,-29.31000,27.48000
Q4803,-7.56667,110.81667
Q9022,20.67639,-103.34222
Q15760,44.71667,37.76667
Q30565,40.99639,15.65583
Q61944,50.41111,80.22750
Q93230,33.60070,73.06790
Q147089,38.61194,27.42639
Q151920,32.77546,35.54201
Q155915,41.38333,33.78333
Q157800,11.35389,43.47389
Q178948,24.85280,79.92549
Q184023,43.23278,0.07444
Q194338,-22.01778,-47.89083
Q399139,43.93333,15.43333
Q551056,37.63333,-7.65000
Q552301,47.73796,7.68881
Q854672,37.95115,58.21241
Q910505,45.21907,36.71406
Q997018,51.95876,21.23108
Q1006330,23.40882,88.36574
Q1012840,38.07889,30.44833
Q1021610,26.61667,37.91667
Q1087556,43.55944,12.17083
Q1107569,19.60080,30.40973
Q1218954,48.81222,3.66722
Q1257589,19.60469,-72.21860
Q1296393,41.42278,32.95583
Q1456534,16.58356,-14.58384
Q1518300,35.95305,54.10367
Q1615291,-28.48278,-48.78083
Q2037695,49.56667,20.98333
Q2719371,29.81142,39.86831
Q2829005,42.77778,46.74278
Q4155037,42.95484,46.24175
Q4451317,42.58028,46.69333
Q5073874,26.93300,94.74810
Q24001084,41.98311,2.82493
Q25563103,17.97556,79.60111
Q31916723,37.17642,-3.60002
Q55893348,37.38621,-5.99251
Q64,52.51667,13.38333
Q1085,50.08750,14.42139
Q1686,8.94800,125.54300
Q1710,6.70000,121.96667
Q5647,55.08083,21.88639
Q7592,-2.06361,101.39611
Q7938,59.44972,32.00861
Q132499,50.09889,8.54667
Q245747,59.28556,32.44611
Q4204727,55.08333,21.88333
Q4943727,30.67080,-96.32470
Q18765369,59.55194,32.02972
Q30023298,45.79927,8.64333
Q30024509,45.75505,8.31185
Q30031671,46.08329,9.32484
Q649,55.75056,37.61750
Q656,59.95000,30.31667
Q1761,53.34972,-6.26028
Q1867,25.03750,121.56250
Q5779,5.55000,95.31750
Q5838,34.53278,69.16583
Q6462,50.89333,13.66667
Q8738,51.16361,13.47750
Q10744,51.11667,12.50000
Q12062,51.56028,13.00556
Q14182,-3.31443,114.59225
Q14819,50.91194,13.34278
Q18975,-5.64258,132.74299
Q24948,47.52528,5.36972
Q54243,47.67000,5.02583
Q57948,50.58528,12.70083
Q57951,50.65083,13.16472
Q132671,43.30083,-0.37000
Q179949,43.32167,-0.75944
Q191126,45.74528,-0.63444
Q192393,48.62389,2.42944
Q193826,50.37083,3.07917
Q213288,45.60750,4.06528
Q504919,45.74083,4.22583
Q3351542,43.19417,-0.60528
Q18505141,44.69504,8.19434
Q26743319,4.47000,97.93000
Q30025310,44.99365,8.45754
Q30026205,46.23032,11.29847
Q30026752,45.00184,8.48561
Q665,45.75972,4.81944
Q906,55.15000,61.40000
Q5954,3.60000,98.48528
Q5967,1.11667,97.56667
Q5972,3.58944,98.67389
Q5979,2.96000,99.06000
Q5984,1.74250,98.77917
Q7248,-0.30972,100.37528
Q7266,-0.78833,100.65417
Q35656,10.46028,105.63306
Q44160,43.12500,5.93056
Q173705,43.65806,6.92528
Q188776,43.60583,2.24000
Q194141,43.53944,6.46611
Q207584,43.40583,6.06167
Q213497,46.46694,-0.80639
Q265332,47.44417,5.59139
Q2987563,10.31052,105.73968
Q13649868,54.36861,66.97861
Q25184343,5.13333,97.06667
Q26761531,-0.62682,100.12047
Q239,50.84667,4.35167
Q727,52.36667,4.88333
Q1781,47.49833,19.04083
Q1903,37.50267,15.08727
Q2272,59.20806,9.55278
Q6606,45.96260,12.65630
Q13630,40.91667,9.50000
Q13645,40.90148,9.10436
Q13657,39.87868,9.54145
Q13680,37.49147,14.06244
Q222084,43.81667,18.56667
Q1514901,-33.39944,-58.32278
Q2593053,59.39472,9.24944
Q16011499,49.76085,4.71653
Q24849683,-0.89170,119.87070
Q25282465,0.73389,124.31028
Q597,38.70804,-9.13902
Q1624,14.56050,121.07650
Q49369,16.70556,121.67611
Q53081,15.75833,121.56250
Q63763,14.18333,121.28333
Q75905,14.26667,121.45000
Q104099,13.84132,121.97522
Q104113,14.01667,121.58333
Q188735,44.95000,-0.09611
Q196938,44.09278,41.98222
Q212280,6.71541,124.78545
Q318404,20.26667,73.01667
Q963152,22.27833,114.17444
Q1659597,28.26667,83.60000
Q2407540,29.27694,82.18222
Q2463109,26.53944,86.74833
Q18502141,45.82791,11.85605
Q26733979,-2.64647,140.77779
Q30022570,45.40912,11.54342
Q490,45.46694,9.19000
Q1731,51.04933,13.73814
Q3958,53.55694,13.26083
Q4454,48.48333,135.06667
Q16121,47.02417,4.83889
Q29652,57.92793,53.34297
Q850072,46.61861,31.53917
Q1711612,27.53333,83.66667
Q2374956,47.90667,31.31306
Q11006959,57.86667,53.38556
Q12169560,57.89194,53.40417
Q12507576,-8.46250,118.77500
Q23823589,-10.16361,123.59028
Q26761532,-2.97841,120.11078
Q30026577,46.04504,12.02053
Q30030769,45.78968,8.93314
Q111911698,-8.56667,121.26667
Q2143,61.66667,50.81667
Q934871,59.95400,11.04000
Q1409180,59.92889,11.16250
Q1698870,59.81120,10.80004
Q1770672,59.71890,10.83530
Q2777579,59.96667,11.25000
Q3742792,59.83528,10.43500
Q30022388,45.99965,12.85034
Q30023451,44.91036,9.30816
Q30028188,44.90506,9.32826
Q30031295,46.53323,13.04292
Q220,41.89306,12.48278
Q270,52.23000,21.01111
Q1492,41.38250,2.17694
Q1957,59.21667,39.90000
Q2749,48.36889,10.89778
Q6610,62.02722,129.73194
Q11739,31.54972,74.34361
Q69476,47.06528,7.09444
Q83404,45.75972,21.23000
Q130212,47.19102,18.41081
Q146456,48.44139,22.71361
Q171353,47.78556,18.74028
Q175323,40.77625,30.40256
Q193965,48.68056,26.58056
Q200133,38.46250,23.59500
Q755824,41.86667,-72.44944
Q990504,42.98139,-70.94778
Q2305767,41.87218,-72.36946
Q21414421,43.36342,-5.84230
Q30027947,43.91921,12.54321
Q30031021,43.56184,11.17152
Q90,48.85667,2.35222
Q1709,53.62889,11.41500
Q2861,54.08333,12.13333
Q14891,50.61056,10.69306
Q15322,58.73333,29.85000
Q25804,63.44000,10.40000
Q26793,60.39250,5.32333
Q48256,48.46750,35.04000
Q48490,53.82028,27.10694
Q69268,62.16667,49.10000
Q247062,64.86185,11.23969
Q844106,61.18461,6.85016
Q1003496,16.71167,81.10306
Q1771142,59.18333,5.85000
Q1817061,69.36278,17.05278
Q2266366,62.78306,6.46972
Q3125092,69.17056,17.73389
Q3338338,68.99667,16.53333
Q3434416,59.61500,11.07833
Q3519004,59.11086,10.39325
Q3735034,59.63333,11.31667
Q6438823,63.40000,9.50083
Q8808261,62.38190,6.98611
Q12004287,59.61306,10.40500
Q12718378,62.50444,6.69306
Q26772254,58.14671,7.99560
Q198748,51.50167,46.12222
Q30025435,46.32573,10.87342
Q1748,55.67611,12.56889
Q1757,60.17083,24.93750
Q26476,62.39551,17.28599
Q38380,47.47278,-0.55556
Q38511,60.45167,22.26694
Q43421,37.54083,-77.43667
Q65270,49.39139,30.19167
Q256188,45.11000,2.86861
Q319660,-6.12611,23.59972
Q463252,20.41694,72.83402
Q486195,41.38139,60.36111
Q755703,59.58325,11.16286
Q1219850,48.41556,0.11139
Q1505974,47.91917,-122.09111
Q2744355,59.62353,10.95086
Q3303805,59.75000,10.01667
Q4190725,48.46528,33.42028
Q6964999,33.79564,-91.10711
Q6982219,60.06889,6.54556
Q12716720,58.02722,7.44889
Q30022576,43.53987,11.17178
Q136486018,31.65961,-96.48276
Q900,55.79083,49.11444
Q1490,35.68944,139.69167
Q1895,61.78333,34.35000
Q1899,50.45000,30.52361
Q19566,44.94838,34.10004
Q42308,49.99250,36.23111
Q46135,48.77778,2.45306
Q54759,58.36537,12.32450
Q135482,69.40000,86.18333
Q149016,51.33333,32.88333
Q161980,49.08333,32.66667
Q168843,36.56583,53.05972
Q170507,48.89056,2.20361
Q173591,46.16667,21.31667
Q180083,43.77472,7.49972
Q186349,46.54972,24.55972
Q202158,60.99444,24.46667
Q224460,47.54194,4.44528
Q243114,45.97889,5.59944
Q331078,36.46972,52.35083
Q491102,45.01667,78.36667
Q617416,44.74750,20.97611
Q818731,-14.65560,17.68420
Q840520,48.09750,-0.35306
Q864827,51.67646,33.90778
Q900479,48.85472,2.62889
Q7899631,-35.33167,146.26778
Q30023340,46.04606,10.98402
Q30025589,46.19241,11.16128
Q30025659,46.18131,11.23728
Q30026259,46.22117,11.29346
Q30031961,46.15170,11.09618
Q1530,33.31528,44.36611
Q2471,15.35000,44.20000
Q3110,13.69760,-89.19116
Q9248,40.36666,49.83518
Q18094,21.30472,-157.85722
Q19660,44.41336,26.09778
Q40811,43.00361,41.01917
Q42007,47.23333,16.63333
Q79815,47.74861,7.33917
Q80561,36.20250,36.16056
Q124375,46.43028,20.31889
Q183193,54.45000,21.01667
Q185332,47.79000,22.89000
Q201243,53.01667,27.55000
Q201458,53.70778,28.43222
Q218049,48.56750,-3.70139
Q274249,48.73056,2.27639
Q393898,51.11194,114.53583
Q463384,41.50000,20.21667
Q720557,11.56667,41.43333
Q722836,54.42500,25.93750
Q750450,43.76389,44.22722
Q809585,54.25354,20.80819
Q893554,56.87874,16.69788
Q955992,52.21250,24.35667
Q956614,52.40283,23.80833
Q956745,-8.57848,13.66425
Q1014248,13.72061,-89.72749
Q2449403,63.68700,9.66540
Q2944184,43.71578,7.27183
Q3315591,62.48361,6.81056
Q6517575,59.60500,5.80617
Q16216319,50.71611,6.01417
Q30027155,46.43611,11.14627
Q30029265,46.05360,10.77727
Q761,53.13236,23.16867
Q987,28.61389,77.20889
Q1348,22.56750,88.37000
Q7951,53.01667,158.65000
Q16050,49.86806,6.15667
Q129352,39.81528,46.75194
Q210470,40.27110,22.50840
Q986435,54.76667,11.88333
Q1012496,53.55224,-6.79341
Q1016083,60.54583,5.28383
Q1751647,37.71944,22.74444
Q1780577,61.45190,5.85694
Q1975951,51.09690,5.52030
Q2028872,58.37528,24.62278
Q2171262,60.62472,5.32833
Q2706457,68.34290,16.83140
Q2719327,59.55000,11.33333
Q3986369,59.58678,10.20808
Q4132923,49.67472,6.44194
Q18165050,60.27580,6.25222
Q30026057,45.84980,9.57161
Q384,41.99611,21.43167
Q1874,46.47747,30.73262
Q3624,9.03583,38.75250
Q36600,52.08000,4.31000
Q47048,65.01417,25.47194
Q65949,46.67520,7.63760
Q146469,48.18139,23.29778
Q146474,48.31722,23.03750
Q157053,51.49389,31.29472
Q157144,49.23722,28.46722
Q170244,40.70494,19.94967
Q193722,56.30000,38.13333
Q207575,45.89361,3.11250
Q261418,48.52861,23.50194
Q372872,39.94944,20.09583
Q636935,56.96879,23.15352
Q732879,36.13278,68.70000
Q755765,7.05000,38.46667
Q889966,45.44081,29.26506
Q1783896,59.22599,10.40741
Q14147886,47.84936,88.13513
Q21760366,50.90253,3.65446
Q30022196,46.39541,11.14677
Q30024433,45.80958,9.03284
Q30027893,43.73666,12.94536
Q30029729,43.75252,12.89853
Q30030651,43.74666,12.87486
Q49278400,41.30056,-7.74417
Q59335786,44.71250,-65.61056
Q2837,54.53333,36.26667
Q23438,37.95000,58.38333
Q28729,11.24778,75.78028
Q34001,50.69000,3.18167
Q39420,43.58528,39.72028
Q39560,39.95392,44.55056
Q79804,57.05333,-135.33472
Q79880,47.53000,21.63917
Q103717,66.50279,25.72848
Q131694,12.80000,45.03333
Q141705,48.56667,-78.11667
Q146351,50.76667,15.05000
Q172455,48.83528,2.24139
Q190583,61.68750,27.27361
Q193367,60.39306,25.66389
Q196702,44.10000,39.08333
Q214681,15.48000,73.83000
Q321784,58.12583,25.35861
Q553907,15.44250,73.88306
Q1997687,55.05770,9.74760
Q4576620,60.51281,4.90881
Q12006474,60.59683,4.84319
Q15217719,-6.60000,147.85000
Q30031056,46.09737,11.04505
Q30031451,46.20721,11.26488
Q1034,47.13722,7.24722
Q1055,53.55000,10.00000
Q147934,50.90000,15.73333
Q182596,68.77583,17.79917
Q600533,61.57194,6.48139
Q765379,61.97111,6.51778
Q1020010,61.59861,5.01722
Q1076317,48.71353,23.18724
Q1218849,49.34944,4.07139
Q1507455,48.55889,-119.75100
Q1773294,59.55000,5.83333
Q1779150,60.37444,6.72000
Q1795942,61.32500,5.79750
Q1799091,63.76500,9.81056
Q1812223,60.23333,5.75000
Q1813882,68.09610,16.37368
Q1971033,62.77472,8.05278
Q2062843,41.46861,48.34111
Q2073271,62.29780,7.26361
Q2129267,60.18472,5.46972
Q2185966,62.84639,7.18139
Q2232941,68.58392,16.56069
Q5615919,36.13270,-79.84230
Q6449599,70.50250,23.97972
Q6673737,59.09754,5.69790
Q6978952,62.04417,5.34722
Q11287906,58.90300,6.10100
Q12713634,61.20861,6.53278
Q12714367,60.52389,6.71917
Q12714369,62.91722,7.44667
Q12716151,63.29760,10.48260
Q13583154,39.32030,-119.78000
Q18857560,64.22210,11.22258
Q18857562,63.04694,9.71333
Q334,1.30000,103.80000
Q4686,45.15528,18.01444
Q167024,15.99694,-61.73278
Q185157,35.56980,-5.37469
Q196599,56.73333,37.53333
Q253987,48.57333,13.99167
Q270654,45.33083,3.84806
Q397372,45.26686,15.22477
Q504348,50.42611,10.72889
Q706857,48.59472,38.00083
Q850640,34.94872,135.69828
Q1356682,43.77639,2.18972
Q4581188,60.35720,5.12444
Q110883607,37.56949,-100.87078
Q131861025,38.23250,-94.79472
Q131871220,38.22472,-94.79722
Q3551,34.02111,-6.84139
Q64113,47.04583,7.27639
Q326582,53.73500,18.93556
Q331426,48.55333,-1.50722
Q339738,69.35500,18.07528
Q478207,34.25000,-6.58333
Q480421,47.18917,20.00528
Q631181,46.99306,-1.82278
Q669863,60.64145,5.04136
Q744668,63.58750,9.95556
Q783301,61.90611,5.99139
Q805876,42.46028,76.18722
Q980129,61.93333,5.11667
Q1015949,69.22944,17.98111
Q1208376,58.07975,7.30767
Q1769683,63.29056,9.08889
Q1771471,61.76611,4.87500
Q1772243,64.07194,11.21694
Q1779169,60.51321,5.24252
Q1792375,59.37028,10.25806
Q1797586,63.09843,7.82026
Q2148657,61.22883,7.09645
Q2317469,59.30600,10.17700
Q2440843,59.67972,10.51750
Q2463120,59.52974,10.08489
Q2671434,44.45444,-89.58361
Q3229418,62.60000,6.44333
Q3230544,64.86528,11.60444
Q3349525,59.40168,9.96144
Q6513615,63.26639,9.81556
Q6516399,63.31222,9.85333
Q6517056,58.28528,7.35583
Q6539422,63.11920,8.30750
Q10585105,59.74111,10.42194
Q10689281,58.09693,7.80905
Q13648970,62.67361,6.67389
Q28448982,58.19333,7.52417
Q51844637,63.82120,11.00490
Q269,41.31111,69.27972
Q1520,51.13333,71.43333
Q5663,54.59222,22.19972
Q25409,48.71667,21.25000
Q183405,32.28333,-9.23333
Q754729,46.32972,24.27000
Q839963,48.98389,-0.47417
Q2094768,58.15517,7.83576
Q2665990,69.44472,17.29833
Q3436678,64.65861,11.26611
Q7536140,60.25000,5.08333
Q12716485,63.67270,10.62320
Q16896883,61.51080,5.71667
Q50367261,64.17270,10.22910
Q65083060,32.66237,-83.43712
Q393,53.42472,14.55528
Q898,54.96667,73.38333
Q3646,45.03333,38.98333
Q5337,51.76667,55.10000
Q6576,52.28917,104.28000
Q6625,44.20306,0.61861
Q41970,44.03333,43.05000
Q63939,47.47291,8.30799
Q69345,46.99028,6.93056
Q158216,50.31583,7.80222
Q168782,58.19528,68.25806
Q174019,43.34333,3.21611
Q178663,33.88333,-5.55000
Q239490,50.86056,28.46750
Q266941,44.31641,9.32374
Q326270,44.72278,3.28389
Q493924,53.50627,13.98997
Q626840,42.02639,21.56167
Q1020077,48.11667,37.83333
Q3261200,63.50333,9.82361
Q23837061,54.09242,82.95501
Q1335,-34.90592,-56.19131
Q6602,48.57333,7.75222
Q29234,48.51361,-2.76028
Q68103,46.68715,7.86487
Q146510,48.05000,24.21667
Q146516,48.01139,23.57222
Q146542,48.73333,22.46667
Q174665,46.07639,23.57278
Q188179,58.25333,22.48611
Q193370,48.86028,2.44306
Q319276,44.54694,15.37444
Q376792,42.87528,2.18194
Q498540,53.06667,11.86667
Q572899,47.40000,32.45000
Q635135,48.53833,-0.87333
Q1113972,42.64500,2.52861
Q2234641,48.98610,37.81110
Q2752954,47.76221,82.80163
Q4106309,47.83333,36.83333
Q4325077,49.53939,39.10261
Q11962827,59.41300,9.06931
Q67199459,47.57750,6.76167
Q268,52.40833,16.93361
Q802,49.62500,20.69556
Q25287,57.70750,11.96750
Q37776,47.24222,6.02139
Q134494,47.68417,17.63444
Q158816,55.90000,52.31667
Q163490,33.56041,35.37527
Q193342,57.18333,39.41667
Q193819,48.84778,2.43917
Q205271,57.84861,26.99278
Q339347,58.05722,26.49833
Q672990,46.19392,30.34111
Q752334,48.13972,23.03306
Q819514,58.00278,25.92278
Q867722,52.91667,30.91667
Q2473507,47.53889,30.75278
Q2482882,-35.99861,146.39111
Q3025927,14.46278,-16.29019
Q3081001,35.27111,73.22333
Q19826323,53.84888,78.37715
Q807,46.53333,6.63333
Q2211,55.58333,13.00000
Q3426,51.67167,39.21056
Q5815,57.15000,65.53333
Q60037,46.83917,16.85111
Q67536,47.23110,7.65018
Q68155,47.02055,8.65833
Q70526,46.90000,6.60000
Q93358,47.07222,21.92111
Q129677,51.26667,30.21667
Q146497,48.20250,22.63750
Q147739,45.34178,28.83456
Q155955,55.45028,78.30750
Q190118,46.66972,-1.42778
Q193802,34.68667,-1.91139
Q207226,48.37806,18.39639
Q214938,46.65000,21.28278
Q237655,53.13250,26.01778
Q258981,45.68611,21.90056
Q273801,47.14139,23.87639
Q474480,49.21528,1.16556
Q506693,48.21361,18.60694
Q527846,53.78179,-1.07031
Q543123,48.05917,-0.93500
Q626541,45.55111,3.37139
Q639421,11.93000,79.83000
Q740810,46.77694,21.12500
Q762920,46.03417,6.10750
Q1073096,43.42722,3.29917
Q1103419,47.19306,-0.27556
Q1866731,47.83333,30.25000
Q2427489,49.51667,38.71667
Q3849647,26.88333,-101.21667
Q4539211,47.89083,30.01083
Q12825315,42.54675,72.21142
Q15730054,47.03333,9.06667
Q49278409,40.66111,-7.90972
Q71,46.20000,6.15000
Q437,46.05139,14.50611
Q911,54.72611,55.94750
Q3104,50.35972,7.59778
Q39178,10.66667,-61.51667
Q41876,49.26528,4.02861
Q47837,27.15000,-13.20000
Q63946,46.77850,6.64083
Q69191,47.56083,8.05944
Q83324,45.80000,24.15000
Q102217,55.18333,30.16667
Q192378,48.81722,2.51556
Q209809,46.56667,23.78333
Q269667,47.55389,7.79583
Q485496,42.30000,69.60000
Q509716,-33.79833,151.28444
Q574469,34.21444,-4.00879
Q583071,46.10861,4.74917
Q606169,-30.50000,151.66667
Q640680,48.63161,35.22452
Q656579,51.79722,24.08083
Q709267,23.25000,87.85000
Q805451,54.86200,-6.26800
Q845014,48.85250,-0.67611
Q1000446,48.28333,37.18333
Q2981703,57.73194,27.28194
Q21764233,51.04339,5.58355
Q21767332,50.90435,3.52789
Q588,50.25000,19.00000
Q3012,48.39861,9.99111
Q3572,36.80083,10.18000
Q6259,45.18528,9.15500
Q6483,50.96667,14.28333
Q14424,46.45583,16.99750
Q63970,47.38510,9.27860
Q67086,47.01689,7.73787
Q68266,46.81981,9.45455
Q68311,47.05667,7.62639
Q69453,47.04260,7.09740
Q69507,46.95000,6.83333
Q111048,60.75889,46.30389
Q149035,48.51667,25.85000
Q280506,54.13900,-0.79200
Q411080,46.31028,23.71667
Q486568,50.96806,11.90139
Q684630,45.38861,19.23528
Q948245,22.93807,113.36518
Q1025607,-35.30389,148.22333
Q1129726,-36.23167,149.11778
Q1543632,-31.91500,152.45111
Q2739703,-35.35000,145.73333
Q3305212,-34.30000,148.30000
Q4270917,52.26056,23.53361
Q4339125,52.26694,23.58917
Q4751218,42.73333,77.66667
Q13029617,52.31361,24.81417
Q18927809,47.18084,19.30264
Q28726684,45.89917,6.12944
Q457,48.92889,2.04472
Q1640,45.56028,18.67028
Q5627,54.31667,48.36667
Q6934,50.25778,127.53639
Q10317,47.08500,7.52694
Q34261,18.54694,-72.34028
Q44213,-31.73306,-60.52972
Q66629,46.48306,7.26639
Q69678,46.89139,7.49722
Q105215,51.09444,40.03222
Q144983,48.73528,19.14528
Q207294,53.15000,29.23333
Q210796,47.76333,18.12833
Q215177,57.72222,10.58778
Q216835,19.75000,-72.20000
Q240504,46.22000,20.47889
Q272060,49.14500,1.98361
Q273393,49.40889,-1.31778
Q316891,48.98972,2.32194
Q322361,55.32722,8.76306
Q377834,46.65194,20.25722
Q629673,48.83861,-1.22250
Q630627,50.54833,3.02944
Q639467,-19.25000,17.71667
Q728033,43.70139,6.98889
Q740236,7.95000,39.13333
Q831401,46.97278,-1.31000
Q1020984,39.25170,-119.56200
Q2075525,62.22583,50.39083
Q2078085,47.57361,27.70917
Q2502620,52.82389,156.27889
Q3846983,47.23000,22.80000
Q4428626,46.22722,42.54306
Q12126543,35.85111,71.78889
Q21770402,50.80196,5.34490
Q21857731,56.69161,54.36136
Q915,58.01389,56.24889
Q1156,19.07583,72.87750
Q3774,-36.60670,-72.10330
Q15339,59.94500,31.03472
Q26406,34.68278,134.94028
Q45114,58.88333,25.56667
Q61480,53.81667,22.35000
Q107501,48.99722,2.37806
Q128466,48.79389,2.36111
Q155974,57.43333,56.93333
Q167668,56.50833,21.01111
Q199723,39.65111,27.88417
Q204150,52.11528,26.10306
Q215633,53.18333,22.08333
Q236083,54.10000,22.93333
Q276859,52.73333,23.56667
Q411715,56.60083,25.25500
Q520405,57.24472,22.58889
Q628033,49.74306,0.51361
Q628265,46.97694,1.61278
Q690062,55.10000,14.70000
Q753010,57.17500,26.75639
Q1553776,6.54361,-7.49333
Q1597833,43.82222,1.72528
Q2028864,59.03889,25.88083
Q2471767,52.56028,24.21417
Q2950056,57.60611,57.31028
Q3110215,8.15000,35.53333
Q3175104,8.30000,35.58333
Q2843,53.86972,10.68639
Q4043,48.35167,-1.20000
Q5449,56.63278,47.89583
Q82174,45.65222,25.61056
Q83813,32.05083,-81.10389
Q102397,48.10000,20.78333
Q130272,48.44667,1.48833
Q146317,47.10000,17.91667
Q149163,50.49472,29.23333
Q156726,48.92278,24.71056
Q173037,53.15000,140.73333
Q189761,46.35583,18.70389
Q202362,45.86528,25.78778
Q220684,48.83861,-0.88917
Q244196,48.85083,-0.55000
Q244271,48.97194,2.40000
Q467162,48.83611,0.91389
Q496557,47.02000,23.90000
Q613187,46.91361,18.97222
Q633743,47.34306,1.18333
Q990007,26.90111,-101.41722
Q2059174,66.34694,71.13778
Q2652127,47.33010,29.75244
Q3917001,49.79778,6.50417
Q3917054,49.71778,6.01028
Q13101858,49.77452,6.01752
Q19616164,54.55096,79.97566
Q47486604,49.75139,6.46361
Q55665373,48.45556,-2.05028
Q883,55.03333,82.91667
Q2770,54.20000,37.61667
Q5168,42.98250,47.50500
Q5420,46.30806,16.33778
Q16562,31.75917,-106.48861
Q21197,47.02278,28.83528
Q22640,49.35806,6.16833
Q37333,51.25000,22.56667
Q38555,35.66667,-105.96667
Q41572,46.97500,31.99500
Q104564,51.55000,43.16667
Q111669,48.25628,36.73128
Q132957,50.18333,38.11667
Q134620,62.24028,25.74444
Q148349,51.49030,-0.11930
Q158799,49.89194,28.60000
Q184361,57.06667,27.91667
Q193903,49.05222,2.03611
Q225867,47.63253,18.05569
Q375497,58.68778,23.83417
Q393433,48.60472,21.35000
Q485891,47.72253,29.96000
Q521108,46.22750,24.57583
Q615451,47.57250,31.31194
Q625154,47.74000,18.12167
Q629791,48.72333,-0.92083
Q685869,45.84222,24.97139
Q816728,34.81444,135.76769
Q885996,12.01313,-83.76491
Q948117,58.70183,13.82544
Q1015036,54.06722,18.44583
Q1018839,36.00194,-106.06472
Q1108185,55.13300,-6.66100
Q1146736,58.14972,24.96139
Q1340300,48.59028,0.65139
Q2010740,47.18083,33.94272
Q2511250,58.90944,24.43250
Q2652181,46.82000,30.94500
Q2817215,45.45361,39.01306
Q4109008,47.86152,35.01163
Q6419245,34.73717,135.82006
Q7448610,59.22972,10.99472
Q11535999,34.32953,134.04806
Q12304584,55.48250,9.01583
Q648,50.63194,3.05750
Q1361,17.36167,78.47472
Q23073,42.60028,2.97111
Q80021,55.87139,26.51611
Q137271,5.97500,116.07250
Q145906,56.71667,28.65000
Q160506,48.93556,2.35389
Q193313,48.80250,2.48556
Q203000,56.39583,-3.43333
Q203309,47.62222,6.15528
Q209932,52.03333,23.13333
Q366389,49.00667,0.15250
Q499537,47.10528,6.14306
Q501821,48.64861,1.52861
Q543387,46.17444,22.71528
Q575756,13.67330,-89.24161
Q637489,48.46194,1.77306
Q719051,45.99444,29.43222
Q744172,43.27333,6.52167
Q813372,47.43944,-0.21556
Q840152,45.73778,4.65639
Q889588,47.75311,29.53094
Q1186354,47.97639,18.78327
Q2264404,47.54278,-0.10389
Q11135858,30.65333,117.47500
Q28731268,49.58528,1.35944
Q2683,44.80147,10.32800
Q5343,54.18333,45.18333
Q16013,52.29167,13.62500
Q104731,52.73333,15.25000
Q159041,55.06667,57.55000
Q179387,65.14415,57.21969
Q184998,46.36667,17.78333
Q492346,37.27080,-76.70690
Q591812,51.19514,33.82618
Q835848,56.31667,22.88333
Q997478,48.78333,31.65000
Q1009565,47.31817,33.29981
Q1023044,56.25000,22.75000
Q1112590,46.18333,20.43333
Q2177358,52.19440,4.75690
Q3087537,41.93333,21.61667
Q3490674,35.10739,135.47025
Q13403152,52.21030,5.02220
Q30937098,34.88439,135.79978
Q35797584,35.53558,135.19556
Q104837486,34.90433,135.72011
Q172,43.67028,-79.38667
Q3994,47.73333,10.31667
Q5867,45.35000,19.00333
Q7042,49.44444,11.84833
Q12191,47.21722,-1.55389
Q12892,51.22111,4.39972
Q16572,23.13000,113.26000
Q37066,46.80833,-100.78375
Q81581,46.25000,20.16667
Q100188,46.76891,23.59066
Q104712,54.15222,19.40889
Q110732,50.76667,16.28333
Q145292,47.19111,23.05722
Q146453,49.04417,24.35972
Q156713,50.25444,28.65778
Q167109,47.89889,20.37472
Q171223,47.95000,21.71667
Q181276,47.17472,20.17639
Q181946,48.94778,2.24889
Q182481,50.72250,3.16028
Q196922,59.41667,56.68333
Q198087,55.14806,37.47694
Q219836,49.08333,30.96667
Q234728,48.82000,2.28889
Q272040,49.08111,19.61806
Q274873,49.18167,-0.18444
Q383360,47.32556,0.40611
Q490665,50.83417,10.94639
Q504010,52.78333,11.76667
Q509155,47.82083,9.31250
Q564765,51.37750,10.13444
Q650338,59.18639,25.16806
Q659992,48.59028,-0.64028
Q842976,47.94306,22.31667
Q849934,61.20524,26.03484
Q854906,47.43528,19.39861
Q903241,48.81472,28.94472
Q989288,42.87131,-97.39669
Q1014795,16.04250,-61.56472
Q1020978,61.15000,149.63333
Q1095701,48.44944,20.31556
Q2046587,-38.07120,145.48780
Q4164874,48.67944,26.52639
Q4445436,50.17298,27.13761
Q12724494,47.32296,22.25439
Q16892641,61.49190,5.40639
Q26270812,49.18222,-0.18333
Q51885230,46.71641,11.65779
Q97722554,49.18167,-0.18444
Q340,45.50334,-73.58684
Q622,48.89750,9.19194
Q908,47.22250,39.71000
Q1629,6.90417,122.07611
Q1930,45.42472,-75.69500
Q2746,54.63000,39.74250
Q3544,52.72306,41.45389
Q132572,46.85000,29.63333
Q141666,42.56667,47.86667
Q149024,50.58333,27.63333
Q156732,46.64250,32.62500
Q163108,48.64944,-2.02611
Q192773,48.93639,2.49306
Q193877,48.81389,2.38778
Q193899,48.85167,2.47722
Q205632,48.91111,2.38250
Q253939,48.96472,2.36083
Q272897,48.04306,7.30583
Q276362,47.98598,18.16322
Q325549,46.37972,3.59194
Q346802,57.33270,10.52670
Q509739,-2.60000,29.75000
Q542280,48.31056,0.99472
Q623099,46.31389,25.30167
Q644728,42.54611,3.02389
Q689525,43.86139,0.10139
Q752477,45.28583,6.87917
Q789233,48.07119,19.29372
Q805554,47.93611,29.62250
Q855059,34.31636,133.86047
Q856402,47.87266,18.19159
Q1013438,69.55389,31.22667
Q1070674,47.99333,18.26417
Q1072411,48.14611,1.68500
Q3400385,-33.95667,151.14278
Q3917095,49.70111,5.96722
Q5516926,36.17361,73.76667
Q6464316,52.12667,24.71000
Q16668766,42.99667,47.24611
Q56299554,45.53142,6.47403
Q3766,33.51300,36.29200
Q3977,46.31667,44.26667
Q5870,51.01667,13.65000
Q41604,49.89194,2.29778
Q61724,49.62250,9.66278
Q156747,49.58944,34.55139
Q162279,62.89250,27.67833
Q187346,36.36500,6.61472
Q204382,60.86806,26.70417
Q208314,48.80583,2.43778
Q320248,45.09333,1.93778
Q324016,49.01222,0.70611
Q366383,49.07361,-0.07000
Q490689,51.02472,11.51389
Q535674,47.83333,11.13333
Q630345,47.86472,2.12500
Q777334,55.25440,12.11810
Q846967,6.84194,158.33222
Q889573,48.10000,29.11667
Q1019126,55.30860,12.38690
Q1020736,44.52583,6.40500
Q1157521,46.28972,4.30472
Q1529447,48.13340,30.08476
Q2608258,55.00833,11.91028
Q4137632,52.04694,23.71694
Q4242557,47.96250,29.21194
Q4443269,51.93056,23.66056
Q7040,49.31667,7.33333
Q21843,49.21222,6.16111
Q71500,47.95583,-2.54833
Q108223,17.49861,-88.18861
Q177352,45.36417,0.64889
Q191475,46.10750,5.82583
Q197560,52.48333,48.10000
Q242091,49.30333,-1.24833
Q379512,49.29861,0.87333
Q380514,42.70556,3.00722
Q382438,47.63000,7.11917
Q473942,49.47000,-1.62917
Q606385,-35.35333,149.23417
Q617758,46.97561,30.46972
Q660165,16.26750,-61.58694
Q737634,46.85422,30.07167
Q769579,46.26333,4.88778
Q5728205,43.31472,-4.46444
Q6526360,53.30806,26.36222
Q10314293,-8.50000,14.58333
Q1296,51.05361,3.72528
Q2423,57.62639,39.89333
Q7550,50.74778,25.32444
Q10765,51.05000,12.68333
Q15270,59.36667,28.60000
Q59144,21.19667,110.40306
Q68977,49.74056,2.15167
Q72248,48.78750,2.39278
Q81722,51.27000,14.09528
Q103217,50.80964,19.12217
Q190235,55.86194,9.85194
Q193821,47.25917,-0.07806
Q207275,59.30861,24.42250
Q207620,48.95944,2.88778
Q212901,46.19500,6.23556
Q226884,52.21667,13.44972
Q243915,43.68472,4.20861
Q259203,48.89917,2.52306
Q273312,5.15833,-52.64278
Q279681,46.97500,-0.21528
Q529402,48.85500,1.43944
Q625444,48.81056,-0.50139
Q706105,-32.24833,148.60111
Q846440,48.61556,20.99917
Q890311,45.45403,28.28067
Q920381,54.33780,-1.42850
Q2023773,-17.92083,15.95417
Q2037768,46.18456,29.14949
Q2652157,47.07833,29.85333
Q2993511,47.38778,30.19111
Q3500912,55.77250,9.70167
Q4304365,45.28778,41.92917
Q105342,43.11667,132.35000
Q196537,58.05000,65.26667
Q231968,48.93694,-0.83917
Q237281,48.82028,2.13028
Q240286,48.46861,-2.51778
Q328773,48.40917,-2.32222
Q375776,50.53361,2.80722
Q473892,50.60917,2.98694
Q627872,47.64500,0.15306
Q634086,44.84528,0.90972
Q1378116,48.59250,-0.35722
Q1620117,43.53917,2.26333
Q1968907,43.32100,132.35900
Q3641689,48.42306,44.58278
Q4495481,54.21000,36.62000
Q4504229,55.21000,87.64500
Q13029735,52.63333,28.87500
Q28681086,49.31604,-1.10384
Q5540,53.20000,45.00000
Q6643,42.48806,2.75139
Q20097,44.32611,3.59306
Q24599,46.04694,-0.51222
Q133033,56.05000,60.23333
Q147607,50.72778,15.17000
Q194301,45.17083,1.56389
Q211059,59.35750,27.41222
Q211923,46.49639,-1.78472
Q239858,45.85167,5.05639
Q244552,46.33667,5.12833
Q271649,50.67028,3.09639
Q380027,48.04806,-1.50306
Q428594,50.56833,3.21500
Q501910,45.82250,-1.10528
Q572380,40.11667,67.85000
Q590292,50.64550,2.98755
Q622422,42.50806,2.12278
Q624927,47.21310,-0.72583
Q631977,43.49167,2.37333
Q634108,46.22194,-0.14500
Q650910,46.52194,6.02222
Q819103,47.20020,30.90751
Q828265,45.74667,6.29389
Q829292,47.69333,0.41806
Q839648,44.16167,1.53694
Q861873,46.48275,30.20139
Q1014805,15.84972,-61.64361
Q1151331,48.20139,2.99806
Q1369210,42.69167,2.69556
Q1409781,46.23222,0.68583
Q2962272,47.21222,-0.72694
Q3496549,-33.96811,151.10408
Q4101221,52.36667,84.40000
Q65233415,47.15500,5.74167
Q690,52.01167,4.35917
Q3739,11.86000,-15.58333
Q8660,24.86000,67.01000
Q21178,55.23333,11.76667
Q33280,48.91694,38.43056
Q149118,48.25000,25.19167
Q158872,48.91667,40.40000
Q186644,46.02320,29.66315
Q262669,48.16667,12.83333
Q609028,48.11667,39.08333
Q650577,59.26444,25.96278
Q713225,47.94455,35.43313
Q760235,47.25139,35.70583
Q890122,45.68283,28.61003
Q987345,49.28286,38.89739
Q1001478,47.97786,35.90989
Q1009558,46.69767,35.15544
Q1234827,51.23040,-3.83636
Q1958270,50.06833,34.75921
Q1965817,50.05622,37.38953
Q1992503,49.33539,34.31620
Q2350804,48.63333,38.38000
Q2354490,48.43333,38.81667
Q2414524,49.41500,38.15500
Q2443246,49.20764,39.59128
Q2624590,55.35440,11.68890
Q3298739,41.48333,20.91667
Q3300789,41.22056,22.70500
Q3305084,41.18647,22.72030
Q3367868,51.47670,-0.21380
Q4323002,48.96053,38.99353
Q4324568,47.42112,36.97300
Q12149265,49.38472,26.95306
Q12884102,38.30278,21.78472
Q13520833,49.03333,32.10000
Q22544,48.73472,7.05389
Q43295,50.62278,3.14417
Q105235,53.76667,38.13333
Q185075,48.89639,2.09056
Q271083,62.56722,7.68694
Q274145,48.20028,-2.98611
Q318135,49.01583,1.38194
Q367667,49.35417,0.51389
Q510245,43.65194,3.04000
Q537086,50.52167,3.11611
Q543502,50.71250,2.99944
Q582724,42.46000,2.03972
Q627225,49.64083,-1.57889
Q642333,46.05194,3.92472
Q733076,46.27139,5.36833
Q735931,43.61361,1.08083
Q736333,48.57778,-1.09194
Q752260,42.55528,2.26972
Q818981,45.88889,6.09611
Q1014924,45.12306,4.98278
Q1071742,49.64833,-1.65472
Q1786102,46.26667,30.43333
Q2211730,68.11832,13.55339
Q2679306,46.03222,4.31139
Q2930166,68.25167,13.76861
Q3573057,66.34138,14.13911
Q11971308,61.16833,10.40472
Q11990397,62.53472,7.44250
Q23042282,59.15472,6.19417
Q28720397,59.69473,8.06306
Q65244070,49.28556,0.18389
Q121581742,68.81777,16.55049
Q1726,48.13750,11.57500
Q1735,47.26833,11.39333
Q2090,49.45389,11.07750
Q3085,48.48333,9.21667
Q3150,50.92722,11.58639
Q7072,51.89583,11.04667
Q14904,51.43306,14.25000
Q14925,51.21667,10.45000
Q19520,55.43111,37.54556
Q20352,53.36472,13.06361
Q27119,55.49083,9.47222
Q46843,50.50944,12.40000
Q104717,54.41667,86.30000
Q106583,49.82250,19.04444
Q132801,43.92806,2.14583
Q132829,53.61667,52.41667
Q161962,53.34917,18.42605
Q163973,48.96111,10.13056
Q201066,47.93333,12.93333
Q204164,45.58028,28.98250
Q209821,49.39806,4.70111
Q234184,51.13333,23.48333
Q284317,52.40667,12.15917
Q291575,48.15556,-0.40250
Q319813,52.18333,22.28333
Q382481,50.29083,9.11250
Q494747,51.95042,14.71430
Q502662,50.81167,10.23333
Q525632,52.27250,11.85500
Q571959,54.25000,12.46667
Q644530,50.86150,-2.16270
Q652802,47.53083,25.55139
Q1009324,54.40361,-1.73722
Q1165033,50.66611,3.21056
Q1409548,50.88167,44.82556
Q1796771,51.75111,11.97361
Q16155952,54.24250,86.20722
Q135350017,38.75690,-9.27812
Q136717346,42.97305,-5.01616
Q1724,49.23333,7.00000
Q1851,64.54306,40.53750
Q2978,49.01667,12.08333
Q4051,47.65417,9.47917
Q4185,52.52333,7.31722
Q5239,43.04000,44.67750
Q6014,53.35667,83.78722
Q7027,48.87722,12.57583
Q7033,51.50500,10.79111
Q8810,37.17500,-3.60000
Q14907,49.27889,7.11500
Q15977,52.69064,7.29097
Q16085,52.92222,12.80000
Q16145,50.86833,9.70667
Q36262,17.12111,-61.84472
Q58880,54.16667,25.00000
Q157660,57.11667,35.46667
Q213515,47.37278,-1.17833
Q232534,49.02028,-0.63194
Q233909,48.79750,2.42417
Q259376,46.23806,3.15306
Q300577,12.93333,79.13333
Q489147,50.71667,10.45000
Q502434,51.46667,11.30000
Q509952,53.14972,12.18306
Q518663,47.81667,10.90000
Q545359,48.44195,12.94430
Q545923,45.83552,29.61466
Q550275,50.66389,11.56806
Q565624,53.50000,13.75000
Q565982,45.91917,6.14194
Q572545,51.74531,14.64780
Q648164,48.46056,-1.48472
Q722401,53.05330,7.33250
Q842411,26.78333,82.13333
Q1019502,56.98333,9.63333
Q1770943,54.71110,11.92610
Q1897000,54.35833,21.32222
Q2731411,42.20000,21.83000
Q8743529,55.70620,10.01550
Q19906612,49.91453,128.84731
Q33506187,47.67166,9.58912
Q62036301,46.82639,-0.13750
Q131674010,47.51354,10.28193
Q1362,33.69889,73.03694
Q3323,50.60000,36.60000
Q16868,27.50611,-99.50722
Q43433,30.73639,76.78833
Q138311,40.66222,-74.20917
Q148979,50.52469,26.24319
Q158053,48.30000,39.73333
Q158604,44.75278,33.86083
Q201439,53.75000,27.33333
Q208499,48.75000,30.21667
Q547581,35.47444,-76.80889
Q572366,48.08455,39.65163
Q591822,48.11114,32.76477
Q608400,48.69639,38.98167
Q756645,41.31694,22.56111
Q757050,56.96833,26.30667
Q912758,53.45278,125.80472
Q915662,49.52198,39.56754
Q1002490,35.10833,-77.04444
Q1018150,37.75806,26.97444
Q1967078,47.19417,36.20232
Q2028258,36.06083,-76.60833
Q2350295,49.05000,38.21667
Q2415989,48.40194,39.21028
Q2494413,51.93333,30.80111
Q2502218,51.49278,30.53139
Q4145244,60.23187,44.36192
Q4220349,46.85194,35.37611
Q4236822,55.49139,45.48278
Q4328510,60.41111,44.23444
Q4439422,48.64494,39.49575
Q4979552,34.03982,-77.94658
Q6523953,53.72636,27.32031
Q15360731,59.71510,50.69830
Q23882265,53.33611,35.57444
Q135350044,38.76382,-9.26312
Q2145,46.81611,-71.22417
Q106681,52.65000,19.05000
Q156734,48.66667,33.11667
Q157246,41.03194,21.33472
Q158923,49.25000,23.85000
Q194001,53.96667,48.80000
Q219766,49.42611,31.28056
Q219869,49.29250,31.45806
Q224764,49.08333,33.25000
Q496424,41.35000,-1.63333
Q760224,46.51667,32.51667
Q829317,46.83333,33.41667
Q930449,49.78222,23.64361
Q932234,49.15444,23.03000
Q997392,49.94694,23.39306
Q997452,48.65889,30.81861
Q1020103,48.31970,30.23530
Q2010751,46.71000,34.55000
Q2321360,38.18694,-76.43444
Q2391321,48.96167,30.34194
Q2453038,47.00700,33.72800
Q2629547,46.63167,32.44522
Q3110186,5.78333,36.56667
Q4235118,48.80806,33.02278
Q4427447,49.77694,23.96139
Q31879382,38.84472,-9.27306
Q2132,48.42215,-123.36570
Q2801,53.24250,34.36667
Q2999,49.79444,9.92944
Q28031,55.05972,10.61000
Q47716,32.78333,-79.93194
Q52735,46.87417,32.03111
Q104764,60.03333,37.78333
Q134433,58.13333,52.65000
Q157919,39.51667,47.03000
Q161945,39.43653,-0.46790
Q179407,57.81667,27.60000
Q189059,39.10470,26.55360
Q215971,58.99444,24.80111
Q269512,50.36105,33.26517
Q269538,49.14736,34.19927
Q385527,50.37917,2.33472
Q411723,56.72111,21.60167
Q487439,51.22250,51.37250
Q492297,48.24500,28.27778
Q498256,56.40667,24.18750
Q592438,38.03083,22.10861
Q669688,46.11667,32.91667
Q731023,54.93800,10.71600
Q742161,53.30000,28.63333
Q794712,40.21528,46.81278
Q805759,56.94472,27.64472
Q889579,49.38694,36.21417
Q913962,49.03778,23.51389
Q954519,54.81281,29.70624
Q1002607,49.69550,37.17544
Q1025181,48.05000,30.85000
Q1571133,47.49389,33.52814
Q2010577,50.27972,35.98233
Q2058364,53.31250,34.30556
Q2120815,46.12694,30.38500
Q2671197,-26.31778,27.65056
Q3240427,62.63228,17.93794
Q4061193,48.70000,36.91667
Q4123759,47.20194,37.31278
Q4446340,53.20556,34.31111
Q4463595,49.90811,38.28656
Q4533831,55.81956,48.89112
Q6681850,31.70860,-93.29330
Q13029609,52.83127,25.48309
Q16679739,52.94917,45.64000
Q66311787,50.80389,4.32917
Q875,53.71667,91.41667
Q3870,-1.28639,36.81722
Q29756,48.03333,38.48333
Q33581,48.85325,37.60589
Q128499,44.49944,34.15528
Q156752,50.90667,34.79917
Q157137,47.91000,33.39000
Q181632,54.48333,26.91667
Q196386,56.18511,36.97762
Q201203,54.31361,26.85167
Q207105,46.62536,32.72525
Q219767,48.88731,26.84764
Q283368,35.95000,39.01000
Q283547,47.81629,34.74706
Q290569,49.38108,40.12572
Q370242,58.53556,25.46667
Q503469,45.90750,28.19444
Q574553,48.80944,29.39056
Q591896,51.14740,34.30254
Q607203,47.31667,31.78333
Q639428,48.65611,34.32833
Q744437,-26.17972,27.70417
Q761130,46.17694,34.79889
Q763015,40.08333,65.38333
Q809665,48.90667,37.01306
Q815044,7.53333,39.25000
Q889549,47.07083,32.79972
Q889563,47.68333,32.50000
Q889630,48.88917,36.31611
Q908683,56.44722,21.59333
Q995152,46.80000,33.46667
Q1019843,48.51197,29.21367
Q1027029,56.94083,24.28611
Q1075057,51.33470,33.86864
Q1234080,14.82472,-61.11444
Q1703042,57.41000,32.33000
Q2000479,47.69778,31.85444
Q2000489,47.62921,30.98963
Q2010517,46.83947,34.37597
Q2010524,47.49623,33.92297
Q2010759,46.25806,33.28425
Q2010769,46.35444,34.33611
Q2374909,52.55556,34.55833
Q2378055,40.77528,68.32722
Q2429530,48.38000,30.44722
Q2453477,47.93333,30.33333
Q2453553,47.86361,31.57806
Q2571922,46.85500,31.38750
Q2658192,46.36288,33.53020
Q3562943,47.59936,37.49986
Q3626628,54.38500,48.27889
Q3917194,53.52970,28.24670
Q4092117,54.13972,48.22778
Q4095855,52.59028,34.60278
Q4218840,43.01833,79.22430
Q4280256,47.05000,37.30000
Q4439812,56.28000,31.67028
Q4440090,47.75000,38.03333
Q4454309,47.41389,38.01083
Q4537455,46.96667,37.26667
Q9017250,40.14006,65.36017
Q12562091,47.95161,80.37965
Q18802398,52.09842,35.07500
Q61480433,55.61663,37.67130
Q128789999,68.19498,13.94036
Q2028,45.43861,10.99278
Q6274,46.16972,9.87000
Q37801,47.76167,27.92889
Q43509,-2.19000,-79.88750
Q45942,36.90000,7.76667
Q52101,51.49972,3.61361
Q52842,51.75700,18.08300
Q131818,35.69694,-0.63306
Q147747,48.15972,25.71500
Q149054,48.37528,25.49778
Q149151,48.44250,25.76139
Q235382,47.87278,-3.54972
Q282824,49.96667,24.61667
Q431347,47.84250,25.91917
Q837170,47.55389,25.88917
Q1084614,44.86861,0.37528
Q3220035,43.90889,39.33139
Q3398298,44.74170,-65.51530
Q4216074,47.83333,66.73333
Q92906313,5.84320,42.10040
Q1763,68.96667,33.08333
Q6231,45.13333,10.02472
Q33342,49.79556,30.11667
Q47711,47.24083,5.22306
Q148909,50.01667,29.01667
Q148997,50.76889,29.27000
Q158910,50.35000,30.95000
Q167152,49.38111,3.32250
Q196786,57.53333,38.33333
Q208151,12.43483,-86.87883
Q386402,54.77530,11.50350
Q591719,50.73333,24.16667
Q669677,50.64194,24.36056
Q841026,50.51111,30.79000
Q872377,50.45500,28.66528
Q946994,50.28333,29.53333
Q955825,-12.75889,45.08278
Q1020488,49.90444,3.78833
Q1996325,50.73833,24.63722
Q2086991,-12.72194,45.05667
Q2087001,-12.93500,45.15083
Q2087010,-12.83000,45.11278
Q2087092,-12.95667,45.10500
Q2445553,51.43960,24.43725
Q2652141,51.06667,28.38333
Q2980442,50.10750,27.70583
Q3324576,69.40000,18.59583
Q3482296,7.20556,37.77778
Q4412894,51.41500,24.52694
Q12317764,54.96222,8.69611
Q108070293,50.61944,24.46222
Q104654,57.78333,36.70000
Q126148,35.76963,-5.80335
Q2987876,54.72924,28.06447
Q4081008,50.18194,36.12417
Q6471587,54.12083,27.59694
Q6536194,54.69853,29.63403
Q6783048,7.73333,35.48333
Q13664139,54.45389,26.31972
Q20536885,54.68444,29.61917
Q29402123,54.06333,47.02139
Q6221,45.53889,10.22028
Q30617,9.86429,-83.92071
Q70598,49.73333,29.68333
Q133026,55.08333,38.78333
Q158821,49.35000,23.50000
Q161984,50.07472,29.91806
Q165243,48.53333,37.71667
Q198190,55.56667,39.53333
Q201125,45.37778,20.38611
Q205765,51.56667,26.56667
Q265372,42.37222,9.35500
Q319242,32.50110,34.89230
Q428666,51.24091,29.38697
Q652665,68.67644,17.12079
Q653642,49.68971,30.47511
Q668180,-2.08417,29.75139
Q672458,13.48036,-88.17722
Q782857,-2.48333,28.89667
Q793424,49.44643,24.94364
Q992776,-2.16083,30.54417
Q997421,50.17750,30.32167
Q1000404,50.60000,32.40000
Q1020058,51.89244,31.59536
Q1134454,11.39500,-69.68158
Q1669868,50.91639,31.11472
Q1996358,47.79580,38.48009
Q2235493,49.65000,30.98333
Q2353526,47.11667,38.08333
Q2415973,48.47028,37.08222
Q2452608,47.35833,31.23972
Q2494365,47.94194,37.50361
Q2659309,51.07639,29.63750
Q3464303,46.55000,-70.98330
Q4295318,58.94389,34.75139
Q4300092,54.05833,33.89861
Q4303188,51.84611,25.92833
Q4387344,51.19306,29.73639
Q4583724,62.58667,7.49472
Q15695968,59.34806,6.23944
Q16846220,61.02000,5.46139
Q61297902,22.51944,-99.32222
Q6285,45.81667,8.83333
Q3920507,51.84861,30.16694
Q6524736,54.03889,27.56389
Q914,48.70861,44.51472
Q1308,45.81025,9.08614
Q1647,45.33333,14.43333
Q33292,46.75556,36.78889
Q46060,53.30139,28.23111
Q102667,52.51667,85.16667
Q104984,55.83333,32.93333
Q175480,55.85000,38.43333
Q183199,39.66361,20.85222
Q188336,32.96583,35.49833
Q192176,46.83333,29.48333
Q208609,54.50917,30.42583
Q615132,52.86444,24.89083
Q955726,51.81056,29.15306
Q956460,52.47167,25.17833
Q956621,52.05556,27.21389
Q956635,52.75802,25.15294
Q1017175,24.18000,88.27000
Q1067163,7.20000,35.41667
Q1967227,48.50151,36.10999
Q2079090,52.14833,24.86556
Q2446336,53.32222,26.01333
Q2471115,55.40556,30.72278
Q2471143,52.73333,27.46667
Q2478237,55.30000,30.70000
Q2502234,51.67000,30.43639
Q2596984,53.83333,23.65000
Q3562393,-1.29472,30.32722
Q3656273,53.73389,26.99583
Q3917964,55.19694,29.96972
Q3918580,53.85944,24.39361
Q3919272,52.75333,25.41556
Q3919506,53.13330,25.90000
Q3920123,53.40720,26.83720
Q3920126,53.45000,26.73330
Q4083955,52.48639,30.43861
Q4085432,51.91806,29.58694
Q4087190,51.34521,40.71479
Q4088315,53.52768,28.17538
Q4089903,51.75000,29.10000
Q4322019,52.58500,30.66750
Q4439651,52.57944,30.65611
Q4498653,52.52167,30.42194
Q6467974,52.24056,24.22917
Q6469081,53.75472,25.83361
Q6469292,53.92417,25.51083
Q6477160,52.61750,25.91917
Q6491145,54.04278,28.62417
Q6493959,54.39500,28.74889
Q6496633,54.54972,29.19028
Q6507796,54.48639,29.28278
Q6520778,54.28667,28.96917
Q6527410,54.48639,29.15361
Q6550833,54.59000,29.13889
Q9373044,53.01780,25.37500
Q11028125,52.25861,25.13278
Q13029443,52.51222,25.56250
Q13029468,52.47750,25.74722
Q13029546,55.07944,27.42167
Q13029566,53.01083,26.04694
Q13030119,52.96667,26.53333
Q13030143,53.82028,26.66806
Q13030158,55.11361,30.28000
Q13030593,53.46144,26.67558
Q13133146,53.92500,27.17028
Q13133241,52.81824,25.71646
Q13133249,53.44722,25.65750
Q13133256,52.23667,25.66833
Q13133375,54.38333,29.28972
Q13133603,54.98111,26.89111
Q13133877,52.13622,25.11361
Q13662737,52.81528,28.80500
Q14917011,53.34667,26.77944
Q16709293,54.32111,28.76972
Q16714220,54.36361,31.23750
Q18400944,53.08500,27.55500
Q20468392,55.73889,27.79389
Q20512104,55.74139,27.92083
Q20538627,53.51583,29.84083
Q20661958,53.40056,30.90389
Q21633666,54.58944,27.20778
Q21633770,54.50250,27.14944
Q21649799,53.52297,28.18703
Q21649981,53.29278,28.25250
Q3367,45.73722,7.32056
Q13139,43.16128,13.71840
Q39538,39.76667,45.35000
Q44840,58.36333,25.59556
Q103377,56.39805,38.73696
Q128931,53.63333,30.26667
Q132714,58.40000,33.91667
Q133052,58.86667,60.80000
Q162615,37.60194,-0.98417
Q178531,43.98869,22.87406
Q196925,52.75000,103.65000
Q477232,50.28361,57.22972
Q554368,39.63722,45.50861
Q762099,56.19472,40.53083
Q791673,48.13333,37.75000
Q955468,53.10000,30.05000
Q1253628,39.68333,45.46667
Q1496754,54.58528,20.56972
Q1817026,53.80556,64.17778
Q2032635,52.56111,30.87861
Q2471902,55.41167,28.47500
Q4059821,47.95694,43.97639
Q4073482,55.43722,38.60250
Q4092082,57.85028,31.09833
Q4093959,58.13000,31.16306
Q4094405,52.64806,82.17611
Q4110353,57.90778,30.85389
Q6469676,52.36111,24.85639
Q9146749,54.32970,30.28330
Q19826921,51.12541,40.56367
Q20662011,53.36944,32.44639
Q20663850,53.03556,30.62583
Q21649823,53.42694,27.92667
Q21649829,53.43000,27.90028
Q21650716,52.51778,27.77361
Q2630,57.00000,41.00000
Q7947,59.71667,30.41667
Q19583,41.98169,44.11242
Q39565,40.36667,45.13333
Q43070,48.01583,37.80278
Q45872,48.30222,37.26139
Q103676,55.53333,37.05000
Q104560,52.03898,47.78392
Q104991,54.75000,83.10000
Q132972,61.06667,42.10000
Q134279,48.57171,39.29732
Q154661,54.03528,35.77667
Q155597,56.43806,38.22944
Q157260,48.33361,38.09250
Q157757,54.96667,39.02500
Q159124,52.89222,40.49278
Q159139,55.50000,36.03333
Q164001,55.38333,36.73333
Q200891,53.68333,27.13333
Q544003,49.19583,37.28028
Q550040,51.75000,23.60000
Q651555,55.56278,28.22583
Q954812,54.28333,30.98333
Q955126,53.56945,31.38059
Q1018529,55.63611,38.08028
Q1536674,54.97778,21.26667
Q1666449,50.02530,33.94765
Q1886651,55.64322,38.00883
Q1944828,55.83333,38.18333
Q1967539,56.49639,38.18500
Q1996181,39.60028,47.14306
Q2268790,40.33528,46.93028
Q2394006,39.40000,47.02611
Q2416525,48.40000,37.83333
Q2416554,47.75058,37.67156
Q2628283,56.23000,35.63667
Q2995144,53.89000,26.74139
Q3631655,56.16111,37.94639
Q3816849,55.59111,38.18028
Q3830924,55.63893,37.20829
Q3843936,55.11194,38.17389
Q3859660,55.71917,39.73833
Q3918641,53.20331,29.67706
Q3920248,53.54740,30.03700
Q4009878,56.52806,37.60028
Q4023650,55.92500,37.92278
Q4024098,56.10000,37.91667
Q4025776,54.98306,38.02417
Q4145136,54.22541,26.59961
Q4164327,53.80778,25.51194
Q4164965,47.70713,36.01489
Q4197245,52.54667,30.54056
Q4201061,46.75035,36.07847
Q4439624,52.50639,30.76528
Q4584531,53.72694,24.76444
Q6478598,52.03278,29.93333
Q6483549,53.70000,25.10833
Q6510582,53.69944,27.10472
Q6521497,52.39250,31.03167
Q6524979,52.04694,29.98667
Q9174369,55.65861,37.98694
Q11820917,53.69278,23.68944
Q13028167,55.54556,29.74889
Q13029432,54.62472,27.66750
Q13030072,55.53583,29.58500
Q13663074,52.90889,28.93694
Q13663096,52.93667,28.93694
Q16702120,53.72861,28.57111
Q20469431,55.56861,29.74167
Q20572159,53.20778,29.66056
Q20608341,53.71278,31.96306
Q20610481,53.53306,29.56889
Q20610491,53.54028,29.48111
Q20661020,53.94167,31.30528
Q20661994,53.25583,32.37444
Q20661995,53.23444,32.41278
Q20662257,53.54833,31.52389
Q20662258,53.57000,31.45667
Q20676500,53.67250,23.73167
Q20677658,53.01417,24.75139
Q21625085,53.46222,24.93167
Q21625517,53.76111,25.90722
Q21634175,53.09833,27.21139
Q1083,40.68056,14.75944
Q12066,45.55000,9.11667
Q40094,46.13333,9.56667
Q42234,52.76667,52.26667
Q42924,45.46667,8.91667
Q103565,52.56667,103.91667
Q103747,54.85000,46.23333
Q103789,55.38333,43.80000
Q108037,57.53806,25.42306
Q143297,55.91667,36.86667
Q154994,57.82917,26.52889
Q193473,46.48333,41.53333
Q199500,40.78333,43.83333
Q460396,69.75611,61.66667
Q704844,45.37361,44.22083
Q963271,48.35972,43.08639
Q983121,53.41222,26.06083
Q1019815,50.94861,30.88111
Q1104773,50.28806,36.94611
Q1613499,40.57222,43.86694
Q2311537,40.68139,44.29028
Q2470394,54.15000,25.31667
Q2535670,40.63611,44.22306
Q2672566,40.95444,43.78722
Q3635276,15.82222,78.03500
Q3646114,45.52861,9.17333
Q3918410,52.84750,30.41917
Q3919064,52.20139,27.60139
Q3977557,45.49110,9.10028
Q4062071,51.93833,29.70583
Q4066682,59.77056,30.05611
Q4067314,57.66528,45.08056
Q4097386,54.00222,35.04806
Q4097883,54.00222,35.04806
Q4122736,54.57389,26.62167
Q4124170,58.54639,31.32917
Q4125957,54.42972,36.04556
Q4126531,46.12389,47.67000
Q6469984,54.40667,28.58500
Q6473370,54.62358,31.07747
Q6474299,53.58556,25.95639
Q13029557,54.63844,30.46856
Q16693229,53.68611,28.99083
Q16694514,53.96056,29.23333
Q18536613,54.36819,29.90597
Q19614319,46.48833,41.54250
Q20446316,55.87389,28.84167
Q20446780,54.65944,29.38583
Q20456359,55.88222,28.84917
Q20459224,54.28972,31.07944
Q20465685,54.37889,29.83556
Q20607512,53.51333,31.86972
Q20611311,53.32444,31.52889
Q20663776,53.19583,30.99389
Q20663783,53.02139,30.86389
Q29404053,57.50731,32.71579
Q2072342,51.33333,30.58333
Q2471796,52.80556,29.41611
Q4108154,53.95000,35.18333
Q4108953,51.07354,33.77782
Q4108976,50.82829,34.95434
Q4226513,51.89833,29.89889
Q6496129,53.26806,29.34722
Q6511116,53.17500,26.02500
Q20469870,55.52917,29.51083
Q20663410,52.64611,30.20194
Q20678170,52.79222,29.41417
Q3927,46.35000,48.03500
Q39506,41.03750,43.85806
Q39510,40.30000,44.40000
Q39542,40.18000,45.72000
Q104232,56.28167,90.50389
Q132947,57.96667,33.25000
Q134318,55.55000,35.00000
Q134667,58.88333,40.25000
Q158292,48.51028,32.26667
Q193905,57.77694,26.03111
Q212546,41.63889,42.98611
Q221858,55.61000,38.39389
Q500888,41.40556,43.48611
Q591462,61.67778,96.38333
Q695151,47.24361,47.03278
Q955740,52.24722,29.82722
Q1106097,49.68778,36.35583
Q1155098,40.61667,43.95000
Q1805635,58.64833,25.03167
Q1958096,40.78100,43.90011
Q1973432,45.67556,40.28083
Q2088575,52.88167,25.49694
Q2312752,42.96160,46.10384
Q2371760,48.34111,38.42778
Q2642561,57.65139,53.80889
Q2681555,54.55139,25.90278
Q3920578,51.60861,30.49306
Q4070322,52.14944,30.53306
Q4070628,51.45028,40.93222
Q4071757,57.77111,31.07667
Q4099531,58.14806,31.05500
Q4104778,52.24694,31.50861
Q4104822,57.62111,27.92444
Q4120384,48.52361,40.32083
Q4140462,52.06111,31.27361
Q4153850,52.53750,29.52667
Q4156016,51.86056,29.91833
Q4157764,52.53861,31.47778
Q4168928,54.14861,27.92417
Q4287599,53.39056,25.29472
Q4393957,55.59722,38.46194
Q6473858,53.14389,25.27528
Q6484145,53.17111,27.33417
Q6487287,53.77469,27.18072
Q6487362,53.30528,25.30528
Q6502073,54.12601,27.95302
Q6525149,53.15472,25.27194
Q6549836,53.78389,27.14861
Q7287311,52.63556,30.52111
Q11171181,54.24835,27.71013
Q13029597,53.63361,30.47139
Q13029614,53.27389,25.91944
Q13133277,53.52250,25.09389
Q17047254,53.57944,32.32694
Q17094449,55.44778,29.82250
Q18408194,53.04500,27.36500
Q18765954,55.56333,45.58167
Q19826954,51.12581,40.64907
Q20468104,53.64278,30.06500
Q20677606,54.59556,25.89167
Q20677653,53.34167,25.32528
Q21625100,53.52389,24.11944
Q29402987,59.24309,33.52471
Q116236806,52.45194,28.46167
Q2592,57.76806,40.92694
Q16978,44.93333,38.00000
Q117513,58.74611,26.39556
Q135543,55.20000,32.41667
Q135650,55.76667,52.03333
Q143334,56.11667,69.50000
Q157795,48.62028,37.52778
Q162083,51.23750,33.20833
Q163643,55.56694,38.23028
Q175752,54.80000,38.26667
Q178175,56.41667,38.18333
Q196498,54.88694,38.07722
Q197582,55.88917,37.44500
Q197620,56.25350,37.97682
Q198369,55.91667,38.00000
Q241475,53.89556,25.29583
Q269517,50.01856,32.98686
Q656373,51.43861,30.56750
Q915653,56.13556,37.93179
Q947993,56.07667,37.06222
Q956471,52.18667,25.15306
Q1025836,55.65000,37.95000
Q1025872,55.02611,30.79472
Q1025883,53.45000,25.40000
Q1469378,56.13417,38.44000
Q1879003,49.25417,30.82067
Q2368597,56.79278,36.83944
Q2457921,55.55000,40.00000
Q2471192,54.45417,30.00850
Q2659561,52.31444,28.81556
Q2686629,58.25139,35.07668
Q3879094,55.70667,37.36750
Q3958516,56.72806,37.61806
Q3962555,56.37167,38.17333
Q3973796,55.24833,37.49861
Q3978485,55.89833,38.13167
Q3979218,55.95750,36.22667
Q4146519,58.31611,31.70333
Q4148234,51.66667,28.41444
Q4149191,58.55139,31.21222
Q4169718,52.17556,31.55028
Q4170788,53.43056,29.96972
Q4170933,52.70056,30.71500
Q4206580,52.63472,29.99028
Q4232885,54.50472,26.36861
Q4236294,54.04417,34.93806
Q4262698,52.35806,29.56639
Q4264756,53.82944,31.75444
Q4268843,52.96333,29.97083
Q4296013,52.38722,29.57528
Q4395428,56.43340,37.15560
Q4519663,53.50611,29.73667
Q5289469,53.16889,27.49194
Q6478452,53.24444,26.50806
Q6484104,54.22306,27.18500
Q6488160,52.23806,25.55833
Q6499176,54.46028,28.29222
Q6509851,53.51083,27.14083
Q12118255,54.23167,27.77389
Q13029706,55.00886,30.77158
Q13029820,53.77361,26.80611
Q13666784,54.51056,26.33333
Q16638746,53.02750,28.93389
Q16665936,54.04944,30.83389
Q16736949,53.76969,23.75475
Q17047451,52.61667,28.05000
Q20468227,53.48944,29.69222
Q20471932,53.17028,28.77389
Q20609063,53.56194,32.01444
Q20613769,53.79056,31.69583
Q20663804,53.09083,30.78222
Q20664168,52.47444,28.45972
Q21634192,53.23333,27.36000
Q21650502,52.63194,27.36583
Q21650687,53.82167,26.83972
Q21650972,53.61417,28.49194
Q21850537,54.03518,33.88031
Q613714,58.66250,27.16333
Q2442844,55.83472,29.98472
Q3918800,52.45083,28.01972
Q4216732,54.98750,31.63350
Q4440910,52.23056,30.87250
Q6511204,53.46556,25.45111
Q18705348,52.49806,23.57139
Q27486331,56.84167,23.58722
Q4180954,49.68684,33.00546
Q4183241,51.80000,29.38389
Q135394,55.93333,37.50000
Q135686,58.46667,92.13333
Q136551,52.38333,38.91667
Q143055,54.18806,26.45028
Q144017,48.31667,40.26667
Q144057,53.79194,81.34861
Q144345,56.20000,95.70000
Q154835,53.90894,30.34296
Q155587,59.73624,30.08620
Q155606,54.95000,22.50000
Q155797,50.95000,46.96667
Q157134,48.05556,37.96111
Q157841,53.86667,34.46667
Q159230,53.45000,41.80000
Q200905,54.09444,28.32139
Q488987,40.00554,52.99328
Q744167,54.01960,31.72470
Q925340,49.74472,31.45583
Q1004200,61.55000,45.93333
Q1024822,40.59306,45.35722
Q1026291,42.88333,74.85000
Q1686835,48.23111,38.20528
Q2354450,48.15000,38.25000
Q2467424,60.55448,29.56499
Q2617132,52.85278,27.17778
Q3372826,58.43333,31.70000
Q3635507,64.41222,40.46389
Q3838421,57.00000,42.25000
Q3918452,52.81167,30.71139
Q4097035,58.45000,31.66667
Q4160787,51.49583,29.34361
Q4180813,52.33417,30.45528
Q4182603,52.65972,28.56194
Q4210892,53.54083,28.83194
Q4211378,50.88620,45.48800
Q4211874,46.41111,37.95000
Q4212069,49.08932,34.47693
Q4213155,52.27389,30.22611
Q4237648,53.93333,37.16667
Q4238035,56.02295,37.42802
Q4238371,51.45389,29.35500
Q4238925,50.62167,41.28722
Q4239597,52.94722,33.74111
Q4270140,53.01098,30.02140
Q4272768,52.65833,28.53556
Q4275801,54.02639,34.86583
Q4278606,47.95472,44.68083
Q4298201,52.16056,29.02278
Q4298738,51.79111,29.20250
Q4303841,47.88757,35.58454
Q4358027,59.92861,34.20667
Q4902235,59.59861,54.31500
Q5521848,38.48306,64.15250
Q5579783,53.01000,26.67778
Q6508387,53.61778,27.19222
Q6508463,52.68750,27.90417
Q6510918,53.04667,25.96278
Q6511252,54.52733,30.72253
Q7231494,59.00470,55.87840
Q11766492,53.32694,23.82139
Q13029859,53.86972,25.69056
Q13030047,53.32050,31.05350
Q16700744,53.73389,29.16667
Q16705584,53.89750,28.79750
Q16773084,55.89056,53.08194
Q17045669,52.56196,25.37692
Q20189299,54.52944,30.30250
Q20468916,54.37611,30.00139
Q20469049,55.91528,29.31944
Q20521924,55.87222,28.34556
Q20537547,55.10028,28.80556
Q20661324,53.96028,31.80944
Q20663793,53.18639,30.67278
Q20663794,53.19250,30.68556
Q21626318,54.76083,26.38722
Q21650279,54.08333,28.27028
Q21650759,53.35472,27.21333
Q21650763,53.37000,27.17333
Q21650776,53.34139,27.20361
Q22250074,53.85778,31.37194
Q28522937,56.16132,66.46068
Q3159,51.73722,36.18722
Q135285,54.23333,49.58333
Q146435,56.86667,37.35000
Q153380,57.45000,42.15000
Q153655,52.65000,42.73333
Q153698,56.33389,36.71250
Q156056,55.45000,40.61667
Q156648,55.40000,49.55000
Q157447,53.01155,39.12812
Q162698,53.28333,36.56667
Q175209,57.03333,29.33333
Q175505,57.55722,49.93417
Q216119,59.35167,26.96111
Q216794,59.99894,32.29580
Q279568,45.52861,80.61664
Q842021,58.84778,26.94778
Q922668,53.45472,26.46667
Q945796,67.73717,14.80422
Q954132,54.87500,28.69444
Q956464,52.21667,27.46667
Q984871,45.23756,38.98059
Q991431,69.01731,15.11925
Q2496758,48.15000,38.36667
Q3174045,55.83056,46.08883
Q3853955,52.41500,104.04944
Q4066658,60.73917,37.13000
Q4084104,52.84361,30.95806
Q4220403,59.46389,29.62500
Q4221580,47.66309,35.70227
Q4225455,53.04825,29.53772
Q4249079,52.88500,26.32611
Q4250821,57.79381,58.51644
Q4252736,58.15583,31.82028
Q4290031,54.75528,42.42833
Q4293287,54.06028,32.17861
Q4311693,56.91861,38.26139
Q4314705,52.22722,29.72028
Q4325285,58.52472,31.69750
Q4411853,52.79556,30.92278
Q4425857,58.82722,36.54861
Q6468270,53.30944,25.59333
Q6501166,54.46358,30.91728
Q6505148,54.38861,28.46556
Q6507881,53.12139,26.77722
Q6516306,53.29806,25.59333
Q6520760,54.07580,24.84530
Q6522000,53.30944,26.68917
Q6535495,53.25417,26.17944
Q6537030,53.29111,26.66556
Q11778237,54.28180,27.03960
Q11789781,52.55722,24.77444
Q13029785,52.96278,26.87667
Q13662949,52.82083,28.63472
Q13663048,52.89556,28.77639
Q13663068,52.96280,28.80640
Q15474408,54.46000,26.19889
Q16576884,53.19656,31.34485
Q17045699,52.78687,25.08284
Q17047386,52.99778,26.78750
Q17094426,52.97167,26.77389
Q18400909,53.05389,27.23139
Q19618840,59.44222,56.71528
Q20472821,55.13750,29.63194
Q20476133,54.62167,28.71167
Q21582301,53.49132,24.66654
Q919,56.00889,92.87194
Q5713,37.60000,61.83333
Q13379,55.44083,65.34111
Q37133,47.13056,37.56389
Q136692,54.76528,38.88361
Q155455,61.25000,46.65000
Q156724,49.06306,33.40389
Q157065,45.33861,36.46806
Q157482,54.65000,86.16667
Q158010,55.71600,51.41000
Q200960,54.32500,29.13611
Q319735,39.51111,46.34167
Q599374,53.78139,27.59583
Q600598,54.84167,21.52500
Q1946320,46.53314,48.34559
Q2001643,40.06700,44.43800
Q2011781,44.62917,33.86667
Q2045088,51.74432,30.43498
Q2269363,51.90417,38.73056
Q2357934,37.84079,65.20639
Q2541893,60.16638,30.54306
Q3675413,64.37889,41.02250
Q3920607,51.73917,30.43000
Q4185246,49.96432,25.65003
Q4186781,58.37056,29.67917
Q4187884,51.55000,28.74056
Q4190402,52.28556,29.48361
Q4237652,49.63306,32.15750
Q4239663,51.62889,46.42250
Q4243153,52.43722,29.18806
Q4245391,52.26861,31.60556
Q4245629,60.31579,30.43753
Q4248121,53.08000,30.45722
Q4278669,52.86250,31.36472
Q4285503,56.86556,28.62806
Q4326682,52.33528,31.36083
Q4402057,53.05222,30.47778
Q4422133,53.45167,26.64028
Q6492354,53.44056,26.60472
Q6492846,54.62306,30.15833
Q6499248,53.19222,26.60389
Q6502993,53.92667,25.19667
Q6503065,54.30194,29.07278
Q6503163,54.24408,29.54511
Q6511300,54.58428,30.78192
Q6530746,54.41500,29.12417
Q11743615,53.36306,26.11583
Q12014759,53.21667,24.68333
Q12475947,-5.40194,105.19222
Q13029688,55.30167,29.89556
Q13029693,54.67917,30.92389
Q13029697,54.04194,30.45306
Q13133400,52.92778,24.72111
Q13134272,54.38333,29.17556
Q16699953,54.39778,27.61750
Q16706618,53.82083,29.31750
Q17094489,55.27167,29.98861
Q19730828,-5.45222,105.26333
Q20475548,55.02778,30.43250
Q20662412,54.04306,30.46889
Q21625183,53.33417,24.51111
Q21631646,54.05222,27.01444
Q21651531,52.07806,25.48167
Q22667919,54.05972,27.03472
Q891,56.32694,44.00750
Q5332,51.53000,46.03500
Q7525,44.60500,33.52250
Q47166,51.22900,58.46810
Q48486,53.61500,28.97222
Q72656,51.20885,36.26371
Q104143,51.86667,45.00000
Q175601,61.66667,40.20000
Q193505,56.46667,53.80000
Q193922,63.74147,34.32218
Q201230,53.21889,26.68194
Q951436,48.15000,37.30000
Q1011347,53.35306,26.26361
Q1717770,55.77222,48.65972
Q2012333,52.79417,31.31806
Q2388456,52.46361,29.26722
Q2471785,52.28056,25.81944
Q2596938,56.01611,28.10833
Q2628088,52.55000,33.25000
Q2659511,54.85083,26.39694
Q4097586,55.93184,37.19082
Q4318603,49.12676,26.02451
Q4332024,58.35361,33.42194
Q4333055,54.86833,29.32583
Q4335848,54.15528,30.67583
Q4367029,58.69611,31.39778
Q4369428,58.95250,35.57556
Q4372193,48.81390,35.53196
Q4410824,52.21194,30.46833
Q4412672,51.78333,30.54417
Q4429609,54.82306,21.34806
Q4475167,53.71889,35.53556
Q6461494,53.02278,25.16583
Q6464503,54.25250,26.23167
Q6464707,51.63860,23.95310
Q6466105,54.43222,30.44306
Q6475630,51.91806,24.48639
Q6522673,54.94056,30.07861
Q6524669,54.45472,30.43972
Q6525084,53.49667,25.26944
Q12088487,54.47917,27.62667
Q12121043,54.45833,27.65583
Q13029913,52.76806,25.35472
Q13030010,53.00250,27.40333
Q13133859,53.08306,26.34611
Q13134058,55.20028,28.43194
Q13134141,52.75722,26.03972
Q15696465,52.45950,103.72248
Q17494843,52.97972,27.80944
Q18406683,52.96528,27.37861
Q19638189,55.61483,48.29218
Q20466580,54.85750,29.23472
Q20537352,54.44444,29.53056
Q20537630,54.80111,29.15500
Q20538201,53.49556,28.66028
Q20538516,53.25639,30.22694
Q20610020,53.55111,29.10222
Q20610134,53.55778,28.98056
Q20611190,53.55667,29.36500
Q20661937,53.88472,31.78139
Q20663765,53.26000,30.76833
Q20677352,53.30361,24.95083
Q21590794,52.57500,29.36361
Q21606619,54.86611,26.08889
Q21615608,54.18833,25.18806
Q21631968,54.20250,26.30361
Q21650051,52.95444,27.36972
Q21650052,53.09750,27.80806
Q21650518,52.84833,27.66389
Q61293352,17.53556,-95.94417
Q15287,60.10194,32.30556
Q45100,58.05361,27.05556
Q150346,56.65000,66.30000
Q157688,59.91667,29.76667
Q196489,53.63333,55.95000
Q197691,53.24167,39.96667
Q198826,56.50000,39.68333
Q198834,57.31667,43.10000
Q198859,55.95000,46.20000
Q488379,54.86222,69.14083
Q642660,58.65333,25.97222
Q760227,46.75592,33.42472
Q785296,49.88490,36.06870
Q987491,46.75500,33.37500
Q2380415,52.72778,30.10639
Q3335264,46.19611,41.07750
Q4174980,50.84991,34.70787
Q4237339,60.77083,28.57222
Q4342014,63.28333,33.41667
Q4350220,52.03639,30.72667
Q4350828,52.05806,28.01444
Q4388266,46.23528,41.28778
Q4440662,56.90242,53.37801
Q4442825,55.64679,49.21595
Q4491572,58.98250,39.05722
Q4536673,52.25028,29.08389
Q4538749,56.13333,35.83306
Q6468879,55.54500,28.85639
Q6479096,52.23694,24.13028
Q6526299,53.56500,25.17278
Q6528370,54.95861,28.48528
Q6529727,51.95444,26.56583
Q6529859,53.51417,24.83417
Q6549791,56.01389,28.65000
Q6550199,54.32306,30.51278
Q16685586,54.06000,30.94000
Q16699957,54.03139,28.20750
Q16711738,54.03556,28.20722
Q16718111,54.57278,27.39750
Q16724020,54.16278,28.08861
Q16724129,53.61972,28.91389
Q17094488,52.90139,27.17889
Q17094622,55.56167,30.07447
Q17094658,53.03222,30.71556
Q17094760,53.01389,25.02694
Q17095043,55.25917,29.75028
Q17154647,59.81722,32.35694
Q18796018,51.99440,45.18250
Q20463897,55.52722,29.97028
Q20505761,55.52500,29.95917
Q20520840,55.57833,28.96833
Q20661885,54.13694,31.37361
Q21590799,52.58889,29.63333
Q21624034,53.22583,24.60611
Q21625326,53.32250,24.68250
Q21648522,52.77028,28.26750
Q37898174,56.48583,66.92417
Q61345882,54.11889,31.37583
Q61363271,52.80361,27.83417
Q61394643,54.04278,31.28472
Q1341,53.51667,49.41667
Q5470,56.13333,47.25000
Q143074,54.16444,26.76833
Q158336,56.11667,47.71667
Q170513,47.23333,38.90000
Q170616,35.60728,140.10636
Q193328,53.94917,32.85694
Q193333,50.19833,39.56722
Q196481,56.50750,34.93556
Q196645,54.63333,43.21667
Q280755,40.83722,44.26750
Q312319,53.36944,28.34444
Q487672,41.81667,59.98306
Q487684,39.10000,63.56667
Q681521,64.22500,41.65000
Q922375,49.03358,38.37217
Q1001488,47.39294,37.06940
Q1003757,48.03333,38.15000
Q1979375,60.35000,29.39667
Q1983850,37.38014,60.49959
Q2073605,51.73528,30.32722
Q2993483,50.37224,27.98947
Q3917706,54.61444,29.27667
Q4025587,61.78333,45.26667
Q4144223,52.40000,33.31750
Q4395989,57.37639,27.95028
Q4397833,59.76377,44.22731
Q4431052,51.72111,30.24056
Q4439632,52.61222,30.43667
Q4448040,58.57889,31.22806
Q4454189,52.49194,30.63222
Q4454439,49.14139,57.13000
Q4498027,54.63222,42.82361
Q4498574,52.08167,29.75028
Q4503310,48.66573,45.37326
Q5647828,53.11861,25.15472
Q6478705,52.76560,27.12100
Q6529474,53.34833,25.48500
Q6547982,54.18190,27.36067
Q13030050,54.68417,30.31611
Q16693385,54.77094,26.60244
Q16716338,54.78611,26.59278
Q16717939,54.88306,27.27000
Q16722214,54.42750,28.43250
Q17094618,54.90889,26.23944
Q17094810,53.50889,24.25361
Q17094871,56.01667,28.20889
Q19827031,50.97306,40.78417
Q20457046,54.59444,29.28250
Q20513705,55.62333,27.71083
Q20538600,53.56083,30.16944
Q21659957,53.96848,27.58268
Q7968,59.56667,150.80000
Q19313,54.22429,28.51198
Q156717,49.42000,27.00000
Q177737,50.86667,39.06667
Q177805,57.71667,55.38333
Q177839,55.96194,43.09000
Q184220,52.01333,48.80250
Q261024,54.61361,25.95528
Q284566,55.76917,36.85917
Q376473,48.20000,37.33944
Q894049,55.52694,35.82111
Q997429,49.75556,27.22083
Q2094501,59.21667,38.50000
Q2501896,51.78417,30.14472
Q3646499,55.13778,29.85750
Q3917811,53.80000,24.55000
Q3919109,51.80861,30.17750
Q4167029,55.55056,36.37444
Q4198633,55.56177,37.64815
Q4302525,53.80000,51.60000
Q4326571,52.11667,30.29944
Q4339102,51.99250,28.55139
Q4339835,53.79278,25.70500
Q4340825,60.85250,35.56333
Q4341612,51.21231,34.51428
Q4379564,57.76306,31.38944
Q4382514,52.01389,29.52306
Q4439695,54.73500,42.90889
Q4440629,54.31915,30.10514
Q4441031,55.60056,36.69417
Q5232565,53.69167,26.02361
Q6465317,55.50586,28.39647
Q6478769,53.71000,25.97111
Q6511994,54.64667,25.98889
Q6519178,53.70639,26.03278
Q6525651,53.26222,25.28722
Q7216123,52.78167,29.08250
Q13030115,54.27667,30.10722
Q16713055,54.07167,27.83361
Q16713507,54.79167,27.27500
Q16721200,54.09111,27.90556
Q18793752,54.45642,51.87683
Q20189583,55.14500,29.85639
Q20518422,55.51417,28.36250
Q20538274,53.30250,28.56389
Q21632084,53.94111,26.85278
Q21651552,52.29333,25.47167
Q15757,56.42111,40.44889
Q140978,53.31139,24.20333
Q183002,61.25000,73.43333
Q194020,49.58333,42.73333
Q194048,52.46667,44.21667
Q194067,54.91667,37.40000
Q194693,53.00000,78.65000
Q196388,61.33333,46.91667
Q196907,52.05000,39.73333
Q199004,55.06667,32.68333
Q1058393,54.58278,54.63750
Q1749424,48.01667,38.76667
Q1887662,66.15194,-18.90806
Q2003465,51.64389,39.41028
Q2364502,60.55778,30.23694
Q2630628,53.40944,32.58250
Q2797487,61.73750,6.40917
Q2949626,58.38194,54.38028
Q3355306,35.29669,135.12661
Q3491782,59.28333,9.26667
Q3941926,61.68667,42.54139
Q4393104,51.82167,28.95000
Q4393982,51.11838,34.49677
Q4409306,52.14278,40.60889
Q4417178,58.33440,31.08863
Q4417784,54.33528,34.98889
Q4425698,52.06667,28.32444
Q4538183,52.83222,31.49667
Q6538895,52.13194,25.44472
Q6543372,52.96861,25.93333
Q7623962,63.31167,10.18611
Q12718168,63.52250,9.09528
Q13030065,54.11694,26.69111
Q13030202,53.42361,25.77917
Q13133989,53.76889,23.65056
Q13661848,53.97833,30.79778
Q13665195,52.71750,28.49556
Q16023550,59.53778,28.93889
Q16716032,53.49389,27.75222
Q16721228,53.98000,28.82250
Q16892451,60.57500,5.47750
Q16894002,61.10500,5.50750
Q20518373,55.14333,26.69111
Q20520665,55.48361,28.85889
Q20662482,54.26000,30.41917
Q21624004,52.98722,24.85778
Q21650218,52.98056,27.28722
Q21650559,52.57278,27.50611
Q29403197,58.06167,32.78556
Q57750954,59.42412,8.18619
Q61358033,54.03667,26.89861
Q64025742,62.96480,7.45280
Q329984,38.01167,-3.37167
Q539012,55.11667,26.83333
Q679169,14.45277,-87.63792
Q1384308,53.06325,26.98860
Q2993986,54.15000,27.23333
Q4084582,52.15722,25.86611
Q4118461,37.55369,22.71673
Q4345794,52.22972,26.44528
Q4350539,52.88556,31.40778
Q4369137,52.87056,31.11194
Q4566530,62.20667,6.47500
Q6523722,52.43583,24.71806
Q6523870,53.97000,26.83528
Q6524181,53.63111,26.93250
Q6524843,52.75139,24.09361
Q6525132,55.86142,29.02453
Q6525193,52.17639,26.07806
Q6525573,52.52694,23.84500
Q6525669,52.84833,24.91444
Q6526089,52.42167,25.10250
Q6526131,53.02222,26.39806
Q6526307,52.18917,24.24056
Q6526920,52.92361,24.86361
Q6527475,54.18306,27.63583
Q6528250,53.79722,27.02578
Q6528493,54.47417,29.92661
Q6528731,52.15000,23.99944
Q6529463,52.15722,24.08444
Q6529551,51.70889,23.82139
Q12145302,54.53722,28.00417
Q13028181,53.79472,27.45278
Q13028182,53.61611,28.15222
Q13029933,53.46667,26.65000
Q13030037,52.24169,26.35061
Q13030067,54.81694,29.88000
Q13133965,52.53194,23.69306
Q13134016,55.03419,26.40114
Q13651578,55.78139,30.01139
Q13652637,55.68722,30.26722
Q13662072,53.73444,31.09444
Q13662079,53.73250,31.03972
Q15728954,53.83194,27.95667
Q16692896,53.72389,28.94944
Q16711173,53.90583,28.12333
Q16711259,53.68750,28.95444
Q16711559,54.12583,26.96333
Q16713332,54.13167,26.82917
Q16714116,54.27500,26.91389
Q16716757,53.97667,28.11583
Q17094498,55.58806,29.64611
Q17462440,53.06250,27.67583
Q20189753,54.96722,29.57083
Q20189807,55.06694,29.91583
Q20189845,55.08111,29.33028
Q20468992,54.48000,29.89389
Q20469619,55.59667,29.65028
Q20505114,55.68333,28.16167
Q20505280,55.32472,30.48556
Q20505358,55.57111,30.85944
Q20505567,55.41500,29.97250
Q20505705,55.73583,30.56083
Q20506012,55.23278,28.06389
Q20514388,55.48472,28.24778
Q20514622,55.30583,27.17306
Q20517078,55.09889,26.38694
Q20537043,54.84889,29.90389
Q20537088,55.00278,29.77167
Q20537259,54.36639,29.98306
Q20537593,55.17806,28.52583
Q20573632,53.35167,32.09667
Q20574025,53.43139,32.22250
Q20612185,54.21333,29.51250
Q20612306,54.21694,29.64278
Q20661917,54.02500,31.76889
Q20661947,53.95111,31.37389
Q21634259,53.33611,27.10083
Q21649232,53.78389,27.45028
Q21649792,53.62056,28.13611
Q21649796,53.60900,28.16950
Q21650087,53.07639,27.63722
Q21650195,53.22611,27.72611
Q21650523,52.53167,27.25250
Q21650708,53.79083,26.53278
Q21650862,53.41611,27.20722
Q21658486,52.30444,27.13750
Q61390122,54.05611,31.28000
Q146595,49.06694,23.85139
Q304613,55.29890,29.61719
Q891188,50.24932,18.68061
Q1410290,53.64222,27.91861
Q4082550,50.14292,25.74970
Q4278710,52.34361,27.44056
Q4332155,53.84167,27.39222
Q4413608,53.83140,30.24180
Q4418871,53.04111,31.14778
Q4438577,52.86139,30.90472
Q4448069,54.68472,26.40056
Q6492607,54.43406,29.91325
Q6535977,52.88322,26.70022
Q6536280,54.11389,29.31333
Q6536478,54.96833,27.52722
Q6536519,53.88583,27.26694
Q6537448,53.81970,27.36500
Q6537513,52.11972,24.01667
Q6538008,54.79472,26.31556
Q6538433,54.21500,27.23278
Q6539987,53.92333,26.67167
Q6540108,54.42333,29.93586
Q6540471,52.94722,26.36083
Q6540997,52.49167,24.61250
Q9336330,52.24330,24.02690
Q9336571,54.00778,27.46667
Q11160769,54.34028,29.76528
Q11772599,53.83736,27.71261
Q13030007,55.03000,29.27722
Q13030052,52.56861,24.32861
Q13030057,52.08660,24.09994
Q13030060,53.63444,26.60361
Q13030068,52.30069,24.27536
Q13030077,55.08083,29.01389
Q13030080,52.18250,23.97472
Q13030088,55.01528,27.22861
Q13030100,55.43889,30.71389
Q13030101,52.90000,27.31667
Q13030117,55.63611,29.38139
Q13133204,52.29278,25.22861
Q13133332,55.32472,29.75139
Q13134084,54.72081,29.36333
Q13134101,52.07917,26.70861
Q13134177,55.37444,29.62444
Q13651965,53.87861,30.49500
Q13660029,53.65361,30.93278
Q13662314,53.58611,30.03222
Q15909628,52.24103,24.73111
Q16716142,54.70944,27.38472
Q16718510,54.45333,27.22722
Q16719036,54.69083,26.93194
Q17045721,52.75056,25.27139
Q17094626,55.21667,29.88333
Q17094764,55.81806,28.79833
Q17355008,55.06806,29.77778
Q19595147,55.10583,30.26833
Q19799315,53.43667,28.08083
Q20189578,55.06722,29.80806
Q20190036,55.07917,29.69250
Q20190059,55.51111,26.61000
Q20190154,55.09306,29.71944
Q20462234,55.44028,29.48667
Q20469593,55.64944,28.84139
Q20469689,54.96806,30.33917
Q20471023,55.33889,28.27972
Q20475210,55.81306,29.26472
Q20506342,54.98972,27.41028
Q20506479,54.92167,27.84500
Q20514445,55.14694,27.09722
Q20514654,55.26917,27.16806
Q20518366,55.15611,26.69000
Q20520604,55.67083,28.83222
Q20522669,55.82806,29.22944
Q20537007,54.78500,29.68722
Q20537053,54.75139,30.02139
Q20537229,54.51333,29.53694
Q20537662,54.64861,29.44556
Q20537733,54.66250,29.23028
Q20537915,55.35056,27.98333
Q20538103,55.46278,29.45750
Q20574947,53.26528,31.75083
Q20575747,53.30250,32.03250
Q20612194,54.16556,29.50833
Q20612464,54.09944,29.66972
Q21634200,53.20972,27.41361
Q21634218,53.20694,27.07833
Q21647721,53.23278,27.27000
Q21649867,53.35944,28.03528
Q21650066,53.14528,27.88194
Q21650137,53.04410,27.30670
Q21650691,53.83056,26.88139
Q21650847,53.44194,27.13833
Q21651582,52.18111,25.42028
Q21658306,52.19778,27.36167
Q110644086,55.09708,30.93489
Q5655,54.63333,21.81667
Q9361,42.86667,74.56667
Q193380,51.51667,81.20000
Q193396,55.69889,36.19528
Q193403,54.06667,44.95000
Q193413,58.05000,38.83333
Q198155,56.08333,63.63333
Q335868,46.21667,27.66667
Q846939,17.99611,-76.95472
Q1483558,58.09778,27.46417
Q1781134,63.19778,10.30278
Q2376719,52.21750,31.44917
Q2924457,69.59936,18.02307
Q3896835,46.93333,39.68333
Q4148302,52.18833,27.98667
Q4268841,52.35528,29.75528
Q4353950,69.16417,35.14056
Q4399277,53.40278,25.11167
Q4399631,55.76056,30.30056
Q4399639,52.18333,27.95000
Q4404829,54.70889,42.89194
Q4405335,54.75806,42.60000
Q4406071,53.60278,42.45028
Q4456956,53.22833,25.81528
Q4513125,52.43333,47.21667
Q4515380,58.67111,31.37472
Q4516726,57.28639,29.91000
Q4516882,52.42306,29.81694
Q5005519,56.68556,23.43917
Q5379352,62.88417,10.48333
Q6530954,53.69111,27.40833
Q6531592,55.39825,27.55331
Q7402822,38.92583,63.74333
Q11794655,52.40250,23.38500
Q12718618,61.53530,5.18694
Q15696460,52.33070,103.64100
Q16723204,54.03861,28.75694
Q16723592,54.02417,28.73056
Q16912949,56.45556,37.68889
Q18409490,56.44861,37.69861
Q18799658,55.46056,42.32083
Q19847702,57.94389,56.06306
Q20574301,54.39750,30.71139
Q20662060,53.39472,32.31333
Q20662563,54.16500,30.03306
Q21632533,54.10917,26.37778
Q48784815,18.43800,-77.21400
Q108485454,53.47161,31.76389
Q124369389,68.05310,39.51310
Q578807,54.42194,30.29000
Q2045210,54.71667,30.65000
Q3918956,52.29222,28.02500
Q3919183,52.82222,25.14194
Q3920864,52.21861,25.35861
Q4074433,52.88444,31.17778
Q4078696,52.64750,31.33417
Q4083491,52.96111,31.01778
Q4094347,55.31722,30.12028
Q4094367,53.67222,27.00667
Q4097678,54.75028,27.57000
Q4098078,52.83056,31.45194
Q4098095,52.99278,31.31333
Q4123932,52.99528,31.17583
Q4278618,52.31556,23.46222
Q6465096,54.46472,31.04775
Q6466447,54.48833,31.10806
Q6466564,52.66983,24.28781
Q6466592,52.46444,24.63306
Q6467354,54.49250,28.66556
Q6468106,54.90361,26.92833
Q6468839,54.18500,26.92722
Q6468899,55.45508,27.72300
Q6468935,54.64178,31.01919
Q6470265,54.65831,30.64439
Q6471354,54.31000,28.40583
Q6472237,52.82833,24.90972
Q6473055,54.14750,27.16500
Q6506399,53.74814,27.23881
Q6513699,53.93194,27.44917
Q7256240,54.35194,26.54083
Q10784034,10.28808,105.65964
Q13029483,53.03333,26.63333
Q13029497,54.52194,26.78611
Q13029542,52.13758,24.96894
Q13029931,54.90000,30.24139
Q13132939,52.05139,25.21306
Q13132971,52.71339,25.11194
Q13652127,54.00944,30.13861
Q16693652,53.89889,28.74667
Q16694822,53.73472,29.11306
Q17047556,55.28583,30.14556
Q17115012,52.50028,23.48167
Q19969265,52.05444,26.44583
Q20189063,55.06722,29.56611
Q20189068,55.37750,26.73167
Q20189069,55.42444,26.79861
Q20189092,55.76472,27.18250
Q20189123,55.03056,29.52222
Q20189873,55.07278,29.57611
Q20446016,55.62361,28.64306
Q20447582,55.21222,28.27111
Q20447640,54.93306,30.32944
Q20448115,54.92556,29.21417
Q20448329,55.44278,30.60806
Q20450829,55.38083,30.78750
Q20451067,53.62306,29.92278
Q20452082,55.27639,29.25194
Q20452905,54.86111,30.70583
Q20453474,55.74556,27.85306
Q20455088,54.91250,29.73944
Q20457558,55.34972,30.53222
Q20458507,54.80139,30.09194
Q20459793,55.58528,28.79083
Q20461520,54.78194,27.66833
Q20461750,55.57917,30.10250
Q20462438,55.20833,27.85278
Q20462460,54.98778,27.69722
Q20471163,55.26333,29.22306
Q20505809,55.51861,30.03750
Q20609842,53.44806,29.36722
Q20609856,53.42528,29.32028
Q21631143,54.02333,26.50472
Q21631152,54.11222,26.58000
Q21631158,54.11889,26.62333
Q21632260,54.01190,26.98680
Q21634099,53.01389,27.05250
Q21634100,53.03389,27.07778
Q21634171,53.09167,27.15611
Q21649892,53.54528,28.41778
Q21650210,52.96028,27.18306
Q21657275,52.57944,23.72528
Q21657450,52.35528,23.51528
Q21658343,52.30139,26.96167
Q21659405,52.12389,26.60139
Q39368491,53.39778,30.63000
Q99507958,53.76656,27.24875
Q113512528,55.22284,30.11993
Q117406753,55.70667,29.77361
Q204475,45.78000,19.12000
Q375228,53.73056,24.53028
Q822360,52.10861,25.38194
Q934318,55.39500,26.62833
Q954265,55.46667,29.98333
Q1727945,38.91528,20.89111
Q2632629,53.78278,24.84861
Q3725064,53.34860,26.68750
Q3916157,52.47972,25.00167
Q3919074,52.44500,28.16278
Q3919112,54.75833,30.63056
Q3920138,52.97250,30.34444
Q4112497,54.76667,27.88333
Q4128776,54.72806,26.44750
Q4131811,55.76694,30.45944
Q6473551,51.83056,26.82306
Q6473568,52.80750,24.93139
Q6473649,55.42364,27.30967
Q6474705,55.32083,27.82167
Q6474817,52.08250,24.30417
Q6475850,51.91722,26.21611
Q6476195,52.48222,24.96083
Q6476252,52.27694,26.70583
Q6477417,52.40222,25.10889
Q6477919,52.02611,26.15083
Q6478019,54.52031,30.00850
Q6478337,52.01158,25.98133
Q6478991,54.22472,28.75500
Q6479055,54.60583,29.16667
Q6481479,55.08647,28.50878
Q6481534,52.42194,24.31139
Q6481739,53.73420,29.80220
Q9372474,52.46028,26.79278
Q10770988,10.28667,105.66139
Q12094282,54.41139,28.19083
Q13029470,54.65285,28.01720
Q13029696,53.51583,28.26639
Q13029990,54.53944,26.67972
Q13030012,53.26889,27.87083
Q13030014,56.02111,27.95528
Q13030031,52.86278,27.03028
Q13132860,52.54583,24.85000
Q13134033,54.28197,29.30367
Q13134053,54.50111,30.78194
Q13134072,54.43694,29.35556
Q13651514,55.82306,30.15944
Q13652168,55.78667,30.16500
Q13652967,53.79860,29.82780
Q15881574,52.73647,26.45406
Q16694096,54.25722,28.38694
Q16694285,53.94028,28.23917
Q16694656,54.72833,27.49472
Q16694924,54.81056,27.36722
Q16714040,54.53111,27.38639
Q16715082,54.58306,27.09333
Q16716748,54.56000,28.97833
Q17047252,53.04556,26.74583
Q17398993,54.31583,26.90472
Q17484696,54.99547,26.74544
Q20189160,54.99556,29.60472
Q20189412,55.00694,29.68000
Q20464039,55.53778,29.06139
Q20464160,55.04528,28.34250
Q20464392,55.96833,28.00417
Q20465123,55.21861,30.51583
Q20465547,55.13806,28.13972
Q20465738,55.55028,27.41750
Q20466160,54.98139,30.43778
Q20466183,54.59861,29.54694
Q20466258,55.62861,30.14694
Q20466290,54.91861,29.24278
Q20466593,55.01194,30.56583
Q20466925,55.87306,27.92222
Q20467159,54.73139,29.39611
Q20467243,55.21417,27.19944
Q20468204,54.73222,29.41028
Q20468696,55.63306,30.16167
Q20469126,55.31417,28.37861
Q20470449,55.05833,28.34694
Q20509680,55.01167,30.52889
Q20677157,52.95417,30.70167
Q21631032,54.17972,26.19167
Q21634209,53.17500,27.16528
Q21650347,53.94694,28.16139
Q21650644,53.36833,26.56667
Q21650649,53.35833,26.52833
Q21658347,52.34694,26.98806
Q21659299,52.15083,26.19278
Q134889257,10.25665,105.59329
Q61333174,53.93472,31.72778
Q822415,53.70100,26.55820
Q954505,54.57222,30.69000
Q954610,55.76667,27.93333
Q997404,49.41000,24.30944
Q1628637,39.42889,-3.45889
Q2479406,41.88667,21.58694
Q2486629,10.10616,-85.48615
Q2621918,55.78944,27.45333
Q3322634,-16.67417,-70.97028
Q3917600,53.78465,27.64291
Q3920640,52.35917,25.17611
Q4140172,52.93250,30.80889
Q4140290,52.83194,31.28222
Q4140456,52.71667,31.37667
Q4146266,54.02417,30.21083
Q4152848,53.81111,30.13417
Q4163780,53.87806,30.14083
Q4167204,53.72028,30.07417
Q4169339,52.27944,26.43000
Q4169640,52.41750,29.96028
Q4178763,52.75389,31.32917
Q6471049,54.12722,27.46917
Q6482377,54.49583,28.17333
Q6482481,54.09056,27.44556
Q6483168,52.32028,24.08250
Q6484469,53.73194,27.38139
Q6485071,52.87861,25.90833
Q6485713,52.61667,24.52278
Q6486605,52.44833,23.97361
Q6486831,54.76347,30.37353
Q6486980,53.76417,27.60444
Q6487840,52.92709,25.52764
Q6488278,52.23000,27.01889
Q6488338,52.02972,26.86028
Q6488458,52.03472,26.98000
Q6488752,54.08972,27.08472
Q6489005,54.50556,29.17278
Q6489121,53.58528,27.66278
Q6490119,54.56639,28.56667
Q6511526,54.37083,28.93528
Q6549310,54.10822,27.46092
Q7076995,52.69000,25.19944
Q7224825,55.01444,27.01083
Q11792430,50.24280,19.16000
Q13029681,55.49611,27.08533
Q13029685,54.86667,29.61667
Q16689494,54.07083,28.02917
Q16696971,54.57944,28.94111
Q16697289,54.60417,27.73306
Q16698599,53.75556,29.31972
Q16699267,54.33806,28.56667
Q16699430,54.62500,26.90861
Q17045665,52.83238,25.21777
Q17047344,55.35417,30.07694
Q20189245,55.76861,26.95611
Q20455251,54.84500,30.70667
Q20465800,55.33389,30.09111
Q20467726,55.22806,28.87750
Q20467838,54.83861,29.63167
Q20467909,53.11250,32.11778
Q20468019,54.74500,29.06528
Q20468086,54.89111,28.00056
Q20468102,55.23278,30.81944
Q20468124,54.82111,27.75389
Q20468181,55.00111,27.61056
Q20468280,55.11583,27.45139
Q20468418,54.86278,28.98083
Q20468454,55.36194,27.95528
Q20468476,55.60944,28.07639
Q20468510,55.06000,27.56000
Q20468570,55.50472,29.16444
Q20468594,55.28972,27.98417
Q20468599,55.38139,30.36972
Q20468644,55.69611,29.21583
Q20468755,55.31000,27.39917
Q20468782,55.18944,30.77583
Q20468804,54.38639,29.57556
Q20514671,55.07667,27.33389
Q20537338,54.39333,29.62611
Q20538173,55.32597,29.74917
Q20610673,53.67500,29.64028
Q20611157,53.53389,29.27167
Q20677873,52.74833,30.83972
Q21630941,54.04778,26.60583
Q21632292,54.04833,27.10778
Q21634174,53.14694,27.29778
Q21650600,53.03889,28.05056
Q21651523,52.02194,25.43056
Q31213625,52.32556,25.57556
Q50283170,63.84440,9.79110
Q2887,-33.43750,-70.65000
Q33006,52.93639,26.30278
Q213071,58.22750,26.41583
Q360795,35.64731,138.63972
Q431779,53.60444,24.74250
Q750573,35.47475,135.38597
Q995656,38.01579,24.42028
Q1014331,54.93750,19.96667
Q1235455,38.63430,24.10383
Q1453761,54.94167,20.03333
Q2416423,47.77944,37.24750
Q2471155,54.90677,26.70660
Q2471816,52.59556,30.72861
Q2471874,53.61056,27.07056
Q2559780,55.22750,27.46639
Q3919612,53.62333,27.71472
Q4314454,52.81222,30.88278
Q4318468,52.85000,30.85000
Q4322753,52.82778,31.11111
Q4324001,52.79694,30.89194
Q4325729,54.03278,30.03111
Q4326358,52.68306,31.37250
Q4326414,52.87417,30.88083
Q4343587,51.93028,25.84333
Q4479859,45.51944,34.59306
Q4566829,58.88833,5.64944
Q5769429,40.95816,-3.61207
Q6478980,53.74306,27.11722
Q6526722,53.62833,24.73222
Q6548682,53.07611,26.57389
Q11024389,54.87850,30.14211
Q12141334,53.20417,26.30417
Q13029864,52.39720,23.75830
Q13029886,54.38639,27.39639
Q13133081,53.69833,26.72028
Q13133854,53.36197,26.80394
Q13652649,55.68083,30.42250
Q15634568,54.30944,26.77889
Q16707056,54.68222,27.61667
Q16708865,53.79056,28.91333
Q16708871,54.63333,28.17611
Q16708904,54.89583,27.00472
Q16709363,54.97917,27.09833
Q20189647,55.45250,26.99833
Q20505382,55.28722,30.00778
Q20505444,55.34639,30.25389
Q20506264,55.25556,27.58056
Q20506469,54.95389,28.01056
Q20513459,55.65472,27.84583
Q20514147,55.53028,27.59889
Q20515014,55.11167,26.59472
Q20515153,55.10167,26.62944
Q20519146,55.35889,28.50028
Q20519165,55.39472,28.35083
Q20521966,55.93111,28.41111
Q20537039,54.83000,29.79417
Q20537085,54.92861,29.64167
Q20537279,54.60722,29.73611
Q20538001,55.14667,29.50250
Q20538068,55.18778,29.35056
Q20572039,53.38667,31.93806
Q20572080,53.41389,32.00278
Q20577547,54.01833,29.55167
Q20677212,52.81083,30.84833
Q20678450,52.82111,30.83194
Q21522025,52.80528,27.58583
Q21579779,53.80417,28.87222
Q21606557,54.86528,25.98583
Q21626320,54.75194,26.31944
Q21631220,54.09167,26.47583
Q21633397,54.62361,27.56583
Q21633944,53.61528,27.15444
Q21633983,53.86028,27.12389
Q21648383,52.57083,28.06639
Q21648386,52.63806,28.16194
Q21650104,53.02917,27.71944
Q21650181,53.13000,27.40167
Q21650498,52.69750,27.73556
Q21650563,53.14194,28.05611
Q21657307,52.52722,23.90222
Q47045330,37.76133,65.33778
Q48475778,63.41900,9.08240
Q46511,51.12833,26.30417
Q143040,53.67250,27.95861
Q636403,54.51722,28.95639
Q1020114,49.33750,23.20889
Q2356406,55.51667,26.31667
Q2376687,55.22500,29.24028
Q2602975,49.51667,24.40361
Q2659505,55.36667,27.46667
Q3918798,52.68000,31.30250
Q4170692,49.61667,24.82361
Q4339901,52.95444,30.91306
Q4366143,52.90306,31.34806
Q4371769,49.64361,24.93250
Q4457664,52.40000,27.43333
Q4468100,54.10028,31.23278
Q4479186,52.73278,31.05306
Q4499465,52.77028,30.75389
Q4501388,53.87972,29.94583
Q4513987,53.81500,30.19778
Q4522983,52.77306,30.91583
Q6477756,53.73970,27.30580
Q6499225,54.66611,30.93056
Q6528470,54.03139,26.68111
Q6541890,52.81028,25.96417
Q6541975,52.35611,25.61222
Q6542984,54.21417,27.00083
Q6543377,54.17639,27.09833
Q6543526,53.06806,26.16972
Q6543941,52.06111,24.47944
Q6544826,55.15000,29.12750
Q6545570,52.88361,26.22250
Q6545592,53.54808,27.85767
Q6545956,54.53789,30.71836
Q6546184,53.09417,25.25278
Q6546790,52.48972,24.41833
Q6547118,52.80880,27.53830
Q6547126,52.16556,24.16083
Q6549671,54.60808,30.36858
Q11123981,54.73750,30.59444
Q11690180,54.42670,27.73530
Q12119882,54.45583,30.13583
Q12162834,54.45167,30.18694
Q12669708,55.81278,27.04306
Q13030124,54.46750,28.98417
Q13030142,52.97361,26.88556
Q13652286,55.73417,30.14222
Q16704186,54.06972,28.06833
Q16721198,54.07556,28.00611
Q17094804,54.16194,26.39444
Q17094807,55.74472,29.71111
Q17094816,55.62917,30.55472
Q17094858,53.51639,27.38528
Q17462265,52.96111,27.53806
Q19850414,55.69444,26.90333
Q19953802,55.01750,30.10611
Q20190107,55.20139,29.23250
Q20190152,54.92111,29.41389
Q20446009,55.59139,30.60667
Q20468463,55.83333,29.11917
Q20505220,55.72167,28.04861
Q20506064,55.11417,27.56889
Q20510866,55.05972,30.70583
Q20510915,55.00528,30.85278
Q20513916,55.52417,28.02139
Q20513935,55.57944,28.03250
Q20514295,55.74611,27.53333
Q20519963,55.39028,29.06444
Q20520449,55.36694,28.94000
Q20537443,55.19778,29.15278
Q20537448,55.17222,29.06028
Q20537469,55.23972,29.08861
Q20537516,55.13139,28.42778
Q20537523,55.16028,28.42278
Q20537780,54.83764,29.06972
Q20537948,55.36750,27.67139
Q20576292,53.37889,32.23444
Q20610349,53.35778,29.26083
Q20610589,53.48083,29.47583
Q20610960,53.53806,29.20083
Q20611105,53.57528,29.20194
Q20611246,53.61806,29.44806
Q20661894,54.19028,31.35500
Q21626640,53.72194,24.82556
Q21647732,53.08333,27.04389
Q21648406,52.66361,27.92278
Q21650222,52.93139,27.33972
Q21650531,52.87750,27.47750
Q21650713,53.80139,26.46028
Q21651137,53.76167,28.68500
Q29350382,53.56917,27.56750
Q61405811,52.66361,27.90306
Q976,56.48861,84.95222
Q2137,59.98333,42.76667
Q39545,41.09500,44.65583
Q48329,60.09861,19.94444
Q162084,48.02348,38.62922
Q196694,54.08333,61.56667
Q216307,37.67300,21.43950
Q272795,-18.05556,-70.24833
Q513649,59.22358,10.30033
Q654616,36.68778,23.05556
Q745074,51.59583,18.73000
Q985531,32.31111,35.03083
Q2093899,52.34000,27.48722
Q2509638,55.15556,26.58611
Q2947624,40.42222,46.56000
Q3028823,13.04839,-16.59736
Q3476942,8.91667,38.61667
Q4082730,57.00889,27.84139
Q4461724,52.58389,81.87722
Q4523202,52.65556,31.05944
Q4523741,57.28611,28.96889
Q4524814,57.59250,32.56139
Q9351297,54.12611,29.55861
Q11997345,64.03750,10.05222
Q13030106,53.50000,25.61667
Q15213159,61.89139,5.53139
Q16720422,54.54361,28.79556
Q17094779,54.75250,25.88944
Q20518127,55.07139,26.80139
Q20662544,54.12583,30.13083
Q21605504,53.09222,24.73000
Q967102,52.42737,25.26393
Q2061031,54.35972,28.22194
Q2478258,53.31667,25.30000
Q2626927,55.29972,26.85722
Q3917530,53.86278,26.65500
Q3920309,54.30792,27.50523
Q4122252,52.92056,24.73083
Q4183667,53.02667,30.96611
Q4185013,53.04667,30.99083
Q4186665,52.07694,27.70722
Q4208138,52.92472,31.34889
Q4211014,52.94750,31.07389
Q4228239,52.82500,24.99528
Q4406008,53.06472,31.01139
Q6477197,53.95611,27.00583
Q6490201,54.86111,26.16639
Q6490412,52.29306,24.49528
Q6492008,52.24222,24.50694
Q6492342,53.13825,28.16372
Q6492521,53.82361,27.86556
Q6493629,54.94336,29.94494
Q6493833,52.34083,24.45806
Q6495339,52.50194,24.76778
Q6495529,52.87917,25.02500
Q6496301,52.34639,24.34111
Q6496331,53.71917,27.63361
Q6496681,55.16750,30.95833
Q6497049,54.69528,30.29028
Q6497237,53.50539,27.16125
Q6497678,54.84933,30.02928
Q6518335,53.73978,27.68991
Q6541232,53.84797,25.31081
Q13132859,55.36611,28.38750
Q16702114,54.52806,26.87361
Q16702429,54.91667,26.45333
Q17045673,51.99028,25.36806
Q17045676,52.23194,25.65778
Q17047058,54.70833,29.33167
Q17047395,53.03056,26.48111
Q17047401,55.64306,26.94194
Q18407751,53.24417,28.17500
Q18670556,51.76639,23.97167
Q20189319,55.53833,26.92361
Q20447220,54.86556,28.37722
Q20468919,55.13528,27.29944
Q20468962,54.99139,28.65083
Q20468975,55.38528,28.14611
Q20469027,54.78528,30.12000
Q20469113,55.13111,28.74722
Q20469131,55.07833,26.78139
Q20469164,55.84611,28.26444
Q20469273,54.70167,29.32917
Q20469297,54.68222,28.64806
Q20469324,55.14611,30.83361
Q20469428,55.14389,28.98222
Q20469453,55.38333,28.65028
Q20469487,55.00167,27.43194
Q20469719,55.42861,30.21639
Q20469748,55.22056,30.85222
Q20469769,54.89167,28.32250
Q20469828,55.51444,30.40917
Q20470332,55.49917,30.42194
Q20470341,53.29111,32.17278
Q20470363,55.47972,29.75417
Q20470535,55.32278,27.69972
Q20505170,55.84472,28.22528
Q20505956,55.05833,27.91278
Q20518385,55.69861,28.53611
Q20537446,55.15750,28.95361
Q20610228,53.34917,29.17778
Q20612241,54.22694,29.93917
Q20678012,52.84278,30.83306
Q20678243,52.85333,30.71194
Q21531541,54.49250,27.42944
Q21590657,53.10004,29.09140
Q21631844,53.90556,26.80889
Q21634128,52.95583,27.06889
Q21648494,52.66889,28.35361
Q21650042,53.40250,27.69889
Q21650456,52.83139,27.25194
Q21650664,53.49528,26.77306
Q21650855,53.49500,27.24528
Q61334479,55.64917,27.58278
Q201265,54.03000,28.08972
Q958847,53.58333,24.25000
Q2043077,53.13333,26.33333
Q2116942,53.31472,65.53722
Q2157200,54.64511,30.87703
Q3318396,55.11436,26.28497
Q3442846,55.92028,27.76417
Q3616740,55.81750,27.14917
Q4130965,52.82056,31.22417
Q4393983,52.71750,31.16972
Q4398332,54.55194,30.15194
Q4399614,52.74167,31.40250
Q4399624,52.67667,31.12778
Q4399679,53.05083,31.18472
Q4405382,52.19694,23.93861
Q4406901,53.21944,31.83528
Q4408131,52.90917,30.84083
Q6493285,54.52156,30.93517
Q6530225,54.59931,30.95408
Q6530263,53.92917,27.31944
Q6530356,52.99417,26.35444
Q6530775,52.66889,24.07972
Q6531316,52.66750,24.51389
Q6532039,54.44639,27.06972
Q6532049,54.69056,30.79083
Q6532062,52.72278,28.04806
Q6532677,54.62778,31.15389
Q6532739,52.21917,23.96083
Q6533087,54.50833,30.08750
Q6533183,52.53333,24.96667
Q6534544,53.38361,27.82417
Q6534726,54.53028,30.95500
Q6534858,52.55000,24.57389
Q6534881,52.70472,24.63694
Q6535084,52.49889,25.06056
Q6547525,53.74000,27.18444
Q9343651,53.89944,26.83778
Q16716749,54.27333,27.70944
Q16716755,54.00870,27.88660
Q17094548,54.58833,29.61444
Q18380345,55.57389,29.71944
Q20189862,55.42278,26.59056
Q20189880,54.98722,29.61278
Q20469100,55.39556,28.83306
Q20474851,55.28000,30.59444
Q20505013,56.07583,27.94861
Q20505186,55.85500,27.88139
Q20505478,55.13556,30.04472
Q20518319,55.05917,26.94361
Q20519889,55.43000,28.99861
Q20520426,55.40028,28.81500
Q20520688,55.44778,28.58000
Q20522044,55.90056,28.46389
Q20523217,55.72944,28.84056
Q20523915,54.79028,29.53306
Q20537308,54.34306,29.52139
Q20537371,54.50528,29.71917
Q20538054,55.36444,29.41917
Q20538095,55.48889,29.36444
Q20574202,53.93361,29.96444
Q20575241,53.14278,32.22222
Q20612118,54.28056,29.70167
Q21606573,54.84667,25.96667
Q21631252,54.00861,26.38861
Q21632545,54.09750,26.44611
Q21649064,54.05389,27.33222
Q21650710,53.79639,26.58306
Q21650829,53.42361,27.04306
Q21659782,52.61750,24.67806
Q22988796,53.38639,27.33250
Q734175,54.69500,30.49722
Q750998,55.35111,29.29611
Q3917313,55.62167,27.25861
Q3920847,52.16667,25.31667
Q4060329,52.78833,31.18083
Q4152959,52.69750,31.23389
Q4203015,52.94083,30.91194
Q4387884,54.06781,27.21400
Q6460257,54.56028,31.06083
Q6460631,53.81667,27.80833
Q6460819,52.45222,23.65167
Q6461511,52.01861,27.48278
Q6461632,53.57361,27.76389
Q6461715,54.75750,30.77111
Q6462333,52.04667,27.48083
Q6462531,52.47361,25.19750
Q6464292,54.04361,27.22056
Q6464894,52.02667,26.74250
Q6507101,53.78220,27.84037
Q6515618,52.64102,24.22558
Q6515628,55.65286,27.08303
Q6517929,52.94361,26.24333
Q6518981,55.38972,27.48306
Q6519439,55.56081,30.84111
Q6519683,55.14628,27.00761
Q6519944,55.01542,26.53458
Q6520968,54.54894,30.79217
Q6522640,52.46333,25.18278
Q6522662,55.68644,29.73317
Q6528785,54.71361,30.75778
Q6947564,62.08333,5.73444
Q7103236,41.30139,-123.54111
Q11416892,35.15519,135.63339
Q11664116,35.70881,138.44619
Q13029457,52.75333,25.02250
Q13029458,52.72972,25.07500
Q13029472,54.88028,30.27000
Q13132842,53.54214,26.66017
Q16691790,54.57250,27.87278
Q16710231,54.00889,28.96639
Q20188963,55.35333,26.56778
Q20446192,55.74528,27.67667
Q20446525,55.19611,29.65083
Q20446642,55.23139,26.97833
Q20446813,55.64000,29.46528
Q20448692,54.63833,29.59250
Q21631065,54.16111,26.17083
Q21632423,54.13806,26.30611
Q21650159,53.00250,27.46389
Q21650188,53.18500,27.68139
Q30937574,35.18164,135.66172
Q51657426,64.14010,11.73940
Q84691183,53.00458,27.43545
Q92482589,55.29250,28.13028
Q91770527,54.50907,26.96916
Q131903067,53.01528,26.89556
Q954421,54.85333,29.16472
Q2323520,51.23536,15.11381
Q2995176,54.05306,24.99778
Q4160635,49.02944,25.57722
Q4439832,52.96028,30.81944
Q4536352,53.66667,29.81667
Q6489651,54.07167,26.90111
Q6548842,54.20056,29.31167
Q6548956,54.36167,29.19389
Q6549232,55.36783,27.49731
Q6550349,52.61794,24.27947
Q9190441,52.07556,27.20000
Q9362818,52.27610,23.77500
Q11022982,55.68306,27.46806
Q11751669,53.12694,24.07278
Q12101466,54.25139,27.82750
Q12115485,54.26528,27.80611
Q12123732,54.23056,27.84222
Q12173867,52.28472,24.43056
Q13029789,52.82917,26.71667
Q13030182,52.64674,25.33280
Q13030191,53.00817,26.64600
Q13133464,52.12889,25.07250
Q13134389,53.56194,26.74778
Q13651562,55.80333,30.15139
Q13651971,53.83389,30.53361
Q16505021,52.93389,24.82083
Q16701139,54.29389,27.32944
Q16703945,54.61111,26.94417
Q16723806,54.33306,27.26694
Q17045686,52.23444,25.75694
Q17095032,54.80028,27.95667
Q17095104,54.87472,27.80389
Q17095113,55.12880,30.46900
Q18392657,45.75111,-85.51556
Q19882170,52.35556,24.87778
Q20189417,55.66000,26.68000
Q20189486,55.57583,26.82833
Q20190211,54.61750,29.96056
Q20190238,55.44278,26.67944
Q20459256,55.98333,28.19667
Q20467343,55.93583,29.20278
Q20468256,54.80889,29.33778
Q20469656,56.07306,28.23889
Q20470806,55.11472,27.89972
Q20472508,54.94194,30.54417
Q20473331,54.69444,28.97889
Q20473963,55.96750,28.20389
Q20474230,55.33417,29.18611
Q20475221,55.44917,27.90194
Q20475326,56.07667,28.19889
Q20475354,55.36833,30.67083
Q20475406,54.77806,29.31750
Q20475635,55.64250,29.99250
Q20475652,55.31500,27.94028
Q20475861,55.56583,28.39333
Q20475975,54.79278,29.31611
Q20476098,55.09139,27.39556
Q20476135,54.76806,29.62500
Q20505150,55.81333,28.32222
Q20505163,55.81611,28.04556
Q20505737,55.39250,30.19750
Q20506431,54.83528,27.55167
Q20518466,55.47111,28.33389
Q20521777,55.88111,29.18861
Q20536903,54.71667,30.15806
Q20537705,54.76861,29.35083
Q20538115,55.31694,29.19583
Q20661221,54.04028,31.50056
Q20661231,53.97611,31.51833
Q20661670,53.90750,31.58444
Q20661922,54.03889,31.78194
Q20678253,54.89722,26.02889
Q20678394,54.88778,26.27056
Q20678515,52.89889,30.82361
Q21631946,54.20833,26.29500
Q21633139,54.36917,27.15944
Q21650125,53.22028,27.54778
Q21650165,53.00444,27.58278
Q21650471,52.46722,27.89639
Q21650586,52.88917,28.39417
Q21658451,52.24944,26.90889
Q25396181,54.83722,26.54639
Q61367327,54.02056,31.39556
Q79071354,55.22417,30.24806
Q91680356,55.76389,27.40778
Q91682091,54.71758,26.64532
Q13298,47.07083,15.43861
Q41329,48.30583,14.28639
Q74487,48.70861,30.45333
Q82271,54.72861,26.01028
Q131266,48.41667,15.61667
Q599421,49.80000,26.86667
Q661254,52.28500,23.31083
Q760555,50.31972,31.47000
Q839391,50.72583,17.90111
Q1000140,22.33556,103.84194
Q1006054,46.72361,29.97750
Q1994731,49.68000,29.03000
Q2022610,51.04389,29.29361
Q2621007,54.31083,26.28333
Q2629685,49.71778,26.47083
Q2913489,49.81889,28.28361
Q3917896,54.24888,27.07795
Q3920685,54.79639,25.87500
Q4082018,46.89000,30.42444
Q4082648,49.84167,28.86583
Q4083084,50.20861,37.09694
Q4089701,49.01611,37.50833
Q4097710,49.47333,37.37722
Q4977088,54.44361,18.41917
Q10772086,20.37361,105.12139
Q10823335,20.26417,104.93694
Q11369657,35.60344,134.89500
Q11607240,35.68119,135.02653
Q3838,-4.32194,15.31194
Q278100,53.74850,28.00917
Q387117,52.36667,18.30000
Q488556,53.80000,27.68330
Q955013,53.35139,32.05861
Q955153,53.48945,29.34176
Q4227615,52.77778,31.46417
Q4241054,52.61111,24.10833
Q4243001,53.22056,28.38611
Q4246522,55.30194,28.29500
Q6478880,52.77611,26.63667
Q6499637,54.34944,28.32306
Q6500211,53.18639,26.74472
Q6500663,55.47261,27.52819
Q6500737,53.25139,26.56889
Q6501178,53.94000,28.41222
Q6501917,54.34083,27.72639
Q6502106,52.70333,24.31528
Q6502360,52.67889,24.36194
Q6503933,52.81289,26.55153
Q6504826,55.38089,27.16233
Q6506818,52.29806,26.52750
Q6507027,53.43037,27.41317
Q21650613,52.96056,28.38556
Q21651103,53.75556,27.98222
Q21658362,52.36917,27.06083
Q21659332,52.10778,26.43167
Q61656840,55.83600,28.03938
Q87192577,54.90028,26.38598
Q2280,53.90225,27.56184
Q497154,54.70000,18.66667
Q620434,52.87306,24.67500
Q956607,53.03958,26.26300
Q976079,55.08830,27.12580
Q1026927,48.57861,25.28194
Q1523452,52.85417,24.61472
Q1525391,50.64833,18.34944
Q1771458,61.98501,5.13796
Q1810499,58.89159,9.30078
Q1892074,54.38333,23.65000
Q2366073,54.51639,26.18167
Q2446389,55.58667,28.59833
Q2470639,51.08333,25.01667
Q2596991,53.75194,26.05722
Q2987254,55.41306,27.73639
Q3915091,54.91500,29.76083
Q3917820,52.10000,28.81333
Q3919024,54.26639,26.43639
Q3924843,55.79890,27.78860
Q4092136,52.23750,24.38222
Q4257878,52.08861,26.32028
Q4262913,52.83278,26.09611
Q4263550,54.21839,26.65123
Q4272559,54.60139,31.16972
Q4291223,52.26139,25.93694
Q4304803,52.89556,30.76833
Q4384536,52.37611,27.96444
Q4588119,63.20583,8.98583
Q5949030,63.74722,10.10694
Q6507123,52.55194,27.03667
Q6507284,52.53639,24.70250
Q6507327,54.85167,27.01250
Q6508348,52.18278,25.60917
Q6508492,51.79853,24.19967
Q6509699,55.64053,27.16303
Q6509906,55.49408,28.44736
Q6511281,52.95500,26.06528
Q6511325,54.61572,30.15986
Q6511352,52.84056,24.84500
Q6511843,53.40000,24.80000
Q6512521,54.62664,30.68250
Q7525793,53.07196,17.51238
Q11022561,55.59250,27.55778
Q12124246,54.24639,27.98583
Q13029801,55.24928,29.63797
Q13029812,52.05806,25.12500
Q13029823,52.16667,25.00000
Q13029845,55.00175,26.28133
Q13029853,52.94706,26.59978
Q13133614,52.26278,27.06056
Q13133643,52.17728,25.23517
Q13133648,56.02725,28.41317
Q13133651,53.41194,26.99167
Q13133707,52.42343,24.99166
Q13651512,55.83444,30.18139
Q13652776,53.96222,30.56250
Q16704884,54.93556,26.76833
Q16707485,54.33444,26.70139
Q16717829,53.96889,28.83583
Q19593806,51.94167,23.95389
Q20189577,55.00222,29.47889
Q20446019,55.19306,27.77639
Q20505051,55.57306,28.23194
Q20505196,56.03667,28.37806
Q20505227,55.38889,30.80139
Q20505539,55.71000,29.96083
Q20505919,55.19139,27.74972
Q20511854,55.71778,27.76972
Q20512585,55.50167,28.19417
Q20512686,55.52611,28.20667
Q20518521,55.56778,28.53944
Q20537401,54.98639,28.38583
Q20538592,53.55500,30.20917
Q20571556,53.13500,32.02833
Q20610846,53.62194,29.12556
Q20612321,54.31056,29.62472
Q20661029,53.94917,31.24556
Q21624000,52.97139,24.76639
Q21632165,54.06167,26.65528
Q21650214,52.96528,27.24056
Q21650426,52.73806,27.51861
Q21650482,52.64083,27.52028
Q21650888,53.43194,27.55889
Q21651416,52.23528,24.07861
Q21658481,52.21050,27.13034
Q21659388,52.24972,25.96500
Q31866718,52.93971,26.90025
Q50333470,63.51040,10.01690
Q63939166,63.05250,8.02480
Q91770848,55.20903,27.62797
Q3657,55.72500,21.92778
Q104720,51.93972,15.50500
Q164493,36.70611,22.38972
Q189901,37.63333,22.72917
Q213127,55.25000,24.76667
Q266841,55.61667,27.61667
Q378504,48.68735,33.92279
Q393332,56.35833,23.25000
Q476688,50.58305,34.48235
Q486407,50.79304,75.70123
Q576393,52.51278,25.84222
Q621181,55.73333,22.36667
Q658230,55.63333,22.93333
Q768416,55.55556,21.31944
Q782278,38.39167,21.82750
Q825478,37.72694,26.68833
Q854333,42.83900,75.29100
Q985537,46.23333,29.31667
Q988467,49.28833,25.38361
Q1004320,55.26667,23.48333
Q1011809,47.83806,32.82611
Q1656534,55.78333,22.65000
Q1788115,55.89421,21.24717
Q2044605,55.75000,25.85000
Q2652121,46.66389,29.97083
Q3917743,53.88330,24.13330
Q3917948,55.22139,27.95361
Q4178675,54.80556,24.43889
Q4192261,49.09360,27.07540
Q4208231,46.70694,32.98389
Q4226198,50.08722,28.69444
Q4231254,47.41294,36.41822
Q4238800,50.05667,35.14917
Q4243477,46.70611,30.72611
Q4259995,49.33028,32.21500
Q4320325,46.30639,30.33833
Q4326062,46.81500,30.28667
Q4361004,46.96667,30.95000
Q7243791,50.23722,28.83750
Q12664836,55.15300,24.71400
Q12873356,37.10778,22.24444
Q16464300,55.85200,23.98000
Q16470969,55.83900,21.57500
Q58475,49.52472,23.97889
Q161144,48.46722,38.79833
Q191889,59.35056,26.36111
Q218470,49.32000,28.84333
Q376277,49.63194,28.95583
Q666570,49.96722,24.50000
Q684816,48.87167,24.60472
Q836960,55.36750,9.05833
Q1014310,51.29250,25.55028
Q1026923,46.34250,30.56528
Q1632587,49.33162,26.01065
Q1639713,47.90000,30.08000
Q1794803,50.73864,16.22686
Q1994197,45.94194,29.96528
Q2022694,49.21667,31.21667
Q2025339,46.92944,30.65383
Q2029657,54.64528,27.47722
Q2205752,57.10830,10.02690
Q2653301,49.00472,29.42778
Q2657911,49.96028,32.14806
Q2976109,47.22444,30.33778
Q2987825,55.05889,26.60222
Q2993542,50.26042,30.30572
Q4106326,49.24139,29.37667
Q4106343,51.25861,28.81056
Q4106346,50.80778,27.60667
Q4107659,49.39806,32.58722
Q4112513,48.01111,31.88056
Q4124017,50.31000,37.13389
Q4124521,49.87444,30.08667
Q4131218,48.84387,36.81093
Q4140171,50.27917,28.77667
Q4147383,46.59861,29.99778
Q4150958,50.49278,28.45500
Q4153834,50.52694,28.41000
Q4157536,47.26583,30.67167
Q4239108,46.62139,30.77222
Q4254088,48.54750,24.75167
Q4334212,50.18417,37.51694
Q6472383,55.48578,27.38397
Q6550071,55.42000,28.15722
Q12088963,48.10255,33.56708
Q13029781,54.55528,26.96444
Q20469235,55.27778,27.71472
Q3932,0.33750,6.72833
Q13153,36.73722,-5.16472
Q50824,48.23250,38.95250
Q55630,45.26444,19.83167
Q59101,68.43828,17.42777
Q61434,14.43333,79.96667
Q137863,55.13333,26.15556
Q143061,54.42111,27.16306
Q146524,48.45361,24.55639
Q157457,48.86686,25.00119
Q168648,47.68333,16.58333
Q176738,57.28333,55.45000
Q336204,53.65000,22.45000
Q570558,60.95720,10.60841
Q614445,30.33472,-110.16611
Q694370,35.29886,135.25881
Q818403,53.40501,23.49673
Q847668,69.24722,-53.53333
Q973656,1.63667,7.41778
Q985534,52.13556,21.23694
Q988371,49.68722,25.54306
Q1355984,51.16313,21.23979
Q1783449,63.32722,10.07000
Q1784662,48.93861,25.17944
Q2652172,50.74409,28.72326
Q3071969,63.60611,8.96944
Q3316998,62.52056,7.12306
Q3355934,59.27917,10.32778
Q4065675,47.50083,30.46333
Q4195751,50.78634,32.63428
Q4199636,46.68333,30.63333
Q4203598,47.47000,30.50306
Q4224803,50.47889,25.35639
Q4292612,55.98556,51.73306
Q4535104,51.36083,27.83111
Q6811215,63.62889,8.73000
Q10796394,20.52028,104.58694
Q10957026,32.57833,116.77944
Q11198998,13.20000,79.11667
Q11458320,32.57833,116.77944
Q11476128,35.62417,135.06100
Q11982747,59.25400,5.81200
Q12660575,54.85750,25.88417
Q12957647,54.66056,26.77194
Q15077634,62.77110,8.53028
Q15077637,62.71810,8.43083
Q15631836,62.78450,6.91525
Q23042410,59.47611,5.99222
Q48724387,7.13333,37.95000
Q156760,47.56667,34.40000
Q156808,49.63583,24.29361
Q203344,46.18333,18.95361
Q219775,49.26667,27.43333
Q662291,-17.91667,19.76667
Q745059,52.11667,21.26667
Q751094,51.05000,21.06667
Q765976,57.89694,25.32611
Q889930,50.16083,35.51639
Q941844,50.68333,17.36667
Q1020330,50.10806,24.34556
Q1959746,55.30111,47.03806
Q2431181,49.38333,27.61667
Q2471831,52.33944,25.98889
Q2511152,49.72194,28.67694
Q2564651,58.19972,38.44111
Q2980437,50.69222,28.63667
Q3419848,54.64808,29.83706
Q3723370,-34.71500,138.67000
Q3919348,51.94444,29.52694
Q4061320,48.81944,37.40861
Q4182076,48.65611,39.12639
Q4326093,44.45750,43.39194
Q4332289,49.63722,30.13472
Q4338767,49.67444,30.38639
Q4341620,48.15868,35.96754
Q4363977,55.98889,82.70833
Q4367317,44.20000,43.42194
Q4385911,50.02111,28.36500
Q4409502,47.09417,30.97028
Q4448276,46.63972,31.10167
Q4477422,44.15222,43.66833
Q4521037,44.16139,43.53917
Q6513262,55.51417,29.82250
Q6521681,54.65444,30.84139
Q6523973,53.01500,26.15500
Q6524901,52.61528,24.40528
Q6528428,55.33861,27.40417
Q6549849,53.25000,26.83333
Q11254703,54.96417,26.16028
Q13029699,53.58111,26.83139
Q13029935,52.19583,24.81667
Q13030058,55.09083,30.63861
Q13133389,52.29694,25.31639
Q13203410,59.51083,48.80472
Q13648690,53.94806,41.60028
Q16711084,53.25944,24.04861
Q16716753,54.94750,27.19000
Q16717065,54.26111,26.54139
Q17043621,53.47111,30.75778
Q18402000,53.12333,27.45722
Q20466526,55.09389,30.58917
Q20475112,55.22222,30.61333
Q20475347,55.11194,30.57194
Q20505979,55.28833,27.76972
Q20515551,55.14111,26.56611
Q20537222,54.46694,29.62889
Q20611555,53.17639,31.21250
Q20661531,54.07278,31.61361
Q21631877,53.86806,26.77361
Q21632666,54.17528,26.56028
Q21632685,54.18000,26.51083
Q21650577,53.05194,28.48194
Q21659521,52.78389,24.93333
Q104860677,34.94756,135.80939
Q25724,58.57933,16.14932
Q26345,56.66429,16.36563
Q104557,55.80000,37.95000
Q167895,37.03778,22.11111
Q181056,2.82000,-60.67194
Q181854,61.05833,28.18611
Q193409,37.50833,22.37500
Q538915,58.33213,15.13116
Q573182,40.51472,21.67861
Q660130,38.52730,22.20350
Q743420,37.37500,23.15833
Q823721,37.40000,22.13333
Q890640,41.59417,21.47528
Q939389,58.38425,13.43490
Q983893,64.59639,18.67528
Q994927,58.90147,17.56033
Q1014050,58.13745,13.33652
Q1026705,37.25078,21.67052
Q1566951,57.90663,14.08563
Q1639452,58.18690,12.72277
Q1810048,59.90972,18.26528
Q1916743,49.61111,26.14500
Q1956628,49.38806,25.61778
Q2064434,48.38139,28.67861
Q2471884,55.14278,27.20222
Q2657182,55.05000,26.31667
Q2659496,54.42361,27.82828
Q2659553,54.71000,27.29028
Q3791883,37.35000,23.46667
Q3917466,55.07639,27.23500
Q4165690,52.34306,29.39889
Q4210910,46.63667,30.23528
Q4277167,49.69694,30.07611
Q4279190,49.48694,25.83583
Q4300924,52.12026,25.92050
Q4304826,49.81000,27.79556
Q4314110,49.34556,35.48278
Q5213666,54.41750,27.29333
Q6472982,53.46361,25.88861
Q6489700,52.13031,25.97167
Q10935217,24.56502,118.32772
Q11840144,10.03722,105.78833
Q12088486,54.23083,27.57056
Q12105891,54.45833,27.54083
Q13028169,54.06664,27.69997
Q13030036,55.10619,29.11328
Q13030183,53.52222,26.82639
Q13133032,54.72333,27.19889
Q16693274,54.76556,26.96250
Q16699068,54.09389,28.15889
Q16699970,54.39750,26.60333
Q16720755,54.72083,26.93917
Q17047397,55.01361,30.17889
Q17094585,53.51472,26.78250
Q17494791,53.14306,27.65917
Q20189251,55.35250,26.93333
Q20189964,55.06611,29.11361
Q20461115,53.24286,32.13528
Q20515099,55.06806,26.51944
Q20520671,55.51250,28.85722
Q20609252,53.68972,32.25611
Q21103578,52.95083,27.62778
Q30937551,35.01347,135.57350
Q65658883,58.12681,13.41851
Q33523,53.52694,26.31194
Q36781,53.10889,26.16861
Q1026936,48.96667,23.95000
Q2479051,55.14722,27.97722
Q2656523,53.60000,24.98333
Q3419845,54.01000,31.19250
Q4326608,50.31111,24.49222
Q4332984,52.82000,30.04028
Q4428409,52.84500,30.01639
Q4468893,49.30083,23.90861
Q4499169,52.15083,30.62194
Q6469845,52.47944,24.13556
Q6491618,54.60589,30.79189
Q20506483,54.93778,27.95444
Q21649789,53.63361,28.12028
Q21649897,53.51222,28.40056
Q956,39.90403,116.40753
Q71731,49.96111,31.04361
Q157525,49.28806,23.42667
Q212686,38.25056,22.08111
Q213065,49.48694,29.27333
Q714523,48.58333,23.44722
Q1003105,47.98529,36.23667
Q2067940,50.61972,28.96444
Q2641647,50.46639,28.27778
Q4106770,47.01139,29.67056
Q4372135,46.90472,30.16722
Q4373091,50.75278,24.07944
Q4377953,47.48694,32.29194
Q4388880,48.80889,37.85667
Q4389342,49.58683,33.63374
Q4396405,46.82972,29.97722
Q4128764,46.61611,30.39889
Q15278373,58.32194,6.28444
Q27039,51.32444,28.80806
Q149159,49.43333,25.98333
Q156821,49.41667,24.61667
Q179585,44.94111,26.02250
Q187945,46.92750,26.37083
Q193641,56.28333,28.48333
Q202458,46.93000,26.93000
Q246694,58.94676,17.47284
Q393307,48.19639,29.49639
Q688654,47.26667,29.16667
Q748797,47.71944,18.72917
Q782264,47.17078,37.69536
Q997359,49.38333,24.13333
Q997469,48.45000,27.78333
Q997568,48.67444,28.84972
Q1019899,49.66457,25.77539
Q1973687,48.59814,27.07753
Q2033400,45.86427,30.08937
Q2391355,48.83303,27.26722
Q2478305,52.93667,24.36694
Q3120966,16.30000,80.45000
Q3622870,45.81917,29.26222
Q4145259,49.90972,28.99417
Q4210938,49.12306,37.29500
Q4221558,48.82972,38.05639
Q4229085,49.08528,39.19750
Q4295734,46.46917,30.37250
Q4316947,50.99222,28.72194
Q4420030,50.95889,28.73056
Q4438992,47.61250,29.55278
Q4439161,50.06417,30.90361
Q4440406,46.33781,29.98412
Q4441004,48.72778,39.15139
Q4441932,50.94253,34.64194
Q4456108,50.98699,33.97172
Q4464054,50.11333,28.52306
Q4465762,50.16250,29.59194
Q4514545,50.21778,31.92917
Q12154299,56.27278,54.01778
Q13652791,53.79278,30.52583
Q21854020,54.47994,35.04867
Q24744,52.23972,32.93722
Q104609,55.35000,78.35000
Q156565,50.38333,24.01667
Q367380,47.72333,7.32278
Q766384,43.65667,-0.08722
Q787722,49.94972,28.86861
Q858686,49.21139,-0.51389
Q1003125,48.55500,-0.41111
Q1004312,54.81667,23.86667
Q1020122,49.44722,28.52306
Q1251216,55.36667,23.88333
Q1351046,54.55667,23.35444
Q2047414,55.91667,21.06667
Q2067925,50.97806,28.80667
Q2090035,49.61278,26.51111
Q2472971,49.91083,24.61111
Q2980432,50.08389,29.53750
Q3335224,44.11667,43.38333
Q4060986,44.22778,43.33333
Q4076697,44.51972,43.50333
Q4087831,47.99583,31.14667
Q4141903,50.83972,29.13333
Q4181674,53.24750,30.54361
Q4186273,51.19694,31.98389
Q4225638,49.98472,30.01306
Q4238792,44.17778,43.50000
Q4259827,50.27583,27.81694
Q4270642,48.17556,31.09250
Q4278400,49.92167,29.82083
Q4278649,49.63972,28.41167
Q4288782,49.07667,28.00611
Q4292268,49.06601,36.69303
Q4323987,44.26111,43.63889
Q4326554,44.15556,43.44167
Q4329236,44.24528,43.55111
Q4342081,44.38917,43.28889
Q4422307,51.07101,37.22756
Q4425030,55.43049,65.39780
Q4425839,50.13639,29.41917
Q4427925,50.19806,29.54667
Q4438925,50.40472,29.52278
Q4438928,50.77778,28.48111
Q4439432,50.22028,28.71611
Q4439706,50.10806,28.95917
Q4439821,50.01194,27.69778
Q4440621,51.10222,28.29333
Q4440653,50.40639,28.98861
Q4441146,50.03722,28.68278
Q4441899,50.86694,27.95833
Q4441913,51.12194,28.27083
Q4442249,50.11167,29.11028
Q4443851,50.91056,28.83861
Q4443998,50.30194,28.98583
Q4443999,49.90806,27.74194
Q4444495,50.33861,28.89722
Q4445573,50.40583,27.56861
Q4447161,50.67417,28.29639
Q4447519,50.81278,28.23750
Q4449851,50.80222,27.66111
Q4455727,49.80861,28.57500
Q4456517,50.23806,28.57361
Q4460677,51.19500,28.07806
Q4460831,50.57333,28.63778
Q4461384,50.51056,28.95861
Q4466299,50.17917,28.93528
Q4477898,50.67917,28.20333
Q4481371,50.62028,28.62972
Q4494617,49.83056,28.62417
Q4495930,50.28556,29.01972
Q4497514,50.43444,27.42444
Q4499445,50.85667,28.62639
Q4499646,50.24583,29.59389
Q4500363,50.91389,28.74917
Q4512024,51.13333,28.20694
Q4521170,50.24611,29.10278
Q4523263,50.78861,28.77806
Q4528453,50.22000,29.22778
Q4529155,50.89556,28.59611
Q4535096,49.94167,27.78222
Q4536148,50.71083,28.61250
Q4537510,50.30111,27.79667
Q4538746,50.10083,29.20167
Q4539474,50.28139,29.63750
Q12206516,44.11111,43.48889
Q18777951,54.80387,38.15453
Q19648732,54.81483,38.02925
Q123154842,27.98039,116.35506
Q3791,51.30000,6.85000
Q45779,46.07083,18.23306
Q157725,48.29083,25.93444
Q238217,32.62528,36.10611
Q335454,48.41722,28.16528
Q370152,47.42500,19.03167
Q392772,55.16667,26.00000
Q404392,56.06509,37.87002
Q597182,47.48919,19.07012
Q703607,22.99348,120.16485
Q849109,49.06472,25.38722
Q947465,49.93194,29.19750
Q997412,49.81556,24.12972
Q997434,50.25694,31.78167
Q1027065,56.03917,37.23417
Q1280266,55.12111,37.96000
Q2652151,49.92139,27.75833
Q2980450,50.21083,28.65528
Q2980456,50.20222,28.68500
Q3334757,44.10417,43.27944
Q3423741,50.02194,28.62194
Q3830926,56.08500,37.92083
Q4061011,45.09472,43.24556
Q4077146,49.82120,34.33881
Q4098164,50.67667,28.47361
Q4100763,50.76194,25.04278
Q4109110,49.80444,29.31278
Q4109724,50.49332,36.38060
Q4114176,50.22500,29.44056
Q4128487,49.86361,29.14917
Q4129974,50.63278,29.40111
Q4130289,51.15417,28.87306
Q4268647,50.17694,28.81361
Q4271539,50.02444,29.25639
Q4276804,50.93694,27.61861
Q4276895,50.93750,28.84417
Q4277252,49.86444,28.92472
Q4278443,49.97500,28.42333
Q4278667,49.97750,28.86306
Q4278805,49.86250,27.79389
Q4282108,50.23278,27.63889
Q4282294,49.83694,28.50806
Q4287365,50.88694,27.67972
Q4287717,50.97389,28.96000
Q4288761,51.07444,28.77000
Q4289324,50.82944,28.84500
Q4289347,50.01806,27.90306
Q4291336,50.34000,29.59472
Q4294122,50.41611,29.02417
Q4295354,49.98694,29.10500
Q4295987,50.08111,28.78750
Q4296203,49.94583,28.45083
Q4297544,51.07417,28.65972
Q4300002,50.83278,27.90806
Q4300091,50.43250,27.34167
Q4303064,50.23389,29.53444
Q4304671,49.98444,29.25139
Q4315481,50.63500,28.57667
Q4316044,50.75472,28.05444
Q4318189,49.96333,28.95611
Q4320274,51.02000,27.98278
Q4321142,49.99444,28.78556
Q4321858,50.93389,28.78194
Q4322156,50.09861,28.93111
Q4322387,50.02833,27.70806
Q4322757,50.77667,28.28944
Q4324111,50.15028,29.08056
Q4326430,50.31722,29.42667
Q4329265,51.01750,28.98083
Q4331916,49.89361,28.39222
Q4332173,50.08750,28.59917
Q4333802,50.33778,28.68806
Q4338288,50.97944,27.96722
Q4338310,50.33444,29.47333
Q4338555,50.98667,28.24861
Q4339220,49.97000,28.60889
Q4359652,51.25389,42.45806
Q4360058,49.74063,34.15282
Q12146652,50.40528,27.46500
Q13653257,58.80472,46.88944
Q15640123,49.25560,43.67580
Q12813,16.88688,120.53101
Q12895,16.93611,120.44639
Q19429,45.25000,19.86667
Q60038,47.79917,18.71806
Q214948,47.17164,19.79775
Q390798,47.67333,19.07250
Q391068,48.02667,17.31167
Q391764,55.05000,24.95000
Q394756,56.16389,22.09444
Q547479,47.62972,19.13806
Q853247,49.06556,20.31694
Q949809,55.71670,21.47500
Q1021692,37.85811,21.80725
Q1024676,55.60000,23.20000
Q2000579,55.98333,24.75000
Q2356396,55.76667,23.75000
Q2635993,45.41889,15.17194
Q3284743,55.40750,22.58250
Q4156692,53.97412,37.92974
Q4310201,48.54417,29.67667
Q4321016,48.91806,37.45889
Q4415941,56.65194,47.97556
Q4461018,55.05083,45.80056
Q12212276,37.46231,23.17332
Q12874064,37.05130,22.00870
Q13643781,58.46306,35.12194
Q16479177,56.18700,24.25900
Q18779189,57.14711,49.12335
Q18795491,57.03333,48.38611
Q19690758,54.43047,39.75057
Q4341283,49.94889,29.08333
Q4343859,49.90278,27.87611
Q4359634,50.18528,28.77167
Q4366506,51.14944,28.55417
Q4367845,50.92250,27.73444
Q4369470,50.24222,29.41139
Q4369787,50.90389,28.53972
Q4370415,49.95861,28.66889
Q4373092,50.58000,28.51083
Q4377828,50.04389,27.79083
Q4378008,50.30194,29.35917
Q4384325,51.08472,28.21861
Q4387710,50.68194,28.49944
Q4388076,49.89028,28.50667
Q4388925,49.82694,28.37806
Q4388941,49.96611,28.51750
Q4395415,50.41111,27.71806
Q4397266,50.24750,29.37056
Q4399589,50.09500,28.46806
Q4399596,50.98361,27.69889
Q4401749,50.65194,28.50194
Q4402115,50.70944,27.82000
Q4402772,50.77806,28.11306
Q4404561,49.85139,28.75083
Q4404569,50.31694,28.48444
Q4404720,50.43750,29.03194
Q4408721,51.08194,28.92444
Q4415054,50.84889,28.05694
Q4416707,50.75111,27.81083
Q4416720,50.77861,27.70694
Q4416892,50.88889,27.56306
Q4417547,50.83694,27.76472
Q4419808,50.70917,27.93361
Q4420062,50.16972,28.65778
Q4421447,49.95278,28.72278
Q4422087,50.51139,28.35611
Q4422475,50.10833,29.33611
Q4422482,49.94250,28.54278
Q4423596,50.01389,28.47861
Q4423643,50.45194,28.88944
Q4424917,50.42167,27.60194
Q4439653,50.26361,27.63806
Q4439656,50.68861,27.82389
Q7220142,50.15528,29.32500
Q15875,46.00250,14.02750
Q193532,44.52389,3.26528
Q217155,46.01361,0.67222
Q379153,49.43528,3.96583
Q902615,47.36694,28.43944
Q930502,44.26889,1.35306
Q997462,49.67000,24.55944
Q1019949,9.78972,125.49583
Q2603008,51.20232,29.08139
Q2927227,45.67750,-76.62361
Q2993492,49.93556,28.60167
Q4066766,50.61111,28.04472
Q4099657,49.87889,28.04444
Q4106245,50.93889,27.55389
Q4106321,49.86750,28.47917
Q4106396,49.96778,27.60500
Q4106429,49.88917,28.68917
Q4106430,50.02611,28.83694
Q4106508,51.08000,28.10611
Q4106575,50.79972,28.00500
Q4107713,50.33694,28.76139
Q4108165,50.11944,28.70306
Q4109348,49.95361,27.91944
Q4109375,50.85583,28.56111
Q4111143,50.22833,29.27861
Q4112053,50.34111,27.70083
Q4123183,50.08556,29.09000
Q4123928,50.11722,28.91611
Q4124698,50.26944,29.28139
Q4124702,50.28417,29.25417
Q4128750,50.93083,28.47111
Q4129275,50.19278,28.26528
Q4132431,49.92139,28.18250
Q4132917,49.99389,29.00528
Q4132922,49.99222,28.65000
Q4133678,49.90694,28.43194
Q4138236,49.91861,27.60722
Q4139678,49.97528,27.70750
Q4139837,50.04611,28.80417
Q4140185,50.09806,28.33139
Q4141784,50.15361,28.54389
Q4145468,50.37750,29.16889
Q4145756,50.01389,27.83389
Q4146070,50.89778,28.30389
Q4150140,49.94639,27.76222
Q4152062,50.39694,28.92667
Q4153710,50.94889,28.43861
Q4155490,50.64944,28.39500
Q4156008,50.56194,28.39778
Q4156713,51.09972,28.83194
Q4158075,50.21528,28.40778
Q4161255,50.20194,29.61306
Q4163883,50.70028,28.79167
Q4168970,50.11194,28.18111
Q4169231,50.07361,28.14556
Q4169725,50.34639,27.41444
Q4189972,50.24111,29.33167
Q4243285,50.43472,28.50806
Q4246089,50.79639,27.83472
Q4247483,50.97556,28.49528
Q4252858,50.31250,29.58583
Q4255962,49.92750,29.12556
Q4260067,51.04972,28.42611
Q4260583,50.15417,28.84444
Q4262636,51.17667,28.45611
Q4276784,49.89833,28.19806
Q4300050,50.49056,28.59583
Q4301032,49.85361,27.97917
Q4325034,50.44111,28.46167
Q4327619,49.79917,27.95861
Q4340705,50.53667,28.70806
Q4348092,50.51639,28.58833
Q4413622,50.60444,28.76528
Q4415030,50.51056,28.55250
Q4423374,50.47667,28.87694
Q4483980,49.93083,27.90639
Q7239402,49.97861,27.84556
Q7271350,49.86806,28.80111
Q7290782,49.84389,27.66222
Q11516492,31.55456,130.66461
Q11527403,31.55486,130.63444
Q19614272,51.08239,128.92525
Q49583,60.98333,32.96667
Q107538,13.35839,121.09766
Q107624,13.41400,121.18000
Q160199,49.63889,-1.62500
Q213874,39.50028,20.26361
Q214580,47.82861,-0.70278
Q325187,48.64778,-0.94083
Q342428,36.72819,-76.58319
Q501906,48.90444,4.00333
Q1003409,49.05222,-1.03722
Q1019884,49.91917,23.72333
Q1020441,49.65111,23.85583
Q1062600,48.96972,-1.46806
Q1063045,49.16694,-1.13333
Q1066404,47.82139,-0.68500
Q1331384,47.73611,5.32000
Q1906346,49.43040,22.59381
Q2031451,48.60000,29.50000
Q2067931,50.34056,27.47611
Q2641606,49.72333,29.22139
Q2980446,50.83333,28.95250
Q3018881,44.07278,131.78861
Q3919263,55.01806,29.15417
Q4056049,49.87611,27.82639
Q4077969,50.71556,28.03083
Q4084783,51.02000,28.87028
Q4085433,50.31222,28.43139
Q4086027,51.01972,28.69333
Q4087601,49.75056,27.77778
Q4098569,50.19639,28.32500
Q4101119,49.85639,28.56639
Q4104230,50.30917,28.36556
Q4105133,51.09000,28.70444
Q4106243,49.79111,27.81611
Q4106476,49.99194,27.94889
Q4107549,50.65222,27.95556
Q4143164,48.54000,28.01583
Q4311914,48.01018,33.57352
Q4327614,52.28028,31.26750
Q4362602,49.56861,28.30406
Q4367227,48.58278,30.68694
Q4372880,49.67611,30.26306
Q4374852,49.76222,31.05417
Q4385118,50.09278,30.20472
Q4387795,50.95583,28.32139
Q4396477,50.92722,29.65222
Q4397298,49.98667,29.63778
Q4402786,47.07278,31.18556
Q4423656,50.79528,29.17639
Q4464626,49.75444,29.94278
Q4497503,49.10583,30.26944
Q4498775,50.09722,29.30806
Q4506312,45.78917,80.86778
Q4520043,49.10078,37.72214
Q4913981,64.09028,11.71083
Q6474853,55.16194,27.49944
Q7320272,44.16667,133.85833
Q12105157,54.47722,27.66389
Q13029601,53.05222,26.74944
Q13651295,60.46333,46.49361
Q13652486,55.11167,39.96167
Q18799082,57.28054,49.98114
Q20461161,55.78667,27.98833
Q20468892,55.76417,28.02889
Q20470830,55.44694,28.12611
Q21643708,37.49944,23.45361
Q23847217,54.54117,40.00094
Q187807,-34.58390,-70.98910
Q752907,47.49972,1.17417
Q1384816,47.35528,-0.86028
Q730022,48.48333,22.51472
Q752503,47.12389,-0.99167
Q909992,46.39944,5.79194
Q981755,54.32139,30.28694
Q1170125,47.91111,1.52750
Q4442980,50.08472,28.02306
Q4444766,50.49722,28.74611
Q4463690,50.38111,28.71528
Q4466518,50.03472,28.27500
Q4467772,50.02806,28.23222
Q749,53.21889,6.56750
Q155732,48.70000,44.56667
Q200878,23.16667,79.93333
Q304803,47.82333,20.90278
Q305749,48.27833,21.18750
Q375862,47.68333,21.91667
Q376157,48.53685,20.73006
Q376233,47.35250,22.09140
Q377879,47.60000,21.98333
Q519596,46.72046,17.01104
Q615233,48.01972,21.37778
Q657642,45.86944,18.45556
Q791458,46.28333,21.01667
Q794837,47.21667,21.23333
Q815477,49.66333,-1.69528
Q855086,48.21694,20.71833
Q911674,46.75408,18.54754
Q966970,47.82537,20.68808
Q1011718,46.55562,18.47774
Q1072337,46.68446,16.67788
Q1075540,48.32250,22.19111
Q1096076,46.53455,17.93867
Q2006121,45.90000,28.66889
Q2670240,49.94167,28.30306
Q2670469,49.97139,28.29472
Q2670476,50.80944,27.31833
Q2670503,50.47250,28.82806
Q2670513,51.07000,28.04250
Q2902643,50.63639,29.46361
Q2980455,50.74278,29.35222
Q4066114,49.87306,29.34333
Q4104255,49.92556,29.26306
Q4106323,50.55972,29.33556
Q4106417,49.98278,29.37222
Q4106540,50.43167,28.03417
Q4112859,49.76000,28.99361
Q4129318,54.91304,36.91893
Q4132651,55.59556,62.93250
Q4139309,51.33833,28.89750
Q4143849,50.05444,27.87500
Q4145204,50.34222,28.81889
Q4145357,49.60028,29.19500
Q4162702,49.42139,30.86417
Q4182832,49.50500,29.86056
Q4194173,49.46528,29.82750
Q4208736,49.74056,46.84750
Q4213323,49.52500,29.59694
Q4213427,44.51972,44.67389
Q4235114,49.47111,29.75306
Q4243286,50.04667,30.20917
Q4265044,49.55194,29.93528
Q4267340,49.91083,30.25528
Q4282340,49.49944,29.61083
Q4287598,49.39028,30.78472
Q4334190,50.20056,27.68833
Q4334417,50.01889,28.14139
Q4334437,49.98111,30.32222
Q4366252,49.38917,30.66333
Q4391291,49.49833,29.90111
Q4483286,49.66111,29.96444
Q4501250,49.86972,30.23222
Q7226736,49.47750,29.98944
Q7238008,49.43389,29.88944
Q7848995,50.20000,22.15000
Q12097108,50.59250,29.45333
Q14621352,55.36183,39.61774
Q16014588,57.38972,57.54667
Q16022327,56.11280,35.56970
Q19614078,46.58333,79.05000
Q23836981,55.62489,75.29342
Q23958828,53.87709,41.58810
Q27231018,53.16028,79.47788
Q27462386,53.23861,92.59694
Q48863900,48.12532,21.56062
Q54808404,47.38100,21.88900
Q102183980,50.50742,28.67141
Q500456,50.64500,29.28417
Q4103630,51.20833,27.60278
Q4106251,50.42167,28.70556
